validfrom_utc,co2_factor_kg_per_kwh
2024-12-31 23:00:00+00:00,0.0756909
2025-01-01 00:00:00+00:00,0.066546625
2025-01-01 01:00:00+00:00,0.0709573
2025-01-01 02:00:00+00:00,0.069046075
2025-01-01 03:00:00+00:00,0.0720823
2025-01-01 04:00:00+00:00,0.07609782500000001
2025-01-01 05:00:00+00:00,0.07854895
2025-01-01 06:00:00+00:00,0.076603275
2025-01-01 07:00:00+00:00,0.08224812499999999
2025-01-01 08:00:00+00:00,0.08838237499999999
2025-01-01 09:00:00+00:00,0.09018572500000001
2025-01-01 10:00:00+00:00,0.09277785
2025-01-01 11:00:00+00:00,0.0969912
2025-01-01 12:00:00+00:00,0.0963779
2025-01-01 13:00:00+00:00,0.091634425
2025-01-01 14:00:00+00:00,0.086791475
2025-01-01 15:00:00+00:00,0.0754413
2025-01-01 16:00:00+00:00,0.081309175
2025-01-01 17:00:00+00:00,0.09555119999999999
2025-01-01 18:00:00+00:00,0.098902425
2025-01-01 19:00:00+00:00,0.0866862
2025-01-01 20:00:00+00:00,0.07933897499999999
2025-01-01 21:00:00+00:00,0.077687275
2025-01-01 22:00:00+00:00,0.076014275
2025-01-01 23:00:00+00:00,0.094275825
2025-01-02 00:00:00+00:00,0.134461
2025-01-02 01:00:00+00:00,0.18945925
2025-01-02 02:00:00+00:00,0.21331825
2025-01-02 03:00:00+00:00,0.23137075
2025-01-02 04:00:00+00:00,0.24612724999999996
2025-01-02 05:00:00+00:00,0.272336
2025-01-02 06:00:00+00:00,0.295936
2025-01-02 07:00:00+00:00,0.30590799999999996
2025-01-02 08:00:00+00:00,0.314256
2025-01-02 09:00:00+00:00,0.269322
2025-01-02 10:00:00+00:00,0.22052325
2025-01-02 11:00:00+00:00,0.1892545
2025-01-02 12:00:00+00:00,0.1912965
2025-01-02 13:00:00+00:00,0.21316625
2025-01-02 14:00:00+00:00,0.24024425
2025-01-02 15:00:00+00:00,0.266029
2025-01-02 16:00:00+00:00,0.26960275
2025-01-02 17:00:00+00:00,0.2623995
2025-01-02 18:00:00+00:00,0.25643099999999996
2025-01-02 19:00:00+00:00,0.24966800000000003
2025-01-02 20:00:00+00:00,0.23704699999999998
2025-01-02 21:00:00+00:00,0.23715874999999997
2025-01-02 22:00:00+00:00,0.244765
2025-01-02 23:00:00+00:00,0.22097024999999998
2025-01-03 00:00:00+00:00,0.21072549999999998
2025-01-03 01:00:00+00:00,0.19399275
2025-01-03 02:00:00+00:00,0.16805725
2025-01-03 03:00:00+00:00,0.1497115
2025-01-03 04:00:00+00:00,0.15189175
2025-01-03 05:00:00+00:00,0.159563
2025-01-03 06:00:00+00:00,0.16291150000000001
2025-01-03 07:00:00+00:00,0.17530825
2025-01-03 08:00:00+00:00,0.17205600000000004
2025-01-03 09:00:00+00:00,0.137338
2025-01-03 10:00:00+00:00,0.11449275
2025-01-03 11:00:00+00:00,0.12106800000000001
2025-01-03 12:00:00+00:00,0.14922924999999998
2025-01-03 13:00:00+00:00,0.1710465
2025-01-03 14:00:00+00:00,0.19805774999999998
2025-01-03 15:00:00+00:00,0.23247400000000001
2025-01-03 16:00:00+00:00,0.25917475
2025-01-03 17:00:00+00:00,0.26687325
2025-01-03 18:00:00+00:00,0.278135
2025-01-03 19:00:00+00:00,0.2862275
2025-01-03 20:00:00+00:00,0.30041825
2025-01-03 21:00:00+00:00,0.30808175000000004
2025-01-03 22:00:00+00:00,0.31320974999999995
2025-01-03 23:00:00+00:00,0.31479075
2025-01-04 00:00:00+00:00,0.31733975
2025-01-04 01:00:00+00:00,0.32725825
2025-01-04 02:00:00+00:00,0.33681174999999997
2025-01-04 03:00:00+00:00,0.3421155
2025-01-04 04:00:00+00:00,0.34382874999999996
2025-01-04 05:00:00+00:00,0.34477625
2025-01-04 06:00:00+00:00,0.3395935
2025-01-04 07:00:00+00:00,0.330446
2025-01-04 08:00:00+00:00,0.320553
2025-01-04 09:00:00+00:00,0.298611
2025-01-04 10:00:00+00:00,0.280675
2025-01-04 11:00:00+00:00,0.265242
2025-01-04 12:00:00+00:00,0.2599545
2025-01-04 13:00:00+00:00,0.27686925
2025-01-04 14:00:00+00:00,0.29372025
2025-01-04 15:00:00+00:00,0.32647925
2025-01-04 16:00:00+00:00,0.3418985
2025-01-04 17:00:00+00:00,0.341597
2025-01-04 18:00:00+00:00,0.3460265
2025-01-04 19:00:00+00:00,0.344858
2025-01-04 20:00:00+00:00,0.3462745
2025-01-04 21:00:00+00:00,0.331539
2025-01-04 22:00:00+00:00,0.320308
2025-01-04 23:00:00+00:00,0.29537925000000004
2025-01-05 00:00:00+00:00,0.25523450000000003
2025-01-05 01:00:00+00:00,0.21954175
2025-01-05 02:00:00+00:00,0.195648
2025-01-05 03:00:00+00:00,0.15906199999999998
2025-01-05 04:00:00+00:00,0.16308175
2025-01-05 05:00:00+00:00,0.14248525
2025-01-05 06:00:00+00:00,0.13040125
2025-01-05 07:00:00+00:00,0.13134325
2025-01-05 08:00:00+00:00,0.12983175
2025-01-05 09:00:00+00:00,0.130741
2025-01-05 10:00:00+00:00,0.126465
2025-01-05 11:00:00+00:00,0.130106
2025-01-05 12:00:00+00:00,0.117496
2025-01-05 13:00:00+00:00,0.1111345
2025-01-05 14:00:00+00:00,0.11292724999999999
2025-01-05 15:00:00+00:00,0.11673125000000001
2025-01-05 16:00:00+00:00,0.10541924999999999
2025-01-05 17:00:00+00:00,0.09825692500000001
2025-01-05 18:00:00+00:00,0.093896675
2025-01-05 19:00:00+00:00,0.0874019
2025-01-05 20:00:00+00:00,0.076506075
2025-01-05 21:00:00+00:00,0.072080825
2025-01-05 22:00:00+00:00,0.0703399
2025-01-05 23:00:00+00:00,0.0662294
2025-01-06 00:00:00+00:00,0.0660965
2025-01-06 01:00:00+00:00,0.06667272499999999
2025-01-06 02:00:00+00:00,0.06714012500000001
2025-01-06 03:00:00+00:00,0.068119925
2025-01-06 04:00:00+00:00,0.06982292500000001
2025-01-06 05:00:00+00:00,0.07123489999999999
2025-01-06 06:00:00+00:00,0.07753107499999999
2025-01-06 07:00:00+00:00,0.08550412499999999
2025-01-06 08:00:00+00:00,0.08624235000000001
2025-01-06 09:00:00+00:00,0.08149932500000001
2025-01-06 10:00:00+00:00,0.07738262500000001
2025-01-06 11:00:00+00:00,0.07509199999999999
2025-01-06 12:00:00+00:00,0.08394215
2025-01-06 13:00:00+00:00,0.09904337499999999
2025-01-06 14:00:00+00:00,0.11814875000000001
2025-01-06 15:00:00+00:00,0.12086374999999999
2025-01-06 16:00:00+00:00,0.12824824999999998
2025-01-06 17:00:00+00:00,0.12517075
2025-01-06 18:00:00+00:00,0.12339950000000001
2025-01-06 19:00:00+00:00,0.11053475
2025-01-06 20:00:00+00:00,0.09879252499999999
2025-01-06 21:00:00+00:00,0.08783095
2025-01-06 22:00:00+00:00,0.08308325
2025-01-06 23:00:00+00:00,0.07752762499999999
2025-01-07 00:00:00+00:00,0.0777009
2025-01-07 01:00:00+00:00,0.082055325
2025-01-07 02:00:00+00:00,0.084948975
2025-01-07 03:00:00+00:00,0.086582225
2025-01-07 04:00:00+00:00,0.093111825
2025-01-07 05:00:00+00:00,0.112925
2025-01-07 06:00:00+00:00,0.13723950000000001
2025-01-07 07:00:00+00:00,0.16544275
2025-01-07 08:00:00+00:00,0.17899774999999998
2025-01-07 09:00:00+00:00,0.17105475
2025-01-07 10:00:00+00:00,0.13902725
2025-01-07 11:00:00+00:00,0.1102315
2025-01-07 12:00:00+00:00,0.101106375
2025-01-07 13:00:00+00:00,0.12029475
2025-01-07 14:00:00+00:00,0.155294
2025-01-07 15:00:00+00:00,0.1907915
2025-01-07 16:00:00+00:00,0.197303
2025-01-07 17:00:00+00:00,0.20053775000000001
2025-01-07 18:00:00+00:00,0.1918825
2025-01-07 19:00:00+00:00,0.18805750000000002
2025-01-07 20:00:00+00:00,0.17170075
2025-01-07 21:00:00+00:00,0.15165225
2025-01-07 22:00:00+00:00,0.13680150000000002
2025-01-07 23:00:00+00:00,0.12372799999999999
2025-01-08 00:00:00+00:00,0.12003775
2025-01-08 01:00:00+00:00,0.121682
2025-01-08 02:00:00+00:00,0.12273225000000001
2025-01-08 03:00:00+00:00,0.13582925
2025-01-08 04:00:00+00:00,0.16054875000000002
2025-01-08 05:00:00+00:00,0.19815799999999997
2025-01-08 06:00:00+00:00,0.23285725
2025-01-08 07:00:00+00:00,0.25614424999999996
2025-01-08 08:00:00+00:00,0.2629895
2025-01-08 09:00:00+00:00,0.21673275
2025-01-08 10:00:00+00:00,0.19384125000000002
2025-01-08 11:00:00+00:00,0.19908075
2025-01-08 12:00:00+00:00,0.22235025
2025-01-08 13:00:00+00:00,0.27784225
2025-01-08 14:00:00+00:00,0.33284925
2025-01-08 15:00:00+00:00,0.36956174999999997
2025-01-08 16:00:00+00:00,0.383154
2025-01-08 17:00:00+00:00,0.38230699999999995
2025-01-08 18:00:00+00:00,0.37690325
2025-01-08 19:00:00+00:00,0.37393824999999997
2025-01-08 20:00:00+00:00,0.37601724999999997
2025-01-08 21:00:00+00:00,0.374018
2025-01-08 22:00:00+00:00,0.3798635
2025-01-08 23:00:00+00:00,0.3933325
2025-01-09 00:00:00+00:00,0.40406175
2025-01-09 01:00:00+00:00,0.40930774999999997
2025-01-09 02:00:00+00:00,0.407566
2025-01-09 03:00:00+00:00,0.4075565
2025-01-09 04:00:00+00:00,0.40945575
2025-01-09 05:00:00+00:00,0.390878
2025-01-09 06:00:00+00:00,0.37334825000000005
2025-01-09 07:00:00+00:00,0.37864975
2025-01-09 08:00:00+00:00,0.381185
2025-01-09 09:00:00+00:00,0.36493625
2025-01-09 10:00:00+00:00,0.321357
2025-01-09 11:00:00+00:00,0.27828775
2025-01-09 12:00:00+00:00,0.24369025
2025-01-09 13:00:00+00:00,0.24022675
2025-01-09 14:00:00+00:00,0.25405475
2025-01-09 15:00:00+00:00,0.27615049999999997
2025-01-09 16:00:00+00:00,0.280208
2025-01-09 17:00:00+00:00,0.281367
2025-01-09 18:00:00+00:00,0.27733050000000004
2025-01-09 19:00:00+00:00,0.264177
2025-01-09 20:00:00+00:00,0.25280075
2025-01-09 21:00:00+00:00,0.23738525
2025-01-09 22:00:00+00:00,0.21364325
2025-01-09 23:00:00+00:00,0.19041024999999998
2025-01-10 00:00:00+00:00,0.18061175000000002
2025-01-10 01:00:00+00:00,0.18805125
2025-01-10 02:00:00+00:00,0.19596325
2025-01-10 03:00:00+00:00,0.20712375
2025-01-10 04:00:00+00:00,0.22987275000000001
2025-01-10 05:00:00+00:00,0.2645495
2025-01-10 06:00:00+00:00,0.294801
2025-01-10 07:00:00+00:00,0.306983
2025-01-10 08:00:00+00:00,0.30393625
2025-01-10 09:00:00+00:00,0.25661725
2025-01-10 10:00:00+00:00,0.233555
2025-01-10 11:00:00+00:00,0.23014975
2025-01-10 12:00:00+00:00,0.22136925000000002
2025-01-10 13:00:00+00:00,0.24900299999999997
2025-01-10 14:00:00+00:00,0.2873015
2025-01-10 15:00:00+00:00,0.34551325
2025-01-10 16:00:00+00:00,0.36448850000000005
2025-01-10 17:00:00+00:00,0.36984625000000004
2025-01-10 18:00:00+00:00,0.37968
2025-01-10 19:00:00+00:00,0.38563250000000004
2025-01-10 20:00:00+00:00,0.39312874999999997
2025-01-10 21:00:00+00:00,0.39692025
2025-01-10 22:00:00+00:00,0.40483625
2025-01-10 23:00:00+00:00,0.408051
2025-01-11 00:00:00+00:00,0.408856
2025-01-11 01:00:00+00:00,0.41009025
2025-01-11 02:00:00+00:00,0.40654250000000003
2025-01-11 03:00:00+00:00,0.4024075
2025-01-11 04:00:00+00:00,0.40591975
2025-01-11 05:00:00+00:00,0.39689975
2025-01-11 06:00:00+00:00,0.38743874999999994
2025-01-11 07:00:00+00:00,0.39174275
2025-01-11 08:00:00+00:00,0.35850675
2025-01-11 09:00:00+00:00,0.2782625
2025-01-11 10:00:00+00:00,0.25237
2025-01-11 11:00:00+00:00,0.254448
2025-01-11 12:00:00+00:00,0.24687975
2025-01-11 13:00:00+00:00,0.26376625
2025-01-11 14:00:00+00:00,0.28307125
2025-01-11 15:00:00+00:00,0.3230645
2025-01-11 16:00:00+00:00,0.34196574999999996
2025-01-11 17:00:00+00:00,0.3376295
2025-01-11 18:00:00+00:00,0.340406
2025-01-11 19:00:00+00:00,0.35022125
2025-01-11 20:00:00+00:00,0.35736525
2025-01-11 21:00:00+00:00,0.37113999999999997
2025-01-11 22:00:00+00:00,0.38175575
2025-01-11 23:00:00+00:00,0.39568074999999997
2025-01-12 00:00:00+00:00,0.40543474999999995
2025-01-12 01:00:00+00:00,0.39756175000000005
2025-01-12 02:00:00+00:00,0.39133375000000004
2025-01-12 03:00:00+00:00,0.3749455
2025-01-12 04:00:00+00:00,0.36980175000000004
2025-01-12 05:00:00+00:00,0.38528224999999994
2025-01-12 06:00:00+00:00,0.39713124999999994
2025-01-12 07:00:00+00:00,0.39416700000000005
2025-01-12 08:00:00+00:00,0.3860865
2025-01-12 09:00:00+00:00,0.35378325
2025-01-12 10:00:00+00:00,0.319029
2025-01-12 11:00:00+00:00,0.29429425
2025-01-12 12:00:00+00:00,0.28377575
2025-01-12 13:00:00+00:00,0.28462624999999997
2025-01-12 14:00:00+00:00,0.32691875
2025-01-12 15:00:00+00:00,0.384446
2025-01-12 16:00:00+00:00,0.40202275
2025-01-12 17:00:00+00:00,0.40253399999999995
2025-01-12 18:00:00+00:00,0.40572575
2025-01-12 19:00:00+00:00,0.407055
2025-01-12 20:00:00+00:00,0.40694575
2025-01-12 21:00:00+00:00,0.40899975
2025-01-12 22:00:00+00:00,0.41061925
2025-01-12 23:00:00+00:00,0.40873875000000004
2025-01-13 00:00:00+00:00,0.40725274999999994
2025-01-13 01:00:00+00:00,0.4025295
2025-01-13 02:00:00+00:00,0.39570625000000004
2025-01-13 03:00:00+00:00,0.39200775
2025-01-13 04:00:00+00:00,0.38811475
2025-01-13 05:00:00+00:00,0.38023075
2025-01-13 06:00:00+00:00,0.37133825
2025-01-13 07:00:00+00:00,0.36376775
2025-01-13 08:00:00+00:00,0.337109
2025-01-13 09:00:00+00:00,0.2572385
2025-01-13 10:00:00+00:00,0.22173274999999998
2025-01-13 11:00:00+00:00,0.20721525
2025-01-13 12:00:00+00:00,0.19845500000000002
2025-01-13 13:00:00+00:00,0.2137455
2025-01-13 14:00:00+00:00,0.247835
2025-01-13 15:00:00+00:00,0.313364
2025-01-13 16:00:00+00:00,0.34118925
2025-01-13 17:00:00+00:00,0.3365685
2025-01-13 18:00:00+00:00,0.331572
2025-01-13 19:00:00+00:00,0.32451725000000003
2025-01-13 20:00:00+00:00,0.3191275
2025-01-13 21:00:00+00:00,0.31073874999999995
2025-01-13 22:00:00+00:00,0.29465175
2025-01-13 23:00:00+00:00,0.28067549999999997
2025-01-14 00:00:00+00:00,0.27445800000000004
2025-01-14 01:00:00+00:00,0.26948225000000003
2025-01-14 02:00:00+00:00,0.25524274999999996
2025-01-14 03:00:00+00:00,0.2578395
2025-01-14 04:00:00+00:00,0.2640325
2025-01-14 05:00:00+00:00,0.26907075
2025-01-14 06:00:00+00:00,0.2783195
2025-01-14 07:00:00+00:00,0.2766545
2025-01-14 08:00:00+00:00,0.27834549999999997
2025-01-14 09:00:00+00:00,0.25401874999999996
2025-01-14 10:00:00+00:00,0.23602625
2025-01-14 11:00:00+00:00,0.20697075
2025-01-14 12:00:00+00:00,0.20312725
2025-01-14 13:00:00+00:00,0.2160005
2025-01-14 14:00:00+00:00,0.26487125
2025-01-14 15:00:00+00:00,0.31334925
2025-01-14 16:00:00+00:00,0.33674275
2025-01-14 17:00:00+00:00,0.34697350000000005
2025-01-14 18:00:00+00:00,0.34917975
2025-01-14 19:00:00+00:00,0.35542874999999996
2025-01-14 20:00:00+00:00,0.356763
2025-01-14 21:00:00+00:00,0.36268924999999996
2025-01-14 22:00:00+00:00,0.37693325
2025-01-14 23:00:00+00:00,0.3931965
2025-01-15 00:00:00+00:00,0.40267175
2025-01-15 01:00:00+00:00,0.39894725000000003
2025-01-15 02:00:00+00:00,0.40200800000000003
2025-01-15 03:00:00+00:00,0.40011025
2025-01-15 04:00:00+00:00,0.39829525
2025-01-15 05:00:00+00:00,0.391317
2025-01-15 06:00:00+00:00,0.390149
2025-01-15 07:00:00+00:00,0.3934775
2025-01-15 08:00:00+00:00,0.38921449999999996
2025-01-15 09:00:00+00:00,0.372564
2025-01-15 10:00:00+00:00,0.36128125
2025-01-15 11:00:00+00:00,0.35546375
2025-01-15 12:00:00+00:00,0.35755000000000003
2025-01-15 13:00:00+00:00,0.36472025
2025-01-15 14:00:00+00:00,0.37868825
2025-01-15 15:00:00+00:00,0.38519349999999997
2025-01-15 16:00:00+00:00,0.38748249999999995
2025-01-15 17:00:00+00:00,0.38809225
2025-01-15 18:00:00+00:00,0.38830224999999996
2025-01-15 19:00:00+00:00,0.39124099999999995
2025-01-15 20:00:00+00:00,0.394235
2025-01-15 21:00:00+00:00,0.39768074999999997
2025-01-15 22:00:00+00:00,0.39959700000000004
2025-01-15 23:00:00+00:00,0.40072525
2025-01-16 00:00:00+00:00,0.4022812499999999
2025-01-16 01:00:00+00:00,0.40250275
2025-01-16 02:00:00+00:00,0.40181775
2025-01-16 03:00:00+00:00,0.400687
2025-01-16 04:00:00+00:00,0.3982385
2025-01-16 05:00:00+00:00,0.39462300000000006
2025-01-16 06:00:00+00:00,0.390526
2025-01-16 07:00:00+00:00,0.38559049999999995
2025-01-16 08:00:00+00:00,0.378775
2025-01-16 09:00:00+00:00,0.3589265
2025-01-16 10:00:00+00:00,0.3488945
2025-01-16 11:00:00+00:00,0.33989125000000003
2025-01-16 12:00:00+00:00,0.33733199999999997
2025-01-16 13:00:00+00:00,0.34665575
2025-01-16 14:00:00+00:00,0.35963100000000003
2025-01-16 15:00:00+00:00,0.36886575
2025-01-16 16:00:00+00:00,0.3742345
2025-01-16 17:00:00+00:00,0.3753805
2025-01-16 18:00:00+00:00,0.3748185
2025-01-16 19:00:00+00:00,0.3740205
2025-01-16 20:00:00+00:00,0.373552
2025-01-16 21:00:00+00:00,0.369093
2025-01-16 22:00:00+00:00,0.3664925
2025-01-16 23:00:00+00:00,0.36251924999999996
2025-01-17 00:00:00+00:00,0.35770825000000006
2025-01-17 01:00:00+00:00,0.35838024999999996
2025-01-17 02:00:00+00:00,0.36562525
2025-01-17 03:00:00+00:00,0.369023
2025-01-17 04:00:00+00:00,0.3728425
2025-01-17 05:00:00+00:00,0.37588925000000006
2025-01-17 06:00:00+00:00,0.37261875
2025-01-17 07:00:00+00:00,0.37361325
2025-01-17 08:00:00+00:00,0.37546775
2025-01-17 09:00:00+00:00,0.36391375000000004
2025-01-17 10:00:00+00:00,0.35074125
2025-01-17 11:00:00+00:00,0.34220875
2025-01-17 12:00:00+00:00,0.3437825
2025-01-17 13:00:00+00:00,0.35026075
2025-01-17 14:00:00+00:00,0.36303525
2025-01-17 15:00:00+00:00,0.37816625
2025-01-17 16:00:00+00:00,0.38405175
2025-01-17 17:00:00+00:00,0.3872235
2025-01-17 18:00:00+00:00,0.39101449999999993
2025-01-17 19:00:00+00:00,0.39302075000000003
2025-01-17 20:00:00+00:00,0.39459675
2025-01-17 21:00:00+00:00,0.39548925
2025-01-17 22:00:00+00:00,0.3961645
2025-01-17 23:00:00+00:00,0.39640850000000005
2025-01-18 00:00:00+00:00,0.3954015
2025-01-18 01:00:00+00:00,0.3938325
2025-01-18 02:00:00+00:00,0.39307625
2025-01-18 03:00:00+00:00,0.396934
2025-01-18 04:00:00+00:00,0.40157600000000004
2025-01-18 05:00:00+00:00,0.40030325
2025-01-18 06:00:00+00:00,0.39445025
2025-01-18 07:00:00+00:00,0.3895045
2025-01-18 08:00:00+00:00,0.38223825
2025-01-18 09:00:00+00:00,0.36578125
2025-01-18 10:00:00+00:00,0.35270075
2025-01-18 11:00:00+00:00,0.3466935
2025-01-18 12:00:00+00:00,0.34677
2025-01-18 13:00:00+00:00,0.35465800000000003
2025-01-18 14:00:00+00:00,0.368313
2025-01-18 15:00:00+00:00,0.38237175
2025-01-18 16:00:00+00:00,0.38487425000000003
2025-01-18 17:00:00+00:00,0.38101075
2025-01-18 18:00:00+00:00,0.37620825
2025-01-18 19:00:00+00:00,0.37516774999999997
2025-01-18 20:00:00+00:00,0.37835425
2025-01-18 21:00:00+00:00,0.38133125
2025-01-18 22:00:00+00:00,0.38389675
2025-01-18 23:00:00+00:00,0.38685825
2025-01-19 00:00:00+00:00,0.39357775
2025-01-19 01:00:00+00:00,0.398359
2025-01-19 02:00:00+00:00,0.40112299999999995
2025-01-19 03:00:00+00:00,0.39993025
2025-01-19 04:00:00+00:00,0.4004575
2025-01-19 05:00:00+00:00,0.398231
2025-01-19 06:00:00+00:00,0.396412
2025-01-19 07:00:00+00:00,0.3970455
2025-01-19 08:00:00+00:00,0.39365
2025-01-19 09:00:00+00:00,0.38183500000000004
2025-01-19 10:00:00+00:00,0.36974975
2025-01-19 11:00:00+00:00,0.36272625
2025-01-19 12:00:00+00:00,0.36216299999999996
2025-01-19 13:00:00+00:00,0.36924225000000005
2025-01-19 14:00:00+00:00,0.380711
2025-01-19 15:00:00+00:00,0.391393
2025-01-19 16:00:00+00:00,0.395529
2025-01-19 17:00:00+00:00,0.395585
2025-01-19 18:00:00+00:00,0.39588725
2025-01-19 19:00:00+00:00,0.39690175000000005
2025-01-19 20:00:00+00:00,0.397634
2025-01-19 21:00:00+00:00,0.39843850000000003
2025-01-19 22:00:00+00:00,0.39951824999999996
2025-01-19 23:00:00+00:00,0.39886325
2025-01-20 00:00:00+00:00,0.400108
2025-01-20 01:00:00+00:00,0.39993775
2025-01-20 02:00:00+00:00,0.3984785
2025-01-20 03:00:00+00:00,0.39469750000000003
2025-01-20 04:00:00+00:00,0.388897
2025-01-20 05:00:00+00:00,0.38644425
2025-01-20 06:00:00+00:00,0.37997175000000005
2025-01-20 07:00:00+00:00,0.36941475
2025-01-20 08:00:00+00:00,0.36536949999999996
2025-01-20 09:00:00+00:00,0.35614825000000006
2025-01-20 10:00:00+00:00,0.35156375000000006
2025-01-20 11:00:00+00:00,0.3459455
2025-01-20 12:00:00+00:00,0.33901275
2025-01-20 13:00:00+00:00,0.33616975
2025-01-20 14:00:00+00:00,0.339152
2025-01-20 15:00:00+00:00,0.34362775
2025-01-20 16:00:00+00:00,0.3432855
2025-01-20 17:00:00+00:00,0.34335899999999997
2025-01-20 18:00:00+00:00,0.34042775
2025-01-20 19:00:00+00:00,0.33452825
2025-01-20 20:00:00+00:00,0.3291485
2025-01-20 21:00:00+00:00,0.32868825
2025-01-20 22:00:00+00:00,0.33161725000000003
2025-01-20 23:00:00+00:00,0.33181525
2025-01-21 00:00:00+00:00,0.3315145
2025-01-21 01:00:00+00:00,0.3278825
2025-01-21 02:00:00+00:00,0.3271335
2025-01-21 03:00:00+00:00,0.32365675
2025-01-21 04:00:00+00:00,0.32369725
2025-01-21 05:00:00+00:00,0.32165275000000004
2025-01-21 06:00:00+00:00,0.3194125
2025-01-21 07:00:00+00:00,0.32318075
2025-01-21 08:00:00+00:00,0.32325125000000005
2025-01-21 09:00:00+00:00,0.31336825
2025-01-21 10:00:00+00:00,0.30576475
2025-01-21 11:00:00+00:00,0.30458775000000005
2025-01-21 12:00:00+00:00,0.309481
2025-01-21 13:00:00+00:00,0.320303
2025-01-21 14:00:00+00:00,0.33612175
2025-01-21 15:00:00+00:00,0.35544275000000003
2025-01-21 16:00:00+00:00,0.36642549999999996
2025-01-21 17:00:00+00:00,0.36284625
2025-01-21 18:00:00+00:00,0.35957475
2025-01-21 19:00:00+00:00,0.35882025
2025-01-21 20:00:00+00:00,0.36275899999999994
2025-01-21 21:00:00+00:00,0.36555899999999997
2025-01-21 22:00:00+00:00,0.37658975
2025-01-21 23:00:00+00:00,0.3835845
2025-01-22 00:00:00+00:00,0.38774025
2025-01-22 01:00:00+00:00,0.38740675
2025-01-22 02:00:00+00:00,0.3854855
2025-01-22 03:00:00+00:00,0.38370075000000003
2025-01-22 04:00:00+00:00,0.3793375
2025-01-22 05:00:00+00:00,0.375885
2025-01-22 06:00:00+00:00,0.37532200000000004
2025-01-22 07:00:00+00:00,0.37636325
2025-01-22 08:00:00+00:00,0.3695565
2025-01-22 09:00:00+00:00,0.35302225000000004
2025-01-22 10:00:00+00:00,0.3371695
2025-01-22 11:00:00+00:00,0.3351955
2025-01-22 12:00:00+00:00,0.33617325
2025-01-22 13:00:00+00:00,0.3543435
2025-01-22 14:00:00+00:00,0.3751935
2025-01-22 15:00:00+00:00,0.38865825
2025-01-22 16:00:00+00:00,0.39301975
2025-01-22 17:00:00+00:00,0.39664774999999997
2025-01-22 18:00:00+00:00,0.39641025
2025-01-22 19:00:00+00:00,0.38968075
2025-01-22 20:00:00+00:00,0.38063250000000004
2025-01-22 21:00:00+00:00,0.36971424999999997
2025-01-22 22:00:00+00:00,0.36318174999999997
2025-01-22 23:00:00+00:00,0.34921825
2025-01-23 00:00:00+00:00,0.33607875
2025-01-23 01:00:00+00:00,0.31875475
2025-01-23 02:00:00+00:00,0.3188605
2025-01-23 03:00:00+00:00,0.29662700000000003
2025-01-23 04:00:00+00:00,0.27252849999999995
2025-01-23 05:00:00+00:00,0.26177825
2025-01-23 06:00:00+00:00,0.26164425
2025-01-23 07:00:00+00:00,0.26550275
2025-01-23 08:00:00+00:00,0.2578895
2025-01-23 09:00:00+00:00,0.20808975000000002
2025-01-23 10:00:00+00:00,0.1630365
2025-01-23 11:00:00+00:00,0.14150925
2025-01-23 12:00:00+00:00,0.13700175
2025-01-23 13:00:00+00:00,0.15760525
2025-01-23 14:00:00+00:00,0.1630135
2025-01-23 15:00:00+00:00,0.17708400000000002
2025-01-23 16:00:00+00:00,0.18983975
2025-01-23 17:00:00+00:00,0.18078700000000003
2025-01-23 18:00:00+00:00,0.16039024999999998
2025-01-23 19:00:00+00:00,0.134708
2025-01-23 20:00:00+00:00,0.11362275000000001
2025-01-23 21:00:00+00:00,0.111307
2025-01-23 22:00:00+00:00,0.10828
2025-01-23 23:00:00+00:00,0.1044945
2025-01-24 00:00:00+00:00,0.10845825
2025-01-24 01:00:00+00:00,0.114538
2025-01-24 02:00:00+00:00,0.11412449999999999
2025-01-24 03:00:00+00:00,0.11516225
2025-01-24 04:00:00+00:00,0.11458175
2025-01-24 05:00:00+00:00,0.11553524999999999
2025-01-24 06:00:00+00:00,0.12528499999999998
2025-01-24 07:00:00+00:00,0.13229475000000002
2025-01-24 08:00:00+00:00,0.12636299999999998
2025-01-24 09:00:00+00:00,0.11774024999999999
2025-01-24 10:00:00+00:00,0.10998425
2025-01-24 11:00:00+00:00,0.10685525
2025-01-24 12:00:00+00:00,0.10574875
2025-01-24 13:00:00+00:00,0.10580675
2025-01-24 14:00:00+00:00,0.10485175000000001
2025-01-24 15:00:00+00:00,0.11405925
2025-01-24 16:00:00+00:00,0.13829599999999997
2025-01-24 17:00:00+00:00,0.14692875
2025-01-24 18:00:00+00:00,0.15391125
2025-01-24 19:00:00+00:00,0.1672925
2025-01-24 20:00:00+00:00,0.18115725
2025-01-24 21:00:00+00:00,0.2031885
2025-01-24 22:00:00+00:00,0.229723
2025-01-24 23:00:00+00:00,0.22462149999999997
2025-01-25 00:00:00+00:00,0.21111175
2025-01-25 01:00:00+00:00,0.21332675
2025-01-25 02:00:00+00:00,0.22135975000000002
2025-01-25 03:00:00+00:00,0.23006274999999998
2025-01-25 04:00:00+00:00,0.23572025
2025-01-25 05:00:00+00:00,0.24397649999999999
2025-01-25 06:00:00+00:00,0.2419755
2025-01-25 07:00:00+00:00,0.23382474999999997
2025-01-25 08:00:00+00:00,0.2220675
2025-01-25 09:00:00+00:00,0.1998925
2025-01-25 10:00:00+00:00,0.1775735
2025-01-25 11:00:00+00:00,0.16332100000000002
2025-01-25 12:00:00+00:00,0.1651435
2025-01-25 13:00:00+00:00,0.184025
2025-01-25 14:00:00+00:00,0.25351825
2025-01-25 15:00:00+00:00,0.33179525
2025-01-25 16:00:00+00:00,0.38521324999999995
2025-01-25 17:00:00+00:00,0.396899
2025-01-25 18:00:00+00:00,0.39995900000000006
2025-01-25 19:00:00+00:00,0.40292825
2025-01-25 20:00:00+00:00,0.40443575
2025-01-25 21:00:00+00:00,0.40751875
2025-01-25 22:00:00+00:00,0.41090925
2025-01-25 23:00:00+00:00,0.4146635
2025-01-26 00:00:00+00:00,0.41727374999999994
2025-01-26 01:00:00+00:00,0.41425675
2025-01-26 02:00:00+00:00,0.40249325
2025-01-26 03:00:00+00:00,0.39593575
2025-01-26 04:00:00+00:00,0.38642124999999994
2025-01-26 05:00:00+00:00,0.38168650000000004
2025-01-26 06:00:00+00:00,0.362265
2025-01-26 07:00:00+00:00,0.33477275
2025-01-26 08:00:00+00:00,0.28808725
2025-01-26 09:00:00+00:00,0.19833075
2025-01-26 10:00:00+00:00,0.14181074999999999
2025-01-26 11:00:00+00:00,0.11034425
2025-01-26 12:00:00+00:00,0.10549449999999999
2025-01-26 13:00:00+00:00,0.12009500000000001
2025-01-26 14:00:00+00:00,0.16237825
2025-01-26 15:00:00+00:00,0.18599775000000002
2025-01-26 16:00:00+00:00,0.1922325
2025-01-26 17:00:00+00:00,0.17899975
2025-01-26 18:00:00+00:00,0.14414625
2025-01-26 19:00:00+00:00,0.122184
2025-01-26 20:00:00+00:00,0.1126485
2025-01-26 21:00:00+00:00,0.10697124999999999
2025-01-26 22:00:00+00:00,0.1081175
2025-01-26 23:00:00+00:00,0.10316125000000001
2025-01-27 00:00:00+00:00,0.10558275
2025-01-27 01:00:00+00:00,0.10417149999999999
2025-01-27 02:00:00+00:00,0.10148399999999999
2025-01-27 03:00:00+00:00,0.09883475
2025-01-27 04:00:00+00:00,0.0967064
2025-01-27 05:00:00+00:00,0.10205049999999999
2025-01-27 06:00:00+00:00,0.10533175
2025-01-27 07:00:00+00:00,0.10755475
2025-01-27 08:00:00+00:00,0.10197572499999999
2025-01-27 09:00:00+00:00,0.08254145
2025-01-27 10:00:00+00:00,0.07320367500000001
2025-01-27 11:00:00+00:00,0.070922075
2025-01-27 12:00:00+00:00,0.06923395000000002
2025-01-27 13:00:00+00:00,0.07848702499999999
2025-01-27 14:00:00+00:00,0.090978775
2025-01-27 15:00:00+00:00,0.12558475000000002
2025-01-27 16:00:00+00:00,0.18353399999999997
2025-01-27 17:00:00+00:00,0.19332575000000002
2025-01-27 18:00:00+00:00,0.169638
2025-01-27 19:00:00+00:00,0.14666975000000002
2025-01-27 20:00:00+00:00,0.13079924999999998
2025-01-27 21:00:00+00:00,0.1232435
2025-01-27 22:00:00+00:00,0.1163375
2025-01-27 23:00:00+00:00,0.10608100000000001
2025-01-28 00:00:00+00:00,0.10140225
2025-01-28 01:00:00+00:00,0.102309
2025-01-28 02:00:00+00:00,0.10568525000000001
2025-01-28 03:00:00+00:00,0.11065150000000001
2025-01-28 04:00:00+00:00,0.114957
2025-01-28 05:00:00+00:00,0.11886949999999999
2025-01-28 06:00:00+00:00,0.139328
2025-01-28 07:00:00+00:00,0.1691795
2025-01-28 08:00:00+00:00,0.17098924999999998
2025-01-28 09:00:00+00:00,0.143211
2025-01-28 10:00:00+00:00,0.12753375
2025-01-28 11:00:00+00:00,0.14196549999999997
2025-01-28 12:00:00+00:00,0.15188025
2025-01-28 13:00:00+00:00,0.159553
2025-01-28 14:00:00+00:00,0.17461475
2025-01-28 15:00:00+00:00,0.18459000000000003
2025-01-28 16:00:00+00:00,0.19049
2025-01-28 17:00:00+00:00,0.18428100000000003
2025-01-28 18:00:00+00:00,0.17806674999999997
2025-01-28 19:00:00+00:00,0.1729285
2025-01-28 20:00:00+00:00,0.15134124999999998
2025-01-28 21:00:00+00:00,0.1270975
2025-01-28 22:00:00+00:00,0.119746
2025-01-28 23:00:00+00:00,0.112614
2025-01-29 00:00:00+00:00,0.10921575
2025-01-29 01:00:00+00:00,0.10683375
2025-01-29 02:00:00+00:00,0.108525
2025-01-29 03:00:00+00:00,0.10674900000000001
2025-01-29 04:00:00+00:00,0.114434
2025-01-29 05:00:00+00:00,0.13654325
2025-01-29 06:00:00+00:00,0.17644300000000002
2025-01-29 07:00:00+00:00,0.19622525000000002
2025-01-29 08:00:00+00:00,0.19386099999999998
2025-01-29 09:00:00+00:00,0.16685250000000001
2025-01-29 10:00:00+00:00,0.139287
2025-01-29 11:00:00+00:00,0.131986
2025-01-29 12:00:00+00:00,0.14519575
2025-01-29 13:00:00+00:00,0.16583925
2025-01-29 14:00:00+00:00,0.207782
2025-01-29 15:00:00+00:00,0.2561305
2025-01-29 16:00:00+00:00,0.29677175
2025-01-29 17:00:00+00:00,0.31976275
2025-01-29 18:00:00+00:00,0.33503625000000004
2025-01-29 19:00:00+00:00,0.34958424999999993
2025-01-29 20:00:00+00:00,0.35778925
2025-01-29 21:00:00+00:00,0.3647515
2025-01-29 22:00:00+00:00,0.36608225
2025-01-29 23:00:00+00:00,0.37520525
2025-01-30 00:00:00+00:00,0.38168175
2025-01-30 01:00:00+00:00,0.38305125
2025-01-30 02:00:00+00:00,0.38108975
2025-01-30 03:00:00+00:00,0.3731395
2025-01-30 04:00:00+00:00,0.36432600000000004
2025-01-30 05:00:00+00:00,0.36401724999999996
2025-01-30 06:00:00+00:00,0.36162574999999997
2025-01-30 07:00:00+00:00,0.36361625000000003
2025-01-30 08:00:00+00:00,0.34955075
2025-01-30 09:00:00+00:00,0.33297774999999996
2025-01-30 10:00:00+00:00,0.314505
2025-01-30 11:00:00+00:00,0.30294175
2025-01-30 12:00:00+00:00,0.30958474999999996
2025-01-30 13:00:00+00:00,0.30954099999999996
2025-01-30 14:00:00+00:00,0.296231
2025-01-30 15:00:00+00:00,0.30284849999999996
2025-01-30 16:00:00+00:00,0.34207825
2025-01-30 17:00:00+00:00,0.3416175
2025-01-30 18:00:00+00:00,0.33417525
2025-01-30 19:00:00+00:00,0.3326495
2025-01-30 20:00:00+00:00,0.34018424999999997
2025-01-30 21:00:00+00:00,0.35092049999999997
2025-01-30 22:00:00+00:00,0.352221
2025-01-30 23:00:00+00:00,0.35119125
2025-01-31 00:00:00+00:00,0.348163
2025-01-31 01:00:00+00:00,0.34568024999999997
2025-01-31 02:00:00+00:00,0.349209
2025-01-31 03:00:00+00:00,0.35163375
2025-01-31 04:00:00+00:00,0.35447425000000005
2025-01-31 05:00:00+00:00,0.36269525
2025-01-31 06:00:00+00:00,0.36358375
2025-01-31 07:00:00+00:00,0.36191150000000005
2025-01-31 08:00:00+00:00,0.34032324999999997
2025-01-31 09:00:00+00:00,0.29515375
2025-01-31 10:00:00+00:00,0.25733275
2025-01-31 11:00:00+00:00,0.24395575
2025-01-31 12:00:00+00:00,0.2421725
2025-01-31 13:00:00+00:00,0.2485745
2025-01-31 14:00:00+00:00,0.2788675
2025-01-31 15:00:00+00:00,0.3398445
2025-01-31 16:00:00+00:00,0.37918775
2025-01-31 17:00:00+00:00,0.38824024999999995
2025-01-31 18:00:00+00:00,0.39248025
2025-01-31 19:00:00+00:00,0.3951905
2025-01-31 20:00:00+00:00,0.39604425
2025-01-31 21:00:00+00:00,0.39669150000000003
2025-01-31 22:00:00+00:00,0.39683450000000003
2025-01-31 23:00:00+00:00,0.40079125000000004
2025-02-01 00:00:00+00:00,0.39705625
2025-02-01 01:00:00+00:00,0.39727525
2025-02-01 02:00:00+00:00,0.39548125
2025-02-01 03:00:00+00:00,0.3950915
2025-02-01 04:00:00+00:00,0.39809725
2025-02-01 05:00:00+00:00,0.39684525
2025-02-01 06:00:00+00:00,0.394208
2025-02-01 07:00:00+00:00,0.3895385
2025-02-01 08:00:00+00:00,0.32790074999999996
2025-02-01 09:00:00+00:00,0.24251
2025-02-01 10:00:00+00:00,0.213031
2025-02-01 11:00:00+00:00,0.2016655
2025-02-01 12:00:00+00:00,0.194719
2025-02-01 13:00:00+00:00,0.21122425
2025-02-01 14:00:00+00:00,0.250428
2025-02-01 15:00:00+00:00,0.30772449999999996
2025-02-01 16:00:00+00:00,0.38834650000000004
2025-02-01 17:00:00+00:00,0.387078
2025-02-01 18:00:00+00:00,0.38378325
2025-02-01 19:00:00+00:00,0.380178
2025-02-01 20:00:00+00:00,0.3787445
2025-02-01 21:00:00+00:00,0.37033525
2025-02-01 22:00:00+00:00,0.3618785
2025-02-01 23:00:00+00:00,0.35180925
2025-02-02 00:00:00+00:00,0.35264375000000003
2025-02-02 01:00:00+00:00,0.37047399999999997
2025-02-02 02:00:00+00:00,0.38532625
2025-02-02 03:00:00+00:00,0.3911095
2025-02-02 04:00:00+00:00,0.3863105
2025-02-02 05:00:00+00:00,0.3750855
2025-02-02 06:00:00+00:00,0.37086275
2025-02-02 07:00:00+00:00,0.3656915
2025-02-02 08:00:00+00:00,0.26399775000000003
2025-02-02 09:00:00+00:00,0.2050565
2025-02-02 10:00:00+00:00,0.178688
2025-02-02 11:00:00+00:00,0.17902425
2025-02-02 12:00:00+00:00,0.17876925
2025-02-02 13:00:00+00:00,0.19983775
2025-02-02 14:00:00+00:00,0.23927500000000002
2025-02-02 15:00:00+00:00,0.29975575
2025-02-02 16:00:00+00:00,0.383448
2025-02-02 17:00:00+00:00,0.38847974999999996
2025-02-02 18:00:00+00:00,0.38750224999999994
2025-02-02 19:00:00+00:00,0.38945725
2025-02-02 20:00:00+00:00,0.38934075
2025-02-02 21:00:00+00:00,0.387953
2025-02-02 22:00:00+00:00,0.3886265
2025-02-02 23:00:00+00:00,0.38571200000000005
2025-02-03 00:00:00+00:00,0.3776945
2025-02-03 01:00:00+00:00,0.36755275
2025-02-03 02:00:00+00:00,0.36891474999999996
2025-02-03 03:00:00+00:00,0.37215625
2025-02-03 04:00:00+00:00,0.38077774999999997
2025-02-03 05:00:00+00:00,0.3860025
2025-02-03 06:00:00+00:00,0.3825029999999999
2025-02-03 07:00:00+00:00,0.376406
2025-02-03 08:00:00+00:00,0.30718025
2025-02-03 09:00:00+00:00,0.25205049999999996
2025-02-03 10:00:00+00:00,0.21744975
2025-02-03 11:00:00+00:00,0.20795125
2025-02-03 12:00:00+00:00,0.206679
2025-02-03 13:00:00+00:00,0.22233775
2025-02-03 14:00:00+00:00,0.25504275
2025-02-03 15:00:00+00:00,0.2976165
2025-02-03 16:00:00+00:00,0.35927225
2025-02-03 17:00:00+00:00,0.36180275
2025-02-03 18:00:00+00:00,0.360962
2025-02-03 19:00:00+00:00,0.358946
2025-02-03 20:00:00+00:00,0.3517275
2025-02-03 21:00:00+00:00,0.35099525
2025-02-03 22:00:00+00:00,0.35168875
2025-02-03 23:00:00+00:00,0.345036
2025-02-04 00:00:00+00:00,0.33621425
2025-02-04 01:00:00+00:00,0.33396525
2025-02-04 02:00:00+00:00,0.3295995
2025-02-04 03:00:00+00:00,0.3238745
2025-02-04 04:00:00+00:00,0.32315825
2025-02-04 05:00:00+00:00,0.31711725
2025-02-04 06:00:00+00:00,0.309353
2025-02-04 07:00:00+00:00,0.305518
2025-02-04 08:00:00+00:00,0.295735
2025-02-04 09:00:00+00:00,0.2813205
2025-02-04 10:00:00+00:00,0.25510475
2025-02-04 11:00:00+00:00,0.236795
2025-02-04 12:00:00+00:00,0.22477775
2025-02-04 13:00:00+00:00,0.22237975000000001
2025-02-04 14:00:00+00:00,0.2267815
2025-02-04 15:00:00+00:00,0.232334
2025-02-04 16:00:00+00:00,0.25769549999999997
2025-02-04 17:00:00+00:00,0.2708345
2025-02-04 18:00:00+00:00,0.268791
2025-02-04 19:00:00+00:00,0.25640549999999995
2025-02-04 20:00:00+00:00,0.240407
2025-02-04 21:00:00+00:00,0.22889525000000002
2025-02-04 22:00:00+00:00,0.22604349999999998
2025-02-04 23:00:00+00:00,0.22149175
2025-02-05 00:00:00+00:00,0.228153
2025-02-05 01:00:00+00:00,0.2364205
2025-02-05 02:00:00+00:00,0.250151
2025-02-05 03:00:00+00:00,0.269102
2025-02-05 04:00:00+00:00,0.29552875
2025-02-05 05:00:00+00:00,0.317938
2025-02-05 06:00:00+00:00,0.33852424999999997
2025-02-05 07:00:00+00:00,0.35235150000000004
2025-02-05 08:00:00+00:00,0.34393775000000004
2025-02-05 09:00:00+00:00,0.31221224999999997
2025-02-05 10:00:00+00:00,0.28542449999999997
2025-02-05 11:00:00+00:00,0.264619
2025-02-05 12:00:00+00:00,0.25897574999999995
2025-02-05 13:00:00+00:00,0.2703025
2025-02-05 14:00:00+00:00,0.29483175
2025-02-05 15:00:00+00:00,0.33839775
2025-02-05 16:00:00+00:00,0.37889025000000004
2025-02-05 17:00:00+00:00,0.390856
2025-02-05 18:00:00+00:00,0.39375225
2025-02-05 19:00:00+00:00,0.39401475
2025-02-05 20:00:00+00:00,0.39462075
2025-02-05 21:00:00+00:00,0.39515275
2025-02-05 22:00:00+00:00,0.395978
2025-02-05 23:00:00+00:00,0.39481499999999997
2025-02-06 00:00:00+00:00,0.39232549999999994
2025-02-06 01:00:00+00:00,0.39226025
2025-02-06 02:00:00+00:00,0.39048374999999996
2025-02-06 03:00:00+00:00,0.38398525
2025-02-06 04:00:00+00:00,0.37689925
2025-02-06 05:00:00+00:00,0.3743505
2025-02-06 06:00:00+00:00,0.37439049999999996
2025-02-06 07:00:00+00:00,0.368509
2025-02-06 08:00:00+00:00,0.350289
2025-02-06 09:00:00+00:00,0.318393
2025-02-06 10:00:00+00:00,0.2849135
2025-02-06 11:00:00+00:00,0.24605275
2025-02-06 12:00:00+00:00,0.22502125
2025-02-06 13:00:00+00:00,0.23735574999999998
2025-02-06 14:00:00+00:00,0.2363855
2025-02-06 15:00:00+00:00,0.262281
2025-02-06 16:00:00+00:00,0.29831125
2025-02-06 17:00:00+00:00,0.30214975
2025-02-06 18:00:00+00:00,0.29412925
2025-02-06 19:00:00+00:00,0.2852985
2025-02-06 20:00:00+00:00,0.272562
2025-02-06 21:00:00+00:00,0.26154625
2025-02-06 22:00:00+00:00,0.253779
2025-02-06 23:00:00+00:00,0.24264025
2025-02-07 00:00:00+00:00,0.22623325
2025-02-07 01:00:00+00:00,0.208736
2025-02-07 02:00:00+00:00,0.19552550000000002
2025-02-07 03:00:00+00:00,0.18820350000000002
2025-02-07 04:00:00+00:00,0.18248575
2025-02-07 05:00:00+00:00,0.18313925
2025-02-07 06:00:00+00:00,0.18823475
2025-02-07 07:00:00+00:00,0.19038100000000002
2025-02-07 08:00:00+00:00,0.1844495
2025-02-07 09:00:00+00:00,0.16979875
2025-02-07 10:00:00+00:00,0.15163749999999998
2025-02-07 11:00:00+00:00,0.1352985
2025-02-07 12:00:00+00:00,0.1376435
2025-02-07 13:00:00+00:00,0.14900925
2025-02-07 14:00:00+00:00,0.16624325
2025-02-07 15:00:00+00:00,0.1804615
2025-02-07 16:00:00+00:00,0.19275375
2025-02-07 17:00:00+00:00,0.195765
2025-02-07 18:00:00+00:00,0.19236125
2025-02-07 19:00:00+00:00,0.18572375000000002
2025-02-07 20:00:00+00:00,0.179606
2025-02-07 21:00:00+00:00,0.172954
2025-02-07 22:00:00+00:00,0.1603265
2025-02-07 23:00:00+00:00,0.145232
2025-02-08 00:00:00+00:00,0.13475475
2025-02-08 01:00:00+00:00,0.13118025
2025-02-08 02:00:00+00:00,0.1420625
2025-02-08 03:00:00+00:00,0.15700775
2025-02-08 04:00:00+00:00,0.18641950000000002
2025-02-08 05:00:00+00:00,0.20880100000000001
2025-02-08 06:00:00+00:00,0.22628125
2025-02-08 07:00:00+00:00,0.24194325
2025-02-08 08:00:00+00:00,0.2503915
2025-02-08 09:00:00+00:00,0.25196575
2025-02-08 10:00:00+00:00,0.2430775
2025-02-08 11:00:00+00:00,0.23127975
2025-02-08 12:00:00+00:00,0.2322745
2025-02-08 13:00:00+00:00,0.24594875
2025-02-08 14:00:00+00:00,0.26519275
2025-02-08 15:00:00+00:00,0.3209045
2025-02-08 16:00:00+00:00,0.36851
2025-02-08 17:00:00+00:00,0.385621
2025-02-08 18:00:00+00:00,0.38583425000000005
2025-02-08 19:00:00+00:00,0.38157575
2025-02-08 20:00:00+00:00,0.38536400000000004
2025-02-08 21:00:00+00:00,0.38299725
2025-02-08 22:00:00+00:00,0.384421
2025-02-08 23:00:00+00:00,0.39023050000000004
2025-02-09 00:00:00+00:00,0.39728399999999997
2025-02-09 01:00:00+00:00,0.39456474999999996
2025-02-09 02:00:00+00:00,0.3860945
2025-02-09 03:00:00+00:00,0.38161700000000004
2025-02-09 04:00:00+00:00,0.3704035
2025-02-09 05:00:00+00:00,0.364846
2025-02-09 06:00:00+00:00,0.35262575
2025-02-09 07:00:00+00:00,0.34654674999999996
2025-02-09 08:00:00+00:00,0.3163475
2025-02-09 09:00:00+00:00,0.2741285
2025-02-09 10:00:00+00:00,0.24236125
2025-02-09 11:00:00+00:00,0.23108375
2025-02-09 12:00:00+00:00,0.21482275
2025-02-09 13:00:00+00:00,0.221184
2025-02-09 14:00:00+00:00,0.23249925000000002
2025-02-09 15:00:00+00:00,0.25473425000000005
2025-02-09 16:00:00+00:00,0.273881
2025-02-09 17:00:00+00:00,0.27176675
2025-02-09 18:00:00+00:00,0.2681965
2025-02-09 19:00:00+00:00,0.25197075
2025-02-09 20:00:00+00:00,0.24189500000000003
2025-02-09 21:00:00+00:00,0.23163450000000002
2025-02-09 22:00:00+00:00,0.219051
2025-02-09 23:00:00+00:00,0.19262949999999998
2025-02-10 00:00:00+00:00,0.188869
2025-02-10 01:00:00+00:00,0.17423374999999997
2025-02-10 02:00:00+00:00,0.16395500000000002
2025-02-10 03:00:00+00:00,0.1776645
2025-02-10 04:00:00+00:00,0.19430550000000002
2025-02-10 05:00:00+00:00,0.21394375
2025-02-10 06:00:00+00:00,0.22754175
2025-02-10 07:00:00+00:00,0.224556
2025-02-10 08:00:00+00:00,0.21088225
2025-02-10 09:00:00+00:00,0.191596
2025-02-10 10:00:00+00:00,0.17492449999999998
2025-02-10 11:00:00+00:00,0.160261
2025-02-10 12:00:00+00:00,0.15596725
2025-02-10 13:00:00+00:00,0.17264675
2025-02-10 14:00:00+00:00,0.18427949999999998
2025-02-10 15:00:00+00:00,0.19152025
2025-02-10 16:00:00+00:00,0.198245
2025-02-10 17:00:00+00:00,0.19845275
2025-02-10 18:00:00+00:00,0.197614
2025-02-10 19:00:00+00:00,0.18986999999999998
2025-02-10 20:00:00+00:00,0.17988674999999998
2025-02-10 21:00:00+00:00,0.1671415
2025-02-10 22:00:00+00:00,0.148847
2025-02-10 23:00:00+00:00,0.13605425000000002
2025-02-11 00:00:00+00:00,0.13267825
2025-02-11 01:00:00+00:00,0.14629075
2025-02-11 02:00:00+00:00,0.159771
2025-02-11 03:00:00+00:00,0.17402675
2025-02-11 04:00:00+00:00,0.20323625
2025-02-11 05:00:00+00:00,0.2382035
2025-02-11 06:00:00+00:00,0.25896275
2025-02-11 07:00:00+00:00,0.271018
2025-02-11 08:00:00+00:00,0.27297425000000003
2025-02-11 09:00:00+00:00,0.2712565
2025-02-11 10:00:00+00:00,0.27230624999999997
2025-02-11 11:00:00+00:00,0.27212250000000004
2025-02-11 12:00:00+00:00,0.27783475
2025-02-11 13:00:00+00:00,0.28378675
2025-02-11 14:00:00+00:00,0.294342
2025-02-11 15:00:00+00:00,0.3071665
2025-02-11 16:00:00+00:00,0.31638225
2025-02-11 17:00:00+00:00,0.32581475000000004
2025-02-11 18:00:00+00:00,0.332771
2025-02-11 19:00:00+00:00,0.33395575
2025-02-11 20:00:00+00:00,0.33385524999999994
2025-02-11 21:00:00+00:00,0.33532524999999996
2025-02-11 22:00:00+00:00,0.336797
2025-02-11 23:00:00+00:00,0.344507
2025-02-12 00:00:00+00:00,0.353523
2025-02-12 01:00:00+00:00,0.36566049999999994
2025-02-12 02:00:00+00:00,0.36760524999999994
2025-02-12 03:00:00+00:00,0.373355
2025-02-12 04:00:00+00:00,0.3789435
2025-02-12 05:00:00+00:00,0.38642125
2025-02-12 06:00:00+00:00,0.38439025000000004
2025-02-12 07:00:00+00:00,0.38265
2025-02-12 08:00:00+00:00,0.3711345
2025-02-12 09:00:00+00:00,0.34975449999999997
2025-02-12 10:00:00+00:00,0.3345725
2025-02-12 11:00:00+00:00,0.325607
2025-02-12 12:00:00+00:00,0.32381725
2025-02-12 13:00:00+00:00,0.33313075000000003
2025-02-12 14:00:00+00:00,0.35228775
2025-02-12 15:00:00+00:00,0.36622075
2025-02-12 16:00:00+00:00,0.37915774999999996
2025-02-12 17:00:00+00:00,0.38180000000000003
2025-02-12 18:00:00+00:00,0.3858795
2025-02-12 19:00:00+00:00,0.38585575000000005
2025-02-12 20:00:00+00:00,0.37834124999999996
2025-02-12 21:00:00+00:00,0.3720542499999999
2025-02-12 22:00:00+00:00,0.37172275
2025-02-12 23:00:00+00:00,0.37167074999999994
2025-02-13 00:00:00+00:00,0.36456150000000004
2025-02-13 01:00:00+00:00,0.357757
2025-02-13 02:00:00+00:00,0.348818
2025-02-13 03:00:00+00:00,0.33680200000000005
2025-02-13 04:00:00+00:00,0.326714
2025-02-13 05:00:00+00:00,0.3208305
2025-02-13 06:00:00+00:00,0.31779749999999996
2025-02-13 07:00:00+00:00,0.31785075
2025-02-13 08:00:00+00:00,0.32272325
2025-02-13 09:00:00+00:00,0.31897000000000003
2025-02-13 10:00:00+00:00,0.29923175
2025-02-13 11:00:00+00:00,0.29089699999999996
2025-02-13 12:00:00+00:00,0.29897025000000005
2025-02-13 13:00:00+00:00,0.30218025000000004
2025-02-13 14:00:00+00:00,0.30474975
2025-02-13 15:00:00+00:00,0.3250265
2025-02-13 16:00:00+00:00,0.341527
2025-02-13 17:00:00+00:00,0.35358425000000004
2025-02-13 18:00:00+00:00,0.3622845
2025-02-13 19:00:00+00:00,0.37394099999999997
2025-02-13 20:00:00+00:00,0.38111475
2025-02-13 21:00:00+00:00,0.38733275
2025-02-13 22:00:00+00:00,0.39085875000000003
2025-02-13 23:00:00+00:00,0.39859425
2025-02-14 00:00:00+00:00,0.40394050000000004
2025-02-14 01:00:00+00:00,0.40410524999999997
2025-02-14 02:00:00+00:00,0.4017355
2025-02-14 03:00:00+00:00,0.40060225000000005
2025-02-14 04:00:00+00:00,0.40089925
2025-02-14 05:00:00+00:00,0.39733975
2025-02-14 06:00:00+00:00,0.39402200000000004
2025-02-14 07:00:00+00:00,0.39237
2025-02-14 08:00:00+00:00,0.3524
2025-02-14 09:00:00+00:00,0.3003575
2025-02-14 10:00:00+00:00,0.28195525
2025-02-14 11:00:00+00:00,0.27583875
2025-02-14 12:00:00+00:00,0.2915795
2025-02-14 13:00:00+00:00,0.316534
2025-02-14 14:00:00+00:00,0.338672
2025-02-14 15:00:00+00:00,0.356019
2025-02-14 16:00:00+00:00,0.38273475
2025-02-14 17:00:00+00:00,0.3835655
2025-02-14 18:00:00+00:00,0.3781805
2025-02-14 19:00:00+00:00,0.37826075
2025-02-14 20:00:00+00:00,0.38395225
2025-02-14 21:00:00+00:00,0.38528975
2025-02-14 22:00:00+00:00,0.38564600000000004
2025-02-14 23:00:00+00:00,0.3883465
2025-02-15 00:00:00+00:00,0.39171575000000003
2025-02-15 01:00:00+00:00,0.39221375
2025-02-15 02:00:00+00:00,0.3904455
2025-02-15 03:00:00+00:00,0.39340175
2025-02-15 04:00:00+00:00,0.395391
2025-02-15 05:00:00+00:00,0.39399375000000003
2025-02-15 06:00:00+00:00,0.3910775
2025-02-15 07:00:00+00:00,0.38574375
2025-02-15 08:00:00+00:00,0.36397375
2025-02-15 09:00:00+00:00,0.33521575000000003
2025-02-15 10:00:00+00:00,0.31116525
2025-02-15 11:00:00+00:00,0.307513
2025-02-15 12:00:00+00:00,0.3153555
2025-02-15 13:00:00+00:00,0.3243235
2025-02-15 14:00:00+00:00,0.34263825000000003
2025-02-15 15:00:00+00:00,0.36551325
2025-02-15 16:00:00+00:00,0.38028125
2025-02-15 17:00:00+00:00,0.38065775
2025-02-15 18:00:00+00:00,0.38252625
2025-02-15 19:00:00+00:00,0.38322249999999997
2025-02-15 20:00:00+00:00,0.38450075
2025-02-15 21:00:00+00:00,0.37880575
2025-02-15 22:00:00+00:00,0.37021175
2025-02-15 23:00:00+00:00,0.36991825
2025-02-16 00:00:00+00:00,0.364201
2025-02-16 01:00:00+00:00,0.3600895
2025-02-16 02:00:00+00:00,0.36380225
2025-02-16 03:00:00+00:00,0.356239
2025-02-16 04:00:00+00:00,0.35001275
2025-02-16 05:00:00+00:00,0.33305625
2025-02-16 06:00:00+00:00,0.3164265
2025-02-16 07:00:00+00:00,0.29072275000000003
2025-02-16 08:00:00+00:00,0.24048975
2025-02-16 09:00:00+00:00,0.20035975
2025-02-16 10:00:00+00:00,0.1561715
2025-02-16 11:00:00+00:00,0.12976025000000002
2025-02-16 12:00:00+00:00,0.12011
2025-02-16 13:00:00+00:00,0.13181900000000002
2025-02-16 14:00:00+00:00,0.1631435
2025-02-16 15:00:00+00:00,0.21218199999999998
2025-02-16 16:00:00+00:00,0.27619375
2025-02-16 17:00:00+00:00,0.31067225
2025-02-16 18:00:00+00:00,0.31052175000000004
2025-02-16 19:00:00+00:00,0.310828
2025-02-16 20:00:00+00:00,0.31316525
2025-02-16 21:00:00+00:00,0.323291
2025-02-16 22:00:00+00:00,0.33544399999999996
2025-02-16 23:00:00+00:00,0.346819
2025-02-17 00:00:00+00:00,0.35659874999999996
2025-02-17 01:00:00+00:00,0.359818
2025-02-17 02:00:00+00:00,0.365131
2025-02-17 03:00:00+00:00,0.36830625
2025-02-17 04:00:00+00:00,0.36790075
2025-02-17 05:00:00+00:00,0.3724035
2025-02-17 06:00:00+00:00,0.37381475
2025-02-17 07:00:00+00:00,0.34995424999999997
2025-02-17 08:00:00+00:00,0.25819824999999996
2025-02-17 09:00:00+00:00,0.20911025
2025-02-17 10:00:00+00:00,0.184736
2025-02-17 11:00:00+00:00,0.17282124999999998
2025-02-17 12:00:00+00:00,0.17012275
2025-02-17 13:00:00+00:00,0.1872195
2025-02-17 14:00:00+00:00,0.2195115
2025-02-17 15:00:00+00:00,0.261881
2025-02-17 16:00:00+00:00,0.329125
2025-02-17 17:00:00+00:00,0.3660045
2025-02-17 18:00:00+00:00,0.36173575
2025-02-17 19:00:00+00:00,0.35261275
2025-02-17 20:00:00+00:00,0.345794
2025-02-17 21:00:00+00:00,0.34318699999999996
2025-02-17 22:00:00+00:00,0.34007075
2025-02-17 23:00:00+00:00,0.3475065
2025-02-18 00:00:00+00:00,0.34897825
2025-02-18 01:00:00+00:00,0.34920724999999997
2025-02-18 02:00:00+00:00,0.34974675
2025-02-18 03:00:00+00:00,0.33694250000000003
2025-02-18 04:00:00+00:00,0.32957225
2025-02-18 05:00:00+00:00,0.3334825
2025-02-18 06:00:00+00:00,0.3327505
2025-02-18 07:00:00+00:00,0.3231625
2025-02-18 08:00:00+00:00,0.262672
2025-02-18 09:00:00+00:00,0.19657025
2025-02-18 10:00:00+00:00,0.15286925
2025-02-18 11:00:00+00:00,0.12711475
2025-02-18 12:00:00+00:00,0.11748349999999999
2025-02-18 13:00:00+00:00,0.129789
2025-02-18 14:00:00+00:00,0.15899475000000002
2025-02-18 15:00:00+00:00,0.21044225
2025-02-18 16:00:00+00:00,0.259344
2025-02-18 17:00:00+00:00,0.28359199999999996
2025-02-18 18:00:00+00:00,0.28091875
2025-02-18 19:00:00+00:00,0.27629725
2025-02-18 20:00:00+00:00,0.26371849999999997
2025-02-18 21:00:00+00:00,0.25095
2025-02-18 22:00:00+00:00,0.23967549999999999
2025-02-18 23:00:00+00:00,0.23329324999999998
2025-02-19 00:00:00+00:00,0.230737
2025-02-19 01:00:00+00:00,0.22975874999999998
2025-02-19 02:00:00+00:00,0.2294005
2025-02-19 03:00:00+00:00,0.2332595
2025-02-19 04:00:00+00:00,0.23354049999999998
2025-02-19 05:00:00+00:00,0.244321
2025-02-19 06:00:00+00:00,0.25969475
2025-02-19 07:00:00+00:00,0.24575100000000002
2025-02-19 08:00:00+00:00,0.2063515
2025-02-19 09:00:00+00:00,0.15039425
2025-02-19 10:00:00+00:00,0.11283875000000002
2025-02-19 11:00:00+00:00,0.0970748
2025-02-19 12:00:00+00:00,0.094777
2025-02-19 13:00:00+00:00,0.10807222500000001
2025-02-19 14:00:00+00:00,0.14802975
2025-02-19 15:00:00+00:00,0.2198215
2025-02-19 16:00:00+00:00,0.28107499999999996
2025-02-19 17:00:00+00:00,0.3050675
2025-02-19 18:00:00+00:00,0.30913975
2025-02-19 19:00:00+00:00,0.30886
2025-02-19 20:00:00+00:00,0.30142199999999997
2025-02-19 21:00:00+00:00,0.29028224999999996
2025-02-19 22:00:00+00:00,0.29598500000000005
2025-02-19 23:00:00+00:00,0.303312
2025-02-20 00:00:00+00:00,0.30828325
2025-02-20 01:00:00+00:00,0.29570025
2025-02-20 02:00:00+00:00,0.2718745
2025-02-20 03:00:00+00:00,0.26159875
2025-02-20 04:00:00+00:00,0.27217025
2025-02-20 05:00:00+00:00,0.28674974999999997
2025-02-20 06:00:00+00:00,0.29353325
2025-02-20 07:00:00+00:00,0.28954199999999997
2025-02-20 08:00:00+00:00,0.257251
2025-02-20 09:00:00+00:00,0.21989225
2025-02-20 10:00:00+00:00,0.18028875
2025-02-20 11:00:00+00:00,0.158211
2025-02-20 12:00:00+00:00,0.16350675
2025-02-20 13:00:00+00:00,0.17560625
2025-02-20 14:00:00+00:00,0.191067
2025-02-20 15:00:00+00:00,0.20569625000000002
2025-02-20 16:00:00+00:00,0.21299625
2025-02-20 17:00:00+00:00,0.2170505
2025-02-20 18:00:00+00:00,0.21514724999999998
2025-02-20 19:00:00+00:00,0.20927
2025-02-20 20:00:00+00:00,0.207714
2025-02-20 21:00:00+00:00,0.19852275
2025-02-20 22:00:00+00:00,0.17991250000000003
2025-02-20 23:00:00+00:00,0.1667655
2025-02-21 00:00:00+00:00,0.1469285
2025-02-21 01:00:00+00:00,0.13884575
2025-02-21 02:00:00+00:00,0.1434225
2025-02-21 03:00:00+00:00,0.140542
2025-02-21 04:00:00+00:00,0.15798525
2025-02-21 05:00:00+00:00,0.18385100000000001
2025-02-21 06:00:00+00:00,0.20149575000000003
2025-02-21 07:00:00+00:00,0.1940915
2025-02-21 08:00:00+00:00,0.15400075000000002
2025-02-21 09:00:00+00:00,0.108789525
2025-02-21 10:00:00+00:00,0.07338092500000001
2025-02-21 11:00:00+00:00,0.054783899999999996
2025-02-21 12:00:00+00:00,0.05245857500000001
2025-02-21 13:00:00+00:00,0.058714075000000004
2025-02-21 14:00:00+00:00,0.08117555
2025-02-21 15:00:00+00:00,0.11722
2025-02-21 16:00:00+00:00,0.145542
2025-02-21 17:00:00+00:00,0.16646300000000003
2025-02-21 18:00:00+00:00,0.16373
2025-02-21 19:00:00+00:00,0.1467495
2025-02-21 20:00:00+00:00,0.12463400000000001
2025-02-21 21:00:00+00:00,0.12013725
2025-02-21 22:00:00+00:00,0.12697925
2025-02-21 23:00:00+00:00,0.11956699999999999
2025-02-22 00:00:00+00:00,0.11486474999999999
2025-02-22 01:00:00+00:00,0.113268
2025-02-22 02:00:00+00:00,0.10713574999999999
2025-02-22 03:00:00+00:00,0.10692575
2025-02-22 04:00:00+00:00,0.10853375000000001
2025-02-22 05:00:00+00:00,0.1081025
2025-02-22 06:00:00+00:00,0.10739100000000001
2025-02-22 07:00:00+00:00,0.11988075000000001
2025-02-22 08:00:00+00:00,0.130733
2025-02-22 09:00:00+00:00,0.13630525000000002
2025-02-22 10:00:00+00:00,0.13853275
2025-02-22 11:00:00+00:00,0.12135625
2025-02-22 12:00:00+00:00,0.119988
2025-02-22 13:00:00+00:00,0.13701400000000002
2025-02-22 14:00:00+00:00,0.18377100000000002
2025-02-22 15:00:00+00:00,0.21602699999999997
2025-02-22 16:00:00+00:00,0.25725875
2025-02-22 17:00:00+00:00,0.28250025
2025-02-22 18:00:00+00:00,0.27969275
2025-02-22 19:00:00+00:00,0.27913975
2025-02-22 20:00:00+00:00,0.279087
2025-02-22 21:00:00+00:00,0.271023
2025-02-22 22:00:00+00:00,0.25901425
2025-02-22 23:00:00+00:00,0.24717574999999997
2025-02-23 00:00:00+00:00,0.23388775
2025-02-23 01:00:00+00:00,0.21851674999999998
2025-02-23 02:00:00+00:00,0.201351
2025-02-23 03:00:00+00:00,0.21142599999999998
2025-02-23 04:00:00+00:00,0.2243185
2025-02-23 05:00:00+00:00,0.23074899999999998
2025-02-23 06:00:00+00:00,0.22319575
2025-02-23 07:00:00+00:00,0.2095955
2025-02-23 08:00:00+00:00,0.152544
2025-02-23 09:00:00+00:00,0.10210665
2025-02-23 10:00:00+00:00,0.069641125
2025-02-23 11:00:00+00:00,0.05007525
2025-02-23 12:00:00+00:00,0.043549775
2025-02-23 13:00:00+00:00,0.044644174999999994
2025-02-23 14:00:00+00:00,0.052466900000000004
2025-02-23 15:00:00+00:00,0.07310425000000001
2025-02-23 16:00:00+00:00,0.12686075
2025-02-23 17:00:00+00:00,0.16811325000000002
2025-02-23 18:00:00+00:00,0.16776825
2025-02-23 19:00:00+00:00,0.1489325
2025-02-23 20:00:00+00:00,0.1145205
2025-02-23 21:00:00+00:00,0.09592065000000001
2025-02-23 22:00:00+00:00,0.0868707
2025-02-23 23:00:00+00:00,0.07840177499999999
2025-02-24 00:00:00+00:00,0.07681997500000001
2025-02-24 01:00:00+00:00,0.07565835
2025-02-24 02:00:00+00:00,0.07656665
2025-02-24 03:00:00+00:00,0.0767983
2025-02-24 04:00:00+00:00,0.079299675
2025-02-24 05:00:00+00:00,0.09056142500000001
2025-02-24 06:00:00+00:00,0.11275825
2025-02-24 07:00:00+00:00,0.13017025
2025-02-24 08:00:00+00:00,0.13723475
2025-02-24 09:00:00+00:00,0.127894
2025-02-24 10:00:00+00:00,0.11153199999999999
2025-02-24 11:00:00+00:00,0.10880625
2025-02-24 12:00:00+00:00,0.1121715
2025-02-24 13:00:00+00:00,0.119731
2025-02-24 14:00:00+00:00,0.1336405
2025-02-24 15:00:00+00:00,0.14499975
2025-02-24 16:00:00+00:00,0.168283
2025-02-24 17:00:00+00:00,0.20111199999999999
2025-02-24 18:00:00+00:00,0.20615575
2025-02-24 19:00:00+00:00,0.2066625
2025-02-24 20:00:00+00:00,0.20680175
2025-02-24 21:00:00+00:00,0.214194
2025-02-24 22:00:00+00:00,0.2250705
2025-02-24 23:00:00+00:00,0.23035300000000003
2025-02-25 00:00:00+00:00,0.2432665
2025-02-25 01:00:00+00:00,0.25644649999999997
2025-02-25 02:00:00+00:00,0.27044025
2025-02-25 03:00:00+00:00,0.29518975
2025-02-25 04:00:00+00:00,0.32493025
2025-02-25 05:00:00+00:00,0.34695525
2025-02-25 06:00:00+00:00,0.34581225000000004
2025-02-25 07:00:00+00:00,0.3307525
2025-02-25 08:00:00+00:00,0.28784024999999996
2025-02-25 09:00:00+00:00,0.2566975
2025-02-25 10:00:00+00:00,0.24270850000000002
2025-02-25 11:00:00+00:00,0.2486985
2025-02-25 12:00:00+00:00,0.2476225
2025-02-25 13:00:00+00:00,0.26332325
2025-02-25 14:00:00+00:00,0.2950725
2025-02-25 15:00:00+00:00,0.34453525000000007
2025-02-25 16:00:00+00:00,0.38214299999999995
2025-02-25 17:00:00+00:00,0.3984695
2025-02-25 18:00:00+00:00,0.396872
2025-02-25 19:00:00+00:00,0.39544725000000003
2025-02-25 20:00:00+00:00,0.3929605
2025-02-25 21:00:00+00:00,0.39988399999999996
2025-02-25 22:00:00+00:00,0.4036105
2025-02-25 23:00:00+00:00,0.40317525
2025-02-26 00:00:00+00:00,0.400737
2025-02-26 01:00:00+00:00,0.39287900000000003
2025-02-26 02:00:00+00:00,0.3835585
2025-02-26 03:00:00+00:00,0.38452625
2025-02-26 04:00:00+00:00,0.39458249999999995
2025-02-26 05:00:00+00:00,0.39470574999999997
2025-02-26 06:00:00+00:00,0.39630375
2025-02-26 07:00:00+00:00,0.378691
2025-02-26 08:00:00+00:00,0.29961575
2025-02-26 09:00:00+00:00,0.231549
2025-02-26 10:00:00+00:00,0.16484624999999997
2025-02-26 11:00:00+00:00,0.12330525
2025-02-26 12:00:00+00:00,0.12359975000000001
2025-02-26 13:00:00+00:00,0.139457
2025-02-26 14:00:00+00:00,0.16889375
2025-02-26 15:00:00+00:00,0.22475599999999998
2025-02-26 16:00:00+00:00,0.26938199999999995
2025-02-26 17:00:00+00:00,0.291991
2025-02-26 18:00:00+00:00,0.28808425
2025-02-26 19:00:00+00:00,0.2693025
2025-02-26 20:00:00+00:00,0.2739285
2025-02-26 21:00:00+00:00,0.270911
2025-02-26 22:00:00+00:00,0.2769155
2025-02-26 23:00:00+00:00,0.28207675
2025-02-27 00:00:00+00:00,0.29768799999999995
2025-02-27 01:00:00+00:00,0.3147575
2025-02-27 02:00:00+00:00,0.321691
2025-02-27 03:00:00+00:00,0.33169525
2025-02-27 04:00:00+00:00,0.34501175
2025-02-27 05:00:00+00:00,0.345101
2025-02-27 06:00:00+00:00,0.35425575
2025-02-27 07:00:00+00:00,0.348264
2025-02-27 08:00:00+00:00,0.308337
2025-02-27 09:00:00+00:00,0.2661785
2025-02-27 10:00:00+00:00,0.225942
2025-02-27 11:00:00+00:00,0.21573275
2025-02-27 12:00:00+00:00,0.2146615
2025-02-27 13:00:00+00:00,0.213703
2025-02-27 14:00:00+00:00,0.23676925000000001
2025-02-27 15:00:00+00:00,0.2814245
2025-02-27 16:00:00+00:00,0.3057655
2025-02-27 17:00:00+00:00,0.31173375
2025-02-27 18:00:00+00:00,0.31216125
2025-02-27 19:00:00+00:00,0.30315875000000003
2025-02-27 20:00:00+00:00,0.29624875
2025-02-27 21:00:00+00:00,0.292448
2025-02-27 22:00:00+00:00,0.28940975
2025-02-27 23:00:00+00:00,0.289983
2025-02-28 00:00:00+00:00,0.28822125
2025-02-28 01:00:00+00:00,0.29149600000000003
2025-02-28 02:00:00+00:00,0.30325475
2025-02-28 03:00:00+00:00,0.32114625
2025-02-28 04:00:00+00:00,0.32888075
2025-02-28 05:00:00+00:00,0.336685
2025-02-28 06:00:00+00:00,0.34156074999999997
2025-02-28 07:00:00+00:00,0.32271925
2025-02-28 08:00:00+00:00,0.28603924999999997
2025-02-28 09:00:00+00:00,0.24824725
2025-02-28 10:00:00+00:00,0.22422024999999998
2025-02-28 11:00:00+00:00,0.19990675
2025-02-28 12:00:00+00:00,0.19420775
2025-02-28 13:00:00+00:00,0.20540450000000002
2025-02-28 14:00:00+00:00,0.22537574999999999
2025-02-28 15:00:00+00:00,0.2620695
2025-02-28 16:00:00+00:00,0.308049
2025-02-28 17:00:00+00:00,0.3588925
2025-02-28 18:00:00+00:00,0.36777375
2025-02-28 19:00:00+00:00,0.37194675
2025-02-28 20:00:00+00:00,0.373255
2025-02-28 21:00:00+00:00,0.37486875
2025-02-28 22:00:00+00:00,0.37846975
2025-02-28 23:00:00+00:00,0.384784
2025-03-01 00:00:00+00:00,0.40079475000000003
2025-03-01 01:00:00+00:00,0.40204675
2025-03-01 02:00:00+00:00,0.40193175
2025-03-01 03:00:00+00:00,0.40256225
2025-03-01 04:00:00+00:00,0.404432
2025-03-01 05:00:00+00:00,0.40571175
2025-03-01 06:00:00+00:00,0.4040685
2025-03-01 07:00:00+00:00,0.38290275
2025-03-01 08:00:00+00:00,0.34596550000000004
2025-03-01 09:00:00+00:00,0.30439875
2025-03-01 10:00:00+00:00,0.26791950000000003
2025-03-01 11:00:00+00:00,0.238846
2025-03-01 12:00:00+00:00,0.229578
2025-03-01 13:00:00+00:00,0.23885
2025-03-01 14:00:00+00:00,0.26383324999999996
2025-03-01 15:00:00+00:00,0.2891665
2025-03-01 16:00:00+00:00,0.33510025
2025-03-01 17:00:00+00:00,0.39535675000000003
2025-03-01 18:00:00+00:00,0.40293075
2025-03-01 19:00:00+00:00,0.4040055
2025-03-01 20:00:00+00:00,0.40200275
2025-03-01 21:00:00+00:00,0.40557675
2025-03-01 22:00:00+00:00,0.41057050000000006
2025-03-01 23:00:00+00:00,0.41660325
2025-03-02 00:00:00+00:00,0.41917249999999995
2025-03-02 01:00:00+00:00,0.42116025
2025-03-02 02:00:00+00:00,0.42343474999999997
2025-03-02 03:00:00+00:00,0.4245395
2025-03-02 04:00:00+00:00,0.42078849999999995
2025-03-02 05:00:00+00:00,0.41425425
2025-03-02 06:00:00+00:00,0.4062995
2025-03-02 07:00:00+00:00,0.34137325
2025-03-02 08:00:00+00:00,0.22257325
2025-03-02 09:00:00+00:00,0.1359305
2025-03-02 10:00:00+00:00,0.087057275
2025-03-02 11:00:00+00:00,0.074121925
2025-03-02 12:00:00+00:00,0.072974575
2025-03-02 13:00:00+00:00,0.08567117499999999
2025-03-02 14:00:00+00:00,0.105301525
2025-03-02 15:00:00+00:00,0.15846425
2025-03-02 16:00:00+00:00,0.2820895
2025-03-02 17:00:00+00:00,0.3954495
2025-03-02 18:00:00+00:00,0.4029165
2025-03-02 19:00:00+00:00,0.40218425
2025-03-02 20:00:00+00:00,0.4024445
2025-03-02 21:00:00+00:00,0.4023655
2025-03-02 22:00:00+00:00,0.402738
2025-03-02 23:00:00+00:00,0.40159225
2025-03-03 00:00:00+00:00,0.4008865
2025-03-03 01:00:00+00:00,0.40049274999999995
2025-03-03 02:00:00+00:00,0.401727
2025-03-03 03:00:00+00:00,0.39773949999999997
2025-03-03 04:00:00+00:00,0.393526
2025-03-03 05:00:00+00:00,0.39100775
2025-03-03 06:00:00+00:00,0.39151675
2025-03-03 07:00:00+00:00,0.30886575
2025-03-03 08:00:00+00:00,0.20949525
2025-03-03 09:00:00+00:00,0.13901825
2025-03-03 10:00:00+00:00,0.094274475
2025-03-03 11:00:00+00:00,0.08307605
2025-03-03 12:00:00+00:00,0.087817125
2025-03-03 13:00:00+00:00,0.09473167499999999
2025-03-03 14:00:00+00:00,0.134331
2025-03-03 15:00:00+00:00,0.21708075
2025-03-03 16:00:00+00:00,0.31883275
2025-03-03 17:00:00+00:00,0.39558225
2025-03-03 18:00:00+00:00,0.40110124999999996
2025-03-03 19:00:00+00:00,0.40164774999999997
2025-03-03 20:00:00+00:00,0.40146375
2025-03-03 21:00:00+00:00,0.403364
2025-03-03 22:00:00+00:00,0.4044335
2025-03-03 23:00:00+00:00,0.40531824999999994
2025-03-04 00:00:00+00:00,0.40787925
2025-03-04 01:00:00+00:00,0.40809975000000004
2025-03-04 02:00:00+00:00,0.4103515
2025-03-04 03:00:00+00:00,0.41138949999999996
2025-03-04 04:00:00+00:00,0.40631874999999995
2025-03-04 05:00:00+00:00,0.39849874999999996
2025-03-04 06:00:00+00:00,0.38137075
2025-03-04 07:00:00+00:00,0.32422
2025-03-04 08:00:00+00:00,0.21101775
2025-03-04 09:00:00+00:00,0.14150574999999999
2025-03-04 10:00:00+00:00,0.09877605
2025-03-04 11:00:00+00:00,0.088280775
2025-03-04 12:00:00+00:00,0.080641275
2025-03-04 13:00:00+00:00,0.091596625
2025-03-04 14:00:00+00:00,0.12268100000000001
2025-03-04 15:00:00+00:00,0.1908135
2025-03-04 16:00:00+00:00,0.29188250000000004
2025-03-04 17:00:00+00:00,0.35939675000000004
2025-03-04 18:00:00+00:00,0.36928075000000005
2025-03-04 19:00:00+00:00,0.37104574999999995
2025-03-04 20:00:00+00:00,0.37377675
2025-03-04 21:00:00+00:00,0.36934
2025-03-04 22:00:00+00:00,0.36586225000000006
2025-03-04 23:00:00+00:00,0.35358625
2025-03-05 00:00:00+00:00,0.31564375
2025-03-05 01:00:00+00:00,0.30210024999999996
2025-03-05 02:00:00+00:00,0.3135985
2025-03-05 03:00:00+00:00,0.3061365
2025-03-05 04:00:00+00:00,0.30506524999999995
2025-03-05 05:00:00+00:00,0.30828199999999994
2025-03-05 06:00:00+00:00,0.28841525
2025-03-05 07:00:00+00:00,0.20834575
2025-03-05 08:00:00+00:00,0.1306245
2025-03-05 09:00:00+00:00,0.10609874999999999
2025-03-05 10:00:00+00:00,0.10543225
2025-03-05 11:00:00+00:00,0.10683775000000001
2025-03-05 12:00:00+00:00,0.11020200000000001
2025-03-05 13:00:00+00:00,0.11087025
2025-03-05 14:00:00+00:00,0.11219175
2025-03-05 15:00:00+00:00,0.15057025
2025-03-05 16:00:00+00:00,0.1973605
2025-03-05 17:00:00+00:00,0.24623849999999997
2025-03-05 18:00:00+00:00,0.27540375
2025-03-05 19:00:00+00:00,0.3109445
2025-03-05 20:00:00+00:00,0.32083700000000004
2025-03-05 21:00:00+00:00,0.36409
2025-03-05 22:00:00+00:00,0.376997
2025-03-05 23:00:00+00:00,0.359233
2025-03-06 00:00:00+00:00,0.37096074999999995
2025-03-06 01:00:00+00:00,0.37120925
2025-03-06 02:00:00+00:00,0.36691799999999997
2025-03-06 03:00:00+00:00,0.370809
2025-03-06 04:00:00+00:00,0.37829825
2025-03-06 05:00:00+00:00,0.3771485
2025-03-06 06:00:00+00:00,0.37122925
2025-03-06 07:00:00+00:00,0.29588825
2025-03-06 08:00:00+00:00,0.172603
2025-03-06 09:00:00+00:00,0.105375825
2025-03-06 10:00:00+00:00,0.08324720000000001
2025-03-06 11:00:00+00:00,0.08277427500000001
2025-03-06 12:00:00+00:00,0.07902769999999999
2025-03-06 13:00:00+00:00,0.077362625
2025-03-06 14:00:00+00:00,0.1073259
2025-03-06 15:00:00+00:00,0.1893865
2025-03-06 16:00:00+00:00,0.27515875
2025-03-06 17:00:00+00:00,0.35500449999999995
2025-03-06 18:00:00+00:00,0.36600625
2025-03-06 19:00:00+00:00,0.35929199999999994
2025-03-06 20:00:00+00:00,0.35395899999999997
2025-03-06 21:00:00+00:00,0.34211825
2025-03-06 22:00:00+00:00,0.33279675
2025-03-06 23:00:00+00:00,0.32098475000000004
2025-03-07 00:00:00+00:00,0.3202645
2025-03-07 01:00:00+00:00,0.32715974999999997
2025-03-07 02:00:00+00:00,0.33392275000000005
2025-03-07 03:00:00+00:00,0.34784525
2025-03-07 04:00:00+00:00,0.35085475
2025-03-07 05:00:00+00:00,0.35223099999999996
2025-03-07 06:00:00+00:00,0.35876274999999996
2025-03-07 07:00:00+00:00,0.29953675
2025-03-07 08:00:00+00:00,0.181339
2025-03-07 09:00:00+00:00,0.1055602
2025-03-07 10:00:00+00:00,0.078518775
2025-03-07 11:00:00+00:00,0.07317575
2025-03-07 12:00:00+00:00,0.07450905
2025-03-07 13:00:00+00:00,0.08319342499999999
2025-03-07 14:00:00+00:00,0.12827775
2025-03-07 15:00:00+00:00,0.22215875000000002
2025-03-07 16:00:00+00:00,0.31407875
2025-03-07 17:00:00+00:00,0.39113049999999994
2025-03-07 18:00:00+00:00,0.39999799999999996
2025-03-07 19:00:00+00:00,0.403169
2025-03-07 20:00:00+00:00,0.400571
2025-03-07 21:00:00+00:00,0.39481575
2025-03-07 22:00:00+00:00,0.39487825000000004
2025-03-07 23:00:00+00:00,0.380245
2025-03-08 00:00:00+00:00,0.36611799999999994
2025-03-08 01:00:00+00:00,0.36450675
2025-03-08 02:00:00+00:00,0.37356625
2025-03-08 03:00:00+00:00,0.37952949999999996
2025-03-08 04:00:00+00:00,0.3810565
2025-03-08 05:00:00+00:00,0.3685105
2025-03-08 06:00:00+00:00,0.33492625
2025-03-08 07:00:00+00:00,0.231892
2025-03-08 08:00:00+00:00,0.131303
2025-03-08 09:00:00+00:00,0.088817125
2025-03-08 10:00:00+00:00,0.071059125
2025-03-08 11:00:00+00:00,0.06964275
2025-03-08 12:00:00+00:00,0.06824854999999999
2025-03-08 13:00:00+00:00,0.063950575
2025-03-08 14:00:00+00:00,0.077531775
2025-03-08 15:00:00+00:00,0.12822975
2025-03-08 16:00:00+00:00,0.22941975
2025-03-08 17:00:00+00:00,0.3162055
2025-03-08 18:00:00+00:00,0.331356
2025-03-08 19:00:00+00:00,0.32129699999999994
2025-03-08 20:00:00+00:00,0.29302275
2025-03-08 21:00:00+00:00,0.26706074999999996
2025-03-08 22:00:00+00:00,0.26290125000000003
2025-03-08 23:00:00+00:00,0.285092
2025-03-09 00:00:00+00:00,0.31452375
2025-03-09 01:00:00+00:00,0.32240525000000003
2025-03-09 02:00:00+00:00,0.346999
2025-03-09 03:00:00+00:00,0.36038725
2025-03-09 04:00:00+00:00,0.36309075
2025-03-09 05:00:00+00:00,0.350393
2025-03-09 06:00:00+00:00,0.3215805
2025-03-09 07:00:00+00:00,0.21252074999999998
2025-03-09 08:00:00+00:00,0.127942
2025-03-09 09:00:00+00:00,0.092372
2025-03-09 10:00:00+00:00,0.080437875
2025-03-09 11:00:00+00:00,0.0753615
2025-03-09 12:00:00+00:00,0.07049825
2025-03-09 13:00:00+00:00,0.07922925
2025-03-09 14:00:00+00:00,0.0975555
2025-03-09 15:00:00+00:00,0.16063824999999998
2025-03-09 16:00:00+00:00,0.27094775
2025-03-09 17:00:00+00:00,0.36868700000000004
2025-03-09 18:00:00+00:00,0.37648424999999996
2025-03-09 19:00:00+00:00,0.37192
2025-03-09 20:00:00+00:00,0.374216
2025-03-09 21:00:00+00:00,0.3783475
2025-03-09 22:00:00+00:00,0.38333675
2025-03-09 23:00:00+00:00,0.39072175000000003
2025-03-10 00:00:00+00:00,0.3977225
2025-03-10 01:00:00+00:00,0.40493500000000004
2025-03-10 02:00:00+00:00,0.40732575000000004
2025-03-10 03:00:00+00:00,0.40803725
2025-03-10 04:00:00+00:00,0.40570950000000006
2025-03-10 05:00:00+00:00,0.39761775
2025-03-10 06:00:00+00:00,0.38341274999999997
2025-03-10 07:00:00+00:00,0.31574525
2025-03-10 08:00:00+00:00,0.23985625
2025-03-10 09:00:00+00:00,0.17666049999999997
2025-03-10 10:00:00+00:00,0.1326275
2025-03-10 11:00:00+00:00,0.11132800000000001
2025-03-10 12:00:00+00:00,0.11967675
2025-03-10 13:00:00+00:00,0.1465035
2025-03-10 14:00:00+00:00,0.17988375
2025-03-10 15:00:00+00:00,0.23277675
2025-03-10 16:00:00+00:00,0.29462
2025-03-10 17:00:00+00:00,0.3471465
2025-03-10 18:00:00+00:00,0.35522525
2025-03-10 19:00:00+00:00,0.35616375
2025-03-10 20:00:00+00:00,0.35205425
2025-03-10 21:00:00+00:00,0.35619225
2025-03-10 22:00:00+00:00,0.35315825
2025-03-10 23:00:00+00:00,0.3422085
2025-03-11 00:00:00+00:00,0.33754775
2025-03-11 01:00:00+00:00,0.33519075
2025-03-11 02:00:00+00:00,0.32458125
2025-03-11 03:00:00+00:00,0.30595174999999997
2025-03-11 04:00:00+00:00,0.30405725
2025-03-11 05:00:00+00:00,0.3009125
2025-03-11 06:00:00+00:00,0.31935325
2025-03-11 07:00:00+00:00,0.31836475
2025-03-11 08:00:00+00:00,0.30164375
2025-03-11 09:00:00+00:00,0.27552625000000003
2025-03-11 10:00:00+00:00,0.25660275
2025-03-11 11:00:00+00:00,0.2360315
2025-03-11 12:00:00+00:00,0.2097435
2025-03-11 13:00:00+00:00,0.21029025
2025-03-11 14:00:00+00:00,0.20766625
2025-03-11 15:00:00+00:00,0.21812775
2025-03-11 16:00:00+00:00,0.25752200000000003
2025-03-11 17:00:00+00:00,0.30109525000000004
2025-03-11 18:00:00+00:00,0.32957875
2025-03-11 19:00:00+00:00,0.34333125
2025-03-11 20:00:00+00:00,0.35524574999999997
2025-03-11 21:00:00+00:00,0.36253225
2025-03-11 22:00:00+00:00,0.3647355
2025-03-11 23:00:00+00:00,0.363256
2025-03-12 00:00:00+00:00,0.36526375
2025-03-12 01:00:00+00:00,0.3604485
2025-03-12 02:00:00+00:00,0.35916099999999995
2025-03-12 03:00:00+00:00,0.35432450000000004
2025-03-12 04:00:00+00:00,0.3611785
2025-03-12 05:00:00+00:00,0.367024
2025-03-12 06:00:00+00:00,0.36030000000000006
2025-03-12 07:00:00+00:00,0.3169165
2025-03-12 08:00:00+00:00,0.25795925000000003
2025-03-12 09:00:00+00:00,0.22495175
2025-03-12 10:00:00+00:00,0.20822575
2025-03-12 11:00:00+00:00,0.19106849999999997
2025-03-12 12:00:00+00:00,0.20667125
2025-03-12 13:00:00+00:00,0.22008575
2025-03-12 14:00:00+00:00,0.23751125
2025-03-12 15:00:00+00:00,0.261141
2025-03-12 16:00:00+00:00,0.30299275
2025-03-12 17:00:00+00:00,0.372441
2025-03-12 18:00:00+00:00,0.39762850000000005
2025-03-12 19:00:00+00:00,0.40235899999999997
2025-03-12 20:00:00+00:00,0.40188625
2025-03-12 21:00:00+00:00,0.40225500000000003
2025-03-12 22:00:00+00:00,0.4008955
2025-03-12 23:00:00+00:00,0.39869525
2025-03-13 00:00:00+00:00,0.39000875
2025-03-13 01:00:00+00:00,0.3846545
2025-03-13 02:00:00+00:00,0.394648
2025-03-13 03:00:00+00:00,0.39736950000000004
2025-03-13 04:00:00+00:00,0.39265525
2025-03-13 05:00:00+00:00,0.3908145
2025-03-13 06:00:00+00:00,0.37797525
2025-03-13 07:00:00+00:00,0.3208795
2025-03-13 08:00:00+00:00,0.27448025
2025-03-13 09:00:00+00:00,0.23295725
2025-03-13 10:00:00+00:00,0.22706475
2025-03-13 11:00:00+00:00,0.2243885
2025-03-13 12:00:00+00:00,0.22689175
2025-03-13 13:00:00+00:00,0.225468
2025-03-13 14:00:00+00:00,0.24435075
2025-03-13 15:00:00+00:00,0.255873
2025-03-13 16:00:00+00:00,0.284216
2025-03-13 17:00:00+00:00,0.324293
2025-03-13 18:00:00+00:00,0.346523
2025-03-13 19:00:00+00:00,0.3624665
2025-03-13 20:00:00+00:00,0.36684275000000005
2025-03-13 21:00:00+00:00,0.380337
2025-03-13 22:00:00+00:00,0.38118125
2025-03-13 23:00:00+00:00,0.38731974999999996
2025-03-14 00:00:00+00:00,0.38996
2025-03-14 01:00:00+00:00,0.39446125
2025-03-14 02:00:00+00:00,0.3899955
2025-03-14 03:00:00+00:00,0.39064075000000004
2025-03-14 04:00:00+00:00,0.3894725
2025-03-14 05:00:00+00:00,0.391468
2025-03-14 06:00:00+00:00,0.38227900000000004
2025-03-14 07:00:00+00:00,0.3133705
2025-03-14 08:00:00+00:00,0.2614435
2025-03-14 09:00:00+00:00,0.23603125
2025-03-14 10:00:00+00:00,0.21261625
2025-03-14 11:00:00+00:00,0.21801275
2025-03-14 12:00:00+00:00,0.21785049999999997
2025-03-14 13:00:00+00:00,0.2253725
2025-03-14 14:00:00+00:00,0.226595
2025-03-14 15:00:00+00:00,0.2325095
2025-03-14 16:00:00+00:00,0.24734775
2025-03-14 17:00:00+00:00,0.28222775
2025-03-14 18:00:00+00:00,0.300872
2025-03-14 19:00:00+00:00,0.31172174999999996
2025-03-14 20:00:00+00:00,0.30217324999999995
2025-03-14 21:00:00+00:00,0.289913
2025-03-14 22:00:00+00:00,0.289547
2025-03-14 23:00:00+00:00,0.28195950000000003
2025-03-15 00:00:00+00:00,0.27985275
2025-03-15 01:00:00+00:00,0.2951325
2025-03-15 02:00:00+00:00,0.30391375
2025-03-15 03:00:00+00:00,0.2912165
2025-03-15 04:00:00+00:00,0.29162449999999995
2025-03-15 05:00:00+00:00,0.2849515
2025-03-15 06:00:00+00:00,0.2683255
2025-03-15 07:00:00+00:00,0.2100135
2025-03-15 08:00:00+00:00,0.1307645
2025-03-15 09:00:00+00:00,0.08784815
2025-03-15 10:00:00+00:00,0.0708772
2025-03-15 11:00:00+00:00,0.07211995
2025-03-15 12:00:00+00:00,0.07334375
2025-03-15 13:00:00+00:00,0.07834094999999999
2025-03-15 14:00:00+00:00,0.08658595
2025-03-15 15:00:00+00:00,0.13254375000000002
2025-03-15 16:00:00+00:00,0.20627875
2025-03-15 17:00:00+00:00,0.249524
2025-03-15 18:00:00+00:00,0.27413975
2025-03-15 19:00:00+00:00,0.28737749999999995
2025-03-15 20:00:00+00:00,0.29477075
2025-03-15 21:00:00+00:00,0.30437400000000003
2025-03-15 22:00:00+00:00,0.30240475
2025-03-15 23:00:00+00:00,0.31381225
2025-03-16 00:00:00+00:00,0.31868375
2025-03-16 01:00:00+00:00,0.3128655
2025-03-16 02:00:00+00:00,0.31559824999999997
2025-03-16 03:00:00+00:00,0.322187
2025-03-16 04:00:00+00:00,0.33637125
2025-03-16 05:00:00+00:00,0.33116274999999995
2025-03-16 06:00:00+00:00,0.2778835
2025-03-16 07:00:00+00:00,0.1637875
2025-03-16 08:00:00+00:00,0.110790775
2025-03-16 09:00:00+00:00,0.0881702
2025-03-16 10:00:00+00:00,0.080925
2025-03-16 11:00:00+00:00,0.07926695
2025-03-16 12:00:00+00:00,0.07795682500000001
2025-03-16 13:00:00+00:00,0.076406775
2025-03-16 14:00:00+00:00,0.08856885
2025-03-16 15:00:00+00:00,0.1296145
2025-03-16 16:00:00+00:00,0.22118875000000002
2025-03-16 17:00:00+00:00,0.30911325
2025-03-16 18:00:00+00:00,0.350442
2025-03-16 19:00:00+00:00,0.3631525
2025-03-16 20:00:00+00:00,0.3643715
2025-03-16 21:00:00+00:00,0.37025475
2025-03-16 22:00:00+00:00,0.3592705
2025-03-16 23:00:00+00:00,0.32714475
2025-03-17 00:00:00+00:00,0.31639150000000005
2025-03-17 01:00:00+00:00,0.3170285
2025-03-17 02:00:00+00:00,0.31870025
2025-03-17 03:00:00+00:00,0.32269775
2025-03-17 04:00:00+00:00,0.32629975
2025-03-17 05:00:00+00:00,0.324813
2025-03-17 06:00:00+00:00,0.31001175
2025-03-17 07:00:00+00:00,0.25902525
2025-03-17 08:00:00+00:00,0.15783325
2025-03-17 09:00:00+00:00,0.09208295
2025-03-17 10:00:00+00:00,0.070411525
2025-03-17 11:00:00+00:00,0.067478125
2025-03-17 12:00:00+00:00,0.06480525
2025-03-17 13:00:00+00:00,0.06342022500000001
2025-03-17 14:00:00+00:00,0.08074777500000001
2025-03-17 15:00:00+00:00,0.14280025000000002
2025-03-17 16:00:00+00:00,0.21498325
2025-03-17 17:00:00+00:00,0.28535275
2025-03-17 18:00:00+00:00,0.3209075
2025-03-17 19:00:00+00:00,0.32460500000000003
2025-03-17 20:00:00+00:00,0.32317425
2025-03-17 21:00:00+00:00,0.31447349999999996
2025-03-17 22:00:00+00:00,0.308037
2025-03-17 23:00:00+00:00,0.307672
2025-03-18 00:00:00+00:00,0.3165445
2025-03-18 01:00:00+00:00,0.334326
2025-03-18 02:00:00+00:00,0.34619924999999996
2025-03-18 03:00:00+00:00,0.36035575
2025-03-18 04:00:00+00:00,0.36115274999999997
2025-03-18 05:00:00+00:00,0.35736625
2025-03-18 06:00:00+00:00,0.33125325000000005
2025-03-18 07:00:00+00:00,0.23123725
2025-03-18 08:00:00+00:00,0.1247406
2025-03-18 09:00:00+00:00,0.070965625
2025-03-18 10:00:00+00:00,0.06110499999999999
2025-03-18 11:00:00+00:00,0.060132225000000004
2025-03-18 12:00:00+00:00,0.0604014
2025-03-18 13:00:00+00:00,0.059001
2025-03-18 14:00:00+00:00,0.06943155000000001
2025-03-18 15:00:00+00:00,0.11723549999999999
2025-03-18 16:00:00+00:00,0.20127799999999998
2025-03-18 17:00:00+00:00,0.27945075
2025-03-18 18:00:00+00:00,0.3177145
2025-03-18 19:00:00+00:00,0.31942975
2025-03-18 20:00:00+00:00,0.3178155
2025-03-18 21:00:00+00:00,0.31466975
2025-03-18 22:00:00+00:00,0.32582625
2025-03-18 23:00:00+00:00,0.34920124999999996
2025-03-19 00:00:00+00:00,0.37230199999999997
2025-03-19 01:00:00+00:00,0.38769950000000003
2025-03-19 02:00:00+00:00,0.396192
2025-03-19 03:00:00+00:00,0.397597
2025-03-19 04:00:00+00:00,0.3977295
2025-03-19 05:00:00+00:00,0.394133
2025-03-19 06:00:00+00:00,0.36970600000000003
2025-03-19 07:00:00+00:00,0.27342725
2025-03-19 08:00:00+00:00,0.15522124999999998
2025-03-19 09:00:00+00:00,0.0893194
2025-03-19 10:00:00+00:00,0.070449925
2025-03-19 11:00:00+00:00,0.06926265000000001
2025-03-19 12:00:00+00:00,0.06907464999999999
2025-03-19 13:00:00+00:00,0.069217925
2025-03-19 14:00:00+00:00,0.100367975
2025-03-19 15:00:00+00:00,0.1835005
2025-03-19 16:00:00+00:00,0.29310225
2025-03-19 17:00:00+00:00,0.38741325000000004
2025-03-19 18:00:00+00:00,0.419502
2025-03-19 19:00:00+00:00,0.42234525
2025-03-19 20:00:00+00:00,0.42138425
2025-03-19 21:00:00+00:00,0.42348175
2025-03-19 22:00:00+00:00,0.427392
2025-03-19 23:00:00+00:00,0.43334550000000005
2025-03-20 00:00:00+00:00,0.43403600000000003
2025-03-20 01:00:00+00:00,0.43334075
2025-03-20 02:00:00+00:00,0.43195675
2025-03-20 03:00:00+00:00,0.43000574999999996
2025-03-20 04:00:00+00:00,0.42408775
2025-03-20 05:00:00+00:00,0.42176775
2025-03-20 06:00:00+00:00,0.3947555
2025-03-20 07:00:00+00:00,0.295972
2025-03-20 08:00:00+00:00,0.16641725000000002
2025-03-20 09:00:00+00:00,0.104929525
2025-03-20 10:00:00+00:00,0.0805071
2025-03-20 11:00:00+00:00,0.07506027500000001
2025-03-20 12:00:00+00:00,0.0750175
2025-03-20 13:00:00+00:00,0.08599290000000001
2025-03-20 14:00:00+00:00,0.13005575
2025-03-20 15:00:00+00:00,0.22402499999999997
2025-03-20 16:00:00+00:00,0.31804425000000003
2025-03-20 17:00:00+00:00,0.3935165
2025-03-20 18:00:00+00:00,0.412454
2025-03-20 19:00:00+00:00,0.4088815
2025-03-20 20:00:00+00:00,0.3963175
2025-03-20 21:00:00+00:00,0.37897175
2025-03-20 22:00:00+00:00,0.3537245
2025-03-20 23:00:00+00:00,0.34152425
2025-03-21 00:00:00+00:00,0.3435245
2025-03-21 01:00:00+00:00,0.357489
2025-03-21 02:00:00+00:00,0.35412325
2025-03-21 03:00:00+00:00,0.34321825000000006
2025-03-21 04:00:00+00:00,0.3416735
2025-03-21 05:00:00+00:00,0.33170425
2025-03-21 06:00:00+00:00,0.27521725
2025-03-21 07:00:00+00:00,0.16879450000000001
2025-03-21 08:00:00+00:00,0.08342190000000001
2025-03-21 09:00:00+00:00,0.043594975
2025-03-21 10:00:00+00:00,0.028743875
2025-03-21 11:00:00+00:00,0.02765105
2025-03-21 12:00:00+00:00,0.026314075
2025-03-21 13:00:00+00:00,0.0275267
2025-03-21 14:00:00+00:00,0.028672200000000002
2025-03-21 15:00:00+00:00,0.038488075000000004
2025-03-21 16:00:00+00:00,0.0674224
2025-03-21 17:00:00+00:00,0.102179075
2025-03-21 18:00:00+00:00,0.1061165
2025-03-21 19:00:00+00:00,0.102983925
2025-03-21 20:00:00+00:00,0.083524525
2025-03-21 21:00:00+00:00,0.080823075
2025-03-21 22:00:00+00:00,0.081400625
2025-03-21 23:00:00+00:00,0.07088114999999999
2025-03-22 00:00:00+00:00,0.0716107
2025-03-22 01:00:00+00:00,0.073102025
2025-03-22 02:00:00+00:00,0.07686195
2025-03-22 03:00:00+00:00,0.07848229999999999
2025-03-22 04:00:00+00:00,0.082614125
2025-03-22 05:00:00+00:00,0.08750277499999999
2025-03-22 06:00:00+00:00,0.08051554999999999
2025-03-22 07:00:00+00:00,0.06046245
2025-03-22 08:00:00+00:00,0.04934365
2025-03-22 09:00:00+00:00,0.041442574999999995
2025-03-22 10:00:00+00:00,0.0369925
2025-03-22 11:00:00+00:00,0.032608175
2025-03-22 12:00:00+00:00,0.03402775
2025-03-22 13:00:00+00:00,0.040072275
2025-03-22 14:00:00+00:00,0.04727755
2025-03-22 15:00:00+00:00,0.06998702500000001
2025-03-22 16:00:00+00:00,0.1138901
2025-03-22 17:00:00+00:00,0.15615125
2025-03-22 18:00:00+00:00,0.1701025
2025-03-22 19:00:00+00:00,0.16644000000000003
2025-03-22 20:00:00+00:00,0.16174625
2025-03-22 21:00:00+00:00,0.14238675
2025-03-22 22:00:00+00:00,0.12163025000000001
2025-03-22 23:00:00+00:00,0.11805525
2025-03-23 00:00:00+00:00,0.11620000000000001
2025-03-23 01:00:00+00:00,0.1130885
2025-03-23 02:00:00+00:00,0.11680200000000002
2025-03-23 03:00:00+00:00,0.12167725
2025-03-23 04:00:00+00:00,0.13269075
2025-03-23 05:00:00+00:00,0.147272
2025-03-23 06:00:00+00:00,0.1437685
2025-03-23 07:00:00+00:00,0.11833774999999999
2025-03-23 08:00:00+00:00,0.0901982
2025-03-23 09:00:00+00:00,0.06969495
2025-03-23 10:00:00+00:00,0.0641169
2025-03-23 11:00:00+00:00,0.064673325
2025-03-23 12:00:00+00:00,0.065625475
2025-03-23 13:00:00+00:00,0.07616110000000001
2025-03-23 14:00:00+00:00,0.09759232500000001
2025-03-23 15:00:00+00:00,0.15684900000000002
2025-03-23 16:00:00+00:00,0.27291049999999994
2025-03-23 17:00:00+00:00,0.34130325
2025-03-23 18:00:00+00:00,0.36431175
2025-03-23 19:00:00+00:00,0.36242274999999996
2025-03-23 20:00:00+00:00,0.362025
2025-03-23 21:00:00+00:00,0.3624855
2025-03-23 22:00:00+00:00,0.3643685
2025-03-23 23:00:00+00:00,0.3717185
2025-03-24 00:00:00+00:00,0.37981175
2025-03-24 01:00:00+00:00,0.38041274999999997
2025-03-24 02:00:00+00:00,0.385078
2025-03-24 03:00:00+00:00,0.37346225
2025-03-24 04:00:00+00:00,0.3592179999999999
2025-03-24 05:00:00+00:00,0.35332525000000004
2025-03-24 06:00:00+00:00,0.3373045
2025-03-24 07:00:00+00:00,0.29181075
2025-03-24 08:00:00+00:00,0.242334
2025-03-24 09:00:00+00:00,0.19018125
2025-03-24 10:00:00+00:00,0.15546025
2025-03-24 11:00:00+00:00,0.137594
2025-03-24 12:00:00+00:00,0.1274725
2025-03-24 13:00:00+00:00,0.1520245
2025-03-24 14:00:00+00:00,0.170348
2025-03-24 15:00:00+00:00,0.20254575
2025-03-24 16:00:00+00:00,0.25984375
2025-03-24 17:00:00+00:00,0.31752375
2025-03-24 18:00:00+00:00,0.35021349999999996
2025-03-24 19:00:00+00:00,0.36522725
2025-03-24 20:00:00+00:00,0.37829925
2025-03-24 21:00:00+00:00,0.38645624999999995
2025-03-24 22:00:00+00:00,0.39019600000000004
2025-03-24 23:00:00+00:00,0.39093675000000006
2025-03-25 00:00:00+00:00,0.39273199999999997
2025-03-25 01:00:00+00:00,0.39033975
2025-03-25 02:00:00+00:00,0.37830775000000005
2025-03-25 03:00:00+00:00,0.37339225000000004
2025-03-25 04:00:00+00:00,0.369973
2025-03-25 05:00:00+00:00,0.35908125
2025-03-25 06:00:00+00:00,0.33832425
2025-03-25 07:00:00+00:00,0.28459475
2025-03-25 08:00:00+00:00,0.22179200000000002
2025-03-25 09:00:00+00:00,0.16114925
2025-03-25 10:00:00+00:00,0.107211025
2025-03-25 11:00:00+00:00,0.081567125
2025-03-25 12:00:00+00:00,0.08203674999999999
2025-03-25 13:00:00+00:00,0.107630175
2025-03-25 14:00:00+00:00,0.171827
2025-03-25 15:00:00+00:00,0.24545325
2025-03-25 16:00:00+00:00,0.30353625
2025-03-25 17:00:00+00:00,0.34351575
2025-03-25 18:00:00+00:00,0.3493115
2025-03-25 19:00:00+00:00,0.35047174999999997
2025-03-25 20:00:00+00:00,0.342754
2025-03-25 21:00:00+00:00,0.3437385
2025-03-25 22:00:00+00:00,0.34985075
2025-03-25 23:00:00+00:00,0.3491225
2025-03-26 00:00:00+00:00,0.348451
2025-03-26 01:00:00+00:00,0.34616275
2025-03-26 02:00:00+00:00,0.35344925000000005
2025-03-26 03:00:00+00:00,0.3467735
2025-03-26 04:00:00+00:00,0.34776775000000004
2025-03-26 05:00:00+00:00,0.34417325
2025-03-26 06:00:00+00:00,0.33688325
2025-03-26 07:00:00+00:00,0.31520075000000003
2025-03-26 08:00:00+00:00,0.27117800000000003
2025-03-26 09:00:00+00:00,0.24959125000000001
2025-03-26 10:00:00+00:00,0.239054
2025-03-26 11:00:00+00:00,0.22355625
2025-03-26 12:00:00+00:00,0.21502425
2025-03-26 13:00:00+00:00,0.226831
2025-03-26 14:00:00+00:00,0.24215299999999998
2025-03-26 15:00:00+00:00,0.26204675
2025-03-26 16:00:00+00:00,0.29703025000000005
2025-03-26 17:00:00+00:00,0.3516715
2025-03-26 18:00:00+00:00,0.40020025000000004
2025-03-26 19:00:00+00:00,0.40314375
2025-03-26 20:00:00+00:00,0.40358675
2025-03-26 21:00:00+00:00,0.40423175
2025-03-26 22:00:00+00:00,0.403014
2025-03-26 23:00:00+00:00,0.39968175
2025-03-27 00:00:00+00:00,0.39465174999999997
2025-03-27 01:00:00+00:00,0.39062175
2025-03-27 02:00:00+00:00,0.38742875
2025-03-27 03:00:00+00:00,0.38098200000000004
2025-03-27 04:00:00+00:00,0.37500100000000003
2025-03-27 05:00:00+00:00,0.36858175000000004
2025-03-27 06:00:00+00:00,0.3129825
2025-03-27 07:00:00+00:00,0.22759000000000001
2025-03-27 08:00:00+00:00,0.124289075
2025-03-27 09:00:00+00:00,0.07196939999999999
2025-03-27 10:00:00+00:00,0.0559116
2025-03-27 11:00:00+00:00,0.053175925
2025-03-27 12:00:00+00:00,0.05268347500000001
2025-03-27 13:00:00+00:00,0.05607625
2025-03-27 14:00:00+00:00,0.066626725
2025-03-27 15:00:00+00:00,0.12163837500000002
2025-03-27 16:00:00+00:00,0.23341075
2025-03-27 17:00:00+00:00,0.333496
2025-03-27 18:00:00+00:00,0.37963775
2025-03-27 19:00:00+00:00,0.37268525
2025-03-27 20:00:00+00:00,0.35814525
2025-03-27 21:00:00+00:00,0.343155
2025-03-27 22:00:00+00:00,0.32414375
2025-03-27 23:00:00+00:00,0.29805375
2025-03-28 00:00:00+00:00,0.2546615
2025-03-28 01:00:00+00:00,0.22204375
2025-03-28 02:00:00+00:00,0.21531675
2025-03-28 03:00:00+00:00,0.23749075
2025-03-28 04:00:00+00:00,0.25688325
2025-03-28 05:00:00+00:00,0.24111700000000003
2025-03-28 06:00:00+00:00,0.19900500000000002
2025-03-28 07:00:00+00:00,0.14367075
2025-03-28 08:00:00+00:00,0.0962779
2025-03-28 09:00:00+00:00,0.07941177499999999
2025-03-28 10:00:00+00:00,0.066498825
2025-03-28 11:00:00+00:00,0.059078074999999994
2025-03-28 12:00:00+00:00,0.057458825
2025-03-28 13:00:00+00:00,0.058935675
2025-03-28 14:00:00+00:00,0.085268675
2025-03-28 15:00:00+00:00,0.15815075
2025-03-28 16:00:00+00:00,0.2661755
2025-03-28 17:00:00+00:00,0.35193975
2025-03-28 18:00:00+00:00,0.3804345
2025-03-28 19:00:00+00:00,0.38408275000000003
2025-03-28 20:00:00+00:00,0.37716999999999995
2025-03-28 21:00:00+00:00,0.37031400000000003
2025-03-28 22:00:00+00:00,0.3797725
2025-03-28 23:00:00+00:00,0.3653675
2025-03-29 00:00:00+00:00,0.34757249999999995
2025-03-29 01:00:00+00:00,0.34518249999999995
2025-03-29 02:00:00+00:00,0.34556275000000003
2025-03-29 03:00:00+00:00,0.3333975
2025-03-29 04:00:00+00:00,0.31076550000000003
2025-03-29 05:00:00+00:00,0.3067065
2025-03-29 06:00:00+00:00,0.22816225
2025-03-29 07:00:00+00:00,0.13744575
2025-03-29 08:00:00+00:00,0.083500075
2025-03-29 09:00:00+00:00,0.06848315
2025-03-29 10:00:00+00:00,0.06310522499999999
2025-03-29 11:00:00+00:00,0.06881229999999999
2025-03-29 12:00:00+00:00,0.05802165
2025-03-29 13:00:00+00:00,0.051011125000000004
2025-03-29 14:00:00+00:00,0.05442385
2025-03-29 15:00:00+00:00,0.0741435
2025-03-29 16:00:00+00:00,0.1261585
2025-03-29 17:00:00+00:00,0.22731500000000002
2025-03-29 18:00:00+00:00,0.25803149999999997
2025-03-29 19:00:00+00:00,0.23104
2025-03-29 20:00:00+00:00,0.18067225
2025-03-29 21:00:00+00:00,0.13956075
2025-03-29 22:00:00+00:00,0.10610382500000001
2025-03-29 23:00:00+00:00,0.07310225
2025-03-30 00:00:00+00:00,0.06122564999999999
2025-03-30 01:00:00+00:00,0.0331877
2025-03-30 02:00:00+00:00,0.055336675
2025-03-30 03:00:00+00:00,0.056363675
2025-03-30 04:00:00+00:00,0.06283929999999999
2025-03-30 05:00:00+00:00,0.06353835
2025-03-30 06:00:00+00:00,0.06472235000000001
2025-03-30 07:00:00+00:00,0.055347875000000005
2025-03-30 08:00:00+00:00,0.0446689
2025-03-30 09:00:00+00:00,0.037901825
2025-03-30 10:00:00+00:00,0.03433815
2025-03-30 11:00:00+00:00,0.032236275
2025-03-30 12:00:00+00:00,0.03146015
2025-03-30 13:00:00+00:00,0.034745775000000007
2025-03-30 14:00:00+00:00,0.03661625
2025-03-30 15:00:00+00:00,0.04194775
2025-03-30 16:00:00+00:00,0.0544429
2025-03-30 17:00:00+00:00,0.07183690000000001
2025-03-30 18:00:00+00:00,0.07981289999999999
2025-03-30 19:00:00+00:00,0.0786365
2025-03-30 20:00:00+00:00,0.07218427499999999
2025-03-30 21:00:00+00:00,0.07905714999999999
2025-03-30 22:00:00+00:00,0.09031240000000001
2025-03-30 23:00:00+00:00,0.09950742500000001
2025-03-31 00:00:00+00:00,0.10921449999999999
2025-03-31 01:00:00+00:00,0.12243425
2025-03-31 02:00:00+00:00,0.1386375
2025-03-31 03:00:00+00:00,0.18441025
2025-03-31 04:00:00+00:00,0.25342175
2025-03-31 05:00:00+00:00,0.28777874999999997
2025-03-31 06:00:00+00:00,0.27776175000000003
2025-03-31 07:00:00+00:00,0.22979725
2025-03-31 08:00:00+00:00,0.14843900000000002
2025-03-31 09:00:00+00:00,0.09591314999999999
2025-03-31 10:00:00+00:00,0.07383719999999999
2025-03-31 11:00:00+00:00,0.061069475
2025-03-31 12:00:00+00:00,0.05722175
2025-03-31 13:00:00+00:00,0.061417650000000004
2025-03-31 14:00:00+00:00,0.081042175
2025-03-31 15:00:00+00:00,0.13364074999999997
2025-03-31 16:00:00+00:00,0.208138
2025-03-31 17:00:00+00:00,0.28253075
2025-03-31 18:00:00+00:00,0.34423625
2025-03-31 19:00:00+00:00,0.35615775
2025-03-31 20:00:00+00:00,0.36528525
2025-03-31 21:00:00+00:00,0.37134649999999997
2025-03-31 22:00:00+00:00,0.37473825
2025-03-31 23:00:00+00:00,0.37104075
2025-04-01 00:00:00+00:00,0.39130975
2025-04-01 01:00:00+00:00,0.392507
2025-04-01 02:00:00+00:00,0.39019025
2025-04-01 03:00:00+00:00,0.3861965
2025-04-01 04:00:00+00:00,0.38269200000000003
2025-04-01 05:00:00+00:00,0.3756885
2025-04-01 06:00:00+00:00,0.32626425000000003
2025-04-01 07:00:00+00:00,0.24384950000000002
2025-04-01 08:00:00+00:00,0.121500575
2025-04-01 09:00:00+00:00,0.060221725000000004
2025-04-01 10:00:00+00:00,0.044787325
2025-04-01 11:00:00+00:00,0.042786725
2025-04-01 12:00:00+00:00,0.040531975
2025-04-01 13:00:00+00:00,0.042598125
2025-04-01 14:00:00+00:00,0.046486625000000004
2025-04-01 15:00:00+00:00,0.062995075
2025-04-01 16:00:00+00:00,0.1243621
2025-04-01 17:00:00+00:00,0.1993945
2025-04-01 18:00:00+00:00,0.244475
2025-04-01 19:00:00+00:00,0.24783400000000003
2025-04-01 20:00:00+00:00,0.20604650000000002
2025-04-01 21:00:00+00:00,0.15323275
2025-04-01 22:00:00+00:00,0.12424750000000001
2025-04-01 23:00:00+00:00,0.12199525
2025-04-02 00:00:00+00:00,0.12337174999999999
2025-04-02 01:00:00+00:00,0.12410700000000001
2025-04-02 02:00:00+00:00,0.127339
2025-04-02 03:00:00+00:00,0.1319585
2025-04-02 04:00:00+00:00,0.13618575000000002
2025-04-02 05:00:00+00:00,0.15105125
2025-04-02 06:00:00+00:00,0.119555
2025-04-02 07:00:00+00:00,0.063335525
2025-04-02 08:00:00+00:00,0.0401969
2025-04-02 09:00:00+00:00,0.03400565
2025-04-02 10:00:00+00:00,0.0289726
2025-04-02 11:00:00+00:00,0.027421450000000003
2025-04-02 12:00:00+00:00,0.02730345
2025-04-02 13:00:00+00:00,0.0300728
2025-04-02 14:00:00+00:00,0.033198675
2025-04-02 15:00:00+00:00,0.035381474999999996
2025-04-02 16:00:00+00:00,0.050330075
2025-04-02 17:00:00+00:00,0.0753446
2025-04-02 18:00:00+00:00,0.09545997499999999
2025-04-02 19:00:00+00:00,0.091982775
2025-04-02 20:00:00+00:00,0.07389512499999999
2025-04-02 21:00:00+00:00,0.06955164999999999
2025-04-02 22:00:00+00:00,0.069082525
2025-04-02 23:00:00+00:00,0.0641814
2025-04-03 00:00:00+00:00,0.06854887500000001
2025-04-03 01:00:00+00:00,0.070932525
2025-04-03 02:00:00+00:00,0.075289225
2025-04-03 03:00:00+00:00,0.101236125
2025-04-03 04:00:00+00:00,0.15547775
2025-04-03 05:00:00+00:00,0.16478625
2025-04-03 06:00:00+00:00,0.12964175
2025-04-03 07:00:00+00:00,0.067673425
2025-04-03 08:00:00+00:00,0.035883
2025-04-03 09:00:00+00:00,0.030637074999999996
2025-04-03 10:00:00+00:00,0.028265474999999998
2025-04-03 11:00:00+00:00,0.02601485
2025-04-03 12:00:00+00:00,0.024100025
2025-04-03 13:00:00+00:00,0.025533174999999998
2025-04-03 14:00:00+00:00,0.028841525
2025-04-03 15:00:00+00:00,0.0657252
2025-04-03 16:00:00+00:00,0.140431
2025-04-03 17:00:00+00:00,0.22523725
2025-04-03 18:00:00+00:00,0.29465025
2025-04-03 19:00:00+00:00,0.30096775
2025-04-03 20:00:00+00:00,0.28498175000000003
2025-04-03 21:00:00+00:00,0.26855775
2025-04-03 22:00:00+00:00,0.2709055
2025-04-03 23:00:00+00:00,0.27396525
2025-04-04 00:00:00+00:00,0.300987
2025-04-04 01:00:00+00:00,0.323355
2025-04-04 02:00:00+00:00,0.34132875
2025-04-04 03:00:00+00:00,0.347905
2025-04-04 04:00:00+00:00,0.34729975
2025-04-04 05:00:00+00:00,0.3423655
2025-04-04 06:00:00+00:00,0.269619
2025-04-04 07:00:00+00:00,0.144893
2025-04-04 08:00:00+00:00,0.072660425
2025-04-04 09:00:00+00:00,0.046174675
2025-04-04 10:00:00+00:00,0.0281794
2025-04-04 11:00:00+00:00,0.023776650000000003
2025-04-04 12:00:00+00:00,0.023930075
2025-04-04 13:00:00+00:00,0.0251966
2025-04-04 14:00:00+00:00,0.026692149999999998
2025-04-04 15:00:00+00:00,0.04760025
2025-04-04 16:00:00+00:00,0.10602115
2025-04-04 17:00:00+00:00,0.155401
2025-04-04 18:00:00+00:00,0.18924074999999999
2025-04-04 19:00:00+00:00,0.17207825
2025-04-04 20:00:00+00:00,0.14312075000000002
2025-04-04 21:00:00+00:00,0.1258765
2025-04-04 22:00:00+00:00,0.13006099999999998
2025-04-04 23:00:00+00:00,0.1324485
2025-04-05 00:00:00+00:00,0.14839425
2025-04-05 01:00:00+00:00,0.16241475
2025-04-05 02:00:00+00:00,0.152168
2025-04-05 03:00:00+00:00,0.15352925
2025-04-05 04:00:00+00:00,0.15612375
2025-04-05 05:00:00+00:00,0.14157324999999998
2025-04-05 06:00:00+00:00,0.08802114999999999
2025-04-05 07:00:00+00:00,0.04777325
2025-04-05 08:00:00+00:00,0.034031675
2025-04-05 09:00:00+00:00,0.027892875
2025-04-05 10:00:00+00:00,0.024836024999999998
2025-04-05 11:00:00+00:00,0.022825875
2025-04-05 12:00:00+00:00,0.0220034
2025-04-05 13:00:00+00:00,0.023108450000000003
2025-04-05 14:00:00+00:00,0.025897375
2025-04-05 15:00:00+00:00,0.028454025
2025-04-05 16:00:00+00:00,0.038765575000000004
2025-04-05 17:00:00+00:00,0.059247325
2025-04-05 18:00:00+00:00,0.0767312
2025-04-05 19:00:00+00:00,0.08518342500000001
2025-04-05 20:00:00+00:00,0.08601904999999999
2025-04-05 21:00:00+00:00,0.0808536
2025-04-05 22:00:00+00:00,0.07871315000000001
2025-04-05 23:00:00+00:00,0.077401125
2025-04-06 00:00:00+00:00,0.0839073
2025-04-06 01:00:00+00:00,0.0892575
2025-04-06 02:00:00+00:00,0.095687575
2025-04-06 03:00:00+00:00,0.0978885
2025-04-06 04:00:00+00:00,0.10283400000000001
2025-04-06 05:00:00+00:00,0.106561
2025-04-06 06:00:00+00:00,0.08026570000000001
2025-04-06 07:00:00+00:00,0.051296850000000005
2025-04-06 08:00:00+00:00,0.04279895
2025-04-06 09:00:00+00:00,0.0364215
2025-04-06 10:00:00+00:00,0.032419
2025-04-06 11:00:00+00:00,0.0306722
2025-04-06 12:00:00+00:00,0.029752274999999998
2025-04-06 13:00:00+00:00,0.031638
2025-04-06 14:00:00+00:00,0.035363525
2025-04-06 15:00:00+00:00,0.03917375
2025-04-06 16:00:00+00:00,0.087459975
2025-04-06 17:00:00+00:00,0.17036600000000002
2025-04-06 18:00:00+00:00,0.24106024999999998
2025-04-06 19:00:00+00:00,0.26938325
2025-04-06 20:00:00+00:00,0.26936475
2025-04-06 21:00:00+00:00,0.2844005
2025-04-06 22:00:00+00:00,0.27385550000000003
2025-04-06 23:00:00+00:00,0.30660925
2025-04-07 00:00:00+00:00,0.3508935
2025-04-07 01:00:00+00:00,0.38086175
2025-04-07 02:00:00+00:00,0.40310525
2025-04-07 03:00:00+00:00,0.4064795
2025-04-07 04:00:00+00:00,0.40651950000000003
2025-04-07 05:00:00+00:00,0.39706325
2025-04-07 06:00:00+00:00,0.31746975
2025-04-07 07:00:00+00:00,0.23215449999999999
2025-04-07 08:00:00+00:00,0.13591224999999998
2025-04-07 09:00:00+00:00,0.084537325
2025-04-07 10:00:00+00:00,0.065508625
2025-04-07 11:00:00+00:00,0.061964250000000005
2025-04-07 12:00:00+00:00,0.062313175
2025-04-07 13:00:00+00:00,0.068478125
2025-04-07 14:00:00+00:00,0.09602725
2025-04-07 15:00:00+00:00,0.15937
2025-04-07 16:00:00+00:00,0.23199525
2025-04-07 17:00:00+00:00,0.28657775
2025-04-07 18:00:00+00:00,0.33575
2025-04-07 19:00:00+00:00,0.3592635
2025-04-07 20:00:00+00:00,0.37443925
2025-04-07 21:00:00+00:00,0.37678075
2025-04-07 22:00:00+00:00,0.38720325
2025-04-07 23:00:00+00:00,0.40441525
2025-04-08 00:00:00+00:00,0.42326525
2025-04-08 01:00:00+00:00,0.43304050000000005
2025-04-08 02:00:00+00:00,0.43211099999999997
2025-04-08 03:00:00+00:00,0.4307875
2025-04-08 04:00:00+00:00,0.43137925000000005
2025-04-08 05:00:00+00:00,0.4191825
2025-04-08 06:00:00+00:00,0.33800325
2025-04-08 07:00:00+00:00,0.24936325
2025-04-08 08:00:00+00:00,0.15219475
2025-04-08 09:00:00+00:00,0.085759525
2025-04-08 10:00:00+00:00,0.0670348
2025-04-08 11:00:00+00:00,0.062282525
2025-04-08 12:00:00+00:00,0.060026075000000005
2025-04-08 13:00:00+00:00,0.0702219
2025-04-08 14:00:00+00:00,0.103334
2025-04-08 15:00:00+00:00,0.177128
2025-04-08 16:00:00+00:00,0.25599625
2025-04-08 17:00:00+00:00,0.3090905
2025-04-08 18:00:00+00:00,0.35139950000000003
2025-04-08 19:00:00+00:00,0.36707924999999997
2025-04-08 20:00:00+00:00,0.37532275
2025-04-08 21:00:00+00:00,0.39404150000000004
2025-04-08 22:00:00+00:00,0.40374924999999995
2025-04-08 23:00:00+00:00,0.42064525
2025-04-09 00:00:00+00:00,0.42708524999999997
2025-04-09 01:00:00+00:00,0.43314874999999997
2025-04-09 02:00:00+00:00,0.43464225
2025-04-09 03:00:00+00:00,0.43094475
2025-04-09 04:00:00+00:00,0.4221325
2025-04-09 05:00:00+00:00,0.4000815
2025-04-09 06:00:00+00:00,0.35063875
2025-04-09 07:00:00+00:00,0.2690785
2025-04-09 08:00:00+00:00,0.176552
2025-04-09 09:00:00+00:00,0.09793185
2025-04-09 10:00:00+00:00,0.06358145
2025-04-09 11:00:00+00:00,0.0607868
2025-04-09 12:00:00+00:00,0.059451075
2025-04-09 13:00:00+00:00,0.056866575
2025-04-09 14:00:00+00:00,0.073294
2025-04-09 15:00:00+00:00,0.120352225
2025-04-09 16:00:00+00:00,0.20263725
2025-04-09 17:00:00+00:00,0.26698974999999997
2025-04-09 18:00:00+00:00,0.29628725
2025-04-09 19:00:00+00:00,0.31781325
2025-04-09 20:00:00+00:00,0.32744425
2025-04-09 21:00:00+00:00,0.32337425
2025-04-09 22:00:00+00:00,0.3409475
2025-04-09 23:00:00+00:00,0.34255975000000005
2025-04-10 00:00:00+00:00,0.34930325
2025-04-10 01:00:00+00:00,0.355149
2025-04-10 02:00:00+00:00,0.34402925
2025-04-10 03:00:00+00:00,0.34046
2025-04-10 04:00:00+00:00,0.34366775
2025-04-10 05:00:00+00:00,0.34002774999999996
2025-04-10 06:00:00+00:00,0.33237475
2025-04-10 07:00:00+00:00,0.29265175
2025-04-10 08:00:00+00:00,0.25395125
2025-04-10 09:00:00+00:00,0.19254775000000002
2025-04-10 10:00:00+00:00,0.1364905
2025-04-10 11:00:00+00:00,0.093278275
2025-04-10 12:00:00+00:00,0.07897547499999999
2025-04-10 13:00:00+00:00,0.07868535
2025-04-10 14:00:00+00:00,0.0861432
2025-04-10 15:00:00+00:00,0.1293085
2025-04-10 16:00:00+00:00,0.23062025
2025-04-10 17:00:00+00:00,0.32889325
2025-04-10 18:00:00+00:00,0.401105
2025-04-10 19:00:00+00:00,0.4217085
2025-04-10 20:00:00+00:00,0.40757350000000003
2025-04-10 21:00:00+00:00,0.3887465
2025-04-10 22:00:00+00:00,0.38280125000000004
2025-04-10 23:00:00+00:00,0.3896575
2025-04-11 00:00:00+00:00,0.392775
2025-04-11 01:00:00+00:00,0.39801425
2025-04-11 02:00:00+00:00,0.40084800000000004
2025-04-11 03:00:00+00:00,0.39756900000000006
2025-04-11 04:00:00+00:00,0.39499425
2025-04-11 05:00:00+00:00,0.37366999999999995
2025-04-11 06:00:00+00:00,0.311673
2025-04-11 07:00:00+00:00,0.201661
2025-04-11 08:00:00+00:00,0.09526795
2025-04-11 09:00:00+00:00,0.0545581
2025-04-11 10:00:00+00:00,0.046060949999999996
2025-04-11 11:00:00+00:00,0.043183250000000006
2025-04-11 12:00:00+00:00,0.043853025000000004
2025-04-11 13:00:00+00:00,0.04781755
2025-04-11 14:00:00+00:00,0.060643525
2025-04-11 15:00:00+00:00,0.10395045
2025-04-11 16:00:00+00:00,0.21401925
2025-04-11 17:00:00+00:00,0.32239675
2025-04-11 18:00:00+00:00,0.40334175
2025-04-11 19:00:00+00:00,0.42284049999999995
2025-04-11 20:00:00+00:00,0.42572625
2025-04-11 21:00:00+00:00,0.42355375
2025-04-11 22:00:00+00:00,0.42564375000000004
2025-04-11 23:00:00+00:00,0.4218295
2025-04-12 00:00:00+00:00,0.419357
2025-04-12 01:00:00+00:00,0.416582
2025-04-12 02:00:00+00:00,0.41693874999999997
2025-04-12 03:00:00+00:00,0.40847200000000006
2025-04-12 04:00:00+00:00,0.388355
2025-04-12 05:00:00+00:00,0.34854275
2025-04-12 06:00:00+00:00,0.22984700000000002
2025-04-12 07:00:00+00:00,0.10094434999999999
2025-04-12 08:00:00+00:00,0.055889875000000006
2025-04-12 09:00:00+00:00,0.034978175
2025-04-12 10:00:00+00:00,0.030140875
2025-04-12 11:00:00+00:00,0.027209925000000003
2025-04-12 12:00:00+00:00,0.025811075000000003
2025-04-12 13:00:00+00:00,0.026809149999999997
2025-04-12 14:00:00+00:00,0.030331900000000002
2025-04-12 15:00:00+00:00,0.04081905
2025-04-12 16:00:00+00:00,0.09364405
2025-04-12 17:00:00+00:00,0.15311724999999998
2025-04-12 18:00:00+00:00,0.20276925
2025-04-12 19:00:00+00:00,0.17895475
2025-04-12 20:00:00+00:00,0.13255899999999998
2025-04-12 21:00:00+00:00,0.10659750000000001
2025-04-12 22:00:00+00:00,0.08765645000000001
2025-04-12 23:00:00+00:00,0.082058
2025-04-13 00:00:00+00:00,0.08257182500000002
2025-04-13 01:00:00+00:00,0.09058915000000001
2025-04-13 02:00:00+00:00,0.088927175
2025-04-13 03:00:00+00:00,0.0842247
2025-04-13 04:00:00+00:00,0.09154802499999999
2025-04-13 05:00:00+00:00,0.086069375
2025-04-13 06:00:00+00:00,0.0727498
2025-04-13 07:00:00+00:00,0.06073805
2025-04-13 08:00:00+00:00,0.0483224
2025-04-13 09:00:00+00:00,0.038948449999999996
2025-04-13 10:00:00+00:00,0.0354516
2025-04-13 11:00:00+00:00,0.031387099999999994
2025-04-13 12:00:00+00:00,0.027560850000000005
2025-04-13 13:00:00+00:00,0.0290097
2025-04-13 14:00:00+00:00,0.033690075
2025-04-13 15:00:00+00:00,0.049695325000000005
2025-04-13 16:00:00+00:00,0.1112875
2025-04-13 17:00:00+00:00,0.18236775
2025-04-13 18:00:00+00:00,0.219492
2025-04-13 19:00:00+00:00,0.25076975
2025-04-13 20:00:00+00:00,0.27614775
2025-04-13 21:00:00+00:00,0.2746405
2025-04-13 22:00:00+00:00,0.28329750000000004
2025-04-13 23:00:00+00:00,0.290553
2025-04-14 00:00:00+00:00,0.3090325
2025-04-14 01:00:00+00:00,0.34617349999999997
2025-04-14 02:00:00+00:00,0.37731649999999994
2025-04-14 03:00:00+00:00,0.3956865
2025-04-14 04:00:00+00:00,0.406132
2025-04-14 05:00:00+00:00,0.3965945
2025-04-14 06:00:00+00:00,0.337498
2025-04-14 07:00:00+00:00,0.265099
2025-04-14 08:00:00+00:00,0.17196475
2025-04-14 09:00:00+00:00,0.10392495
2025-04-14 10:00:00+00:00,0.075321775
2025-04-14 11:00:00+00:00,0.06707195
2025-04-14 12:00:00+00:00,0.06721065
2025-04-14 13:00:00+00:00,0.08444045
2025-04-14 14:00:00+00:00,0.135627
2025-04-14 15:00:00+00:00,0.21145675000000003
2025-04-14 16:00:00+00:00,0.27286825000000003
2025-04-14 17:00:00+00:00,0.33526925
2025-04-14 18:00:00+00:00,0.37947149999999996
2025-04-14 19:00:00+00:00,0.370332
2025-04-14 20:00:00+00:00,0.344606
2025-04-14 21:00:00+00:00,0.28112750000000003
2025-04-14 22:00:00+00:00,0.23131775
2025-04-14 23:00:00+00:00,0.18993125000000002
2025-04-15 00:00:00+00:00,0.17353074999999998
2025-04-15 01:00:00+00:00,0.158009
2025-04-15 02:00:00+00:00,0.16126475
2025-04-15 03:00:00+00:00,0.19275025
2025-04-15 04:00:00+00:00,0.24381425
2025-04-15 05:00:00+00:00,0.24733525
2025-04-15 06:00:00+00:00,0.1933145
2025-04-15 07:00:00+00:00,0.12395625
2025-04-15 08:00:00+00:00,0.079740275
2025-04-15 09:00:00+00:00,0.06148435000000001
2025-04-15 10:00:00+00:00,0.05636685
2025-04-15 11:00:00+00:00,0.071311075
2025-04-15 12:00:00+00:00,0.07892
2025-04-15 13:00:00+00:00,0.13027275
2025-04-15 14:00:00+00:00,0.17546075
2025-04-15 15:00:00+00:00,0.26344775
2025-04-15 16:00:00+00:00,0.32832449999999996
2025-04-15 17:00:00+00:00,0.35633075000000003
2025-04-15 18:00:00+00:00,0.42262925
2025-04-15 19:00:00+00:00,0.452773
2025-04-15 20:00:00+00:00,0.4549885
2025-04-15 21:00:00+00:00,0.44886325
2025-04-15 22:00:00+00:00,0.42112775
2025-04-15 23:00:00+00:00,0.37575725
2025-04-16 00:00:00+00:00,0.32300625
2025-04-16 01:00:00+00:00,0.30522799999999994
2025-04-16 02:00:00+00:00,0.29609875
2025-04-16 03:00:00+00:00,0.29762175
2025-04-16 04:00:00+00:00,0.3222125
2025-04-16 05:00:00+00:00,0.3231735
2025-04-16 06:00:00+00:00,0.31667825
2025-04-16 07:00:00+00:00,0.29557275000000005
2025-04-16 08:00:00+00:00,0.26010625
2025-04-16 09:00:00+00:00,0.24872674999999997
2025-04-16 10:00:00+00:00,0.209747
2025-04-16 11:00:00+00:00,0.19109175
2025-04-16 12:00:00+00:00,0.1951895
2025-04-16 13:00:00+00:00,0.217305
2025-04-16 14:00:00+00:00,0.22749175000000002
2025-04-16 15:00:00+00:00,0.30520225
2025-04-16 16:00:00+00:00,0.34849175
2025-04-16 17:00:00+00:00,0.3837425
2025-04-16 18:00:00+00:00,0.41421
2025-04-16 19:00:00+00:00,0.41950475
2025-04-16 20:00:00+00:00,0.425121
2025-04-16 21:00:00+00:00,0.433203
2025-04-16 22:00:00+00:00,0.44860500000000003
2025-04-16 23:00:00+00:00,0.45827549999999995
2025-04-17 00:00:00+00:00,0.46591225000000003
2025-04-17 01:00:00+00:00,0.466569
2025-04-17 02:00:00+00:00,0.46131425000000004
2025-04-17 03:00:00+00:00,0.45620324999999995
2025-04-17 04:00:00+00:00,0.45004750000000004
2025-04-17 05:00:00+00:00,0.44193649999999995
2025-04-17 06:00:00+00:00,0.4135915
2025-04-17 07:00:00+00:00,0.3746575
2025-04-17 08:00:00+00:00,0.34197150000000004
2025-04-17 09:00:00+00:00,0.313776
2025-04-17 10:00:00+00:00,0.2877705
2025-04-17 11:00:00+00:00,0.25750125
2025-04-17 12:00:00+00:00,0.2591745
2025-04-17 13:00:00+00:00,0.28838075
2025-04-17 14:00:00+00:00,0.31423625
2025-04-17 15:00:00+00:00,0.33196575
2025-04-17 16:00:00+00:00,0.3774685
2025-04-17 17:00:00+00:00,0.417358
2025-04-17 18:00:00+00:00,0.43932625
2025-04-17 19:00:00+00:00,0.44920875
2025-04-17 20:00:00+00:00,0.45543925
2025-04-17 21:00:00+00:00,0.45552075000000003
2025-04-17 22:00:00+00:00,0.45018800000000003
2025-04-17 23:00:00+00:00,0.45358025
2025-04-18 00:00:00+00:00,0.45168
2025-04-18 01:00:00+00:00,0.46069825
2025-04-18 02:00:00+00:00,0.46212875000000003
2025-04-18 03:00:00+00:00,0.45986925
2025-04-18 04:00:00+00:00,0.449368
2025-04-18 05:00:00+00:00,0.43851875
2025-04-18 06:00:00+00:00,0.4026195
2025-04-18 07:00:00+00:00,0.35067875000000004
2025-04-18 08:00:00+00:00,0.298886
2025-04-18 09:00:00+00:00,0.22802125
2025-04-18 10:00:00+00:00,0.13478075
2025-04-18 11:00:00+00:00,0.096019675
2025-04-18 12:00:00+00:00,0.08623575
2025-04-18 13:00:00+00:00,0.09887169999999999
2025-04-18 14:00:00+00:00,0.11435350000000001
2025-04-18 15:00:00+00:00,0.16007625000000003
2025-04-18 16:00:00+00:00,0.23427425
2025-04-18 17:00:00+00:00,0.3077255
2025-04-18 18:00:00+00:00,0.35593825
2025-04-18 19:00:00+00:00,0.3620135
2025-04-18 20:00:00+00:00,0.35816375
2025-04-18 21:00:00+00:00,0.37661700000000004
2025-04-18 22:00:00+00:00,0.3725925
2025-04-18 23:00:00+00:00,0.37039124999999995
2025-04-19 00:00:00+00:00,0.3600635
2025-04-19 01:00:00+00:00,0.367435
2025-04-19 02:00:00+00:00,0.38215950000000004
2025-04-19 03:00:00+00:00,0.38506025
2025-04-19 04:00:00+00:00,0.379945
2025-04-19 05:00:00+00:00,0.331463
2025-04-19 06:00:00+00:00,0.19706375
2025-04-19 07:00:00+00:00,0.110979725
2025-04-19 08:00:00+00:00,0.070475875
2025-04-19 09:00:00+00:00,0.057087124999999996
2025-04-19 10:00:00+00:00,0.05157579999999999
2025-04-19 11:00:00+00:00,0.04516004999999999
2025-04-19 12:00:00+00:00,0.041508075000000005
2025-04-19 13:00:00+00:00,0.0427915
2025-04-19 14:00:00+00:00,0.045737299999999995
2025-04-19 15:00:00+00:00,0.06549425
2025-04-19 16:00:00+00:00,0.12225195
2025-04-19 17:00:00+00:00,0.18702425
2025-04-19 18:00:00+00:00,0.23376125
2025-04-19 19:00:00+00:00,0.25752025
2025-04-19 20:00:00+00:00,0.26653675
2025-04-19 21:00:00+00:00,0.273323
2025-04-19 22:00:00+00:00,0.271279
2025-04-19 23:00:00+00:00,0.282121
2025-04-20 00:00:00+00:00,0.29657725
2025-04-20 01:00:00+00:00,0.308783
2025-04-20 02:00:00+00:00,0.3214205
2025-04-20 03:00:00+00:00,0.3272985
2025-04-20 04:00:00+00:00,0.33606749999999996
2025-04-20 05:00:00+00:00,0.31038625000000003
2025-04-20 06:00:00+00:00,0.2105135
2025-04-20 07:00:00+00:00,0.11946975
2025-04-20 08:00:00+00:00,0.08382265
2025-04-20 09:00:00+00:00,0.06903429999999999
2025-04-20 10:00:00+00:00,0.062393975
2025-04-20 11:00:00+00:00,0.054516325000000004
2025-04-20 12:00:00+00:00,0.054051875
2025-04-20 13:00:00+00:00,0.06298635
2025-04-20 14:00:00+00:00,0.083786325
2025-04-20 15:00:00+00:00,0.12848975
2025-04-20 16:00:00+00:00,0.2173065
2025-04-20 17:00:00+00:00,0.28689625
2025-04-20 18:00:00+00:00,0.337013
2025-04-20 19:00:00+00:00,0.36833825000000003
2025-04-20 20:00:00+00:00,0.3812875
2025-04-20 21:00:00+00:00,0.3876095
2025-04-20 22:00:00+00:00,0.39303800000000005
2025-04-20 23:00:00+00:00,0.400413
2025-04-21 00:00:00+00:00,0.40621925
2025-04-21 01:00:00+00:00,0.403004
2025-04-21 02:00:00+00:00,0.40595725
2025-04-21 03:00:00+00:00,0.40355925000000004
2025-04-21 04:00:00+00:00,0.40415500000000004
2025-04-21 05:00:00+00:00,0.38938025
2025-04-21 06:00:00+00:00,0.34326725
2025-04-21 07:00:00+00:00,0.277826
2025-04-21 08:00:00+00:00,0.19849075
2025-04-21 09:00:00+00:00,0.1406915
2025-04-21 10:00:00+00:00,0.11474775000000001
2025-04-21 11:00:00+00:00,0.13834125
2025-04-21 12:00:00+00:00,0.15759299999999998
2025-04-21 13:00:00+00:00,0.19821650000000002
2025-04-21 14:00:00+00:00,0.23067975
2025-04-21 15:00:00+00:00,0.2611485
2025-04-21 16:00:00+00:00,0.33254025
2025-04-21 17:00:00+00:00,0.37880125
2025-04-21 18:00:00+00:00,0.4136415
2025-04-21 19:00:00+00:00,0.42480425
2025-04-21 20:00:00+00:00,0.413114
2025-04-21 21:00:00+00:00,0.42362225
2025-04-21 22:00:00+00:00,0.43338425
2025-04-21 23:00:00+00:00,0.44078975
2025-04-22 00:00:00+00:00,0.4438695
2025-04-22 01:00:00+00:00,0.44451175
2025-04-22 02:00:00+00:00,0.44037425
2025-04-22 03:00:00+00:00,0.42935199999999996
2025-04-22 04:00:00+00:00,0.42248975
2025-04-22 05:00:00+00:00,0.41083
2025-04-22 06:00:00+00:00,0.371855
2025-04-22 07:00:00+00:00,0.327071
2025-04-22 08:00:00+00:00,0.26943324999999996
2025-04-22 09:00:00+00:00,0.20375975000000002
2025-04-22 10:00:00+00:00,0.13719399999999998
2025-04-22 11:00:00+00:00,0.10380255
2025-04-22 12:00:00+00:00,0.091806225
2025-04-22 13:00:00+00:00,0.11178874999999999
2025-04-22 14:00:00+00:00,0.15607749999999998
2025-04-22 15:00:00+00:00,0.209863
2025-04-22 16:00:00+00:00,0.29010974999999994
2025-04-22 17:00:00+00:00,0.36281225000000006
2025-04-22 18:00:00+00:00,0.42792800000000003
2025-04-22 19:00:00+00:00,0.43879524999999997
2025-04-22 20:00:00+00:00,0.43325625
2025-04-22 21:00:00+00:00,0.436493
2025-04-22 22:00:00+00:00,0.44034924999999997
2025-04-22 23:00:00+00:00,0.4457185
2025-04-23 00:00:00+00:00,0.44936275
2025-04-23 01:00:00+00:00,0.450702
2025-04-23 02:00:00+00:00,0.45075574999999996
2025-04-23 03:00:00+00:00,0.44756975
2025-04-23 04:00:00+00:00,0.4370425
2025-04-23 05:00:00+00:00,0.41788125
2025-04-23 06:00:00+00:00,0.36898200000000003
2025-04-23 07:00:00+00:00,0.318034
2025-04-23 08:00:00+00:00,0.275476
2025-04-23 09:00:00+00:00,0.25932425000000003
2025-04-23 10:00:00+00:00,0.24865175
2025-04-23 11:00:00+00:00,0.23873425
2025-04-23 12:00:00+00:00,0.23192374999999998
2025-04-23 13:00:00+00:00,0.22624525
2025-04-23 14:00:00+00:00,0.25633150000000005
2025-04-23 15:00:00+00:00,0.28394975
2025-04-23 16:00:00+00:00,0.295001
2025-04-23 17:00:00+00:00,0.3042025
2025-04-23 18:00:00+00:00,0.32427925
2025-04-23 19:00:00+00:00,0.3315375
2025-04-23 20:00:00+00:00,0.32952249999999994
2025-04-23 21:00:00+00:00,0.31124475
2025-04-23 22:00:00+00:00,0.30947274999999996
2025-04-23 23:00:00+00:00,0.2973095
2025-04-24 00:00:00+00:00,0.29121425
2025-04-24 01:00:00+00:00,0.28337599999999996
2025-04-24 02:00:00+00:00,0.277204
2025-04-24 03:00:00+00:00,0.27467675
2025-04-24 04:00:00+00:00,0.28512825
2025-04-24 05:00:00+00:00,0.2833325
2025-04-24 06:00:00+00:00,0.2738125
2025-04-24 07:00:00+00:00,0.25550525
2025-04-24 08:00:00+00:00,0.2385735
2025-04-24 09:00:00+00:00,0.21421924999999997
2025-04-24 10:00:00+00:00,0.1979515
2025-04-24 11:00:00+00:00,0.19983325000000002
2025-04-24 12:00:00+00:00,0.18777375
2025-04-24 13:00:00+00:00,0.1853115
2025-04-24 14:00:00+00:00,0.197775
2025-04-24 15:00:00+00:00,0.216184
2025-04-24 16:00:00+00:00,0.246883
2025-04-24 17:00:00+00:00,0.27750600000000003
2025-04-24 18:00:00+00:00,0.3061725
2025-04-24 19:00:00+00:00,0.31832825
2025-04-24 20:00:00+00:00,0.328137
2025-04-24 21:00:00+00:00,0.32952899999999996
2025-04-24 22:00:00+00:00,0.3497415
2025-04-24 23:00:00+00:00,0.37205375
2025-04-25 00:00:00+00:00,0.38650850000000003
2025-04-25 01:00:00+00:00,0.39812400000000003
2025-04-25 02:00:00+00:00,0.39436825
2025-04-25 03:00:00+00:00,0.38404525
2025-04-25 04:00:00+00:00,0.370695
2025-04-25 05:00:00+00:00,0.35829599999999995
2025-04-25 06:00:00+00:00,0.32912575
2025-04-25 07:00:00+00:00,0.29797825
2025-04-25 08:00:00+00:00,0.25821475
2025-04-25 09:00:00+00:00,0.203413
2025-04-25 10:00:00+00:00,0.14852175
2025-04-25 11:00:00+00:00,0.130277
2025-04-25 12:00:00+00:00,0.12263650000000001
2025-04-25 13:00:00+00:00,0.13227775
2025-04-25 14:00:00+00:00,0.152107
2025-04-25 15:00:00+00:00,0.1979445
2025-04-25 16:00:00+00:00,0.248746
2025-04-25 17:00:00+00:00,0.30367700000000003
2025-04-25 18:00:00+00:00,0.37611025
2025-04-25 19:00:00+00:00,0.40359325
2025-04-25 20:00:00+00:00,0.40773974999999996
2025-04-25 21:00:00+00:00,0.423958
2025-04-25 22:00:00+00:00,0.43473825
2025-04-25 23:00:00+00:00,0.42385649999999997
2025-04-26 00:00:00+00:00,0.42140725
2025-04-26 01:00:00+00:00,0.42139225
2025-04-26 02:00:00+00:00,0.42312025
2025-04-26 03:00:00+00:00,0.42562374999999997
2025-04-26 04:00:00+00:00,0.424586
2025-04-26 05:00:00+00:00,0.36166075
2025-04-26 06:00:00+00:00,0.24743625
2025-04-26 07:00:00+00:00,0.14665499999999998
2025-04-26 08:00:00+00:00,0.086194225
2025-04-26 09:00:00+00:00,0.053208175
2025-04-26 10:00:00+00:00,0.042983025
2025-04-26 11:00:00+00:00,0.039039975
2025-04-26 12:00:00+00:00,0.04029035
2025-04-26 13:00:00+00:00,0.04303115
2025-04-26 14:00:00+00:00,0.046110825
2025-04-26 15:00:00+00:00,0.0560837
2025-04-26 16:00:00+00:00,0.11326095
2025-04-26 17:00:00+00:00,0.20928375
2025-04-26 18:00:00+00:00,0.282236
2025-04-26 19:00:00+00:00,0.3101455
2025-04-26 20:00:00+00:00,0.322571
2025-04-26 21:00:00+00:00,0.33076825
2025-04-26 22:00:00+00:00,0.34140775
2025-04-26 23:00:00+00:00,0.352275
2025-04-27 00:00:00+00:00,0.34503724999999996
2025-04-27 01:00:00+00:00,0.3378425
2025-04-27 02:00:00+00:00,0.32462525
2025-04-27 03:00:00+00:00,0.31027275
2025-04-27 04:00:00+00:00,0.317816
2025-04-27 05:00:00+00:00,0.20852975
2025-04-27 06:00:00+00:00,0.10870015000000001
2025-04-27 07:00:00+00:00,0.06973950000000001
2025-04-27 08:00:00+00:00,0.052243025000000005
2025-04-27 09:00:00+00:00,0.041979875
2025-04-27 10:00:00+00:00,0.029092399999999997
2025-04-27 11:00:00+00:00,0.027638225
2025-04-27 12:00:00+00:00,0.02833805
2025-04-27 13:00:00+00:00,0.036833525
2025-04-27 14:00:00+00:00,0.04324425
2025-04-27 15:00:00+00:00,0.06480027499999999
2025-04-27 16:00:00+00:00,0.1407014
2025-04-27 17:00:00+00:00,0.2574805
2025-04-27 18:00:00+00:00,0.3348165
2025-04-27 19:00:00+00:00,0.37588325
2025-04-27 20:00:00+00:00,0.3880215
2025-04-27 21:00:00+00:00,0.39759124999999995
2025-04-27 22:00:00+00:00,0.40124350000000003
2025-04-27 23:00:00+00:00,0.39967425
2025-04-28 00:00:00+00:00,0.401564
2025-04-28 01:00:00+00:00,0.39891075
2025-04-28 02:00:00+00:00,0.397997
2025-04-28 03:00:00+00:00,0.39584274999999997
2025-04-28 04:00:00+00:00,0.38845025
2025-04-28 05:00:00+00:00,0.321858
2025-04-28 06:00:00+00:00,0.239012
2025-04-28 07:00:00+00:00,0.12048435
2025-04-28 08:00:00+00:00,0.05411025
2025-04-28 09:00:00+00:00,0.047152375
2025-04-28 10:00:00+00:00,0.041528775
2025-04-28 11:00:00+00:00,0.038295975
2025-04-28 12:00:00+00:00,0.040632425
2025-04-28 13:00:00+00:00,0.0428097
2025-04-28 14:00:00+00:00,0.048017975000000004
2025-04-28 15:00:00+00:00,0.101798525
2025-04-28 16:00:00+00:00,0.200277
2025-04-28 17:00:00+00:00,0.26976375
2025-04-28 18:00:00+00:00,0.343004
2025-04-28 19:00:00+00:00,0.3793665
2025-04-28 20:00:00+00:00,0.38558625
2025-04-28 21:00:00+00:00,0.38398499999999997
2025-04-28 22:00:00+00:00,0.386026
2025-04-28 23:00:00+00:00,0.38927874999999995
2025-04-29 00:00:00+00:00,0.3917575
2025-04-29 01:00:00+00:00,0.39081625
2025-04-29 02:00:00+00:00,0.38797475000000003
2025-04-29 03:00:00+00:00,0.3873225
2025-04-29 04:00:00+00:00,0.38091975
2025-04-29 05:00:00+00:00,0.31935325000000003
2025-04-29 06:00:00+00:00,0.23049275000000002
2025-04-29 07:00:00+00:00,0.12142862499999998
2025-04-29 08:00:00+00:00,0.062439675
2025-04-29 09:00:00+00:00,0.049597675
2025-04-29 10:00:00+00:00,0.0443398
2025-04-29 11:00:00+00:00,0.041857375
2025-04-29 12:00:00+00:00,0.041983775
2025-04-29 13:00:00+00:00,0.045175825
2025-04-29 14:00:00+00:00,0.047135775
2025-04-29 15:00:00+00:00,0.0829508
2025-04-29 16:00:00+00:00,0.175336
2025-04-29 17:00:00+00:00,0.23126375
2025-04-29 18:00:00+00:00,0.2871015
2025-04-29 19:00:00+00:00,0.30796500000000004
2025-04-29 20:00:00+00:00,0.3007425
2025-04-29 21:00:00+00:00,0.303554
2025-04-29 22:00:00+00:00,0.31119399999999997
2025-04-29 23:00:00+00:00,0.31884049999999997
2025-04-30 00:00:00+00:00,0.3216945
2025-04-30 01:00:00+00:00,0.33177475
2025-04-30 02:00:00+00:00,0.3446535
2025-04-30 03:00:00+00:00,0.35071525
2025-04-30 04:00:00+00:00,0.35483299999999995
2025-04-30 05:00:00+00:00,0.29531775
2025-04-30 06:00:00+00:00,0.21937874999999998
2025-04-30 07:00:00+00:00,0.11446935
2025-04-30 08:00:00+00:00,0.058009375
2025-04-30 09:00:00+00:00,0.04925675
2025-04-30 10:00:00+00:00,0.04544575
2025-04-30 11:00:00+00:00,0.042039275
2025-04-30 12:00:00+00:00,0.043522
2025-04-30 13:00:00+00:00,0.0465419
2025-04-30 14:00:00+00:00,0.04822860000000001
2025-04-30 15:00:00+00:00,0.07882935
2025-04-30 16:00:00+00:00,0.15820250000000002
2025-04-30 17:00:00+00:00,0.23313625000000002
2025-04-30 18:00:00+00:00,0.29673950000000004
2025-04-30 19:00:00+00:00,0.3359515
2025-04-30 20:00:00+00:00,0.3374065
2025-04-30 21:00:00+00:00,0.3396255
2025-04-30 22:00:00+00:00,0.34083450000000004
2025-04-30 23:00:00+00:00,0.34545899999999996
2025-05-01 00:00:00+00:00,0.353676
2025-05-01 01:00:00+00:00,0.36329274999999994
2025-05-01 02:00:00+00:00,0.3675485
2025-05-01 03:00:00+00:00,0.3587065
2025-05-01 04:00:00+00:00,0.344599
2025-05-01 05:00:00+00:00,0.25514675
2025-05-01 06:00:00+00:00,0.132099525
2025-05-01 07:00:00+00:00,0.06285725
2025-05-01 08:00:00+00:00,0.0467094
2025-05-01 09:00:00+00:00,0.039638625
2025-05-01 10:00:00+00:00,0.033773875
2025-05-01 11:00:00+00:00,0.031891825
2025-05-01 12:00:00+00:00,0.03165535
2025-05-01 13:00:00+00:00,0.034334825
2025-05-01 14:00:00+00:00,0.0415601
2025-05-01 15:00:00+00:00,0.06517162500000001
2025-05-01 16:00:00+00:00,0.14735725
2025-05-01 17:00:00+00:00,0.23644025000000002
2025-05-01 18:00:00+00:00,0.312148
2025-05-01 19:00:00+00:00,0.33698700000000004
2025-05-01 20:00:00+00:00,0.33609700000000003
2025-05-01 21:00:00+00:00,0.332022
2025-05-01 22:00:00+00:00,0.3192155
2025-05-01 23:00:00+00:00,0.30198625
2025-05-02 00:00:00+00:00,0.29661175
2025-05-02 01:00:00+00:00,0.281895
2025-05-02 02:00:00+00:00,0.27203299999999997
2025-05-02 03:00:00+00:00,0.26341675
2025-05-02 04:00:00+00:00,0.2671185
2025-05-02 05:00:00+00:00,0.21510325
2025-05-02 06:00:00+00:00,0.15593425
2025-05-02 07:00:00+00:00,0.0914562
2025-05-02 08:00:00+00:00,0.05451835
2025-05-02 09:00:00+00:00,0.050813250000000004
2025-05-02 10:00:00+00:00,0.06686392499999999
2025-05-02 11:00:00+00:00,0.047083349999999996
2025-05-02 12:00:00+00:00,0.032300875
2025-05-02 13:00:00+00:00,0.0296322
2025-05-02 14:00:00+00:00,0.029401175
2025-05-02 15:00:00+00:00,0.048279825
2025-05-02 16:00:00+00:00,0.12436755
2025-05-02 17:00:00+00:00,0.18915875
2025-05-02 18:00:00+00:00,0.23976800000000004
2025-05-02 19:00:00+00:00,0.26847425
2025-05-02 20:00:00+00:00,0.26099925
2025-05-02 21:00:00+00:00,0.26055399999999995
2025-05-02 22:00:00+00:00,0.259243
2025-05-02 23:00:00+00:00,0.2703915
2025-05-03 00:00:00+00:00,0.2755555
2025-05-03 01:00:00+00:00,0.28487724999999997
2025-05-03 02:00:00+00:00,0.28821475
2025-05-03 03:00:00+00:00,0.29672550000000003
2025-05-03 04:00:00+00:00,0.2953105
2025-05-03 05:00:00+00:00,0.22452225
2025-05-03 06:00:00+00:00,0.11533202499999999
2025-05-03 07:00:00+00:00,0.062932475
2025-05-03 08:00:00+00:00,0.046933100000000005
2025-05-03 09:00:00+00:00,0.043324350000000005
2025-05-03 10:00:00+00:00,0.041969025
2025-05-03 11:00:00+00:00,0.037186675
2025-05-03 12:00:00+00:00,0.035520499999999997
2025-05-03 13:00:00+00:00,0.048993775
2025-05-03 14:00:00+00:00,0.046874375
2025-05-03 15:00:00+00:00,0.0452867
2025-05-03 16:00:00+00:00,0.052938825
2025-05-03 17:00:00+00:00,0.0679243
2025-05-03 18:00:00+00:00,0.078323925
2025-05-03 19:00:00+00:00,0.08228265
2025-05-03 20:00:00+00:00,0.080104775
2025-05-03 21:00:00+00:00,0.07247867499999999
2025-05-03 22:00:00+00:00,0.07522157500000001
2025-05-03 23:00:00+00:00,0.0818137
2025-05-04 00:00:00+00:00,0.084501175
2025-05-04 01:00:00+00:00,0.0841106
2025-05-04 02:00:00+00:00,0.08251085
2025-05-04 03:00:00+00:00,0.073193325
2025-05-04 04:00:00+00:00,0.07746725
2025-05-04 05:00:00+00:00,0.07452745000000001
2025-05-04 06:00:00+00:00,0.05987049999999999
2025-05-04 07:00:00+00:00,0.050286750000000005
2025-05-04 08:00:00+00:00,0.043022825
2025-05-04 09:00:00+00:00,0.038357325
2025-05-04 10:00:00+00:00,0.03621735
2025-05-04 11:00:00+00:00,0.032472
2025-05-04 12:00:00+00:00,0.0349526
2025-05-04 13:00:00+00:00,0.0325126
2025-05-04 14:00:00+00:00,0.031568025
2025-05-04 15:00:00+00:00,0.038470775000000006
2025-05-04 16:00:00+00:00,0.059204775
2025-05-04 17:00:00+00:00,0.10948255
2025-05-04 18:00:00+00:00,0.150424
2025-05-04 19:00:00+00:00,0.1829095
2025-05-04 20:00:00+00:00,0.1931335
2025-05-04 21:00:00+00:00,0.19492325
2025-05-04 22:00:00+00:00,0.1938385
2025-05-04 23:00:00+00:00,0.20519425000000002
2025-05-05 00:00:00+00:00,0.2253245
2025-05-05 01:00:00+00:00,0.24333100000000002
2025-05-05 02:00:00+00:00,0.254102
2025-05-05 03:00:00+00:00,0.26221625000000004
2025-05-05 04:00:00+00:00,0.27404925
2025-05-05 05:00:00+00:00,0.226017
2025-05-05 06:00:00+00:00,0.15356325
2025-05-05 07:00:00+00:00,0.08568867499999999
2025-05-05 08:00:00+00:00,0.053783525
2025-05-05 09:00:00+00:00,0.03830725
2025-05-05 10:00:00+00:00,0.030886649999999998
2025-05-05 11:00:00+00:00,0.0292001
2025-05-05 12:00:00+00:00,0.02842045
2025-05-05 13:00:00+00:00,0.028051874999999997
2025-05-05 14:00:00+00:00,0.02781625
2025-05-05 15:00:00+00:00,0.041049550000000004
2025-05-05 16:00:00+00:00,0.074526825
2025-05-05 17:00:00+00:00,0.09876005
2025-05-05 18:00:00+00:00,0.11714325
2025-05-05 19:00:00+00:00,0.1395885
2025-05-05 20:00:00+00:00,0.15370825000000002
2025-05-05 21:00:00+00:00,0.15679725
2025-05-05 22:00:00+00:00,0.16351775000000002
2025-05-05 23:00:00+00:00,0.17898225
2025-05-06 00:00:00+00:00,0.189814
2025-05-06 01:00:00+00:00,0.20954250000000002
2025-05-06 02:00:00+00:00,0.2315935
2025-05-06 03:00:00+00:00,0.25492075000000003
2025-05-06 04:00:00+00:00,0.2563885
2025-05-06 05:00:00+00:00,0.22435725
2025-05-06 06:00:00+00:00,0.1646635
2025-05-06 07:00:00+00:00,0.085443575
2025-05-06 08:00:00+00:00,0.047820724999999994
2025-05-06 09:00:00+00:00,0.0387969
2025-05-06 10:00:00+00:00,0.035113475
2025-05-06 11:00:00+00:00,0.035691425
2025-05-06 12:00:00+00:00,0.035816575
2025-05-06 13:00:00+00:00,0.036598874999999996
2025-05-06 14:00:00+00:00,0.0471951
2025-05-06 15:00:00+00:00,0.073744225
2025-05-06 16:00:00+00:00,0.12320800000000001
2025-05-06 17:00:00+00:00,0.16154749999999998
2025-05-06 18:00:00+00:00,0.18805725
2025-05-06 19:00:00+00:00,0.20476899999999998
2025-05-06 20:00:00+00:00,0.21340775
2025-05-06 21:00:00+00:00,0.213804
2025-05-06 22:00:00+00:00,0.22258925
2025-05-06 23:00:00+00:00,0.24265874999999998
2025-05-07 00:00:00+00:00,0.26642775
2025-05-07 01:00:00+00:00,0.26856424999999995
2025-05-07 02:00:00+00:00,0.26818600000000004
2025-05-07 03:00:00+00:00,0.27586525
2025-05-07 04:00:00+00:00,0.27209275
2025-05-07 05:00:00+00:00,0.24772125
2025-05-07 06:00:00+00:00,0.20168250000000001
2025-05-07 07:00:00+00:00,0.15432600000000002
2025-05-07 08:00:00+00:00,0.11770725
2025-05-07 09:00:00+00:00,0.0882742
2025-05-07 10:00:00+00:00,0.086521975
2025-05-07 11:00:00+00:00,0.05876345
2025-05-07 12:00:00+00:00,0.0547384
2025-05-07 13:00:00+00:00,0.059519875
2025-05-07 14:00:00+00:00,0.060084
2025-05-07 15:00:00+00:00,0.07874385
2025-05-07 16:00:00+00:00,0.12147675
2025-05-07 17:00:00+00:00,0.16117075
2025-05-07 18:00:00+00:00,0.19181225
2025-05-07 19:00:00+00:00,0.2172835
2025-05-07 20:00:00+00:00,0.2162745
2025-05-07 21:00:00+00:00,0.210743
2025-05-07 22:00:00+00:00,0.22122925
2025-05-07 23:00:00+00:00,0.22808474999999998
2025-05-08 00:00:00+00:00,0.24115475000000003
2025-05-08 01:00:00+00:00,0.2516275
2025-05-08 02:00:00+00:00,0.263003
2025-05-08 03:00:00+00:00,0.26868349999999996
2025-05-08 04:00:00+00:00,0.2665745
2025-05-08 05:00:00+00:00,0.22325575
2025-05-08 06:00:00+00:00,0.17602175
2025-05-08 07:00:00+00:00,0.108558775
2025-05-08 08:00:00+00:00,0.053016574999999996
2025-05-08 09:00:00+00:00,0.030648725
2025-05-08 10:00:00+00:00,0.0303653
2025-05-08 11:00:00+00:00,0.034468675000000004
2025-05-08 12:00:00+00:00,0.032171975000000005
2025-05-08 13:00:00+00:00,0.040480300000000004
2025-05-08 14:00:00+00:00,0.053517949999999995
2025-05-08 15:00:00+00:00,0.0840402
2025-05-08 16:00:00+00:00,0.13195574999999998
2025-05-08 17:00:00+00:00,0.17498624999999998
2025-05-08 18:00:00+00:00,0.2143675
2025-05-08 19:00:00+00:00,0.24514249999999999
2025-05-08 20:00:00+00:00,0.2648205
2025-05-08 21:00:00+00:00,0.251719
2025-05-08 22:00:00+00:00,0.26076950000000004
2025-05-08 23:00:00+00:00,0.2662085
2025-05-09 00:00:00+00:00,0.2735555
2025-05-09 01:00:00+00:00,0.2753495
2025-05-09 02:00:00+00:00,0.279597
2025-05-09 03:00:00+00:00,0.30129275
2025-05-09 04:00:00+00:00,0.3025475
2025-05-09 05:00:00+00:00,0.2437645
2025-05-09 06:00:00+00:00,0.16818675
2025-05-09 07:00:00+00:00,0.06525834999999999
2025-05-09 08:00:00+00:00,0.0346506
2025-05-09 09:00:00+00:00,0.028138325
2025-05-09 10:00:00+00:00,0.0273329
2025-05-09 11:00:00+00:00,0.025442
2025-05-09 12:00:00+00:00,0.026691475
2025-05-09 13:00:00+00:00,0.028715775
2025-05-09 14:00:00+00:00,0.02847475
2025-05-09 15:00:00+00:00,0.038506349999999995
2025-05-09 16:00:00+00:00,0.091391925
2025-05-09 17:00:00+00:00,0.13691175
2025-05-09 18:00:00+00:00,0.171539
2025-05-09 19:00:00+00:00,0.20678324999999997
2025-05-09 20:00:00+00:00,0.22120299999999998
2025-05-09 21:00:00+00:00,0.21090775
2025-05-09 22:00:00+00:00,0.203463
2025-05-09 23:00:00+00:00,0.21025775000000002
2025-05-10 00:00:00+00:00,0.21788649999999998
2025-05-10 01:00:00+00:00,0.2365125
2025-05-10 02:00:00+00:00,0.25679874999999996
2025-05-10 03:00:00+00:00,0.26868875
2025-05-10 04:00:00+00:00,0.26086575
2025-05-10 05:00:00+00:00,0.18548399999999998
2025-05-10 06:00:00+00:00,0.10476727499999999
2025-05-10 07:00:00+00:00,0.055940025000000004
2025-05-10 08:00:00+00:00,0.041266449999999996
2025-05-10 09:00:00+00:00,0.03570715
2025-05-10 10:00:00+00:00,0.03253105
2025-05-10 11:00:00+00:00,0.0297559
2025-05-10 12:00:00+00:00,0.029449025000000004
2025-05-10 13:00:00+00:00,0.029696825
2025-05-10 14:00:00+00:00,0.030436075
2025-05-10 15:00:00+00:00,0.0351064
2025-05-10 16:00:00+00:00,0.07068197500000001
2025-05-10 17:00:00+00:00,0.13167525000000002
2025-05-10 18:00:00+00:00,0.17154775
2025-05-10 19:00:00+00:00,0.2045005
2025-05-10 20:00:00+00:00,0.2043195
2025-05-10 21:00:00+00:00,0.18805575
2025-05-10 22:00:00+00:00,0.17168700000000003
2025-05-10 23:00:00+00:00,0.1561535
2025-05-11 00:00:00+00:00,0.1377215
2025-05-11 01:00:00+00:00,0.145606
2025-05-11 02:00:00+00:00,0.16503325000000002
2025-05-11 03:00:00+00:00,0.17620575
2025-05-11 04:00:00+00:00,0.15424975
2025-05-11 05:00:00+00:00,0.091357925
2025-05-11 06:00:00+00:00,0.05970050000000001
2025-05-11 07:00:00+00:00,0.04567357500000001
2025-05-11 08:00:00+00:00,0.0367808
2025-05-11 09:00:00+00:00,0.032017125
2025-05-11 10:00:00+00:00,0.028844250000000002
2025-05-11 11:00:00+00:00,0.026461575
2025-05-11 12:00:00+00:00,0.026565775
2025-05-11 13:00:00+00:00,0.02903185
2025-05-11 14:00:00+00:00,0.0314699
2025-05-11 15:00:00+00:00,0.039578775
2025-05-11 16:00:00+00:00,0.06741
2025-05-11 17:00:00+00:00,0.144781
2025-05-11 18:00:00+00:00,0.1955055
2025-05-11 19:00:00+00:00,0.22620425
2025-05-11 20:00:00+00:00,0.21269
2025-05-11 21:00:00+00:00,0.1849465
2025-05-11 22:00:00+00:00,0.1463865
2025-05-11 23:00:00+00:00,0.14324925
2025-05-12 00:00:00+00:00,0.15332725
2025-05-12 01:00:00+00:00,0.167047
2025-05-12 02:00:00+00:00,0.17908575
2025-05-12 03:00:00+00:00,0.19848475000000002
2025-05-12 04:00:00+00:00,0.19602599999999998
2025-05-12 05:00:00+00:00,0.1580125
2025-05-12 06:00:00+00:00,0.105328925
2025-05-12 07:00:00+00:00,0.048111125000000005
2025-05-12 08:00:00+00:00,0.0318889
2025-05-12 09:00:00+00:00,0.023357825
2025-05-12 10:00:00+00:00,0.021241325
2025-05-12 11:00:00+00:00,0.020414
2025-05-12 12:00:00+00:00,0.020295149999999998
2025-05-12 13:00:00+00:00,0.021835824999999996
2025-05-12 14:00:00+00:00,0.028283825
2025-05-12 15:00:00+00:00,0.052311474999999996
2025-05-12 16:00:00+00:00,0.09808139999999999
2025-05-12 17:00:00+00:00,0.14361349999999998
2025-05-12 18:00:00+00:00,0.18178
2025-05-12 19:00:00+00:00,0.224576
2025-05-12 20:00:00+00:00,0.22473575
2025-05-12 21:00:00+00:00,0.187075
2025-05-12 22:00:00+00:00,0.1588235
2025-05-12 23:00:00+00:00,0.17423825
2025-05-13 00:00:00+00:00,0.18514875000000003
2025-05-13 01:00:00+00:00,0.18080225
2025-05-13 02:00:00+00:00,0.18597550000000002
2025-05-13 03:00:00+00:00,0.22041875
2025-05-13 04:00:00+00:00,0.23771399999999998
2025-05-13 05:00:00+00:00,0.194033
2025-05-13 06:00:00+00:00,0.1263705
2025-05-13 07:00:00+00:00,0.05607255
2025-05-13 08:00:00+00:00,0.035268125
2025-05-13 09:00:00+00:00,0.0294231
2025-05-13 10:00:00+00:00,0.026872024999999997
2025-05-13 11:00:00+00:00,0.0258074
2025-05-13 12:00:00+00:00,0.0268379
2025-05-13 13:00:00+00:00,0.0295354
2025-05-13 14:00:00+00:00,0.029551975
2025-05-13 15:00:00+00:00,0.0443836
2025-05-13 16:00:00+00:00,0.09225370000000001
2025-05-13 17:00:00+00:00,0.15284225
2025-05-13 18:00:00+00:00,0.19113900000000003
2025-05-13 19:00:00+00:00,0.21579375
2025-05-13 20:00:00+00:00,0.22596175000000002
2025-05-13 21:00:00+00:00,0.22990850000000002
2025-05-13 22:00:00+00:00,0.238841
2025-05-13 23:00:00+00:00,0.25905525
2025-05-14 00:00:00+00:00,0.27589050000000004
2025-05-14 01:00:00+00:00,0.29255124999999993
2025-05-14 02:00:00+00:00,0.308861
2025-05-14 03:00:00+00:00,0.31641074999999996
2025-05-14 04:00:00+00:00,0.3029035
2025-05-14 05:00:00+00:00,0.2451135
2025-05-14 06:00:00+00:00,0.15921375000000001
2025-05-14 07:00:00+00:00,0.0626222
2025-05-14 08:00:00+00:00,0.038885575
2025-05-14 09:00:00+00:00,0.0336162
2025-05-14 10:00:00+00:00,0.0280427
2025-05-14 11:00:00+00:00,0.026248625
2025-05-14 12:00:00+00:00,0.026105325
2025-05-14 13:00:00+00:00,0.025356024999999997
2025-05-14 14:00:00+00:00,0.02576815
2025-05-14 15:00:00+00:00,0.028277275
2025-05-14 16:00:00+00:00,0.05940655
2025-05-14 17:00:00+00:00,0.12633775
2025-05-14 18:00:00+00:00,0.163868
2025-05-14 19:00:00+00:00,0.18952924999999998
2025-05-14 20:00:00+00:00,0.1932275
2025-05-14 21:00:00+00:00,0.17547924999999998
2025-05-14 22:00:00+00:00,0.16913725
2025-05-14 23:00:00+00:00,0.1638965
2025-05-15 00:00:00+00:00,0.17330475
2025-05-15 01:00:00+00:00,0.16573949999999998
2025-05-15 02:00:00+00:00,0.16579574999999996
2025-05-15 03:00:00+00:00,0.175864
2025-05-15 04:00:00+00:00,0.16774475
2025-05-15 05:00:00+00:00,0.1514555
2025-05-15 06:00:00+00:00,0.12016550000000001
2025-05-15 07:00:00+00:00,0.06539862499999999
2025-05-15 08:00:00+00:00,0.033440525
2025-05-15 09:00:00+00:00,0.029536625
2025-05-15 10:00:00+00:00,0.024395524999999998
2025-05-15 11:00:00+00:00,0.02217515
2025-05-15 12:00:00+00:00,0.022110325
2025-05-15 13:00:00+00:00,0.022306374999999996
2025-05-15 14:00:00+00:00,0.02427205
2025-05-15 15:00:00+00:00,0.027433475
2025-05-15 16:00:00+00:00,0.03867545
2025-05-15 17:00:00+00:00,0.0885052
2025-05-15 18:00:00+00:00,0.14452525
2025-05-15 19:00:00+00:00,0.17484125
2025-05-15 20:00:00+00:00,0.18453025
2025-05-15 21:00:00+00:00,0.17965325
2025-05-15 22:00:00+00:00,0.17826324999999998
2025-05-15 23:00:00+00:00,0.19999875
2025-05-16 00:00:00+00:00,0.22490949999999998
2025-05-16 01:00:00+00:00,0.24075074999999999
2025-05-16 02:00:00+00:00,0.2539375
2025-05-16 03:00:00+00:00,0.260644
2025-05-16 04:00:00+00:00,0.24282549999999997
2025-05-16 05:00:00+00:00,0.18695874999999998
2025-05-16 06:00:00+00:00,0.13155925000000002
2025-05-16 07:00:00+00:00,0.064402725
2025-05-16 08:00:00+00:00,0.034930675
2025-05-16 09:00:00+00:00,0.0292464
2025-05-16 10:00:00+00:00,0.025994375
2025-05-16 11:00:00+00:00,0.02392395
2025-05-16 12:00:00+00:00,0.023920749999999998
2025-05-16 13:00:00+00:00,0.027702499999999998
2025-05-16 14:00:00+00:00,0.0318275
2025-05-16 15:00:00+00:00,0.046759749999999996
2025-05-16 16:00:00+00:00,0.0915687
2025-05-16 17:00:00+00:00,0.14862725
2025-05-16 18:00:00+00:00,0.17945100000000003
2025-05-16 19:00:00+00:00,0.20596024999999998
2025-05-16 20:00:00+00:00,0.22134700000000002
2025-05-16 21:00:00+00:00,0.20441575
2025-05-16 22:00:00+00:00,0.16972474999999998
2025-05-16 23:00:00+00:00,0.16856025
2025-05-17 00:00:00+00:00,0.17763925
2025-05-17 01:00:00+00:00,0.19451475
2025-05-17 02:00:00+00:00,0.19426875000000002
2025-05-17 03:00:00+00:00,0.187014
2025-05-17 04:00:00+00:00,0.16451200000000002
2025-05-17 05:00:00+00:00,0.09438780000000001
2025-05-17 06:00:00+00:00,0.0563703
2025-05-17 07:00:00+00:00,0.038530325
2025-05-17 08:00:00+00:00,0.032578875
2025-05-17 09:00:00+00:00,0.028807025000000003
2025-05-17 10:00:00+00:00,0.026743750000000004
2025-05-17 11:00:00+00:00,0.024538
2025-05-17 12:00:00+00:00,0.02442405
2025-05-17 13:00:00+00:00,0.024887025
2025-05-17 14:00:00+00:00,0.026983325000000002
2025-05-17 15:00:00+00:00,0.031691175
2025-05-17 16:00:00+00:00,0.053727224999999997
2025-05-17 17:00:00+00:00,0.12125757499999999
2025-05-17 18:00:00+00:00,0.18890825000000003
2025-05-17 19:00:00+00:00,0.22089275
2025-05-17 20:00:00+00:00,0.22873525
2025-05-17 21:00:00+00:00,0.22192024999999999
2025-05-17 22:00:00+00:00,0.20205225
2025-05-17 23:00:00+00:00,0.208597
2025-05-18 00:00:00+00:00,0.2213235
2025-05-18 01:00:00+00:00,0.22948175
2025-05-18 02:00:00+00:00,0.2312545
2025-05-18 03:00:00+00:00,0.2255665
2025-05-18 04:00:00+00:00,0.206198
2025-05-18 05:00:00+00:00,0.17036225
2025-05-18 06:00:00+00:00,0.11939425
2025-05-18 07:00:00+00:00,0.0858447
2025-05-18 08:00:00+00:00,0.070291675
2025-05-18 09:00:00+00:00,0.061337775000000004
2025-05-18 10:00:00+00:00,0.04619355
2025-05-18 11:00:00+00:00,0.042088175000000005
2025-05-18 12:00:00+00:00,0.03731275
2025-05-18 13:00:00+00:00,0.032734849999999996
2025-05-18 14:00:00+00:00,0.039769675000000004
2025-05-18 15:00:00+00:00,0.0443745
2025-05-18 16:00:00+00:00,0.08375425
2025-05-18 17:00:00+00:00,0.14447725
2025-05-18 18:00:00+00:00,0.212714
2025-05-18 19:00:00+00:00,0.28011575
2025-05-18 20:00:00+00:00,0.3061805
2025-05-18 21:00:00+00:00,0.3230735
2025-05-18 22:00:00+00:00,0.342909
2025-05-18 23:00:00+00:00,0.3531225
2025-05-19 00:00:00+00:00,0.35433400000000004
2025-05-19 01:00:00+00:00,0.35221125000000003
2025-05-19 02:00:00+00:00,0.349855
2025-05-19 03:00:00+00:00,0.3471105
2025-05-19 04:00:00+00:00,0.3186525
2025-05-19 05:00:00+00:00,0.24850375000000002
2025-05-19 06:00:00+00:00,0.1815165
2025-05-19 07:00:00+00:00,0.09644535000000001
2025-05-19 08:00:00+00:00,0.04837365
2025-05-19 09:00:00+00:00,0.038734525
2025-05-19 10:00:00+00:00,0.034563975000000004
2025-05-19 11:00:00+00:00,0.032933975000000004
2025-05-19 12:00:00+00:00,0.0340847
2025-05-19 13:00:00+00:00,0.039470200000000004
2025-05-19 14:00:00+00:00,0.04455099999999999
2025-05-19 15:00:00+00:00,0.066714825
2025-05-19 16:00:00+00:00,0.1143674
2025-05-19 17:00:00+00:00,0.17118500000000003
2025-05-19 18:00:00+00:00,0.218657
2025-05-19 19:00:00+00:00,0.2664075
2025-05-19 20:00:00+00:00,0.29040449999999995
2025-05-19 21:00:00+00:00,0.29406675
2025-05-19 22:00:00+00:00,0.304333
2025-05-19 23:00:00+00:00,0.31005950000000004
2025-05-20 00:00:00+00:00,0.315085
2025-05-20 01:00:00+00:00,0.32353149999999997
2025-05-20 02:00:00+00:00,0.33199975000000004
2025-05-20 03:00:00+00:00,0.33785725000000005
2025-05-20 04:00:00+00:00,0.3187295
2025-05-20 05:00:00+00:00,0.25306425
2025-05-20 06:00:00+00:00,0.18006575000000002
2025-05-20 07:00:00+00:00,0.09631087499999999
2025-05-20 08:00:00+00:00,0.053708675
2025-05-20 09:00:00+00:00,0.045912925
2025-05-20 10:00:00+00:00,0.03882455
2025-05-20 11:00:00+00:00,0.0323045
2025-05-20 12:00:00+00:00,0.031368975
2025-05-20 13:00:00+00:00,0.03182425
2025-05-20 14:00:00+00:00,0.036652175
2025-05-20 15:00:00+00:00,0.063316875
2025-05-20 16:00:00+00:00,0.11914985
2025-05-20 17:00:00+00:00,0.187913
2025-05-20 18:00:00+00:00,0.24280174999999998
2025-05-20 19:00:00+00:00,0.29965
2025-05-20 20:00:00+00:00,0.325555
2025-05-20 21:00:00+00:00,0.33403099999999997
2025-05-20 22:00:00+00:00,0.34187475
2025-05-20 23:00:00+00:00,0.34097125
2025-05-21 00:00:00+00:00,0.33756600000000003
2025-05-21 01:00:00+00:00,0.32871475
2025-05-21 02:00:00+00:00,0.30782600000000004
2025-05-21 03:00:00+00:00,0.29736825
2025-05-21 04:00:00+00:00,0.27165924999999996
2025-05-21 05:00:00+00:00,0.22474550000000001
2025-05-21 06:00:00+00:00,0.15385225
2025-05-21 07:00:00+00:00,0.073793825
2025-05-21 08:00:00+00:00,0.0385509
2025-05-21 09:00:00+00:00,0.030688149999999997
2025-05-21 10:00:00+00:00,0.029000225
2025-05-21 11:00:00+00:00,0.026401875
2025-05-21 12:00:00+00:00,0.027086575
2025-05-21 13:00:00+00:00,0.026986
2025-05-21 14:00:00+00:00,0.029547725
2025-05-21 15:00:00+00:00,0.037966175
2025-05-21 16:00:00+00:00,0.06634852499999999
2025-05-21 17:00:00+00:00,0.11551135
2025-05-21 18:00:00+00:00,0.15973125
2025-05-21 19:00:00+00:00,0.1992305
2025-05-21 20:00:00+00:00,0.22941649999999997
2025-05-21 21:00:00+00:00,0.2377835
2025-05-21 22:00:00+00:00,0.23969474999999998
2025-05-21 23:00:00+00:00,0.23187675000000002
2025-05-22 00:00:00+00:00,0.2141735
2025-05-22 01:00:00+00:00,0.177072
2025-05-22 02:00:00+00:00,0.16040375
2025-05-22 03:00:00+00:00,0.15849275000000002
2025-05-22 04:00:00+00:00,0.1524895
2025-05-22 05:00:00+00:00,0.12272525000000001
2025-05-22 06:00:00+00:00,0.08812067500000001
2025-05-22 07:00:00+00:00,0.05689635
2025-05-22 08:00:00+00:00,0.038324125
2025-05-22 09:00:00+00:00,0.027984749999999996
2025-05-22 10:00:00+00:00,0.024066175
2025-05-22 11:00:00+00:00,0.02245905
2025-05-22 12:00:00+00:00,0.022472899999999997
2025-05-22 13:00:00+00:00,0.023251875
2025-05-22 14:00:00+00:00,0.025988775
2025-05-22 15:00:00+00:00,0.033768375
2025-05-22 16:00:00+00:00,0.0545434
2025-05-22 17:00:00+00:00,0.0960325
2025-05-22 18:00:00+00:00,0.14558274999999998
2025-05-22 19:00:00+00:00,0.18935125000000003
2025-05-22 20:00:00+00:00,0.20924674999999998
2025-05-22 21:00:00+00:00,0.21062150000000002
2025-05-22 22:00:00+00:00,0.193309
2025-05-22 23:00:00+00:00,0.16346325
2025-05-23 00:00:00+00:00,0.14840575
2025-05-23 01:00:00+00:00,0.1432405
2025-05-23 02:00:00+00:00,0.1424005
2025-05-23 03:00:00+00:00,0.1358125
2025-05-23 04:00:00+00:00,0.13452624999999999
2025-05-23 05:00:00+00:00,0.1142605
2025-05-23 06:00:00+00:00,0.07914455000000001
2025-05-23 07:00:00+00:00,0.046187525
2025-05-23 08:00:00+00:00,0.03800675
2025-05-23 09:00:00+00:00,0.034121325
2025-05-23 10:00:00+00:00,0.02724685
2025-05-23 11:00:00+00:00,0.0278599
2025-05-23 12:00:00+00:00,0.026197399999999996
2025-05-23 13:00:00+00:00,0.027821575
2025-05-23 14:00:00+00:00,0.028648225
2025-05-23 15:00:00+00:00,0.053268424999999994
2025-05-23 16:00:00+00:00,0.08731407499999999
2025-05-23 17:00:00+00:00,0.15430950000000002
2025-05-23 18:00:00+00:00,0.22343975
2025-05-23 19:00:00+00:00,0.2893245
2025-05-23 20:00:00+00:00,0.30600175
2025-05-23 21:00:00+00:00,0.3043845
2025-05-23 22:00:00+00:00,0.270182
2025-05-23 23:00:00+00:00,0.2156365
2025-05-24 00:00:00+00:00,0.168939
2025-05-24 01:00:00+00:00,0.13166725
2025-05-24 02:00:00+00:00,0.11992975
2025-05-24 03:00:00+00:00,0.11663
2025-05-24 04:00:00+00:00,0.10634835000000001
2025-05-24 05:00:00+00:00,0.079397
2025-05-24 06:00:00+00:00,0.066312075
2025-05-24 07:00:00+00:00,0.05753660000000001
2025-05-24 08:00:00+00:00,0.0524841
2025-05-24 09:00:00+00:00,0.051151625
2025-05-24 10:00:00+00:00,0.0498265
2025-05-24 11:00:00+00:00,0.052407975
2025-05-24 12:00:00+00:00,0.054661799999999997
2025-05-24 13:00:00+00:00,0.060508975
2025-05-24 14:00:00+00:00,0.062386675
2025-05-24 15:00:00+00:00,0.070256425
2025-05-24 16:00:00+00:00,0.09327429999999999
2025-05-24 17:00:00+00:00,0.103978
2025-05-24 18:00:00+00:00,0.10747375
2025-05-24 19:00:00+00:00,0.10081742499999999
2025-05-24 20:00:00+00:00,0.09470885000000001
2025-05-24 21:00:00+00:00,0.08129449999999999
2025-05-24 22:00:00+00:00,0.07473645000000001
2025-05-24 23:00:00+00:00,0.066444
2025-05-25 00:00:00+00:00,0.064494
2025-05-25 01:00:00+00:00,0.06334635
2025-05-25 02:00:00+00:00,0.06433032500000001
2025-05-25 03:00:00+00:00,0.06417429999999999
2025-05-25 04:00:00+00:00,0.065523625
2025-05-25 05:00:00+00:00,0.0614723
2025-05-25 06:00:00+00:00,0.057163925000000004
2025-05-25 07:00:00+00:00,0.05602235
2025-05-25 08:00:00+00:00,0.0533415
2025-05-25 09:00:00+00:00,0.045889625
2025-05-25 10:00:00+00:00,0.03562775
2025-05-25 11:00:00+00:00,0.034352225
2025-05-25 12:00:00+00:00,0.0355175
2025-05-25 13:00:00+00:00,0.036931275
2025-05-25 14:00:00+00:00,0.0429283
2025-05-25 15:00:00+00:00,0.05172485
2025-05-25 16:00:00+00:00,0.080443375
2025-05-25 17:00:00+00:00,0.14525775000000002
2025-05-25 18:00:00+00:00,0.2163385
2025-05-25 19:00:00+00:00,0.24579725000000002
2025-05-25 20:00:00+00:00,0.24870225
2025-05-25 21:00:00+00:00,0.21616375
2025-05-25 22:00:00+00:00,0.17189725
2025-05-25 23:00:00+00:00,0.13435124999999998
2025-05-26 00:00:00+00:00,0.11918825
2025-05-26 01:00:00+00:00,0.10803725
2025-05-26 02:00:00+00:00,0.12003275
2025-05-26 03:00:00+00:00,0.14265475
2025-05-26 04:00:00+00:00,0.16593925
2025-05-26 05:00:00+00:00,0.1369165
2025-05-26 06:00:00+00:00,0.09389020000000001
2025-05-26 07:00:00+00:00,0.045820775
2025-05-26 08:00:00+00:00,0.032628674999999996
2025-05-26 09:00:00+00:00,0.030439575
2025-05-26 10:00:00+00:00,0.02409965
2025-05-26 11:00:00+00:00,0.02114395
2025-05-26 12:00:00+00:00,0.0206451
2025-05-26 13:00:00+00:00,0.020383325
2025-05-26 14:00:00+00:00,0.024674275000000002
2025-05-26 15:00:00+00:00,0.02870885
2025-05-26 16:00:00+00:00,0.04936525
2025-05-26 17:00:00+00:00,0.085815175
2025-05-26 18:00:00+00:00,0.11786325
2025-05-26 19:00:00+00:00,0.13742175
2025-05-26 20:00:00+00:00,0.12445300000000001
2025-05-26 21:00:00+00:00,0.08808020000000001
2025-05-26 22:00:00+00:00,0.070551
2025-05-26 23:00:00+00:00,0.057939449999999997
2025-05-27 00:00:00+00:00,0.04616605
2025-05-27 01:00:00+00:00,0.043173575
2025-05-27 02:00:00+00:00,0.04189517499999999
2025-05-27 03:00:00+00:00,0.043545875
2025-05-27 04:00:00+00:00,0.047575549999999994
2025-05-27 05:00:00+00:00,0.047180650000000005
2025-05-27 06:00:00+00:00,0.04445925
2025-05-27 07:00:00+00:00,0.041245125
2025-05-27 08:00:00+00:00,0.038111675
2025-05-27 09:00:00+00:00,0.035179575000000005
2025-05-27 10:00:00+00:00,0.030944325
2025-05-27 11:00:00+00:00,0.027070699999999996
2025-05-27 12:00:00+00:00,0.025794375
2025-05-27 13:00:00+00:00,0.028714249999999997
2025-05-27 14:00:00+00:00,0.05569535
2025-05-27 15:00:00+00:00,0.08696477500000001
2025-05-27 16:00:00+00:00,0.1148565
2025-05-27 17:00:00+00:00,0.12404024999999999
2025-05-27 18:00:00+00:00,0.10717075000000001
2025-05-27 19:00:00+00:00,0.1085485
2025-05-27 20:00:00+00:00,0.0911006
2025-05-27 21:00:00+00:00,0.0798441
2025-05-27 22:00:00+00:00,0.056697275
2025-05-27 23:00:00+00:00,0.055590524999999995
2025-05-28 00:00:00+00:00,0.0519763
2025-05-28 01:00:00+00:00,0.055590725
2025-05-28 02:00:00+00:00,0.05657622500000001
2025-05-28 03:00:00+00:00,0.07168142500000001
2025-05-28 04:00:00+00:00,0.086721075
2025-05-28 05:00:00+00:00,0.087366
2025-05-28 06:00:00+00:00,0.08233395
2025-05-28 07:00:00+00:00,0.079704525
2025-05-28 08:00:00+00:00,0.0602206
2025-05-28 09:00:00+00:00,0.047310325
2025-05-28 10:00:00+00:00,0.046022325
2025-05-28 11:00:00+00:00,0.036856225000000006
2025-05-28 12:00:00+00:00,0.046222425000000004
2025-05-28 13:00:00+00:00,0.05004345
2025-05-28 14:00:00+00:00,0.0584726
2025-05-28 15:00:00+00:00,0.068328725
2025-05-28 16:00:00+00:00,0.10213934999999999
2025-05-28 17:00:00+00:00,0.1604275
2025-05-28 18:00:00+00:00,0.2382985
2025-05-28 19:00:00+00:00,0.30121725
2025-05-28 20:00:00+00:00,0.32415774999999997
2025-05-28 21:00:00+00:00,0.32298250000000006
2025-05-28 22:00:00+00:00,0.32321174999999996
2025-05-28 23:00:00+00:00,0.31643725
2025-05-29 00:00:00+00:00,0.31157
2025-05-29 01:00:00+00:00,0.31670675
2025-05-29 02:00:00+00:00,0.3078935
2025-05-29 03:00:00+00:00,0.28957900000000003
2025-05-29 04:00:00+00:00,0.25284875
2025-05-29 05:00:00+00:00,0.16816
2025-05-29 06:00:00+00:00,0.12718325000000003
2025-05-29 07:00:00+00:00,0.09831799999999999
2025-05-29 08:00:00+00:00,0.07182232499999999
2025-05-29 09:00:00+00:00,0.056456624999999996
2025-05-29 10:00:00+00:00,0.049563875
2025-05-29 11:00:00+00:00,0.051929575
2025-05-29 12:00:00+00:00,0.047927475
2025-05-29 13:00:00+00:00,0.043706375
2025-05-29 14:00:00+00:00,0.041156225
2025-05-29 15:00:00+00:00,0.04334665
2025-05-29 16:00:00+00:00,0.045010875000000006
2025-05-29 17:00:00+00:00,0.053243675000000004
2025-05-29 18:00:00+00:00,0.0575079
2025-05-29 19:00:00+00:00,0.06760000000000001
2025-05-29 20:00:00+00:00,0.068118075
2025-05-29 21:00:00+00:00,0.06152035
2025-05-29 22:00:00+00:00,0.0587631
2025-05-29 23:00:00+00:00,0.060834275
2025-05-30 00:00:00+00:00,0.06448325
2025-05-30 01:00:00+00:00,0.07015405
2025-05-30 02:00:00+00:00,0.07901404999999999
2025-05-30 03:00:00+00:00,0.085372725
2025-05-30 04:00:00+00:00,0.08049025
2025-05-30 05:00:00+00:00,0.06681859999999999
2025-05-30 06:00:00+00:00,0.053469525000000004
2025-05-30 07:00:00+00:00,0.045231574999999996
2025-05-30 08:00:00+00:00,0.040927075
2025-05-30 09:00:00+00:00,0.03597055
2025-05-30 10:00:00+00:00,0.031433249999999996
2025-05-30 11:00:00+00:00,0.029103075
2025-05-30 12:00:00+00:00,0.028673999999999998
2025-05-30 13:00:00+00:00,0.02877665
2025-05-30 14:00:00+00:00,0.033103725
2025-05-30 15:00:00+00:00,0.039361325
2025-05-30 16:00:00+00:00,0.066589375
2025-05-30 17:00:00+00:00,0.1357275
2025-05-30 18:00:00+00:00,0.21565425
2025-05-30 19:00:00+00:00,0.28088175
2025-05-30 20:00:00+00:00,0.30606374999999997
2025-05-30 21:00:00+00:00,0.31590825
2025-05-30 22:00:00+00:00,0.3252335
2025-05-30 23:00:00+00:00,0.3280105
2025-05-31 00:00:00+00:00,0.31949375
2025-05-31 01:00:00+00:00,0.311577
2025-05-31 02:00:00+00:00,0.31029375
2025-05-31 03:00:00+00:00,0.30710025
2025-05-31 04:00:00+00:00,0.2663755
2025-05-31 05:00:00+00:00,0.17048775
2025-05-31 06:00:00+00:00,0.08795892500000001
2025-05-31 07:00:00+00:00,0.059120675000000004
2025-05-31 08:00:00+00:00,0.051509925
2025-05-31 09:00:00+00:00,0.047363975
2025-05-31 10:00:00+00:00,0.046867525
2025-05-31 11:00:00+00:00,0.044078125
2025-05-31 12:00:00+00:00,0.040072899999999995
2025-05-31 13:00:00+00:00,0.041882625
2025-05-31 14:00:00+00:00,0.0516379
2025-05-31 15:00:00+00:00,0.0711835
2025-05-31 16:00:00+00:00,0.13673375
2025-05-31 17:00:00+00:00,0.23507075
2025-05-31 18:00:00+00:00,0.29133200000000004
2025-05-31 19:00:00+00:00,0.33087075
2025-05-31 20:00:00+00:00,0.3225055
2025-05-31 21:00:00+00:00,0.30696775
2025-05-31 22:00:00+00:00,0.29911075000000004
2025-05-31 23:00:00+00:00,0.24502
2025-06-01 00:00:00+00:00,0.18207475
2025-06-01 01:00:00+00:00,0.16105925
2025-06-01 02:00:00+00:00,0.15270675
2025-06-01 03:00:00+00:00,0.134004
2025-06-01 04:00:00+00:00,0.1102231
2025-06-01 05:00:00+00:00,0.08083489999999999
2025-06-01 06:00:00+00:00,0.06445835
2025-06-01 07:00:00+00:00,0.059496725
2025-06-01 08:00:00+00:00,0.049742625
2025-06-01 09:00:00+00:00,0.047707625000000004
2025-06-01 10:00:00+00:00,0.04436975
2025-06-01 11:00:00+00:00,0.044250924999999997
2025-06-01 12:00:00+00:00,0.042164075
2025-06-01 13:00:00+00:00,0.038731775
2025-06-01 14:00:00+00:00,0.0357156
2025-06-01 15:00:00+00:00,0.036438174999999996
2025-06-01 16:00:00+00:00,0.041924175
2025-06-01 17:00:00+00:00,0.0630974
2025-06-01 18:00:00+00:00,0.10786352499999999
2025-06-01 19:00:00+00:00,0.14993475
2025-06-01 20:00:00+00:00,0.16320150000000003
2025-06-01 21:00:00+00:00,0.15008475
2025-06-01 22:00:00+00:00,0.14431975
2025-06-01 23:00:00+00:00,0.12855475
2025-06-02 00:00:00+00:00,0.1293705
2025-06-02 01:00:00+00:00,0.15113175
2025-06-02 02:00:00+00:00,0.17345025
2025-06-02 03:00:00+00:00,0.20989124999999997
2025-06-02 04:00:00+00:00,0.2290645
2025-06-02 05:00:00+00:00,0.187031
2025-06-02 06:00:00+00:00,0.13425
2025-06-02 07:00:00+00:00,0.0809251
2025-06-02 08:00:00+00:00,0.053589625
2025-06-02 09:00:00+00:00,0.04116265
2025-06-02 10:00:00+00:00,0.041496649999999996
2025-06-02 11:00:00+00:00,0.039235725
2025-06-02 12:00:00+00:00,0.034928275
2025-06-02 13:00:00+00:00,0.036350325
2025-06-02 14:00:00+00:00,0.045027575
2025-06-02 15:00:00+00:00,0.07389935
2025-06-02 16:00:00+00:00,0.138323
2025-06-02 17:00:00+00:00,0.2131525
2025-06-02 18:00:00+00:00,0.28887725
2025-06-02 19:00:00+00:00,0.35342324999999997
2025-06-02 20:00:00+00:00,0.369313
2025-06-02 21:00:00+00:00,0.362163
2025-06-02 22:00:00+00:00,0.34302125000000006
2025-06-02 23:00:00+00:00,0.315059
2025-06-03 00:00:00+00:00,0.30027075000000003
2025-06-03 01:00:00+00:00,0.280277
2025-06-03 02:00:00+00:00,0.26341025
2025-06-03 03:00:00+00:00,0.25013225
2025-06-03 04:00:00+00:00,0.22138475
2025-06-03 05:00:00+00:00,0.16440300000000002
2025-06-03 06:00:00+00:00,0.10637025
2025-06-03 07:00:00+00:00,0.068683375
2025-06-03 08:00:00+00:00,0.032248025
2025-06-03 09:00:00+00:00,0.025676125
2025-06-03 10:00:00+00:00,0.02566745
2025-06-03 11:00:00+00:00,0.024254150000000002
2025-06-03 12:00:00+00:00,0.024822425000000002
2025-06-03 13:00:00+00:00,0.0262379
2025-06-03 14:00:00+00:00,0.0303696
2025-06-03 15:00:00+00:00,0.03724185
2025-06-03 16:00:00+00:00,0.060094974999999995
2025-06-03 17:00:00+00:00,0.1026016
2025-06-03 18:00:00+00:00,0.12971775000000002
2025-06-03 19:00:00+00:00,0.1400945
2025-06-03 20:00:00+00:00,0.14555574999999998
2025-06-03 21:00:00+00:00,0.11840025
2025-06-03 22:00:00+00:00,0.094668675
2025-06-03 23:00:00+00:00,0.09616787500000001
2025-06-04 00:00:00+00:00,0.09577435000000001
2025-06-04 01:00:00+00:00,0.103361775
2025-06-04 02:00:00+00:00,0.10764225
2025-06-04 03:00:00+00:00,0.130397
2025-06-04 04:00:00+00:00,0.15241
2025-06-04 05:00:00+00:00,0.150072
2025-06-04 06:00:00+00:00,0.12791275
2025-06-04 07:00:00+00:00,0.10363682499999999
2025-06-04 08:00:00+00:00,0.06141049999999999
2025-06-04 09:00:00+00:00,0.0398425
2025-06-04 10:00:00+00:00,0.036934775
2025-06-04 11:00:00+00:00,0.033887125
2025-06-04 12:00:00+00:00,0.029720149999999997
2025-06-04 13:00:00+00:00,0.026229000000000002
2025-06-04 14:00:00+00:00,0.028537524999999998
2025-06-04 15:00:00+00:00,0.04681175
2025-06-04 16:00:00+00:00,0.082249475
2025-06-04 17:00:00+00:00,0.13258775
2025-06-04 18:00:00+00:00,0.167485
2025-06-04 19:00:00+00:00,0.19525849999999997
2025-06-04 20:00:00+00:00,0.21037425
2025-06-04 21:00:00+00:00,0.19233225
2025-06-04 22:00:00+00:00,0.1426505
2025-06-04 23:00:00+00:00,0.11901225
2025-06-05 00:00:00+00:00,0.11243275
2025-06-05 01:00:00+00:00,0.11391949999999999
2025-06-05 02:00:00+00:00,0.11113424999999999
2025-06-05 03:00:00+00:00,0.111731
2025-06-05 04:00:00+00:00,0.12834900000000002
2025-06-05 05:00:00+00:00,0.12184075
2025-06-05 06:00:00+00:00,0.09235075000000001
2025-06-05 07:00:00+00:00,0.058994025000000005
2025-06-05 08:00:00+00:00,0.035657025
2025-06-05 09:00:00+00:00,0.0304016
2025-06-05 10:00:00+00:00,0.03371695
2025-06-05 11:00:00+00:00,0.0344807
2025-06-05 12:00:00+00:00,0.031322675
2025-06-05 13:00:00+00:00,0.028558624999999997
2025-06-05 14:00:00+00:00,0.0340195
2025-06-05 15:00:00+00:00,0.05317967500000001
2025-06-05 16:00:00+00:00,0.097712775
2025-06-05 17:00:00+00:00,0.15934625
2025-06-05 18:00:00+00:00,0.1831315
2025-06-05 19:00:00+00:00,0.19265374999999998
2025-06-05 20:00:00+00:00,0.161385
2025-06-05 21:00:00+00:00,0.12155025
2025-06-05 22:00:00+00:00,0.1080155
2025-06-05 23:00:00+00:00,0.08067105
2025-06-06 00:00:00+00:00,0.067517475
2025-06-06 01:00:00+00:00,0.064220525
2025-06-06 02:00:00+00:00,0.06396384999999999
2025-06-06 03:00:00+00:00,0.065014875
2025-06-06 04:00:00+00:00,0.062390475
2025-06-06 05:00:00+00:00,0.055706025
2025-06-06 06:00:00+00:00,0.039363475
2025-06-06 07:00:00+00:00,0.029274075
2025-06-06 08:00:00+00:00,0.02564975
2025-06-06 09:00:00+00:00,0.023178075
2025-06-06 10:00:00+00:00,0.0221084
2025-06-06 11:00:00+00:00,0.021166200000000003
2025-06-06 12:00:00+00:00,0.02019075
2025-06-06 13:00:00+00:00,0.023445024999999998
2025-06-06 14:00:00+00:00,0.0246069
2025-06-06 15:00:00+00:00,0.031334225
2025-06-06 16:00:00+00:00,0.053457825
2025-06-06 17:00:00+00:00,0.095304925
2025-06-06 18:00:00+00:00,0.15973274999999998
2025-06-06 19:00:00+00:00,0.211333
2025-06-06 20:00:00+00:00,0.22845400000000002
2025-06-06 21:00:00+00:00,0.22217949999999997
2025-06-06 22:00:00+00:00,0.193698
2025-06-06 23:00:00+00:00,0.18051525000000002
2025-06-07 00:00:00+00:00,0.19097400000000003
2025-06-07 01:00:00+00:00,0.19308625
2025-06-07 02:00:00+00:00,0.19331125
2025-06-07 03:00:00+00:00,0.18878525000000002
2025-06-07 04:00:00+00:00,0.20119025
2025-06-07 05:00:00+00:00,0.1954075
2025-06-07 06:00:00+00:00,0.16438824999999999
2025-06-07 07:00:00+00:00,0.13854575000000002
2025-06-07 08:00:00+00:00,0.09587925
2025-06-07 09:00:00+00:00,0.064302525
2025-06-07 10:00:00+00:00,0.05386945
2025-06-07 11:00:00+00:00,0.051426525
2025-06-07 12:00:00+00:00,0.045596625
2025-06-07 13:00:00+00:00,0.042840575000000006
2025-06-07 14:00:00+00:00,0.048595324999999995
2025-06-07 15:00:00+00:00,0.048156575
2025-06-07 16:00:00+00:00,0.062224925
2025-06-07 17:00:00+00:00,0.1135101
2025-06-07 18:00:00+00:00,0.16639525
2025-06-07 19:00:00+00:00,0.21858975000000003
2025-06-07 20:00:00+00:00,0.23714075
2025-06-07 21:00:00+00:00,0.22152325
2025-06-07 22:00:00+00:00,0.213371
2025-06-07 23:00:00+00:00,0.1474695
2025-06-08 00:00:00+00:00,0.11258625
2025-06-08 01:00:00+00:00,0.09744235
2025-06-08 02:00:00+00:00,0.084563975
2025-06-08 03:00:00+00:00,0.08707957499999999
2025-06-08 04:00:00+00:00,0.089898275
2025-06-08 05:00:00+00:00,0.08671894999999999
2025-06-08 06:00:00+00:00,0.07298442499999999
2025-06-08 07:00:00+00:00,0.062391675
2025-06-08 08:00:00+00:00,0.055857325
2025-06-08 09:00:00+00:00,0.04788975
2025-06-08 10:00:00+00:00,0.042490850000000004
2025-06-08 11:00:00+00:00,0.042468200000000005
2025-06-08 12:00:00+00:00,0.041204875
2025-06-08 13:00:00+00:00,0.040636450000000005
2025-06-08 14:00:00+00:00,0.042608925
2025-06-08 15:00:00+00:00,0.046471250000000006
2025-06-08 16:00:00+00:00,0.04748295
2025-06-08 17:00:00+00:00,0.056989975
2025-06-08 18:00:00+00:00,0.0805958
2025-06-08 19:00:00+00:00,0.1213185
2025-06-08 20:00:00+00:00,0.159748
2025-06-08 21:00:00+00:00,0.1500905
2025-06-08 22:00:00+00:00,0.1467665
2025-06-08 23:00:00+00:00,0.15395575
2025-06-09 00:00:00+00:00,0.153273
2025-06-09 01:00:00+00:00,0.16396800000000003
2025-06-09 02:00:00+00:00,0.16598325
2025-06-09 03:00:00+00:00,0.17900375000000002
2025-06-09 04:00:00+00:00,0.17148325
2025-06-09 05:00:00+00:00,0.12639675
2025-06-09 06:00:00+00:00,0.085546275
2025-06-09 07:00:00+00:00,0.06616645
2025-06-09 08:00:00+00:00,0.052738600000000004
2025-06-09 09:00:00+00:00,0.044827700000000005
2025-06-09 10:00:00+00:00,0.0449622
2025-06-09 11:00:00+00:00,0.0424349
2025-06-09 12:00:00+00:00,0.0450418
2025-06-09 13:00:00+00:00,0.046148600000000005
2025-06-09 14:00:00+00:00,0.0509349
2025-06-09 15:00:00+00:00,0.054563524999999995
2025-06-09 16:00:00+00:00,0.075793925
2025-06-09 17:00:00+00:00,0.142435
2025-06-09 18:00:00+00:00,0.21564424999999998
2025-06-09 19:00:00+00:00,0.251364
2025-06-09 20:00:00+00:00,0.26458325
2025-06-09 21:00:00+00:00,0.243351
2025-06-09 22:00:00+00:00,0.20699875
2025-06-09 23:00:00+00:00,0.1527635
2025-06-10 00:00:00+00:00,0.11434624999999998
2025-06-10 01:00:00+00:00,0.09570167500000001
2025-06-10 02:00:00+00:00,0.0830424
2025-06-10 03:00:00+00:00,0.07909415
2025-06-10 04:00:00+00:00,0.076898925
2025-06-10 05:00:00+00:00,0.06697485
2025-06-10 06:00:00+00:00,0.051192425
2025-06-10 07:00:00+00:00,0.042637875
2025-06-10 08:00:00+00:00,0.039252050000000004
2025-06-10 09:00:00+00:00,0.038598925000000006
2025-06-10 10:00:00+00:00,0.035883149999999996
2025-06-10 11:00:00+00:00,0.0342572
2025-06-10 12:00:00+00:00,0.03191765
2025-06-10 13:00:00+00:00,0.02934875
2025-06-10 14:00:00+00:00,0.030089975
2025-06-10 15:00:00+00:00,0.036931525
2025-06-10 16:00:00+00:00,0.0590228
2025-06-10 17:00:00+00:00,0.098603
2025-06-10 18:00:00+00:00,0.16230624999999999
2025-06-10 19:00:00+00:00,0.22133324999999998
2025-06-10 20:00:00+00:00,0.27213775
2025-06-10 21:00:00+00:00,0.29604675
2025-06-10 22:00:00+00:00,0.312013
2025-06-10 23:00:00+00:00,0.32830075000000003
2025-06-11 00:00:00+00:00,0.33923075
2025-06-11 01:00:00+00:00,0.34835150000000004
2025-06-11 02:00:00+00:00,0.3541415
2025-06-11 03:00:00+00:00,0.35631199999999996
2025-06-11 04:00:00+00:00,0.31882675
2025-06-11 05:00:00+00:00,0.24773675
2025-06-11 06:00:00+00:00,0.16866050000000002
2025-06-11 07:00:00+00:00,0.09218925
2025-06-11 08:00:00+00:00,0.052151825
2025-06-11 09:00:00+00:00,0.039538875
2025-06-11 10:00:00+00:00,0.0379931
2025-06-11 11:00:00+00:00,0.032410650000000006
2025-06-11 12:00:00+00:00,0.028951699999999997
2025-06-11 13:00:00+00:00,0.028658125
2025-06-11 14:00:00+00:00,0.029236425000000003
2025-06-11 15:00:00+00:00,0.047436625
2025-06-11 16:00:00+00:00,0.118750475
2025-06-11 17:00:00+00:00,0.1922
2025-06-11 18:00:00+00:00,0.23736725000000003
2025-06-11 19:00:00+00:00,0.269439
2025-06-11 20:00:00+00:00,0.2691955
2025-06-11 21:00:00+00:00,0.23312724999999998
2025-06-11 22:00:00+00:00,0.20173475
2025-06-11 23:00:00+00:00,0.18568325
2025-06-12 00:00:00+00:00,0.165918
2025-06-12 01:00:00+00:00,0.17077525
2025-06-12 02:00:00+00:00,0.17991525
2025-06-12 03:00:00+00:00,0.18773275
2025-06-12 04:00:00+00:00,0.167098
2025-06-12 05:00:00+00:00,0.11786325
2025-06-12 06:00:00+00:00,0.065541575
2025-06-12 07:00:00+00:00,0.0335544
2025-06-12 08:00:00+00:00,0.02542405
2025-06-12 09:00:00+00:00,0.022336825000000005
2025-06-12 10:00:00+00:00,0.020122800000000003
2025-06-12 11:00:00+00:00,0.01926695
2025-06-12 12:00:00+00:00,0.019511275
2025-06-12 13:00:00+00:00,0.020838125
2025-06-12 14:00:00+00:00,0.023141000000000002
2025-06-12 15:00:00+00:00,0.029039875
2025-06-12 16:00:00+00:00,0.0523839
2025-06-12 17:00:00+00:00,0.1068018
2025-06-12 18:00:00+00:00,0.156569
2025-06-12 19:00:00+00:00,0.196368
2025-06-12 20:00:00+00:00,0.20595875
2025-06-12 21:00:00+00:00,0.195332
2025-06-12 22:00:00+00:00,0.20916225
2025-06-12 23:00:00+00:00,0.21271875
2025-06-13 00:00:00+00:00,0.229068
2025-06-13 01:00:00+00:00,0.24224475
2025-06-13 02:00:00+00:00,0.25229975
2025-06-13 03:00:00+00:00,0.2648435
2025-06-13 04:00:00+00:00,0.23688575
2025-06-13 05:00:00+00:00,0.183645
2025-06-13 06:00:00+00:00,0.13608075
2025-06-13 07:00:00+00:00,0.0787619
2025-06-13 08:00:00+00:00,0.046623075
2025-06-13 09:00:00+00:00,0.038241675
2025-06-13 10:00:00+00:00,0.035776825
2025-06-13 11:00:00+00:00,0.0337688
2025-06-13 12:00:00+00:00,0.032171875
2025-06-13 13:00:00+00:00,0.034061325
2025-06-13 14:00:00+00:00,0.03601465
2025-06-13 15:00:00+00:00,0.05459825
2025-06-13 16:00:00+00:00,0.10396355
2025-06-13 17:00:00+00:00,0.165997
2025-06-13 18:00:00+00:00,0.2092965
2025-06-13 19:00:00+00:00,0.23083625
2025-06-13 20:00:00+00:00,0.21456825000000002
2025-06-13 21:00:00+00:00,0.15181299999999998
2025-06-13 22:00:00+00:00,0.105669825
2025-06-13 23:00:00+00:00,0.091846625
2025-06-14 00:00:00+00:00,0.10334342499999999
2025-06-14 01:00:00+00:00,0.1138535
2025-06-14 02:00:00+00:00,0.1572095
2025-06-14 03:00:00+00:00,0.20338050000000002
2025-06-14 04:00:00+00:00,0.18476150000000002
2025-06-14 05:00:00+00:00,0.11758832500000001
2025-06-14 06:00:00+00:00,0.08107349999999999
2025-06-14 07:00:00+00:00,0.06220787500000001
2025-06-14 08:00:00+00:00,0.047657175
2025-06-14 09:00:00+00:00,0.043419425
2025-06-14 10:00:00+00:00,0.043937025000000005
2025-06-14 11:00:00+00:00,0.046124599999999995
2025-06-14 12:00:00+00:00,0.052635125
2025-06-14 13:00:00+00:00,0.059005175
2025-06-14 14:00:00+00:00,0.059910125
2025-06-14 15:00:00+00:00,0.052991674999999995
2025-06-14 16:00:00+00:00,0.06995269999999999
2025-06-14 17:00:00+00:00,0.10931077500000001
2025-06-14 18:00:00+00:00,0.137518
2025-06-14 19:00:00+00:00,0.163752
2025-06-14 20:00:00+00:00,0.18398625
2025-06-14 21:00:00+00:00,0.20096250000000002
2025-06-14 22:00:00+00:00,0.205517
2025-06-14 23:00:00+00:00,0.19179524999999997
2025-06-15 00:00:00+00:00,0.18651425
2025-06-15 01:00:00+00:00,0.18789975
2025-06-15 02:00:00+00:00,0.18380775
2025-06-15 03:00:00+00:00,0.16957175000000002
2025-06-15 04:00:00+00:00,0.16617125000000002
2025-06-15 05:00:00+00:00,0.12086675000000001
2025-06-15 06:00:00+00:00,0.0846302
2025-06-15 07:00:00+00:00,0.06094535
2025-06-15 08:00:00+00:00,0.05446645
2025-06-15 09:00:00+00:00,0.044253675
2025-06-15 10:00:00+00:00,0.036733725
2025-06-15 11:00:00+00:00,0.0348366
2025-06-15 12:00:00+00:00,0.03312805
2025-06-15 13:00:00+00:00,0.035811425
2025-06-15 14:00:00+00:00,0.037111925000000004
2025-06-15 15:00:00+00:00,0.04301415
2025-06-15 16:00:00+00:00,0.07255165
2025-06-15 17:00:00+00:00,0.142903
2025-06-15 18:00:00+00:00,0.220761
2025-06-15 19:00:00+00:00,0.29283225
2025-06-15 20:00:00+00:00,0.34015575
2025-06-15 21:00:00+00:00,0.34777125
2025-06-15 22:00:00+00:00,0.33912725000000005
2025-06-15 23:00:00+00:00,0.32232225000000003
2025-06-16 00:00:00+00:00,0.311782
2025-06-16 01:00:00+00:00,0.3129405
2025-06-16 02:00:00+00:00,0.32287175
2025-06-16 03:00:00+00:00,0.336531
2025-06-16 04:00:00+00:00,0.28465475
2025-06-16 05:00:00+00:00,0.21488875000000002
2025-06-16 06:00:00+00:00,0.15638874999999997
2025-06-16 07:00:00+00:00,0.09243995
2025-06-16 08:00:00+00:00,0.059358400000000006
2025-06-16 09:00:00+00:00,0.052372825
2025-06-16 10:00:00+00:00,0.048311125
2025-06-16 11:00:00+00:00,0.0467287
2025-06-16 12:00:00+00:00,0.0379382
2025-06-16 13:00:00+00:00,0.037326475
2025-06-16 14:00:00+00:00,0.03976755
2025-06-16 15:00:00+00:00,0.062635825
2025-06-16 16:00:00+00:00,0.13005825000000001
2025-06-16 17:00:00+00:00,0.20989375
2025-06-16 18:00:00+00:00,0.2838165
2025-06-16 19:00:00+00:00,0.34441900000000003
2025-06-16 20:00:00+00:00,0.37468225
2025-06-16 21:00:00+00:00,0.37464575
2025-06-16 22:00:00+00:00,0.373203
2025-06-16 23:00:00+00:00,0.37107375
2025-06-17 00:00:00+00:00,0.36876074999999997
2025-06-17 01:00:00+00:00,0.36414599999999997
2025-06-17 02:00:00+00:00,0.36288750000000003
2025-06-17 03:00:00+00:00,0.355699
2025-06-17 04:00:00+00:00,0.296932
2025-06-17 05:00:00+00:00,0.22616175
2025-06-17 06:00:00+00:00,0.14207474999999997
2025-06-17 07:00:00+00:00,0.060369624999999996
2025-06-17 08:00:00+00:00,0.034036525
2025-06-17 09:00:00+00:00,0.0322884
2025-06-17 10:00:00+00:00,0.029250150000000003
2025-06-17 11:00:00+00:00,0.0285199
2025-06-17 12:00:00+00:00,0.0293109
2025-06-17 13:00:00+00:00,0.031985675000000005
2025-06-17 14:00:00+00:00,0.0367008
2025-06-17 15:00:00+00:00,0.06756572500000001
2025-06-17 16:00:00+00:00,0.13736299999999999
2025-06-17 17:00:00+00:00,0.214846
2025-06-17 18:00:00+00:00,0.278379
2025-06-17 19:00:00+00:00,0.331833
2025-06-17 20:00:00+00:00,0.3630995
2025-06-17 21:00:00+00:00,0.36017025
2025-06-17 22:00:00+00:00,0.355831
2025-06-17 23:00:00+00:00,0.3499475
2025-06-18 00:00:00+00:00,0.34573775
2025-06-18 01:00:00+00:00,0.34716925
2025-06-18 02:00:00+00:00,0.34746024999999997
2025-06-18 03:00:00+00:00,0.35419975000000004
2025-06-18 04:00:00+00:00,0.315704
2025-06-18 05:00:00+00:00,0.2543195
2025-06-18 06:00:00+00:00,0.171082
2025-06-18 07:00:00+00:00,0.076863425
2025-06-18 08:00:00+00:00,0.043951199999999996
2025-06-18 09:00:00+00:00,0.035768725
2025-06-18 10:00:00+00:00,0.035779525000000006
2025-06-18 11:00:00+00:00,0.035010725
2025-06-18 12:00:00+00:00,0.0364882
2025-06-18 13:00:00+00:00,0.035359925
2025-06-18 14:00:00+00:00,0.036222500000000005
2025-06-18 15:00:00+00:00,0.05581155
2025-06-18 16:00:00+00:00,0.10757622500000001
2025-06-18 17:00:00+00:00,0.1823485
2025-06-18 18:00:00+00:00,0.2562245
2025-06-18 19:00:00+00:00,0.32205074999999994
2025-06-18 20:00:00+00:00,0.361748
2025-06-18 21:00:00+00:00,0.37136325000000003
2025-06-18 22:00:00+00:00,0.37419749999999996
2025-06-18 23:00:00+00:00,0.37302
2025-06-19 00:00:00+00:00,0.3739935
2025-06-19 01:00:00+00:00,0.36811099999999997
2025-06-19 02:00:00+00:00,0.36780875
2025-06-19 03:00:00+00:00,0.36516299999999996
2025-06-19 04:00:00+00:00,0.30994525
2025-06-19 05:00:00+00:00,0.213511
2025-06-19 06:00:00+00:00,0.10917422500000001
2025-06-19 07:00:00+00:00,0.057047799999999996
2025-06-19 08:00:00+00:00,0.047516375
2025-06-19 09:00:00+00:00,0.04183245000000001
2025-06-19 10:00:00+00:00,0.0397329
2025-06-19 11:00:00+00:00,0.035684825
2025-06-19 12:00:00+00:00,0.03502265
2025-06-19 13:00:00+00:00,0.0386908
2025-06-19 14:00:00+00:00,0.040262625
2025-06-19 15:00:00+00:00,0.0467765
2025-06-19 16:00:00+00:00,0.082561925
2025-06-19 17:00:00+00:00,0.16201300000000002
2025-06-19 18:00:00+00:00,0.2378695
2025-06-19 19:00:00+00:00,0.292113
2025-06-19 20:00:00+00:00,0.31829975
2025-06-19 21:00:00+00:00,0.31679675
2025-06-19 22:00:00+00:00,0.31577449999999996
2025-06-19 23:00:00+00:00,0.3115425
2025-06-20 00:00:00+00:00,0.31633025000000004
2025-06-20 01:00:00+00:00,0.31529225
2025-06-20 02:00:00+00:00,0.31207625
2025-06-20 03:00:00+00:00,0.30975525
2025-06-20 04:00:00+00:00,0.275584
2025-06-20 05:00:00+00:00,0.223752
2025-06-20 06:00:00+00:00,0.150238
2025-06-20 07:00:00+00:00,0.06739927500000001
2025-06-20 08:00:00+00:00,0.04163935
2025-06-20 09:00:00+00:00,0.035253524999999994
2025-06-20 10:00:00+00:00,0.031982875
2025-06-20 11:00:00+00:00,0.034091375
2025-06-20 12:00:00+00:00,0.033544449999999996
2025-06-20 13:00:00+00:00,0.0326289
2025-06-20 14:00:00+00:00,0.035865225
2025-06-20 15:00:00+00:00,0.0536056
2025-06-20 16:00:00+00:00,0.11626775
2025-06-20 17:00:00+00:00,0.2011765
2025-06-20 18:00:00+00:00,0.25946274999999996
2025-06-20 19:00:00+00:00,0.31620600000000004
2025-06-20 20:00:00+00:00,0.34056800000000004
2025-06-20 21:00:00+00:00,0.329949
2025-06-20 22:00:00+00:00,0.32438475
2025-06-20 23:00:00+00:00,0.3073115
2025-06-21 00:00:00+00:00,0.296862
2025-06-21 01:00:00+00:00,0.30333849999999996
2025-06-21 02:00:00+00:00,0.31058925000000004
2025-06-21 03:00:00+00:00,0.31800025
2025-06-21 04:00:00+00:00,0.2635685
2025-06-21 05:00:00+00:00,0.15928849999999997
2025-06-21 06:00:00+00:00,0.0856413
2025-06-21 07:00:00+00:00,0.060358449999999994
2025-06-21 08:00:00+00:00,0.047707875
2025-06-21 09:00:00+00:00,0.0445726
2025-06-21 10:00:00+00:00,0.042033575000000004
2025-06-21 11:00:00+00:00,0.040687425
2025-06-21 12:00:00+00:00,0.040562725
2025-06-21 13:00:00+00:00,0.041053125
2025-06-21 14:00:00+00:00,0.042637175
2025-06-21 15:00:00+00:00,0.060936575
2025-06-21 16:00:00+00:00,0.1239986
2025-06-21 17:00:00+00:00,0.21585725
2025-06-21 18:00:00+00:00,0.2918815
2025-06-21 19:00:00+00:00,0.33667925
2025-06-21 20:00:00+00:00,0.34601974999999996
2025-06-21 21:00:00+00:00,0.33145025000000006
2025-06-21 22:00:00+00:00,0.3015465
2025-06-21 23:00:00+00:00,0.26568674999999997
2025-06-22 00:00:00+00:00,0.22990925
2025-06-22 01:00:00+00:00,0.20401699999999998
2025-06-22 02:00:00+00:00,0.15471574999999999
2025-06-22 03:00:00+00:00,0.12613125
2025-06-22 04:00:00+00:00,0.10725065
2025-06-22 05:00:00+00:00,0.087024925
2025-06-22 06:00:00+00:00,0.07058924999999999
2025-06-22 07:00:00+00:00,0.056401275
2025-06-22 08:00:00+00:00,0.04800792499999999
2025-06-22 09:00:00+00:00,0.043880875
2025-06-22 10:00:00+00:00,0.054715025
2025-06-22 11:00:00+00:00,0.0585899
2025-06-22 12:00:00+00:00,0.059978975000000004
2025-06-22 13:00:00+00:00,0.050368025
2025-06-22 14:00:00+00:00,0.039338775
2025-06-22 15:00:00+00:00,0.036599075
2025-06-22 16:00:00+00:00,0.042412425000000004
2025-06-22 17:00:00+00:00,0.053632625
2025-06-22 18:00:00+00:00,0.07600710000000001
2025-06-22 19:00:00+00:00,0.08951575
2025-06-22 20:00:00+00:00,0.093307725
2025-06-22 21:00:00+00:00,0.078376425
2025-06-22 22:00:00+00:00,0.06363855
2025-06-22 23:00:00+00:00,0.056827674999999994
2025-06-23 00:00:00+00:00,0.054418725
2025-06-23 01:00:00+00:00,0.0572945
2025-06-23 02:00:00+00:00,0.0576258
2025-06-23 03:00:00+00:00,0.059453375
2025-06-23 04:00:00+00:00,0.060009825
2025-06-23 05:00:00+00:00,0.052904375000000003
2025-06-23 06:00:00+00:00,0.05087725
2025-06-23 07:00:00+00:00,0.043323799999999996
2025-06-23 08:00:00+00:00,0.036238675
2025-06-23 09:00:00+00:00,0.03406085
2025-06-23 10:00:00+00:00,0.029566399999999996
2025-06-23 11:00:00+00:00,0.026354875
2025-06-23 12:00:00+00:00,0.024482124999999997
2025-06-23 13:00:00+00:00,0.0247453
2025-06-23 14:00:00+00:00,0.027977975
2025-06-23 15:00:00+00:00,0.0320166
2025-06-23 16:00:00+00:00,0.03782440000000001
2025-06-23 17:00:00+00:00,0.056715825
2025-06-23 18:00:00+00:00,0.085425775
2025-06-23 19:00:00+00:00,0.10804625
2025-06-23 20:00:00+00:00,0.12744925000000001
2025-06-23 21:00:00+00:00,0.12687125
2025-06-23 22:00:00+00:00,0.11120625
2025-06-23 23:00:00+00:00,0.11121975
2025-06-24 00:00:00+00:00,0.11169975
2025-06-24 01:00:00+00:00,0.109791
2025-06-24 02:00:00+00:00,0.1105525
2025-06-24 03:00:00+00:00,0.1132905
2025-06-24 04:00:00+00:00,0.10395085
2025-06-24 05:00:00+00:00,0.09154357499999999
2025-06-24 06:00:00+00:00,0.076840775
2025-06-24 07:00:00+00:00,0.0552287
2025-06-24 08:00:00+00:00,0.041530775000000006
2025-06-24 09:00:00+00:00,0.03599005
2025-06-24 10:00:00+00:00,0.034902225
2025-06-24 11:00:00+00:00,0.03623077499999999
2025-06-24 12:00:00+00:00,0.040758025
2025-06-24 13:00:00+00:00,0.04174385
2025-06-24 14:00:00+00:00,0.0415832
2025-06-24 15:00:00+00:00,0.042237949999999996
2025-06-24 16:00:00+00:00,0.048373925
2025-06-24 17:00:00+00:00,0.061168175000000005
2025-06-24 18:00:00+00:00,0.088346
2025-06-24 19:00:00+00:00,0.102865775
2025-06-24 20:00:00+00:00,0.1047435
2025-06-24 21:00:00+00:00,0.10648600000000001
2025-06-24 22:00:00+00:00,0.10186474999999999
2025-06-24 23:00:00+00:00,0.10357275
2025-06-25 00:00:00+00:00,0.10949025000000001
2025-06-25 01:00:00+00:00,0.11594499999999999
2025-06-25 02:00:00+00:00,0.1171345
2025-06-25 03:00:00+00:00,0.1409745
2025-06-25 04:00:00+00:00,0.154107
2025-06-25 05:00:00+00:00,0.1320185
2025-06-25 06:00:00+00:00,0.104988275
2025-06-25 07:00:00+00:00,0.08904559999999999
2025-06-25 08:00:00+00:00,0.06492774999999999
2025-06-25 09:00:00+00:00,0.052853025000000005
2025-06-25 10:00:00+00:00,0.04806315
2025-06-25 11:00:00+00:00,0.041248850000000004
2025-06-25 12:00:00+00:00,0.040533200000000005
2025-06-25 13:00:00+00:00,0.04045459999999999
2025-06-25 14:00:00+00:00,0.051868025000000005
2025-06-25 15:00:00+00:00,0.092725
2025-06-25 16:00:00+00:00,0.16968975
2025-06-25 17:00:00+00:00,0.24569075
2025-06-25 18:00:00+00:00,0.30109525
2025-06-25 19:00:00+00:00,0.34935649999999996
2025-06-25 20:00:00+00:00,0.370637
2025-06-25 21:00:00+00:00,0.3670035
2025-06-25 22:00:00+00:00,0.35620375
2025-06-25 23:00:00+00:00,0.34097625
2025-06-26 00:00:00+00:00,0.333819
2025-06-26 01:00:00+00:00,0.3427245
2025-06-26 02:00:00+00:00,0.35628499999999996
2025-06-26 03:00:00+00:00,0.34599399999999997
2025-06-26 04:00:00+00:00,0.3282155
2025-06-26 05:00:00+00:00,0.3018415
2025-06-26 06:00:00+00:00,0.2676305
2025-06-26 07:00:00+00:00,0.2236595
2025-06-26 08:00:00+00:00,0.1469865
2025-06-26 09:00:00+00:00,0.0757111
2025-06-26 10:00:00+00:00,0.044460975
2025-06-26 11:00:00+00:00,0.03714615
2025-06-26 12:00:00+00:00,0.034904575
2025-06-26 13:00:00+00:00,0.03573375
2025-06-26 14:00:00+00:00,0.03536575
2025-06-26 15:00:00+00:00,0.039725250000000004
2025-06-26 16:00:00+00:00,0.054152099999999995
2025-06-26 17:00:00+00:00,0.07815585
2025-06-26 18:00:00+00:00,0.09155935
2025-06-26 19:00:00+00:00,0.10989225000000001
2025-06-26 20:00:00+00:00,0.139982
2025-06-26 21:00:00+00:00,0.15487325
2025-06-26 22:00:00+00:00,0.17357899999999998
2025-06-26 23:00:00+00:00,0.20268575
2025-06-27 00:00:00+00:00,0.226202
2025-06-27 01:00:00+00:00,0.2241005
2025-06-27 02:00:00+00:00,0.2199945
2025-06-27 03:00:00+00:00,0.23442375
2025-06-27 04:00:00+00:00,0.26665649999999996
2025-06-27 05:00:00+00:00,0.2833875
2025-06-27 06:00:00+00:00,0.2196565
2025-06-27 07:00:00+00:00,0.15428675
2025-06-27 08:00:00+00:00,0.101735675
2025-06-27 09:00:00+00:00,0.052646925
2025-06-27 10:00:00+00:00,0.05323945
2025-06-27 11:00:00+00:00,0.043336074999999995
2025-06-27 12:00:00+00:00,0.036848425000000004
2025-06-27 13:00:00+00:00,0.037279
2025-06-27 14:00:00+00:00,0.03879025
2025-06-27 15:00:00+00:00,0.048796225
2025-06-27 16:00:00+00:00,0.085413425
2025-06-27 17:00:00+00:00,0.13491525
2025-06-27 18:00:00+00:00,0.1668665
2025-06-27 19:00:00+00:00,0.18870875
2025-06-27 20:00:00+00:00,0.19900625
2025-06-27 21:00:00+00:00,0.18316000000000002
2025-06-27 22:00:00+00:00,0.1574325
2025-06-27 23:00:00+00:00,0.1213335
2025-06-28 00:00:00+00:00,0.090855275
2025-06-28 01:00:00+00:00,0.07814177500000001
2025-06-28 02:00:00+00:00,0.08082922499999999
2025-06-28 03:00:00+00:00,0.09334485
2025-06-28 04:00:00+00:00,0.092460875
2025-06-28 05:00:00+00:00,0.068247625
2025-06-28 06:00:00+00:00,0.049968075
2025-06-28 07:00:00+00:00,0.041334325
2025-06-28 08:00:00+00:00,0.0376297
2025-06-28 09:00:00+00:00,0.038074275
2025-06-28 10:00:00+00:00,0.03892595
2025-06-28 11:00:00+00:00,0.03797475
2025-06-28 12:00:00+00:00,0.036634574999999996
2025-06-28 13:00:00+00:00,0.037007475
2025-06-28 14:00:00+00:00,0.0388222
2025-06-28 15:00:00+00:00,0.0402249
2025-06-28 16:00:00+00:00,0.050571874999999995
2025-06-28 17:00:00+00:00,0.09208777500000001
2025-06-28 18:00:00+00:00,0.1485645
2025-06-28 19:00:00+00:00,0.18176625
2025-06-28 20:00:00+00:00,0.19602875
2025-06-28 21:00:00+00:00,0.1800045
2025-06-28 22:00:00+00:00,0.17279550000000002
2025-06-28 23:00:00+00:00,0.17712775
2025-06-29 00:00:00+00:00,0.17124275
2025-06-29 01:00:00+00:00,0.18103200000000003
2025-06-29 02:00:00+00:00,0.21079325
2025-06-29 03:00:00+00:00,0.22307349999999998
2025-06-29 04:00:00+00:00,0.189596
2025-06-29 05:00:00+00:00,0.11675725
2025-06-29 06:00:00+00:00,0.073623
2025-06-29 07:00:00+00:00,0.0543208
2025-06-29 08:00:00+00:00,0.04907555
2025-06-29 09:00:00+00:00,0.04187185
2025-06-29 10:00:00+00:00,0.0395161
2025-06-29 11:00:00+00:00,0.03758055
2025-06-29 12:00:00+00:00,0.0367026
2025-06-29 13:00:00+00:00,0.037771624999999996
2025-06-29 14:00:00+00:00,0.038797525
2025-06-29 15:00:00+00:00,0.046181125
2025-06-29 16:00:00+00:00,0.094927725
2025-06-29 17:00:00+00:00,0.173316
2025-06-29 18:00:00+00:00,0.24825825
2025-06-29 19:00:00+00:00,0.3127455
2025-06-29 20:00:00+00:00,0.34812750000000003
2025-06-29 21:00:00+00:00,0.3523195
2025-06-29 22:00:00+00:00,0.35855925
2025-06-29 23:00:00+00:00,0.36137725
2025-06-30 00:00:00+00:00,0.363718
2025-06-30 01:00:00+00:00,0.36794699999999997
2025-06-30 02:00:00+00:00,0.36975749999999996
2025-06-30 03:00:00+00:00,0.36567575
2025-06-30 04:00:00+00:00,0.32529549999999996
2025-06-30 05:00:00+00:00,0.26543425000000004
2025-06-30 06:00:00+00:00,0.20399949999999997
2025-06-30 07:00:00+00:00,0.12637815
2025-06-30 08:00:00+00:00,0.056148425
2025-06-30 09:00:00+00:00,0.0364327
2025-06-30 10:00:00+00:00,0.032994474999999995
2025-06-30 11:00:00+00:00,0.035568675
2025-06-30 12:00:00+00:00,0.033387075
2025-06-30 13:00:00+00:00,0.037493125
2025-06-30 14:00:00+00:00,0.053672750000000005
2025-06-30 15:00:00+00:00,0.108050275
2025-06-30 16:00:00+00:00,0.16723925
2025-06-30 17:00:00+00:00,0.22104425
2025-06-30 18:00:00+00:00,0.27461425
2025-06-30 19:00:00+00:00,0.31367675
2025-06-30 20:00:00+00:00,0.32711625
2025-06-30 21:00:00+00:00,0.3188265
2025-06-30 22:00:00+00:00,0.2974645
2025-06-30 23:00:00+00:00,0.28649325
2025-07-01 00:00:00+00:00,0.28111474999999997
2025-07-01 01:00:00+00:00,0.28392850000000003
2025-07-01 02:00:00+00:00,0.29565775
2025-07-01 03:00:00+00:00,0.312797
2025-07-01 04:00:00+00:00,0.2994295
2025-07-01 05:00:00+00:00,0.25045575
2025-07-01 06:00:00+00:00,0.20403
2025-07-01 07:00:00+00:00,0.15832200000000002
2025-07-01 08:00:00+00:00,0.096952975
2025-07-01 09:00:00+00:00,0.045631950000000004
2025-07-01 10:00:00+00:00,0.033022675
2025-07-01 11:00:00+00:00,0.030059600000000002
2025-07-01 12:00:00+00:00,0.0318827
2025-07-01 13:00:00+00:00,0.046624750000000006
2025-07-01 14:00:00+00:00,0.07459092499999999
2025-07-01 15:00:00+00:00,0.12555
2025-07-01 16:00:00+00:00,0.15846175
2025-07-01 17:00:00+00:00,0.20325100000000001
2025-07-01 18:00:00+00:00,0.25261175
2025-07-01 19:00:00+00:00,0.27901549999999997
2025-07-01 20:00:00+00:00,0.3004105
2025-07-01 21:00:00+00:00,0.322074
2025-07-01 22:00:00+00:00,0.34014975000000003
2025-07-01 23:00:00+00:00,0.34897199999999995
2025-07-02 00:00:00+00:00,0.36366775
2025-07-02 01:00:00+00:00,0.35861699999999996
2025-07-02 02:00:00+00:00,0.34935950000000005
2025-07-02 03:00:00+00:00,0.34660450000000004
2025-07-02 04:00:00+00:00,0.32096
2025-07-02 05:00:00+00:00,0.26794675
2025-07-02 06:00:00+00:00,0.21026775
2025-07-02 07:00:00+00:00,0.14417375
2025-07-02 08:00:00+00:00,0.100156575
2025-07-02 09:00:00+00:00,0.06974860000000001
2025-07-02 10:00:00+00:00,0.053911925
2025-07-02 11:00:00+00:00,0.04591725
2025-07-02 12:00:00+00:00,0.046174675
2025-07-02 13:00:00+00:00,0.053769174999999995
2025-07-02 14:00:00+00:00,0.08789722500000001
2025-07-02 15:00:00+00:00,0.112244825
2025-07-02 16:00:00+00:00,0.15475925000000001
2025-07-02 17:00:00+00:00,0.1808265
2025-07-02 18:00:00+00:00,0.1955655
2025-07-02 19:00:00+00:00,0.22634849999999998
2025-07-02 20:00:00+00:00,0.2355215
2025-07-02 21:00:00+00:00,0.2145975
2025-07-02 22:00:00+00:00,0.20004525
2025-07-02 23:00:00+00:00,0.16466950000000002
2025-07-03 00:00:00+00:00,0.16136575
2025-07-03 01:00:00+00:00,0.1675195
2025-07-03 02:00:00+00:00,0.1833665
2025-07-03 03:00:00+00:00,0.20187299999999997
2025-07-03 04:00:00+00:00,0.20462950000000002
2025-07-03 05:00:00+00:00,0.18004124999999999
2025-07-03 06:00:00+00:00,0.14321475
2025-07-03 07:00:00+00:00,0.10424705000000001
2025-07-03 08:00:00+00:00,0.061590975
2025-07-03 09:00:00+00:00,0.03998215
2025-07-03 10:00:00+00:00,0.033856025
2025-07-03 11:00:00+00:00,0.03071185
2025-07-03 12:00:00+00:00,0.032584575000000005
2025-07-03 13:00:00+00:00,0.033240425000000004
2025-07-03 14:00:00+00:00,0.037501875
2025-07-03 15:00:00+00:00,0.065512375
2025-07-03 16:00:00+00:00,0.12577525
2025-07-03 17:00:00+00:00,0.18971274999999999
2025-07-03 18:00:00+00:00,0.25475375
2025-07-03 19:00:00+00:00,0.32122949999999995
2025-07-03 20:00:00+00:00,0.345539
2025-07-03 21:00:00+00:00,0.35162899999999997
2025-07-03 22:00:00+00:00,0.35403275
2025-07-03 23:00:00+00:00,0.34907449999999995
2025-07-04 00:00:00+00:00,0.34095424999999996
2025-07-04 01:00:00+00:00,0.33637500000000004
2025-07-04 02:00:00+00:00,0.3332245
2025-07-04 03:00:00+00:00,0.32790450000000004
2025-07-04 04:00:00+00:00,0.2887115
2025-07-04 05:00:00+00:00,0.22888350000000002
2025-07-04 06:00:00+00:00,0.16696275
2025-07-04 07:00:00+00:00,0.08965955
2025-07-04 08:00:00+00:00,0.037697549999999996
2025-07-04 09:00:00+00:00,0.029817575
2025-07-04 10:00:00+00:00,0.0295204
2025-07-04 11:00:00+00:00,0.03053825
2025-07-04 12:00:00+00:00,0.031952350000000004
2025-07-04 13:00:00+00:00,0.033256825000000004
2025-07-04 14:00:00+00:00,0.032912625
2025-07-04 15:00:00+00:00,0.041182500000000004
2025-07-04 16:00:00+00:00,0.082475925
2025-07-04 17:00:00+00:00,0.13255475
2025-07-04 18:00:00+00:00,0.17222625
2025-07-04 19:00:00+00:00,0.1975885
2025-07-04 20:00:00+00:00,0.20665899999999998
2025-07-04 21:00:00+00:00,0.20070424999999997
2025-07-04 22:00:00+00:00,0.167515
2025-07-04 23:00:00+00:00,0.144306
2025-07-05 00:00:00+00:00,0.1229445
2025-07-05 01:00:00+00:00,0.12506475
2025-07-05 02:00:00+00:00,0.11658
2025-07-05 03:00:00+00:00,0.10632799999999999
2025-07-05 04:00:00+00:00,0.09161000000000001
2025-07-05 05:00:00+00:00,0.06747597500000001
2025-07-05 06:00:00+00:00,0.054005675
2025-07-05 07:00:00+00:00,0.0507272
2025-07-05 08:00:00+00:00,0.04472775
2025-07-05 09:00:00+00:00,0.0351223
2025-07-05 10:00:00+00:00,0.032392
2025-07-05 11:00:00+00:00,0.035712875
2025-07-05 12:00:00+00:00,0.035226225
2025-07-05 13:00:00+00:00,0.032860275
2025-07-05 14:00:00+00:00,0.03646395
2025-07-05 15:00:00+00:00,0.03734175
2025-07-05 16:00:00+00:00,0.0520414
2025-07-05 17:00:00+00:00,0.0772704
2025-07-05 18:00:00+00:00,0.10166245
2025-07-05 19:00:00+00:00,0.11255899999999999
2025-07-05 20:00:00+00:00,0.1140055
2025-07-05 21:00:00+00:00,0.11260975
2025-07-05 22:00:00+00:00,0.10797199999999998
2025-07-05 23:00:00+00:00,0.09891407499999999
2025-07-06 00:00:00+00:00,0.0892319
2025-07-06 01:00:00+00:00,0.10255325000000001
2025-07-06 02:00:00+00:00,0.1106855
2025-07-06 03:00:00+00:00,0.130531
2025-07-06 04:00:00+00:00,0.13364625
2025-07-06 05:00:00+00:00,0.11893775000000001
2025-07-06 06:00:00+00:00,0.10083805
2025-07-06 07:00:00+00:00,0.089486825
2025-07-06 08:00:00+00:00,0.092303425
2025-07-06 09:00:00+00:00,0.103938
2025-07-06 10:00:00+00:00,0.1205975
2025-07-06 11:00:00+00:00,0.156392
2025-07-06 12:00:00+00:00,0.143466
2025-07-06 13:00:00+00:00,0.14976974999999998
2025-07-06 14:00:00+00:00,0.1717745
2025-07-06 15:00:00+00:00,0.1978455
2025-07-06 16:00:00+00:00,0.21811575
2025-07-06 17:00:00+00:00,0.247737
2025-07-06 18:00:00+00:00,0.27759675000000006
2025-07-06 19:00:00+00:00,0.31475400000000003
2025-07-06 20:00:00+00:00,0.33527700000000005
2025-07-06 21:00:00+00:00,0.329206
2025-07-06 22:00:00+00:00,0.3176415
2025-07-06 23:00:00+00:00,0.3150465
2025-07-07 00:00:00+00:00,0.31626075
2025-07-07 01:00:00+00:00,0.30108949999999995
2025-07-07 02:00:00+00:00,0.27828875000000003
2025-07-07 03:00:00+00:00,0.25082750000000004
2025-07-07 04:00:00+00:00,0.23735150000000002
2025-07-07 05:00:00+00:00,0.187239
2025-07-07 06:00:00+00:00,0.152727
2025-07-07 07:00:00+00:00,0.12867775
2025-07-07 08:00:00+00:00,0.09188057499999999
2025-07-07 09:00:00+00:00,0.05480225000000001
2025-07-07 10:00:00+00:00,0.040218825
2025-07-07 11:00:00+00:00,0.035662524999999994
2025-07-07 12:00:00+00:00,0.030567225000000003
2025-07-07 13:00:00+00:00,0.027426525
2025-07-07 14:00:00+00:00,0.029638425000000003
2025-07-07 15:00:00+00:00,0.036345225
2025-07-07 16:00:00+00:00,0.0613254
2025-07-07 17:00:00+00:00,0.10533942499999999
2025-07-07 18:00:00+00:00,0.14100574999999999
2025-07-07 19:00:00+00:00,0.18305900000000003
2025-07-07 20:00:00+00:00,0.22613325
2025-07-07 21:00:00+00:00,0.24348000000000003
2025-07-07 22:00:00+00:00,0.25276925
2025-07-07 23:00:00+00:00,0.22895824999999997
2025-07-08 00:00:00+00:00,0.19460324999999998
2025-07-08 01:00:00+00:00,0.23103400000000002
2025-07-08 02:00:00+00:00,0.24996625
2025-07-08 03:00:00+00:00,0.23947825
2025-07-08 04:00:00+00:00,0.206986
2025-07-08 05:00:00+00:00,0.177682
2025-07-08 06:00:00+00:00,0.152925
2025-07-08 07:00:00+00:00,0.10665305
2025-07-08 08:00:00+00:00,0.063507075
2025-07-08 09:00:00+00:00,0.042731475000000005
2025-07-08 10:00:00+00:00,0.0386966
2025-07-08 11:00:00+00:00,0.0361744
2025-07-08 12:00:00+00:00,0.0336994
2025-07-08 13:00:00+00:00,0.03828395
2025-07-08 14:00:00+00:00,0.042394
2025-07-08 15:00:00+00:00,0.06401994999999999
2025-07-08 16:00:00+00:00,0.1082375
2025-07-08 17:00:00+00:00,0.15434175
2025-07-08 18:00:00+00:00,0.1886255
2025-07-08 19:00:00+00:00,0.231219
2025-07-08 20:00:00+00:00,0.25919349999999997
2025-07-08 21:00:00+00:00,0.27547774999999997
2025-07-08 22:00:00+00:00,0.27394275
2025-07-08 23:00:00+00:00,0.28343074999999995
2025-07-09 00:00:00+00:00,0.300264
2025-07-09 01:00:00+00:00,0.31354125
2025-07-09 02:00:00+00:00,0.3228095
2025-07-09 03:00:00+00:00,0.324431
2025-07-09 04:00:00+00:00,0.314914
2025-07-09 05:00:00+00:00,0.27147975
2025-07-09 06:00:00+00:00,0.187222
2025-07-09 07:00:00+00:00,0.13894175
2025-07-09 08:00:00+00:00,0.10042915000000001
2025-07-09 09:00:00+00:00,0.07267040000000001
2025-07-09 10:00:00+00:00,0.058586675
2025-07-09 11:00:00+00:00,0.051846050000000005
2025-07-09 12:00:00+00:00,0.04542829999999999
2025-07-09 13:00:00+00:00,0.047025975
2025-07-09 14:00:00+00:00,0.057023175
2025-07-09 15:00:00+00:00,0.088855375
2025-07-09 16:00:00+00:00,0.14463700000000002
2025-07-09 17:00:00+00:00,0.21777249999999998
2025-07-09 18:00:00+00:00,0.2754415
2025-07-09 19:00:00+00:00,0.33000225
2025-07-09 20:00:00+00:00,0.3559165
2025-07-09 21:00:00+00:00,0.3549915
2025-07-09 22:00:00+00:00,0.35687250000000004
2025-07-09 23:00:00+00:00,0.36691399999999996
2025-07-10 00:00:00+00:00,0.36904375
2025-07-10 01:00:00+00:00,0.36789874999999994
2025-07-10 02:00:00+00:00,0.36575349999999995
2025-07-10 03:00:00+00:00,0.36813
2025-07-10 04:00:00+00:00,0.3463554999999999
2025-07-10 05:00:00+00:00,0.28720025
2025-07-10 06:00:00+00:00,0.225376
2025-07-10 07:00:00+00:00,0.16398375
2025-07-10 08:00:00+00:00,0.12241499999999998
2025-07-10 09:00:00+00:00,0.08443445000000001
2025-07-10 10:00:00+00:00,0.057603475
2025-07-10 11:00:00+00:00,0.0590621
2025-07-10 12:00:00+00:00,0.0606162
2025-07-10 13:00:00+00:00,0.052636525
2025-07-10 14:00:00+00:00,0.067390875
2025-07-10 15:00:00+00:00,0.100554775
2025-07-10 16:00:00+00:00,0.151751
2025-07-10 17:00:00+00:00,0.20556975
2025-07-10 18:00:00+00:00,0.26027775000000003
2025-07-10 19:00:00+00:00,0.31354000000000004
2025-07-10 20:00:00+00:00,0.34409075
2025-07-10 21:00:00+00:00,0.35407900000000003
2025-07-10 22:00:00+00:00,0.36193250000000005
2025-07-10 23:00:00+00:00,0.36616950000000004
2025-07-11 00:00:00+00:00,0.370187
2025-07-11 01:00:00+00:00,0.36979474999999995
2025-07-11 02:00:00+00:00,0.369438
2025-07-11 03:00:00+00:00,0.3641545
2025-07-11 04:00:00+00:00,0.33859300000000003
2025-07-11 05:00:00+00:00,0.27890550000000003
2025-07-11 06:00:00+00:00,0.220858
2025-07-11 07:00:00+00:00,0.17894975000000002
2025-07-11 08:00:00+00:00,0.12584774999999998
2025-07-11 09:00:00+00:00,0.086246375
2025-07-11 10:00:00+00:00,0.058664725
2025-07-11 11:00:00+00:00,0.05099375
2025-07-11 12:00:00+00:00,0.0469994
2025-07-11 13:00:00+00:00,0.04708465
2025-07-11 14:00:00+00:00,0.0515536
2025-07-11 15:00:00+00:00,0.0767943
2025-07-11 16:00:00+00:00,0.14029275
2025-07-11 17:00:00+00:00,0.20263925
2025-07-11 18:00:00+00:00,0.254054
2025-07-11 19:00:00+00:00,0.30662575000000003
2025-07-11 20:00:00+00:00,0.33861325
2025-07-11 21:00:00+00:00,0.340353
2025-07-11 22:00:00+00:00,0.3382435
2025-07-11 23:00:00+00:00,0.333588
2025-07-12 00:00:00+00:00,0.3281205
2025-07-12 01:00:00+00:00,0.32420399999999994
2025-07-12 02:00:00+00:00,0.32093725
2025-07-12 03:00:00+00:00,0.32518475
2025-07-12 04:00:00+00:00,0.3036305
2025-07-12 05:00:00+00:00,0.24519624999999995
2025-07-12 06:00:00+00:00,0.155421
2025-07-12 07:00:00+00:00,0.08570412499999999
2025-07-12 08:00:00+00:00,0.053053225
2025-07-12 09:00:00+00:00,0.042089975
2025-07-12 10:00:00+00:00,0.038918525
2025-07-12 11:00:00+00:00,0.036873750000000004
2025-07-12 12:00:00+00:00,0.037235775
2025-07-12 13:00:00+00:00,0.035415425
2025-07-12 14:00:00+00:00,0.041553775
2025-07-12 15:00:00+00:00,0.058033699999999994
2025-07-12 16:00:00+00:00,0.121703225
2025-07-12 17:00:00+00:00,0.17980949999999998
2025-07-12 18:00:00+00:00,0.23739025
2025-07-12 19:00:00+00:00,0.29104199999999997
2025-07-12 20:00:00+00:00,0.321191
2025-07-12 21:00:00+00:00,0.32881575
2025-07-12 22:00:00+00:00,0.34137524999999996
2025-07-12 23:00:00+00:00,0.35185475
2025-07-13 00:00:00+00:00,0.35403375
2025-07-13 01:00:00+00:00,0.35549275
2025-07-13 02:00:00+00:00,0.36090275
2025-07-13 03:00:00+00:00,0.36189325000000006
2025-07-13 04:00:00+00:00,0.351062
2025-07-13 05:00:00+00:00,0.2919325
2025-07-13 06:00:00+00:00,0.18602875
2025-07-13 07:00:00+00:00,0.105994025
2025-07-13 08:00:00+00:00,0.08835607499999999
2025-07-13 09:00:00+00:00,0.070145025
2025-07-13 10:00:00+00:00,0.060506124999999994
2025-07-13 11:00:00+00:00,0.059107275
2025-07-13 12:00:00+00:00,0.050484575
2025-07-13 13:00:00+00:00,0.0491762
2025-07-13 14:00:00+00:00,0.05633695
2025-07-13 15:00:00+00:00,0.093141625
2025-07-13 16:00:00+00:00,0.18433750000000002
2025-07-13 17:00:00+00:00,0.23952025
2025-07-13 18:00:00+00:00,0.29007950000000005
2025-07-13 19:00:00+00:00,0.32602699999999996
2025-07-13 20:00:00+00:00,0.34691275
2025-07-13 21:00:00+00:00,0.35174575
2025-07-13 22:00:00+00:00,0.3497145
2025-07-13 23:00:00+00:00,0.35187650000000004
2025-07-14 00:00:00+00:00,0.35756099999999996
2025-07-14 01:00:00+00:00,0.35847249999999997
2025-07-14 02:00:00+00:00,0.3591545
2025-07-14 03:00:00+00:00,0.35954825
2025-07-14 04:00:00+00:00,0.33708325
2025-07-14 05:00:00+00:00,0.288869
2025-07-14 06:00:00+00:00,0.24261625
2025-07-14 07:00:00+00:00,0.179516
2025-07-14 08:00:00+00:00,0.1188975
2025-07-14 09:00:00+00:00,0.07170835
2025-07-14 10:00:00+00:00,0.0606363
2025-07-14 11:00:00+00:00,0.054996174999999994
2025-07-14 12:00:00+00:00,0.07364657499999999
2025-07-14 13:00:00+00:00,0.063455425
2025-07-14 14:00:00+00:00,0.062452524999999995
2025-07-14 15:00:00+00:00,0.069122275
2025-07-14 16:00:00+00:00,0.09758164999999999
2025-07-14 17:00:00+00:00,0.138965
2025-07-14 18:00:00+00:00,0.17751175
2025-07-14 19:00:00+00:00,0.21090474999999997
2025-07-14 20:00:00+00:00,0.2189405
2025-07-14 21:00:00+00:00,0.21327275
2025-07-14 22:00:00+00:00,0.212114
2025-07-14 23:00:00+00:00,0.19609725
2025-07-15 00:00:00+00:00,0.19349675
2025-07-15 01:00:00+00:00,0.20169899999999996
2025-07-15 02:00:00+00:00,0.20898450000000002
2025-07-15 03:00:00+00:00,0.231155
2025-07-15 04:00:00+00:00,0.23886125
2025-07-15 05:00:00+00:00,0.21323324999999999
2025-07-15 06:00:00+00:00,0.16881124999999997
2025-07-15 07:00:00+00:00,0.10360492500000001
2025-07-15 08:00:00+00:00,0.06071555
2025-07-15 09:00:00+00:00,0.04857162500000001
2025-07-15 10:00:00+00:00,0.045299225
2025-07-15 11:00:00+00:00,0.04626165
2025-07-15 12:00:00+00:00,0.036826825
2025-07-15 13:00:00+00:00,0.032158275
2025-07-15 14:00:00+00:00,0.034382625
2025-07-15 15:00:00+00:00,0.04211765
2025-07-15 16:00:00+00:00,0.085276475
2025-07-15 17:00:00+00:00,0.13691925
2025-07-15 18:00:00+00:00,0.1712795
2025-07-15 19:00:00+00:00,0.19393875
2025-07-15 20:00:00+00:00,0.19995400000000002
2025-07-15 21:00:00+00:00,0.19787975
2025-07-15 22:00:00+00:00,0.189028
2025-07-15 23:00:00+00:00,0.15230375
2025-07-16 00:00:00+00:00,0.16548449999999998
2025-07-16 01:00:00+00:00,0.18977075
2025-07-16 02:00:00+00:00,0.2017655
2025-07-16 03:00:00+00:00,0.20746199999999998
2025-07-16 04:00:00+00:00,0.213966
2025-07-16 05:00:00+00:00,0.189663
2025-07-16 06:00:00+00:00,0.15697075
2025-07-16 07:00:00+00:00,0.13006875
2025-07-16 08:00:00+00:00,0.08645244999999999
2025-07-16 09:00:00+00:00,0.059957175
2025-07-16 10:00:00+00:00,0.05771145
2025-07-16 11:00:00+00:00,0.050735425
2025-07-16 12:00:00+00:00,0.052141775
2025-07-16 13:00:00+00:00,0.06383695
2025-07-16 14:00:00+00:00,0.067425425
2025-07-16 15:00:00+00:00,0.099319625
2025-07-16 16:00:00+00:00,0.14370875
2025-07-16 17:00:00+00:00,0.191605
2025-07-16 18:00:00+00:00,0.24642525000000004
2025-07-16 19:00:00+00:00,0.29776825
2025-07-16 20:00:00+00:00,0.3284785
2025-07-16 21:00:00+00:00,0.33788199999999996
2025-07-16 22:00:00+00:00,0.33934749999999997
2025-07-16 23:00:00+00:00,0.339546
2025-07-17 00:00:00+00:00,0.34190475
2025-07-17 01:00:00+00:00,0.34962899999999997
2025-07-17 02:00:00+00:00,0.3521770000000001
2025-07-17 03:00:00+00:00,0.3425225
2025-07-17 04:00:00+00:00,0.336626
2025-07-17 05:00:00+00:00,0.293358
2025-07-17 06:00:00+00:00,0.23985425000000002
2025-07-17 07:00:00+00:00,0.1726845
2025-07-17 08:00:00+00:00,0.104089825
2025-07-17 09:00:00+00:00,0.0686127
2025-07-17 10:00:00+00:00,0.05760825
2025-07-17 11:00:00+00:00,0.051608575
2025-07-17 12:00:00+00:00,0.05709625
2025-07-17 13:00:00+00:00,0.062416975
2025-07-17 14:00:00+00:00,0.07767285000000002
2025-07-17 15:00:00+00:00,0.10931732499999999
2025-07-17 16:00:00+00:00,0.16879675000000002
2025-07-17 17:00:00+00:00,0.24964225
2025-07-17 18:00:00+00:00,0.315017
2025-07-17 19:00:00+00:00,0.36126749999999996
2025-07-17 20:00:00+00:00,0.37538099999999996
2025-07-17 21:00:00+00:00,0.37587824999999997
2025-07-17 22:00:00+00:00,0.3777495
2025-07-17 23:00:00+00:00,0.37859774999999996
2025-07-18 00:00:00+00:00,0.37876699999999996
2025-07-18 01:00:00+00:00,0.37940725
2025-07-18 02:00:00+00:00,0.37921524999999995
2025-07-18 03:00:00+00:00,0.3766365
2025-07-18 04:00:00+00:00,0.360422
2025-07-18 05:00:00+00:00,0.31759575
2025-07-18 06:00:00+00:00,0.26978875
2025-07-18 07:00:00+00:00,0.215641
2025-07-18 08:00:00+00:00,0.14673350000000002
2025-07-18 09:00:00+00:00,0.10448345
2025-07-18 10:00:00+00:00,0.07473564999999999
2025-07-18 11:00:00+00:00,0.06572135
2025-07-18 12:00:00+00:00,0.070125325
2025-07-18 13:00:00+00:00,0.08762534999999999
2025-07-18 14:00:00+00:00,0.1080982
2025-07-18 15:00:00+00:00,0.14664625
2025-07-18 16:00:00+00:00,0.21497349999999998
2025-07-18 17:00:00+00:00,0.26933399999999996
2025-07-18 18:00:00+00:00,0.31673225000000005
2025-07-18 19:00:00+00:00,0.35405699999999996
2025-07-18 20:00:00+00:00,0.35629225
2025-07-18 21:00:00+00:00,0.34317224999999996
2025-07-18 22:00:00+00:00,0.32763950000000003
2025-07-18 23:00:00+00:00,0.31829575
2025-07-19 00:00:00+00:00,0.32072500000000004
2025-07-19 01:00:00+00:00,0.32126224999999997
2025-07-19 02:00:00+00:00,0.321094
2025-07-19 03:00:00+00:00,0.32765475
2025-07-19 04:00:00+00:00,0.31740525
2025-07-19 05:00:00+00:00,0.24914449999999996
2025-07-19 06:00:00+00:00,0.133293
2025-07-19 07:00:00+00:00,0.0737804
2025-07-19 08:00:00+00:00,0.058639975000000004
2025-07-19 09:00:00+00:00,0.04677505
2025-07-19 10:00:00+00:00,0.0440198
2025-07-19 11:00:00+00:00,0.0424302
2025-07-19 12:00:00+00:00,0.041809075
2025-07-19 13:00:00+00:00,0.043333975
2025-07-19 14:00:00+00:00,0.060362874999999996
2025-07-19 15:00:00+00:00,0.10946392499999999
2025-07-19 16:00:00+00:00,0.18332725
2025-07-19 17:00:00+00:00,0.21041775000000001
2025-07-19 18:00:00+00:00,0.230535
2025-07-19 19:00:00+00:00,0.2543305
2025-07-19 20:00:00+00:00,0.27956400000000003
2025-07-19 21:00:00+00:00,0.294063
2025-07-19 22:00:00+00:00,0.29654225
2025-07-19 23:00:00+00:00,0.30964475
2025-07-20 00:00:00+00:00,0.3229025
2025-07-20 01:00:00+00:00,0.3451835
2025-07-20 02:00:00+00:00,0.36636525
2025-07-20 03:00:00+00:00,0.36884775000000003
2025-07-20 04:00:00+00:00,0.3675695
2025-07-20 05:00:00+00:00,0.3325895
2025-07-20 06:00:00+00:00,0.226169
2025-07-20 07:00:00+00:00,0.123846425
2025-07-20 08:00:00+00:00,0.07151905
2025-07-20 09:00:00+00:00,0.055946525
2025-07-20 10:00:00+00:00,0.054464725
2025-07-20 11:00:00+00:00,0.05128144999999999
2025-07-20 12:00:00+00:00,0.059562750000000005
2025-07-20 13:00:00+00:00,0.067547025
2025-07-20 14:00:00+00:00,0.09927002500000001
2025-07-20 15:00:00+00:00,0.15879350000000003
2025-07-20 16:00:00+00:00,0.21489350000000002
2025-07-20 17:00:00+00:00,0.27319550000000004
2025-07-20 18:00:00+00:00,0.30381424999999995
2025-07-20 19:00:00+00:00,0.3242485
2025-07-20 20:00:00+00:00,0.34144074999999996
2025-07-20 21:00:00+00:00,0.341753
2025-07-20 22:00:00+00:00,0.3357485
2025-07-20 23:00:00+00:00,0.34260650000000004
2025-07-21 00:00:00+00:00,0.341906
2025-07-21 01:00:00+00:00,0.32775075
2025-07-21 02:00:00+00:00,0.30842225
2025-07-21 03:00:00+00:00,0.28810674999999997
2025-07-21 04:00:00+00:00,0.2752515
2025-07-21 05:00:00+00:00,0.23556925
2025-07-21 06:00:00+00:00,0.185876
2025-07-21 07:00:00+00:00,0.11906350000000002
2025-07-21 08:00:00+00:00,0.06577892499999999
2025-07-21 09:00:00+00:00,0.063926925
2025-07-21 10:00:00+00:00,0.064547725
2025-07-21 11:00:00+00:00,0.06617487500000001
2025-07-21 12:00:00+00:00,0.07969305
2025-07-21 13:00:00+00:00,0.10755825
2025-07-21 14:00:00+00:00,0.135164
2025-07-21 15:00:00+00:00,0.2053815
2025-07-21 16:00:00+00:00,0.224251
2025-07-21 17:00:00+00:00,0.27510575000000004
2025-07-21 18:00:00+00:00,0.33597774999999996
2025-07-21 19:00:00+00:00,0.36417999999999995
2025-07-21 20:00:00+00:00,0.37621550000000004
2025-07-21 21:00:00+00:00,0.3689525
2025-07-21 22:00:00+00:00,0.36310675
2025-07-21 23:00:00+00:00,0.35236899999999993
2025-07-22 00:00:00+00:00,0.35297425
2025-07-22 01:00:00+00:00,0.35122924999999994
2025-07-22 02:00:00+00:00,0.35279099999999997
2025-07-22 03:00:00+00:00,0.352456
2025-07-22 04:00:00+00:00,0.34730300000000003
2025-07-22 05:00:00+00:00,0.3185795
2025-07-22 06:00:00+00:00,0.27513175
2025-07-22 07:00:00+00:00,0.2126335
2025-07-22 08:00:00+00:00,0.1343435
2025-07-22 09:00:00+00:00,0.087246375
2025-07-22 10:00:00+00:00,0.056033324999999995
2025-07-22 11:00:00+00:00,0.048963650000000004
2025-07-22 12:00:00+00:00,0.055781025
2025-07-22 13:00:00+00:00,0.052063625
2025-07-22 14:00:00+00:00,0.056641375
2025-07-22 15:00:00+00:00,0.08403735
2025-07-22 16:00:00+00:00,0.14270475
2025-07-22 17:00:00+00:00,0.21119475000000001
2025-07-22 18:00:00+00:00,0.25584125
2025-07-22 19:00:00+00:00,0.283651
2025-07-22 20:00:00+00:00,0.30063825
2025-07-22 21:00:00+00:00,0.31949825
2025-07-22 22:00:00+00:00,0.30703349999999996
2025-07-22 23:00:00+00:00,0.28633725000000004
2025-07-23 00:00:00+00:00,0.2761055
2025-07-23 01:00:00+00:00,0.28070475
2025-07-23 02:00:00+00:00,0.31447824999999996
2025-07-23 03:00:00+00:00,0.3420705
2025-07-23 04:00:00+00:00,0.3455085
2025-07-23 05:00:00+00:00,0.30197250000000003
2025-07-23 06:00:00+00:00,0.23243775
2025-07-23 07:00:00+00:00,0.193653
2025-07-23 08:00:00+00:00,0.168234
2025-07-23 09:00:00+00:00,0.115373
2025-07-23 10:00:00+00:00,0.0968395
2025-07-23 11:00:00+00:00,0.075129375
2025-07-23 12:00:00+00:00,0.06477565
2025-07-23 13:00:00+00:00,0.06571479999999999
2025-07-23 14:00:00+00:00,0.07961895000000001
2025-07-23 15:00:00+00:00,0.1211535
2025-07-23 16:00:00+00:00,0.20410725000000002
2025-07-23 17:00:00+00:00,0.26598199999999994
2025-07-23 18:00:00+00:00,0.32301775
2025-07-23 19:00:00+00:00,0.354897
2025-07-23 20:00:00+00:00,0.3715465
2025-07-23 21:00:00+00:00,0.37076374999999995
2025-07-23 22:00:00+00:00,0.37277125
2025-07-23 23:00:00+00:00,0.3782685
2025-07-24 00:00:00+00:00,0.377857
2025-07-24 01:00:00+00:00,0.36918425
2025-07-24 02:00:00+00:00,0.372796
2025-07-24 03:00:00+00:00,0.37111025000000003
2025-07-24 04:00:00+00:00,0.35928225
2025-07-24 05:00:00+00:00,0.31742525
2025-07-24 06:00:00+00:00,0.270362
2025-07-24 07:00:00+00:00,0.22714075
2025-07-24 08:00:00+00:00,0.19343525
2025-07-24 09:00:00+00:00,0.1519115
2025-07-24 10:00:00+00:00,0.12618124999999997
2025-07-24 11:00:00+00:00,0.1110425
2025-07-24 12:00:00+00:00,0.1162215
2025-07-24 13:00:00+00:00,0.11919075
2025-07-24 14:00:00+00:00,0.1313035
2025-07-24 15:00:00+00:00,0.158327
2025-07-24 16:00:00+00:00,0.20049775
2025-07-24 17:00:00+00:00,0.251321
2025-07-24 18:00:00+00:00,0.29912099999999997
2025-07-24 19:00:00+00:00,0.34013424999999997
2025-07-24 20:00:00+00:00,0.3499815
2025-07-24 21:00:00+00:00,0.35733550000000003
2025-07-24 22:00:00+00:00,0.357254
2025-07-24 23:00:00+00:00,0.35451174999999996
2025-07-25 00:00:00+00:00,0.35548925
2025-07-25 01:00:00+00:00,0.35389424999999997
2025-07-25 02:00:00+00:00,0.33913775
2025-07-25 03:00:00+00:00,0.34073800000000004
2025-07-25 04:00:00+00:00,0.34056125
2025-07-25 05:00:00+00:00,0.32611375000000004
2025-07-25 06:00:00+00:00,0.2986305
2025-07-25 07:00:00+00:00,0.2768545
2025-07-25 08:00:00+00:00,0.23263075
2025-07-25 09:00:00+00:00,0.20026549999999999
2025-07-25 10:00:00+00:00,0.19227000000000002
2025-07-25 11:00:00+00:00,0.17473275
2025-07-25 12:00:00+00:00,0.15971925
2025-07-25 13:00:00+00:00,0.15803
2025-07-25 14:00:00+00:00,0.15899249999999998
2025-07-25 15:00:00+00:00,0.1804515
2025-07-25 16:00:00+00:00,0.22602275
2025-07-25 17:00:00+00:00,0.26710975000000003
2025-07-25 18:00:00+00:00,0.32587175
2025-07-25 19:00:00+00:00,0.37311375
2025-07-25 20:00:00+00:00,0.38718175000000005
2025-07-25 21:00:00+00:00,0.38387325
2025-07-25 22:00:00+00:00,0.38080075
2025-07-25 23:00:00+00:00,0.37713725000000003
2025-07-26 00:00:00+00:00,0.3744865
2025-07-26 01:00:00+00:00,0.371482
2025-07-26 02:00:00+00:00,0.36679700000000004
2025-07-26 03:00:00+00:00,0.362482
2025-07-26 04:00:00+00:00,0.342293
2025-07-26 05:00:00+00:00,0.28633925
2025-07-26 06:00:00+00:00,0.206525
2025-07-26 07:00:00+00:00,0.11711227500000002
2025-07-26 08:00:00+00:00,0.06582924999999999
2025-07-26 09:00:00+00:00,0.0556064
2025-07-26 10:00:00+00:00,0.054390100000000004
2025-07-26 11:00:00+00:00,0.054139625000000004
2025-07-26 12:00:00+00:00,0.061143525000000004
2025-07-26 13:00:00+00:00,0.07973395
2025-07-26 14:00:00+00:00,0.11413124999999999
2025-07-26 15:00:00+00:00,0.14581850000000002
2025-07-26 16:00:00+00:00,0.21891275000000002
2025-07-26 17:00:00+00:00,0.2689735
2025-07-26 18:00:00+00:00,0.30749299999999996
2025-07-26 19:00:00+00:00,0.34698850000000003
2025-07-26 20:00:00+00:00,0.35638600000000004
2025-07-26 21:00:00+00:00,0.35499525
2025-07-26 22:00:00+00:00,0.35218475000000005
2025-07-26 23:00:00+00:00,0.34570775
2025-07-27 00:00:00+00:00,0.34576975
2025-07-27 01:00:00+00:00,0.35224825
2025-07-27 02:00:00+00:00,0.34193474999999995
2025-07-27 03:00:00+00:00,0.34290025
2025-07-27 04:00:00+00:00,0.340657
2025-07-27 05:00:00+00:00,0.30091175000000003
2025-07-27 06:00:00+00:00,0.22460425
2025-07-27 07:00:00+00:00,0.13190025
2025-07-27 08:00:00+00:00,0.08027862499999999
2025-07-27 09:00:00+00:00,0.064971
2025-07-27 10:00:00+00:00,0.0616975
2025-07-27 11:00:00+00:00,0.058770249999999996
2025-07-27 12:00:00+00:00,0.0581195
2025-07-27 13:00:00+00:00,0.06146495
2025-07-27 14:00:00+00:00,0.0669397
2025-07-27 15:00:00+00:00,0.11159482500000001
2025-07-27 16:00:00+00:00,0.1900135
2025-07-27 17:00:00+00:00,0.235762
2025-07-27 18:00:00+00:00,0.27212250000000004
2025-07-27 19:00:00+00:00,0.30499299999999996
2025-07-27 20:00:00+00:00,0.3292495
2025-07-27 21:00:00+00:00,0.32702424999999996
2025-07-27 22:00:00+00:00,0.327592
2025-07-27 23:00:00+00:00,0.315839
2025-07-28 00:00:00+00:00,0.2970685
2025-07-28 01:00:00+00:00,0.29149575
2025-07-28 02:00:00+00:00,0.292818
2025-07-28 03:00:00+00:00,0.3006475
2025-07-28 04:00:00+00:00,0.30711125
2025-07-28 05:00:00+00:00,0.274345
2025-07-28 06:00:00+00:00,0.23560625000000002
2025-07-28 07:00:00+00:00,0.18484499999999998
2025-07-28 08:00:00+00:00,0.122697
2025-07-28 09:00:00+00:00,0.069395975
2025-07-28 10:00:00+00:00,0.054288325
2025-07-28 11:00:00+00:00,0.04643315
2025-07-28 12:00:00+00:00,0.044590375
2025-07-28 13:00:00+00:00,0.044813149999999996
2025-07-28 14:00:00+00:00,0.045455325000000005
2025-07-28 15:00:00+00:00,0.0658989
2025-07-28 16:00:00+00:00,0.122352225
2025-07-28 17:00:00+00:00,0.19922199999999998
2025-07-28 18:00:00+00:00,0.26624824999999996
2025-07-28 19:00:00+00:00,0.32485474999999997
2025-07-28 20:00:00+00:00,0.34541774999999997
2025-07-28 21:00:00+00:00,0.33129625
2025-07-28 22:00:00+00:00,0.3020855
2025-07-28 23:00:00+00:00,0.28453425
2025-07-29 00:00:00+00:00,0.29424525
2025-07-29 01:00:00+00:00,0.30033875
2025-07-29 02:00:00+00:00,0.31546874999999996
2025-07-29 03:00:00+00:00,0.32836449999999995
2025-07-29 04:00:00+00:00,0.32592175
2025-07-29 05:00:00+00:00,0.26990875000000003
2025-07-29 06:00:00+00:00,0.205078
2025-07-29 07:00:00+00:00,0.109824975
2025-07-29 08:00:00+00:00,0.060895575
2025-07-29 09:00:00+00:00,0.0467041
2025-07-29 10:00:00+00:00,0.041301649999999995
2025-07-29 11:00:00+00:00,0.0384683
2025-07-29 12:00:00+00:00,0.039636375
2025-07-29 13:00:00+00:00,0.040755275
2025-07-29 14:00:00+00:00,0.05657155
2025-07-29 15:00:00+00:00,0.09335444999999999
2025-07-29 16:00:00+00:00,0.15325324999999998
2025-07-29 17:00:00+00:00,0.24076475000000003
2025-07-29 18:00:00+00:00,0.29073775
2025-07-29 19:00:00+00:00,0.3319225
2025-07-29 20:00:00+00:00,0.35040125
2025-07-29 21:00:00+00:00,0.35317475
2025-07-29 22:00:00+00:00,0.3445715
2025-07-29 23:00:00+00:00,0.32993075
2025-07-30 00:00:00+00:00,0.3230775
2025-07-30 01:00:00+00:00,0.30771625
2025-07-30 02:00:00+00:00,0.29824175
2025-07-30 03:00:00+00:00,0.292619
2025-07-30 04:00:00+00:00,0.28494275
2025-07-30 05:00:00+00:00,0.22743125000000003
2025-07-30 06:00:00+00:00,0.17042475
2025-07-30 07:00:00+00:00,0.10397499999999998
2025-07-30 08:00:00+00:00,0.048689325
2025-07-30 09:00:00+00:00,0.0356512
2025-07-30 10:00:00+00:00,0.032427624999999995
2025-07-30 11:00:00+00:00,0.0306675
2025-07-30 12:00:00+00:00,0.029459825000000002
2025-07-30 13:00:00+00:00,0.029492575
2025-07-30 14:00:00+00:00,0.033777100000000004
2025-07-30 15:00:00+00:00,0.0435999
2025-07-30 16:00:00+00:00,0.0857907
2025-07-30 17:00:00+00:00,0.147734
2025-07-30 18:00:00+00:00,0.17926799999999998
2025-07-30 19:00:00+00:00,0.211666
2025-07-30 20:00:00+00:00,0.21718674999999998
2025-07-30 21:00:00+00:00,0.21390499999999998
2025-07-30 22:00:00+00:00,0.18359375
2025-07-30 23:00:00+00:00,0.16909025
2025-07-31 00:00:00+00:00,0.17704625
2025-07-31 01:00:00+00:00,0.19106099999999998
2025-07-31 02:00:00+00:00,0.21975
2025-07-31 03:00:00+00:00,0.24897775
2025-07-31 04:00:00+00:00,0.26812800000000003
2025-07-31 05:00:00+00:00,0.248497
2025-07-31 06:00:00+00:00,0.196519
2025-07-31 07:00:00+00:00,0.118076425
2025-07-31 08:00:00+00:00,0.059539575000000004
2025-07-31 09:00:00+00:00,0.047514650000000005
2025-07-31 10:00:00+00:00,0.03845975
2025-07-31 11:00:00+00:00,0.039505149999999996
2025-07-31 12:00:00+00:00,0.05185185
2025-07-31 13:00:00+00:00,0.081084675
2025-07-31 14:00:00+00:00,0.09483074999999999
2025-07-31 15:00:00+00:00,0.120355
2025-07-31 16:00:00+00:00,0.16778925
2025-07-31 17:00:00+00:00,0.218353
2025-07-31 18:00:00+00:00,0.25414275
2025-07-31 19:00:00+00:00,0.2925215
2025-07-31 20:00:00+00:00,0.31984075
2025-07-31 21:00:00+00:00,0.33241750000000003
2025-07-31 22:00:00+00:00,0.3383365
2025-07-31 23:00:00+00:00,0.33593175000000003
2025-08-01 00:00:00+00:00,0.329998
2025-08-01 01:00:00+00:00,0.32400525
2025-08-01 02:00:00+00:00,0.31987575
2025-08-01 03:00:00+00:00,0.31329949999999995
2025-08-01 04:00:00+00:00,0.295258
2025-08-01 05:00:00+00:00,0.24650624999999998
2025-08-01 06:00:00+00:00,0.20552775
2025-08-01 07:00:00+00:00,0.1585545
2025-08-01 08:00:00+00:00,0.1013938
2025-08-01 09:00:00+00:00,0.0661184
2025-08-01 10:00:00+00:00,0.0543238
2025-08-01 11:00:00+00:00,0.051621349999999996
2025-08-01 12:00:00+00:00,0.05133457499999999
2025-08-01 13:00:00+00:00,0.04939712499999999
2025-08-01 14:00:00+00:00,0.0523274
2025-08-01 15:00:00+00:00,0.0636936
2025-08-01 16:00:00+00:00,0.0947695
2025-08-01 17:00:00+00:00,0.13658275
2025-08-01 18:00:00+00:00,0.17876299999999998
2025-08-01 19:00:00+00:00,0.2115785
2025-08-01 20:00:00+00:00,0.22130275
2025-08-01 21:00:00+00:00,0.22184175
2025-08-01 22:00:00+00:00,0.23381000000000002
2025-08-01 23:00:00+00:00,0.21160475
2025-08-02 00:00:00+00:00,0.17503425
2025-08-02 01:00:00+00:00,0.1449375
2025-08-02 02:00:00+00:00,0.12609425000000002
2025-08-02 03:00:00+00:00,0.12852375000000002
2025-08-02 04:00:00+00:00,0.12666225
2025-08-02 05:00:00+00:00,0.11051115
2025-08-02 06:00:00+00:00,0.080184075
2025-08-02 07:00:00+00:00,0.0642588
2025-08-02 08:00:00+00:00,0.0525493
2025-08-02 09:00:00+00:00,0.047133525
2025-08-02 10:00:00+00:00,0.041430925
2025-08-02 11:00:00+00:00,0.036869725000000006
2025-08-02 12:00:00+00:00,0.0372539
2025-08-02 13:00:00+00:00,0.04219845
2025-08-02 14:00:00+00:00,0.043566125
2025-08-02 15:00:00+00:00,0.051501775
2025-08-02 16:00:00+00:00,0.08889112499999999
2025-08-02 17:00:00+00:00,0.11754275
2025-08-02 18:00:00+00:00,0.1577825
2025-08-02 19:00:00+00:00,0.19565575000000002
2025-08-02 20:00:00+00:00,0.20829949999999997
2025-08-02 21:00:00+00:00,0.20426325
2025-08-02 22:00:00+00:00,0.15860825
2025-08-02 23:00:00+00:00,0.11620375000000001
2025-08-03 00:00:00+00:00,0.09369945
2025-08-03 01:00:00+00:00,0.0854421
2025-08-03 02:00:00+00:00,0.08153875000000001
2025-08-03 03:00:00+00:00,0.080032575
2025-08-03 04:00:00+00:00,0.09159389999999999
2025-08-03 05:00:00+00:00,0.105004875
2025-08-03 06:00:00+00:00,0.081335025
2025-08-03 07:00:00+00:00,0.059155074999999994
2025-08-03 08:00:00+00:00,0.042464425
2025-08-03 09:00:00+00:00,0.035128075
2025-08-03 10:00:00+00:00,0.0331843
2025-08-03 11:00:00+00:00,0.03171285
2025-08-03 12:00:00+00:00,0.0305055
2025-08-03 13:00:00+00:00,0.03250475
2025-08-03 14:00:00+00:00,0.036237675
2025-08-03 15:00:00+00:00,0.032265049999999997
2025-08-03 16:00:00+00:00,0.039553225000000004
2025-08-03 17:00:00+00:00,0.0670145
2025-08-03 18:00:00+00:00,0.084153275
2025-08-03 19:00:00+00:00,0.09632439999999999
2025-08-03 20:00:00+00:00,0.10746675
2025-08-03 21:00:00+00:00,0.1114485
2025-08-03 22:00:00+00:00,0.120744
2025-08-03 23:00:00+00:00,0.12428
2025-08-04 00:00:00+00:00,0.1255785
2025-08-04 01:00:00+00:00,0.1462485
2025-08-04 02:00:00+00:00,0.18544625000000003
2025-08-04 03:00:00+00:00,0.23028375
2025-08-04 04:00:00+00:00,0.2595285
2025-08-04 05:00:00+00:00,0.215883
2025-08-04 06:00:00+00:00,0.16854625
2025-08-04 07:00:00+00:00,0.1217115
2025-08-04 08:00:00+00:00,0.06265545
2025-08-04 09:00:00+00:00,0.036769125
2025-08-04 10:00:00+00:00,0.030795225
2025-08-04 11:00:00+00:00,0.025989075
2025-08-04 12:00:00+00:00,0.025493625
2025-08-04 13:00:00+00:00,0.0270983
2025-08-04 14:00:00+00:00,0.03073885
2025-08-04 15:00:00+00:00,0.0336392
2025-08-04 16:00:00+00:00,0.04042735
2025-08-04 17:00:00+00:00,0.050380825
2025-08-04 18:00:00+00:00,0.05194730000000001
2025-08-04 19:00:00+00:00,0.053546699999999996
2025-08-04 20:00:00+00:00,0.06937367500000001
2025-08-04 21:00:00+00:00,0.08323995000000001
2025-08-04 22:00:00+00:00,0.08925364999999999
2025-08-04 23:00:00+00:00,0.08251982499999999
2025-08-05 00:00:00+00:00,0.076018025
2025-08-05 01:00:00+00:00,0.0738132
2025-08-05 02:00:00+00:00,0.07429305
2025-08-05 03:00:00+00:00,0.07724639999999999
2025-08-05 04:00:00+00:00,0.0785983
2025-08-05 05:00:00+00:00,0.07129425
2025-08-05 06:00:00+00:00,0.049358725
2025-08-05 07:00:00+00:00,0.033022075
2025-08-05 08:00:00+00:00,0.02858975
2025-08-05 09:00:00+00:00,0.027407874999999998
2025-08-05 10:00:00+00:00,0.027183675000000004
2025-08-05 11:00:00+00:00,0.027253575
2025-08-05 12:00:00+00:00,0.032989874999999995
2025-08-05 13:00:00+00:00,0.036370125
2025-08-05 14:00:00+00:00,0.038475775
2025-08-05 15:00:00+00:00,0.04173592500000001
2025-08-05 16:00:00+00:00,0.052923775
2025-08-05 17:00:00+00:00,0.080950675
2025-08-05 18:00:00+00:00,0.11643124999999999
2025-08-05 19:00:00+00:00,0.14021075
2025-08-05 20:00:00+00:00,0.13883575
2025-08-05 21:00:00+00:00,0.126388
2025-08-05 22:00:00+00:00,0.10881925
2025-08-05 23:00:00+00:00,0.10931074999999998
2025-08-06 00:00:00+00:00,0.1166755
2025-08-06 01:00:00+00:00,0.11513475000000001
2025-08-06 02:00:00+00:00,0.12607825
2025-08-06 03:00:00+00:00,0.15562525
2025-08-06 04:00:00+00:00,0.1877925
2025-08-06 05:00:00+00:00,0.15612725
2025-08-06 06:00:00+00:00,0.1096281
2025-08-06 07:00:00+00:00,0.0632861
2025-08-06 08:00:00+00:00,0.051916399999999994
2025-08-06 09:00:00+00:00,0.048940425
2025-08-06 10:00:00+00:00,0.04910500000000001
2025-08-06 11:00:00+00:00,0.044486375
2025-08-06 12:00:00+00:00,0.047293274999999996
2025-08-06 13:00:00+00:00,0.04924485
2025-08-06 14:00:00+00:00,0.0522608
2025-08-06 15:00:00+00:00,0.0917158
2025-08-06 16:00:00+00:00,0.16966599999999998
2025-08-06 17:00:00+00:00,0.26485025
2025-08-06 18:00:00+00:00,0.35393575
2025-08-06 19:00:00+00:00,0.397078
2025-08-06 20:00:00+00:00,0.39840675
2025-08-06 21:00:00+00:00,0.39527425
2025-08-06 22:00:00+00:00,0.39023774999999994
2025-08-06 23:00:00+00:00,0.38080325000000004
2025-08-07 00:00:00+00:00,0.36815374999999995
2025-08-07 01:00:00+00:00,0.35254075000000007
2025-08-07 02:00:00+00:00,0.350297
2025-08-07 03:00:00+00:00,0.35509375
2025-08-07 04:00:00+00:00,0.35501425
2025-08-07 05:00:00+00:00,0.31353549999999997
2025-08-07 06:00:00+00:00,0.2280705
2025-08-07 07:00:00+00:00,0.123006625
2025-08-07 08:00:00+00:00,0.055161800000000004
2025-08-07 09:00:00+00:00,0.0420177
2025-08-07 10:00:00+00:00,0.039422775
2025-08-07 11:00:00+00:00,0.036496675
2025-08-07 12:00:00+00:00,0.039437625000000004
2025-08-07 13:00:00+00:00,0.04178315
2025-08-07 14:00:00+00:00,0.043608600000000004
2025-08-07 15:00:00+00:00,0.06691635
2025-08-07 16:00:00+00:00,0.14678025
2025-08-07 17:00:00+00:00,0.21550775
2025-08-07 18:00:00+00:00,0.251706
2025-08-07 19:00:00+00:00,0.27235349999999997
2025-08-07 20:00:00+00:00,0.27852775
2025-08-07 21:00:00+00:00,0.2774565
2025-08-07 22:00:00+00:00,0.265929
2025-08-07 23:00:00+00:00,0.26184775000000005
2025-08-08 00:00:00+00:00,0.2586705
2025-08-08 01:00:00+00:00,0.25898925
2025-08-08 02:00:00+00:00,0.27369475
2025-08-08 03:00:00+00:00,0.27576525
2025-08-08 04:00:00+00:00,0.29085174999999996
2025-08-08 05:00:00+00:00,0.291002
2025-08-08 06:00:00+00:00,0.24798225000000002
2025-08-08 07:00:00+00:00,0.16530925000000002
2025-08-08 08:00:00+00:00,0.07936945000000001
2025-08-08 09:00:00+00:00,0.056695775000000004
2025-08-08 10:00:00+00:00,0.045867599999999994
2025-08-08 11:00:00+00:00,0.041930175
2025-08-08 12:00:00+00:00,0.04231715
2025-08-08 13:00:00+00:00,0.048212125
2025-08-08 14:00:00+00:00,0.0611691
2025-08-08 15:00:00+00:00,0.1077507
2025-08-08 16:00:00+00:00,0.20359875
2025-08-08 17:00:00+00:00,0.28859575000000004
2025-08-08 18:00:00+00:00,0.356707
2025-08-08 19:00:00+00:00,0.401801
2025-08-08 20:00:00+00:00,0.405637
2025-08-08 21:00:00+00:00,0.40730924999999996
2025-08-08 22:00:00+00:00,0.40622475
2025-08-08 23:00:00+00:00,0.40669599999999995
2025-08-09 00:00:00+00:00,0.40780700000000003
2025-08-09 01:00:00+00:00,0.40707575
2025-08-09 02:00:00+00:00,0.39655774999999993
2025-08-09 03:00:00+00:00,0.38337200000000005
2025-08-09 04:00:00+00:00,0.365781
2025-08-09 05:00:00+00:00,0.27879425
2025-08-09 06:00:00+00:00,0.14803025
2025-08-09 07:00:00+00:00,0.066450725
2025-08-09 08:00:00+00:00,0.0430502
2025-08-09 09:00:00+00:00,0.034762375
2025-08-09 10:00:00+00:00,0.032568799999999995
2025-08-09 11:00:00+00:00,0.030130075
2025-08-09 12:00:00+00:00,0.028513774999999998
2025-08-09 13:00:00+00:00,0.02899865
2025-08-09 14:00:00+00:00,0.0316564
2025-08-09 15:00:00+00:00,0.0344892
2025-08-09 16:00:00+00:00,0.07085575
2025-08-09 17:00:00+00:00,0.1498035
2025-08-09 18:00:00+00:00,0.217218
2025-08-09 19:00:00+00:00,0.27573249999999994
2025-08-09 20:00:00+00:00,0.2778895
2025-08-09 21:00:00+00:00,0.27816825
2025-08-09 22:00:00+00:00,0.27962025
2025-08-09 23:00:00+00:00,0.27151725
2025-08-10 00:00:00+00:00,0.2735575
2025-08-10 01:00:00+00:00,0.2715875
2025-08-10 02:00:00+00:00,0.26434749999999996
2025-08-10 03:00:00+00:00,0.26079575
2025-08-10 04:00:00+00:00,0.265995
2025-08-10 05:00:00+00:00,0.17603475
2025-08-10 06:00:00+00:00,0.086758275
2025-08-10 07:00:00+00:00,0.059361425
2025-08-10 08:00:00+00:00,0.044080125
2025-08-10 09:00:00+00:00,0.037422875
2025-08-10 10:00:00+00:00,0.0329157
2025-08-10 11:00:00+00:00,0.032403074999999996
2025-08-10 12:00:00+00:00,0.032467525
2025-08-10 13:00:00+00:00,0.032528025
2025-08-10 14:00:00+00:00,0.038618575
2025-08-10 15:00:00+00:00,0.055750525
2025-08-10 16:00:00+00:00,0.1361673
2025-08-10 17:00:00+00:00,0.23825775
2025-08-10 18:00:00+00:00,0.31261825
2025-08-10 19:00:00+00:00,0.3615445
2025-08-10 20:00:00+00:00,0.3688155
2025-08-10 21:00:00+00:00,0.36809075
2025-08-10 22:00:00+00:00,0.37077899999999997
2025-08-10 23:00:00+00:00,0.36894499999999997
2025-08-11 00:00:00+00:00,0.36624124999999996
2025-08-11 01:00:00+00:00,0.36744025
2025-08-11 02:00:00+00:00,0.37040324999999996
2025-08-11 03:00:00+00:00,0.371924
2025-08-11 04:00:00+00:00,0.37270675000000003
2025-08-11 05:00:00+00:00,0.33218725
2025-08-11 06:00:00+00:00,0.25689925
2025-08-11 07:00:00+00:00,0.15095275
2025-08-11 08:00:00+00:00,0.0649593
2025-08-11 09:00:00+00:00,0.038616875
2025-08-11 10:00:00+00:00,0.0343959
2025-08-11 11:00:00+00:00,0.0328637
2025-08-11 12:00:00+00:00,0.033736225
2025-08-11 13:00:00+00:00,0.038439675
2025-08-11 14:00:00+00:00,0.06934130000000001
2025-08-11 15:00:00+00:00,0.13818475
2025-08-11 16:00:00+00:00,0.22420575
2025-08-11 17:00:00+00:00,0.2812495
2025-08-11 18:00:00+00:00,0.3325555
2025-08-11 19:00:00+00:00,0.35173825000000003
2025-08-11 20:00:00+00:00,0.35251000000000005
2025-08-11 21:00:00+00:00,0.34893925
2025-08-11 22:00:00+00:00,0.33786299999999997
2025-08-11 23:00:00+00:00,0.32384375
2025-08-12 00:00:00+00:00,0.31912025
2025-08-12 01:00:00+00:00,0.33230800000000005
2025-08-12 02:00:00+00:00,0.34868125
2025-08-12 03:00:00+00:00,0.34948999999999997
2025-08-12 04:00:00+00:00,0.36362150000000004
2025-08-12 05:00:00+00:00,0.33996224999999997
2025-08-12 06:00:00+00:00,0.28509724999999997
2025-08-12 07:00:00+00:00,0.22128025
2025-08-12 08:00:00+00:00,0.12270224999999998
2025-08-12 09:00:00+00:00,0.0655598
2025-08-12 10:00:00+00:00,0.05387125
2025-08-12 11:00:00+00:00,0.046953474999999995
2025-08-12 12:00:00+00:00,0.0463727
2025-08-12 13:00:00+00:00,0.051034525
2025-08-12 14:00:00+00:00,0.07819927500000001
2025-08-12 15:00:00+00:00,0.15388174999999998
2025-08-12 16:00:00+00:00,0.23428825000000003
2025-08-12 17:00:00+00:00,0.295397
2025-08-12 18:00:00+00:00,0.35706724999999995
2025-08-12 19:00:00+00:00,0.37788875000000005
2025-08-12 20:00:00+00:00,0.38227875
2025-08-12 21:00:00+00:00,0.39103775
2025-08-12 22:00:00+00:00,0.402915
2025-08-12 23:00:00+00:00,0.413709
2025-08-13 00:00:00+00:00,0.42023375
2025-08-13 01:00:00+00:00,0.42607649999999997
2025-08-13 02:00:00+00:00,0.42823425
2025-08-13 03:00:00+00:00,0.42579649999999997
2025-08-13 04:00:00+00:00,0.421758
2025-08-13 05:00:00+00:00,0.3753565
2025-08-13 06:00:00+00:00,0.307601
2025-08-13 07:00:00+00:00,0.238479
2025-08-13 08:00:00+00:00,0.1451365
2025-08-13 09:00:00+00:00,0.08143460000000001
2025-08-13 10:00:00+00:00,0.06193655000000001
2025-08-13 11:00:00+00:00,0.060275024999999996
2025-08-13 12:00:00+00:00,0.063004025
2025-08-13 13:00:00+00:00,0.081492525
2025-08-13 14:00:00+00:00,0.13613799999999998
2025-08-13 15:00:00+00:00,0.2298385
2025-08-13 16:00:00+00:00,0.2918205
2025-08-13 17:00:00+00:00,0.351685
2025-08-13 18:00:00+00:00,0.3959065
2025-08-13 19:00:00+00:00,0.423664
2025-08-13 20:00:00+00:00,0.42881749999999996
2025-08-13 21:00:00+00:00,0.42916825000000003
2025-08-13 22:00:00+00:00,0.428466
2025-08-13 23:00:00+00:00,0.42404625
2025-08-14 00:00:00+00:00,0.41794600000000004
2025-08-14 01:00:00+00:00,0.41395075000000003
2025-08-14 02:00:00+00:00,0.4207405
2025-08-14 03:00:00+00:00,0.40560250000000003
2025-08-14 04:00:00+00:00,0.410612
2025-08-14 05:00:00+00:00,0.40120125
2025-08-14 06:00:00+00:00,0.3563535
2025-08-14 07:00:00+00:00,0.25529599999999997
2025-08-14 08:00:00+00:00,0.13644275
2025-08-14 09:00:00+00:00,0.0842816
2025-08-14 10:00:00+00:00,0.065414625
2025-08-14 11:00:00+00:00,0.06360235
2025-08-14 12:00:00+00:00,0.064441925
2025-08-14 13:00:00+00:00,0.078476975
2025-08-14 14:00:00+00:00,0.11664025
2025-08-14 15:00:00+00:00,0.170555
2025-08-14 16:00:00+00:00,0.23792049999999998
2025-08-14 17:00:00+00:00,0.28622175000000005
2025-08-14 18:00:00+00:00,0.34567424999999996
2025-08-14 19:00:00+00:00,0.39097499999999996
2025-08-14 20:00:00+00:00,0.40726450000000003
2025-08-14 21:00:00+00:00,0.413603
2025-08-14 22:00:00+00:00,0.41867825000000003
2025-08-14 23:00:00+00:00,0.41812575
2025-08-15 00:00:00+00:00,0.4188075
2025-08-15 01:00:00+00:00,0.419565
2025-08-15 02:00:00+00:00,0.41912425
2025-08-15 03:00:00+00:00,0.42205275
2025-08-15 04:00:00+00:00,0.42143225
2025-08-15 05:00:00+00:00,0.3818515
2025-08-15 06:00:00+00:00,0.29472550000000003
2025-08-15 07:00:00+00:00,0.17305350000000003
2025-08-15 08:00:00+00:00,0.07520584999999999
2025-08-15 09:00:00+00:00,0.0522696
2025-08-15 10:00:00+00:00,0.045480574999999995
2025-08-15 11:00:00+00:00,0.043590325
2025-08-15 12:00:00+00:00,0.04230755
2025-08-15 13:00:00+00:00,0.043427049999999995
2025-08-15 14:00:00+00:00,0.05198505
2025-08-15 15:00:00+00:00,0.10162035
2025-08-15 16:00:00+00:00,0.17860275
2025-08-15 17:00:00+00:00,0.24347649999999998
2025-08-15 18:00:00+00:00,0.31577575
2025-08-15 19:00:00+00:00,0.354883
2025-08-15 20:00:00+00:00,0.35365349999999995
2025-08-15 21:00:00+00:00,0.344179
2025-08-15 22:00:00+00:00,0.33768225
2025-08-15 23:00:00+00:00,0.33340899999999996
2025-08-16 00:00:00+00:00,0.3240385
2025-08-16 01:00:00+00:00,0.31273925
2025-08-16 02:00:00+00:00,0.30426125
2025-08-16 03:00:00+00:00,0.3055525
2025-08-16 04:00:00+00:00,0.310322
2025-08-16 05:00:00+00:00,0.29042599999999996
2025-08-16 06:00:00+00:00,0.2408375
2025-08-16 07:00:00+00:00,0.15787099999999998
2025-08-16 08:00:00+00:00,0.10959427499999999
2025-08-16 09:00:00+00:00,0.0971416
2025-08-16 10:00:00+00:00,0.085767125
2025-08-16 11:00:00+00:00,0.07542839999999999
2025-08-16 12:00:00+00:00,0.07456815
2025-08-16 13:00:00+00:00,0.06202445
2025-08-16 14:00:00+00:00,0.056441250000000005
2025-08-16 15:00:00+00:00,0.0683152
2025-08-16 16:00:00+00:00,0.11771662499999999
2025-08-16 17:00:00+00:00,0.190792
2025-08-16 18:00:00+00:00,0.256029
2025-08-16 19:00:00+00:00,0.2956995
2025-08-16 20:00:00+00:00,0.31551425
2025-08-16 21:00:00+00:00,0.335974
2025-08-16 22:00:00+00:00,0.349661
2025-08-16 23:00:00+00:00,0.35396550000000004
2025-08-17 00:00:00+00:00,0.3548285
2025-08-17 01:00:00+00:00,0.35897500000000004
2025-08-17 02:00:00+00:00,0.3585655
2025-08-17 03:00:00+00:00,0.35891375000000003
2025-08-17 04:00:00+00:00,0.35378624999999997
2025-08-17 05:00:00+00:00,0.315786
2025-08-17 06:00:00+00:00,0.202577
2025-08-17 07:00:00+00:00,0.109840625
2025-08-17 08:00:00+00:00,0.08420255
2025-08-17 09:00:00+00:00,0.086765375
2025-08-17 10:00:00+00:00,0.0792411
2025-08-17 11:00:00+00:00,0.074392175
2025-08-17 12:00:00+00:00,0.08220685
2025-08-17 13:00:00+00:00,0.08930925
2025-08-17 14:00:00+00:00,0.11124225
2025-08-17 15:00:00+00:00,0.170015
2025-08-17 16:00:00+00:00,0.25675025
2025-08-17 17:00:00+00:00,0.30425250000000004
2025-08-17 18:00:00+00:00,0.3480835
2025-08-17 19:00:00+00:00,0.3621615
2025-08-17 20:00:00+00:00,0.373594
2025-08-17 21:00:00+00:00,0.3764155
2025-08-17 22:00:00+00:00,0.37941075
2025-08-17 23:00:00+00:00,0.388823
2025-08-18 00:00:00+00:00,0.3930315
2025-08-18 01:00:00+00:00,0.39515700000000004
2025-08-18 02:00:00+00:00,0.397269
2025-08-18 03:00:00+00:00,0.39896775000000007
2025-08-18 04:00:00+00:00,0.39726075
2025-08-18 05:00:00+00:00,0.37573675
2025-08-18 06:00:00+00:00,0.31523999999999996
2025-08-18 07:00:00+00:00,0.23612275
2025-08-18 08:00:00+00:00,0.125848675
2025-08-18 09:00:00+00:00,0.07455434999999999
2025-08-18 10:00:00+00:00,0.064360325
2025-08-18 11:00:00+00:00,0.06186095
2025-08-18 12:00:00+00:00,0.062288449999999995
2025-08-18 13:00:00+00:00,0.0642265
2025-08-18 14:00:00+00:00,0.09079765000000001
2025-08-18 15:00:00+00:00,0.157628
2025-08-18 16:00:00+00:00,0.22150399999999998
2025-08-18 17:00:00+00:00,0.26314925
2025-08-18 18:00:00+00:00,0.31123725
2025-08-18 19:00:00+00:00,0.33354875
2025-08-18 20:00:00+00:00,0.3364815
2025-08-18 21:00:00+00:00,0.34163674999999993
2025-08-18 22:00:00+00:00,0.35403025
2025-08-18 23:00:00+00:00,0.3681875
2025-08-19 00:00:00+00:00,0.38668275
2025-08-19 01:00:00+00:00,0.39501674999999997
2025-08-19 02:00:00+00:00,0.39386125
2025-08-19 03:00:00+00:00,0.38827100000000003
2025-08-19 04:00:00+00:00,0.38114575
2025-08-19 05:00:00+00:00,0.35138225
2025-08-19 06:00:00+00:00,0.27647774999999997
2025-08-19 07:00:00+00:00,0.17398800000000003
2025-08-19 08:00:00+00:00,0.09088037500000001
2025-08-19 09:00:00+00:00,0.06231335000000001
2025-08-19 10:00:00+00:00,0.053686825
2025-08-19 11:00:00+00:00,0.050819325
2025-08-19 12:00:00+00:00,0.048210525
2025-08-19 13:00:00+00:00,0.047570825
2025-08-19 14:00:00+00:00,0.057760574999999995
2025-08-19 15:00:00+00:00,0.110743625
2025-08-19 16:00:00+00:00,0.178002
2025-08-19 17:00:00+00:00,0.2291115
2025-08-19 18:00:00+00:00,0.27530075
2025-08-19 19:00:00+00:00,0.3017655
2025-08-19 20:00:00+00:00,0.30532025
2025-08-19 21:00:00+00:00,0.31020725000000005
2025-08-19 22:00:00+00:00,0.31482224999999997
2025-08-19 23:00:00+00:00,0.31894975000000003
2025-08-20 00:00:00+00:00,0.31768300000000005
2025-08-20 01:00:00+00:00,0.32654275
2025-08-20 02:00:00+00:00,0.34240475
2025-08-20 03:00:00+00:00,0.35733225
2025-08-20 04:00:00+00:00,0.34894025
2025-08-20 05:00:00+00:00,0.32874525
2025-08-20 06:00:00+00:00,0.2901895
2025-08-20 07:00:00+00:00,0.22489925
2025-08-20 08:00:00+00:00,0.12731975
2025-08-20 09:00:00+00:00,0.08376449999999999
2025-08-20 10:00:00+00:00,0.059460824999999995
2025-08-20 11:00:00+00:00,0.05453745
2025-08-20 12:00:00+00:00,0.054137550000000007
2025-08-20 13:00:00+00:00,0.058362125
2025-08-20 14:00:00+00:00,0.07787092500000001
2025-08-20 15:00:00+00:00,0.13745849999999998
2025-08-20 16:00:00+00:00,0.18478375
2025-08-20 17:00:00+00:00,0.22086725000000001
2025-08-20 18:00:00+00:00,0.26143174999999996
2025-08-20 19:00:00+00:00,0.2897815
2025-08-20 20:00:00+00:00,0.3030625
2025-08-20 21:00:00+00:00,0.307258
2025-08-20 22:00:00+00:00,0.3244545
2025-08-20 23:00:00+00:00,0.33878775
2025-08-21 00:00:00+00:00,0.34668975
2025-08-21 01:00:00+00:00,0.3480425
2025-08-21 02:00:00+00:00,0.3499415
2025-08-21 03:00:00+00:00,0.35012224999999997
2025-08-21 04:00:00+00:00,0.33864425
2025-08-21 05:00:00+00:00,0.31001425
2025-08-21 06:00:00+00:00,0.25287550000000003
2025-08-21 07:00:00+00:00,0.15306450000000002
2025-08-21 08:00:00+00:00,0.0784829
2025-08-21 09:00:00+00:00,0.057150825
2025-08-21 10:00:00+00:00,0.04885355
2025-08-21 11:00:00+00:00,0.048889275
2025-08-21 12:00:00+00:00,0.0489053
2025-08-21 13:00:00+00:00,0.052609475
2025-08-21 14:00:00+00:00,0.06443702500000001
2025-08-21 15:00:00+00:00,0.09892717499999999
2025-08-21 16:00:00+00:00,0.17387125
2025-08-21 17:00:00+00:00,0.24188725
2025-08-21 18:00:00+00:00,0.29246275
2025-08-21 19:00:00+00:00,0.31898925
2025-08-21 20:00:00+00:00,0.336793
2025-08-21 21:00:00+00:00,0.34649800000000003
2025-08-21 22:00:00+00:00,0.34409475
2025-08-21 23:00:00+00:00,0.35645099999999996
2025-08-22 00:00:00+00:00,0.36473125000000006
2025-08-22 01:00:00+00:00,0.363404
2025-08-22 02:00:00+00:00,0.36153625
2025-08-22 03:00:00+00:00,0.36818425
2025-08-22 04:00:00+00:00,0.36932025
2025-08-22 05:00:00+00:00,0.3578135
2025-08-22 06:00:00+00:00,0.33195925000000004
2025-08-22 07:00:00+00:00,0.27413675
2025-08-22 08:00:00+00:00,0.192988
2025-08-22 09:00:00+00:00,0.129138
2025-08-22 10:00:00+00:00,0.1032085
2025-08-22 11:00:00+00:00,0.093561775
2025-08-22 12:00:00+00:00,0.089101625
2025-08-22 13:00:00+00:00,0.10027815
2025-08-22 14:00:00+00:00,0.12547875
2025-08-22 15:00:00+00:00,0.182588
2025-08-22 16:00:00+00:00,0.287338
2025-08-22 17:00:00+00:00,0.340647
2025-08-22 18:00:00+00:00,0.37178574999999997
2025-08-22 19:00:00+00:00,0.3935215
2025-08-22 20:00:00+00:00,0.38498849999999996
2025-08-22 21:00:00+00:00,0.37343375
2025-08-22 22:00:00+00:00,0.366969
2025-08-22 23:00:00+00:00,0.33875225
2025-08-23 00:00:00+00:00,0.2910625
2025-08-23 01:00:00+00:00,0.27836725000000007
2025-08-23 02:00:00+00:00,0.27988575
2025-08-23 03:00:00+00:00,0.27960650000000004
2025-08-23 04:00:00+00:00,0.25305875
2025-08-23 05:00:00+00:00,0.230185
2025-08-23 06:00:00+00:00,0.15724699999999997
2025-08-23 07:00:00+00:00,0.09546522500000001
2025-08-23 08:00:00+00:00,0.07419865
2025-08-23 09:00:00+00:00,0.063808475
2025-08-23 10:00:00+00:00,0.05726955
2025-08-23 11:00:00+00:00,0.056182499999999996
2025-08-23 12:00:00+00:00,0.054282525
2025-08-23 13:00:00+00:00,0.0587355
2025-08-23 14:00:00+00:00,0.06125800000000001
2025-08-23 15:00:00+00:00,0.082707175
2025-08-23 16:00:00+00:00,0.15302924999999998
2025-08-23 17:00:00+00:00,0.23535475
2025-08-23 18:00:00+00:00,0.3141595
2025-08-23 19:00:00+00:00,0.3518075
2025-08-23 20:00:00+00:00,0.36451449999999996
2025-08-23 21:00:00+00:00,0.37087974999999995
2025-08-23 22:00:00+00:00,0.37109525
2025-08-23 23:00:00+00:00,0.37395975000000004
2025-08-24 00:00:00+00:00,0.37497675
2025-08-24 01:00:00+00:00,0.369194
2025-08-24 02:00:00+00:00,0.37324274999999996
2025-08-24 03:00:00+00:00,0.37206975
2025-08-24 04:00:00+00:00,0.36606799999999995
2025-08-24 05:00:00+00:00,0.31177325000000006
2025-08-24 06:00:00+00:00,0.17731725
2025-08-24 07:00:00+00:00,0.090780875
2025-08-24 08:00:00+00:00,0.06913015
2025-08-24 09:00:00+00:00,0.055724899999999994
2025-08-24 10:00:00+00:00,0.052794375
2025-08-24 11:00:00+00:00,0.050046175
2025-08-24 12:00:00+00:00,0.052727750000000004
2025-08-24 13:00:00+00:00,0.04674975000000001
2025-08-24 14:00:00+00:00,0.0613262
2025-08-24 15:00:00+00:00,0.0938596
2025-08-24 16:00:00+00:00,0.19489174999999997
2025-08-24 17:00:00+00:00,0.307619
2025-08-24 18:00:00+00:00,0.39390800000000004
2025-08-24 19:00:00+00:00,0.426253
2025-08-24 20:00:00+00:00,0.43010775
2025-08-24 21:00:00+00:00,0.43236874999999997
2025-08-24 22:00:00+00:00,0.4335475
2025-08-24 23:00:00+00:00,0.43303525
2025-08-25 00:00:00+00:00,0.430408
2025-08-25 01:00:00+00:00,0.427414
2025-08-25 02:00:00+00:00,0.42532
2025-08-25 03:00:00+00:00,0.42243299999999995
2025-08-25 04:00:00+00:00,0.41929974999999997
2025-08-25 05:00:00+00:00,0.390561
2025-08-25 06:00:00+00:00,0.3180455
2025-08-25 07:00:00+00:00,0.2106605
2025-08-25 08:00:00+00:00,0.10230900000000001
2025-08-25 09:00:00+00:00,0.066904725
2025-08-25 10:00:00+00:00,0.058261225
2025-08-25 11:00:00+00:00,0.057219475000000006
2025-08-25 12:00:00+00:00,0.057573775
2025-08-25 13:00:00+00:00,0.060673225
2025-08-25 14:00:00+00:00,0.09005525
2025-08-25 15:00:00+00:00,0.1608935
2025-08-25 16:00:00+00:00,0.26641125
2025-08-25 17:00:00+00:00,0.34752725
2025-08-25 18:00:00+00:00,0.4052755
2025-08-25 19:00:00+00:00,0.41536999999999996
2025-08-25 20:00:00+00:00,0.41301375
2025-08-25 21:00:00+00:00,0.4051945
2025-08-25 22:00:00+00:00,0.395049
2025-08-25 23:00:00+00:00,0.378544
2025-08-26 00:00:00+00:00,0.36290700000000004
2025-08-26 01:00:00+00:00,0.35153725
2025-08-26 02:00:00+00:00,0.34265325
2025-08-26 03:00:00+00:00,0.35033925
2025-08-26 04:00:00+00:00,0.36326600000000003
2025-08-26 05:00:00+00:00,0.35198950000000007
2025-08-26 06:00:00+00:00,0.2900385
2025-08-26 07:00:00+00:00,0.2090275
2025-08-26 08:00:00+00:00,0.10925255
2025-08-26 09:00:00+00:00,0.06628572499999999
2025-08-26 10:00:00+00:00,0.05697465
2025-08-26 11:00:00+00:00,0.0564843
2025-08-26 12:00:00+00:00,0.06674505
2025-08-26 13:00:00+00:00,0.09395830000000001
2025-08-26 14:00:00+00:00,0.126797
2025-08-26 15:00:00+00:00,0.182345
2025-08-26 16:00:00+00:00,0.23078300000000002
2025-08-26 17:00:00+00:00,0.27137375
2025-08-26 18:00:00+00:00,0.2978435
2025-08-26 19:00:00+00:00,0.3179415
2025-08-26 20:00:00+00:00,0.326656
2025-08-26 21:00:00+00:00,0.336717
2025-08-26 22:00:00+00:00,0.34026900000000004
2025-08-26 23:00:00+00:00,0.3508325
2025-08-27 00:00:00+00:00,0.35352075
2025-08-27 01:00:00+00:00,0.3477715
2025-08-27 02:00:00+00:00,0.342852
2025-08-27 03:00:00+00:00,0.33794825
2025-08-27 04:00:00+00:00,0.34667525
2025-08-27 05:00:00+00:00,0.34777425
2025-08-27 06:00:00+00:00,0.29947625
2025-08-27 07:00:00+00:00,0.240256
2025-08-27 08:00:00+00:00,0.16725775
2025-08-27 09:00:00+00:00,0.0988227
2025-08-27 10:00:00+00:00,0.0727881
2025-08-27 11:00:00+00:00,0.06330035
2025-08-27 12:00:00+00:00,0.07688762499999999
2025-08-27 13:00:00+00:00,0.111292225
2025-08-27 14:00:00+00:00,0.15921625
2025-08-27 15:00:00+00:00,0.24754400000000001
2025-08-27 16:00:00+00:00,0.294268
2025-08-27 17:00:00+00:00,0.34866425
2025-08-27 18:00:00+00:00,0.39901825
2025-08-27 19:00:00+00:00,0.42093825
2025-08-27 20:00:00+00:00,0.433015
2025-08-27 21:00:00+00:00,0.43330349999999995
2025-08-27 22:00:00+00:00,0.4352915
2025-08-27 23:00:00+00:00,0.4378435
2025-08-28 00:00:00+00:00,0.4377725
2025-08-28 01:00:00+00:00,0.438558
2025-08-28 02:00:00+00:00,0.4367605
2025-08-28 03:00:00+00:00,0.44102275
2025-08-28 04:00:00+00:00,0.4438825
2025-08-28 05:00:00+00:00,0.43801924999999997
2025-08-28 06:00:00+00:00,0.39652475
2025-08-28 07:00:00+00:00,0.344731
2025-08-28 08:00:00+00:00,0.29302425
2025-08-28 09:00:00+00:00,0.22169225
2025-08-28 10:00:00+00:00,0.18757575
2025-08-28 11:00:00+00:00,0.16294975
2025-08-28 12:00:00+00:00,0.1801045
2025-08-28 13:00:00+00:00,0.193255
2025-08-28 14:00:00+00:00,0.18228450000000002
2025-08-28 15:00:00+00:00,0.20549375000000003
2025-08-28 16:00:00+00:00,0.23467625
2025-08-28 17:00:00+00:00,0.279134
2025-08-28 18:00:00+00:00,0.325812
2025-08-28 19:00:00+00:00,0.33640425
2025-08-28 20:00:00+00:00,0.33567549999999996
2025-08-28 21:00:00+00:00,0.33341774999999996
2025-08-28 22:00:00+00:00,0.327148
2025-08-28 23:00:00+00:00,0.307811
2025-08-29 00:00:00+00:00,0.28835275
2025-08-29 01:00:00+00:00,0.2942245
2025-08-29 02:00:00+00:00,0.2996
2025-08-29 03:00:00+00:00,0.317529
2025-08-29 04:00:00+00:00,0.33533225
2025-08-29 05:00:00+00:00,0.32693075
2025-08-29 06:00:00+00:00,0.26891375
2025-08-29 07:00:00+00:00,0.17699225000000002
2025-08-29 08:00:00+00:00,0.088342075
2025-08-29 09:00:00+00:00,0.05527695
2025-08-29 10:00:00+00:00,0.046457725
2025-08-29 11:00:00+00:00,0.04793965
2025-08-29 12:00:00+00:00,0.057616675
2025-08-29 13:00:00+00:00,0.087240675
2025-08-29 14:00:00+00:00,0.12198175
2025-08-29 15:00:00+00:00,0.17848799999999998
2025-08-29 16:00:00+00:00,0.253788
2025-08-29 17:00:00+00:00,0.2817265
2025-08-29 18:00:00+00:00,0.31144724999999995
2025-08-29 19:00:00+00:00,0.33164249999999995
2025-08-29 20:00:00+00:00,0.327577
2025-08-29 21:00:00+00:00,0.31080474999999996
2025-08-29 22:00:00+00:00,0.29779049999999996
2025-08-29 23:00:00+00:00,0.29000775
2025-08-30 00:00:00+00:00,0.28775975
2025-08-30 01:00:00+00:00,0.287948
2025-08-30 02:00:00+00:00,0.293447
2025-08-30 03:00:00+00:00,0.31128124999999995
2025-08-30 04:00:00+00:00,0.32346824999999996
2025-08-30 05:00:00+00:00,0.31220950000000003
2025-08-30 06:00:00+00:00,0.2323545
2025-08-30 07:00:00+00:00,0.159101
2025-08-30 08:00:00+00:00,0.09247045
2025-08-30 09:00:00+00:00,0.059517049999999995
2025-08-30 10:00:00+00:00,0.04536370000000001
2025-08-30 11:00:00+00:00,0.04484732499999999
2025-08-30 12:00:00+00:00,0.044652
2025-08-30 13:00:00+00:00,0.046602275
2025-08-30 14:00:00+00:00,0.048895575
2025-08-30 15:00:00+00:00,0.0838246
2025-08-30 16:00:00+00:00,0.16427675
2025-08-30 17:00:00+00:00,0.24361850000000002
2025-08-30 18:00:00+00:00,0.27805199999999997
2025-08-30 19:00:00+00:00,0.262579
2025-08-30 20:00:00+00:00,0.23377950000000003
2025-08-30 21:00:00+00:00,0.174229
2025-08-30 22:00:00+00:00,0.1419165
2025-08-30 23:00:00+00:00,0.09921550000000001
2025-08-31 00:00:00+00:00,0.094225375
2025-08-31 01:00:00+00:00,0.088232425
2025-08-31 02:00:00+00:00,0.08604099999999999
2025-08-31 03:00:00+00:00,0.09905172500000001
2025-08-31 04:00:00+00:00,0.10263074999999999
2025-08-31 05:00:00+00:00,0.10227425
2025-08-31 06:00:00+00:00,0.10186875000000001
2025-08-31 07:00:00+00:00,0.091517525
2025-08-31 08:00:00+00:00,0.07743477500000001
2025-08-31 09:00:00+00:00,0.06232432500000001
2025-08-31 10:00:00+00:00,0.0586726
2025-08-31 11:00:00+00:00,0.064656725
2025-08-31 12:00:00+00:00,0.06440655
2025-08-31 13:00:00+00:00,0.07688579999999999
2025-08-31 14:00:00+00:00,0.0995583
2025-08-31 15:00:00+00:00,0.14784825000000001
2025-08-31 16:00:00+00:00,0.2602665
2025-08-31 17:00:00+00:00,0.31276175000000006
2025-08-31 18:00:00+00:00,0.34102025
2025-08-31 19:00:00+00:00,0.34209199999999995
2025-08-31 20:00:00+00:00,0.344899
2025-08-31 21:00:00+00:00,0.339319
2025-08-31 22:00:00+00:00,0.318843
2025-08-31 23:00:00+00:00,0.30454800000000004
2025-09-01 00:00:00+00:00,0.29486625
2025-09-01 01:00:00+00:00,0.28796825000000004
2025-09-01 02:00:00+00:00,0.29256424999999997
2025-09-01 03:00:00+00:00,0.30746825
2025-09-01 04:00:00+00:00,0.31838175
2025-09-01 05:00:00+00:00,0.3094895
2025-09-01 06:00:00+00:00,0.26658025
2025-09-01 07:00:00+00:00,0.223008
2025-09-01 08:00:00+00:00,0.1504855
2025-09-01 09:00:00+00:00,0.107129425
2025-09-01 10:00:00+00:00,0.07755619999999999
2025-09-01 11:00:00+00:00,0.0585258
2025-09-01 12:00:00+00:00,0.04934065000000001
2025-09-01 13:00:00+00:00,0.051502975000000006
2025-09-01 14:00:00+00:00,0.070605125
2025-09-01 15:00:00+00:00,0.12708575
2025-09-01 16:00:00+00:00,0.19384125
2025-09-01 17:00:00+00:00,0.2708175
2025-09-01 18:00:00+00:00,0.33055975
2025-09-01 19:00:00+00:00,0.336538
2025-09-01 20:00:00+00:00,0.32636775
2025-09-01 21:00:00+00:00,0.31414775
2025-09-01 22:00:00+00:00,0.30275625
2025-09-01 23:00:00+00:00,0.27948275
2025-09-02 00:00:00+00:00,0.2709605
2025-09-02 01:00:00+00:00,0.27382175
2025-09-02 02:00:00+00:00,0.28854175
2025-09-02 03:00:00+00:00,0.283123
2025-09-02 04:00:00+00:00,0.27745600000000004
2025-09-02 05:00:00+00:00,0.26485600000000004
2025-09-02 06:00:00+00:00,0.21984349999999997
2025-09-02 07:00:00+00:00,0.132536975
2025-09-02 08:00:00+00:00,0.07056124999999999
2025-09-02 09:00:00+00:00,0.04730755
2025-09-02 10:00:00+00:00,0.0442883
2025-09-02 11:00:00+00:00,0.038772625
2025-09-02 12:00:00+00:00,0.044283025000000004
2025-09-02 13:00:00+00:00,0.05154229999999999
2025-09-02 14:00:00+00:00,0.08291860000000001
2025-09-02 15:00:00+00:00,0.1527655
2025-09-02 16:00:00+00:00,0.20768675000000003
2025-09-02 17:00:00+00:00,0.24154874999999998
2025-09-02 18:00:00+00:00,0.26680175000000006
2025-09-02 19:00:00+00:00,0.2633175
2025-09-02 20:00:00+00:00,0.23826875
2025-09-02 21:00:00+00:00,0.20532650000000002
2025-09-02 22:00:00+00:00,0.166988
2025-09-02 23:00:00+00:00,0.1508005
2025-09-03 00:00:00+00:00,0.126004
2025-09-03 01:00:00+00:00,0.10067205
2025-09-03 02:00:00+00:00,0.098467325
2025-09-03 03:00:00+00:00,0.100423825
2025-09-03 04:00:00+00:00,0.11997600000000001
2025-09-03 05:00:00+00:00,0.11661149999999999
2025-09-03 06:00:00+00:00,0.08875844999999999
2025-09-03 07:00:00+00:00,0.06639365
2025-09-03 08:00:00+00:00,0.054661775
2025-09-03 09:00:00+00:00,0.043469375
2025-09-03 10:00:00+00:00,0.04239805000000001
2025-09-03 11:00:00+00:00,0.038207775
2025-09-03 12:00:00+00:00,0.03741095
2025-09-03 13:00:00+00:00,0.03772475
2025-09-03 14:00:00+00:00,0.036205575000000004
2025-09-03 15:00:00+00:00,0.040570774999999996
2025-09-03 16:00:00+00:00,0.052899125
2025-09-03 17:00:00+00:00,0.073042
2025-09-03 18:00:00+00:00,0.0843665
2025-09-03 19:00:00+00:00,0.093969375
2025-09-03 20:00:00+00:00,0.091310475
2025-09-03 21:00:00+00:00,0.08011135
2025-09-03 22:00:00+00:00,0.0589777
2025-09-03 23:00:00+00:00,0.053590425
2025-09-04 00:00:00+00:00,0.0538497
2025-09-04 01:00:00+00:00,0.05488415000000001
2025-09-04 02:00:00+00:00,0.0646271
2025-09-04 03:00:00+00:00,0.0854088
2025-09-04 04:00:00+00:00,0.12498875000000001
2025-09-04 05:00:00+00:00,0.1376835
2025-09-04 06:00:00+00:00,0.1131125
2025-09-04 07:00:00+00:00,0.0610299
2025-09-04 08:00:00+00:00,0.03906275
2025-09-04 09:00:00+00:00,0.033383750000000004
2025-09-04 10:00:00+00:00,0.032253125
2025-09-04 11:00:00+00:00,0.0354947
2025-09-04 12:00:00+00:00,0.040886325
2025-09-04 13:00:00+00:00,0.0610336
2025-09-04 14:00:00+00:00,0.10377902500000001
2025-09-04 15:00:00+00:00,0.16200575
2025-09-04 16:00:00+00:00,0.20685575
2025-09-04 17:00:00+00:00,0.237592
2025-09-04 18:00:00+00:00,0.27724275
2025-09-04 19:00:00+00:00,0.28055575
2025-09-04 20:00:00+00:00,0.2938655
2025-09-04 21:00:00+00:00,0.29213049999999996
2025-09-04 22:00:00+00:00,0.28753325
2025-09-04 23:00:00+00:00,0.28739825
2025-09-05 00:00:00+00:00,0.291893
2025-09-05 01:00:00+00:00,0.30074049999999997
2025-09-05 02:00:00+00:00,0.314232
2025-09-05 03:00:00+00:00,0.3333875
2025-09-05 04:00:00+00:00,0.34620999999999996
2025-09-05 05:00:00+00:00,0.33914875
2025-09-05 06:00:00+00:00,0.28258025
2025-09-05 07:00:00+00:00,0.21035825
2025-09-05 08:00:00+00:00,0.11720122500000002
2025-09-05 09:00:00+00:00,0.072116475
2025-09-05 10:00:00+00:00,0.074277925
2025-09-05 11:00:00+00:00,0.064111575
2025-09-05 12:00:00+00:00,0.062335650000000006
2025-09-05 13:00:00+00:00,0.069970475
2025-09-05 14:00:00+00:00,0.09217115
2025-09-05 15:00:00+00:00,0.161618
2025-09-05 16:00:00+00:00,0.247653
2025-09-05 17:00:00+00:00,0.32255425000000004
2025-09-05 18:00:00+00:00,0.39521924999999997
2025-09-05 19:00:00+00:00,0.4068345
2025-09-05 20:00:00+00:00,0.40934424999999997
2025-09-05 21:00:00+00:00,0.41105749999999996
2025-09-05 22:00:00+00:00,0.40907775
2025-09-05 23:00:00+00:00,0.40793375
2025-09-06 00:00:00+00:00,0.40846875
2025-09-06 01:00:00+00:00,0.407141
2025-09-06 02:00:00+00:00,0.40666574999999994
2025-09-06 03:00:00+00:00,0.40776925
2025-09-06 04:00:00+00:00,0.40787875
2025-09-06 05:00:00+00:00,0.37473975
2025-09-06 06:00:00+00:00,0.2463795
2025-09-06 07:00:00+00:00,0.10636614999999999
2025-09-06 08:00:00+00:00,0.0544096
2025-09-06 09:00:00+00:00,0.045128175
2025-09-06 10:00:00+00:00,0.0398769
2025-09-06 11:00:00+00:00,0.038450424999999996
2025-09-06 12:00:00+00:00,0.033799724999999996
2025-09-06 13:00:00+00:00,0.036430525
2025-09-06 14:00:00+00:00,0.047463575
2025-09-06 15:00:00+00:00,0.09124857500000001
2025-09-06 16:00:00+00:00,0.1717305
2025-09-06 17:00:00+00:00,0.21186525
2025-09-06 18:00:00+00:00,0.22172225
2025-09-06 19:00:00+00:00,0.19818125000000003
2025-09-06 20:00:00+00:00,0.1512
2025-09-06 21:00:00+00:00,0.11856475
2025-09-06 22:00:00+00:00,0.09347497500000002
2025-09-06 23:00:00+00:00,0.0823443
2025-09-07 00:00:00+00:00,0.0803198
2025-09-07 01:00:00+00:00,0.0817203
2025-09-07 02:00:00+00:00,0.080646175
2025-09-07 03:00:00+00:00,0.08580159999999999
2025-09-07 04:00:00+00:00,0.08570462499999999
2025-09-07 05:00:00+00:00,0.07845345000000001
2025-09-07 06:00:00+00:00,0.054729475
2025-09-07 07:00:00+00:00,0.0400042
2025-09-07 08:00:00+00:00,0.031525575
2025-09-07 09:00:00+00:00,0.025865700000000002
2025-09-07 10:00:00+00:00,0.022751375
2025-09-07 11:00:00+00:00,0.022496875
2025-09-07 12:00:00+00:00,0.022403
2025-09-07 13:00:00+00:00,0.0231638
2025-09-07 14:00:00+00:00,0.024939675
2025-09-07 15:00:00+00:00,0.02931115
2025-09-07 16:00:00+00:00,0.048065325
2025-09-07 17:00:00+00:00,0.097116175
2025-09-07 18:00:00+00:00,0.13318875
2025-09-07 19:00:00+00:00,0.1313855
2025-09-07 20:00:00+00:00,0.141555
2025-09-07 21:00:00+00:00,0.169856
2025-09-07 22:00:00+00:00,0.19527424999999998
2025-09-07 23:00:00+00:00,0.21562325
2025-09-08 00:00:00+00:00,0.2296945
2025-09-08 01:00:00+00:00,0.26564475
2025-09-08 02:00:00+00:00,0.269722
2025-09-08 03:00:00+00:00,0.283622
2025-09-08 04:00:00+00:00,0.326169
2025-09-08 05:00:00+00:00,0.34329675000000004
2025-09-08 06:00:00+00:00,0.32113625
2025-09-08 07:00:00+00:00,0.27967149999999996
2025-09-08 08:00:00+00:00,0.19163249999999998
2025-09-08 09:00:00+00:00,0.11694935
2025-09-08 10:00:00+00:00,0.074733825
2025-09-08 11:00:00+00:00,0.06553855
2025-09-08 12:00:00+00:00,0.07551639999999998
2025-09-08 13:00:00+00:00,0.104102525
2025-09-08 14:00:00+00:00,0.16662624999999998
2025-09-08 15:00:00+00:00,0.21387124999999998
2025-09-08 16:00:00+00:00,0.26335125000000004
2025-09-08 17:00:00+00:00,0.3420815
2025-09-08 18:00:00+00:00,0.384705
2025-09-08 19:00:00+00:00,0.38799825
2025-09-08 20:00:00+00:00,0.386833
2025-09-08 21:00:00+00:00,0.38836225
2025-09-08 22:00:00+00:00,0.393017
2025-09-08 23:00:00+00:00,0.39375499999999997
2025-09-09 00:00:00+00:00,0.39349475
2025-09-09 01:00:00+00:00,0.394637
2025-09-09 02:00:00+00:00,0.39374575
2025-09-09 03:00:00+00:00,0.39351699999999995
2025-09-09 04:00:00+00:00,0.39017075
2025-09-09 05:00:00+00:00,0.38780499999999996
2025-09-09 06:00:00+00:00,0.381417
2025-09-09 07:00:00+00:00,0.364644
2025-09-09 08:00:00+00:00,0.34865925
2025-09-09 09:00:00+00:00,0.331069
2025-09-09 10:00:00+00:00,0.30369175
2025-09-09 11:00:00+00:00,0.26805825
2025-09-09 12:00:00+00:00,0.23906025000000003
2025-09-09 13:00:00+00:00,0.21360825
2025-09-09 14:00:00+00:00,0.20538175
2025-09-09 15:00:00+00:00,0.2332795
2025-09-09 16:00:00+00:00,0.2683285
2025-09-09 17:00:00+00:00,0.3193955
2025-09-09 18:00:00+00:00,0.3660915
2025-09-09 19:00:00+00:00,0.37158975
2025-09-09 20:00:00+00:00,0.36003275
2025-09-09 21:00:00+00:00,0.36222499999999996
2025-09-09 22:00:00+00:00,0.3677485
2025-09-09 23:00:00+00:00,0.37503924999999994
2025-09-10 00:00:00+00:00,0.37521425
2025-09-10 01:00:00+00:00,0.37755325
2025-09-10 02:00:00+00:00,0.37174949999999995
2025-09-10 03:00:00+00:00,0.3708855
2025-09-10 04:00:00+00:00,0.3639675
2025-09-10 05:00:00+00:00,0.35817375
2025-09-10 06:00:00+00:00,0.30833975
2025-09-10 07:00:00+00:00,0.2492525
2025-09-10 08:00:00+00:00,0.19697800000000001
2025-09-10 09:00:00+00:00,0.1307915
2025-09-10 10:00:00+00:00,0.0741305
2025-09-10 11:00:00+00:00,0.06226809999999999
2025-09-10 12:00:00+00:00,0.060514125
2025-09-10 13:00:00+00:00,0.075028375
2025-09-10 14:00:00+00:00,0.114577875
2025-09-10 15:00:00+00:00,0.1801485
2025-09-10 16:00:00+00:00,0.24529150000000002
2025-09-10 17:00:00+00:00,0.28330374999999997
2025-09-10 18:00:00+00:00,0.30065675
2025-09-10 19:00:00+00:00,0.282241
2025-09-10 20:00:00+00:00,0.26024674999999997
2025-09-10 21:00:00+00:00,0.1967885
2025-09-10 22:00:00+00:00,0.140284
2025-09-10 23:00:00+00:00,0.101636025
2025-09-11 00:00:00+00:00,0.0883371
2025-09-11 01:00:00+00:00,0.082936175
2025-09-11 02:00:00+00:00,0.08413757499999999
2025-09-11 03:00:00+00:00,0.0913032
2025-09-11 04:00:00+00:00,0.10984424999999999
2025-09-11 05:00:00+00:00,0.11337875
2025-09-11 06:00:00+00:00,0.11623425000000001
2025-09-11 07:00:00+00:00,0.08101377499999998
2025-09-11 08:00:00+00:00,0.046427925
2025-09-11 09:00:00+00:00,0.0345889
2025-09-11 10:00:00+00:00,0.036659375
2025-09-11 11:00:00+00:00,0.038175525
2025-09-11 12:00:00+00:00,0.0359578
2025-09-11 13:00:00+00:00,0.040430875000000005
2025-09-11 14:00:00+00:00,0.04539635
2025-09-11 15:00:00+00:00,0.06169735
2025-09-11 16:00:00+00:00,0.097519225
2025-09-11 17:00:00+00:00,0.13619799999999999
2025-09-11 18:00:00+00:00,0.15606775
2025-09-11 19:00:00+00:00,0.13668375
2025-09-11 20:00:00+00:00,0.099826475
2025-09-11 21:00:00+00:00,0.078888225
2025-09-11 22:00:00+00:00,0.066108525
2025-09-11 23:00:00+00:00,0.06958547500000001
2025-09-12 00:00:00+00:00,0.068890275
2025-09-12 01:00:00+00:00,0.06661492499999999
2025-09-12 02:00:00+00:00,0.06756617499999999
2025-09-12 03:00:00+00:00,0.06670150000000001
2025-09-12 04:00:00+00:00,0.0748883
2025-09-12 05:00:00+00:00,0.082278925
2025-09-12 06:00:00+00:00,0.0642627
2025-09-12 07:00:00+00:00,0.0432023
2025-09-12 08:00:00+00:00,0.03581035
2025-09-12 09:00:00+00:00,0.033353325
2025-09-12 10:00:00+00:00,0.035495725
2025-09-12 11:00:00+00:00,0.03735955
2025-09-12 12:00:00+00:00,0.036375950000000004
2025-09-12 13:00:00+00:00,0.035272125
2025-09-12 14:00:00+00:00,0.037851575000000005
2025-09-12 15:00:00+00:00,0.055050825
2025-09-12 16:00:00+00:00,0.110949725
2025-09-12 17:00:00+00:00,0.16383925
2025-09-12 18:00:00+00:00,0.18215325
2025-09-12 19:00:00+00:00,0.18474775000000002
2025-09-12 20:00:00+00:00,0.182909
2025-09-12 21:00:00+00:00,0.150405
2025-09-12 22:00:00+00:00,0.12242175
2025-09-12 23:00:00+00:00,0.113786
2025-09-13 00:00:00+00:00,0.114313
2025-09-13 01:00:00+00:00,0.11130725
2025-09-13 02:00:00+00:00,0.11759775
2025-09-13 03:00:00+00:00,0.111236
2025-09-13 04:00:00+00:00,0.10011579999999999
2025-09-13 05:00:00+00:00,0.09531765
2025-09-13 06:00:00+00:00,0.08174765
2025-09-13 07:00:00+00:00,0.061458975
2025-09-13 08:00:00+00:00,0.046099875
2025-09-13 09:00:00+00:00,0.042843875000000003
2025-09-13 10:00:00+00:00,0.039415799999999994
2025-09-13 11:00:00+00:00,0.037681325
2025-09-13 12:00:00+00:00,0.040762425000000005
2025-09-13 13:00:00+00:00,0.04482175
2025-09-13 14:00:00+00:00,0.052171325000000005
2025-09-13 15:00:00+00:00,0.0837259
2025-09-13 16:00:00+00:00,0.12691575
2025-09-13 17:00:00+00:00,0.157372
2025-09-13 18:00:00+00:00,0.18064725
2025-09-13 19:00:00+00:00,0.19044
2025-09-13 20:00:00+00:00,0.21417724999999999
2025-09-13 21:00:00+00:00,0.19295225
2025-09-13 22:00:00+00:00,0.19719425000000002
2025-09-13 23:00:00+00:00,0.194253
2025-09-14 00:00:00+00:00,0.19241775
2025-09-14 01:00:00+00:00,0.207305
2025-09-14 02:00:00+00:00,0.22244325
2025-09-14 03:00:00+00:00,0.24565275
2025-09-14 04:00:00+00:00,0.2520745
2025-09-14 05:00:00+00:00,0.243409
2025-09-14 06:00:00+00:00,0.17568225
2025-09-14 07:00:00+00:00,0.111247375
2025-09-14 08:00:00+00:00,0.057088124999999997
2025-09-14 09:00:00+00:00,0.04043945
2025-09-14 10:00:00+00:00,0.036171024999999996
2025-09-14 11:00:00+00:00,0.03802295
2025-09-14 12:00:00+00:00,0.038770874999999996
2025-09-14 13:00:00+00:00,0.044379024999999996
2025-09-14 14:00:00+00:00,0.06327655
2025-09-14 15:00:00+00:00,0.13889349999999998
2025-09-14 16:00:00+00:00,0.209326
2025-09-14 17:00:00+00:00,0.24198250000000002
2025-09-14 18:00:00+00:00,0.22302724999999998
2025-09-14 19:00:00+00:00,0.18684925
2025-09-14 20:00:00+00:00,0.11538647499999999
2025-09-14 21:00:00+00:00,0.073595675
2025-09-14 22:00:00+00:00,0.046470275
2025-09-14 23:00:00+00:00,0.042922674999999993
2025-09-15 00:00:00+00:00,0.041819375
2025-09-15 01:00:00+00:00,0.040728150000000005
2025-09-15 02:00:00+00:00,0.0405629
2025-09-15 03:00:00+00:00,0.04259925
2025-09-15 04:00:00+00:00,0.043849325
2025-09-15 05:00:00+00:00,0.046821375
2025-09-15 06:00:00+00:00,0.0391952
2025-09-15 07:00:00+00:00,0.029609424999999998
2025-09-15 08:00:00+00:00,0.025962100000000002
2025-09-15 09:00:00+00:00,0.025507250000000002
2025-09-15 10:00:00+00:00,0.024085575
2025-09-15 11:00:00+00:00,0.023063774999999998
2025-09-15 12:00:00+00:00,0.023298975
2025-09-15 13:00:00+00:00,0.023220075
2025-09-15 14:00:00+00:00,0.0256587
2025-09-15 15:00:00+00:00,0.027895475
2025-09-15 16:00:00+00:00,0.033633249999999996
2025-09-15 17:00:00+00:00,0.0420413
2025-09-15 18:00:00+00:00,0.04399495
2025-09-15 19:00:00+00:00,0.04083215
2025-09-15 20:00:00+00:00,0.038997175
2025-09-15 21:00:00+00:00,0.037007799999999993
2025-09-15 22:00:00+00:00,0.03676705
2025-09-15 23:00:00+00:00,0.036285200000000004
2025-09-16 00:00:00+00:00,0.037523275
2025-09-16 01:00:00+00:00,0.0363343
2025-09-16 02:00:00+00:00,0.037727625
2025-09-16 03:00:00+00:00,0.038059725
2025-09-16 04:00:00+00:00,0.041170025
2025-09-16 05:00:00+00:00,0.045191199999999994
2025-09-16 06:00:00+00:00,0.04225665
2025-09-16 07:00:00+00:00,0.034424675
2025-09-16 08:00:00+00:00,0.027692
2025-09-16 09:00:00+00:00,0.023728199999999998
2025-09-16 10:00:00+00:00,0.024748799999999998
2025-09-16 11:00:00+00:00,0.0236966
2025-09-16 12:00:00+00:00,0.02685415
2025-09-16 13:00:00+00:00,0.028128275
2025-09-16 14:00:00+00:00,0.029518525
2025-09-16 15:00:00+00:00,0.037977325
2025-09-16 16:00:00+00:00,0.0692275
2025-09-16 17:00:00+00:00,0.10540435000000001
2025-09-16 18:00:00+00:00,0.118764
2025-09-16 19:00:00+00:00,0.1241025
2025-09-16 20:00:00+00:00,0.1202825
2025-09-16 21:00:00+00:00,0.097320175
2025-09-16 22:00:00+00:00,0.08415975
2025-09-16 23:00:00+00:00,0.0988784
2025-09-17 00:00:00+00:00,0.1134785
2025-09-17 01:00:00+00:00,0.12792575
2025-09-17 02:00:00+00:00,0.148565
2025-09-17 03:00:00+00:00,0.19159825
2025-09-17 04:00:00+00:00,0.24482375
2025-09-17 05:00:00+00:00,0.2568045
2025-09-17 06:00:00+00:00,0.23571
2025-09-17 07:00:00+00:00,0.2267985
2025-09-17 08:00:00+00:00,0.17755325
2025-09-17 09:00:00+00:00,0.08995349999999999
2025-09-17 10:00:00+00:00,0.06305435
2025-09-17 11:00:00+00:00,0.054356425
2025-09-17 12:00:00+00:00,0.05224435
2025-09-17 13:00:00+00:00,0.0608655
2025-09-17 14:00:00+00:00,0.092571525
2025-09-17 15:00:00+00:00,0.14574475
2025-09-17 16:00:00+00:00,0.160906
2025-09-17 17:00:00+00:00,0.168702
2025-09-17 18:00:00+00:00,0.1634245
2025-09-17 19:00:00+00:00,0.13746450000000002
2025-09-17 20:00:00+00:00,0.10668622500000001
2025-09-17 21:00:00+00:00,0.0818897
2025-09-17 22:00:00+00:00,0.071342925
2025-09-17 23:00:00+00:00,0.069375625
2025-09-18 00:00:00+00:00,0.06907807499999999
2025-09-18 01:00:00+00:00,0.07023800000000001
2025-09-18 02:00:00+00:00,0.07614815
2025-09-18 03:00:00+00:00,0.085462
2025-09-18 04:00:00+00:00,0.109192875
2025-09-18 05:00:00+00:00,0.1375615
2025-09-18 06:00:00+00:00,0.13760475
2025-09-18 07:00:00+00:00,0.11126025
2025-09-18 08:00:00+00:00,0.06772729999999999
2025-09-18 09:00:00+00:00,0.047860150000000004
2025-09-18 10:00:00+00:00,0.041857225
2025-09-18 11:00:00+00:00,0.043831225
2025-09-18 12:00:00+00:00,0.042110550000000004
2025-09-18 13:00:00+00:00,0.0424813
2025-09-18 14:00:00+00:00,0.053650775000000005
2025-09-18 15:00:00+00:00,0.0968601
2025-09-18 16:00:00+00:00,0.1529115
2025-09-18 17:00:00+00:00,0.17482575
2025-09-18 18:00:00+00:00,0.18371500000000002
2025-09-18 19:00:00+00:00,0.19024375000000002
2025-09-18 20:00:00+00:00,0.18568875
2025-09-18 21:00:00+00:00,0.17000900000000002
2025-09-18 22:00:00+00:00,0.15617175
2025-09-18 23:00:00+00:00,0.16222175
2025-09-19 00:00:00+00:00,0.17617775
2025-09-19 01:00:00+00:00,0.1932285
2025-09-19 02:00:00+00:00,0.21781050000000002
2025-09-19 03:00:00+00:00,0.24570749999999997
2025-09-19 04:00:00+00:00,0.27925775
2025-09-19 05:00:00+00:00,0.2966105
2025-09-19 06:00:00+00:00,0.26385325000000004
2025-09-19 07:00:00+00:00,0.17851224999999998
2025-09-19 08:00:00+00:00,0.07581009999999999
2025-09-19 09:00:00+00:00,0.037825975
2025-09-19 10:00:00+00:00,0.032314550000000004
2025-09-19 11:00:00+00:00,0.034556724999999996
2025-09-19 12:00:00+00:00,0.0347856
2025-09-19 13:00:00+00:00,0.037216225
2025-09-19 14:00:00+00:00,0.06606205
2025-09-19 15:00:00+00:00,0.14574375
2025-09-19 16:00:00+00:00,0.22251674999999999
2025-09-19 17:00:00+00:00,0.29928275
2025-09-19 18:00:00+00:00,0.3050705
2025-09-19 19:00:00+00:00,0.28427875
2025-09-19 20:00:00+00:00,0.24499425
2025-09-19 21:00:00+00:00,0.190412
2025-09-19 22:00:00+00:00,0.1666245
2025-09-19 23:00:00+00:00,0.172235
2025-09-20 00:00:00+00:00,0.14319775
2025-09-20 01:00:00+00:00,0.14331449999999998
2025-09-20 02:00:00+00:00,0.157342
2025-09-20 03:00:00+00:00,0.17742425
2025-09-20 04:00:00+00:00,0.21309775
2025-09-20 05:00:00+00:00,0.22956175
2025-09-20 06:00:00+00:00,0.179586
2025-09-20 07:00:00+00:00,0.1070519
2025-09-20 08:00:00+00:00,0.064716275
2025-09-20 09:00:00+00:00,0.047938999999999996
2025-09-20 10:00:00+00:00,0.052166599999999994
2025-09-20 11:00:00+00:00,0.07075955
2025-09-20 12:00:00+00:00,0.093706075
2025-09-20 13:00:00+00:00,0.080748825
2025-09-20 14:00:00+00:00,0.090432175
2025-09-20 15:00:00+00:00,0.12811375
2025-09-20 16:00:00+00:00,0.175345
2025-09-20 17:00:00+00:00,0.1843495
2025-09-20 18:00:00+00:00,0.18025875
2025-09-20 19:00:00+00:00,0.15594524999999998
2025-09-20 20:00:00+00:00,0.104410225
2025-09-20 21:00:00+00:00,0.0771687
2025-09-20 22:00:00+00:00,0.06515237500000001
2025-09-20 23:00:00+00:00,0.061969449999999995
2025-09-21 00:00:00+00:00,0.056586975
2025-09-21 01:00:00+00:00,0.05436025
2025-09-21 02:00:00+00:00,0.052890099999999995
2025-09-21 03:00:00+00:00,0.053637924999999996
2025-09-21 04:00:00+00:00,0.055650149999999995
2025-09-21 05:00:00+00:00,0.05884765
2025-09-21 06:00:00+00:00,0.05581845
2025-09-21 07:00:00+00:00,0.054949275
2025-09-21 08:00:00+00:00,0.0504739
2025-09-21 09:00:00+00:00,0.047836825
2025-09-21 10:00:00+00:00,0.049058025000000005
2025-09-21 11:00:00+00:00,0.050164475
2025-09-21 12:00:00+00:00,0.050160174999999994
2025-09-21 13:00:00+00:00,0.052996475
2025-09-21 14:00:00+00:00,0.05685095
2025-09-21 15:00:00+00:00,0.08304135
2025-09-21 16:00:00+00:00,0.14408225000000002
2025-09-21 17:00:00+00:00,0.21515275
2025-09-21 18:00:00+00:00,0.244577
2025-09-21 19:00:00+00:00,0.25047025
2025-09-21 20:00:00+00:00,0.2200415
2025-09-21 21:00:00+00:00,0.194597
2025-09-21 22:00:00+00:00,0.1760255
2025-09-21 23:00:00+00:00,0.17076475
2025-09-22 00:00:00+00:00,0.17297125
2025-09-22 01:00:00+00:00,0.1791395
2025-09-22 02:00:00+00:00,0.18515275
2025-09-22 03:00:00+00:00,0.19268125
2025-09-22 04:00:00+00:00,0.22848525
2025-09-22 05:00:00+00:00,0.24573325000000001
2025-09-22 06:00:00+00:00,0.23135250000000002
2025-09-22 07:00:00+00:00,0.16399249999999999
2025-09-22 08:00:00+00:00,0.07906730000000001
2025-09-22 09:00:00+00:00,0.050135374999999996
2025-09-22 10:00:00+00:00,0.0509227
2025-09-22 11:00:00+00:00,0.046810175
2025-09-22 12:00:00+00:00,0.04524825
2025-09-22 13:00:00+00:00,0.056337349999999994
2025-09-22 14:00:00+00:00,0.08430075000000001
2025-09-22 15:00:00+00:00,0.14269375
2025-09-22 16:00:00+00:00,0.207215
2025-09-22 17:00:00+00:00,0.271499
2025-09-22 18:00:00+00:00,0.28842275
2025-09-22 19:00:00+00:00,0.2990295
2025-09-22 20:00:00+00:00,0.321484
2025-09-22 21:00:00+00:00,0.3182985
2025-09-22 22:00:00+00:00,0.33597725
2025-09-22 23:00:00+00:00,0.3557145
2025-09-23 00:00:00+00:00,0.36716150000000003
2025-09-23 01:00:00+00:00,0.36689225
2025-09-23 02:00:00+00:00,0.36950675
2025-09-23 03:00:00+00:00,0.37287925
2025-09-23 04:00:00+00:00,0.35412024999999997
2025-09-23 05:00:00+00:00,0.36195299999999997
2025-09-23 06:00:00+00:00,0.3170685
2025-09-23 07:00:00+00:00,0.23404699999999998
2025-09-23 08:00:00+00:00,0.15982825
2025-09-23 09:00:00+00:00,0.10574782499999999
2025-09-23 10:00:00+00:00,0.0901167
2025-09-23 11:00:00+00:00,0.098463425
2025-09-23 12:00:00+00:00,0.12645025
2025-09-23 13:00:00+00:00,0.140155
2025-09-23 14:00:00+00:00,0.165481
2025-09-23 15:00:00+00:00,0.20559650000000002
2025-09-23 16:00:00+00:00,0.2351055
2025-09-23 17:00:00+00:00,0.26918225
2025-09-23 18:00:00+00:00,0.26526125
2025-09-23 19:00:00+00:00,0.2709665
2025-09-23 20:00:00+00:00,0.28143850000000004
2025-09-23 21:00:00+00:00,0.27440475
2025-09-23 22:00:00+00:00,0.25729824999999995
2025-09-23 23:00:00+00:00,0.25191575
2025-09-24 00:00:00+00:00,0.24241600000000002
2025-09-24 01:00:00+00:00,0.24445775
2025-09-24 02:00:00+00:00,0.24523025
2025-09-24 03:00:00+00:00,0.26636325000000005
2025-09-24 04:00:00+00:00,0.28752475
2025-09-24 05:00:00+00:00,0.28818849999999996
2025-09-24 06:00:00+00:00,0.25773225
2025-09-24 07:00:00+00:00,0.1871795
2025-09-24 08:00:00+00:00,0.100651025
2025-09-24 09:00:00+00:00,0.054263775
2025-09-24 10:00:00+00:00,0.0404023
2025-09-24 11:00:00+00:00,0.039592775
2025-09-24 12:00:00+00:00,0.037309075
2025-09-24 13:00:00+00:00,0.039300375
2025-09-24 14:00:00+00:00,0.051874175
2025-09-24 15:00:00+00:00,0.093848275
2025-09-24 16:00:00+00:00,0.17084349999999998
2025-09-24 17:00:00+00:00,0.22637425
2025-09-24 18:00:00+00:00,0.29397625
2025-09-24 19:00:00+00:00,0.288137
2025-09-24 20:00:00+00:00,0.25882875
2025-09-24 21:00:00+00:00,0.18783550000000002
2025-09-24 22:00:00+00:00,0.15708824999999998
2025-09-24 23:00:00+00:00,0.15336575
2025-09-25 00:00:00+00:00,0.149943
2025-09-25 01:00:00+00:00,0.14198625
2025-09-25 02:00:00+00:00,0.15959475
2025-09-25 03:00:00+00:00,0.18133425
2025-09-25 04:00:00+00:00,0.1966655
2025-09-25 05:00:00+00:00,0.19616300000000003
2025-09-25 06:00:00+00:00,0.17193799999999998
2025-09-25 07:00:00+00:00,0.12027750000000001
2025-09-25 08:00:00+00:00,0.07672404999999999
2025-09-25 09:00:00+00:00,0.048015274999999996
2025-09-25 10:00:00+00:00,0.0384546
2025-09-25 11:00:00+00:00,0.034811925
2025-09-25 12:00:00+00:00,0.03526435
2025-09-25 13:00:00+00:00,0.04577735
2025-09-25 14:00:00+00:00,0.07437297500000001
2025-09-25 15:00:00+00:00,0.12252325
2025-09-25 16:00:00+00:00,0.177693
2025-09-25 17:00:00+00:00,0.204744
2025-09-25 18:00:00+00:00,0.280798
2025-09-25 19:00:00+00:00,0.27833775
2025-09-25 20:00:00+00:00,0.2828295
2025-09-25 21:00:00+00:00,0.20465175000000002
2025-09-25 22:00:00+00:00,0.180088
2025-09-25 23:00:00+00:00,0.19061975
2025-09-26 00:00:00+00:00,0.18580925
2025-09-26 01:00:00+00:00,0.18525075
2025-09-26 02:00:00+00:00,0.196804
2025-09-26 03:00:00+00:00,0.22863325
2025-09-26 04:00:00+00:00,0.258907
2025-09-26 05:00:00+00:00,0.274724
2025-09-26 06:00:00+00:00,0.27438275
2025-09-26 07:00:00+00:00,0.25030375
2025-09-26 08:00:00+00:00,0.20567825
2025-09-26 09:00:00+00:00,0.15855575
2025-09-26 10:00:00+00:00,0.12780925
2025-09-26 11:00:00+00:00,0.12670775
2025-09-26 12:00:00+00:00,0.1291555
2025-09-26 13:00:00+00:00,0.145871
2025-09-26 14:00:00+00:00,0.17886049999999998
2025-09-26 15:00:00+00:00,0.23833475
2025-09-26 16:00:00+00:00,0.2988185
2025-09-26 17:00:00+00:00,0.35117275000000003
2025-09-26 18:00:00+00:00,0.363213
2025-09-26 19:00:00+00:00,0.363448
2025-09-26 20:00:00+00:00,0.36394324999999994
2025-09-26 21:00:00+00:00,0.36096449999999997
2025-09-26 22:00:00+00:00,0.363944
2025-09-26 23:00:00+00:00,0.36178925
2025-09-27 00:00:00+00:00,0.36191075
2025-09-27 01:00:00+00:00,0.3635785
2025-09-27 02:00:00+00:00,0.36716400000000005
2025-09-27 03:00:00+00:00,0.37321525
2025-09-27 04:00:00+00:00,0.375386
2025-09-27 05:00:00+00:00,0.3767765
2025-09-27 06:00:00+00:00,0.36441575000000004
2025-09-27 07:00:00+00:00,0.31060175
2025-09-27 08:00:00+00:00,0.25519574999999994
2025-09-27 09:00:00+00:00,0.192988
2025-09-27 10:00:00+00:00,0.1428895
2025-09-27 11:00:00+00:00,0.14891925
2025-09-27 12:00:00+00:00,0.16692925
2025-09-27 13:00:00+00:00,0.19228650000000003
2025-09-27 14:00:00+00:00,0.22952675
2025-09-27 15:00:00+00:00,0.276383
2025-09-27 16:00:00+00:00,0.34130574999999996
2025-09-27 17:00:00+00:00,0.38134399999999996
2025-09-27 18:00:00+00:00,0.384695
2025-09-27 19:00:00+00:00,0.38402349999999996
2025-09-27 20:00:00+00:00,0.3812705
2025-09-27 21:00:00+00:00,0.37726049999999994
2025-09-27 22:00:00+00:00,0.36914024999999995
2025-09-27 23:00:00+00:00,0.370957
2025-09-28 00:00:00+00:00,0.3782685
2025-09-28 01:00:00+00:00,0.38701625
2025-09-28 02:00:00+00:00,0.38450275
2025-09-28 03:00:00+00:00,0.382643
2025-09-28 04:00:00+00:00,0.38122075
2025-09-28 05:00:00+00:00,0.3684205
2025-09-28 06:00:00+00:00,0.333095
2025-09-28 07:00:00+00:00,0.23276224999999998
2025-09-28 08:00:00+00:00,0.12135530000000001
2025-09-28 09:00:00+00:00,0.073914225
2025-09-28 10:00:00+00:00,0.061182475
2025-09-28 11:00:00+00:00,0.05900810000000001
2025-09-28 12:00:00+00:00,0.0654497
2025-09-28 13:00:00+00:00,0.07682585
2025-09-28 14:00:00+00:00,0.14082375000000003
2025-09-28 15:00:00+00:00,0.23197575
2025-09-28 16:00:00+00:00,0.32352425
2025-09-28 17:00:00+00:00,0.37221075
2025-09-28 18:00:00+00:00,0.37312075
2025-09-28 19:00:00+00:00,0.37806325
2025-09-28 20:00:00+00:00,0.380958
2025-09-28 21:00:00+00:00,0.37860775
2025-09-28 22:00:00+00:00,0.37705275
2025-09-28 23:00:00+00:00,0.37742074999999997
2025-09-29 00:00:00+00:00,0.37753624999999996
2025-09-29 01:00:00+00:00,0.37735625
2025-09-29 02:00:00+00:00,0.37705874999999994
2025-09-29 03:00:00+00:00,0.37812225
2025-09-29 04:00:00+00:00,0.37653499999999995
2025-09-29 05:00:00+00:00,0.375762
2025-09-29 06:00:00+00:00,0.35426625
2025-09-29 07:00:00+00:00,0.278741
2025-09-29 08:00:00+00:00,0.19905350000000002
2025-09-29 09:00:00+00:00,0.11851087499999999
2025-09-29 10:00:00+00:00,0.081500075
2025-09-29 11:00:00+00:00,0.0774778
2025-09-29 12:00:00+00:00,0.09021745
2025-09-29 13:00:00+00:00,0.11636225
2025-09-29 14:00:00+00:00,0.18042775
2025-09-29 15:00:00+00:00,0.23627700000000001
2025-09-29 16:00:00+00:00,0.2946545
2025-09-29 17:00:00+00:00,0.33842374999999997
2025-09-29 18:00:00+00:00,0.3476515
2025-09-29 19:00:00+00:00,0.35496249999999996
2025-09-29 20:00:00+00:00,0.35913975
2025-09-29 21:00:00+00:00,0.35512374999999996
2025-09-29 22:00:00+00:00,0.35531050000000003
2025-09-29 23:00:00+00:00,0.3581975
2025-09-30 00:00:00+00:00,0.36022025
2025-09-30 01:00:00+00:00,0.36221574999999995
2025-09-30 02:00:00+00:00,0.36052575
2025-09-30 03:00:00+00:00,0.36548225
2025-09-30 04:00:00+00:00,0.364818
2025-09-30 05:00:00+00:00,0.36290274999999994
2025-09-30 06:00:00+00:00,0.34581249999999997
2025-09-30 07:00:00+00:00,0.289717
2025-09-30 08:00:00+00:00,0.23464475
2025-09-30 09:00:00+00:00,0.173538
2025-09-30 10:00:00+00:00,0.14263299999999998
2025-09-30 11:00:00+00:00,0.12596425
2025-09-30 12:00:00+00:00,0.129515
2025-09-30 13:00:00+00:00,0.1551355
2025-09-30 14:00:00+00:00,0.18617625000000002
2025-09-30 15:00:00+00:00,0.23384525
2025-09-30 16:00:00+00:00,0.30917300000000003
2025-09-30 17:00:00+00:00,0.3613915
2025-09-30 18:00:00+00:00,0.36839025000000003
2025-09-30 19:00:00+00:00,0.37555725
2025-09-30 20:00:00+00:00,0.37818525000000003
2025-09-30 21:00:00+00:00,0.3780555
2025-09-30 22:00:00+00:00,0.37659425
2025-09-30 23:00:00+00:00,0.37583275
2025-10-01 00:00:00+00:00,0.37537975
2025-10-01 01:00:00+00:00,0.37539399999999995
2025-10-01 02:00:00+00:00,0.3740975
2025-10-01 03:00:00+00:00,0.371896
2025-10-01 04:00:00+00:00,0.36927475
2025-10-01 05:00:00+00:00,0.366012
2025-10-01 06:00:00+00:00,0.338684
2025-10-01 07:00:00+00:00,0.26207
2025-10-01 08:00:00+00:00,0.193733
2025-10-01 09:00:00+00:00,0.117014
2025-10-01 10:00:00+00:00,0.0865693
2025-10-01 11:00:00+00:00,0.07169282499999999
2025-10-01 12:00:00+00:00,0.07818829999999999
2025-10-01 13:00:00+00:00,0.1167447
2025-10-01 14:00:00+00:00,0.18725075000000002
2025-10-01 15:00:00+00:00,0.239744
2025-10-01 16:00:00+00:00,0.315425
2025-10-01 17:00:00+00:00,0.34986275
2025-10-01 18:00:00+00:00,0.34931875
2025-10-01 19:00:00+00:00,0.33744599999999997
2025-10-01 20:00:00+00:00,0.33172725000000003
2025-10-01 21:00:00+00:00,0.321501
2025-10-01 22:00:00+00:00,0.32002675
2025-10-01 23:00:00+00:00,0.31311275
2025-10-02 00:00:00+00:00,0.3068435
2025-10-02 01:00:00+00:00,0.31551075
2025-10-02 02:00:00+00:00,0.33644925
2025-10-02 03:00:00+00:00,0.34410975
2025-10-02 04:00:00+00:00,0.34749775
2025-10-02 05:00:00+00:00,0.34897500000000004
2025-10-02 06:00:00+00:00,0.31712025000000005
2025-10-02 07:00:00+00:00,0.24683425
2025-10-02 08:00:00+00:00,0.15858450000000002
2025-10-02 09:00:00+00:00,0.08373745
2025-10-02 10:00:00+00:00,0.06310435
2025-10-02 11:00:00+00:00,0.053856225
2025-10-02 12:00:00+00:00,0.05032805
2025-10-02 13:00:00+00:00,0.05740814999999999
2025-10-02 14:00:00+00:00,0.10176550000000001
2025-10-02 15:00:00+00:00,0.19395675
2025-10-02 16:00:00+00:00,0.265655
2025-10-02 17:00:00+00:00,0.28611525000000004
2025-10-02 18:00:00+00:00,0.2852235
2025-10-02 19:00:00+00:00,0.266644
2025-10-02 20:00:00+00:00,0.21192225
2025-10-02 21:00:00+00:00,0.1454645
2025-10-02 22:00:00+00:00,0.12069250000000001
2025-10-02 23:00:00+00:00,0.098565825
2025-10-03 00:00:00+00:00,0.089250175
2025-10-03 01:00:00+00:00,0.0913626
2025-10-03 02:00:00+00:00,0.11141075
2025-10-03 03:00:00+00:00,0.11911925000000001
2025-10-03 04:00:00+00:00,0.13305925
2025-10-03 05:00:00+00:00,0.15689825000000002
2025-10-03 06:00:00+00:00,0.15549075
2025-10-03 07:00:00+00:00,0.13336075
2025-10-03 08:00:00+00:00,0.11434775
2025-10-03 09:00:00+00:00,0.09005212500000001
2025-10-03 10:00:00+00:00,0.07336942499999999
2025-10-03 11:00:00+00:00,0.070403525
2025-10-03 12:00:00+00:00,0.06362065
2025-10-03 13:00:00+00:00,0.064460975
2025-10-03 14:00:00+00:00,0.071804425
2025-10-03 15:00:00+00:00,0.087096425
2025-10-03 16:00:00+00:00,0.095169225
2025-10-03 17:00:00+00:00,0.094177175
2025-10-03 18:00:00+00:00,0.076200025
2025-10-03 19:00:00+00:00,0.062891
2025-10-03 20:00:00+00:00,0.0461193
2025-10-03 21:00:00+00:00,0.047739425
2025-10-03 22:00:00+00:00,0.04804395
2025-10-03 23:00:00+00:00,0.045570125
2025-10-04 00:00:00+00:00,0.044688149999999996
2025-10-04 01:00:00+00:00,0.04613655
2025-10-04 02:00:00+00:00,0.04866962500000001
2025-10-04 03:00:00+00:00,0.049807125
2025-10-04 04:00:00+00:00,0.052577175
2025-10-04 05:00:00+00:00,0.05362675
2025-10-04 06:00:00+00:00,0.063065675
2025-10-04 07:00:00+00:00,0.064429075
2025-10-04 08:00:00+00:00,0.055632974999999994
2025-10-04 09:00:00+00:00,0.04318825
2025-10-04 10:00:00+00:00,0.030692575
2025-10-04 11:00:00+00:00,0.027562925000000002
2025-10-04 12:00:00+00:00,0.0303012
2025-10-04 13:00:00+00:00,0.033726975
2025-10-04 14:00:00+00:00,0.040448825
2025-10-04 15:00:00+00:00,0.0499124
2025-10-04 16:00:00+00:00,0.05409225000000001
2025-10-04 17:00:00+00:00,0.05292175
2025-10-04 18:00:00+00:00,0.052890425
2025-10-04 19:00:00+00:00,0.0506188
2025-10-04 20:00:00+00:00,0.05017045
2025-10-04 21:00:00+00:00,0.048732575
2025-10-04 22:00:00+00:00,0.051274824999999996
2025-10-04 23:00:00+00:00,0.050996849999999996
2025-10-05 00:00:00+00:00,0.0529182
2025-10-05 01:00:00+00:00,0.054530274999999996
2025-10-05 02:00:00+00:00,0.0562472
2025-10-05 03:00:00+00:00,0.05824395
2025-10-05 04:00:00+00:00,0.062988075
2025-10-05 05:00:00+00:00,0.06473034999999999
2025-10-05 06:00:00+00:00,0.06473255
2025-10-05 07:00:00+00:00,0.05782345
2025-10-05 08:00:00+00:00,0.048925125
2025-10-05 09:00:00+00:00,0.04415385
2025-10-05 10:00:00+00:00,0.0453489
2025-10-05 11:00:00+00:00,0.0434416
2025-10-05 12:00:00+00:00,0.041747900000000004
2025-10-05 13:00:00+00:00,0.04227055
2025-10-05 14:00:00+00:00,0.046662625
2025-10-05 15:00:00+00:00,0.054187124999999996
2025-10-05 16:00:00+00:00,0.06261892499999999
2025-10-05 17:00:00+00:00,0.07156752499999999
2025-10-05 18:00:00+00:00,0.072974675
2025-10-05 19:00:00+00:00,0.0796186
2025-10-05 20:00:00+00:00,0.0758881
2025-10-05 21:00:00+00:00,0.07467599999999999
2025-10-05 22:00:00+00:00,0.07282845
2025-10-05 23:00:00+00:00,0.06846552499999999
2025-10-06 00:00:00+00:00,0.08672687500000001
2025-10-06 01:00:00+00:00,0.0922408
2025-10-06 02:00:00+00:00,0.09706855
2025-10-06 03:00:00+00:00,0.12037824999999999
2025-10-06 04:00:00+00:00,0.16079375
2025-10-06 05:00:00+00:00,0.21476474999999998
2025-10-06 06:00:00+00:00,0.24028875
2025-10-06 07:00:00+00:00,0.22954975
2025-10-06 08:00:00+00:00,0.215067
2025-10-06 09:00:00+00:00,0.19204725
2025-10-06 10:00:00+00:00,0.18582525
2025-10-06 11:00:00+00:00,0.18106699999999998
2025-10-06 12:00:00+00:00,0.18246625
2025-10-06 13:00:00+00:00,0.197431
2025-10-06 14:00:00+00:00,0.21977075000000001
2025-10-06 15:00:00+00:00,0.26404425
2025-10-06 16:00:00+00:00,0.30051325
2025-10-06 17:00:00+00:00,0.32923025
2025-10-06 18:00:00+00:00,0.34250575000000005
2025-10-06 19:00:00+00:00,0.3476735
2025-10-06 20:00:00+00:00,0.35289425
2025-10-06 21:00:00+00:00,0.35803799999999997
2025-10-06 22:00:00+00:00,0.35907125
2025-10-06 23:00:00+00:00,0.36140199999999995
2025-10-07 00:00:00+00:00,0.36088825
2025-10-07 01:00:00+00:00,0.359423
2025-10-07 02:00:00+00:00,0.35183875
2025-10-07 03:00:00+00:00,0.347348
2025-10-07 04:00:00+00:00,0.34675174999999997
2025-10-07 05:00:00+00:00,0.3399685
2025-10-07 06:00:00+00:00,0.31757975
2025-10-07 07:00:00+00:00,0.27447275
2025-10-07 08:00:00+00:00,0.23138199999999998
2025-10-07 09:00:00+00:00,0.19154825
2025-10-07 10:00:00+00:00,0.16230675
2025-10-07 11:00:00+00:00,0.17993950000000003
2025-10-07 12:00:00+00:00,0.20645875
2025-10-07 13:00:00+00:00,0.22579025
2025-10-07 14:00:00+00:00,0.23369700000000002
2025-10-07 15:00:00+00:00,0.24879225
2025-10-07 16:00:00+00:00,0.27509025
2025-10-07 17:00:00+00:00,0.28772525000000004
2025-10-07 18:00:00+00:00,0.29816049999999994
2025-10-07 19:00:00+00:00,0.30883
2025-10-07 20:00:00+00:00,0.317299
2025-10-07 21:00:00+00:00,0.326384
2025-10-07 22:00:00+00:00,0.33036025
2025-10-07 23:00:00+00:00,0.33399674999999995
2025-10-08 00:00:00+00:00,0.33660724999999997
2025-10-08 01:00:00+00:00,0.33928975
2025-10-08 02:00:00+00:00,0.33891150000000003
2025-10-08 03:00:00+00:00,0.341472
2025-10-08 04:00:00+00:00,0.34666474999999997
2025-10-08 05:00:00+00:00,0.35322624999999996
2025-10-08 06:00:00+00:00,0.35046875
2025-10-08 07:00:00+00:00,0.32167825
2025-10-08 08:00:00+00:00,0.29343050000000004
2025-10-08 09:00:00+00:00,0.26972725
2025-10-08 10:00:00+00:00,0.24631975000000003
2025-10-08 11:00:00+00:00,0.233845
2025-10-08 12:00:00+00:00,0.24575924999999998
2025-10-08 13:00:00+00:00,0.26631900000000003
2025-10-08 14:00:00+00:00,0.286627
2025-10-08 15:00:00+00:00,0.308564
2025-10-08 16:00:00+00:00,0.321585
2025-10-08 17:00:00+00:00,0.32482725
2025-10-08 18:00:00+00:00,0.31343925
2025-10-08 19:00:00+00:00,0.3166925
2025-10-08 20:00:00+00:00,0.32678925
2025-10-08 21:00:00+00:00,0.330925
2025-10-08 22:00:00+00:00,0.34078175
2025-10-08 23:00:00+00:00,0.352079
2025-10-09 00:00:00+00:00,0.35771475
2025-10-09 01:00:00+00:00,0.35339875
2025-10-09 02:00:00+00:00,0.35520399999999996
2025-10-09 03:00:00+00:00,0.35670425
2025-10-09 04:00:00+00:00,0.36197250000000003
2025-10-09 05:00:00+00:00,0.36097925000000003
2025-10-09 06:00:00+00:00,0.35067925
2025-10-09 07:00:00+00:00,0.29514
2025-10-09 08:00:00+00:00,0.2263425
2025-10-09 09:00:00+00:00,0.16026175
2025-10-09 10:00:00+00:00,0.13404075000000001
2025-10-09 11:00:00+00:00,0.141309
2025-10-09 12:00:00+00:00,0.16276075
2025-10-09 13:00:00+00:00,0.19849075
2025-10-09 14:00:00+00:00,0.21069575
2025-10-09 15:00:00+00:00,0.2380755
2025-10-09 16:00:00+00:00,0.2901955
2025-10-09 17:00:00+00:00,0.30732475000000004
2025-10-09 18:00:00+00:00,0.3132665
2025-10-09 19:00:00+00:00,0.31850175000000003
2025-10-09 20:00:00+00:00,0.31807275
2025-10-09 21:00:00+00:00,0.31379275
2025-10-09 22:00:00+00:00,0.31363975
2025-10-09 23:00:00+00:00,0.33338425
2025-10-10 00:00:00+00:00,0.343649
2025-10-10 01:00:00+00:00,0.34398850000000003
2025-10-10 02:00:00+00:00,0.34362600000000004
2025-10-10 03:00:00+00:00,0.348522
2025-10-10 04:00:00+00:00,0.3511275
2025-10-10 05:00:00+00:00,0.34470775
2025-10-10 06:00:00+00:00,0.33661774999999994
2025-10-10 07:00:00+00:00,0.2723395
2025-10-10 08:00:00+00:00,0.19623300000000002
2025-10-10 09:00:00+00:00,0.14749325
2025-10-10 10:00:00+00:00,0.144314
2025-10-10 11:00:00+00:00,0.16635375
2025-10-10 12:00:00+00:00,0.18482425
2025-10-10 13:00:00+00:00,0.22738575
2025-10-10 14:00:00+00:00,0.26741225
2025-10-10 15:00:00+00:00,0.30312225000000004
2025-10-10 16:00:00+00:00,0.332654
2025-10-10 17:00:00+00:00,0.34407375
2025-10-10 18:00:00+00:00,0.360184
2025-10-10 19:00:00+00:00,0.36238275000000003
2025-10-10 20:00:00+00:00,0.36547375
2025-10-10 21:00:00+00:00,0.36063875
2025-10-10 22:00:00+00:00,0.36069275
2025-10-10 23:00:00+00:00,0.36939675
2025-10-11 00:00:00+00:00,0.374353
2025-10-11 01:00:00+00:00,0.37397025
2025-10-11 02:00:00+00:00,0.36904050000000005
2025-10-11 03:00:00+00:00,0.36990625
2025-10-11 04:00:00+00:00,0.37518799999999997
2025-10-11 05:00:00+00:00,0.373574
2025-10-11 06:00:00+00:00,0.37160625
2025-10-11 07:00:00+00:00,0.35806775
2025-10-11 08:00:00+00:00,0.33604100000000003
2025-10-11 09:00:00+00:00,0.30891799999999997
2025-10-11 10:00:00+00:00,0.2906425
2025-10-11 11:00:00+00:00,0.282426
2025-10-11 12:00:00+00:00,0.28423424999999997
2025-10-11 13:00:00+00:00,0.294582
2025-10-11 14:00:00+00:00,0.30937549999999997
2025-10-11 15:00:00+00:00,0.33941999999999994
2025-10-11 16:00:00+00:00,0.3751070000000001
2025-10-11 17:00:00+00:00,0.38227825000000004
2025-10-11 18:00:00+00:00,0.384353
2025-10-11 19:00:00+00:00,0.3870155
2025-10-11 20:00:00+00:00,0.38629925
2025-10-11 21:00:00+00:00,0.38598199999999994
2025-10-11 22:00:00+00:00,0.38967250000000003
2025-10-11 23:00:00+00:00,0.391483
2025-10-12 00:00:00+00:00,0.39126700000000003
2025-10-12 01:00:00+00:00,0.3871025
2025-10-12 02:00:00+00:00,0.38421125
2025-10-12 03:00:00+00:00,0.38156675
2025-10-12 04:00:00+00:00,0.37674475
2025-10-12 05:00:00+00:00,0.37242299999999995
2025-10-12 06:00:00+00:00,0.36425825
2025-10-12 07:00:00+00:00,0.32038
2025-10-12 08:00:00+00:00,0.2489035
2025-10-12 09:00:00+00:00,0.1908765
2025-10-12 10:00:00+00:00,0.18999025
2025-10-12 11:00:00+00:00,0.19383325
2025-10-12 12:00:00+00:00,0.20249999999999999
2025-10-12 13:00:00+00:00,0.2321175
2025-10-12 14:00:00+00:00,0.26769675
2025-10-12 15:00:00+00:00,0.313246
2025-10-12 16:00:00+00:00,0.3489605
2025-10-12 17:00:00+00:00,0.358894
2025-10-12 18:00:00+00:00,0.35994424999999997
2025-10-12 19:00:00+00:00,0.3564115
2025-10-12 20:00:00+00:00,0.3601615
2025-10-12 21:00:00+00:00,0.36662400000000006
2025-10-12 22:00:00+00:00,0.3993155
2025-10-12 23:00:00+00:00,0.39894825
2025-10-13 00:00:00+00:00,0.39641200000000004
2025-10-13 01:00:00+00:00,0.393049
2025-10-13 02:00:00+00:00,0.3953585
2025-10-13 03:00:00+00:00,0.39364775
2025-10-13 04:00:00+00:00,0.37916275
2025-10-13 05:00:00+00:00,0.37581200000000003
2025-10-13 06:00:00+00:00,0.37178325
2025-10-13 07:00:00+00:00,0.344624
2025-10-13 08:00:00+00:00,0.3038715
2025-10-13 09:00:00+00:00,0.28576575
2025-10-13 10:00:00+00:00,0.2820605
2025-10-13 11:00:00+00:00,0.2724335
2025-10-13 12:00:00+00:00,0.2652085
2025-10-13 13:00:00+00:00,0.26843525
2025-10-13 14:00:00+00:00,0.278583
2025-10-13 15:00:00+00:00,0.315827
2025-10-13 16:00:00+00:00,0.3702515
2025-10-13 17:00:00+00:00,0.387588
2025-10-13 18:00:00+00:00,0.38632475
2025-10-13 19:00:00+00:00,0.38815249999999996
2025-10-13 20:00:00+00:00,0.3918475
2025-10-13 21:00:00+00:00,0.399177
2025-10-13 22:00:00+00:00,0.38994924999999997
2025-10-13 23:00:00+00:00,0.38967925000000003
2025-10-14 00:00:00+00:00,0.3909895
2025-10-14 01:00:00+00:00,0.389392
2025-10-14 02:00:00+00:00,0.38650650000000003
2025-10-14 03:00:00+00:00,0.37365324999999994
2025-10-14 04:00:00+00:00,0.36108700000000005
2025-10-14 05:00:00+00:00,0.35700325
2025-10-14 06:00:00+00:00,0.35045525
2025-10-14 07:00:00+00:00,0.31331074999999997
2025-10-14 08:00:00+00:00,0.26801625
2025-10-14 09:00:00+00:00,0.24271474999999998
2025-10-14 10:00:00+00:00,0.2216995
2025-10-14 11:00:00+00:00,0.21535525
2025-10-14 12:00:00+00:00,0.20773149999999999
2025-10-14 13:00:00+00:00,0.226251
2025-10-14 14:00:00+00:00,0.24737775
2025-10-14 15:00:00+00:00,0.29609125000000003
2025-10-14 16:00:00+00:00,0.34621274999999996
2025-10-14 17:00:00+00:00,0.3610035
2025-10-14 18:00:00+00:00,0.3673625
2025-10-14 19:00:00+00:00,0.370643
2025-10-14 20:00:00+00:00,0.37738
2025-10-14 21:00:00+00:00,0.3811005
2025-10-14 22:00:00+00:00,0.37206875
2025-10-14 23:00:00+00:00,0.37776325
2025-10-15 00:00:00+00:00,0.38035725
2025-10-15 01:00:00+00:00,0.3731455
2025-10-15 02:00:00+00:00,0.3757865
2025-10-15 03:00:00+00:00,0.37638025
2025-10-15 04:00:00+00:00,0.37316025
2025-10-15 05:00:00+00:00,0.374238
2025-10-15 06:00:00+00:00,0.368436
2025-10-15 07:00:00+00:00,0.34623925
2025-10-15 08:00:00+00:00,0.31919775
2025-10-15 09:00:00+00:00,0.29576975
2025-10-15 10:00:00+00:00,0.28353525
2025-10-15 11:00:00+00:00,0.27350375
2025-10-15 12:00:00+00:00,0.27631025000000003
2025-10-15 13:00:00+00:00,0.294678
2025-10-15 14:00:00+00:00,0.30434425
2025-10-15 15:00:00+00:00,0.31929375000000004
2025-10-15 16:00:00+00:00,0.34085075000000004
2025-10-15 17:00:00+00:00,0.355175
2025-10-15 18:00:00+00:00,0.360908
2025-10-15 19:00:00+00:00,0.36926499999999995
2025-10-15 20:00:00+00:00,0.3769945
2025-10-15 21:00:00+00:00,0.3764795
2025-10-15 22:00:00+00:00,0.37175975
2025-10-15 23:00:00+00:00,0.37299774999999996
2025-10-16 00:00:00+00:00,0.36894125
2025-10-16 01:00:00+00:00,0.35919300000000004
2025-10-16 02:00:00+00:00,0.35793474999999997
2025-10-16 03:00:00+00:00,0.36160575
2025-10-16 04:00:00+00:00,0.34736975000000003
2025-10-16 05:00:00+00:00,0.34943499999999994
2025-10-16 06:00:00+00:00,0.35791275
2025-10-16 07:00:00+00:00,0.332514
2025-10-16 08:00:00+00:00,0.2830335
2025-10-16 09:00:00+00:00,0.21121275
2025-10-16 10:00:00+00:00,0.1769925
2025-10-16 11:00:00+00:00,0.18464000000000003
2025-10-16 12:00:00+00:00,0.18767075
2025-10-16 13:00:00+00:00,0.20176275
2025-10-16 14:00:00+00:00,0.24335774999999998
2025-10-16 15:00:00+00:00,0.29646425
2025-10-16 16:00:00+00:00,0.3389955
2025-10-16 17:00:00+00:00,0.34434824999999997
2025-10-16 18:00:00+00:00,0.34816074999999996
2025-10-16 19:00:00+00:00,0.351466
2025-10-16 20:00:00+00:00,0.35844375000000006
2025-10-16 21:00:00+00:00,0.35594675
2025-10-16 22:00:00+00:00,0.35583075
2025-10-16 23:00:00+00:00,0.35163525
2025-10-17 00:00:00+00:00,0.357091
2025-10-17 01:00:00+00:00,0.36557225
2025-10-17 02:00:00+00:00,0.37136975
2025-10-17 03:00:00+00:00,0.36302025
2025-10-17 04:00:00+00:00,0.35950200000000004
2025-10-17 05:00:00+00:00,0.3603535
2025-10-17 06:00:00+00:00,0.3605235
2025-10-17 07:00:00+00:00,0.3403065
2025-10-17 08:00:00+00:00,0.3133675
2025-10-17 09:00:00+00:00,0.278633
2025-10-17 10:00:00+00:00,0.25477275
2025-10-17 11:00:00+00:00,0.23800625
2025-10-17 12:00:00+00:00,0.250527
2025-10-17 13:00:00+00:00,0.26431675
2025-10-17 14:00:00+00:00,0.288855
2025-10-17 15:00:00+00:00,0.3229255
2025-10-17 16:00:00+00:00,0.36044025
2025-10-17 17:00:00+00:00,0.37518425
2025-10-17 18:00:00+00:00,0.37653975000000006
2025-10-17 19:00:00+00:00,0.38161449999999997
2025-10-17 20:00:00+00:00,0.39222749999999995
2025-10-17 21:00:00+00:00,0.39107325000000004
2025-10-17 22:00:00+00:00,0.39297050000000006
2025-10-17 23:00:00+00:00,0.39690574999999995
2025-10-18 00:00:00+00:00,0.39968875
2025-10-18 01:00:00+00:00,0.4021965
2025-10-18 02:00:00+00:00,0.39963325
2025-10-18 03:00:00+00:00,0.39559925000000007
2025-10-18 04:00:00+00:00,0.3932925
2025-10-18 05:00:00+00:00,0.3867155
2025-10-18 06:00:00+00:00,0.37373325
2025-10-18 07:00:00+00:00,0.320755
2025-10-18 08:00:00+00:00,0.223677
2025-10-18 09:00:00+00:00,0.13116325
2025-10-18 10:00:00+00:00,0.088823575
2025-10-18 11:00:00+00:00,0.08525807499999999
2025-10-18 12:00:00+00:00,0.09181605000000001
2025-10-18 13:00:00+00:00,0.126835
2025-10-18 14:00:00+00:00,0.20692000000000002
2025-10-18 15:00:00+00:00,0.29833125
2025-10-18 16:00:00+00:00,0.3431045
2025-10-18 17:00:00+00:00,0.342502
2025-10-18 18:00:00+00:00,0.32637025
2025-10-18 19:00:00+00:00,0.3114925
2025-10-18 20:00:00+00:00,0.2927885
2025-10-18 21:00:00+00:00,0.2814305
2025-10-18 22:00:00+00:00,0.26400025
2025-10-18 23:00:00+00:00,0.25917375
2025-10-19 00:00:00+00:00,0.23747524999999997
2025-10-19 01:00:00+00:00,0.21237975
2025-10-19 02:00:00+00:00,0.19825225000000002
2025-10-19 03:00:00+00:00,0.17342675
2025-10-19 04:00:00+00:00,0.17787199999999997
2025-10-19 05:00:00+00:00,0.1966215
2025-10-19 06:00:00+00:00,0.20397225000000002
2025-10-19 07:00:00+00:00,0.1645075
2025-10-19 08:00:00+00:00,0.11548875
2025-10-19 09:00:00+00:00,0.09634335
2025-10-19 10:00:00+00:00,0.07261445
2025-10-19 11:00:00+00:00,0.058575600000000005
2025-10-19 12:00:00+00:00,0.051277925
2025-10-19 13:00:00+00:00,0.060150100000000005
2025-10-19 14:00:00+00:00,0.097538275
2025-10-19 15:00:00+00:00,0.1439715
2025-10-19 16:00:00+00:00,0.1797705
2025-10-19 17:00:00+00:00,0.17720850000000002
2025-10-19 18:00:00+00:00,0.15116875
2025-10-19 19:00:00+00:00,0.13859125
2025-10-19 20:00:00+00:00,0.12688725
2025-10-19 21:00:00+00:00,0.10916575
2025-10-19 22:00:00+00:00,0.097104625
2025-10-19 23:00:00+00:00,0.09078792499999999
2025-10-20 00:00:00+00:00,0.090823025
2025-10-20 01:00:00+00:00,0.09412635
2025-10-20 02:00:00+00:00,0.10416725
2025-10-20 03:00:00+00:00,0.13206075
2025-10-20 04:00:00+00:00,0.16966675
2025-10-20 05:00:00+00:00,0.19992525
2025-10-20 06:00:00+00:00,0.22145025000000002
2025-10-20 07:00:00+00:00,0.2281895
2025-10-20 08:00:00+00:00,0.19488699999999998
2025-10-20 09:00:00+00:00,0.1710865
2025-10-20 10:00:00+00:00,0.147488
2025-10-20 11:00:00+00:00,0.12934974999999999
2025-10-20 12:00:00+00:00,0.122754
2025-10-20 13:00:00+00:00,0.14713199999999999
2025-10-20 14:00:00+00:00,0.16490025
2025-10-20 15:00:00+00:00,0.18598075000000003
2025-10-20 16:00:00+00:00,0.21492950000000002
2025-10-20 17:00:00+00:00,0.206529
2025-10-20 18:00:00+00:00,0.17288074999999997
2025-10-20 19:00:00+00:00,0.14716849999999998
2025-10-20 20:00:00+00:00,0.122671
2025-10-20 21:00:00+00:00,0.10253224999999999
2025-10-20 22:00:00+00:00,0.10132989999999999
2025-10-20 23:00:00+00:00,0.10698725
2025-10-21 00:00:00+00:00,0.1046125
2025-10-21 01:00:00+00:00,0.09719235000000001
2025-10-21 02:00:00+00:00,0.09791015
2025-10-21 03:00:00+00:00,0.0989748
2025-10-21 04:00:00+00:00,0.11018025
2025-10-21 05:00:00+00:00,0.1322245
2025-10-21 06:00:00+00:00,0.13923675000000002
2025-10-21 07:00:00+00:00,0.1413625
2025-10-21 08:00:00+00:00,0.126364
2025-10-21 09:00:00+00:00,0.11390725
2025-10-21 10:00:00+00:00,0.1050545
2025-10-21 11:00:00+00:00,0.095867125
2025-10-21 12:00:00+00:00,0.098310275
2025-10-21 13:00:00+00:00,0.09896205000000001
2025-10-21 14:00:00+00:00,0.11554675
2025-10-21 15:00:00+00:00,0.16049025
2025-10-21 16:00:00+00:00,0.18760625
2025-10-21 17:00:00+00:00,0.203025
2025-10-21 18:00:00+00:00,0.1883985
2025-10-21 19:00:00+00:00,0.1615965
2025-10-21 20:00:00+00:00,0.15243425000000002
2025-10-21 21:00:00+00:00,0.15246875
2025-10-21 22:00:00+00:00,0.14056325
2025-10-21 23:00:00+00:00,0.13009674999999998
2025-10-22 00:00:00+00:00,0.1426245
2025-10-22 01:00:00+00:00,0.1508355
2025-10-22 02:00:00+00:00,0.1550995
2025-10-22 03:00:00+00:00,0.18459575
2025-10-22 04:00:00+00:00,0.240068
2025-10-22 05:00:00+00:00,0.281622
2025-10-22 06:00:00+00:00,0.3032295
2025-10-22 07:00:00+00:00,0.28830875
2025-10-22 08:00:00+00:00,0.2549715
2025-10-22 09:00:00+00:00,0.21727925
2025-10-22 10:00:00+00:00,0.19685375
2025-10-22 11:00:00+00:00,0.18299424999999997
2025-10-22 12:00:00+00:00,0.20544875
2025-10-22 13:00:00+00:00,0.25025625
2025-10-22 14:00:00+00:00,0.2817645
2025-10-22 15:00:00+00:00,0.32493275
2025-10-22 16:00:00+00:00,0.384653
2025-10-22 17:00:00+00:00,0.39378575000000005
2025-10-22 18:00:00+00:00,0.3915205
2025-10-22 19:00:00+00:00,0.38268749999999996
2025-10-22 20:00:00+00:00,0.36591975
2025-10-22 21:00:00+00:00,0.33283525
2025-10-22 22:00:00+00:00,0.2713005
2025-10-22 23:00:00+00:00,0.16684899999999997
2025-10-23 00:00:00+00:00,0.11602099999999999
2025-10-23 01:00:00+00:00,0.09857044999999999
2025-10-23 02:00:00+00:00,0.08889995
2025-10-23 03:00:00+00:00,0.08463065
2025-10-23 04:00:00+00:00,0.08552509999999999
2025-10-23 05:00:00+00:00,0.098836325
2025-10-23 06:00:00+00:00,0.10686825
2025-10-23 07:00:00+00:00,0.09828515
2025-10-23 08:00:00+00:00,0.0709229
2025-10-23 09:00:00+00:00,0.062362825
2025-10-23 10:00:00+00:00,0.06571675
2025-10-23 11:00:00+00:00,0.08106587500000001
2025-10-23 12:00:00+00:00,0.113782025
2025-10-23 13:00:00+00:00,0.13519750000000003
2025-10-23 14:00:00+00:00,0.15176800000000001
2025-10-23 15:00:00+00:00,0.1702365
2025-10-23 16:00:00+00:00,0.16364499999999998
2025-10-23 17:00:00+00:00,0.143816
2025-10-23 18:00:00+00:00,0.11598575
2025-10-23 19:00:00+00:00,0.09606029999999999
2025-10-23 20:00:00+00:00,0.08163000000000001
2025-10-23 21:00:00+00:00,0.058309575
2025-10-23 22:00:00+00:00,0.053413125
2025-10-23 23:00:00+00:00,0.051903925
2025-10-24 00:00:00+00:00,0.051799424999999996
2025-10-24 01:00:00+00:00,0.052220724999999996
2025-10-24 02:00:00+00:00,0.051860325
2025-10-24 03:00:00+00:00,0.054288674999999995
2025-10-24 04:00:00+00:00,0.06067575
2025-10-24 05:00:00+00:00,0.067459125
2025-10-24 06:00:00+00:00,0.072768725
2025-10-24 07:00:00+00:00,0.067580725
2025-10-24 08:00:00+00:00,0.051722275000000005
2025-10-24 09:00:00+00:00,0.043618475
2025-10-24 10:00:00+00:00,0.038465425
2025-10-24 11:00:00+00:00,0.0372152
2025-10-24 12:00:00+00:00,0.035469475
2025-10-24 13:00:00+00:00,0.040403875000000006
2025-10-24 14:00:00+00:00,0.043866274999999996
2025-10-24 15:00:00+00:00,0.054705075
2025-10-24 16:00:00+00:00,0.06837644999999999
2025-10-24 17:00:00+00:00,0.0686084
2025-10-24 18:00:00+00:00,0.064086475
2025-10-24 19:00:00+00:00,0.057432250000000004
2025-10-24 20:00:00+00:00,0.053170850000000006
2025-10-24 21:00:00+00:00,0.052903825
2025-10-24 22:00:00+00:00,0.052980725000000006
2025-10-24 23:00:00+00:00,0.051914925
2025-10-25 00:00:00+00:00,0.053199800000000005
2025-10-25 01:00:00+00:00,0.05375435
2025-10-25 02:00:00+00:00,0.054301499999999996
2025-10-25 03:00:00+00:00,0.0554365
2025-10-25 04:00:00+00:00,0.05719285
2025-10-25 05:00:00+00:00,0.0611348
2025-10-25 06:00:00+00:00,0.066948575
2025-10-25 07:00:00+00:00,0.067517675
2025-10-25 08:00:00+00:00,0.06275135
2025-10-25 09:00:00+00:00,0.060596325000000006
2025-10-25 10:00:00+00:00,0.062434375
2025-10-25 11:00:00+00:00,0.057125975
2025-10-25 12:00:00+00:00,0.05122655
2025-10-25 13:00:00+00:00,0.048137275
2025-10-25 14:00:00+00:00,0.0527494
2025-10-25 15:00:00+00:00,0.061340575
2025-10-25 16:00:00+00:00,0.07804085
2025-10-25 17:00:00+00:00,0.082056725
2025-10-25 18:00:00+00:00,0.08234415
2025-10-25 19:00:00+00:00,0.08087415
2025-10-25 20:00:00+00:00,0.0770477
2025-10-25 21:00:00+00:00,0.0761752
2025-10-25 22:00:00+00:00,0.07088975
2025-10-25 23:00:00+00:00,0.06462925
2025-10-26 00:00:00+00:00,0.06188057500000001
2025-10-26 01:00:00+00:00,0.0639714
2025-10-26 02:00:00+00:00,0.064004975
2025-10-26 03:00:00+00:00,0.06225865
2025-10-26 04:00:00+00:00,0.062627975
2025-10-26 05:00:00+00:00,0.06640847500000001
2025-10-26 06:00:00+00:00,0.07083882500000001
2025-10-26 07:00:00+00:00,0.068979175
2025-10-26 08:00:00+00:00,0.0610763
2025-10-26 09:00:00+00:00,0.051497725
2025-10-26 10:00:00+00:00,0.044009999999999994
2025-10-26 11:00:00+00:00,0.040773025
2025-10-26 12:00:00+00:00,0.0379037
2025-10-26 13:00:00+00:00,0.04307525000000001
2025-10-26 14:00:00+00:00,0.0465929
2025-10-26 15:00:00+00:00,0.057289975
2025-10-26 16:00:00+00:00,0.07222382499999999
2025-10-26 17:00:00+00:00,0.07719625
2025-10-26 18:00:00+00:00,0.0770357
2025-10-26 19:00:00+00:00,0.07172515
2025-10-26 20:00:00+00:00,0.06675005
2025-10-26 21:00:00+00:00,0.06026045
2025-10-26 22:00:00+00:00,0.0569557
2025-10-26 23:00:00+00:00,0.05709005
2025-10-27 00:00:00+00:00,0.056883724999999996
2025-10-27 01:00:00+00:00,0.06303629999999999
2025-10-27 02:00:00+00:00,0.06477469999999999
2025-10-27 03:00:00+00:00,0.0646878
2025-10-27 04:00:00+00:00,0.06373759999999999
2025-10-27 05:00:00+00:00,0.06850465
2025-10-27 06:00:00+00:00,0.077345225
2025-10-27 07:00:00+00:00,0.08113089999999999
2025-10-27 08:00:00+00:00,0.0850937
2025-10-27 09:00:00+00:00,0.07851617500000001
2025-10-27 10:00:00+00:00,0.07447385
2025-10-27 11:00:00+00:00,0.073417975
2025-10-27 12:00:00+00:00,0.06678925
2025-10-27 13:00:00+00:00,0.06851665
2025-10-27 14:00:00+00:00,0.0856093
2025-10-27 15:00:00+00:00,0.11388324999999999
2025-10-27 16:00:00+00:00,0.154474
2025-10-27 17:00:00+00:00,0.16629525
2025-10-27 18:00:00+00:00,0.1632405
2025-10-27 19:00:00+00:00,0.15272724999999998
2025-10-27 20:00:00+00:00,0.1344025
2025-10-27 21:00:00+00:00,0.12177425
2025-10-27 22:00:00+00:00,0.13232000000000002
2025-10-27 23:00:00+00:00,0.12128725
2025-10-28 00:00:00+00:00,0.10639525000000001
2025-10-28 01:00:00+00:00,0.099883225
2025-10-28 02:00:00+00:00,0.09261585
2025-10-28 03:00:00+00:00,0.0875773
2025-10-28 04:00:00+00:00,0.084503075
2025-10-28 05:00:00+00:00,0.088183175
2025-10-28 06:00:00+00:00,0.089466525
2025-10-28 07:00:00+00:00,0.089091225
2025-10-28 08:00:00+00:00,0.080667475
2025-10-28 09:00:00+00:00,0.070505475
2025-10-28 10:00:00+00:00,0.068493975
2025-10-28 11:00:00+00:00,0.0622901
2025-10-28 12:00:00+00:00,0.057706025
2025-10-28 13:00:00+00:00,0.060863025
2025-10-28 14:00:00+00:00,0.0763674
2025-10-28 15:00:00+00:00,0.110197925
2025-10-28 16:00:00+00:00,0.15609875
2025-10-28 17:00:00+00:00,0.17922499999999997
2025-10-28 18:00:00+00:00,0.18700350000000002
2025-10-28 19:00:00+00:00,0.17336025
2025-10-28 20:00:00+00:00,0.14666275
2025-10-28 21:00:00+00:00,0.1277415
2025-10-28 22:00:00+00:00,0.12688675
2025-10-28 23:00:00+00:00,0.12140625
2025-10-29 00:00:00+00:00,0.12045800000000001
2025-10-29 01:00:00+00:00,0.125743
2025-10-29 02:00:00+00:00,0.12335899999999998
2025-10-29 03:00:00+00:00,0.12033875000000001
2025-10-29 04:00:00+00:00,0.115842
2025-10-29 05:00:00+00:00,0.1428385
2025-10-29 06:00:00+00:00,0.16971075
2025-10-29 07:00:00+00:00,0.170174
2025-10-29 08:00:00+00:00,0.14752025
2025-10-29 09:00:00+00:00,0.1333495
2025-10-29 10:00:00+00:00,0.111688
2025-10-29 11:00:00+00:00,0.11898275
2025-10-29 12:00:00+00:00,0.15014249999999998
2025-10-29 13:00:00+00:00,0.19165775000000002
2025-10-29 14:00:00+00:00,0.22491375000000002
2025-10-29 15:00:00+00:00,0.25873250000000003
2025-10-29 16:00:00+00:00,0.27846625
2025-10-29 17:00:00+00:00,0.2953255
2025-10-29 18:00:00+00:00,0.311307
2025-10-29 19:00:00+00:00,0.31512399999999996
2025-10-29 20:00:00+00:00,0.30344974999999996
2025-10-29 21:00:00+00:00,0.277877
2025-10-29 22:00:00+00:00,0.23049950000000002
2025-10-29 23:00:00+00:00,0.15765949999999998
2025-10-30 00:00:00+00:00,0.12918625
2025-10-30 01:00:00+00:00,0.09983845
2025-10-30 02:00:00+00:00,0.098397825
2025-10-30 03:00:00+00:00,0.098702025
2025-10-30 04:00:00+00:00,0.106186
2025-10-30 05:00:00+00:00,0.1353235
2025-10-30 06:00:00+00:00,0.17525675
2025-10-30 07:00:00+00:00,0.17484575000000002
2025-10-30 08:00:00+00:00,0.1341055
2025-10-30 09:00:00+00:00,0.098525975
2025-10-30 10:00:00+00:00,0.08508120000000001
2025-10-30 11:00:00+00:00,0.07677469999999999
2025-10-30 12:00:00+00:00,0.083386875
2025-10-30 13:00:00+00:00,0.10835062499999999
2025-10-30 14:00:00+00:00,0.180148
2025-10-30 15:00:00+00:00,0.277317
2025-10-30 16:00:00+00:00,0.33206250000000004
2025-10-30 17:00:00+00:00,0.33256399999999997
2025-10-30 18:00:00+00:00,0.32351874999999997
2025-10-30 19:00:00+00:00,0.30458300000000005
2025-10-30 20:00:00+00:00,0.29791749999999995
2025-10-30 21:00:00+00:00,0.27841375
2025-10-30 22:00:00+00:00,0.2358335
2025-10-30 23:00:00+00:00,0.17154024999999998
2025-10-31 00:00:00+00:00,0.14366575
2025-10-31 01:00:00+00:00,0.139312
2025-10-31 02:00:00+00:00,0.13846925
2025-10-31 03:00:00+00:00,0.13271225
2025-10-31 04:00:00+00:00,0.1527425
2025-10-31 05:00:00+00:00,0.178754
2025-10-31 06:00:00+00:00,0.19157074999999998
2025-10-31 07:00:00+00:00,0.1941205
2025-10-31 08:00:00+00:00,0.1617225
2025-10-31 09:00:00+00:00,0.12389725
2025-10-31 10:00:00+00:00,0.11243525000000001
2025-10-31 11:00:00+00:00,0.11414825
2025-10-31 12:00:00+00:00,0.12560125
2025-10-31 13:00:00+00:00,0.15079625
2025-10-31 14:00:00+00:00,0.18335774999999999
2025-10-31 15:00:00+00:00,0.2054975
2025-10-31 16:00:00+00:00,0.21188925
2025-10-31 17:00:00+00:00,0.20319
2025-10-31 18:00:00+00:00,0.19009675
2025-10-31 19:00:00+00:00,0.158826
2025-10-31 20:00:00+00:00,0.12754474999999998
2025-10-31 21:00:00+00:00,0.1224645
2025-10-31 22:00:00+00:00,0.124275
2025-10-31 23:00:00+00:00,0.11644774999999999
2025-11-01 00:00:00+00:00,0.10552900000000001
2025-11-01 01:00:00+00:00,0.100898975
2025-11-01 02:00:00+00:00,0.09320795
2025-11-01 03:00:00+00:00,0.088584175
2025-11-01 04:00:00+00:00,0.089092925
2025-11-01 05:00:00+00:00,0.095823975
2025-11-01 06:00:00+00:00,0.09579555000000001
2025-11-01 07:00:00+00:00,0.095049375
2025-11-01 08:00:00+00:00,0.09515000000000001
2025-11-01 09:00:00+00:00,0.0902066
2025-11-01 10:00:00+00:00,0.08776124999999999
2025-11-01 11:00:00+00:00,0.08557695
2025-11-01 12:00:00+00:00,0.0883797
2025-11-01 13:00:00+00:00,0.09742172499999999
2025-11-01 14:00:00+00:00,0.093663425
2025-11-01 15:00:00+00:00,0.10143442500000001
2025-11-01 16:00:00+00:00,0.1488015
2025-11-01 17:00:00+00:00,0.1571105
2025-11-01 18:00:00+00:00,0.15462925
2025-11-01 19:00:00+00:00,0.143063
2025-11-01 20:00:00+00:00,0.13336
2025-11-01 21:00:00+00:00,0.11873975
2025-11-01 22:00:00+00:00,0.10527425
2025-11-01 23:00:00+00:00,0.10326250000000001
2025-11-02 00:00:00+00:00,0.104485
2025-11-02 01:00:00+00:00,0.116021
2025-11-02 02:00:00+00:00,0.11724475000000001
2025-11-02 03:00:00+00:00,0.1302595
2025-11-02 04:00:00+00:00,0.145345
2025-11-02 05:00:00+00:00,0.15147125
2025-11-02 06:00:00+00:00,0.16186675
2025-11-02 07:00:00+00:00,0.14992175000000002
2025-11-02 08:00:00+00:00,0.125274
2025-11-02 09:00:00+00:00,0.1026926
2025-11-02 10:00:00+00:00,0.07774115000000001
2025-11-02 11:00:00+00:00,0.0661763
2025-11-02 12:00:00+00:00,0.084209
2025-11-02 13:00:00+00:00,0.117736325
2025-11-02 14:00:00+00:00,0.1934205
2025-11-02 15:00:00+00:00,0.252836
2025-11-02 16:00:00+00:00,0.271179
2025-11-02 17:00:00+00:00,0.28620749999999995
2025-11-02 18:00:00+00:00,0.29152049999999996
2025-11-02 19:00:00+00:00,0.29079125
2025-11-02 20:00:00+00:00,0.286838
2025-11-02 21:00:00+00:00,0.28091075
2025-11-02 22:00:00+00:00,0.23472175
2025-11-02 23:00:00+00:00,0.20536700000000002
2025-11-03 00:00:00+00:00,0.21132675
2025-11-03 01:00:00+00:00,0.1966925
2025-11-03 02:00:00+00:00,0.17069525000000002
2025-11-03 03:00:00+00:00,0.15904049999999997
2025-11-03 04:00:00+00:00,0.1666225
2025-11-03 05:00:00+00:00,0.20079175
2025-11-03 06:00:00+00:00,0.2146055
2025-11-03 07:00:00+00:00,0.18522399999999997
2025-11-03 08:00:00+00:00,0.1339275
2025-11-03 09:00:00+00:00,0.1087045
2025-11-03 10:00:00+00:00,0.09259880000000001
2025-11-03 11:00:00+00:00,0.09187305000000001
2025-11-03 12:00:00+00:00,0.091333525
2025-11-03 13:00:00+00:00,0.090499575
2025-11-03 14:00:00+00:00,0.10598375
2025-11-03 15:00:00+00:00,0.135189
2025-11-03 16:00:00+00:00,0.15876975
2025-11-03 17:00:00+00:00,0.15567725
2025-11-03 18:00:00+00:00,0.1395795
2025-11-03 19:00:00+00:00,0.11880974999999999
2025-11-03 20:00:00+00:00,0.106446
2025-11-03 21:00:00+00:00,0.10212725
2025-11-03 22:00:00+00:00,0.10089300000000001
2025-11-03 23:00:00+00:00,0.092620975
2025-11-04 00:00:00+00:00,0.09167922499999999
2025-11-04 01:00:00+00:00,0.09337372499999999
2025-11-04 02:00:00+00:00,0.098123725
2025-11-04 03:00:00+00:00,0.10797124999999999
2025-11-04 04:00:00+00:00,0.11549875000000001
2025-11-04 05:00:00+00:00,0.136911
2025-11-04 06:00:00+00:00,0.16216925
2025-11-04 07:00:00+00:00,0.17006575
2025-11-04 08:00:00+00:00,0.15403725
2025-11-04 09:00:00+00:00,0.115955
2025-11-04 10:00:00+00:00,0.07543315
2025-11-04 11:00:00+00:00,0.060017100000000004
2025-11-04 12:00:00+00:00,0.060502675
2025-11-04 13:00:00+00:00,0.086657525
2025-11-04 14:00:00+00:00,0.15508924999999998
2025-11-04 15:00:00+00:00,0.20926
2025-11-04 16:00:00+00:00,0.2157195
2025-11-04 17:00:00+00:00,0.22152850000000002
2025-11-04 18:00:00+00:00,0.21238
2025-11-04 19:00:00+00:00,0.17401325
2025-11-04 20:00:00+00:00,0.14609
2025-11-04 21:00:00+00:00,0.13016999999999998
2025-11-04 22:00:00+00:00,0.12460875
2025-11-04 23:00:00+00:00,0.11988974999999999
2025-11-05 00:00:00+00:00,0.11905450000000001
2025-11-05 01:00:00+00:00,0.1182465
2025-11-05 02:00:00+00:00,0.12532025
2025-11-05 03:00:00+00:00,0.14060224999999998
2025-11-05 04:00:00+00:00,0.15416950000000001
2025-11-05 05:00:00+00:00,0.19197450000000002
2025-11-05 06:00:00+00:00,0.22961275
2025-11-05 07:00:00+00:00,0.2333855
2025-11-05 08:00:00+00:00,0.19481175
2025-11-05 09:00:00+00:00,0.13756374999999998
2025-11-05 10:00:00+00:00,0.0905357
2025-11-05 11:00:00+00:00,0.078155925
2025-11-05 12:00:00+00:00,0.09061975
2025-11-05 13:00:00+00:00,0.12160375
2025-11-05 14:00:00+00:00,0.17507275
2025-11-05 15:00:00+00:00,0.23129725
2025-11-05 16:00:00+00:00,0.25292899999999996
2025-11-05 17:00:00+00:00,0.25436575
2025-11-05 18:00:00+00:00,0.24626599999999998
2025-11-05 19:00:00+00:00,0.24272375000000002
2025-11-05 20:00:00+00:00,0.2292815
2025-11-05 21:00:00+00:00,0.22302825
2025-11-05 22:00:00+00:00,0.22449225
2025-11-05 23:00:00+00:00,0.23047275
2025-11-06 00:00:00+00:00,0.23424175
2025-11-06 01:00:00+00:00,0.2465635
2025-11-06 02:00:00+00:00,0.24481474999999997
2025-11-06 03:00:00+00:00,0.25479324999999997
2025-11-06 04:00:00+00:00,0.29735925
2025-11-06 05:00:00+00:00,0.3313695
2025-11-06 06:00:00+00:00,0.347149
2025-11-06 07:00:00+00:00,0.33763225
2025-11-06 08:00:00+00:00,0.2755305
2025-11-06 09:00:00+00:00,0.23944375
2025-11-06 10:00:00+00:00,0.2127985
2025-11-06 11:00:00+00:00,0.21493974999999998
2025-11-06 12:00:00+00:00,0.21830999999999998
2025-11-06 13:00:00+00:00,0.24769675000000002
2025-11-06 14:00:00+00:00,0.302121
2025-11-06 15:00:00+00:00,0.34824325
2025-11-06 16:00:00+00:00,0.37976775
2025-11-06 17:00:00+00:00,0.39182875
2025-11-06 18:00:00+00:00,0.39174400000000004
2025-11-06 19:00:00+00:00,0.3920475
2025-11-06 20:00:00+00:00,0.3886325
2025-11-06 21:00:00+00:00,0.38650975
2025-11-06 22:00:00+00:00,0.37225774999999994
2025-11-06 23:00:00+00:00,0.35869775
2025-11-07 00:00:00+00:00,0.34551099999999996
2025-11-07 01:00:00+00:00,0.34594224999999995
2025-11-07 02:00:00+00:00,0.351561
2025-11-07 03:00:00+00:00,0.35447225000000004
2025-11-07 04:00:00+00:00,0.37563525000000003
2025-11-07 05:00:00+00:00,0.3984835
2025-11-07 06:00:00+00:00,0.39901125000000004
2025-11-07 07:00:00+00:00,0.3878665
2025-11-07 08:00:00+00:00,0.3295025
2025-11-07 09:00:00+00:00,0.27056075
2025-11-07 10:00:00+00:00,0.23093875
2025-11-07 11:00:00+00:00,0.20734825
2025-11-07 12:00:00+00:00,0.20960875
2025-11-07 13:00:00+00:00,0.238618
2025-11-07 14:00:00+00:00,0.277101
2025-11-07 15:00:00+00:00,0.33249875
2025-11-07 16:00:00+00:00,0.37018249999999997
2025-11-07 17:00:00+00:00,0.3781775
2025-11-07 18:00:00+00:00,0.377483
2025-11-07 19:00:00+00:00,0.38937949999999993
2025-11-07 20:00:00+00:00,0.3964715
2025-11-07 21:00:00+00:00,0.40080174999999996
2025-11-07 22:00:00+00:00,0.40669999999999995
2025-11-07 23:00:00+00:00,0.406698
2025-11-08 00:00:00+00:00,0.406324
2025-11-08 01:00:00+00:00,0.40326799999999996
2025-11-08 02:00:00+00:00,0.39500250000000003
2025-11-08 03:00:00+00:00,0.39069974999999996
2025-11-08 04:00:00+00:00,0.394844
2025-11-08 05:00:00+00:00,0.40700025000000006
2025-11-08 06:00:00+00:00,0.414416
2025-11-08 07:00:00+00:00,0.40360399999999996
2025-11-08 08:00:00+00:00,0.3464027499999999
2025-11-08 09:00:00+00:00,0.28716125000000003
2025-11-08 10:00:00+00:00,0.2602495
2025-11-08 11:00:00+00:00,0.24137899999999998
2025-11-08 12:00:00+00:00,0.26609525
2025-11-08 13:00:00+00:00,0.2881845
2025-11-08 14:00:00+00:00,0.34733325
2025-11-08 15:00:00+00:00,0.40120200000000006
2025-11-08 16:00:00+00:00,0.4094185
2025-11-08 17:00:00+00:00,0.41092175
2025-11-08 18:00:00+00:00,0.41048675
2025-11-08 19:00:00+00:00,0.413571
2025-11-08 20:00:00+00:00,0.417339
2025-11-08 21:00:00+00:00,0.420864
2025-11-08 22:00:00+00:00,0.42225775
2025-11-08 23:00:00+00:00,0.41249725
2025-11-09 00:00:00+00:00,0.40940525000000005
2025-11-09 01:00:00+00:00,0.39661225
2025-11-09 02:00:00+00:00,0.3803275
2025-11-09 03:00:00+00:00,0.372555
2025-11-09 04:00:00+00:00,0.37573675
2025-11-09 05:00:00+00:00,0.3767875
2025-11-09 06:00:00+00:00,0.39228225
2025-11-09 07:00:00+00:00,0.39757675000000003
2025-11-09 08:00:00+00:00,0.35976375
2025-11-09 09:00:00+00:00,0.29977075
2025-11-09 10:00:00+00:00,0.25531275
2025-11-09 11:00:00+00:00,0.23402875
2025-11-09 12:00:00+00:00,0.23603924999999998
2025-11-09 13:00:00+00:00,0.24252125000000002
2025-11-09 14:00:00+00:00,0.26677625
2025-11-09 15:00:00+00:00,0.343902
2025-11-09 16:00:00+00:00,0.38146500000000005
2025-11-09 17:00:00+00:00,0.3834195
2025-11-09 18:00:00+00:00,0.37990799999999997
2025-11-09 19:00:00+00:00,0.36888475
2025-11-09 20:00:00+00:00,0.360568
2025-11-09 21:00:00+00:00,0.3523845
2025-11-09 22:00:00+00:00,0.328394
2025-11-09 23:00:00+00:00,0.30577725
2025-11-10 00:00:00+00:00,0.28466525
2025-11-10 01:00:00+00:00,0.267671
2025-11-10 02:00:00+00:00,0.25838574999999997
2025-11-10 03:00:00+00:00,0.249164
2025-11-10 04:00:00+00:00,0.26370499999999997
2025-11-10 05:00:00+00:00,0.27668000000000004
2025-11-10 06:00:00+00:00,0.278279
2025-11-10 07:00:00+00:00,0.2735575
2025-11-10 08:00:00+00:00,0.25630725
2025-11-10 09:00:00+00:00,0.23119475
2025-11-10 10:00:00+00:00,0.19552724999999999
2025-11-10 11:00:00+00:00,0.19633849999999997
2025-11-10 12:00:00+00:00,0.16986025
2025-11-10 13:00:00+00:00,0.18675475000000002
2025-11-10 14:00:00+00:00,0.2278675
2025-11-10 15:00:00+00:00,0.25553575
2025-11-10 16:00:00+00:00,0.2659585
2025-11-10 17:00:00+00:00,0.26711475
2025-11-10 18:00:00+00:00,0.255887
2025-11-10 19:00:00+00:00,0.22900774999999998
2025-11-10 20:00:00+00:00,0.20546100000000003
2025-11-10 21:00:00+00:00,0.18359575
2025-11-10 22:00:00+00:00,0.1619155
2025-11-10 23:00:00+00:00,0.13866275
2025-11-11 00:00:00+00:00,0.12864599999999998
2025-11-11 01:00:00+00:00,0.12582225
2025-11-11 02:00:00+00:00,0.12749525
2025-11-11 03:00:00+00:00,0.13269725
2025-11-11 04:00:00+00:00,0.1451385
2025-11-11 05:00:00+00:00,0.17479725
2025-11-11 06:00:00+00:00,0.21324825
2025-11-11 07:00:00+00:00,0.2349795
2025-11-11 08:00:00+00:00,0.20170725
2025-11-11 09:00:00+00:00,0.15972725
2025-11-11 10:00:00+00:00,0.13830575
2025-11-11 11:00:00+00:00,0.13404525
2025-11-11 12:00:00+00:00,0.1438645
2025-11-11 13:00:00+00:00,0.161827
2025-11-11 14:00:00+00:00,0.19171824999999998
2025-11-11 15:00:00+00:00,0.21801975
2025-11-11 16:00:00+00:00,0.23663525000000002
2025-11-11 17:00:00+00:00,0.239866
2025-11-11 18:00:00+00:00,0.2148435
2025-11-11 19:00:00+00:00,0.18415325000000002
2025-11-11 20:00:00+00:00,0.16452375
2025-11-11 21:00:00+00:00,0.14247074999999998
2025-11-11 22:00:00+00:00,0.12329425000000001
2025-11-11 23:00:00+00:00,0.110807
2025-11-12 00:00:00+00:00,0.11075800000000001
2025-11-12 01:00:00+00:00,0.10796775
2025-11-12 02:00:00+00:00,0.1090465
2025-11-12 03:00:00+00:00,0.110224
2025-11-12 04:00:00+00:00,0.11068524999999999
2025-11-12 05:00:00+00:00,0.12334025
2025-11-12 06:00:00+00:00,0.15688825
2025-11-12 07:00:00+00:00,0.161354
2025-11-12 08:00:00+00:00,0.13159625
2025-11-12 09:00:00+00:00,0.09720785
2025-11-12 10:00:00+00:00,0.07508685
2025-11-12 11:00:00+00:00,0.073115125
2025-11-12 12:00:00+00:00,0.078479525
2025-11-12 13:00:00+00:00,0.092302475
2025-11-12 14:00:00+00:00,0.1239365
2025-11-12 15:00:00+00:00,0.15438125
2025-11-12 16:00:00+00:00,0.1910425
2025-11-12 17:00:00+00:00,0.19552875
2025-11-12 18:00:00+00:00,0.1733125
2025-11-12 19:00:00+00:00,0.14899475
2025-11-12 20:00:00+00:00,0.13318325
2025-11-12 21:00:00+00:00,0.13274125
2025-11-12 22:00:00+00:00,0.13395200000000002
2025-11-12 23:00:00+00:00,0.13302525
2025-11-13 00:00:00+00:00,0.13076300000000002
2025-11-13 01:00:00+00:00,0.1283385
2025-11-13 02:00:00+00:00,0.119244
2025-11-13 03:00:00+00:00,0.11361
2025-11-13 04:00:00+00:00,0.11417225
2025-11-13 05:00:00+00:00,0.12538149999999998
2025-11-13 06:00:00+00:00,0.13561399999999998
2025-11-13 07:00:00+00:00,0.1411605
2025-11-13 08:00:00+00:00,0.1350895
2025-11-13 09:00:00+00:00,0.123754
2025-11-13 10:00:00+00:00,0.11975849999999999
2025-11-13 11:00:00+00:00,0.123
2025-11-13 12:00:00+00:00,0.14865175
2025-11-13 13:00:00+00:00,0.1833405
2025-11-13 14:00:00+00:00,0.22408899999999998
2025-11-13 15:00:00+00:00,0.27166125
2025-11-13 16:00:00+00:00,0.32384
2025-11-13 17:00:00+00:00,0.36412925
2025-11-13 18:00:00+00:00,0.38630375000000006
2025-11-13 19:00:00+00:00,0.3963175
2025-11-13 20:00:00+00:00,0.39910075
2025-11-13 21:00:00+00:00,0.4005165
2025-11-13 22:00:00+00:00,0.39641499999999996
2025-11-13 23:00:00+00:00,0.3851295
2025-11-14 00:00:00+00:00,0.35641275
2025-11-14 01:00:00+00:00,0.32377975000000003
2025-11-14 02:00:00+00:00,0.3108375
2025-11-14 03:00:00+00:00,0.304888
2025-11-14 04:00:00+00:00,0.297141
2025-11-14 05:00:00+00:00,0.28827625
2025-11-14 06:00:00+00:00,0.27368549999999997
2025-11-14 07:00:00+00:00,0.27287100000000003
2025-11-14 08:00:00+00:00,0.260925
2025-11-14 09:00:00+00:00,0.24363049999999997
2025-11-14 10:00:00+00:00,0.23845075
2025-11-14 11:00:00+00:00,0.23499224999999999
2025-11-14 12:00:00+00:00,0.23018675
2025-11-14 13:00:00+00:00,0.23375575
2025-11-14 14:00:00+00:00,0.24117500000000003
2025-11-14 15:00:00+00:00,0.24944125
2025-11-14 16:00:00+00:00,0.2507825
2025-11-14 17:00:00+00:00,0.24197074999999998
2025-11-14 18:00:00+00:00,0.22706199999999999
2025-11-14 19:00:00+00:00,0.197973
2025-11-14 20:00:00+00:00,0.17127625
2025-11-14 21:00:00+00:00,0.14432725000000002
2025-11-14 22:00:00+00:00,0.126132
2025-11-14 23:00:00+00:00,0.11321300000000001
2025-11-15 00:00:00+00:00,0.10432325
2025-11-15 01:00:00+00:00,0.10837025
2025-11-15 02:00:00+00:00,0.11801275
2025-11-15 03:00:00+00:00,0.116169
2025-11-15 04:00:00+00:00,0.12685775
2025-11-15 05:00:00+00:00,0.13396825
2025-11-15 06:00:00+00:00,0.13969849999999998
2025-11-15 07:00:00+00:00,0.1578275
2025-11-15 08:00:00+00:00,0.18736125
2025-11-15 09:00:00+00:00,0.20216725
2025-11-15 10:00:00+00:00,0.20371225
2025-11-15 11:00:00+00:00,0.20885800000000002
2025-11-15 12:00:00+00:00,0.22186825000000002
2025-11-15 13:00:00+00:00,0.24478325
2025-11-15 14:00:00+00:00,0.2690485
2025-11-15 15:00:00+00:00,0.30047775
2025-11-15 16:00:00+00:00,0.31569425
2025-11-15 17:00:00+00:00,0.31347775
2025-11-15 18:00:00+00:00,0.30190925
2025-11-15 19:00:00+00:00,0.2999515
2025-11-15 20:00:00+00:00,0.30791075
2025-11-15 21:00:00+00:00,0.31263875
2025-11-15 22:00:00+00:00,0.31868825
2025-11-15 23:00:00+00:00,0.32902875
2025-11-16 00:00:00+00:00,0.33371825
2025-11-16 01:00:00+00:00,0.3137605
2025-11-16 02:00:00+00:00,0.28659225
2025-11-16 03:00:00+00:00,0.2724535
2025-11-16 04:00:00+00:00,0.2672625
2025-11-16 05:00:00+00:00,0.27530825
2025-11-16 06:00:00+00:00,0.2796235
2025-11-16 07:00:00+00:00,0.287111
2025-11-16 08:00:00+00:00,0.29119625
2025-11-16 09:00:00+00:00,0.28438175
2025-11-16 10:00:00+00:00,0.27934099999999995
2025-11-16 11:00:00+00:00,0.28113774999999996
2025-11-16 12:00:00+00:00,0.2711785
2025-11-16 13:00:00+00:00,0.269279
2025-11-16 14:00:00+00:00,0.26928525
2025-11-16 15:00:00+00:00,0.31450374999999997
2025-11-16 16:00:00+00:00,0.34274974999999996
2025-11-16 17:00:00+00:00,0.353597
2025-11-16 18:00:00+00:00,0.35319475
2025-11-16 19:00:00+00:00,0.35654050000000004
2025-11-16 20:00:00+00:00,0.3459715
2025-11-16 21:00:00+00:00,0.33133624999999994
2025-11-16 22:00:00+00:00,0.279786
2025-11-16 23:00:00+00:00,0.2369755
2025-11-17 00:00:00+00:00,0.21345925
2025-11-17 01:00:00+00:00,0.1979415
2025-11-17 02:00:00+00:00,0.17471675
2025-11-17 03:00:00+00:00,0.160313
2025-11-17 04:00:00+00:00,0.16712700000000003
2025-11-17 05:00:00+00:00,0.198099
2025-11-17 06:00:00+00:00,0.21647924999999998
2025-11-17 07:00:00+00:00,0.2185445
2025-11-17 08:00:00+00:00,0.21692825
2025-11-17 09:00:00+00:00,0.183636
2025-11-17 10:00:00+00:00,0.133184
2025-11-17 11:00:00+00:00,0.104166
2025-11-17 12:00:00+00:00,0.1129465
2025-11-17 13:00:00+00:00,0.14948275
2025-11-17 14:00:00+00:00,0.20054925
2025-11-17 15:00:00+00:00,0.28214174999999997
2025-11-17 16:00:00+00:00,0.31436074999999997
2025-11-17 17:00:00+00:00,0.33451575
2025-11-17 18:00:00+00:00,0.34872025
2025-11-17 19:00:00+00:00,0.35126274999999996
2025-11-17 20:00:00+00:00,0.3575555
2025-11-17 21:00:00+00:00,0.34584724999999994
2025-11-17 22:00:00+00:00,0.308381
2025-11-17 23:00:00+00:00,0.30436225
2025-11-18 00:00:00+00:00,0.27147325
2025-11-18 01:00:00+00:00,0.24318725
2025-11-18 02:00:00+00:00,0.23526125
2025-11-18 03:00:00+00:00,0.24196700000000002
2025-11-18 04:00:00+00:00,0.24006450000000001
2025-11-18 05:00:00+00:00,0.26540625
2025-11-18 06:00:00+00:00,0.29539125
2025-11-18 07:00:00+00:00,0.295428
2025-11-18 08:00:00+00:00,0.281785
2025-11-18 09:00:00+00:00,0.2511235
2025-11-18 10:00:00+00:00,0.23131425
2025-11-18 11:00:00+00:00,0.22493549999999998
2025-11-18 12:00:00+00:00,0.2170995
2025-11-18 13:00:00+00:00,0.24206100000000003
2025-11-18 14:00:00+00:00,0.27108125
2025-11-18 15:00:00+00:00,0.28993975
2025-11-18 16:00:00+00:00,0.31200550000000005
2025-11-18 17:00:00+00:00,0.3002825
2025-11-18 18:00:00+00:00,0.300132
2025-11-18 19:00:00+00:00,0.29681525
2025-11-18 20:00:00+00:00,0.29489475000000004
2025-11-18 21:00:00+00:00,0.2923235
2025-11-18 22:00:00+00:00,0.29214325
2025-11-18 23:00:00+00:00,0.26260025000000004
2025-11-19 00:00:00+00:00,0.2312025
2025-11-19 01:00:00+00:00,0.22090375
2025-11-19 02:00:00+00:00,0.216363
2025-11-19 03:00:00+00:00,0.22521524999999998
2025-11-19 04:00:00+00:00,0.25418375
2025-11-19 05:00:00+00:00,0.29893625
2025-11-19 06:00:00+00:00,0.31715875
2025-11-19 07:00:00+00:00,0.32037950000000004
2025-11-19 08:00:00+00:00,0.32871675
2025-11-19 09:00:00+00:00,0.31881125000000005
2025-11-19 10:00:00+00:00,0.3128155
2025-11-19 11:00:00+00:00,0.29498775
2025-11-19 12:00:00+00:00,0.27640825
2025-11-19 13:00:00+00:00,0.27626999999999996
2025-11-19 14:00:00+00:00,0.27088825
2025-11-19 15:00:00+00:00,0.27407625
2025-11-19 16:00:00+00:00,0.274537
2025-11-19 17:00:00+00:00,0.2680755
2025-11-19 18:00:00+00:00,0.2617515
2025-11-19 19:00:00+00:00,0.25925
2025-11-19 20:00:00+00:00,0.28172025
2025-11-19 21:00:00+00:00,0.29749000000000003
2025-11-19 22:00:00+00:00,0.30691675
2025-11-19 23:00:00+00:00,0.32513824999999996
2025-11-20 00:00:00+00:00,0.299065
2025-11-20 01:00:00+00:00,0.30377699999999996
2025-11-20 02:00:00+00:00,0.31606
2025-11-20 03:00:00+00:00,0.346777
2025-11-20 04:00:00+00:00,0.36842975
2025-11-20 05:00:00+00:00,0.35848125
2025-11-20 06:00:00+00:00,0.35734175
2025-11-20 07:00:00+00:00,0.357537
2025-11-20 08:00:00+00:00,0.30970825
2025-11-20 09:00:00+00:00,0.300743
2025-11-20 10:00:00+00:00,0.27852575
2025-11-20 11:00:00+00:00,0.287717
2025-11-20 12:00:00+00:00,0.29035299999999997
2025-11-20 13:00:00+00:00,0.303856
2025-11-20 14:00:00+00:00,0.34030400000000005
2025-11-20 15:00:00+00:00,0.354433
2025-11-20 16:00:00+00:00,0.3580335
2025-11-20 17:00:00+00:00,0.36885175000000003
2025-11-20 18:00:00+00:00,0.367869
2025-11-20 19:00:00+00:00,0.370104
2025-11-20 20:00:00+00:00,0.36119825
2025-11-20 21:00:00+00:00,0.371008
2025-11-20 22:00:00+00:00,0.38168375000000004
2025-11-20 23:00:00+00:00,0.36686625000000006
2025-11-21 00:00:00+00:00,0.37097675
2025-11-21 01:00:00+00:00,0.37295175
2025-11-21 02:00:00+00:00,0.37098125
2025-11-21 03:00:00+00:00,0.359896
2025-11-21 04:00:00+00:00,0.36271075
2025-11-21 05:00:00+00:00,0.37302549999999995
2025-11-21 06:00:00+00:00,0.37503125
2025-11-21 07:00:00+00:00,0.36873525
2025-11-21 08:00:00+00:00,0.2904785
2025-11-21 09:00:00+00:00,0.24955675
2025-11-21 10:00:00+00:00,0.253114
2025-11-21 11:00:00+00:00,0.251378
2025-11-21 12:00:00+00:00,0.25226125
2025-11-21 13:00:00+00:00,0.26930525
2025-11-21 14:00:00+00:00,0.29735075
2025-11-21 15:00:00+00:00,0.374191
2025-11-21 16:00:00+00:00,0.3855475
2025-11-21 17:00:00+00:00,0.38731649999999995
2025-11-21 18:00:00+00:00,0.378225
2025-11-21 19:00:00+00:00,0.377905
2025-11-21 20:00:00+00:00,0.37690650000000003
2025-11-21 21:00:00+00:00,0.38686924999999994
2025-11-21 22:00:00+00:00,0.36767275
2025-11-21 23:00:00+00:00,0.34182175000000004
2025-11-22 00:00:00+00:00,0.3125915
2025-11-22 01:00:00+00:00,0.268637
2025-11-22 02:00:00+00:00,0.2371505
2025-11-22 03:00:00+00:00,0.2198385
2025-11-22 04:00:00+00:00,0.2164815
2025-11-22 05:00:00+00:00,0.2155845
2025-11-22 06:00:00+00:00,0.21377500000000002
2025-11-22 07:00:00+00:00,0.21415099999999998
2025-11-22 08:00:00+00:00,0.17415975
2025-11-22 09:00:00+00:00,0.15003624999999998
2025-11-22 10:00:00+00:00,0.12160925
2025-11-22 11:00:00+00:00,0.10485024999999999
2025-11-22 12:00:00+00:00,0.10255975
2025-11-22 13:00:00+00:00,0.11434475
2025-11-22 14:00:00+00:00,0.14313925
2025-11-22 15:00:00+00:00,0.198683
2025-11-22 16:00:00+00:00,0.20970225000000003
2025-11-22 17:00:00+00:00,0.2072485
2025-11-22 18:00:00+00:00,0.19573625
2025-11-22 19:00:00+00:00,0.183508
2025-11-22 20:00:00+00:00,0.169528
2025-11-22 21:00:00+00:00,0.1533135
2025-11-22 22:00:00+00:00,0.14102825
2025-11-22 23:00:00+00:00,0.12793625
2025-11-23 00:00:00+00:00,0.12179275
2025-11-23 01:00:00+00:00,0.12025775
2025-11-23 02:00:00+00:00,0.12716
2025-11-23 03:00:00+00:00,0.12613025
2025-11-23 04:00:00+00:00,0.13053974999999998
2025-11-23 05:00:00+00:00,0.13306674999999998
2025-11-23 06:00:00+00:00,0.13384574999999999
2025-11-23 07:00:00+00:00,0.135713
2025-11-23 08:00:00+00:00,0.12923375
2025-11-23 09:00:00+00:00,0.11794625
2025-11-23 10:00:00+00:00,0.10423025
2025-11-23 11:00:00+00:00,0.102463
2025-11-23 12:00:00+00:00,0.10859625
2025-11-23 13:00:00+00:00,0.11989074999999999
2025-11-23 14:00:00+00:00,0.13733025
2025-11-23 15:00:00+00:00,0.1521735
2025-11-23 16:00:00+00:00,0.17588275000000003
2025-11-23 17:00:00+00:00,0.1827695
2025-11-23 18:00:00+00:00,0.17213374999999997
2025-11-23 19:00:00+00:00,0.15661699999999998
2025-11-23 20:00:00+00:00,0.14375225
2025-11-23 21:00:00+00:00,0.141957
2025-11-23 22:00:00+00:00,0.14228649999999998
2025-11-23 23:00:00+00:00,0.1359775
2025-11-24 00:00:00+00:00,0.141189
2025-11-24 01:00:00+00:00,0.14952375
2025-11-24 02:00:00+00:00,0.153632
2025-11-24 03:00:00+00:00,0.17936875
2025-11-24 04:00:00+00:00,0.21563000000000002
2025-11-24 05:00:00+00:00,0.26514475000000004
2025-11-24 06:00:00+00:00,0.28212225
2025-11-24 07:00:00+00:00,0.2848085
2025-11-24 08:00:00+00:00,0.27945825
2025-11-24 09:00:00+00:00,0.26186149999999997
2025-11-24 10:00:00+00:00,0.2425185
2025-11-24 11:00:00+00:00,0.24727375000000001
2025-11-24 12:00:00+00:00,0.26153925
2025-11-24 13:00:00+00:00,0.298637
2025-11-24 14:00:00+00:00,0.349939
2025-11-24 15:00:00+00:00,0.39220374999999996
2025-11-24 16:00:00+00:00,0.4037575
2025-11-24 17:00:00+00:00,0.40911
2025-11-24 18:00:00+00:00,0.40846075000000004
2025-11-24 19:00:00+00:00,0.406559
2025-11-24 20:00:00+00:00,0.40359025000000004
2025-11-24 21:00:00+00:00,0.3990475
2025-11-24 22:00:00+00:00,0.40211149999999996
2025-11-24 23:00:00+00:00,0.4008215
2025-11-25 00:00:00+00:00,0.39268925
2025-11-25 01:00:00+00:00,0.39011275
2025-11-25 02:00:00+00:00,0.374944
2025-11-25 03:00:00+00:00,0.32938775000000003
2025-11-25 04:00:00+00:00,0.30848575
2025-11-25 05:00:00+00:00,0.30697675
2025-11-25 06:00:00+00:00,0.3109
2025-11-25 07:00:00+00:00,0.3046855
2025-11-25 08:00:00+00:00,0.292554
2025-11-25 09:00:00+00:00,0.27591525
2025-11-25 10:00:00+00:00,0.2632555
2025-11-25 11:00:00+00:00,0.25350975
2025-11-25 12:00:00+00:00,0.24245150000000001
2025-11-25 13:00:00+00:00,0.25905
2025-11-25 14:00:00+00:00,0.27759199999999995
2025-11-25 15:00:00+00:00,0.301218
2025-11-25 16:00:00+00:00,0.31113
2025-11-25 17:00:00+00:00,0.31300675
2025-11-25 18:00:00+00:00,0.31360275
2025-11-25 19:00:00+00:00,0.31468625
2025-11-25 20:00:00+00:00,0.313923
2025-11-25 21:00:00+00:00,0.3125705
2025-11-25 22:00:00+00:00,0.315822
2025-11-25 23:00:00+00:00,0.31755500000000003
2025-11-26 00:00:00+00:00,0.32255025
2025-11-26 01:00:00+00:00,0.32835475000000003
2025-11-26 02:00:00+00:00,0.34103724999999996
2025-11-26 03:00:00+00:00,0.3525965
2025-11-26 04:00:00+00:00,0.37061175
2025-11-26 05:00:00+00:00,0.382697
2025-11-26 06:00:00+00:00,0.39204075
2025-11-26 07:00:00+00:00,0.39831925
2025-11-26 08:00:00+00:00,0.37908050000000004
2025-11-26 09:00:00+00:00,0.339486
2025-11-26 10:00:00+00:00,0.3212975
2025-11-26 11:00:00+00:00,0.30841625
2025-11-26 12:00:00+00:00,0.300677
2025-11-26 13:00:00+00:00,0.31146825
2025-11-26 14:00:00+00:00,0.34677874999999997
2025-11-26 15:00:00+00:00,0.39785475
2025-11-26 16:00:00+00:00,0.40225125
2025-11-26 17:00:00+00:00,0.39788775
2025-11-26 18:00:00+00:00,0.38227325
2025-11-26 19:00:00+00:00,0.3659805
2025-11-26 20:00:00+00:00,0.35137
2025-11-26 21:00:00+00:00,0.331012
2025-11-26 22:00:00+00:00,0.31221875
2025-11-26 23:00:00+00:00,0.271156
2025-11-27 00:00:00+00:00,0.21402549999999998
2025-11-27 01:00:00+00:00,0.18452425
2025-11-27 02:00:00+00:00,0.17783825
2025-11-27 03:00:00+00:00,0.16807300000000003
2025-11-27 04:00:00+00:00,0.16764975
2025-11-27 05:00:00+00:00,0.17835125000000002
2025-11-27 06:00:00+00:00,0.19877699999999998
2025-11-27 07:00:00+00:00,0.20433825
2025-11-27 08:00:00+00:00,0.198907
2025-11-27 09:00:00+00:00,0.19097899999999998
2025-11-27 10:00:00+00:00,0.188216
2025-11-27 11:00:00+00:00,0.18569525
2025-11-27 12:00:00+00:00,0.18757925
2025-11-27 13:00:00+00:00,0.19233625
2025-11-27 14:00:00+00:00,0.19559775000000001
2025-11-27 15:00:00+00:00,0.198177
2025-11-27 16:00:00+00:00,0.19682675
2025-11-27 17:00:00+00:00,0.1935675
2025-11-27 18:00:00+00:00,0.1875945
2025-11-27 19:00:00+00:00,0.17285100000000003
2025-11-27 20:00:00+00:00,0.15343474999999998
2025-11-27 21:00:00+00:00,0.133081
2025-11-27 22:00:00+00:00,0.11743999999999999
2025-11-27 23:00:00+00:00,0.09888617499999999
2025-11-28 00:00:00+00:00,0.09927615
2025-11-28 01:00:00+00:00,0.09953179999999999
2025-11-28 02:00:00+00:00,0.09980725000000001
2025-11-28 03:00:00+00:00,0.10240274999999999
2025-11-28 04:00:00+00:00,0.109763
2025-11-28 05:00:00+00:00,0.14945875000000003
2025-11-28 06:00:00+00:00,0.22368949999999999
2025-11-28 07:00:00+00:00,0.25482925
2025-11-28 08:00:00+00:00,0.263591
2025-11-28 09:00:00+00:00,0.24186075
2025-11-28 10:00:00+00:00,0.22398875
2025-11-28 11:00:00+00:00,0.21849849999999998
2025-11-28 12:00:00+00:00,0.21313175
2025-11-28 13:00:00+00:00,0.21072174999999999
2025-11-28 14:00:00+00:00,0.22469675
2025-11-28 15:00:00+00:00,0.23609425
2025-11-28 16:00:00+00:00,0.23365350000000001
2025-11-28 17:00:00+00:00,0.2285765
2025-11-28 18:00:00+00:00,0.224894
2025-11-28 19:00:00+00:00,0.20151625
2025-11-28 20:00:00+00:00,0.167011
2025-11-28 21:00:00+00:00,0.15422675
2025-11-28 22:00:00+00:00,0.15219549999999998
2025-11-28 23:00:00+00:00,0.1621475
2025-11-29 00:00:00+00:00,0.17403425
2025-11-29 01:00:00+00:00,0.18912
2025-11-29 02:00:00+00:00,0.2040755
2025-11-29 03:00:00+00:00,0.19757550000000001
2025-11-29 04:00:00+00:00,0.18920225000000002
2025-11-29 05:00:00+00:00,0.19512875
2025-11-29 06:00:00+00:00,0.21246975
2025-11-29 07:00:00+00:00,0.2195045
2025-11-29 08:00:00+00:00,0.20395149999999998
2025-11-29 09:00:00+00:00,0.19084625
2025-11-29 10:00:00+00:00,0.16871075
2025-11-29 11:00:00+00:00,0.15286125
2025-11-29 12:00:00+00:00,0.15715475
2025-11-29 13:00:00+00:00,0.163399
2025-11-29 14:00:00+00:00,0.1844
2025-11-29 15:00:00+00:00,0.21121450000000003
2025-11-29 16:00:00+00:00,0.21234925
2025-11-29 17:00:00+00:00,0.21103300000000003
2025-11-29 18:00:00+00:00,0.19728674999999998
2025-11-29 19:00:00+00:00,0.17579050000000002
2025-11-29 20:00:00+00:00,0.17143925
2025-11-29 21:00:00+00:00,0.1641405
2025-11-29 22:00:00+00:00,0.14832425000000002
2025-11-29 23:00:00+00:00,0.13116124999999998
2025-11-30 00:00:00+00:00,0.12544175
2025-11-30 01:00:00+00:00,0.12566299999999997
2025-11-30 02:00:00+00:00,0.12582875
2025-11-30 03:00:00+00:00,0.12021825
2025-11-30 04:00:00+00:00,0.1238705
2025-11-30 05:00:00+00:00,0.124974
2025-11-30 06:00:00+00:00,0.13354424999999998
2025-11-30 07:00:00+00:00,0.14807075
2025-11-30 08:00:00+00:00,0.15485575000000001
2025-11-30 09:00:00+00:00,0.13039725
2025-11-30 10:00:00+00:00,0.09533687499999999
2025-11-30 11:00:00+00:00,0.1027229
2025-11-30 12:00:00+00:00,0.12034149999999999
2025-11-30 13:00:00+00:00,0.14681975
2025-11-30 14:00:00+00:00,0.18464975
2025-11-30 15:00:00+00:00,0.235271
2025-11-30 16:00:00+00:00,0.25589
2025-11-30 17:00:00+00:00,0.26714775
2025-11-30 18:00:00+00:00,0.26978925
2025-11-30 19:00:00+00:00,0.28022925
2025-11-30 20:00:00+00:00,0.27771875
2025-11-30 21:00:00+00:00,0.27961199999999997
2025-11-30 22:00:00+00:00,0.26637925
2025-11-30 23:00:00+00:00,0.24436724999999998
2025-12-01 00:00:00+00:00,0.213789
2025-12-01 01:00:00+00:00,0.1903055
2025-12-01 02:00:00+00:00,0.16672675
2025-12-01 03:00:00+00:00,0.15844175
2025-12-01 04:00:00+00:00,0.1580115
2025-12-01 05:00:00+00:00,0.180213
2025-12-01 06:00:00+00:00,0.19808825
2025-12-01 07:00:00+00:00,0.20531600000000003
2025-12-01 08:00:00+00:00,0.18438349999999998
2025-12-01 09:00:00+00:00,0.15945750000000003
2025-12-01 10:00:00+00:00,0.1497955
2025-12-01 11:00:00+00:00,0.142936
2025-12-01 12:00:00+00:00,0.1476665
2025-12-01 13:00:00+00:00,0.162162
2025-12-01 14:00:00+00:00,0.176286
2025-12-01 15:00:00+00:00,0.187871
2025-12-01 16:00:00+00:00,0.19020375
2025-12-01 17:00:00+00:00,0.18163799999999997
2025-12-01 18:00:00+00:00,0.1697965
2025-12-01 19:00:00+00:00,0.15816950000000002
2025-12-01 20:00:00+00:00,0.1400155
2025-12-01 21:00:00+00:00,0.13161825
2025-12-01 22:00:00+00:00,0.1191575
2025-12-01 23:00:00+00:00,0.10054592500000001
2025-12-02 00:00:00+00:00,0.097717975
2025-12-02 01:00:00+00:00,0.09815015
2025-12-02 02:00:00+00:00,0.10018305
2025-12-02 03:00:00+00:00,0.1057865
2025-12-02 04:00:00+00:00,0.11284925
2025-12-02 05:00:00+00:00,0.13722825
2025-12-02 06:00:00+00:00,0.17896675
2025-12-02 07:00:00+00:00,0.20536749999999998
2025-12-02 08:00:00+00:00,0.21042349999999999
2025-12-02 09:00:00+00:00,0.20459825
2025-12-02 10:00:00+00:00,0.20531125
2025-12-02 11:00:00+00:00,0.214311
2025-12-02 12:00:00+00:00,0.22376925
2025-12-02 13:00:00+00:00,0.25867450000000003
2025-12-02 14:00:00+00:00,0.29620175
2025-12-02 15:00:00+00:00,0.32472975
2025-12-02 16:00:00+00:00,0.33501075
2025-12-02 17:00:00+00:00,0.34203975000000003
2025-12-02 18:00:00+00:00,0.3465455
2025-12-02 19:00:00+00:00,0.3474285
2025-12-02 20:00:00+00:00,0.354847
2025-12-02 21:00:00+00:00,0.36105925
2025-12-02 22:00:00+00:00,0.36661449999999995
2025-12-02 23:00:00+00:00,0.37108074999999996
2025-12-03 00:00:00+00:00,0.36842575000000005
2025-12-03 01:00:00+00:00,0.36659825
2025-12-03 02:00:00+00:00,0.36994350000000004
2025-12-03 03:00:00+00:00,0.3665555
2025-12-03 04:00:00+00:00,0.36502350000000006
2025-12-03 05:00:00+00:00,0.37389875000000006
2025-12-03 06:00:00+00:00,0.37501075
2025-12-03 07:00:00+00:00,0.37395500000000004
2025-12-03 08:00:00+00:00,0.367981
2025-12-03 09:00:00+00:00,0.34993224999999994
2025-12-03 10:00:00+00:00,0.33489575000000005
2025-12-03 11:00:00+00:00,0.325565
2025-12-03 12:00:00+00:00,0.31641850000000005
2025-12-03 13:00:00+00:00,0.32925424999999997
2025-12-03 14:00:00+00:00,0.343382
2025-12-03 15:00:00+00:00,0.3612405
2025-12-03 16:00:00+00:00,0.36887725000000005
2025-12-03 17:00:00+00:00,0.36609474999999997
2025-12-03 18:00:00+00:00,0.364821
2025-12-03 19:00:00+00:00,0.36064
2025-12-03 20:00:00+00:00,0.36121575
2025-12-03 21:00:00+00:00,0.35863174999999997
2025-12-03 22:00:00+00:00,0.354555
2025-12-03 23:00:00+00:00,0.35903825
2025-12-04 00:00:00+00:00,0.34709175
2025-12-04 01:00:00+00:00,0.33655925
2025-12-04 02:00:00+00:00,0.33075375
2025-12-04 03:00:00+00:00,0.327855
2025-12-04 04:00:00+00:00,0.32256324999999997
2025-12-04 05:00:00+00:00,0.32564150000000003
2025-12-04 06:00:00+00:00,0.323951
2025-12-04 07:00:00+00:00,0.31949399999999994
2025-12-04 08:00:00+00:00,0.30029025000000004
2025-12-04 09:00:00+00:00,0.2669285
2025-12-04 10:00:00+00:00,0.23274574999999997
2025-12-04 11:00:00+00:00,0.20880825
2025-12-04 12:00:00+00:00,0.20212825
2025-12-04 13:00:00+00:00,0.2246065
2025-12-04 14:00:00+00:00,0.25967025
2025-12-04 15:00:00+00:00,0.279158
2025-12-04 16:00:00+00:00,0.27575574999999997
2025-12-04 17:00:00+00:00,0.27054849999999997
2025-12-04 18:00:00+00:00,0.27221
2025-12-04 19:00:00+00:00,0.28373149999999997
2025-12-04 20:00:00+00:00,0.30264699999999994
2025-12-04 21:00:00+00:00,0.314878
2025-12-04 22:00:00+00:00,0.32567525
2025-12-04 23:00:00+00:00,0.33718400000000004
2025-12-05 00:00:00+00:00,0.34263125
2025-12-05 01:00:00+00:00,0.3509875
2025-12-05 02:00:00+00:00,0.353472
2025-12-05 03:00:00+00:00,0.35996825
2025-12-05 04:00:00+00:00,0.37059425
2025-12-05 05:00:00+00:00,0.38475174999999995
2025-12-05 06:00:00+00:00,0.38696699999999995
2025-12-05 07:00:00+00:00,0.38291949999999997
2025-12-05 08:00:00+00:00,0.369241
2025-12-05 09:00:00+00:00,0.3435425
2025-12-05 10:00:00+00:00,0.3315505
2025-12-05 11:00:00+00:00,0.32200075
2025-12-05 12:00:00+00:00,0.32208875
2025-12-05 13:00:00+00:00,0.32014075
2025-12-05 14:00:00+00:00,0.32743425000000004
2025-12-05 15:00:00+00:00,0.32429749999999996
2025-12-05 16:00:00+00:00,0.31162724999999997
2025-12-05 17:00:00+00:00,0.29718975000000003
2025-12-05 18:00:00+00:00,0.28622175
2025-12-05 19:00:00+00:00,0.26702349999999997
2025-12-05 20:00:00+00:00,0.241445
2025-12-05 21:00:00+00:00,0.21126725000000002
2025-12-05 22:00:00+00:00,0.1820905
2025-12-05 23:00:00+00:00,0.14108700000000002
2025-12-06 00:00:00+00:00,0.11080699999999999
2025-12-06 01:00:00+00:00,0.10832575
2025-12-06 02:00:00+00:00,0.10526175000000002
2025-12-06 03:00:00+00:00,0.10677550000000001
2025-12-06 04:00:00+00:00,0.10215650000000001
2025-12-06 05:00:00+00:00,0.10675675000000001
2025-12-06 06:00:00+00:00,0.11639975
2025-12-06 07:00:00+00:00,0.12368875
2025-12-06 08:00:00+00:00,0.13051374999999998
2025-12-06 09:00:00+00:00,0.1344145
2025-12-06 10:00:00+00:00,0.12589199999999998
2025-12-06 11:00:00+00:00,0.11839525
2025-12-06 12:00:00+00:00,0.11600150000000001
2025-12-06 13:00:00+00:00,0.109923
2025-12-06 14:00:00+00:00,0.11550225
2025-12-06 15:00:00+00:00,0.12583125
2025-12-06 16:00:00+00:00,0.1269555
2025-12-06 17:00:00+00:00,0.1175465
2025-12-06 18:00:00+00:00,0.107367
2025-12-06 19:00:00+00:00,0.10395525
2025-12-06 20:00:00+00:00,0.1014497
2025-12-06 21:00:00+00:00,0.0972443
2025-12-06 22:00:00+00:00,0.092689775
2025-12-06 23:00:00+00:00,0.08507315000000001
2025-12-07 00:00:00+00:00,0.086368975
2025-12-07 01:00:00+00:00,0.08572787500000001
2025-12-07 02:00:00+00:00,0.0937307
2025-12-07 03:00:00+00:00,0.10144910000000001
2025-12-07 04:00:00+00:00,0.11826149999999999
2025-12-07 05:00:00+00:00,0.1366415
2025-12-07 06:00:00+00:00,0.16091275
2025-12-07 07:00:00+00:00,0.17991025000000002
2025-12-07 08:00:00+00:00,0.2068815
2025-12-07 09:00:00+00:00,0.21486624999999998
2025-12-07 10:00:00+00:00,0.2120465
2025-12-07 11:00:00+00:00,0.21124575
2025-12-07 12:00:00+00:00,0.21155900000000002
2025-12-07 13:00:00+00:00,0.21415399999999998
2025-12-07 14:00:00+00:00,0.21699725
2025-12-07 15:00:00+00:00,0.20785275
2025-12-07 16:00:00+00:00,0.19157900000000003
2025-12-07 17:00:00+00:00,0.16590300000000002
2025-12-07 18:00:00+00:00,0.13117099999999998
2025-12-07 19:00:00+00:00,0.1044588
2025-12-07 20:00:00+00:00,0.08777597499999999
2025-12-07 21:00:00+00:00,0.0761979
2025-12-07 22:00:00+00:00,0.067646175
2025-12-07 23:00:00+00:00,0.063566425
2025-12-08 00:00:00+00:00,0.06155525
2025-12-08 01:00:00+00:00,0.0653414
2025-12-08 02:00:00+00:00,0.07269379999999999
2025-12-08 03:00:00+00:00,0.076102625
2025-12-08 04:00:00+00:00,0.0859499
2025-12-08 05:00:00+00:00,0.10675242499999998
2025-12-08 06:00:00+00:00,0.13851375
2025-12-08 07:00:00+00:00,0.1634965
2025-12-08 08:00:00+00:00,0.1584275
2025-12-08 09:00:00+00:00,0.13986949999999998
2025-12-08 10:00:00+00:00,0.12424
2025-12-08 11:00:00+00:00,0.12636250000000002
2025-12-08 12:00:00+00:00,0.139596
2025-12-08 13:00:00+00:00,0.148833
2025-12-08 14:00:00+00:00,0.15474074999999998
2025-12-08 15:00:00+00:00,0.17065625
2025-12-08 16:00:00+00:00,0.18210274999999998
2025-12-08 17:00:00+00:00,0.18523374999999997
2025-12-08 18:00:00+00:00,0.18135125000000002
2025-12-08 19:00:00+00:00,0.1687575
2025-12-08 20:00:00+00:00,0.14695225
2025-12-08 21:00:00+00:00,0.1428675
2025-12-08 22:00:00+00:00,0.14642375000000002
2025-12-08 23:00:00+00:00,0.14124075
2025-12-09 00:00:00+00:00,0.13286875
2025-12-09 01:00:00+00:00,0.13035125
2025-12-09 02:00:00+00:00,0.13246825
2025-12-09 03:00:00+00:00,0.13384275
2025-12-09 04:00:00+00:00,0.14817825
2025-12-09 05:00:00+00:00,0.19693275
2025-12-09 06:00:00+00:00,0.22769125
2025-12-09 07:00:00+00:00,0.22879825
2025-12-09 08:00:00+00:00,0.22538599999999998
2025-12-09 09:00:00+00:00,0.21648125000000001
2025-12-09 10:00:00+00:00,0.1901505
2025-12-09 11:00:00+00:00,0.1706745
2025-12-09 12:00:00+00:00,0.17054125
2025-12-09 13:00:00+00:00,0.17935875
2025-12-09 14:00:00+00:00,0.1918735
2025-12-09 15:00:00+00:00,0.19916325
2025-12-09 16:00:00+00:00,0.19292675
2025-12-09 17:00:00+00:00,0.18477100000000002
2025-12-09 18:00:00+00:00,0.17752725
2025-12-09 19:00:00+00:00,0.13915175
2025-12-09 20:00:00+00:00,0.1063475
2025-12-09 21:00:00+00:00,0.087392475
2025-12-09 22:00:00+00:00,0.077527375
2025-12-09 23:00:00+00:00,0.07399835
2025-12-10 00:00:00+00:00,0.072468875
2025-12-10 01:00:00+00:00,0.0733869
2025-12-10 02:00:00+00:00,0.07784475
2025-12-10 03:00:00+00:00,0.08539267500000002
2025-12-10 04:00:00+00:00,0.09700825
2025-12-10 05:00:00+00:00,0.1251855
2025-12-10 06:00:00+00:00,0.17660575
2025-12-10 07:00:00+00:00,0.1955375
2025-12-10 08:00:00+00:00,0.19357525000000003
2025-12-10 09:00:00+00:00,0.16370900000000002
2025-12-10 10:00:00+00:00,0.141812
2025-12-10 11:00:00+00:00,0.13898275000000002
2025-12-10 12:00:00+00:00,0.13178525
2025-12-10 13:00:00+00:00,0.1376195
2025-12-10 14:00:00+00:00,0.15750124999999998
2025-12-10 15:00:00+00:00,0.17851825000000002
2025-12-10 16:00:00+00:00,0.18763775000000002
2025-12-10 17:00:00+00:00,0.18916624999999998
2025-12-10 18:00:00+00:00,0.19217274999999998
2025-12-10 19:00:00+00:00,0.18493575
2025-12-10 20:00:00+00:00,0.16563475
2025-12-10 21:00:00+00:00,0.152046
2025-12-10 22:00:00+00:00,0.1288295
2025-12-10 23:00:00+00:00,0.12910875
2025-12-11 00:00:00+00:00,0.13259275
2025-12-11 01:00:00+00:00,0.13285175
2025-12-11 02:00:00+00:00,0.13567099999999999
2025-12-11 03:00:00+00:00,0.1390745
2025-12-11 04:00:00+00:00,0.16031125
2025-12-11 05:00:00+00:00,0.19686275
2025-12-11 06:00:00+00:00,0.23311675
2025-12-11 07:00:00+00:00,0.23939975
2025-12-11 08:00:00+00:00,0.2229625
2025-12-11 09:00:00+00:00,0.19991525
2025-12-11 10:00:00+00:00,0.18161325
2025-12-11 11:00:00+00:00,0.16615200000000002
2025-12-11 12:00:00+00:00,0.17231425
2025-12-11 13:00:00+00:00,0.19918049999999998
2025-12-11 14:00:00+00:00,0.23002650000000002
2025-12-11 15:00:00+00:00,0.26949425000000005
2025-12-11 16:00:00+00:00,0.26851274999999997
2025-12-11 17:00:00+00:00,0.254131
2025-12-11 18:00:00+00:00,0.24812299999999998
2025-12-11 19:00:00+00:00,0.250489
2025-12-11 20:00:00+00:00,0.265544
2025-12-11 21:00:00+00:00,0.2793835
2025-12-11 22:00:00+00:00,0.29328475
2025-12-11 23:00:00+00:00,0.31171150000000003
2025-12-12 00:00:00+00:00,0.3199535
2025-12-12 01:00:00+00:00,0.31660125000000006
2025-12-12 02:00:00+00:00,0.29646325
2025-12-12 03:00:00+00:00,0.28124125
2025-12-12 04:00:00+00:00,0.28165124999999996
2025-12-12 05:00:00+00:00,0.296287
2025-12-12 06:00:00+00:00,0.31335450000000004
2025-12-12 07:00:00+00:00,0.32261025
2025-12-12 08:00:00+00:00,0.33292175
2025-12-12 09:00:00+00:00,0.326983
2025-12-12 10:00:00+00:00,0.320079
2025-12-12 11:00:00+00:00,0.31331375
2025-12-12 12:00:00+00:00,0.31759875
2025-12-12 13:00:00+00:00,0.32673474999999996
2025-12-12 14:00:00+00:00,0.33328800000000003
2025-12-12 15:00:00+00:00,0.34118275
2025-12-12 16:00:00+00:00,0.33716725000000003
2025-12-12 17:00:00+00:00,0.3337285
2025-12-12 18:00:00+00:00,0.3230115
2025-12-12 19:00:00+00:00,0.308389
2025-12-12 20:00:00+00:00,0.28900075000000003
2025-12-12 21:00:00+00:00,0.27235625
2025-12-12 22:00:00+00:00,0.25941725
2025-12-12 23:00:00+00:00,0.25594550000000005
2025-12-13 00:00:00+00:00,0.25399725
2025-12-13 01:00:00+00:00,0.25726675000000004
2025-12-13 02:00:00+00:00,0.25727225
2025-12-13 03:00:00+00:00,0.271536
2025-12-13 04:00:00+00:00,0.28700675
2025-12-13 05:00:00+00:00,0.3018805
2025-12-13 06:00:00+00:00,0.32313825
2025-12-13 07:00:00+00:00,0.34762075
2025-12-13 08:00:00+00:00,0.3480245
2025-12-13 09:00:00+00:00,0.32020925
2025-12-13 10:00:00+00:00,0.27364425000000003
2025-12-13 11:00:00+00:00,0.24901549999999997
2025-12-13 12:00:00+00:00,0.219775
2025-12-13 13:00:00+00:00,0.23041525000000002
2025-12-13 14:00:00+00:00,0.27875300000000003
2025-12-13 15:00:00+00:00,0.353707
2025-12-13 16:00:00+00:00,0.35223825000000003
2025-12-13 17:00:00+00:00,0.34334
2025-12-13 18:00:00+00:00,0.33630449999999995
2025-12-13 19:00:00+00:00,0.32583650000000003
2025-12-13 20:00:00+00:00,0.30749875
2025-12-13 21:00:00+00:00,0.2878775
2025-12-13 22:00:00+00:00,0.2702645
2025-12-13 23:00:00+00:00,0.24541324999999997
2025-12-14 00:00:00+00:00,0.226395
2025-12-14 01:00:00+00:00,0.21526375
2025-12-14 02:00:00+00:00,0.207875
2025-12-14 03:00:00+00:00,0.2031915
2025-12-14 04:00:00+00:00,0.19398275
2025-12-14 05:00:00+00:00,0.17736875
2025-12-14 06:00:00+00:00,0.16571375
2025-12-14 07:00:00+00:00,0.15957825
2025-12-14 08:00:00+00:00,0.15156925
2025-12-14 09:00:00+00:00,0.14034825
2025-12-14 10:00:00+00:00,0.12973099999999999
2025-12-14 11:00:00+00:00,0.13609875
2025-12-14 12:00:00+00:00,0.15269775
2025-12-14 13:00:00+00:00,0.164826
2025-12-14 14:00:00+00:00,0.17585450000000002
2025-12-14 15:00:00+00:00,0.18860975000000002
2025-12-14 16:00:00+00:00,0.2043115
2025-12-14 17:00:00+00:00,0.2023155
2025-12-14 18:00:00+00:00,0.19700575
2025-12-14 19:00:00+00:00,0.18040925000000002
2025-12-14 20:00:00+00:00,0.150742
2025-12-14 21:00:00+00:00,0.143274
2025-12-14 22:00:00+00:00,0.13079625
2025-12-14 23:00:00+00:00,0.12138725
2025-12-15 00:00:00+00:00,0.11783325
2025-12-15 01:00:00+00:00,0.11805525
2025-12-15 02:00:00+00:00,0.11829925
2025-12-15 03:00:00+00:00,0.11980774999999999
2025-12-15 04:00:00+00:00,0.127529
2025-12-15 05:00:00+00:00,0.16301474999999999
2025-12-15 06:00:00+00:00,0.20550000000000002
2025-12-15 07:00:00+00:00,0.2209055
2025-12-15 08:00:00+00:00,0.21189875
2025-12-15 09:00:00+00:00,0.184599
2025-12-15 10:00:00+00:00,0.17350025
2025-12-15 11:00:00+00:00,0.166912
2025-12-15 12:00:00+00:00,0.16680325000000001
2025-12-15 13:00:00+00:00,0.18791475
2025-12-15 14:00:00+00:00,0.21123025
2025-12-15 15:00:00+00:00,0.26785000000000003
2025-12-15 16:00:00+00:00,0.2929985
2025-12-15 17:00:00+00:00,0.281371
2025-12-15 18:00:00+00:00,0.26480974999999995
2025-12-15 19:00:00+00:00,0.2426685
2025-12-15 20:00:00+00:00,0.227648
2025-12-15 21:00:00+00:00,0.21242499999999997
2025-12-15 22:00:00+00:00,0.21712725
2025-12-15 23:00:00+00:00,0.2501415
2025-12-16 00:00:00+00:00,0.26583575
2025-12-16 01:00:00+00:00,0.2705765
2025-12-16 02:00:00+00:00,0.262758
2025-12-16 03:00:00+00:00,0.26776125
2025-12-16 04:00:00+00:00,0.285981
2025-12-16 05:00:00+00:00,0.2956485
2025-12-16 06:00:00+00:00,0.30889925
2025-12-16 07:00:00+00:00,0.32335225
2025-12-16 08:00:00+00:00,0.31860299999999997
2025-12-16 09:00:00+00:00,0.28436550000000005
2025-12-16 10:00:00+00:00,0.27038925
2025-12-16 11:00:00+00:00,0.27316725
2025-12-16 12:00:00+00:00,0.28404250000000003
2025-12-16 13:00:00+00:00,0.2949705
2025-12-16 14:00:00+00:00,0.32896525
2025-12-16 15:00:00+00:00,0.36057775000000003
2025-12-16 16:00:00+00:00,0.36377225
2025-12-16 17:00:00+00:00,0.367485
2025-12-16 18:00:00+00:00,0.37478500000000003
2025-12-16 19:00:00+00:00,0.375988
2025-12-16 20:00:00+00:00,0.3792205
2025-12-16 21:00:00+00:00,0.38607125000000003
2025-12-16 22:00:00+00:00,0.38123999999999997
2025-12-16 23:00:00+00:00,0.36986925
2025-12-17 00:00:00+00:00,0.36850825
2025-12-17 01:00:00+00:00,0.37487075000000003
2025-12-17 02:00:00+00:00,0.37442975
2025-12-17 03:00:00+00:00,0.37074450000000003
2025-12-17 04:00:00+00:00,0.36554175
2025-12-17 05:00:00+00:00,0.36505975
2025-12-17 06:00:00+00:00,0.37410899999999997
2025-12-17 07:00:00+00:00,0.37898374999999995
2025-12-17 08:00:00+00:00,0.376487
2025-12-17 09:00:00+00:00,0.35855725
2025-12-17 10:00:00+00:00,0.34090925
2025-12-17 11:00:00+00:00,0.3242125
2025-12-17 12:00:00+00:00,0.32033825000000005
2025-12-17 13:00:00+00:00,0.31443875
2025-12-17 14:00:00+00:00,0.312683
2025-12-17 15:00:00+00:00,0.3197345
2025-12-17 16:00:00+00:00,0.3092685
2025-12-17 17:00:00+00:00,0.29955725
2025-12-17 18:00:00+00:00,0.27564625
2025-12-17 19:00:00+00:00,0.24513174999999998
2025-12-17 20:00:00+00:00,0.22447525000000002
2025-12-17 21:00:00+00:00,0.19515525
2025-12-17 22:00:00+00:00,0.14532525000000002
2025-12-17 23:00:00+00:00,0.10607975
2025-12-18 00:00:00+00:00,0.07863642500000001
2025-12-18 01:00:00+00:00,0.075093725
2025-12-18 02:00:00+00:00,0.0766957
2025-12-18 03:00:00+00:00,0.07737415
2025-12-18 04:00:00+00:00,0.079707625
2025-12-18 05:00:00+00:00,0.08945907500000001
2025-12-18 06:00:00+00:00,0.10288385
2025-12-18 07:00:00+00:00,0.11926825
2025-12-18 08:00:00+00:00,0.1234605
2025-12-18 09:00:00+00:00,0.11687
2025-12-18 10:00:00+00:00,0.10411019999999999
2025-12-18 11:00:00+00:00,0.094690125
2025-12-18 12:00:00+00:00,0.09046565
2025-12-18 13:00:00+00:00,0.1129045
2025-12-18 14:00:00+00:00,0.1317295
2025-12-18 15:00:00+00:00,0.1328115
2025-12-18 16:00:00+00:00,0.1169595
2025-12-18 17:00:00+00:00,0.104766
2025-12-18 18:00:00+00:00,0.086108275
2025-12-18 19:00:00+00:00,0.078709875
2025-12-18 20:00:00+00:00,0.07505300000000001
2025-12-18 21:00:00+00:00,0.06649945
2025-12-18 22:00:00+00:00,0.0603238
2025-12-18 23:00:00+00:00,0.059086775
2025-12-19 00:00:00+00:00,0.05977695
2025-12-19 01:00:00+00:00,0.06186345
2025-12-19 02:00:00+00:00,0.072322475
2025-12-19 03:00:00+00:00,0.08165335
2025-12-19 04:00:00+00:00,0.10067860000000001
2025-12-19 05:00:00+00:00,0.143533
2025-12-19 06:00:00+00:00,0.2100825
2025-12-19 07:00:00+00:00,0.2446085
2025-12-19 08:00:00+00:00,0.26609649999999996
2025-12-19 09:00:00+00:00,0.25768775
2025-12-19 10:00:00+00:00,0.2308895
2025-12-19 11:00:00+00:00,0.20561525
2025-12-19 12:00:00+00:00,0.188118
2025-12-19 13:00:00+00:00,0.19494324999999998
2025-12-19 14:00:00+00:00,0.21930375000000002
2025-12-19 15:00:00+00:00,0.267336
2025-12-19 16:00:00+00:00,0.27558249999999995
2025-12-19 17:00:00+00:00,0.2783115
2025-12-19 18:00:00+00:00,0.28200000000000003
2025-12-19 19:00:00+00:00,0.2775555
2025-12-19 20:00:00+00:00,0.273031
2025-12-19 21:00:00+00:00,0.278845
2025-12-19 22:00:00+00:00,0.283258
2025-12-19 23:00:00+00:00,0.2957655
2025-12-20 00:00:00+00:00,0.30340924999999996
2025-12-20 01:00:00+00:00,0.30740775
2025-12-20 02:00:00+00:00,0.315226
2025-12-20 03:00:00+00:00,0.32153999999999994
2025-12-20 04:00:00+00:00,0.32491800000000004
2025-12-20 05:00:00+00:00,0.3422005
2025-12-20 06:00:00+00:00,0.35260975000000006
2025-12-20 07:00:00+00:00,0.35362599999999994
2025-12-20 08:00:00+00:00,0.34671
2025-12-20 09:00:00+00:00,0.3163675
2025-12-20 10:00:00+00:00,0.2867625
2025-12-20 11:00:00+00:00,0.29093275
2025-12-20 12:00:00+00:00,0.30253975
2025-12-20 13:00:00+00:00,0.31514475
2025-12-20 14:00:00+00:00,0.3244455
2025-12-20 15:00:00+00:00,0.33117199999999997
2025-12-20 16:00:00+00:00,0.32178875
2025-12-20 17:00:00+00:00,0.31178150000000004
2025-12-20 18:00:00+00:00,0.2987435
2025-12-20 19:00:00+00:00,0.28865875
2025-12-20 20:00:00+00:00,0.27283075
2025-12-20 21:00:00+00:00,0.26253874999999993
2025-12-20 22:00:00+00:00,0.25945175
2025-12-20 23:00:00+00:00,0.26549375000000003
2025-12-21 00:00:00+00:00,0.26935875000000004
2025-12-21 01:00:00+00:00,0.2682045
2025-12-21 02:00:00+00:00,0.26957899999999996
2025-12-21 03:00:00+00:00,0.284024
2025-12-21 04:00:00+00:00,0.28624150000000004
2025-12-21 05:00:00+00:00,0.292215
2025-12-21 06:00:00+00:00,0.30071000000000003
2025-12-21 07:00:00+00:00,0.31585074999999996
2025-12-21 08:00:00+00:00,0.31469975
2025-12-21 09:00:00+00:00,0.2797005
2025-12-21 10:00:00+00:00,0.22973675000000005
2025-12-21 11:00:00+00:00,0.20035899999999998
2025-12-21 12:00:00+00:00,0.193525
2025-12-21 13:00:00+00:00,0.20327825000000002
2025-12-21 14:00:00+00:00,0.24806499999999998
2025-12-21 15:00:00+00:00,0.29140075
2025-12-21 16:00:00+00:00,0.26912975
2025-12-21 17:00:00+00:00,0.23589025
2025-12-21 18:00:00+00:00,0.20347725000000003
2025-12-21 19:00:00+00:00,0.17432975
2025-12-21 20:00:00+00:00,0.13454225
2025-12-21 21:00:00+00:00,0.12344000000000001
2025-12-21 22:00:00+00:00,0.11348849999999999
2025-12-21 23:00:00+00:00,0.1106145
2025-12-22 00:00:00+00:00,0.11410825
2025-12-22 01:00:00+00:00,0.11733325
2025-12-22 02:00:00+00:00,0.12066525
2025-12-22 03:00:00+00:00,0.1285555
2025-12-22 04:00:00+00:00,0.134768
2025-12-22 05:00:00+00:00,0.16805050000000002
2025-12-22 06:00:00+00:00,0.20891525
2025-12-22 07:00:00+00:00,0.245676
2025-12-22 08:00:00+00:00,0.24626350000000002
2025-12-22 09:00:00+00:00,0.2131285
2025-12-22 10:00:00+00:00,0.20266974999999998
2025-12-22 11:00:00+00:00,0.19885575
2025-12-22 12:00:00+00:00,0.2002225
2025-12-22 13:00:00+00:00,0.2154915
2025-12-22 14:00:00+00:00,0.25105325
2025-12-22 15:00:00+00:00,0.2714725
2025-12-22 16:00:00+00:00,0.27053275000000004
2025-12-22 17:00:00+00:00,0.26578825
2025-12-22 18:00:00+00:00,0.26302050000000005
2025-12-22 19:00:00+00:00,0.24691849999999999
2025-12-22 20:00:00+00:00,0.22218225
2025-12-22 21:00:00+00:00,0.18459825
2025-12-22 22:00:00+00:00,0.15816175
2025-12-22 23:00:00+00:00,0.13170625
2025-12-23 00:00:00+00:00,0.11014649999999998
2025-12-23 01:00:00+00:00,0.102780675
2025-12-23 02:00:00+00:00,0.09221485
2025-12-23 03:00:00+00:00,0.09467467499999999
2025-12-23 04:00:00+00:00,0.09821255000000001
2025-12-23 05:00:00+00:00,0.10508925
2025-12-23 06:00:00+00:00,0.11534175
2025-12-23 07:00:00+00:00,0.12963375
2025-12-23 08:00:00+00:00,0.12973874999999999
2025-12-23 09:00:00+00:00,0.12677449999999998
2025-12-23 10:00:00+00:00,0.12004825
2025-12-23 11:00:00+00:00,0.11811574999999999
2025-12-23 12:00:00+00:00,0.12229525000000001
2025-12-23 13:00:00+00:00,0.1257765
2025-12-23 14:00:00+00:00,0.125494
2025-12-23 15:00:00+00:00,0.12199775
2025-12-23 16:00:00+00:00,0.119757
2025-12-23 17:00:00+00:00,0.11644200000000002
2025-12-23 18:00:00+00:00,0.10796525
2025-12-23 19:00:00+00:00,0.09806234999999999
2025-12-23 20:00:00+00:00,0.08769095
2025-12-23 21:00:00+00:00,0.08396375
2025-12-23 22:00:00+00:00,0.081153575
2025-12-23 23:00:00+00:00,0.073097675
2025-12-24 00:00:00+00:00,0.07119824999999999
2025-12-24 01:00:00+00:00,0.07218607500000002
2025-12-24 02:00:00+00:00,0.073302825
2025-12-24 03:00:00+00:00,0.07602675
2025-12-24 04:00:00+00:00,0.082554325
2025-12-24 05:00:00+00:00,0.0911444
2025-12-24 06:00:00+00:00,0.095870625
2025-12-24 07:00:00+00:00,0.10319324999999999
2025-12-24 08:00:00+00:00,0.10164690000000001
2025-12-24 09:00:00+00:00,0.07936982499999999
2025-12-24 10:00:00+00:00,0.06282515
2025-12-24 11:00:00+00:00,0.055621224999999996
2025-12-24 12:00:00+00:00,0.0515022
2025-12-24 13:00:00+00:00,0.0571257
2025-12-24 14:00:00+00:00,0.06985675
2025-12-24 15:00:00+00:00,0.097514675
2025-12-24 16:00:00+00:00,0.104655
2025-12-24 17:00:00+00:00,0.10096195000000001
2025-12-24 18:00:00+00:00,0.09719192500000001
2025-12-24 19:00:00+00:00,0.09155697500000001
2025-12-24 20:00:00+00:00,0.08947844999999999
2025-12-24 21:00:00+00:00,0.08498422500000001
2025-12-24 22:00:00+00:00,0.080906125
2025-12-24 23:00:00+00:00,0.083192
2025-12-25 00:00:00+00:00,0.085330525
2025-12-25 01:00:00+00:00,0.08628999999999999
2025-12-25 02:00:00+00:00,0.0858453
2025-12-25 03:00:00+00:00,0.087083
2025-12-25 04:00:00+00:00,0.0912124
2025-12-25 05:00:00+00:00,0.097390275
2025-12-25 06:00:00+00:00,0.10436725
2025-12-25 07:00:00+00:00,0.112602
2025-12-25 08:00:00+00:00,0.115961
2025-12-25 09:00:00+00:00,0.090258875
2025-12-25 10:00:00+00:00,0.075749375
2025-12-25 11:00:00+00:00,0.0691257
2025-12-25 12:00:00+00:00,0.068887175
2025-12-25 13:00:00+00:00,0.08333879999999999
2025-12-25 14:00:00+00:00,0.11622125
2025-12-25 15:00:00+00:00,0.16390775000000002
2025-12-25 16:00:00+00:00,0.17327625000000002
2025-12-25 17:00:00+00:00,0.17901300000000003
2025-12-25 18:00:00+00:00,0.18409799999999998
2025-12-25 19:00:00+00:00,0.18456899999999998
2025-12-25 20:00:00+00:00,0.18790175
2025-12-25 21:00:00+00:00,0.19413575000000002
2025-12-25 22:00:00+00:00,0.20313325
2025-12-25 23:00:00+00:00,0.20573425
2025-12-26 00:00:00+00:00,0.21056550000000002
2025-12-26 01:00:00+00:00,0.20256799999999997
2025-12-26 02:00:00+00:00,0.20992175
2025-12-26 03:00:00+00:00,0.21434674999999997
2025-12-26 04:00:00+00:00,0.208333
2025-12-26 05:00:00+00:00,0.21788124999999997
2025-12-26 06:00:00+00:00,0.23075025
2025-12-26 07:00:00+00:00,0.23612225
2025-12-26 08:00:00+00:00,0.2454135
2025-12-26 09:00:00+00:00,0.198594
2025-12-26 10:00:00+00:00,0.16369050000000002
2025-12-26 11:00:00+00:00,0.154857
2025-12-26 12:00:00+00:00,0.158267
2025-12-26 13:00:00+00:00,0.16867525
2025-12-26 14:00:00+00:00,0.1946255
2025-12-26 15:00:00+00:00,0.24776425000000002
2025-12-26 16:00:00+00:00,0.248599
2025-12-26 17:00:00+00:00,0.25185225
2025-12-26 18:00:00+00:00,0.25800625
2025-12-26 19:00:00+00:00,0.26867949999999996
2025-12-26 20:00:00+00:00,0.26829775
2025-12-26 21:00:00+00:00,0.2639905
2025-12-26 22:00:00+00:00,0.26570150000000003
2025-12-26 23:00:00+00:00,0.26152025
2025-12-27 00:00:00+00:00,0.253255
2025-12-27 01:00:00+00:00,0.24438875000000002
2025-12-27 02:00:00+00:00,0.2418575
2025-12-27 03:00:00+00:00,0.2420815
2025-12-27 04:00:00+00:00,0.2434335
2025-12-27 05:00:00+00:00,0.234214
2025-12-27 06:00:00+00:00,0.23721625000000002
2025-12-27 07:00:00+00:00,0.22896525
2025-12-27 08:00:00+00:00,0.22501649999999998
2025-12-27 09:00:00+00:00,0.20188
2025-12-27 10:00:00+00:00,0.177048
2025-12-27 11:00:00+00:00,0.16772600000000001
2025-12-27 12:00:00+00:00,0.17752925000000003
2025-12-27 13:00:00+00:00,0.18773474999999998
2025-12-27 14:00:00+00:00,0.220955
2025-12-27 15:00:00+00:00,0.24457725
2025-12-27 16:00:00+00:00,0.24752249999999998
2025-12-27 17:00:00+00:00,0.25381625
2025-12-27 18:00:00+00:00,0.259887
2025-12-27 19:00:00+00:00,0.26305375
2025-12-27 20:00:00+00:00,0.25772875
2025-12-27 21:00:00+00:00,0.2546025
2025-12-27 22:00:00+00:00,0.25602525
2025-12-27 23:00:00+00:00,0.25808
2025-12-28 00:00:00+00:00,0.250702
2025-12-28 01:00:00+00:00,0.23836949999999998
2025-12-28 02:00:00+00:00,0.2442995
2025-12-28 03:00:00+00:00,0.2642645
2025-12-28 04:00:00+00:00,0.284987
2025-12-28 05:00:00+00:00,0.29257475
2025-12-28 06:00:00+00:00,0.2987395
2025-12-28 07:00:00+00:00,0.307979
2025-12-28 08:00:00+00:00,0.29581825
2025-12-28 09:00:00+00:00,0.226795
2025-12-28 10:00:00+00:00,0.183388
2025-12-28 11:00:00+00:00,0.16341225
2025-12-28 12:00:00+00:00,0.15947224999999998
2025-12-28 13:00:00+00:00,0.18131399999999998
2025-12-28 14:00:00+00:00,0.22561599999999998
2025-12-28 15:00:00+00:00,0.3007095
2025-12-28 16:00:00+00:00,0.318679
2025-12-28 17:00:00+00:00,0.321638
2025-12-28 18:00:00+00:00,0.32079
2025-12-28 19:00:00+00:00,0.32457600000000003
2025-12-28 20:00:00+00:00,0.32261675
2025-12-28 21:00:00+00:00,0.316276
2025-12-28 22:00:00+00:00,0.30322225
2025-12-28 23:00:00+00:00,0.29769275
2025-12-29 00:00:00+00:00,0.29172875000000004
2025-12-29 01:00:00+00:00,0.286856
2025-12-29 02:00:00+00:00,0.28075599999999995
2025-12-29 03:00:00+00:00,0.275304
2025-12-29 04:00:00+00:00,0.27675675
2025-12-29 05:00:00+00:00,0.27477575
2025-12-29 06:00:00+00:00,0.28758575
2025-12-29 07:00:00+00:00,0.29739625000000003
2025-12-29 08:00:00+00:00,0.29809074999999996
2025-12-29 09:00:00+00:00,0.2897955
2025-12-29 10:00:00+00:00,0.277876
2025-12-29 11:00:00+00:00,0.266907
2025-12-29 12:00:00+00:00,0.2542625
2025-12-29 13:00:00+00:00,0.24515525
2025-12-29 14:00:00+00:00,0.25414000000000003
2025-12-29 15:00:00+00:00,0.2637845
2025-12-29 16:00:00+00:00,0.26439725000000003
2025-12-29 17:00:00+00:00,0.260593
2025-12-29 18:00:00+00:00,0.25300825
2025-12-29 19:00:00+00:00,0.23711525
2025-12-29 20:00:00+00:00,0.21560875
2025-12-29 21:00:00+00:00,0.209567
2025-12-29 22:00:00+00:00,0.19718225
2025-12-29 23:00:00+00:00,0.1871765
2025-12-30 00:00:00+00:00,0.18577125
2025-12-30 01:00:00+00:00,0.185556
2025-12-30 02:00:00+00:00,0.172523
2025-12-30 03:00:00+00:00,0.18240125000000001
2025-12-30 04:00:00+00:00,0.19135975
2025-12-30 05:00:00+00:00,0.20469775
2025-12-30 06:00:00+00:00,0.2221225
2025-12-30 07:00:00+00:00,0.23096325
2025-12-30 08:00:00+00:00,0.22977175
2025-12-30 09:00:00+00:00,0.1738865
2025-12-30 10:00:00+00:00,0.15331175
2025-12-30 11:00:00+00:00,0.13407349999999998
2025-12-30 12:00:00+00:00,0.12853575
2025-12-30 13:00:00+00:00,0.17358150000000003
2025-12-30 14:00:00+00:00,0.2128365
2025-12-30 15:00:00+00:00,0.28270975
2025-12-30 16:00:00+00:00,0.28966825
2025-12-30 17:00:00+00:00,0.28862075
2025-12-30 18:00:00+00:00,0.2905685
2025-12-30 19:00:00+00:00,0.2903935
2025-12-30 20:00:00+00:00,0.29654425
2025-12-30 21:00:00+00:00,0.295648
2025-12-30 22:00:00+00:00,0.2875425
2025-12-30 23:00:00+00:00,0.27396175
2025-12-31 00:00:00+00:00,0.26925625000000003
2025-12-31 01:00:00+00:00,0.2625205
2025-12-31 02:00:00+00:00,0.24926600000000002
2025-12-31 03:00:00+00:00,0.23296
2025-12-31 04:00:00+00:00,0.22837375000000001
2025-12-31 05:00:00+00:00,0.2324255
2025-12-31 06:00:00+00:00,0.2262335
2025-12-31 07:00:00+00:00,0.21301574999999998
2025-12-31 08:00:00+00:00,0.20182675
2025-12-31 09:00:00+00:00,0.16067225000000002
2025-12-31 10:00:00+00:00,0.13968375
2025-12-31 11:00:00+00:00,0.12062500000000001
2025-12-31 12:00:00+00:00,0.1274925
2025-12-31 13:00:00+00:00,0.14743574999999998
2025-12-31 14:00:00+00:00,0.163744
2025-12-31 15:00:00+00:00,0.19105100000000003
2025-12-31 16:00:00+00:00,0.20339025
2025-12-31 17:00:00+00:00,0.20046175000000002
2025-12-31 18:00:00+00:00,0.18679125000000002
2025-12-31 19:00:00+00:00,0.1713805
2025-12-31 20:00:00+00:00,0.149202
2025-12-31 21:00:00+00:00,0.12180674999999999
2025-12-31 22:00:00+00:00,0.11168925
