validfrom_utc,co2_factor_kg_per_kwh
2023-12-31 23:00:00+00:00,0.073857875
2024-01-01 00:00:00+00:00,0.073013525
2024-01-01 01:00:00+00:00,0.0732248
2024-01-01 02:00:00+00:00,0.072509975
2024-01-01 03:00:00+00:00,0.07170235
2024-01-01 04:00:00+00:00,0.073385325
2024-01-01 05:00:00+00:00,0.07569762499999999
2024-01-01 06:00:00+00:00,0.079074725
2024-01-01 07:00:00+00:00,0.0784025
2024-01-01 08:00:00+00:00,0.07879187500000001
2024-01-01 09:00:00+00:00,0.07820824999999999
2024-01-01 10:00:00+00:00,0.073130175
2024-01-01 11:00:00+00:00,0.069476975
2024-01-01 12:00:00+00:00,0.06697310000000001
2024-01-01 13:00:00+00:00,0.067580375
2024-01-01 14:00:00+00:00,0.07321667500000001
2024-01-01 15:00:00+00:00,0.0969653
2024-01-01 16:00:00+00:00,0.11959275
2024-01-01 17:00:00+00:00,0.113654
2024-01-01 18:00:00+00:00,0.11552275000000001
2024-01-01 19:00:00+00:00,0.12429425
2024-01-01 20:00:00+00:00,0.10917075
2024-01-01 21:00:00+00:00,0.104387
2024-01-01 22:00:00+00:00,0.100178975
2024-01-01 23:00:00+00:00,0.098419825
2024-01-02 00:00:00+00:00,0.093264075
2024-01-02 01:00:00+00:00,0.08695035
2024-01-02 02:00:00+00:00,0.08343292499999999
2024-01-02 03:00:00+00:00,0.0818916
2024-01-02 04:00:00+00:00,0.0855512
2024-01-02 05:00:00+00:00,0.092769775
2024-01-02 06:00:00+00:00,0.0941342
2024-01-02 07:00:00+00:00,0.10039704999999999
2024-01-02 08:00:00+00:00,0.10447100000000001
2024-01-02 09:00:00+00:00,0.11042724999999999
2024-01-02 10:00:00+00:00,0.12004224999999999
2024-01-02 11:00:00+00:00,0.13304749999999999
2024-01-02 12:00:00+00:00,0.14870224999999998
2024-01-02 13:00:00+00:00,0.14938675
2024-01-02 14:00:00+00:00,0.14902375
2024-01-02 15:00:00+00:00,0.1410635
2024-01-02 16:00:00+00:00,0.1381975
2024-01-02 17:00:00+00:00,0.125106
2024-01-02 18:00:00+00:00,0.1246015
2024-01-02 19:00:00+00:00,0.13477899999999998
2024-01-02 20:00:00+00:00,0.12719375
2024-01-02 21:00:00+00:00,0.12608975
2024-01-02 22:00:00+00:00,0.12303774999999999
2024-01-02 23:00:00+00:00,0.11323425
2024-01-03 00:00:00+00:00,0.11373475000000001
2024-01-03 01:00:00+00:00,0.09774535
2024-01-03 02:00:00+00:00,0.08260215
2024-01-03 03:00:00+00:00,0.08246685000000001
2024-01-03 04:00:00+00:00,0.08179334999999999
2024-01-03 05:00:00+00:00,0.080596075
2024-01-03 06:00:00+00:00,0.085205475
2024-01-03 07:00:00+00:00,0.09300015
2024-01-03 08:00:00+00:00,0.094153725
2024-01-03 09:00:00+00:00,0.092775225
2024-01-03 10:00:00+00:00,0.0877013
2024-01-03 11:00:00+00:00,0.08413029999999999
2024-01-03 12:00:00+00:00,0.084879225
2024-01-03 13:00:00+00:00,0.09083582500000001
2024-01-03 14:00:00+00:00,0.1153235
2024-01-03 15:00:00+00:00,0.14907
2024-01-03 16:00:00+00:00,0.17338225
2024-01-03 17:00:00+00:00,0.19615
2024-01-03 18:00:00+00:00,0.20046325
2024-01-03 19:00:00+00:00,0.186365
2024-01-03 20:00:00+00:00,0.17669175
2024-01-03 21:00:00+00:00,0.16992825
2024-01-03 22:00:00+00:00,0.15486450000000002
2024-01-03 23:00:00+00:00,0.14910825000000003
2024-01-04 00:00:00+00:00,0.1341125
2024-01-04 01:00:00+00:00,0.13091075000000002
2024-01-04 02:00:00+00:00,0.13192125
2024-01-04 03:00:00+00:00,0.1449755
2024-01-04 04:00:00+00:00,0.17912325
2024-01-04 05:00:00+00:00,0.2152665
2024-01-04 06:00:00+00:00,0.2423875
2024-01-04 07:00:00+00:00,0.27007125
2024-01-04 08:00:00+00:00,0.28873525
2024-01-04 09:00:00+00:00,0.28049199999999996
2024-01-04 10:00:00+00:00,0.26984050000000004
2024-01-04 11:00:00+00:00,0.27181575
2024-01-04 12:00:00+00:00,0.27380525
2024-01-04 13:00:00+00:00,0.28718425
2024-01-04 14:00:00+00:00,0.308855
2024-01-04 15:00:00+00:00,0.3349805
2024-01-04 16:00:00+00:00,0.34623650000000006
2024-01-04 17:00:00+00:00,0.33945325000000004
2024-01-04 18:00:00+00:00,0.327404
2024-01-04 19:00:00+00:00,0.30853575
2024-01-04 20:00:00+00:00,0.28892325
2024-01-04 21:00:00+00:00,0.2621555
2024-01-04 22:00:00+00:00,0.21960675000000002
2024-01-04 23:00:00+00:00,0.20147649999999998
2024-01-05 00:00:00+00:00,0.1668605
2024-01-05 01:00:00+00:00,0.15192425
2024-01-05 02:00:00+00:00,0.14678249999999998
2024-01-05 03:00:00+00:00,0.14526424999999998
2024-01-05 04:00:00+00:00,0.15882675000000002
2024-01-05 05:00:00+00:00,0.18035825
2024-01-05 06:00:00+00:00,0.20007625
2024-01-05 07:00:00+00:00,0.21451325
2024-01-05 08:00:00+00:00,0.23688325
2024-01-05 09:00:00+00:00,0.24363225
2024-01-05 10:00:00+00:00,0.250932
2024-01-05 11:00:00+00:00,0.25553775
2024-01-05 12:00:00+00:00,0.25490274999999996
2024-01-05 13:00:00+00:00,0.25705925
2024-01-05 14:00:00+00:00,0.27335775
2024-01-05 15:00:00+00:00,0.27412225
2024-01-05 16:00:00+00:00,0.26786525
2024-01-05 17:00:00+00:00,0.27185400000000004
2024-01-05 18:00:00+00:00,0.269004
2024-01-05 19:00:00+00:00,0.25974925
2024-01-05 20:00:00+00:00,0.2480895
2024-01-05 21:00:00+00:00,0.240459
2024-01-05 22:00:00+00:00,0.22801349999999998
2024-01-05 23:00:00+00:00,0.21631774999999998
2024-01-06 00:00:00+00:00,0.19824075000000002
2024-01-06 01:00:00+00:00,0.18611149999999999
2024-01-06 02:00:00+00:00,0.1840115
2024-01-06 03:00:00+00:00,0.18165474999999998
2024-01-06 04:00:00+00:00,0.18736875
2024-01-06 05:00:00+00:00,0.18589725
2024-01-06 06:00:00+00:00,0.20752025
2024-01-06 07:00:00+00:00,0.22650575
2024-01-06 08:00:00+00:00,0.24857625
2024-01-06 09:00:00+00:00,0.25042675
2024-01-06 10:00:00+00:00,0.24143825000000002
2024-01-06 11:00:00+00:00,0.23768
2024-01-06 12:00:00+00:00,0.23396450000000002
2024-01-06 13:00:00+00:00,0.22843724999999998
2024-01-06 14:00:00+00:00,0.23244925
2024-01-06 15:00:00+00:00,0.24098625
2024-01-06 16:00:00+00:00,0.24924724999999998
2024-01-06 17:00:00+00:00,0.24895575
2024-01-06 18:00:00+00:00,0.24685025
2024-01-06 19:00:00+00:00,0.24627875
2024-01-06 20:00:00+00:00,0.23145375
2024-01-06 21:00:00+00:00,0.21883225
2024-01-06 22:00:00+00:00,0.193351
2024-01-06 23:00:00+00:00,0.16925225
2024-01-07 00:00:00+00:00,0.1511835
2024-01-07 01:00:00+00:00,0.14561649999999998
2024-01-07 02:00:00+00:00,0.13459200000000002
2024-01-07 03:00:00+00:00,0.13389600000000002
2024-01-07 04:00:00+00:00,0.13815499999999997
2024-01-07 05:00:00+00:00,0.14078075
2024-01-07 06:00:00+00:00,0.14182150000000002
2024-01-07 07:00:00+00:00,0.14414575
2024-01-07 08:00:00+00:00,0.161041
2024-01-07 09:00:00+00:00,0.16970575
2024-01-07 10:00:00+00:00,0.1574065
2024-01-07 11:00:00+00:00,0.14966625
2024-01-07 12:00:00+00:00,0.14764025
2024-01-07 13:00:00+00:00,0.15267199999999997
2024-01-07 14:00:00+00:00,0.167295
2024-01-07 15:00:00+00:00,0.212758
2024-01-07 16:00:00+00:00,0.23788949999999998
2024-01-07 17:00:00+00:00,0.2444515
2024-01-07 18:00:00+00:00,0.246002
2024-01-07 19:00:00+00:00,0.24526599999999998
2024-01-07 20:00:00+00:00,0.23858250000000003
2024-01-07 21:00:00+00:00,0.22935149999999999
2024-01-07 22:00:00+00:00,0.200293
2024-01-07 23:00:00+00:00,0.174584
2024-01-08 00:00:00+00:00,0.1664605
2024-01-08 01:00:00+00:00,0.18026625000000002
2024-01-08 02:00:00+00:00,0.17603675
2024-01-08 03:00:00+00:00,0.17491475
2024-01-08 04:00:00+00:00,0.201886
2024-01-08 05:00:00+00:00,0.248245
2024-01-08 06:00:00+00:00,0.27370325
2024-01-08 07:00:00+00:00,0.26696425
2024-01-08 08:00:00+00:00,0.2674375
2024-01-08 09:00:00+00:00,0.25658175
2024-01-08 10:00:00+00:00,0.23653600000000002
2024-01-08 11:00:00+00:00,0.21764275
2024-01-08 12:00:00+00:00,0.20144450000000003
2024-01-08 13:00:00+00:00,0.19233675
2024-01-08 14:00:00+00:00,0.2105325
2024-01-08 15:00:00+00:00,0.2465095
2024-01-08 16:00:00+00:00,0.2571395
2024-01-08 17:00:00+00:00,0.2563125
2024-01-08 18:00:00+00:00,0.25495225
2024-01-08 19:00:00+00:00,0.25283225
2024-01-08 20:00:00+00:00,0.24643825
2024-01-08 21:00:00+00:00,0.237309
2024-01-08 22:00:00+00:00,0.225153
2024-01-08 23:00:00+00:00,0.216302
2024-01-09 00:00:00+00:00,0.2145215
2024-01-09 01:00:00+00:00,0.22452875
2024-01-09 02:00:00+00:00,0.22676599999999997
2024-01-09 03:00:00+00:00,0.22902224999999998
2024-01-09 04:00:00+00:00,0.23791225
2024-01-09 05:00:00+00:00,0.25327049999999995
2024-01-09 06:00:00+00:00,0.268157
2024-01-09 07:00:00+00:00,0.2791715
2024-01-09 08:00:00+00:00,0.268877
2024-01-09 09:00:00+00:00,0.21918124999999997
2024-01-09 10:00:00+00:00,0.179448
2024-01-09 11:00:00+00:00,0.16092299999999998
2024-01-09 12:00:00+00:00,0.15482625
2024-01-09 13:00:00+00:00,0.16731675000000001
2024-01-09 14:00:00+00:00,0.1942955
2024-01-09 15:00:00+00:00,0.2489495
2024-01-09 16:00:00+00:00,0.2787055
2024-01-09 17:00:00+00:00,0.28009475
2024-01-09 18:00:00+00:00,0.27705875
2024-01-09 19:00:00+00:00,0.27935425
2024-01-09 20:00:00+00:00,0.28001125000000004
2024-01-09 21:00:00+00:00,0.2719905
2024-01-09 22:00:00+00:00,0.27484450000000005
2024-01-09 23:00:00+00:00,0.27274575
2024-01-10 00:00:00+00:00,0.280569
2024-01-10 01:00:00+00:00,0.28446024999999997
2024-01-10 02:00:00+00:00,0.28381850000000003
2024-01-10 03:00:00+00:00,0.28291575
2024-01-10 04:00:00+00:00,0.28615025
2024-01-10 05:00:00+00:00,0.2945015
2024-01-10 06:00:00+00:00,0.31076425
2024-01-10 07:00:00+00:00,0.317506
2024-01-10 08:00:00+00:00,0.30290075
2024-01-10 09:00:00+00:00,0.2471525
2024-01-10 10:00:00+00:00,0.2198285
2024-01-10 11:00:00+00:00,0.2088205
2024-01-10 12:00:00+00:00,0.2119355
2024-01-10 13:00:00+00:00,0.22637325
2024-01-10 14:00:00+00:00,0.2466255
2024-01-10 15:00:00+00:00,0.29649825
2024-01-10 16:00:00+00:00,0.31468975
2024-01-10 17:00:00+00:00,0.31678375000000003
2024-01-10 18:00:00+00:00,0.32451050000000004
2024-01-10 19:00:00+00:00,0.33720275000000005
2024-01-10 20:00:00+00:00,0.34102125
2024-01-10 21:00:00+00:00,0.34757475
2024-01-10 22:00:00+00:00,0.35900525
2024-01-10 23:00:00+00:00,0.363622
2024-01-11 00:00:00+00:00,0.37114375
2024-01-11 01:00:00+00:00,0.37374799999999997
2024-01-11 02:00:00+00:00,0.371882
2024-01-11 03:00:00+00:00,0.371212
2024-01-11 04:00:00+00:00,0.360879
2024-01-11 05:00:00+00:00,0.36262774999999997
2024-01-11 06:00:00+00:00,0.36197625
2024-01-11 07:00:00+00:00,0.36423025000000003
2024-01-11 08:00:00+00:00,0.34171025
2024-01-11 09:00:00+00:00,0.29131025
2024-01-11 10:00:00+00:00,0.2793715
2024-01-11 11:00:00+00:00,0.29434000000000005
2024-01-11 12:00:00+00:00,0.2939695
2024-01-11 13:00:00+00:00,0.30684175
2024-01-11 14:00:00+00:00,0.32424025
2024-01-11 15:00:00+00:00,0.33389225
2024-01-11 16:00:00+00:00,0.33359375
2024-01-11 17:00:00+00:00,0.33408299999999996
2024-01-11 18:00:00+00:00,0.33602825000000003
2024-01-11 19:00:00+00:00,0.34012575
2024-01-11 20:00:00+00:00,0.34522275
2024-01-11 21:00:00+00:00,0.35188125000000003
2024-01-11 22:00:00+00:00,0.35567249999999995
2024-01-11 23:00:00+00:00,0.35379600000000005
2024-01-12 00:00:00+00:00,0.34745000000000004
2024-01-12 01:00:00+00:00,0.337785
2024-01-12 02:00:00+00:00,0.3322135
2024-01-12 03:00:00+00:00,0.33224525
2024-01-12 04:00:00+00:00,0.335914
2024-01-12 05:00:00+00:00,0.3439545
2024-01-12 06:00:00+00:00,0.34742724999999997
2024-01-12 07:00:00+00:00,0.34808474999999994
2024-01-12 08:00:00+00:00,0.3473195
2024-01-12 09:00:00+00:00,0.3434315
2024-01-12 10:00:00+00:00,0.33853475
2024-01-12 11:00:00+00:00,0.33151400000000003
2024-01-12 12:00:00+00:00,0.3269515
2024-01-12 13:00:00+00:00,0.32679625
2024-01-12 14:00:00+00:00,0.33854900000000004
2024-01-12 15:00:00+00:00,0.35505600000000004
2024-01-12 16:00:00+00:00,0.36154425
2024-01-12 17:00:00+00:00,0.36539375
2024-01-12 18:00:00+00:00,0.36935975
2024-01-12 19:00:00+00:00,0.3731245
2024-01-12 20:00:00+00:00,0.37469949999999996
2024-01-12 21:00:00+00:00,0.375
2024-01-12 22:00:00+00:00,0.36892225
2024-01-12 23:00:00+00:00,0.36548725
2024-01-13 00:00:00+00:00,0.35706125
2024-01-13 01:00:00+00:00,0.33932525
2024-01-13 02:00:00+00:00,0.3243225
2024-01-13 03:00:00+00:00,0.30367625
2024-01-13 04:00:00+00:00,0.284527
2024-01-13 05:00:00+00:00,0.27677149999999995
2024-01-13 06:00:00+00:00,0.26994375
2024-01-13 07:00:00+00:00,0.26099724999999996
2024-01-13 08:00:00+00:00,0.258278
2024-01-13 09:00:00+00:00,0.26510975000000003
2024-01-13 10:00:00+00:00,0.26850975
2024-01-13 11:00:00+00:00,0.25708875
2024-01-13 12:00:00+00:00,0.25165475
2024-01-13 13:00:00+00:00,0.24634899999999998
2024-01-13 14:00:00+00:00,0.25640975
2024-01-13 15:00:00+00:00,0.27559475
2024-01-13 16:00:00+00:00,0.28230374999999996
2024-01-13 17:00:00+00:00,0.27607675
2024-01-13 18:00:00+00:00,0.26813275000000003
2024-01-13 19:00:00+00:00,0.25835375
2024-01-13 20:00:00+00:00,0.249313
2024-01-13 21:00:00+00:00,0.23947100000000002
2024-01-13 22:00:00+00:00,0.23137799999999997
2024-01-13 23:00:00+00:00,0.22433275
2024-01-14 00:00:00+00:00,0.21228399999999997
2024-01-14 01:00:00+00:00,0.21482600000000002
2024-01-14 02:00:00+00:00,0.227863
2024-01-14 03:00:00+00:00,0.23920225
2024-01-14 04:00:00+00:00,0.24920675000000003
2024-01-14 05:00:00+00:00,0.2609205
2024-01-14 06:00:00+00:00,0.27082325
2024-01-14 07:00:00+00:00,0.272567
2024-01-14 08:00:00+00:00,0.272324
2024-01-14 09:00:00+00:00,0.25704075000000004
2024-01-14 10:00:00+00:00,0.24436200000000002
2024-01-14 11:00:00+00:00,0.23869200000000002
2024-01-14 12:00:00+00:00,0.22865375
2024-01-14 13:00:00+00:00,0.2253995
2024-01-14 14:00:00+00:00,0.23795225
2024-01-14 15:00:00+00:00,0.2511835
2024-01-14 16:00:00+00:00,0.25208525
2024-01-14 17:00:00+00:00,0.2465255
2024-01-14 18:00:00+00:00,0.24054925
2024-01-14 19:00:00+00:00,0.23124450000000002
2024-01-14 20:00:00+00:00,0.2097495
2024-01-14 21:00:00+00:00,0.20190674999999997
2024-01-14 22:00:00+00:00,0.18408575
2024-01-14 23:00:00+00:00,0.17069974999999998
2024-01-15 00:00:00+00:00,0.16287825
2024-01-15 01:00:00+00:00,0.157196
2024-01-15 02:00:00+00:00,0.16264675
2024-01-15 03:00:00+00:00,0.16820100000000002
2024-01-15 04:00:00+00:00,0.19231399999999998
2024-01-15 05:00:00+00:00,0.22400399999999998
2024-01-15 06:00:00+00:00,0.2538975
2024-01-15 07:00:00+00:00,0.2625245
2024-01-15 08:00:00+00:00,0.25545524999999997
2024-01-15 09:00:00+00:00,0.23464425
2024-01-15 10:00:00+00:00,0.223708
2024-01-15 11:00:00+00:00,0.21424975000000002
2024-01-15 12:00:00+00:00,0.21834625
2024-01-15 13:00:00+00:00,0.21130150000000003
2024-01-15 14:00:00+00:00,0.22497075
2024-01-15 15:00:00+00:00,0.24553400000000003
2024-01-15 16:00:00+00:00,0.259401
2024-01-15 17:00:00+00:00,0.273776
2024-01-15 18:00:00+00:00,0.27462775
2024-01-15 19:00:00+00:00,0.26603025
2024-01-15 20:00:00+00:00,0.27660725
2024-01-15 21:00:00+00:00,0.28208025
2024-01-15 22:00:00+00:00,0.27075950000000004
2024-01-15 23:00:00+00:00,0.27313825
2024-01-16 00:00:00+00:00,0.28174275
2024-01-16 01:00:00+00:00,0.28828000000000004
2024-01-16 02:00:00+00:00,0.29287625
2024-01-16 03:00:00+00:00,0.295298
2024-01-16 04:00:00+00:00,0.304104
2024-01-16 05:00:00+00:00,0.31926975
2024-01-16 06:00:00+00:00,0.32342775
2024-01-16 07:00:00+00:00,0.31873850000000004
2024-01-16 08:00:00+00:00,0.30643725
2024-01-16 09:00:00+00:00,0.29336425
2024-01-16 10:00:00+00:00,0.25858425
2024-01-16 11:00:00+00:00,0.22196400000000002
2024-01-16 12:00:00+00:00,0.221402
2024-01-16 13:00:00+00:00,0.2361115
2024-01-16 14:00:00+00:00,0.25835025
2024-01-16 15:00:00+00:00,0.301425
2024-01-16 16:00:00+00:00,0.31743524999999995
2024-01-16 17:00:00+00:00,0.30641925000000003
2024-01-16 18:00:00+00:00,0.28752775
2024-01-16 19:00:00+00:00,0.26353550000000003
2024-01-16 20:00:00+00:00,0.24499375
2024-01-16 21:00:00+00:00,0.23640575
2024-01-16 22:00:00+00:00,0.2250515
2024-01-16 23:00:00+00:00,0.2202275
2024-01-17 00:00:00+00:00,0.21463325
2024-01-17 01:00:00+00:00,0.208902
2024-01-17 02:00:00+00:00,0.20452399999999998
2024-01-17 03:00:00+00:00,0.2200305
2024-01-17 04:00:00+00:00,0.24568974999999998
2024-01-17 05:00:00+00:00,0.27444525
2024-01-17 06:00:00+00:00,0.30529825
2024-01-17 07:00:00+00:00,0.3242125
2024-01-17 08:00:00+00:00,0.32745475
2024-01-17 09:00:00+00:00,0.32004275
2024-01-17 10:00:00+00:00,0.321221
2024-01-17 11:00:00+00:00,0.330469
2024-01-17 12:00:00+00:00,0.3413015
2024-01-17 13:00:00+00:00,0.35521625
2024-01-17 14:00:00+00:00,0.36701575
2024-01-17 15:00:00+00:00,0.37803025000000007
2024-01-17 16:00:00+00:00,0.37971325
2024-01-17 17:00:00+00:00,0.37640274999999995
2024-01-17 18:00:00+00:00,0.362415
2024-01-17 19:00:00+00:00,0.35928125
2024-01-17 20:00:00+00:00,0.3592655
2024-01-17 21:00:00+00:00,0.35522750000000003
2024-01-17 22:00:00+00:00,0.350809
2024-01-17 23:00:00+00:00,0.350262
2024-01-18 00:00:00+00:00,0.35447049999999997
2024-01-18 01:00:00+00:00,0.352167
2024-01-18 02:00:00+00:00,0.34493624999999994
2024-01-18 03:00:00+00:00,0.35523875
2024-01-18 04:00:00+00:00,0.3541655
2024-01-18 05:00:00+00:00,0.357963
2024-01-18 06:00:00+00:00,0.36448575000000005
2024-01-18 07:00:00+00:00,0.3591645
2024-01-18 08:00:00+00:00,0.31192200000000003
2024-01-18 09:00:00+00:00,0.24662025
2024-01-18 10:00:00+00:00,0.23191175
2024-01-18 11:00:00+00:00,0.23471699999999998
2024-01-18 12:00:00+00:00,0.24009725
2024-01-18 13:00:00+00:00,0.25380575
2024-01-18 14:00:00+00:00,0.28337599999999996
2024-01-18 15:00:00+00:00,0.33566324999999997
2024-01-18 16:00:00+00:00,0.3700005
2024-01-18 17:00:00+00:00,0.367376
2024-01-18 18:00:00+00:00,0.35729849999999996
2024-01-18 19:00:00+00:00,0.3400265
2024-01-18 20:00:00+00:00,0.32117725
2024-01-18 21:00:00+00:00,0.30980025
2024-01-18 22:00:00+00:00,0.27379775
2024-01-18 23:00:00+00:00,0.26176900000000003
2024-01-19 00:00:00+00:00,0.24865100000000004
2024-01-19 01:00:00+00:00,0.229797
2024-01-19 02:00:00+00:00,0.2366365
2024-01-19 03:00:00+00:00,0.2448705
2024-01-19 04:00:00+00:00,0.27339725
2024-01-19 05:00:00+00:00,0.3106415
2024-01-19 06:00:00+00:00,0.32908675
2024-01-19 07:00:00+00:00,0.33347374999999996
2024-01-19 08:00:00+00:00,0.3098115
2024-01-19 09:00:00+00:00,0.23911499999999997
2024-01-19 10:00:00+00:00,0.190347
2024-01-19 11:00:00+00:00,0.1617535
2024-01-19 12:00:00+00:00,0.15354225
2024-01-19 13:00:00+00:00,0.1560935
2024-01-19 14:00:00+00:00,0.1768875
2024-01-19 15:00:00+00:00,0.23246675
2024-01-19 16:00:00+00:00,0.26610524999999996
2024-01-19 17:00:00+00:00,0.26156225
2024-01-19 18:00:00+00:00,0.257597
2024-01-19 19:00:00+00:00,0.24721575
2024-01-19 20:00:00+00:00,0.22199225
2024-01-19 21:00:00+00:00,0.19637249999999998
2024-01-19 22:00:00+00:00,0.18566549999999998
2024-01-19 23:00:00+00:00,0.1708425
2024-01-20 00:00:00+00:00,0.165077
2024-01-20 01:00:00+00:00,0.1660855
2024-01-20 02:00:00+00:00,0.17351450000000002
2024-01-20 03:00:00+00:00,0.173458
2024-01-20 04:00:00+00:00,0.17349575
2024-01-20 05:00:00+00:00,0.1784175
2024-01-20 06:00:00+00:00,0.18576525
2024-01-20 07:00:00+00:00,0.191375
2024-01-20 08:00:00+00:00,0.183139
2024-01-20 09:00:00+00:00,0.16768575000000002
2024-01-20 10:00:00+00:00,0.15293400000000001
2024-01-20 11:00:00+00:00,0.14111975
2024-01-20 12:00:00+00:00,0.12178575000000001
2024-01-20 13:00:00+00:00,0.12716024999999997
2024-01-20 14:00:00+00:00,0.16941475
2024-01-20 15:00:00+00:00,0.2211305
2024-01-20 16:00:00+00:00,0.23433674999999998
2024-01-20 17:00:00+00:00,0.22194899999999998
2024-01-20 18:00:00+00:00,0.21466125000000003
2024-01-20 19:00:00+00:00,0.21038575
2024-01-20 20:00:00+00:00,0.19721175000000002
2024-01-20 21:00:00+00:00,0.1891175
2024-01-20 22:00:00+00:00,0.17766049999999997
2024-01-20 23:00:00+00:00,0.168914
2024-01-21 00:00:00+00:00,0.15809525
2024-01-21 01:00:00+00:00,0.153934
2024-01-21 02:00:00+00:00,0.14820624999999998
2024-01-21 03:00:00+00:00,0.142124
2024-01-21 04:00:00+00:00,0.13946350000000002
2024-01-21 05:00:00+00:00,0.13497175
2024-01-21 06:00:00+00:00,0.1351245
2024-01-21 07:00:00+00:00,0.13664425
2024-01-21 08:00:00+00:00,0.13605175
2024-01-21 09:00:00+00:00,0.1275855
2024-01-21 10:00:00+00:00,0.12396474999999998
2024-01-21 11:00:00+00:00,0.1222695
2024-01-21 12:00:00+00:00,0.1198775
2024-01-21 13:00:00+00:00,0.12345375
2024-01-21 14:00:00+00:00,0.131738
2024-01-21 15:00:00+00:00,0.13236125
2024-01-21 16:00:00+00:00,0.140588
2024-01-21 17:00:00+00:00,0.14196925
2024-01-21 18:00:00+00:00,0.14056849999999999
2024-01-21 19:00:00+00:00,0.13180775
2024-01-21 20:00:00+00:00,0.12160699999999999
2024-01-21 21:00:00+00:00,0.12322725
2024-01-21 22:00:00+00:00,0.13781375
2024-01-21 23:00:00+00:00,0.1463665
2024-01-22 00:00:00+00:00,0.13602925000000002
2024-01-22 01:00:00+00:00,0.142344
2024-01-22 02:00:00+00:00,0.14062625
2024-01-22 03:00:00+00:00,0.14336625
2024-01-22 04:00:00+00:00,0.1550695
2024-01-22 05:00:00+00:00,0.166041
2024-01-22 06:00:00+00:00,0.16653525
2024-01-22 07:00:00+00:00,0.15156925
2024-01-22 08:00:00+00:00,0.14534625
2024-01-22 09:00:00+00:00,0.141395
2024-01-22 10:00:00+00:00,0.120859
2024-01-22 11:00:00+00:00,0.09620345
2024-01-22 12:00:00+00:00,0.0840416
2024-01-22 13:00:00+00:00,0.084586
2024-01-22 14:00:00+00:00,0.10774265
2024-01-22 15:00:00+00:00,0.13579525
2024-01-22 16:00:00+00:00,0.155716
2024-01-22 17:00:00+00:00,0.156523
2024-01-22 18:00:00+00:00,0.1505255
2024-01-22 19:00:00+00:00,0.149108
2024-01-22 20:00:00+00:00,0.13115200000000002
2024-01-22 21:00:00+00:00,0.1201435
2024-01-22 22:00:00+00:00,0.1176575
2024-01-22 23:00:00+00:00,0.11042125
2024-01-23 00:00:00+00:00,0.10926974999999998
2024-01-23 01:00:00+00:00,0.10975399999999999
2024-01-23 02:00:00+00:00,0.10827675
2024-01-23 03:00:00+00:00,0.11427274999999999
2024-01-23 04:00:00+00:00,0.1166195
2024-01-23 05:00:00+00:00,0.1358935
2024-01-23 06:00:00+00:00,0.17592575
2024-01-23 07:00:00+00:00,0.2058885
2024-01-23 08:00:00+00:00,0.20756899999999998
2024-01-23 09:00:00+00:00,0.165263
2024-01-23 10:00:00+00:00,0.12578475
2024-01-23 11:00:00+00:00,0.11250850000000001
2024-01-23 12:00:00+00:00,0.11403575
2024-01-23 13:00:00+00:00,0.1463645
2024-01-23 14:00:00+00:00,0.16689400000000001
2024-01-23 15:00:00+00:00,0.164185
2024-01-23 16:00:00+00:00,0.16704625
2024-01-23 17:00:00+00:00,0.16449799999999998
2024-01-23 18:00:00+00:00,0.15491724999999998
2024-01-23 19:00:00+00:00,0.136956
2024-01-23 20:00:00+00:00,0.12633825
2024-01-23 21:00:00+00:00,0.1226805
2024-01-23 22:00:00+00:00,0.12492
2024-01-23 23:00:00+00:00,0.127669
2024-01-24 00:00:00+00:00,0.1328425
2024-01-24 01:00:00+00:00,0.13138125
2024-01-24 02:00:00+00:00,0.14169900000000002
2024-01-24 03:00:00+00:00,0.1346185
2024-01-24 04:00:00+00:00,0.1069495
2024-01-24 05:00:00+00:00,0.1128805
2024-01-24 06:00:00+00:00,0.14148750000000002
2024-01-24 07:00:00+00:00,0.15465525
2024-01-24 08:00:00+00:00,0.15030425
2024-01-24 09:00:00+00:00,0.12763875
2024-01-24 10:00:00+00:00,0.1055265
2024-01-24 11:00:00+00:00,0.091924425
2024-01-24 12:00:00+00:00,0.09461802500000001
2024-01-24 13:00:00+00:00,0.09637647499999999
2024-01-24 14:00:00+00:00,0.11504075
2024-01-24 15:00:00+00:00,0.14382050000000002
2024-01-24 16:00:00+00:00,0.17064375
2024-01-24 17:00:00+00:00,0.189467
2024-01-24 18:00:00+00:00,0.19668300000000002
2024-01-24 19:00:00+00:00,0.19094875
2024-01-24 20:00:00+00:00,0.1808665
2024-01-24 21:00:00+00:00,0.1657865
2024-01-24 22:00:00+00:00,0.156937
2024-01-24 23:00:00+00:00,0.16356125
2024-01-25 00:00:00+00:00,0.173984
2024-01-25 01:00:00+00:00,0.1950225
2024-01-25 02:00:00+00:00,0.21942275
2024-01-25 03:00:00+00:00,0.25701275
2024-01-25 04:00:00+00:00,0.29493175
2024-01-25 05:00:00+00:00,0.31854875
2024-01-25 06:00:00+00:00,0.33676150000000005
2024-01-25 07:00:00+00:00,0.34322874999999997
2024-01-25 08:00:00+00:00,0.32709999999999995
2024-01-25 09:00:00+00:00,0.29348375000000004
2024-01-25 10:00:00+00:00,0.26732825
2024-01-25 11:00:00+00:00,0.24347375000000002
2024-01-25 12:00:00+00:00,0.23745225
2024-01-25 13:00:00+00:00,0.2530405
2024-01-25 14:00:00+00:00,0.27591875
2024-01-25 15:00:00+00:00,0.28566
2024-01-25 16:00:00+00:00,0.2876055
2024-01-25 17:00:00+00:00,0.27869625
2024-01-25 18:00:00+00:00,0.272582
2024-01-25 19:00:00+00:00,0.25952325
2024-01-25 20:00:00+00:00,0.24450325
2024-01-25 21:00:00+00:00,0.21931675
2024-01-25 22:00:00+00:00,0.20210525000000001
2024-01-25 23:00:00+00:00,0.17139749999999998
2024-01-26 00:00:00+00:00,0.14604774999999998
2024-01-26 01:00:00+00:00,0.13071125
2024-01-26 02:00:00+00:00,0.1258855
2024-01-26 03:00:00+00:00,0.11869075
2024-01-26 04:00:00+00:00,0.11521450000000001
2024-01-26 05:00:00+00:00,0.11446775000000001
2024-01-26 06:00:00+00:00,0.1294325
2024-01-26 07:00:00+00:00,0.140193
2024-01-26 08:00:00+00:00,0.14036175
2024-01-26 09:00:00+00:00,0.125759
2024-01-26 10:00:00+00:00,0.09131159999999999
2024-01-26 11:00:00+00:00,0.076263575
2024-01-26 12:00:00+00:00,0.083675375
2024-01-26 13:00:00+00:00,0.083142475
2024-01-26 14:00:00+00:00,0.094608675
2024-01-26 15:00:00+00:00,0.1378565
2024-01-26 16:00:00+00:00,0.18841475
2024-01-26 17:00:00+00:00,0.20880575
2024-01-26 18:00:00+00:00,0.2171555
2024-01-26 19:00:00+00:00,0.22805400000000003
2024-01-26 20:00:00+00:00,0.23557850000000002
2024-01-26 21:00:00+00:00,0.24664825
2024-01-26 22:00:00+00:00,0.2435285
2024-01-26 23:00:00+00:00,0.23773525
2024-01-27 00:00:00+00:00,0.21935575
2024-01-27 01:00:00+00:00,0.21958450000000002
2024-01-27 02:00:00+00:00,0.23056300000000002
2024-01-27 03:00:00+00:00,0.2319345
2024-01-27 04:00:00+00:00,0.229334
2024-01-27 05:00:00+00:00,0.2382825
2024-01-27 06:00:00+00:00,0.248988
2024-01-27 07:00:00+00:00,0.25703299999999996
2024-01-27 08:00:00+00:00,0.2254545
2024-01-27 09:00:00+00:00,0.1541695
2024-01-27 10:00:00+00:00,0.10992225
2024-01-27 11:00:00+00:00,0.09232575
2024-01-27 12:00:00+00:00,0.09195815
2024-01-27 13:00:00+00:00,0.11476925
2024-01-27 14:00:00+00:00,0.17766200000000001
2024-01-27 15:00:00+00:00,0.250169
2024-01-27 16:00:00+00:00,0.299858
2024-01-27 17:00:00+00:00,0.30174375
2024-01-27 18:00:00+00:00,0.301872
2024-01-27 19:00:00+00:00,0.29492825
2024-01-27 20:00:00+00:00,0.27830125
2024-01-27 21:00:00+00:00,0.2640625
2024-01-27 22:00:00+00:00,0.26286624999999997
2024-01-27 23:00:00+00:00,0.2564625
2024-01-28 00:00:00+00:00,0.24995625
2024-01-28 01:00:00+00:00,0.23772725
2024-01-28 02:00:00+00:00,0.21768449999999998
2024-01-28 03:00:00+00:00,0.21067249999999998
2024-01-28 04:00:00+00:00,0.2054735
2024-01-28 05:00:00+00:00,0.20890675000000003
2024-01-28 06:00:00+00:00,0.21219524999999997
2024-01-28 07:00:00+00:00,0.211838
2024-01-28 08:00:00+00:00,0.17023375
2024-01-28 09:00:00+00:00,0.1175335
2024-01-28 10:00:00+00:00,0.09497852500000001
2024-01-28 11:00:00+00:00,0.0838155
2024-01-28 12:00:00+00:00,0.0795999
2024-01-28 13:00:00+00:00,0.08988625
2024-01-28 14:00:00+00:00,0.11687225000000001
2024-01-28 15:00:00+00:00,0.173465
2024-01-28 16:00:00+00:00,0.2185865
2024-01-28 17:00:00+00:00,0.22152075
2024-01-28 18:00:00+00:00,0.20917025
2024-01-28 19:00:00+00:00,0.19893375
2024-01-28 20:00:00+00:00,0.18807924999999998
2024-01-28 21:00:00+00:00,0.18622275
2024-01-28 22:00:00+00:00,0.18953575
2024-01-28 23:00:00+00:00,0.18975925
2024-01-29 00:00:00+00:00,0.19538575
2024-01-29 01:00:00+00:00,0.20575925
2024-01-29 02:00:00+00:00,0.21570375
2024-01-29 03:00:00+00:00,0.2293825
2024-01-29 04:00:00+00:00,0.25564575
2024-01-29 05:00:00+00:00,0.2831485
2024-01-29 06:00:00+00:00,0.30440449999999997
2024-01-29 07:00:00+00:00,0.3078115
2024-01-29 08:00:00+00:00,0.28801475
2024-01-29 09:00:00+00:00,0.25172775
2024-01-29 10:00:00+00:00,0.2075635
2024-01-29 11:00:00+00:00,0.18748075
2024-01-29 12:00:00+00:00,0.20598
2024-01-29 13:00:00+00:00,0.25162225
2024-01-29 14:00:00+00:00,0.2938245
2024-01-29 15:00:00+00:00,0.3270075
2024-01-29 16:00:00+00:00,0.3446625
2024-01-29 17:00:00+00:00,0.33780575
2024-01-29 18:00:00+00:00,0.328076
2024-01-29 19:00:00+00:00,0.31319275
2024-01-29 20:00:00+00:00,0.29281775
2024-01-29 21:00:00+00:00,0.27744625
2024-01-29 22:00:00+00:00,0.25351925
2024-01-29 23:00:00+00:00,0.2512395
2024-01-30 00:00:00+00:00,0.25314800000000004
2024-01-30 01:00:00+00:00,0.2508215
2024-01-30 02:00:00+00:00,0.2401605
2024-01-30 03:00:00+00:00,0.22190725
2024-01-30 04:00:00+00:00,0.21764475
2024-01-30 05:00:00+00:00,0.230053
2024-01-30 06:00:00+00:00,0.2443445
2024-01-30 07:00:00+00:00,0.24086924999999998
2024-01-30 08:00:00+00:00,0.22442775
2024-01-30 09:00:00+00:00,0.1898665
2024-01-30 10:00:00+00:00,0.169718
2024-01-30 11:00:00+00:00,0.15352725
2024-01-30 12:00:00+00:00,0.14703149999999998
2024-01-30 13:00:00+00:00,0.151778
2024-01-30 14:00:00+00:00,0.17742025
2024-01-30 15:00:00+00:00,0.20637525
2024-01-30 16:00:00+00:00,0.22838075
2024-01-30 17:00:00+00:00,0.245351
2024-01-30 18:00:00+00:00,0.26513025
2024-01-30 19:00:00+00:00,0.27566875
2024-01-30 20:00:00+00:00,0.28482125
2024-01-30 21:00:00+00:00,0.3025295
2024-01-30 22:00:00+00:00,0.31532525
2024-01-30 23:00:00+00:00,0.32634
2024-01-31 00:00:00+00:00,0.32226099999999996
2024-01-31 01:00:00+00:00,0.32781175
2024-01-31 02:00:00+00:00,0.33938799999999997
2024-01-31 03:00:00+00:00,0.3372005
2024-01-31 04:00:00+00:00,0.33713899999999997
2024-01-31 05:00:00+00:00,0.336599
2024-01-31 06:00:00+00:00,0.3315305
2024-01-31 07:00:00+00:00,0.33050725000000003
2024-01-31 08:00:00+00:00,0.3174745
2024-01-31 09:00:00+00:00,0.2910565
2024-01-31 10:00:00+00:00,0.25359725
2024-01-31 11:00:00+00:00,0.21030049999999997
2024-01-31 12:00:00+00:00,0.18305425000000003
2024-01-31 13:00:00+00:00,0.17252125
2024-01-31 14:00:00+00:00,0.17006375
2024-01-31 15:00:00+00:00,0.18345475
2024-01-31 16:00:00+00:00,0.19072125
2024-01-31 17:00:00+00:00,0.18926575
2024-01-31 18:00:00+00:00,0.176066
2024-01-31 19:00:00+00:00,0.15616225
2024-01-31 20:00:00+00:00,0.14454075
2024-01-31 21:00:00+00:00,0.13330324999999998
2024-01-31 22:00:00+00:00,0.125387
2024-01-31 23:00:00+00:00,0.12140849999999999
2024-02-01 00:00:00+00:00,0.11505575
2024-02-01 01:00:00+00:00,0.11681599999999999
2024-02-01 02:00:00+00:00,0.12889925
2024-02-01 03:00:00+00:00,0.1586055
2024-02-01 04:00:00+00:00,0.1853415
2024-02-01 05:00:00+00:00,0.2215315
2024-02-01 06:00:00+00:00,0.25323925
2024-02-01 07:00:00+00:00,0.265178
2024-02-01 08:00:00+00:00,0.23266
2024-02-01 09:00:00+00:00,0.17410950000000003
2024-02-01 10:00:00+00:00,0.12995825
2024-02-01 11:00:00+00:00,0.11284949999999999
2024-02-01 12:00:00+00:00,0.111469
2024-02-01 13:00:00+00:00,0.13261525000000002
2024-02-01 14:00:00+00:00,0.1741025
2024-02-01 15:00:00+00:00,0.24025950000000001
2024-02-01 16:00:00+00:00,0.31869525
2024-02-01 17:00:00+00:00,0.33050324999999997
2024-02-01 18:00:00+00:00,0.33113875
2024-02-01 19:00:00+00:00,0.32021825
2024-02-01 20:00:00+00:00,0.30732375
2024-02-01 21:00:00+00:00,0.27274200000000004
2024-02-01 22:00:00+00:00,0.21272075
2024-02-01 23:00:00+00:00,0.1783995
2024-02-02 00:00:00+00:00,0.14223550000000001
2024-02-02 01:00:00+00:00,0.123417
2024-02-02 02:00:00+00:00,0.11957375
2024-02-02 03:00:00+00:00,0.11868875000000001
2024-02-02 04:00:00+00:00,0.121126
2024-02-02 05:00:00+00:00,0.13402175
2024-02-02 06:00:00+00:00,0.15159775
2024-02-02 07:00:00+00:00,0.15813775000000002
2024-02-02 08:00:00+00:00,0.14242749999999998
2024-02-02 09:00:00+00:00,0.12282349999999999
2024-02-02 10:00:00+00:00,0.100381725
2024-02-02 11:00:00+00:00,0.09720367499999999
2024-02-02 12:00:00+00:00,0.1035665
2024-02-02 13:00:00+00:00,0.100834925
2024-02-02 14:00:00+00:00,0.11219325
2024-02-02 15:00:00+00:00,0.12510325
2024-02-02 16:00:00+00:00,0.1393925
2024-02-02 17:00:00+00:00,0.14470225
2024-02-02 18:00:00+00:00,0.14273475
2024-02-02 19:00:00+00:00,0.13594174999999997
2024-02-02 20:00:00+00:00,0.12440625
2024-02-02 21:00:00+00:00,0.1103305
2024-02-02 22:00:00+00:00,0.10204250000000001
2024-02-02 23:00:00+00:00,0.09845245000000001
2024-02-03 00:00:00+00:00,0.09741040000000001
2024-02-03 01:00:00+00:00,0.09369034999999999
2024-02-03 02:00:00+00:00,0.0929491
2024-02-03 03:00:00+00:00,0.095058525
2024-02-03 04:00:00+00:00,0.09640007499999999
2024-02-03 05:00:00+00:00,0.099297
2024-02-03 06:00:00+00:00,0.10643225
2024-02-03 07:00:00+00:00,0.11400475
2024-02-03 08:00:00+00:00,0.11912774999999999
2024-02-03 09:00:00+00:00,0.10843475
2024-02-03 10:00:00+00:00,0.095630825
2024-02-03 11:00:00+00:00,0.0946556
2024-02-03 12:00:00+00:00,0.09395485
2024-02-03 13:00:00+00:00,0.0947537
2024-02-03 14:00:00+00:00,0.09793975
2024-02-03 15:00:00+00:00,0.1182925
2024-02-03 16:00:00+00:00,0.1445705
2024-02-03 17:00:00+00:00,0.17040850000000002
2024-02-03 18:00:00+00:00,0.17569175
2024-02-03 19:00:00+00:00,0.16989725
2024-02-03 20:00:00+00:00,0.1453875
2024-02-03 21:00:00+00:00,0.131525
2024-02-03 22:00:00+00:00,0.11919625
2024-02-03 23:00:00+00:00,0.10742775
2024-02-04 00:00:00+00:00,0.10502075
2024-02-04 01:00:00+00:00,0.10688575
2024-02-04 02:00:00+00:00,0.1088095
2024-02-04 03:00:00+00:00,0.11039725
2024-02-04 04:00:00+00:00,0.1081435
2024-02-04 05:00:00+00:00,0.10806524999999999
2024-02-04 06:00:00+00:00,0.10197200000000001
2024-02-04 07:00:00+00:00,0.101209525
2024-02-04 08:00:00+00:00,0.094619925
2024-02-04 09:00:00+00:00,0.09110027500000001
2024-02-04 10:00:00+00:00,0.080627575
2024-02-04 11:00:00+00:00,0.074705775
2024-02-04 12:00:00+00:00,0.072578925
2024-02-04 13:00:00+00:00,0.076078875
2024-02-04 14:00:00+00:00,0.087686925
2024-02-04 15:00:00+00:00,0.095023975
2024-02-04 16:00:00+00:00,0.103518
2024-02-04 17:00:00+00:00,0.10299275
2024-02-04 18:00:00+00:00,0.099300875
2024-02-04 19:00:00+00:00,0.093618075
2024-02-04 20:00:00+00:00,0.090648375
2024-02-04 21:00:00+00:00,0.08750745
2024-02-04 22:00:00+00:00,0.08838227500000001
2024-02-04 23:00:00+00:00,0.08399480000000001
2024-02-05 00:00:00+00:00,0.0835817
2024-02-05 01:00:00+00:00,0.082262025
2024-02-05 02:00:00+00:00,0.0813223
2024-02-05 03:00:00+00:00,0.085609825
2024-02-05 04:00:00+00:00,0.08865627499999999
2024-02-05 05:00:00+00:00,0.103901325
2024-02-05 06:00:00+00:00,0.12143575000000001
2024-02-05 07:00:00+00:00,0.128557
2024-02-05 08:00:00+00:00,0.12380775000000001
2024-02-05 09:00:00+00:00,0.11148
2024-02-05 10:00:00+00:00,0.09960995000000002
2024-02-05 11:00:00+00:00,0.08556922500000001
2024-02-05 12:00:00+00:00,0.08696984999999999
2024-02-05 13:00:00+00:00,0.0981798
2024-02-05 14:00:00+00:00,0.11040475
2024-02-05 15:00:00+00:00,0.12100624999999998
2024-02-05 16:00:00+00:00,0.13445975
2024-02-05 17:00:00+00:00,0.13746324999999998
2024-02-05 18:00:00+00:00,0.13371825
2024-02-05 19:00:00+00:00,0.12562225
2024-02-05 20:00:00+00:00,0.1157155
2024-02-05 21:00:00+00:00,0.10626475
2024-02-05 22:00:00+00:00,0.10218175
2024-02-05 23:00:00+00:00,0.093097175
2024-02-06 00:00:00+00:00,0.08736895
2024-02-06 01:00:00+00:00,0.087752625
2024-02-06 02:00:00+00:00,0.08823015000000001
2024-02-06 03:00:00+00:00,0.088227525
2024-02-06 04:00:00+00:00,0.090370675
2024-02-06 05:00:00+00:00,0.09845165
2024-02-06 06:00:00+00:00,0.1100515
2024-02-06 07:00:00+00:00,0.11942425000000001
2024-02-06 08:00:00+00:00,0.11759
2024-02-06 09:00:00+00:00,0.11007750000000001
2024-02-06 10:00:00+00:00,0.096914625
2024-02-06 11:00:00+00:00,0.09424489999999999
2024-02-06 12:00:00+00:00,0.10157875000000001
2024-02-06 13:00:00+00:00,0.0980624
2024-02-06 14:00:00+00:00,0.10439525
2024-02-06 15:00:00+00:00,0.11414200000000002
2024-02-06 16:00:00+00:00,0.12607475
2024-02-06 17:00:00+00:00,0.12655650000000002
2024-02-06 18:00:00+00:00,0.1257665
2024-02-06 19:00:00+00:00,0.12900475
2024-02-06 20:00:00+00:00,0.120242
2024-02-06 21:00:00+00:00,0.11162849999999999
2024-02-06 22:00:00+00:00,0.1182025
2024-02-06 23:00:00+00:00,0.13816699999999998
2024-02-07 00:00:00+00:00,0.16012025
2024-02-07 01:00:00+00:00,0.16658325000000002
2024-02-07 02:00:00+00:00,0.16795174999999998
2024-02-07 03:00:00+00:00,0.19040324999999997
2024-02-07 04:00:00+00:00,0.23232225
2024-02-07 05:00:00+00:00,0.27522275
2024-02-07 06:00:00+00:00,0.313634
2024-02-07 07:00:00+00:00,0.33499300000000004
2024-02-07 08:00:00+00:00,0.332527
2024-02-07 09:00:00+00:00,0.320449
2024-02-07 10:00:00+00:00,0.28920124999999997
2024-02-07 11:00:00+00:00,0.2454155
2024-02-07 12:00:00+00:00,0.22705625000000002
2024-02-07 13:00:00+00:00,0.2595245
2024-02-07 14:00:00+00:00,0.29845849999999996
2024-02-07 15:00:00+00:00,0.33342174999999996
2024-02-07 16:00:00+00:00,0.3607265
2024-02-07 17:00:00+00:00,0.36281325
2024-02-07 18:00:00+00:00,0.36247850000000004
2024-02-07 19:00:00+00:00,0.3614215
2024-02-07 20:00:00+00:00,0.36088475
2024-02-07 21:00:00+00:00,0.3597115
2024-02-07 22:00:00+00:00,0.35695275
2024-02-07 23:00:00+00:00,0.35758675
2024-02-08 00:00:00+00:00,0.35578675000000004
2024-02-08 01:00:00+00:00,0.35634374999999996
2024-02-08 02:00:00+00:00,0.3546275
2024-02-08 03:00:00+00:00,0.352925
2024-02-08 04:00:00+00:00,0.35294125
2024-02-08 05:00:00+00:00,0.35775925
2024-02-08 06:00:00+00:00,0.35234925
2024-02-08 07:00:00+00:00,0.33760674999999996
2024-02-08 08:00:00+00:00,0.31342949999999997
2024-02-08 09:00:00+00:00,0.29784875
2024-02-08 10:00:00+00:00,0.288651
2024-02-08 11:00:00+00:00,0.28282949999999996
2024-02-08 12:00:00+00:00,0.27421375000000003
2024-02-08 13:00:00+00:00,0.27373475
2024-02-08 14:00:00+00:00,0.271341
2024-02-08 15:00:00+00:00,0.25982
2024-02-08 16:00:00+00:00,0.24160525
2024-02-08 17:00:00+00:00,0.2447685
2024-02-08 18:00:00+00:00,0.23161025000000002
2024-02-08 19:00:00+00:00,0.2169045
2024-02-08 20:00:00+00:00,0.20511000000000001
2024-02-08 21:00:00+00:00,0.1941995
2024-02-08 22:00:00+00:00,0.17842875
2024-02-08 23:00:00+00:00,0.1764865
2024-02-09 00:00:00+00:00,0.1692265
2024-02-09 01:00:00+00:00,0.16520300000000002
2024-02-09 02:00:00+00:00,0.16051375
2024-02-09 03:00:00+00:00,0.160644
2024-02-09 04:00:00+00:00,0.1575285
2024-02-09 05:00:00+00:00,0.15875825
2024-02-09 06:00:00+00:00,0.16881100000000002
2024-02-09 07:00:00+00:00,0.17453925
2024-02-09 08:00:00+00:00,0.168524
2024-02-09 09:00:00+00:00,0.15466850000000001
2024-02-09 10:00:00+00:00,0.1433175
2024-02-09 11:00:00+00:00,0.1341085
2024-02-09 12:00:00+00:00,0.136209
2024-02-09 13:00:00+00:00,0.15335775000000001
2024-02-09 14:00:00+00:00,0.17710225
2024-02-09 15:00:00+00:00,0.21035199999999998
2024-02-09 16:00:00+00:00,0.23803325
2024-02-09 17:00:00+00:00,0.24324574999999998
2024-02-09 18:00:00+00:00,0.24588325
2024-02-09 19:00:00+00:00,0.24259325
2024-02-09 20:00:00+00:00,0.22766224999999998
2024-02-09 21:00:00+00:00,0.2140705
2024-02-09 22:00:00+00:00,0.2186035
2024-02-09 23:00:00+00:00,0.211845
2024-02-10 00:00:00+00:00,0.21211875
2024-02-10 01:00:00+00:00,0.210958
2024-02-10 02:00:00+00:00,0.212293
2024-02-10 03:00:00+00:00,0.22214899999999999
2024-02-10 04:00:00+00:00,0.23712075000000002
2024-02-10 05:00:00+00:00,0.258559
2024-02-10 06:00:00+00:00,0.2887675
2024-02-10 07:00:00+00:00,0.3007635
2024-02-10 08:00:00+00:00,0.288042
2024-02-10 09:00:00+00:00,0.27074875
2024-02-10 10:00:00+00:00,0.2371805
2024-02-10 11:00:00+00:00,0.214665
2024-02-10 12:00:00+00:00,0.22475075
2024-02-10 13:00:00+00:00,0.2427285
2024-02-10 14:00:00+00:00,0.28579325
2024-02-10 15:00:00+00:00,0.316483
2024-02-10 16:00:00+00:00,0.33691325000000005
2024-02-10 17:00:00+00:00,0.33886375
2024-02-10 18:00:00+00:00,0.32590399999999997
2024-02-10 19:00:00+00:00,0.3064865
2024-02-10 20:00:00+00:00,0.2815305
2024-02-10 21:00:00+00:00,0.27550425
2024-02-10 22:00:00+00:00,0.2630425
2024-02-10 23:00:00+00:00,0.23826224999999998
2024-02-11 00:00:00+00:00,0.239663
2024-02-11 01:00:00+00:00,0.23769075
2024-02-11 02:00:00+00:00,0.21319549999999998
2024-02-11 03:00:00+00:00,0.224846
2024-02-11 04:00:00+00:00,0.23374525000000002
2024-02-11 05:00:00+00:00,0.24164549999999999
2024-02-11 06:00:00+00:00,0.2462515
2024-02-11 07:00:00+00:00,0.2471485
2024-02-11 08:00:00+00:00,0.2340495
2024-02-11 09:00:00+00:00,0.22060375000000002
2024-02-11 10:00:00+00:00,0.20647475
2024-02-11 11:00:00+00:00,0.18887574999999998
2024-02-11 12:00:00+00:00,0.18374325
2024-02-11 13:00:00+00:00,0.208347
2024-02-11 14:00:00+00:00,0.2390915
2024-02-11 15:00:00+00:00,0.26977425
2024-02-11 16:00:00+00:00,0.31380275
2024-02-11 17:00:00+00:00,0.33676475
2024-02-11 18:00:00+00:00,0.3306345
2024-02-11 19:00:00+00:00,0.32701575
2024-02-11 20:00:00+00:00,0.31697949999999997
2024-02-11 21:00:00+00:00,0.31787875
2024-02-11 22:00:00+00:00,0.31185375
2024-02-11 23:00:00+00:00,0.30960475
2024-02-12 00:00:00+00:00,0.29860600000000004
2024-02-12 01:00:00+00:00,0.30661925
2024-02-12 02:00:00+00:00,0.30305625
2024-02-12 03:00:00+00:00,0.30785275
2024-02-12 04:00:00+00:00,0.31890850000000004
2024-02-12 05:00:00+00:00,0.33471625000000005
2024-02-12 06:00:00+00:00,0.34882199999999997
2024-02-12 07:00:00+00:00,0.349795
2024-02-12 08:00:00+00:00,0.31264749999999997
2024-02-12 09:00:00+00:00,0.27802425
2024-02-12 10:00:00+00:00,0.25617025000000004
2024-02-12 11:00:00+00:00,0.22585675
2024-02-12 12:00:00+00:00,0.2109915
2024-02-12 13:00:00+00:00,0.213459
2024-02-12 14:00:00+00:00,0.21234999999999998
2024-02-12 15:00:00+00:00,0.24512650000000002
2024-02-12 16:00:00+00:00,0.28867149999999997
2024-02-12 17:00:00+00:00,0.31646125
2024-02-12 18:00:00+00:00,0.3203935
2024-02-12 19:00:00+00:00,0.319541
2024-02-12 20:00:00+00:00,0.306034
2024-02-12 21:00:00+00:00,0.2955265
2024-02-12 22:00:00+00:00,0.28590375
2024-02-12 23:00:00+00:00,0.26565575
2024-02-13 00:00:00+00:00,0.228715
2024-02-13 01:00:00+00:00,0.21910374999999999
2024-02-13 02:00:00+00:00,0.212418
2024-02-13 03:00:00+00:00,0.2023475
2024-02-13 04:00:00+00:00,0.2095225
2024-02-13 05:00:00+00:00,0.2294775
2024-02-13 06:00:00+00:00,0.247016
2024-02-13 07:00:00+00:00,0.23972349999999998
2024-02-13 08:00:00+00:00,0.20252674999999998
2024-02-13 09:00:00+00:00,0.15041875
2024-02-13 10:00:00+00:00,0.12253499999999999
2024-02-13 11:00:00+00:00,0.1123665
2024-02-13 12:00:00+00:00,0.12730475
2024-02-13 13:00:00+00:00,0.14065624999999998
2024-02-13 14:00:00+00:00,0.19496549999999999
2024-02-13 15:00:00+00:00,0.24467450000000002
2024-02-13 16:00:00+00:00,0.27195275
2024-02-13 17:00:00+00:00,0.27610075
2024-02-13 18:00:00+00:00,0.27319175
2024-02-13 19:00:00+00:00,0.2626165
2024-02-13 20:00:00+00:00,0.2329375
2024-02-13 21:00:00+00:00,0.197681
2024-02-13 22:00:00+00:00,0.1783165
2024-02-13 23:00:00+00:00,0.16677175
2024-02-14 00:00:00+00:00,0.14831125
2024-02-14 01:00:00+00:00,0.14024
2024-02-14 02:00:00+00:00,0.1387165
2024-02-14 03:00:00+00:00,0.14732925
2024-02-14 04:00:00+00:00,0.16324425
2024-02-14 05:00:00+00:00,0.183068
2024-02-14 06:00:00+00:00,0.20455749999999998
2024-02-14 07:00:00+00:00,0.21561425
2024-02-14 08:00:00+00:00,0.20514825000000003
2024-02-14 09:00:00+00:00,0.1896175
2024-02-14 10:00:00+00:00,0.17696525
2024-02-14 11:00:00+00:00,0.169744
2024-02-14 12:00:00+00:00,0.1775045
2024-02-14 13:00:00+00:00,0.18276799999999999
2024-02-14 14:00:00+00:00,0.19212625
2024-02-14 15:00:00+00:00,0.21184099999999997
2024-02-14 16:00:00+00:00,0.22737024999999997
2024-02-14 17:00:00+00:00,0.22944175
2024-02-14 18:00:00+00:00,0.22771074999999996
2024-02-14 19:00:00+00:00,0.21904849999999998
2024-02-14 20:00:00+00:00,0.20264675000000001
2024-02-14 21:00:00+00:00,0.18394299999999997
2024-02-14 22:00:00+00:00,0.17511775000000002
2024-02-14 23:00:00+00:00,0.18080725
2024-02-15 00:00:00+00:00,0.18777425000000003
2024-02-15 01:00:00+00:00,0.183901
2024-02-15 02:00:00+00:00,0.18814975
2024-02-15 03:00:00+00:00,0.20625775
2024-02-15 04:00:00+00:00,0.21933924999999999
2024-02-15 05:00:00+00:00,0.24220824999999999
2024-02-15 06:00:00+00:00,0.25424225
2024-02-15 07:00:00+00:00,0.25976299999999997
2024-02-15 08:00:00+00:00,0.2575275
2024-02-15 09:00:00+00:00,0.24923174999999997
2024-02-15 10:00:00+00:00,0.23279725
2024-02-15 11:00:00+00:00,0.21645225
2024-02-15 12:00:00+00:00,0.21257325
2024-02-15 13:00:00+00:00,0.20905400000000002
2024-02-15 14:00:00+00:00,0.22754525
2024-02-15 15:00:00+00:00,0.2553515
2024-02-15 16:00:00+00:00,0.28415875
2024-02-15 17:00:00+00:00,0.28969125
2024-02-15 18:00:00+00:00,0.27307650000000006
2024-02-15 19:00:00+00:00,0.24793225
2024-02-15 20:00:00+00:00,0.2209125
2024-02-15 21:00:00+00:00,0.20694325
2024-02-15 22:00:00+00:00,0.195142
2024-02-15 23:00:00+00:00,0.17722025
2024-02-16 00:00:00+00:00,0.18712475
2024-02-16 01:00:00+00:00,0.19452424999999998
2024-02-16 02:00:00+00:00,0.19467774999999998
2024-02-16 03:00:00+00:00,0.19011524999999999
2024-02-16 04:00:00+00:00,0.1866835
2024-02-16 05:00:00+00:00,0.188145
2024-02-16 06:00:00+00:00,0.2118465
2024-02-16 07:00:00+00:00,0.21543574999999998
2024-02-16 08:00:00+00:00,0.20732325
2024-02-16 09:00:00+00:00,0.204395
2024-02-16 10:00:00+00:00,0.2146855
2024-02-16 11:00:00+00:00,0.21468125
2024-02-16 12:00:00+00:00,0.2031705
2024-02-16 13:00:00+00:00,0.19443025000000003
2024-02-16 14:00:00+00:00,0.204799
2024-02-16 15:00:00+00:00,0.2355905
2024-02-16 16:00:00+00:00,0.276048
2024-02-16 17:00:00+00:00,0.29438600000000004
2024-02-16 18:00:00+00:00,0.30657425000000005
2024-02-16 19:00:00+00:00,0.30157875
2024-02-16 20:00:00+00:00,0.28480275
2024-02-16 21:00:00+00:00,0.2829425
2024-02-16 22:00:00+00:00,0.2736015
2024-02-16 23:00:00+00:00,0.26796325
2024-02-17 00:00:00+00:00,0.269574
2024-02-17 01:00:00+00:00,0.27404075
2024-02-17 02:00:00+00:00,0.28510425
2024-02-17 03:00:00+00:00,0.2957745
2024-02-17 04:00:00+00:00,0.30307825
2024-02-17 05:00:00+00:00,0.31464024999999995
2024-02-17 06:00:00+00:00,0.33491325
2024-02-17 07:00:00+00:00,0.347082
2024-02-17 08:00:00+00:00,0.32319275000000003
2024-02-17 09:00:00+00:00,0.27223499999999995
2024-02-17 10:00:00+00:00,0.22749825
2024-02-17 11:00:00+00:00,0.207302
2024-02-17 12:00:00+00:00,0.19952525000000002
2024-02-17 13:00:00+00:00,0.2142975
2024-02-17 14:00:00+00:00,0.24035225000000002
2024-02-17 15:00:00+00:00,0.28242375000000003
2024-02-17 16:00:00+00:00,0.32305825
2024-02-17 17:00:00+00:00,0.3296085
2024-02-17 18:00:00+00:00,0.319666
2024-02-17 19:00:00+00:00,0.30766075000000004
2024-02-17 20:00:00+00:00,0.29936825
2024-02-17 21:00:00+00:00,0.26948
2024-02-17 22:00:00+00:00,0.2295905
2024-02-17 23:00:00+00:00,0.18461750000000002
2024-02-18 00:00:00+00:00,0.15566825
2024-02-18 01:00:00+00:00,0.14169825000000003
2024-02-18 02:00:00+00:00,0.132275
2024-02-18 03:00:00+00:00,0.126411
2024-02-18 04:00:00+00:00,0.122302
2024-02-18 05:00:00+00:00,0.12035699999999999
2024-02-18 06:00:00+00:00,0.11966375
2024-02-18 07:00:00+00:00,0.11864799999999999
2024-02-18 08:00:00+00:00,0.11429475
2024-02-18 09:00:00+00:00,0.11085700000000001
2024-02-18 10:00:00+00:00,0.10637875
2024-02-18 11:00:00+00:00,0.10721149999999999
2024-02-18 12:00:00+00:00,0.11258824999999999
2024-02-18 13:00:00+00:00,0.122995
2024-02-18 14:00:00+00:00,0.13223725
2024-02-18 15:00:00+00:00,0.1559385
2024-02-18 16:00:00+00:00,0.17134525
2024-02-18 17:00:00+00:00,0.17034099999999996
2024-02-18 18:00:00+00:00,0.17450375
2024-02-18 19:00:00+00:00,0.1661565
2024-02-18 20:00:00+00:00,0.159815
2024-02-18 21:00:00+00:00,0.15521025
2024-02-18 22:00:00+00:00,0.15281175
2024-02-18 23:00:00+00:00,0.17247374999999998
2024-02-19 00:00:00+00:00,0.182137
2024-02-19 01:00:00+00:00,0.18983674999999997
2024-02-19 02:00:00+00:00,0.20284900000000003
2024-02-19 03:00:00+00:00,0.21550049999999998
2024-02-19 04:00:00+00:00,0.236259
2024-02-19 05:00:00+00:00,0.26292525
2024-02-19 06:00:00+00:00,0.2901365
2024-02-19 07:00:00+00:00,0.28695725
2024-02-19 08:00:00+00:00,0.24522699999999997
2024-02-19 09:00:00+00:00,0.20977849999999998
2024-02-19 10:00:00+00:00,0.1976835
2024-02-19 11:00:00+00:00,0.1850205
2024-02-19 12:00:00+00:00,0.18651825
2024-02-19 13:00:00+00:00,0.18903525000000002
2024-02-19 14:00:00+00:00,0.19388350000000001
2024-02-19 15:00:00+00:00,0.21930425
2024-02-19 16:00:00+00:00,0.2375485
2024-02-19 17:00:00+00:00,0.24107825
2024-02-19 18:00:00+00:00,0.2462925
2024-02-19 19:00:00+00:00,0.24479225
2024-02-19 20:00:00+00:00,0.24414424999999998
2024-02-19 21:00:00+00:00,0.2517825
2024-02-19 22:00:00+00:00,0.25734450000000003
2024-02-19 23:00:00+00:00,0.25521325
2024-02-20 00:00:00+00:00,0.253749
2024-02-20 01:00:00+00:00,0.257647
2024-02-20 02:00:00+00:00,0.261735
2024-02-20 03:00:00+00:00,0.27375925
2024-02-20 04:00:00+00:00,0.296008
2024-02-20 05:00:00+00:00,0.319245
2024-02-20 06:00:00+00:00,0.332365
2024-02-20 07:00:00+00:00,0.31742625
2024-02-20 08:00:00+00:00,0.2715495
2024-02-20 09:00:00+00:00,0.21346974999999999
2024-02-20 10:00:00+00:00,0.15866999999999998
2024-02-20 11:00:00+00:00,0.11773125
2024-02-20 12:00:00+00:00,0.099931175
2024-02-20 13:00:00+00:00,0.10674875
2024-02-20 14:00:00+00:00,0.11915675
2024-02-20 15:00:00+00:00,0.14444449999999998
2024-02-20 16:00:00+00:00,0.167412
2024-02-20 17:00:00+00:00,0.17576225
2024-02-20 18:00:00+00:00,0.17314500000000002
2024-02-20 19:00:00+00:00,0.160045
2024-02-20 20:00:00+00:00,0.13879075
2024-02-20 21:00:00+00:00,0.1337085
2024-02-20 22:00:00+00:00,0.12963825
2024-02-20 23:00:00+00:00,0.124331
2024-02-21 00:00:00+00:00,0.12701125
2024-02-21 01:00:00+00:00,0.12974175
2024-02-21 02:00:00+00:00,0.13096125000000003
2024-02-21 03:00:00+00:00,0.14684599999999998
2024-02-21 04:00:00+00:00,0.17030375
2024-02-21 05:00:00+00:00,0.19683
2024-02-21 06:00:00+00:00,0.2156845
2024-02-21 07:00:00+00:00,0.208464
2024-02-21 08:00:00+00:00,0.17578950000000002
2024-02-21 09:00:00+00:00,0.15070875
2024-02-21 10:00:00+00:00,0.12622624999999998
2024-02-21 11:00:00+00:00,0.110451
2024-02-21 12:00:00+00:00,0.10506000000000001
2024-02-21 13:00:00+00:00,0.11039025
2024-02-21 14:00:00+00:00,0.12206750000000001
2024-02-21 15:00:00+00:00,0.137387
2024-02-21 16:00:00+00:00,0.14512524999999998
2024-02-21 17:00:00+00:00,0.14491775
2024-02-21 18:00:00+00:00,0.13488875
2024-02-21 19:00:00+00:00,0.12478725
2024-02-21 20:00:00+00:00,0.11387049999999999
2024-02-21 21:00:00+00:00,0.10612825
2024-02-21 22:00:00+00:00,0.105578
2024-02-21 23:00:00+00:00,0.10852925
2024-02-22 00:00:00+00:00,0.11449524999999999
2024-02-22 01:00:00+00:00,0.128187
2024-02-22 02:00:00+00:00,0.140941
2024-02-22 03:00:00+00:00,0.15614775
2024-02-22 04:00:00+00:00,0.16701725
2024-02-22 05:00:00+00:00,0.1997065
2024-02-22 06:00:00+00:00,0.219345
2024-02-22 07:00:00+00:00,0.22317975
2024-02-22 08:00:00+00:00,0.19330724999999999
2024-02-22 09:00:00+00:00,0.15735125000000003
2024-02-22 10:00:00+00:00,0.139841
2024-02-22 11:00:00+00:00,0.14152475
2024-02-22 12:00:00+00:00,0.1332905
2024-02-22 13:00:00+00:00,0.13082749999999999
2024-02-22 14:00:00+00:00,0.13565725
2024-02-22 15:00:00+00:00,0.1362175
2024-02-22 16:00:00+00:00,0.1386325
2024-02-22 17:00:00+00:00,0.13378725
2024-02-22 18:00:00+00:00,0.1252435
2024-02-22 19:00:00+00:00,0.11955075
2024-02-22 20:00:00+00:00,0.11493875
2024-02-22 21:00:00+00:00,0.1101345
2024-02-22 22:00:00+00:00,0.11452575
2024-02-22 23:00:00+00:00,0.102351
2024-02-23 00:00:00+00:00,0.0987961
2024-02-23 01:00:00+00:00,0.09797327500000001
2024-02-23 02:00:00+00:00,0.10080125
2024-02-23 03:00:00+00:00,0.10157525
2024-02-23 04:00:00+00:00,0.104004
2024-02-23 05:00:00+00:00,0.11311874999999999
2024-02-23 06:00:00+00:00,0.11977775
2024-02-23 07:00:00+00:00,0.11774075
2024-02-23 08:00:00+00:00,0.10824425
2024-02-23 09:00:00+00:00,0.098771475
2024-02-23 10:00:00+00:00,0.094888975
2024-02-23 11:00:00+00:00,0.09300805
2024-02-23 12:00:00+00:00,0.0868292
2024-02-23 13:00:00+00:00,0.094609
2024-02-23 14:00:00+00:00,0.10852049999999999
2024-02-23 15:00:00+00:00,0.145104
2024-02-23 16:00:00+00:00,0.199929
2024-02-23 17:00:00+00:00,0.23799325
2024-02-23 18:00:00+00:00,0.24084100000000003
2024-02-23 19:00:00+00:00,0.24342350000000001
2024-02-23 20:00:00+00:00,0.25380625
2024-02-23 21:00:00+00:00,0.22928949999999998
2024-02-23 22:00:00+00:00,0.22633575
2024-02-23 23:00:00+00:00,0.2182905
2024-02-24 00:00:00+00:00,0.22078375
2024-02-24 01:00:00+00:00,0.20657775
2024-02-24 02:00:00+00:00,0.20298425
2024-02-24 03:00:00+00:00,0.212337
2024-02-24 04:00:00+00:00,0.2175745
2024-02-24 05:00:00+00:00,0.24068199999999998
2024-02-24 06:00:00+00:00,0.25549025000000003
2024-02-24 07:00:00+00:00,0.24527649999999998
2024-02-24 08:00:00+00:00,0.2046635
2024-02-24 09:00:00+00:00,0.173499
2024-02-24 10:00:00+00:00,0.14761025
2024-02-24 11:00:00+00:00,0.134011
2024-02-24 12:00:00+00:00,0.12642875
2024-02-24 13:00:00+00:00,0.11876425000000002
2024-02-24 14:00:00+00:00,0.12650450000000002
2024-02-24 15:00:00+00:00,0.15608650000000002
2024-02-24 16:00:00+00:00,0.21567224999999998
2024-02-24 17:00:00+00:00,0.25183325
2024-02-24 18:00:00+00:00,0.261625
2024-02-24 19:00:00+00:00,0.24872999999999998
2024-02-24 20:00:00+00:00,0.24396325
2024-02-24 21:00:00+00:00,0.22343000000000002
2024-02-24 22:00:00+00:00,0.22718024999999997
2024-02-24 23:00:00+00:00,0.22994475
2024-02-25 00:00:00+00:00,0.2458205
2024-02-25 01:00:00+00:00,0.2501715
2024-02-25 02:00:00+00:00,0.24475650000000002
2024-02-25 03:00:00+00:00,0.24613274999999998
2024-02-25 04:00:00+00:00,0.26630575
2024-02-25 05:00:00+00:00,0.279037
2024-02-25 06:00:00+00:00,0.28565799999999997
2024-02-25 07:00:00+00:00,0.28124525
2024-02-25 08:00:00+00:00,0.24367975000000003
2024-02-25 09:00:00+00:00,0.1859665
2024-02-25 10:00:00+00:00,0.1647905
2024-02-25 11:00:00+00:00,0.16486
2024-02-25 12:00:00+00:00,0.1571695
2024-02-25 13:00:00+00:00,0.15835100000000002
2024-02-25 14:00:00+00:00,0.19629225000000003
2024-02-25 15:00:00+00:00,0.236704
2024-02-25 16:00:00+00:00,0.29646675
2024-02-25 17:00:00+00:00,0.31898775
2024-02-25 18:00:00+00:00,0.28823925
2024-02-25 19:00:00+00:00,0.26940425
2024-02-25 20:00:00+00:00,0.24663075
2024-02-25 21:00:00+00:00,0.22997599999999999
2024-02-25 22:00:00+00:00,0.2200485
2024-02-25 23:00:00+00:00,0.20083475
2024-02-26 00:00:00+00:00,0.18376
2024-02-26 01:00:00+00:00,0.17314675000000002
2024-02-26 02:00:00+00:00,0.1724265
2024-02-26 03:00:00+00:00,0.17275274999999998
2024-02-26 04:00:00+00:00,0.18119649999999998
2024-02-26 05:00:00+00:00,0.1982955
2024-02-26 06:00:00+00:00,0.209997
2024-02-26 07:00:00+00:00,0.2103315
2024-02-26 08:00:00+00:00,0.20126824999999998
2024-02-26 09:00:00+00:00,0.18487925
2024-02-26 10:00:00+00:00,0.16957699999999998
2024-02-26 11:00:00+00:00,0.16414325
2024-02-26 12:00:00+00:00,0.16182075
2024-02-26 13:00:00+00:00,0.165565
2024-02-26 14:00:00+00:00,0.17112224999999998
2024-02-26 15:00:00+00:00,0.18108325
2024-02-26 16:00:00+00:00,0.19665
2024-02-26 17:00:00+00:00,0.21049225
2024-02-26 18:00:00+00:00,0.212129
2024-02-26 19:00:00+00:00,0.20666650000000003
2024-02-26 20:00:00+00:00,0.20261774999999999
2024-02-26 21:00:00+00:00,0.19823625
2024-02-26 22:00:00+00:00,0.1984885
2024-02-26 23:00:00+00:00,0.200619
2024-02-27 00:00:00+00:00,0.2116875
2024-02-27 01:00:00+00:00,0.21733249999999998
2024-02-27 02:00:00+00:00,0.22915025
2024-02-27 03:00:00+00:00,0.24683974999999997
2024-02-27 04:00:00+00:00,0.26944575
2024-02-27 05:00:00+00:00,0.30389625000000003
2024-02-27 06:00:00+00:00,0.3280405
2024-02-27 07:00:00+00:00,0.3219465
2024-02-27 08:00:00+00:00,0.27980425000000003
2024-02-27 09:00:00+00:00,0.24476375
2024-02-27 10:00:00+00:00,0.22398225
2024-02-27 11:00:00+00:00,0.20125449999999998
2024-02-27 12:00:00+00:00,0.200517
2024-02-27 13:00:00+00:00,0.204173
2024-02-27 14:00:00+00:00,0.22551949999999998
2024-02-27 15:00:00+00:00,0.275447
2024-02-27 16:00:00+00:00,0.33826
2024-02-27 17:00:00+00:00,0.36773649999999997
2024-02-27 18:00:00+00:00,0.36795525
2024-02-27 19:00:00+00:00,0.36239200000000005
2024-02-27 20:00:00+00:00,0.35558875
2024-02-27 21:00:00+00:00,0.34358675
2024-02-27 22:00:00+00:00,0.32807725
2024-02-27 23:00:00+00:00,0.31438475
2024-02-28 00:00:00+00:00,0.30563025
2024-02-28 01:00:00+00:00,0.30280650000000003
2024-02-28 02:00:00+00:00,0.30487375
2024-02-28 03:00:00+00:00,0.317364
2024-02-28 04:00:00+00:00,0.33083425
2024-02-28 05:00:00+00:00,0.34647324999999995
2024-02-28 06:00:00+00:00,0.35199375
2024-02-28 07:00:00+00:00,0.34509775000000004
2024-02-28 08:00:00+00:00,0.31965425
2024-02-28 09:00:00+00:00,0.27106624999999995
2024-02-28 10:00:00+00:00,0.2331935
2024-02-28 11:00:00+00:00,0.2172775
2024-02-28 12:00:00+00:00,0.21450625
2024-02-28 13:00:00+00:00,0.22467299999999998
2024-02-28 14:00:00+00:00,0.22739875
2024-02-28 15:00:00+00:00,0.23427125
2024-02-28 16:00:00+00:00,0.2497715
2024-02-28 17:00:00+00:00,0.26515500000000003
2024-02-28 18:00:00+00:00,0.25901425
2024-02-28 19:00:00+00:00,0.24048925
2024-02-28 20:00:00+00:00,0.20876024999999998
2024-02-28 21:00:00+00:00,0.18270750000000002
2024-02-28 22:00:00+00:00,0.1610935
2024-02-28 23:00:00+00:00,0.13435950000000002
2024-02-29 00:00:00+00:00,0.12989375
2024-02-29 01:00:00+00:00,0.1255245
2024-02-29 02:00:00+00:00,0.12419274999999999
2024-02-29 03:00:00+00:00,0.1248845
2024-02-29 04:00:00+00:00,0.12804275
2024-02-29 05:00:00+00:00,0.13945000000000002
2024-02-29 06:00:00+00:00,0.15633049999999998
2024-02-29 07:00:00+00:00,0.15912725
2024-02-29 08:00:00+00:00,0.15492175
2024-02-29 09:00:00+00:00,0.1548895
2024-02-29 10:00:00+00:00,0.144465
2024-02-29 11:00:00+00:00,0.14249275
2024-02-29 12:00:00+00:00,0.138187
2024-02-29 13:00:00+00:00,0.1419455
2024-02-29 14:00:00+00:00,0.16410524999999998
2024-02-29 15:00:00+00:00,0.1863795
2024-02-29 16:00:00+00:00,0.21069999999999997
2024-02-29 17:00:00+00:00,0.22669100000000003
2024-02-29 18:00:00+00:00,0.22006124999999999
2024-02-29 19:00:00+00:00,0.20270525
2024-02-29 20:00:00+00:00,0.18203275
2024-02-29 21:00:00+00:00,0.1782445
2024-02-29 22:00:00+00:00,0.17040775000000002
2024-02-29 23:00:00+00:00,0.15063625
2024-03-01 00:00:00+00:00,0.138479
2024-03-01 01:00:00+00:00,0.14224949999999997
2024-03-01 02:00:00+00:00,0.15072
2024-03-01 03:00:00+00:00,0.1634045
2024-03-01 04:00:00+00:00,0.18224500000000002
2024-03-01 05:00:00+00:00,0.21147925
2024-03-01 06:00:00+00:00,0.23513125
2024-03-01 07:00:00+00:00,0.2183865
2024-03-01 08:00:00+00:00,0.16676749999999999
2024-03-01 09:00:00+00:00,0.12429175
2024-03-01 10:00:00+00:00,0.101502525
2024-03-01 11:00:00+00:00,0.075561725
2024-03-01 12:00:00+00:00,0.084348475
2024-03-01 13:00:00+00:00,0.11240050000000001
2024-03-01 14:00:00+00:00,0.13191399999999998
2024-03-01 15:00:00+00:00,0.15609525
2024-03-01 16:00:00+00:00,0.186725
2024-03-01 17:00:00+00:00,0.22959524999999997
2024-03-01 18:00:00+00:00,0.25432024999999997
2024-03-01 19:00:00+00:00,0.25301575
2024-03-01 20:00:00+00:00,0.2329395
2024-03-01 21:00:00+00:00,0.20010124999999998
2024-03-01 22:00:00+00:00,0.1598525
2024-03-01 23:00:00+00:00,0.12924675
2024-03-02 00:00:00+00:00,0.12429275000000001
2024-03-02 01:00:00+00:00,0.13103875
2024-03-02 02:00:00+00:00,0.13303825
2024-03-02 03:00:00+00:00,0.1332825
2024-03-02 04:00:00+00:00,0.13933275
2024-03-02 05:00:00+00:00,0.149105
2024-03-02 06:00:00+00:00,0.15918349999999998
2024-03-02 07:00:00+00:00,0.1506825
2024-03-02 08:00:00+00:00,0.107170025
2024-03-02 09:00:00+00:00,0.07916225
2024-03-02 10:00:00+00:00,0.063207075
2024-03-02 11:00:00+00:00,0.060036875
2024-03-02 12:00:00+00:00,0.061537325000000004
2024-03-02 13:00:00+00:00,0.070148625
2024-03-02 14:00:00+00:00,0.10313459999999999
2024-03-02 15:00:00+00:00,0.157923
2024-03-02 16:00:00+00:00,0.2018025
2024-03-02 17:00:00+00:00,0.24347700000000003
2024-03-02 18:00:00+00:00,0.24555675
2024-03-02 19:00:00+00:00,0.223159
2024-03-02 20:00:00+00:00,0.20173375
2024-03-02 21:00:00+00:00,0.20242625
2024-03-02 22:00:00+00:00,0.19499375
2024-03-02 23:00:00+00:00,0.20764425
2024-03-03 00:00:00+00:00,0.21184825000000002
2024-03-03 01:00:00+00:00,0.220827
2024-03-03 02:00:00+00:00,0.23337275000000002
2024-03-03 03:00:00+00:00,0.24833875
2024-03-03 04:00:00+00:00,0.25200825000000004
2024-03-03 05:00:00+00:00,0.25813050000000004
2024-03-03 06:00:00+00:00,0.27148375
2024-03-03 07:00:00+00:00,0.25694625
2024-03-03 08:00:00+00:00,0.21508099999999997
2024-03-03 09:00:00+00:00,0.17288575
2024-03-03 10:00:00+00:00,0.14617225
2024-03-03 11:00:00+00:00,0.11781074999999999
2024-03-03 12:00:00+00:00,0.098329675
2024-03-03 13:00:00+00:00,0.100959525
2024-03-03 14:00:00+00:00,0.11972074999999999
2024-03-03 15:00:00+00:00,0.16928125
2024-03-03 16:00:00+00:00,0.248964
2024-03-03 17:00:00+00:00,0.28589025
2024-03-03 18:00:00+00:00,0.29592799999999997
2024-03-03 19:00:00+00:00,0.296199
2024-03-03 20:00:00+00:00,0.29811550000000003
2024-03-03 21:00:00+00:00,0.288149
2024-03-03 22:00:00+00:00,0.278335
2024-03-03 23:00:00+00:00,0.266673
2024-03-04 00:00:00+00:00,0.24867025
2024-03-04 01:00:00+00:00,0.24708975
2024-03-04 02:00:00+00:00,0.26469625
2024-03-04 03:00:00+00:00,0.290507
2024-03-04 04:00:00+00:00,0.316966
2024-03-04 05:00:00+00:00,0.32993975
2024-03-04 06:00:00+00:00,0.338432
2024-03-04 07:00:00+00:00,0.32993300000000003
2024-03-04 08:00:00+00:00,0.29073275
2024-03-04 09:00:00+00:00,0.25701775
2024-03-04 10:00:00+00:00,0.230375
2024-03-04 11:00:00+00:00,0.19301874999999996
2024-03-04 12:00:00+00:00,0.18266
2024-03-04 13:00:00+00:00,0.1905305
2024-03-04 14:00:00+00:00,0.21235875
2024-03-04 15:00:00+00:00,0.2540485
2024-03-04 16:00:00+00:00,0.31006975
2024-03-04 17:00:00+00:00,0.35074650000000007
2024-03-04 18:00:00+00:00,0.3494235
2024-03-04 19:00:00+00:00,0.34588650000000004
2024-03-04 20:00:00+00:00,0.33923775
2024-03-04 21:00:00+00:00,0.33104225
2024-03-04 22:00:00+00:00,0.321331
2024-03-04 23:00:00+00:00,0.320445
2024-03-05 00:00:00+00:00,0.31419225
2024-03-05 01:00:00+00:00,0.31136425
2024-03-05 02:00:00+00:00,0.31500025
2024-03-05 03:00:00+00:00,0.31927225
2024-03-05 04:00:00+00:00,0.32644724999999997
2024-03-05 05:00:00+00:00,0.3348565
2024-03-05 06:00:00+00:00,0.3379345
2024-03-05 07:00:00+00:00,0.3291075
2024-03-05 08:00:00+00:00,0.31409625
2024-03-05 09:00:00+00:00,0.29332575
2024-03-05 10:00:00+00:00,0.2738975
2024-03-05 11:00:00+00:00,0.26697375
2024-03-05 12:00:00+00:00,0.27648449999999997
2024-03-05 13:00:00+00:00,0.28131425000000004
2024-03-05 14:00:00+00:00,0.2883645
2024-03-05 15:00:00+00:00,0.29856225
2024-03-05 16:00:00+00:00,0.30901375
2024-03-05 17:00:00+00:00,0.31695775
2024-03-05 18:00:00+00:00,0.3190115
2024-03-05 19:00:00+00:00,0.32208275
2024-03-05 20:00:00+00:00,0.317419
2024-03-05 21:00:00+00:00,0.312839
2024-03-05 22:00:00+00:00,0.31208575
2024-03-05 23:00:00+00:00,0.31485450000000004
2024-03-06 00:00:00+00:00,0.31398425
2024-03-06 01:00:00+00:00,0.31613525
2024-03-06 02:00:00+00:00,0.31832
2024-03-06 03:00:00+00:00,0.32108775
2024-03-06 04:00:00+00:00,0.32581550000000004
2024-03-06 05:00:00+00:00,0.33313000000000004
2024-03-06 06:00:00+00:00,0.3323785
2024-03-06 07:00:00+00:00,0.30879025000000004
2024-03-06 08:00:00+00:00,0.26847175
2024-03-06 09:00:00+00:00,0.22352450000000001
2024-03-06 10:00:00+00:00,0.19246724999999998
2024-03-06 11:00:00+00:00,0.17174475
2024-03-06 12:00:00+00:00,0.16665449999999998
2024-03-06 13:00:00+00:00,0.18560100000000002
2024-03-06 14:00:00+00:00,0.21818625
2024-03-06 15:00:00+00:00,0.2548535
2024-03-06 16:00:00+00:00,0.29562325
2024-03-06 17:00:00+00:00,0.3356995
2024-03-06 18:00:00+00:00,0.340864
2024-03-06 19:00:00+00:00,0.33529400000000004
2024-03-06 20:00:00+00:00,0.32624575
2024-03-06 21:00:00+00:00,0.3176
2024-03-06 22:00:00+00:00,0.3138485
2024-03-06 23:00:00+00:00,0.304404
2024-03-07 00:00:00+00:00,0.30350575
2024-03-07 01:00:00+00:00,0.30661025
2024-03-07 02:00:00+00:00,0.30413375
2024-03-07 03:00:00+00:00,0.30112500000000003
2024-03-07 04:00:00+00:00,0.30101025
2024-03-07 05:00:00+00:00,0.3043425
2024-03-07 06:00:00+00:00,0.29928899999999997
2024-03-07 07:00:00+00:00,0.25537000000000004
2024-03-07 08:00:00+00:00,0.19558975
2024-03-07 09:00:00+00:00,0.14324325
2024-03-07 10:00:00+00:00,0.097153775
2024-03-07 11:00:00+00:00,0.09058905
2024-03-07 12:00:00+00:00,0.09485592500000001
2024-03-07 13:00:00+00:00,0.09990665
2024-03-07 14:00:00+00:00,0.125641
2024-03-07 15:00:00+00:00,0.15375099999999997
2024-03-07 16:00:00+00:00,0.18554775
2024-03-07 17:00:00+00:00,0.20606675
2024-03-07 18:00:00+00:00,0.21267125
2024-03-07 19:00:00+00:00,0.19849025
2024-03-07 20:00:00+00:00,0.18649075
2024-03-07 21:00:00+00:00,0.17381124999999997
2024-03-07 22:00:00+00:00,0.169384
2024-03-07 23:00:00+00:00,0.1651725
2024-03-08 00:00:00+00:00,0.16872775
2024-03-08 01:00:00+00:00,0.1749755
2024-03-08 02:00:00+00:00,0.17728575
2024-03-08 03:00:00+00:00,0.17452774999999998
2024-03-08 04:00:00+00:00,0.1780075
2024-03-08 05:00:00+00:00,0.194207
2024-03-08 06:00:00+00:00,0.2032245
2024-03-08 07:00:00+00:00,0.17243075000000002
2024-03-08 08:00:00+00:00,0.11805925
2024-03-08 09:00:00+00:00,0.084167825
2024-03-08 10:00:00+00:00,0.0664217
2024-03-08 11:00:00+00:00,0.053742099999999994
2024-03-08 12:00:00+00:00,0.054191775000000005
2024-03-08 13:00:00+00:00,0.05448019999999999
2024-03-08 14:00:00+00:00,0.056987475
2024-03-08 15:00:00+00:00,0.0717611
2024-03-08 16:00:00+00:00,0.105556125
2024-03-08 17:00:00+00:00,0.14059775
2024-03-08 18:00:00+00:00,0.15252075
2024-03-08 19:00:00+00:00,0.14140125
2024-03-08 20:00:00+00:00,0.13322425
2024-03-08 21:00:00+00:00,0.13118825
2024-03-08 22:00:00+00:00,0.135468
2024-03-08 23:00:00+00:00,0.13339875
2024-03-09 00:00:00+00:00,0.13153325
2024-03-09 01:00:00+00:00,0.133765
2024-03-09 02:00:00+00:00,0.13973175
2024-03-09 03:00:00+00:00,0.14582675
2024-03-09 04:00:00+00:00,0.15195175
2024-03-09 05:00:00+00:00,0.16753525000000002
2024-03-09 06:00:00+00:00,0.17374575
2024-03-09 07:00:00+00:00,0.142785
2024-03-09 08:00:00+00:00,0.103436775
2024-03-09 09:00:00+00:00,0.076477425
2024-03-09 10:00:00+00:00,0.06805467500000001
2024-03-09 11:00:00+00:00,0.066687025
2024-03-09 12:00:00+00:00,0.060126200000000005
2024-03-09 13:00:00+00:00,0.060302
2024-03-09 14:00:00+00:00,0.0580552
2024-03-09 15:00:00+00:00,0.0859895
2024-03-09 16:00:00+00:00,0.1250135
2024-03-09 17:00:00+00:00,0.14871250000000003
2024-03-09 18:00:00+00:00,0.1498675
2024-03-09 19:00:00+00:00,0.1365025
2024-03-09 20:00:00+00:00,0.124503
2024-03-09 21:00:00+00:00,0.1292895
2024-03-09 22:00:00+00:00,0.13321425
2024-03-09 23:00:00+00:00,0.143266
2024-03-10 00:00:00+00:00,0.148904
2024-03-10 01:00:00+00:00,0.15236625
2024-03-10 02:00:00+00:00,0.13702375
2024-03-10 03:00:00+00:00,0.12574325
2024-03-10 04:00:00+00:00,0.11985299999999999
2024-03-10 05:00:00+00:00,0.12193250000000001
2024-03-10 06:00:00+00:00,0.12628475
2024-03-10 07:00:00+00:00,0.1140745
2024-03-10 08:00:00+00:00,0.09726385
2024-03-10 09:00:00+00:00,0.081525625
2024-03-10 10:00:00+00:00,0.07977035
2024-03-10 11:00:00+00:00,0.08063275
2024-03-10 12:00:00+00:00,0.07945627499999999
2024-03-10 13:00:00+00:00,0.082824975
2024-03-10 14:00:00+00:00,0.090088475
2024-03-10 15:00:00+00:00,0.11848600000000001
2024-03-10 16:00:00+00:00,0.15693100000000001
2024-03-10 17:00:00+00:00,0.196659
2024-03-10 18:00:00+00:00,0.21913525
2024-03-10 19:00:00+00:00,0.21877525
2024-03-10 20:00:00+00:00,0.2192365
2024-03-10 21:00:00+00:00,0.22763025
2024-03-10 22:00:00+00:00,0.23129725
2024-03-10 23:00:00+00:00,0.23149825000000002
2024-03-11 00:00:00+00:00,0.2278655
2024-03-11 01:00:00+00:00,0.23896625000000002
2024-03-11 02:00:00+00:00,0.24191975
2024-03-11 03:00:00+00:00,0.24741875000000002
2024-03-11 04:00:00+00:00,0.2620935
2024-03-11 05:00:00+00:00,0.28302525
2024-03-11 06:00:00+00:00,0.2963945
2024-03-11 07:00:00+00:00,0.29581
2024-03-11 08:00:00+00:00,0.28495775
2024-03-11 09:00:00+00:00,0.27318025
2024-03-11 10:00:00+00:00,0.27166275
2024-03-11 11:00:00+00:00,0.26240399999999997
2024-03-11 12:00:00+00:00,0.25638099999999997
2024-03-11 13:00:00+00:00,0.27395925
2024-03-11 14:00:00+00:00,0.28623325
2024-03-11 15:00:00+00:00,0.30482624999999997
2024-03-11 16:00:00+00:00,0.32024525
2024-03-11 17:00:00+00:00,0.32254075
2024-03-11 18:00:00+00:00,0.3220345
2024-03-11 19:00:00+00:00,0.31830575000000005
2024-03-11 20:00:00+00:00,0.31759075
2024-03-11 21:00:00+00:00,0.3099295
2024-03-11 22:00:00+00:00,0.30466
2024-03-11 23:00:00+00:00,0.30493675000000003
2024-03-12 00:00:00+00:00,0.297399
2024-03-12 01:00:00+00:00,0.293101
2024-03-12 02:00:00+00:00,0.29517525
2024-03-12 03:00:00+00:00,0.30083075000000004
2024-03-12 04:00:00+00:00,0.3069465
2024-03-12 05:00:00+00:00,0.32440599999999997
2024-03-12 06:00:00+00:00,0.32997624999999997
2024-03-12 07:00:00+00:00,0.32650875
2024-03-12 08:00:00+00:00,0.31139175
2024-03-12 09:00:00+00:00,0.2845385
2024-03-12 10:00:00+00:00,0.25917325
2024-03-12 11:00:00+00:00,0.22817174999999998
2024-03-12 12:00:00+00:00,0.216448
2024-03-12 13:00:00+00:00,0.21793125
2024-03-12 14:00:00+00:00,0.2393915
2024-03-12 15:00:00+00:00,0.26844125
2024-03-12 16:00:00+00:00,0.28645699999999996
2024-03-12 17:00:00+00:00,0.29566250000000005
2024-03-12 18:00:00+00:00,0.2930125
2024-03-12 19:00:00+00:00,0.28771725000000004
2024-03-12 20:00:00+00:00,0.28345975
2024-03-12 21:00:00+00:00,0.27940200000000004
2024-03-12 22:00:00+00:00,0.26409000000000005
2024-03-12 23:00:00+00:00,0.2466865
2024-03-13 00:00:00+00:00,0.24582775
2024-03-13 01:00:00+00:00,0.23735025
2024-03-13 02:00:00+00:00,0.2193965
2024-03-13 03:00:00+00:00,0.2251985
2024-03-13 04:00:00+00:00,0.2421775
2024-03-13 05:00:00+00:00,0.25947175
2024-03-13 06:00:00+00:00,0.26532175
2024-03-13 07:00:00+00:00,0.25304525
2024-03-13 08:00:00+00:00,0.229375
2024-03-13 09:00:00+00:00,0.20590350000000002
2024-03-13 10:00:00+00:00,0.1887855
2024-03-13 11:00:00+00:00,0.18134275
2024-03-13 12:00:00+00:00,0.17546124999999999
2024-03-13 13:00:00+00:00,0.17490100000000003
2024-03-13 14:00:00+00:00,0.179219
2024-03-13 15:00:00+00:00,0.18757275
2024-03-13 16:00:00+00:00,0.20036125
2024-03-13 17:00:00+00:00,0.21216225
2024-03-13 18:00:00+00:00,0.22339075
2024-03-13 19:00:00+00:00,0.21428375
2024-03-13 20:00:00+00:00,0.198281
2024-03-13 21:00:00+00:00,0.18390475
2024-03-13 22:00:00+00:00,0.17526550000000002
2024-03-13 23:00:00+00:00,0.164083
2024-03-14 00:00:00+00:00,0.15112050000000002
2024-03-14 01:00:00+00:00,0.15174
2024-03-14 02:00:00+00:00,0.15749775
2024-03-14 03:00:00+00:00,0.162092
2024-03-14 04:00:00+00:00,0.17291974999999998
2024-03-14 05:00:00+00:00,0.19924425
2024-03-14 06:00:00+00:00,0.2133275
2024-03-14 07:00:00+00:00,0.17454975
2024-03-14 08:00:00+00:00,0.117208
2024-03-14 09:00:00+00:00,0.0844907
2024-03-14 10:00:00+00:00,0.0714555
2024-03-14 11:00:00+00:00,0.06367375
2024-03-14 12:00:00+00:00,0.06336505
2024-03-14 13:00:00+00:00,0.075875975
2024-03-14 14:00:00+00:00,0.09507517500000001
2024-03-14 15:00:00+00:00,0.14712625000000001
2024-03-14 16:00:00+00:00,0.20609475
2024-03-14 17:00:00+00:00,0.24729225
2024-03-14 18:00:00+00:00,0.25191525
2024-03-14 19:00:00+00:00,0.230945
2024-03-14 20:00:00+00:00,0.19215525
2024-03-14 21:00:00+00:00,0.17380925
2024-03-14 22:00:00+00:00,0.160469
2024-03-14 23:00:00+00:00,0.14394374999999998
2024-03-15 00:00:00+00:00,0.13541324999999999
2024-03-15 01:00:00+00:00,0.1308895
2024-03-15 02:00:00+00:00,0.12635
2024-03-15 03:00:00+00:00,0.125115
2024-03-15 04:00:00+00:00,0.122718
2024-03-15 05:00:00+00:00,0.12690975000000002
2024-03-15 06:00:00+00:00,0.13074324999999998
2024-03-15 07:00:00+00:00,0.11610374999999999
2024-03-15 08:00:00+00:00,0.09525824999999999
2024-03-15 09:00:00+00:00,0.08117935
2024-03-15 10:00:00+00:00,0.078819175
2024-03-15 11:00:00+00:00,0.07482735
2024-03-15 12:00:00+00:00,0.07072345
2024-03-15 13:00:00+00:00,0.071135225
2024-03-15 14:00:00+00:00,0.078328975
2024-03-15 15:00:00+00:00,0.09108412499999999
2024-03-15 16:00:00+00:00,0.11548549999999999
2024-03-15 17:00:00+00:00,0.1340545
2024-03-15 18:00:00+00:00,0.14371775
2024-03-15 19:00:00+00:00,0.13675175
2024-03-15 20:00:00+00:00,0.1241515
2024-03-15 21:00:00+00:00,0.11622275
2024-03-15 22:00:00+00:00,0.11990200000000001
2024-03-15 23:00:00+00:00,0.11886474999999999
2024-03-16 00:00:00+00:00,0.12360275
2024-03-16 01:00:00+00:00,0.12665475
2024-03-16 02:00:00+00:00,0.131276
2024-03-16 03:00:00+00:00,0.13437625
2024-03-16 04:00:00+00:00,0.1354325
2024-03-16 05:00:00+00:00,0.15205425
2024-03-16 06:00:00+00:00,0.1719035
2024-03-16 07:00:00+00:00,0.16060025
2024-03-16 08:00:00+00:00,0.148074
2024-03-16 09:00:00+00:00,0.1345405
2024-03-16 10:00:00+00:00,0.12025675000000001
2024-03-16 11:00:00+00:00,0.119491
2024-03-16 12:00:00+00:00,0.1108155
2024-03-16 13:00:00+00:00,0.1129415
2024-03-16 14:00:00+00:00,0.12345624999999999
2024-03-16 15:00:00+00:00,0.16030725
2024-03-16 16:00:00+00:00,0.23233975
2024-03-16 17:00:00+00:00,0.30398225
2024-03-16 18:00:00+00:00,0.3342755
2024-03-16 19:00:00+00:00,0.33906725000000004
2024-03-16 20:00:00+00:00,0.33629325
2024-03-16 21:00:00+00:00,0.324835
2024-03-16 22:00:00+00:00,0.31189900000000004
2024-03-16 23:00:00+00:00,0.28034175
2024-03-17 00:00:00+00:00,0.26081025
2024-03-17 01:00:00+00:00,0.254644
2024-03-17 02:00:00+00:00,0.25184425
2024-03-17 03:00:00+00:00,0.23420875
2024-03-17 04:00:00+00:00,0.22439949999999997
2024-03-17 05:00:00+00:00,0.22682400000000003
2024-03-17 06:00:00+00:00,0.21683925
2024-03-17 07:00:00+00:00,0.16352024999999998
2024-03-17 08:00:00+00:00,0.13767875000000002
2024-03-17 09:00:00+00:00,0.119711
2024-03-17 10:00:00+00:00,0.09727665
2024-03-17 11:00:00+00:00,0.10146705
2024-03-17 12:00:00+00:00,0.09985292500000001
2024-03-17 13:00:00+00:00,0.0960743
2024-03-17 14:00:00+00:00,0.1013266
2024-03-17 15:00:00+00:00,0.13242775
2024-03-17 16:00:00+00:00,0.16600775
2024-03-17 17:00:00+00:00,0.202211
2024-03-17 18:00:00+00:00,0.2088915
2024-03-17 19:00:00+00:00,0.19303274999999998
2024-03-17 20:00:00+00:00,0.18538775
2024-03-17 21:00:00+00:00,0.1954945
2024-03-17 22:00:00+00:00,0.20015625
2024-03-17 23:00:00+00:00,0.20143824999999999
2024-03-18 00:00:00+00:00,0.20106725000000003
2024-03-18 01:00:00+00:00,0.21960825
2024-03-18 02:00:00+00:00,0.23232
2024-03-18 03:00:00+00:00,0.25096225
2024-03-18 04:00:00+00:00,0.279365
2024-03-18 05:00:00+00:00,0.306412
2024-03-18 06:00:00+00:00,0.31298349999999997
2024-03-18 07:00:00+00:00,0.29285875000000006
2024-03-18 08:00:00+00:00,0.26285625
2024-03-18 09:00:00+00:00,0.22451600000000002
2024-03-18 10:00:00+00:00,0.190743
2024-03-18 11:00:00+00:00,0.15474274999999998
2024-03-18 12:00:00+00:00,0.16317975
2024-03-18 13:00:00+00:00,0.17281825
2024-03-18 14:00:00+00:00,0.18105025000000002
2024-03-18 15:00:00+00:00,0.215788
2024-03-18 16:00:00+00:00,0.26292099999999996
2024-03-18 17:00:00+00:00,0.308008
2024-03-18 18:00:00+00:00,0.32621975
2024-03-18 19:00:00+00:00,0.32522100000000004
2024-03-18 20:00:00+00:00,0.32339300000000004
2024-03-18 21:00:00+00:00,0.31428900000000004
2024-03-18 22:00:00+00:00,0.29310625
2024-03-18 23:00:00+00:00,0.2629225
2024-03-19 00:00:00+00:00,0.2522425
2024-03-19 01:00:00+00:00,0.24182625000000002
2024-03-19 02:00:00+00:00,0.2326905
2024-03-19 03:00:00+00:00,0.23440724999999998
2024-03-19 04:00:00+00:00,0.24623850000000003
2024-03-19 05:00:00+00:00,0.2618045
2024-03-19 06:00:00+00:00,0.26314525
2024-03-19 07:00:00+00:00,0.24048875
2024-03-19 08:00:00+00:00,0.2017815
2024-03-19 09:00:00+00:00,0.15407574999999998
2024-03-19 10:00:00+00:00,0.10710275
2024-03-19 11:00:00+00:00,0.09510295
2024-03-19 12:00:00+00:00,0.1015804
2024-03-19 13:00:00+00:00,0.10659500000000001
2024-03-19 14:00:00+00:00,0.11993825
2024-03-19 15:00:00+00:00,0.16391
2024-03-19 16:00:00+00:00,0.22273674999999998
2024-03-19 17:00:00+00:00,0.27990675
2024-03-19 18:00:00+00:00,0.30462025000000004
2024-03-19 19:00:00+00:00,0.319802
2024-03-19 20:00:00+00:00,0.32996925
2024-03-19 21:00:00+00:00,0.3360575
2024-03-19 22:00:00+00:00,0.33654575000000003
2024-03-19 23:00:00+00:00,0.34223325000000004
2024-03-20 00:00:00+00:00,0.3442375
2024-03-20 01:00:00+00:00,0.34409675
2024-03-20 02:00:00+00:00,0.34236575
2024-03-20 03:00:00+00:00,0.343805
2024-03-20 04:00:00+00:00,0.34504225
2024-03-20 05:00:00+00:00,0.34354724999999997
2024-03-20 06:00:00+00:00,0.32973874999999997
2024-03-20 07:00:00+00:00,0.28787075
2024-03-20 08:00:00+00:00,0.23120575
2024-03-20 09:00:00+00:00,0.1725945
2024-03-20 10:00:00+00:00,0.151771
2024-03-20 11:00:00+00:00,0.14899775
2024-03-20 12:00:00+00:00,0.14743525
2024-03-20 13:00:00+00:00,0.16448875000000002
2024-03-20 14:00:00+00:00,0.20963474999999998
2024-03-20 15:00:00+00:00,0.25864175
2024-03-20 16:00:00+00:00,0.29855275000000003
2024-03-20 17:00:00+00:00,0.3336055
2024-03-20 18:00:00+00:00,0.34903500000000004
2024-03-20 19:00:00+00:00,0.34753
2024-03-20 20:00:00+00:00,0.34260799999999997
2024-03-20 21:00:00+00:00,0.33618125
2024-03-20 22:00:00+00:00,0.33230725
2024-03-20 23:00:00+00:00,0.31533325
2024-03-21 00:00:00+00:00,0.27699925
2024-03-21 01:00:00+00:00,0.250265
2024-03-21 02:00:00+00:00,0.23570049999999998
2024-03-21 03:00:00+00:00,0.21298025
2024-03-21 04:00:00+00:00,0.22076625
2024-03-21 05:00:00+00:00,0.25397000000000003
2024-03-21 06:00:00+00:00,0.28902925
2024-03-21 07:00:00+00:00,0.296516
2024-03-21 08:00:00+00:00,0.27365575
2024-03-21 09:00:00+00:00,0.24861224999999998
2024-03-21 10:00:00+00:00,0.2277015
2024-03-21 11:00:00+00:00,0.20420750000000001
2024-03-21 12:00:00+00:00,0.18626074999999997
2024-03-21 13:00:00+00:00,0.18889375
2024-03-21 14:00:00+00:00,0.18314049999999998
2024-03-21 15:00:00+00:00,0.202658
2024-03-21 16:00:00+00:00,0.23693575
2024-03-21 17:00:00+00:00,0.26367275
2024-03-21 18:00:00+00:00,0.27567475
2024-03-21 19:00:00+00:00,0.26148375
2024-03-21 20:00:00+00:00,0.235469
2024-03-21 21:00:00+00:00,0.195046
2024-03-21 22:00:00+00:00,0.16597800000000001
2024-03-21 23:00:00+00:00,0.15120699999999998
2024-03-22 00:00:00+00:00,0.14331575
2024-03-22 01:00:00+00:00,0.14368975
2024-03-22 02:00:00+00:00,0.14713875
2024-03-22 03:00:00+00:00,0.1450875
2024-03-22 04:00:00+00:00,0.1469975
2024-03-22 05:00:00+00:00,0.14603625
2024-03-22 06:00:00+00:00,0.14617599999999997
2024-03-22 07:00:00+00:00,0.13861025000000002
2024-03-22 08:00:00+00:00,0.13338899999999998
2024-03-22 09:00:00+00:00,0.14444525
2024-03-22 10:00:00+00:00,0.1426815
2024-03-22 11:00:00+00:00,0.13884524999999998
2024-03-22 12:00:00+00:00,0.14530575
2024-03-22 13:00:00+00:00,0.1648105
2024-03-22 14:00:00+00:00,0.19658275
2024-03-22 15:00:00+00:00,0.2251335
2024-03-22 16:00:00+00:00,0.26029375
2024-03-22 17:00:00+00:00,0.3029725
2024-03-22 18:00:00+00:00,0.32839175
2024-03-22 19:00:00+00:00,0.33900474999999997
2024-03-22 20:00:00+00:00,0.33885024999999996
2024-03-22 21:00:00+00:00,0.31515325
2024-03-22 22:00:00+00:00,0.277754
2024-03-22 23:00:00+00:00,0.254877
2024-03-23 00:00:00+00:00,0.224551
2024-03-23 01:00:00+00:00,0.197377
2024-03-23 02:00:00+00:00,0.1730505
2024-03-23 03:00:00+00:00,0.1536265
2024-03-23 04:00:00+00:00,0.1368505
2024-03-23 05:00:00+00:00,0.12767974999999998
2024-03-23 06:00:00+00:00,0.10971045
2024-03-23 07:00:00+00:00,0.083475275
2024-03-23 08:00:00+00:00,0.063230325
2024-03-23 09:00:00+00:00,0.055428825
2024-03-23 10:00:00+00:00,0.053119775
2024-03-23 11:00:00+00:00,0.049700875
2024-03-23 12:00:00+00:00,0.0515902
2024-03-23 13:00:00+00:00,0.0528029
2024-03-23 14:00:00+00:00,0.056098375000000006
2024-03-23 15:00:00+00:00,0.062843925
2024-03-23 16:00:00+00:00,0.07932472500000001
2024-03-23 17:00:00+00:00,0.11208874999999999
2024-03-23 18:00:00+00:00,0.1343575
2024-03-23 19:00:00+00:00,0.13115274999999998
2024-03-23 20:00:00+00:00,0.119091
2024-03-23 21:00:00+00:00,0.11004
2024-03-23 22:00:00+00:00,0.098015025
2024-03-23 23:00:00+00:00,0.09085104999999999
2024-03-24 00:00:00+00:00,0.0802859
2024-03-24 01:00:00+00:00,0.079653
2024-03-24 02:00:00+00:00,0.0842865
2024-03-24 03:00:00+00:00,0.08979500000000001
2024-03-24 04:00:00+00:00,0.08890419999999999
2024-03-24 05:00:00+00:00,0.090194675
2024-03-24 06:00:00+00:00,0.0897531
2024-03-24 07:00:00+00:00,0.076485625
2024-03-24 08:00:00+00:00,0.06518982499999999
2024-03-24 09:00:00+00:00,0.0628756
2024-03-24 10:00:00+00:00,0.05919144999999999
2024-03-24 11:00:00+00:00,0.056472525
2024-03-24 12:00:00+00:00,0.056304349999999996
2024-03-24 13:00:00+00:00,0.057511025
2024-03-24 14:00:00+00:00,0.0625214
2024-03-24 15:00:00+00:00,0.071275125
2024-03-24 16:00:00+00:00,0.08707490000000001
2024-03-24 17:00:00+00:00,0.10565767499999999
2024-03-24 18:00:00+00:00,0.11780425
2024-03-24 19:00:00+00:00,0.12449675000000002
2024-03-24 20:00:00+00:00,0.137102
2024-03-24 21:00:00+00:00,0.1559015
2024-03-24 22:00:00+00:00,0.17926675
2024-03-24 23:00:00+00:00,0.20750325
2024-03-25 00:00:00+00:00,0.2286205
2024-03-25 01:00:00+00:00,0.2504725
2024-03-25 02:00:00+00:00,0.2685495
2024-03-25 03:00:00+00:00,0.29061175000000006
2024-03-25 04:00:00+00:00,0.3134055
2024-03-25 05:00:00+00:00,0.33104925
2024-03-25 06:00:00+00:00,0.31099550000000004
2024-03-25 07:00:00+00:00,0.24988800000000003
2024-03-25 08:00:00+00:00,0.18750975
2024-03-25 09:00:00+00:00,0.12465525
2024-03-25 10:00:00+00:00,0.11179700000000001
2024-03-25 11:00:00+00:00,0.1016854
2024-03-25 12:00:00+00:00,0.101854525
2024-03-25 13:00:00+00:00,0.1169625
2024-03-25 14:00:00+00:00,0.14492275
2024-03-25 15:00:00+00:00,0.19882125
2024-03-25 16:00:00+00:00,0.25219600000000003
2024-03-25 17:00:00+00:00,0.291494
2024-03-25 18:00:00+00:00,0.30139225
2024-03-25 19:00:00+00:00,0.29393199999999997
2024-03-25 20:00:00+00:00,0.26873375
2024-03-25 21:00:00+00:00,0.2250935
2024-03-25 22:00:00+00:00,0.19057525
2024-03-25 23:00:00+00:00,0.17446325000000001
2024-03-26 00:00:00+00:00,0.1710245
2024-03-26 01:00:00+00:00,0.17848175
2024-03-26 02:00:00+00:00,0.18527000000000002
2024-03-26 03:00:00+00:00,0.19356700000000002
2024-03-26 04:00:00+00:00,0.20400949999999998
2024-03-26 05:00:00+00:00,0.22645375
2024-03-26 06:00:00+00:00,0.21108125
2024-03-26 07:00:00+00:00,0.165386
2024-03-26 08:00:00+00:00,0.13683475
2024-03-26 09:00:00+00:00,0.12119275
2024-03-26 10:00:00+00:00,0.11433025
2024-03-26 11:00:00+00:00,0.1154675
2024-03-26 12:00:00+00:00,0.12738649999999999
2024-03-26 13:00:00+00:00,0.13863425000000001
2024-03-26 14:00:00+00:00,0.16923175000000001
2024-03-26 15:00:00+00:00,0.20448775
2024-03-26 16:00:00+00:00,0.2420735
2024-03-26 17:00:00+00:00,0.2957185
2024-03-26 18:00:00+00:00,0.31431075
2024-03-26 19:00:00+00:00,0.29956025
2024-03-26 20:00:00+00:00,0.26783975
2024-03-26 21:00:00+00:00,0.23140750000000002
2024-03-26 22:00:00+00:00,0.2116155
2024-03-26 23:00:00+00:00,0.19249399999999997
2024-03-27 00:00:00+00:00,0.19020874999999998
2024-03-27 01:00:00+00:00,0.1812585
2024-03-27 02:00:00+00:00,0.17184475
2024-03-27 03:00:00+00:00,0.174986
2024-03-27 04:00:00+00:00,0.18290025
2024-03-27 05:00:00+00:00,0.201799
2024-03-27 06:00:00+00:00,0.2091025
2024-03-27 07:00:00+00:00,0.195094
2024-03-27 08:00:00+00:00,0.16689325
2024-03-27 09:00:00+00:00,0.14388125
2024-03-27 10:00:00+00:00,0.13621025
2024-03-27 11:00:00+00:00,0.134217
2024-03-27 12:00:00+00:00,0.11640975
2024-03-27 13:00:00+00:00,0.12015325
2024-03-27 14:00:00+00:00,0.16773575
2024-03-27 15:00:00+00:00,0.1939515
2024-03-27 16:00:00+00:00,0.20506775000000002
2024-03-27 17:00:00+00:00,0.24099199999999998
2024-03-27 18:00:00+00:00,0.2642885
2024-03-27 19:00:00+00:00,0.26528325
2024-03-27 20:00:00+00:00,0.260415
2024-03-27 21:00:00+00:00,0.24931775
2024-03-27 22:00:00+00:00,0.22827075000000002
2024-03-27 23:00:00+00:00,0.203559
2024-03-28 00:00:00+00:00,0.18446525
2024-03-28 01:00:00+00:00,0.17891
2024-03-28 02:00:00+00:00,0.16811849999999998
2024-03-28 03:00:00+00:00,0.1577175
2024-03-28 04:00:00+00:00,0.14707075000000003
2024-03-28 05:00:00+00:00,0.14519275
2024-03-28 06:00:00+00:00,0.14192349999999998
2024-03-28 07:00:00+00:00,0.14122200000000001
2024-03-28 08:00:00+00:00,0.12872125
2024-03-28 09:00:00+00:00,0.10310285000000001
2024-03-28 10:00:00+00:00,0.084831175
2024-03-28 11:00:00+00:00,0.06657722499999999
2024-03-28 12:00:00+00:00,0.057070125
2024-03-28 13:00:00+00:00,0.0557442
2024-03-28 14:00:00+00:00,0.059372775
2024-03-28 15:00:00+00:00,0.07112482499999999
2024-03-28 16:00:00+00:00,0.08053615
2024-03-28 17:00:00+00:00,0.102039275
2024-03-28 18:00:00+00:00,0.1204015
2024-03-28 19:00:00+00:00,0.110577
2024-03-28 20:00:00+00:00,0.1013212
2024-03-28 21:00:00+00:00,0.08956245
2024-03-28 22:00:00+00:00,0.0856322
2024-03-28 23:00:00+00:00,0.08480199999999999
2024-03-29 00:00:00+00:00,0.08487932499999999
2024-03-29 01:00:00+00:00,0.08533927499999999
2024-03-29 02:00:00+00:00,0.086265725
2024-03-29 03:00:00+00:00,0.085915725
2024-03-29 04:00:00+00:00,0.08891579999999999
2024-03-29 05:00:00+00:00,0.09542215
2024-03-29 06:00:00+00:00,0.0987189
2024-03-29 07:00:00+00:00,0.089116325
2024-03-29 08:00:00+00:00,0.0704799
2024-03-29 09:00:00+00:00,0.05624895
2024-03-29 10:00:00+00:00,0.049025849999999996
2024-03-29 11:00:00+00:00,0.043175975000000005
2024-03-29 12:00:00+00:00,0.04510665
2024-03-29 13:00:00+00:00,0.046300225
2024-03-29 14:00:00+00:00,0.05323415
2024-03-29 15:00:00+00:00,0.0713237
2024-03-29 16:00:00+00:00,0.12407925
2024-03-29 17:00:00+00:00,0.20081875000000002
2024-03-29 18:00:00+00:00,0.24177075
2024-03-29 19:00:00+00:00,0.25184475
2024-03-29 20:00:00+00:00,0.25214424999999996
2024-03-29 21:00:00+00:00,0.256176
2024-03-29 22:00:00+00:00,0.22383625
2024-03-29 23:00:00+00:00,0.19215325
2024-03-30 00:00:00+00:00,0.17371175
2024-03-30 01:00:00+00:00,0.19980124999999999
2024-03-30 02:00:00+00:00,0.23752974999999998
2024-03-30 03:00:00+00:00,0.2505575
2024-03-30 04:00:00+00:00,0.27111399999999997
2024-03-30 05:00:00+00:00,0.29868174999999997
2024-03-30 06:00:00+00:00,0.292586
2024-03-30 07:00:00+00:00,0.260006
2024-03-30 08:00:00+00:00,0.22366599999999998
2024-03-30 09:00:00+00:00,0.17954025
2024-03-30 10:00:00+00:00,0.170101
2024-03-30 11:00:00+00:00,0.19331475
2024-03-30 12:00:00+00:00,0.1825945
2024-03-30 13:00:00+00:00,0.18073125
2024-03-30 14:00:00+00:00,0.15675675
2024-03-30 15:00:00+00:00,0.1750915
2024-03-30 16:00:00+00:00,0.20496024999999998
2024-03-30 17:00:00+00:00,0.25718675
2024-03-30 18:00:00+00:00,0.31372875
2024-03-30 19:00:00+00:00,0.332579
2024-03-30 20:00:00+00:00,0.32605625
2024-03-30 21:00:00+00:00,0.31607275
2024-03-30 22:00:00+00:00,0.30308225
2024-03-30 23:00:00+00:00,0.30813775
2024-03-31 00:00:00+00:00,0.3170435
2024-03-31 01:00:00+00:00,0.3069765
2024-03-31 02:00:00+00:00,0.28030374999999996
2024-03-31 03:00:00+00:00,0.257057
2024-03-31 04:00:00+00:00,0.23259475000000002
2024-03-31 05:00:00+00:00,0.21061475
2024-03-31 06:00:00+00:00,0.18394825
2024-03-31 07:00:00+00:00,0.14264675000000002
2024-03-31 08:00:00+00:00,0.1130945
2024-03-31 09:00:00+00:00,0.08921504999999999
2024-03-31 10:00:00+00:00,0.072122025
2024-03-31 11:00:00+00:00,0.07002797499999999
2024-03-31 12:00:00+00:00,0.08287077500000001
2024-03-31 13:00:00+00:00,0.0923355
2024-03-31 14:00:00+00:00,0.100316275
2024-03-31 15:00:00+00:00,0.1562735
2024-03-31 16:00:00+00:00,0.204153
2024-03-31 17:00:00+00:00,0.21730175
2024-03-31 18:00:00+00:00,0.2282225
2024-03-31 19:00:00+00:00,0.23898875
2024-03-31 20:00:00+00:00,0.22597325000000001
2024-03-31 21:00:00+00:00,0.2501415
2024-03-31 22:00:00+00:00,0.21675075
2024-03-31 23:00:00+00:00,0.1888055
2024-04-01 00:00:00+00:00,0.21169424999999997
2024-04-01 01:00:00+00:00,0.22372950000000003
2024-04-01 02:00:00+00:00,0.23760199999999998
2024-04-01 03:00:00+00:00,0.23864325
2024-04-01 04:00:00+00:00,0.23000700000000002
2024-04-01 05:00:00+00:00,0.24010599999999999
2024-04-01 06:00:00+00:00,0.22171949999999999
2024-04-01 07:00:00+00:00,0.17725775
2024-04-01 08:00:00+00:00,0.15459775
2024-04-01 09:00:00+00:00,0.13299575
2024-04-01 10:00:00+00:00,0.11572925
2024-04-01 11:00:00+00:00,0.0931262
2024-04-01 12:00:00+00:00,0.07901615000000001
2024-04-01 13:00:00+00:00,0.071146525
2024-04-01 14:00:00+00:00,0.06730135
2024-04-01 15:00:00+00:00,0.0773727
2024-04-01 16:00:00+00:00,0.102837275
2024-04-01 17:00:00+00:00,0.13832650000000002
2024-04-01 18:00:00+00:00,0.17971449999999997
2024-04-01 19:00:00+00:00,0.19247925
2024-04-01 20:00:00+00:00,0.18221400000000001
2024-04-01 21:00:00+00:00,0.16262575
2024-04-01 22:00:00+00:00,0.15067125
2024-04-01 23:00:00+00:00,0.14611849999999998
2024-04-02 00:00:00+00:00,0.14111449999999998
2024-04-02 01:00:00+00:00,0.14389225
2024-04-02 02:00:00+00:00,0.13609975
2024-04-02 03:00:00+00:00,0.13218625
2024-04-02 04:00:00+00:00,0.14358025
2024-04-02 05:00:00+00:00,0.14835675
2024-04-02 06:00:00+00:00,0.1256155
2024-04-02 07:00:00+00:00,0.094705475
2024-04-02 08:00:00+00:00,0.0820392
2024-04-02 09:00:00+00:00,0.07082575
2024-04-02 10:00:00+00:00,0.066827
2024-04-02 11:00:00+00:00,0.06022115
2024-04-02 12:00:00+00:00,0.060320825
2024-04-02 13:00:00+00:00,0.061766025
2024-04-02 14:00:00+00:00,0.06710574999999999
2024-04-02 15:00:00+00:00,0.08837565
2024-04-02 16:00:00+00:00,0.11689325
2024-04-02 17:00:00+00:00,0.157263
2024-04-02 18:00:00+00:00,0.19169
2024-04-02 19:00:00+00:00,0.2099435
2024-04-02 20:00:00+00:00,0.22313375
2024-04-02 21:00:00+00:00,0.2247235
2024-04-02 22:00:00+00:00,0.21374674999999999
2024-04-02 23:00:00+00:00,0.220628
2024-04-03 00:00:00+00:00,0.215968
2024-04-03 01:00:00+00:00,0.19725974999999998
2024-04-03 02:00:00+00:00,0.18854425
2024-04-03 03:00:00+00:00,0.21127625
2024-04-03 04:00:00+00:00,0.23460150000000002
2024-04-03 05:00:00+00:00,0.241306
2024-04-03 06:00:00+00:00,0.23129075000000002
2024-04-03 07:00:00+00:00,0.2121795
2024-04-03 08:00:00+00:00,0.19343525
2024-04-03 09:00:00+00:00,0.17165275
2024-04-03 10:00:00+00:00,0.16442500000000002
2024-04-03 11:00:00+00:00,0.148978
2024-04-03 12:00:00+00:00,0.12142924999999999
2024-04-03 13:00:00+00:00,0.10855799999999999
2024-04-03 14:00:00+00:00,0.11557125
2024-04-03 15:00:00+00:00,0.12864375
2024-04-03 16:00:00+00:00,0.147118
2024-04-03 17:00:00+00:00,0.15688225
2024-04-03 18:00:00+00:00,0.1508055
2024-04-03 19:00:00+00:00,0.1366545
2024-04-03 20:00:00+00:00,0.1099115
2024-04-03 21:00:00+00:00,0.10268525
2024-04-03 22:00:00+00:00,0.09632115000000001
2024-04-03 23:00:00+00:00,0.102867625
2024-04-04 00:00:00+00:00,0.1115295
2024-04-04 01:00:00+00:00,0.11738925
2024-04-04 02:00:00+00:00,0.1242315
2024-04-04 03:00:00+00:00,0.134042
2024-04-04 04:00:00+00:00,0.13434625
2024-04-04 05:00:00+00:00,0.1434315
2024-04-04 06:00:00+00:00,0.13416650000000002
2024-04-04 07:00:00+00:00,0.1255005
2024-04-04 08:00:00+00:00,0.105348275
2024-04-04 09:00:00+00:00,0.07729985
2024-04-04 10:00:00+00:00,0.05827685
2024-04-04 11:00:00+00:00,0.048681674999999994
2024-04-04 12:00:00+00:00,0.0453176
2024-04-04 13:00:00+00:00,0.047855125
2024-04-04 14:00:00+00:00,0.052163499999999995
2024-04-04 15:00:00+00:00,0.063420525
2024-04-04 16:00:00+00:00,0.08479695000000001
2024-04-04 17:00:00+00:00,0.11668575
2024-04-04 18:00:00+00:00,0.1273245
2024-04-04 19:00:00+00:00,0.13152975
2024-04-04 20:00:00+00:00,0.1250355
2024-04-04 21:00:00+00:00,0.10803375
2024-04-04 22:00:00+00:00,0.11361175
2024-04-04 23:00:00+00:00,0.11069175
2024-04-05 00:00:00+00:00,0.10255049999999999
2024-04-05 01:00:00+00:00,0.10065850000000001
2024-04-05 02:00:00+00:00,0.10266575
2024-04-05 03:00:00+00:00,0.11083275000000001
2024-04-05 04:00:00+00:00,0.12477425
2024-04-05 05:00:00+00:00,0.13298975000000002
2024-04-05 06:00:00+00:00,0.11120775
2024-04-05 07:00:00+00:00,0.094373375
2024-04-05 08:00:00+00:00,0.0863526
2024-04-05 09:00:00+00:00,0.07895425
2024-04-05 10:00:00+00:00,0.06418127500000001
2024-04-05 11:00:00+00:00,0.063016375
2024-04-05 12:00:00+00:00,0.052123025
2024-04-05 13:00:00+00:00,0.045456375
2024-04-05 14:00:00+00:00,0.043417475
2024-04-05 15:00:00+00:00,0.0489094
2024-04-05 16:00:00+00:00,0.06004115
2024-04-05 17:00:00+00:00,0.07868315
2024-04-05 18:00:00+00:00,0.102812775
2024-04-05 19:00:00+00:00,0.11357674999999999
2024-04-05 20:00:00+00:00,0.12172925000000001
2024-04-05 21:00:00+00:00,0.14599675
2024-04-05 22:00:00+00:00,0.15253575
2024-04-05 23:00:00+00:00,0.14332075
2024-04-06 00:00:00+00:00,0.1657045
2024-04-06 01:00:00+00:00,0.20717225
2024-04-06 02:00:00+00:00,0.189986
2024-04-06 03:00:00+00:00,0.169178
2024-04-06 04:00:00+00:00,0.144461
2024-04-06 05:00:00+00:00,0.13108075000000002
2024-04-06 06:00:00+00:00,0.09680240000000001
2024-04-06 07:00:00+00:00,0.066545825
2024-04-06 08:00:00+00:00,0.054714725000000006
2024-04-06 09:00:00+00:00,0.05129185
2024-04-06 10:00:00+00:00,0.04460365
2024-04-06 11:00:00+00:00,0.0428844
2024-04-06 12:00:00+00:00,0.043854325
2024-04-06 13:00:00+00:00,0.043748175
2024-04-06 14:00:00+00:00,0.046066625
2024-04-06 15:00:00+00:00,0.05169475
2024-04-06 16:00:00+00:00,0.065853675
2024-04-06 17:00:00+00:00,0.09386487499999999
2024-04-06 18:00:00+00:00,0.12088025
2024-04-06 19:00:00+00:00,0.12396325
2024-04-06 20:00:00+00:00,0.12598525
2024-04-06 21:00:00+00:00,0.1252185
2024-04-06 22:00:00+00:00,0.12669075000000002
2024-04-06 23:00:00+00:00,0.1171065
2024-04-07 00:00:00+00:00,0.10292777500000001
2024-04-07 01:00:00+00:00,0.09051382499999999
2024-04-07 02:00:00+00:00,0.080108975
2024-04-07 03:00:00+00:00,0.07388585
2024-04-07 04:00:00+00:00,0.07828479999999999
2024-04-07 05:00:00+00:00,0.082753725
2024-04-07 06:00:00+00:00,0.076268625
2024-04-07 07:00:00+00:00,0.060004024999999996
2024-04-07 08:00:00+00:00,0.042978474999999995
2024-04-07 09:00:00+00:00,0.038863249999999995
2024-04-07 10:00:00+00:00,0.03599645
2024-04-07 11:00:00+00:00,0.03150685
2024-04-07 12:00:00+00:00,0.030807025000000002
2024-04-07 13:00:00+00:00,0.03376
2024-04-07 14:00:00+00:00,0.038476925
2024-04-07 15:00:00+00:00,0.054438349999999996
2024-04-07 16:00:00+00:00,0.09538637500000001
2024-04-07 17:00:00+00:00,0.16921375
2024-04-07 18:00:00+00:00,0.21480925
2024-04-07 19:00:00+00:00,0.22728
2024-04-07 20:00:00+00:00,0.222222
2024-04-07 21:00:00+00:00,0.23188275
2024-04-07 22:00:00+00:00,0.24884725000000002
2024-04-07 23:00:00+00:00,0.251774
2024-04-08 00:00:00+00:00,0.2577695
2024-04-08 01:00:00+00:00,0.265695
2024-04-08 02:00:00+00:00,0.27765125
2024-04-08 03:00:00+00:00,0.30462875
2024-04-08 04:00:00+00:00,0.321987
2024-04-08 05:00:00+00:00,0.32724825
2024-04-08 06:00:00+00:00,0.291331
2024-04-08 07:00:00+00:00,0.2468305
2024-04-08 08:00:00+00:00,0.17116575
2024-04-08 09:00:00+00:00,0.12083650000000001
2024-04-08 10:00:00+00:00,0.117937
2024-04-08 11:00:00+00:00,0.1450575
2024-04-08 12:00:00+00:00,0.17660375
2024-04-08 13:00:00+00:00,0.18019649999999998
2024-04-08 14:00:00+00:00,0.155193
2024-04-08 15:00:00+00:00,0.17240175000000002
2024-04-08 16:00:00+00:00,0.20613975
2024-04-08 17:00:00+00:00,0.2646555
2024-04-08 18:00:00+00:00,0.30350625000000003
2024-04-08 19:00:00+00:00,0.298302
2024-04-08 20:00:00+00:00,0.27332875
2024-04-08 21:00:00+00:00,0.25086624999999996
2024-04-08 22:00:00+00:00,0.21201775
2024-04-08 23:00:00+00:00,0.2003375
2024-04-09 00:00:00+00:00,0.15467099999999998
2024-04-09 01:00:00+00:00,0.13576575
2024-04-09 02:00:00+00:00,0.11962425
2024-04-09 03:00:00+00:00,0.11762625
2024-04-09 04:00:00+00:00,0.12495625
2024-04-09 05:00:00+00:00,0.1145525
2024-04-09 06:00:00+00:00,0.0950174
2024-04-09 07:00:00+00:00,0.078955875
2024-04-09 08:00:00+00:00,0.05712515
2024-04-09 09:00:00+00:00,0.0467747
2024-04-09 10:00:00+00:00,0.043493250000000004
2024-04-09 11:00:00+00:00,0.0520733
2024-04-09 12:00:00+00:00,0.0539378
2024-04-09 13:00:00+00:00,0.056450875000000005
2024-04-09 14:00:00+00:00,0.058812050000000005
2024-04-09 15:00:00+00:00,0.06368845000000001
2024-04-09 16:00:00+00:00,0.068279725
2024-04-09 17:00:00+00:00,0.075927975
2024-04-09 18:00:00+00:00,0.08454275
2024-04-09 19:00:00+00:00,0.084319525
2024-04-09 20:00:00+00:00,0.08031640000000001
2024-04-09 21:00:00+00:00,0.08301202500000002
2024-04-09 22:00:00+00:00,0.087846775
2024-04-09 23:00:00+00:00,0.0846195
2024-04-10 00:00:00+00:00,0.0927993
2024-04-10 01:00:00+00:00,0.09739805
2024-04-10 02:00:00+00:00,0.1041985
2024-04-10 03:00:00+00:00,0.13179675
2024-04-10 04:00:00+00:00,0.19920725
2024-04-10 05:00:00+00:00,0.2530135
2024-04-10 06:00:00+00:00,0.22558425000000001
2024-04-10 07:00:00+00:00,0.16264425
2024-04-10 08:00:00+00:00,0.0910881
2024-04-10 09:00:00+00:00,0.06417685000000001
2024-04-10 10:00:00+00:00,0.04943475
2024-04-10 11:00:00+00:00,0.042275425000000005
2024-04-10 12:00:00+00:00,0.042804875000000006
2024-04-10 13:00:00+00:00,0.043421825000000004
2024-04-10 14:00:00+00:00,0.045478725000000005
2024-04-10 15:00:00+00:00,0.07265785
2024-04-10 16:00:00+00:00,0.1279645
2024-04-10 17:00:00+00:00,0.1871115
2024-04-10 18:00:00+00:00,0.233019
2024-04-10 19:00:00+00:00,0.21934900000000002
2024-04-10 20:00:00+00:00,0.17162275
2024-04-10 21:00:00+00:00,0.12952375
2024-04-10 22:00:00+00:00,0.1044555
2024-04-10 23:00:00+00:00,0.09373385000000001
2024-04-11 00:00:00+00:00,0.08715975
2024-04-11 01:00:00+00:00,0.084224675
2024-04-11 02:00:00+00:00,0.0807257
2024-04-11 03:00:00+00:00,0.078483775
2024-04-11 04:00:00+00:00,0.092947875
2024-04-11 05:00:00+00:00,0.1025855
2024-04-11 06:00:00+00:00,0.10498425
2024-04-11 07:00:00+00:00,0.10444
2024-04-11 08:00:00+00:00,0.10586324999999999
2024-04-11 09:00:00+00:00,0.096102
2024-04-11 10:00:00+00:00,0.1036795
2024-04-11 11:00:00+00:00,0.10423375
2024-04-11 12:00:00+00:00,0.10773850000000001
2024-04-11 13:00:00+00:00,0.1281325
2024-04-11 14:00:00+00:00,0.154478
2024-04-11 15:00:00+00:00,0.19937500000000002
2024-04-11 16:00:00+00:00,0.2380425
2024-04-11 17:00:00+00:00,0.2665105
2024-04-11 18:00:00+00:00,0.27464775
2024-04-11 19:00:00+00:00,0.25959699999999997
2024-04-11 20:00:00+00:00,0.232395
2024-04-11 21:00:00+00:00,0.196824
2024-04-11 22:00:00+00:00,0.165194
2024-04-11 23:00:00+00:00,0.147447
2024-04-12 00:00:00+00:00,0.138525
2024-04-12 01:00:00+00:00,0.12574375
2024-04-12 02:00:00+00:00,0.122531
2024-04-12 03:00:00+00:00,0.12430825000000001
2024-04-12 04:00:00+00:00,0.13057175000000001
2024-04-12 05:00:00+00:00,0.1326315
2024-04-12 06:00:00+00:00,0.107283625
2024-04-12 07:00:00+00:00,0.09017645
2024-04-12 08:00:00+00:00,0.06916295
2024-04-12 09:00:00+00:00,0.046627774999999996
2024-04-12 10:00:00+00:00,0.042541775
2024-04-12 11:00:00+00:00,0.03323955
2024-04-12 12:00:00+00:00,0.034502075
2024-04-12 13:00:00+00:00,0.034208425
2024-04-12 14:00:00+00:00,0.03891255
2024-04-12 15:00:00+00:00,0.055619425
2024-04-12 16:00:00+00:00,0.088772375
2024-04-12 17:00:00+00:00,0.13057975
2024-04-12 18:00:00+00:00,0.15021625
2024-04-12 19:00:00+00:00,0.1495975
2024-04-12 20:00:00+00:00,0.13122275
2024-04-12 21:00:00+00:00,0.12410974999999999
2024-04-12 22:00:00+00:00,0.11546800000000002
2024-04-12 23:00:00+00:00,0.1008061
2024-04-13 00:00:00+00:00,0.10384375
2024-04-13 01:00:00+00:00,0.10576474999999999
2024-04-13 02:00:00+00:00,0.11224325
2024-04-13 03:00:00+00:00,0.11863725
2024-04-13 04:00:00+00:00,0.13259725
2024-04-13 05:00:00+00:00,0.1427845
2024-04-13 06:00:00+00:00,0.11315572500000001
2024-04-13 07:00:00+00:00,0.07956487500000001
2024-04-13 08:00:00+00:00,0.06738815000000001
2024-04-13 09:00:00+00:00,0.051928225
2024-04-13 10:00:00+00:00,0.045670449999999994
2024-04-13 11:00:00+00:00,0.044478800000000006
2024-04-13 12:00:00+00:00,0.042993775
2024-04-13 13:00:00+00:00,0.043563174999999996
2024-04-13 14:00:00+00:00,0.0445745
2024-04-13 15:00:00+00:00,0.049763025
2024-04-13 16:00:00+00:00,0.057326249999999995
2024-04-13 17:00:00+00:00,0.0742439
2024-04-13 18:00:00+00:00,0.0864631
2024-04-13 19:00:00+00:00,0.08273085
2024-04-13 20:00:00+00:00,0.075297475
2024-04-13 21:00:00+00:00,0.083293225
2024-04-13 22:00:00+00:00,0.08696127499999999
2024-04-13 23:00:00+00:00,0.0927956
2024-04-14 00:00:00+00:00,0.09613125
2024-04-14 01:00:00+00:00,0.1211985
2024-04-14 02:00:00+00:00,0.1473545
2024-04-14 03:00:00+00:00,0.15358625
2024-04-14 04:00:00+00:00,0.17447924999999997
2024-04-14 05:00:00+00:00,0.17107125
2024-04-14 06:00:00+00:00,0.12840474999999998
2024-04-14 07:00:00+00:00,0.09038352499999999
2024-04-14 08:00:00+00:00,0.062611125
2024-04-14 09:00:00+00:00,0.055169499999999996
2024-04-14 10:00:00+00:00,0.047003325000000006
2024-04-14 11:00:00+00:00,0.042535624999999994
2024-04-14 12:00:00+00:00,0.039804325
2024-04-14 13:00:00+00:00,0.042700924999999994
2024-04-14 14:00:00+00:00,0.052397025
2024-04-14 15:00:00+00:00,0.077442025
2024-04-14 16:00:00+00:00,0.13918375
2024-04-14 17:00:00+00:00,0.22928400000000002
2024-04-14 18:00:00+00:00,0.30816325
2024-04-14 19:00:00+00:00,0.3166375
2024-04-14 20:00:00+00:00,0.3125835
2024-04-14 21:00:00+00:00,0.304682
2024-04-14 22:00:00+00:00,0.25785674999999997
2024-04-14 23:00:00+00:00,0.21901825
2024-04-15 00:00:00+00:00,0.17526175
2024-04-15 01:00:00+00:00,0.1377245
2024-04-15 02:00:00+00:00,0.12808425
2024-04-15 03:00:00+00:00,0.14091474999999998
2024-04-15 04:00:00+00:00,0.1464375
2024-04-15 05:00:00+00:00,0.13998750000000001
2024-04-15 06:00:00+00:00,0.104772925
2024-04-15 07:00:00+00:00,0.069578975
2024-04-15 08:00:00+00:00,0.050425125
2024-04-15 09:00:00+00:00,0.047039275000000005
2024-04-15 10:00:00+00:00,0.05167987500000001
2024-04-15 11:00:00+00:00,0.058064975
2024-04-15 12:00:00+00:00,0.0651988
2024-04-15 13:00:00+00:00,0.072539225
2024-04-15 14:00:00+00:00,0.067506225
2024-04-15 15:00:00+00:00,0.055671649999999996
2024-04-15 16:00:00+00:00,0.060925400000000005
2024-04-15 17:00:00+00:00,0.077472075
2024-04-15 18:00:00+00:00,0.084855325
2024-04-15 19:00:00+00:00,0.08700037499999999
2024-04-15 20:00:00+00:00,0.08322212500000001
2024-04-15 21:00:00+00:00,0.086878
2024-04-15 22:00:00+00:00,0.08715904999999999
2024-04-15 23:00:00+00:00,0.097250275
2024-04-16 00:00:00+00:00,0.087712025
2024-04-16 01:00:00+00:00,0.08065895000000001
2024-04-16 02:00:00+00:00,0.084404575
2024-04-16 03:00:00+00:00,0.09146895
2024-04-16 04:00:00+00:00,0.092097575
2024-04-16 05:00:00+00:00,0.093353975
2024-04-16 06:00:00+00:00,0.08907915
2024-04-16 07:00:00+00:00,0.07012379999999999
2024-04-16 08:00:00+00:00,0.060518325
2024-04-16 09:00:00+00:00,0.0586975
2024-04-16 10:00:00+00:00,0.0582623
2024-04-16 11:00:00+00:00,0.061705924999999995
2024-04-16 12:00:00+00:00,0.068109825
2024-04-16 13:00:00+00:00,0.067880225
2024-04-16 14:00:00+00:00,0.06497815
2024-04-16 15:00:00+00:00,0.0800324
2024-04-16 16:00:00+00:00,0.096146825
2024-04-16 17:00:00+00:00,0.12668275
2024-04-16 18:00:00+00:00,0.15129975
2024-04-16 19:00:00+00:00,0.18506
2024-04-16 20:00:00+00:00,0.2080465
2024-04-16 21:00:00+00:00,0.22553625
2024-04-16 22:00:00+00:00,0.24349175
2024-04-16 23:00:00+00:00,0.23778725
2024-04-17 00:00:00+00:00,0.21477475000000001
2024-04-17 01:00:00+00:00,0.198087
2024-04-17 02:00:00+00:00,0.19602975
2024-04-17 03:00:00+00:00,0.2063225
2024-04-17 04:00:00+00:00,0.23147075
2024-04-17 05:00:00+00:00,0.243377
2024-04-17 06:00:00+00:00,0.22974075
2024-04-17 07:00:00+00:00,0.19107724999999998
2024-04-17 08:00:00+00:00,0.15404125
2024-04-17 09:00:00+00:00,0.110674
2024-04-17 10:00:00+00:00,0.10278995
2024-04-17 11:00:00+00:00,0.1028075
2024-04-17 12:00:00+00:00,0.10927175
2024-04-17 13:00:00+00:00,0.12966925
2024-04-17 14:00:00+00:00,0.135167
2024-04-17 15:00:00+00:00,0.15533325
2024-04-17 16:00:00+00:00,0.21307975
2024-04-17 17:00:00+00:00,0.27019275
2024-04-17 18:00:00+00:00,0.322765
2024-04-17 19:00:00+00:00,0.339717
2024-04-17 20:00:00+00:00,0.34495225
2024-04-17 21:00:00+00:00,0.3388525
2024-04-17 22:00:00+00:00,0.33729025
2024-04-17 23:00:00+00:00,0.34307025
2024-04-18 00:00:00+00:00,0.33791325
2024-04-18 01:00:00+00:00,0.342853
2024-04-18 02:00:00+00:00,0.343725
2024-04-18 03:00:00+00:00,0.3420265
2024-04-18 04:00:00+00:00,0.34663875
2024-04-18 05:00:00+00:00,0.31521275000000004
2024-04-18 06:00:00+00:00,0.24149274999999998
2024-04-18 07:00:00+00:00,0.17267175
2024-04-18 08:00:00+00:00,0.12897399999999998
2024-04-18 09:00:00+00:00,0.11577675
2024-04-18 10:00:00+00:00,0.097790975
2024-04-18 11:00:00+00:00,0.085107175
2024-04-18 12:00:00+00:00,0.08183805000000001
2024-04-18 13:00:00+00:00,0.087164675
2024-04-18 14:00:00+00:00,0.107711
2024-04-18 15:00:00+00:00,0.127551
2024-04-18 16:00:00+00:00,0.17425075
2024-04-18 17:00:00+00:00,0.20991125
2024-04-18 18:00:00+00:00,0.22251625
2024-04-18 19:00:00+00:00,0.20482999999999998
2024-04-18 20:00:00+00:00,0.17120075
2024-04-18 21:00:00+00:00,0.140767
2024-04-18 22:00:00+00:00,0.10995400000000001
2024-04-18 23:00:00+00:00,0.09856325
2024-04-19 00:00:00+00:00,0.09134355
2024-04-19 01:00:00+00:00,0.08855749999999998
2024-04-19 02:00:00+00:00,0.089544925
2024-04-19 03:00:00+00:00,0.09211340000000001
2024-04-19 04:00:00+00:00,0.101395825
2024-04-19 05:00:00+00:00,0.10811775
2024-04-19 06:00:00+00:00,0.106769
2024-04-19 07:00:00+00:00,0.09722675
2024-04-19 08:00:00+00:00,0.08337185
2024-04-19 09:00:00+00:00,0.073393375
2024-04-19 10:00:00+00:00,0.058922524999999996
2024-04-19 11:00:00+00:00,0.05318925
2024-04-19 12:00:00+00:00,0.047491175000000004
2024-04-19 13:00:00+00:00,0.046355850000000004
2024-04-19 14:00:00+00:00,0.050013524999999996
2024-04-19 15:00:00+00:00,0.0568293
2024-04-19 16:00:00+00:00,0.072168325
2024-04-19 17:00:00+00:00,0.08079
2024-04-19 18:00:00+00:00,0.092672725
2024-04-19 19:00:00+00:00,0.097150025
2024-04-19 20:00:00+00:00,0.09806390000000001
2024-04-19 21:00:00+00:00,0.10865425
2024-04-19 22:00:00+00:00,0.11505100000000001
2024-04-19 23:00:00+00:00,0.1179195
2024-04-20 00:00:00+00:00,0.11996849999999999
2024-04-20 01:00:00+00:00,0.11792
2024-04-20 02:00:00+00:00,0.12147525
2024-04-20 03:00:00+00:00,0.12371925
2024-04-20 04:00:00+00:00,0.1230735
2024-04-20 05:00:00+00:00,0.12721925
2024-04-20 06:00:00+00:00,0.108995225
2024-04-20 07:00:00+00:00,0.08641425000000001
2024-04-20 08:00:00+00:00,0.070382425
2024-04-20 09:00:00+00:00,0.060430825
2024-04-20 10:00:00+00:00,0.052362225
2024-04-20 11:00:00+00:00,0.052986824999999994
2024-04-20 12:00:00+00:00,0.053013750000000005
2024-04-20 13:00:00+00:00,0.054041475000000005
2024-04-20 14:00:00+00:00,0.057332425000000006
2024-04-20 15:00:00+00:00,0.072081325
2024-04-20 16:00:00+00:00,0.08056327499999999
2024-04-20 17:00:00+00:00,0.09744697499999999
2024-04-20 18:00:00+00:00,0.11280499999999999
2024-04-20 19:00:00+00:00,0.12689024999999998
2024-04-20 20:00:00+00:00,0.13257875
2024-04-20 21:00:00+00:00,0.1334455
2024-04-20 22:00:00+00:00,0.13105275
2024-04-20 23:00:00+00:00,0.1288275
2024-04-21 00:00:00+00:00,0.12714925
2024-04-21 01:00:00+00:00,0.11897825000000001
2024-04-21 02:00:00+00:00,0.11425099999999999
2024-04-21 03:00:00+00:00,0.11594575
2024-04-21 04:00:00+00:00,0.1158065
2024-04-21 05:00:00+00:00,0.11806100000000001
2024-04-21 06:00:00+00:00,0.10087262500000001
2024-04-21 07:00:00+00:00,0.076520525
2024-04-21 08:00:00+00:00,0.055917524999999996
2024-04-21 09:00:00+00:00,0.056585525
2024-04-21 10:00:00+00:00,0.05866937500000001
2024-04-21 11:00:00+00:00,0.05611245
2024-04-21 12:00:00+00:00,0.0593109
2024-04-21 13:00:00+00:00,0.061038100000000005
2024-04-21 14:00:00+00:00,0.06346700000000001
2024-04-21 15:00:00+00:00,0.08150875
2024-04-21 16:00:00+00:00,0.104853875
2024-04-21 17:00:00+00:00,0.14326625
2024-04-21 18:00:00+00:00,0.18813025
2024-04-21 19:00:00+00:00,0.22320225
2024-04-21 20:00:00+00:00,0.2410705
2024-04-21 21:00:00+00:00,0.246359
2024-04-21 22:00:00+00:00,0.22948425
2024-04-21 23:00:00+00:00,0.24308775000000002
2024-04-22 00:00:00+00:00,0.25493
2024-04-22 01:00:00+00:00,0.26599949999999994
2024-04-22 02:00:00+00:00,0.29888725
2024-04-22 03:00:00+00:00,0.3105315
2024-04-22 04:00:00+00:00,0.32407050000000004
2024-04-22 05:00:00+00:00,0.3038225
2024-04-22 06:00:00+00:00,0.25897624999999996
2024-04-22 07:00:00+00:00,0.1983565
2024-04-22 08:00:00+00:00,0.12829475
2024-04-22 09:00:00+00:00,0.10558875
2024-04-22 10:00:00+00:00,0.10669825
2024-04-22 11:00:00+00:00,0.109942
2024-04-22 12:00:00+00:00,0.0989768
2024-04-22 13:00:00+00:00,0.088625725
2024-04-22 14:00:00+00:00,0.10120442499999999
2024-04-22 15:00:00+00:00,0.1362565
2024-04-22 16:00:00+00:00,0.17501575
2024-04-22 17:00:00+00:00,0.216499
2024-04-22 18:00:00+00:00,0.26479074999999996
2024-04-22 19:00:00+00:00,0.29959749999999996
2024-04-22 20:00:00+00:00,0.32259675
2024-04-22 21:00:00+00:00,0.33537725
2024-04-22 22:00:00+00:00,0.34443199999999996
2024-04-22 23:00:00+00:00,0.35648
2024-04-23 00:00:00+00:00,0.3649225
2024-04-23 01:00:00+00:00,0.37208874999999997
2024-04-23 02:00:00+00:00,0.37600925
2024-04-23 03:00:00+00:00,0.37849225
2024-04-23 04:00:00+00:00,0.37516099999999997
2024-04-23 05:00:00+00:00,0.32940675
2024-04-23 06:00:00+00:00,0.25639825
2024-04-23 07:00:00+00:00,0.18878199999999998
2024-04-23 08:00:00+00:00,0.13184
2024-04-23 09:00:00+00:00,0.11374625
2024-04-23 10:00:00+00:00,0.10829924999999999
2024-04-23 11:00:00+00:00,0.0961047
2024-04-23 12:00:00+00:00,0.097653725
2024-04-23 13:00:00+00:00,0.09907964999999999
2024-04-23 14:00:00+00:00,0.11040425000000001
2024-04-23 15:00:00+00:00,0.13087075
2024-04-23 16:00:00+00:00,0.18171175
2024-04-23 17:00:00+00:00,0.206965
2024-04-23 18:00:00+00:00,0.217441
2024-04-23 19:00:00+00:00,0.22977825000000002
2024-04-23 20:00:00+00:00,0.2340105
2024-04-23 21:00:00+00:00,0.229912
2024-04-23 22:00:00+00:00,0.219414
2024-04-23 23:00:00+00:00,0.20609825
2024-04-24 00:00:00+00:00,0.19270025
2024-04-24 01:00:00+00:00,0.19114050000000002
2024-04-24 02:00:00+00:00,0.18956774999999998
2024-04-24 03:00:00+00:00,0.19959300000000002
2024-04-24 04:00:00+00:00,0.21500924999999999
2024-04-24 05:00:00+00:00,0.2080365
2024-04-24 06:00:00+00:00,0.18353025
2024-04-24 07:00:00+00:00,0.14870675
2024-04-24 08:00:00+00:00,0.115633
2024-04-24 09:00:00+00:00,0.088698925
2024-04-24 10:00:00+00:00,0.069754025
2024-04-24 11:00:00+00:00,0.06339272500000001
2024-04-24 12:00:00+00:00,0.06707540000000001
2024-04-24 13:00:00+00:00,0.07295375000000001
2024-04-24 14:00:00+00:00,0.07943597499999999
2024-04-24 15:00:00+00:00,0.11207642500000001
2024-04-24 16:00:00+00:00,0.1524665
2024-04-24 17:00:00+00:00,0.19089425000000002
2024-04-24 18:00:00+00:00,0.2435875
2024-04-24 19:00:00+00:00,0.26013375000000005
2024-04-24 20:00:00+00:00,0.2653085
2024-04-24 21:00:00+00:00,0.2754115
2024-04-24 22:00:00+00:00,0.29312675
2024-04-24 23:00:00+00:00,0.31192575
2024-04-25 00:00:00+00:00,0.32101124999999997
2024-04-25 01:00:00+00:00,0.33586099999999997
2024-04-25 02:00:00+00:00,0.3386874999999999
2024-04-25 03:00:00+00:00,0.3512595
2024-04-25 04:00:00+00:00,0.3602095
2024-04-25 05:00:00+00:00,0.33470275
2024-04-25 06:00:00+00:00,0.28771149999999995
2024-04-25 07:00:00+00:00,0.2352545
2024-04-25 08:00:00+00:00,0.18359875000000003
2024-04-25 09:00:00+00:00,0.16068675
2024-04-25 10:00:00+00:00,0.145871
2024-04-25 11:00:00+00:00,0.1268795
2024-04-25 12:00:00+00:00,0.11044075
2024-04-25 13:00:00+00:00,0.1097775
2024-04-25 14:00:00+00:00,0.13738975
2024-04-25 15:00:00+00:00,0.17378350000000004
2024-04-25 16:00:00+00:00,0.2377655
2024-04-25 17:00:00+00:00,0.28145275
2024-04-25 18:00:00+00:00,0.32319600000000004
2024-04-25 19:00:00+00:00,0.34799549999999996
2024-04-25 20:00:00+00:00,0.35630175
2024-04-25 21:00:00+00:00,0.35246900000000003
2024-04-25 22:00:00+00:00,0.34974325
2024-04-25 23:00:00+00:00,0.3423655
2024-04-26 00:00:00+00:00,0.32845450000000004
2024-04-26 01:00:00+00:00,0.32074225
2024-04-26 02:00:00+00:00,0.31306875
2024-04-26 03:00:00+00:00,0.31939425
2024-04-26 04:00:00+00:00,0.34124975
2024-04-26 05:00:00+00:00,0.32811475
2024-04-26 06:00:00+00:00,0.2729935
2024-04-26 07:00:00+00:00,0.20264825
2024-04-26 08:00:00+00:00,0.161253
2024-04-26 09:00:00+00:00,0.12916175
2024-04-26 10:00:00+00:00,0.106273
2024-04-26 11:00:00+00:00,0.099262325
2024-04-26 12:00:00+00:00,0.09936319999999998
2024-04-26 13:00:00+00:00,0.11340099999999999
2024-04-26 14:00:00+00:00,0.1524255
2024-04-26 15:00:00+00:00,0.20497200000000002
2024-04-26 16:00:00+00:00,0.27013075
2024-04-26 17:00:00+00:00,0.33439175
2024-04-26 18:00:00+00:00,0.380842
2024-04-26 19:00:00+00:00,0.39766599999999996
2024-04-26 20:00:00+00:00,0.39477724999999997
2024-04-26 21:00:00+00:00,0.3886065
2024-04-26 22:00:00+00:00,0.38062375000000004
2024-04-26 23:00:00+00:00,0.37455574999999997
2024-04-27 00:00:00+00:00,0.361079
2024-04-27 01:00:00+00:00,0.35187725000000003
2024-04-27 02:00:00+00:00,0.33888199999999996
2024-04-27 03:00:00+00:00,0.3287775
2024-04-27 04:00:00+00:00,0.3044825
2024-04-27 05:00:00+00:00,0.25209699999999996
2024-04-27 06:00:00+00:00,0.19940775
2024-04-27 07:00:00+00:00,0.155926
2024-04-27 08:00:00+00:00,0.12133925000000001
2024-04-27 09:00:00+00:00,0.096076725
2024-04-27 10:00:00+00:00,0.09855929999999999
2024-04-27 11:00:00+00:00,0.10093355
2024-04-27 12:00:00+00:00,0.09601025000000002
2024-04-27 13:00:00+00:00,0.097958625
2024-04-27 14:00:00+00:00,0.10163575
2024-04-27 15:00:00+00:00,0.16913424999999999
2024-04-27 16:00:00+00:00,0.2560075
2024-04-27 17:00:00+00:00,0.308168
2024-04-27 18:00:00+00:00,0.35179574999999996
2024-04-27 19:00:00+00:00,0.3513135
2024-04-27 20:00:00+00:00,0.2943705
2024-04-27 21:00:00+00:00,0.23004200000000002
2024-04-27 22:00:00+00:00,0.194301
2024-04-27 23:00:00+00:00,0.16196925
2024-04-28 00:00:00+00:00,0.13298975
2024-04-28 01:00:00+00:00,0.13099975
2024-04-28 02:00:00+00:00,0.14276250000000001
2024-04-28 03:00:00+00:00,0.1301095
2024-04-28 04:00:00+00:00,0.12812675
2024-04-28 05:00:00+00:00,0.12212075
2024-04-28 06:00:00+00:00,0.11398900000000001
2024-04-28 07:00:00+00:00,0.0938641
2024-04-28 08:00:00+00:00,0.07059747499999999
2024-04-28 09:00:00+00:00,0.06544865
2024-04-28 10:00:00+00:00,0.06771519999999999
2024-04-28 11:00:00+00:00,0.06392105000000001
2024-04-28 12:00:00+00:00,0.06573135
2024-04-28 13:00:00+00:00,0.06711292499999999
2024-04-28 14:00:00+00:00,0.068271075
2024-04-28 15:00:00+00:00,0.07275805
2024-04-28 16:00:00+00:00,0.075142025
2024-04-28 17:00:00+00:00,0.090896975
2024-04-28 18:00:00+00:00,0.1182
2024-04-28 19:00:00+00:00,0.141525
2024-04-28 20:00:00+00:00,0.17166425
2024-04-28 21:00:00+00:00,0.19116049999999998
2024-04-28 22:00:00+00:00,0.17585725000000002
2024-04-28 23:00:00+00:00,0.19302
2024-04-29 00:00:00+00:00,0.20416475
2024-04-29 01:00:00+00:00,0.22971200000000003
2024-04-29 02:00:00+00:00,0.25659624999999997
2024-04-29 03:00:00+00:00,0.280519
2024-04-29 04:00:00+00:00,0.294439
2024-04-29 05:00:00+00:00,0.24827925
2024-04-29 06:00:00+00:00,0.1841965
2024-04-29 07:00:00+00:00,0.119087225
2024-04-29 08:00:00+00:00,0.07645617499999999
2024-04-29 09:00:00+00:00,0.061958200000000005
2024-04-29 10:00:00+00:00,0.05740275
2024-04-29 11:00:00+00:00,0.062460025
2024-04-29 12:00:00+00:00,0.0708014
2024-04-29 13:00:00+00:00,0.073870575
2024-04-29 14:00:00+00:00,0.09357465
2024-04-29 15:00:00+00:00,0.13867325
2024-04-29 16:00:00+00:00,0.21127775
2024-04-29 17:00:00+00:00,0.296898
2024-04-29 18:00:00+00:00,0.35314599999999996
2024-04-29 19:00:00+00:00,0.38150825
2024-04-29 20:00:00+00:00,0.37631574999999995
2024-04-29 21:00:00+00:00,0.36579775
2024-04-29 22:00:00+00:00,0.357425
2024-04-29 23:00:00+00:00,0.34843275
2024-04-30 00:00:00+00:00,0.349283
2024-04-30 01:00:00+00:00,0.34948049999999997
2024-04-30 02:00:00+00:00,0.35325500000000004
2024-04-30 03:00:00+00:00,0.3590385
2024-04-30 04:00:00+00:00,0.349159
2024-04-30 05:00:00+00:00,0.32921825
2024-04-30 06:00:00+00:00,0.28006675
2024-04-30 07:00:00+00:00,0.19547075000000003
2024-04-30 08:00:00+00:00,0.13356174999999998
2024-04-30 09:00:00+00:00,0.092992725
2024-04-30 10:00:00+00:00,0.07730044999999999
2024-04-30 11:00:00+00:00,0.070431625
2024-04-30 12:00:00+00:00,0.06565095
2024-04-30 13:00:00+00:00,0.0739027
2024-04-30 14:00:00+00:00,0.104813725
2024-04-30 15:00:00+00:00,0.164084
2024-04-30 16:00:00+00:00,0.23609725
2024-04-30 17:00:00+00:00,0.29401099999999997
2024-04-30 18:00:00+00:00,0.34092449999999996
2024-04-30 19:00:00+00:00,0.35755175
2024-04-30 20:00:00+00:00,0.35287775
2024-04-30 21:00:00+00:00,0.33180424999999997
2024-04-30 22:00:00+00:00,0.3262795
2024-04-30 23:00:00+00:00,0.33572575000000004
2024-05-01 00:00:00+00:00,0.33732500000000004
2024-05-01 01:00:00+00:00,0.31149875
2024-05-01 02:00:00+00:00,0.305683
2024-05-01 03:00:00+00:00,0.32218025
2024-05-01 04:00:00+00:00,0.32052474999999997
2024-05-01 05:00:00+00:00,0.25421325
2024-05-01 06:00:00+00:00,0.1642085
2024-05-01 07:00:00+00:00,0.09807792500000001
2024-05-01 08:00:00+00:00,0.07532857500000001
2024-05-01 09:00:00+00:00,0.057196149999999994
2024-05-01 10:00:00+00:00,0.03837245
2024-05-01 11:00:00+00:00,0.035632525
2024-05-01 12:00:00+00:00,0.034845774999999996
2024-05-01 13:00:00+00:00,0.041863625
2024-05-01 14:00:00+00:00,0.048051625
2024-05-01 15:00:00+00:00,0.05766345
2024-05-01 16:00:00+00:00,0.099889425
2024-05-01 17:00:00+00:00,0.15144724999999998
2024-05-01 18:00:00+00:00,0.19270825000000003
2024-05-01 19:00:00+00:00,0.21458950000000002
2024-05-01 20:00:00+00:00,0.2075985
2024-05-01 21:00:00+00:00,0.176288
2024-05-01 22:00:00+00:00,0.15564675
2024-05-01 23:00:00+00:00,0.133107
2024-05-02 00:00:00+00:00,0.12964124999999999
2024-05-02 01:00:00+00:00,0.12749925
2024-05-02 02:00:00+00:00,0.13806325000000003
2024-05-02 03:00:00+00:00,0.1498115
2024-05-02 04:00:00+00:00,0.15627275
2024-05-02 05:00:00+00:00,0.1305635
2024-05-02 06:00:00+00:00,0.1025561
2024-05-02 07:00:00+00:00,0.069890575
2024-05-02 08:00:00+00:00,0.056650325
2024-05-02 09:00:00+00:00,0.047371775000000005
2024-05-02 10:00:00+00:00,0.043537675
2024-05-02 11:00:00+00:00,0.042235
2024-05-02 12:00:00+00:00,0.044872625
2024-05-02 13:00:00+00:00,0.048914849999999996
2024-05-02 14:00:00+00:00,0.05690535000000001
2024-05-02 15:00:00+00:00,0.08933195
2024-05-02 16:00:00+00:00,0.1451945
2024-05-02 17:00:00+00:00,0.2107275
2024-05-02 18:00:00+00:00,0.24561575
2024-05-02 19:00:00+00:00,0.23802575
2024-05-02 20:00:00+00:00,0.20406349999999998
2024-05-02 21:00:00+00:00,0.1882305
2024-05-02 22:00:00+00:00,0.189479
2024-05-02 23:00:00+00:00,0.15764050000000002
2024-05-03 00:00:00+00:00,0.13917025
2024-05-03 01:00:00+00:00,0.16162175
2024-05-03 02:00:00+00:00,0.20771575
2024-05-03 03:00:00+00:00,0.21654775
2024-05-03 04:00:00+00:00,0.22972325
2024-05-03 05:00:00+00:00,0.22528350000000003
2024-05-03 06:00:00+00:00,0.217176
2024-05-03 07:00:00+00:00,0.18666425
2024-05-03 08:00:00+00:00,0.15486450000000002
2024-05-03 09:00:00+00:00,0.1268375
2024-05-03 10:00:00+00:00,0.10839225000000001
2024-05-03 11:00:00+00:00,0.0892761
2024-05-03 12:00:00+00:00,0.076367325
2024-05-03 13:00:00+00:00,0.0791382
2024-05-03 14:00:00+00:00,0.08343545
2024-05-03 15:00:00+00:00,0.099350875
2024-05-03 16:00:00+00:00,0.12362925
2024-05-03 17:00:00+00:00,0.146118
2024-05-03 18:00:00+00:00,0.17726024999999998
2024-05-03 19:00:00+00:00,0.20851424999999998
2024-05-03 20:00:00+00:00,0.221274
2024-05-03 21:00:00+00:00,0.23030350000000002
2024-05-03 22:00:00+00:00,0.23624075
2024-05-03 23:00:00+00:00,0.23633925
2024-05-04 00:00:00+00:00,0.24107675
2024-05-04 01:00:00+00:00,0.255813
2024-05-04 02:00:00+00:00,0.26275899999999996
2024-05-04 03:00:00+00:00,0.27645200000000003
2024-05-04 04:00:00+00:00,0.27926175000000003
2024-05-04 05:00:00+00:00,0.21522175
2024-05-04 06:00:00+00:00,0.15222425
2024-05-04 07:00:00+00:00,0.10107985
2024-05-04 08:00:00+00:00,0.075268875
2024-05-04 09:00:00+00:00,0.06728062500000001
2024-05-04 10:00:00+00:00,0.0652886
2024-05-04 11:00:00+00:00,0.066307925
2024-05-04 12:00:00+00:00,0.07525327500000001
2024-05-04 13:00:00+00:00,0.07813645
2024-05-04 14:00:00+00:00,0.098251325
2024-05-04 15:00:00+00:00,0.16875300000000001
2024-05-04 16:00:00+00:00,0.22413975000000003
2024-05-04 17:00:00+00:00,0.25984475
2024-05-04 18:00:00+00:00,0.3088485
2024-05-04 19:00:00+00:00,0.35073325
2024-05-04 20:00:00+00:00,0.35399025
2024-05-04 21:00:00+00:00,0.35077674999999997
2024-05-04 22:00:00+00:00,0.35244875
2024-05-04 23:00:00+00:00,0.354783
2024-05-05 00:00:00+00:00,0.352052
2024-05-05 01:00:00+00:00,0.34724325
2024-05-05 02:00:00+00:00,0.3395025
2024-05-05 03:00:00+00:00,0.32797375
2024-05-05 04:00:00+00:00,0.30526575
2024-05-05 05:00:00+00:00,0.23036325
2024-05-05 06:00:00+00:00,0.17078775000000002
2024-05-05 07:00:00+00:00,0.1191025
2024-05-05 08:00:00+00:00,0.09058615
2024-05-05 09:00:00+00:00,0.07174887499999999
2024-05-05 10:00:00+00:00,0.065393775
2024-05-05 11:00:00+00:00,0.05958405
2024-05-05 12:00:00+00:00,0.0577952
2024-05-05 13:00:00+00:00,0.06683195
2024-05-05 14:00:00+00:00,0.078912525
2024-05-05 15:00:00+00:00,0.09963935
2024-05-05 16:00:00+00:00,0.1733245
2024-05-05 17:00:00+00:00,0.253626
2024-05-05 18:00:00+00:00,0.32335549999999996
2024-05-05 19:00:00+00:00,0.35786425
2024-05-05 20:00:00+00:00,0.3550145
2024-05-05 21:00:00+00:00,0.351394
2024-05-05 22:00:00+00:00,0.3439865
2024-05-05 23:00:00+00:00,0.34086724999999996
2024-05-06 00:00:00+00:00,0.34166675
2024-05-06 01:00:00+00:00,0.34386874999999995
2024-05-06 02:00:00+00:00,0.34409575
2024-05-06 03:00:00+00:00,0.349322
2024-05-06 04:00:00+00:00,0.34540725
2024-05-06 05:00:00+00:00,0.30052475
2024-05-06 06:00:00+00:00,0.24470625000000001
2024-05-06 07:00:00+00:00,0.18327925
2024-05-06 08:00:00+00:00,0.12673175
2024-05-06 09:00:00+00:00,0.108306
2024-05-06 10:00:00+00:00,0.09643489999999999
2024-05-06 11:00:00+00:00,0.09775872499999999
2024-05-06 12:00:00+00:00,0.11388525000000001
2024-05-06 13:00:00+00:00,0.1343745
2024-05-06 14:00:00+00:00,0.1722365
2024-05-06 15:00:00+00:00,0.22518300000000002
2024-05-06 16:00:00+00:00,0.25172525
2024-05-06 17:00:00+00:00,0.274233
2024-05-06 18:00:00+00:00,0.29013100000000003
2024-05-06 19:00:00+00:00,0.30665024999999996
2024-05-06 20:00:00+00:00,0.309685
2024-05-06 21:00:00+00:00,0.31372875
2024-05-06 22:00:00+00:00,0.32007825
2024-05-06 23:00:00+00:00,0.325721
2024-05-07 00:00:00+00:00,0.33197825000000003
2024-05-07 01:00:00+00:00,0.33415025
2024-05-07 02:00:00+00:00,0.33748825
2024-05-07 03:00:00+00:00,0.34094274999999996
2024-05-07 04:00:00+00:00,0.33647999999999995
2024-05-07 05:00:00+00:00,0.28466575
2024-05-07 06:00:00+00:00,0.2250795
2024-05-07 07:00:00+00:00,0.1581235
2024-05-07 08:00:00+00:00,0.087516675
2024-05-07 09:00:00+00:00,0.065612775
2024-05-07 10:00:00+00:00,0.0600012
2024-05-07 11:00:00+00:00,0.06038885
2024-05-07 12:00:00+00:00,0.059888625
2024-05-07 13:00:00+00:00,0.064649175
2024-05-07 14:00:00+00:00,0.07778765
2024-05-07 15:00:00+00:00,0.11474899999999999
2024-05-07 16:00:00+00:00,0.157854
2024-05-07 17:00:00+00:00,0.20874974999999998
2024-05-07 18:00:00+00:00,0.24551975
2024-05-07 19:00:00+00:00,0.26936875
2024-05-07 20:00:00+00:00,0.27248700000000003
2024-05-07 21:00:00+00:00,0.27774975
2024-05-07 22:00:00+00:00,0.29822825
2024-05-07 23:00:00+00:00,0.31234125
2024-05-08 00:00:00+00:00,0.32522475
2024-05-08 01:00:00+00:00,0.326613
2024-05-08 02:00:00+00:00,0.3148375
2024-05-08 03:00:00+00:00,0.31551025
2024-05-08 04:00:00+00:00,0.32283275
2024-05-08 05:00:00+00:00,0.30567525
2024-05-08 06:00:00+00:00,0.26370099999999996
2024-05-08 07:00:00+00:00,0.228413
2024-05-08 08:00:00+00:00,0.19244225
2024-05-08 09:00:00+00:00,0.15770675
2024-05-08 10:00:00+00:00,0.1404835
2024-05-08 11:00:00+00:00,0.1365715
2024-05-08 12:00:00+00:00,0.12216125
2024-05-08 13:00:00+00:00,0.10729725
2024-05-08 14:00:00+00:00,0.12426075
2024-05-08 15:00:00+00:00,0.16483875
2024-05-08 16:00:00+00:00,0.19793025
2024-05-08 17:00:00+00:00,0.24554375
2024-05-08 18:00:00+00:00,0.29985425
2024-05-08 19:00:00+00:00,0.3412875
2024-05-08 20:00:00+00:00,0.35282100000000005
2024-05-08 21:00:00+00:00,0.36003474999999996
2024-05-08 22:00:00+00:00,0.3626775
2024-05-08 23:00:00+00:00,0.35929049999999996
2024-05-09 00:00:00+00:00,0.35836725
2024-05-09 01:00:00+00:00,0.35622224999999996
2024-05-09 02:00:00+00:00,0.351611
2024-05-09 03:00:00+00:00,0.351499
2024-05-09 04:00:00+00:00,0.33863275000000004
2024-05-09 05:00:00+00:00,0.25302325000000003
2024-05-09 06:00:00+00:00,0.16447675
2024-05-09 07:00:00+00:00,0.11280952500000001
2024-05-09 08:00:00+00:00,0.0819194
2024-05-09 09:00:00+00:00,0.07660349999999999
2024-05-09 10:00:00+00:00,0.076619275
2024-05-09 11:00:00+00:00,0.08130735
2024-05-09 12:00:00+00:00,0.08469415
2024-05-09 13:00:00+00:00,0.091871625
2024-05-09 14:00:00+00:00,0.10965699999999999
2024-05-09 15:00:00+00:00,0.116872
2024-05-09 16:00:00+00:00,0.162538
2024-05-09 17:00:00+00:00,0.24435174999999998
2024-05-09 18:00:00+00:00,0.31796625
2024-05-09 19:00:00+00:00,0.36401375
2024-05-09 20:00:00+00:00,0.36710950000000003
2024-05-09 21:00:00+00:00,0.36687575
2024-05-09 22:00:00+00:00,0.36787000000000003
2024-05-09 23:00:00+00:00,0.3666985
2024-05-10 00:00:00+00:00,0.36544849999999995
2024-05-10 01:00:00+00:00,0.36394775
2024-05-10 02:00:00+00:00,0.36469775
2024-05-10 03:00:00+00:00,0.36712825
2024-05-10 04:00:00+00:00,0.35208900000000004
2024-05-10 05:00:00+00:00,0.275096
2024-05-10 06:00:00+00:00,0.1904015
2024-05-10 07:00:00+00:00,0.1102428
2024-05-10 08:00:00+00:00,0.08001119999999999
2024-05-10 09:00:00+00:00,0.0695003
2024-05-10 10:00:00+00:00,0.06326337500000001
2024-05-10 11:00:00+00:00,0.060095225
2024-05-10 12:00:00+00:00,0.06307555000000001
2024-05-10 13:00:00+00:00,0.069072075
2024-05-10 14:00:00+00:00,0.07708925
2024-05-10 15:00:00+00:00,0.103967825
2024-05-10 16:00:00+00:00,0.15536550000000002
2024-05-10 17:00:00+00:00,0.214209
2024-05-10 18:00:00+00:00,0.26485875
2024-05-10 19:00:00+00:00,0.2982515
2024-05-10 20:00:00+00:00,0.30064650000000004
2024-05-10 21:00:00+00:00,0.30355975
2024-05-10 22:00:00+00:00,0.28553025
2024-05-10 23:00:00+00:00,0.2552355
2024-05-11 00:00:00+00:00,0.2291875
2024-05-11 01:00:00+00:00,0.249052
2024-05-11 02:00:00+00:00,0.26660525
2024-05-11 03:00:00+00:00,0.26458750000000003
2024-05-11 04:00:00+00:00,0.245456
2024-05-11 05:00:00+00:00,0.1988555
2024-05-11 06:00:00+00:00,0.1467405
2024-05-11 07:00:00+00:00,0.10506860000000001
2024-05-11 08:00:00+00:00,0.084172625
2024-05-11 09:00:00+00:00,0.07321962500000001
2024-05-11 10:00:00+00:00,0.061992000000000005
2024-05-11 11:00:00+00:00,0.0545113
2024-05-11 12:00:00+00:00,0.05183275
2024-05-11 13:00:00+00:00,0.054577724999999994
2024-05-11 14:00:00+00:00,0.05948135
2024-05-11 15:00:00+00:00,0.064608275
2024-05-11 16:00:00+00:00,0.093312175
2024-05-11 17:00:00+00:00,0.13290175
2024-05-11 18:00:00+00:00,0.177729
2024-05-11 19:00:00+00:00,0.202673
2024-05-11 20:00:00+00:00,0.18528825000000002
2024-05-11 21:00:00+00:00,0.1697715
2024-05-11 22:00:00+00:00,0.15939150000000002
2024-05-11 23:00:00+00:00,0.139383
2024-05-12 00:00:00+00:00,0.1359845
2024-05-12 01:00:00+00:00,0.13548875000000002
2024-05-12 02:00:00+00:00,0.132167
2024-05-12 03:00:00+00:00,0.13134075
2024-05-12 04:00:00+00:00,0.12546225
2024-05-12 05:00:00+00:00,0.10245767500000001
2024-05-12 06:00:00+00:00,0.07979925
2024-05-12 07:00:00+00:00,0.0674597
2024-05-12 08:00:00+00:00,0.0548168
2024-05-12 09:00:00+00:00,0.045032474999999995
2024-05-12 10:00:00+00:00,0.036832275
2024-05-12 11:00:00+00:00,0.0345154
2024-05-12 12:00:00+00:00,0.034937
2024-05-12 13:00:00+00:00,0.040058775
2024-05-12 14:00:00+00:00,0.048790900000000005
2024-05-12 15:00:00+00:00,0.059037875
2024-05-12 16:00:00+00:00,0.07195485000000001
2024-05-12 17:00:00+00:00,0.10093289999999999
2024-05-12 18:00:00+00:00,0.1438665
2024-05-12 19:00:00+00:00,0.151509
2024-05-12 20:00:00+00:00,0.1396445
2024-05-12 21:00:00+00:00,0.1508315
2024-05-12 22:00:00+00:00,0.15014524999999998
2024-05-12 23:00:00+00:00,0.15836250000000002
2024-05-13 00:00:00+00:00,0.1694125
2024-05-13 01:00:00+00:00,0.17305900000000002
2024-05-13 02:00:00+00:00,0.188328
2024-05-13 03:00:00+00:00,0.20490475000000002
2024-05-13 04:00:00+00:00,0.21609099999999998
2024-05-13 05:00:00+00:00,0.172848
2024-05-13 06:00:00+00:00,0.12047000000000001
2024-05-13 07:00:00+00:00,0.08114612499999999
2024-05-13 08:00:00+00:00,0.0676812
2024-05-13 09:00:00+00:00,0.06110675
2024-05-13 10:00:00+00:00,0.055365375
2024-05-13 11:00:00+00:00,0.057460025
2024-05-13 12:00:00+00:00,0.060353175
2024-05-13 13:00:00+00:00,0.07120255
2024-05-13 14:00:00+00:00,0.081587575
2024-05-13 15:00:00+00:00,0.111522925
2024-05-13 16:00:00+00:00,0.17518275
2024-05-13 17:00:00+00:00,0.23706725
2024-05-13 18:00:00+00:00,0.29468075
2024-05-13 19:00:00+00:00,0.32655875
2024-05-13 20:00:00+00:00,0.31063450000000004
2024-05-13 21:00:00+00:00,0.27617325
2024-05-13 22:00:00+00:00,0.26666350000000005
2024-05-13 23:00:00+00:00,0.249484
2024-05-14 00:00:00+00:00,0.2248175
2024-05-14 01:00:00+00:00,0.20834125000000003
2024-05-14 02:00:00+00:00,0.182216
2024-05-14 03:00:00+00:00,0.1660485
2024-05-14 04:00:00+00:00,0.14741825
2024-05-14 05:00:00+00:00,0.105631725
2024-05-14 06:00:00+00:00,0.07914357500000001
2024-05-14 07:00:00+00:00,0.05790405
2024-05-14 08:00:00+00:00,0.0488165
2024-05-14 09:00:00+00:00,0.040637825
2024-05-14 10:00:00+00:00,0.03202705
2024-05-14 11:00:00+00:00,0.029509050000000002
2024-05-14 12:00:00+00:00,0.03288225
2024-05-14 13:00:00+00:00,0.044776125
2024-05-14 14:00:00+00:00,0.06448785
2024-05-14 15:00:00+00:00,0.08449925
2024-05-14 16:00:00+00:00,0.11867625
2024-05-14 17:00:00+00:00,0.17199375
2024-05-14 18:00:00+00:00,0.23110550000000002
2024-05-14 19:00:00+00:00,0.2815465
2024-05-14 20:00:00+00:00,0.29159875
2024-05-14 21:00:00+00:00,0.29970050000000004
2024-05-14 22:00:00+00:00,0.3063585
2024-05-14 23:00:00+00:00,0.31577200000000005
2024-05-15 00:00:00+00:00,0.318272
2024-05-15 01:00:00+00:00,0.321321
2024-05-15 02:00:00+00:00,0.32171225
2024-05-15 03:00:00+00:00,0.31430925
2024-05-15 04:00:00+00:00,0.2846225
2024-05-15 05:00:00+00:00,0.2074505
2024-05-15 06:00:00+00:00,0.13904824999999998
2024-05-15 07:00:00+00:00,0.08917027500000001
2024-05-15 08:00:00+00:00,0.080037775
2024-05-15 09:00:00+00:00,0.0709449
2024-05-15 10:00:00+00:00,0.0780456
2024-05-15 11:00:00+00:00,0.075016475
2024-05-15 12:00:00+00:00,0.08547977500000001
2024-05-15 13:00:00+00:00,0.096642575
2024-05-15 14:00:00+00:00,0.12641975
2024-05-15 15:00:00+00:00,0.18146675
2024-05-15 16:00:00+00:00,0.21325875
2024-05-15 17:00:00+00:00,0.2503305
2024-05-15 18:00:00+00:00,0.2856535
2024-05-15 19:00:00+00:00,0.312888
2024-05-15 20:00:00+00:00,0.32299525
2024-05-15 21:00:00+00:00,0.31968675
2024-05-15 22:00:00+00:00,0.31163875
2024-05-15 23:00:00+00:00,0.30832475
2024-05-16 00:00:00+00:00,0.30381725
2024-05-16 01:00:00+00:00,0.293994
2024-05-16 02:00:00+00:00,0.28958100000000003
2024-05-16 03:00:00+00:00,0.28911125000000004
2024-05-16 04:00:00+00:00,0.27337575000000003
2024-05-16 05:00:00+00:00,0.22128425000000002
2024-05-16 06:00:00+00:00,0.1741125
2024-05-16 07:00:00+00:00,0.1269845
2024-05-16 08:00:00+00:00,0.10112007499999999
2024-05-16 09:00:00+00:00,0.080397725
2024-05-16 10:00:00+00:00,0.06369337500000001
2024-05-16 11:00:00+00:00,0.058251775
2024-05-16 12:00:00+00:00,0.0570339
2024-05-16 13:00:00+00:00,0.068176775
2024-05-16 14:00:00+00:00,0.10482255
2024-05-16 15:00:00+00:00,0.156811
2024-05-16 16:00:00+00:00,0.2158835
2024-05-16 17:00:00+00:00,0.24343075000000003
2024-05-16 18:00:00+00:00,0.31025674999999997
2024-05-16 19:00:00+00:00,0.34990675000000004
2024-05-16 20:00:00+00:00,0.36468049999999996
2024-05-16 21:00:00+00:00,0.35863324999999996
2024-05-16 22:00:00+00:00,0.356237
2024-05-16 23:00:00+00:00,0.35327149999999996
2024-05-17 00:00:00+00:00,0.3454055
2024-05-17 01:00:00+00:00,0.33748424999999993
2024-05-17 02:00:00+00:00,0.33546675
2024-05-17 03:00:00+00:00,0.33041125
2024-05-17 04:00:00+00:00,0.316
2024-05-17 05:00:00+00:00,0.2746645
2024-05-17 06:00:00+00:00,0.22656749999999998
2024-05-17 07:00:00+00:00,0.16327275000000002
2024-05-17 08:00:00+00:00,0.10606444999999999
2024-05-17 09:00:00+00:00,0.08023985
2024-05-17 10:00:00+00:00,0.075850125
2024-05-17 11:00:00+00:00,0.078139225
2024-05-17 12:00:00+00:00,0.09275069999999999
2024-05-17 13:00:00+00:00,0.119936
2024-05-17 14:00:00+00:00,0.14774175
2024-05-17 15:00:00+00:00,0.16715075000000001
2024-05-17 16:00:00+00:00,0.21059200000000003
2024-05-17 17:00:00+00:00,0.23980674999999999
2024-05-17 18:00:00+00:00,0.2661475
2024-05-17 19:00:00+00:00,0.28136275
2024-05-17 20:00:00+00:00,0.2872825
2024-05-17 21:00:00+00:00,0.28146825
2024-05-17 22:00:00+00:00,0.29062475
2024-05-17 23:00:00+00:00,0.2861765
2024-05-18 00:00:00+00:00,0.29154225
2024-05-18 01:00:00+00:00,0.2905195
2024-05-18 02:00:00+00:00,0.2961905
2024-05-18 03:00:00+00:00,0.30097450000000003
2024-05-18 04:00:00+00:00,0.29271625
2024-05-18 05:00:00+00:00,0.242604
2024-05-18 06:00:00+00:00,0.1978005
2024-05-18 07:00:00+00:00,0.1500495
2024-05-18 08:00:00+00:00,0.1070927
2024-05-18 09:00:00+00:00,0.07966134999999999
2024-05-18 10:00:00+00:00,0.075148475
2024-05-18 11:00:00+00:00,0.07109265
2024-05-18 12:00:00+00:00,0.0761667
2024-05-18 13:00:00+00:00,0.089909925
2024-05-18 14:00:00+00:00,0.10007127499999999
2024-05-18 15:00:00+00:00,0.121708
2024-05-18 16:00:00+00:00,0.1681985
2024-05-18 17:00:00+00:00,0.2156055
2024-05-18 18:00:00+00:00,0.28598725
2024-05-18 19:00:00+00:00,0.33363175
2024-05-18 20:00:00+00:00,0.34434925
2024-05-18 21:00:00+00:00,0.34070675
2024-05-18 22:00:00+00:00,0.3334955
2024-05-18 23:00:00+00:00,0.32826975
2024-05-19 00:00:00+00:00,0.32753975
2024-05-19 01:00:00+00:00,0.32671225
2024-05-19 02:00:00+00:00,0.326851
2024-05-19 03:00:00+00:00,0.32316849999999997
2024-05-19 04:00:00+00:00,0.304314
2024-05-19 05:00:00+00:00,0.243454
2024-05-19 06:00:00+00:00,0.19325375
2024-05-19 07:00:00+00:00,0.13975325
2024-05-19 08:00:00+00:00,0.10541020000000001
2024-05-19 09:00:00+00:00,0.0795154
2024-05-19 10:00:00+00:00,0.066382625
2024-05-19 11:00:00+00:00,0.072558575
2024-05-19 12:00:00+00:00,0.0667174
2024-05-19 13:00:00+00:00,0.065747475
2024-05-19 14:00:00+00:00,0.071845875
2024-05-19 15:00:00+00:00,0.09214515
2024-05-19 16:00:00+00:00,0.10061875
2024-05-19 17:00:00+00:00,0.12937525
2024-05-19 18:00:00+00:00,0.18057600000000001
2024-05-19 19:00:00+00:00,0.22775025
2024-05-19 20:00:00+00:00,0.24420825000000002
2024-05-19 21:00:00+00:00,0.24562975
2024-05-19 22:00:00+00:00,0.244356
2024-05-19 23:00:00+00:00,0.24834124999999999
2024-05-20 00:00:00+00:00,0.2602215
2024-05-20 01:00:00+00:00,0.25959774999999996
2024-05-20 02:00:00+00:00,0.25303
2024-05-20 03:00:00+00:00,0.24214175
2024-05-20 04:00:00+00:00,0.23427725000000002
2024-05-20 05:00:00+00:00,0.20354375000000002
2024-05-20 06:00:00+00:00,0.16980825
2024-05-20 07:00:00+00:00,0.14940799999999999
2024-05-20 08:00:00+00:00,0.12906874999999998
2024-05-20 09:00:00+00:00,0.11439950000000002
2024-05-20 10:00:00+00:00,0.09921270000000001
2024-05-20 11:00:00+00:00,0.08068159999999999
2024-05-20 12:00:00+00:00,0.08701952500000001
2024-05-20 13:00:00+00:00,0.09880935
2024-05-20 14:00:00+00:00,0.103064225
2024-05-20 15:00:00+00:00,0.1260035
2024-05-20 16:00:00+00:00,0.16977075000000003
2024-05-20 17:00:00+00:00,0.2085475
2024-05-20 18:00:00+00:00,0.24520599999999998
2024-05-20 19:00:00+00:00,0.3011685
2024-05-20 20:00:00+00:00,0.32561775000000004
2024-05-20 21:00:00+00:00,0.334264
2024-05-20 22:00:00+00:00,0.3379735
2024-05-20 23:00:00+00:00,0.32963975
2024-05-21 00:00:00+00:00,0.32624375
2024-05-21 01:00:00+00:00,0.33320375
2024-05-21 02:00:00+00:00,0.33474475000000004
2024-05-21 03:00:00+00:00,0.3283205
2024-05-21 04:00:00+00:00,0.30258675
2024-05-21 05:00:00+00:00,0.24150950000000002
2024-05-21 06:00:00+00:00,0.16626200000000002
2024-05-21 07:00:00+00:00,0.1124256
2024-05-21 08:00:00+00:00,0.0702098
2024-05-21 09:00:00+00:00,0.056496599999999994
2024-05-21 10:00:00+00:00,0.058195275
2024-05-21 11:00:00+00:00,0.06688287500000001
2024-05-21 12:00:00+00:00,0.07525725000000001
2024-05-21 13:00:00+00:00,0.0948707
2024-05-21 14:00:00+00:00,0.10384135
2024-05-21 15:00:00+00:00,0.14565875
2024-05-21 16:00:00+00:00,0.20285124999999998
2024-05-21 17:00:00+00:00,0.24286775000000002
2024-05-21 18:00:00+00:00,0.2685525
2024-05-21 19:00:00+00:00,0.2898625
2024-05-21 20:00:00+00:00,0.29003775
2024-05-21 21:00:00+00:00,0.280427
2024-05-21 22:00:00+00:00,0.28404725
2024-05-21 23:00:00+00:00,0.26841699999999996
2024-05-22 00:00:00+00:00,0.24905750000000001
2024-05-22 01:00:00+00:00,0.23930725
2024-05-22 02:00:00+00:00,0.208808
2024-05-22 03:00:00+00:00,0.189699
2024-05-22 04:00:00+00:00,0.174616
2024-05-22 05:00:00+00:00,0.14254975000000003
2024-05-22 06:00:00+00:00,0.117319
2024-05-22 07:00:00+00:00,0.097083375
2024-05-22 08:00:00+00:00,0.09357487499999999
2024-05-22 09:00:00+00:00,0.10001589999999999
2024-05-22 10:00:00+00:00,0.09144060000000001
2024-05-22 11:00:00+00:00,0.07939052499999999
2024-05-22 12:00:00+00:00,0.078363875
2024-05-22 13:00:00+00:00,0.069035275
2024-05-22 14:00:00+00:00,0.06872755
2024-05-22 15:00:00+00:00,0.088310125
2024-05-22 16:00:00+00:00,0.12487900000000002
2024-05-22 17:00:00+00:00,0.15064375
2024-05-22 18:00:00+00:00,0.19112625
2024-05-22 19:00:00+00:00,0.22211625
2024-05-22 20:00:00+00:00,0.230034
2024-05-22 21:00:00+00:00,0.20870325
2024-05-22 22:00:00+00:00,0.17343925
2024-05-22 23:00:00+00:00,0.1502595
2024-05-23 00:00:00+00:00,0.15159275
2024-05-23 01:00:00+00:00,0.14301575
2024-05-23 02:00:00+00:00,0.1444205
2024-05-23 03:00:00+00:00,0.15481350000000002
2024-05-23 04:00:00+00:00,0.16665225
2024-05-23 05:00:00+00:00,0.167447
2024-05-23 06:00:00+00:00,0.14368775
2024-05-23 07:00:00+00:00,0.11424125
2024-05-23 08:00:00+00:00,0.092300125
2024-05-23 09:00:00+00:00,0.08210265
2024-05-23 10:00:00+00:00,0.06785685
2024-05-23 11:00:00+00:00,0.061731675
2024-05-23 12:00:00+00:00,0.062995525
2024-05-23 13:00:00+00:00,0.071263475
2024-05-23 14:00:00+00:00,0.08008317499999999
2024-05-23 15:00:00+00:00,0.12079625000000001
2024-05-23 16:00:00+00:00,0.1822635
2024-05-23 17:00:00+00:00,0.25166575
2024-05-23 18:00:00+00:00,0.29935475
2024-05-23 19:00:00+00:00,0.34506375
2024-05-23 20:00:00+00:00,0.3593615
2024-05-23 21:00:00+00:00,0.35948375000000005
2024-05-23 22:00:00+00:00,0.35902975
2024-05-23 23:00:00+00:00,0.3557165
2024-05-24 00:00:00+00:00,0.35377099999999995
2024-05-24 01:00:00+00:00,0.35989175
2024-05-24 02:00:00+00:00,0.366275
2024-05-24 03:00:00+00:00,0.37303825
2024-05-24 04:00:00+00:00,0.35463275
2024-05-24 05:00:00+00:00,0.3113465
2024-05-24 06:00:00+00:00,0.28035725
2024-05-24 07:00:00+00:00,0.226333
2024-05-24 08:00:00+00:00,0.19793025
2024-05-24 09:00:00+00:00,0.18013225
2024-05-24 10:00:00+00:00,0.18638875
2024-05-24 11:00:00+00:00,0.19469275
2024-05-24 12:00:00+00:00,0.20370149999999998
2024-05-24 13:00:00+00:00,0.22508974999999998
2024-05-24 14:00:00+00:00,0.21479325
2024-05-24 15:00:00+00:00,0.25814125
2024-05-24 16:00:00+00:00,0.28114925
2024-05-24 17:00:00+00:00,0.29532749999999997
2024-05-24 18:00:00+00:00,0.30804549999999997
2024-05-24 19:00:00+00:00,0.31392025
2024-05-24 20:00:00+00:00,0.31898400000000005
2024-05-24 21:00:00+00:00,0.30353875
2024-05-24 22:00:00+00:00,0.304066
2024-05-24 23:00:00+00:00,0.300621
2024-05-25 00:00:00+00:00,0.30015375
2024-05-25 01:00:00+00:00,0.2915955
2024-05-25 02:00:00+00:00,0.27190200000000003
2024-05-25 03:00:00+00:00,0.255876
2024-05-25 04:00:00+00:00,0.25498825
2024-05-25 05:00:00+00:00,0.2388225
2024-05-25 06:00:00+00:00,0.20660075
2024-05-25 07:00:00+00:00,0.17923275
2024-05-25 08:00:00+00:00,0.15136624999999998
2024-05-25 09:00:00+00:00,0.13503725
2024-05-25 10:00:00+00:00,0.11460474999999999
2024-05-25 11:00:00+00:00,0.112119
2024-05-25 12:00:00+00:00,0.1054005
2024-05-25 13:00:00+00:00,0.090062425
2024-05-25 14:00:00+00:00,0.088428375
2024-05-25 15:00:00+00:00,0.10573750000000001
2024-05-25 16:00:00+00:00,0.15339125
2024-05-25 17:00:00+00:00,0.2306465
2024-05-25 18:00:00+00:00,0.29721925
2024-05-25 19:00:00+00:00,0.344973
2024-05-25 20:00:00+00:00,0.36029025000000003
2024-05-25 21:00:00+00:00,0.35872725
2024-05-25 22:00:00+00:00,0.35203075
2024-05-25 23:00:00+00:00,0.33164075
2024-05-26 00:00:00+00:00,0.312643
2024-05-26 01:00:00+00:00,0.27742900000000004
2024-05-26 02:00:00+00:00,0.23567825
2024-05-26 03:00:00+00:00,0.20823524999999998
2024-05-26 04:00:00+00:00,0.18190425
2024-05-26 05:00:00+00:00,0.14933824999999998
2024-05-26 06:00:00+00:00,0.11245725000000001
2024-05-26 07:00:00+00:00,0.088982325
2024-05-26 08:00:00+00:00,0.083845925
2024-05-26 09:00:00+00:00,0.0861444
2024-05-26 10:00:00+00:00,0.08432330000000002
2024-05-26 11:00:00+00:00,0.08772959999999999
2024-05-26 12:00:00+00:00,0.0817165
2024-05-26 13:00:00+00:00,0.091328875
2024-05-26 14:00:00+00:00,0.09470642500000001
2024-05-26 15:00:00+00:00,0.11338014999999999
2024-05-26 16:00:00+00:00,0.1511945
2024-05-26 17:00:00+00:00,0.17694975
2024-05-26 18:00:00+00:00,0.205851
2024-05-26 19:00:00+00:00,0.23577925
2024-05-26 20:00:00+00:00,0.22126975
2024-05-26 21:00:00+00:00,0.20732175000000003
2024-05-26 22:00:00+00:00,0.18321174999999998
2024-05-26 23:00:00+00:00,0.169367
2024-05-27 00:00:00+00:00,0.15914725
2024-05-27 01:00:00+00:00,0.157397
2024-05-27 02:00:00+00:00,0.1609865
2024-05-27 03:00:00+00:00,0.17084649999999998
2024-05-27 04:00:00+00:00,0.190684
2024-05-27 05:00:00+00:00,0.18433799999999997
2024-05-27 06:00:00+00:00,0.138027
2024-05-27 07:00:00+00:00,0.10000305000000001
2024-05-27 08:00:00+00:00,0.07560305
2024-05-27 09:00:00+00:00,0.067883525
2024-05-27 10:00:00+00:00,0.063673325
2024-05-27 11:00:00+00:00,0.06980890000000001
2024-05-27 12:00:00+00:00,0.0770778
2024-05-27 13:00:00+00:00,0.088356375
2024-05-27 14:00:00+00:00,0.11248655
2024-05-27 15:00:00+00:00,0.1736485
2024-05-27 16:00:00+00:00,0.240154
2024-05-27 17:00:00+00:00,0.2651555
2024-05-27 18:00:00+00:00,0.29333549999999997
2024-05-27 19:00:00+00:00,0.31433774999999997
2024-05-27 20:00:00+00:00,0.323943
2024-05-27 21:00:00+00:00,0.32906025
2024-05-27 22:00:00+00:00,0.314583
2024-05-27 23:00:00+00:00,0.28766875
2024-05-28 00:00:00+00:00,0.259127
2024-05-28 01:00:00+00:00,0.24258174999999998
2024-05-28 02:00:00+00:00,0.238946
2024-05-28 03:00:00+00:00,0.25339575000000003
2024-05-28 04:00:00+00:00,0.24110474999999998
2024-05-28 05:00:00+00:00,0.1952115
2024-05-28 06:00:00+00:00,0.1403025
2024-05-28 07:00:00+00:00,0.104600875
2024-05-28 08:00:00+00:00,0.078739675
2024-05-28 09:00:00+00:00,0.0679797
2024-05-28 10:00:00+00:00,0.063809825
2024-05-28 11:00:00+00:00,0.06635965
2024-05-28 12:00:00+00:00,0.06557840000000001
2024-05-28 13:00:00+00:00,0.07520177500000001
2024-05-28 14:00:00+00:00,0.105636625
2024-05-28 15:00:00+00:00,0.115285
2024-05-28 16:00:00+00:00,0.14132175
2024-05-28 17:00:00+00:00,0.169054
2024-05-28 18:00:00+00:00,0.17016225
2024-05-28 19:00:00+00:00,0.16539625000000002
2024-05-28 20:00:00+00:00,0.14603850000000002
2024-05-28 21:00:00+00:00,0.1317015
2024-05-28 22:00:00+00:00,0.11895349999999999
2024-05-28 23:00:00+00:00,0.11496925
2024-05-29 00:00:00+00:00,0.10990749999999999
2024-05-29 01:00:00+00:00,0.10966825
2024-05-29 02:00:00+00:00,0.10830975
2024-05-29 03:00:00+00:00,0.11074975000000001
2024-05-29 04:00:00+00:00,0.11540349999999999
2024-05-29 05:00:00+00:00,0.11499075
2024-05-29 06:00:00+00:00,0.107113
2024-05-29 07:00:00+00:00,0.09994220000000001
2024-05-29 08:00:00+00:00,0.0877569
2024-05-29 09:00:00+00:00,0.0729848
2024-05-29 10:00:00+00:00,0.06622125
2024-05-29 11:00:00+00:00,0.070658675
2024-05-29 12:00:00+00:00,0.0642551
2024-05-29 13:00:00+00:00,0.06697185
2024-05-29 14:00:00+00:00,0.07285025
2024-05-29 15:00:00+00:00,0.08994385
2024-05-29 16:00:00+00:00,0.1182935
2024-05-29 17:00:00+00:00,0.17443775
2024-05-29 18:00:00+00:00,0.24033949999999998
2024-05-29 19:00:00+00:00,0.3027245
2024-05-29 20:00:00+00:00,0.3258375
2024-05-29 21:00:00+00:00,0.344353
2024-05-29 22:00:00+00:00,0.34224374999999996
2024-05-29 23:00:00+00:00,0.342129
2024-05-30 00:00:00+00:00,0.33776375000000003
2024-05-30 01:00:00+00:00,0.33511975000000005
2024-05-30 02:00:00+00:00,0.334391
2024-05-30 03:00:00+00:00,0.33300175
2024-05-30 04:00:00+00:00,0.30855275000000004
2024-05-30 05:00:00+00:00,0.2670445
2024-05-30 06:00:00+00:00,0.21159550000000002
2024-05-30 07:00:00+00:00,0.13577224999999998
2024-05-30 08:00:00+00:00,0.09095282500000001
2024-05-30 09:00:00+00:00,0.0802973
2024-05-30 10:00:00+00:00,0.085459175
2024-05-30 11:00:00+00:00,0.09060815
2024-05-30 12:00:00+00:00,0.086924475
2024-05-30 13:00:00+00:00,0.08772144999999999
2024-05-30 14:00:00+00:00,0.09508375000000001
2024-05-30 15:00:00+00:00,0.09729644999999999
2024-05-30 16:00:00+00:00,0.13524575
2024-05-30 17:00:00+00:00,0.202086
2024-05-30 18:00:00+00:00,0.25470925
2024-05-30 19:00:00+00:00,0.27728125000000003
2024-05-30 20:00:00+00:00,0.26152325
2024-05-30 21:00:00+00:00,0.23957050000000002
2024-05-30 22:00:00+00:00,0.23691149999999997
2024-05-30 23:00:00+00:00,0.21546825
2024-05-31 00:00:00+00:00,0.1933355
2024-05-31 01:00:00+00:00,0.2054595
2024-05-31 02:00:00+00:00,0.22097374999999997
2024-05-31 03:00:00+00:00,0.23957575
2024-05-31 04:00:00+00:00,0.26078425
2024-05-31 05:00:00+00:00,0.2292615
2024-05-31 06:00:00+00:00,0.19287800000000002
2024-05-31 07:00:00+00:00,0.16743175
2024-05-31 08:00:00+00:00,0.1547325
2024-05-31 09:00:00+00:00,0.12655650000000002
2024-05-31 10:00:00+00:00,0.0943271
2024-05-31 11:00:00+00:00,0.081915025
2024-05-31 12:00:00+00:00,0.07565375
2024-05-31 13:00:00+00:00,0.0822349
2024-05-31 14:00:00+00:00,0.08698285
2024-05-31 15:00:00+00:00,0.09387127499999999
2024-05-31 16:00:00+00:00,0.11065799999999999
2024-05-31 17:00:00+00:00,0.13617400000000002
2024-05-31 18:00:00+00:00,0.15200125
2024-05-31 19:00:00+00:00,0.16519699999999998
2024-05-31 20:00:00+00:00,0.16579775
2024-05-31 21:00:00+00:00,0.158605
2024-05-31 22:00:00+00:00,0.14019075
2024-05-31 23:00:00+00:00,0.12125725
2024-06-01 00:00:00+00:00,0.11403374999999999
2024-06-01 01:00:00+00:00,0.099741225
2024-06-01 02:00:00+00:00,0.091652525
2024-06-01 03:00:00+00:00,0.09051334999999999
2024-06-01 04:00:00+00:00,0.086357075
2024-06-01 05:00:00+00:00,0.087394425
2024-06-01 06:00:00+00:00,0.08573082499999998
2024-06-01 07:00:00+00:00,0.081368
2024-06-01 08:00:00+00:00,0.080764175
2024-06-01 09:00:00+00:00,0.07307345
2024-06-01 10:00:00+00:00,0.07290080000000002
2024-06-01 11:00:00+00:00,0.0645879
2024-06-01 12:00:00+00:00,0.06241605
2024-06-01 13:00:00+00:00,0.06397835
2024-06-01 14:00:00+00:00,0.067138675
2024-06-01 15:00:00+00:00,0.07413550000000001
2024-06-01 16:00:00+00:00,0.07480827500000001
2024-06-01 17:00:00+00:00,0.07718825
2024-06-01 18:00:00+00:00,0.07792997500000001
2024-06-01 19:00:00+00:00,0.0768466
2024-06-01 20:00:00+00:00,0.0781028
2024-06-01 21:00:00+00:00,0.08843672500000001
2024-06-01 22:00:00+00:00,0.09454680000000001
2024-06-01 23:00:00+00:00,0.097241675
2024-06-02 00:00:00+00:00,0.10234125
2024-06-02 01:00:00+00:00,0.110092
2024-06-02 02:00:00+00:00,0.11071975
2024-06-02 03:00:00+00:00,0.11686025
2024-06-02 04:00:00+00:00,0.11589825000000001
2024-06-02 05:00:00+00:00,0.10715200000000001
2024-06-02 06:00:00+00:00,0.103504
2024-06-02 07:00:00+00:00,0.11309249999999998
2024-06-02 08:00:00+00:00,0.096761225
2024-06-02 09:00:00+00:00,0.085302075
2024-06-02 10:00:00+00:00,0.07175095000000001
2024-06-02 11:00:00+00:00,0.059772824999999995
2024-06-02 12:00:00+00:00,0.059499925
2024-06-02 13:00:00+00:00,0.0568231
2024-06-02 14:00:00+00:00,0.059598325
2024-06-02 15:00:00+00:00,0.075425875
2024-06-02 16:00:00+00:00,0.09535847500000001
2024-06-02 17:00:00+00:00,0.12538325
2024-06-02 18:00:00+00:00,0.162901
2024-06-02 19:00:00+00:00,0.22327625
2024-06-02 20:00:00+00:00,0.2593485
2024-06-02 21:00:00+00:00,0.29688275000000003
2024-06-02 22:00:00+00:00,0.32080725
2024-06-02 23:00:00+00:00,0.3194465
2024-06-03 00:00:00+00:00,0.30975375
2024-06-03 01:00:00+00:00,0.30073025
2024-06-03 02:00:00+00:00,0.2978285
2024-06-03 03:00:00+00:00,0.3185715
2024-06-03 04:00:00+00:00,0.32086125
2024-06-03 05:00:00+00:00,0.29825999999999997
2024-06-03 06:00:00+00:00,0.26508225
2024-06-03 07:00:00+00:00,0.22095
2024-06-03 08:00:00+00:00,0.18919125
2024-06-03 09:00:00+00:00,0.143686
2024-06-03 10:00:00+00:00,0.10779325000000001
2024-06-03 11:00:00+00:00,0.095086025
2024-06-03 12:00:00+00:00,0.10097377500000002
2024-06-03 13:00:00+00:00,0.11146974999999999
2024-06-03 14:00:00+00:00,0.14517925
2024-06-03 15:00:00+00:00,0.194244
2024-06-03 16:00:00+00:00,0.2473105
2024-06-03 17:00:00+00:00,0.28581500000000004
2024-06-03 18:00:00+00:00,0.3268145
2024-06-03 19:00:00+00:00,0.3577155
2024-06-03 20:00:00+00:00,0.36536050000000003
2024-06-03 21:00:00+00:00,0.36614749999999996
2024-06-03 22:00:00+00:00,0.36542975
2024-06-03 23:00:00+00:00,0.36259925000000004
2024-06-04 00:00:00+00:00,0.35908500000000004
2024-06-04 01:00:00+00:00,0.35372574999999995
2024-06-04 02:00:00+00:00,0.35316325
2024-06-04 03:00:00+00:00,0.354171
2024-06-04 04:00:00+00:00,0.343702
2024-06-04 05:00:00+00:00,0.31624
2024-06-04 06:00:00+00:00,0.2784635
2024-06-04 07:00:00+00:00,0.198659
2024-06-04 08:00:00+00:00,0.1203375
2024-06-04 09:00:00+00:00,0.075808575
2024-06-04 10:00:00+00:00,0.060110975000000004
2024-06-04 11:00:00+00:00,0.064012125
2024-06-04 12:00:00+00:00,0.061339425
2024-06-04 13:00:00+00:00,0.06024395
2024-06-04 14:00:00+00:00,0.062508125
2024-06-04 15:00:00+00:00,0.07099025
2024-06-04 16:00:00+00:00,0.106970425
2024-06-04 17:00:00+00:00,0.14505825
2024-06-04 18:00:00+00:00,0.164135
2024-06-04 19:00:00+00:00,0.165024
2024-06-04 20:00:00+00:00,0.15509825
2024-06-04 21:00:00+00:00,0.13855275
2024-06-04 22:00:00+00:00,0.12971425
2024-06-04 23:00:00+00:00,0.12443025
2024-06-05 00:00:00+00:00,0.148013
2024-06-05 01:00:00+00:00,0.14391199999999998
2024-06-05 02:00:00+00:00,0.1626655
2024-06-05 03:00:00+00:00,0.19519825
2024-06-05 04:00:00+00:00,0.2060465
2024-06-05 05:00:00+00:00,0.17696225000000002
2024-06-05 06:00:00+00:00,0.14291674999999998
2024-06-05 07:00:00+00:00,0.105710575
2024-06-05 08:00:00+00:00,0.082123625
2024-06-05 09:00:00+00:00,0.07144969999999999
2024-06-05 10:00:00+00:00,0.06324927500000001
2024-06-05 11:00:00+00:00,0.0518124
2024-06-05 12:00:00+00:00,0.051369200000000004
2024-06-05 13:00:00+00:00,0.056068725
2024-06-05 14:00:00+00:00,0.05277485
2024-06-05 15:00:00+00:00,0.060332975000000004
2024-06-05 16:00:00+00:00,0.09827745
2024-06-05 17:00:00+00:00,0.16308175000000003
2024-06-05 18:00:00+00:00,0.23343925
2024-06-05 19:00:00+00:00,0.2835655
2024-06-05 20:00:00+00:00,0.311946
2024-06-05 21:00:00+00:00,0.31725625
2024-06-05 22:00:00+00:00,0.31269899999999995
2024-06-05 23:00:00+00:00,0.29124774999999997
2024-06-06 00:00:00+00:00,0.2710165
2024-06-06 01:00:00+00:00,0.26813825
2024-06-06 02:00:00+00:00,0.2702155
2024-06-06 03:00:00+00:00,0.28464225
2024-06-06 04:00:00+00:00,0.274199
2024-06-06 05:00:00+00:00,0.23182724999999998
2024-06-06 06:00:00+00:00,0.17459275
2024-06-06 07:00:00+00:00,0.10942127499999998
2024-06-06 08:00:00+00:00,0.07150355
2024-06-06 09:00:00+00:00,0.06923119999999999
2024-06-06 10:00:00+00:00,0.08296855
2024-06-06 11:00:00+00:00,0.082101625
2024-06-06 12:00:00+00:00,0.076784875
2024-06-06 13:00:00+00:00,0.07143374999999999
2024-06-06 14:00:00+00:00,0.07972515000000001
2024-06-06 15:00:00+00:00,0.097930775
2024-06-06 16:00:00+00:00,0.14747949999999999
2024-06-06 17:00:00+00:00,0.231223
2024-06-06 18:00:00+00:00,0.29001175
2024-06-06 19:00:00+00:00,0.3423905
2024-06-06 20:00:00+00:00,0.3670545
2024-06-06 21:00:00+00:00,0.3677355
2024-06-06 22:00:00+00:00,0.36554175
2024-06-06 23:00:00+00:00,0.36065250000000004
2024-06-07 00:00:00+00:00,0.34380125
2024-06-07 01:00:00+00:00,0.32241474999999997
2024-06-07 02:00:00+00:00,0.30555725
2024-06-07 03:00:00+00:00,0.2983285
2024-06-07 04:00:00+00:00,0.27632825
2024-06-07 05:00:00+00:00,0.2365545
2024-06-07 06:00:00+00:00,0.16976025
2024-06-07 07:00:00+00:00,0.10210695
2024-06-07 08:00:00+00:00,0.0690244
2024-06-07 09:00:00+00:00,0.058677549999999995
2024-06-07 10:00:00+00:00,0.06692915
2024-06-07 11:00:00+00:00,0.057318324999999996
2024-06-07 12:00:00+00:00,0.054340675
2024-06-07 13:00:00+00:00,0.055522675
2024-06-07 14:00:00+00:00,0.055563375
2024-06-07 15:00:00+00:00,0.064526475
2024-06-07 16:00:00+00:00,0.10273675
2024-06-07 17:00:00+00:00,0.16602224999999998
2024-06-07 18:00:00+00:00,0.2310545
2024-06-07 19:00:00+00:00,0.27824499999999996
2024-06-07 20:00:00+00:00,0.28548775000000004
2024-06-07 21:00:00+00:00,0.27321925
2024-06-07 22:00:00+00:00,0.24307525
2024-06-07 23:00:00+00:00,0.22070075
2024-06-08 00:00:00+00:00,0.21320775000000003
2024-06-08 01:00:00+00:00,0.20781975
2024-06-08 02:00:00+00:00,0.2131145
2024-06-08 03:00:00+00:00,0.2084885
2024-06-08 04:00:00+00:00,0.15426725
2024-06-08 05:00:00+00:00,0.106210125
2024-06-08 06:00:00+00:00,0.081349
2024-06-08 07:00:00+00:00,0.063192925
2024-06-08 08:00:00+00:00,0.055047475
2024-06-08 09:00:00+00:00,0.045332225000000004
2024-06-08 10:00:00+00:00,0.047310275
2024-06-08 11:00:00+00:00,0.047262824999999994
2024-06-08 12:00:00+00:00,0.04226385
2024-06-08 13:00:00+00:00,0.044289425
2024-06-08 14:00:00+00:00,0.0485534
2024-06-08 15:00:00+00:00,0.06025775
2024-06-08 16:00:00+00:00,0.07986025
2024-06-08 17:00:00+00:00,0.11957975
2024-06-08 18:00:00+00:00,0.18273299999999998
2024-06-08 19:00:00+00:00,0.2461035
2024-06-08 20:00:00+00:00,0.290225
2024-06-08 21:00:00+00:00,0.2853165
2024-06-08 22:00:00+00:00,0.2501945
2024-06-08 23:00:00+00:00,0.22364574999999998
2024-06-09 00:00:00+00:00,0.20348025
2024-06-09 01:00:00+00:00,0.183932
2024-06-09 02:00:00+00:00,0.16289525
2024-06-09 03:00:00+00:00,0.15116125
2024-06-09 04:00:00+00:00,0.13174775
2024-06-09 05:00:00+00:00,0.098634625
2024-06-09 06:00:00+00:00,0.0699839
2024-06-09 07:00:00+00:00,0.050094450000000006
2024-06-09 08:00:00+00:00,0.041919675
2024-06-09 09:00:00+00:00,0.03886985
2024-06-09 10:00:00+00:00,0.035806475
2024-06-09 11:00:00+00:00,0.03700865
2024-06-09 12:00:00+00:00,0.03826739999999999
2024-06-09 13:00:00+00:00,0.040293075
2024-06-09 14:00:00+00:00,0.04679894999999999
2024-06-09 15:00:00+00:00,0.06389875
2024-06-09 16:00:00+00:00,0.078666825
2024-06-09 17:00:00+00:00,0.123917
2024-06-09 18:00:00+00:00,0.18256825
2024-06-09 19:00:00+00:00,0.23365175
2024-06-09 20:00:00+00:00,0.25537325
2024-06-09 21:00:00+00:00,0.2566545
2024-06-09 22:00:00+00:00,0.25935400000000003
2024-06-09 23:00:00+00:00,0.26212799999999997
2024-06-10 00:00:00+00:00,0.27949124999999997
2024-06-10 01:00:00+00:00,0.28032575
2024-06-10 02:00:00+00:00,0.29677075
2024-06-10 03:00:00+00:00,0.32788525
2024-06-10 04:00:00+00:00,0.31305
2024-06-10 05:00:00+00:00,0.26728199999999996
2024-06-10 06:00:00+00:00,0.22554375
2024-06-10 07:00:00+00:00,0.1764575
2024-06-10 08:00:00+00:00,0.1455575
2024-06-10 09:00:00+00:00,0.13415500000000002
2024-06-10 10:00:00+00:00,0.11000855
2024-06-10 11:00:00+00:00,0.090014675
2024-06-10 12:00:00+00:00,0.0825948
2024-06-10 13:00:00+00:00,0.07223834999999999
2024-06-10 14:00:00+00:00,0.07598625
2024-06-10 15:00:00+00:00,0.0874107
2024-06-10 16:00:00+00:00,0.10867425
2024-06-10 17:00:00+00:00,0.11434224999999999
2024-06-10 18:00:00+00:00,0.12386675
2024-06-10 19:00:00+00:00,0.1358415
2024-06-10 20:00:00+00:00,0.139613
2024-06-10 21:00:00+00:00,0.14564300000000002
2024-06-10 22:00:00+00:00,0.13308025
2024-06-10 23:00:00+00:00,0.13262000000000002
2024-06-11 00:00:00+00:00,0.124985
2024-06-11 01:00:00+00:00,0.12455875000000001
2024-06-11 02:00:00+00:00,0.12763575
2024-06-11 03:00:00+00:00,0.14326875
2024-06-11 04:00:00+00:00,0.13238275
2024-06-11 05:00:00+00:00,0.11429525
2024-06-11 06:00:00+00:00,0.081557625
2024-06-11 07:00:00+00:00,0.061503125
2024-06-11 08:00:00+00:00,0.058090750000000003
2024-06-11 09:00:00+00:00,0.05222915
2024-06-11 10:00:00+00:00,0.0449505
2024-06-11 11:00:00+00:00,0.042788875
2024-06-11 12:00:00+00:00,0.04272165
2024-06-11 13:00:00+00:00,0.0470199
2024-06-11 14:00:00+00:00,0.047877224999999995
2024-06-11 15:00:00+00:00,0.059567999999999996
2024-06-11 16:00:00+00:00,0.08524155
2024-06-11 17:00:00+00:00,0.14892475
2024-06-11 18:00:00+00:00,0.19558075
2024-06-11 19:00:00+00:00,0.23243875
2024-06-11 20:00:00+00:00,0.2507105
2024-06-11 21:00:00+00:00,0.25419725
2024-06-11 22:00:00+00:00,0.23962875
2024-06-11 23:00:00+00:00,0.22778275
2024-06-12 00:00:00+00:00,0.22410750000000002
2024-06-12 01:00:00+00:00,0.22402375
2024-06-12 02:00:00+00:00,0.22395175
2024-06-12 03:00:00+00:00,0.23181125
2024-06-12 04:00:00+00:00,0.22525125
2024-06-12 05:00:00+00:00,0.16969475
2024-06-12 06:00:00+00:00,0.12140574999999999
2024-06-12 07:00:00+00:00,0.074362175
2024-06-12 08:00:00+00:00,0.062399625
2024-06-12 09:00:00+00:00,0.057671900000000005
2024-06-12 10:00:00+00:00,0.052227024999999996
2024-06-12 11:00:00+00:00,0.054454125000000006
2024-06-12 12:00:00+00:00,0.054666625
2024-06-12 13:00:00+00:00,0.057534375
2024-06-12 14:00:00+00:00,0.065029825
2024-06-12 15:00:00+00:00,0.08427330000000001
2024-06-12 16:00:00+00:00,0.13350075
2024-06-12 17:00:00+00:00,0.20137975
2024-06-12 18:00:00+00:00,0.24931575
2024-06-12 19:00:00+00:00,0.30080175
2024-06-12 20:00:00+00:00,0.3220245
2024-06-12 21:00:00+00:00,0.32824925
2024-06-12 22:00:00+00:00,0.320315
2024-06-12 23:00:00+00:00,0.3140845
2024-06-13 00:00:00+00:00,0.296134
2024-06-13 01:00:00+00:00,0.28014825
2024-06-13 02:00:00+00:00,0.26742875
2024-06-13 03:00:00+00:00,0.26690075
2024-06-13 04:00:00+00:00,0.23709825
2024-06-13 05:00:00+00:00,0.20784775
2024-06-13 06:00:00+00:00,0.14516225
2024-06-13 07:00:00+00:00,0.09518692499999999
2024-06-13 08:00:00+00:00,0.060728625
2024-06-13 09:00:00+00:00,0.05189895
2024-06-13 10:00:00+00:00,0.057080675
2024-06-13 11:00:00+00:00,0.050938199999999996
2024-06-13 12:00:00+00:00,0.0497144
2024-06-13 13:00:00+00:00,0.058017075
2024-06-13 14:00:00+00:00,0.06796795000000001
2024-06-13 15:00:00+00:00,0.096763525
2024-06-13 16:00:00+00:00,0.16008124999999998
2024-06-13 17:00:00+00:00,0.2521875
2024-06-13 18:00:00+00:00,0.3060405
2024-06-13 19:00:00+00:00,0.3435595
2024-06-13 20:00:00+00:00,0.34941050000000007
2024-06-13 21:00:00+00:00,0.329492
2024-06-13 22:00:00+00:00,0.28327525
2024-06-13 23:00:00+00:00,0.24422125
2024-06-14 00:00:00+00:00,0.18656
2024-06-14 01:00:00+00:00,0.1677865
2024-06-14 02:00:00+00:00,0.156278
2024-06-14 03:00:00+00:00,0.143852
2024-06-14 04:00:00+00:00,0.13905325000000002
2024-06-14 05:00:00+00:00,0.1329715
2024-06-14 06:00:00+00:00,0.1210465
2024-06-14 07:00:00+00:00,0.09724685
2024-06-14 08:00:00+00:00,0.07061475
2024-06-14 09:00:00+00:00,0.0837777
2024-06-14 10:00:00+00:00,0.074154425
2024-06-14 11:00:00+00:00,0.068699975
2024-06-14 12:00:00+00:00,0.07651845
2024-06-14 13:00:00+00:00,0.07763145
2024-06-14 14:00:00+00:00,0.075767375
2024-06-14 15:00:00+00:00,0.083122625
2024-06-14 16:00:00+00:00,0.10782955
2024-06-14 17:00:00+00:00,0.16395700000000002
2024-06-14 18:00:00+00:00,0.2086285
2024-06-14 19:00:00+00:00,0.25315525
2024-06-14 20:00:00+00:00,0.28710975
2024-06-14 21:00:00+00:00,0.28279825
2024-06-14 22:00:00+00:00,0.286175
2024-06-14 23:00:00+00:00,0.28171275
2024-06-15 00:00:00+00:00,0.27542425
2024-06-15 01:00:00+00:00,0.234721
2024-06-15 02:00:00+00:00,0.18312925000000002
2024-06-15 03:00:00+00:00,0.149889
2024-06-15 04:00:00+00:00,0.11357144999999999
2024-06-15 05:00:00+00:00,0.08192317499999999
2024-06-15 06:00:00+00:00,0.0635858
2024-06-15 07:00:00+00:00,0.05067005
2024-06-15 08:00:00+00:00,0.048651625000000004
2024-06-15 09:00:00+00:00,0.04053005
2024-06-15 10:00:00+00:00,0.037955174999999994
2024-06-15 11:00:00+00:00,0.0357756
2024-06-15 12:00:00+00:00,0.037221475000000004
2024-06-15 13:00:00+00:00,0.043733949999999994
2024-06-15 14:00:00+00:00,0.048457225
2024-06-15 15:00:00+00:00,0.0489218
2024-06-15 16:00:00+00:00,0.053889124999999996
2024-06-15 17:00:00+00:00,0.058948675
2024-06-15 18:00:00+00:00,0.06409849999999999
2024-06-15 19:00:00+00:00,0.06850785
2024-06-15 20:00:00+00:00,0.07485955
2024-06-15 21:00:00+00:00,0.076465325
2024-06-15 22:00:00+00:00,0.078122075
2024-06-15 23:00:00+00:00,0.078368075
2024-06-16 00:00:00+00:00,0.0809317
2024-06-16 01:00:00+00:00,0.0822556
2024-06-16 02:00:00+00:00,0.087058475
2024-06-16 03:00:00+00:00,0.08741059999999999
2024-06-16 04:00:00+00:00,0.07811402499999999
2024-06-16 05:00:00+00:00,0.06690255
2024-06-16 06:00:00+00:00,0.059734325000000005
2024-06-16 07:00:00+00:00,0.053787600000000005
2024-06-16 08:00:00+00:00,0.0484172
2024-06-16 09:00:00+00:00,0.04599185
2024-06-16 10:00:00+00:00,0.044813574999999994
2024-06-16 11:00:00+00:00,0.042939625
2024-06-16 12:00:00+00:00,0.04603505
2024-06-16 13:00:00+00:00,0.045799774999999994
2024-06-16 14:00:00+00:00,0.044153349999999994
2024-06-16 15:00:00+00:00,0.046179575
2024-06-16 16:00:00+00:00,0.06000905
2024-06-16 17:00:00+00:00,0.09059195
2024-06-16 18:00:00+00:00,0.13808824999999997
2024-06-16 19:00:00+00:00,0.190451
2024-06-16 20:00:00+00:00,0.22306274999999998
2024-06-16 21:00:00+00:00,0.21995125
2024-06-16 22:00:00+00:00,0.19620474999999998
2024-06-16 23:00:00+00:00,0.15715725
2024-06-17 00:00:00+00:00,0.143813
2024-06-17 01:00:00+00:00,0.149343
2024-06-17 02:00:00+00:00,0.1643715
2024-06-17 03:00:00+00:00,0.1919475
2024-06-17 04:00:00+00:00,0.20387100000000002
2024-06-17 05:00:00+00:00,0.1908475
2024-06-17 06:00:00+00:00,0.15012425000000001
2024-06-17 07:00:00+00:00,0.0949627
2024-06-17 08:00:00+00:00,0.0631931
2024-06-17 09:00:00+00:00,0.0500532
2024-06-17 10:00:00+00:00,0.045942625
2024-06-17 11:00:00+00:00,0.043641599999999996
2024-06-17 12:00:00+00:00,0.044159675
2024-06-17 13:00:00+00:00,0.052789625
2024-06-17 14:00:00+00:00,0.05936435
2024-06-17 15:00:00+00:00,0.082873025
2024-06-17 16:00:00+00:00,0.13506
2024-06-17 17:00:00+00:00,0.20111725
2024-06-17 18:00:00+00:00,0.258717
2024-06-17 19:00:00+00:00,0.303628
2024-06-17 20:00:00+00:00,0.33310975
2024-06-17 21:00:00+00:00,0.33122675
2024-06-17 22:00:00+00:00,0.32685675000000003
2024-06-17 23:00:00+00:00,0.32750175
2024-06-18 00:00:00+00:00,0.32761825
2024-06-18 01:00:00+00:00,0.32807925
2024-06-18 02:00:00+00:00,0.33218525
2024-06-18 03:00:00+00:00,0.33132625
2024-06-18 04:00:00+00:00,0.3055035
2024-06-18 05:00:00+00:00,0.2729515
2024-06-18 06:00:00+00:00,0.2395265
2024-06-18 07:00:00+00:00,0.1955155
2024-06-18 08:00:00+00:00,0.18196299999999999
2024-06-18 09:00:00+00:00,0.18147425
2024-06-18 10:00:00+00:00,0.180134
2024-06-18 11:00:00+00:00,0.18299975000000002
2024-06-18 12:00:00+00:00,0.18723225000000002
2024-06-18 13:00:00+00:00,0.2059135
2024-06-18 14:00:00+00:00,0.22490475000000001
2024-06-18 15:00:00+00:00,0.250821
2024-06-18 16:00:00+00:00,0.263291
2024-06-18 17:00:00+00:00,0.27708350000000004
2024-06-18 18:00:00+00:00,0.29496575
2024-06-18 19:00:00+00:00,0.30767025
2024-06-18 20:00:00+00:00,0.31550900000000004
2024-06-18 21:00:00+00:00,0.30916
2024-06-18 22:00:00+00:00,0.3005225
2024-06-18 23:00:00+00:00,0.29195525
2024-06-19 00:00:00+00:00,0.28493
2024-06-19 01:00:00+00:00,0.28320724999999997
2024-06-19 02:00:00+00:00,0.28660025
2024-06-19 03:00:00+00:00,0.28356824999999997
2024-06-19 04:00:00+00:00,0.2479575
2024-06-19 05:00:00+00:00,0.20836325
2024-06-19 06:00:00+00:00,0.16130025
2024-06-19 07:00:00+00:00,0.10134905000000001
2024-06-19 08:00:00+00:00,0.063732125
2024-06-19 09:00:00+00:00,0.050076724999999996
2024-06-19 10:00:00+00:00,0.044237225000000005
2024-06-19 11:00:00+00:00,0.043167300000000006
2024-06-19 12:00:00+00:00,0.04013485
2024-06-19 13:00:00+00:00,0.04045315
2024-06-19 14:00:00+00:00,0.04477102499999999
2024-06-19 15:00:00+00:00,0.055453925
2024-06-19 16:00:00+00:00,0.08619249999999999
2024-06-19 17:00:00+00:00,0.14559325
2024-06-19 18:00:00+00:00,0.1982895
2024-06-19 19:00:00+00:00,0.24929025
2024-06-19 20:00:00+00:00,0.29376725
2024-06-19 21:00:00+00:00,0.30840325
2024-06-19 22:00:00+00:00,0.30122899999999997
2024-06-19 23:00:00+00:00,0.303052
2024-06-20 00:00:00+00:00,0.30910175
2024-06-20 01:00:00+00:00,0.30667775
2024-06-20 02:00:00+00:00,0.31368425
2024-06-20 03:00:00+00:00,0.30741125
2024-06-20 04:00:00+00:00,0.2646475
2024-06-20 05:00:00+00:00,0.2227235
2024-06-20 06:00:00+00:00,0.18317775000000003
2024-06-20 07:00:00+00:00,0.13548425
2024-06-20 08:00:00+00:00,0.09840532499999999
2024-06-20 09:00:00+00:00,0.0648646
2024-06-20 10:00:00+00:00,0.076143025
2024-06-20 11:00:00+00:00,0.08499445
2024-06-20 12:00:00+00:00,0.09519529999999998
2024-06-20 13:00:00+00:00,0.0956395
2024-06-20 14:00:00+00:00,0.119188
2024-06-20 15:00:00+00:00,0.1528255
2024-06-20 16:00:00+00:00,0.199858
2024-06-20 17:00:00+00:00,0.25072099999999997
2024-06-20 18:00:00+00:00,0.2737405
2024-06-20 19:00:00+00:00,0.29169174999999997
2024-06-20 20:00:00+00:00,0.306897
2024-06-20 21:00:00+00:00,0.30936825
2024-06-20 22:00:00+00:00,0.3087205
2024-06-20 23:00:00+00:00,0.31627825
2024-06-21 00:00:00+00:00,0.3235075
2024-06-21 01:00:00+00:00,0.32781625000000003
2024-06-21 02:00:00+00:00,0.3300615
2024-06-21 03:00:00+00:00,0.32886525
2024-06-21 04:00:00+00:00,0.31301125
2024-06-21 05:00:00+00:00,0.292264
2024-06-21 06:00:00+00:00,0.2695775
2024-06-21 07:00:00+00:00,0.22522125
2024-06-21 08:00:00+00:00,0.20698575000000002
2024-06-21 09:00:00+00:00,0.1933555
2024-06-21 10:00:00+00:00,0.1579825
2024-06-21 11:00:00+00:00,0.15927475000000002
2024-06-21 12:00:00+00:00,0.18237075
2024-06-21 13:00:00+00:00,0.2003585
2024-06-21 14:00:00+00:00,0.21624925
2024-06-21 15:00:00+00:00,0.245387
2024-06-21 16:00:00+00:00,0.25917999999999997
2024-06-21 17:00:00+00:00,0.26800475
2024-06-21 18:00:00+00:00,0.27205775
2024-06-21 19:00:00+00:00,0.2709105
2024-06-21 20:00:00+00:00,0.2863335
2024-06-21 21:00:00+00:00,0.27804025
2024-06-21 22:00:00+00:00,0.22782675
2024-06-21 23:00:00+00:00,0.1764105
2024-06-22 00:00:00+00:00,0.13052325
2024-06-22 01:00:00+00:00,0.11916325
2024-06-22 02:00:00+00:00,0.11351525000000001
2024-06-22 03:00:00+00:00,0.1162895
2024-06-22 04:00:00+00:00,0.111465
2024-06-22 05:00:00+00:00,0.08754965
2024-06-22 06:00:00+00:00,0.07193519999999999
2024-06-22 07:00:00+00:00,0.06560532499999999
2024-06-22 08:00:00+00:00,0.0538227
2024-06-22 09:00:00+00:00,0.043988599999999996
2024-06-22 10:00:00+00:00,0.038775699999999996
2024-06-22 11:00:00+00:00,0.03525385
2024-06-22 12:00:00+00:00,0.040769349999999996
2024-06-22 13:00:00+00:00,0.042804875000000006
2024-06-22 14:00:00+00:00,0.047464450000000005
2024-06-22 15:00:00+00:00,0.05657380000000001
2024-06-22 16:00:00+00:00,0.09846549999999998
2024-06-22 17:00:00+00:00,0.17334075
2024-06-22 18:00:00+00:00,0.22705799999999998
2024-06-22 19:00:00+00:00,0.277135
2024-06-22 20:00:00+00:00,0.30903775
2024-06-22 21:00:00+00:00,0.30755525
2024-06-22 22:00:00+00:00,0.29219549999999994
2024-06-22 23:00:00+00:00,0.27975675
2024-06-23 00:00:00+00:00,0.26825325
2024-06-23 01:00:00+00:00,0.27138075
2024-06-23 02:00:00+00:00,0.27264175
2024-06-23 03:00:00+00:00,0.268798
2024-06-23 04:00:00+00:00,0.21025175
2024-06-23 05:00:00+00:00,0.14004
2024-06-23 06:00:00+00:00,0.0948938
2024-06-23 07:00:00+00:00,0.069392625
2024-06-23 08:00:00+00:00,0.05950685
2024-06-23 09:00:00+00:00,0.05241175
2024-06-23 10:00:00+00:00,0.053210725
2024-06-23 11:00:00+00:00,0.05272785
2024-06-23 12:00:00+00:00,0.0503521
2024-06-23 13:00:00+00:00,0.051296975
2024-06-23 14:00:00+00:00,0.054849125
2024-06-23 15:00:00+00:00,0.056115975
2024-06-23 16:00:00+00:00,0.08705484999999999
2024-06-23 17:00:00+00:00,0.1656295
2024-06-23 18:00:00+00:00,0.24659575
2024-06-23 19:00:00+00:00,0.30498125
2024-06-23 20:00:00+00:00,0.33682225
2024-06-23 21:00:00+00:00,0.33657775
2024-06-23 22:00:00+00:00,0.335827
2024-06-23 23:00:00+00:00,0.3351655
2024-06-24 00:00:00+00:00,0.33177425000000005
2024-06-24 01:00:00+00:00,0.33309900000000003
2024-06-24 02:00:00+00:00,0.333687
2024-06-24 03:00:00+00:00,0.33397925
2024-06-24 04:00:00+00:00,0.29925025
2024-06-24 05:00:00+00:00,0.24252224999999997
2024-06-24 06:00:00+00:00,0.17058700000000002
2024-06-24 07:00:00+00:00,0.086493075
2024-06-24 08:00:00+00:00,0.059540225
2024-06-24 09:00:00+00:00,0.05103225
2024-06-24 10:00:00+00:00,0.048596625000000004
2024-06-24 11:00:00+00:00,0.04825310000000001
2024-06-24 12:00:00+00:00,0.047968800000000006
2024-06-24 13:00:00+00:00,0.050016775
2024-06-24 14:00:00+00:00,0.05906067500000001
2024-06-24 15:00:00+00:00,0.09649687500000001
2024-06-24 16:00:00+00:00,0.15301199999999998
2024-06-24 17:00:00+00:00,0.2148455
2024-06-24 18:00:00+00:00,0.26227025
2024-06-24 19:00:00+00:00,0.29949200000000004
2024-06-24 20:00:00+00:00,0.31663749999999996
2024-06-24 21:00:00+00:00,0.30611075
2024-06-24 22:00:00+00:00,0.295142
2024-06-24 23:00:00+00:00,0.28941275
2024-06-25 00:00:00+00:00,0.28249025
2024-06-25 01:00:00+00:00,0.29327400000000003
2024-06-25 02:00:00+00:00,0.30068875000000006
2024-06-25 03:00:00+00:00,0.30165375
2024-06-25 04:00:00+00:00,0.278282
2024-06-25 05:00:00+00:00,0.218039
2024-06-25 06:00:00+00:00,0.146627
2024-06-25 07:00:00+00:00,0.078990475
2024-06-25 08:00:00+00:00,0.04821257500000001
2024-06-25 09:00:00+00:00,0.04030525
2024-06-25 10:00:00+00:00,0.037477474999999996
2024-06-25 11:00:00+00:00,0.036030925000000005
2024-06-25 12:00:00+00:00,0.035360475
2024-06-25 13:00:00+00:00,0.034078675
2024-06-25 14:00:00+00:00,0.037439325
2024-06-25 15:00:00+00:00,0.050211075
2024-06-25 16:00:00+00:00,0.09606414999999999
2024-06-25 17:00:00+00:00,0.160048
2024-06-25 18:00:00+00:00,0.2047935
2024-06-25 19:00:00+00:00,0.237783
2024-06-25 20:00:00+00:00,0.2603495
2024-06-25 21:00:00+00:00,0.25894325
2024-06-25 22:00:00+00:00,0.2668695
2024-06-25 23:00:00+00:00,0.26622375
2024-06-26 00:00:00+00:00,0.27254775000000003
2024-06-26 01:00:00+00:00,0.27436275
2024-06-26 02:00:00+00:00,0.28923899999999997
2024-06-26 03:00:00+00:00,0.28727175
2024-06-26 04:00:00+00:00,0.25527900000000003
2024-06-26 05:00:00+00:00,0.20256775
2024-06-26 06:00:00+00:00,0.15529175
2024-06-26 07:00:00+00:00,0.10413915
2024-06-26 08:00:00+00:00,0.0736446
2024-06-26 09:00:00+00:00,0.0586491
2024-06-26 10:00:00+00:00,0.048378825
2024-06-26 11:00:00+00:00,0.045826725
2024-06-26 12:00:00+00:00,0.04695607500000001
2024-06-26 13:00:00+00:00,0.0529422
2024-06-26 14:00:00+00:00,0.06557235
2024-06-26 15:00:00+00:00,0.098475125
2024-06-26 16:00:00+00:00,0.15563950000000001
2024-06-26 17:00:00+00:00,0.20767375
2024-06-26 18:00:00+00:00,0.2562675
2024-06-26 19:00:00+00:00,0.3013985
2024-06-26 20:00:00+00:00,0.32634875
2024-06-26 21:00:00+00:00,0.33180525
2024-06-26 22:00:00+00:00,0.32966375000000003
2024-06-26 23:00:00+00:00,0.32064925
2024-06-27 00:00:00+00:00,0.32017175
2024-06-27 01:00:00+00:00,0.31671825
2024-06-27 02:00:00+00:00,0.310203
2024-06-27 03:00:00+00:00,0.30237325000000004
2024-06-27 04:00:00+00:00,0.279067
2024-06-27 05:00:00+00:00,0.227102
2024-06-27 06:00:00+00:00,0.18636799999999998
2024-06-27 07:00:00+00:00,0.126224275
2024-06-27 08:00:00+00:00,0.0581087
2024-06-27 09:00:00+00:00,0.04969945
2024-06-27 10:00:00+00:00,0.0408132
2024-06-27 11:00:00+00:00,0.037945525
2024-06-27 12:00:00+00:00,0.038604
2024-06-27 13:00:00+00:00,0.038130725000000004
2024-06-27 14:00:00+00:00,0.040155575
2024-06-27 15:00:00+00:00,0.054360475
2024-06-27 16:00:00+00:00,0.085912125
2024-06-27 17:00:00+00:00,0.1358065
2024-06-27 18:00:00+00:00,0.1747205
2024-06-27 19:00:00+00:00,0.20046075
2024-06-27 20:00:00+00:00,0.2102805
2024-06-27 21:00:00+00:00,0.19895125000000002
2024-06-27 22:00:00+00:00,0.202007
2024-06-27 23:00:00+00:00,0.18074125
2024-06-28 00:00:00+00:00,0.1529715
2024-06-28 01:00:00+00:00,0.13174924999999998
2024-06-28 02:00:00+00:00,0.142934
2024-06-28 03:00:00+00:00,0.147399
2024-06-28 04:00:00+00:00,0.12969875
2024-06-28 05:00:00+00:00,0.10393035
2024-06-28 06:00:00+00:00,0.06285725
2024-06-28 07:00:00+00:00,0.046988025
2024-06-28 08:00:00+00:00,0.0430001
2024-06-28 09:00:00+00:00,0.038246999999999996
2024-06-28 10:00:00+00:00,0.03555285
2024-06-28 11:00:00+00:00,0.033436075
2024-06-28 12:00:00+00:00,0.0327957
2024-06-28 13:00:00+00:00,0.035126025000000005
2024-06-28 14:00:00+00:00,0.037994850000000004
2024-06-28 15:00:00+00:00,0.0426505
2024-06-28 16:00:00+00:00,0.057324150000000004
2024-06-28 17:00:00+00:00,0.11811507500000001
2024-06-28 18:00:00+00:00,0.209518
2024-06-28 19:00:00+00:00,0.26291025
2024-06-28 20:00:00+00:00,0.29561000000000004
2024-06-28 21:00:00+00:00,0.303074
2024-06-28 22:00:00+00:00,0.308815
2024-06-28 23:00:00+00:00,0.31508425
2024-06-29 00:00:00+00:00,0.32670625000000003
2024-06-29 01:00:00+00:00,0.335588
2024-06-29 02:00:00+00:00,0.33744199999999996
2024-06-29 03:00:00+00:00,0.33307600000000004
2024-06-29 04:00:00+00:00,0.2871355
2024-06-29 05:00:00+00:00,0.1905725
2024-06-29 06:00:00+00:00,0.10944899999999999
2024-06-29 07:00:00+00:00,0.070379625
2024-06-29 08:00:00+00:00,0.054426575
2024-06-29 09:00:00+00:00,0.046407050000000005
2024-06-29 10:00:00+00:00,0.047645549999999995
2024-06-29 11:00:00+00:00,0.044457474999999996
2024-06-29 12:00:00+00:00,0.046022625
2024-06-29 13:00:00+00:00,0.044682525
2024-06-29 14:00:00+00:00,0.055219975
2024-06-29 15:00:00+00:00,0.0868696
2024-06-29 16:00:00+00:00,0.17620075000000002
2024-06-29 17:00:00+00:00,0.23736775
2024-06-29 18:00:00+00:00,0.26292225
2024-06-29 19:00:00+00:00,0.27476925
2024-06-29 20:00:00+00:00,0.283244
2024-06-29 21:00:00+00:00,0.262772
2024-06-29 22:00:00+00:00,0.2641305
2024-06-29 23:00:00+00:00,0.27140699999999995
2024-06-30 00:00:00+00:00,0.25273425
2024-06-30 01:00:00+00:00,0.23018975
2024-06-30 02:00:00+00:00,0.20218450000000002
2024-06-30 03:00:00+00:00,0.19453800000000002
2024-06-30 04:00:00+00:00,0.18956375
2024-06-30 05:00:00+00:00,0.16183324999999998
2024-06-30 06:00:00+00:00,0.12710500000000002
2024-06-30 07:00:00+00:00,0.094426075
2024-06-30 08:00:00+00:00,0.0663642
2024-06-30 09:00:00+00:00,0.052758849999999996
2024-06-30 10:00:00+00:00,0.05273985
2024-06-30 11:00:00+00:00,0.053775925
2024-06-30 12:00:00+00:00,0.0525635
2024-06-30 13:00:00+00:00,0.05845935
2024-06-30 14:00:00+00:00,0.08466377500000001
2024-06-30 15:00:00+00:00,0.10306915
2024-06-30 16:00:00+00:00,0.16665649999999999
2024-06-30 17:00:00+00:00,0.22489275
2024-06-30 18:00:00+00:00,0.24591975
2024-06-30 19:00:00+00:00,0.26981225
2024-06-30 20:00:00+00:00,0.26890625
2024-06-30 21:00:00+00:00,0.25767925
2024-06-30 22:00:00+00:00,0.25418599999999997
2024-06-30 23:00:00+00:00,0.25445075
2024-07-01 00:00:00+00:00,0.24476274999999997
2024-07-01 01:00:00+00:00,0.22791775
2024-07-01 02:00:00+00:00,0.23205475
2024-07-01 03:00:00+00:00,0.25103749999999997
2024-07-01 04:00:00+00:00,0.26763224999999996
2024-07-01 05:00:00+00:00,0.2289145
2024-07-01 06:00:00+00:00,0.178578
2024-07-01 07:00:00+00:00,0.14137899999999998
2024-07-01 08:00:00+00:00,0.090082825
2024-07-01 09:00:00+00:00,0.065904275
2024-07-01 10:00:00+00:00,0.050899549999999995
2024-07-01 11:00:00+00:00,0.04715685
2024-07-01 12:00:00+00:00,0.052343324999999996
2024-07-01 13:00:00+00:00,0.0575861
2024-07-01 14:00:00+00:00,0.06037135
2024-07-01 15:00:00+00:00,0.07398350000000001
2024-07-01 16:00:00+00:00,0.104870775
2024-07-01 17:00:00+00:00,0.168218
2024-07-01 18:00:00+00:00,0.20432325
2024-07-01 19:00:00+00:00,0.235709
2024-07-01 20:00:00+00:00,0.24623625
2024-07-01 21:00:00+00:00,0.24411825
2024-07-01 22:00:00+00:00,0.19974875
2024-07-01 23:00:00+00:00,0.1774955
2024-07-02 00:00:00+00:00,0.17917325
2024-07-02 01:00:00+00:00,0.16851950000000002
2024-07-02 02:00:00+00:00,0.19021675
2024-07-02 03:00:00+00:00,0.194917
2024-07-02 04:00:00+00:00,0.19976575
2024-07-02 05:00:00+00:00,0.186494
2024-07-02 06:00:00+00:00,0.162079
2024-07-02 07:00:00+00:00,0.138571
2024-07-02 08:00:00+00:00,0.11309625000000001
2024-07-02 09:00:00+00:00,0.08313457500000002
2024-07-02 10:00:00+00:00,0.07139649999999999
2024-07-02 11:00:00+00:00,0.068548175
2024-07-02 12:00:00+00:00,0.064050475
2024-07-02 13:00:00+00:00,0.061565125
2024-07-02 14:00:00+00:00,0.060696200000000006
2024-07-02 15:00:00+00:00,0.07128795
2024-07-02 16:00:00+00:00,0.104893975
2024-07-02 17:00:00+00:00,0.15256675000000003
2024-07-02 18:00:00+00:00,0.2083905
2024-07-02 19:00:00+00:00,0.2573
2024-07-02 20:00:00+00:00,0.2841115
2024-07-02 21:00:00+00:00,0.27458325
2024-07-02 22:00:00+00:00,0.27876575
2024-07-02 23:00:00+00:00,0.25771475
2024-07-03 00:00:00+00:00,0.24648199999999998
2024-07-03 01:00:00+00:00,0.23886925
2024-07-03 02:00:00+00:00,0.22445725
2024-07-03 03:00:00+00:00,0.213785
2024-07-03 04:00:00+00:00,0.19612275
2024-07-03 05:00:00+00:00,0.16934975000000002
2024-07-03 06:00:00+00:00,0.1516285
2024-07-03 07:00:00+00:00,0.14815725
2024-07-03 08:00:00+00:00,0.15043875
2024-07-03 09:00:00+00:00,0.14811049999999998
2024-07-03 10:00:00+00:00,0.13337675
2024-07-03 11:00:00+00:00,0.1120225
2024-07-03 12:00:00+00:00,0.08393875
2024-07-03 13:00:00+00:00,0.073952675
2024-07-03 14:00:00+00:00,0.08347705
2024-07-03 15:00:00+00:00,0.10118145
2024-07-03 16:00:00+00:00,0.13867075
2024-07-03 17:00:00+00:00,0.17417425
2024-07-03 18:00:00+00:00,0.1999495
2024-07-03 19:00:00+00:00,0.20657949999999997
2024-07-03 20:00:00+00:00,0.16999775
2024-07-03 21:00:00+00:00,0.12326875
2024-07-03 22:00:00+00:00,0.088441225
2024-07-03 23:00:00+00:00,0.0657094
2024-07-04 00:00:00+00:00,0.059973775
2024-07-04 01:00:00+00:00,0.058397275
2024-07-04 02:00:00+00:00,0.063118
2024-07-04 03:00:00+00:00,0.0642944
2024-07-04 04:00:00+00:00,0.07716585
2024-07-04 05:00:00+00:00,0.073354325
2024-07-04 06:00:00+00:00,0.055231625
2024-07-04 07:00:00+00:00,0.037842150000000005
2024-07-04 08:00:00+00:00,0.0321844
2024-07-04 09:00:00+00:00,0.029501475
2024-07-04 10:00:00+00:00,0.026950049999999996
2024-07-04 11:00:00+00:00,0.0252342
2024-07-04 12:00:00+00:00,0.024947675
2024-07-04 13:00:00+00:00,0.026321225
2024-07-04 14:00:00+00:00,0.030514175
2024-07-04 15:00:00+00:00,0.031601575
2024-07-04 16:00:00+00:00,0.0399168
2024-07-04 17:00:00+00:00,0.048177575
2024-07-04 18:00:00+00:00,0.0679374
2024-07-04 19:00:00+00:00,0.086953975
2024-07-04 20:00:00+00:00,0.09768495
2024-07-04 21:00:00+00:00,0.09657197499999999
2024-07-04 22:00:00+00:00,0.08498837499999999
2024-07-04 23:00:00+00:00,0.074665075
2024-07-05 00:00:00+00:00,0.074006575
2024-07-05 01:00:00+00:00,0.071407775
2024-07-05 02:00:00+00:00,0.07263895
2024-07-05 03:00:00+00:00,0.07550045
2024-07-05 04:00:00+00:00,0.0837335
2024-07-05 05:00:00+00:00,0.08443365
2024-07-05 06:00:00+00:00,0.07551949999999999
2024-07-05 07:00:00+00:00,0.062061225
2024-07-05 08:00:00+00:00,0.047437775
2024-07-05 09:00:00+00:00,0.045399925
2024-07-05 10:00:00+00:00,0.044455175
2024-07-05 11:00:00+00:00,0.044297775
2024-07-05 12:00:00+00:00,0.04329335
2024-07-05 13:00:00+00:00,0.04280482499999999
2024-07-05 14:00:00+00:00,0.047792575
2024-07-05 15:00:00+00:00,0.054820549999999996
2024-07-05 16:00:00+00:00,0.088219525
2024-07-05 17:00:00+00:00,0.12902450000000001
2024-07-05 18:00:00+00:00,0.1648465
2024-07-05 19:00:00+00:00,0.18765675
2024-07-05 20:00:00+00:00,0.20297925
2024-07-05 21:00:00+00:00,0.196132
2024-07-05 22:00:00+00:00,0.16189675
2024-07-05 23:00:00+00:00,0.12467775
2024-07-06 00:00:00+00:00,0.1093695
2024-07-06 01:00:00+00:00,0.1034806
2024-07-06 02:00:00+00:00,0.09712805
2024-07-06 03:00:00+00:00,0.097809325
2024-07-06 04:00:00+00:00,0.08844192499999999
2024-07-06 05:00:00+00:00,0.0712345
2024-07-06 06:00:00+00:00,0.05783635
2024-07-06 07:00:00+00:00,0.053528775
2024-07-06 08:00:00+00:00,0.04729985
2024-07-06 09:00:00+00:00,0.041942200000000006
2024-07-06 10:00:00+00:00,0.040035074999999996
2024-07-06 11:00:00+00:00,0.035235275
2024-07-06 12:00:00+00:00,0.0329981
2024-07-06 13:00:00+00:00,0.03147735
2024-07-06 14:00:00+00:00,0.0329829
2024-07-06 15:00:00+00:00,0.03678225
2024-07-06 16:00:00+00:00,0.041472425
2024-07-06 17:00:00+00:00,0.046911875
2024-07-06 18:00:00+00:00,0.054842499999999995
2024-07-06 19:00:00+00:00,0.06609472500000001
2024-07-06 20:00:00+00:00,0.0835037
2024-07-06 21:00:00+00:00,0.09183375
2024-07-06 22:00:00+00:00,0.09742455
2024-07-06 23:00:00+00:00,0.099770975
2024-07-07 00:00:00+00:00,0.09709617499999999
2024-07-07 01:00:00+00:00,0.09885
2024-07-07 02:00:00+00:00,0.104503
2024-07-07 03:00:00+00:00,0.11195250000000001
2024-07-07 04:00:00+00:00,0.10172857499999999
2024-07-07 05:00:00+00:00,0.0831032
2024-07-07 06:00:00+00:00,0.065724775
2024-07-07 07:00:00+00:00,0.04946010000000001
2024-07-07 08:00:00+00:00,0.044258225
2024-07-07 09:00:00+00:00,0.0412645
2024-07-07 10:00:00+00:00,0.04281075
2024-07-07 11:00:00+00:00,0.043911025000000006
2024-07-07 12:00:00+00:00,0.05130055
2024-07-07 13:00:00+00:00,0.05565
2024-07-07 14:00:00+00:00,0.06292275
2024-07-07 15:00:00+00:00,0.0654059
2024-07-07 16:00:00+00:00,0.071470675
2024-07-07 17:00:00+00:00,0.11497009999999999
2024-07-07 18:00:00+00:00,0.1576895
2024-07-07 19:00:00+00:00,0.179526
2024-07-07 20:00:00+00:00,0.18454125000000002
2024-07-07 21:00:00+00:00,0.1785475
2024-07-07 22:00:00+00:00,0.17122875
2024-07-07 23:00:00+00:00,0.16809149999999998
2024-07-08 00:00:00+00:00,0.17885574999999998
2024-07-08 01:00:00+00:00,0.19679800000000003
2024-07-08 02:00:00+00:00,0.21849975000000002
2024-07-08 03:00:00+00:00,0.24105
2024-07-08 04:00:00+00:00,0.24250549999999998
2024-07-08 05:00:00+00:00,0.21041525
2024-07-08 06:00:00+00:00,0.1538505
2024-07-08 07:00:00+00:00,0.08539559999999999
2024-07-08 08:00:00+00:00,0.052254800000000004
2024-07-08 09:00:00+00:00,0.0430424
2024-07-08 10:00:00+00:00,0.0410109
2024-07-08 11:00:00+00:00,0.043518675
2024-07-08 12:00:00+00:00,0.0499616
2024-07-08 13:00:00+00:00,0.0689006
2024-07-08 14:00:00+00:00,0.10026585
2024-07-08 15:00:00+00:00,0.15679375
2024-07-08 16:00:00+00:00,0.229807
2024-07-08 17:00:00+00:00,0.27642525
2024-07-08 18:00:00+00:00,0.30917775
2024-07-08 19:00:00+00:00,0.330109
2024-07-08 20:00:00+00:00,0.32858299999999996
2024-07-08 21:00:00+00:00,0.316657
2024-07-08 22:00:00+00:00,0.2957955
2024-07-08 23:00:00+00:00,0.2735245
2024-07-09 00:00:00+00:00,0.266318
2024-07-09 01:00:00+00:00,0.271045
2024-07-09 02:00:00+00:00,0.26619824999999997
2024-07-09 03:00:00+00:00,0.25046999999999997
2024-07-09 04:00:00+00:00,0.2260245
2024-07-09 05:00:00+00:00,0.18012450000000002
2024-07-09 06:00:00+00:00,0.12324905000000001
2024-07-09 07:00:00+00:00,0.0678529
2024-07-09 08:00:00+00:00,0.05149525
2024-07-09 09:00:00+00:00,0.05166295
2024-07-09 10:00:00+00:00,0.048158599999999996
2024-07-09 11:00:00+00:00,0.044404000000000006
2024-07-09 12:00:00+00:00,0.046713425
2024-07-09 13:00:00+00:00,0.053344749999999996
2024-07-09 14:00:00+00:00,0.07218665
2024-07-09 15:00:00+00:00,0.11707947499999999
2024-07-09 16:00:00+00:00,0.18732575
2024-07-09 17:00:00+00:00,0.26485425
2024-07-09 18:00:00+00:00,0.29602924999999997
2024-07-09 19:00:00+00:00,0.30160575
2024-07-09 20:00:00+00:00,0.3121295
2024-07-09 21:00:00+00:00,0.28710525000000003
2024-07-09 22:00:00+00:00,0.28846375
2024-07-09 23:00:00+00:00,0.26461999999999997
2024-07-10 00:00:00+00:00,0.23061900000000002
2024-07-10 01:00:00+00:00,0.21134375
2024-07-10 02:00:00+00:00,0.21409774999999998
2024-07-10 03:00:00+00:00,0.2048595
2024-07-10 04:00:00+00:00,0.20264325
2024-07-10 05:00:00+00:00,0.19835224999999998
2024-07-10 06:00:00+00:00,0.153862
2024-07-10 07:00:00+00:00,0.11526675
2024-07-10 08:00:00+00:00,0.08366135
2024-07-10 09:00:00+00:00,0.05386355
2024-07-10 10:00:00+00:00,0.0416099
2024-07-10 11:00:00+00:00,0.038090874999999996
2024-07-10 12:00:00+00:00,0.03313985
2024-07-10 13:00:00+00:00,0.035403000000000004
2024-07-10 14:00:00+00:00,0.03563155
2024-07-10 15:00:00+00:00,0.04607797499999999
2024-07-10 16:00:00+00:00,0.073154125
2024-07-10 17:00:00+00:00,0.12305250000000001
2024-07-10 18:00:00+00:00,0.166103
2024-07-10 19:00:00+00:00,0.19817449999999998
2024-07-10 20:00:00+00:00,0.22244425
2024-07-10 21:00:00+00:00,0.23221325
2024-07-10 22:00:00+00:00,0.23171525
2024-07-10 23:00:00+00:00,0.22738825
2024-07-11 00:00:00+00:00,0.22989525
2024-07-11 01:00:00+00:00,0.23788875
2024-07-11 02:00:00+00:00,0.247352
2024-07-11 03:00:00+00:00,0.2627935
2024-07-11 04:00:00+00:00,0.269833
2024-07-11 05:00:00+00:00,0.2326675
2024-07-11 06:00:00+00:00,0.17746475
2024-07-11 07:00:00+00:00,0.122649
2024-07-11 08:00:00+00:00,0.07663734999999999
2024-07-11 09:00:00+00:00,0.055833175
2024-07-11 10:00:00+00:00,0.0471494
2024-07-11 11:00:00+00:00,0.041203025000000004
2024-07-11 12:00:00+00:00,0.04098885
2024-07-11 13:00:00+00:00,0.041160875
2024-07-11 14:00:00+00:00,0.051853899999999994
2024-07-11 15:00:00+00:00,0.089242475
2024-07-11 16:00:00+00:00,0.1600495
2024-07-11 17:00:00+00:00,0.229105
2024-07-11 18:00:00+00:00,0.27516425
2024-07-11 19:00:00+00:00,0.31844
2024-07-11 20:00:00+00:00,0.33288449999999997
2024-07-11 21:00:00+00:00,0.333094
2024-07-11 22:00:00+00:00,0.322515
2024-07-11 23:00:00+00:00,0.31218625
2024-07-12 00:00:00+00:00,0.3103995
2024-07-12 01:00:00+00:00,0.30422925
2024-07-12 02:00:00+00:00,0.2987115
2024-07-12 03:00:00+00:00,0.2865375
2024-07-12 04:00:00+00:00,0.266389
2024-07-12 05:00:00+00:00,0.23940075
2024-07-12 06:00:00+00:00,0.227243
2024-07-12 07:00:00+00:00,0.2100985
2024-07-12 08:00:00+00:00,0.18298799999999998
2024-07-12 09:00:00+00:00,0.18251625
2024-07-12 10:00:00+00:00,0.17795475
2024-07-12 11:00:00+00:00,0.16304700000000003
2024-07-12 12:00:00+00:00,0.14374925
2024-07-12 13:00:00+00:00,0.12599174999999999
2024-07-12 14:00:00+00:00,0.1198285
2024-07-12 15:00:00+00:00,0.12129174999999999
2024-07-12 16:00:00+00:00,0.1268145
2024-07-12 17:00:00+00:00,0.13700525
2024-07-12 18:00:00+00:00,0.15512925
2024-07-12 19:00:00+00:00,0.17379925000000002
2024-07-12 20:00:00+00:00,0.18598975
2024-07-12 21:00:00+00:00,0.18397675
2024-07-12 22:00:00+00:00,0.19421325
2024-07-12 23:00:00+00:00,0.17777374999999998
2024-07-13 00:00:00+00:00,0.16166275
2024-07-13 01:00:00+00:00,0.14813674999999998
2024-07-13 02:00:00+00:00,0.14478525
2024-07-13 03:00:00+00:00,0.13086875
2024-07-13 04:00:00+00:00,0.12583
2024-07-13 05:00:00+00:00,0.096748225
2024-07-13 06:00:00+00:00,0.0783663
2024-07-13 07:00:00+00:00,0.06630045000000001
2024-07-13 08:00:00+00:00,0.0538256
2024-07-13 09:00:00+00:00,0.047519950000000005
2024-07-13 10:00:00+00:00,0.04451775
2024-07-13 11:00:00+00:00,0.04137065
2024-07-13 12:00:00+00:00,0.045223075
2024-07-13 13:00:00+00:00,0.043696475
2024-07-13 14:00:00+00:00,0.04386207500000001
2024-07-13 15:00:00+00:00,0.0479426
2024-07-13 16:00:00+00:00,0.058768774999999995
2024-07-13 17:00:00+00:00,0.08220475000000001
2024-07-13 18:00:00+00:00,0.114955
2024-07-13 19:00:00+00:00,0.13592575
2024-07-13 20:00:00+00:00,0.15597
2024-07-13 21:00:00+00:00,0.1571795
2024-07-13 22:00:00+00:00,0.13897275
2024-07-13 23:00:00+00:00,0.12584575
2024-07-14 00:00:00+00:00,0.1196735
2024-07-14 01:00:00+00:00,0.122693
2024-07-14 02:00:00+00:00,0.1256945
2024-07-14 03:00:00+00:00,0.12178649999999999
2024-07-14 04:00:00+00:00,0.1057222
2024-07-14 05:00:00+00:00,0.085163775
2024-07-14 06:00:00+00:00,0.06810519999999999
2024-07-14 07:00:00+00:00,0.053882200000000005
2024-07-14 08:00:00+00:00,0.0433838
2024-07-14 09:00:00+00:00,0.038937074999999995
2024-07-14 10:00:00+00:00,0.03916665
2024-07-14 11:00:00+00:00,0.0399405
2024-07-14 12:00:00+00:00,0.038728225000000005
2024-07-14 13:00:00+00:00,0.0390472
2024-07-14 14:00:00+00:00,0.041443175
2024-07-14 15:00:00+00:00,0.04751415
2024-07-14 16:00:00+00:00,0.060683125
2024-07-14 17:00:00+00:00,0.09981907500000001
2024-07-14 18:00:00+00:00,0.15209125
2024-07-14 19:00:00+00:00,0.20808775
2024-07-14 20:00:00+00:00,0.242454
2024-07-14 21:00:00+00:00,0.248759
2024-07-14 22:00:00+00:00,0.24852775
2024-07-14 23:00:00+00:00,0.24722675
2024-07-15 00:00:00+00:00,0.25668
2024-07-15 01:00:00+00:00,0.26611225
2024-07-15 02:00:00+00:00,0.2724135
2024-07-15 03:00:00+00:00,0.28080075
2024-07-15 04:00:00+00:00,0.27307575
2024-07-15 05:00:00+00:00,0.21244174999999998
2024-07-15 06:00:00+00:00,0.145731
2024-07-15 07:00:00+00:00,0.08315659999999998
2024-07-15 08:00:00+00:00,0.054634024999999996
2024-07-15 09:00:00+00:00,0.0459692
2024-07-15 10:00:00+00:00,0.044975
2024-07-15 11:00:00+00:00,0.044304175
2024-07-15 12:00:00+00:00,0.04411165
2024-07-15 13:00:00+00:00,0.052234550000000005
2024-07-15 14:00:00+00:00,0.079426275
2024-07-15 15:00:00+00:00,0.123869
2024-07-15 16:00:00+00:00,0.2116205
2024-07-15 17:00:00+00:00,0.27237575
2024-07-15 18:00:00+00:00,0.29908575000000004
2024-07-15 19:00:00+00:00,0.29707325
2024-07-15 20:00:00+00:00,0.27975825
2024-07-15 21:00:00+00:00,0.2571595
2024-07-15 22:00:00+00:00,0.20054149999999998
2024-07-15 23:00:00+00:00,0.17022900000000002
2024-07-16 00:00:00+00:00,0.16021799999999997
2024-07-16 01:00:00+00:00,0.12822974999999998
2024-07-16 02:00:00+00:00,0.1028456
2024-07-16 03:00:00+00:00,0.086599425
2024-07-16 04:00:00+00:00,0.0915005
2024-07-16 05:00:00+00:00,0.084986025
2024-07-16 06:00:00+00:00,0.063619925
2024-07-16 07:00:00+00:00,0.049387175
2024-07-16 08:00:00+00:00,0.040075225
2024-07-16 09:00:00+00:00,0.035787525
2024-07-16 10:00:00+00:00,0.033851275
2024-07-16 11:00:00+00:00,0.037133625
2024-07-16 12:00:00+00:00,0.03739225
2024-07-16 13:00:00+00:00,0.043075575
2024-07-16 14:00:00+00:00,0.041726175000000004
2024-07-16 15:00:00+00:00,0.055518475000000005
2024-07-16 16:00:00+00:00,0.078004775
2024-07-16 17:00:00+00:00,0.11269965
2024-07-16 18:00:00+00:00,0.1431055
2024-07-16 19:00:00+00:00,0.1789985
2024-07-16 20:00:00+00:00,0.1794465
2024-07-16 21:00:00+00:00,0.17305525
2024-07-16 22:00:00+00:00,0.16278700000000002
2024-07-16 23:00:00+00:00,0.16684075
2024-07-17 00:00:00+00:00,0.19166725
2024-07-17 01:00:00+00:00,0.2052285
2024-07-17 02:00:00+00:00,0.217471
2024-07-17 03:00:00+00:00,0.228431
2024-07-17 04:00:00+00:00,0.23774874999999998
2024-07-17 05:00:00+00:00,0.22573825
2024-07-17 06:00:00+00:00,0.1933125
2024-07-17 07:00:00+00:00,0.16079775
2024-07-17 08:00:00+00:00,0.12415274999999999
2024-07-17 09:00:00+00:00,0.105786875
2024-07-17 10:00:00+00:00,0.084574775
2024-07-17 11:00:00+00:00,0.0717824
2024-07-17 12:00:00+00:00,0.06740912499999999
2024-07-17 13:00:00+00:00,0.068095825
2024-07-17 14:00:00+00:00,0.077064075
2024-07-17 15:00:00+00:00,0.100219925
2024-07-17 16:00:00+00:00,0.14724474999999998
2024-07-17 17:00:00+00:00,0.2218
2024-07-17 18:00:00+00:00,0.28392874999999995
2024-07-17 19:00:00+00:00,0.33362725
2024-07-17 20:00:00+00:00,0.3459245
2024-07-17 21:00:00+00:00,0.34144650000000004
2024-07-17 22:00:00+00:00,0.33767674999999997
2024-07-17 23:00:00+00:00,0.3345875
2024-07-18 00:00:00+00:00,0.33273874999999997
2024-07-18 01:00:00+00:00,0.33281574999999997
2024-07-18 02:00:00+00:00,0.33162899999999995
2024-07-18 03:00:00+00:00,0.33284425
2024-07-18 04:00:00+00:00,0.31677774999999997
2024-07-18 05:00:00+00:00,0.25733375
2024-07-18 06:00:00+00:00,0.2001915
2024-07-18 07:00:00+00:00,0.12024955
2024-07-18 08:00:00+00:00,0.07208982500000001
2024-07-18 09:00:00+00:00,0.058856649999999996
2024-07-18 10:00:00+00:00,0.053929950000000004
2024-07-18 11:00:00+00:00,0.053103449999999996
2024-07-18 12:00:00+00:00,0.05193765
2024-07-18 13:00:00+00:00,0.052957275000000005
2024-07-18 14:00:00+00:00,0.0658904
2024-07-18 15:00:00+00:00,0.1031185
2024-07-18 16:00:00+00:00,0.1711855
2024-07-18 17:00:00+00:00,0.2272785
2024-07-18 18:00:00+00:00,0.27610650000000003
2024-07-18 19:00:00+00:00,0.318847
2024-07-18 20:00:00+00:00,0.32342499999999996
2024-07-18 21:00:00+00:00,0.31704299999999996
2024-07-18 22:00:00+00:00,0.3064835
2024-07-18 23:00:00+00:00,0.29272575
2024-07-19 00:00:00+00:00,0.294196
2024-07-19 01:00:00+00:00,0.30102825
2024-07-19 02:00:00+00:00,0.31092149999999996
2024-07-19 03:00:00+00:00,0.31781224999999996
2024-07-19 04:00:00+00:00,0.31129175
2024-07-19 05:00:00+00:00,0.27430025
2024-07-19 06:00:00+00:00,0.22807149999999998
2024-07-19 07:00:00+00:00,0.1516075
2024-07-19 08:00:00+00:00,0.087964825
2024-07-19 09:00:00+00:00,0.066777225
2024-07-19 10:00:00+00:00,0.065488075
2024-07-19 11:00:00+00:00,0.052842725
2024-07-19 12:00:00+00:00,0.0522778
2024-07-19 13:00:00+00:00,0.06146542499999999
2024-07-19 14:00:00+00:00,0.0705137
2024-07-19 15:00:00+00:00,0.10678272500000001
2024-07-19 16:00:00+00:00,0.1688895
2024-07-19 17:00:00+00:00,0.22006975
2024-07-19 18:00:00+00:00,0.27362575
2024-07-19 19:00:00+00:00,0.31184075
2024-07-19 20:00:00+00:00,0.30858825
2024-07-19 21:00:00+00:00,0.286636
2024-07-19 22:00:00+00:00,0.26967925
2024-07-19 23:00:00+00:00,0.25224075
2024-07-20 00:00:00+00:00,0.222723
2024-07-20 01:00:00+00:00,0.22244975
2024-07-20 02:00:00+00:00,0.23395950000000001
2024-07-20 03:00:00+00:00,0.23678299999999997
2024-07-20 04:00:00+00:00,0.23164200000000001
2024-07-20 05:00:00+00:00,0.17878750000000002
2024-07-20 06:00:00+00:00,0.113389725
2024-07-20 07:00:00+00:00,0.073724
2024-07-20 08:00:00+00:00,0.056383425
2024-07-20 09:00:00+00:00,0.051005150000000006
2024-07-20 10:00:00+00:00,0.0463549
2024-07-20 11:00:00+00:00,0.04443155
2024-07-20 12:00:00+00:00,0.045829850000000005
2024-07-20 13:00:00+00:00,0.0493042
2024-07-20 14:00:00+00:00,0.052807225
2024-07-20 15:00:00+00:00,0.068507375
2024-07-20 16:00:00+00:00,0.13702725
2024-07-20 17:00:00+00:00,0.2105835
2024-07-20 18:00:00+00:00,0.26844850000000003
2024-07-20 19:00:00+00:00,0.31107975
2024-07-20 20:00:00+00:00,0.32924975
2024-07-20 21:00:00+00:00,0.33198925
2024-07-20 22:00:00+00:00,0.32782
2024-07-20 23:00:00+00:00,0.32391225
2024-07-21 00:00:00+00:00,0.31601225000000005
2024-07-21 01:00:00+00:00,0.314334
2024-07-21 02:00:00+00:00,0.31051425
2024-07-21 03:00:00+00:00,0.2994115
2024-07-21 04:00:00+00:00,0.25263375
2024-07-21 05:00:00+00:00,0.1740335
2024-07-21 06:00:00+00:00,0.1109281
2024-07-21 07:00:00+00:00,0.08688145
2024-07-21 08:00:00+00:00,0.10205334999999999
2024-07-21 09:00:00+00:00,0.09395475
2024-07-21 10:00:00+00:00,0.11653924999999998
2024-07-21 11:00:00+00:00,0.098948425
2024-07-21 12:00:00+00:00,0.07482027499999999
2024-07-21 13:00:00+00:00,0.07940905000000001
2024-07-21 14:00:00+00:00,0.094986175
2024-07-21 15:00:00+00:00,0.13469375
2024-07-21 16:00:00+00:00,0.1838225
2024-07-21 17:00:00+00:00,0.212894
2024-07-21 18:00:00+00:00,0.248186
2024-07-21 19:00:00+00:00,0.27749274999999995
2024-07-21 20:00:00+00:00,0.29055775
2024-07-21 21:00:00+00:00,0.288912
2024-07-21 22:00:00+00:00,0.2937715
2024-07-21 23:00:00+00:00,0.30005275
2024-07-22 00:00:00+00:00,0.30441725000000003
2024-07-22 01:00:00+00:00,0.31149949999999993
2024-07-22 02:00:00+00:00,0.3104855
2024-07-22 03:00:00+00:00,0.3123055
2024-07-22 04:00:00+00:00,0.30777675
2024-07-22 05:00:00+00:00,0.2495815
2024-07-22 06:00:00+00:00,0.19317299999999998
2024-07-22 07:00:00+00:00,0.136755
2024-07-22 08:00:00+00:00,0.082590575
2024-07-22 09:00:00+00:00,0.060848650000000004
2024-07-22 10:00:00+00:00,0.04929885
2024-07-22 11:00:00+00:00,0.048680875
2024-07-22 12:00:00+00:00,0.048336825
2024-07-22 13:00:00+00:00,0.047125125
2024-07-22 14:00:00+00:00,0.052725825
2024-07-22 15:00:00+00:00,0.073556325
2024-07-22 16:00:00+00:00,0.114355825
2024-07-22 17:00:00+00:00,0.17359425
2024-07-22 18:00:00+00:00,0.204263
2024-07-22 19:00:00+00:00,0.2121385
2024-07-22 20:00:00+00:00,0.21033075
2024-07-22 21:00:00+00:00,0.20031175
2024-07-22 22:00:00+00:00,0.16556325
2024-07-22 23:00:00+00:00,0.14029875
2024-07-23 00:00:00+00:00,0.14578724999999998
2024-07-23 01:00:00+00:00,0.156538
2024-07-23 02:00:00+00:00,0.172726
2024-07-23 03:00:00+00:00,0.20978425
2024-07-23 04:00:00+00:00,0.23651325
2024-07-23 05:00:00+00:00,0.23249375
2024-07-23 06:00:00+00:00,0.21662575
2024-07-23 07:00:00+00:00,0.16714475
2024-07-23 08:00:00+00:00,0.139169
2024-07-23 09:00:00+00:00,0.098015
2024-07-23 10:00:00+00:00,0.073588
2024-07-23 11:00:00+00:00,0.066481
2024-07-23 12:00:00+00:00,0.06165775
2024-07-23 13:00:00+00:00,0.061908325
2024-07-23 14:00:00+00:00,0.062998375
2024-07-23 15:00:00+00:00,0.075414975
2024-07-23 16:00:00+00:00,0.11565302499999999
2024-07-23 17:00:00+00:00,0.1729065
2024-07-23 18:00:00+00:00,0.21873550000000003
2024-07-23 19:00:00+00:00,0.25533
2024-07-23 20:00:00+00:00,0.27892675
2024-07-23 21:00:00+00:00,0.274817
2024-07-23 22:00:00+00:00,0.26484775000000005
2024-07-23 23:00:00+00:00,0.25208925
2024-07-24 00:00:00+00:00,0.2562325
2024-07-24 01:00:00+00:00,0.26669224999999996
2024-07-24 02:00:00+00:00,0.26881975
2024-07-24 03:00:00+00:00,0.26973600000000003
2024-07-24 04:00:00+00:00,0.28372825
2024-07-24 05:00:00+00:00,0.25595850000000003
2024-07-24 06:00:00+00:00,0.19615225
2024-07-24 07:00:00+00:00,0.13447075
2024-07-24 08:00:00+00:00,0.10062395
2024-07-24 09:00:00+00:00,0.0704587
2024-07-24 10:00:00+00:00,0.0623359
2024-07-24 11:00:00+00:00,0.058787225
2024-07-24 12:00:00+00:00,0.056621325
2024-07-24 13:00:00+00:00,0.05673085
2024-07-24 14:00:00+00:00,0.06471885
2024-07-24 15:00:00+00:00,0.07829975
2024-07-24 16:00:00+00:00,0.12306767499999999
2024-07-24 17:00:00+00:00,0.20949
2024-07-24 18:00:00+00:00,0.28947225
2024-07-24 19:00:00+00:00,0.3466985
2024-07-24 20:00:00+00:00,0.35339775000000007
2024-07-24 21:00:00+00:00,0.34563075
2024-07-24 22:00:00+00:00,0.33805075
2024-07-24 23:00:00+00:00,0.32586875
2024-07-25 00:00:00+00:00,0.32016575
2024-07-25 01:00:00+00:00,0.30480999999999997
2024-07-25 02:00:00+00:00,0.290759
2024-07-25 03:00:00+00:00,0.273579
2024-07-25 04:00:00+00:00,0.258946
2024-07-25 05:00:00+00:00,0.233462
2024-07-25 06:00:00+00:00,0.18527274999999999
2024-07-25 07:00:00+00:00,0.1128284
2024-07-25 08:00:00+00:00,0.076931875
2024-07-25 09:00:00+00:00,0.065316175
2024-07-25 10:00:00+00:00,0.052040875
2024-07-25 11:00:00+00:00,0.049420950000000005
2024-07-25 12:00:00+00:00,0.05020815000000001
2024-07-25 13:00:00+00:00,0.05446835
2024-07-25 14:00:00+00:00,0.077320075
2024-07-25 15:00:00+00:00,0.13448475
2024-07-25 16:00:00+00:00,0.204165
2024-07-25 17:00:00+00:00,0.23479625
2024-07-25 18:00:00+00:00,0.25689874999999995
2024-07-25 19:00:00+00:00,0.263574
2024-07-25 20:00:00+00:00,0.25607275
2024-07-25 21:00:00+00:00,0.2404065
2024-07-25 22:00:00+00:00,0.22604925
2024-07-25 23:00:00+00:00,0.209172
2024-07-26 00:00:00+00:00,0.18752775
2024-07-26 01:00:00+00:00,0.17756450000000001
2024-07-26 02:00:00+00:00,0.174456
2024-07-26 03:00:00+00:00,0.19314625
2024-07-26 04:00:00+00:00,0.21524325
2024-07-26 05:00:00+00:00,0.21040125
2024-07-26 06:00:00+00:00,0.19119899999999998
2024-07-26 07:00:00+00:00,0.17187025
2024-07-26 08:00:00+00:00,0.103226175
2024-07-26 09:00:00+00:00,0.0677206
2024-07-26 10:00:00+00:00,0.05402425
2024-07-26 11:00:00+00:00,0.051604975
2024-07-26 12:00:00+00:00,0.04995772500000001
2024-07-26 13:00:00+00:00,0.053439650000000005
2024-07-26 14:00:00+00:00,0.067656275
2024-07-26 15:00:00+00:00,0.11660457499999999
2024-07-26 16:00:00+00:00,0.195701
2024-07-26 17:00:00+00:00,0.259478
2024-07-26 18:00:00+00:00,0.30723724999999996
2024-07-26 19:00:00+00:00,0.33582724999999997
2024-07-26 20:00:00+00:00,0.3494935
2024-07-26 21:00:00+00:00,0.35240950000000004
2024-07-26 22:00:00+00:00,0.35472125000000004
2024-07-26 23:00:00+00:00,0.3570615
2024-07-27 00:00:00+00:00,0.35700275000000004
2024-07-27 01:00:00+00:00,0.35190325
2024-07-27 02:00:00+00:00,0.34432775
2024-07-27 03:00:00+00:00,0.33802225
2024-07-27 04:00:00+00:00,0.32943425000000004
2024-07-27 05:00:00+00:00,0.271073
2024-07-27 06:00:00+00:00,0.17776025
2024-07-27 07:00:00+00:00,0.105775625
2024-07-27 08:00:00+00:00,0.073988425
2024-07-27 09:00:00+00:00,0.06633115
2024-07-27 10:00:00+00:00,0.06758520000000001
2024-07-27 11:00:00+00:00,0.06698907500000001
2024-07-27 12:00:00+00:00,0.06809314999999999
2024-07-27 13:00:00+00:00,0.07975800000000001
2024-07-27 14:00:00+00:00,0.110552775
2024-07-27 15:00:00+00:00,0.14970075000000002
2024-07-27 16:00:00+00:00,0.21979074999999998
2024-07-27 17:00:00+00:00,0.25892899999999996
2024-07-27 18:00:00+00:00,0.289983
2024-07-27 19:00:00+00:00,0.32585825
2024-07-27 20:00:00+00:00,0.34131100000000003
2024-07-27 21:00:00+00:00,0.347454
2024-07-27 22:00:00+00:00,0.34253900000000004
2024-07-27 23:00:00+00:00,0.319723
2024-07-28 00:00:00+00:00,0.30297674999999996
2024-07-28 01:00:00+00:00,0.27426175
2024-07-28 02:00:00+00:00,0.25395300000000004
2024-07-28 03:00:00+00:00,0.2508405
2024-07-28 04:00:00+00:00,0.23159425000000003
2024-07-28 05:00:00+00:00,0.17202825
2024-07-28 06:00:00+00:00,0.111322275
2024-07-28 07:00:00+00:00,0.0768019
2024-07-28 08:00:00+00:00,0.0640908
2024-07-28 09:00:00+00:00,0.0542522
2024-07-28 10:00:00+00:00,0.048499350000000004
2024-07-28 11:00:00+00:00,0.045830749999999996
2024-07-28 12:00:00+00:00,0.045760075
2024-07-28 13:00:00+00:00,0.049084875
2024-07-28 14:00:00+00:00,0.057142349999999995
2024-07-28 15:00:00+00:00,0.06694164999999999
2024-07-28 16:00:00+00:00,0.09409305
2024-07-28 17:00:00+00:00,0.19375775
2024-07-28 18:00:00+00:00,0.288827
2024-07-28 19:00:00+00:00,0.34031175
2024-07-28 20:00:00+00:00,0.349702
2024-07-28 21:00:00+00:00,0.34076324999999996
2024-07-28 22:00:00+00:00,0.3257235
2024-07-28 23:00:00+00:00,0.312089
2024-07-29 00:00:00+00:00,0.295159
2024-07-29 01:00:00+00:00,0.29283824999999997
2024-07-29 02:00:00+00:00,0.29671349999999996
2024-07-29 03:00:00+00:00,0.3081895
2024-07-29 04:00:00+00:00,0.30553675
2024-07-29 05:00:00+00:00,0.24602475
2024-07-29 06:00:00+00:00,0.170689
2024-07-29 07:00:00+00:00,0.0961681
2024-07-29 08:00:00+00:00,0.0621578
2024-07-29 09:00:00+00:00,0.052580925
2024-07-29 10:00:00+00:00,0.048194175
2024-07-29 11:00:00+00:00,0.046157224999999996
2024-07-29 12:00:00+00:00,0.045833025
2024-07-29 13:00:00+00:00,0.047608599999999994
2024-07-29 14:00:00+00:00,0.049524625
2024-07-29 15:00:00+00:00,0.07263585
2024-07-29 16:00:00+00:00,0.13997425
2024-07-29 17:00:00+00:00,0.2123965
2024-07-29 18:00:00+00:00,0.266488
2024-07-29 19:00:00+00:00,0.30705250000000006
2024-07-29 20:00:00+00:00,0.31589025000000004
2024-07-29 21:00:00+00:00,0.31601775
2024-07-29 22:00:00+00:00,0.299863
2024-07-29 23:00:00+00:00,0.29543300000000006
2024-07-30 00:00:00+00:00,0.30487774999999995
2024-07-30 01:00:00+00:00,0.315394
2024-07-30 02:00:00+00:00,0.32169525000000004
2024-07-30 03:00:00+00:00,0.32545475
2024-07-30 04:00:00+00:00,0.32027649999999996
2024-07-30 05:00:00+00:00,0.26557224999999995
2024-07-30 06:00:00+00:00,0.19239475
2024-07-30 07:00:00+00:00,0.09707892500000001
2024-07-30 08:00:00+00:00,0.063313475
2024-07-30 09:00:00+00:00,0.0532395
2024-07-30 10:00:00+00:00,0.0474614
2024-07-30 11:00:00+00:00,0.049213725
2024-07-30 12:00:00+00:00,0.0493375
2024-07-30 13:00:00+00:00,0.048406199999999996
2024-07-30 14:00:00+00:00,0.056247425000000004
2024-07-30 15:00:00+00:00,0.08485585
2024-07-30 16:00:00+00:00,0.16222625
2024-07-30 17:00:00+00:00,0.23177799999999998
2024-07-30 18:00:00+00:00,0.284525
2024-07-30 19:00:00+00:00,0.31761149999999994
2024-07-30 20:00:00+00:00,0.31830499999999995
2024-07-30 21:00:00+00:00,0.31166375
2024-07-30 22:00:00+00:00,0.29470975
2024-07-30 23:00:00+00:00,0.289053
2024-07-31 00:00:00+00:00,0.28981349999999995
2024-07-31 01:00:00+00:00,0.29219649999999997
2024-07-31 02:00:00+00:00,0.30431175
2024-07-31 03:00:00+00:00,0.306296
2024-07-31 04:00:00+00:00,0.2873545
2024-07-31 05:00:00+00:00,0.24458925
2024-07-31 06:00:00+00:00,0.18818849999999998
2024-07-31 07:00:00+00:00,0.12124427500000001
2024-07-31 08:00:00+00:00,0.07092462499999999
2024-07-31 09:00:00+00:00,0.0655506
2024-07-31 10:00:00+00:00,0.059258525
2024-07-31 11:00:00+00:00,0.057680825000000005
2024-07-31 12:00:00+00:00,0.059261774999999996
2024-07-31 13:00:00+00:00,0.05717035
2024-07-31 14:00:00+00:00,0.059797275
2024-07-31 15:00:00+00:00,0.09192005
2024-07-31 16:00:00+00:00,0.146532
2024-07-31 17:00:00+00:00,0.19416475
2024-07-31 18:00:00+00:00,0.233916
2024-07-31 19:00:00+00:00,0.26562275
2024-07-31 20:00:00+00:00,0.27870375000000003
2024-07-31 21:00:00+00:00,0.2656515
2024-07-31 22:00:00+00:00,0.249146
2024-07-31 23:00:00+00:00,0.24592575
2024-08-01 00:00:00+00:00,0.24289225
2024-08-01 01:00:00+00:00,0.24544700000000003
2024-08-01 02:00:00+00:00,0.255691
2024-08-01 03:00:00+00:00,0.25751925
2024-08-01 04:00:00+00:00,0.252021
2024-08-01 05:00:00+00:00,0.2166255
2024-08-01 06:00:00+00:00,0.1978025
2024-08-01 07:00:00+00:00,0.16102875
2024-08-01 08:00:00+00:00,0.13551975
2024-08-01 09:00:00+00:00,0.1279135
2024-08-01 10:00:00+00:00,0.13384249999999998
2024-08-01 11:00:00+00:00,0.12465725
2024-08-01 12:00:00+00:00,0.154325
2024-08-01 13:00:00+00:00,0.16449825
2024-08-01 14:00:00+00:00,0.17249425
2024-08-01 15:00:00+00:00,0.183054
2024-08-01 16:00:00+00:00,0.21359075
2024-08-01 17:00:00+00:00,0.22926175
2024-08-01 18:00:00+00:00,0.25344975000000003
2024-08-01 19:00:00+00:00,0.2892365
2024-08-01 20:00:00+00:00,0.313022
2024-08-01 21:00:00+00:00,0.321008
2024-08-01 22:00:00+00:00,0.31245749999999994
2024-08-01 23:00:00+00:00,0.30790025
2024-08-02 00:00:00+00:00,0.31177924999999995
2024-08-02 01:00:00+00:00,0.31745874999999996
2024-08-02 02:00:00+00:00,0.3251035
2024-08-02 03:00:00+00:00,0.3272945
2024-08-02 04:00:00+00:00,0.32382325
2024-08-02 05:00:00+00:00,0.28448175
2024-08-02 06:00:00+00:00,0.22195199999999998
2024-08-02 07:00:00+00:00,0.15769224999999998
2024-08-02 08:00:00+00:00,0.0889335
2024-08-02 09:00:00+00:00,0.070452575
2024-08-02 10:00:00+00:00,0.068959225
2024-08-02 11:00:00+00:00,0.05783144999999999
2024-08-02 12:00:00+00:00,0.060883524999999994
2024-08-02 13:00:00+00:00,0.060934475
2024-08-02 14:00:00+00:00,0.07274937499999999
2024-08-02 15:00:00+00:00,0.1100918
2024-08-02 16:00:00+00:00,0.18515025000000002
2024-08-02 17:00:00+00:00,0.24848175
2024-08-02 18:00:00+00:00,0.30314025
2024-08-02 19:00:00+00:00,0.33787425
2024-08-02 20:00:00+00:00,0.3372555
2024-08-02 21:00:00+00:00,0.327086
2024-08-02 22:00:00+00:00,0.312403
2024-08-02 23:00:00+00:00,0.28768400000000005
2024-08-03 00:00:00+00:00,0.2732925
2024-08-03 01:00:00+00:00,0.26652525
2024-08-03 02:00:00+00:00,0.26778075
2024-08-03 03:00:00+00:00,0.26675424999999997
2024-08-03 04:00:00+00:00,0.24934125000000001
2024-08-03 05:00:00+00:00,0.20113950000000003
2024-08-03 06:00:00+00:00,0.12447025
2024-08-03 07:00:00+00:00,0.082226075
2024-08-03 08:00:00+00:00,0.0636658
2024-08-03 09:00:00+00:00,0.0527194
2024-08-03 10:00:00+00:00,0.04941255
2024-08-03 11:00:00+00:00,0.048039875
2024-08-03 12:00:00+00:00,0.046290975
2024-08-03 13:00:00+00:00,0.048973525000000004
2024-08-03 14:00:00+00:00,0.0522903
2024-08-03 15:00:00+00:00,0.07830619999999999
2024-08-03 16:00:00+00:00,0.13002625
2024-08-03 17:00:00+00:00,0.181741
2024-08-03 18:00:00+00:00,0.197198
2024-08-03 19:00:00+00:00,0.229263
2024-08-03 20:00:00+00:00,0.2563895
2024-08-03 21:00:00+00:00,0.256733
2024-08-03 22:00:00+00:00,0.267912
2024-08-03 23:00:00+00:00,0.260391
2024-08-04 00:00:00+00:00,0.24037225
2024-08-04 01:00:00+00:00,0.21636275
2024-08-04 02:00:00+00:00,0.19616925000000002
2024-08-04 03:00:00+00:00,0.193583
2024-08-04 04:00:00+00:00,0.18365925
2024-08-04 05:00:00+00:00,0.1462705
2024-08-04 06:00:00+00:00,0.103005875
2024-08-04 07:00:00+00:00,0.07528157499999999
2024-08-04 08:00:00+00:00,0.0607296
2024-08-04 09:00:00+00:00,0.05800895
2024-08-04 10:00:00+00:00,0.057770575000000005
2024-08-04 11:00:00+00:00,0.068893425
2024-08-04 12:00:00+00:00,0.063242175
2024-08-04 13:00:00+00:00,0.06284490000000001
2024-08-04 14:00:00+00:00,0.0644097
2024-08-04 15:00:00+00:00,0.08106227499999999
2024-08-04 16:00:00+00:00,0.11429885
2024-08-04 17:00:00+00:00,0.18825775
2024-08-04 18:00:00+00:00,0.28776525000000003
2024-08-04 19:00:00+00:00,0.32680775
2024-08-04 20:00:00+00:00,0.32954675
2024-08-04 21:00:00+00:00,0.3191565
2024-08-04 22:00:00+00:00,0.3109995
2024-08-04 23:00:00+00:00,0.29946
2024-08-05 00:00:00+00:00,0.29938325
2024-08-05 01:00:00+00:00,0.29441975000000004
2024-08-05 02:00:00+00:00,0.29652449999999997
2024-08-05 03:00:00+00:00,0.30895575
2024-08-05 04:00:00+00:00,0.32191325
2024-08-05 05:00:00+00:00,0.29045150000000003
2024-08-05 06:00:00+00:00,0.24082775
2024-08-05 07:00:00+00:00,0.15974325
2024-08-05 08:00:00+00:00,0.08963395
2024-08-05 09:00:00+00:00,0.063511875
2024-08-05 10:00:00+00:00,0.05533885
2024-08-05 11:00:00+00:00,0.049232825
2024-08-05 12:00:00+00:00,0.04929915
2024-08-05 13:00:00+00:00,0.0496896
2024-08-05 14:00:00+00:00,0.062876475
2024-08-05 15:00:00+00:00,0.10778775
2024-08-05 16:00:00+00:00,0.17854599999999998
2024-08-05 17:00:00+00:00,0.25411724999999996
2024-08-05 18:00:00+00:00,0.31768050000000003
2024-08-05 19:00:00+00:00,0.35487375
2024-08-05 20:00:00+00:00,0.35647075
2024-08-05 21:00:00+00:00,0.35606775
2024-08-05 22:00:00+00:00,0.35456175
2024-08-05 23:00:00+00:00,0.34958075000000005
2024-08-06 00:00:00+00:00,0.33425374999999996
2024-08-06 01:00:00+00:00,0.3116655
2024-08-06 02:00:00+00:00,0.3062195
2024-08-06 03:00:00+00:00,0.31486274999999997
2024-08-06 04:00:00+00:00,0.31674425
2024-08-06 05:00:00+00:00,0.27306125000000003
2024-08-06 06:00:00+00:00,0.1853465
2024-08-06 07:00:00+00:00,0.10134247499999999
2024-08-06 08:00:00+00:00,0.0663458
2024-08-06 09:00:00+00:00,0.05533515
2024-08-06 10:00:00+00:00,0.049306675
2024-08-06 11:00:00+00:00,0.048526525
2024-08-06 12:00:00+00:00,0.04967777499999999
2024-08-06 13:00:00+00:00,0.055358325
2024-08-06 14:00:00+00:00,0.0681236
2024-08-06 15:00:00+00:00,0.108486575
2024-08-06 16:00:00+00:00,0.1835545
2024-08-06 17:00:00+00:00,0.2509225
2024-08-06 18:00:00+00:00,0.28875025
2024-08-06 19:00:00+00:00,0.31938625
2024-08-06 20:00:00+00:00,0.32775525
2024-08-06 21:00:00+00:00,0.33336774999999996
2024-08-06 22:00:00+00:00,0.33182225
2024-08-06 23:00:00+00:00,0.3261195
2024-08-07 00:00:00+00:00,0.32513175
2024-08-07 01:00:00+00:00,0.32416900000000004
2024-08-07 02:00:00+00:00,0.33551725
2024-08-07 03:00:00+00:00,0.3413305
2024-08-07 04:00:00+00:00,0.34858475000000005
2024-08-07 05:00:00+00:00,0.32646325
2024-08-07 06:00:00+00:00,0.2909155
2024-08-07 07:00:00+00:00,0.2095915
2024-08-07 08:00:00+00:00,0.14680274999999998
2024-08-07 09:00:00+00:00,0.14878825
2024-08-07 10:00:00+00:00,0.102829475
2024-08-07 11:00:00+00:00,0.08160875000000001
2024-08-07 12:00:00+00:00,0.06797715
2024-08-07 13:00:00+00:00,0.055992625
2024-08-07 14:00:00+00:00,0.057571525
2024-08-07 15:00:00+00:00,0.068968275
2024-08-07 16:00:00+00:00,0.12381425000000001
2024-08-07 17:00:00+00:00,0.19298074999999998
2024-08-07 18:00:00+00:00,0.24733824999999998
2024-08-07 19:00:00+00:00,0.27687724999999996
2024-08-07 20:00:00+00:00,0.28732274999999996
2024-08-07 21:00:00+00:00,0.29181525
2024-08-07 22:00:00+00:00,0.30196324999999996
2024-08-07 23:00:00+00:00,0.31236575
2024-08-08 00:00:00+00:00,0.3161195
2024-08-08 01:00:00+00:00,0.30606999999999995
2024-08-08 02:00:00+00:00,0.29992050000000003
2024-08-08 03:00:00+00:00,0.3086585
2024-08-08 04:00:00+00:00,0.31687575
2024-08-08 05:00:00+00:00,0.30408250000000003
2024-08-08 06:00:00+00:00,0.24505750000000004
2024-08-08 07:00:00+00:00,0.17037375
2024-08-08 08:00:00+00:00,0.10269477499999999
2024-08-08 09:00:00+00:00,0.081164075
2024-08-08 10:00:00+00:00,0.055809000000000004
2024-08-08 11:00:00+00:00,0.0512499
2024-08-08 12:00:00+00:00,0.047061575
2024-08-08 13:00:00+00:00,0.047809525
2024-08-08 14:00:00+00:00,0.051628999999999994
2024-08-08 15:00:00+00:00,0.085873725
2024-08-08 16:00:00+00:00,0.164651
2024-08-08 17:00:00+00:00,0.213871
2024-08-08 18:00:00+00:00,0.25380225
2024-08-08 19:00:00+00:00,0.2581905
2024-08-08 20:00:00+00:00,0.23307275
2024-08-08 21:00:00+00:00,0.20621
2024-08-08 22:00:00+00:00,0.1582685
2024-08-08 23:00:00+00:00,0.09724959999999999
2024-08-09 00:00:00+00:00,0.07542645
2024-08-09 01:00:00+00:00,0.06185325
2024-08-09 02:00:00+00:00,0.0602698
2024-08-09 03:00:00+00:00,0.06063025
2024-08-09 04:00:00+00:00,0.058288150000000004
2024-08-09 05:00:00+00:00,0.057360725
2024-08-09 06:00:00+00:00,0.056203675
2024-08-09 07:00:00+00:00,0.0532226
2024-08-09 08:00:00+00:00,0.049750175
2024-08-09 09:00:00+00:00,0.0479862
2024-08-09 10:00:00+00:00,0.044678325
2024-08-09 11:00:00+00:00,0.040187975
2024-08-09 12:00:00+00:00,0.036376425000000004
2024-08-09 13:00:00+00:00,0.03423305
2024-08-09 14:00:00+00:00,0.036733575000000004
2024-08-09 15:00:00+00:00,0.046642525000000004
2024-08-09 16:00:00+00:00,0.063823325
2024-08-09 17:00:00+00:00,0.119032375
2024-08-09 18:00:00+00:00,0.21786025
2024-08-09 19:00:00+00:00,0.2647955
2024-08-09 20:00:00+00:00,0.27296275000000003
2024-08-09 21:00:00+00:00,0.25874850000000005
2024-08-09 22:00:00+00:00,0.23585774999999998
2024-08-09 23:00:00+00:00,0.22568
2024-08-10 00:00:00+00:00,0.226368
2024-08-10 01:00:00+00:00,0.21487525000000002
2024-08-10 02:00:00+00:00,0.20086274999999998
2024-08-10 03:00:00+00:00,0.20618725
2024-08-10 04:00:00+00:00,0.21496900000000002
2024-08-10 05:00:00+00:00,0.16235025
2024-08-10 06:00:00+00:00,0.10688745000000001
2024-08-10 07:00:00+00:00,0.06871425
2024-08-10 08:00:00+00:00,0.053652525
2024-08-10 09:00:00+00:00,0.040408225
2024-08-10 10:00:00+00:00,0.0346539
2024-08-10 11:00:00+00:00,0.030071749999999998
2024-08-10 12:00:00+00:00,0.030212950000000002
2024-08-10 13:00:00+00:00,0.033191425
2024-08-10 14:00:00+00:00,0.040639025
2024-08-10 15:00:00+00:00,0.054647525
2024-08-10 16:00:00+00:00,0.089033075
2024-08-10 17:00:00+00:00,0.16486024999999999
2024-08-10 18:00:00+00:00,0.24058874999999996
2024-08-10 19:00:00+00:00,0.2867425
2024-08-10 20:00:00+00:00,0.305654
2024-08-10 21:00:00+00:00,0.31322275
2024-08-10 22:00:00+00:00,0.31487299999999996
2024-08-10 23:00:00+00:00,0.31778525
2024-08-11 00:00:00+00:00,0.32137025
2024-08-11 01:00:00+00:00,0.32253025
2024-08-11 02:00:00+00:00,0.3264185
2024-08-11 03:00:00+00:00,0.32386475000000003
2024-08-11 04:00:00+00:00,0.31747000000000003
2024-08-11 05:00:00+00:00,0.23050175
2024-08-11 06:00:00+00:00,0.12751025
2024-08-11 07:00:00+00:00,0.08605665
2024-08-11 08:00:00+00:00,0.06754542499999999
2024-08-11 09:00:00+00:00,0.05454405
2024-08-11 10:00:00+00:00,0.047085175
2024-08-11 11:00:00+00:00,0.045861675000000005
2024-08-11 12:00:00+00:00,0.047071725
2024-08-11 13:00:00+00:00,0.050252899999999996
2024-08-11 14:00:00+00:00,0.054219225
2024-08-11 15:00:00+00:00,0.062000299999999994
2024-08-11 16:00:00+00:00,0.10633825000000001
2024-08-11 17:00:00+00:00,0.177793
2024-08-11 18:00:00+00:00,0.22850674999999998
2024-08-11 19:00:00+00:00,0.2563895
2024-08-11 20:00:00+00:00,0.25408575
2024-08-11 21:00:00+00:00,0.2308785
2024-08-11 22:00:00+00:00,0.2067155
2024-08-11 23:00:00+00:00,0.18899349999999998
2024-08-12 00:00:00+00:00,0.18635724999999997
2024-08-12 01:00:00+00:00,0.18908075
2024-08-12 02:00:00+00:00,0.193301
2024-08-12 03:00:00+00:00,0.19213325
2024-08-12 04:00:00+00:00,0.19863200000000003
2024-08-12 05:00:00+00:00,0.17057675
2024-08-12 06:00:00+00:00,0.117432
2024-08-12 07:00:00+00:00,0.0786
2024-08-12 08:00:00+00:00,0.054912625
2024-08-12 09:00:00+00:00,0.046009775
2024-08-12 10:00:00+00:00,0.04141182499999999
2024-08-12 11:00:00+00:00,0.0428342
2024-08-12 12:00:00+00:00,0.0480922
2024-08-12 13:00:00+00:00,0.051508575
2024-08-12 14:00:00+00:00,0.064633775
2024-08-12 15:00:00+00:00,0.1026779
2024-08-12 16:00:00+00:00,0.16286325000000001
2024-08-12 17:00:00+00:00,0.228296
2024-08-12 18:00:00+00:00,0.288834
2024-08-12 19:00:00+00:00,0.308029
2024-08-12 20:00:00+00:00,0.30274674999999995
2024-08-12 21:00:00+00:00,0.28804325
2024-08-12 22:00:00+00:00,0.27045325000000003
2024-08-12 23:00:00+00:00,0.25602349999999996
2024-08-13 00:00:00+00:00,0.26679
2024-08-13 01:00:00+00:00,0.28040349999999997
2024-08-13 02:00:00+00:00,0.29154575
2024-08-13 03:00:00+00:00,0.3159785
2024-08-13 04:00:00+00:00,0.3235635
2024-08-13 05:00:00+00:00,0.284189
2024-08-13 06:00:00+00:00,0.22214825
2024-08-13 07:00:00+00:00,0.1581175
2024-08-13 08:00:00+00:00,0.10964485
2024-08-13 09:00:00+00:00,0.085264425
2024-08-13 10:00:00+00:00,0.07145
2024-08-13 11:00:00+00:00,0.06653425
2024-08-13 12:00:00+00:00,0.06575917499999999
2024-08-13 13:00:00+00:00,0.071240975
2024-08-13 14:00:00+00:00,0.09022285
2024-08-13 15:00:00+00:00,0.1418125
2024-08-13 16:00:00+00:00,0.20516875
2024-08-13 17:00:00+00:00,0.2528615
2024-08-13 18:00:00+00:00,0.31423100000000004
2024-08-13 19:00:00+00:00,0.33600975
2024-08-13 20:00:00+00:00,0.3180965
2024-08-13 21:00:00+00:00,0.30955125000000006
2024-08-13 22:00:00+00:00,0.31531275000000003
2024-08-13 23:00:00+00:00,0.32464224999999997
2024-08-14 00:00:00+00:00,0.33668575
2024-08-14 01:00:00+00:00,0.35346900000000003
2024-08-14 02:00:00+00:00,0.35706249999999995
2024-08-14 03:00:00+00:00,0.36694699999999997
2024-08-14 04:00:00+00:00,0.36308375000000004
2024-08-14 05:00:00+00:00,0.3363385
2024-08-14 06:00:00+00:00,0.27873075
2024-08-14 07:00:00+00:00,0.2081115
2024-08-14 08:00:00+00:00,0.1520415
2024-08-14 09:00:00+00:00,0.13440175
2024-08-14 10:00:00+00:00,0.14332899999999998
2024-08-14 11:00:00+00:00,0.16809000000000002
2024-08-14 12:00:00+00:00,0.19464499999999998
2024-08-14 13:00:00+00:00,0.2091975
2024-08-14 14:00:00+00:00,0.2267405
2024-08-14 15:00:00+00:00,0.26654725
2024-08-14 16:00:00+00:00,0.2977345
2024-08-14 17:00:00+00:00,0.325642
2024-08-14 18:00:00+00:00,0.35527775000000006
2024-08-14 19:00:00+00:00,0.37121099999999996
2024-08-14 20:00:00+00:00,0.37319025000000006
2024-08-14 21:00:00+00:00,0.3738145
2024-08-14 22:00:00+00:00,0.37110774999999996
2024-08-14 23:00:00+00:00,0.36946875
2024-08-15 00:00:00+00:00,0.3705
2024-08-15 01:00:00+00:00,0.36952025
2024-08-15 02:00:00+00:00,0.36832349999999997
2024-08-15 03:00:00+00:00,0.36412999999999995
2024-08-15 04:00:00+00:00,0.36478575
2024-08-15 05:00:00+00:00,0.31191549999999996
2024-08-15 06:00:00+00:00,0.22645724999999997
2024-08-15 07:00:00+00:00,0.1382985
2024-08-15 08:00:00+00:00,0.08238835
2024-08-15 09:00:00+00:00,0.063567825
2024-08-15 10:00:00+00:00,0.0512759
2024-08-15 11:00:00+00:00,0.051804875
2024-08-15 12:00:00+00:00,0.051070975
2024-08-15 13:00:00+00:00,0.0499707
2024-08-15 14:00:00+00:00,0.05301205
2024-08-15 15:00:00+00:00,0.052462475
2024-08-15 16:00:00+00:00,0.08500755
2024-08-15 17:00:00+00:00,0.133892
2024-08-15 18:00:00+00:00,0.1778005
2024-08-15 19:00:00+00:00,0.19504825
2024-08-15 20:00:00+00:00,0.1938215
2024-08-15 21:00:00+00:00,0.1744715
2024-08-15 22:00:00+00:00,0.15126325000000002
2024-08-15 23:00:00+00:00,0.12982075
2024-08-16 00:00:00+00:00,0.1318185
2024-08-16 01:00:00+00:00,0.13639225
2024-08-16 02:00:00+00:00,0.14706724999999998
2024-08-16 03:00:00+00:00,0.183097
2024-08-16 04:00:00+00:00,0.24069
2024-08-16 05:00:00+00:00,0.251486
2024-08-16 06:00:00+00:00,0.24018
2024-08-16 07:00:00+00:00,0.2279035
2024-08-16 08:00:00+00:00,0.19761099999999998
2024-08-16 09:00:00+00:00,0.14492750000000001
2024-08-16 10:00:00+00:00,0.1048682
2024-08-16 11:00:00+00:00,0.10180407500000001
2024-08-16 12:00:00+00:00,0.081438075
2024-08-16 13:00:00+00:00,0.08728035
2024-08-16 14:00:00+00:00,0.103945275
2024-08-16 15:00:00+00:00,0.19253949999999997
2024-08-16 16:00:00+00:00,0.26042675
2024-08-16 17:00:00+00:00,0.31508100000000006
2024-08-16 18:00:00+00:00,0.3413625
2024-08-16 19:00:00+00:00,0.36204499999999995
2024-08-16 20:00:00+00:00,0.36957650000000003
2024-08-16 21:00:00+00:00,0.37005575
2024-08-16 22:00:00+00:00,0.37050150000000004
2024-08-16 23:00:00+00:00,0.370029
2024-08-17 00:00:00+00:00,0.3762245000000001
2024-08-17 01:00:00+00:00,0.378236
2024-08-17 02:00:00+00:00,0.37864200000000003
2024-08-17 03:00:00+00:00,0.37898275
2024-08-17 04:00:00+00:00,0.37838249999999995
2024-08-17 05:00:00+00:00,0.34031775
2024-08-17 06:00:00+00:00,0.24019775000000002
2024-08-17 07:00:00+00:00,0.130007225
2024-08-17 08:00:00+00:00,0.08027925
2024-08-17 09:00:00+00:00,0.06513997499999999
2024-08-17 10:00:00+00:00,0.057669925
2024-08-17 11:00:00+00:00,0.054690525000000004
2024-08-17 12:00:00+00:00,0.053966875
2024-08-17 13:00:00+00:00,0.058842700000000005
2024-08-17 14:00:00+00:00,0.0725773
2024-08-17 15:00:00+00:00,0.119603825
2024-08-17 16:00:00+00:00,0.22061150000000002
2024-08-17 17:00:00+00:00,0.29487625
2024-08-17 18:00:00+00:00,0.35304725000000003
2024-08-17 19:00:00+00:00,0.3763855
2024-08-17 20:00:00+00:00,0.37632275
2024-08-17 21:00:00+00:00,0.37516775
2024-08-17 22:00:00+00:00,0.3751865
2024-08-17 23:00:00+00:00,0.37231925
2024-08-18 00:00:00+00:00,0.366313
2024-08-18 01:00:00+00:00,0.3634485
2024-08-18 02:00:00+00:00,0.36622050000000006
2024-08-18 03:00:00+00:00,0.36844400000000005
2024-08-18 04:00:00+00:00,0.36110325
2024-08-18 05:00:00+00:00,0.312748
2024-08-18 06:00:00+00:00,0.19799775
2024-08-18 07:00:00+00:00,0.13247675
2024-08-18 08:00:00+00:00,0.10393894999999999
2024-08-18 09:00:00+00:00,0.08166645
2024-08-18 10:00:00+00:00,0.071390025
2024-08-18 11:00:00+00:00,0.06569634999999999
2024-08-18 12:00:00+00:00,0.064861575
2024-08-18 13:00:00+00:00,0.0691015
2024-08-18 14:00:00+00:00,0.06994435
2024-08-18 15:00:00+00:00,0.09024927499999999
2024-08-18 16:00:00+00:00,0.13876625
2024-08-18 17:00:00+00:00,0.21400924999999998
2024-08-18 18:00:00+00:00,0.29784049999999995
2024-08-18 19:00:00+00:00,0.33919975
2024-08-18 20:00:00+00:00,0.3455425
2024-08-18 21:00:00+00:00,0.34171100000000004
2024-08-18 22:00:00+00:00,0.34560199999999996
2024-08-18 23:00:00+00:00,0.3442505
2024-08-19 00:00:00+00:00,0.34350574999999994
2024-08-19 01:00:00+00:00,0.34513499999999997
2024-08-19 02:00:00+00:00,0.353736
2024-08-19 03:00:00+00:00,0.3615320000000001
2024-08-19 04:00:00+00:00,0.36356125
2024-08-19 05:00:00+00:00,0.33359649999999996
2024-08-19 06:00:00+00:00,0.2710335
2024-08-19 07:00:00+00:00,0.19530550000000002
2024-08-19 08:00:00+00:00,0.112747825
2024-08-19 09:00:00+00:00,0.0795572
2024-08-19 10:00:00+00:00,0.06753995
2024-08-19 11:00:00+00:00,0.059384375
2024-08-19 12:00:00+00:00,0.060552875000000006
2024-08-19 13:00:00+00:00,0.066637125
2024-08-19 14:00:00+00:00,0.088475125
2024-08-19 15:00:00+00:00,0.14786549999999998
2024-08-19 16:00:00+00:00,0.22342599999999999
2024-08-19 17:00:00+00:00,0.2805845
2024-08-19 18:00:00+00:00,0.32161175
2024-08-19 19:00:00+00:00,0.32772975000000004
2024-08-19 20:00:00+00:00,0.30923275
2024-08-19 21:00:00+00:00,0.27071225
2024-08-19 22:00:00+00:00,0.23679024999999998
2024-08-19 23:00:00+00:00,0.21000875
2024-08-20 00:00:00+00:00,0.21202574999999999
2024-08-20 01:00:00+00:00,0.20423425
2024-08-20 02:00:00+00:00,0.202925
2024-08-20 03:00:00+00:00,0.21277200000000002
2024-08-20 04:00:00+00:00,0.21864475
2024-08-20 05:00:00+00:00,0.20682224999999999
2024-08-20 06:00:00+00:00,0.16146549999999998
2024-08-20 07:00:00+00:00,0.1042756
2024-08-20 08:00:00+00:00,0.067539925
2024-08-20 09:00:00+00:00,0.052510575000000004
2024-08-20 10:00:00+00:00,0.046292999999999994
2024-08-20 11:00:00+00:00,0.045546875
2024-08-20 12:00:00+00:00,0.04936665
2024-08-20 13:00:00+00:00,0.06110345
2024-08-20 14:00:00+00:00,0.10623750000000001
2024-08-20 15:00:00+00:00,0.15866025
2024-08-20 16:00:00+00:00,0.21174475
2024-08-20 17:00:00+00:00,0.2468525
2024-08-20 18:00:00+00:00,0.25459175
2024-08-20 19:00:00+00:00,0.244966
2024-08-20 20:00:00+00:00,0.2440145
2024-08-20 21:00:00+00:00,0.228217
2024-08-20 22:00:00+00:00,0.17877025000000002
2024-08-20 23:00:00+00:00,0.1471
2024-08-21 00:00:00+00:00,0.10683075
2024-08-21 01:00:00+00:00,0.098089375
2024-08-21 02:00:00+00:00,0.099085775
2024-08-21 03:00:00+00:00,0.09838620000000001
2024-08-21 04:00:00+00:00,0.097909675
2024-08-21 05:00:00+00:00,0.091006275
2024-08-21 06:00:00+00:00,0.0700426
2024-08-21 07:00:00+00:00,0.0524712
2024-08-21 08:00:00+00:00,0.04518174999999999
2024-08-21 09:00:00+00:00,0.04125475
2024-08-21 10:00:00+00:00,0.039657225000000004
2024-08-21 11:00:00+00:00,0.0383062
2024-08-21 12:00:00+00:00,0.035669575
2024-08-21 13:00:00+00:00,0.035855025
2024-08-21 14:00:00+00:00,0.041778075
2024-08-21 15:00:00+00:00,0.044773525
2024-08-21 16:00:00+00:00,0.058492050000000004
2024-08-21 17:00:00+00:00,0.08763907500000001
2024-08-21 18:00:00+00:00,0.12165975000000001
2024-08-21 19:00:00+00:00,0.14033974999999999
2024-08-21 20:00:00+00:00,0.13668924999999998
2024-08-21 21:00:00+00:00,0.12163025000000001
2024-08-21 22:00:00+00:00,0.1060715
2024-08-21 23:00:00+00:00,0.09936674999999999
2024-08-22 00:00:00+00:00,0.091278625
2024-08-22 01:00:00+00:00,0.089226375
2024-08-22 02:00:00+00:00,0.085905425
2024-08-22 03:00:00+00:00,0.0857845
2024-08-22 04:00:00+00:00,0.0939502
2024-08-22 05:00:00+00:00,0.080689475
2024-08-22 06:00:00+00:00,0.06634090000000001
2024-08-22 07:00:00+00:00,0.05198245
2024-08-22 08:00:00+00:00,0.044754550000000004
2024-08-22 09:00:00+00:00,0.03926005
2024-08-22 10:00:00+00:00,0.039398925
2024-08-22 11:00:00+00:00,0.03840075
2024-08-22 12:00:00+00:00,0.03836
2024-08-22 13:00:00+00:00,0.03927655
2024-08-22 14:00:00+00:00,0.047481875
2024-08-22 15:00:00+00:00,0.05553855
2024-08-22 16:00:00+00:00,0.079293475
2024-08-22 17:00:00+00:00,0.10242527500000001
2024-08-22 18:00:00+00:00,0.11753274999999999
2024-08-22 19:00:00+00:00,0.12502225
2024-08-22 20:00:00+00:00,0.11876700000000001
2024-08-22 21:00:00+00:00,0.11536125000000001
2024-08-22 22:00:00+00:00,0.10096415
2024-08-22 23:00:00+00:00,0.09194269999999999
2024-08-23 00:00:00+00:00,0.088994675
2024-08-23 01:00:00+00:00,0.084339975
2024-08-23 02:00:00+00:00,0.08354805000000001
2024-08-23 03:00:00+00:00,0.07951785
2024-08-23 04:00:00+00:00,0.075328825
2024-08-23 05:00:00+00:00,0.07032930000000001
2024-08-23 06:00:00+00:00,0.06110105000000001
2024-08-23 07:00:00+00:00,0.050246725
2024-08-23 08:00:00+00:00,0.0453225
2024-08-23 09:00:00+00:00,0.044454125000000004
2024-08-23 10:00:00+00:00,0.048159925
2024-08-23 11:00:00+00:00,0.047903775
2024-08-23 12:00:00+00:00,0.041522475
2024-08-23 13:00:00+00:00,0.041833175
2024-08-23 14:00:00+00:00,0.04114535
2024-08-23 15:00:00+00:00,0.05060645
2024-08-23 16:00:00+00:00,0.08128732500000001
2024-08-23 17:00:00+00:00,0.15676325
2024-08-23 18:00:00+00:00,0.243647
2024-08-23 19:00:00+00:00,0.26420675
2024-08-23 20:00:00+00:00,0.25939225
2024-08-23 21:00:00+00:00,0.2328835
2024-08-23 22:00:00+00:00,0.209408
2024-08-23 23:00:00+00:00,0.2119955
2024-08-24 00:00:00+00:00,0.20936775000000002
2024-08-24 01:00:00+00:00,0.202597
2024-08-24 02:00:00+00:00,0.20996499999999998
2024-08-24 03:00:00+00:00,0.22395475
2024-08-24 04:00:00+00:00,0.22016100000000002
2024-08-24 05:00:00+00:00,0.19012225
2024-08-24 06:00:00+00:00,0.1612745
2024-08-24 07:00:00+00:00,0.13444875
2024-08-24 08:00:00+00:00,0.09133005000000001
2024-08-24 09:00:00+00:00,0.070907
2024-08-24 10:00:00+00:00,0.054067475
2024-08-24 11:00:00+00:00,0.04064545
2024-08-24 12:00:00+00:00,0.032695575000000004
2024-08-24 13:00:00+00:00,0.034113475000000004
2024-08-24 14:00:00+00:00,0.042293125
2024-08-24 15:00:00+00:00,0.0707383
2024-08-24 16:00:00+00:00,0.120013
2024-08-24 17:00:00+00:00,0.16289025000000001
2024-08-24 18:00:00+00:00,0.15077174999999998
2024-08-24 19:00:00+00:00,0.12435900000000001
2024-08-24 20:00:00+00:00,0.10666725
2024-08-24 21:00:00+00:00,0.1020006
2024-08-24 22:00:00+00:00,0.0903889
2024-08-24 23:00:00+00:00,0.08387975
2024-08-25 00:00:00+00:00,0.0854578
2024-08-25 01:00:00+00:00,0.085814675
2024-08-25 02:00:00+00:00,0.08888997500000001
2024-08-25 03:00:00+00:00,0.094620675
2024-08-25 04:00:00+00:00,0.09982110000000001
2024-08-25 05:00:00+00:00,0.09432635
2024-08-25 06:00:00+00:00,0.066384425
2024-08-25 07:00:00+00:00,0.049826325000000005
2024-08-25 08:00:00+00:00,0.038313275
2024-08-25 09:00:00+00:00,0.034583475
2024-08-25 10:00:00+00:00,0.0318043
2024-08-25 11:00:00+00:00,0.031486
2024-08-25 12:00:00+00:00,0.0323352
2024-08-25 13:00:00+00:00,0.0329443
2024-08-25 14:00:00+00:00,0.0363662
2024-08-25 15:00:00+00:00,0.0461806
2024-08-25 16:00:00+00:00,0.06203750000000001
2024-08-25 17:00:00+00:00,0.105716
2024-08-25 18:00:00+00:00,0.143808
2024-08-25 19:00:00+00:00,0.15248499999999998
2024-08-25 20:00:00+00:00,0.15258
2024-08-25 21:00:00+00:00,0.14059649999999999
2024-08-25 22:00:00+00:00,0.1155815
2024-08-25 23:00:00+00:00,0.10498225
2024-08-26 00:00:00+00:00,0.09894119999999999
2024-08-26 01:00:00+00:00,0.10143025
2024-08-26 02:00:00+00:00,0.10336550000000001
2024-08-26 03:00:00+00:00,0.10728499999999999
2024-08-26 04:00:00+00:00,0.12278700000000001
2024-08-26 05:00:00+00:00,0.12228275000000001
2024-08-26 06:00:00+00:00,0.101684575
2024-08-26 07:00:00+00:00,0.07713935000000001
2024-08-26 08:00:00+00:00,0.0585538
2024-08-26 09:00:00+00:00,0.049291650000000006
2024-08-26 10:00:00+00:00,0.046877274999999996
2024-08-26 11:00:00+00:00,0.048371924999999996
2024-08-26 12:00:00+00:00,0.04625512500000001
2024-08-26 13:00:00+00:00,0.052804575000000006
2024-08-26 14:00:00+00:00,0.0740226
2024-08-26 15:00:00+00:00,0.1231845
2024-08-26 16:00:00+00:00,0.19429375
2024-08-26 17:00:00+00:00,0.2585185
2024-08-26 18:00:00+00:00,0.315388
2024-08-26 19:00:00+00:00,0.329094
2024-08-26 20:00:00+00:00,0.33065175
2024-08-26 21:00:00+00:00,0.3316595
2024-08-26 22:00:00+00:00,0.32514350000000003
2024-08-26 23:00:00+00:00,0.3143555
2024-08-27 00:00:00+00:00,0.31241075
2024-08-27 01:00:00+00:00,0.3151795
2024-08-27 02:00:00+00:00,0.3132025
2024-08-27 03:00:00+00:00,0.31362775
2024-08-27 04:00:00+00:00,0.318644
2024-08-27 05:00:00+00:00,0.31056375
2024-08-27 06:00:00+00:00,0.2533975
2024-08-27 07:00:00+00:00,0.16454724999999998
2024-08-27 08:00:00+00:00,0.08692775000000001
2024-08-27 09:00:00+00:00,0.06570195000000001
2024-08-27 10:00:00+00:00,0.057647475
2024-08-27 11:00:00+00:00,0.057581
2024-08-27 12:00:00+00:00,0.058195725000000004
2024-08-27 13:00:00+00:00,0.065688675
2024-08-27 14:00:00+00:00,0.079189775
2024-08-27 15:00:00+00:00,0.13702075
2024-08-27 16:00:00+00:00,0.2275495
2024-08-27 17:00:00+00:00,0.31172075
2024-08-27 18:00:00+00:00,0.37090124999999996
2024-08-27 19:00:00+00:00,0.37829175
2024-08-27 20:00:00+00:00,0.37544350000000004
2024-08-27 21:00:00+00:00,0.36633875
2024-08-27 22:00:00+00:00,0.36502925
2024-08-27 23:00:00+00:00,0.361348
2024-08-28 00:00:00+00:00,0.360161
2024-08-28 01:00:00+00:00,0.3611155
2024-08-28 02:00:00+00:00,0.36365200000000003
2024-08-28 03:00:00+00:00,0.3664015
2024-08-28 04:00:00+00:00,0.36541575000000004
2024-08-28 05:00:00+00:00,0.34683375
2024-08-28 06:00:00+00:00,0.28309875
2024-08-28 07:00:00+00:00,0.21510349999999998
2024-08-28 08:00:00+00:00,0.136509
2024-08-28 09:00:00+00:00,0.09153957500000001
2024-08-28 10:00:00+00:00,0.0747508
2024-08-28 11:00:00+00:00,0.06122555
2024-08-28 12:00:00+00:00,0.06264425
2024-08-28 13:00:00+00:00,0.0678052
2024-08-28 14:00:00+00:00,0.0904001
2024-08-28 15:00:00+00:00,0.14518274999999997
2024-08-28 16:00:00+00:00,0.23166575
2024-08-28 17:00:00+00:00,0.3134355
2024-08-28 18:00:00+00:00,0.3688425
2024-08-28 19:00:00+00:00,0.37569
2024-08-28 20:00:00+00:00,0.375329
2024-08-28 21:00:00+00:00,0.37451325
2024-08-28 22:00:00+00:00,0.372166
2024-08-28 23:00:00+00:00,0.36459949999999997
2024-08-29 00:00:00+00:00,0.36070875
2024-08-29 01:00:00+00:00,0.35276925
2024-08-29 02:00:00+00:00,0.35378575
2024-08-29 03:00:00+00:00,0.3523115
2024-08-29 04:00:00+00:00,0.35618774999999997
2024-08-29 05:00:00+00:00,0.34939950000000003
2024-08-29 06:00:00+00:00,0.2888615
2024-08-29 07:00:00+00:00,0.21801825
2024-08-29 08:00:00+00:00,0.14077499999999998
2024-08-29 09:00:00+00:00,0.09514457500000001
2024-08-29 10:00:00+00:00,0.0799169
2024-08-29 11:00:00+00:00,0.0742082
2024-08-29 12:00:00+00:00,0.073972325
2024-08-29 13:00:00+00:00,0.104474925
2024-08-29 14:00:00+00:00,0.14552874999999998
2024-08-29 15:00:00+00:00,0.1974405
2024-08-29 16:00:00+00:00,0.26137699999999997
2024-08-29 17:00:00+00:00,0.31490724999999997
2024-08-29 18:00:00+00:00,0.36415725
2024-08-29 19:00:00+00:00,0.38338649999999996
2024-08-29 20:00:00+00:00,0.38843825000000004
2024-08-29 21:00:00+00:00,0.39004675
2024-08-29 22:00:00+00:00,0.391834
2024-08-29 23:00:00+00:00,0.39247750000000003
2024-08-30 00:00:00+00:00,0.393601
2024-08-30 01:00:00+00:00,0.3886652500000001
2024-08-30 02:00:00+00:00,0.387945
2024-08-30 03:00:00+00:00,0.38787950000000004
2024-08-30 04:00:00+00:00,0.39089275
2024-08-30 05:00:00+00:00,0.38578199999999996
2024-08-30 06:00:00+00:00,0.34822775
2024-08-30 07:00:00+00:00,0.2947905
2024-08-30 08:00:00+00:00,0.23732575
2024-08-30 09:00:00+00:00,0.1769745
2024-08-30 10:00:00+00:00,0.14066399999999998
2024-08-30 11:00:00+00:00,0.12114775
2024-08-30 12:00:00+00:00,0.12017249999999999
2024-08-30 13:00:00+00:00,0.12346825
2024-08-30 14:00:00+00:00,0.14137025
2024-08-30 15:00:00+00:00,0.18017775
2024-08-30 16:00:00+00:00,0.232653
2024-08-30 17:00:00+00:00,0.27317349999999996
2024-08-30 18:00:00+00:00,0.304643
2024-08-30 19:00:00+00:00,0.30605425
2024-08-30 20:00:00+00:00,0.298373
2024-08-30 21:00:00+00:00,0.29417175
2024-08-30 22:00:00+00:00,0.29086
2024-08-30 23:00:00+00:00,0.2709095
2024-08-31 00:00:00+00:00,0.24930125
2024-08-31 01:00:00+00:00,0.22545425
2024-08-31 02:00:00+00:00,0.18734125000000001
2024-08-31 03:00:00+00:00,0.19254325
2024-08-31 04:00:00+00:00,0.18870675
2024-08-31 05:00:00+00:00,0.17765324999999998
2024-08-31 06:00:00+00:00,0.12509
2024-08-31 07:00:00+00:00,0.0775295
2024-08-31 08:00:00+00:00,0.048042975
2024-08-31 09:00:00+00:00,0.035909025
2024-08-31 10:00:00+00:00,0.035176825
2024-08-31 11:00:00+00:00,0.033347375
2024-08-31 12:00:00+00:00,0.0342882
2024-08-31 13:00:00+00:00,0.03717315
2024-08-31 14:00:00+00:00,0.038483075
2024-08-31 15:00:00+00:00,0.0567696
2024-08-31 16:00:00+00:00,0.112697875
2024-08-31 17:00:00+00:00,0.17154825
2024-08-31 18:00:00+00:00,0.19800299999999998
2024-08-31 19:00:00+00:00,0.20498424999999998
2024-08-31 20:00:00+00:00,0.19502199999999997
2024-08-31 21:00:00+00:00,0.163704
2024-08-31 22:00:00+00:00,0.137933
2024-08-31 23:00:00+00:00,0.12516575
2024-09-01 00:00:00+00:00,0.11921525000000001
2024-09-01 01:00:00+00:00,0.114607
2024-09-01 02:00:00+00:00,0.1344155
2024-09-01 03:00:00+00:00,0.14022674999999998
2024-09-01 04:00:00+00:00,0.15378375
2024-09-01 05:00:00+00:00,0.15371574999999998
2024-09-01 06:00:00+00:00,0.11134607499999999
2024-09-01 07:00:00+00:00,0.075885225
2024-09-01 08:00:00+00:00,0.06425270000000001
2024-09-01 09:00:00+00:00,0.051764375
2024-09-01 10:00:00+00:00,0.043315625
2024-09-01 11:00:00+00:00,0.040584949999999995
2024-09-01 12:00:00+00:00,0.039455699999999996
2024-09-01 13:00:00+00:00,0.041377374999999994
2024-09-01 14:00:00+00:00,0.046627375
2024-09-01 15:00:00+00:00,0.077171725
2024-09-01 16:00:00+00:00,0.14959
2024-09-01 17:00:00+00:00,0.22141624999999998
2024-09-01 18:00:00+00:00,0.26611175
2024-09-01 19:00:00+00:00,0.263274
2024-09-01 20:00:00+00:00,0.27367949999999996
2024-09-01 21:00:00+00:00,0.27034349999999996
2024-09-01 22:00:00+00:00,0.26950799999999997
2024-09-01 23:00:00+00:00,0.28869425
2024-09-02 00:00:00+00:00,0.30393775
2024-09-02 01:00:00+00:00,0.32978025
2024-09-02 02:00:00+00:00,0.3438145
2024-09-02 03:00:00+00:00,0.357975
2024-09-02 04:00:00+00:00,0.3718625
2024-09-02 05:00:00+00:00,0.369611
2024-09-02 06:00:00+00:00,0.31457175000000004
2024-09-02 07:00:00+00:00,0.26133425
2024-09-02 08:00:00+00:00,0.19702175
2024-09-02 09:00:00+00:00,0.13040525
2024-09-02 10:00:00+00:00,0.09467687500000001
2024-09-02 11:00:00+00:00,0.08834357500000001
2024-09-02 12:00:00+00:00,0.08560067499999999
2024-09-02 13:00:00+00:00,0.109393975
2024-09-02 14:00:00+00:00,0.17175125000000002
2024-09-02 15:00:00+00:00,0.24280075
2024-09-02 16:00:00+00:00,0.29253675
2024-09-02 17:00:00+00:00,0.34136825000000004
2024-09-02 18:00:00+00:00,0.3790485
2024-09-02 19:00:00+00:00,0.39163000000000003
2024-09-02 20:00:00+00:00,0.39518125000000004
2024-09-02 21:00:00+00:00,0.4008155
2024-09-02 22:00:00+00:00,0.40548649999999997
2024-09-02 23:00:00+00:00,0.40402225
2024-09-03 00:00:00+00:00,0.40218825
2024-09-03 01:00:00+00:00,0.39998349999999994
2024-09-03 02:00:00+00:00,0.398491
2024-09-03 03:00:00+00:00,0.39637025
2024-09-03 04:00:00+00:00,0.3804025
2024-09-03 05:00:00+00:00,0.3702105
2024-09-03 06:00:00+00:00,0.32684675
2024-09-03 07:00:00+00:00,0.2818535
2024-09-03 08:00:00+00:00,0.22122224999999998
2024-09-03 09:00:00+00:00,0.1901065
2024-09-03 10:00:00+00:00,0.16500425
2024-09-03 11:00:00+00:00,0.172381
2024-09-03 12:00:00+00:00,0.18666924999999998
2024-09-03 13:00:00+00:00,0.19895325
2024-09-03 14:00:00+00:00,0.23809650000000002
2024-09-03 15:00:00+00:00,0.26729625
2024-09-03 16:00:00+00:00,0.31831125
2024-09-03 17:00:00+00:00,0.35609925
2024-09-03 18:00:00+00:00,0.37857825000000006
2024-09-03 19:00:00+00:00,0.37916200000000005
2024-09-03 20:00:00+00:00,0.38143575
2024-09-03 21:00:00+00:00,0.3783125
2024-09-03 22:00:00+00:00,0.38080649999999994
2024-09-03 23:00:00+00:00,0.37995049999999997
2024-09-04 00:00:00+00:00,0.37772574999999997
2024-09-04 01:00:00+00:00,0.378707
2024-09-04 02:00:00+00:00,0.37548825
2024-09-04 03:00:00+00:00,0.37733150000000004
2024-09-04 04:00:00+00:00,0.379216
2024-09-04 05:00:00+00:00,0.37456849999999997
2024-09-04 06:00:00+00:00,0.35187675
2024-09-04 07:00:00+00:00,0.3299775
2024-09-04 08:00:00+00:00,0.30779675
2024-09-04 09:00:00+00:00,0.286178
2024-09-04 10:00:00+00:00,0.273109
2024-09-04 11:00:00+00:00,0.25173575
2024-09-04 12:00:00+00:00,0.238477
2024-09-04 13:00:00+00:00,0.24652725
2024-09-04 14:00:00+00:00,0.2795985
2024-09-04 15:00:00+00:00,0.32349100000000003
2024-09-04 16:00:00+00:00,0.34986100000000003
2024-09-04 17:00:00+00:00,0.37887400000000004
2024-09-04 18:00:00+00:00,0.3992985
2024-09-04 19:00:00+00:00,0.39960249999999997
2024-09-04 20:00:00+00:00,0.39944050000000003
2024-09-04 21:00:00+00:00,0.39804425
2024-09-04 22:00:00+00:00,0.39261524999999997
2024-09-04 23:00:00+00:00,0.391203
2024-09-05 00:00:00+00:00,0.38581725
2024-09-05 01:00:00+00:00,0.372402
2024-09-05 02:00:00+00:00,0.35036475
2024-09-05 03:00:00+00:00,0.3477375
2024-09-05 04:00:00+00:00,0.34102374999999996
2024-09-05 05:00:00+00:00,0.31432974999999996
2024-09-05 06:00:00+00:00,0.25209
2024-09-05 07:00:00+00:00,0.1814045
2024-09-05 08:00:00+00:00,0.12066900000000001
2024-09-05 09:00:00+00:00,0.071943075
2024-09-05 10:00:00+00:00,0.05490505
2024-09-05 11:00:00+00:00,0.052440850000000004
2024-09-05 12:00:00+00:00,0.051955575000000004
2024-09-05 13:00:00+00:00,0.0467227
2024-09-05 14:00:00+00:00,0.049091449999999995
2024-09-05 15:00:00+00:00,0.064331375
2024-09-05 16:00:00+00:00,0.0994673
2024-09-05 17:00:00+00:00,0.162491
2024-09-05 18:00:00+00:00,0.21022200000000002
2024-09-05 19:00:00+00:00,0.20059400000000002
2024-09-05 20:00:00+00:00,0.179082
2024-09-05 21:00:00+00:00,0.171107
2024-09-05 22:00:00+00:00,0.158458
2024-09-05 23:00:00+00:00,0.16118775
2024-09-06 00:00:00+00:00,0.154455
2024-09-06 01:00:00+00:00,0.14888225
2024-09-06 02:00:00+00:00,0.15452725
2024-09-06 03:00:00+00:00,0.18899725
2024-09-06 04:00:00+00:00,0.22807275000000002
2024-09-06 05:00:00+00:00,0.242529
2024-09-06 06:00:00+00:00,0.20329225
2024-09-06 07:00:00+00:00,0.14789625
2024-09-06 08:00:00+00:00,0.102305975
2024-09-06 09:00:00+00:00,0.07227225000000001
2024-09-06 10:00:00+00:00,0.066682575
2024-09-06 11:00:00+00:00,0.0690243
2024-09-06 12:00:00+00:00,0.079709675
2024-09-06 13:00:00+00:00,0.09365145
2024-09-06 14:00:00+00:00,0.15271400000000002
2024-09-06 15:00:00+00:00,0.23072025000000002
2024-09-06 16:00:00+00:00,0.30427475000000004
2024-09-06 17:00:00+00:00,0.34150525
2024-09-06 18:00:00+00:00,0.35734875
2024-09-06 19:00:00+00:00,0.37727625
2024-09-06 20:00:00+00:00,0.38005875
2024-09-06 21:00:00+00:00,0.37909699999999996
2024-09-06 22:00:00+00:00,0.38287225
2024-09-06 23:00:00+00:00,0.3889275
2024-09-07 00:00:00+00:00,0.39397625000000003
2024-09-07 01:00:00+00:00,0.38768949999999996
2024-09-07 02:00:00+00:00,0.38719425
2024-09-07 03:00:00+00:00,0.38652749999999997
2024-09-07 04:00:00+00:00,0.38342125000000005
2024-09-07 05:00:00+00:00,0.37686525
2024-09-07 06:00:00+00:00,0.31840275
2024-09-07 07:00:00+00:00,0.22023474999999998
2024-09-07 08:00:00+00:00,0.12569675
2024-09-07 09:00:00+00:00,0.0754233
2024-09-07 10:00:00+00:00,0.059915025
2024-09-07 11:00:00+00:00,0.05352055
2024-09-07 12:00:00+00:00,0.054708
2024-09-07 13:00:00+00:00,0.059081800000000004
2024-09-07 14:00:00+00:00,0.07972457499999999
2024-09-07 15:00:00+00:00,0.1613635
2024-09-07 16:00:00+00:00,0.26043099999999997
2024-09-07 17:00:00+00:00,0.33342974999999997
2024-09-07 18:00:00+00:00,0.36452225
2024-09-07 19:00:00+00:00,0.35559975000000005
2024-09-07 20:00:00+00:00,0.32852875
2024-09-07 21:00:00+00:00,0.3047265
2024-09-07 22:00:00+00:00,0.290551
2024-09-07 23:00:00+00:00,0.29472124999999993
2024-09-08 00:00:00+00:00,0.318183
2024-09-08 01:00:00+00:00,0.29449899999999996
2024-09-08 02:00:00+00:00,0.2677515
2024-09-08 03:00:00+00:00,0.22513825
2024-09-08 04:00:00+00:00,0.237257
2024-09-08 05:00:00+00:00,0.20805949999999998
2024-09-08 06:00:00+00:00,0.1567785
2024-09-08 07:00:00+00:00,0.0929707
2024-09-08 08:00:00+00:00,0.0593432
2024-09-08 09:00:00+00:00,0.04647847499999999
2024-09-08 10:00:00+00:00,0.0417692
2024-09-08 11:00:00+00:00,0.042413875000000004
2024-09-08 12:00:00+00:00,0.041861075
2024-09-08 13:00:00+00:00,0.041803825
2024-09-08 14:00:00+00:00,0.061514075
2024-09-08 15:00:00+00:00,0.11945282500000001
2024-09-08 16:00:00+00:00,0.20031275
2024-09-08 17:00:00+00:00,0.27353574999999997
2024-09-08 18:00:00+00:00,0.332546
2024-09-08 19:00:00+00:00,0.34275475
2024-09-08 20:00:00+00:00,0.3472005
2024-09-08 21:00:00+00:00,0.34965824999999995
2024-09-08 22:00:00+00:00,0.355206
2024-09-08 23:00:00+00:00,0.352863
2024-09-09 00:00:00+00:00,0.35615825
2024-09-09 01:00:00+00:00,0.3601895
2024-09-09 02:00:00+00:00,0.36781725
2024-09-09 03:00:00+00:00,0.375885
2024-09-09 04:00:00+00:00,0.37928825
2024-09-09 05:00:00+00:00,0.37550375
2024-09-09 06:00:00+00:00,0.33951224999999996
2024-09-09 07:00:00+00:00,0.28570249999999997
2024-09-09 08:00:00+00:00,0.24616925000000003
2024-09-09 09:00:00+00:00,0.181345
2024-09-09 10:00:00+00:00,0.11459050000000001
2024-09-09 11:00:00+00:00,0.10650925
2024-09-09 12:00:00+00:00,0.083811525
2024-09-09 13:00:00+00:00,0.0805296
2024-09-09 14:00:00+00:00,0.069698375
2024-09-09 15:00:00+00:00,0.087692375
2024-09-09 16:00:00+00:00,0.12069774999999999
2024-09-09 17:00:00+00:00,0.1481655
2024-09-09 18:00:00+00:00,0.15512399999999998
2024-09-09 19:00:00+00:00,0.16025699999999998
2024-09-09 20:00:00+00:00,0.16077125
2024-09-09 21:00:00+00:00,0.143462
2024-09-09 22:00:00+00:00,0.134385
2024-09-09 23:00:00+00:00,0.13129125
2024-09-10 00:00:00+00:00,0.12750375000000003
2024-09-10 01:00:00+00:00,0.1219255
2024-09-10 02:00:00+00:00,0.12405524999999999
2024-09-10 03:00:00+00:00,0.14905975000000002
2024-09-10 04:00:00+00:00,0.1617545
2024-09-10 05:00:00+00:00,0.15167375
2024-09-10 06:00:00+00:00,0.12331724999999999
2024-09-10 07:00:00+00:00,0.064394025
2024-09-10 08:00:00+00:00,0.040393925
2024-09-10 09:00:00+00:00,0.0359593
2024-09-10 10:00:00+00:00,0.043203275
2024-09-10 11:00:00+00:00,0.0486791
2024-09-10 12:00:00+00:00,0.04962322499999999
2024-09-10 13:00:00+00:00,0.049861025
2024-09-10 14:00:00+00:00,0.050258000000000004
2024-09-10 15:00:00+00:00,0.052675575
2024-09-10 16:00:00+00:00,0.060870900000000006
2024-09-10 17:00:00+00:00,0.080003075
2024-09-10 18:00:00+00:00,0.0905532
2024-09-10 19:00:00+00:00,0.10211015000000001
2024-09-10 20:00:00+00:00,0.12514250000000002
2024-09-10 21:00:00+00:00,0.12251525
2024-09-10 22:00:00+00:00,0.1424525
2024-09-10 23:00:00+00:00,0.16242675
2024-09-11 00:00:00+00:00,0.17125500000000002
2024-09-11 01:00:00+00:00,0.1586105
2024-09-11 02:00:00+00:00,0.13636525
2024-09-11 03:00:00+00:00,0.12223875
2024-09-11 04:00:00+00:00,0.13191624999999998
2024-09-11 05:00:00+00:00,0.13885599999999998
2024-09-11 06:00:00+00:00,0.1157255
2024-09-11 07:00:00+00:00,0.07734440000000001
2024-09-11 08:00:00+00:00,0.055909475
2024-09-11 09:00:00+00:00,0.04713635
2024-09-11 10:00:00+00:00,0.04420805
2024-09-11 11:00:00+00:00,0.044858524999999996
2024-09-11 12:00:00+00:00,0.043150825
2024-09-11 13:00:00+00:00,0.051442550000000004
2024-09-11 14:00:00+00:00,0.073666175
2024-09-11 15:00:00+00:00,0.12812774999999998
2024-09-11 16:00:00+00:00,0.20706325
2024-09-11 17:00:00+00:00,0.26910325
2024-09-11 18:00:00+00:00,0.30525
2024-09-11 19:00:00+00:00,0.3040895
2024-09-11 20:00:00+00:00,0.311391
2024-09-11 21:00:00+00:00,0.319426
2024-09-11 22:00:00+00:00,0.31124474999999996
2024-09-11 23:00:00+00:00,0.30270375
2024-09-12 00:00:00+00:00,0.31402850000000004
2024-09-12 01:00:00+00:00,0.314774
2024-09-12 02:00:00+00:00,0.3131365
2024-09-12 03:00:00+00:00,0.34177325000000003
2024-09-12 04:00:00+00:00,0.34034699999999996
2024-09-12 05:00:00+00:00,0.32551825
2024-09-12 06:00:00+00:00,0.27419000000000004
2024-09-12 07:00:00+00:00,0.24276925
2024-09-12 08:00:00+00:00,0.1856085
2024-09-12 09:00:00+00:00,0.12895325000000002
2024-09-12 10:00:00+00:00,0.10675849999999999
2024-09-12 11:00:00+00:00,0.12477825
2024-09-12 12:00:00+00:00,0.11162375
2024-09-12 13:00:00+00:00,0.11515
2024-09-12 14:00:00+00:00,0.16064599999999998
2024-09-12 15:00:00+00:00,0.2122745
2024-09-12 16:00:00+00:00,0.25341199999999997
2024-09-12 17:00:00+00:00,0.2997595
2024-09-12 18:00:00+00:00,0.33814974999999997
2024-09-12 19:00:00+00:00,0.33854075
2024-09-12 20:00:00+00:00,0.332576
2024-09-12 21:00:00+00:00,0.33488625
2024-09-12 22:00:00+00:00,0.32610175
2024-09-12 23:00:00+00:00,0.33133274999999995
2024-09-13 00:00:00+00:00,0.31678950000000006
2024-09-13 01:00:00+00:00,0.32478325
2024-09-13 02:00:00+00:00,0.32388325
2024-09-13 03:00:00+00:00,0.33617600000000003
2024-09-13 04:00:00+00:00,0.35385625
2024-09-13 05:00:00+00:00,0.34934875
2024-09-13 06:00:00+00:00,0.29405925
2024-09-13 07:00:00+00:00,0.2307875
2024-09-13 08:00:00+00:00,0.16507675
2024-09-13 09:00:00+00:00,0.105695575
2024-09-13 10:00:00+00:00,0.0788604
2024-09-13 11:00:00+00:00,0.07651775
2024-09-13 12:00:00+00:00,0.0704043
2024-09-13 13:00:00+00:00,0.065456575
2024-09-13 14:00:00+00:00,0.0759407
2024-09-13 15:00:00+00:00,0.12134267500000001
2024-09-13 16:00:00+00:00,0.18670675
2024-09-13 17:00:00+00:00,0.264871
2024-09-13 18:00:00+00:00,0.3208455
2024-09-13 19:00:00+00:00,0.336961
2024-09-13 20:00:00+00:00,0.33851475
2024-09-13 21:00:00+00:00,0.31977125
2024-09-13 22:00:00+00:00,0.30746049999999997
2024-09-13 23:00:00+00:00,0.3184575
2024-09-14 00:00:00+00:00,0.32142275000000003
2024-09-14 01:00:00+00:00,0.31198575
2024-09-14 02:00:00+00:00,0.30628974999999997
2024-09-14 03:00:00+00:00,0.29270325
2024-09-14 04:00:00+00:00,0.31149425000000003
2024-09-14 05:00:00+00:00,0.314509
2024-09-14 06:00:00+00:00,0.2315525
2024-09-14 07:00:00+00:00,0.135556
2024-09-14 08:00:00+00:00,0.073688275
2024-09-14 09:00:00+00:00,0.0544166
2024-09-14 10:00:00+00:00,0.05206812500000001
2024-09-14 11:00:00+00:00,0.0502996
2024-09-14 12:00:00+00:00,0.056369
2024-09-14 13:00:00+00:00,0.056594475
2024-09-14 14:00:00+00:00,0.07074915
2024-09-14 15:00:00+00:00,0.102823
2024-09-14 16:00:00+00:00,0.19272999999999998
2024-09-14 17:00:00+00:00,0.27864825000000004
2024-09-14 18:00:00+00:00,0.312498
2024-09-14 19:00:00+00:00,0.308179
2024-09-14 20:00:00+00:00,0.29601049999999995
2024-09-14 21:00:00+00:00,0.2653795
2024-09-14 22:00:00+00:00,0.23578575
2024-09-14 23:00:00+00:00,0.20830049999999997
2024-09-15 00:00:00+00:00,0.21173475000000003
2024-09-15 01:00:00+00:00,0.22171625
2024-09-15 02:00:00+00:00,0.2304575
2024-09-15 03:00:00+00:00,0.23516749999999997
2024-09-15 04:00:00+00:00,0.25177550000000004
2024-09-15 05:00:00+00:00,0.26431075
2024-09-15 06:00:00+00:00,0.1945465
2024-09-15 07:00:00+00:00,0.10864689999999999
2024-09-15 08:00:00+00:00,0.074428525
2024-09-15 09:00:00+00:00,0.057952924999999995
2024-09-15 10:00:00+00:00,0.058203775
2024-09-15 11:00:00+00:00,0.067240625
2024-09-15 12:00:00+00:00,0.0688721
2024-09-15 13:00:00+00:00,0.073010175
2024-09-15 14:00:00+00:00,0.090489725
2024-09-15 15:00:00+00:00,0.14866500000000002
2024-09-15 16:00:00+00:00,0.22740675
2024-09-15 17:00:00+00:00,0.2931995
2024-09-15 18:00:00+00:00,0.3231475
2024-09-15 19:00:00+00:00,0.33038225
2024-09-15 20:00:00+00:00,0.34966900000000006
2024-09-15 21:00:00+00:00,0.3545145
2024-09-15 22:00:00+00:00,0.3564535
2024-09-15 23:00:00+00:00,0.366229
2024-09-16 00:00:00+00:00,0.37479825
2024-09-16 01:00:00+00:00,0.37302199999999996
2024-09-16 02:00:00+00:00,0.3742865
2024-09-16 03:00:00+00:00,0.3793005
2024-09-16 04:00:00+00:00,0.37746375
2024-09-16 05:00:00+00:00,0.36564549999999996
2024-09-16 06:00:00+00:00,0.31431000000000003
2024-09-16 07:00:00+00:00,0.2759315
2024-09-16 08:00:00+00:00,0.21835825
2024-09-16 09:00:00+00:00,0.17235825
2024-09-16 10:00:00+00:00,0.13472525
2024-09-16 11:00:00+00:00,0.11982925
2024-09-16 12:00:00+00:00,0.10758899999999999
2024-09-16 13:00:00+00:00,0.0988694
2024-09-16 14:00:00+00:00,0.11489875000000002
2024-09-16 15:00:00+00:00,0.13835175
2024-09-16 16:00:00+00:00,0.1751015
2024-09-16 17:00:00+00:00,0.22691424999999998
2024-09-16 18:00:00+00:00,0.26455799999999996
2024-09-16 19:00:00+00:00,0.2679485
2024-09-16 20:00:00+00:00,0.25640825
2024-09-16 21:00:00+00:00,0.24043599999999998
2024-09-16 22:00:00+00:00,0.23381849999999998
2024-09-16 23:00:00+00:00,0.23884624999999998
2024-09-17 00:00:00+00:00,0.22047375
2024-09-17 01:00:00+00:00,0.21504625000000002
2024-09-17 02:00:00+00:00,0.21629099999999996
2024-09-17 03:00:00+00:00,0.25324475
2024-09-17 04:00:00+00:00,0.2743655
2024-09-17 05:00:00+00:00,0.2741055
2024-09-17 06:00:00+00:00,0.2532905
2024-09-17 07:00:00+00:00,0.19591275
2024-09-17 08:00:00+00:00,0.12157437500000001
2024-09-17 09:00:00+00:00,0.081568125
2024-09-17 10:00:00+00:00,0.06035214999999999
2024-09-17 11:00:00+00:00,0.0511915
2024-09-17 12:00:00+00:00,0.050401875
2024-09-17 13:00:00+00:00,0.05159695
2024-09-17 14:00:00+00:00,0.066223225
2024-09-17 15:00:00+00:00,0.108060625
2024-09-17 16:00:00+00:00,0.17521750000000003
2024-09-17 17:00:00+00:00,0.22378550000000003
2024-09-17 18:00:00+00:00,0.24152575
2024-09-17 19:00:00+00:00,0.235098
2024-09-17 20:00:00+00:00,0.221809
2024-09-17 21:00:00+00:00,0.213791
2024-09-17 22:00:00+00:00,0.22824775
2024-09-17 23:00:00+00:00,0.24567075
2024-09-18 00:00:00+00:00,0.25377724999999995
2024-09-18 01:00:00+00:00,0.2474555
2024-09-18 02:00:00+00:00,0.2514215
2024-09-18 03:00:00+00:00,0.2810425
2024-09-18 04:00:00+00:00,0.300531
2024-09-18 05:00:00+00:00,0.3020295
2024-09-18 06:00:00+00:00,0.283976
2024-09-18 07:00:00+00:00,0.22902375000000003
2024-09-18 08:00:00+00:00,0.15425975
2024-09-18 09:00:00+00:00,0.09848104999999999
2024-09-18 10:00:00+00:00,0.056315225
2024-09-18 11:00:00+00:00,0.046009725
2024-09-18 12:00:00+00:00,0.045753300000000004
2024-09-18 13:00:00+00:00,0.0459554
2024-09-18 14:00:00+00:00,0.05836805
2024-09-18 15:00:00+00:00,0.107564
2024-09-18 16:00:00+00:00,0.16683599999999998
2024-09-18 17:00:00+00:00,0.21302475
2024-09-18 18:00:00+00:00,0.22159825
2024-09-18 19:00:00+00:00,0.2146575
2024-09-18 20:00:00+00:00,0.18593975
2024-09-18 21:00:00+00:00,0.15758575
2024-09-18 22:00:00+00:00,0.1629835
2024-09-18 23:00:00+00:00,0.184066
2024-09-19 00:00:00+00:00,0.21474224999999997
2024-09-19 01:00:00+00:00,0.23415324999999998
2024-09-19 02:00:00+00:00,0.25096450000000003
2024-09-19 03:00:00+00:00,0.27046349999999997
2024-09-19 04:00:00+00:00,0.2909695
2024-09-19 05:00:00+00:00,0.29297825
2024-09-19 06:00:00+00:00,0.25796
2024-09-19 07:00:00+00:00,0.196331
2024-09-19 08:00:00+00:00,0.1271285
2024-09-19 09:00:00+00:00,0.073099775
2024-09-19 10:00:00+00:00,0.0473093
2024-09-19 11:00:00+00:00,0.043451375
2024-09-19 12:00:00+00:00,0.043741775
2024-09-19 13:00:00+00:00,0.04334595
2024-09-19 14:00:00+00:00,0.0607082
2024-09-19 15:00:00+00:00,0.11930107499999999
2024-09-19 16:00:00+00:00,0.189176
2024-09-19 17:00:00+00:00,0.23552800000000002
2024-09-19 18:00:00+00:00,0.24688575000000001
2024-09-19 19:00:00+00:00,0.2303885
2024-09-19 20:00:00+00:00,0.20213225
2024-09-19 21:00:00+00:00,0.18968449999999998
2024-09-19 22:00:00+00:00,0.18679575
2024-09-19 23:00:00+00:00,0.18142325
2024-09-20 00:00:00+00:00,0.17205874999999998
2024-09-20 01:00:00+00:00,0.16255575
2024-09-20 02:00:00+00:00,0.1791835
2024-09-20 03:00:00+00:00,0.21462
2024-09-20 04:00:00+00:00,0.25891549999999997
2024-09-20 05:00:00+00:00,0.2688295
2024-09-20 06:00:00+00:00,0.23550475
2024-09-20 07:00:00+00:00,0.142942
2024-09-20 08:00:00+00:00,0.07510829999999999
2024-09-20 09:00:00+00:00,0.054881525
2024-09-20 10:00:00+00:00,0.045086575000000004
2024-09-20 11:00:00+00:00,0.042823625000000004
2024-09-20 12:00:00+00:00,0.040180574999999996
2024-09-20 13:00:00+00:00,0.042846825
2024-09-20 14:00:00+00:00,0.05857565000000001
2024-09-20 15:00:00+00:00,0.10344745000000001
2024-09-20 16:00:00+00:00,0.179601
2024-09-20 17:00:00+00:00,0.24647925000000004
2024-09-20 18:00:00+00:00,0.26561250000000003
2024-09-20 19:00:00+00:00,0.25249025
2024-09-20 20:00:00+00:00,0.23540325
2024-09-20 21:00:00+00:00,0.22429025
2024-09-20 22:00:00+00:00,0.23636675
2024-09-20 23:00:00+00:00,0.25659875
2024-09-21 00:00:00+00:00,0.28075025
2024-09-21 01:00:00+00:00,0.29301974999999997
2024-09-21 02:00:00+00:00,0.30223975000000003
2024-09-21 03:00:00+00:00,0.30893675
2024-09-21 04:00:00+00:00,0.32137875
2024-09-21 05:00:00+00:00,0.32415275
2024-09-21 06:00:00+00:00,0.25292625
2024-09-21 07:00:00+00:00,0.1272729
2024-09-21 08:00:00+00:00,0.070653775
2024-09-21 09:00:00+00:00,0.0546156
2024-09-21 10:00:00+00:00,0.0515392
2024-09-21 11:00:00+00:00,0.049145825
2024-09-21 12:00:00+00:00,0.049087525
2024-09-21 13:00:00+00:00,0.051849175
2024-09-21 14:00:00+00:00,0.09098965
2024-09-21 15:00:00+00:00,0.18964125
2024-09-21 16:00:00+00:00,0.28830275
2024-09-21 17:00:00+00:00,0.36399975
2024-09-21 18:00:00+00:00,0.37113450000000003
2024-09-21 19:00:00+00:00,0.36590425
2024-09-21 20:00:00+00:00,0.36219250000000003
2024-09-21 21:00:00+00:00,0.35498925
2024-09-21 22:00:00+00:00,0.35242999999999997
2024-09-21 23:00:00+00:00,0.35551375
2024-09-22 00:00:00+00:00,0.36346600000000007
2024-09-22 01:00:00+00:00,0.36978025
2024-09-22 02:00:00+00:00,0.37598200000000004
2024-09-22 03:00:00+00:00,0.3844755
2024-09-22 04:00:00+00:00,0.38300600000000007
2024-09-22 05:00:00+00:00,0.378242
2024-09-22 06:00:00+00:00,0.27597849999999996
2024-09-22 07:00:00+00:00,0.1432115
2024-09-22 08:00:00+00:00,0.09194825000000001
2024-09-22 09:00:00+00:00,0.069848825
2024-09-22 10:00:00+00:00,0.062513675
2024-09-22 11:00:00+00:00,0.058768925
2024-09-22 12:00:00+00:00,0.0661419
2024-09-22 13:00:00+00:00,0.09205372499999999
2024-09-22 14:00:00+00:00,0.15490325
2024-09-22 15:00:00+00:00,0.25101249999999997
2024-09-22 16:00:00+00:00,0.32013975
2024-09-22 17:00:00+00:00,0.35319475000000006
2024-09-22 18:00:00+00:00,0.36610374999999995
2024-09-22 19:00:00+00:00,0.37074625
2024-09-22 20:00:00+00:00,0.36849600000000005
2024-09-22 21:00:00+00:00,0.36465625
2024-09-22 22:00:00+00:00,0.34336475000000005
2024-09-22 23:00:00+00:00,0.33930325
2024-09-23 00:00:00+00:00,0.372934
2024-09-23 01:00:00+00:00,0.36971075
2024-09-23 02:00:00+00:00,0.354267
2024-09-23 03:00:00+00:00,0.34801625
2024-09-23 04:00:00+00:00,0.35995499999999997
2024-09-23 05:00:00+00:00,0.35663825
2024-09-23 06:00:00+00:00,0.33717850000000005
2024-09-23 07:00:00+00:00,0.2805475
2024-09-23 08:00:00+00:00,0.210332
2024-09-23 09:00:00+00:00,0.15592825
2024-09-23 10:00:00+00:00,0.12571100000000002
2024-09-23 11:00:00+00:00,0.1168165
2024-09-23 12:00:00+00:00,0.12042749999999999
2024-09-23 13:00:00+00:00,0.1338605
2024-09-23 14:00:00+00:00,0.1979515
2024-09-23 15:00:00+00:00,0.24958325
2024-09-23 16:00:00+00:00,0.30290325
2024-09-23 17:00:00+00:00,0.36623825000000004
2024-09-23 18:00:00+00:00,0.38312749999999995
2024-09-23 19:00:00+00:00,0.37311275
2024-09-23 20:00:00+00:00,0.3806225
2024-09-23 21:00:00+00:00,0.38113624999999995
2024-09-23 22:00:00+00:00,0.36467525
2024-09-23 23:00:00+00:00,0.35231474999999995
2024-09-24 00:00:00+00:00,0.33384725000000004
2024-09-24 01:00:00+00:00,0.31778300000000004
2024-09-24 02:00:00+00:00,0.31678325
2024-09-24 03:00:00+00:00,0.33235325
2024-09-24 04:00:00+00:00,0.34466575
2024-09-24 05:00:00+00:00,0.3384375
2024-09-24 06:00:00+00:00,0.31553825
2024-09-24 07:00:00+00:00,0.261229
2024-09-24 08:00:00+00:00,0.19730125
2024-09-24 09:00:00+00:00,0.154476
2024-09-24 10:00:00+00:00,0.13715899999999998
2024-09-24 11:00:00+00:00,0.1061877
2024-09-24 12:00:00+00:00,0.0972701
2024-09-24 13:00:00+00:00,0.1205225
2024-09-24 14:00:00+00:00,0.16369424999999999
2024-09-24 15:00:00+00:00,0.2156285
2024-09-24 16:00:00+00:00,0.24923674999999998
2024-09-24 17:00:00+00:00,0.27777450000000004
2024-09-24 18:00:00+00:00,0.27882325
2024-09-24 19:00:00+00:00,0.27154225
2024-09-24 20:00:00+00:00,0.23866025
2024-09-24 21:00:00+00:00,0.22250225
2024-09-24 22:00:00+00:00,0.186914
2024-09-24 23:00:00+00:00,0.16899325
2024-09-25 00:00:00+00:00,0.163965
2024-09-25 01:00:00+00:00,0.164912
2024-09-25 02:00:00+00:00,0.18430475000000002
2024-09-25 03:00:00+00:00,0.19874399999999998
2024-09-25 04:00:00+00:00,0.22727075000000002
2024-09-25 05:00:00+00:00,0.25836275
2024-09-25 06:00:00+00:00,0.25872049999999996
2024-09-25 07:00:00+00:00,0.24819799999999997
2024-09-25 08:00:00+00:00,0.2391665
2024-09-25 09:00:00+00:00,0.21040199999999998
2024-09-25 10:00:00+00:00,0.18653650000000002
2024-09-25 11:00:00+00:00,0.15981025
2024-09-25 12:00:00+00:00,0.15602775
2024-09-25 13:00:00+00:00,0.182016
2024-09-25 14:00:00+00:00,0.2252795
2024-09-25 15:00:00+00:00,0.29376875
2024-09-25 16:00:00+00:00,0.3387115
2024-09-25 17:00:00+00:00,0.37244924999999995
2024-09-25 18:00:00+00:00,0.36777400000000005
2024-09-25 19:00:00+00:00,0.3352055
2024-09-25 20:00:00+00:00,0.30318175
2024-09-25 21:00:00+00:00,0.26796
2024-09-25 22:00:00+00:00,0.23866574999999998
2024-09-25 23:00:00+00:00,0.21974799999999997
2024-09-26 00:00:00+00:00,0.1941535
2024-09-26 01:00:00+00:00,0.187558
2024-09-26 02:00:00+00:00,0.16980699999999999
2024-09-26 03:00:00+00:00,0.177889
2024-09-26 04:00:00+00:00,0.185807
2024-09-26 05:00:00+00:00,0.17959974999999997
2024-09-26 06:00:00+00:00,0.15583550000000002
2024-09-26 07:00:00+00:00,0.1027558
2024-09-26 08:00:00+00:00,0.069340675
2024-09-26 09:00:00+00:00,0.060752075
2024-09-26 10:00:00+00:00,0.06161080000000001
2024-09-26 11:00:00+00:00,0.053187775
2024-09-26 12:00:00+00:00,0.052937200000000004
2024-09-26 13:00:00+00:00,0.055954149999999994
2024-09-26 14:00:00+00:00,0.07701759999999999
2024-09-26 15:00:00+00:00,0.12337332499999998
2024-09-26 16:00:00+00:00,0.1723595
2024-09-26 17:00:00+00:00,0.19131025000000002
2024-09-26 18:00:00+00:00,0.160443
2024-09-26 19:00:00+00:00,0.12178549999999999
2024-09-26 20:00:00+00:00,0.0957295
2024-09-26 21:00:00+00:00,0.08402680000000001
2024-09-26 22:00:00+00:00,0.055789775
2024-09-26 23:00:00+00:00,0.050011925
2024-09-27 00:00:00+00:00,0.04953175
2024-09-27 01:00:00+00:00,0.051039025
2024-09-27 02:00:00+00:00,0.05127475
2024-09-27 03:00:00+00:00,0.05193955
2024-09-27 04:00:00+00:00,0.053245574999999996
2024-09-27 05:00:00+00:00,0.05701247499999999
2024-09-27 06:00:00+00:00,0.0524892
2024-09-27 07:00:00+00:00,0.0446554
2024-09-27 08:00:00+00:00,0.042497825
2024-09-27 09:00:00+00:00,0.042074375
2024-09-27 10:00:00+00:00,0.0435763
2024-09-27 11:00:00+00:00,0.04711535
2024-09-27 12:00:00+00:00,0.055792675
2024-09-27 13:00:00+00:00,0.0671835
2024-09-27 14:00:00+00:00,0.07000622499999999
2024-09-27 15:00:00+00:00,0.070188925
2024-09-27 16:00:00+00:00,0.067364625
2024-09-27 17:00:00+00:00,0.072683575
2024-09-27 18:00:00+00:00,0.0659312
2024-09-27 19:00:00+00:00,0.0586677
2024-09-27 20:00:00+00:00,0.060846875
2024-09-27 21:00:00+00:00,0.06421207500000001
2024-09-27 22:00:00+00:00,0.069573875
2024-09-27 23:00:00+00:00,0.07472665
2024-09-28 00:00:00+00:00,0.0807823
2024-09-28 01:00:00+00:00,0.082345975
2024-09-28 02:00:00+00:00,0.086489075
2024-09-28 03:00:00+00:00,0.08583937500000001
2024-09-28 04:00:00+00:00,0.093622075
2024-09-28 05:00:00+00:00,0.10196375
2024-09-28 06:00:00+00:00,0.0931665
2024-09-28 07:00:00+00:00,0.07005535
2024-09-28 08:00:00+00:00,0.05510735
2024-09-28 09:00:00+00:00,0.045690575000000004
2024-09-28 10:00:00+00:00,0.042142
2024-09-28 11:00:00+00:00,0.04349865
2024-09-28 12:00:00+00:00,0.04126095
2024-09-28 13:00:00+00:00,0.042295925
2024-09-28 14:00:00+00:00,0.05575825
2024-09-28 15:00:00+00:00,0.086595325
2024-09-28 16:00:00+00:00,0.16202974999999997
2024-09-28 17:00:00+00:00,0.244502
2024-09-28 18:00:00+00:00,0.26690175000000005
2024-09-28 19:00:00+00:00,0.26924675
2024-09-28 20:00:00+00:00,0.26815724999999996
2024-09-28 21:00:00+00:00,0.2681855
2024-09-28 22:00:00+00:00,0.25522124999999996
2024-09-28 23:00:00+00:00,0.25412975
2024-09-29 00:00:00+00:00,0.24532225
2024-09-29 01:00:00+00:00,0.25166675
2024-09-29 02:00:00+00:00,0.26386
2024-09-29 03:00:00+00:00,0.2505045
2024-09-29 04:00:00+00:00,0.2435815
2024-09-29 05:00:00+00:00,0.23512925
2024-09-29 06:00:00+00:00,0.18106125
2024-09-29 07:00:00+00:00,0.09215405
2024-09-29 08:00:00+00:00,0.056786025000000004
2024-09-29 09:00:00+00:00,0.04792925
2024-09-29 10:00:00+00:00,0.045461375
2024-09-29 11:00:00+00:00,0.0469683
2024-09-29 12:00:00+00:00,0.054442525000000005
2024-09-29 13:00:00+00:00,0.060351425
2024-09-29 14:00:00+00:00,0.087505325
2024-09-29 15:00:00+00:00,0.1502585
2024-09-29 16:00:00+00:00,0.1797375
2024-09-29 17:00:00+00:00,0.19133025
2024-09-29 18:00:00+00:00,0.170814
2024-09-29 19:00:00+00:00,0.12609975
2024-09-29 20:00:00+00:00,0.09542152500000001
2024-09-29 21:00:00+00:00,0.086912525
2024-09-29 22:00:00+00:00,0.079588375
2024-09-29 23:00:00+00:00,0.07383400000000001
2024-09-30 00:00:00+00:00,0.071695925
2024-09-30 01:00:00+00:00,0.07130739999999999
2024-09-30 02:00:00+00:00,0.071103325
2024-09-30 03:00:00+00:00,0.07190474999999999
2024-09-30 04:00:00+00:00,0.074470075
2024-09-30 05:00:00+00:00,0.07726904999999999
2024-09-30 06:00:00+00:00,0.06711165
2024-09-30 07:00:00+00:00,0.056031875
2024-09-30 08:00:00+00:00,0.04833995
2024-09-30 09:00:00+00:00,0.043589050000000004
2024-09-30 10:00:00+00:00,0.046784099999999995
2024-09-30 11:00:00+00:00,0.0500118
2024-09-30 12:00:00+00:00,0.053613475
2024-09-30 13:00:00+00:00,0.060829775
2024-09-30 14:00:00+00:00,0.05868295
2024-09-30 15:00:00+00:00,0.064700775
2024-09-30 16:00:00+00:00,0.06731657499999999
2024-09-30 17:00:00+00:00,0.06595822500000001
2024-09-30 18:00:00+00:00,0.06323225
2024-09-30 19:00:00+00:00,0.06353255
2024-09-30 20:00:00+00:00,0.06722592499999999
2024-09-30 21:00:00+00:00,0.072405825
2024-09-30 22:00:00+00:00,0.0751556
2024-09-30 23:00:00+00:00,0.07994625
2024-10-01 00:00:00+00:00,0.0778714
2024-10-01 01:00:00+00:00,0.08035487499999999
2024-10-01 02:00:00+00:00,0.087799525
2024-10-01 03:00:00+00:00,0.099628675
2024-10-01 04:00:00+00:00,0.1204115
2024-10-01 05:00:00+00:00,0.14303975000000002
2024-10-01 06:00:00+00:00,0.14453125
2024-10-01 07:00:00+00:00,0.133404
2024-10-01 08:00:00+00:00,0.11368075
2024-10-01 09:00:00+00:00,0.107957
2024-10-01 10:00:00+00:00,0.101524
2024-10-01 11:00:00+00:00,0.11375450000000001
2024-10-01 12:00:00+00:00,0.11703275
2024-10-01 13:00:00+00:00,0.13398549999999998
2024-10-01 14:00:00+00:00,0.16278925
2024-10-01 15:00:00+00:00,0.20733675
2024-10-01 16:00:00+00:00,0.25625
2024-10-01 17:00:00+00:00,0.29861125
2024-10-01 18:00:00+00:00,0.32708000000000004
2024-10-01 19:00:00+00:00,0.3358445
2024-10-01 20:00:00+00:00,0.34603925
2024-10-01 21:00:00+00:00,0.34944025
2024-10-01 22:00:00+00:00,0.328366
2024-10-01 23:00:00+00:00,0.31305925
2024-10-02 00:00:00+00:00,0.3034555
2024-10-02 01:00:00+00:00,0.29452849999999997
2024-10-02 02:00:00+00:00,0.27870875
2024-10-02 03:00:00+00:00,0.272364
2024-10-02 04:00:00+00:00,0.285514
2024-10-02 05:00:00+00:00,0.27365625
2024-10-02 06:00:00+00:00,0.26537025000000003
2024-10-02 07:00:00+00:00,0.24341925
2024-10-02 08:00:00+00:00,0.21606
2024-10-02 09:00:00+00:00,0.17663225
2024-10-02 10:00:00+00:00,0.1568825
2024-10-02 11:00:00+00:00,0.16331325
2024-10-02 12:00:00+00:00,0.163787
2024-10-02 13:00:00+00:00,0.16106874999999998
2024-10-02 14:00:00+00:00,0.1768035
2024-10-02 15:00:00+00:00,0.2174995
2024-10-02 16:00:00+00:00,0.23536125000000002
2024-10-02 17:00:00+00:00,0.25147699999999995
2024-10-02 18:00:00+00:00,0.2535625
2024-10-02 19:00:00+00:00,0.23991225
2024-10-02 20:00:00+00:00,0.2217215
2024-10-02 21:00:00+00:00,0.2009695
2024-10-02 22:00:00+00:00,0.18708425
2024-10-02 23:00:00+00:00,0.18322
2024-10-03 00:00:00+00:00,0.1942435
2024-10-03 01:00:00+00:00,0.21577025
2024-10-03 02:00:00+00:00,0.23795624999999998
2024-10-03 03:00:00+00:00,0.26539425
2024-10-03 04:00:00+00:00,0.29660675
2024-10-03 05:00:00+00:00,0.3157905
2024-10-03 06:00:00+00:00,0.30365949999999997
2024-10-03 07:00:00+00:00,0.20977874999999999
2024-10-03 08:00:00+00:00,0.1178079
2024-10-03 09:00:00+00:00,0.07425895
2024-10-03 10:00:00+00:00,0.06040865000000001
2024-10-03 11:00:00+00:00,0.064335925
2024-10-03 12:00:00+00:00,0.06948675
2024-10-03 13:00:00+00:00,0.074868175
2024-10-03 14:00:00+00:00,0.10339835
2024-10-03 15:00:00+00:00,0.15925775
2024-10-03 16:00:00+00:00,0.24376949999999997
2024-10-03 17:00:00+00:00,0.306505
2024-10-03 18:00:00+00:00,0.325467
2024-10-03 19:00:00+00:00,0.32693
2024-10-03 20:00:00+00:00,0.32435
2024-10-03 21:00:00+00:00,0.32314950000000003
2024-10-03 22:00:00+00:00,0.33692924999999996
2024-10-03 23:00:00+00:00,0.3387905
2024-10-04 00:00:00+00:00,0.344458
2024-10-04 01:00:00+00:00,0.35906375
2024-10-04 02:00:00+00:00,0.37069775000000005
2024-10-04 03:00:00+00:00,0.37402475
2024-10-04 04:00:00+00:00,0.378383
2024-10-04 05:00:00+00:00,0.37740475
2024-10-04 06:00:00+00:00,0.35243425
2024-10-04 07:00:00+00:00,0.267762
2024-10-04 08:00:00+00:00,0.1997445
2024-10-04 09:00:00+00:00,0.13333
2024-10-04 10:00:00+00:00,0.09383475
2024-10-04 11:00:00+00:00,0.08147922499999999
2024-10-04 12:00:00+00:00,0.08836245
2024-10-04 13:00:00+00:00,0.11828650000000002
2024-10-04 14:00:00+00:00,0.17644475
2024-10-04 15:00:00+00:00,0.25287649999999995
2024-10-04 16:00:00+00:00,0.31553525
2024-10-04 17:00:00+00:00,0.38218050000000003
2024-10-04 18:00:00+00:00,0.38596199999999997
2024-10-04 19:00:00+00:00,0.38506525
2024-10-04 20:00:00+00:00,0.37975575
2024-10-04 21:00:00+00:00,0.37531175
2024-10-04 22:00:00+00:00,0.369384
2024-10-04 23:00:00+00:00,0.3664125
2024-10-05 00:00:00+00:00,0.35866699999999996
2024-10-05 01:00:00+00:00,0.345706
2024-10-05 02:00:00+00:00,0.35554024999999995
2024-10-05 03:00:00+00:00,0.36694725000000006
2024-10-05 04:00:00+00:00,0.37948775
2024-10-05 05:00:00+00:00,0.37960150000000004
2024-10-05 06:00:00+00:00,0.348979
2024-10-05 07:00:00+00:00,0.23749775
2024-10-05 08:00:00+00:00,0.14803925
2024-10-05 09:00:00+00:00,0.09745145
2024-10-05 10:00:00+00:00,0.07500404999999999
2024-10-05 11:00:00+00:00,0.06956205000000001
2024-10-05 12:00:00+00:00,0.07222510000000001
2024-10-05 13:00:00+00:00,0.08660380000000001
2024-10-05 14:00:00+00:00,0.12611224999999998
2024-10-05 15:00:00+00:00,0.20791025
2024-10-05 16:00:00+00:00,0.2998445
2024-10-05 17:00:00+00:00,0.336101
2024-10-05 18:00:00+00:00,0.31829799999999997
2024-10-05 19:00:00+00:00,0.29425675
2024-10-05 20:00:00+00:00,0.26371174999999997
2024-10-05 21:00:00+00:00,0.22359774999999998
2024-10-05 22:00:00+00:00,0.18798
2024-10-05 23:00:00+00:00,0.169684
2024-10-06 00:00:00+00:00,0.17198225
2024-10-06 01:00:00+00:00,0.1862625
2024-10-06 02:00:00+00:00,0.18022325
2024-10-06 03:00:00+00:00,0.16611825
2024-10-06 04:00:00+00:00,0.15294875
2024-10-06 05:00:00+00:00,0.15591424999999998
2024-10-06 06:00:00+00:00,0.1458235
2024-10-06 07:00:00+00:00,0.10986292500000001
2024-10-06 08:00:00+00:00,0.078440175
2024-10-06 09:00:00+00:00,0.0621628
2024-10-06 10:00:00+00:00,0.058983675
2024-10-06 11:00:00+00:00,0.051297775
2024-10-06 12:00:00+00:00,0.05055315
2024-10-06 13:00:00+00:00,0.051569225
2024-10-06 14:00:00+00:00,0.06233375000000001
2024-10-06 15:00:00+00:00,0.09034235
2024-10-06 16:00:00+00:00,0.1421295
2024-10-06 17:00:00+00:00,0.17783074999999998
2024-10-06 18:00:00+00:00,0.17145700000000003
2024-10-06 19:00:00+00:00,0.15153424999999998
2024-10-06 20:00:00+00:00,0.14275025
2024-10-06 21:00:00+00:00,0.13759475
2024-10-06 22:00:00+00:00,0.13746025
2024-10-06 23:00:00+00:00,0.1258565
2024-10-07 00:00:00+00:00,0.11660424999999999
2024-10-07 01:00:00+00:00,0.11367975
2024-10-07 02:00:00+00:00,0.11552074999999999
2024-10-07 03:00:00+00:00,0.12131
2024-10-07 04:00:00+00:00,0.13307875
2024-10-07 05:00:00+00:00,0.15150575
2024-10-07 06:00:00+00:00,0.16575700000000002
2024-10-07 07:00:00+00:00,0.126655
2024-10-07 08:00:00+00:00,0.08303134999999999
2024-10-07 09:00:00+00:00,0.06485225
2024-10-07 10:00:00+00:00,0.05978535
2024-10-07 11:00:00+00:00,0.0671942
2024-10-07 12:00:00+00:00,0.075244125
2024-10-07 13:00:00+00:00,0.0937608
2024-10-07 14:00:00+00:00,0.15144075
2024-10-07 15:00:00+00:00,0.258591
2024-10-07 16:00:00+00:00,0.33830175
2024-10-07 17:00:00+00:00,0.35550625
2024-10-07 18:00:00+00:00,0.357968
2024-10-07 19:00:00+00:00,0.35052225000000004
2024-10-07 20:00:00+00:00,0.33606125000000003
2024-10-07 21:00:00+00:00,0.31985675
2024-10-07 22:00:00+00:00,0.3099995
2024-10-07 23:00:00+00:00,0.26664775
2024-10-08 00:00:00+00:00,0.232454
2024-10-08 01:00:00+00:00,0.224808
2024-10-08 02:00:00+00:00,0.212963
2024-10-08 03:00:00+00:00,0.210147
2024-10-08 04:00:00+00:00,0.22526525000000003
2024-10-08 05:00:00+00:00,0.24211324999999997
2024-10-08 06:00:00+00:00,0.22677550000000002
2024-10-08 07:00:00+00:00,0.18703
2024-10-08 08:00:00+00:00,0.1322805
2024-10-08 09:00:00+00:00,0.0952881
2024-10-08 10:00:00+00:00,0.084697175
2024-10-08 11:00:00+00:00,0.091083975
2024-10-08 12:00:00+00:00,0.101947425
2024-10-08 13:00:00+00:00,0.1336435
2024-10-08 14:00:00+00:00,0.18914825000000002
2024-10-08 15:00:00+00:00,0.24196725
2024-10-08 16:00:00+00:00,0.2891775
2024-10-08 17:00:00+00:00,0.3273785
2024-10-08 18:00:00+00:00,0.299176
2024-10-08 19:00:00+00:00,0.25305049999999996
2024-10-08 20:00:00+00:00,0.20829525
2024-10-08 21:00:00+00:00,0.18888675
2024-10-08 22:00:00+00:00,0.172236
2024-10-08 23:00:00+00:00,0.1532065
2024-10-09 00:00:00+00:00,0.14114
2024-10-09 01:00:00+00:00,0.138158
2024-10-09 02:00:00+00:00,0.13731025000000002
2024-10-09 03:00:00+00:00,0.13822875
2024-10-09 04:00:00+00:00,0.15391649999999998
2024-10-09 05:00:00+00:00,0.17791475
2024-10-09 06:00:00+00:00,0.18394125
2024-10-09 07:00:00+00:00,0.1491025
2024-10-09 08:00:00+00:00,0.11213175
2024-10-09 09:00:00+00:00,0.09429114999999999
2024-10-09 10:00:00+00:00,0.1014262
2024-10-09 11:00:00+00:00,0.11452325
2024-10-09 12:00:00+00:00,0.1466835
2024-10-09 13:00:00+00:00,0.1942075
2024-10-09 14:00:00+00:00,0.25784925000000003
2024-10-09 15:00:00+00:00,0.316692
2024-10-09 16:00:00+00:00,0.34615199999999996
2024-10-09 17:00:00+00:00,0.36543950000000003
2024-10-09 18:00:00+00:00,0.37558225
2024-10-09 19:00:00+00:00,0.3834125
2024-10-09 20:00:00+00:00,0.37957
2024-10-09 21:00:00+00:00,0.3454385
2024-10-09 22:00:00+00:00,0.303674
2024-10-09 23:00:00+00:00,0.2643665
2024-10-10 00:00:00+00:00,0.23301974999999997
2024-10-10 01:00:00+00:00,0.201416
2024-10-10 02:00:00+00:00,0.161014
2024-10-10 03:00:00+00:00,0.134884
2024-10-10 04:00:00+00:00,0.12495299999999998
2024-10-10 05:00:00+00:00,0.12685425
2024-10-10 06:00:00+00:00,0.12003325
2024-10-10 07:00:00+00:00,0.10557119999999999
2024-10-10 08:00:00+00:00,0.088331725
2024-10-10 09:00:00+00:00,0.074551975
2024-10-10 10:00:00+00:00,0.068856125
2024-10-10 11:00:00+00:00,0.07030955
2024-10-10 12:00:00+00:00,0.07923815
2024-10-10 13:00:00+00:00,0.098666325
2024-10-10 14:00:00+00:00,0.12768325
2024-10-10 15:00:00+00:00,0.19499075
2024-10-10 16:00:00+00:00,0.26646375
2024-10-10 17:00:00+00:00,0.27744399999999997
2024-10-10 18:00:00+00:00,0.27801975
2024-10-10 19:00:00+00:00,0.2777495
2024-10-10 20:00:00+00:00,0.27423725
2024-10-10 21:00:00+00:00,0.2627095
2024-10-10 22:00:00+00:00,0.24761875
2024-10-10 23:00:00+00:00,0.24436225
2024-10-11 00:00:00+00:00,0.23766924999999997
2024-10-11 01:00:00+00:00,0.2504755
2024-10-11 02:00:00+00:00,0.28067225
2024-10-11 03:00:00+00:00,0.29181725
2024-10-11 04:00:00+00:00,0.3123455
2024-10-11 05:00:00+00:00,0.32589875
2024-10-11 06:00:00+00:00,0.3212085
2024-10-11 07:00:00+00:00,0.25403624999999996
2024-10-11 08:00:00+00:00,0.160239
2024-10-11 09:00:00+00:00,0.103092475
2024-10-11 10:00:00+00:00,0.079493175
2024-10-11 11:00:00+00:00,0.0985243
2024-10-11 12:00:00+00:00,0.10582174999999999
2024-10-11 13:00:00+00:00,0.124714
2024-10-11 14:00:00+00:00,0.1693225
2024-10-11 15:00:00+00:00,0.23553825
2024-10-11 16:00:00+00:00,0.30386325
2024-10-11 17:00:00+00:00,0.35274225
2024-10-11 18:00:00+00:00,0.3544055
2024-10-11 19:00:00+00:00,0.35437925000000003
2024-10-11 20:00:00+00:00,0.347307
2024-10-11 21:00:00+00:00,0.32790375
2024-10-11 22:00:00+00:00,0.29779700000000003
2024-10-11 23:00:00+00:00,0.27810825
2024-10-12 00:00:00+00:00,0.26814499999999997
2024-10-12 01:00:00+00:00,0.25441650000000005
2024-10-12 02:00:00+00:00,0.249193
2024-10-12 03:00:00+00:00,0.236322
2024-10-12 04:00:00+00:00,0.25631800000000005
2024-10-12 05:00:00+00:00,0.27333925
2024-10-12 06:00:00+00:00,0.27698525
2024-10-12 07:00:00+00:00,0.237946
2024-10-12 08:00:00+00:00,0.18539
2024-10-12 09:00:00+00:00,0.13262075
2024-10-12 10:00:00+00:00,0.118572
2024-10-12 11:00:00+00:00,0.12028249999999999
2024-10-12 12:00:00+00:00,0.12391325
2024-10-12 13:00:00+00:00,0.134704
2024-10-12 14:00:00+00:00,0.13512675
2024-10-12 15:00:00+00:00,0.157426
2024-10-12 16:00:00+00:00,0.15904475
2024-10-12 17:00:00+00:00,0.13900675
2024-10-12 18:00:00+00:00,0.11652225000000001
2024-10-12 19:00:00+00:00,0.107877
2024-10-12 20:00:00+00:00,0.10276712499999999
2024-10-12 21:00:00+00:00,0.09671172500000001
2024-10-12 22:00:00+00:00,0.099536975
2024-10-12 23:00:00+00:00,0.106176
2024-10-13 00:00:00+00:00,0.106233
2024-10-13 01:00:00+00:00,0.103872
2024-10-13 02:00:00+00:00,0.102691
2024-10-13 03:00:00+00:00,0.0963883
2024-10-13 04:00:00+00:00,0.10049772500000001
2024-10-13 05:00:00+00:00,0.098400525
2024-10-13 06:00:00+00:00,0.1042555
2024-10-13 07:00:00+00:00,0.098113075
2024-10-13 08:00:00+00:00,0.084435325
2024-10-13 09:00:00+00:00,0.06694125000000001
2024-10-13 10:00:00+00:00,0.06599902499999999
2024-10-13 11:00:00+00:00,0.06752425000000001
2024-10-13 12:00:00+00:00,0.07038845
2024-10-13 13:00:00+00:00,0.08419395
2024-10-13 14:00:00+00:00,0.11266375000000001
2024-10-13 15:00:00+00:00,0.19557275
2024-10-13 16:00:00+00:00,0.2867775
2024-10-13 17:00:00+00:00,0.323482
2024-10-13 18:00:00+00:00,0.332426
2024-10-13 19:00:00+00:00,0.3408725
2024-10-13 20:00:00+00:00,0.34514175
2024-10-13 21:00:00+00:00,0.35394074999999997
2024-10-13 22:00:00+00:00,0.36084325000000006
2024-10-13 23:00:00+00:00,0.3662035
2024-10-14 00:00:00+00:00,0.37216875000000005
2024-10-14 01:00:00+00:00,0.3686435
2024-10-14 02:00:00+00:00,0.35729275
2024-10-14 03:00:00+00:00,0.35115175
2024-10-14 04:00:00+00:00,0.35220375000000004
2024-10-14 05:00:00+00:00,0.35959375000000005
2024-10-14 06:00:00+00:00,0.3620705
2024-10-14 07:00:00+00:00,0.3374735
2024-10-14 08:00:00+00:00,0.31395375000000003
2024-10-14 09:00:00+00:00,0.29680975
2024-10-14 10:00:00+00:00,0.27785525
2024-10-14 11:00:00+00:00,0.27308374999999996
2024-10-14 12:00:00+00:00,0.28696225000000003
2024-10-14 13:00:00+00:00,0.25529025
2024-10-14 14:00:00+00:00,0.23847849999999998
2024-10-14 15:00:00+00:00,0.272247
2024-10-14 16:00:00+00:00,0.3480175
2024-10-14 17:00:00+00:00,0.36791749999999995
2024-10-14 18:00:00+00:00,0.36350075000000004
2024-10-14 19:00:00+00:00,0.359192
2024-10-14 20:00:00+00:00,0.36291175
2024-10-14 21:00:00+00:00,0.36663625
2024-10-14 22:00:00+00:00,0.35536799999999996
2024-10-14 23:00:00+00:00,0.33838999999999997
2024-10-15 00:00:00+00:00,0.30977075000000004
2024-10-15 01:00:00+00:00,0.301906
2024-10-15 02:00:00+00:00,0.301923
2024-10-15 03:00:00+00:00,0.2968815
2024-10-15 04:00:00+00:00,0.30631325
2024-10-15 05:00:00+00:00,0.3113875
2024-10-15 06:00:00+00:00,0.303847
2024-10-15 07:00:00+00:00,0.25060525
2024-10-15 08:00:00+00:00,0.1915965
2024-10-15 09:00:00+00:00,0.1411425
2024-10-15 10:00:00+00:00,0.104022525
2024-10-15 11:00:00+00:00,0.094526225
2024-10-15 12:00:00+00:00,0.09344975
2024-10-15 13:00:00+00:00,0.10581475
2024-10-15 14:00:00+00:00,0.133666
2024-10-15 15:00:00+00:00,0.1903105
2024-10-15 16:00:00+00:00,0.22858625
2024-10-15 17:00:00+00:00,0.21561
2024-10-15 18:00:00+00:00,0.18502775000000002
2024-10-15 19:00:00+00:00,0.16489
2024-10-15 20:00:00+00:00,0.13933299999999998
2024-10-15 21:00:00+00:00,0.126983
2024-10-15 22:00:00+00:00,0.11014199999999999
2024-10-15 23:00:00+00:00,0.10542750000000001
2024-10-16 00:00:00+00:00,0.10335549999999999
2024-10-16 01:00:00+00:00,0.1046315
2024-10-16 02:00:00+00:00,0.10505250000000001
2024-10-16 03:00:00+00:00,0.10347825
2024-10-16 04:00:00+00:00,0.10958599999999999
2024-10-16 05:00:00+00:00,0.13149824999999998
2024-10-16 06:00:00+00:00,0.13519225
2024-10-16 07:00:00+00:00,0.1150465
2024-10-16 08:00:00+00:00,0.098925925
2024-10-16 09:00:00+00:00,0.08996335
2024-10-16 10:00:00+00:00,0.086580075
2024-10-16 11:00:00+00:00,0.0807389
2024-10-16 12:00:00+00:00,0.083552125
2024-10-16 13:00:00+00:00,0.091477
2024-10-16 14:00:00+00:00,0.11519825
2024-10-16 15:00:00+00:00,0.15063474999999998
2024-10-16 16:00:00+00:00,0.1702085
2024-10-16 17:00:00+00:00,0.164973
2024-10-16 18:00:00+00:00,0.13443225
2024-10-16 19:00:00+00:00,0.1158585
2024-10-16 20:00:00+00:00,0.10896075000000001
2024-10-16 21:00:00+00:00,0.1079075
2024-10-16 22:00:00+00:00,0.10862575
2024-10-16 23:00:00+00:00,0.11558125000000001
2024-10-17 00:00:00+00:00,0.1216765
2024-10-17 01:00:00+00:00,0.14189249999999998
2024-10-17 02:00:00+00:00,0.15672575
2024-10-17 03:00:00+00:00,0.168663
2024-10-17 04:00:00+00:00,0.20066625
2024-10-17 05:00:00+00:00,0.22248625
2024-10-17 06:00:00+00:00,0.2355165
2024-10-17 07:00:00+00:00,0.23632525
2024-10-17 08:00:00+00:00,0.20707149999999996
2024-10-17 09:00:00+00:00,0.16573699999999997
2024-10-17 10:00:00+00:00,0.154657
2024-10-17 11:00:00+00:00,0.16832275
2024-10-17 12:00:00+00:00,0.18901725
2024-10-17 13:00:00+00:00,0.21608525
2024-10-17 14:00:00+00:00,0.2658535
2024-10-17 15:00:00+00:00,0.31790225000000005
2024-10-17 16:00:00+00:00,0.35773825
2024-10-17 17:00:00+00:00,0.379537
2024-10-17 18:00:00+00:00,0.38593299999999997
2024-10-17 19:00:00+00:00,0.3887745
2024-10-17 20:00:00+00:00,0.38640975
2024-10-17 21:00:00+00:00,0.38330574999999995
2024-10-17 22:00:00+00:00,0.38886374999999995
2024-10-17 23:00:00+00:00,0.390116
2024-10-18 00:00:00+00:00,0.39050225
2024-10-18 01:00:00+00:00,0.39040375000000005
2024-10-18 02:00:00+00:00,0.39150725
2024-10-18 03:00:00+00:00,0.38691149999999996
2024-10-18 04:00:00+00:00,0.38348175
2024-10-18 05:00:00+00:00,0.38081425
2024-10-18 06:00:00+00:00,0.37778
2024-10-18 07:00:00+00:00,0.35247125
2024-10-18 08:00:00+00:00,0.3235755
2024-10-18 09:00:00+00:00,0.2866845
2024-10-18 10:00:00+00:00,0.24463775
2024-10-18 11:00:00+00:00,0.22520524999999997
2024-10-18 12:00:00+00:00,0.25000575
2024-10-18 13:00:00+00:00,0.28153675
2024-10-18 14:00:00+00:00,0.31765800000000005
2024-10-18 15:00:00+00:00,0.34395275000000003
2024-10-18 16:00:00+00:00,0.3821945
2024-10-18 17:00:00+00:00,0.390101
2024-10-18 18:00:00+00:00,0.3900215
2024-10-18 19:00:00+00:00,0.39089275
2024-10-18 20:00:00+00:00,0.38924875000000003
2024-10-18 21:00:00+00:00,0.38040875
2024-10-18 22:00:00+00:00,0.3804485
2024-10-18 23:00:00+00:00,0.3752285
2024-10-19 00:00:00+00:00,0.36788025
2024-10-19 01:00:00+00:00,0.3650815
2024-10-19 02:00:00+00:00,0.36599800000000005
2024-10-19 03:00:00+00:00,0.37350675000000005
2024-10-19 04:00:00+00:00,0.3639987499999999
2024-10-19 05:00:00+00:00,0.36135400000000006
2024-10-19 06:00:00+00:00,0.34718475
2024-10-19 07:00:00+00:00,0.31927075
2024-10-19 08:00:00+00:00,0.2700895
2024-10-19 09:00:00+00:00,0.218687
2024-10-19 10:00:00+00:00,0.17130175
2024-10-19 11:00:00+00:00,0.17622100000000002
2024-10-19 12:00:00+00:00,0.18110725
2024-10-19 13:00:00+00:00,0.1830015
2024-10-19 14:00:00+00:00,0.212179
2024-10-19 15:00:00+00:00,0.24887725
2024-10-19 16:00:00+00:00,0.26094075
2024-10-19 17:00:00+00:00,0.26767399999999997
2024-10-19 18:00:00+00:00,0.24849999999999997
2024-10-19 19:00:00+00:00,0.22272575
2024-10-19 20:00:00+00:00,0.22980224999999999
2024-10-19 21:00:00+00:00,0.23022875
2024-10-19 22:00:00+00:00,0.20701375
2024-10-19 23:00:00+00:00,0.19813699999999998
2024-10-20 00:00:00+00:00,0.2247715
2024-10-20 01:00:00+00:00,0.25364525000000004
2024-10-20 02:00:00+00:00,0.258821
2024-10-20 03:00:00+00:00,0.235011
2024-10-20 04:00:00+00:00,0.21616675000000002
2024-10-20 05:00:00+00:00,0.20645249999999998
2024-10-20 06:00:00+00:00,0.1808765
2024-10-20 07:00:00+00:00,0.140847
2024-10-20 08:00:00+00:00,0.104200775
2024-10-20 09:00:00+00:00,0.08430535
2024-10-20 10:00:00+00:00,0.072894925
2024-10-20 11:00:00+00:00,0.059782275
2024-10-20 12:00:00+00:00,0.056661625
2024-10-20 13:00:00+00:00,0.06391632500000001
2024-10-20 14:00:00+00:00,0.071567575
2024-10-20 15:00:00+00:00,0.08155735
2024-10-20 16:00:00+00:00,0.083402975
2024-10-20 17:00:00+00:00,0.08137602499999999
2024-10-20 18:00:00+00:00,0.080853075
2024-10-20 19:00:00+00:00,0.08907309999999999
2024-10-20 20:00:00+00:00,0.090124775
2024-10-20 21:00:00+00:00,0.08750245000000001
2024-10-20 22:00:00+00:00,0.090936925
2024-10-20 23:00:00+00:00,0.093661725
2024-10-21 00:00:00+00:00,0.097696125
2024-10-21 01:00:00+00:00,0.1002299
2024-10-21 02:00:00+00:00,0.10392625000000001
2024-10-21 03:00:00+00:00,0.11632624999999999
2024-10-21 04:00:00+00:00,0.14200374999999998
2024-10-21 05:00:00+00:00,0.18699275
2024-10-21 06:00:00+00:00,0.2202345
2024-10-21 07:00:00+00:00,0.21850750000000002
2024-10-21 08:00:00+00:00,0.20793799999999998
2024-10-21 09:00:00+00:00,0.20880549999999998
2024-10-21 10:00:00+00:00,0.2031645
2024-10-21 11:00:00+00:00,0.1989995
2024-10-21 12:00:00+00:00,0.21068474999999998
2024-10-21 13:00:00+00:00,0.24841525
2024-10-21 14:00:00+00:00,0.300829
2024-10-21 15:00:00+00:00,0.34766250000000004
2024-10-21 16:00:00+00:00,0.37670275000000003
2024-10-21 17:00:00+00:00,0.38580549999999997
2024-10-21 18:00:00+00:00,0.39007674999999997
2024-10-21 19:00:00+00:00,0.392051
2024-10-21 20:00:00+00:00,0.38900874999999996
2024-10-21 21:00:00+00:00,0.37617599999999995
2024-10-21 22:00:00+00:00,0.3603565
2024-10-21 23:00:00+00:00,0.36525874999999997
2024-10-22 00:00:00+00:00,0.36804475000000003
2024-10-22 01:00:00+00:00,0.36713125
2024-10-22 02:00:00+00:00,0.34241025
2024-10-22 03:00:00+00:00,0.34079175000000006
2024-10-22 04:00:00+00:00,0.33572975000000005
2024-10-22 05:00:00+00:00,0.33131425000000003
2024-10-22 06:00:00+00:00,0.31792200000000004
2024-10-22 07:00:00+00:00,0.2730085
2024-10-22 08:00:00+00:00,0.18360725
2024-10-22 09:00:00+00:00,0.12353850000000001
2024-10-22 10:00:00+00:00,0.0971696
2024-10-22 11:00:00+00:00,0.085613575
2024-10-22 12:00:00+00:00,0.090644325
2024-10-22 13:00:00+00:00,0.1141555
2024-10-22 14:00:00+00:00,0.17467824999999998
2024-10-22 15:00:00+00:00,0.246062
2024-10-22 16:00:00+00:00,0.3093445
2024-10-22 17:00:00+00:00,0.3360215
2024-10-22 18:00:00+00:00,0.34749599999999997
2024-10-22 19:00:00+00:00,0.35990050000000007
2024-10-22 20:00:00+00:00,0.36759074999999997
2024-10-22 21:00:00+00:00,0.37551999999999996
2024-10-22 22:00:00+00:00,0.39779925000000005
2024-10-22 23:00:00+00:00,0.40995249999999994
2024-10-23 00:00:00+00:00,0.41228325
2024-10-23 01:00:00+00:00,0.41640475
2024-10-23 02:00:00+00:00,0.41376775
2024-10-23 03:00:00+00:00,0.40572050000000004
2024-10-23 04:00:00+00:00,0.397142
2024-10-23 05:00:00+00:00,0.39035325000000004
2024-10-23 06:00:00+00:00,0.38061575
2024-10-23 07:00:00+00:00,0.35200325
2024-10-23 08:00:00+00:00,0.3016775
2024-10-23 09:00:00+00:00,0.25173850000000003
2024-10-23 10:00:00+00:00,0.2244815
2024-10-23 11:00:00+00:00,0.20935775
2024-10-23 12:00:00+00:00,0.214778
2024-10-23 13:00:00+00:00,0.2571025
2024-10-23 14:00:00+00:00,0.293968
2024-10-23 15:00:00+00:00,0.33041525000000005
2024-10-23 16:00:00+00:00,0.376984
2024-10-23 17:00:00+00:00,0.3854355
2024-10-23 18:00:00+00:00,0.38654374999999996
2024-10-23 19:00:00+00:00,0.38504175
2024-10-23 20:00:00+00:00,0.37490475
2024-10-23 21:00:00+00:00,0.3491685
2024-10-23 22:00:00+00:00,0.321689
2024-10-23 23:00:00+00:00,0.30284774999999997
2024-10-24 00:00:00+00:00,0.2797145
2024-10-24 01:00:00+00:00,0.26787374999999997
2024-10-24 02:00:00+00:00,0.29894000000000004
2024-10-24 03:00:00+00:00,0.33658475
2024-10-24 04:00:00+00:00,0.3525625
2024-10-24 05:00:00+00:00,0.36212774999999997
2024-10-24 06:00:00+00:00,0.3576005
2024-10-24 07:00:00+00:00,0.317138
2024-10-24 08:00:00+00:00,0.23022674999999998
2024-10-24 09:00:00+00:00,0.16552775
2024-10-24 10:00:00+00:00,0.13543675
2024-10-24 11:00:00+00:00,0.1345155
2024-10-24 12:00:00+00:00,0.13634425
2024-10-24 13:00:00+00:00,0.15713025
2024-10-24 14:00:00+00:00,0.19979425
2024-10-24 15:00:00+00:00,0.2644785
2024-10-24 16:00:00+00:00,0.318587
2024-10-24 17:00:00+00:00,0.32187550000000004
2024-10-24 18:00:00+00:00,0.3173615
2024-10-24 19:00:00+00:00,0.31335325
2024-10-24 20:00:00+00:00,0.32726
2024-10-24 21:00:00+00:00,0.33646774999999995
2024-10-24 22:00:00+00:00,0.35997875
2024-10-24 23:00:00+00:00,0.366584
2024-10-25 00:00:00+00:00,0.34710075
2024-10-25 01:00:00+00:00,0.34351925000000005
2024-10-25 02:00:00+00:00,0.36608450000000003
2024-10-25 03:00:00+00:00,0.3763155
2024-10-25 04:00:00+00:00,0.375181
2024-10-25 05:00:00+00:00,0.37287424999999996
2024-10-25 06:00:00+00:00,0.37232899999999997
2024-10-25 07:00:00+00:00,0.34058374999999996
2024-10-25 08:00:00+00:00,0.27199724999999997
2024-10-25 09:00:00+00:00,0.21019949999999998
2024-10-25 10:00:00+00:00,0.1753435
2024-10-25 11:00:00+00:00,0.15522325
2024-10-25 12:00:00+00:00,0.164916
2024-10-25 13:00:00+00:00,0.20134449999999998
2024-10-25 14:00:00+00:00,0.258801
2024-10-25 15:00:00+00:00,0.31672849999999997
2024-10-25 16:00:00+00:00,0.378467
2024-10-25 17:00:00+00:00,0.38050575000000003
2024-10-25 18:00:00+00:00,0.39187299999999997
2024-10-25 19:00:00+00:00,0.3940245
2024-10-25 20:00:00+00:00,0.39553975
2024-10-25 21:00:00+00:00,0.38782674999999994
2024-10-25 22:00:00+00:00,0.39522324999999997
2024-10-25 23:00:00+00:00,0.40180075000000004
2024-10-26 00:00:00+00:00,0.40268349999999997
2024-10-26 01:00:00+00:00,0.40222850000000004
2024-10-26 02:00:00+00:00,0.4045345
2024-10-26 03:00:00+00:00,0.40370849999999997
2024-10-26 04:00:00+00:00,0.40023025
2024-10-26 05:00:00+00:00,0.39938399999999996
2024-10-26 06:00:00+00:00,0.39698275
2024-10-26 07:00:00+00:00,0.366801
2024-10-26 08:00:00+00:00,0.27212575
2024-10-26 09:00:00+00:00,0.17090625
2024-10-26 10:00:00+00:00,0.11828750000000002
2024-10-26 11:00:00+00:00,0.1066165
2024-10-26 12:00:00+00:00,0.11235275
2024-10-26 13:00:00+00:00,0.15651925
2024-10-26 14:00:00+00:00,0.24409799999999998
2024-10-26 15:00:00+00:00,0.33817875000000003
2024-10-26 16:00:00+00:00,0.38521375
2024-10-26 17:00:00+00:00,0.38730224999999996
2024-10-26 18:00:00+00:00,0.377761
2024-10-26 19:00:00+00:00,0.37491599999999997
2024-10-26 20:00:00+00:00,0.37289225000000004
2024-10-26 21:00:00+00:00,0.36487575
2024-10-26 22:00:00+00:00,0.34602925
2024-10-26 23:00:00+00:00,0.32061825
2024-10-27 00:00:00+00:00,0.31650775
2024-10-27 01:00:00+00:00,0.285707
2024-10-27 02:00:00+00:00,0.27603575
2024-10-27 03:00:00+00:00,0.282551
2024-10-27 04:00:00+00:00,0.2965
2024-10-27 05:00:00+00:00,0.328388
2024-10-27 06:00:00+00:00,0.32926875
2024-10-27 07:00:00+00:00,0.30624575
2024-10-27 08:00:00+00:00,0.20698475
2024-10-27 09:00:00+00:00,0.1259045
2024-10-27 10:00:00+00:00,0.09469395000000001
2024-10-27 11:00:00+00:00,0.096922875
2024-10-27 12:00:00+00:00,0.09866965
2024-10-27 13:00:00+00:00,0.1174055
2024-10-27 14:00:00+00:00,0.1920785
2024-10-27 15:00:00+00:00,0.29403
2024-10-27 16:00:00+00:00,0.38120375
2024-10-27 17:00:00+00:00,0.3957405
2024-10-27 18:00:00+00:00,0.39973125
2024-10-27 19:00:00+00:00,0.39480974999999996
2024-10-27 20:00:00+00:00,0.3758295
2024-10-27 21:00:00+00:00,0.356444
2024-10-27 22:00:00+00:00,0.328563
2024-10-27 23:00:00+00:00,0.29909525
2024-10-28 00:00:00+00:00,0.25447975
2024-10-28 01:00:00+00:00,0.21615425
2024-10-28 02:00:00+00:00,0.18362825
2024-10-28 03:00:00+00:00,0.1795205
2024-10-28 04:00:00+00:00,0.18464799999999998
2024-10-28 05:00:00+00:00,0.18856675
2024-10-28 06:00:00+00:00,0.189737
2024-10-28 07:00:00+00:00,0.179286
2024-10-28 08:00:00+00:00,0.15355275
2024-10-28 09:00:00+00:00,0.12996874999999997
2024-10-28 10:00:00+00:00,0.127784
2024-10-28 11:00:00+00:00,0.12650725
2024-10-28 12:00:00+00:00,0.13174950000000002
2024-10-28 13:00:00+00:00,0.147727
2024-10-28 14:00:00+00:00,0.18084499999999998
2024-10-28 15:00:00+00:00,0.21247775
2024-10-28 16:00:00+00:00,0.24345299999999997
2024-10-28 17:00:00+00:00,0.25518525
2024-10-28 18:00:00+00:00,0.26270925
2024-10-28 19:00:00+00:00,0.26653075000000004
2024-10-28 20:00:00+00:00,0.26791075
2024-10-28 21:00:00+00:00,0.26848025
2024-10-28 22:00:00+00:00,0.26630925000000005
2024-10-28 23:00:00+00:00,0.27365725
2024-10-29 00:00:00+00:00,0.29009425
2024-10-29 01:00:00+00:00,0.2935765
2024-10-29 02:00:00+00:00,0.290647
2024-10-29 03:00:00+00:00,0.30228374999999996
2024-10-29 04:00:00+00:00,0.31965350000000003
2024-10-29 05:00:00+00:00,0.33130625
2024-10-29 06:00:00+00:00,0.3371075
2024-10-29 07:00:00+00:00,0.3356595
2024-10-29 08:00:00+00:00,0.32395874999999996
2024-10-29 09:00:00+00:00,0.308311
2024-10-29 10:00:00+00:00,0.2913205
2024-10-29 11:00:00+00:00,0.28745725
2024-10-29 12:00:00+00:00,0.29836050000000003
2024-10-29 13:00:00+00:00,0.31243125
2024-10-29 14:00:00+00:00,0.331688
2024-10-29 15:00:00+00:00,0.3636965
2024-10-29 16:00:00+00:00,0.376073
2024-10-29 17:00:00+00:00,0.37617425
2024-10-29 18:00:00+00:00,0.38212799999999997
2024-10-29 19:00:00+00:00,0.383819
2024-10-29 20:00:00+00:00,0.3863895
2024-10-29 21:00:00+00:00,0.3882415
2024-10-29 22:00:00+00:00,0.39090275
2024-10-29 23:00:00+00:00,0.38968
2024-10-30 00:00:00+00:00,0.38202725
2024-10-30 01:00:00+00:00,0.38472975
2024-10-30 02:00:00+00:00,0.38934975
2024-10-30 03:00:00+00:00,0.3925605
2024-10-30 04:00:00+00:00,0.39033650000000003
2024-10-30 05:00:00+00:00,0.39010425
2024-10-30 06:00:00+00:00,0.39244025
2024-10-30 07:00:00+00:00,0.38149625000000004
2024-10-30 08:00:00+00:00,0.3494595
2024-10-30 09:00:00+00:00,0.32249125
2024-10-30 10:00:00+00:00,0.29862425
2024-10-30 11:00:00+00:00,0.30084525
2024-10-30 12:00:00+00:00,0.30754425
2024-10-30 13:00:00+00:00,0.33883325000000003
2024-10-30 14:00:00+00:00,0.35302300000000003
2024-10-30 15:00:00+00:00,0.37284375
2024-10-30 16:00:00+00:00,0.39206175
2024-10-30 17:00:00+00:00,0.39408550000000003
2024-10-30 18:00:00+00:00,0.39525475
2024-10-30 19:00:00+00:00,0.39549625
2024-10-30 20:00:00+00:00,0.39629250000000005
2024-10-30 21:00:00+00:00,0.39665275
2024-10-30 22:00:00+00:00,0.3981705
2024-10-30 23:00:00+00:00,0.39671449999999997
2024-10-31 00:00:00+00:00,0.3921665
2024-10-31 01:00:00+00:00,0.39200875
2024-10-31 02:00:00+00:00,0.39034650000000004
2024-10-31 03:00:00+00:00,0.3824115
2024-10-31 04:00:00+00:00,0.3772335
2024-10-31 05:00:00+00:00,0.371513
2024-10-31 06:00:00+00:00,0.367017
2024-10-31 07:00:00+00:00,0.35926650000000004
2024-10-31 08:00:00+00:00,0.33074675
2024-10-31 09:00:00+00:00,0.29726025
2024-10-31 10:00:00+00:00,0.26893075
2024-10-31 11:00:00+00:00,0.253278
2024-10-31 12:00:00+00:00,0.25200775
2024-10-31 13:00:00+00:00,0.25949825
2024-10-31 14:00:00+00:00,0.2753035
2024-10-31 15:00:00+00:00,0.30712125
2024-10-31 16:00:00+00:00,0.32807625
2024-10-31 17:00:00+00:00,0.32762274999999996
2024-10-31 18:00:00+00:00,0.32891375
2024-10-31 19:00:00+00:00,0.32952375
2024-10-31 20:00:00+00:00,0.32703825
2024-10-31 21:00:00+00:00,0.3240325
2024-10-31 22:00:00+00:00,0.313647
2024-10-31 23:00:00+00:00,0.30783425000000003
2024-11-01 00:00:00+00:00,0.2904185
2024-11-01 01:00:00+00:00,0.28499575
2024-11-01 02:00:00+00:00,0.28275
2024-11-01 03:00:00+00:00,0.27203550000000004
2024-11-01 04:00:00+00:00,0.2657325
2024-11-01 05:00:00+00:00,0.26087625000000003
2024-11-01 06:00:00+00:00,0.264278
2024-11-01 07:00:00+00:00,0.264328
2024-11-01 08:00:00+00:00,0.25244425000000004
2024-11-01 09:00:00+00:00,0.24519950000000001
2024-11-01 10:00:00+00:00,0.23845075
2024-11-01 11:00:00+00:00,0.2340035
2024-11-01 12:00:00+00:00,0.23643250000000002
2024-11-01 13:00:00+00:00,0.261963
2024-11-01 14:00:00+00:00,0.28780925
2024-11-01 15:00:00+00:00,0.31001725
2024-11-01 16:00:00+00:00,0.3248495
2024-11-01 17:00:00+00:00,0.33893025000000004
2024-11-01 18:00:00+00:00,0.34448475
2024-11-01 19:00:00+00:00,0.35223525
2024-11-01 20:00:00+00:00,0.34737125
2024-11-01 21:00:00+00:00,0.348171
2024-11-01 22:00:00+00:00,0.3426605
2024-11-01 23:00:00+00:00,0.33427775
2024-11-02 00:00:00+00:00,0.3251245
2024-11-02 01:00:00+00:00,0.31140500000000004
2024-11-02 02:00:00+00:00,0.29496925
2024-11-02 03:00:00+00:00,0.3015825
2024-11-02 04:00:00+00:00,0.31090525
2024-11-02 05:00:00+00:00,0.31605825
2024-11-02 06:00:00+00:00,0.3191265
2024-11-02 07:00:00+00:00,0.29764875
2024-11-02 08:00:00+00:00,0.2535015
2024-11-02 09:00:00+00:00,0.206225
2024-11-02 10:00:00+00:00,0.18736475
2024-11-02 11:00:00+00:00,0.2001905
2024-11-02 12:00:00+00:00,0.20323249999999998
2024-11-02 13:00:00+00:00,0.2209845
2024-11-02 14:00:00+00:00,0.274769
2024-11-02 15:00:00+00:00,0.32087225
2024-11-02 16:00:00+00:00,0.35408725
2024-11-02 17:00:00+00:00,0.35161375
2024-11-02 18:00:00+00:00,0.346572
2024-11-02 19:00:00+00:00,0.3462305
2024-11-02 20:00:00+00:00,0.35387225
2024-11-02 21:00:00+00:00,0.3617295
2024-11-02 22:00:00+00:00,0.36280049999999997
2024-11-02 23:00:00+00:00,0.35419975
2024-11-03 00:00:00+00:00,0.34942524999999997
2024-11-03 01:00:00+00:00,0.35231049999999997
2024-11-03 02:00:00+00:00,0.35785475
2024-11-03 03:00:00+00:00,0.362295
2024-11-03 04:00:00+00:00,0.36316649999999995
2024-11-03 05:00:00+00:00,0.363074
2024-11-03 06:00:00+00:00,0.36316475
2024-11-03 07:00:00+00:00,0.32191525000000004
2024-11-03 08:00:00+00:00,0.21076299999999998
2024-11-03 09:00:00+00:00,0.15081175
2024-11-03 10:00:00+00:00,0.11970925
2024-11-03 11:00:00+00:00,0.112111
2024-11-03 12:00:00+00:00,0.11647550000000001
2024-11-03 13:00:00+00:00,0.14210499999999998
2024-11-03 14:00:00+00:00,0.215719
2024-11-03 15:00:00+00:00,0.31942400000000004
2024-11-03 16:00:00+00:00,0.374837
2024-11-03 17:00:00+00:00,0.3751875
2024-11-03 18:00:00+00:00,0.372653
2024-11-03 19:00:00+00:00,0.36881749999999996
2024-11-03 20:00:00+00:00,0.368124
2024-11-03 21:00:00+00:00,0.36784174999999997
2024-11-03 22:00:00+00:00,0.3659055
2024-11-03 23:00:00+00:00,0.36496300000000004
2024-11-04 00:00:00+00:00,0.3623225
2024-11-04 01:00:00+00:00,0.36536175
2024-11-04 02:00:00+00:00,0.36819325
2024-11-04 03:00:00+00:00,0.36859725
2024-11-04 04:00:00+00:00,0.36704625
2024-11-04 05:00:00+00:00,0.36255775
2024-11-04 06:00:00+00:00,0.35785500000000003
2024-11-04 07:00:00+00:00,0.3372665
2024-11-04 08:00:00+00:00,0.28541275
2024-11-04 09:00:00+00:00,0.24689149999999999
2024-11-04 10:00:00+00:00,0.22046624999999997
2024-11-04 11:00:00+00:00,0.2108175
2024-11-04 12:00:00+00:00,0.2156235
2024-11-04 13:00:00+00:00,0.232325
2024-11-04 14:00:00+00:00,0.25555
2024-11-04 15:00:00+00:00,0.30213775
2024-11-04 16:00:00+00:00,0.3350055
2024-11-04 17:00:00+00:00,0.3295605
2024-11-04 18:00:00+00:00,0.32360725
2024-11-04 19:00:00+00:00,0.32022174999999997
2024-11-04 20:00:00+00:00,0.32401975
2024-11-04 21:00:00+00:00,0.323701
2024-11-04 22:00:00+00:00,0.32763175
2024-11-04 23:00:00+00:00,0.33289799999999997
2024-11-05 00:00:00+00:00,0.33761699999999994
2024-11-05 01:00:00+00:00,0.3457522499999999
2024-11-05 02:00:00+00:00,0.35113775
2024-11-05 03:00:00+00:00,0.35633574999999995
2024-11-05 04:00:00+00:00,0.35874274999999994
2024-11-05 05:00:00+00:00,0.3576325
2024-11-05 06:00:00+00:00,0.355817
2024-11-05 07:00:00+00:00,0.34805975000000006
2024-11-05 08:00:00+00:00,0.30206925
2024-11-05 09:00:00+00:00,0.263118
2024-11-05 10:00:00+00:00,0.23642775
2024-11-05 11:00:00+00:00,0.23192175
2024-11-05 12:00:00+00:00,0.23289849999999998
2024-11-05 13:00:00+00:00,0.256563
2024-11-05 14:00:00+00:00,0.29237825
2024-11-05 15:00:00+00:00,0.35213475
2024-11-05 16:00:00+00:00,0.37773450000000003
2024-11-05 17:00:00+00:00,0.37912450000000003
2024-11-05 18:00:00+00:00,0.37953574999999995
2024-11-05 19:00:00+00:00,0.38084525
2024-11-05 20:00:00+00:00,0.3816745
2024-11-05 21:00:00+00:00,0.38229775
2024-11-05 22:00:00+00:00,0.38319875
2024-11-05 23:00:00+00:00,0.38358949999999997
2024-11-06 00:00:00+00:00,0.38414825
2024-11-06 01:00:00+00:00,0.38412124999999997
2024-11-06 02:00:00+00:00,0.383423
2024-11-06 03:00:00+00:00,0.38200275
2024-11-06 04:00:00+00:00,0.38043525
2024-11-06 05:00:00+00:00,0.3786845
2024-11-06 06:00:00+00:00,0.37828825
2024-11-06 07:00:00+00:00,0.37616125
2024-11-06 08:00:00+00:00,0.36237925
2024-11-06 09:00:00+00:00,0.35023899999999997
2024-11-06 10:00:00+00:00,0.34124625
2024-11-06 11:00:00+00:00,0.33580275
2024-11-06 12:00:00+00:00,0.33553299999999997
2024-11-06 13:00:00+00:00,0.34454250000000003
2024-11-06 14:00:00+00:00,0.35558725
2024-11-06 15:00:00+00:00,0.37398425
2024-11-06 16:00:00+00:00,0.380495
2024-11-06 17:00:00+00:00,0.3808585
2024-11-06 18:00:00+00:00,0.38087275
2024-11-06 19:00:00+00:00,0.3810075
2024-11-06 20:00:00+00:00,0.38196275
2024-11-06 21:00:00+00:00,0.38130225000000006
2024-11-06 22:00:00+00:00,0.38153475
2024-11-06 23:00:00+00:00,0.37969050000000004
2024-11-07 00:00:00+00:00,0.37998849999999995
2024-11-07 01:00:00+00:00,0.38127425000000004
2024-11-07 02:00:00+00:00,0.38170725
2024-11-07 03:00:00+00:00,0.38171525000000006
2024-11-07 04:00:00+00:00,0.3795675
2024-11-07 05:00:00+00:00,0.37314949999999997
2024-11-07 06:00:00+00:00,0.36411325
2024-11-07 07:00:00+00:00,0.35473775
2024-11-07 08:00:00+00:00,0.341468
2024-11-07 09:00:00+00:00,0.32990600000000003
2024-11-07 10:00:00+00:00,0.32463925000000005
2024-11-07 11:00:00+00:00,0.3263245
2024-11-07 12:00:00+00:00,0.33031475
2024-11-07 13:00:00+00:00,0.3376195
2024-11-07 14:00:00+00:00,0.34729775
2024-11-07 15:00:00+00:00,0.35356425
2024-11-07 16:00:00+00:00,0.35166500000000006
2024-11-07 17:00:00+00:00,0.35007124999999994
2024-11-07 18:00:00+00:00,0.34542575
2024-11-07 19:00:00+00:00,0.33761825
2024-11-07 20:00:00+00:00,0.3309035
2024-11-07 21:00:00+00:00,0.329807
2024-11-07 22:00:00+00:00,0.3314785
2024-11-07 23:00:00+00:00,0.32692750000000004
2024-11-08 00:00:00+00:00,0.33246074999999997
2024-11-08 01:00:00+00:00,0.33378425
2024-11-08 02:00:00+00:00,0.3377795
2024-11-08 03:00:00+00:00,0.33630425
2024-11-08 04:00:00+00:00,0.33239975
2024-11-08 05:00:00+00:00,0.33076525
2024-11-08 06:00:00+00:00,0.333592
2024-11-08 07:00:00+00:00,0.33209
2024-11-08 08:00:00+00:00,0.32642925
2024-11-08 09:00:00+00:00,0.31810375
2024-11-08 10:00:00+00:00,0.31389325
2024-11-08 11:00:00+00:00,0.31327649999999996
2024-11-08 12:00:00+00:00,0.31710925
2024-11-08 13:00:00+00:00,0.3168025
2024-11-08 14:00:00+00:00,0.31932675
2024-11-08 15:00:00+00:00,0.32322425
2024-11-08 16:00:00+00:00,0.3277855
2024-11-08 17:00:00+00:00,0.33340475
2024-11-08 18:00:00+00:00,0.344352
2024-11-08 19:00:00+00:00,0.353952
2024-11-08 20:00:00+00:00,0.36077275
2024-11-08 21:00:00+00:00,0.36266225
2024-11-08 22:00:00+00:00,0.36343925
2024-11-08 23:00:00+00:00,0.3632565
2024-11-09 00:00:00+00:00,0.36393200000000003
2024-11-09 01:00:00+00:00,0.36550425
2024-11-09 02:00:00+00:00,0.36523325
2024-11-09 03:00:00+00:00,0.36455225
2024-11-09 04:00:00+00:00,0.36772425
2024-11-09 05:00:00+00:00,0.37228625
2024-11-09 06:00:00+00:00,0.37326025
2024-11-09 07:00:00+00:00,0.3713975
2024-11-09 08:00:00+00:00,0.3623675
2024-11-09 09:00:00+00:00,0.3525685
2024-11-09 10:00:00+00:00,0.34575775
2024-11-09 11:00:00+00:00,0.34273825
2024-11-09 12:00:00+00:00,0.34533775
2024-11-09 13:00:00+00:00,0.35102825000000004
2024-11-09 14:00:00+00:00,0.359694
2024-11-09 15:00:00+00:00,0.368591
2024-11-09 16:00:00+00:00,0.36974975
2024-11-09 17:00:00+00:00,0.36716375
2024-11-09 18:00:00+00:00,0.36506150000000004
2024-11-09 19:00:00+00:00,0.36417374999999996
2024-11-09 20:00:00+00:00,0.3651995
2024-11-09 21:00:00+00:00,0.363597
2024-11-09 22:00:00+00:00,0.3599195
2024-11-09 23:00:00+00:00,0.35154825
2024-11-10 00:00:00+00:00,0.348406
2024-11-10 01:00:00+00:00,0.351817
2024-11-10 02:00:00+00:00,0.35473625
2024-11-10 03:00:00+00:00,0.353886
2024-11-10 04:00:00+00:00,0.352758
2024-11-10 05:00:00+00:00,0.35476325
2024-11-10 06:00:00+00:00,0.35958225
2024-11-10 07:00:00+00:00,0.3570575
2024-11-10 08:00:00+00:00,0.33884375
2024-11-10 09:00:00+00:00,0.31965475
2024-11-10 10:00:00+00:00,0.30923375
2024-11-10 11:00:00+00:00,0.30729825
2024-11-10 12:00:00+00:00,0.309251
2024-11-10 13:00:00+00:00,0.31960775
2024-11-10 14:00:00+00:00,0.336727
2024-11-10 15:00:00+00:00,0.36112825
2024-11-10 16:00:00+00:00,0.36920749999999997
2024-11-10 17:00:00+00:00,0.37020175
2024-11-10 18:00:00+00:00,0.36830074999999995
2024-11-10 19:00:00+00:00,0.367348
2024-11-10 20:00:00+00:00,0.36803625
2024-11-10 21:00:00+00:00,0.3639095
2024-11-10 22:00:00+00:00,0.3489775
2024-11-10 23:00:00+00:00,0.33402224999999997
2024-11-11 00:00:00+00:00,0.32013425
2024-11-11 01:00:00+00:00,0.30496975000000004
2024-11-11 02:00:00+00:00,0.29568275
2024-11-11 03:00:00+00:00,0.26765925
2024-11-11 04:00:00+00:00,0.24357625
2024-11-11 05:00:00+00:00,0.25015425
2024-11-11 06:00:00+00:00,0.25901275
2024-11-11 07:00:00+00:00,0.2618115
2024-11-11 08:00:00+00:00,0.22856025
2024-11-11 09:00:00+00:00,0.17802625
2024-11-11 10:00:00+00:00,0.15719624999999998
2024-11-11 11:00:00+00:00,0.1453165
2024-11-11 12:00:00+00:00,0.15409525
2024-11-11 13:00:00+00:00,0.1806865
2024-11-11 14:00:00+00:00,0.19438975
2024-11-11 15:00:00+00:00,0.215684
2024-11-11 16:00:00+00:00,0.22028425000000001
2024-11-11 17:00:00+00:00,0.22317499999999998
2024-11-11 18:00:00+00:00,0.22433825000000002
2024-11-11 19:00:00+00:00,0.22522875
2024-11-11 20:00:00+00:00,0.22171825
2024-11-11 21:00:00+00:00,0.214806
2024-11-11 22:00:00+00:00,0.210149
2024-11-11 23:00:00+00:00,0.21900975000000003
2024-11-12 00:00:00+00:00,0.21975225
2024-11-12 01:00:00+00:00,0.22222575000000003
2024-11-12 02:00:00+00:00,0.228792
2024-11-12 03:00:00+00:00,0.23601
2024-11-12 04:00:00+00:00,0.2493115
2024-11-12 05:00:00+00:00,0.26659375
2024-11-12 06:00:00+00:00,0.27650175
2024-11-12 07:00:00+00:00,0.2780295
2024-11-12 08:00:00+00:00,0.259399
2024-11-12 09:00:00+00:00,0.23857025000000004
2024-11-12 10:00:00+00:00,0.21877775
2024-11-12 11:00:00+00:00,0.2210325
2024-11-12 12:00:00+00:00,0.23677399999999998
2024-11-12 13:00:00+00:00,0.2503215
2024-11-12 14:00:00+00:00,0.26884624999999995
2024-11-12 15:00:00+00:00,0.302481
2024-11-12 16:00:00+00:00,0.3266485
2024-11-12 17:00:00+00:00,0.332787
2024-11-12 18:00:00+00:00,0.3377220000000001
2024-11-12 19:00:00+00:00,0.34511349999999996
2024-11-12 20:00:00+00:00,0.35513325
2024-11-12 21:00:00+00:00,0.36236725000000003
2024-11-12 22:00:00+00:00,0.3674835
2024-11-12 23:00:00+00:00,0.37424225
2024-11-13 00:00:00+00:00,0.37660525
2024-11-13 01:00:00+00:00,0.380266
2024-11-13 02:00:00+00:00,0.38122075
2024-11-13 03:00:00+00:00,0.37945175
2024-11-13 04:00:00+00:00,0.37857475
2024-11-13 05:00:00+00:00,0.37528625
2024-11-13 06:00:00+00:00,0.36959274999999997
2024-11-13 07:00:00+00:00,0.36410475
2024-11-13 08:00:00+00:00,0.33768149999999997
2024-11-13 09:00:00+00:00,0.32060825000000004
2024-11-13 10:00:00+00:00,0.3026
2024-11-13 11:00:00+00:00,0.29249400000000003
2024-11-13 12:00:00+00:00,0.288171
2024-11-13 13:00:00+00:00,0.29050825
2024-11-13 14:00:00+00:00,0.30990850000000003
2024-11-13 15:00:00+00:00,0.33160049999999996
2024-11-13 16:00:00+00:00,0.3452905
2024-11-13 17:00:00+00:00,0.3491985
2024-11-13 18:00:00+00:00,0.34558425
2024-11-13 19:00:00+00:00,0.34244725
2024-11-13 20:00:00+00:00,0.3413665
2024-11-13 21:00:00+00:00,0.34276324999999996
2024-11-13 22:00:00+00:00,0.337475
2024-11-13 23:00:00+00:00,0.33447475000000004
2024-11-14 00:00:00+00:00,0.34059725
2024-11-14 01:00:00+00:00,0.33553775
2024-11-14 02:00:00+00:00,0.32379425000000006
2024-11-14 03:00:00+00:00,0.321982
2024-11-14 04:00:00+00:00,0.3080105
2024-11-14 05:00:00+00:00,0.309101
2024-11-14 06:00:00+00:00,0.30478574999999997
2024-11-14 07:00:00+00:00,0.30892050000000004
2024-11-14 08:00:00+00:00,0.30076500000000006
2024-11-14 09:00:00+00:00,0.284257
2024-11-14 10:00:00+00:00,0.27823875
2024-11-14 11:00:00+00:00,0.28008574999999997
2024-11-14 12:00:00+00:00,0.2823135
2024-11-14 13:00:00+00:00,0.29743225000000006
2024-11-14 14:00:00+00:00,0.30924575
2024-11-14 15:00:00+00:00,0.32624149999999996
2024-11-14 16:00:00+00:00,0.3358325
2024-11-14 17:00:00+00:00,0.34281025000000004
2024-11-14 18:00:00+00:00,0.35191625000000004
2024-11-14 19:00:00+00:00,0.35484424999999997
2024-11-14 20:00:00+00:00,0.35905925000000005
2024-11-14 21:00:00+00:00,0.36437024999999995
2024-11-14 22:00:00+00:00,0.369727
2024-11-14 23:00:00+00:00,0.37146425000000005
2024-11-15 00:00:00+00:00,0.37456475000000006
2024-11-15 01:00:00+00:00,0.37747625000000007
2024-11-15 02:00:00+00:00,0.3787795
2024-11-15 03:00:00+00:00,0.37881600000000004
2024-11-15 04:00:00+00:00,0.37947225
2024-11-15 05:00:00+00:00,0.37756375
2024-11-15 06:00:00+00:00,0.37732225
2024-11-15 07:00:00+00:00,0.37392625
2024-11-15 08:00:00+00:00,0.35525525
2024-11-15 09:00:00+00:00,0.33286899999999997
2024-11-15 10:00:00+00:00,0.31753975
2024-11-15 11:00:00+00:00,0.315315
2024-11-15 12:00:00+00:00,0.31343525
2024-11-15 13:00:00+00:00,0.327554
2024-11-15 14:00:00+00:00,0.33822874999999997
2024-11-15 15:00:00+00:00,0.34958599999999995
2024-11-15 16:00:00+00:00,0.3475235
2024-11-15 17:00:00+00:00,0.33569575
2024-11-15 18:00:00+00:00,0.324576
2024-11-15 19:00:00+00:00,0.30763675
2024-11-15 20:00:00+00:00,0.28296849999999996
2024-11-15 21:00:00+00:00,0.25997675
2024-11-15 22:00:00+00:00,0.23716975
2024-11-15 23:00:00+00:00,0.22329074999999998
2024-11-16 00:00:00+00:00,0.21415525
2024-11-16 01:00:00+00:00,0.2158715
2024-11-16 02:00:00+00:00,0.19953625000000003
2024-11-16 03:00:00+00:00,0.1917295
2024-11-16 04:00:00+00:00,0.19138574999999997
2024-11-16 05:00:00+00:00,0.192622
2024-11-16 06:00:00+00:00,0.20040975
2024-11-16 07:00:00+00:00,0.20776275
2024-11-16 08:00:00+00:00,0.20268124999999998
2024-11-16 09:00:00+00:00,0.193121
2024-11-16 10:00:00+00:00,0.18614899999999998
2024-11-16 11:00:00+00:00,0.17237850000000002
2024-11-16 12:00:00+00:00,0.1672495
2024-11-16 13:00:00+00:00,0.17483474999999998
2024-11-16 14:00:00+00:00,0.18718675
2024-11-16 15:00:00+00:00,0.19971425
2024-11-16 16:00:00+00:00,0.208843
2024-11-16 17:00:00+00:00,0.205209
2024-11-16 18:00:00+00:00,0.20215349999999999
2024-11-16 19:00:00+00:00,0.20971800000000002
2024-11-16 20:00:00+00:00,0.22048175
2024-11-16 21:00:00+00:00,0.23940150000000002
2024-11-16 22:00:00+00:00,0.2350335
2024-11-16 23:00:00+00:00,0.21492424999999998
2024-11-17 00:00:00+00:00,0.18118925
2024-11-17 01:00:00+00:00,0.15282875
2024-11-17 02:00:00+00:00,0.141605
2024-11-17 03:00:00+00:00,0.13931025
2024-11-17 04:00:00+00:00,0.1392625
2024-11-17 05:00:00+00:00,0.13852874999999998
2024-11-17 06:00:00+00:00,0.13775025000000002
2024-11-17 07:00:00+00:00,0.14803675
2024-11-17 08:00:00+00:00,0.13647399999999998
2024-11-17 09:00:00+00:00,0.104066125
2024-11-17 10:00:00+00:00,0.09016057499999999
2024-11-17 11:00:00+00:00,0.081860925
2024-11-17 12:00:00+00:00,0.08175712499999999
2024-11-17 13:00:00+00:00,0.093276775
2024-11-17 14:00:00+00:00,0.13219350000000002
2024-11-17 15:00:00+00:00,0.182778
2024-11-17 16:00:00+00:00,0.21996500000000002
2024-11-17 17:00:00+00:00,0.2263155
2024-11-17 18:00:00+00:00,0.239138
2024-11-17 19:00:00+00:00,0.23193
2024-11-17 20:00:00+00:00,0.2320545
2024-11-17 21:00:00+00:00,0.26223875
2024-11-17 22:00:00+00:00,0.2662665
2024-11-17 23:00:00+00:00,0.23801100000000003
2024-11-18 00:00:00+00:00,0.21639399999999998
2024-11-18 01:00:00+00:00,0.19764925000000003
2024-11-18 02:00:00+00:00,0.19186575
2024-11-18 03:00:00+00:00,0.20356274999999996
2024-11-18 04:00:00+00:00,0.2236525
2024-11-18 05:00:00+00:00,0.24789899999999998
2024-11-18 06:00:00+00:00,0.27515500000000004
2024-11-18 07:00:00+00:00,0.29450699999999996
2024-11-18 08:00:00+00:00,0.25719225
2024-11-18 09:00:00+00:00,0.21782400000000002
2024-11-18 10:00:00+00:00,0.18571775000000001
2024-11-18 11:00:00+00:00,0.19789925
2024-11-18 12:00:00+00:00,0.19607025
2024-11-18 13:00:00+00:00,0.23257425
2024-11-18 14:00:00+00:00,0.26931950000000004
2024-11-18 15:00:00+00:00,0.31060875
2024-11-18 16:00:00+00:00,0.33865375000000003
2024-11-18 17:00:00+00:00,0.35599849999999994
2024-11-18 18:00:00+00:00,0.3634755
2024-11-18 19:00:00+00:00,0.36441925
2024-11-18 20:00:00+00:00,0.37271525
2024-11-18 21:00:00+00:00,0.36939800000000006
2024-11-18 22:00:00+00:00,0.35985475
2024-11-18 23:00:00+00:00,0.334307
2024-11-19 00:00:00+00:00,0.29826325
2024-11-19 01:00:00+00:00,0.29348074999999996
2024-11-19 02:00:00+00:00,0.269613
2024-11-19 03:00:00+00:00,0.23219625
2024-11-19 04:00:00+00:00,0.22037500000000002
2024-11-19 05:00:00+00:00,0.223053
2024-11-19 06:00:00+00:00,0.23297299999999999
2024-11-19 07:00:00+00:00,0.247675
2024-11-19 08:00:00+00:00,0.2582495
2024-11-19 09:00:00+00:00,0.27476924999999996
2024-11-19 10:00:00+00:00,0.2838045
2024-11-19 11:00:00+00:00,0.30540875
2024-11-19 12:00:00+00:00,0.31502874999999997
2024-11-19 13:00:00+00:00,0.30022975
2024-11-19 14:00:00+00:00,0.2864315
2024-11-19 15:00:00+00:00,0.294546
2024-11-19 16:00:00+00:00,0.29239775
2024-11-19 17:00:00+00:00,0.30435925
2024-11-19 18:00:00+00:00,0.30730925
2024-11-19 19:00:00+00:00,0.29471525
2024-11-19 20:00:00+00:00,0.289036
2024-11-19 21:00:00+00:00,0.266588
2024-11-19 22:00:00+00:00,0.24364
2024-11-19 23:00:00+00:00,0.22890125
2024-11-20 00:00:00+00:00,0.2170145
2024-11-20 01:00:00+00:00,0.1979335
2024-11-20 02:00:00+00:00,0.176641
2024-11-20 03:00:00+00:00,0.1742685
2024-11-20 04:00:00+00:00,0.20350625
2024-11-20 05:00:00+00:00,0.23668725
2024-11-20 06:00:00+00:00,0.26597649999999995
2024-11-20 07:00:00+00:00,0.262811
2024-11-20 08:00:00+00:00,0.24787375
2024-11-20 09:00:00+00:00,0.23912424999999998
2024-11-20 10:00:00+00:00,0.23370525
2024-11-20 11:00:00+00:00,0.21283050000000003
2024-11-20 12:00:00+00:00,0.20813199999999998
2024-11-20 13:00:00+00:00,0.19429149999999998
2024-11-20 14:00:00+00:00,0.196988
2024-11-20 15:00:00+00:00,0.2278205
2024-11-20 16:00:00+00:00,0.25757625
2024-11-20 17:00:00+00:00,0.27553875
2024-11-20 18:00:00+00:00,0.27919774999999997
2024-11-20 19:00:00+00:00,0.28337100000000004
2024-11-20 20:00:00+00:00,0.27920075
2024-11-20 21:00:00+00:00,0.26562075
2024-11-20 22:00:00+00:00,0.24346725000000002
2024-11-20 23:00:00+00:00,0.2102385
2024-11-21 00:00:00+00:00,0.21410275
2024-11-21 01:00:00+00:00,0.19966025
2024-11-21 02:00:00+00:00,0.19542800000000002
2024-11-21 03:00:00+00:00,0.2005325
2024-11-21 04:00:00+00:00,0.20809424999999998
2024-11-21 05:00:00+00:00,0.224548
2024-11-21 06:00:00+00:00,0.25863800000000003
2024-11-21 07:00:00+00:00,0.26300674999999996
2024-11-21 08:00:00+00:00,0.247704
2024-11-21 09:00:00+00:00,0.23221150000000002
2024-11-21 10:00:00+00:00,0.22290775
2024-11-21 11:00:00+00:00,0.22639150000000002
2024-11-21 12:00:00+00:00,0.23716725
2024-11-21 13:00:00+00:00,0.25383125
2024-11-21 14:00:00+00:00,0.28603825
2024-11-21 15:00:00+00:00,0.306982
2024-11-21 16:00:00+00:00,0.311775
2024-11-21 17:00:00+00:00,0.309577
2024-11-21 18:00:00+00:00,0.3148055
2024-11-21 19:00:00+00:00,0.30887575
2024-11-21 20:00:00+00:00,0.30491825
2024-11-21 21:00:00+00:00,0.295918
2024-11-21 22:00:00+00:00,0.27466674999999996
2024-11-21 23:00:00+00:00,0.24304350000000002
2024-11-22 00:00:00+00:00,0.2368425
2024-11-22 01:00:00+00:00,0.22106825
2024-11-22 02:00:00+00:00,0.2153325
2024-11-22 03:00:00+00:00,0.20301475000000002
2024-11-22 04:00:00+00:00,0.195669
2024-11-22 05:00:00+00:00,0.209891
2024-11-22 06:00:00+00:00,0.22923725
2024-11-22 07:00:00+00:00,0.22317449999999997
2024-11-22 08:00:00+00:00,0.20552925
2024-11-22 09:00:00+00:00,0.186646
2024-11-22 10:00:00+00:00,0.17558575
2024-11-22 11:00:00+00:00,0.1733655
2024-11-22 12:00:00+00:00,0.17009400000000002
2024-11-22 13:00:00+00:00,0.17272
2024-11-22 14:00:00+00:00,0.18434775
2024-11-22 15:00:00+00:00,0.20088775
2024-11-22 16:00:00+00:00,0.22533999999999998
2024-11-22 17:00:00+00:00,0.2576765
2024-11-22 18:00:00+00:00,0.28850575
2024-11-22 19:00:00+00:00,0.30154975
2024-11-22 20:00:00+00:00,0.28183775
2024-11-22 21:00:00+00:00,0.27778949999999997
2024-11-22 22:00:00+00:00,0.27880325
2024-11-22 23:00:00+00:00,0.26738850000000003
2024-11-23 00:00:00+00:00,0.25392625
2024-11-23 01:00:00+00:00,0.241566
2024-11-23 02:00:00+00:00,0.23164400000000002
2024-11-23 03:00:00+00:00,0.21370899999999998
2024-11-23 04:00:00+00:00,0.19231825
2024-11-23 05:00:00+00:00,0.18904274999999998
2024-11-23 06:00:00+00:00,0.193609
2024-11-23 07:00:00+00:00,0.18642575
2024-11-23 08:00:00+00:00,0.158978
2024-11-23 09:00:00+00:00,0.1360905
2024-11-23 10:00:00+00:00,0.12566375000000002
2024-11-23 11:00:00+00:00,0.1106935
2024-11-23 12:00:00+00:00,0.107491
2024-11-23 13:00:00+00:00,0.11769175
2024-11-23 14:00:00+00:00,0.12024975
2024-11-23 15:00:00+00:00,0.1218495
2024-11-23 16:00:00+00:00,0.119249
2024-11-23 17:00:00+00:00,0.11014
2024-11-23 18:00:00+00:00,0.10291315000000001
2024-11-23 19:00:00+00:00,0.0934599
2024-11-23 20:00:00+00:00,0.084620875
2024-11-23 21:00:00+00:00,0.08101935
2024-11-23 22:00:00+00:00,0.078093075
2024-11-23 23:00:00+00:00,0.0763779
2024-11-24 00:00:00+00:00,0.0760154
2024-11-24 01:00:00+00:00,0.07802105000000001
2024-11-24 02:00:00+00:00,0.0788911
2024-11-24 03:00:00+00:00,0.07949715
2024-11-24 04:00:00+00:00,0.0820077
2024-11-24 05:00:00+00:00,0.08382477499999999
2024-11-24 06:00:00+00:00,0.08498689999999999
2024-11-24 07:00:00+00:00,0.0830324
2024-11-24 08:00:00+00:00,0.07910265
2024-11-24 09:00:00+00:00,0.07239205
2024-11-24 10:00:00+00:00,0.061748
2024-11-24 11:00:00+00:00,0.05665587500000001
2024-11-24 12:00:00+00:00,0.057039349999999996
2024-11-24 13:00:00+00:00,0.065944225
2024-11-24 14:00:00+00:00,0.07278432500000001
2024-11-24 15:00:00+00:00,0.08151757500000001
2024-11-24 16:00:00+00:00,0.090644575
2024-11-24 17:00:00+00:00,0.088969525
2024-11-24 18:00:00+00:00,0.084769925
2024-11-24 19:00:00+00:00,0.07977087499999999
2024-11-24 20:00:00+00:00,0.075123725
2024-11-24 21:00:00+00:00,0.06937022500000001
2024-11-24 22:00:00+00:00,0.06786745
2024-11-24 23:00:00+00:00,0.06834222499999999
2024-11-25 00:00:00+00:00,0.067149225
2024-11-25 01:00:00+00:00,0.0703745
2024-11-25 02:00:00+00:00,0.070934975
2024-11-25 03:00:00+00:00,0.0732758
2024-11-25 04:00:00+00:00,0.076493175
2024-11-25 05:00:00+00:00,0.0911495
2024-11-25 06:00:00+00:00,0.10785375
2024-11-25 07:00:00+00:00,0.13208324999999999
2024-11-25 08:00:00+00:00,0.15296025000000002
2024-11-25 09:00:00+00:00,0.17264375
2024-11-25 10:00:00+00:00,0.17317375000000002
2024-11-25 11:00:00+00:00,0.18831175
2024-11-25 12:00:00+00:00,0.18848225
2024-11-25 13:00:00+00:00,0.197987
2024-11-25 14:00:00+00:00,0.20297675
2024-11-25 15:00:00+00:00,0.1925685
2024-11-25 16:00:00+00:00,0.19511925000000002
2024-11-25 17:00:00+00:00,0.18339375
2024-11-25 18:00:00+00:00,0.17576025
2024-11-25 19:00:00+00:00,0.16507125
2024-11-25 20:00:00+00:00,0.15492250000000002
2024-11-25 21:00:00+00:00,0.144369
2024-11-25 22:00:00+00:00,0.1432445
2024-11-25 23:00:00+00:00,0.14650575
2024-11-26 00:00:00+00:00,0.13831375
2024-11-26 01:00:00+00:00,0.1421035
2024-11-26 02:00:00+00:00,0.14285275
2024-11-26 03:00:00+00:00,0.15023224999999998
2024-11-26 04:00:00+00:00,0.16802275
2024-11-26 05:00:00+00:00,0.209969
2024-11-26 06:00:00+00:00,0.22991375
2024-11-26 07:00:00+00:00,0.235672
2024-11-26 08:00:00+00:00,0.20791975
2024-11-26 09:00:00+00:00,0.167902
2024-11-26 10:00:00+00:00,0.15816375
2024-11-26 11:00:00+00:00,0.15706275
2024-11-26 12:00:00+00:00,0.17664925
2024-11-26 13:00:00+00:00,0.216773
2024-11-26 14:00:00+00:00,0.256154
2024-11-26 15:00:00+00:00,0.29552599999999996
2024-11-26 16:00:00+00:00,0.32299350000000004
2024-11-26 17:00:00+00:00,0.33413275
2024-11-26 18:00:00+00:00,0.339975
2024-11-26 19:00:00+00:00,0.34507575
2024-11-26 20:00:00+00:00,0.350966
2024-11-26 21:00:00+00:00,0.35344675
2024-11-26 22:00:00+00:00,0.362914
2024-11-26 23:00:00+00:00,0.36293475
2024-11-27 00:00:00+00:00,0.36191674999999995
2024-11-27 01:00:00+00:00,0.3682795
2024-11-27 02:00:00+00:00,0.35798125
2024-11-27 03:00:00+00:00,0.34185925000000006
2024-11-27 04:00:00+00:00,0.31747925000000005
2024-11-27 05:00:00+00:00,0.30329525
2024-11-27 06:00:00+00:00,0.29096525
2024-11-27 07:00:00+00:00,0.2733005
2024-11-27 08:00:00+00:00,0.25482675
2024-11-27 09:00:00+00:00,0.23532325
2024-11-27 10:00:00+00:00,0.21287125
2024-11-27 11:00:00+00:00,0.19704475000000002
2024-11-27 12:00:00+00:00,0.186027
2024-11-27 13:00:00+00:00,0.18606725000000002
2024-11-27 14:00:00+00:00,0.18568125
2024-11-27 15:00:00+00:00,0.182546
2024-11-27 16:00:00+00:00,0.2022585
2024-11-27 17:00:00+00:00,0.20850525
2024-11-27 18:00:00+00:00,0.21278724999999998
2024-11-27 19:00:00+00:00,0.20676825000000001
2024-11-27 20:00:00+00:00,0.15357975000000001
2024-11-27 21:00:00+00:00,0.128062
2024-11-27 22:00:00+00:00,0.1164405
2024-11-27 23:00:00+00:00,0.1108865
2024-11-28 00:00:00+00:00,0.1098735
2024-11-28 01:00:00+00:00,0.11752924999999999
2024-11-28 02:00:00+00:00,0.13140125
2024-11-28 03:00:00+00:00,0.14319125
2024-11-28 04:00:00+00:00,0.163148
2024-11-28 05:00:00+00:00,0.19446275
2024-11-28 06:00:00+00:00,0.235398
2024-11-28 07:00:00+00:00,0.25511375000000003
2024-11-28 08:00:00+00:00,0.23487675
2024-11-28 09:00:00+00:00,0.1862845
2024-11-28 10:00:00+00:00,0.16063975
2024-11-28 11:00:00+00:00,0.15098475
2024-11-28 12:00:00+00:00,0.1773185
2024-11-28 13:00:00+00:00,0.213138
2024-11-28 14:00:00+00:00,0.26505124999999996
2024-11-28 15:00:00+00:00,0.34072824999999995
2024-11-28 16:00:00+00:00,0.368639
2024-11-28 17:00:00+00:00,0.379098
2024-11-28 18:00:00+00:00,0.38440325
2024-11-28 19:00:00+00:00,0.3868605
2024-11-28 20:00:00+00:00,0.38814275
2024-11-28 21:00:00+00:00,0.389113
2024-11-28 22:00:00+00:00,0.38989624999999994
2024-11-28 23:00:00+00:00,0.389857
2024-11-29 00:00:00+00:00,0.38777399999999995
2024-11-29 01:00:00+00:00,0.3854455
2024-11-29 02:00:00+00:00,0.380572
2024-11-29 03:00:00+00:00,0.378382
2024-11-29 04:00:00+00:00,0.37279300000000004
2024-11-29 05:00:00+00:00,0.36914274999999996
2024-11-29 06:00:00+00:00,0.36573325
2024-11-29 07:00:00+00:00,0.35916275000000003
2024-11-29 08:00:00+00:00,0.309618
2024-11-29 09:00:00+00:00,0.25009349999999997
2024-11-29 10:00:00+00:00,0.23084624999999998
2024-11-29 11:00:00+00:00,0.217144
2024-11-29 12:00:00+00:00,0.21531175
2024-11-29 13:00:00+00:00,0.22322350000000002
2024-11-29 14:00:00+00:00,0.27750925
2024-11-29 15:00:00+00:00,0.32731049999999995
2024-11-29 16:00:00+00:00,0.32885525
2024-11-29 17:00:00+00:00,0.32012975
2024-11-29 18:00:00+00:00,0.3081455
2024-11-29 19:00:00+00:00,0.29767774999999996
2024-11-29 20:00:00+00:00,0.284569
2024-11-29 21:00:00+00:00,0.26392375
2024-11-29 22:00:00+00:00,0.251231
2024-11-29 23:00:00+00:00,0.2428945
2024-11-30 00:00:00+00:00,0.24772325
2024-11-30 01:00:00+00:00,0.2490635
2024-11-30 02:00:00+00:00,0.25001625
2024-11-30 03:00:00+00:00,0.254659
2024-11-30 04:00:00+00:00,0.25492175
2024-11-30 05:00:00+00:00,0.25730549999999996
2024-11-30 06:00:00+00:00,0.265724
2024-11-30 07:00:00+00:00,0.27082975
2024-11-30 08:00:00+00:00,0.23254575
2024-11-30 09:00:00+00:00,0.198537
2024-11-30 10:00:00+00:00,0.170743
2024-11-30 11:00:00+00:00,0.16363475
2024-11-30 12:00:00+00:00,0.18273525
2024-11-30 13:00:00+00:00,0.220927
2024-11-30 14:00:00+00:00,0.2689895
2024-11-30 15:00:00+00:00,0.33212400000000003
2024-11-30 16:00:00+00:00,0.33561275
2024-11-30 17:00:00+00:00,0.33822175
2024-11-30 18:00:00+00:00,0.3429435
2024-11-30 19:00:00+00:00,0.34284749999999997
2024-11-30 20:00:00+00:00,0.33848325
2024-11-30 21:00:00+00:00,0.33850125
2024-11-30 22:00:00+00:00,0.335101
2024-11-30 23:00:00+00:00,0.333426
2024-12-01 00:00:00+00:00,0.32954449999999996
2024-12-01 01:00:00+00:00,0.31027575
2024-12-01 02:00:00+00:00,0.29844175
2024-12-01 03:00:00+00:00,0.28293875
2024-12-01 04:00:00+00:00,0.27505999999999997
2024-12-01 05:00:00+00:00,0.27799225
2024-12-01 06:00:00+00:00,0.28317775
2024-12-01 07:00:00+00:00,0.27946875000000004
2024-12-01 08:00:00+00:00,0.23847374999999998
2024-12-01 09:00:00+00:00,0.18270625000000001
2024-12-01 10:00:00+00:00,0.15525475
2024-12-01 11:00:00+00:00,0.14607900000000001
2024-12-01 12:00:00+00:00,0.14797249999999998
2024-12-01 13:00:00+00:00,0.167308
2024-12-01 14:00:00+00:00,0.21455200000000002
2024-12-01 15:00:00+00:00,0.22651025
2024-12-01 16:00:00+00:00,0.210831
2024-12-01 17:00:00+00:00,0.1993065
2024-12-01 18:00:00+00:00,0.18968375
2024-12-01 19:00:00+00:00,0.179258
2024-12-01 20:00:00+00:00,0.16753025000000002
2024-12-01 21:00:00+00:00,0.16782025
2024-12-01 22:00:00+00:00,0.15851400000000002
2024-12-01 23:00:00+00:00,0.14822725
2024-12-02 00:00:00+00:00,0.13441299999999998
2024-12-02 01:00:00+00:00,0.1332535
2024-12-02 02:00:00+00:00,0.13117499999999999
2024-12-02 03:00:00+00:00,0.1314855
2024-12-02 04:00:00+00:00,0.13358525
2024-12-02 05:00:00+00:00,0.17193475
2024-12-02 06:00:00+00:00,0.210592
2024-12-02 07:00:00+00:00,0.2292495
2024-12-02 08:00:00+00:00,0.23025325
2024-12-02 09:00:00+00:00,0.22776400000000002
2024-12-02 10:00:00+00:00,0.21917674999999998
2024-12-02 11:00:00+00:00,0.22003175
2024-12-02 12:00:00+00:00,0.22604625
2024-12-02 13:00:00+00:00,0.23018475
2024-12-02 14:00:00+00:00,0.248156
2024-12-02 15:00:00+00:00,0.28743825
2024-12-02 16:00:00+00:00,0.297442
2024-12-02 17:00:00+00:00,0.29149725000000004
2024-12-02 18:00:00+00:00,0.29170399999999996
2024-12-02 19:00:00+00:00,0.30108975
2024-12-02 20:00:00+00:00,0.30041725
2024-12-02 21:00:00+00:00,0.280806
2024-12-02 22:00:00+00:00,0.25947499999999996
2024-12-02 23:00:00+00:00,0.2361395
2024-12-03 00:00:00+00:00,0.22270150000000002
2024-12-03 01:00:00+00:00,0.204632
2024-12-03 02:00:00+00:00,0.21124625000000002
2024-12-03 03:00:00+00:00,0.22919575
2024-12-03 04:00:00+00:00,0.23505475
2024-12-03 05:00:00+00:00,0.256213
2024-12-03 06:00:00+00:00,0.27779025
2024-12-03 07:00:00+00:00,0.28605600000000003
2024-12-03 08:00:00+00:00,0.28068400000000004
2024-12-03 09:00:00+00:00,0.26132924999999996
2024-12-03 10:00:00+00:00,0.2434555
2024-12-03 11:00:00+00:00,0.243645
2024-12-03 12:00:00+00:00,0.24456175
2024-12-03 13:00:00+00:00,0.26856475
2024-12-03 14:00:00+00:00,0.29167125
2024-12-03 15:00:00+00:00,0.31962225
2024-12-03 16:00:00+00:00,0.331265
2024-12-03 17:00:00+00:00,0.3372715
2024-12-03 18:00:00+00:00,0.3422725
2024-12-03 19:00:00+00:00,0.3478585
2024-12-03 20:00:00+00:00,0.3494545
2024-12-03 21:00:00+00:00,0.3541435
2024-12-03 22:00:00+00:00,0.36429525
2024-12-03 23:00:00+00:00,0.3739955
2024-12-04 00:00:00+00:00,0.37888575
2024-12-04 01:00:00+00:00,0.37305275
2024-12-04 02:00:00+00:00,0.36840325000000007
2024-12-04 03:00:00+00:00,0.371156
2024-12-04 04:00:00+00:00,0.37011375
2024-12-04 05:00:00+00:00,0.37179799999999996
2024-12-04 06:00:00+00:00,0.36435175
2024-12-04 07:00:00+00:00,0.3598085
2024-12-04 08:00:00+00:00,0.35435874999999994
2024-12-04 09:00:00+00:00,0.33909674999999995
2024-12-04 10:00:00+00:00,0.33603125
2024-12-04 11:00:00+00:00,0.33072125
2024-12-04 12:00:00+00:00,0.32648975
2024-12-04 13:00:00+00:00,0.33494749999999995
2024-12-04 14:00:00+00:00,0.35168925
2024-12-04 15:00:00+00:00,0.37478300000000003
2024-12-04 16:00:00+00:00,0.376429
2024-12-04 17:00:00+00:00,0.371381
2024-12-04 18:00:00+00:00,0.3644155
2024-12-04 19:00:00+00:00,0.35219625
2024-12-04 20:00:00+00:00,0.33940425
2024-12-04 21:00:00+00:00,0.32510175
2024-12-04 22:00:00+00:00,0.30448675000000003
2024-12-04 23:00:00+00:00,0.2727545
2024-12-05 00:00:00+00:00,0.24593824999999997
2024-12-05 01:00:00+00:00,0.21971600000000002
2024-12-05 02:00:00+00:00,0.21004775
2024-12-05 03:00:00+00:00,0.20174075
2024-12-05 04:00:00+00:00,0.200297
2024-12-05 05:00:00+00:00,0.20688
2024-12-05 06:00:00+00:00,0.21369074999999998
2024-12-05 07:00:00+00:00,0.21296500000000002
2024-12-05 08:00:00+00:00,0.20436600000000002
2024-12-05 09:00:00+00:00,0.19790900000000003
2024-12-05 10:00:00+00:00,0.192029
2024-12-05 11:00:00+00:00,0.18389425
2024-12-05 12:00:00+00:00,0.18273125
2024-12-05 13:00:00+00:00,0.18093199999999998
2024-12-05 14:00:00+00:00,0.1831135
2024-12-05 15:00:00+00:00,0.18329925
2024-12-05 16:00:00+00:00,0.18411425000000003
2024-12-05 17:00:00+00:00,0.18584774999999998
2024-12-05 18:00:00+00:00,0.17879174999999997
2024-12-05 19:00:00+00:00,0.16211975
2024-12-05 20:00:00+00:00,0.13848225
2024-12-05 21:00:00+00:00,0.1187945
2024-12-05 22:00:00+00:00,0.11162075
2024-12-05 23:00:00+00:00,0.10638675
2024-12-06 00:00:00+00:00,0.10445725
2024-12-06 01:00:00+00:00,0.10632425
2024-12-06 02:00:00+00:00,0.106406
2024-12-06 03:00:00+00:00,0.106698
2024-12-06 04:00:00+00:00,0.1129715
2024-12-06 05:00:00+00:00,0.13110225
2024-12-06 06:00:00+00:00,0.1559015
2024-12-06 07:00:00+00:00,0.18074675
2024-12-06 08:00:00+00:00,0.18762500000000001
2024-12-06 09:00:00+00:00,0.17793925
2024-12-06 10:00:00+00:00,0.16993175000000002
2024-12-06 11:00:00+00:00,0.16055175
2024-12-06 12:00:00+00:00,0.165754
2024-12-06 13:00:00+00:00,0.17924299999999999
2024-12-06 14:00:00+00:00,0.21734875
2024-12-06 15:00:00+00:00,0.25426475
2024-12-06 16:00:00+00:00,0.27391524999999994
2024-12-06 17:00:00+00:00,0.297408
2024-12-06 18:00:00+00:00,0.3073135
2024-12-06 19:00:00+00:00,0.30838574999999996
2024-12-06 20:00:00+00:00,0.2990445
2024-12-06 21:00:00+00:00,0.271988
2024-12-06 22:00:00+00:00,0.2340075
2024-12-06 23:00:00+00:00,0.18926874999999999
2024-12-07 00:00:00+00:00,0.15197424999999998
2024-12-07 01:00:00+00:00,0.13027975
2024-12-07 02:00:00+00:00,0.11421049999999999
2024-12-07 03:00:00+00:00,0.10686400000000001
2024-12-07 04:00:00+00:00,0.10168724999999999
2024-12-07 05:00:00+00:00,0.1024465
2024-12-07 06:00:00+00:00,0.10384874999999999
2024-12-07 07:00:00+00:00,0.10784024999999998
2024-12-07 08:00:00+00:00,0.10775825
2024-12-07 09:00:00+00:00,0.096920275
2024-12-07 10:00:00+00:00,0.0883629
2024-12-07 11:00:00+00:00,0.084533025
2024-12-07 12:00:00+00:00,0.084212375
2024-12-07 13:00:00+00:00,0.09427362499999999
2024-12-07 14:00:00+00:00,0.112663
2024-12-07 15:00:00+00:00,0.1285815
2024-12-07 16:00:00+00:00,0.1345205
2024-12-07 17:00:00+00:00,0.14243625
2024-12-07 18:00:00+00:00,0.14945675
2024-12-07 19:00:00+00:00,0.163429
2024-12-07 20:00:00+00:00,0.175498
2024-12-07 21:00:00+00:00,0.17149875000000003
2024-12-07 22:00:00+00:00,0.17040450000000001
2024-12-07 23:00:00+00:00,0.15964075
2024-12-08 00:00:00+00:00,0.14600475
2024-12-08 01:00:00+00:00,0.139939
2024-12-08 02:00:00+00:00,0.13789575
2024-12-08 03:00:00+00:00,0.135602
2024-12-08 04:00:00+00:00,0.1360165
2024-12-08 05:00:00+00:00,0.14385025
2024-12-08 06:00:00+00:00,0.16166250000000001
2024-12-08 07:00:00+00:00,0.1809745
2024-12-08 08:00:00+00:00,0.19442900000000002
2024-12-08 09:00:00+00:00,0.18172875
2024-12-08 10:00:00+00:00,0.16766425000000001
2024-12-08 11:00:00+00:00,0.17278375
2024-12-08 12:00:00+00:00,0.16827825
2024-12-08 13:00:00+00:00,0.16998875000000002
2024-12-08 14:00:00+00:00,0.1787805
2024-12-08 15:00:00+00:00,0.19079975
2024-12-08 16:00:00+00:00,0.19102675
2024-12-08 17:00:00+00:00,0.18954425
2024-12-08 18:00:00+00:00,0.18787574999999998
2024-12-08 19:00:00+00:00,0.17525225
2024-12-08 20:00:00+00:00,0.15614675
2024-12-08 21:00:00+00:00,0.14409824999999998
2024-12-08 22:00:00+00:00,0.1295345
2024-12-08 23:00:00+00:00,0.11712425
2024-12-09 00:00:00+00:00,0.11323925000000001
2024-12-09 01:00:00+00:00,0.10969875000000001
2024-12-09 02:00:00+00:00,0.11215775
2024-12-09 03:00:00+00:00,0.11442950000000002
2024-12-09 04:00:00+00:00,0.1239675
2024-12-09 05:00:00+00:00,0.15638825
2024-12-09 06:00:00+00:00,0.19066025
2024-12-09 07:00:00+00:00,0.21046175
2024-12-09 08:00:00+00:00,0.21732200000000002
2024-12-09 09:00:00+00:00,0.21235075
2024-12-09 10:00:00+00:00,0.20559550000000001
2024-12-09 11:00:00+00:00,0.2025095
2024-12-09 12:00:00+00:00,0.2027375
2024-12-09 13:00:00+00:00,0.20609449999999999
2024-12-09 14:00:00+00:00,0.21064824999999998
2024-12-09 15:00:00+00:00,0.21239125
2024-12-09 16:00:00+00:00,0.21646100000000001
2024-12-09 17:00:00+00:00,0.21672074999999996
2024-12-09 18:00:00+00:00,0.22245275
2024-12-09 19:00:00+00:00,0.21583675
2024-12-09 20:00:00+00:00,0.19815375
2024-12-09 21:00:00+00:00,0.184696
2024-12-09 22:00:00+00:00,0.17982075
2024-12-09 23:00:00+00:00,0.18077475
2024-12-10 00:00:00+00:00,0.18196625
2024-12-10 01:00:00+00:00,0.17846925000000002
2024-12-10 02:00:00+00:00,0.18646425
2024-12-10 03:00:00+00:00,0.19366725
2024-12-10 04:00:00+00:00,0.20253875000000002
2024-12-10 05:00:00+00:00,0.22276775
2024-12-10 06:00:00+00:00,0.24104825
2024-12-10 07:00:00+00:00,0.25522825
2024-12-10 08:00:00+00:00,0.25806725
2024-12-10 09:00:00+00:00,0.2593415
2024-12-10 10:00:00+00:00,0.25500325
2024-12-10 11:00:00+00:00,0.251556
2024-12-10 12:00:00+00:00,0.25416150000000004
2024-12-10 13:00:00+00:00,0.2562675
2024-12-10 14:00:00+00:00,0.26088849999999997
2024-12-10 15:00:00+00:00,0.26396525
2024-12-10 16:00:00+00:00,0.270298
2024-12-10 17:00:00+00:00,0.27174924999999994
2024-12-10 18:00:00+00:00,0.27852350000000003
2024-12-10 19:00:00+00:00,0.29103225
2024-12-10 20:00:00+00:00,0.305479
2024-12-10 21:00:00+00:00,0.31397949999999997
2024-12-10 22:00:00+00:00,0.32716274999999995
2024-12-10 23:00:00+00:00,0.3328015
2024-12-11 00:00:00+00:00,0.3360735
2024-12-11 01:00:00+00:00,0.33798725
2024-12-11 02:00:00+00:00,0.33996550000000003
2024-12-11 03:00:00+00:00,0.34119525
2024-12-11 04:00:00+00:00,0.34240325000000005
2024-12-11 05:00:00+00:00,0.340449
2024-12-11 06:00:00+00:00,0.3457055
2024-12-11 07:00:00+00:00,0.34730075
2024-12-11 08:00:00+00:00,0.34920025
2024-12-11 09:00:00+00:00,0.34799625
2024-12-11 10:00:00+00:00,0.3425315
2024-12-11 11:00:00+00:00,0.34625524999999996
2024-12-11 12:00:00+00:00,0.345359
2024-12-11 13:00:00+00:00,0.34982175000000004
2024-12-11 14:00:00+00:00,0.3606395
2024-12-11 15:00:00+00:00,0.36502175
2024-12-11 16:00:00+00:00,0.3644895
2024-12-11 17:00:00+00:00,0.36759125
2024-12-11 18:00:00+00:00,0.37165600000000004
2024-12-11 19:00:00+00:00,0.37352624999999995
2024-12-11 20:00:00+00:00,0.37560574999999996
2024-12-11 21:00:00+00:00,0.3806475
2024-12-11 22:00:00+00:00,0.38149975
2024-12-11 23:00:00+00:00,0.38111225
2024-12-12 00:00:00+00:00,0.381353
2024-12-12 01:00:00+00:00,0.38473124999999997
2024-12-12 02:00:00+00:00,0.38760925
2024-12-12 03:00:00+00:00,0.38472875
2024-12-12 04:00:00+00:00,0.38336675
2024-12-12 05:00:00+00:00,0.38121075000000004
2024-12-12 06:00:00+00:00,0.381011
2024-12-12 07:00:00+00:00,0.3799925
2024-12-12 08:00:00+00:00,0.378876
2024-12-12 09:00:00+00:00,0.36670674999999997
2024-12-12 10:00:00+00:00,0.35550899999999996
2024-12-12 11:00:00+00:00,0.3521755
2024-12-12 12:00:00+00:00,0.35556625
2024-12-12 13:00:00+00:00,0.36263725
2024-12-12 14:00:00+00:00,0.369439
2024-12-12 15:00:00+00:00,0.376387
2024-12-12 16:00:00+00:00,0.37336974999999994
2024-12-12 17:00:00+00:00,0.37173625
2024-12-12 18:00:00+00:00,0.36873025000000004
2024-12-12 19:00:00+00:00,0.36670675
2024-12-12 20:00:00+00:00,0.36542675
2024-12-12 21:00:00+00:00,0.364761
2024-12-12 22:00:00+00:00,0.3638055
2024-12-12 23:00:00+00:00,0.36385225
2024-12-13 00:00:00+00:00,0.3651065
2024-12-13 01:00:00+00:00,0.36579074999999994
2024-12-13 02:00:00+00:00,0.36741925000000003
2024-12-13 03:00:00+00:00,0.36556900000000003
2024-12-13 04:00:00+00:00,0.360195
2024-12-13 05:00:00+00:00,0.3562955
2024-12-13 06:00:00+00:00,0.35567675
2024-12-13 07:00:00+00:00,0.35509025
2024-12-13 08:00:00+00:00,0.35593250000000004
2024-12-13 09:00:00+00:00,0.3528345
2024-12-13 10:00:00+00:00,0.351391
2024-12-13 11:00:00+00:00,0.35297625
2024-12-13 12:00:00+00:00,0.358098
2024-12-13 13:00:00+00:00,0.36799725
2024-12-13 14:00:00+00:00,0.37633025
2024-12-13 15:00:00+00:00,0.381942
2024-12-13 16:00:00+00:00,0.382652
2024-12-13 17:00:00+00:00,0.37983925
2024-12-13 18:00:00+00:00,0.375734
2024-12-13 19:00:00+00:00,0.371599
2024-12-13 20:00:00+00:00,0.36723500000000003
2024-12-13 21:00:00+00:00,0.36193424999999996
2024-12-13 22:00:00+00:00,0.36157025
2024-12-13 23:00:00+00:00,0.35602575
2024-12-14 00:00:00+00:00,0.34186325000000006
2024-12-14 01:00:00+00:00,0.32745100000000005
2024-12-14 02:00:00+00:00,0.31633875
2024-12-14 03:00:00+00:00,0.30031949999999996
2024-12-14 04:00:00+00:00,0.294937
2024-12-14 05:00:00+00:00,0.2896245
2024-12-14 06:00:00+00:00,0.28301075000000003
2024-12-14 07:00:00+00:00,0.27432324999999996
2024-12-14 08:00:00+00:00,0.27529525
2024-12-14 09:00:00+00:00,0.25442725
2024-12-14 10:00:00+00:00,0.235878
2024-12-14 11:00:00+00:00,0.2312835
2024-12-14 12:00:00+00:00,0.23048324999999997
2024-12-14 13:00:00+00:00,0.22491724999999999
2024-12-14 14:00:00+00:00,0.2420025
2024-12-14 15:00:00+00:00,0.24979174999999998
2024-12-14 16:00:00+00:00,0.27328050000000004
2024-12-14 17:00:00+00:00,0.27558875
2024-12-14 18:00:00+00:00,0.27305125
2024-12-14 19:00:00+00:00,0.264125
2024-12-14 20:00:00+00:00,0.270488
2024-12-14 21:00:00+00:00,0.25736625
2024-12-14 22:00:00+00:00,0.247435
2024-12-14 23:00:00+00:00,0.23721925000000002
2024-12-15 00:00:00+00:00,0.21539574999999997
2024-12-15 01:00:00+00:00,0.186685
2024-12-15 02:00:00+00:00,0.17444425
2024-12-15 03:00:00+00:00,0.1778215
2024-12-15 04:00:00+00:00,0.18421225000000002
2024-12-15 05:00:00+00:00,0.17508125
2024-12-15 06:00:00+00:00,0.16885524999999998
2024-12-15 07:00:00+00:00,0.16591275
2024-12-15 08:00:00+00:00,0.153249
2024-12-15 09:00:00+00:00,0.14180725
2024-12-15 10:00:00+00:00,0.12854025000000002
2024-12-15 11:00:00+00:00,0.121018
2024-12-15 12:00:00+00:00,0.11624725
2024-12-15 13:00:00+00:00,0.12276225
2024-12-15 14:00:00+00:00,0.12980350000000002
2024-12-15 15:00:00+00:00,0.14497775
2024-12-15 16:00:00+00:00,0.15722049999999999
2024-12-15 17:00:00+00:00,0.15079150000000002
2024-12-15 18:00:00+00:00,0.13690025
2024-12-15 19:00:00+00:00,0.1162135
2024-12-15 20:00:00+00:00,0.10621900000000001
2024-12-15 21:00:00+00:00,0.1035545
2024-12-15 22:00:00+00:00,0.1022265
2024-12-15 23:00:00+00:00,0.09911375
2024-12-16 00:00:00+00:00,0.09725885
2024-12-16 01:00:00+00:00,0.100241475
2024-12-16 02:00:00+00:00,0.10197075
2024-12-16 03:00:00+00:00,0.101948
2024-12-16 04:00:00+00:00,0.10632024999999999
2024-12-16 05:00:00+00:00,0.11379375
2024-12-16 06:00:00+00:00,0.13198949999999998
2024-12-16 07:00:00+00:00,0.154825
2024-12-16 08:00:00+00:00,0.16640075
2024-12-16 09:00:00+00:00,0.16745675
2024-12-16 10:00:00+00:00,0.16623200000000002
2024-12-16 11:00:00+00:00,0.161809
2024-12-16 12:00:00+00:00,0.15767699999999998
2024-12-16 13:00:00+00:00,0.155745
2024-12-16 14:00:00+00:00,0.166528
2024-12-16 15:00:00+00:00,0.170442
2024-12-16 16:00:00+00:00,0.17274575
2024-12-16 17:00:00+00:00,0.16774875
2024-12-16 18:00:00+00:00,0.1586225
2024-12-16 19:00:00+00:00,0.146284
2024-12-16 20:00:00+00:00,0.13387275
2024-12-16 21:00:00+00:00,0.12537525
2024-12-16 22:00:00+00:00,0.12326550000000001
2024-12-16 23:00:00+00:00,0.12144225
2024-12-17 00:00:00+00:00,0.1245425
2024-12-17 01:00:00+00:00,0.13086175
2024-12-17 02:00:00+00:00,0.1425035
2024-12-17 03:00:00+00:00,0.1656645
2024-12-17 04:00:00+00:00,0.20641925
2024-12-17 05:00:00+00:00,0.2440115
2024-12-17 06:00:00+00:00,0.25339475
2024-12-17 07:00:00+00:00,0.27101675000000003
2024-12-17 08:00:00+00:00,0.26165775
2024-12-17 09:00:00+00:00,0.2547685
2024-12-17 10:00:00+00:00,0.2415045
2024-12-17 11:00:00+00:00,0.23683425
2024-12-17 12:00:00+00:00,0.24374574999999998
2024-12-17 13:00:00+00:00,0.25863125
2024-12-17 14:00:00+00:00,0.26519250000000005
2024-12-17 15:00:00+00:00,0.28040349999999997
2024-12-17 16:00:00+00:00,0.28448049999999997
2024-12-17 17:00:00+00:00,0.27871375
2024-12-17 18:00:00+00:00,0.26558825
2024-12-17 19:00:00+00:00,0.23559625
2024-12-17 20:00:00+00:00,0.20097375
2024-12-17 21:00:00+00:00,0.176637
2024-12-17 22:00:00+00:00,0.15228525
2024-12-17 23:00:00+00:00,0.1145525
2024-12-18 00:00:00+00:00,0.10216824999999999
2024-12-18 01:00:00+00:00,0.1003403
2024-12-18 02:00:00+00:00,0.09974174999999999
2024-12-18 03:00:00+00:00,0.10163425000000001
2024-12-18 04:00:00+00:00,0.10442200000000001
2024-12-18 05:00:00+00:00,0.10590675
2024-12-18 06:00:00+00:00,0.10553474999999998
2024-12-18 07:00:00+00:00,0.10921875
2024-12-18 08:00:00+00:00,0.110172
2024-12-18 09:00:00+00:00,0.10012185
2024-12-18 10:00:00+00:00,0.0948686
2024-12-18 11:00:00+00:00,0.09398242500000001
2024-12-18 12:00:00+00:00,0.09811734999999999
2024-12-18 13:00:00+00:00,0.100781825
2024-12-18 14:00:00+00:00,0.10444624999999999
2024-12-18 15:00:00+00:00,0.1160955
2024-12-18 16:00:00+00:00,0.12664325
2024-12-18 17:00:00+00:00,0.1254635
2024-12-18 18:00:00+00:00,0.11113375
2024-12-18 19:00:00+00:00,0.10112725
2024-12-18 20:00:00+00:00,0.09346812500000001
2024-12-18 21:00:00+00:00,0.0900916
2024-12-18 22:00:00+00:00,0.085175625
2024-12-18 23:00:00+00:00,0.08206060000000001
2024-12-19 00:00:00+00:00,0.08159422499999999
2024-12-19 01:00:00+00:00,0.08128255
2024-12-19 02:00:00+00:00,0.08060765
2024-12-19 03:00:00+00:00,0.078900625
2024-12-19 04:00:00+00:00,0.08033975
2024-12-19 05:00:00+00:00,0.08869052499999999
2024-12-19 06:00:00+00:00,0.099736925
2024-12-19 07:00:00+00:00,0.117088
2024-12-19 08:00:00+00:00,0.127297
2024-12-19 09:00:00+00:00,0.126466
2024-12-19 10:00:00+00:00,0.12747675
2024-12-19 11:00:00+00:00,0.12224925
2024-12-19 12:00:00+00:00,0.1150035
2024-12-19 13:00:00+00:00,0.12574825
2024-12-19 14:00:00+00:00,0.1470455
2024-12-19 15:00:00+00:00,0.162944
2024-12-19 16:00:00+00:00,0.166371
2024-12-19 17:00:00+00:00,0.155869
2024-12-19 18:00:00+00:00,0.13974599999999998
2024-12-19 19:00:00+00:00,0.13088025
2024-12-19 20:00:00+00:00,0.12619375
2024-12-19 21:00:00+00:00,0.11597999999999999
2024-12-19 22:00:00+00:00,0.1076255
2024-12-19 23:00:00+00:00,0.10367875
2024-12-20 00:00:00+00:00,0.10369249999999999
2024-12-20 01:00:00+00:00,0.1026435
2024-12-20 02:00:00+00:00,0.106938
2024-12-20 03:00:00+00:00,0.11807325
2024-12-20 04:00:00+00:00,0.13990124999999998
2024-12-20 05:00:00+00:00,0.18583025
2024-12-20 06:00:00+00:00,0.2203355
2024-12-20 07:00:00+00:00,0.24163175
2024-12-20 08:00:00+00:00,0.24184625
2024-12-20 09:00:00+00:00,0.20379725
2024-12-20 10:00:00+00:00,0.16522975
2024-12-20 11:00:00+00:00,0.14788225
2024-12-20 12:00:00+00:00,0.13983600000000002
2024-12-20 13:00:00+00:00,0.14876525
2024-12-20 14:00:00+00:00,0.17286625
2024-12-20 15:00:00+00:00,0.19431074999999998
2024-12-20 16:00:00+00:00,0.19133224999999998
2024-12-20 17:00:00+00:00,0.17713800000000002
2024-12-20 18:00:00+00:00,0.161887
2024-12-20 19:00:00+00:00,0.1354405
2024-12-20 20:00:00+00:00,0.11634275000000001
2024-12-20 21:00:00+00:00,0.1083255
2024-12-20 22:00:00+00:00,0.100925425
2024-12-20 23:00:00+00:00,0.08870035000000001
2024-12-21 00:00:00+00:00,0.082533525
2024-12-21 01:00:00+00:00,0.085057675
2024-12-21 02:00:00+00:00,0.09355105
2024-12-21 03:00:00+00:00,0.10773925
2024-12-21 04:00:00+00:00,0.12101400000000001
2024-12-21 05:00:00+00:00,0.12368525
2024-12-21 06:00:00+00:00,0.12005299999999999
2024-12-21 07:00:00+00:00,0.111014
2024-12-21 08:00:00+00:00,0.10128377499999999
2024-12-21 09:00:00+00:00,0.08668279999999999
2024-12-21 10:00:00+00:00,0.07863855
2024-12-21 11:00:00+00:00,0.07507825
2024-12-21 12:00:00+00:00,0.07626317499999999
2024-12-21 13:00:00+00:00,0.077599075
2024-12-21 14:00:00+00:00,0.079235075
2024-12-21 15:00:00+00:00,0.08028515
2024-12-21 16:00:00+00:00,0.08075775
2024-12-21 17:00:00+00:00,0.0803055
2024-12-21 18:00:00+00:00,0.081580225
2024-12-21 19:00:00+00:00,0.08260505000000001
2024-12-21 20:00:00+00:00,0.080682375
2024-12-21 21:00:00+00:00,0.0816061
2024-12-21 22:00:00+00:00,0.08180255
2024-12-21 23:00:00+00:00,0.0778615
2024-12-22 00:00:00+00:00,0.0761318
2024-12-22 01:00:00+00:00,0.076716125
2024-12-22 02:00:00+00:00,0.077097325
2024-12-22 03:00:00+00:00,0.0781117
2024-12-22 04:00:00+00:00,0.082462125
2024-12-22 05:00:00+00:00,0.084394575
2024-12-22 06:00:00+00:00,0.0878471
2024-12-22 07:00:00+00:00,0.089119275
2024-12-22 08:00:00+00:00,0.090836875
2024-12-22 09:00:00+00:00,0.08581255000000002
2024-12-22 10:00:00+00:00,0.07726982500000001
2024-12-22 11:00:00+00:00,0.071863025
2024-12-22 12:00:00+00:00,0.0699367
2024-12-22 13:00:00+00:00,0.07337105000000001
2024-12-22 14:00:00+00:00,0.083722425
2024-12-22 15:00:00+00:00,0.1027251
2024-12-22 16:00:00+00:00,0.12389425000000001
2024-12-22 17:00:00+00:00,0.12887375
2024-12-22 18:00:00+00:00,0.12561375
2024-12-22 19:00:00+00:00,0.1227955
2024-12-22 20:00:00+00:00,0.12517525
2024-12-22 21:00:00+00:00,0.10894324999999999
2024-12-22 22:00:00+00:00,0.10545875
2024-12-22 23:00:00+00:00,0.107976
2024-12-23 00:00:00+00:00,0.10524349999999999
2024-12-23 01:00:00+00:00,0.09797785
2024-12-23 02:00:00+00:00,0.084352425
2024-12-23 03:00:00+00:00,0.08011154999999999
2024-12-23 04:00:00+00:00,0.086779625
2024-12-23 05:00:00+00:00,0.0910503
2024-12-23 06:00:00+00:00,0.10238349999999999
2024-12-23 07:00:00+00:00,0.113673
2024-12-23 08:00:00+00:00,0.1159575
2024-12-23 09:00:00+00:00,0.0996339
2024-12-23 10:00:00+00:00,0.08609982499999999
2024-12-23 11:00:00+00:00,0.0772718
2024-12-23 12:00:00+00:00,0.0934174
2024-12-23 13:00:00+00:00,0.1176935
2024-12-23 14:00:00+00:00,0.14889575
2024-12-23 15:00:00+00:00,0.1837115
2024-12-23 16:00:00+00:00,0.21230125
2024-12-23 17:00:00+00:00,0.22746575
2024-12-23 18:00:00+00:00,0.24279
2024-12-23 19:00:00+00:00,0.25378924999999997
2024-12-23 20:00:00+00:00,0.26768525
2024-12-23 21:00:00+00:00,0.272535
2024-12-23 22:00:00+00:00,0.28724075
2024-12-23 23:00:00+00:00,0.29865575
2024-12-24 00:00:00+00:00,0.31305499999999997
2024-12-24 01:00:00+00:00,0.309776
2024-12-24 02:00:00+00:00,0.2999885
2024-12-24 03:00:00+00:00,0.284389
2024-12-24 04:00:00+00:00,0.27345975
2024-12-24 05:00:00+00:00,0.2721755
2024-12-24 06:00:00+00:00,0.27284425
2024-12-24 07:00:00+00:00,0.2724975
2024-12-24 08:00:00+00:00,0.26425774999999996
2024-12-24 09:00:00+00:00,0.254127
2024-12-24 10:00:00+00:00,0.241874
2024-12-24 11:00:00+00:00,0.236303
2024-12-24 12:00:00+00:00,0.2432565
2024-12-24 13:00:00+00:00,0.26808825000000003
2024-12-24 14:00:00+00:00,0.2835725
2024-12-24 15:00:00+00:00,0.29303
2024-12-24 16:00:00+00:00,0.301798
2024-12-24 17:00:00+00:00,0.31152975000000005
2024-12-24 18:00:00+00:00,0.31722275
2024-12-24 19:00:00+00:00,0.3261305
2024-12-24 20:00:00+00:00,0.31924025
2024-12-24 21:00:00+00:00,0.31781800000000004
2024-12-24 22:00:00+00:00,0.30978100000000003
2024-12-24 23:00:00+00:00,0.29783424999999997
2024-12-25 00:00:00+00:00,0.29939475000000004
2024-12-25 01:00:00+00:00,0.30305225
2024-12-25 02:00:00+00:00,0.30416275
2024-12-25 03:00:00+00:00,0.30298949999999997
2024-12-25 04:00:00+00:00,0.300784
2024-12-25 05:00:00+00:00,0.315253
2024-12-25 06:00:00+00:00,0.3215455
2024-12-25 07:00:00+00:00,0.32816049999999997
2024-12-25 08:00:00+00:00,0.326285
2024-12-25 09:00:00+00:00,0.316499
2024-12-25 10:00:00+00:00,0.29424174999999997
2024-12-25 11:00:00+00:00,0.280419
2024-12-25 12:00:00+00:00,0.274312
2024-12-25 13:00:00+00:00,0.28282650000000004
2024-12-25 14:00:00+00:00,0.30253825
2024-12-25 15:00:00+00:00,0.31706124999999996
2024-12-25 16:00:00+00:00,0.3175295
2024-12-25 17:00:00+00:00,0.30766225
2024-12-25 18:00:00+00:00,0.30117625000000003
2024-12-25 19:00:00+00:00,0.31005175
2024-12-25 20:00:00+00:00,0.32096025
2024-12-25 21:00:00+00:00,0.33728725000000004
2024-12-25 22:00:00+00:00,0.34541125
2024-12-25 23:00:00+00:00,0.3452655
2024-12-26 00:00:00+00:00,0.345113
2024-12-26 01:00:00+00:00,0.35084225
2024-12-26 02:00:00+00:00,0.34865650000000004
2024-12-26 03:00:00+00:00,0.35285625
2024-12-26 04:00:00+00:00,0.35731725
2024-12-26 05:00:00+00:00,0.35870925
2024-12-26 06:00:00+00:00,0.36228774999999996
2024-12-26 07:00:00+00:00,0.363668
2024-12-26 08:00:00+00:00,0.36899375
2024-12-26 09:00:00+00:00,0.360421
2024-12-26 10:00:00+00:00,0.34882899999999994
2024-12-26 11:00:00+00:00,0.34064425
2024-12-26 12:00:00+00:00,0.34516925000000004
2024-12-26 13:00:00+00:00,0.356309
2024-12-26 14:00:00+00:00,0.36847650000000004
2024-12-26 15:00:00+00:00,0.376127
2024-12-26 16:00:00+00:00,0.37802674999999997
2024-12-26 17:00:00+00:00,0.37947025
2024-12-26 18:00:00+00:00,0.38006500000000004
2024-12-26 19:00:00+00:00,0.38145124999999996
2024-12-26 20:00:00+00:00,0.38149
2024-12-26 21:00:00+00:00,0.38298475
2024-12-26 22:00:00+00:00,0.3835335
2024-12-26 23:00:00+00:00,0.38379675
2024-12-27 00:00:00+00:00,0.38126000000000004
2024-12-27 01:00:00+00:00,0.37727725
2024-12-27 02:00:00+00:00,0.37800875
2024-12-27 03:00:00+00:00,0.37807075
2024-12-27 04:00:00+00:00,0.38027725
2024-12-27 05:00:00+00:00,0.381106
2024-12-27 06:00:00+00:00,0.3796555
2024-12-27 07:00:00+00:00,0.37899925
2024-12-27 08:00:00+00:00,0.37490825
2024-12-27 09:00:00+00:00,0.357027
2024-12-27 10:00:00+00:00,0.336531
2024-12-27 11:00:00+00:00,0.31643675
2024-12-27 12:00:00+00:00,0.3130965
2024-12-27 13:00:00+00:00,0.33107824999999996
2024-12-27 14:00:00+00:00,0.351212
2024-12-27 15:00:00+00:00,0.377659
2024-12-27 16:00:00+00:00,0.38030125
2024-12-27 17:00:00+00:00,0.38086725
2024-12-27 18:00:00+00:00,0.38095125
2024-12-27 19:00:00+00:00,0.380665
2024-12-27 20:00:00+00:00,0.3812515
2024-12-27 21:00:00+00:00,0.38209375
2024-12-27 22:00:00+00:00,0.382818
2024-12-27 23:00:00+00:00,0.38323674999999996
2024-12-28 00:00:00+00:00,0.3830755
2024-12-28 01:00:00+00:00,0.38317100000000004
2024-12-28 02:00:00+00:00,0.38282174999999996
2024-12-28 03:00:00+00:00,0.38124625
2024-12-28 04:00:00+00:00,0.3803805
2024-12-28 05:00:00+00:00,0.37934324999999997
2024-12-28 06:00:00+00:00,0.3782245
2024-12-28 07:00:00+00:00,0.37584825
2024-12-28 08:00:00+00:00,0.36923075000000005
2024-12-28 09:00:00+00:00,0.34977424999999995
2024-12-28 10:00:00+00:00,0.33300975
2024-12-28 11:00:00+00:00,0.3216565
2024-12-28 12:00:00+00:00,0.31795625
2024-12-28 13:00:00+00:00,0.3297925
2024-12-28 14:00:00+00:00,0.34454775
2024-12-28 15:00:00+00:00,0.35873849999999996
2024-12-28 16:00:00+00:00,0.3587165
2024-12-28 17:00:00+00:00,0.35401974999999997
2024-12-28 18:00:00+00:00,0.344467
2024-12-28 19:00:00+00:00,0.34367775
2024-12-28 20:00:00+00:00,0.34446075000000004
2024-12-28 21:00:00+00:00,0.34165175000000003
2024-12-28 22:00:00+00:00,0.3357795
2024-12-28 23:00:00+00:00,0.31721225000000003
2024-12-29 00:00:00+00:00,0.310351
2024-12-29 01:00:00+00:00,0.3126085
2024-12-29 02:00:00+00:00,0.31951725
2024-12-29 03:00:00+00:00,0.3263505
2024-12-29 04:00:00+00:00,0.31961225000000004
2024-12-29 05:00:00+00:00,0.315042
2024-12-29 06:00:00+00:00,0.31517875
2024-12-29 07:00:00+00:00,0.309059
2024-12-29 08:00:00+00:00,0.30996225
2024-12-29 09:00:00+00:00,0.29793549999999996
2024-12-29 10:00:00+00:00,0.28251775
2024-12-29 11:00:00+00:00,0.2759385
2024-12-29 12:00:00+00:00,0.26351375
2024-12-29 13:00:00+00:00,0.2594535
2024-12-29 14:00:00+00:00,0.25598775
2024-12-29 15:00:00+00:00,0.24810725
2024-12-29 16:00:00+00:00,0.24721274999999998
2024-12-29 17:00:00+00:00,0.24178475
2024-12-29 18:00:00+00:00,0.23485275
2024-12-29 19:00:00+00:00,0.22314849999999997
2024-12-29 20:00:00+00:00,0.2161765
2024-12-29 21:00:00+00:00,0.196989
2024-12-29 22:00:00+00:00,0.166188
2024-12-29 23:00:00+00:00,0.14822049999999998
2024-12-30 00:00:00+00:00,0.13361325
2024-12-30 01:00:00+00:00,0.1305025
2024-12-30 02:00:00+00:00,0.13332525
2024-12-30 03:00:00+00:00,0.1339305
2024-12-30 04:00:00+00:00,0.13654875
2024-12-30 05:00:00+00:00,0.149638
2024-12-30 06:00:00+00:00,0.1766175
2024-12-30 07:00:00+00:00,0.1908165
2024-12-30 08:00:00+00:00,0.19188475
2024-12-30 09:00:00+00:00,0.1834135
2024-12-30 10:00:00+00:00,0.16922525000000002
2024-12-30 11:00:00+00:00,0.1571275
2024-12-30 12:00:00+00:00,0.157496
2024-12-30 13:00:00+00:00,0.15404275
2024-12-30 14:00:00+00:00,0.1554255
2024-12-30 15:00:00+00:00,0.16766
2024-12-30 16:00:00+00:00,0.173327
2024-12-30 17:00:00+00:00,0.16760775
2024-12-30 18:00:00+00:00,0.15839575
2024-12-30 19:00:00+00:00,0.15047924999999998
2024-12-30 20:00:00+00:00,0.14229775
2024-12-30 21:00:00+00:00,0.1311435
2024-12-30 22:00:00+00:00,0.113235
2024-12-30 23:00:00+00:00,0.10006904999999999
2024-12-31 00:00:00+00:00,0.09035747499999999
2024-12-31 01:00:00+00:00,0.0912393
2024-12-31 02:00:00+00:00,0.09156495
2024-12-31 03:00:00+00:00,0.0905434
2024-12-31 04:00:00+00:00,0.090306175
2024-12-31 05:00:00+00:00,0.09769
2024-12-31 06:00:00+00:00,0.10551475
2024-12-31 07:00:00+00:00,0.1105575
2024-12-31 08:00:00+00:00,0.11904424999999999
2024-12-31 09:00:00+00:00,0.11655225
2024-12-31 10:00:00+00:00,0.11223274999999999
2024-12-31 11:00:00+00:00,0.10878974999999999
2024-12-31 12:00:00+00:00,0.1074205
2024-12-31 13:00:00+00:00,0.10510749999999999
2024-12-31 14:00:00+00:00,0.100538325
2024-12-31 15:00:00+00:00,0.103154425
2024-12-31 16:00:00+00:00,0.10799500000000001
2024-12-31 17:00:00+00:00,0.10236075
2024-12-31 18:00:00+00:00,0.093401775
2024-12-31 19:00:00+00:00,0.0847692
2024-12-31 20:00:00+00:00,0.081720975
2024-12-31 21:00:00+00:00,0.080224325
2024-12-31 22:00:00+00:00,0.076062425
