valid_time,u100,v100,t2m,sp,latitude,longitude
2023-12-31 00:00:00,1.6414185,9.420975,282.6614,100093.19,51.25,6.0
2023-12-31 01:00:00,0.62957764,9.477829,282.38196,99983.51,51.25,6.0
2023-12-31 02:00:00,-0.91490173,9.507217,282.2736,99849.9,51.25,6.0
2023-12-31 03:00:00,-1.3066711,9.738052,282.2675,99725.3,51.25,6.0
2023-12-31 04:00:00,-1.6636963,9.545197,282.4251,99582.75,51.25,6.0
2023-12-31 05:00:00,-1.8859253,9.864792,282.79657,99449.734,51.25,6.0
2023-12-31 06:00:00,-1.7247467,10.889984,283.1249,99354.82,51.25,6.0
2023-12-31 07:00:00,-1.1758728,11.53656,283.39636,99261.11,51.25,6.0
2023-12-31 08:00:00,0.0024414062,11.761505,283.4033,99214.94,51.25,6.0
2023-12-31 09:00:00,3.0929108,11.8441925,283.2594,99200.63,51.25,6.0
2023-12-31 10:00:00,4.1075745,10.544907,282.9062,99214.734,51.25,6.0
2023-12-31 11:00:00,7.143112,9.970505,282.6993,99221.08,51.25,6.0
2023-12-31 12:00:00,7.6724243,8.771286,282.28464,99223.336,51.25,6.0
2023-12-31 13:00:00,7.087021,9.111069,282.2351,99250.016,51.25,6.0
2023-12-31 14:00:00,6.7612762,10.078186,282.22455,99258.016,51.25,6.0
2023-12-31 15:00:00,6.4407806,9.980118,282.26755,99244.51,51.25,6.0
2023-12-31 16:00:00,6.53096,9.522186,282.41605,99258.62,51.25,6.0
2023-12-31 17:00:00,5.9618073,9.800507,282.47174,99268.5,51.25,6.0
2023-12-31 18:00:00,5.7084503,10.388428,282.45007,99280.875,51.25,6.0
2023-12-31 19:00:00,6.181183,10.77005,282.38806,99332.74,51.25,6.0
2023-12-31 20:00:00,7.050064,10.54187,282.16168,99369.7,51.25,6.0
2023-12-31 21:00:00,7.8223114,9.963348,281.7537,99400.38,51.25,6.0
2023-12-31 22:00:00,8.070236,10.383911,281.55783,99442.85,51.25,6.0
2023-12-31 23:00:00,8.253204,10.074646,281.6794,99477.266,51.25,6.0
2024-01-01 00:00:00,8.504059,10.066467,281.7788,99493.625,51.25,6.0
2024-01-01 01:00:00,8.542419,9.59079,281.25015,99497.79,51.25,6.0
2024-01-01 02:00:00,8.355606,9.36441,280.9909,99520.87,51.25,6.0
2024-01-01 03:00:00,8.920715,8.887192,280.91742,99535.625,51.25,6.0
2024-01-01 04:00:00,9.412384,8.765884,281.05377,99540.53,51.25,6.0
2024-01-01 05:00:00,9.514786,8.885529,281.03925,99567.97,51.25,6.0
2024-01-01 06:00:00,9.842499,8.5421295,280.95007,99595.766,51.25,6.0
2024-01-01 07:00:00,10.227936,7.6690063,280.58154,99680.37,51.25,6.0
2024-01-01 08:00:00,10.569962,6.55661,280.1372,99780.94,51.25,6.0
2024-01-01 09:00:00,10.4218445,6.225754,280.0909,99866.375,51.25,6.0
2024-01-01 10:00:00,9.002518,6.077423,280.32446,99956.06,51.25,6.0
2024-01-01 11:00:00,9.326019,5.319336,280.78275,100001.86,51.25,6.0
2024-01-01 12:00:00,8.162094,5.0000763,281.15808,100039.84,51.25,6.0
2024-01-01 13:00:00,7.426697,5.285782,281.35965,100058.83,51.25,6.0
2024-01-01 14:00:00,9.51738,5.203659,281.46274,100090.69,51.25,6.0
2024-01-01 15:00:00,9.139725,5.4447937,281.32544,100121.27,51.25,6.0
2024-01-01 16:00:00,8.677582,5.3321533,281.09604,100171.42,51.25,6.0
2024-01-01 17:00:00,7.6999054,5.1453705,280.7717,100218.54,51.25,6.0
2024-01-01 18:00:00,6.8075104,5.448105,280.50162,100220.375,51.25,6.0
2024-01-01 19:00:00,5.3609314,6.1635437,280.42767,100206.84,51.25,6.0
2024-01-01 20:00:00,3.9384308,7.210968,280.33057,100150.195,51.25,6.0
2024-01-01 21:00:00,3.3382416,7.7891083,280.26645,100081.7,51.25,6.0
2024-01-01 22:00:00,2.3206024,8.659317,280.60797,99985.234,51.25,6.0
2024-01-01 23:00:00,2.2621155,9.290268,280.60486,99859.54,51.25,6.0
2024-01-02 00:00:00,2.2679443,9.735001,280.57538,99742.09,51.25,6.0
2024-01-02 01:00:00,1.3000641,10.349075,280.5814,99520.016,51.25,6.0
2024-01-02 02:00:00,0.78507996,10.751678,280.40894,99301.17,51.25,6.0
2024-01-02 03:00:00,2.074051,10.973785,281.05707,99081.805,51.25,6.0
2024-01-02 04:00:00,5.3708496,10.94519,281.85583,98900.25,51.25,6.0
2024-01-02 05:00:00,9.034546,10.261322,282.48608,98771.89,51.25,6.0
2024-01-02 06:00:00,10.944687,7.74205,283.32147,98771.68,51.25,6.0
2024-01-02 07:00:00,11.098785,6.2411957,284.07288,98836.0,51.25,6.0
2024-01-02 08:00:00,10.646317,6.1085205,284.418,98906.0,51.25,6.0
2024-01-02 09:00:00,9.224228,6.7347107,284.5031,98936.59,51.25,6.0
2024-01-02 10:00:00,6.755554,8.026184,284.6859,98897.58,51.25,6.0
2024-01-02 11:00:00,5.976166,9.555176,284.37753,98862.31,51.25,6.0
2024-01-02 12:00:00,4.938751,10.368729,283.84555,98795.875,51.25,6.0
2024-01-02 13:00:00,4.577652,10.775574,283.32687,98601.42,51.25,6.0
2024-01-02 14:00:00,7.073349,11.466721,283.66327,98481.055,51.25,6.0
2024-01-02 15:00:00,6.8393707,11.384216,283.9706,98391.26,51.25,6.0
2024-01-02 16:00:00,5.7736664,12.249313,283.79993,98245.69,51.25,6.0
2024-01-02 17:00:00,8.357452,12.935104,284.00708,98162.0,51.25,6.0
2024-01-02 18:00:00,9.322418,12.545853,284.61853,98054.375,51.25,6.0
2024-01-02 19:00:00,12.3454895,11.24675,285.2438,98057.09,51.25,6.0
2024-01-02 20:00:00,15.559143,9.220917,285.19604,98119.93,51.25,6.0
2024-01-02 21:00:00,15.110733,8.88382,285.0019,98214.03,51.25,6.0
2024-01-02 22:00:00,13.956146,8.01358,284.8224,98224.484,51.25,6.0
2024-01-02 23:00:00,13.95697,8.076904,284.6319,98282.73,51.25,6.0
2024-01-03 00:00:00,13.732101,7.7052,284.23257,98363.84,51.25,6.0
2024-01-03 01:00:00,13.37442,7.8699036,283.8534,98456.33,51.25,6.0
2024-01-03 02:00:00,12.965454,7.760559,283.53326,98503.016,51.25,6.0
2024-01-03 03:00:00,12.731491,7.561493,283.10083,98550.78,51.25,6.0
2024-01-03 04:00:00,12.426468,7.5043793,283.26193,98559.61,51.25,6.0
2024-01-03 05:00:00,11.728012,7.8256226,283.32712,98579.24,51.25,6.0
2024-01-03 06:00:00,11.088547,8.042786,282.65723,98601.78,51.25,6.0
2024-01-03 07:00:00,11.315811,7.3168335,282.4301,98613.8,51.25,6.0
2024-01-03 08:00:00,12.427155,6.047943,282.28735,98626.914,51.25,6.0
2024-01-03 09:00:00,12.802734,6.3544617,282.68124,98694.914,51.25,6.0
2024-01-03 10:00:00,12.203445,6.173416,283.0683,98746.97,51.25,6.0
2024-01-03 11:00:00,11.5256195,6.5403137,283.46277,98758.05,51.25,6.0
2024-01-03 12:00:00,11.386276,6.423767,283.6658,98728.82,51.25,6.0
2024-01-03 13:00:00,11.131241,5.707443,283.53564,98682.266,51.25,6.0
2024-01-03 14:00:00,10.637955,5.6660614,283.70782,98657.82,51.25,6.0
2024-01-03 15:00:00,9.766724,5.700989,283.48218,98628.0,51.25,6.0
2024-01-03 16:00:00,9.213989,5.8537903,283.05966,98606.06,51.25,6.0
2024-01-03 17:00:00,8.875397,5.817749,282.68378,98597.25,51.25,6.0
2024-01-03 18:00:00,9.563034,5.814331,282.41144,98608.56,51.25,6.0
2024-01-03 19:00:00,10.738434,5.5072174,282.44305,98658.52,51.25,6.0
2024-01-03 20:00:00,11.515076,5.4921417,282.30554,98728.34,51.25,6.0
2024-01-03 21:00:00,12.07373,4.9116974,282.10828,98784.0,51.25,6.0
2024-01-03 22:00:00,10.308807,2.705658,281.5594,98813.78,51.25,6.0
2024-01-03 23:00:00,10.7331085,2.1553192,281.28354,98925.64,51.25,6.0
2024-01-04 00:00:00,11.214157,1.0235138,281.24902,99013.67,51.25,6.0
2024-01-04 01:00:00,10.97934,0.32809448,281.31308,99118.92,51.25,6.0
2024-01-04 02:00:00,10.109375,-0.6384735,281.4335,99232.22,51.25,6.0
2024-01-04 03:00:00,8.960571,-0.082977295,281.14746,99348.72,51.25,6.0
2024-01-04 04:00:00,8.733353,1.1794739,281.24597,99412.95,51.25,6.0
2024-01-04 05:00:00,9.666016,2.1441345,281.12906,99497.95,51.25,6.0
2024-01-04 06:00:00,9.908417,1.9862976,281.14215,99569.86,51.25,6.0
2024-01-04 07:00:00,9.22467,2.1749878,281.12732,99662.55,51.25,6.0
2024-01-04 08:00:00,8.981354,2.5933838,281.25824,99742.04,51.25,6.0
2024-01-04 09:00:00,9.042816,2.892517,281.19354,99794.34,51.25,6.0
2024-01-04 10:00:00,8.869049,1.96698,281.18372,99863.08,51.25,6.0
2024-01-04 11:00:00,9.171722,2.3598175,281.46173,99901.68,51.25,6.0
2024-01-04 12:00:00,9.354675,3.0027008,281.5926,99912.53,51.25,6.0
2024-01-04 13:00:00,8.47464,2.875,281.835,99916.28,51.25,6.0
2024-01-04 14:00:00,7.41803,2.621048,281.83844,99929.76,51.25,6.0
2024-01-04 15:00:00,6.346878,3.2692566,281.74442,99967.8,51.25,6.0
2024-01-04 16:00:00,5.1012573,4.254944,280.83734,99963.95,51.25,6.0
2024-01-04 17:00:00,4.0276947,5.054245,280.27014,99989.41,51.25,6.0
2024-01-04 18:00:00,2.6146393,5.401642,280.05524,99938.336,51.25,6.0
2024-01-04 19:00:00,0.9247894,5.6777344,280.26263,99931.13,51.25,6.0
2024-01-04 20:00:00,-0.34187317,6.0000916,280.52087,99872.234,51.25,6.0
2024-01-04 21:00:00,-1.270935,6.186325,280.76276,99829.14,51.25,6.0
2024-01-04 22:00:00,-0.27304077,7.021164,280.64392,99693.05,51.25,6.0
2024-01-04 23:00:00,0.011947632,7.105484,280.9466,99614.21,51.25,6.0
2024-01-05 00:00:00,0.13414001,7.8981323,281.14066,99536.79,51.25,6.0
2024-01-05 01:00:00,0.75761414,8.102356,281.64114,99459.625,51.25,6.0
2024-01-05 02:00:00,0.3313141,8.12294,281.67926,99377.16,51.25,6.0
2024-01-05 03:00:00,0.24076843,8.400711,281.17322,99311.83,51.25,6.0
2024-01-05 04:00:00,1.1302032,8.883728,281.20203,99246.36,51.25,6.0
2024-01-05 05:00:00,2.2914734,9.0816345,281.5724,99164.48,51.25,6.0
2024-01-05 06:00:00,4.1291504,9.434082,281.92657,99158.49,51.25,6.0
2024-01-05 07:00:00,5.3510895,10.140381,281.52408,99167.734,51.25,6.0
2024-01-05 08:00:00,5.924515,10.695801,281.1068,99164.92,51.25,6.0
2024-01-05 09:00:00,6.1419983,10.825333,280.80267,99156.8,51.25,6.0
2024-01-05 10:00:00,6.7850037,10.129669,280.79346,99247.56,51.25,6.0
2024-01-05 11:00:00,8.190552,9.72998,280.7653,99258.12,51.25,6.0
2024-01-05 12:00:00,8.388596,8.853683,280.54095,99211.16,51.25,6.0
2024-01-05 13:00:00,9.397247,9.21962,280.2334,99258.33,51.25,6.0
2024-01-05 14:00:00,9.216995,8.669373,280.0216,99276.984,51.25,6.0
2024-01-05 15:00:00,9.017502,8.357254,279.8037,99320.41,51.25,6.0
2024-01-05 16:00:00,9.543137,7.3721924,279.58432,99346.734,51.25,6.0
2024-01-05 17:00:00,9.395294,5.744812,279.5874,99412.45,51.25,6.0
2024-01-05 18:00:00,8.577545,4.461029,279.5832,99441.16,51.25,6.0
2024-01-05 19:00:00,7.421341,4.1714783,279.54495,99550.61,51.25,6.0
2024-01-05 20:00:00,6.826462,3.7491302,279.4553,99604.56,51.25,6.0
2024-01-05 21:00:00,6.5727386,3.0716858,279.44257,99666.16,51.25,6.0
2024-01-05 22:00:00,5.639786,1.636322,279.3448,99699.51,51.25,6.0
2024-01-05 23:00:00,4.8924255,0.26593018,279.60907,99773.09,51.25,6.0
2024-01-06 00:00:00,4.21402,-0.82180786,279.5905,99802.06,51.25,6.0
2024-01-06 01:00:00,3.8162994,-2.2999573,279.3707,99845.125,51.25,6.0
2024-01-06 02:00:00,3.109787,-3.3939056,279.2646,99891.32,51.25,6.0
2024-01-06 03:00:00,2.7242432,-3.2524414,278.97818,99985.06,51.25,6.0
2024-01-06 04:00:00,2.685089,-3.3212585,278.5053,100039.19,51.25,6.0
2024-01-06 05:00:00,2.6497803,-3.487442,278.11823,100083.17,51.25,6.0
2024-01-06 06:00:00,2.8622131,-3.7070618,277.79468,100155.03,51.25,6.0
2024-01-06 07:00:00,2.9360962,-3.845459,277.50024,100231.67,51.25,6.0
2024-01-06 08:00:00,2.9708252,-3.6693268,277.1974,100332.266,51.25,6.0
2024-01-06 09:00:00,2.6643066,-4.4400024,276.9503,100402.12,51.25,6.0
2024-01-06 10:00:00,1.8145599,-3.8940735,276.7328,100523.97,51.25,6.0
2024-01-06 11:00:00,1.5342255,-3.7559357,276.61743,100564.74,51.25,6.0
2024-01-06 12:00:00,1.8255005,-4.443756,276.52643,100582.7,51.25,6.0
2024-01-06 13:00:00,1.6593933,-4.839218,276.32465,100592.06,51.25,6.0
2024-01-06 14:00:00,1.4190063,-4.851288,276.2069,100646.95,51.25,6.0
2024-01-06 15:00:00,1.1996765,-4.7600555,276.1007,100732.484,51.25,6.0
2024-01-06 16:00:00,1.4315796,-4.80719,275.8844,100773.7,51.25,6.0
2024-01-06 17:00:00,1.6144867,-5.102524,275.77133,100834.766,51.25,6.0
2024-01-06 18:00:00,1.1652527,-5.287842,275.5824,100884.85,51.25,6.0
2024-01-06 19:00:00,0.31053162,-5.156296,275.39154,100931.484,51.25,6.0
2024-01-06 20:00:00,0.048797607,-4.793228,275.2282,100981.34,51.25,6.0
2024-01-06 21:00:00,0.30647278,-4.5099335,275.02032,100995.65,51.25,6.0
2024-01-06 22:00:00,0.51104736,-3.5424652,274.8581,101037.08,51.25,6.0
2024-01-06 23:00:00,0.7902374,-4.2035217,274.73248,101071.695,51.25,6.0
2024-01-07 00:00:00,0.2903595,-4.9232635,274.61487,101130.03,51.25,6.0
2024-01-07 01:00:00,-0.5512085,-4.980942,274.56458,101179.266,51.25,6.0
2024-01-07 02:00:00,-0.85269165,-4.844528,274.54782,101202.28,51.25,6.0
2024-01-07 03:00:00,-1.3125458,-5.175003,274.49817,101233.67,51.25,6.0
2024-01-07 04:00:00,-2.183197,-5.195801,274.42316,101294.586,51.25,6.0
2024-01-07 05:00:00,-2.899643,-5.16893,274.2671,101346.266,51.25,6.0
2024-01-07 06:00:00,-2.9321136,-5.336334,274.10568,101402.81,51.25,6.0
2024-01-07 07:00:00,-2.9609528,-5.4710083,273.86987,101480.87,51.25,6.0
2024-01-07 08:00:00,-3.2534485,-5.63414,273.72678,101558.016,51.25,6.0
2024-01-07 09:00:00,-4.038208,-5.822006,273.60583,101653.84,51.25,6.0
2024-01-07 10:00:00,-3.9503326,-4.8279877,273.4693,101713.11,51.25,6.0
2024-01-07 11:00:00,-4.0178986,-5.105591,273.46658,101761.625,51.25,6.0
2024-01-07 12:00:00,-4.357849,-5.5217285,273.51074,101763.586,51.25,6.0
2024-01-07 13:00:00,-5.2411957,-6.184723,273.38895,101802.44,51.25,6.0
2024-01-07 14:00:00,-6.3248596,-6.337631,273.2118,101881.6,51.25,6.0
2024-01-07 15:00:00,-6.9403076,-5.8820953,272.92755,101970.49,51.25,6.0
2024-01-07 16:00:00,-6.9062805,-5.7742615,272.68738,102051.69,51.25,6.0
2024-01-07 17:00:00,-6.7168274,-5.603546,272.6076,102153.64,51.25,6.0
2024-01-07 18:00:00,-6.355438,-5.3237915,272.50638,102177.32,51.25,6.0
2024-01-07 19:00:00,-6.028122,-5.514221,272.4327,102244.26,51.25,6.0
2024-01-07 20:00:00,-5.5186005,-5.7696533,272.25684,102270.33,51.25,6.0
2024-01-07 21:00:00,-4.98703,-5.8511047,272.0434,102294.516,51.25,6.0
2024-01-07 22:00:00,-4.3174286,-5.402237,271.56915,102312.016,51.25,6.0
2024-01-07 23:00:00,-4.6800995,-5.5273743,271.5955,102338.85,51.25,6.0
2024-01-08 00:00:00,-5.300659,-5.2231903,271.4877,102369.42,51.25,6.0
2024-01-08 01:00:00,-5.665741,-4.9333954,271.27396,102383.61,51.25,6.0
2024-01-08 02:00:00,-5.4660797,-4.9891815,271.06152,102397.38,51.25,6.0
2024-01-08 03:00:00,-5.2744293,-5.4819336,271.02435,102414.484,51.25,6.0
2024-01-08 04:00:00,-4.4644012,-6.052429,270.95026,102436.2,51.25,6.0
2024-01-08 05:00:00,-4.3009796,-6.14151,270.88974,102430.92,51.25,6.0
2024-01-08 06:00:00,-4.2134094,-6.266754,270.94336,102432.95,51.25,6.0
2024-01-08 07:00:00,-4.628708,-6.5132294,270.9831,102441.3,51.25,6.0
2024-01-08 08:00:00,-4.060669,-6.07428,271.06903,102460.05,51.25,6.0
2024-01-08 09:00:00,-5.6845856,-6.1392975,271.2448,102479.66,51.25,6.0
2024-01-08 10:00:00,-7.064987,-5.370987,271.42487,102529.63,51.25,6.0
2024-01-08 11:00:00,-7.3035583,-5.1732025,271.58783,102500.19,51.25,6.0
2024-01-08 12:00:00,-7.5794373,-4.7934875,271.7127,102440.74,51.25,6.0
2024-01-08 13:00:00,-7.6275635,-4.5587463,271.6801,102451.97,51.25,6.0
2024-01-08 14:00:00,-7.5440216,-4.709961,271.50754,102474.34,51.25,6.0
2024-01-08 15:00:00,-7.1907043,-4.596634,271.0303,102490.25,51.25,6.0
2024-01-08 16:00:00,-7.9903564,-4.498581,270.552,102538.61,51.25,6.0
2024-01-08 17:00:00,-8.621628,-4.2746887,270.31885,102588.94,51.25,6.0
2024-01-08 18:00:00,-8.888718,-3.7198486,270.1523,102628.91,51.25,6.0
2024-01-08 19:00:00,-8.711929,-2.8381805,269.89447,102674.16,51.25,6.0
2024-01-08 20:00:00,-8.158295,-2.2792206,269.6092,102686.34,51.25,6.0
2024-01-08 21:00:00,-7.9652863,-2.5721588,269.36136,102685.7,51.25,6.0
2024-01-08 22:00:00,-7.482361,-2.7303925,269.09778,102693.81,51.25,6.0
2024-01-08 23:00:00,-7.689041,-2.6304626,268.83316,102714.16,51.25,6.0
2024-01-09 00:00:00,-7.6344604,-2.9763184,268.6324,102716.89,51.25,6.0
2024-01-09 01:00:00,-7.8050385,-2.8606262,268.3977,102738.83,51.25,6.0
2024-01-09 02:00:00,-7.6376953,-2.4219055,268.10376,102714.8,51.25,6.0
2024-01-09 03:00:00,-7.5814514,-2.3854675,267.82043,102714.336,51.25,6.0
2024-01-09 04:00:00,-7.8237915,-2.5099792,267.60278,102705.72,51.25,6.0
2024-01-09 05:00:00,-7.7417145,-2.3225555,267.39368,102688.59,51.25,6.0
2024-01-09 06:00:00,-7.4566803,-2.355133,267.24518,102695.06,51.25,6.0
2024-01-09 07:00:00,-7.276779,-2.7062988,267.05875,102707.48,51.25,6.0
2024-01-09 08:00:00,-7.279312,-3.0201416,267.11627,102741.93,51.25,6.0
2024-01-09 09:00:00,-6.6566315,-3.2795868,267.91614,102769.13,51.25,6.0
2024-01-09 10:00:00,-6.259735,-3.273117,268.89716,102749.66,51.25,6.0
2024-01-09 11:00:00,-6.296463,-3.081253,270.11517,102720.78,51.25,6.0
2024-01-09 12:00:00,-6.1009064,-3.2384949,271.2047,102657.88,51.25,6.0
2024-01-09 13:00:00,-6.1882477,-3.8476868,272.02048,102589.09,51.25,6.0
2024-01-09 14:00:00,-6.1868896,-4.391159,272.33252,102563.22,51.25,6.0
2024-01-09 15:00:00,-7.4562225,-4.436737,272.0123,102545.734,51.25,6.0
2024-01-09 16:00:00,-8.053635,-4.337021,271.21265,102552.03,51.25,6.0
2024-01-09 17:00:00,-8.265671,-3.8805847,270.67996,102569.88,51.25,6.0
2024-01-09 18:00:00,-8.135162,-3.5080566,270.2492,102578.23,51.25,6.0
2024-01-09 19:00:00,-7.8512115,-3.1334534,269.97095,102592.25,51.25,6.0
2024-01-09 20:00:00,-7.524826,-2.7280884,269.43268,102587.16,51.25,6.0
2024-01-09 21:00:00,-7.3361053,-2.7041626,268.91113,102582.22,51.25,6.0
2024-01-09 22:00:00,-6.455673,-3.0465546,268.59912,102518.53,51.25,6.0
2024-01-09 23:00:00,-6.724655,-3.0287476,268.43823,102524.66,51.25,6.0
2024-01-10 00:00:00,-6.4699707,-2.9797668,268.1148,102502.125,51.25,6.0
2024-01-10 01:00:00,-6.355362,-2.7625275,267.6604,102501.2,51.25,6.0
2024-01-10 02:00:00,-6.258545,-3.0220032,267.42303,102447.95,51.25,6.0
2024-01-10 03:00:00,-6.381134,-2.8109894,267.05548,102421.94,51.25,6.0
2024-01-10 04:00:00,-6.3862,-2.0905762,266.81757,102441.58,51.25,6.0
2024-01-10 05:00:00,-6.26947,-1.9541931,266.7604,102392.58,51.25,6.0
2024-01-10 06:00:00,-6.244339,-2.2411957,266.68643,102390.766,51.25,6.0
2024-01-10 07:00:00,-6.2267,-2.1462402,266.72012,102364.85,51.25,6.0
2024-01-10 08:00:00,-6.170105,-1.7249603,266.71442,102398.56,51.25,6.0
2024-01-10 09:00:00,-6.0475464,-1.1313019,267.84674,102421.36,51.25,6.0
2024-01-10 10:00:00,-4.865799,-0.5597229,269.27893,102405.38,51.25,6.0
2024-01-10 11:00:00,-4.545059,-0.20410156,270.70227,102389.22,51.25,6.0
2024-01-10 12:00:00,-4.6361237,-0.22148132,271.79242,102355.75,51.25,6.0
2024-01-10 13:00:00,-4.7205505,-0.62135315,272.45963,102322.97,51.25,6.0
2024-01-10 14:00:00,-4.9486694,-0.79241943,272.7229,102324.766,51.25,6.0
2024-01-10 15:00:00,-5.2435303,-0.9359131,272.525,102348.92,51.25,6.0
2024-01-10 16:00:00,-5.712845,-1.0602264,271.80872,102377.734,51.25,6.0
2024-01-10 17:00:00,-5.9703064,-0.58348083,270.92017,102405.69,51.25,6.0
2024-01-10 18:00:00,-5.84639,-0.40811157,270.38904,102442.0,51.25,6.0
2024-01-10 19:00:00,-5.630951,-0.256073,269.87378,102475.14,51.25,6.0
2024-01-10 20:00:00,-5.087982,-0.13310242,269.41238,102539.625,51.25,6.0
2024-01-10 21:00:00,-4.9292297,-0.6904297,268.89642,102547.92,51.25,6.0
2024-01-10 22:00:00,-4.5271606,-1.5664215,268.7784,102568.19,51.25,6.0
2024-01-10 23:00:00,-4.608322,-2.3854523,268.40924,102625.18,51.25,6.0
2024-01-11 00:00:00,-4.377838,-2.7850647,268.06537,102631.11,51.25,6.0
2024-01-11 01:00:00,-3.9853058,-2.876068,267.48413,102664.55,51.25,6.0
2024-01-11 02:00:00,-3.7458344,-2.7585754,266.77185,102660.805,51.25,6.0
2024-01-11 03:00:00,-3.4612885,-2.7787018,266.39038,102685.61,51.25,6.0
2024-01-11 04:00:00,-3.2510223,-3.2572784,266.4683,102677.086,51.25,6.0
2024-01-11 05:00:00,-3.472763,-4.0302277,266.77545,102701.44,51.25,6.0
2024-01-11 06:00:00,-3.512436,-3.9006958,266.29224,102777.25,51.25,6.0
2024-01-11 07:00:00,-2.8967438,-3.3145447,265.579,102767.234,51.25,6.0
2024-01-11 08:00:00,-2.774704,-4.0416107,265.94507,102828.89,51.25,6.0
2024-01-11 09:00:00,-2.53685,-3.645218,267.6712,102849.24,51.25,6.0
2024-01-11 10:00:00,-2.5064697,-3.1704254,269.19952,102884.29,51.25,6.0
2024-01-11 11:00:00,-1.9833679,-3.4158325,270.67093,102902.36,51.25,6.0
2024-01-11 12:00:00,-1.3614349,-3.6782837,272.0459,102903.586,51.25,6.0
2024-01-11 13:00:00,-0.8184662,-3.5522614,272.7733,102866.734,51.25,6.0
2024-01-11 14:00:00,-0.5771332,-3.926773,273.0082,102874.39,51.25,6.0
2024-01-11 15:00:00,-0.0960083,-3.8758392,272.5452,102876.81,51.25,6.0
2024-01-11 16:00:00,0.39889526,-3.5619812,271.87805,102878.5,51.25,6.0
2024-01-11 17:00:00,0.3942871,-2.845581,271.78632,102900.16,51.25,6.0
2024-01-11 18:00:00,0.9030609,-2.0075836,272.0356,102893.734,51.25,6.0
2024-01-11 19:00:00,1.4160461,-1.598526,271.55066,102883.16,51.25,6.0
2024-01-11 20:00:00,1.8900452,-1.2364655,271.98224,102896.875,51.25,6.0
2024-01-11 21:00:00,2.1716003,-1.171051,272.11023,102890.02,51.25,6.0
2024-01-11 22:00:00,1.6298828,-0.7902832,272.4201,102910.45,51.25,6.0
2024-01-11 23:00:00,1.6909485,-1.2123718,272.6563,102898.45,51.25,6.0
2024-01-12 00:00:00,0.86102295,-1.0832214,272.78854,102878.164,51.25,6.0
2024-01-12 01:00:00,0.7377777,-0.7605438,272.32346,102882.445,51.25,6.0
2024-01-12 02:00:00,0.53344727,-1.4170074,272.5675,102908.734,51.25,6.0
2024-01-12 03:00:00,0.019165039,-1.5864258,272.9842,102888.53,51.25,6.0
2024-01-12 04:00:00,-0.48262024,-1.5319672,273.0244,102855.234,51.25,6.0
2024-01-12 05:00:00,-0.73760986,-1.2922974,272.93484,102840.516,51.25,6.0
2024-01-12 06:00:00,-0.6255493,-0.9814911,272.74554,102843.75,51.25,6.0
2024-01-12 07:00:00,-0.23947144,-0.66630554,272.70767,102857.36,51.25,6.0
2024-01-12 08:00:00,0.40029907,-0.66845703,272.5407,102869.734,51.25,6.0
2024-01-12 09:00:00,1.0187225,-0.63031006,273.08795,102877.11,51.25,6.0
2024-01-12 10:00:00,1.3899078,-0.8517761,273.8197,102887.516,51.25,6.0
2024-01-12 11:00:00,1.3002319,-0.78500366,274.1986,102890.44,51.25,6.0
2024-01-12 12:00:00,1.502121,-0.59942627,274.34283,102821.68,51.25,6.0
2024-01-12 13:00:00,1.9810486,-0.37702942,274.514,102763.516,51.25,6.0
2024-01-12 14:00:00,2.5520325,0.09825134,274.69562,102701.84,51.25,6.0
2024-01-12 15:00:00,3.2859192,0.46688843,274.74762,102686.47,51.25,6.0
2024-01-12 16:00:00,3.8173828,0.36471558,274.61493,102670.51,51.25,6.0
2024-01-12 17:00:00,4.3936462,0.22337341,274.4413,102665.44,51.25,6.0
2024-01-12 18:00:00,4.819824,0.20231628,274.13562,102649.47,51.25,6.0
2024-01-12 19:00:00,4.7211456,0.17765808,274.3446,102636.016,51.25,6.0
2024-01-12 20:00:00,4.623642,0.19850159,274.46747,102616.94,51.25,6.0
2024-01-12 21:00:00,4.6853485,0.18818665,274.4956,102580.17,51.25,6.0
2024-01-12 22:00:00,4.3335114,-0.75987244,274.575,102539.516,51.25,6.0
2024-01-12 23:00:00,4.0590057,-0.19885254,274.61383,102486.41,51.25,6.0
2024-01-13 00:00:00,4.5907593,0.8046417,274.552,102414.06,51.25,6.0
2024-01-13 01:00:00,5.0576324,1.2820435,274.701,102369.45,51.25,6.0
2024-01-13 02:00:00,5.3870544,1.3446655,274.7188,102325.79,51.25,6.0
2024-01-13 03:00:00,5.4794617,2.015686,274.68497,102273.305,51.25,6.0
2024-01-13 04:00:00,5.626068,3.0096283,274.87354,102194.2,51.25,6.0
2024-01-13 05:00:00,5.811615,3.232605,275.0774,102142.03,51.25,6.0
2024-01-13 06:00:00,6.2809753,2.387024,274.997,102120.02,51.25,6.0
2024-01-13 07:00:00,6.5253143,2.694641,274.88123,102073.88,51.25,6.0
2024-01-13 08:00:00,6.567993,3.6173859,274.85968,101983.06,51.25,6.0
2024-01-13 09:00:00,6.6921234,3.298996,275.0667,101926.695,51.25,6.0
2024-01-13 10:00:00,6.0564423,3.0630493,275.26837,101911.92,51.25,6.0
2024-01-13 11:00:00,6.1631927,3.1253052,275.3205,101863.875,51.25,6.0
2024-01-13 12:00:00,6.662628,2.5927734,275.30612,101774.15,51.25,6.0
2024-01-13 13:00:00,7.089142,1.4592743,275.53235,101712.086,51.25,6.0
2024-01-13 14:00:00,6.764557,0.91799927,275.55652,101666.97,51.25,6.0
2024-01-13 15:00:00,7.0396423,1.2962952,275.40137,101626.92,51.25,6.0
2024-01-13 16:00:00,7.3571167,1.917572,275.2384,101597.39,51.25,6.0
2024-01-13 17:00:00,7.6766205,2.422287,274.99957,101567.734,51.25,6.0
2024-01-13 18:00:00,8.026138,2.7615814,274.73962,101541.83,51.25,6.0
2024-01-13 19:00:00,8.154495,3.0429688,274.55005,101512.08,51.25,6.0
2024-01-13 20:00:00,8.182678,3.256363,274.35132,101437.266,51.25,6.0
2024-01-13 21:00:00,8.123978,3.449997,274.2069,101367.734,51.25,6.0
2024-01-13 22:00:00,7.1536407,3.4348907,274.30066,101312.375,51.25,6.0
2024-01-13 23:00:00,7.1904907,3.8197174,274.1964,101247.19,51.25,6.0
2024-01-14 00:00:00,7.5073853,3.591507,274.10034,101195.12,51.25,6.0
2024-01-14 01:00:00,7.770645,3.5539093,274.04895,101124.805,51.25,6.0
2024-01-14 02:00:00,7.796234,3.5574646,273.9682,101082.5,51.25,6.0
2024-01-14 03:00:00,7.856949,3.5186462,273.96704,101025.05,51.25,6.0
2024-01-14 04:00:00,7.9682617,3.4917145,273.9259,100971.87,51.25,6.0
2024-01-14 05:00:00,7.8026276,3.3630524,273.92163,100922.3,51.25,6.0
2024-01-14 06:00:00,7.499283,3.5411377,273.74356,100870.62,51.25,6.0
2024-01-14 07:00:00,7.2703857,3.9782867,273.54218,100823.69,51.25,6.0
2024-01-14 08:00:00,7.267273,4.400589,273.52283,100806.83,51.25,6.0
2024-01-14 09:00:00,7.184128,4.8776245,273.48956,100768.336,51.25,6.0
2024-01-14 10:00:00,6.1568146,4.6630707,273.43933,100771.22,51.25,6.0
2024-01-14 11:00:00,6.200989,4.6664276,273.43475,100694.56,51.25,6.0
2024-01-14 12:00:00,6.2769165,4.527054,273.6398,100578.72,51.25,6.0
2024-01-14 13:00:00,7.3619537,4.804535,273.57507,100472.11,51.25,6.0
2024-01-14 14:00:00,6.9585266,4.778244,273.61188,100398.86,51.25,6.0
2024-01-14 15:00:00,6.4427185,4.5480804,273.56885,100316.445,51.25,6.0
2024-01-14 16:00:00,7.5908203,4.922516,273.41248,100246.91,51.25,6.0
2024-01-14 17:00:00,7.9673004,4.5164795,273.38828,100185.28,51.25,6.0
2024-01-14 18:00:00,8.478851,4.5352325,273.42828,100123.14,51.25,6.0
2024-01-14 19:00:00,8.983673,4.2147675,273.53207,100088.81,51.25,6.0
2024-01-14 20:00:00,9.440399,3.5949554,273.62347,100031.48,51.25,6.0
2024-01-14 21:00:00,9.46788,2.7556305,273.65057,99993.86,51.25,6.0
2024-01-14 22:00:00,8.799484,2.6982727,273.77722,99983.3,51.25,6.0
2024-01-14 23:00:00,8.944595,2.2748108,273.91617,99967.625,51.25,6.0
2024-01-15 00:00:00,8.814224,1.7643433,273.88556,99916.695,51.25,6.0
2024-01-15 01:00:00,8.408188,1.4088593,273.76593,99895.11,51.25,6.0
2024-01-15 02:00:00,8.169937,1.5899963,273.73004,99844.85,51.25,6.0
2024-01-15 03:00:00,8.332687,2.115799,273.8365,99854.38,51.25,6.0
2024-01-15 04:00:00,8.471039,2.366272,273.87357,99829.766,51.25,6.0
2024-01-15 05:00:00,8.567032,2.1128235,273.8955,99788.57,51.25,6.0
2024-01-15 06:00:00,8.633865,1.885788,273.74786,99741.125,51.25,6.0
2024-01-15 07:00:00,8.659058,1.7119293,273.84094,99725.87,51.25,6.0
2024-01-15 08:00:00,9.002365,1.3269958,273.94897,99737.78,51.25,6.0
2024-01-15 09:00:00,9.199356,0.54141235,273.9974,99731.734,51.25,6.0
2024-01-15 10:00:00,8.082794,0.3466339,274.34418,99779.09,51.25,6.0
2024-01-15 11:00:00,8.324066,1.1175995,274.86237,99758.95,51.25,6.0
2024-01-15 12:00:00,10.074432,-0.814209,274.6311,99773.73,51.25,6.0
2024-01-15 13:00:00,9.5039215,-1.794693,274.68646,99799.17,51.25,6.0
2024-01-15 14:00:00,9.821121,-3.1829224,274.64062,99848.45,51.25,6.0
2024-01-15 15:00:00,8.986679,-3.1250458,274.1877,99910.984,51.25,6.0
2024-01-15 16:00:00,8.687881,-2.6712646,274.0345,99988.016,51.25,6.0
2024-01-15 17:00:00,8.608948,-1.7804413,273.91235,100064.02,51.25,6.0
2024-01-15 18:00:00,8.783844,-0.5267029,273.83655,100126.38,51.25,6.0
2024-01-15 19:00:00,9.07164,0.38467407,273.66302,100199.22,51.25,6.0
2024-01-15 20:00:00,9.263443,0.49446106,273.552,100266.516,51.25,6.0
2024-01-15 21:00:00,9.17131,0.58166504,273.735,100285.94,51.25,6.0
2024-01-15 22:00:00,8.434525,1.322876,273.63364,100357.28,51.25,6.0
2024-01-15 23:00:00,8.519867,1.6275177,273.64685,100397.34,51.25,6.0
2024-01-16 00:00:00,8.211426,1.315033,273.6011,100414.05,51.25,6.0
2024-01-16 01:00:00,8.169205,0.74046326,273.5583,100471.875,51.25,6.0
2024-01-16 02:00:00,7.819168,0.87187195,273.55972,100487.125,51.25,6.0
2024-01-16 03:00:00,7.626297,1.9004974,273.4047,100505.125,51.25,6.0
2024-01-16 04:00:00,7.5118103,2.5481262,273.25702,100497.22,51.25,6.0
2024-01-16 05:00:00,7.0760345,2.864563,273.0658,100482.22,51.25,6.0
2024-01-16 06:00:00,6.7291718,3.1220093,272.5965,100436.086,51.25,6.0
2024-01-16 07:00:00,6.575699,3.5989075,272.3198,100444.29,51.25,6.0
2024-01-16 08:00:00,6.615616,4.0129395,272.30414,100494.14,51.25,6.0
2024-01-16 09:00:00,6.51976,4.2781982,272.4645,100511.24,51.25,6.0
2024-01-16 10:00:00,5.016403,4.3800964,272.81607,100481.95,51.25,6.0
2024-01-16 11:00:00,5.0526123,3.8282013,273.4674,100456.836,51.25,6.0
2024-01-16 12:00:00,4.5848694,3.449997,274.19238,100424.45,51.25,6.0
2024-01-16 13:00:00,4.491516,3.4994202,274.49493,100362.2,51.25,6.0
2024-01-16 14:00:00,4.3652496,3.7668762,274.57474,100324.17,51.25,6.0
2024-01-16 15:00:00,3.7719421,4.151306,274.17166,100266.0,51.25,6.0
2024-01-16 16:00:00,3.8926544,5.0410614,273.22626,100263.516,51.25,6.0
2024-01-16 17:00:00,4.15921,5.598358,272.5808,100265.16,51.25,6.0
2024-01-16 18:00:00,3.9414062,5.4492188,272.16983,100203.44,51.25,6.0
2024-01-16 19:00:00,3.611557,5.393875,271.8264,100154.97,51.25,6.0
2024-01-16 20:00:00,3.079239,5.4471283,271.46228,100083.28,51.25,6.0
2024-01-16 21:00:00,3.3538818,6.390274,271.1692,100059.21,51.25,6.0
2024-01-16 22:00:00,3.3222198,6.0812683,270.72778,99971.6,51.25,6.0
2024-01-16 23:00:00,2.9361877,5.830139,270.37387,99878.66,51.25,6.0
2024-01-17 00:00:00,2.9294128,5.363449,270.03217,99800.56,51.25,6.0
2024-01-17 01:00:00,1.5628204,5.287262,269.79898,99661.484,51.25,6.0
2024-01-17 02:00:00,0.7649231,5.2229156,269.41736,99587.33,51.25,6.0
2024-01-17 03:00:00,0.8740845,5.039978,268.989,99510.695,51.25,6.0
2024-01-17 04:00:00,-0.27687073,4.017166,268.81387,99346.2,51.25,6.0
2024-01-17 05:00:00,-1.1953735,3.4884338,268.857,99231.586,51.25,6.0
2024-01-17 06:00:00,-2.0062866,3.4798431,269.02182,99099.766,51.25,6.0
2024-01-17 07:00:00,-2.3588867,3.4595184,269.48352,99008.72,51.25,6.0
2024-01-17 08:00:00,-2.122818,3.4134674,269.97705,98904.16,51.25,6.0
2024-01-17 09:00:00,-2.2352905,2.822052,270.52866,98787.984,51.25,6.0
2024-01-17 10:00:00,-2.3325348,0.85580444,271.1489,98747.266,51.25,6.0
2024-01-17 11:00:00,-1.8392181,0.685791,271.5314,98671.87,51.25,6.0
2024-01-17 12:00:00,-2.2358856,-0.51467896,271.35706,98551.81,51.25,6.0
2024-01-17 13:00:00,-2.9126892,-1.3892517,271.301,98404.06,51.25,6.0
2024-01-17 14:00:00,-2.828659,-0.755661,271.3448,98367.34,51.25,6.0
2024-01-17 15:00:00,-2.6115723,-2.473938,271.41977,98335.47,51.25,6.0
2024-01-17 16:00:00,-2.8889313,-3.7261963,271.4619,98312.2,51.25,6.0
2024-01-17 17:00:00,-2.6142883,-3.837494,271.43262,98316.79,51.25,6.0
2024-01-17 18:00:00,-1.9203796,-4.6419067,271.4082,98380.016,51.25,6.0
2024-01-17 19:00:00,-1.199295,-4.756897,271.30212,98428.03,51.25,6.0
2024-01-17 20:00:00,-0.74090576,-4.283844,271.23566,98517.54,51.25,6.0
2024-01-17 21:00:00,-0.43310547,-4.0294037,271.22513,98581.63,51.25,6.0
2024-01-17 22:00:00,-0.8878174,-3.7975464,271.06876,98696.31,51.25,6.0
2024-01-17 23:00:00,-0.7259674,-3.0603027,271.12814,98744.47,51.25,6.0
2024-01-18 00:00:00,0.24308777,-3.0113525,270.8651,98791.05,51.25,6.0
2024-01-18 01:00:00,0.8021698,-3.4798126,270.75323,98870.7,51.25,6.0
2024-01-18 02:00:00,0.047195435,-3.258789,270.5153,98911.375,51.25,6.0
2024-01-18 03:00:00,-0.50180054,-3.802246,270.42905,98929.55,51.25,6.0
2024-01-18 04:00:00,-0.69044495,-4.637726,270.1479,98945.11,51.25,6.0
2024-01-18 05:00:00,-0.37008667,-5.006378,269.76703,99015.7,51.25,6.0
2024-01-18 06:00:00,-0.33355713,-4.916519,268.88132,99082.3,51.25,6.0
2024-01-18 07:00:00,-0.37168884,-4.827484,267.89197,99173.875,51.25,6.0
2024-01-18 08:00:00,-0.0013122559,-5.1655273,266.96704,99226.47,51.25,6.0
2024-01-18 09:00:00,0.7923126,-5.177017,266.89496,99343.766,51.25,6.0
2024-01-18 10:00:00,1.3645782,-3.7006378,269.6245,99470.766,51.25,6.0
2024-01-18 11:00:00,2.2804565,-2.2678986,272.4251,99557.16,51.25,6.0
2024-01-18 12:00:00,3.2728577,-1.6246338,274.1841,99623.8,51.25,6.0
2024-01-18 13:00:00,4.340088,-1.7534485,274.94434,99716.28,51.25,6.0
2024-01-18 14:00:00,5.025894,-1.9946594,274.83112,99829.305,51.25,6.0
2024-01-18 15:00:00,5.571045,-1.7577972,274.33716,99940.03,51.25,6.0
2024-01-18 16:00:00,6.019333,-1.9307861,273.28253,100078.5,51.25,6.0
2024-01-18 17:00:00,5.7670746,-2.7104034,272.41525,100221.836,51.25,6.0
2024-01-18 18:00:00,5.058182,-2.6439056,271.18088,100335.44,51.25,6.0
2024-01-18 19:00:00,4.6586304,-2.1617737,269.79263,100449.04,51.25,6.0
2024-01-18 20:00:00,4.504135,-1.4690399,268.90454,100543.69,51.25,6.0
2024-01-18 21:00:00,4.7192535,-0.48739624,267.89966,100670.734,51.25,6.0
2024-01-18 22:00:00,5.2892456,0.46665955,270.2531,100761.34,51.25,6.0
2024-01-18 23:00:00,6.0485992,1.1444244,270.45474,100838.055,51.25,6.0
2024-01-19 00:00:00,6.655136,1.6011505,270.7544,100883.09,51.25,6.0
2024-01-19 01:00:00,6.8542023,1.5836182,270.8664,100948.766,51.25,6.0
2024-01-19 02:00:00,6.618759,2.1420593,270.86337,100998.375,51.25,6.0
2024-01-19 03:00:00,6.487549,3.0354767,270.64612,101048.83,51.25,6.0
2024-01-19 04:00:00,6.8716125,3.1094208,271.10468,101087.25,51.25,6.0
2024-01-19 05:00:00,7.060364,2.7267609,271.44916,101151.695,51.25,6.0
2024-01-19 06:00:00,6.946457,2.2189026,271.46112,101220.586,51.25,6.0
2024-01-19 07:00:00,6.7667084,1.8269806,271.04718,101311.28,51.25,6.0
2024-01-19 08:00:00,6.613205,1.9051819,270.6067,101387.08,51.25,6.0
2024-01-19 09:00:00,6.427597,2.0254517,271.17712,101474.69,51.25,6.0
2024-01-19 10:00:00,5.2291107,2.583725,272.3001,101555.41,51.25,6.0
2024-01-19 11:00:00,4.6488495,2.8621674,273.42462,101630.11,51.25,6.0
2024-01-19 12:00:00,4.576172,3.1189423,274.45386,101635.95,51.25,6.0
2024-01-19 13:00:00,4.7397003,2.9456482,275.2522,101653.2,51.25,6.0
2024-01-19 14:00:00,4.7689514,3.0565186,275.4238,101683.3,51.25,6.0
2024-01-19 15:00:00,5.597229,3.6384277,274.89044,101744.12,51.25,6.0
2024-01-19 16:00:00,6.0607605,4.4554443,273.56372,101806.7,51.25,6.0
2024-01-19 17:00:00,6.35466,4.9070435,272.48743,101863.75,51.25,6.0
2024-01-19 18:00:00,6.578232,5.151428,272.18433,101948.17,51.25,6.0
2024-01-19 19:00:00,6.4829865,5.6180573,271.99808,102027.37,51.25,6.0
2024-01-19 20:00:00,6.4384613,5.7714233,271.63287,102057.16,51.25,6.0
2024-01-19 21:00:00,6.357147,5.836319,271.4894,102076.22,51.25,6.0
2024-01-19 22:00:00,6.2583923,5.601471,271.59372,102100.88,51.25,6.0
2024-01-19 23:00:00,6.570694,5.553116,271.5562,102151.87,51.25,6.0
2024-01-20 00:00:00,6.6000214,5.527069,271.4497,102197.11,51.25,6.0
2024-01-20 01:00:00,6.6895294,5.474243,271.56738,102200.61,51.25,6.0
2024-01-20 02:00:00,7.0192413,4.9636383,271.4795,102234.75,51.25,6.0
2024-01-20 03:00:00,7.090378,4.8700714,271.35474,102271.766,51.25,6.0
2024-01-20 04:00:00,6.7287903,5.4171906,271.25854,102273.83,51.25,6.0
2024-01-20 05:00:00,6.524948,5.650223,271.13065,102319.375,51.25,6.0
2024-01-20 06:00:00,6.401169,5.6325073,270.8498,102361.53,51.25,6.0
2024-01-20 07:00:00,5.989029,5.890396,270.7544,102379.22,51.25,6.0
2024-01-20 08:00:00,5.5799866,6.050049,270.52637,102431.99,51.25,6.0
2024-01-20 09:00:00,5.4660187,6.071579,271.18607,102473.44,51.25,6.0
2024-01-20 10:00:00,4.494217,5.454788,271.63403,102489.8,51.25,6.0
2024-01-20 11:00:00,4.2390137,5.02417,272.51923,102501.03,51.25,6.0
2024-01-20 12:00:00,3.807724,4.538849,273.57874,102460.164,51.25,6.0
2024-01-20 13:00:00,3.1545258,4.3348846,274.26422,102393.984,51.25,6.0
2024-01-20 14:00:00,2.6668243,4.662384,274.4018,102358.39,51.25,6.0
2024-01-20 15:00:00,2.617447,5.286667,273.57327,102363.97,51.25,6.0
2024-01-20 16:00:00,2.3587036,5.690735,272.06198,102355.17,51.25,6.0
2024-01-20 17:00:00,2.2332306,5.865265,271.00717,102368.5,51.25,6.0
2024-01-20 18:00:00,2.0063934,5.9463043,270.51627,102345.28,51.25,6.0
2024-01-20 19:00:00,1.4205017,6.322586,270.58374,102314.75,51.25,6.0
2024-01-20 20:00:00,0.29904175,6.7309875,270.61188,102238.16,51.25,6.0
2024-01-20 21:00:00,-0.29281616,7.0203705,270.75354,102171.79,51.25,6.0
2024-01-20 22:00:00,0.6740265,7.9026794,271.18628,102089.18,51.25,6.0
2024-01-20 23:00:00,-0.43849182,8.456848,271.8164,102021.22,51.25,6.0
2024-01-21 00:00:00,-1.0492859,8.658722,272.40042,101965.47,51.25,6.0
2024-01-21 01:00:00,-0.58540344,8.585312,272.69162,101881.375,51.25,6.0
2024-01-21 02:00:00,-0.66470337,8.970352,273.17407,101789.61,51.25,6.0
2024-01-21 03:00:00,-0.33615112,10.02002,273.53918,101694.09,51.25,6.0
2024-01-21 04:00:00,1.0074768,10.474442,274.19904,101606.3,51.25,6.0
2024-01-21 05:00:00,3.5278015,9.841614,274.6349,101569.266,51.25,6.0
2024-01-21 06:00:00,5.297714,9.83551,274.68835,101562.234,51.25,6.0
2024-01-21 07:00:00,5.475281,10.263718,274.40485,101527.46,51.25,6.0
2024-01-21 08:00:00,6.380783,10.324753,274.60065,101559.016,51.25,6.0
2024-01-21 09:00:00,6.6103516,10.301651,275.1215,101585.625,51.25,6.0
2024-01-21 10:00:00,6.93808,8.770187,275.92932,101621.92,51.25,6.0
2024-01-21 11:00:00,6.678253,9.210327,276.37915,101619.7,51.25,6.0
2024-01-21 12:00:00,6.47966,9.373764,276.78143,101579.67,51.25,6.0
2024-01-21 13:00:00,6.551178,9.371368,277.21954,101553.945,51.25,6.0
2024-01-21 14:00:00,7.054077,9.430954,277.46954,101579.19,51.25,6.0
2024-01-21 15:00:00,6.486618,10.015839,277.62122,101540.53,51.25,6.0
2024-01-21 16:00:00,5.781311,10.541336,277.52332,101468.95,51.25,6.0
2024-01-21 17:00:00,6.3714294,10.358902,277.62302,101470.125,51.25,6.0
2024-01-21 18:00:00,6.1562195,11.079926,277.72403,101401.8,51.25,6.0
2024-01-21 19:00:00,5.8960724,11.876343,278.25644,101342.94,51.25,6.0
2024-01-21 20:00:00,6.171356,12.6332245,278.66235,101244.24,51.25,6.0
2024-01-21 21:00:00,6.8807983,12.753738,279.15338,101146.39,51.25,6.0
2024-01-21 22:00:00,7.162216,13.291321,279.9328,101003.75,51.25,6.0
2024-01-21 23:00:00,7.3622284,13.850983,280.7678,100871.914,51.25,6.0
2024-01-22 00:00:00,7.4130554,14.955795,281.50134,100649.03,51.25,6.0
2024-01-22 01:00:00,8.483353,14.703049,281.8742,100541.06,51.25,6.0
2024-01-22 02:00:00,9.121429,14.316681,282.5575,100406.68,51.25,6.0
2024-01-22 03:00:00,10.29921,14.409134,282.88507,100362.34,51.25,6.0
2024-01-22 04:00:00,10.690384,14.664719,283.08606,100215.61,51.25,6.0
2024-01-22 05:00:00,11.580582,13.999908,283.38464,100158.72,51.25,6.0
2024-01-22 06:00:00,11.591843,13.603012,283.88196,100124.24,51.25,6.0
2024-01-22 07:00:00,11.605499,12.363846,283.97125,100125.13,51.25,6.0
2024-01-22 08:00:00,11.601425,11.281662,284.18866,100177.0,51.25,6.0
2024-01-22 09:00:00,11.510498,11.290558,284.42767,100203.234,51.25,6.0
2024-01-22 10:00:00,10.158829,9.541367,284.54684,100212.69,51.25,6.0
2024-01-22 11:00:00,11.4216,8.218521,284.4367,100243.39,51.25,6.0
2024-01-22 12:00:00,12.963028,4.194809,283.55884,100318.06,51.25,6.0
2024-01-22 13:00:00,12.146698,3.3171844,283.74817,100424.836,51.25,6.0
2024-01-22 14:00:00,11.501602,3.4378967,283.31964,100484.95,51.25,6.0
2024-01-22 15:00:00,10.620758,3.8591614,282.97766,100538.8,51.25,6.0
2024-01-22 16:00:00,10.322449,4.5901184,282.1108,100609.484,51.25,6.0
2024-01-22 17:00:00,10.58284,4.661804,282.03244,100718.86,51.25,6.0
2024-01-22 18:00:00,11.083435,4.839508,281.85565,100842.734,51.25,6.0
2024-01-22 19:00:00,11.018906,5.007721,281.81793,100932.06,51.25,6.0
2024-01-22 20:00:00,11.880447,4.826004,281.66638,101006.516,51.25,6.0
2024-01-22 21:00:00,11.737457,4.6572876,281.60468,101035.65,51.25,6.0
2024-01-22 22:00:00,11.187241,4.5180206,281.68976,101050.16,51.25,6.0
2024-01-22 23:00:00,12.166382,3.1549225,281.6446,101175.09,51.25,6.0
2024-01-23 00:00:00,11.180511,2.6003876,281.5487,101236.7,51.25,6.0
2024-01-23 01:00:00,11.725143,1.0718384,281.24664,101333.625,51.25,6.0
2024-01-23 02:00:00,11.207977,0.69807434,280.95563,101437.66,51.25,6.0
2024-01-23 03:00:00,11.118118,0.86958313,280.45157,101503.69,51.25,6.0
2024-01-23 04:00:00,11.11647,0.79067993,280.10272,101658.734,51.25,6.0
2024-01-23 05:00:00,10.397385,1.411438,279.68585,101741.61,51.25,6.0
2024-01-23 06:00:00,10.409683,1.9978333,279.3069,101870.66,51.25,6.0
2024-01-23 07:00:00,9.243103,2.4620209,279.00308,101979.52,51.25,6.0
2024-01-23 08:00:00,8.102158,3.7904358,278.50388,102036.05,51.25,6.0
2024-01-23 09:00:00,8.007095,4.5675964,279.01807,102148.92,51.25,6.0
2024-01-23 10:00:00,5.8336487,4.7980347,279.91064,102155.19,51.25,6.0
2024-01-23 11:00:00,5.8565826,5.2379456,280.79327,102135.31,51.25,6.0
2024-01-23 12:00:00,5.5351715,6.30484,281.53528,102086.33,51.25,6.0
2024-01-23 13:00:00,6.0642395,6.9072266,281.95654,102009.78,51.25,6.0
2024-01-23 14:00:00,6.820404,8.182526,281.95215,101926.164,51.25,6.0
2024-01-23 15:00:00,5.864929,8.31958,281.73624,101889.266,51.25,6.0
2024-01-23 16:00:00,5.438736,9.920288,281.15942,101739.09,51.25,6.0
2024-01-23 17:00:00,5.54628,10.848373,281.1168,101620.3,51.25,6.0
2024-01-23 18:00:00,7.576782,10.667358,281.43542,101495.984,51.25,6.0
2024-01-23 19:00:00,9.812241,10.3263855,282.16626,101415.516,51.25,6.0
2024-01-23 20:00:00,10.929993,10.013824,282.77826,101323.83,51.25,6.0
2024-01-23 21:00:00,10.855255,10.08403,283.52936,101222.914,51.25,6.0
2024-01-23 22:00:00,11.120499,9.491547,284.3576,101169.72,51.25,6.0
2024-01-23 23:00:00,11.591202,8.782776,285.13617,101123.516,51.25,6.0
2024-01-24 00:00:00,12.32547,8.946365,285.72583,101080.45,51.25,6.0
2024-01-24 01:00:00,12.360443,9.220474,286.08862,100973.445,51.25,6.0
2024-01-24 02:00:00,13.340897,8.657364,286.2615,101003.766,51.25,6.0
2024-01-24 03:00:00,13.59845,8.4646,286.17938,100958.09,51.25,6.0
2024-01-24 04:00:00,14.96463,7.250702,286.11542,100972.97,51.25,6.0
2024-01-24 05:00:00,15.981506,5.38533,285.89975,101006.13,51.25,6.0
2024-01-24 06:00:00,16.235794,3.9170685,285.34912,101114.19,51.25,6.0
2024-01-24 07:00:00,15.387024,3.252945,285.02332,101259.91,51.25,6.0
2024-01-24 08:00:00,14.358276,3.3492737,284.55032,101371.016,51.25,6.0
2024-01-24 09:00:00,13.914337,3.4930267,284.3151,101463.55,51.25,6.0
2024-01-24 10:00:00,12.062149,3.1459198,284.60663,101587.41,51.25,6.0
2024-01-24 11:00:00,11.66452,3.3661346,284.60733,101665.86,51.25,6.0
2024-01-24 12:00:00,14.219864,2.6350555,284.6767,101748.74,51.25,6.0
2024-01-24 13:00:00,13.320038,1.6860962,284.77448,101786.44,51.25,6.0
2024-01-24 14:00:00,12.723526,1.0361328,284.52405,101892.38,51.25,6.0
2024-01-24 15:00:00,11.799316,0.37091064,284.07928,101979.734,51.25,6.0
2024-01-24 16:00:00,10.66684,0.49362183,283.52374,102068.75,51.25,6.0
2024-01-24 17:00:00,9.871155,0.6321106,283.1076,102128.664,51.25,6.0
2024-01-24 18:00:00,9.256256,0.9198303,282.94345,102169.81,51.25,6.0
2024-01-24 19:00:00,8.891937,1.3883057,282.557,102201.56,51.25,6.0
2024-01-24 20:00:00,8.686951,1.4556274,281.94135,102221.72,51.25,6.0
2024-01-24 21:00:00,8.654297,1.0420837,281.70157,102231.95,51.25,6.0
2024-01-24 22:00:00,7.813385,1.110672,281.7079,102231.28,51.25,6.0
2024-01-24 23:00:00,8.216034,0.34545898,281.72003,102272.33,51.25,6.0
2024-01-25 00:00:00,7.936096,-0.49273682,281.49878,102289.984,51.25,6.0
2024-01-25 01:00:00,7.7530975,-0.8615265,280.91174,102308.69,51.25,6.0
2024-01-25 02:00:00,7.177414,-1.1380463,280.11084,102368.32,51.25,6.0
2024-01-25 03:00:00,6.589798,-0.82325745,279.2497,102379.97,51.25,6.0
2024-01-25 04:00:00,6.365799,-0.26341248,278.3794,102412.15,51.25,6.0
2024-01-25 05:00:00,5.854828,0.2558899,277.62326,102450.75,51.25,6.0
2024-01-25 06:00:00,5.8324127,1.371994,277.01984,102453.39,51.25,6.0
2024-01-25 07:00:00,5.7790833,2.3110657,276.7499,102476.77,51.25,6.0
2024-01-25 08:00:00,5.456314,2.810913,276.9517,102490.17,51.25,6.0
2024-01-25 09:00:00,4.606018,3.1458588,277.9978,102506.22,51.25,6.0
2024-01-25 10:00:00,2.9406738,3.4850616,279.42474,102506.75,51.25,6.0
2024-01-25 11:00:00,2.842804,3.6957855,280.45258,102466.75,51.25,6.0
2024-01-25 12:00:00,3.2443848,3.766632,281.4284,102375.02,51.25,6.0
2024-01-25 13:00:00,3.0280762,3.5431366,281.70697,102330.195,51.25,6.0
2024-01-25 14:00:00,2.1406097,3.8483887,281.8576,102264.234,51.25,6.0
2024-01-25 15:00:00,1.9342499,4.6260986,281.73273,102201.93,51.25,6.0
2024-01-25 16:00:00,1.8033752,5.400589,281.7815,102156.81,51.25,6.0
2024-01-25 17:00:00,2.8891754,5.6369934,281.79175,102112.016,51.25,6.0
2024-01-25 18:00:00,4.130081,5.244812,281.85632,102104.32,51.25,6.0
2024-01-25 19:00:00,4.812546,4.8272095,281.8543,102075.74,51.25,6.0
2024-01-25 20:00:00,4.8498383,4.820343,282.17548,102048.28,51.25,6.0
2024-01-25 21:00:00,5.13385,4.893036,282.60193,101984.94,51.25,6.0
2024-01-25 22:00:00,5.0315094,5.133316,282.8443,101950.08,51.25,6.0
2024-01-25 23:00:00,5.5218506,4.9258423,282.99677,101920.3,51.25,6.0
2024-01-26 00:00:00,6.141861,4.6764984,283.13794,101923.07,51.25,6.0
2024-01-26 01:00:00,6.4210052,4.540558,283.14496,101903.375,51.25,6.0
2024-01-26 02:00:00,5.9038544,5.241211,283.34143,101845.375,51.25,6.0
2024-01-26 03:00:00,5.4501953,6.4438324,283.40472,101792.31,51.25,6.0
2024-01-26 04:00:00,5.02919,7.860443,283.34485,101712.33,51.25,6.0
2024-01-26 05:00:00,6.0985107,8.512848,283.32773,101656.6,51.25,6.0
2024-01-26 06:00:00,6.894745,8.645096,283.51532,101588.78,51.25,6.0
2024-01-26 07:00:00,7.4705048,9.140991,283.63025,101531.9,51.25,6.0
2024-01-26 08:00:00,8.783142,8.653183,283.6454,101504.06,51.25,6.0
2024-01-26 09:00:00,10.512329,7.072632,284.0656,101523.234,51.25,6.0
2024-01-26 10:00:00,11.047684,2.1958618,284.60263,101597.805,51.25,6.0
2024-01-26 11:00:00,12.23761,-3.5980835,283.74533,101725.75,51.25,6.0
2024-01-26 12:00:00,11.698273,-4.29924,282.8997,101894.03,51.25,6.0
2024-01-26 13:00:00,11.126968,-4.244919,282.4713,102062.25,51.25,6.0
2024-01-26 14:00:00,10.356094,-4.16864,282.0437,102175.55,51.25,6.0
2024-01-26 15:00:00,9.438507,-4.232559,281.4361,102320.47,51.25,6.0
2024-01-26 16:00:00,8.597687,-3.8331604,280.8955,102453.234,51.25,6.0
2024-01-26 17:00:00,7.7490997,-2.9754944,280.12485,102573.4,51.25,6.0
2024-01-26 18:00:00,7.243561,-2.0104218,279.2975,102675.6,51.25,6.0
2024-01-26 19:00:00,6.887268,-1.4176636,278.26782,102780.18,51.25,6.0
2024-01-26 20:00:00,6.8835297,-0.27938843,277.5774,102836.016,51.25,6.0
2024-01-26 21:00:00,6.845566,0.47235107,276.75635,102891.25,51.25,6.0
2024-01-26 22:00:00,6.6155243,0.94418335,276.1584,102899.3,51.25,6.0
2024-01-26 23:00:00,6.6252136,1.1475372,275.9447,102941.484,51.25,6.0
2024-01-27 00:00:00,6.3753967,1.4154968,275.53314,102989.016,51.25,6.0
2024-01-27 01:00:00,6.285553,1.9277954,275.05286,103008.2,51.25,6.0
2024-01-27 02:00:00,6.030655,2.402954,274.64215,103016.94,51.25,6.0
2024-01-27 03:00:00,5.8707733,2.6926117,274.437,103037.36,51.25,6.0
2024-01-27 04:00:00,5.7541504,2.9623413,273.98572,103057.14,51.25,6.0
2024-01-27 05:00:00,5.473465,3.5239868,273.8755,103062.12,51.25,6.0
2024-01-27 06:00:00,5.3359375,4.0122833,273.617,103050.875,51.25,6.0
2024-01-27 07:00:00,5.463562,4.1093445,273.5338,103097.59,51.25,6.0
2024-01-27 08:00:00,4.9908447,4.424118,273.6621,103097.75,51.25,6.0
2024-01-27 09:00:00,4.2070007,4.5384064,275.20422,103130.51,51.25,6.0
2024-01-27 10:00:00,3.004364,3.8657532,277.11426,103145.266,51.25,6.0
2024-01-27 11:00:00,3.4597015,2.964157,278.93304,103160.016,51.25,6.0
2024-01-27 12:00:00,3.3877258,2.5175323,280.2647,103150.72,51.25,6.0
2024-01-27 13:00:00,2.8637543,2.1990814,280.84448,103096.41,51.25,6.0
2024-01-27 14:00:00,2.206131,2.1461334,280.88226,103081.984,51.25,6.0
2024-01-27 15:00:00,1.1635132,2.249771,280.21747,103040.43,51.25,6.0
2024-01-27 16:00:00,0.36097717,2.5504913,278.94174,103026.69,51.25,6.0
2024-01-27 17:00:00,-0.55514526,2.8723297,276.51636,103018.016,51.25,6.0
2024-01-27 18:00:00,-1.4564056,3.1869812,275.56702,103015.42,51.25,6.0
2024-01-27 19:00:00,-2.2014618,3.6135101,275.28012,103017.42,51.25,6.0
2024-01-27 20:00:00,-2.1915436,4.1064453,274.8037,103011.21,51.25,6.0
2024-01-27 21:00:00,-2.2387085,4.6881714,274.74927,102982.7,51.25,6.0
2024-01-27 22:00:00,-2.9463196,5.0312805,274.04584,102917.31,51.25,6.0
2024-01-27 23:00:00,-2.8244781,5.219055,273.66498,102867.97,51.25,6.0
2024-01-28 00:00:00,-2.372696,5.2397156,273.2534,102809.2,51.25,6.0
2024-01-28 01:00:00,-2.1713867,4.8146515,273.2646,102769.53,51.25,6.0
2024-01-28 02:00:00,-3.0569916,4.7926483,273.1886,102717.484,51.25,6.0
2024-01-28 03:00:00,-3.557434,4.884018,273.0915,102667.78,51.25,6.0
2024-01-28 04:00:00,-3.3474731,5.020172,272.75745,102627.64,51.25,6.0
2024-01-28 05:00:00,-2.8640137,5.1200256,272.4668,102578.87,51.25,6.0
2024-01-28 06:00:00,-2.9261627,5.1142883,272.6725,102531.25,51.25,6.0
2024-01-28 07:00:00,-3.4192657,5.3900146,272.8313,102509.125,51.25,6.0
2024-01-28 08:00:00,-3.6573486,5.8073273,273.3692,102488.06,51.25,6.0
2024-01-28 09:00:00,-3.4070892,5.944748,275.1758,102435.836,51.25,6.0
2024-01-28 10:00:00,-3.271759,5.271866,277.88196,102409.484,51.25,6.0
2024-01-28 11:00:00,-2.4750519,5.090637,280.2243,102367.92,51.25,6.0
2024-01-28 12:00:00,-2.0596924,4.666153,282.48383,102313.23,51.25,6.0
2024-01-28 13:00:00,-2.5927887,4.7282104,284.22192,102220.08,51.25,6.0
2024-01-28 14:00:00,-3.1771088,5.3628235,285.05624,102152.5,51.25,6.0
2024-01-28 15:00:00,-3.4564667,6.387726,284.77628,102103.414,51.25,6.0
2024-01-28 16:00:00,-3.2238464,7.1819305,283.01532,102085.664,51.25,6.0
2024-01-28 17:00:00,-2.5960083,7.500946,281.45685,102080.84,51.25,6.0
2024-01-28 18:00:00,-1.6071777,7.4490967,280.0241,102063.77,51.25,6.0
2024-01-28 19:00:00,-0.7060852,7.0820465,278.44296,102088.25,51.25,6.0
2024-01-28 20:00:00,-0.45289612,7.0050964,277.8484,102084.3,51.25,6.0
2024-01-28 21:00:00,-0.22012329,7.235077,278.4355,102066.41,51.25,6.0
2024-01-28 22:00:00,0.35272217,6.732254,277.8979,102038.58,51.25,6.0
2024-01-28 23:00:00,0.9841461,7.0326843,277.78857,102026.55,51.25,6.0
2024-01-29 00:00:00,2.0075836,6.90271,277.7276,102051.95,51.25,6.0
2024-01-29 01:00:00,2.4973755,6.6127167,277.83948,102036.2,51.25,6.0
2024-01-29 02:00:00,2.5928497,6.197174,277.93713,102047.625,51.25,6.0
2024-01-29 03:00:00,2.9337158,5.665344,277.9226,102058.36,51.25,6.0
2024-01-29 04:00:00,3.2915802,5.6134644,277.4931,102069.78,51.25,6.0
2024-01-29 05:00:00,3.4349976,5.6014404,277.3163,102078.74,51.25,6.0
2024-01-29 06:00:00,3.2875366,5.859375,277.0794,102093.484,51.25,6.0
2024-01-29 07:00:00,3.4723816,6.116516,277.2155,102136.1,51.25,6.0
2024-01-29 08:00:00,3.9790192,6.083008,277.77365,102166.56,51.25,6.0
2024-01-29 09:00:00,4.16835,5.794983,279.83072,102190.39,51.25,6.0
2024-01-29 10:00:00,3.5359955,4.761612,281.73352,102194.76,51.25,6.0
2024-01-29 11:00:00,3.7146912,4.3576813,283.38702,102224.89,51.25,6.0
2024-01-29 12:00:00,3.1306763,3.6210632,284.7104,102191.43,51.25,6.0
2024-01-29 13:00:00,2.2977753,3.6577759,285.50287,102157.37,51.25,6.0
2024-01-29 14:00:00,2.0165558,3.9208984,285.84338,102157.56,51.25,6.0
2024-01-29 15:00:00,1.9302826,4.0966797,285.27847,102153.766,51.25,6.0
2024-01-29 16:00:00,2.1361237,4.5912476,283.51416,102171.03,51.25,6.0
2024-01-29 17:00:00,2.6172485,5.320587,282.3791,102213.25,51.25,6.0
2024-01-29 18:00:00,2.9465332,5.7158966,281.95483,102221.805,51.25,6.0
2024-01-29 19:00:00,2.8601837,6.123749,281.69772,102236.47,51.25,6.0
2024-01-29 20:00:00,2.5751495,6.470566,281.70203,102245.484,51.25,6.0
2024-01-29 21:00:00,2.5811157,6.403946,281.6986,102219.91,51.25,6.0
2024-01-29 22:00:00,3.2390594,6.1601562,281.66583,102201.16,51.25,6.0
2024-01-29 23:00:00,3.2308502,6.259445,281.3679,102200.734,51.25,6.0
2024-01-30 00:00:00,3.2772827,6.5689087,281.33807,102212.11,51.25,6.0
2024-01-30 01:00:00,3.3901367,6.755829,281.31586,102188.89,51.25,6.0
2024-01-30 02:00:00,3.2933502,6.7823334,281.32288,102169.84,51.25,6.0
2024-01-30 03:00:00,3.2421265,6.6643066,281.52612,102145.45,51.25,6.0
2024-01-30 04:00:00,3.5670776,6.674515,281.67422,102115.984,51.25,6.0
2024-01-30 05:00:00,3.5905914,6.803131,281.83557,102099.89,51.25,6.0
2024-01-30 06:00:00,3.2957764,7.0985565,282.19293,102071.13,51.25,6.0
2024-01-30 07:00:00,4.1329346,7.0301666,282.61395,102085.59,51.25,6.0
2024-01-30 08:00:00,5.511612,6.5624695,282.92706,102143.28,51.25,6.0
2024-01-30 09:00:00,5.805298,6.322891,283.27374,102191.06,51.25,6.0
2024-01-30 10:00:00,5.3501587,5.451248,284.18417,102213.49,51.25,6.0
2024-01-30 11:00:00,5.4857635,5.544937,284.6712,102226.0,51.25,6.0
2024-01-30 12:00:00,8.002609,4.946533,284.80817,102233.38,51.25,6.0
2024-01-30 13:00:00,7.576065,3.9427032,284.7845,102252.81,51.25,6.0
2024-01-30 14:00:00,8.175507,3.2195587,284.2771,102281.66,51.25,6.0
2024-01-30 15:00:00,8.218948,2.0203857,283.5782,102350.08,51.25,6.0
2024-01-30 16:00:00,8.239685,1.2554169,282.87048,102441.375,51.25,6.0
2024-01-30 17:00:00,7.8228607,1.4860077,282.13757,102524.67,51.25,6.0
2024-01-30 18:00:00,7.5703125,2.0246582,281.68015,102593.16,51.25,6.0
2024-01-30 19:00:00,7.3573,2.2364044,281.32913,102656.23,51.25,6.0
2024-01-30 20:00:00,6.9431,1.7599945,281.13583,102706.266,51.25,6.0
2024-01-30 21:00:00,6.375992,0.5033722,280.87857,102746.5,51.25,6.0
2024-01-30 22:00:00,4.788925,-0.9862976,280.55096,102815.875,51.25,6.0
2024-01-30 23:00:00,4.2165527,-1.3580475,280.29346,102859.72,51.25,6.0
2024-01-31 00:00:00,3.7491455,-0.9904938,279.995,102897.09,51.25,6.0
2024-01-31 01:00:00,3.7041473,-1.0618134,279.8683,102900.625,51.25,6.0
2024-01-31 02:00:00,3.759613,-1.6800079,279.6548,102935.47,51.25,6.0
2024-01-31 03:00:00,3.1429749,-1.8190002,279.18008,102955.95,51.25,6.0
2024-01-31 04:00:00,2.0822144,-0.80404663,279.09753,102919.8,51.25,6.0
2024-01-31 05:00:00,1.6687164,0.78492737,278.7636,102895.69,51.25,6.0
2024-01-31 06:00:00,2.0925446,2.481018,278.9887,102879.55,51.25,6.0
2024-01-31 07:00:00,2.8948212,3.371704,278.9834,102884.61,51.25,6.0
2024-01-31 08:00:00,3.5552063,2.6661835,279.16028,102946.914,51.25,6.0
2024-01-31 09:00:00,2.313324,2.691269,279.3774,102920.92,51.25,6.0
2024-01-31 10:00:00,3.6234741,3.5180206,279.8292,102895.5,51.25,6.0
2024-01-31 11:00:00,4.108551,3.5119324,280.10904,102846.97,51.25,6.0
2024-01-31 12:00:00,4.2021637,3.5913239,280.3781,102786.08,51.25,6.0
2024-01-31 13:00:00,4.4044037,3.9246368,280.49994,102701.87,51.25,6.0
2024-01-31 14:00:00,4.7298126,4.720566,280.4735,102628.516,51.25,6.0
2024-01-31 15:00:00,5.1945343,5.2078857,280.29767,102515.58,51.25,6.0
2024-01-31 16:00:00,5.6939087,4.8140717,279.8697,102478.71,51.25,6.0
2024-01-31 17:00:00,5.939453,4.953064,279.31467,102458.58,51.25,6.0
2024-01-31 18:00:00,6.3606567,5.7071686,279.19843,102394.74,51.25,6.0
2024-01-31 19:00:00,7.222168,6.0013123,279.45435,102324.86,51.25,6.0
2024-01-31 20:00:00,8.559006,5.392334,279.7172,102269.71,51.25,6.0
2024-01-31 21:00:00,8.092743,6.367569,279.72336,102166.89,51.25,6.0
2024-01-31 22:00:00,8.641342,5.389328,280.5679,102115.66,51.25,6.0
2024-01-31 23:00:00,9.160919,4.7648773,281.00623,102103.875,51.25,6.0
2024-02-01 00:00:00,9.276169,5.043503,281.1649,102057.08,51.25,6.0
2024-02-01 01:00:00,9.309006,4.2712097,281.09912,102042.86,51.25,6.0
2024-02-01 02:00:00,8.695251,3.6534424,280.97644,102002.58,51.25,6.0
2024-02-01 03:00:00,8.60141,2.8307037,281.34686,102026.72,51.25,6.0
2024-02-01 04:00:00,8.265793,0.62898254,281.74026,102038.836,51.25,6.0
2024-02-01 05:00:00,7.089447,-2.235443,281.84186,102122.625,51.25,6.0
2024-02-01 06:00:00,5.727371,-4.656372,281.02222,102215.99,51.25,6.0
2024-02-01 07:00:00,4.7500153,-5.0955353,279.51172,102357.64,51.25,6.0
2024-02-01 08:00:00,4.3990173,-3.6724396,278.24127,102453.26,51.25,6.0
2024-02-01 09:00:00,4.9616394,-2.0101166,279.05118,102539.984,51.25,6.0
2024-02-01 10:00:00,3.4400635,-1.2854462,280.3507,102617.19,51.25,6.0
2024-02-01 11:00:00,4.0258026,-1.5677185,280.99817,102651.336,51.25,6.0
2024-02-01 12:00:00,4.376358,-1.799118,281.42145,102636.13,51.25,6.0
2024-02-01 13:00:00,4.805023,-1.5413971,281.6874,102638.516,51.25,6.0
2024-02-01 14:00:00,5.265869,-1.8592834,281.9063,102664.62,51.25,6.0
2024-02-01 15:00:00,5.4691772,-1.518753,281.5642,102692.52,51.25,6.0
2024-02-01 16:00:00,5.41658,-0.9645386,280.69666,102724.56,51.25,6.0
2024-02-01 17:00:00,5.424408,-0.6740875,279.6391,102775.01,51.25,6.0
2024-02-01 18:00:00,5.726303,-0.074401855,278.83588,102777.81,51.25,6.0
2024-02-01 19:00:00,6.085739,0.40176392,277.8676,102789.94,51.25,6.0
2024-02-01 20:00:00,6.207535,0.07841492,277.24658,102828.06,51.25,6.0
2024-02-01 21:00:00,6.0977783,0.93118286,276.7553,102823.18,51.25,6.0
2024-02-01 22:00:00,6.0737762,2.3117523,276.80096,102798.54,51.25,6.0
2024-02-01 23:00:00,6.1212463,3.0796967,277.04935,102762.78,51.25,6.0
2024-02-02 00:00:00,6.511734,3.337906,277.50082,102712.914,51.25,6.0
2024-02-02 01:00:00,6.612747,3.6448822,277.578,102672.516,51.25,6.0
2024-02-02 02:00:00,6.800873,3.8841858,277.84134,102614.984,51.25,6.0
2024-02-02 03:00:00,7.022583,3.736145,278.08932,102583.82,51.25,6.0
2024-02-02 04:00:00,7.128433,4.6382904,278.11316,102516.195,51.25,6.0
2024-02-02 05:00:00,6.859665,4.256607,277.8997,102513.78,51.25,6.0
2024-02-02 06:00:00,7.2563324,4.645233,277.66266,102473.664,51.25,6.0
2024-02-02 07:00:00,7.8637543,4.5473022,277.68988,102455.91,51.25,6.0
2024-02-02 08:00:00,8.09761,4.7934723,277.92477,102449.0,51.25,6.0
2024-02-02 09:00:00,8.595428,5.269211,278.75378,102427.5,51.25,6.0
2024-02-02 10:00:00,7.06192,4.6380615,279.49683,102437.12,51.25,6.0
2024-02-02 11:00:00,8.17984,4.7342834,280.17114,102411.08,51.25,6.0
2024-02-02 12:00:00,8.476685,4.8722687,281.02655,102336.92,51.25,6.0
2024-02-02 13:00:00,8.480591,4.8380737,281.32117,102292.36,51.25,6.0
2024-02-02 14:00:00,8.638824,4.638733,281.83783,102254.24,51.25,6.0
2024-02-02 15:00:00,8.958969,4.236313,281.89874,102217.56,51.25,6.0
2024-02-02 16:00:00,9.223053,3.5835266,281.88055,102207.41,51.25,6.0
2024-02-02 17:00:00,9.254166,3.680725,281.89502,102216.34,51.25,6.0
2024-02-02 18:00:00,9.1828,4.0110016,281.8541,102204.016,51.25,6.0
2024-02-02 19:00:00,9.139786,3.6503143,281.8681,102255.47,51.25,6.0
2024-02-02 20:00:00,9.151108,3.1388092,281.84357,102284.5,51.25,6.0
2024-02-02 21:00:00,9.200928,3.2335205,281.76505,102287.69,51.25,6.0
2024-02-02 22:00:00,8.269028,4.044983,281.8238,102249.84,51.25,6.0
2024-02-02 23:00:00,8.529785,3.979309,281.80182,102269.5,51.25,6.0
2024-02-03 00:00:00,8.220703,3.9278412,281.82574,102247.12,51.25,6.0
2024-02-03 01:00:00,8.1492,3.7183228,281.91577,102214.6,51.25,6.0
2024-02-03 02:00:00,8.204575,3.6868286,282.05157,102210.53,51.25,6.0
2024-02-03 03:00:00,8.167526,3.8334045,282.13367,102188.11,51.25,6.0
2024-02-03 04:00:00,8.083527,3.7005157,282.2608,102156.53,51.25,6.0
2024-02-03 05:00:00,7.98201,3.876358,282.35333,102149.766,51.25,6.0
2024-02-03 06:00:00,8.182022,4.0101166,282.4121,102102.16,51.25,6.0
2024-02-03 07:00:00,8.386353,3.8573303,282.53632,102108.83,51.25,6.0
2024-02-03 08:00:00,8.613068,3.3543854,282.63293,102129.86,51.25,6.0
2024-02-03 09:00:00,8.719986,2.8511047,282.8003,102156.12,51.25,6.0
2024-02-03 10:00:00,7.7497864,3.3390656,283.1043,102162.09,51.25,6.0
2024-02-03 11:00:00,7.903427,3.699295,283.4414,102164.09,51.25,6.0
2024-02-03 12:00:00,8.329788,3.7886047,283.52002,102113.24,51.25,6.0
2024-02-03 13:00:00,8.107956,3.563202,283.59174,102075.266,51.25,6.0
2024-02-03 14:00:00,8.247787,3.4151917,283.67883,102052.86,51.25,6.0
2024-02-03 15:00:00,8.6645355,3.3597107,283.51843,102052.91,51.25,6.0
2024-02-03 16:00:00,8.813156,2.9680023,283.49866,102058.64,51.25,6.0
2024-02-03 17:00:00,8.592453,2.5160828,283.4016,102062.3,51.25,6.0
2024-02-03 18:00:00,8.15387,2.254715,283.39417,102061.16,51.25,6.0
2024-02-03 19:00:00,7.931061,2.3325653,283.38962,102077.92,51.25,6.0
2024-02-03 20:00:00,8.044479,2.5351715,283.4595,102084.5,51.25,6.0
2024-02-03 21:00:00,8.205658,2.7240448,283.55334,102070.95,51.25,6.0
2024-02-03 22:00:00,7.5382843,3.8945923,283.35736,102004.234,51.25,6.0
2024-02-03 23:00:00,7.8264465,4.0093384,283.3504,102001.73,51.25,6.0
2024-02-04 00:00:00,7.852005,3.9321747,283.21167,101932.445,51.25,6.0
2024-02-04 01:00:00,9.147598,3.195938,283.15656,101921.08,51.25,6.0
2024-02-04 02:00:00,9.485306,2.2516632,283.22586,101920.69,51.25,6.0
2024-02-04 03:00:00,9.205399,1.8730011,283.43558,101879.66,51.25,6.0
2024-02-04 04:00:00,9.2152405,1.6459961,283.5796,101892.61,51.25,6.0
2024-02-04 05:00:00,9.106857,2.1174622,283.5443,101875.47,51.25,6.0
2024-02-04 06:00:00,9.304993,2.4511414,283.4171,101853.45,51.25,6.0
2024-02-04 07:00:00,9.042145,2.9134674,283.24152,101830.555,51.25,6.0
2024-02-04 08:00:00,10.093079,2.6800232,283.18747,101814.83,51.25,6.0
2024-02-04 09:00:00,10.883652,2.0716553,283.4256,101832.73,51.25,6.0
2024-02-04 10:00:00,8.87233,2.915619,283.6584,101807.87,51.25,6.0
2024-02-04 11:00:00,9.546692,3.5745392,283.82285,101773.76,51.25,6.0
2024-02-04 12:00:00,10.175552,3.3328552,283.9561,101751.914,51.25,6.0
2024-02-04 13:00:00,10.560562,2.9866028,284.08118,101731.24,51.25,6.0
2024-02-04 14:00:00,10.543854,2.7431946,284.1985,101701.22,51.25,6.0
2024-02-04 15:00:00,10.130493,3.1650085,284.26724,101678.23,51.25,6.0
2024-02-04 16:00:00,10.087677,3.770584,284.24063,101657.7,51.25,6.0
2024-02-04 17:00:00,10.34346,4.8611603,284.2531,101626.555,51.25,6.0
2024-02-04 18:00:00,11.227829,5.0423584,284.16364,101588.45,51.25,6.0
2024-02-04 19:00:00,11.811569,4.3493347,283.80573,101619.69,51.25,6.0
2024-02-04 20:00:00,11.766205,4.17984,283.563,101601.66,51.25,6.0
2024-02-04 21:00:00,11.56218,4.129715,283.5946,101575.48,51.25,6.0
2024-02-04 22:00:00,10.440857,3.9129944,283.77695,101571.95,51.25,6.0
2024-02-04 23:00:00,10.974899,3.565384,283.89478,101576.2,51.25,6.0
2024-02-05 00:00:00,11.231964,3.0129852,283.93994,101596.33,51.25,6.0
2024-02-05 01:00:00,11.117737,2.9120483,283.92743,101610.266,51.25,6.0
2024-02-05 02:00:00,11.250504,2.8892975,283.85077,101614.97,51.25,6.0
2024-02-05 03:00:00,11.106857,3.093689,283.66205,101622.33,51.25,6.0
2024-02-05 04:00:00,10.693848,3.9981384,283.40613,101601.164,51.25,6.0
2024-02-05 05:00:00,10.652344,4.4280396,283.2815,101596.22,51.25,6.0
2024-02-05 06:00:00,10.714371,4.6254883,283.0247,101601.39,51.25,6.0
2024-02-05 07:00:00,10.909912,5.2425537,282.8204,101586.39,51.25,6.0
2024-02-05 08:00:00,11.080124,5.2767944,282.76135,101594.69,51.25,6.0
2024-02-05 09:00:00,10.872665,5.399933,282.8109,101630.39,51.25,6.0
2024-02-05 10:00:00,9.476364,5.5802307,283.05267,101612.375,51.25,6.0
2024-02-05 11:00:00,10.554565,5.631958,283.49924,101576.734,51.25,6.0
2024-02-05 12:00:00,10.674225,5.6854553,283.95816,101530.71,51.25,6.0
2024-02-05 13:00:00,10.836853,5.8343353,283.9627,101473.39,51.25,6.0
2024-02-05 14:00:00,10.756332,6.1737823,283.66315,101426.5,51.25,6.0
2024-02-05 15:00:00,9.94455,6.517395,283.30017,101402.62,51.25,6.0
2024-02-05 16:00:00,9.828186,6.645935,282.76288,101353.19,51.25,6.0
2024-02-05 17:00:00,10.270065,6.054428,282.2952,101342.836,51.25,6.0
2024-02-05 18:00:00,10.874344,5.383072,281.96484,101352.33,51.25,6.0
2024-02-05 19:00:00,10.897461,5.2628174,281.81573,101340.625,51.25,6.0
2024-02-05 20:00:00,10.774872,5.377289,281.77948,101310.33,51.25,6.0
2024-02-05 21:00:00,10.557953,5.4295044,281.66248,101247.2,51.25,6.0
2024-02-05 22:00:00,9.115189,5.6058044,281.5908,101216.28,51.25,6.0
2024-02-05 23:00:00,9.257843,6.2690277,281.78186,101170.61,51.25,6.0
2024-02-06 00:00:00,9.845673,6.0786285,282.11636,101121.484,51.25,6.0
2024-02-06 01:00:00,9.963547,6.1770477,282.46198,101083.56,51.25,6.0
2024-02-06 02:00:00,10.095459,6.5991974,282.59058,101011.0,51.25,6.0
2024-02-06 03:00:00,10.057938,6.7276917,282.72095,100965.28,51.25,6.0
2024-02-06 04:00:00,9.851318,6.898224,282.87488,100897.91,51.25,6.0
2024-02-06 05:00:00,10.048462,7.0400696,282.8838,100843.055,51.25,6.0
2024-02-06 06:00:00,10.420486,6.864441,282.99707,100806.19,51.25,6.0
2024-02-06 07:00:00,10.441208,6.7121124,283.13373,100774.266,51.25,6.0
2024-02-06 08:00:00,10.496796,6.807953,283.27167,100758.03,51.25,6.0
2024-02-06 09:00:00,10.770676,7.0721283,283.41867,100749.234,51.25,6.0
2024-02-06 10:00:00,10.84877,7.1138306,283.59262,100720.484,51.25,6.0
2024-02-06 11:00:00,11.205795,7.7276306,283.87698,100681.805,51.25,6.0
2024-02-06 12:00:00,11.180008,7.9438477,284.11877,100603.484,51.25,6.0
2024-02-06 13:00:00,11.798477,7.7250214,284.4556,100522.42,51.25,6.0
2024-02-06 14:00:00,12.759613,6.857895,284.6853,100474.72,51.25,6.0
2024-02-06 15:00:00,12.988434,6.864258,284.55145,100436.83,51.25,6.0
2024-02-06 16:00:00,12.608124,6.5941315,284.25238,100401.94,51.25,6.0
2024-02-06 17:00:00,12.27417,6.4297485,284.3491,100384.164,51.25,6.0
2024-02-06 18:00:00,12.267014,6.663376,284.43613,100348.46,51.25,6.0
2024-02-06 19:00:00,12.384369,7.071594,284.31665,100301.2,51.25,6.0
2024-02-06 20:00:00,12.566376,7.487976,284.44547,100270.54,51.25,6.0
2024-02-06 21:00:00,12.461685,8.125366,284.58627,100186.39,51.25,6.0
2024-02-06 22:00:00,11.781372,7.593918,284.62207,100099.05,51.25,6.0
2024-02-06 23:00:00,12.574753,7.9545135,284.1236,100037.68,51.25,6.0
2024-02-07 00:00:00,13.070435,7.6657257,283.58643,100006.33,51.25,6.0
2024-02-07 01:00:00,13.450333,8.246948,283.1012,99930.76,51.25,6.0
2024-02-07 02:00:00,13.226578,8.402649,282.99133,99874.84,51.25,6.0
2024-02-07 03:00:00,12.217133,5.934189,282.62305,99816.58,51.25,6.0
2024-02-07 04:00:00,8.461517,-1.5901642,281.90836,99801.93,51.25,6.0
2024-02-07 05:00:00,2.7398376,-6.562744,280.1316,99932.05,51.25,6.0
2024-02-07 06:00:00,-0.36668396,-6.975937,277.1143,99969.9,51.25,6.0
2024-02-07 07:00:00,-1.0797424,-3.9586334,275.40244,100063.25,51.25,6.0
2024-02-07 08:00:00,-1.0318146,-2.8558655,275.40112,100106.89,51.25,6.0
2024-02-07 09:00:00,-0.76249695,-1.5319519,275.1743,100150.14,51.25,6.0
2024-02-07 10:00:00,-0.7653198,-0.31608582,277.06992,100184.17,51.25,6.0
2024-02-07 11:00:00,-1.1172638,0.896698,277.28278,100206.36,51.25,6.0
2024-02-07 12:00:00,-1.0312958,1.5243835,277.27612,100164.55,51.25,6.0
2024-02-07 13:00:00,-1.0914459,1.6238861,277.23132,100130.31,51.25,6.0
2024-02-07 14:00:00,-1.5020905,1.4795532,277.52924,100100.31,51.25,6.0
2024-02-07 15:00:00,-2.5068054,0.73301697,277.45,100051.32,51.25,6.0
2024-02-07 16:00:00,-3.3510284,0.8798065,277.18976,100008.516,51.25,6.0
2024-02-07 17:00:00,-4.1184387,1.7027435,276.9792,99985.58,51.25,6.0
2024-02-07 18:00:00,-4.597229,1.9305267,276.88727,99957.66,51.25,6.0
2024-02-07 19:00:00,-4.861603,1.9561005,276.55676,99939.414,51.25,6.0
2024-02-07 20:00:00,-4.5418243,1.7922058,275.9398,99931.89,51.25,6.0
2024-02-07 21:00:00,-4.2529144,0.94143677,275.67578,99903.68,51.25,6.0
2024-02-07 22:00:00,-3.2738037,-0.9312439,275.19073,99898.05,51.25,6.0
2024-02-07 23:00:00,-3.391632,-1.3774261,274.8932,99894.94,51.25,6.0
2024-02-08 00:00:00,-3.026703,-1.7593842,274.87256,99885.766,51.25,6.0
2024-02-08 01:00:00,-2.805252,-2.0802155,275.3553,99900.09,51.25,6.0
2024-02-08 02:00:00,-3.1196136,-1.9242554,275.42123,99858.67,51.25,6.0
2024-02-08 03:00:00,-3.7917328,-1.0187988,275.31177,99823.36,51.25,6.0
2024-02-08 04:00:00,-4.298874,-1.1716919,275.27197,99784.766,51.25,6.0
2024-02-08 05:00:00,-4.008499,-0.46739197,275.5031,99771.34,51.25,6.0
2024-02-08 06:00:00,-4.7046814,0.5818634,275.6563,99712.91,51.25,6.0
2024-02-08 07:00:00,-5.204605,1.0781097,275.9204,99675.42,51.25,6.0
2024-02-08 08:00:00,-5.546097,1.6998596,276.05865,99603.59,51.25,6.0
2024-02-08 09:00:00,-5.813568,2.2928772,276.37268,99534.59,51.25,6.0
2024-02-08 10:00:00,-5.33873,1.9546356,276.74658,99416.86,51.25,6.0
2024-02-08 11:00:00,-4.9700623,1.6181488,276.985,99300.555,51.25,6.0
2024-02-08 12:00:00,-4.840042,1.5654755,277.52197,99188.195,51.25,6.0
2024-02-08 13:00:00,-3.8237,1.115982,277.84656,99109.78,51.25,6.0
2024-02-08 14:00:00,-2.8870544,0.8403168,278.28326,99001.76,51.25,6.0
2024-02-08 15:00:00,-2.9359741,1.6325226,279.06714,98858.76,51.25,6.0
2024-02-08 16:00:00,-0.27226257,4.385437,280.44412,98760.16,51.25,6.0
2024-02-08 17:00:00,5.480438,6.237671,283.04242,98681.81,51.25,6.0
2024-02-08 18:00:00,8.503113,6.964279,283.82428,98633.23,51.25,6.0
2024-02-08 19:00:00,7.895996,7.800064,283.74933,98629.484,51.25,6.0
2024-02-08 20:00:00,7.3643036,8.244797,283.5987,98594.33,51.25,6.0
2024-02-08 21:00:00,6.6904907,8.167816,283.56763,98557.59,51.25,6.0
2024-02-08 22:00:00,4.28421,7.7776184,283.23547,98518.625,51.25,6.0
2024-02-08 23:00:00,2.900055,7.0985565,283.16913,98451.766,51.25,6.0
2024-02-09 00:00:00,2.8600159,7.555252,283.08185,98381.63,51.25,6.0
2024-02-09 01:00:00,3.3181305,7.7333374,283.31512,98303.55,51.25,6.0
2024-02-09 02:00:00,2.8187408,8.145905,283.4925,98209.125,51.25,6.0
2024-02-09 03:00:00,3.2243347,9.088074,283.3026,98143.45,51.25,6.0
2024-02-09 04:00:00,4.0560455,9.37291,283.17377,98074.14,51.25,6.0
2024-02-09 05:00:00,4.0624695,9.257355,283.34332,98018.2,51.25,6.0
2024-02-09 06:00:00,4.4466553,9.646194,283.54822,97993.31,51.25,6.0
2024-02-09 07:00:00,4.231552,10.166916,283.69366,97995.97,51.25,6.0
2024-02-09 08:00:00,4.2697906,10.647522,284.1209,97991.02,51.25,6.0
2024-02-09 09:00:00,5.7459106,10.049683,284.6902,97995.64,51.25,6.0
2024-02-09 10:00:00,5.5344696,8.586975,285.1092,98002.72,51.25,6.0
2024-02-09 11:00:00,5.7624817,8.271057,285.63776,98064.766,51.25,6.0
2024-02-09 12:00:00,5.5654907,7.964615,285.80896,98046.83,51.25,6.0
2024-02-09 13:00:00,5.748337,7.389328,286.24072,98050.81,51.25,6.0
2024-02-09 14:00:00,4.8191376,7.0763702,286.2666,98063.625,51.25,6.0
2024-02-09 15:00:00,3.3015137,6.619812,286.12442,98051.53,51.25,6.0
2024-02-09 16:00:00,2.2133484,6.48584,285.85565,98031.836,51.25,6.0
2024-02-09 17:00:00,1.6829376,6.828186,285.0515,98044.91,51.25,6.0
2024-02-09 18:00:00,1.1428223,6.8062744,284.70447,98047.016,51.25,6.0
2024-02-09 19:00:00,0.41557312,7.338623,284.47485,98068.734,51.25,6.0
2024-02-09 20:00:00,0.7156677,7.8248444,284.29526,98055.96,51.25,6.0
2024-02-09 21:00:00,0.9730377,7.7365723,283.98816,98061.6,51.25,6.0
2024-02-09 22:00:00,0.044830322,7.020157,283.78558,98077.86,51.25,6.0
2024-02-09 23:00:00,0.59710693,7.2365265,283.71747,98101.914,51.25,6.0
2024-02-10 00:00:00,1.4659119,6.989441,283.69135,98132.02,51.25,6.0
2024-02-10 01:00:00,1.610672,6.6353455,283.56534,98114.625,51.25,6.0
2024-02-10 02:00:00,1.1224365,6.8664703,283.07864,98114.08,51.25,6.0
2024-02-10 03:00:00,0.8928528,7.2773438,282.4585,98125.42,51.25,6.0
2024-02-10 04:00:00,0.53671265,6.813751,282.12323,98093.414,51.25,6.0
2024-02-10 05:00:00,-0.033233643,6.5036316,281.79547,98083.984,51.25,6.0
2024-02-10 06:00:00,-0.35324097,6.7742615,281.52902,98110.2,51.25,6.0
2024-02-10 07:00:00,-0.14413452,6.616089,281.46594,98163.1,51.25,6.0
2024-02-10 08:00:00,-0.03277588,5.5180054,281.9989,98220.11,51.25,6.0
2024-02-10 09:00:00,-1.0346832,4.3822174,283.09564,98231.36,51.25,6.0
2024-02-10 10:00:00,-1.5944824,2.697754,284.2517,98245.234,51.25,6.0
2024-02-10 11:00:00,-1.9820251,1.8595734,285.0056,98225.7,51.25,6.0
2024-02-10 12:00:00,-2.4069977,2.134079,285.47595,98202.75,51.25,6.0
2024-02-10 13:00:00,-2.634552,2.1945343,285.68152,98180.42,51.25,6.0
2024-02-10 14:00:00,-3.2983704,1.4987183,285.77344,98147.69,51.25,6.0
2024-02-10 15:00:00,-4.2577515,0.6919403,285.54114,98154.84,51.25,6.0
2024-02-10 16:00:00,-5.1804047,0.93569946,284.98172,98149.9,51.25,6.0
2024-02-10 17:00:00,-5.2094574,1.9266205,284.47083,98150.69,51.25,6.0
2024-02-10 18:00:00,-4.5610657,2.328064,284.11,98184.91,51.25,6.0
2024-02-10 19:00:00,-4.231613,2.1433563,283.77197,98199.06,51.25,6.0
2024-02-10 20:00:00,-4.1602325,2.2108154,283.32062,98207.875,51.25,6.0
2024-02-10 21:00:00,-3.7126007,2.0816803,282.99414,98210.23,51.25,6.0
2024-02-10 22:00:00,-3.549179,2.1999664,282.9842,98174.72,51.25,6.0
2024-02-10 23:00:00,-3.4545593,0.70773315,282.73303,98137.17,51.25,6.0
2024-02-11 00:00:00,-4.3517,1.0493774,282.5478,98119.55,51.25,6.0
2024-02-11 01:00:00,-3.5819397,3.086502,282.34576,98149.35,51.25,6.0
2024-02-11 02:00:00,-1.9580841,4.20459,282.01178,98132.59,51.25,6.0
2024-02-11 03:00:00,-0.51475525,4.61261,282.22784,98103.945,51.25,6.0
2024-02-11 04:00:00,2.3074646,5.3600464,282.17642,98139.195,51.25,6.0
2024-02-11 05:00:00,6.021225,5.143219,282.33087,98206.875,51.25,6.0
2024-02-11 06:00:00,7.2351685,4.9166565,281.8881,98274.47,51.25,6.0
2024-02-11 07:00:00,6.53891,4.7295837,281.11407,98371.625,51.25,6.0
2024-02-11 08:00:00,5.577179,5.028534,280.96814,98474.766,51.25,6.0
2024-02-11 09:00:00,4.870575,5.161209,281.37415,98538.86,51.25,6.0
2024-02-11 10:00:00,3.8775177,5.212143,282.21033,98596.89,51.25,6.0
2024-02-11 11:00:00,4.4751434,4.4554443,282.8495,98615.414,51.25,6.0
2024-02-11 12:00:00,4.9441223,4.0716553,283.16965,98631.664,51.25,6.0
2024-02-11 13:00:00,4.2809753,3.877411,283.44598,98656.414,51.25,6.0
2024-02-11 14:00:00,4.114197,3.7057495,283.5787,98663.89,51.25,6.0
2024-02-11 15:00:00,3.6341858,3.1126862,283.42847,98710.94,51.25,6.0
2024-02-11 16:00:00,3.3455048,2.9764862,283.09982,98757.67,51.25,6.0
2024-02-11 17:00:00,2.8889923,3.1873932,282.08588,98808.61,51.25,6.0
2024-02-11 18:00:00,2.9572296,3.369217,281.58142,98883.93,51.25,6.0
2024-02-11 19:00:00,3.209793,3.7427063,281.1142,98941.59,51.25,6.0
2024-02-11 20:00:00,3.3588715,3.9840393,281.1053,99008.68,51.25,6.0
2024-02-11 21:00:00,4.1170197,3.8070831,281.0332,99050.36,51.25,6.0
2024-02-11 22:00:00,5.0292664,1.2443542,281.13275,99095.19,51.25,6.0
2024-02-11 23:00:00,5.5812225,0.0046539307,280.7436,99170.64,51.25,6.0
2024-02-12 00:00:00,5.677429,-0.05378723,280.41797,99231.9,51.25,6.0
2024-02-12 01:00:00,6.491501,0.8137207,280.2796,99316.55,51.25,6.0
2024-02-12 02:00:00,6.931717,1.3630829,280.18866,99349.34,51.25,6.0
2024-02-12 03:00:00,6.4952545,1.6156158,280.21143,99415.95,51.25,6.0
2024-02-12 04:00:00,5.8691254,2.1576996,280.18268,99467.266,51.25,6.0
2024-02-12 05:00:00,5.863144,2.8633423,280.16315,99514.62,51.25,6.0
2024-02-12 06:00:00,5.65419,3.1051788,279.88898,99573.0,51.25,6.0
2024-02-12 07:00:00,5.447769,3.1577759,279.79645,99611.2,51.25,6.0
2024-02-12 08:00:00,5.6492157,3.0727081,280.03278,99728.84,51.25,6.0
2024-02-12 09:00:00,6.800232,3.0955963,280.64575,99796.02,51.25,6.0
2024-02-12 10:00:00,4.2844086,2.44487,281.04883,99879.79,51.25,6.0
2024-02-12 11:00:00,4.6312866,1.8077087,281.61328,99957.53,51.25,6.0
2024-02-12 12:00:00,4.7691803,1.3741913,282.1787,99978.78,51.25,6.0
2024-02-12 13:00:00,5.309021,0.87908936,282.5209,100017.42,51.25,6.0
2024-02-12 14:00:00,5.884369,0.018585205,282.60687,100034.72,51.25,6.0
2024-02-12 15:00:00,6.147705,0.23143005,282.2979,100125.83,51.25,6.0
2024-02-12 16:00:00,6.652008,-1.0944824,281.836,100222.164,51.25,6.0
2024-02-12 17:00:00,6.0676117,-1.9074707,280.82193,100340.04,51.25,6.0
2024-02-12 18:00:00,5.705414,-1.4615631,279.82248,100460.75,51.25,6.0
2024-02-12 19:00:00,5.792557,-0.3804474,279.0606,100564.05,51.25,6.0
2024-02-12 20:00:00,6.130966,0.44351196,278.0351,100666.82,51.25,6.0
2024-02-12 21:00:00,6.056778,0.8876648,277.5788,100729.375,51.25,6.0
2024-02-12 22:00:00,5.7630615,1.2870789,277.13434,100802.67,51.25,6.0
2024-02-12 23:00:00,5.8490295,2.1251984,276.63916,100891.3,51.25,6.0
2024-02-13 00:00:00,5.6636047,3.1371155,276.4463,100957.11,51.25,6.0
2024-02-13 01:00:00,5.654419,3.739151,276.2337,101011.8,51.25,6.0
2024-02-13 02:00:00,5.5339966,4.326889,276.23312,101034.19,51.25,6.0
2024-02-13 03:00:00,5.2967834,4.9166565,276.26242,101074.99,51.25,6.0
2024-02-13 04:00:00,5.438736,5.1295624,276.23633,101100.37,51.25,6.0
2024-02-13 05:00:00,5.3735657,5.2109375,276.1541,101119.805,51.25,6.0
2024-02-13 06:00:00,5.2811127,5.652954,276.0946,101127.09,51.25,6.0
2024-02-13 07:00:00,5.1775055,5.9515076,276.12262,101168.89,51.25,6.0
2024-02-13 08:00:00,4.843338,6.21994,276.9014,101207.37,51.25,6.0
2024-02-13 09:00:00,5.1207886,6.516144,278.2472,101265.31,51.25,6.0
2024-02-13 10:00:00,3.4157715,5.537094,280.0971,101287.52,51.25,6.0
2024-02-13 11:00:00,4.054245,5.6026917,281.4399,101307.21,51.25,6.0
2024-02-13 12:00:00,4.241226,5.249939,282.28317,101270.22,51.25,6.0
2024-02-13 13:00:00,3.9331055,5.143738,282.7572,101257.56,51.25,6.0
2024-02-13 14:00:00,3.894867,5.182663,282.73822,101220.65,51.25,6.0
2024-02-13 15:00:00,4.180908,5.0021667,282.73212,101230.914,51.25,6.0
2024-02-13 16:00:00,3.2845764,5.257721,282.34967,101212.19,51.25,6.0
2024-02-13 17:00:00,2.5896301,6.268936,282.07928,101208.59,51.25,6.0
2024-02-13 18:00:00,2.7095642,7.0503387,281.91785,101204.35,51.25,6.0
2024-02-13 19:00:00,3.2416534,7.6135864,281.72363,101177.89,51.25,6.0
2024-02-13 20:00:00,3.6869507,8.157166,281.59485,101169.15,51.25,6.0
2024-02-13 21:00:00,3.424469,8.469467,281.67767,101126.64,51.25,6.0
2024-02-13 22:00:00,3.622116,8.761139,281.62244,101083.84,51.25,6.0
2024-02-13 23:00:00,5.1569824,8.784424,281.83066,101060.38,51.25,6.0
2024-02-14 00:00:00,6.2313232,8.836288,281.96844,101023.75,51.25,6.0
2024-02-14 01:00:00,6.9631195,8.6419525,281.80725,100986.266,51.25,6.0
2024-02-14 02:00:00,7.496063,8.178955,281.84723,100980.34,51.25,6.0
2024-02-14 03:00:00,7.727539,7.9606323,282.1949,100986.53,51.25,6.0
2024-02-14 04:00:00,8.000946,7.6743164,282.4251,100971.84,51.25,6.0
2024-02-14 05:00:00,7.77652,7.2694855,282.52307,101027.484,51.25,6.0
2024-02-14 06:00:00,7.501358,6.761734,282.54495,101045.36,51.25,6.0
2024-02-14 07:00:00,7.0360413,6.577942,282.90253,101099.945,51.25,6.0
2024-02-14 08:00:00,6.1833344,7.0612793,283.25592,101138.664,51.25,6.0
2024-02-14 09:00:00,5.8349,7.239868,283.65295,101168.016,51.25,6.0
2024-02-14 10:00:00,5.981079,7.144211,284.0747,101183.47,51.25,6.0
2024-02-14 11:00:00,6.665024,8.247833,284.31784,101159.37,51.25,6.0
2024-02-14 12:00:00,7.538147,8.177032,284.87143,101182.14,51.25,6.0
2024-02-14 13:00:00,5.9145203,7.3977356,284.83548,101169.375,51.25,6.0
2024-02-14 14:00:00,6.262497,7.3292694,284.7225,101157.484,51.25,6.0
2024-02-14 15:00:00,6.302902,6.8963776,284.8624,101138.3,51.25,6.0
2024-02-14 16:00:00,5.9138184,6.4500885,285.01724,101133.125,51.25,6.0
2024-02-14 17:00:00,6.2534637,6.696457,285.20557,101154.92,51.25,6.0
2024-02-14 18:00:00,6.44545,6.3989716,285.30133,101189.8,51.25,6.0
2024-02-14 19:00:00,6.714157,6.513077,285.29025,101233.484,51.25,6.0
2024-02-14 20:00:00,6.86203,6.5388184,285.27368,101230.91,51.25,6.0
2024-02-14 21:00:00,6.890793,6.101898,285.3104,101248.39,51.25,6.0
2024-02-14 22:00:00,6.4243774,5.6685486,285.3693,101274.27,51.25,6.0
2024-02-14 23:00:00,6.2230225,5.532303,285.40363,101259.52,51.25,6.0
2024-02-15 00:00:00,5.813202,5.1539307,285.5008,101266.86,51.25,6.0
2024-02-15 01:00:00,4.755356,5.6900787,285.4253,101251.14,51.25,6.0
2024-02-15 02:00:00,4.498169,6.2037506,285.28784,101227.34,51.25,6.0
2024-02-15 03:00:00,4.2675934,6.351959,284.95975,101198.59,51.25,6.0
2024-02-15 04:00:00,3.890686,6.5194855,284.95938,101154.03,51.25,6.0
2024-02-15 05:00:00,4.214447,6.4322968,285.0892,101142.484,51.25,6.0
2024-02-15 06:00:00,3.3392792,6.313263,285.24646,101110.25,51.25,6.0
2024-02-15 07:00:00,2.5944824,6.888336,285.3426,101094.875,51.25,6.0
2024-02-15 08:00:00,2.8464355,6.6302643,285.41025,101078.58,51.25,6.0
2024-02-15 09:00:00,2.6257477,7.0112,285.73584,101097.3,51.25,6.0
2024-02-15 10:00:00,2.664978,6.5919037,286.53595,101057.86,51.25,6.0
2024-02-15 11:00:00,3.0455933,6.7643433,287.57327,101037.49,51.25,6.0
2024-02-15 12:00:00,2.7658234,6.2865143,288.1029,100971.99,51.25,6.0
2024-02-15 13:00:00,1.128952,6.2201843,288.86908,100906.875,51.25,6.0
2024-02-15 14:00:00,-0.33642578,6.426422,289.581,100837.516,51.25,6.0
2024-02-15 15:00:00,-0.98657227,6.547577,289.5243,100782.78,51.25,6.0
2024-02-15 16:00:00,-2.566742,6.5408173,288.97333,100712.14,51.25,6.0
2024-02-15 17:00:00,-3.1500397,6.8090057,287.64844,100669.516,51.25,6.0
2024-02-15 18:00:00,-2.2562103,7.543442,286.61322,100674.25,51.25,6.0
2024-02-15 19:00:00,-1.2153015,7.6155396,285.98166,100647.875,51.25,6.0
2024-02-15 20:00:00,-0.067718506,7.7821655,285.62018,100637.72,51.25,6.0
2024-02-15 21:00:00,0.1542511,8.071991,285.40002,100593.47,51.25,6.0
2024-02-15 22:00:00,0.9949951,7.585037,285.46832,100518.53,51.25,6.0
2024-02-15 23:00:00,2.8878174,6.869568,285.3577,100518.45,51.25,6.0
2024-02-16 00:00:00,2.9892883,6.1233215,285.56836,100530.55,51.25,6.0
2024-02-16 01:00:00,2.737503,6.7969055,285.76294,100519.82,51.25,6.0
2024-02-16 02:00:00,2.4008179,6.839386,285.7945,100494.03,51.25,6.0
2024-02-16 03:00:00,2.9957886,7.44928,285.65143,100463.36,51.25,6.0
2024-02-16 04:00:00,3.0906525,7.3975983,285.79022,100458.16,51.25,6.0
2024-02-16 05:00:00,2.7631836,7.8059235,286.2384,100470.7,51.25,6.0
2024-02-16 06:00:00,3.235489,7.896942,286.5772,100475.625,51.25,6.0
2024-02-16 07:00:00,4.380081,7.8504333,286.41986,100526.76,51.25,6.0
2024-02-16 08:00:00,5.944504,7.3170013,286.67435,100591.67,51.25,6.0
2024-02-16 09:00:00,7.2008514,6.2938995,286.98737,100681.53,51.25,6.0
2024-02-16 10:00:00,7.0406647,5.1451263,287.172,100741.7,51.25,6.0
2024-02-16 11:00:00,6.187683,4.474655,287.27808,100833.49,51.25,6.0
2024-02-16 12:00:00,7.345978,4.037567,287.0791,100904.266,51.25,6.0
2024-02-16 13:00:00,8.098434,1.9010925,286.58752,100937.72,51.25,6.0
2024-02-16 14:00:00,7.283478,-0.19100952,285.88763,100986.58,51.25,6.0
2024-02-16 15:00:00,6.494568,-1.3971863,285.5459,101116.92,51.25,6.0
2024-02-16 16:00:00,5.881119,-2.0545044,285.42242,101191.234,51.25,6.0
2024-02-16 17:00:00,5.3948975,-2.0023804,284.95984,101298.22,51.25,6.0
2024-02-16 18:00:00,5.6414948,-1.7313385,284.28796,101441.375,51.25,6.0
2024-02-16 19:00:00,6.028702,-1.110611,284.0927,101523.83,51.25,6.0
2024-02-16 20:00:00,6.2420044,-0.28311157,283.8121,101650.47,51.25,6.0
2024-02-16 21:00:00,6.3993073,0.26307678,283.4406,101698.69,51.25,6.0
2024-02-16 22:00:00,6.260895,0.35331726,282.75,101783.58,51.25,6.0
2024-02-16 23:00:00,6.269806,0.6218262,282.38928,101859.2,51.25,6.0
2024-02-17 00:00:00,6.2308807,0.6433258,282.2493,101930.55,51.25,6.0
2024-02-17 01:00:00,6.392502,1.0075226,282.31857,101979.19,51.25,6.0
2024-02-17 02:00:00,6.584961,0.9002228,282.10938,102041.91,51.25,6.0
2024-02-17 03:00:00,6.3961334,0.46302795,282.00238,102105.93,51.25,6.0
2024-02-17 04:00:00,6.133835,0.44396973,281.86798,102159.16,51.25,6.0
2024-02-17 05:00:00,6.0749664,0.70680237,281.75836,102234.83,51.25,6.0
2024-02-17 06:00:00,5.8321075,0.80737305,281.8297,102296.92,51.25,6.0
2024-02-17 07:00:00,5.755844,0.76786804,282.05225,102379.41,51.25,6.0
2024-02-17 08:00:00,5.5345154,0.70462036,282.3484,102473.9,51.25,6.0
2024-02-17 09:00:00,5.4682617,0.79078674,282.77332,102567.234,51.25,6.0
2024-02-17 10:00:00,4.2376404,1.3279877,283.36005,102621.25,51.25,6.0
2024-02-17 11:00:00,4.5783844,1.3760834,284.2704,102688.98,51.25,6.0
2024-02-17 12:00:00,4.485428,1.1757812,284.87683,102704.72,51.25,6.0
2024-02-17 13:00:00,4.2884216,1.0378723,285.4693,102722.42,51.25,6.0
2024-02-17 14:00:00,4.157379,0.8370056,285.71765,102725.62,51.25,6.0
2024-02-17 15:00:00,3.8477783,1.0058594,285.60333,102748.94,51.25,6.0
2024-02-17 16:00:00,3.7773895,1.5603027,285.41663,102756.945,51.25,6.0
2024-02-17 17:00:00,3.7532043,2.307373,284.85132,102789.08,51.25,6.0
2024-02-17 18:00:00,3.3744507,3.3765106,283.63757,102785.89,51.25,6.0
2024-02-17 19:00:00,3.346817,4.2958374,282.97308,102827.664,51.25,6.0
2024-02-17 20:00:00,3.6776886,4.721924,283.04053,102834.516,51.25,6.0
2024-02-17 21:00:00,3.2365875,5.268326,283.11774,102827.625,51.25,6.0
2024-02-17 22:00:00,2.6479034,6.153061,283.14587,102799.67,51.25,6.0
2024-02-17 23:00:00,2.5103455,6.4128876,283.128,102810.625,51.25,6.0
2024-02-18 00:00:00,2.4881134,6.6146545,283.16693,102760.91,51.25,6.0
2024-02-18 01:00:00,2.7344666,6.7365723,283.0514,102698.5,51.25,6.0
2024-02-18 02:00:00,3.3730469,6.9001617,282.97705,102668.45,51.25,6.0
2024-02-18 03:00:00,3.7598114,7.0918427,282.8051,102635.83,51.25,6.0
2024-02-18 04:00:00,4.336319,7.4191895,282.49255,102585.63,51.25,6.0
2024-02-18 05:00:00,4.2582245,7.6109924,282.40546,102496.45,51.25,6.0
2024-02-18 06:00:00,3.221695,8.004913,282.2401,102403.64,51.25,6.0
2024-02-18 07:00:00,2.4006348,8.686661,281.9639,102313.92,51.25,6.0
2024-02-18 08:00:00,2.6235352,8.885223,281.76202,102259.625,51.25,6.0
2024-02-18 09:00:00,2.8836212,8.802795,281.58984,102193.33,51.25,6.0
2024-02-18 10:00:00,2.4771423,8.987595,281.58685,102110.09,51.25,6.0
2024-02-18 11:00:00,3.5627441,9.435226,281.70044,102055.95,51.25,6.0
2024-02-18 12:00:00,4.804123,9.991165,281.95496,101913.27,51.25,6.0
2024-02-18 13:00:00,5.5341797,10.206589,281.93826,101767.84,51.25,6.0
2024-02-18 14:00:00,7.313202,10.127518,281.86273,101671.41,51.25,6.0
2024-02-18 15:00:00,9.12178,9.204666,282.2145,101617.195,51.25,6.0
2024-02-18 16:00:00,10.544662,6.1713104,283.27594,101575.94,51.25,6.0
2024-02-18 17:00:00,11.444244,1.4322052,283.78125,101630.59,51.25,6.0
2024-02-18 18:00:00,11.04892,-1.2932587,283.55518,101693.375,51.25,6.0
2024-02-18 19:00:00,10.221603,-1.7550049,283.18823,101775.61,51.25,6.0
2024-02-18 20:00:00,9.923279,-1.4348755,283.02264,101811.42,51.25,6.0
2024-02-18 21:00:00,9.647446,-1.6201172,282.73306,101895.08,51.25,6.0
2024-02-18 22:00:00,9.019241,-2.5987701,282.31378,101920.945,51.25,6.0
2024-02-18 23:00:00,8.774551,-2.7892609,282.21466,102012.086,51.25,6.0
2024-02-19 00:00:00,8.400101,-3.6915894,282.13147,102087.49,51.25,6.0
2024-02-19 01:00:00,7.3859406,-4.1699066,282.00452,102156.19,51.25,6.0
2024-02-19 02:00:00,6.6891785,-3.5286255,281.80142,102183.16,51.25,6.0
2024-02-19 03:00:00,6.4644165,-2.4793854,281.49243,102224.87,51.25,6.0
2024-02-19 04:00:00,6.1331635,-1.4199066,281.30103,102230.08,51.25,6.0
2024-02-19 05:00:00,5.677292,0.13064575,281.04382,102239.84,51.25,6.0
2024-02-19 06:00:00,5.7198944,1.1627502,281.0985,102229.59,51.25,6.0
2024-02-19 07:00:00,6.4276123,1.320404,281.49625,102243.89,51.25,6.0
2024-02-19 08:00:00,6.4727173,1.7649689,281.89233,102259.22,51.25,6.0
2024-02-19 09:00:00,7.6534424,2.3103027,282.77423,102239.516,51.25,6.0
2024-02-19 10:00:00,6.497925,1.7039642,283.53394,102241.55,51.25,6.0
2024-02-19 11:00:00,7.007187,1.6216736,283.7496,102231.44,51.25,6.0
2024-02-19 12:00:00,7.526367,1.9295197,283.73322,102158.2,51.25,6.0
2024-02-19 13:00:00,7.267166,2.0622864,283.6269,102111.08,51.25,6.0
2024-02-19 14:00:00,7.756256,2.2457886,283.28125,102092.625,51.25,6.0
2024-02-19 15:00:00,8.648987,1.2208252,283.164,102048.14,51.25,6.0
2024-02-19 16:00:00,7.89917,-0.27964783,282.71713,102030.71,51.25,6.0
2024-02-19 17:00:00,7.495102,-0.7300873,282.23203,102064.86,51.25,6.0
2024-02-19 18:00:00,7.928253,-1.218216,282.07047,102061.2,51.25,6.0
2024-02-19 19:00:00,8.325714,-3.5336456,281.94135,102127.87,51.25,6.0
2024-02-19 20:00:00,7.213272,-4.1361694,281.71637,102146.61,51.25,6.0
2024-02-19 21:00:00,6.422104,-3.5501251,281.1377,102211.57,51.25,6.0
2024-02-19 22:00:00,5.8824005,-2.1480408,280.55475,102248.266,51.25,6.0
2024-02-19 23:00:00,6.515854,-1.4246521,279.92664,102253.125,51.25,6.0
2024-02-20 00:00:00,6.5479126,-1.5266418,279.56223,102280.5,51.25,6.0
2024-02-20 01:00:00,6.5878143,-1.2719574,279.14575,102306.445,51.25,6.0
2024-02-20 02:00:00,6.2849884,-0.9320984,278.99454,102316.89,51.25,6.0
2024-02-20 03:00:00,6.3206177,-0.7940216,278.93488,102349.375,51.25,6.0
2024-02-20 04:00:00,5.7360992,-0.44529724,279.04712,102337.14,51.25,6.0
2024-02-20 05:00:00,5.432083,0.32608032,278.768,102346.83,51.25,6.0
2024-02-20 06:00:00,5.167877,1.382309,278.75085,102340.11,51.25,6.0
2024-02-20 07:00:00,5.2588654,2.7254486,278.94843,102350.53,51.25,6.0
2024-02-20 08:00:00,5.3796234,3.2727814,279.52466,102372.875,51.25,6.0
2024-02-20 09:00:00,5.018509,3.469162,280.50067,102392.58,51.25,6.0
2024-02-20 10:00:00,4.592285,4.614502,281.56384,102377.484,51.25,6.0
2024-02-20 11:00:00,5.7681274,4.7592316,282.19397,102363.44,51.25,6.0
2024-02-20 12:00:00,6.408081,5.035309,283.151,102294.59,51.25,6.0
2024-02-20 13:00:00,7.783371,5.575348,283.69403,102205.88,51.25,6.0
2024-02-20 14:00:00,8.001007,5.1130676,283.9627,102143.89,51.25,6.0
2024-02-20 15:00:00,7.6201477,4.7970734,283.76004,102085.375,51.25,6.0
2024-02-20 16:00:00,7.0859375,4.1776276,283.25052,102048.88,51.25,6.0
2024-02-20 17:00:00,6.863846,4.2298737,282.58063,102067.984,51.25,6.0
2024-02-20 18:00:00,6.7324677,4.8743744,282.20377,102038.04,51.25,6.0
2024-02-20 19:00:00,7.1322174,5.065674,281.8627,102067.83,51.25,6.0
2024-02-20 20:00:00,7.2338104,5.9918213,281.55298,102034.7,51.25,6.0
2024-02-20 21:00:00,6.628708,6.5310974,281.67523,101980.375,51.25,6.0
2024-02-20 22:00:00,6.8105316,6.2256317,281.73578,101923.65,51.25,6.0
2024-02-20 23:00:00,7.499054,5.0012665,281.86813,101885.16,51.25,6.0
2024-02-21 00:00:00,7.0200195,4.4692383,281.9986,101829.61,51.25,6.0
2024-02-21 01:00:00,6.699341,4.470291,281.99426,101773.2,51.25,6.0
2024-02-21 02:00:00,6.1988525,4.471634,281.86725,101712.4,51.25,6.0
2024-02-21 03:00:00,6.0036926,4.926819,281.8204,101619.28,51.25,6.0
2024-02-21 04:00:00,5.94075,4.7852936,281.7398,101586.29,51.25,6.0
2024-02-21 05:00:00,5.6359253,4.6860046,281.69055,101563.31,51.25,6.0
2024-02-21 06:00:00,4.7891846,5.298126,281.6136,101485.125,51.25,6.0
2024-02-21 07:00:00,4.1238403,5.905609,281.52402,101425.125,51.25,6.0
2024-02-21 08:00:00,4.0095367,6.212143,281.66803,101394.78,51.25,6.0
2024-02-21 09:00:00,3.0132751,6.5109863,281.84265,101295.58,51.25,6.0
2024-02-21 10:00:00,4.615082,8.416443,282.01752,101202.21,51.25,6.0
2024-02-21 11:00:00,4.290329,8.694061,282.66425,101080.63,51.25,6.0
2024-02-21 12:00:00,4.838501,9.087555,283.2492,100956.03,51.25,6.0
2024-02-21 13:00:00,4.696335,9.263626,283.71524,100799.64,51.25,6.0
2024-02-21 14:00:00,4.108429,8.822433,284.0265,100635.36,51.25,6.0
2024-02-21 15:00:00,3.5011902,9.02066,283.80786,100464.484,51.25,6.0
2024-02-21 16:00:00,2.8509674,9.891296,283.0443,100302.7,51.25,6.0
2024-02-21 17:00:00,3.3503418,10.5776825,282.04303,100209.016,51.25,6.0
2024-02-21 18:00:00,4.795883,10.842957,281.72668,100085.67,51.25,6.0
2024-02-21 19:00:00,5.193878,10.7895355,281.6147,100004.5,51.25,6.0
2024-02-21 20:00:00,5.435364,10.717331,281.76712,99885.805,51.25,6.0
2024-02-21 21:00:00,6.172638,10.550034,281.8144,99760.52,51.25,6.0
2024-02-21 22:00:00,6.7285614,9.483917,281.99902,99677.17,51.25,6.0
2024-02-21 23:00:00,7.0833282,8.972885,282.16516,99589.59,51.25,6.0
2024-02-22 00:00:00,7.334793,8.324936,282.42267,99524.875,51.25,6.0
2024-02-22 01:00:00,7.4850616,7.774521,282.60486,99440.234,51.25,6.0
2024-02-22 02:00:00,7.429123,6.875244,282.8521,99373.12,51.25,6.0
2024-02-22 03:00:00,6.921631,5.7346497,282.98138,99295.49,51.25,6.0
2024-02-22 04:00:00,5.4559937,5.4557495,283.03815,99221.29,51.25,6.0
2024-02-22 05:00:00,4.441864,5.857437,282.9887,99176.836,51.25,6.0
2024-02-22 06:00:00,3.5394592,5.7790833,282.8844,99087.875,51.25,6.0
2024-02-22 07:00:00,2.2290192,5.7770844,282.74805,99023.58,51.25,6.0
2024-02-22 08:00:00,0.8707123,6.159012,282.95328,98908.14,51.25,6.0
2024-02-22 09:00:00,0.30099487,6.610779,283.59326,98776.13,51.25,6.0
2024-02-22 10:00:00,-0.69195557,6.5877533,284.32074,98590.86,51.25,6.0
2024-02-22 11:00:00,0.08641052,7.803604,285.1118,98462.85,51.25,6.0
2024-02-22 12:00:00,1.3473511,8.376526,285.71988,98274.5,51.25,6.0
2024-02-22 13:00:00,2.5777893,9.56485,286.07043,98086.29,51.25,6.0
2024-02-22 14:00:00,3.0151825,10.927856,286.13123,97875.51,51.25,6.0
2024-02-22 15:00:00,1.8988342,11.382248,286.2198,97641.266,51.25,6.0
2024-02-22 16:00:00,3.776474,12.92099,286.05432,97531.72,51.25,6.0
2024-02-22 17:00:00,5.0206604,13.275101,285.00848,97432.97,51.25,6.0
2024-02-22 18:00:00,8.41153,14.503555,284.14777,97384.67,51.25,6.0
2024-02-22 19:00:00,12.2621,12.31691,283.5556,97493.36,51.25,6.0
2024-02-22 20:00:00,13.782684,10.488281,281.79437,97693.22,51.25,6.0
2024-02-22 21:00:00,13.703751,9.846664,280.48154,97864.66,51.25,6.0
2024-02-22 22:00:00,12.367233,7.9142456,280.12823,97963.16,51.25,6.0
2024-02-22 23:00:00,13.193237,4.854965,278.8188,98217.28,51.25,6.0
2024-02-23 00:00:00,11.220703,3.387085,277.9057,98429.12,51.25,6.0
2024-02-23 01:00:00,8.789246,6.5805817,278.1303,98532.06,51.25,6.0
2024-02-23 02:00:00,8.258209,8.475525,278.044,98595.44,51.25,6.0
2024-02-23 03:00:00,7.9993896,8.487839,278.20343,98599.65,51.25,6.0
2024-02-23 04:00:00,7.347687,8.406021,278.24048,98658.59,51.25,6.0
2024-02-23 05:00:00,6.27684,9.042389,278.58502,98673.03,51.25,6.0
2024-02-23 06:00:00,5.6817017,9.538071,278.8858,98660.516,51.25,6.0
2024-02-23 07:00:00,5.8682556,9.795715,278.89194,98634.1,51.25,6.0
2024-02-23 08:00:00,5.940796,9.717285,278.94708,98666.516,51.25,6.0
2024-02-23 09:00:00,6.0366974,10.883881,279.63187,98645.97,51.25,6.0
2024-02-23 10:00:00,6.369873,9.843475,280.43567,98665.22,51.25,6.0
2024-02-23 11:00:00,6.502777,9.208679,280.80472,98718.89,51.25,6.0
2024-02-23 12:00:00,6.127655,8.705002,281.01782,98731.45,51.25,6.0
2024-02-23 13:00:00,5.881378,8.192551,280.7029,98724.91,51.25,6.0
2024-02-23 14:00:00,5.400116,7.4479218,281.46753,98728.39,51.25,6.0
2024-02-23 15:00:00,4.2807007,6.775482,281.5749,98736.8,51.25,6.0
2024-02-23 16:00:00,3.0279083,7.153717,281.3522,98729.305,51.25,6.0
2024-02-23 17:00:00,1.5658875,7.1501617,280.52594,98793.23,51.25,6.0
2024-02-23 18:00:00,0.9038391,7.3101807,279.682,98810.19,51.25,6.0
2024-02-23 19:00:00,0.94854736,7.5424957,279.41675,98852.2,51.25,6.0
2024-02-23 20:00:00,1.8256836,7.3337555,279.22177,98875.36,51.25,6.0
2024-02-23 21:00:00,2.388214,6.7942047,278.79858,98925.86,51.25,6.0
2024-02-23 22:00:00,1.0125275,6.4054413,278.81274,98924.79,51.25,6.0
2024-02-23 23:00:00,0.8181915,6.957947,278.66223,98937.56,51.25,6.0
2024-02-24 00:00:00,1.2504272,7.310791,278.403,98952.39,51.25,6.0
2024-02-24 01:00:00,2.039444,7.0561676,278.19666,98965.36,51.25,6.0
2024-02-24 02:00:00,2.4274902,6.7268677,277.98926,98977.2,51.25,6.0
2024-02-24 03:00:00,2.3896637,6.837494,277.82507,98993.4,51.25,6.0
2024-02-24 04:00:00,2.3904114,6.6384583,277.68433,99021.914,51.25,6.0
2024-02-24 05:00:00,2.567566,6.1409454,277.5573,99049.31,51.25,6.0
2024-02-24 06:00:00,2.800064,5.781128,277.70587,99112.33,51.25,6.0
2024-02-24 07:00:00,3.0245209,5.3931274,277.64136,99168.81,51.25,6.0
2024-02-24 08:00:00,3.1619415,5.288666,277.77167,99264.34,51.25,6.0
2024-02-24 09:00:00,3.284958,5.3671417,277.78442,99339.195,51.25,6.0
2024-02-24 10:00:00,5.01326,5.4878845,278.5553,99404.836,51.25,6.0
2024-02-24 11:00:00,4.4386597,5.345871,279.20822,99456.89,51.25,6.0
2024-02-24 12:00:00,3.8549347,5.9331207,279.66516,99481.266,51.25,6.0
2024-02-24 13:00:00,3.3949432,6.2160645,280.05756,99473.66,51.25,6.0
2024-02-24 14:00:00,5.2665863,6.7844696,280.0335,99542.266,51.25,6.0
2024-02-24 15:00:00,4.2530823,5.666153,280.01288,99568.16,51.25,6.0
2024-02-24 16:00:00,4.4860535,5.984482,279.66144,99595.76,51.25,6.0
2024-02-24 17:00:00,3.7286987,6.175049,278.67087,99655.0,51.25,6.0
2024-02-24 18:00:00,2.7684174,6.864731,278.3598,99698.734,51.25,6.0
2024-02-24 19:00:00,1.4944763,7.257675,278.26218,99717.55,51.25,6.0
2024-02-24 20:00:00,0.5350189,7.624954,278.56073,99722.84,51.25,6.0
2024-02-24 21:00:00,0.12641907,8.097137,278.75623,99703.305,51.25,6.0
2024-02-24 22:00:00,0.7784424,9.000992,278.53412,99654.195,51.25,6.0
2024-02-24 23:00:00,0.28486633,8.183517,278.51544,99614.484,51.25,6.0
2024-02-25 00:00:00,0.3851776,8.173599,278.58655,99589.44,51.25,6.0
2024-02-25 01:00:00,1.5642548,8.083847,278.64752,99589.12,51.25,6.0
2024-02-25 02:00:00,3.201645,7.666977,278.7707,99571.03,51.25,6.0
2024-02-25 03:00:00,3.6040344,7.100815,278.6586,99550.22,51.25,6.0
2024-02-25 04:00:00,3.5382996,6.7557373,278.49402,99556.89,51.25,6.0
2024-02-25 05:00:00,3.2400665,6.5667877,278.40784,99571.49,51.25,6.0
2024-02-25 06:00:00,3.1350403,6.7620087,278.36578,99591.61,51.25,6.0
2024-02-25 07:00:00,3.4489288,6.9149933,278.39053,99622.36,51.25,6.0
2024-02-25 08:00:00,3.9302979,6.7934875,278.97107,99676.24,51.25,6.0
2024-02-25 09:00:00,3.9586945,6.21933,279.58893,99683.336,51.25,6.0
2024-02-25 10:00:00,3.8469849,5.5578766,280.65326,99664.58,51.25,6.0
2024-02-25 11:00:00,3.4065857,4.994583,281.5081,99668.06,51.25,6.0
2024-02-25 12:00:00,2.5553741,4.9052124,281.88327,99630.8,51.25,6.0
2024-02-25 13:00:00,1.6747894,4.6466675,282.18475,99593.16,51.25,6.0
2024-02-25 14:00:00,0.80229187,4.6017,282.35306,99548.47,51.25,6.0
2024-02-25 15:00:00,-1.0252075,4.044464,282.3013,99499.0,51.25,6.0
2024-02-25 16:00:00,-3.6123657,2.673523,281.99554,99431.234,51.25,6.0
2024-02-25 17:00:00,-5.5655823,2.6936493,280.88074,99423.5,51.25,6.0
2024-02-25 18:00:00,-6.7012787,2.8861084,280.08127,99437.56,51.25,6.0
2024-02-25 19:00:00,-7.3900604,2.5725708,279.7594,99415.84,51.25,6.0
2024-02-25 20:00:00,-7.751587,2.474762,279.52863,99369.22,51.25,6.0
2024-02-25 21:00:00,-7.6380157,2.487091,279.66748,99340.14,51.25,6.0
2024-02-25 22:00:00,-7.470825,1.38768,279.75397,99304.8,51.25,6.0
2024-02-25 23:00:00,-7.9076843,0.27409363,279.49036,99307.3,51.25,6.0
2024-02-26 00:00:00,-8.323273,-0.24906921,279.0899,99287.05,51.25,6.0
2024-02-26 01:00:00,-8.525055,-0.9140167,279.04388,99284.08,51.25,6.0
2024-02-26 02:00:00,-8.627548,-1.8816528,278.97137,99267.34,51.25,6.0
2024-02-26 03:00:00,-8.573166,-2.7457886,278.77655,99289.19,51.25,6.0
2024-02-26 04:00:00,-8.814728,-3.859436,278.56915,99284.75,51.25,6.0
2024-02-26 05:00:00,-8.768723,-4.404373,278.5063,99303.6,51.25,6.0
2024-02-26 06:00:00,-8.67099,-4.659775,278.43463,99360.39,51.25,6.0
2024-02-26 07:00:00,-8.547989,-4.5683746,278.40295,99431.48,51.25,6.0
2024-02-26 08:00:00,-8.154846,-4.46994,278.44577,99507.4,51.25,6.0
2024-02-26 09:00:00,-7.7060547,-4.409851,278.59717,99587.05,51.25,6.0
2024-02-26 10:00:00,-6.809952,-5.0749054,278.56238,99650.836,51.25,6.0
2024-02-26 11:00:00,-6.727127,-5.059082,278.84515,99733.06,51.25,6.0
2024-02-26 12:00:00,-6.498947,-5.6160126,279.0213,99764.42,51.25,6.0
2024-02-26 13:00:00,-6.475128,-6.1045074,279.0003,99853.05,51.25,6.0
2024-02-26 14:00:00,-6.431076,-6.362915,278.96112,99950.0,51.25,6.0
2024-02-26 15:00:00,-6.0621033,-7.3555603,278.94525,100018.5,51.25,6.0
2024-02-26 16:00:00,-5.983536,-7.799362,279.09818,100103.234,51.25,6.0
2024-02-26 17:00:00,-5.9041443,-8.070358,279.1578,100221.484,51.25,6.0
2024-02-26 18:00:00,-5.794739,-8.326172,279.1034,100326.97,51.25,6.0
2024-02-26 19:00:00,-5.5424194,-8.4109955,278.98596,100449.11,51.25,6.0
2024-02-26 20:00:00,-5.2798767,-8.5512085,278.86102,100552.0,51.25,6.0
2024-02-26 21:00:00,-5.357544,-8.095718,278.74377,100642.18,51.25,6.0
2024-02-26 22:00:00,-3.8517303,-7.6745605,278.50546,100737.31,51.25,6.0
2024-02-26 23:00:00,-3.8793945,-7.7450867,278.31628,100804.08,51.25,6.0
2024-02-27 00:00:00,-4.2860565,-7.144684,278.16315,100856.44,51.25,6.0
2024-02-27 01:00:00,-4.451599,-6.5648956,278.1192,100897.28,51.25,6.0
2024-02-27 02:00:00,-4.339615,-6.411789,277.9441,100927.75,51.25,6.0
2024-02-27 03:00:00,-4.031906,-6.3361664,277.67676,100970.766,51.25,6.0
2024-02-27 04:00:00,-3.7395325,-6.1118164,277.4034,101008.61,51.25,6.0
2024-02-27 05:00:00,-3.3229523,-6.236969,277.0163,101058.46,51.25,6.0
2024-02-27 06:00:00,-3.0477448,-6.376831,276.83484,101126.59,51.25,6.0
2024-02-27 07:00:00,-3.2057343,-5.9782715,276.58963,101187.195,51.25,6.0
2024-02-27 08:00:00,-2.9157715,-5.0383606,276.76804,101252.914,51.25,6.0
2024-02-27 09:00:00,-3.033554,-4.225113,277.23236,101265.695,51.25,6.0
2024-02-27 10:00:00,-1.3993835,-3.3687134,277.5598,101322.49,51.25,6.0
2024-02-27 11:00:00,-1.6338043,-3.4207916,278.01782,101340.16,51.25,6.0
2024-02-27 12:00:00,-1.9768066,-3.2021942,278.511,101313.59,51.25,6.0
2024-02-27 13:00:00,-1.552185,-3.0375519,279.0273,101291.34,51.25,6.0
2024-02-27 14:00:00,-1.1618195,-2.9518585,279.60474,101249.36,51.25,6.0
2024-02-27 15:00:00,-1.1883392,-2.2948456,279.76074,101252.36,51.25,6.0
2024-02-27 16:00:00,-0.27796936,-2.4151154,279.36594,101263.0,51.25,6.0
2024-02-27 17:00:00,0.55792236,-3.269867,277.8533,101305.234,51.25,6.0
2024-02-27 18:00:00,-0.276062,-2.912094,276.90125,101364.15,51.25,6.0
2024-02-27 19:00:00,-1.3796082,-1.5276794,276.57977,101420.91,51.25,6.0
2024-02-27 20:00:00,-1.0306854,-0.6568756,275.60864,101461.16,51.25,6.0
2024-02-27 21:00:00,0.038726807,0.019958496,275.01,101485.24,51.25,6.0
2024-02-27 22:00:00,0.7551117,0.043685913,275.22507,101492.41,51.25,6.0
2024-02-27 23:00:00,1.4956665,0.4132843,274.79657,101500.05,51.25,6.0
2024-02-28 00:00:00,2.5679321,0.78619385,274.00867,101524.59,51.25,6.0
2024-02-28 01:00:00,2.9983368,1.4567108,273.5171,101507.16,51.25,6.0
2024-02-28 02:00:00,3.3257751,1.46344,272.89423,101495.086,51.25,6.0
2024-02-28 03:00:00,3.4358978,1.3062134,273.1502,101516.97,51.25,6.0
2024-02-28 04:00:00,3.529251,2.0208893,273.7439,101548.766,51.25,6.0
2024-02-28 05:00:00,3.805008,3.0023499,273.64252,101582.64,51.25,6.0
2024-02-28 06:00:00,3.3807068,3.672882,274.02756,101594.99,51.25,6.0
2024-02-28 07:00:00,3.3187408,3.8911133,274.41785,101664.945,51.25,6.0
2024-02-28 08:00:00,2.9840393,3.859024,275.40088,101721.7,51.25,6.0
2024-02-28 09:00:00,1.9952698,3.5793457,276.62918,101734.98,51.25,6.0
2024-02-28 10:00:00,1.7572174,3.3692017,277.58057,101755.7,51.25,6.0
2024-02-28 11:00:00,1.7566528,3.3819275,278.6328,101743.09,51.25,6.0
2024-02-28 12:00:00,1.2270966,3.2870636,279.6375,101726.36,51.25,6.0
2024-02-28 13:00:00,1.1941986,3.2304993,280.55646,101667.266,51.25,6.0
2024-02-28 14:00:00,1.1658325,3.1418762,281.39368,101614.75,51.25,6.0
2024-02-28 15:00:00,1.3065338,3.219101,281.71835,101579.83,51.25,6.0
2024-02-28 16:00:00,0.9522705,3.7688751,281.679,101558.88,51.25,6.0
2024-02-28 17:00:00,0.6305847,4.7177124,281.11948,101504.34,51.25,6.0
2024-02-28 18:00:00,1.3502808,5.3783264,280.35168,101500.805,51.25,6.0
2024-02-28 19:00:00,2.2389832,5.7667847,279.96375,101474.28,51.25,6.0
2024-02-28 20:00:00,2.9856567,6.112503,279.6794,101458.08,51.25,6.0
2024-02-28 21:00:00,3.2847595,6.528244,279.20807,101402.984,51.25,6.0
2024-02-28 22:00:00,3.701828,7.273758,278.67755,101314.625,51.25,6.0
2024-02-28 23:00:00,3.489563,7.1458282,278.29486,101283.32,51.25,6.0
2024-02-29 00:00:00,2.887848,7.873993,278.03534,101255.71,51.25,6.0
2024-02-29 01:00:00,2.826065,8.33577,278.08926,101196.375,51.25,6.0
2024-02-29 02:00:00,2.7230072,8.561569,278.1209,101107.94,51.25,6.0
2024-02-29 03:00:00,2.488678,8.877869,278.3463,101019.984,51.25,6.0
2024-02-29 04:00:00,2.3499298,8.794022,278.50842,100931.95,51.25,6.0
2024-02-29 05:00:00,2.577362,8.26329,278.83875,100857.78,51.25,6.0
2024-02-29 06:00:00,2.4729462,7.9589844,279.161,100804.875,51.25,6.0
2024-02-29 07:00:00,1.9338531,7.9889374,279.45575,100778.83,51.25,6.0
2024-02-29 08:00:00,1.4759979,8.086868,280.14905,100737.33,51.25,6.0
2024-02-29 09:00:00,1.2630157,8.046875,281.0042,100695.91,51.25,6.0
2024-02-29 10:00:00,1.0774078,6.941696,281.82092,100632.67,51.25,6.0
2024-02-29 11:00:00,1.024292,7.1846466,282.41638,100583.484,51.25,6.0
2024-02-29 12:00:00,1.134903,7.257202,282.8061,100524.32,51.25,6.0
2024-02-29 13:00:00,0.99902344,6.990387,282.8457,100442.625,51.25,6.0
2024-02-29 14:00:00,0.69966125,6.8468323,283.14667,100336.47,51.25,6.0
2024-02-29 15:00:00,0.47706604,6.817215,283.20563,100233.36,51.25,6.0
2024-02-29 16:00:00,0.04421997,7.085449,283.0802,100162.47,51.25,6.0
2024-02-29 17:00:00,-0.58595276,7.2374573,283.02155,100108.85,51.25,6.0
2024-02-29 18:00:00,-0.8832092,7.311981,282.85486,100053.16,51.25,6.0
2024-02-29 19:00:00,-0.34068298,7.554352,282.80777,100024.61,51.25,6.0
2024-02-29 20:00:00,0.20729065,7.8555603,282.7339,99972.67,51.25,6.0
2024-02-29 21:00:00,0.62812805,8.295685,282.57806,99925.52,51.25,6.0
2024-02-29 22:00:00,0.3572235,7.9352875,282.1979,99867.0,51.25,6.0
2024-02-29 23:00:00,0.4505005,8.107513,282.11996,99815.33,51.25,6.0
2024-03-01 00:00:00,0.61239624,8.239273,281.96866,99763.266,51.25,6.0
2024-03-01 01:00:00,1.2236328,8.286621,281.8111,99741.94,51.25,6.0
2024-03-01 02:00:00,2.2261963,8.120499,281.5905,99693.7,51.25,6.0
2024-03-01 03:00:00,2.6990662,8.109222,281.42767,99644.72,51.25,6.0
2024-03-01 04:00:00,3.8095245,7.2487793,281.5907,99646.484,51.25,6.0
2024-03-01 05:00:00,6.337204,4.467682,281.36212,99719.086,51.25,6.0
2024-03-01 06:00:00,6.861908,2.2792969,280.33704,99781.64,51.25,6.0
2024-03-01 07:00:00,5.933182,2.6852112,279.5501,99902.97,51.25,6.0
2024-03-01 08:00:00,3.8849945,3.922699,279.26883,99927.5,51.25,6.0
2024-03-01 09:00:00,2.5867767,5.8139343,279.77924,99927.875,51.25,6.0
2024-03-01 10:00:00,3.0265198,7.73085,280.7343,99935.44,51.25,6.0
2024-03-01 11:00:00,2.009201,8.827728,281.87927,99880.16,51.25,6.0
2024-03-01 12:00:00,0.20187378,9.317215,283.10913,99794.234,51.25,6.0
2024-03-01 13:00:00,-0.793808,9.715408,283.3565,99736.836,51.25,6.0
2024-03-01 14:00:00,-2.1268005,9.763443,283.7925,99678.58,51.25,6.0
2024-03-01 15:00:00,0.027832031,9.813492,284.0694,99685.36,51.25,6.0
2024-03-01 16:00:00,0.64456177,9.548126,283.91586,99674.234,51.25,6.0
2024-03-01 17:00:00,-1.1274414,9.346497,283.47708,99647.92,51.25,6.0
2024-03-01 18:00:00,-1.9009552,9.374023,283.11444,99608.83,51.25,6.0
2024-03-01 19:00:00,-2.205124,9.370422,282.8446,99601.336,51.25,6.0
2024-03-01 20:00:00,-2.2319946,9.619019,282.48215,99555.53,51.25,6.0
2024-03-01 21:00:00,-2.8647766,9.632568,282.67706,99521.625,51.25,6.0
2024-03-01 22:00:00,-3.808792,10.009399,282.1691,99481.23,51.25,6.0
2024-03-01 23:00:00,-3.1833496,10.455994,281.87555,99433.12,51.25,6.0
2024-03-02 00:00:00,-1.4743652,10.405579,281.6651,99461.39,51.25,6.0
2024-03-02 01:00:00,-0.015014648,9.370346,281.53323,99476.35,51.25,6.0
2024-03-02 02:00:00,0.7522125,7.9671326,281.52036,99503.32,51.25,6.0
2024-03-02 03:00:00,1.1251221,7.209976,281.31247,99495.14,51.25,6.0
2024-03-02 04:00:00,0.76390076,6.544052,280.93982,99503.516,51.25,6.0
2024-03-02 05:00:00,0.23297119,6.5940704,280.5104,99524.87,51.25,6.0
2024-03-02 06:00:00,0.26039124,6.699875,279.96777,99566.125,51.25,6.0
2024-03-02 07:00:00,0.08781433,6.697571,280.07208,99599.28,51.25,6.0
2024-03-02 08:00:00,-0.3611145,6.266678,281.26553,99640.72,51.25,6.0
2024-03-02 09:00:00,-1.2190247,5.431366,282.45303,99638.71,51.25,6.0
2024-03-02 10:00:00,-0.49995422,6.942749,283.6822,99669.22,51.25,6.0
2024-03-02 11:00:00,-0.9217529,7.7004395,284.73093,99623.016,51.25,6.0
2024-03-02 12:00:00,-1.2632446,7.4655457,285.45163,99556.375,51.25,6.0
2024-03-02 13:00:00,-2.0221252,7.067505,285.9027,99533.84,51.25,6.0
2024-03-02 14:00:00,-3.6647491,5.1938934,286.36346,99488.84,51.25,6.0
2024-03-02 15:00:00,-5.777191,5.3583984,286.5146,99427.234,51.25,6.0
2024-03-02 16:00:00,-6.6653748,5.77388,286.29596,99383.8,51.25,6.0
2024-03-02 17:00:00,-6.6651154,7.005966,285.84344,99398.88,51.25,6.0
2024-03-02 18:00:00,-6.048462,7.4248657,285.346,99425.13,51.25,6.0
2024-03-02 19:00:00,-6.196274,6.680069,285.18246,99448.95,51.25,6.0
2024-03-02 20:00:00,-7.145279,6.4891663,284.76712,99422.16,51.25,6.0
2024-03-02 21:00:00,-6.5039673,7.195038,284.45697,99411.48,51.25,6.0
2024-03-02 22:00:00,-6.1795197,6.87706,284.09235,99426.195,51.25,6.0
2024-03-02 23:00:00,-6.2493286,5.985962,283.8468,99396.97,51.25,6.0
2024-03-03 00:00:00,-6.748749,6.651535,283.55786,99385.89,51.25,6.0
2024-03-03 01:00:00,-6.374878,7.064743,283.47375,99359.61,51.25,6.0
2024-03-03 02:00:00,-5.286255,7.0597687,283.02338,99362.52,51.25,6.0
2024-03-03 03:00:00,-4.285248,7.019287,282.6501,99364.414,51.25,6.0
2024-03-03 04:00:00,-3.261444,6.928192,282.46362,99378.25,51.25,6.0
2024-03-03 05:00:00,-2.7707977,6.6441956,282.60712,99429.84,51.25,6.0
2024-03-03 06:00:00,-3.0247803,5.1342163,282.4524,99451.97,51.25,6.0
2024-03-03 07:00:00,-4.330124,3.876648,282.0292,99473.91,51.25,6.0
2024-03-03 08:00:00,-4.642502,3.1429596,282.45624,99506.34,51.25,6.0
2024-03-03 09:00:00,-4.1106567,1.9101715,283.59326,99534.516,51.25,6.0
2024-03-03 10:00:00,-2.254654,0.67581177,285.15906,99546.2,51.25,6.0
2024-03-03 11:00:00,-1.9551849,-0.24072266,286.7334,99543.266,51.25,6.0
2024-03-03 12:00:00,-1.3204651,-0.5188751,288.1048,99516.75,51.25,6.0
2024-03-03 13:00:00,-0.95806885,-1.3347015,288.71774,99492.41,51.25,6.0
2024-03-03 14:00:00,-0.489151,-2.0395966,288.79404,99497.016,51.25,6.0
2024-03-03 15:00:00,0.009750366,-2.5789337,288.61734,99521.61,51.25,6.0
2024-03-03 16:00:00,2.0737457,-2.786499,287.9437,99599.08,51.25,6.0
2024-03-03 17:00:00,3.9808807,-4.5824585,286.57874,99639.88,51.25,6.0
2024-03-03 18:00:00,4.7665253,-5.579483,285.40332,99722.0,51.25,6.0
2024-03-03 19:00:00,6.6788177,-4.367157,284.75214,99836.94,51.25,6.0
2024-03-03 20:00:00,7.7749786,-3.6871643,283.74445,99930.73,51.25,6.0
2024-03-03 21:00:00,7.1191254,-3.8740997,282.93726,99991.88,51.25,6.0
2024-03-03 22:00:00,6.402176,-2.792282,281.66046,100068.32,51.25,6.0
2024-03-03 23:00:00,6.981369,-2.7235565,281.16333,100117.734,51.25,6.0
2024-03-04 00:00:00,6.477524,-2.3203583,280.8827,100169.67,51.25,6.0
2024-03-04 01:00:00,5.916458,-2.303482,280.79648,100275.7,51.25,6.0
2024-03-04 02:00:00,5.556534,-2.4493713,280.87436,100333.06,51.25,6.0
2024-03-04 03:00:00,5.2027893,-1.9534454,280.78992,100389.14,51.25,6.0
2024-03-04 04:00:00,5.277664,-2.7698975,280.65894,100453.79,51.25,6.0
2024-03-04 05:00:00,4.548111,-2.454239,280.56104,100506.48,51.25,6.0
2024-03-04 06:00:00,3.973877,-1.8539886,280.44617,100557.11,51.25,6.0
2024-03-04 07:00:00,4.2661896,-1.6572723,280.2937,100608.45,51.25,6.0
2024-03-04 08:00:00,4.168686,-2.1691895,280.3416,100635.0,51.25,6.0
2024-03-04 09:00:00,3.4563904,-1.9492035,280.91385,100666.28,51.25,6.0
2024-03-04 10:00:00,3.796173,-0.33258057,281.2519,100694.84,51.25,6.0
2024-03-04 11:00:00,4.3408813,-0.83010864,281.84204,100730.67,51.25,6.0
2024-03-04 12:00:00,3.6017914,-1.2693634,282.66937,100728.08,51.25,6.0
2024-03-04 13:00:00,2.451416,-1.1196442,283.42212,100710.42,51.25,6.0
2024-03-04 14:00:00,1.1809082,-1.1742401,284.2644,100675.8,51.25,6.0
2024-03-04 15:00:00,0.27352905,-0.95376587,284.45572,100640.2,51.25,6.0
2024-03-04 16:00:00,0.1865387,-0.74053955,284.19324,100646.516,51.25,6.0
2024-03-04 17:00:00,-0.32843018,-0.90657043,283.53937,100666.83,51.25,6.0
2024-03-04 18:00:00,-1.227005,-0.6817932,282.04333,100699.22,51.25,6.0
2024-03-04 19:00:00,-1.8165436,-0.12690735,280.6949,100715.44,51.25,6.0
2024-03-04 20:00:00,-2.276291,0.7665558,280.70248,100743.09,51.25,6.0
2024-03-04 21:00:00,-2.6777954,1.9049683,280.68256,100751.445,51.25,6.0
2024-03-04 22:00:00,-3.5009003,3.1241302,279.63715,100730.266,51.25,6.0
2024-03-04 23:00:00,-3.3335876,3.942398,279.34955,100725.03,51.25,6.0
2024-03-05 00:00:00,-2.5911102,4.185272,279.00928,100722.66,51.25,6.0
2024-03-05 01:00:00,-1.4898224,3.9307556,278.96112,100752.39,51.25,6.0
2024-03-05 02:00:00,-1.0238495,3.3351593,279.24634,100735.3,51.25,6.0
2024-03-05 03:00:00,-1.201889,2.867035,279.69055,100724.16,51.25,6.0
2024-03-05 04:00:00,-0.997406,3.2269592,280.01154,100729.26,51.25,6.0
2024-03-05 05:00:00,-0.2300415,3.5507202,279.91348,100748.125,51.25,6.0
2024-03-05 06:00:00,0.7234192,3.3851929,279.85968,100761.75,51.25,6.0
2024-03-05 07:00:00,1.5530853,2.9521942,280.2603,100785.38,51.25,6.0
2024-03-05 08:00:00,2.5468903,2.7267456,280.45132,100815.625,51.25,6.0
2024-03-05 09:00:00,2.7005005,2.056244,281.0584,100850.97,51.25,6.0
2024-03-05 10:00:00,2.9856262,1.1695099,281.10773,100890.19,51.25,6.0
2024-03-05 11:00:00,2.8892212,1.4504242,281.48114,100937.85,51.25,6.0
2024-03-05 12:00:00,3.1027832,1.5819702,281.59854,100936.94,51.25,6.0
2024-03-05 13:00:00,2.8215637,1.4438782,281.9248,100940.94,51.25,6.0
2024-03-05 14:00:00,2.257553,0.932724,282.02997,100939.055,51.25,6.0
2024-03-05 15:00:00,1.8542786,0.3060913,282.0917,100953.05,51.25,6.0
2024-03-05 16:00:00,0.83561707,-0.3093872,282.0863,100983.234,51.25,6.0
2024-03-05 17:00:00,0.17100525,-0.87939453,281.84128,101017.84,51.25,6.0
2024-03-05 18:00:00,-0.7336426,-0.7271118,281.373,101072.3,51.25,6.0
2024-03-05 19:00:00,-1.494812,0.10670471,281.26123,101091.7,51.25,6.0
2024-03-05 20:00:00,-1.7235413,1.121933,280.80347,101135.21,51.25,6.0
2024-03-05 21:00:00,-1.566391,1.9159546,278.82806,101150.14,51.25,6.0
2024-03-05 22:00:00,-0.33335876,3.0338745,278.39032,101214.55,51.25,6.0
2024-03-05 23:00:00,0.65678406,3.0929565,278.1607,101215.445,51.25,6.0
2024-03-06 00:00:00,1.6693115,3.2097778,277.76453,101252.61,51.25,6.0
2024-03-06 01:00:00,2.3429108,2.7201996,277.23358,101318.36,51.25,6.0
2024-03-06 02:00:00,2.367981,1.8424835,276.4135,101329.74,51.25,6.0
2024-03-06 03:00:00,2.6529694,1.739151,276.5595,101347.805,51.25,6.0
2024-03-06 04:00:00,2.7494507,2.0957336,276.1427,101401.33,51.25,6.0
2024-03-06 05:00:00,2.3805542,1.5064697,275.89832,101438.76,51.25,6.0
2024-03-06 06:00:00,1.7299042,1.2054901,275.09552,101501.14,51.25,6.0
2024-03-06 07:00:00,1.5519257,1.6009216,275.8487,101569.36,51.25,6.0
2024-03-06 08:00:00,1.7256927,1.7801514,277.9223,101648.83,51.25,6.0
2024-03-06 09:00:00,0.99243164,1.0510559,280.1796,101697.125,51.25,6.0
2024-03-06 10:00:00,0.53260803,0.8047943,281.81152,101750.89,51.25,6.0
2024-03-06 11:00:00,-0.14004517,1.0066223,282.69202,101773.08,51.25,6.0
2024-03-06 12:00:00,-0.40100098,1.2089691,283.69235,101781.87,51.25,6.0
2024-03-06 13:00:00,-0.47131348,0.81578064,284.1988,101794.42,51.25,6.0
2024-03-06 14:00:00,-0.9273224,-0.25668335,284.53723,101781.59,51.25,6.0
2024-03-06 15:00:00,-1.4736633,-0.65600586,284.624,101815.98,51.25,6.0
2024-03-06 16:00:00,-1.874176,-0.9641113,284.28168,101821.75,51.25,6.0
2024-03-06 17:00:00,-2.737152,-1.6819458,283.217,101865.484,51.25,6.0
2024-03-06 18:00:00,-3.7733612,-2.1814575,281.24976,101909.12,51.25,6.0
2024-03-06 19:00:00,-4.74205,-2.1950226,280.30347,101962.28,51.25,6.0
2024-03-06 20:00:00,-5.634186,-2.114029,279.47333,101977.89,51.25,6.0
2024-03-06 21:00:00,-6.178314,-2.0407104,279.2254,101987.39,51.25,6.0
2024-03-06 22:00:00,-5.8006134,-1.9962463,278.8616,101983.18,51.25,6.0
2024-03-06 23:00:00,-5.513855,-1.4131012,278.06662,102014.984,51.25,6.0
2024-03-07 00:00:00,-5.2411957,-1.2367859,277.5716,101999.59,51.25,6.0
2024-03-07 01:00:00,-5.095276,-1.4181824,276.832,102005.766,51.25,6.0
2024-03-07 02:00:00,-5.1429443,-1.8009949,276.5656,101970.81,51.25,6.0
2024-03-07 03:00:00,-5.3856354,-2.1341705,276.1054,101945.41,51.25,6.0
2024-03-07 04:00:00,-5.495865,-2.188324,275.8322,101906.12,51.25,6.0
2024-03-07 05:00:00,-5.5859833,-2.0944366,275.67877,101883.26,51.25,6.0
2024-03-07 06:00:00,-5.6334534,-2.1166077,275.52734,101888.89,51.25,6.0
2024-03-07 07:00:00,-5.7931824,-2.2263184,276.0916,101877.78,51.25,6.0
2024-03-07 08:00:00,-5.7454987,-1.8198242,277.5418,101879.734,51.25,6.0
2024-03-07 09:00:00,-5.8338165,-0.8602295,278.94962,101861.43,51.25,6.0
2024-03-07 10:00:00,-6.56102,0.0046844482,280.38138,101816.664,51.25,6.0
2024-03-07 11:00:00,-6.817093,0.7568207,281.34235,101778.73,51.25,6.0
2024-03-07 12:00:00,-6.7490234,0.92729187,282.21033,101738.57,51.25,6.0
2024-03-07 13:00:00,-6.947113,0.923584,282.53925,101644.66,51.25,6.0
2024-03-07 14:00:00,-7.2995453,0.5720215,282.5428,101589.42,51.25,6.0
2024-03-07 15:00:00,-7.566437,0.21531677,282.54614,101540.36,51.25,6.0
2024-03-07 16:00:00,-7.4847717,-0.19548035,282.1034,101473.25,51.25,6.0
2024-03-07 17:00:00,-7.523178,-1.0558319,281.425,101443.64,51.25,6.0
2024-03-07 18:00:00,-7.8433075,-1.1181183,280.53488,101433.734,51.25,6.0
2024-03-07 19:00:00,-7.919861,-0.78385925,280.07947,101434.09,51.25,6.0
2024-03-07 20:00:00,-7.790741,-0.19187927,279.35986,101392.61,51.25,6.0
2024-03-07 21:00:00,-7.566284,0.18251038,278.3449,101398.266,51.25,6.0
2024-03-07 22:00:00,-7.739746,0.35881042,278.0877,101344.53,51.25,6.0
2024-03-07 23:00:00,-7.6916656,0.45184326,277.32343,101302.84,51.25,6.0
2024-03-08 00:00:00,-7.758621,0.6331482,276.81265,101265.57,51.25,6.0
2024-03-08 01:00:00,-7.686981,0.55340576,276.21002,101216.55,51.25,6.0
2024-03-08 02:00:00,-7.8026733,0.5840149,275.74744,101167.0,51.25,6.0
2024-03-08 03:00:00,-7.8488464,0.8816376,275.39606,101105.97,51.25,6.0
2024-03-08 04:00:00,-7.8624725,1.3397064,275.0955,101043.46,51.25,6.0
2024-03-08 05:00:00,-7.801956,1.7433777,275.00342,101025.08,51.25,6.0
2024-03-08 06:00:00,-7.840561,1.9360352,274.80524,100974.66,51.25,6.0
2024-03-08 07:00:00,-7.9082947,1.9252319,275.08325,100948.58,51.25,6.0
2024-03-08 08:00:00,-7.606079,1.374939,276.83017,100905.19,51.25,6.0
2024-03-08 09:00:00,-8.107697,1.8950195,278.5266,100827.41,51.25,6.0
2024-03-08 10:00:00,-8.04718,2.5189972,280.15118,100729.3,51.25,6.0
2024-03-08 11:00:00,-8.385788,2.8737488,281.59103,100632.81,51.25,6.0
2024-03-08 12:00:00,-8.353394,3.1694489,282.72952,100584.625,51.25,6.0
2024-03-08 13:00:00,-8.221664,2.9648438,283.57617,100485.78,51.25,6.0
2024-03-08 14:00:00,-8.502533,3.005951,284.0705,100379.7,51.25,6.0
2024-03-08 15:00:00,-8.744019,3.0458221,284.13168,100304.37,51.25,6.0
2024-03-08 16:00:00,-8.524261,2.5193481,283.8072,100230.81,51.25,6.0
2024-03-08 17:00:00,-8.7668915,2.7512512,282.90475,100186.25,51.25,6.0
2024-03-08 18:00:00,-8.698364,3.5336914,281.7083,100186.06,51.25,6.0
2024-03-08 19:00:00,-8.317551,3.908966,280.67233,100167.9,51.25,6.0
2024-03-08 20:00:00,-7.809662,4.016449,280.05215,100135.89,51.25,6.0
2024-03-08 21:00:00,-7.219345,4.061966,279.47723,100106.61,51.25,6.0
2024-03-08 22:00:00,-7.62175,3.2507172,279.08218,100074.234,51.25,6.0
2024-03-08 23:00:00,-6.7330017,3.663971,278.61816,100041.61,51.25,6.0
2024-03-09 00:00:00,-6.0465393,4.1851807,278.32632,100012.875,51.25,6.0
2024-03-09 01:00:00,-5.777603,4.580887,278.34244,99972.734,51.25,6.0
2024-03-09 02:00:00,-5.1965027,4.634552,278.14417,99912.0,51.25,6.0
2024-03-09 03:00:00,-5.0637054,4.423126,278.40778,99861.46,51.25,6.0
2024-03-09 04:00:00,-5.272522,3.9394226,278.17334,99812.34,51.25,6.0
2024-03-09 05:00:00,-6.0234985,3.2705383,278.17438,99769.46,51.25,6.0
2024-03-09 06:00:00,-6.232712,3.5095062,278.098,99732.5,51.25,6.0
2024-03-09 07:00:00,-6.0384674,3.8957214,278.42007,99740.84,51.25,6.0
2024-03-09 08:00:00,-5.862747,4.0581512,279.78925,99761.64,51.25,6.0
2024-03-09 09:00:00,-4.8447723,3.236496,281.3598,99711.14,51.25,6.0
2024-03-09 10:00:00,-4.3266144,2.3326263,283.1414,99687.22,51.25,6.0
2024-03-09 11:00:00,-5.227707,1.328949,284.39496,99614.18,51.25,6.0
2024-03-09 12:00:00,-6.1973114,1.9049835,285.6095,99577.3,51.25,6.0
2024-03-09 13:00:00,-6.9313507,2.5276184,286.6764,99478.484,51.25,6.0
2024-03-09 14:00:00,-7.3849792,3.0507507,287.30853,99442.984,51.25,6.0
2024-03-09 15:00:00,-7.5304413,2.8933563,287.266,99415.02,51.25,6.0
2024-03-09 16:00:00,-7.5504913,2.9537811,286.70938,99367.74,51.25,6.0
2024-03-09 17:00:00,-7.277054,4.0405273,286.2539,99386.14,51.25,6.0
2024-03-09 18:00:00,-6.822983,4.8511353,285.66956,99423.41,51.25,6.0
2024-03-09 19:00:00,-6.816574,4.5970154,285.24915,99425.74,51.25,6.0
2024-03-09 20:00:00,-7.3645477,3.7842407,284.53693,99364.84,51.25,6.0
2024-03-09 21:00:00,-7.987686,2.6567993,284.1395,99358.87,51.25,6.0
2024-03-09 22:00:00,-7.7813416,2.136261,283.46832,99314.3,51.25,6.0
2024-03-09 23:00:00,-7.36734,1.6482849,283.13232,99281.65,51.25,6.0
2024-03-10 00:00:00,-7.3410187,1.690918,282.5861,99268.67,51.25,6.0
2024-03-10 01:00:00,-7.5634766,1.2928772,282.4785,99230.92,51.25,6.0
2024-03-10 02:00:00,-7.6548004,1.5583344,282.4324,99188.234,51.25,6.0
2024-03-10 03:00:00,-8.152161,2.1289215,282.22742,99162.016,51.25,6.0
2024-03-10 04:00:00,-8.95401,1.652298,281.82162,99078.44,51.25,6.0
2024-03-10 05:00:00,-9.057526,0.87042236,281.31265,99013.87,51.25,6.0
2024-03-10 06:00:00,-8.979767,0.53974915,280.9179,99004.36,51.25,6.0
2024-03-10 07:00:00,-8.87648,0.82992554,280.75232,99040.516,51.25,6.0
2024-03-10 08:00:00,-7.946869,0.67518616,281.3946,99068.195,51.25,6.0
2024-03-10 09:00:00,-5.8664856,0.20895386,282.75208,99052.83,51.25,6.0
2024-03-10 10:00:00,-3.7724457,0.6205597,284.669,99033.64,51.25,6.0
2024-03-10 11:00:00,-3.356369,-0.05354309,285.75012,99050.945,51.25,6.0
2024-03-10 12:00:00,-3.7036438,-0.7448273,286.5069,99024.14,51.25,6.0
2024-03-10 13:00:00,-3.7819672,-0.6578522,287.31506,98986.195,51.25,6.0
2024-03-10 14:00:00,-3.670288,-0.3799286,287.56952,98962.47,51.25,6.0
2024-03-10 15:00:00,-3.196991,-0.27122498,287.4466,98976.58,51.25,6.0
2024-03-10 16:00:00,-2.5086975,-0.21008301,286.62518,98994.8,51.25,6.0
2024-03-10 17:00:00,-1.785492,-1.6330566,285.37372,99006.43,51.25,6.0
2024-03-10 18:00:00,-2.8560028,-2.5338898,284.31763,99033.195,51.25,6.0
2024-03-10 19:00:00,-4.2369537,-0.91830444,283.86032,99105.67,51.25,6.0
2024-03-10 20:00:00,-3.8654327,-0.08287048,283.33987,99122.17,51.25,6.0
2024-03-10 21:00:00,-3.0782928,0.21214294,282.85596,99162.39,51.25,6.0
2024-03-10 22:00:00,-0.8683777,0.8184967,282.94037,99226.234,51.25,6.0
2024-03-10 23:00:00,1.1847534,0.6794739,281.68848,99211.55,51.25,6.0
2024-03-11 00:00:00,2.6478424,0.4908142,281.5841,99239.34,51.25,6.0
2024-03-11 01:00:00,3.4324188,0.6174469,281.325,99288.695,51.25,6.0
2024-03-11 02:00:00,4.808716,-0.085357666,281.19077,99282.984,51.25,6.0
2024-03-11 03:00:00,4.4106903,-0.5072632,281.0805,99277.17,51.25,6.0
2024-03-11 04:00:00,4.36055,-0.4220581,280.95248,99288.32,51.25,6.0
2024-03-11 05:00:00,4.7985077,0.52449036,280.91302,99314.83,51.25,6.0
2024-03-11 06:00:00,5.766083,0.99028015,280.86737,99362.15,51.25,6.0
2024-03-11 07:00:00,5.9428864,0.7684326,280.81616,99414.3,51.25,6.0
2024-03-11 08:00:00,6.235428,0.72177124,280.78516,99475.31,51.25,6.0
2024-03-11 09:00:00,6.664688,1.0330048,280.87204,99523.17,51.25,6.0
2024-03-11 10:00:00,4.9336853,-0.88734436,280.80515,99570.59,51.25,6.0
2024-03-11 11:00:00,5.439377,0.04850769,281.01498,99629.39,51.25,6.0
2024-03-11 12:00:00,5.603668,0.7422333,281.4798,99671.67,51.25,6.0
2024-03-11 13:00:00,5.0565643,0.6616821,281.3332,99725.97,51.25,6.0
2024-03-11 14:00:00,4.227112,0.9495697,281.39978,99778.57,51.25,6.0
2024-03-11 15:00:00,4.016159,0.81185913,281.16577,99849.23,51.25,6.0
2024-03-11 16:00:00,3.7069702,0.54026794,281.21436,99904.555,51.25,6.0
2024-03-11 17:00:00,3.5669556,0.1269989,281.19873,99973.81,51.25,6.0
2024-03-11 18:00:00,3.2657928,0.78034973,281.0003,100057.12,51.25,6.0
2024-03-11 19:00:00,3.6542358,1.5925598,280.89166,100126.43,51.25,6.0
2024-03-11 20:00:00,4.0816956,1.9990692,280.83365,100201.734,51.25,6.0
2024-03-11 21:00:00,5.030426,1.6411438,280.72302,100273.36,51.25,6.0
2024-03-11 22:00:00,5.3761597,1.0512695,280.74872,100353.766,51.25,6.0
2024-03-11 23:00:00,5.6744995,0.30140686,280.63367,100416.31,51.25,6.0
2024-03-12 00:00:00,5.617584,0.8812103,280.41452,100449.71,51.25,6.0
2024-03-12 01:00:00,5.839676,1.3911896,280.35165,100540.55,51.25,6.0
2024-03-12 02:00:00,6.0196686,1.5920105,280.24957,100577.34,51.25,6.0
2024-03-12 03:00:00,6.15184,1.6519318,280.15002,100623.984,51.25,6.0
2024-03-12 04:00:00,6.642029,1.3909302,280.03513,100645.0,51.25,6.0
2024-03-12 05:00:00,6.866394,1.2488098,279.96088,100737.31,51.25,6.0
2024-03-12 06:00:00,6.410721,1.356842,279.9192,100804.96,51.25,6.0
2024-03-12 07:00:00,6.197586,1.6722107,279.88528,100864.555,51.25,6.0
2024-03-12 08:00:00,7.625946,2.0541992,279.888,100939.82,51.25,6.0
2024-03-12 09:00:00,7.2326965,1.6906128,280.1841,100967.28,51.25,6.0
2024-03-12 10:00:00,4.754593,2.7226562,281.02545,101010.17,51.25,6.0
2024-03-12 11:00:00,5.4654083,3.8618164,281.6053,101037.08,51.25,6.0
2024-03-12 12:00:00,4.2057953,3.8384552,282.20062,101046.42,51.25,6.0
2024-03-12 13:00:00,3.8568726,4.191101,282.62756,101008.42,51.25,6.0
2024-03-12 14:00:00,3.9648895,4.7114716,282.82642,100971.03,51.25,6.0
2024-03-12 15:00:00,3.005371,4.3282776,282.77637,100945.6,51.25,6.0
2024-03-12 16:00:00,2.3674774,4.5768127,282.60742,100933.26,51.25,6.0
2024-03-12 17:00:00,1.9597778,5.0885315,282.10004,100910.31,51.25,6.0
2024-03-12 18:00:00,0.64938354,5.9706116,281.66525,100914.586,51.25,6.0
2024-03-12 19:00:00,-0.3638153,6.3729706,281.36868,100887.33,51.25,6.0
2024-03-12 20:00:00,-0.8619385,6.4467316,281.06927,100885.55,51.25,6.0
2024-03-12 21:00:00,-0.56814575,6.4021606,280.9248,100849.234,51.25,6.0
2024-03-12 22:00:00,0.98526,5.941818,281.38065,100825.03,51.25,6.0
2024-03-12 23:00:00,2.4259033,5.001999,281.51135,100826.75,51.25,6.0
2024-03-13 00:00:00,3.7039337,3.7779999,281.72064,100820.91,51.25,6.0
2024-03-13 01:00:00,4.3558807,2.388794,282.11853,100823.6,51.25,6.0
2024-03-13 02:00:00,4.916641,1.5041351,282.48245,100823.445,51.25,6.0
2024-03-13 03:00:00,5.36615,1.0559235,282.80084,100841.6,51.25,6.0
2024-03-13 04:00:00,5.630142,0.93096924,283.00552,100845.82,51.25,6.0
2024-03-13 05:00:00,5.9627686,1.0359802,283.14966,100876.78,51.25,6.0
2024-03-13 06:00:00,6.1636353,1.5373077,283.22073,100916.47,51.25,6.0
2024-03-13 07:00:00,5.8388367,2.0862427,283.41595,100944.66,51.25,6.0
2024-03-13 08:00:00,5.7583466,2.5663605,283.59686,100995.72,51.25,6.0
2024-03-13 09:00:00,5.865204,2.881897,283.9041,101041.77,51.25,6.0
2024-03-13 10:00:00,5.089615,2.9680328,284.33325,101089.03,51.25,6.0
2024-03-13 11:00:00,6.3034515,3.3268738,284.96497,101091.59,51.25,6.0
2024-03-13 12:00:00,6.9522247,2.9016113,285.5226,101085.4,51.25,6.0
2024-03-13 13:00:00,7.4529114,3.0724335,285.7695,101061.14,51.25,6.0
2024-03-13 14:00:00,7.505417,3.1822968,285.76917,101064.63,51.25,6.0
2024-03-13 15:00:00,6.1801453,2.9925385,285.89005,101065.54,51.25,6.0
2024-03-13 16:00:00,5.7230225,3.3645325,285.797,101055.69,51.25,6.0
2024-03-13 17:00:00,5.540512,3.601303,285.5379,101065.58,51.25,6.0
2024-03-13 18:00:00,5.1475983,4.0332794,285.23596,101091.11,51.25,6.0
2024-03-13 19:00:00,4.9194336,4.4767456,285.05353,101100.586,51.25,6.0
2024-03-13 20:00:00,4.706955,4.9157715,284.89856,101102.02,51.25,6.0
2024-03-13 21:00:00,4.389511,5.5796967,284.7751,101078.46,51.25,6.0
2024-03-13 22:00:00,3.9840393,6.0690002,284.43542,101025.19,51.25,6.0
2024-03-13 23:00:00,3.8695679,6.2407837,284.14297,101027.23,51.25,6.0
2024-03-14 00:00:00,4.297348,6.1245728,283.93726,101036.55,51.25,6.0
2024-03-14 01:00:00,4.464142,5.785568,283.64282,101035.15,51.25,6.0
2024-03-14 02:00:00,4.070816,5.6848755,283.28973,100996.97,51.25,6.0
2024-03-14 03:00:00,3.395462,6.003311,282.64136,100938.05,51.25,6.0
2024-03-14 04:00:00,3.3560944,6.1590424,282.11874,100898.984,51.25,6.0
2024-03-14 05:00:00,3.2327423,6.121582,281.64087,100897.44,51.25,6.0
2024-03-14 06:00:00,2.910141,6.046646,281.11188,100883.086,51.25,6.0
2024-03-14 07:00:00,2.6566162,5.9252625,281.57465,100879.06,51.25,6.0
2024-03-14 08:00:00,2.3462677,5.701462,283.44946,100878.0,51.25,6.0
2024-03-14 09:00:00,1.8436584,4.897995,284.95923,100883.47,51.25,6.0
2024-03-14 10:00:00,1.015976,4.4008026,286.12866,100854.69,51.25,6.0
2024-03-14 11:00:00,0.93666077,4.858917,287.39032,100814.65,51.25,6.0
2024-03-14 12:00:00,0.75035095,4.8074493,288.68332,100743.41,51.25,6.0
2024-03-14 13:00:00,0.7603607,4.780548,289.9112,100657.336,51.25,6.0
2024-03-14 14:00:00,0.6650238,4.6412964,290.5803,100577.16,51.25,6.0
2024-03-14 15:00:00,0.0703125,4.5546265,290.7063,100502.29,51.25,6.0
2024-03-14 16:00:00,-0.8886566,4.5640564,290.4008,100430.94,51.25,6.0
2024-03-14 17:00:00,-0.89411926,5.4669495,289.29034,100419.47,51.25,6.0
2024-03-14 18:00:00,0.0917511,6.550522,287.99063,100430.016,51.25,6.0
2024-03-14 19:00:00,1.2212982,7.089813,287.4508,100434.53,51.25,6.0
2024-03-14 20:00:00,2.1188507,7.1776123,287.1919,100403.28,51.25,6.0
2024-03-14 21:00:00,2.857666,7.0406494,287.10236,100369.55,51.25,6.0
2024-03-14 22:00:00,4.9763947,6.9389954,286.62485,100358.555,51.25,6.0
2024-03-14 23:00:00,5.4407196,5.834503,286.17792,100334.516,51.25,6.0
2024-03-15 00:00:00,5.540161,6.0440063,285.92126,100328.06,51.25,6.0
2024-03-15 01:00:00,5.683548,6.506546,285.84723,100304.39,51.25,6.0
2024-03-15 02:00:00,6.074524,6.4585114,286.0586,100271.19,51.25,6.0
2024-03-15 03:00:00,6.181366,6.118637,285.9843,100274.016,51.25,6.0
2024-03-15 04:00:00,5.9746094,6.2746887,285.8128,100279.47,51.25,6.0
2024-03-15 05:00:00,5.8415527,6.1559143,285.73312,100285.45,51.25,6.0
2024-03-15 06:00:00,5.9530945,6.0855255,285.6125,100307.875,51.25,6.0
2024-03-15 07:00:00,5.750824,5.858185,285.66974,100329.35,51.25,6.0
2024-03-15 08:00:00,5.5798187,5.7286835,286.0735,100355.59,51.25,6.0
2024-03-15 09:00:00,7.862335,6.1625366,286.71472,100382.92,51.25,6.0
2024-03-15 10:00:00,5.294388,5.2559204,287.60712,100386.58,51.25,6.0
2024-03-15 11:00:00,6.202957,5.5839233,288.1319,100406.99,51.25,6.0
2024-03-15 12:00:00,6.4221954,5.669098,288.27515,100388.91,51.25,6.0
2024-03-15 13:00:00,6.896469,6.3924255,288.4393,100338.08,51.25,6.0
2024-03-15 14:00:00,6.7254333,5.661728,287.4129,100323.34,51.25,6.0
2024-03-15 15:00:00,8.729294,5.4983673,287.09894,100350.62,51.25,6.0
2024-03-15 16:00:00,7.694931,4.8623505,285.6141,100375.75,51.25,6.0
2024-03-15 17:00:00,6.464386,4.708008,285.1612,100383.125,51.25,6.0
2024-03-15 18:00:00,5.899338,5.3823853,284.73834,100424.64,51.25,6.0
2024-03-15 19:00:00,6.1327057,5.636688,284.39102,100465.984,51.25,6.0
2024-03-15 20:00:00,6.2603455,6.022629,283.96912,100509.11,51.25,6.0
2024-03-15 21:00:00,5.995682,6.0629883,283.73645,100510.55,51.25,6.0
2024-03-15 22:00:00,5.4304047,6.416275,283.61377,100545.06,51.25,6.0
2024-03-15 23:00:00,6.2302094,5.9391785,283.46796,100575.44,51.25,6.0
2024-03-16 00:00:00,6.712784,5.32901,283.5207,100584.56,51.25,6.0
2024-03-16 01:00:00,6.930786,4.809555,283.19556,100603.92,51.25,6.0
2024-03-16 02:00:00,7.432358,4.244583,283.2157,100641.03,51.25,6.0
2024-03-16 03:00:00,8.137939,2.6835022,283.25964,100666.91,51.25,6.0
2024-03-16 04:00:00,7.5687714,0.0015716553,283.17905,100718.57,51.25,6.0
2024-03-16 05:00:00,6.890793,-2.4157257,282.90518,100816.14,51.25,6.0
2024-03-16 06:00:00,6.616806,-3.3437805,282.0503,100942.77,51.25,6.0
2024-03-16 07:00:00,6.409317,-4.004715,281.36716,101110.66,51.25,6.0
2024-03-16 08:00:00,5.3552094,-4.1499023,281.38684,101257.04,51.25,6.0
2024-03-16 09:00:00,4.826187,-4.1637726,281.5053,101367.17,51.25,6.0
2024-03-16 10:00:00,3.904358,-3.563385,281.64453,101481.5,51.25,6.0
2024-03-16 11:00:00,4.40329,-3.375946,281.8152,101577.55,51.25,6.0
2024-03-16 12:00:00,4.8203735,-2.9462738,281.9631,101654.16,51.25,6.0
2024-03-16 13:00:00,5.1809235,-2.5610657,282.37494,101696.56,51.25,6.0
2024-03-16 14:00:00,5.00618,-2.1767273,282.61572,101726.625,51.25,6.0
2024-03-16 15:00:00,4.934799,-1.8023376,282.9097,101737.33,51.25,6.0
2024-03-16 16:00:00,4.640091,-1.5599823,282.9649,101770.45,51.25,6.0
2024-03-16 17:00:00,3.8776245,-1.4638062,282.37256,101782.97,51.25,6.0
2024-03-16 18:00:00,3.2191925,-1.2460785,280.4574,101831.836,51.25,6.0
2024-03-16 19:00:00,2.731903,-1.2163696,279.76758,101862.28,51.25,6.0
2024-03-16 20:00:00,2.1884003,-0.6530762,278.75903,101898.49,51.25,6.0
2024-03-16 21:00:00,1.4853058,0.35079956,278.3703,101899.74,51.25,6.0
2024-03-16 22:00:00,1.0625916,2.471939,277.53445,101902.04,51.25,6.0
2024-03-16 23:00:00,0.5680542,3.7183838,277.26285,101896.8,51.25,6.0
2024-03-17 00:00:00,0.26783752,5.139969,277.7256,101869.72,51.25,6.0
2024-03-17 01:00:00,0.31930542,5.2750244,277.8774,101849.234,51.25,6.0
2024-03-17 02:00:00,0.21691895,5.218231,277.306,101804.95,51.25,6.0
2024-03-17 03:00:00,-0.29634094,5.346222,277.28052,101761.05,51.25,6.0
2024-03-17 04:00:00,-1.1562653,5.454895,277.404,101731.55,51.25,6.0
2024-03-17 05:00:00,-2.0567627,5.2217865,277.37198,101681.7,51.25,6.0
2024-03-17 06:00:00,-2.5233765,5.0803833,277.22067,101692.41,51.25,6.0
2024-03-17 07:00:00,-3.0460663,4.8895874,278.646,101660.836,51.25,6.0
2024-03-17 08:00:00,-2.1194153,4.0627594,280.69974,101668.56,51.25,6.0
2024-03-17 09:00:00,-0.67744446,3.3901825,282.78653,101673.05,51.25,6.0
2024-03-17 10:00:00,-0.42608643,2.7872772,284.24835,101636.05,51.25,6.0
2024-03-17 11:00:00,-0.84017944,2.5747833,285.36447,101612.234,51.25,6.0
2024-03-17 12:00:00,-1.5830688,2.884491,286.16748,101562.62,51.25,6.0
2024-03-17 13:00:00,-1.8200378,3.3311462,286.6588,101502.875,51.25,6.0
2024-03-17 14:00:00,-2.3804474,3.5292816,287.10217,101439.33,51.25,6.0
2024-03-17 15:00:00,-2.9518738,3.6848907,287.29196,101368.77,51.25,6.0
2024-03-17 16:00:00,-3.346283,3.7894592,286.96283,101306.2,51.25,6.0
2024-03-17 17:00:00,-3.8838654,4.3311615,285.96405,101287.266,51.25,6.0
2024-03-17 18:00:00,-3.628067,5.398834,285.20663,101273.59,51.25,6.0
2024-03-17 19:00:00,-3.109253,5.7539825,284.79822,101282.42,51.25,6.0
2024-03-17 20:00:00,-2.7676544,6.149536,284.53375,101247.59,51.25,6.0
2024-03-17 21:00:00,-1.8801575,6.4223175,284.28424,101215.59,51.25,6.0
2024-03-17 22:00:00,-1.2888031,6.7194977,284.08246,101178.625,51.25,6.0
2024-03-17 23:00:00,0.5804901,6.573883,283.78918,101144.25,51.25,6.0
2024-03-18 00:00:00,2.3988953,5.712372,283.48633,101101.766,51.25,6.0
2024-03-18 01:00:00,3.5868988,4.589096,283.5775,101086.64,51.25,6.0
2024-03-18 02:00:00,3.2595062,3.5190887,283.63733,101039.28,51.25,6.0
2024-03-18 03:00:00,2.4337463,3.1816406,283.2782,100986.3,51.25,6.0
2024-03-18 04:00:00,2.7016296,2.982483,282.95825,100989.516,51.25,6.0
2024-03-18 05:00:00,2.8228607,2.5335693,282.7642,100988.33,51.25,6.0
2024-03-18 06:00:00,3.06987,1.8093109,282.8792,101007.8,51.25,6.0
2024-03-18 07:00:00,3.223175,1.4288177,283.2788,101029.58,51.25,6.0
2024-03-18 08:00:00,3.0939636,0.86486816,283.8009,101050.64,51.25,6.0
2024-03-18 09:00:00,3.7611084,0.66722107,284.36862,101076.56,51.25,6.0
2024-03-18 10:00:00,3.7357483,0.45681763,285.39914,101094.516,51.25,6.0
2024-03-18 11:00:00,4.518402,0.26193237,285.99997,101136.17,51.25,6.0
2024-03-18 12:00:00,4.3252563,-0.33648682,286.75217,101123.33,51.25,6.0
2024-03-18 13:00:00,4.386261,-0.7604828,286.83948,101126.06,51.25,6.0
2024-03-18 14:00:00,4.7046356,-1.0045166,287.35797,101124.73,51.25,6.0
2024-03-18 15:00:00,4.50856,-1.2320251,287.57892,101135.72,51.25,6.0
2024-03-18 16:00:00,3.6401062,-1.5021973,287.4508,101112.55,51.25,6.0
2024-03-18 17:00:00,3.103363,-1.4251556,286.95685,101141.59,51.25,6.0
2024-03-18 18:00:00,2.4604797,-0.97190857,284.734,101190.91,51.25,6.0
2024-03-18 19:00:00,1.9069366,-0.53141785,283.21695,101252.47,51.25,6.0
2024-03-18 20:00:00,1.8765564,-0.251297,282.28284,101285.05,51.25,6.0
2024-03-18 21:00:00,1.814148,-0.1542511,282.44275,101291.44,51.25,6.0
2024-03-18 22:00:00,3.148178,1.2317047,282.00037,101262.31,51.25,6.0
2024-03-18 23:00:00,3.3337555,1.4547272,281.2349,101281.62,51.25,6.0
2024-03-19 00:00:00,2.7528992,2.4355469,281.20782,101268.664,51.25,6.0
2024-03-19 01:00:00,2.7538452,3.5167694,281.5904,101267.28,51.25,6.0
2024-03-19 02:00:00,3.2478333,3.6788788,281.9215,101235.3,51.25,6.0
2024-03-19 03:00:00,3.8401184,3.3653564,281.98627,101234.4,51.25,6.0
2024-03-19 04:00:00,4.2447205,2.71286,282.13824,101245.836,51.25,6.0
2024-03-19 05:00:00,4.119522,2.315277,282.06784,101286.94,51.25,6.0
2024-03-19 06:00:00,3.4087982,1.9473724,282.19843,101319.22,51.25,6.0
2024-03-19 07:00:00,2.0772858,2.0673523,282.4444,101338.2,51.25,6.0
2024-03-19 08:00:00,0.5261383,2.5922089,283.3026,101362.84,51.25,6.0
2024-03-19 09:00:00,-0.8330231,2.5151215,284.77435,101371.47,51.25,6.0
2024-03-19 10:00:00,-1.7130127,2.6880035,286.62805,101363.164,51.25,6.0
2024-03-19 11:00:00,-1.5564423,3.3894806,287.9038,101330.53,51.25,6.0
2024-03-19 12:00:00,-0.49342346,4.1247864,288.80664,101316.47,51.25,6.0
2024-03-19 13:00:00,1.9076843,4.278839,289.5692,101284.016,51.25,6.0
2024-03-19 14:00:00,2.6594238,3.144699,290.10657,101264.75,51.25,6.0
2024-03-19 15:00:00,3.4246674,2.5216064,290.40546,101260.97,51.25,6.0
2024-03-19 16:00:00,2.9440918,1.2348328,289.9854,101265.59,51.25,6.0
2024-03-19 17:00:00,2.5297394,0.2960205,288.77585,101289.375,51.25,6.0
2024-03-19 18:00:00,2.333023,-0.6419678,287.46075,101346.98,51.25,6.0
2024-03-19 19:00:00,1.7944946,-1.2796326,286.27524,101385.69,51.25,6.0
2024-03-19 20:00:00,1.112793,-1.8414459,284.9261,101411.25,51.25,6.0
2024-03-19 21:00:00,0.31420898,-2.2115479,283.54156,101428.516,51.25,6.0
2024-03-19 22:00:00,-0.9655304,-2.6459503,282.41983,101397.81,51.25,6.0
2024-03-19 23:00:00,-1.4118042,-1.366394,282.51666,101409.95,51.25,6.0
2024-03-20 00:00:00,-1.1458282,0.30438232,282.80402,101391.07,51.25,6.0
2024-03-20 01:00:00,-0.07084656,1.610733,281.00238,101390.81,51.25,6.0
2024-03-20 02:00:00,1.2376709,1.8439484,280.0275,101367.91,51.25,6.0
2024-03-20 03:00:00,1.3776398,1.6727905,279.87964,101352.555,51.25,6.0
2024-03-20 04:00:00,0.8040161,1.6113281,279.86255,101343.59,51.25,6.0
2024-03-20 05:00:00,0.96650696,1.291565,279.51062,101377.02,51.25,6.0
2024-03-20 06:00:00,0.7653961,0.808609,279.27597,101394.914,51.25,6.0
2024-03-20 07:00:00,0.09437561,1.1328735,280.6147,101406.49,51.25,6.0
2024-03-20 08:00:00,-0.21824646,1.9930725,283.37006,101435.94,51.25,6.0
2024-03-20 09:00:00,-0.07450867,1.5457916,285.95132,101460.99,51.25,6.0
2024-03-20 10:00:00,0.15725708,0.79296875,288.5596,101462.94,51.25,6.0
2024-03-20 11:00:00,0.24824524,1.0289001,290.02475,101418.484,51.25,6.0
2024-03-20 12:00:00,0.7913666,1.4614716,291.1858,101397.516,51.25,6.0
2024-03-20 13:00:00,1.3856812,2.0745392,291.6828,101373.66,51.25,6.0
2024-03-20 14:00:00,1.6017609,2.2500305,291.9895,101326.38,51.25,6.0
2024-03-20 15:00:00,1.756073,1.66745,291.84338,101315.54,51.25,6.0
2024-03-20 16:00:00,1.6354828,0.42669678,291.31677,101298.08,51.25,6.0
2024-03-20 17:00:00,0.99154663,-0.9505615,290.36948,101301.68,51.25,6.0
2024-03-20 18:00:00,0.10852051,-1.9006348,288.69318,101326.93,51.25,6.0
2024-03-20 19:00:00,-0.7192688,-2.3638306,286.8014,101349.266,51.25,6.0
2024-03-20 20:00:00,-1.2872467,-2.3126984,284.89465,101384.734,51.25,6.0
2024-03-20 21:00:00,-1.1984406,-2.2935638,284.28217,101408.96,51.25,6.0
2024-03-20 22:00:00,-0.08598328,-1.4926453,284.436,101413.03,51.25,6.0
2024-03-20 23:00:00,0.85118103,-1.8323364,283.62872,101418.95,51.25,6.0
2024-03-21 00:00:00,1.9118195,-3.2891388,283.4312,101435.15,51.25,6.0
2024-03-21 01:00:00,3.0381775,-4.7231445,283.37805,101476.6,51.25,6.0
2024-03-21 02:00:00,3.639389,-4.7023773,283.63092,101484.31,51.25,6.0
2024-03-21 03:00:00,3.9656677,-4.1907043,283.2718,101500.44,51.25,6.0
2024-03-21 04:00:00,4.7900543,-3.9478455,282.96304,101550.06,51.25,6.0
2024-03-21 05:00:00,4.906555,-4.6276245,282.6892,101651.71,51.25,6.0
2024-03-21 06:00:00,4.2313538,-4.2079773,282.69366,101730.31,51.25,6.0
2024-03-21 07:00:00,3.9203033,-4.5037537,282.6485,101795.59,51.25,6.0
2024-03-21 08:00:00,3.6695557,-3.9179993,282.55847,101886.55,51.25,6.0
2024-03-21 09:00:00,3.3644562,-3.1174316,282.67123,101965.91,51.25,6.0
2024-03-21 10:00:00,2.7186127,-1.9280548,283.00418,102000.266,51.25,6.0
2024-03-21 11:00:00,3.067871,-1.5243988,283.5384,102058.75,51.25,6.0
2024-03-21 12:00:00,3.3325043,-0.7468262,284.17694,102066.04,51.25,6.0
2024-03-21 13:00:00,4.0717163,-0.24824524,284.72018,102054.64,51.25,6.0
2024-03-21 14:00:00,4.2729034,-0.5669708,285.1146,102041.28,51.25,6.0
2024-03-21 15:00:00,4.0018616,-0.1529541,285.2729,102025.516,51.25,6.0
2024-03-21 16:00:00,3.9223175,0.41088867,285.18463,101983.12,51.25,6.0
2024-03-21 17:00:00,3.8464355,0.89582825,284.8114,101957.055,51.25,6.0
2024-03-21 18:00:00,4.114441,1.2610779,283.93762,101978.86,51.25,6.0
2024-03-21 19:00:00,4.4414825,1.4063873,283.4478,101978.25,51.25,6.0
2024-03-21 20:00:00,4.0056305,2.6033173,283.52423,101943.72,51.25,6.0
2024-03-21 21:00:00,3.813507,4.123398,283.52142,101897.125,51.25,6.0
2024-03-21 22:00:00,4.2250366,4.9321136,283.60504,101821.88,51.25,6.0
2024-03-21 23:00:00,5.0610046,4.734085,283.89468,101790.33,51.25,6.0
2024-03-22 00:00:00,5.27742,4.6608887,284.1136,101722.516,51.25,6.0
2024-03-22 01:00:00,5.2564697,5.0751495,284.40674,101661.03,51.25,6.0
2024-03-22 02:00:00,5.694229,5.149399,284.70334,101582.125,51.25,6.0
2024-03-22 03:00:00,6.66597,4.5090485,284.70346,101506.8,51.25,6.0
2024-03-22 04:00:00,6.870758,4.2681274,284.70978,101442.33,51.25,6.0
2024-03-22 05:00:00,7.1249084,4.5443573,284.44754,101397.33,51.25,6.0
2024-03-22 06:00:00,7.1849213,4.115204,284.30933,101380.55,51.25,6.0
2024-03-22 07:00:00,7.0311737,3.4286346,284.48477,101339.17,51.25,6.0
2024-03-22 08:00:00,6.6080627,3.0094452,284.61255,101350.53,51.25,6.0
2024-03-22 09:00:00,6.9926453,2.8384705,284.97003,101310.055,51.25,6.0
2024-03-22 10:00:00,6.292755,2.4954681,285.17465,101266.484,51.25,6.0
2024-03-22 11:00:00,6.1142426,2.2301025,285.22034,101251.67,51.25,6.0
2024-03-22 12:00:00,6.2265472,1.9270782,285.395,101193.82,51.25,6.0
2024-03-22 13:00:00,6.5417023,1.1616669,285.39825,101137.125,51.25,6.0
2024-03-22 14:00:00,6.21257,0.73628235,285.27667,101061.95,51.25,6.0
2024-03-22 15:00:00,5.864853,0.064208984,284.99036,100982.234,51.25,6.0
2024-03-22 16:00:00,5.6855316,-1.0649261,284.08203,100941.17,51.25,6.0
2024-03-22 17:00:00,5.099167,-1.8625336,283.174,100907.5,51.25,6.0
2024-03-22 18:00:00,3.897644,-2.8954468,282.75226,100873.016,51.25,6.0
2024-03-22 19:00:00,2.3944855,-4.1649017,282.2449,100862.56,51.25,6.0
2024-03-22 20:00:00,1.2589111,-4.648178,281.7743,100823.61,51.25,6.0
2024-03-22 21:00:00,1.1446533,-4.411606,281.39328,100796.125,51.25,6.0
2024-03-22 22:00:00,1.1206055,-3.623291,280.87158,100720.14,51.25,6.0
2024-03-22 23:00:00,1.8469543,-3.332779,280.25748,100690.15,51.25,6.0
2024-03-23 00:00:00,2.6743011,-3.1307373,279.7807,100612.63,51.25,6.0
2024-03-23 01:00:00,3.5113068,-1.7464752,279.45355,100567.23,51.25,6.0
2024-03-23 02:00:00,4.226059,-0.705719,279.2346,100527.28,51.25,6.0
2024-03-23 03:00:00,5.222641,-0.34985352,278.95856,100515.03,51.25,6.0
2024-03-23 04:00:00,5.85907,0.35813904,278.59625,100505.28,51.25,6.0
2024-03-23 05:00:00,6.577545,0.87197876,278.2975,100485.23,51.25,6.0
2024-03-23 06:00:00,7.503891,1.0870972,278.14377,100514.05,51.25,6.0
2024-03-23 07:00:00,8.060654,0.79792786,279.04422,100529.36,51.25,6.0
2024-03-23 08:00:00,8.000381,1.1990967,279.99713,100551.47,51.25,6.0
2024-03-23 09:00:00,8.088409,1.8494873,280.49396,100552.875,51.25,6.0
2024-03-23 10:00:00,9.774353,2.187683,280.66028,100536.58,51.25,6.0
2024-03-23 11:00:00,8.948502,2.6334686,280.9073,100543.51,51.25,6.0
2024-03-23 12:00:00,9.087219,2.010971,280.88623,100532.91,51.25,6.0
2024-03-23 13:00:00,8.696594,2.5686493,280.85944,100472.91,51.25,6.0
2024-03-23 14:00:00,8.705078,1.9319458,281.4358,100403.0,51.25,6.0
2024-03-23 15:00:00,8.881073,1.4508667,280.4267,100439.81,51.25,6.0
2024-03-23 16:00:00,6.220871,3.309784,280.36694,100396.44,51.25,6.0
2024-03-23 17:00:00,7.0777283,2.6832123,279.26157,100355.69,51.25,6.0
2024-03-23 18:00:00,7.0945587,3.2311554,278.0003,100354.016,51.25,6.0
2024-03-23 19:00:00,6.5095215,3.699585,277.8479,100361.03,51.25,6.0
2024-03-23 20:00:00,6.9006653,4.0543976,277.72833,100337.766,51.25,6.0
2024-03-23 21:00:00,6.551605,4.328888,277.43546,100297.59,51.25,6.0
2024-03-23 22:00:00,7.283966,5.6313477,277.4024,100252.75,51.25,6.0
2024-03-23 23:00:00,7.4029236,5.7570496,277.57147,100196.414,51.25,6.0
2024-03-24 00:00:00,7.857361,5.6727905,277.66052,100168.97,51.25,6.0
2024-03-24 01:00:00,8.217361,5.5680237,277.67712,100090.59,51.25,6.0
2024-03-24 02:00:00,8.722809,6.1108856,277.7776,100004.58,51.25,6.0
2024-03-24 03:00:00,9.756897,5.7883606,277.91617,99919.016,51.25,6.0
2024-03-24 04:00:00,10.154572,4.6800537,278.18906,99900.83,51.25,6.0
2024-03-24 05:00:00,10.30217,3.7259674,278.221,99873.016,51.25,6.0
2024-03-24 06:00:00,10.292725,2.8084564,278.18085,99896.05,51.25,6.0
2024-03-24 07:00:00,10.749191,1.9851227,278.5324,99916.25,51.25,6.0
2024-03-24 08:00:00,8.871307,2.364029,278.92676,99958.56,51.25,6.0
2024-03-24 09:00:00,8.39769,3.0962982,280.15765,99989.5,51.25,6.0
2024-03-24 10:00:00,10.146301,2.154251,281.29263,99954.11,51.25,6.0
2024-03-24 11:00:00,10.077133,1.1255646,281.63263,100000.66,51.25,6.0
2024-03-24 12:00:00,10.316574,-0.40686035,281.55832,100004.16,51.25,6.0
2024-03-24 13:00:00,11.060944,-1.4575348,281.0238,100026.81,51.25,6.0
2024-03-24 14:00:00,12.037811,-1.408783,281.76965,100079.79,51.25,6.0
2024-03-24 15:00:00,12.210205,-1.5647736,281.35345,100066.625,51.25,6.0
2024-03-24 16:00:00,11.157333,-1.4152985,281.02814,100110.72,51.25,6.0
2024-03-24 17:00:00,11.0273285,-2.5730743,280.73108,100135.42,51.25,6.0
2024-03-24 18:00:00,9.943069,-2.5293427,280.03506,100158.33,51.25,6.0
2024-03-24 19:00:00,9.219955,-2.3559875,279.58136,100239.02,51.25,6.0
2024-03-24 20:00:00,8.557404,-1.9512177,279.24408,100281.86,51.25,6.0
2024-03-24 21:00:00,8.068085,-1.2471771,278.9525,100286.23,51.25,6.0
2024-03-24 22:00:00,6.859665,-2.1430664,278.37933,100310.734,51.25,6.0
2024-03-24 23:00:00,6.54599,-1.0090942,277.9833,100301.75,51.25,6.0
2024-03-25 00:00:00,6.6595917,0.089279175,277.49524,100317.66,51.25,6.0
2024-03-25 01:00:00,6.5924835,0.8477478,276.98663,100332.516,51.25,6.0
2024-03-25 02:00:00,6.483185,1.5901031,276.7213,100322.31,51.25,6.0
2024-03-25 03:00:00,6.1479034,2.0378113,276.44144,100305.94,51.25,6.0
2024-03-25 04:00:00,5.4869995,1.7345428,276.2436,100307.91,51.25,6.0
2024-03-25 05:00:00,4.3732605,1.8732605,275.62738,100289.38,51.25,6.0
2024-03-25 06:00:00,3.8445282,2.8788147,275.44833,100313.914,51.25,6.0
2024-03-25 07:00:00,2.8172607,3.2241974,276.83835,100316.17,51.25,6.0
2024-03-25 08:00:00,1.207489,2.3638,278.9182,100322.61,51.25,6.0
2024-03-25 09:00:00,0.7228546,2.2633514,280.78534,100287.8,51.25,6.0
2024-03-25 10:00:00,-0.29664612,2.2887573,282.14783,100220.92,51.25,6.0
2024-03-25 11:00:00,-0.4481964,2.7559204,283.41443,100166.61,51.25,6.0
2024-03-25 12:00:00,-0.73805237,3.0469818,284.29633,100080.16,51.25,6.0
2024-03-25 13:00:00,-0.944397,3.1231537,284.67734,99996.63,51.25,6.0
2024-03-25 14:00:00,-1.5587311,3.037384,285.03027,99906.2,51.25,6.0
2024-03-25 15:00:00,-3.0041351,2.6808167,284.982,99802.914,51.25,6.0
2024-03-25 16:00:00,-4.197632,2.5834198,284.80957,99720.7,51.25,6.0
2024-03-25 17:00:00,-5.5773773,1.3034515,283.86304,99638.0,51.25,6.0
2024-03-25 18:00:00,-7.448883,1.0897064,282.7879,99617.08,51.25,6.0
2024-03-25 19:00:00,-8.313995,2.0401917,281.51788,99576.21,51.25,6.0
2024-03-25 20:00:00,-8.125732,3.1818848,281.0,99539.85,51.25,6.0
2024-03-25 21:00:00,-7.63414,3.7038727,280.5415,99497.836,51.25,6.0
2024-03-25 22:00:00,-7.1253967,4.089676,279.86624,99428.39,51.25,6.0
2024-03-25 23:00:00,-7.024948,3.6517944,279.30188,99372.43,51.25,6.0
2024-03-26 00:00:00,-6.705429,3.8182068,279.05304,99308.11,51.25,6.0
2024-03-26 01:00:00,-6.7733917,3.8291016,278.8357,99240.44,51.25,6.0
2024-03-26 02:00:00,-7.2095795,4.0921326,278.80536,99150.92,51.25,6.0
2024-03-26 03:00:00,-6.9439697,4.3056183,278.81522,99056.04,51.25,6.0
2024-03-26 04:00:00,-6.616623,4.528015,278.6939,98992.44,51.25,6.0
2024-03-26 05:00:00,-6.1401978,4.848892,278.34076,98940.16,51.25,6.0
2024-03-26 06:00:00,-5.6338043,5.0978546,278.33347,98916.82,51.25,6.0
2024-03-26 07:00:00,-4.734543,5.2744904,279.18384,98883.234,51.25,6.0
2024-03-26 08:00:00,-3.417099,4.4006195,280.57474,98851.8,51.25,6.0
2024-03-26 09:00:00,-2.8362274,4.369766,281.727,98797.125,51.25,6.0
2024-03-26 10:00:00,-2.1381378,4.227478,282.73685,98761.82,51.25,6.0
2024-03-26 11:00:00,-2.069275,5.0879364,283.81036,98707.76,51.25,6.0
2024-03-26 12:00:00,-1.3490753,6.0669556,285.12592,98665.88,51.25,6.0
2024-03-26 13:00:00,-1.1427765,5.2914886,286.18448,98575.336,51.25,6.0
2024-03-26 14:00:00,-1.6526794,4.8868103,287.01215,98476.234,51.25,6.0
2024-03-26 15:00:00,-1.993927,5.3390656,287.46362,98401.984,51.25,6.0
2024-03-26 16:00:00,-2.649292,3.7599792,287.6102,98337.25,51.25,6.0
2024-03-26 17:00:00,-3.9983215,3.134842,286.82593,98271.34,51.25,6.0
2024-03-26 18:00:00,-5.528824,3.961853,285.85358,98260.195,51.25,6.0
2024-03-26 19:00:00,-5.7967377,5.118561,285.47766,98249.7,51.25,6.0
2024-03-26 20:00:00,-4.390152,7.102524,285.31598,98285.48,51.25,6.0
2024-03-26 21:00:00,-2.8271332,7.6920166,284.99976,98250.83,51.25,6.0
2024-03-26 22:00:00,-2.4167175,6.3461304,285.1516,98197.34,51.25,6.0
2024-03-26 23:00:00,-2.6187286,5.855484,284.20068,98173.18,51.25,6.0
2024-03-27 00:00:00,-2.7750092,6.440857,283.84167,98103.47,51.25,6.0
2024-03-27 01:00:00,-1.4447021,7.50383,283.578,98101.19,51.25,6.0
2024-03-27 02:00:00,0.34352112,7.7099,283.48102,98069.7,51.25,6.0
2024-03-27 03:00:00,1.5679626,6.70195,282.91528,98026.69,51.25,6.0
2024-03-27 04:00:00,1.832367,6.1863403,282.55176,98016.16,51.25,6.0
2024-03-27 05:00:00,1.6556396,4.8330536,282.5321,98019.11,51.25,6.0
2024-03-27 06:00:00,2.3044586,5.0658264,282.64642,98062.375,51.25,6.0
2024-03-27 07:00:00,3.7297058,3.8734894,282.4032,98125.766,51.25,6.0
2024-03-27 08:00:00,4.2602844,3.1631622,281.9906,98183.9,51.25,6.0
2024-03-27 09:00:00,3.9619293,3.0334778,281.49036,98198.97,51.25,6.0
2024-03-27 10:00:00,3.2031708,3.0261993,281.6438,98276.766,51.25,6.0
2024-03-27 11:00:00,3.8090515,3.4311829,281.42938,98306.92,51.25,6.0
2024-03-27 12:00:00,4.264923,3.962326,281.65137,98304.68,51.25,6.0
2024-03-27 13:00:00,3.4545135,3.7964172,282.39725,98318.77,51.25,6.0
2024-03-27 14:00:00,3.4621277,4.1364594,282.98407,98304.6,51.25,6.0
2024-03-27 15:00:00,3.4776306,4.7901917,283.59198,98315.83,51.25,6.0
2024-03-27 16:00:00,2.4206238,4.788162,283.78137,98330.33,51.25,6.0
2024-03-27 17:00:00,1.1059113,4.8940887,283.5205,98341.39,51.25,6.0
2024-03-27 18:00:00,0.72579956,5.324402,282.63864,98346.34,51.25,6.0
2024-03-27 19:00:00,1.5664215,5.41481,281.9649,98369.89,51.25,6.0
2024-03-27 20:00:00,1.3278503,5.4378357,281.32306,98362.25,51.25,6.0
2024-03-27 21:00:00,-0.41055298,5.996109,280.5811,98324.19,51.25,6.0
2024-03-27 22:00:00,-1.9631348,5.910843,280.3529,98276.47,51.25,6.0
2024-03-27 23:00:00,-1.5353699,6.1207733,280.11957,98221.69,51.25,6.0
2024-03-28 00:00:00,-0.9168091,6.1574554,279.9854,98176.64,51.25,6.0
2024-03-28 01:00:00,-1.434494,6.1992645,279.82358,98133.89,51.25,6.0
2024-03-28 02:00:00,-2.8537903,5.892441,279.74463,98067.47,51.25,6.0
2024-03-28 03:00:00,-3.668213,6.058014,279.50775,97996.11,51.25,6.0
2024-03-28 04:00:00,-4.314102,6.44046,279.39706,97897.02,51.25,6.0
2024-03-28 05:00:00,-3.4346008,7.4433136,279.15607,97852.805,51.25,6.0
2024-03-28 06:00:00,-0.981308,8.20459,279.8698,97868.84,51.25,6.0
2024-03-28 07:00:00,1.079834,7.741699,281.02383,97857.914,51.25,6.0
2024-03-28 08:00:00,2.0753937,7.5230865,280.78497,97874.08,51.25,6.0
2024-03-28 09:00:00,6.7446747,6.603119,279.9197,97934.17,51.25,6.0
2024-03-28 10:00:00,5.809952,5.573578,281.724,98035.44,51.25,6.0
2024-03-28 11:00:00,7.993347,5.9262695,282.78876,98181.97,51.25,6.0
2024-03-28 12:00:00,8.304794,6.798477,283.7339,98256.04,51.25,6.0
2024-03-28 13:00:00,8.275009,8.117554,284.29358,98345.33,51.25,6.0
2024-03-28 14:00:00,8.321838,8.45224,284.8222,98385.83,51.25,6.0
2024-03-28 15:00:00,7.100128,8.209946,284.38272,98438.09,51.25,6.0
2024-03-28 16:00:00,4.85141,8.267059,284.37598,98477.18,51.25,6.0
2024-03-28 17:00:00,4.359833,8.798584,284.78354,98503.734,51.25,6.0
2024-03-28 18:00:00,4.6596375,9.376877,284.09,98534.83,51.25,6.0
2024-03-28 19:00:00,4.481186,10.233795,283.5025,98588.25,51.25,6.0
2024-03-28 20:00:00,5.700226,10.784317,283.44464,98700.81,51.25,6.0
2024-03-28 21:00:00,5.368149,10.482971,283.22052,98745.1,51.25,6.0
2024-03-28 22:00:00,5.5467834,11.416473,282.78625,98749.37,51.25,6.0
2024-03-28 23:00:00,5.37558,10.6393585,282.44406,98794.03,51.25,6.0
2024-03-29 00:00:00,4.3234863,9.526794,282.28998,98769.28,51.25,6.0
2024-03-29 01:00:00,2.96521,8.365387,282.12646,98757.48,51.25,6.0
2024-03-29 02:00:00,1.2198486,8.172195,282.68134,98757.47,51.25,6.0
2024-03-29 03:00:00,0.24279785,7.5404053,282.59766,98740.22,51.25,6.0
2024-03-29 04:00:00,-0.35757446,6.770447,281.63898,98755.65,51.25,6.0
2024-03-29 05:00:00,-1.4161682,6.4009094,280.75714,98765.66,51.25,6.0
2024-03-29 06:00:00,-1.8266296,6.1504364,280.62695,98737.664,51.25,6.0
2024-03-29 07:00:00,-0.5013733,6.4484406,281.02213,98726.63,51.25,6.0
2024-03-29 08:00:00,2.654129,6.9882965,282.3625,98790.19,51.25,6.0
2024-03-29 09:00:00,3.7085266,6.5985107,283.9322,98822.0,51.25,6.0
2024-03-29 10:00:00,3.1273346,5.3348083,284.97144,98866.36,51.25,6.0
2024-03-29 11:00:00,6.2610016,7.3141785,285.80518,98866.71,51.25,6.0
2024-03-29 12:00:00,6.2468567,6.53154,286.97113,98899.38,51.25,6.0
2024-03-29 13:00:00,5.469681,5.8227234,287.46826,98932.266,51.25,6.0
2024-03-29 14:00:00,4.207321,6.0910034,287.9985,98947.17,51.25,6.0
2024-03-29 15:00:00,3.4374542,6.640671,288.01404,98997.31,51.25,6.0
2024-03-29 16:00:00,3.199112,6.599533,287.6977,99003.2,51.25,6.0
2024-03-29 17:00:00,1.9102631,5.9568024,286.9107,99038.96,51.25,6.0
2024-03-29 18:00:00,0.41212463,6.655304,285.79852,99070.06,51.25,6.0
2024-03-29 19:00:00,-0.09486389,7.0013885,285.12494,99117.46,51.25,6.0
2024-03-29 20:00:00,0.5227661,7.0451508,284.61072,99130.42,51.25,6.0
2024-03-29 21:00:00,1.2987976,7.142624,284.1294,99206.42,51.25,6.0
2024-03-29 22:00:00,0.8070984,5.047943,284.06073,99274.44,51.25,6.0
2024-03-29 23:00:00,0.6560211,5.888626,283.1123,99348.75,51.25,6.0
2024-03-30 00:00:00,0.5692444,3.4347076,282.83414,99253.86,51.25,6.0
2024-03-30 01:00:00,-1.4568176,3.0137024,282.0209,99193.0,51.25,6.0
2024-03-30 02:00:00,-3.8733215,1.8664703,281.85605,99117.33,51.25,6.0
2024-03-30 03:00:00,-3.6381226,-0.004333496,281.833,99075.984,51.25,6.0
2024-03-30 04:00:00,-3.7191315,-1.0822906,281.97144,99035.234,51.25,6.0
2024-03-30 05:00:00,-4.598007,-0.09851074,281.9469,98978.4,51.25,6.0
2024-03-30 06:00:00,-3.8414154,2.3225098,281.94562,98972.59,51.25,6.0
2024-03-30 07:00:00,-2.4613647,4.797531,282.50305,98939.1,51.25,6.0
2024-03-30 08:00:00,-0.9441376,6.5231476,283.98535,98925.25,51.25,6.0
2024-03-30 09:00:00,-0.64160156,6.268112,285.95642,98913.484,51.25,6.0
2024-03-30 10:00:00,0.29216003,11.120026,289.0936,98881.25,51.25,6.0
2024-03-30 11:00:00,4.1615295,12.758118,288.80402,98923.05,51.25,6.0
2024-03-30 12:00:00,5.7422028,10.764481,288.5152,99011.88,51.25,6.0
2024-03-30 13:00:00,6.5760193,7.411148,287.69473,99143.67,51.25,6.0
2024-03-30 14:00:00,6.382904,4.0927277,287.174,99183.484,51.25,6.0
2024-03-30 15:00:00,6.1859894,2.6678467,285.78558,99298.516,51.25,6.0
2024-03-30 16:00:00,5.384491,1.1180573,284.83398,99327.56,51.25,6.0
2024-03-30 17:00:00,4.722824,-0.00021362305,284.20374,99337.18,51.25,6.0
2024-03-30 18:00:00,3.3344574,-0.082977295,283.34027,99390.125,51.25,6.0
2024-03-30 19:00:00,0.27989197,0.094329834,282.38483,99473.84,51.25,6.0
2024-03-30 20:00:00,-1.3096466,0.37139893,282.71777,99509.84,51.25,6.0
2024-03-30 21:00:00,-1.5208893,0.45570374,282.92798,99497.57,51.25,6.0
2024-03-30 22:00:00,-0.8447113,-0.43400574,281.83392,99497.75,51.25,6.0
2024-03-30 23:00:00,-1.5759735,-1.5868378,280.73358,99526.94,51.25,6.0
2024-03-31 00:00:00,-3.18573,-2.2532501,279.93713,99458.08,51.25,6.0
2024-03-31 01:00:00,-4.488144,-0.13475037,279.52573,99452.58,51.25,6.0
2024-03-31 02:00:00,-5.1351624,0.5492859,280.23584,99440.336,51.25,6.0
2024-03-31 03:00:00,-6.114044,0.6977234,280.77002,99394.125,51.25,6.0
2024-03-31 04:00:00,-6.4913483,1.4610901,281.07034,99358.3,51.25,6.0
2024-03-31 05:00:00,-6.298416,2.3973846,281.2766,99331.59,51.25,6.0
2024-03-31 06:00:00,-5.810013,3.1895905,281.41492,99304.695,51.25,6.0
2024-03-31 07:00:00,-4.9712677,3.6111298,282.2529,99264.97,51.25,6.0
2024-03-31 08:00:00,-3.5251923,2.5878906,283.87405,99260.25,51.25,6.0
2024-03-31 09:00:00,-3.0643616,2.4572296,286.02094,99236.63,51.25,6.0
2024-03-31 10:00:00,-2.1457977,2.2124634,288.2989,99220.64,51.25,6.0
2024-03-31 11:00:00,-2.6274261,3.0021515,289.36325,99235.25,51.25,6.0
2024-03-31 12:00:00,-3.0630646,2.9568634,289.87076,99156.88,51.25,6.0
2024-03-31 13:00:00,-3.7037048,2.5852966,290.5589,99060.05,51.25,6.0
2024-03-31 14:00:00,-5.177368,2.0517426,289.5911,98965.11,51.25,6.0
2024-03-31 15:00:00,-4.864319,4.5462494,287.9221,98947.3,51.25,6.0
2024-03-31 16:00:00,-4.3135986,6.5443573,287.55713,98980.54,51.25,6.0
2024-03-31 17:00:00,-3.6134033,5.626358,286.406,98896.086,51.25,6.0
2024-03-31 18:00:00,-2.970642,5.910614,285.38147,98890.0,51.25,6.0
2024-03-31 19:00:00,-1.6727142,6.6167145,284.6586,98931.52,51.25,6.0
2024-03-31 20:00:00,-1.3458557,7.16568,284.2844,98968.92,51.25,6.0
2024-03-31 21:00:00,-0.68382263,6.95047,284.18988,98950.73,51.25,6.0
2024-03-31 22:00:00,0.37376404,6.058441,283.53833,98917.195,51.25,6.0
2024-03-31 23:00:00,0.45329285,6.5484314,282.92792,98950.375,51.25,6.0
2024-04-01 00:00:00,0.71328735,5.7519226,282.52136,98935.78,51.25,6.0
2024-04-01 01:00:00,0.99868774,4.898636,282.23123,98857.01,51.25,6.0
2024-04-01 02:00:00,0.07582092,5.598999,282.1081,98843.57,51.25,6.0
2024-04-01 03:00:00,1.296814,4.409012,281.60992,98831.6,51.25,6.0
2024-04-01 04:00:00,3.2146454,2.7931213,281.17444,98838.7,51.25,6.0
2024-04-01 05:00:00,3.7430267,1.7592773,281.2552,98842.7,51.25,6.0
2024-04-01 06:00:00,4.076889,1.7511292,281.59702,98891.984,51.25,6.0
2024-04-01 07:00:00,4.8472595,2.1676636,281.99197,98938.625,51.25,6.0
2024-04-01 08:00:00,6.1315613,2.2924042,282.1142,99014.79,51.25,6.0
2024-04-01 09:00:00,6.417984,1.8361511,282.3211,99056.13,51.25,6.0
2024-04-01 10:00:00,6.7655334,1.0020142,283.27472,99132.56,51.25,6.0
2024-04-01 11:00:00,7.018112,1.9319,283.53558,99222.64,51.25,6.0
2024-04-01 12:00:00,7.863037,2.3256226,283.7622,99232.4,51.25,6.0
2024-04-01 13:00:00,8.276138,2.2773438,284.73203,99340.36,51.25,6.0
2024-04-01 14:00:00,7.1722717,2.5311737,286.04773,99352.266,51.25,6.0
2024-04-01 15:00:00,6.145462,3.0536346,286.68402,99370.2,51.25,6.0
2024-04-01 16:00:00,5.6703033,3.58844,286.78156,99337.86,51.25,6.0
2024-04-01 17:00:00,5.489273,3.8526459,286.22546,99414.875,51.25,6.0
2024-04-01 18:00:00,5.672409,4.9041443,285.2168,99447.31,51.25,6.0
2024-04-01 19:00:00,5.595978,5.0644073,284.59064,99553.17,51.25,6.0
2024-04-01 20:00:00,5.7894745,5.0438995,283.6459,99602.17,51.25,6.0
2024-04-01 21:00:00,6.4044952,5.458908,282.84308,99615.81,51.25,6.0
2024-04-01 22:00:00,6.754669,6.026062,282.64444,99643.14,51.25,6.0
2024-04-01 23:00:00,6.8088684,5.8525085,282.32504,99701.11,51.25,6.0
2024-04-02 00:00:00,6.8897247,5.753845,281.9273,99752.914,51.25,6.0
2024-04-02 01:00:00,6.8700714,5.9227905,281.87756,99783.25,51.25,6.0
2024-04-02 02:00:00,6.768631,6.1241913,281.81964,99827.805,51.25,6.0
2024-04-02 03:00:00,6.399521,6.235611,281.5618,99877.58,51.25,6.0
2024-04-02 04:00:00,6.4793243,6.3298645,281.6006,99909.805,51.25,6.0
2024-04-02 05:00:00,6.871887,6.30011,281.73547,99981.72,51.25,6.0
2024-04-02 06:00:00,6.7575073,6.1835785,282.07074,100021.97,51.25,6.0
2024-04-02 07:00:00,5.943817,5.9569244,282.73352,100070.5,51.25,6.0
2024-04-02 08:00:00,8.65863,6.7901764,283.15042,100106.88,51.25,6.0
2024-04-02 09:00:00,9.29895,6.593445,283.74274,100187.64,51.25,6.0
2024-04-02 10:00:00,6.8051453,5.278763,283.88672,100206.945,51.25,6.0
2024-04-02 11:00:00,7.3127747,6.43808,284.06598,100217.74,51.25,6.0
2024-04-02 12:00:00,7.4744263,6.5961,283.6043,100257.33,51.25,6.0
2024-04-02 13:00:00,7.0795135,6.1159515,283.60162,100261.516,51.25,6.0
2024-04-02 14:00:00,5.6104584,6.038437,284.41388,100250.67,51.25,6.0
2024-04-02 15:00:00,7.6104736,6.4450226,285.2134,100243.11,51.25,6.0
2024-04-02 16:00:00,9.349014,6.1679535,285.07275,100239.55,51.25,6.0
2024-04-02 17:00:00,9.058792,4.601654,285.0259,100267.87,51.25,6.0
2024-04-02 18:00:00,7.991211,3.7789764,284.60608,100301.99,51.25,6.0
2024-04-02 19:00:00,6.7885437,3.0876465,284.03366,100350.67,51.25,6.0
2024-04-02 20:00:00,5.423767,3.3212433,282.9482,100347.625,51.25,6.0
2024-04-02 21:00:00,4.6843567,4.5833435,282.84564,100339.1,51.25,6.0
2024-04-02 22:00:00,6.0795746,4.8457794,283.6035,100328.89,51.25,6.0
2024-04-02 23:00:00,5.8692627,4.0011444,283.69824,100324.375,51.25,6.0
2024-04-03 00:00:00,5.3260956,3.8601837,283.50256,100311.01,51.25,6.0
2024-04-03 01:00:00,4.0740967,4.1588593,283.29306,100251.97,51.25,6.0
2024-04-03 02:00:00,2.1810608,5.0552673,283.0509,100178.945,51.25,6.0
2024-04-03 03:00:00,0.6437378,6.0479584,282.90427,100105.56,51.25,6.0
2024-04-03 04:00:00,0.24137878,6.829178,282.83487,100025.36,51.25,6.0
2024-04-03 05:00:00,0.82037354,7.3795776,282.778,99984.25,51.25,6.0
2024-04-03 06:00:00,1.3695068,7.498535,282.78384,99968.75,51.25,6.0
2024-04-03 07:00:00,1.3672333,7.5266266,283.1138,99928.54,51.25,6.0
2024-04-03 08:00:00,1.6407013,7.447098,283.53482,99915.664,51.25,6.0
2024-04-03 09:00:00,2.704422,7.675812,284.32413,99928.69,51.25,6.0
2024-04-03 10:00:00,1.4708099,6.390732,284.78204,99913.61,51.25,6.0
2024-04-03 11:00:00,2.3322754,6.7755737,284.82,99898.766,51.25,6.0
2024-04-03 12:00:00,3.629242,6.33136,285.08902,99902.8,51.25,6.0
2024-04-03 13:00:00,3.7324371,5.332733,285.54898,99878.16,51.25,6.0
2024-04-03 14:00:00,4.470581,5.1005707,286.51263,99902.66,51.25,6.0
2024-04-03 15:00:00,3.7590637,5.396698,287.14398,99907.04,51.25,6.0
2024-04-03 16:00:00,3.526352,5.935852,287.63858,99869.0,51.25,6.0
2024-04-03 17:00:00,8.080017,4.9095764,286.3329,99982.28,51.25,6.0
2024-04-03 18:00:00,8.500641,3.2664642,285.63382,100059.55,51.25,6.0
2024-04-03 19:00:00,8.753311,3.6564178,285.01602,100161.984,51.25,6.0
2024-04-03 20:00:00,8.801788,4.4238586,284.8084,100225.67,51.25,6.0
2024-04-03 21:00:00,8.492798,4.9694366,284.31088,100267.92,51.25,6.0
2024-04-03 22:00:00,8.442352,5.0864716,283.6791,100291.625,51.25,6.0
2024-04-03 23:00:00,7.73143,5.4351196,283.20557,100329.39,51.25,6.0
2024-04-04 00:00:00,6.172821,5.784363,282.74396,100316.125,51.25,6.0
2024-04-04 01:00:00,4.416397,6.5359955,283.06305,100237.63,51.25,6.0
2024-04-04 02:00:00,3.9508362,7.3621216,283.85538,100185.12,51.25,6.0
2024-04-04 03:00:00,3.7365875,7.999176,283.925,100081.44,51.25,6.0
2024-04-04 04:00:00,3.9428864,8.468216,283.93723,100017.61,51.25,6.0
2024-04-04 05:00:00,5.0990143,8.873413,284.62085,99943.125,51.25,6.0
2024-04-04 06:00:00,5.732544,8.305893,284.93463,99885.64,51.25,6.0
2024-04-04 07:00:00,5.521744,8.061325,285.15643,99837.42,51.25,6.0
2024-04-04 08:00:00,9.445084,7.119522,285.01538,99872.8,51.25,6.0
2024-04-04 09:00:00,9.60025,5.7289276,285.41113,99938.18,51.25,6.0
2024-04-04 10:00:00,6.212143,6.6591644,286.50018,99997.81,51.25,6.0
2024-04-04 11:00:00,8.756592,8.025101,287.48615,100047.98,51.25,6.0
2024-04-04 12:00:00,8.8607025,6.7485046,285.9882,100102.64,51.25,6.0
2024-04-04 13:00:00,9.943481,5.2541046,287.11154,100109.664,51.25,6.0
2024-04-04 14:00:00,9.227081,5.187851,287.62885,100124.266,51.25,6.0
2024-04-04 15:00:00,9.295944,5.1928253,286.4555,100245.88,51.25,6.0
2024-04-04 16:00:00,8.924683,3.3124695,286.95203,100239.44,51.25,6.0
2024-04-04 17:00:00,9.448212,2.7313843,287.11545,100315.08,51.25,6.0
2024-04-04 18:00:00,8.378906,2.5230713,286.56,100417.9,51.25,6.0
2024-04-04 19:00:00,6.9499817,3.2636719,286.04028,100490.734,51.25,6.0
2024-04-04 20:00:00,6.263336,4.1721497,285.29654,100578.95,51.25,6.0
2024-04-04 21:00:00,5.4389496,5.0397644,284.78003,100569.89,51.25,6.0
2024-04-04 22:00:00,4.375183,5.4443207,284.47705,100593.36,51.25,6.0
2024-04-04 23:00:00,4.042145,6.317566,284.8518,100628.34,51.25,6.0
2024-04-05 00:00:00,4.0926056,6.463333,285.1455,100626.19,51.25,6.0
2024-04-05 01:00:00,3.7684479,6.6537476,285.201,100579.36,51.25,6.0
2024-04-05 02:00:00,4.731476,6.8986053,285.36688,100567.33,51.25,6.0
2024-04-05 03:00:00,5.1473083,6.838028,285.49976,100568.25,51.25,6.0
2024-04-05 04:00:00,3.8954468,6.855606,285.5257,100535.75,51.25,6.0
2024-04-05 05:00:00,2.1243896,7.503784,285.4389,100510.67,51.25,6.0
2024-04-05 06:00:00,0.42175293,8.275345,285.6767,100461.45,51.25,6.0
2024-04-05 07:00:00,-1.6842804,8.241028,286.51086,100366.34,51.25,6.0
2024-04-05 08:00:00,-2.6638794,9.805145,287.7221,100274.63,51.25,6.0
2024-04-05 09:00:00,0.35162354,10.484314,289.00635,100238.19,51.25,6.0
2024-04-05 10:00:00,3.696228,9.1853485,289.71057,100319.58,51.25,6.0
2024-04-05 11:00:00,5.5135956,9.749268,289.94513,100268.36,51.25,6.0
2024-04-05 12:00:00,7.4965057,9.221695,290.85175,100307.52,51.25,6.0
2024-04-05 13:00:00,7.4301605,8.219406,289.803,100335.72,51.25,6.0
2024-04-05 14:00:00,7.7546997,6.973648,290.6911,100382.06,51.25,6.0
2024-04-05 15:00:00,8.2892,7.0338135,291.19397,100389.86,51.25,6.0
2024-04-05 16:00:00,7.8657227,6.6499176,291.07996,100439.84,51.25,6.0
2024-04-05 17:00:00,7.089493,5.7720947,290.7411,100517.69,51.25,6.0
2024-04-05 18:00:00,6.4055634,5.364029,290.0409,100551.89,51.25,6.0
2024-04-05 19:00:00,6.230789,4.726639,289.23138,100638.97,51.25,6.0
2024-04-05 20:00:00,4.91304,5.01503,288.5141,100670.92,51.25,6.0
2024-04-05 21:00:00,4.555008,5.829895,288.0929,100716.48,51.25,6.0
2024-04-05 22:00:00,4.974289,6.811844,288.39148,100714.73,51.25,6.0
2024-04-05 23:00:00,4.9073334,6.8318176,288.4961,100757.09,51.25,6.0
2024-04-06 00:00:00,4.9493103,6.189865,288.1841,100757.09,51.25,6.0
2024-04-06 01:00:00,3.5207062,5.7289124,287.57123,100736.99,51.25,6.0
2024-04-06 02:00:00,2.0292969,6.2220154,286.9598,100746.41,51.25,6.0
2024-04-06 03:00:00,-0.28442383,6.4516907,286.48126,100717.39,51.25,6.0
2024-04-06 04:00:00,-1.7961578,7.0006104,286.04993,100653.72,51.25,6.0
2024-04-06 05:00:00,-1.9853516,7.5156097,286.32584,100630.66,51.25,6.0
2024-04-06 06:00:00,-1.3136597,8.274597,287.1714,100629.66,51.25,6.0
2024-04-06 07:00:00,-0.9938812,8.369904,289.1703,100607.7,51.25,6.0
2024-04-06 08:00:00,-1.3325958,8.571991,291.39502,100554.266,51.25,6.0
2024-04-06 09:00:00,-0.18330383,8.146774,293.2295,100547.59,51.25,6.0
2024-04-06 10:00:00,-0.838974,7.951538,295.04633,100488.66,51.25,6.0
2024-04-06 11:00:00,-1.1552277,8.391388,296.39713,100423.97,51.25,6.0
2024-04-06 12:00:00,-1.1713867,8.582306,297.70215,100387.734,51.25,6.0
2024-04-06 13:00:00,0.61756897,8.210678,298.47153,100388.04,51.25,6.0
2024-04-06 14:00:00,1.7099609,7.324188,298.7729,100419.58,51.25,6.0
2024-04-06 15:00:00,1.7808533,7.029068,298.54004,100419.82,51.25,6.0
2024-04-06 16:00:00,2.9748077,7.49794,297.99506,100431.16,51.25,6.0
2024-04-06 17:00:00,2.2102814,7.285736,297.0536,100408.195,51.25,6.0
2024-04-06 18:00:00,2.1029205,6.534088,294.8195,100444.805,51.25,6.0
2024-04-06 19:00:00,1.1038971,6.5755005,293.25937,100470.95,51.25,6.0
2024-04-06 20:00:00,0.24124146,7.09523,292.49133,100449.61,51.25,6.0
2024-04-06 21:00:00,0.61698914,7.1022644,292.48175,100458.64,51.25,6.0
2024-04-06 22:00:00,0.34957886,6.131073,291.57632,100376.91,51.25,6.0
2024-04-06 23:00:00,1.2302094,7.0099945,291.25317,100349.09,51.25,6.0
2024-04-07 00:00:00,5.031311,7.1999054,291.2209,100392.31,51.25,6.0
2024-04-07 01:00:00,7.522705,3.0449371,291.66837,100474.67,51.25,6.0
2024-04-07 02:00:00,8.96106,0.64453125,291.27774,100615.92,51.25,6.0
2024-04-07 03:00:00,8.916824,2.2151794,290.6244,100787.19,51.25,6.0
2024-04-07 04:00:00,7.139328,4.1228333,289.5582,100813.84,51.25,6.0
2024-04-07 05:00:00,5.0072784,6.3595276,288.80957,100794.875,51.25,6.0
2024-04-07 06:00:00,3.999115,7.233246,288.71368,100898.29,51.25,6.0
2024-04-07 07:00:00,4.481781,6.7744904,289.5099,100892.79,51.25,6.0
2024-04-07 08:00:00,4.162491,6.360565,290.36285,100984.16,51.25,6.0
2024-04-07 09:00:00,5.7926483,7.617447,291.27362,100996.16,51.25,6.0
2024-04-07 10:00:00,5.6486053,6.783737,291.98654,101030.42,51.25,6.0
2024-04-07 11:00:00,5.091522,7.6622314,293.02087,101008.41,51.25,6.0
2024-04-07 12:00:00,4.8656006,7.7938232,293.71722,101000.57,51.25,6.0
2024-04-07 13:00:00,5.1186676,7.40242,294.10858,100967.87,51.25,6.0
2024-04-07 14:00:00,4.5964966,6.960312,293.72766,100898.945,51.25,6.0
2024-04-07 15:00:00,4.334091,6.5456085,292.96317,100861.77,51.25,6.0
2024-04-07 16:00:00,4.0637207,4.9233246,292.56375,100826.766,51.25,6.0
2024-04-07 17:00:00,3.7662659,3.8249054,292.004,100809.19,51.25,6.0
2024-04-07 18:00:00,3.301468,2.70195,291.10263,100778.0,51.25,6.0
2024-04-07 19:00:00,3.5362244,1.5572968,290.30472,100766.31,51.25,6.0
2024-04-07 20:00:00,4.759918,0.53601074,289.59976,100769.97,51.25,6.0
2024-04-07 21:00:00,4.3551636,-0.03817749,288.4068,100740.195,51.25,6.0
2024-04-07 22:00:00,3.141571,-0.30648804,287.70496,100761.69,51.25,6.0
2024-04-07 23:00:00,3.1185303,-0.6204071,287.22968,100727.055,51.25,6.0
2024-04-08 00:00:00,2.8612518,-1.0215302,286.69214,100742.0,51.25,6.0
2024-04-08 01:00:00,1.6907654,0.0289917,286.30948,100705.61,51.25,6.0
2024-04-08 02:00:00,1.2758484,0.3605194,285.7892,100674.44,51.25,6.0
2024-04-08 03:00:00,0.3152008,1.3377075,285.49472,100610.0,51.25,6.0
2024-04-08 04:00:00,-0.8918915,2.8056946,285.42615,100576.39,51.25,6.0
2024-04-08 05:00:00,-1.8603058,3.2258453,285.3095,100546.41,51.25,6.0
2024-04-08 06:00:00,-1.4096375,3.0853577,285.5522,100550.055,51.25,6.0
2024-04-08 07:00:00,-0.9360962,1.6898346,286.88995,100551.89,51.25,6.0
2024-04-08 08:00:00,-1.4145203,0.9958496,287.96857,100515.77,51.25,6.0
2024-04-08 09:00:00,-1.0295105,1.0394897,289.17365,100507.89,51.25,6.0
2024-04-08 10:00:00,-1.1042328,1.8370667,290.55054,100442.64,51.25,6.0
2024-04-08 11:00:00,-0.47602844,3.3355865,291.31464,100426.945,51.25,6.0
2024-04-08 12:00:00,-0.08406067,2.3929443,291.26187,100367.234,51.25,6.0
2024-04-08 13:00:00,-0.34848022,2.6793976,291.90698,100308.59,51.25,6.0
2024-04-08 14:00:00,-1.0470734,3.0025635,292.42816,100218.36,51.25,6.0
2024-04-08 15:00:00,-1.3936615,3.0997314,293.4222,100152.016,51.25,6.0
2024-04-08 16:00:00,-1.960556,3.4603271,294.1756,100067.33,51.25,6.0
2024-04-08 17:00:00,-2.7802887,2.5243378,293.97342,100009.266,51.25,6.0
2024-04-08 18:00:00,-4.1870575,2.2237854,292.55487,99934.78,51.25,6.0
2024-04-08 19:00:00,-4.7498016,4.052475,291.11884,99922.22,51.25,6.0
2024-04-08 20:00:00,-3.7368164,6.1349487,290.67834,99901.64,51.25,6.0
2024-04-08 21:00:00,-1.8569336,7.529297,290.59735,99873.984,51.25,6.0
2024-04-08 22:00:00,1.2782898,6.1266327,290.68008,99803.31,51.25,6.0
2024-04-08 23:00:00,5.5322876,2.462143,289.75647,99829.41,51.25,6.0
2024-04-09 00:00:00,6.5659943,0.6970978,288.81378,99866.45,51.25,6.0
2024-04-09 01:00:00,7.248642,1.1737518,288.64557,99920.63,51.25,6.0
2024-04-09 02:00:00,5.209137,2.4302216,287.78928,99950.55,51.25,6.0
2024-04-09 03:00:00,4.0687256,3.7640228,287.26154,99971.83,51.25,6.0
2024-04-09 04:00:00,6.7001495,5.5134125,287.13574,100073.03,51.25,6.0
2024-04-09 05:00:00,8.610687,5.6293945,286.17136,100186.945,51.25,6.0
2024-04-09 06:00:00,7.7143555,6.1792603,285.26245,100259.984,51.25,6.0
2024-04-09 07:00:00,7.6495667,7.063339,284.7102,100308.67,51.25,6.0
2024-04-09 08:00:00,8.592926,6.896408,284.55658,100388.75,51.25,6.0
2024-04-09 09:00:00,8.943573,7.6234894,284.71008,100465.86,51.25,6.0
2024-04-09 10:00:00,6.0218353,7.8367767,285.12167,100531.78,51.25,6.0
2024-04-09 11:00:00,7.999161,9.338577,285.82858,100634.984,51.25,6.0
2024-04-09 12:00:00,9.67012,9.334198,286.132,100663.59,51.25,6.0
2024-04-09 13:00:00,10.66748,9.422592,286.4677,100682.66,51.25,6.0
2024-04-09 14:00:00,10.397675,8.727402,286.24597,100719.42,51.25,6.0
2024-04-09 15:00:00,10.525223,7.6821747,286.04102,100768.17,51.25,6.0
2024-04-09 16:00:00,10.686981,6.2183685,285.4411,100817.47,51.25,6.0
2024-04-09 17:00:00,9.893524,5.5747223,284.99365,100924.54,51.25,6.0
2024-04-09 18:00:00,9.274063,5.000061,283.97467,101044.305,51.25,6.0
2024-04-09 19:00:00,8.86438,4.097122,283.47562,101159.445,51.25,6.0
2024-04-09 20:00:00,8.089279,3.8128967,283.16696,101276.94,51.25,6.0
2024-04-09 21:00:00,7.8420258,3.9334412,283.01666,101344.984,51.25,6.0
2024-04-09 22:00:00,7.733841,4.2398987,283.07434,101414.44,51.25,6.0
2024-04-09 23:00:00,7.756439,4.1517487,282.72067,101511.7,51.25,6.0
2024-04-10 00:00:00,7.4773865,4.3813477,282.32095,101599.08,51.25,6.0
2024-04-10 01:00:00,7.7343445,3.7292023,281.87195,101645.54,51.25,6.0
2024-04-10 02:00:00,7.823181,2.4520721,281.16287,101713.91,51.25,6.0
2024-04-10 03:00:00,7.389099,1.6438141,281.062,101810.75,51.25,6.0
2024-04-10 04:00:00,6.717453,1.6507721,280.77505,101883.53,51.25,6.0
2024-04-10 05:00:00,6.208374,2.0240173,280.6618,101971.266,51.25,6.0
2024-04-10 06:00:00,6.561859,1.4723663,280.8451,102137.25,51.25,6.0
2024-04-10 07:00:00,4.8909454,1.2651062,281.8922,102188.56,51.25,6.0
2024-04-10 08:00:00,4.9874115,0.047195435,283.16595,102274.375,51.25,6.0
2024-04-10 09:00:00,4.711685,0.41270447,284.39014,102316.34,51.25,6.0
2024-04-10 10:00:00,4.854965,1.7333069,285.38507,102370.34,51.25,6.0
2024-04-10 11:00:00,5.1665497,1.8126373,286.2763,102391.17,51.25,6.0
2024-04-10 12:00:00,4.7477417,2.0353851,286.704,102403.79,51.25,6.0
2024-04-10 13:00:00,4.4145966,2.4003906,287.2611,102418.26,51.25,6.0
2024-04-10 14:00:00,4.0429993,2.713623,287.83676,102429.69,51.25,6.0
2024-04-10 15:00:00,3.8967438,2.7293854,288.04254,102428.016,51.25,6.0
2024-04-10 16:00:00,4.083267,2.738266,288.04523,102430.91,51.25,6.0
2024-04-10 17:00:00,3.5010986,2.6677856,287.51462,102447.3,51.25,6.0
2024-04-10 18:00:00,3.1711426,3.1542969,285.34772,102469.805,51.25,6.0
2024-04-10 19:00:00,2.1703186,4.7743683,283.888,102484.695,51.25,6.0
2024-04-10 20:00:00,2.620407,5.685135,283.2539,102510.21,51.25,6.0
2024-04-10 21:00:00,3.281845,6.2980194,283.11032,102520.97,51.25,6.0
2024-04-10 22:00:00,4.287674,6.672577,282.71808,102518.56,51.25,6.0
2024-04-10 23:00:00,4.3033905,6.70282,282.57056,102524.14,51.25,6.0
2024-04-11 00:00:00,4.586853,6.9176636,282.64304,102524.95,51.25,6.0
2024-04-11 01:00:00,5.2748566,6.9306335,283.09125,102506.086,51.25,6.0
2024-04-11 02:00:00,5.381729,6.5983276,283.2574,102488.2,51.25,6.0
2024-04-11 03:00:00,5.214737,6.4806976,283.63947,102480.99,51.25,6.0
2024-04-11 04:00:00,5.130615,6.4432526,284.07013,102439.516,51.25,6.0
2024-04-11 05:00:00,5.058502,6.477936,284.28287,102454.7,51.25,6.0
2024-04-11 06:00:00,4.926651,6.362961,284.6198,102468.74,51.25,6.0
2024-04-11 07:00:00,4.923218,5.7271423,284.84464,102495.39,51.25,6.0
2024-04-11 08:00:00,4.9204407,5.439636,285.32373,102577.47,51.25,6.0
2024-04-11 09:00:00,4.3908386,5.0229034,285.90445,102613.45,51.25,6.0
2024-04-11 10:00:00,4.7058716,4.6804657,286.8277,102669.31,51.25,6.0
2024-04-11 11:00:00,6.139572,4.019638,287.8844,102687.734,51.25,6.0
2024-04-11 12:00:00,6.409088,3.5248718,288.3028,102703.39,51.25,6.0
2024-04-11 13:00:00,6.07753,3.393097,288.46066,102703.19,51.25,6.0
2024-04-11 14:00:00,5.635544,3.2370605,288.4884,102706.14,51.25,6.0
2024-04-11 15:00:00,5.3549347,3.0543976,288.69885,102694.59,51.25,6.0
2024-04-11 16:00:00,5.4197235,2.924408,288.86105,102663.414,51.25,6.0
2024-04-11 17:00:00,4.820511,2.2730408,288.67673,102693.39,51.25,6.0
2024-04-11 18:00:00,4.5615997,2.1816864,288.00775,102690.484,51.25,6.0
2024-04-11 19:00:00,4.3965607,2.2206573,287.7484,102726.67,51.25,6.0
2024-04-11 20:00:00,3.6895142,2.6719208,287.4864,102727.2,51.25,6.0
2024-04-11 21:00:00,3.3072052,3.1788025,287.23206,102731.08,51.25,6.0
2024-04-11 22:00:00,3.6332703,3.5703888,287.10925,102765.17,51.25,6.0
2024-04-11 23:00:00,3.6933289,3.9556122,287.13138,102777.09,51.25,6.0
2024-04-12 00:00:00,3.9083252,4.067993,287.15903,102761.28,51.25,6.0
2024-04-12 01:00:00,3.8532257,4.1691437,287.0027,102711.28,51.25,6.0
2024-04-12 02:00:00,3.8223877,4.6259155,286.83496,102673.8,51.25,6.0
2024-04-12 03:00:00,4.2300262,4.46933,286.8078,102665.73,51.25,6.0
2024-04-12 04:00:00,4.09169,4.556198,286.64865,102643.81,51.25,6.0
2024-04-12 05:00:00,3.9010925,5.080841,286.58813,102634.91,51.25,6.0
2024-04-12 06:00:00,3.9509125,5.334427,286.94925,102614.04,51.25,6.0
2024-04-12 07:00:00,4.1840973,5.07576,287.61395,102641.08,51.25,6.0
2024-04-12 08:00:00,4.428055,4.6136627,288.3481,102650.52,51.25,6.0
2024-04-12 09:00:00,5.0659485,4.4901733,289.28192,102644.06,51.25,6.0
2024-04-12 10:00:00,6.5881805,3.9817963,290.5863,102649.08,51.25,6.0
2024-04-12 11:00:00,6.4544067,3.329422,291.8909,102616.58,51.25,6.0
2024-04-12 12:00:00,7.8473816,2.8512878,292.6366,102577.17,51.25,6.0
2024-04-12 13:00:00,7.702652,2.9871979,293.04178,102539.44,51.25,6.0
2024-04-12 14:00:00,7.181015,3.052536,293.4237,102483.81,51.25,6.0
2024-04-12 15:00:00,6.0577087,3.4485626,293.6439,102442.69,51.25,6.0
2024-04-12 16:00:00,5.2487793,3.684616,293.52997,102394.68,51.25,6.0
2024-04-12 17:00:00,5.3357697,3.737732,293.05176,102358.53,51.25,6.0
2024-04-12 18:00:00,5.4880676,3.4841614,291.9016,102359.53,51.25,6.0
2024-04-12 19:00:00,5.251526,3.454422,290.69077,102355.734,51.25,6.0
2024-04-12 20:00:00,4.9482574,4.0212708,289.63843,102360.68,51.25,6.0
2024-04-12 21:00:00,5.0183716,4.493408,288.77667,102345.95,51.25,6.0
2024-04-12 22:00:00,5.8405304,4.6904144,288.3962,102322.42,51.25,6.0
2024-04-12 23:00:00,6.171753,4.424713,288.04395,102325.47,51.25,6.0
2024-04-13 00:00:00,6.1269684,4.357315,287.61356,102294.61,51.25,6.0
2024-04-13 01:00:00,5.89592,4.414215,287.30292,102264.766,51.25,6.0
2024-04-13 02:00:00,5.470978,4.477463,286.7749,102228.6,51.25,6.0
2024-04-13 03:00:00,5.2868805,4.5716248,286.46893,102212.05,51.25,6.0
2024-04-13 04:00:00,5.478073,4.4836884,285.935,102195.13,51.25,6.0
2024-04-13 05:00:00,5.136154,4.714813,285.5865,102196.72,51.25,6.0
2024-04-13 06:00:00,4.401703,5.1049805,286.53586,102194.61,51.25,6.0
2024-04-13 07:00:00,3.9710236,5.275711,288.37854,102170.914,51.25,6.0
2024-04-13 08:00:00,3.2551575,4.669647,290.16052,102144.09,51.25,6.0
2024-04-13 09:00:00,3.337265,4.9984894,291.79318,102084.99,51.25,6.0
2024-04-13 10:00:00,2.871582,5.193466,293.3503,102032.266,51.25,6.0
2024-04-13 11:00:00,3.767868,6.2710114,294.67526,101948.71,51.25,6.0
2024-04-13 12:00:00,4.274185,6.760666,295.69708,101861.67,51.25,6.0
2024-04-13 13:00:00,4.747757,6.7578278,296.6319,101744.984,51.25,6.0
2024-04-13 14:00:00,5.681305,6.2213287,297.12915,101650.89,51.25,6.0
2024-04-13 15:00:00,6.3908234,5.5532227,297.25433,101594.234,51.25,6.0
2024-04-13 16:00:00,6.5487213,4.911667,296.9453,101526.58,51.25,6.0
2024-04-13 17:00:00,6.471695,4.7685547,296.15674,101483.84,51.25,6.0
2024-04-13 18:00:00,6.739929,4.8168945,294.92883,101434.375,51.25,6.0
2024-04-13 19:00:00,7.031555,4.6864624,294.02124,101434.86,51.25,6.0
2024-04-13 20:00:00,7.2233276,4.4291077,293.09845,101455.5,51.25,6.0
2024-04-13 21:00:00,7.807968,3.421585,292.46634,101437.59,51.25,6.0
2024-04-13 22:00:00,8.583557,1.6897583,291.73,101446.48,51.25,6.0
2024-04-13 23:00:00,9.094284,-0.31629944,290.7516,101515.55,51.25,6.0
2024-04-14 00:00:00,8.142593,-1.1115417,288.95483,101551.695,51.25,6.0
2024-04-14 01:00:00,7.450226,-1.1156006,287.2079,101566.82,51.25,6.0
2024-04-14 02:00:00,6.660797,-1.1259918,286.18536,101602.75,51.25,6.0
2024-04-14 03:00:00,5.922943,-0.96125793,285.3883,101634.984,51.25,6.0
2024-04-14 04:00:00,5.3557587,-0.84091187,284.87573,101659.66,51.25,6.0
2024-04-14 05:00:00,5.1535797,-0.98417664,284.5644,101692.11,51.25,6.0
2024-04-14 06:00:00,4.774933,-1.4391632,284.93954,101735.91,51.25,6.0
2024-04-14 07:00:00,4.0771027,-2.1479492,285.63715,101777.2,51.25,6.0
2024-04-14 08:00:00,3.7728271,-2.0561676,286.15082,101808.69,51.25,6.0
2024-04-14 09:00:00,3.833664,-1.7841797,286.86136,101834.35,51.25,6.0
2024-04-14 10:00:00,3.7425537,-1.3720856,287.40582,101846.875,51.25,6.0
2024-04-14 11:00:00,4.525894,-1.301117,288.20544,101830.54,51.25,6.0
2024-04-14 12:00:00,4.5319977,-1.0821381,288.51587,101783.36,51.25,6.0
2024-04-14 13:00:00,4.432831,-0.7905121,288.932,101715.81,51.25,6.0
2024-04-14 14:00:00,4.325577,-0.6605835,289.13025,101645.71,51.25,6.0
2024-04-14 15:00:00,4.425186,-0.802124,288.98438,101584.25,51.25,6.0
2024-04-14 16:00:00,4.1013947,-1.5800323,288.35083,101539.64,51.25,6.0
2024-04-14 17:00:00,2.616867,-2.3494568,287.83508,101483.44,51.25,6.0
2024-04-14 18:00:00,1.3475189,-3.015213,286.4635,101398.69,51.25,6.0
2024-04-14 19:00:00,-0.08868408,-3.4943848,285.7138,101344.79,51.25,6.0
2024-04-14 20:00:00,-0.7132416,-3.3385773,285.28217,101332.766,51.25,6.0
2024-04-14 21:00:00,-0.15200806,-2.5348206,284.92816,101296.08,51.25,6.0
2024-04-14 22:00:00,2.2940063,-0.41905212,283.84717,101242.45,51.25,6.0
2024-04-14 23:00:00,2.854065,0.34832764,282.7581,101216.92,51.25,6.0
2024-04-15 00:00:00,2.824417,1.9563141,282.34454,101129.63,51.25,6.0
2024-04-15 01:00:00,4.4035797,2.6727753,281.57632,101021.94,51.25,6.0
2024-04-15 02:00:00,5.7545624,3.0333862,281.25,100950.45,51.25,6.0
2024-04-15 03:00:00,6.8396606,3.346222,280.83203,100910.28,51.25,6.0
2024-04-15 04:00:00,6.8047943,3.5496674,280.40366,100836.375,51.25,6.0
2024-04-15 05:00:00,6.509796,3.8965454,279.95825,100777.266,51.25,6.0
2024-04-15 06:00:00,6.215042,4.438751,280.4402,100725.81,51.25,6.0
2024-04-15 07:00:00,6.8898315,4.963196,281.50687,100648.62,51.25,6.0
2024-04-15 08:00:00,8.269806,4.8325195,282.81097,100521.94,51.25,6.0
2024-04-15 09:00:00,8.336929,5.9173126,283.85455,100424.44,51.25,6.0
2024-04-15 10:00:00,6.0723877,7.137924,284.6297,100313.266,51.25,6.0
2024-04-15 11:00:00,7.3400116,8.739151,285.2334,100120.89,51.25,6.0
2024-04-15 12:00:00,9.139481,9.453079,284.45917,99989.5,51.25,6.0
2024-04-15 13:00:00,8.64502,10.6341095,283.68597,99775.67,51.25,6.0
2024-04-15 14:00:00,12.165161,9.836472,283.43634,99678.82,51.25,6.0
2024-04-15 15:00:00,13.64856,-0.73161316,279.12952,99789.17,51.25,6.0
2024-04-15 16:00:00,8.514938,0.6291809,278.91895,99849.484,51.25,6.0
2024-04-15 17:00:00,8.875549,3.60112,279.37265,99838.95,51.25,6.0
2024-04-15 18:00:00,10.182358,2.3078766,279.14163,99845.03,51.25,6.0
2024-04-15 19:00:00,10.302109,2.062271,278.87732,99889.16,51.25,6.0
2024-04-15 20:00:00,10.745575,2.2234344,278.60074,99924.95,51.25,6.0
2024-04-15 21:00:00,10.955429,2.1107025,278.7149,99949.97,51.25,6.0
2024-04-15 22:00:00,9.800018,3.5932922,278.98312,99926.06,51.25,6.0
2024-04-15 23:00:00,9.819244,4.1533356,279.14886,99891.5,51.25,6.0
2024-04-16 00:00:00,10.5703125,4.2992554,279.1905,99915.375,51.25,6.0
2024-04-16 01:00:00,10.526306,4.4775696,279.09277,99829.29,51.25,6.0
2024-04-16 02:00:00,9.98497,4.6174164,278.69836,99807.98,51.25,6.0
2024-04-16 03:00:00,10.126541,4.880295,278.57892,99739.41,51.25,6.0
2024-04-16 04:00:00,10.345291,4.9694977,278.53748,99703.555,51.25,6.0
2024-04-16 05:00:00,10.12413,5.659088,278.528,99623.11,51.25,6.0
2024-04-16 06:00:00,11.4136505,5.869217,279.2461,99546.05,51.25,6.0
2024-04-16 07:00:00,12.960114,3.9700165,279.17523,99523.08,51.25,6.0
2024-04-16 08:00:00,13.055466,-0.65322876,279.54843,99542.625,51.25,6.0
2024-04-16 09:00:00,12.070511,-0.47084045,281.1761,99596.59,51.25,6.0
2024-04-16 10:00:00,10.96817,-1.4608154,282.19287,99705.77,51.25,6.0
2024-04-16 11:00:00,11.118729,-4.4244843,282.5094,99718.42,51.25,6.0
2024-04-16 12:00:00,9.287033,-3.0139313,282.92676,99843.36,51.25,6.0
2024-04-16 13:00:00,8.645828,-3.178894,282.52338,99915.5,51.25,6.0
2024-04-16 14:00:00,7.0685883,-4.3099976,282.4579,100009.0,51.25,6.0
2024-04-16 15:00:00,6.6214905,-4.7963715,282.37726,100013.61,51.25,6.0
2024-04-16 16:00:00,5.1676636,-5.406952,281.6282,100097.734,51.25,6.0
2024-04-16 17:00:00,3.8100128,-5.7774353,281.23737,100137.83,51.25,6.0
2024-04-16 18:00:00,3.2263641,-6.3449097,281.06238,100225.18,51.25,6.0
2024-04-16 19:00:00,3.375412,-6.227127,280.73474,100322.86,51.25,6.0
2024-04-16 20:00:00,3.912094,-5.7597656,280.28915,100425.375,51.25,6.0
2024-04-16 21:00:00,4.0778656,-6.0305176,279.9527,100487.234,51.25,6.0
2024-04-16 22:00:00,3.2737732,-6.488983,279.31595,100525.555,51.25,6.0
2024-04-16 23:00:00,2.4436646,-6.511627,278.56836,100588.2,51.25,6.0
2024-04-17 00:00:00,2.9524841,-5.560501,277.90558,100610.47,51.25,6.0
2024-04-17 01:00:00,3.7572021,-4.654297,276.94855,100619.234,51.25,6.0
2024-04-17 02:00:00,4.0857697,-3.8789978,276.4983,100611.66,51.25,6.0
2024-04-17 03:00:00,5.082199,-3.1938782,276.3825,100608.98,51.25,6.0
2024-04-17 04:00:00,5.6361237,-2.345337,276.7771,100645.81,51.25,6.0
2024-04-17 05:00:00,5.536392,-1.9022217,277.47742,100658.09,51.25,6.0
2024-04-17 06:00:00,5.5612183,-1.9072113,278.06155,100653.836,51.25,6.0
2024-04-17 07:00:00,4.5418396,-2.3896942,278.88983,100693.55,51.25,6.0
2024-04-17 08:00:00,3.916565,-2.4099426,279.6328,100679.92,51.25,6.0
2024-04-17 09:00:00,3.530075,-2.5144043,280.49625,100676.26,51.25,6.0
2024-04-17 10:00:00,3.3367004,-2.8838806,280.96442,100676.47,51.25,6.0
2024-04-17 11:00:00,3.1367493,-2.086853,280.72766,100673.58,51.25,6.0
2024-04-17 12:00:00,4.4386444,-1.9018707,281.28613,100684.625,51.25,6.0
2024-04-17 13:00:00,5.4463806,-2.4039917,280.73114,100692.41,51.25,6.0
2024-04-17 14:00:00,4.127136,-1.6343689,280.5539,100677.49,51.25,6.0
2024-04-17 15:00:00,2.7221985,-1.490097,279.94208,100614.45,51.25,6.0
2024-04-17 16:00:00,3.1415253,-1.9880219,279.6347,100584.086,51.25,6.0
2024-04-17 17:00:00,3.6877136,-2.3422394,279.16565,100623.94,51.25,6.0
2024-04-17 18:00:00,3.6918793,-3.0791168,278.75882,100626.41,51.25,6.0
2024-04-17 19:00:00,2.8956451,-3.3508606,278.2353,100691.16,51.25,6.0
2024-04-17 20:00:00,2.1025848,-3.8549042,277.74554,100743.3,51.25,6.0
2024-04-17 21:00:00,1.6555634,-4.2302856,277.5617,100802.08,51.25,6.0
2024-04-17 22:00:00,1.4493713,-3.590332,277.2558,100828.59,51.25,6.0
2024-04-17 23:00:00,0.6005707,-3.293991,277.077,100884.36,51.25,6.0
2024-04-18 00:00:00,0.2602234,-3.6862183,277.0727,100940.94,51.25,6.0
2024-04-18 01:00:00,0.75193787,-3.7141876,277.3952,100947.414,51.25,6.0
2024-04-18 02:00:00,0.7625122,-4.3048706,277.32767,101005.71,51.25,6.0
2024-04-18 03:00:00,0.46133423,-4.536484,277.04785,101061.3,51.25,6.0
2024-04-18 04:00:00,0.33309937,-4.9358215,276.7703,101090.05,51.25,6.0
2024-04-18 05:00:00,0.693985,-5.209015,276.62994,101168.13,51.25,6.0
2024-04-18 06:00:00,0.72302246,-4.84671,277.52087,101270.54,51.25,6.0
2024-04-18 07:00:00,0.47343445,-3.6460266,278.90137,101349.97,51.25,6.0
2024-04-18 08:00:00,0.20588684,-3.409378,280.66443,101414.67,51.25,6.0
2024-04-18 09:00:00,0.047973633,-4.496353,282.00964,101468.664,51.25,6.0
2024-04-18 10:00:00,0.5035858,-3.1462097,282.58472,101479.82,51.25,6.0
2024-04-18 11:00:00,1.9317474,-2.8105774,283.49695,101497.9,51.25,6.0
2024-04-18 12:00:00,3.1078491,-2.693573,283.75903,101515.125,51.25,6.0
2024-04-18 13:00:00,4.1453247,-2.2531433,284.11017,101523.14,51.25,6.0
2024-04-18 14:00:00,4.867111,-2.0975952,284.38788,101487.484,51.25,6.0
2024-04-18 15:00:00,5.5368347,-2.6708984,284.5719,101477.95,51.25,6.0
2024-04-18 16:00:00,5.484146,-2.8056946,284.39807,101453.055,51.25,6.0
2024-04-18 17:00:00,5.597473,-2.5838928,283.7084,101458.31,51.25,6.0
2024-04-18 18:00:00,5.4311523,-1.7623901,282.92084,101433.21,51.25,6.0
2024-04-18 19:00:00,5.7113037,-1.2810516,281.61414,101437.18,51.25,6.0
2024-04-18 20:00:00,6.0534973,-0.6452484,281.0495,101433.78,51.25,6.0
2024-04-18 21:00:00,5.7440186,0.8880615,280.63412,101371.5,51.25,6.0
2024-04-18 22:00:00,5.5501404,2.8372345,280.45703,101285.84,51.25,6.0
2024-04-18 23:00:00,7.0818176,3.2779388,280.42175,101223.69,51.25,6.0
2024-04-19 00:00:00,8.016006,4.1653137,280.49582,101118.2,51.25,6.0
2024-04-19 01:00:00,8.625397,4.73053,280.29987,100999.21,51.25,6.0
2024-04-19 02:00:00,9.050491,5.2814026,280.01764,100895.195,51.25,6.0
2024-04-19 03:00:00,9.614151,5.5319824,279.57596,100776.5,51.25,6.0
2024-04-19 04:00:00,9.920746,5.4023285,279.36572,100664.81,51.25,6.0
2024-04-19 05:00:00,9.905701,5.7011414,279.4795,100564.93,51.25,6.0
2024-04-19 06:00:00,10.283951,4.580658,279.96527,100468.78,51.25,6.0
2024-04-19 07:00:00,10.154648,1.7296448,280.77295,100419.89,51.25,6.0
2024-04-19 08:00:00,10.013763,-0.24153137,281.67334,100392.234,51.25,6.0
2024-04-19 09:00:00,8.694519,0.43502808,282.81366,100368.65,51.25,6.0
2024-04-19 10:00:00,8.027725,-2.3365784,282.89493,100335.664,51.25,6.0
2024-04-19 11:00:00,8.892715,-3.1373138,283.26068,100291.42,51.25,6.0
2024-04-19 12:00:00,8.670914,-2.6763,284.00085,100300.97,51.25,6.0
2024-04-19 13:00:00,9.262726,-5.760956,283.3012,100326.82,51.25,6.0
2024-04-19 14:00:00,7.930664,-7.5685883,282.70044,100403.33,51.25,6.0
2024-04-19 15:00:00,7.499298,-8.970154,283.07922,100423.83,51.25,6.0
2024-04-19 16:00:00,8.129288,-8.103851,282.4253,100470.69,51.25,6.0
2024-04-19 17:00:00,8.175766,-7.7367554,281.80685,100554.766,51.25,6.0
2024-04-19 18:00:00,7.737915,-7.438217,280.74585,100622.195,51.25,6.0
2024-04-19 19:00:00,7.8619843,-6.996216,280.1623,100721.81,51.25,6.0
2024-04-19 20:00:00,7.249878,-7.750244,279.9306,100806.86,51.25,6.0
2024-04-19 21:00:00,6.311203,-7.608429,279.71848,100872.305,51.25,6.0
2024-04-19 22:00:00,5.8654327,-6.6009216,279.24042,100937.33,51.25,6.0
2024-04-19 23:00:00,5.349716,-6.3574677,278.89813,100996.94,51.25,6.0
2024-04-20 00:00:00,5.1516266,-6.2917786,278.69214,101062.59,51.25,6.0
2024-04-20 01:00:00,5.0420685,-6.128372,278.6441,101081.0,51.25,6.0
2024-04-20 02:00:00,4.79158,-6.0484314,278.57642,101136.88,51.25,6.0
2024-04-20 03:00:00,4.464798,-6.0556183,278.6045,101191.25,51.25,6.0
2024-04-20 04:00:00,4.061676,-5.748932,278.4746,101245.0,51.25,6.0
2024-04-20 05:00:00,3.9657288,-5.486786,278.29834,101301.94,51.25,6.0
2024-04-20 06:00:00,3.8208618,-6.1727295,278.5365,101393.36,51.25,6.0
2024-04-20 07:00:00,3.4898834,-5.2434845,278.81912,101478.58,51.25,6.0
2024-04-20 08:00:00,3.444809,-4.854904,279.49942,101552.375,51.25,6.0
2024-04-20 09:00:00,3.738861,-4.7262115,280.3741,101605.63,51.25,6.0
2024-04-20 10:00:00,4.791992,-4.842453,280.9942,101664.55,51.25,6.0
2024-04-20 11:00:00,5.155319,-5.171921,281.7298,101657.34,51.25,6.0
2024-04-20 12:00:00,5.3251038,-4.9877625,282.0509,101666.375,51.25,6.0
2024-04-20 13:00:00,5.3879395,-4.651657,282.45557,101691.86,51.25,6.0
2024-04-20 14:00:00,6.3002014,-4.4622955,282.67987,101686.86,51.25,6.0
2024-04-20 15:00:00,6.334656,-4.8661804,281.93027,101663.81,51.25,6.0
2024-04-20 16:00:00,6.895462,-4.189575,282.21735,101617.875,51.25,6.0
2024-04-20 17:00:00,6.475525,-5.359833,281.50018,101632.82,51.25,6.0
2024-04-20 18:00:00,5.7265778,-6.278717,280.7371,101642.05,51.25,6.0
2024-04-20 19:00:00,5.109726,-8.356781,280.2746,101687.0,51.25,6.0
2024-04-20 20:00:00,4.247406,-8.4652405,279.90216,101718.9,51.25,6.0
2024-04-20 21:00:00,3.875412,-8.150085,279.45325,101736.11,51.25,6.0
2024-04-20 22:00:00,3.3266754,-6.4746246,279.03653,101784.164,51.25,6.0
2024-04-20 23:00:00,3.7640839,-5.4833984,278.49756,101766.72,51.25,6.0
2024-04-21 00:00:00,4.487488,-4.581085,278.10562,101712.25,51.25,6.0
2024-04-21 01:00:00,5.226944,-4.7527313,277.61792,101692.09,51.25,6.0
2024-04-21 02:00:00,5.212311,-4.7670593,277.05862,101652.5,51.25,6.0
2024-04-21 03:00:00,5.4467163,-3.538147,276.50787,101584.2,51.25,6.0
2024-04-21 04:00:00,5.2717896,-2.6445618,276.07526,101534.586,51.25,6.0
2024-04-21 05:00:00,4.260147,-3.1755219,276.2929,101529.36,51.25,6.0
2024-04-21 06:00:00,0.45671082,-3.542633,276.28827,101553.75,51.25,6.0
2024-04-21 07:00:00,-3.1824646,-4.426544,276.75784,101637.375,51.25,6.0
2024-04-21 08:00:00,-5.4866943,-5.1000824,277.57846,101718.375,51.25,6.0
2024-04-21 09:00:00,-5.463089,-5.7762146,278.61108,101791.27,51.25,6.0
2024-04-21 10:00:00,-4.72229,-4.314499,279.94586,101866.28,51.25,6.0
2024-04-21 11:00:00,-3.7359924,-4.531494,280.74246,101898.53,51.25,6.0
2024-04-21 12:00:00,-2.1067963,-5.074356,281.6168,101923.55,51.25,6.0
2024-04-21 13:00:00,-1.2316284,-5.9948273,282.6048,101922.59,51.25,6.0
2024-04-21 14:00:00,-1.0424042,-6.291107,282.85248,101912.95,51.25,6.0
2024-04-21 15:00:00,-1.1193695,-6.700241,282.6464,101918.89,51.25,6.0
2024-04-21 16:00:00,-1.5643616,-6.9441986,282.3905,101937.625,51.25,6.0
2024-04-21 17:00:00,-3.0080109,-7.051529,281.62866,102005.37,51.25,6.0
2024-04-21 18:00:00,-2.3219757,-5.1982574,280.54657,102018.625,51.25,6.0
2024-04-21 19:00:00,-1.9653625,-4.8695526,279.5155,102047.19,51.25,6.0
2024-04-21 20:00:00,-1.4519958,-5.531372,278.46976,102082.766,51.25,6.0
2024-04-21 21:00:00,-1.3987427,-6.443115,277.80438,102097.914,51.25,6.0
2024-04-21 22:00:00,-2.7743835,-6.182831,277.1412,102125.875,51.25,6.0
2024-04-21 23:00:00,-2.8381042,-6.2140503,276.8746,102119.33,51.25,6.0
2024-04-22 00:00:00,-2.8408966,-5.6521454,276.45697,102128.516,51.25,6.0
2024-04-22 01:00:00,-2.7328186,-5.361511,275.99725,102092.336,51.25,6.0
2024-04-22 02:00:00,-2.5599976,-5.1452026,275.38666,102088.66,51.25,6.0
2024-04-22 03:00:00,-2.1636047,-4.7410583,275.3042,102059.41,51.25,6.0
2024-04-22 04:00:00,-1.4845276,-4.137726,274.96387,102051.914,51.25,6.0
2024-04-22 05:00:00,-0.36834717,-3.946045,275.06323,102033.55,51.25,6.0
2024-04-22 06:00:00,0.6889801,-3.7521362,276.10382,102030.69,51.25,6.0
2024-04-22 07:00:00,0.69059753,-3.030426,277.99008,102029.89,51.25,6.0
2024-04-22 08:00:00,0.33738708,-2.8316345,279.77658,102002.36,51.25,6.0
2024-04-22 09:00:00,0.07606506,-2.9698792,280.97443,101983.66,51.25,6.0
2024-04-22 10:00:00,0.22938538,-3.175171,281.3547,101975.11,51.25,6.0
2024-04-22 11:00:00,0.24533081,-3.3082275,281.7207,101924.29,51.25,6.0
2024-04-22 12:00:00,0.18235779,-3.5825195,281.72812,101878.836,51.25,6.0
2024-04-22 13:00:00,-0.36445618,-3.572754,281.27368,101836.086,51.25,6.0
2024-04-22 14:00:00,-0.9884796,-3.5958405,280.83374,101801.68,51.25,6.0
2024-04-22 15:00:00,-1.6572876,-3.5986786,280.23993,101743.75,51.25,6.0
2024-04-22 16:00:00,-2.2266388,-3.9451904,280.22632,101712.39,51.25,6.0
2024-04-22 17:00:00,-1.605011,-3.3631592,279.74792,101722.66,51.25,6.0
2024-04-22 18:00:00,-1.2010193,-4.080078,278.97168,101715.77,51.25,6.0
2024-04-22 19:00:00,-2.0921173,-4.480545,277.95227,101776.945,51.25,6.0
2024-04-22 20:00:00,-2.651245,-4.338211,277.15952,101794.69,51.25,6.0
2024-04-22 21:00:00,-2.9145203,-4.2697144,276.66565,101810.58,51.25,6.0
2024-04-22 22:00:00,-2.6954498,-3.7539673,275.94275,101773.65,51.25,6.0
2024-04-22 23:00:00,-2.355423,-3.8583832,275.31848,101769.42,51.25,6.0
2024-04-23 00:00:00,-2.202591,-4.0455017,274.6797,101755.86,51.25,6.0
2024-04-23 01:00:00,-2.0539856,-4.077881,274.14282,101722.06,51.25,6.0
2024-04-23 02:00:00,-2.2066193,-4.131134,273.8279,101702.766,51.25,6.0
2024-04-23 03:00:00,-2.4763641,-3.1066132,273.32166,101654.07,51.25,6.0
2024-04-23 04:00:00,-2.3977814,-2.5707855,272.91046,101664.37,51.25,6.0
2024-04-23 05:00:00,-1.9222565,-1.9277496,272.86774,101658.45,51.25,6.0
2024-04-23 06:00:00,-1.1666107,-0.7414093,274.3037,101663.19,51.25,6.0
2024-04-23 07:00:00,-0.61727905,-0.4104309,276.63873,101684.234,51.25,6.0
2024-04-23 08:00:00,-0.094314575,-0.3053589,278.59174,101647.47,51.25,6.0
2024-04-23 09:00:00,0.077819824,-0.5245209,280.33337,101622.195,51.25,6.0
2024-04-23 10:00:00,0.20588684,-0.513031,281.5771,101563.555,51.25,6.0
2024-04-23 11:00:00,1.2888947,-0.23254395,282.40216,101483.516,51.25,6.0
2024-04-23 12:00:00,2.2462616,-0.88378906,282.68518,101432.984,51.25,6.0
2024-04-23 13:00:00,3.076233,-1.7095947,282.9039,101375.67,51.25,6.0
2024-04-23 14:00:00,3.5462646,-2.166565,283.0339,101321.56,51.25,6.0
2024-04-23 15:00:00,3.8180237,-1.9710846,283.2628,101247.8,51.25,6.0
2024-04-23 16:00:00,3.915268,-2.2411804,283.20856,101192.945,51.25,6.0
2024-04-23 17:00:00,4.4282684,-2.1204987,282.76544,101141.7,51.25,6.0
2024-04-23 18:00:00,5.0805206,-2.3527832,281.74103,101102.94,51.25,6.0
2024-04-23 19:00:00,5.7179413,-1.6013794,281.0106,101068.984,51.25,6.0
2024-04-23 20:00:00,6.1067657,0.21183777,280.43182,101035.56,51.25,6.0
2024-04-23 21:00:00,6.4548187,-0.08517456,279.86884,100966.55,51.25,6.0
2024-04-23 22:00:00,4.527954,-3.3882446,279.3596,100969.59,51.25,6.0
2024-04-23 23:00:00,3.7469482,-4.168167,278.64618,100896.8,51.25,6.0
2024-04-24 00:00:00,3.945938,-3.9764252,278.06396,100881.36,51.25,6.0
2024-04-24 01:00:00,4.925522,-2.8176422,277.84216,100803.79,51.25,6.0
2024-04-24 02:00:00,5.6879425,-1.8239899,277.7406,100754.42,51.25,6.0
2024-04-24 03:00:00,5.9805603,-1.5055237,277.69476,100678.42,51.25,6.0
2024-04-24 04:00:00,6.2146454,-1.575531,277.541,100635.05,51.25,6.0
2024-04-24 05:00:00,6.422104,-1.469696,277.5193,100615.21,51.25,6.0
2024-04-24 06:00:00,6.6758575,-1.08844,277.76587,100570.05,51.25,6.0
2024-04-24 07:00:00,6.4666595,-1.0152283,278.3817,100538.97,51.25,6.0
2024-04-24 08:00:00,6.6596985,-1.7700348,279.28015,100491.83,51.25,6.0
2024-04-24 09:00:00,6.810684,-1.6471558,279.75665,100460.516,51.25,6.0
2024-04-24 10:00:00,6.754303,-4.1523285,280.05334,100451.92,51.25,6.0
2024-04-24 11:00:00,6.4264374,-3.7959747,280.53125,100423.72,51.25,6.0
2024-04-24 12:00:00,6.419815,-3.2780151,281.19943,100378.81,51.25,6.0
2024-04-24 13:00:00,6.708847,-3.298706,281.65283,100341.3,51.25,6.0
2024-04-24 14:00:00,6.807083,-3.4268951,281.43878,100257.97,51.25,6.0
2024-04-24 15:00:00,7.929367,-5.2155304,281.1327,100324.32,51.25,6.0
2024-04-24 16:00:00,6.681473,-5.1104126,280.75238,100266.47,51.25,6.0
2024-04-24 17:00:00,6.7441254,-6.0437927,280.64655,100279.19,51.25,6.0
2024-04-24 18:00:00,6.091385,-5.6062317,280.06152,100318.12,51.25,6.0
2024-04-24 19:00:00,5.8704224,-4.574112,279.60486,100356.14,51.25,6.0
2024-04-24 20:00:00,5.839981,-4.1544952,279.1684,100398.95,51.25,6.0
2024-04-24 21:00:00,5.9405365,-3.6496277,278.60602,100391.414,51.25,6.0
2024-04-24 22:00:00,5.5263824,-4.0333557,277.99017,100323.16,51.25,6.0
2024-04-24 23:00:00,5.7413177,-2.7713318,277.7154,100410.45,51.25,6.0
2024-04-25 00:00:00,5.6257477,-2.0986023,277.49933,100336.17,51.25,6.0
2024-04-25 01:00:00,5.7733154,-1.4870758,277.31787,100323.91,51.25,6.0
2024-04-25 02:00:00,6.011734,-0.9685974,276.82742,100302.52,51.25,6.0
2024-04-25 03:00:00,5.8553314,-0.14279175,276.58203,100278.27,51.25,6.0
2024-04-25 04:00:00,5.609024,0.64697266,276.54044,100240.68,51.25,6.0
2024-04-25 05:00:00,5.453293,1.5212708,276.67004,100250.695,51.25,6.0
2024-04-25 06:00:00,5.113693,2.2198792,277.39783,100248.375,51.25,6.0
2024-04-25 07:00:00,4.4565887,2.4625702,278.42563,100209.766,51.25,6.0
2024-04-25 08:00:00,4.50708,2.6941223,279.46555,100233.41,51.25,6.0
2024-04-25 09:00:00,4.4127197,2.9149017,280.48007,100171.72,51.25,6.0
2024-04-25 10:00:00,6.0245667,3.4287872,280.98242,100137.875,51.25,6.0
2024-04-25 11:00:00,5.9967804,3.3138275,281.11328,100119.26,51.25,6.0
2024-04-25 12:00:00,5.8150787,3.5917664,281.45944,100087.28,51.25,6.0
2024-04-25 13:00:00,5.3943634,3.90625,282.2437,100043.016,51.25,6.0
2024-04-25 14:00:00,5.0427094,4.5147247,282.5354,99971.5,51.25,6.0
2024-04-25 15:00:00,5.6905823,5.268036,283.01437,99890.06,51.25,6.0
2024-04-25 16:00:00,6.331375,5.460968,283.29333,99859.69,51.25,6.0
2024-04-25 17:00:00,6.2952576,5.104065,282.7788,99831.984,51.25,6.0
2024-04-25 18:00:00,5.3986664,5.198456,282.30704,99827.984,51.25,6.0
2024-04-25 19:00:00,4.7794037,5.8607483,281.91693,99835.77,51.25,6.0
2024-04-25 20:00:00,4.7782593,6.2638702,281.83008,99807.99,51.25,6.0
2024-04-25 21:00:00,4.882721,5.9865417,281.8321,99802.945,51.25,6.0
2024-04-25 22:00:00,5.0652924,5.460388,281.9218,99775.03,51.25,6.0
2024-04-25 23:00:00,5.0237427,4.7789154,281.67233,99772.16,51.25,6.0
2024-04-26 00:00:00,4.9935303,4.5622864,281.4502,99725.41,51.25,6.0
2024-04-26 01:00:00,4.410019,4.701935,281.29028,99680.06,51.25,6.0
2024-04-26 02:00:00,4.0971527,5.2930145,281.16583,99685.78,51.25,6.0
2024-04-26 03:00:00,3.8763123,5.5191345,280.92715,99683.02,51.25,6.0
2024-04-26 04:00:00,3.8986664,5.4365997,280.62897,99676.99,51.25,6.0
2024-04-26 05:00:00,4.2073517,5.196594,280.42917,99692.54,51.25,6.0
2024-04-26 06:00:00,4.3973083,4.6047516,280.51318,99727.44,51.25,6.0
2024-04-26 07:00:00,3.9142456,3.4169006,280.9666,99794.72,51.25,6.0
2024-04-26 08:00:00,4.3452606,2.2772827,281.36737,99831.69,51.25,6.0
2024-04-26 09:00:00,5.1256104,1.5678253,281.961,99847.0,51.25,6.0
2024-04-26 10:00:00,4.5420837,0.751297,282.18274,99908.66,51.25,6.0
2024-04-26 11:00:00,4.112747,-0.12161255,282.9408,99944.625,51.25,6.0
2024-04-26 12:00:00,4.107498,-0.33125305,283.53876,99976.695,51.25,6.0
2024-04-26 13:00:00,3.6505737,-0.35185242,284.52582,99992.65,51.25,6.0
2024-04-26 14:00:00,2.953598,-0.31040955,284.85406,100002.28,51.25,6.0
2024-04-26 15:00:00,2.377243,-0.036026,284.8874,99984.8,51.25,6.0
2024-04-26 16:00:00,1.6453247,0.7403412,284.64075,99995.875,51.25,6.0
2024-04-26 17:00:00,0.82250977,0.38615417,284.61462,99997.7,51.25,6.0
2024-04-26 18:00:00,-0.17407227,0.25579834,284.0692,100014.84,51.25,6.0
2024-04-26 19:00:00,-1.6335754,1.3040009,282.9779,100080.055,51.25,6.0
2024-04-26 20:00:00,-2.8336792,2.1517181,282.59943,100105.22,51.25,6.0
2024-04-26 21:00:00,-3.2923584,2.778778,282.65222,100098.984,51.25,6.0
2024-04-26 22:00:00,-3.111374,2.826416,282.39514,100069.29,51.25,6.0
2024-04-26 23:00:00,-3.5334473,3.1708374,281.90158,100048.875,51.25,6.0
2024-04-27 00:00:00,-2.7849426,3.984314,281.33887,100055.28,51.25,6.0
2024-04-27 01:00:00,-1.7480469,5.067749,280.87225,100019.016,51.25,6.0
2024-04-27 02:00:00,-1.3791046,5.2991943,280.37653,100008.05,51.25,6.0
2024-04-27 03:00:00,-1.8786926,5.7035217,280.09808,100014.17,51.25,6.0
2024-04-27 04:00:00,-2.4736786,6.006714,280.1046,99996.78,51.25,6.0
2024-04-27 05:00:00,-3.0346832,6.1545258,280.76816,100007.94,51.25,6.0
2024-04-27 06:00:00,-2.9500427,6.0108337,282.0072,100011.51,51.25,6.0
2024-04-27 07:00:00,-2.504547,6.7169647,283.29443,100040.625,51.25,6.0
2024-04-27 08:00:00,-1.9744263,6.2032166,284.4547,100055.25,51.25,6.0
2024-04-27 09:00:00,-1.3371887,5.5397797,285.71204,100064.414,51.25,6.0
2024-04-27 10:00:00,-0.810791,5.034149,286.78784,100069.41,51.25,6.0
2024-04-27 11:00:00,-0.06274414,5.3577423,288.148,100093.34,51.25,6.0
2024-04-27 12:00:00,-0.5242615,5.764969,289.1646,100082.32,51.25,6.0
2024-04-27 13:00:00,-1.3700256,5.9358063,289.91437,100027.75,51.25,6.0
2024-04-27 14:00:00,-0.93026733,6.1211395,290.94675,100019.7,51.25,6.0
2024-04-27 15:00:00,-0.7034607,5.9956665,290.55078,100011.3,51.25,6.0
2024-04-27 16:00:00,-1.3033752,5.5171967,289.75906,99980.234,51.25,6.0
2024-04-27 17:00:00,-2.2382812,4.8761597,289.35294,99965.89,51.25,6.0
2024-04-27 18:00:00,-2.58255,5.3422394,288.94794,99959.586,51.25,6.0
2024-04-27 19:00:00,-2.0859985,6.847,288.49274,100010.04,51.25,6.0
2024-04-27 20:00:00,-3.28656,7.215378,288.0733,100032.375,51.25,6.0
2024-04-27 21:00:00,-4.5572205,7.451477,287.25946,100019.125,51.25,6.0
2024-04-27 22:00:00,-5.020218,7.6736298,287.78503,100006.24,51.25,6.0
2024-04-27 23:00:00,-5.61969,6.7093506,287.30286,99995.16,51.25,6.0
2024-04-28 00:00:00,-5.2792053,6.5162506,287.015,99957.65,51.25,6.0
2024-04-28 01:00:00,-5.317993,6.431381,286.83588,99922.19,51.25,6.0
2024-04-28 02:00:00,-5.2548523,6.8475494,286.92627,99868.8,51.25,6.0
2024-04-28 03:00:00,-2.4611511,9.284592,287.8388,99900.93,51.25,6.0
2024-04-28 04:00:00,-1.6818695,9.008743,287.91882,99872.95,51.25,6.0
2024-04-28 05:00:00,-1.479065,9.480774,287.76672,99894.75,51.25,6.0
2024-04-28 06:00:00,-0.4723816,9.55307,288.07257,99970.7,51.25,6.0
2024-04-28 07:00:00,0.48397827,9.097565,288.65802,100047.05,51.25,6.0
2024-04-28 08:00:00,1.9615326,10.076599,289.23053,100101.86,51.25,6.0
2024-04-28 09:00:00,3.5145416,11.233017,289.50165,100164.92,51.25,6.0
2024-04-28 10:00:00,3.6041412,10.673019,289.56882,100218.695,51.25,6.0
2024-04-28 11:00:00,4.520279,10.565018,289.35065,100272.484,51.25,6.0
2024-04-28 12:00:00,5.5768127,11.354721,289.25696,100320.45,51.25,6.0
2024-04-28 13:00:00,6.7436523,10.713745,288.46252,100449.36,51.25,6.0
2024-04-28 14:00:00,7.5465393,9.612839,288.3235,100544.58,51.25,6.0
2024-04-28 15:00:00,7.2100677,7.887848,288.2392,100632.875,51.25,6.0
2024-04-28 16:00:00,7.1450043,7.5382843,288.03558,100726.91,51.25,6.0
2024-04-28 17:00:00,6.2687836,6.535141,287.57388,100790.76,51.25,6.0
2024-04-28 18:00:00,6.0907593,6.0238037,286.66888,100880.695,51.25,6.0
2024-04-28 19:00:00,5.6111755,4.771164,285.91656,100973.125,51.25,6.0
2024-04-28 20:00:00,4.887848,4.1033936,285.0031,101053.28,51.25,6.0
2024-04-28 21:00:00,3.5896606,4.6037903,284.0585,101125.09,51.25,6.0
2024-04-28 22:00:00,1.8816528,4.850876,282.63907,101166.11,51.25,6.0
2024-04-28 23:00:00,1.2531586,5.8626404,282.31683,101197.57,51.25,6.0
2024-04-29 00:00:00,1.8318024,6.494766,282.1073,101242.55,51.25,6.0
2024-04-29 01:00:00,2.467682,6.429062,281.6172,101271.836,51.25,6.0
2024-04-29 02:00:00,2.8285828,6.3976593,281.3095,101319.21,51.25,6.0
2024-04-29 03:00:00,2.4966125,6.0482483,281.2395,101350.56,51.25,6.0
2024-04-29 04:00:00,1.8511658,5.9552765,281.0533,101374.17,51.25,6.0
2024-04-29 05:00:00,1.4417267,5.789505,281.40564,101428.33,51.25,6.0
2024-04-29 06:00:00,0.95918274,5.102997,283.18616,101465.586,51.25,6.0
2024-04-29 07:00:00,0.36773682,3.669815,285.25955,101495.516,51.25,6.0
2024-04-29 08:00:00,0.3652954,3.4297485,286.9536,101525.58,51.25,6.0
2024-04-29 09:00:00,0.8233185,4.4583893,288.83432,101524.22,51.25,6.0
2024-04-29 10:00:00,-0.5986023,3.1826477,290.181,101509.586,51.25,6.0
2024-04-29 11:00:00,-0.9388733,4.0371094,291.34122,101503.445,51.25,6.0
2024-04-29 12:00:00,-1.2304993,4.37117,292.1764,101459.97,51.25,6.0
2024-04-29 13:00:00,-1.2865448,4.7368927,292.81973,101408.78,51.25,6.0
2024-04-29 14:00:00,0.45307922,5.3754883,292.9273,101417.13,51.25,6.0
2024-04-29 15:00:00,0.2720642,4.1088867,292.62457,101357.94,51.25,6.0
2024-04-29 16:00:00,-0.5036316,3.8154602,292.33533,101343.63,51.25,6.0
2024-04-29 17:00:00,-0.7540741,4.1126404,291.82275,101342.94,51.25,6.0
2024-04-29 18:00:00,-0.9783783,4.616394,290.71735,101333.73,51.25,6.0
2024-04-29 19:00:00,-1.374588,5.5312653,289.63065,101372.11,51.25,6.0
2024-04-29 20:00:00,-1.3084412,5.892914,288.6618,101419.484,51.25,6.0
2024-04-29 21:00:00,-0.96725464,5.5235596,288.1469,101444.55,51.25,6.0
2024-04-29 22:00:00,0.083862305,4.496994,287.56122,101386.03,51.25,6.0
2024-04-29 23:00:00,-0.35639954,5.071228,287.20587,101379.05,51.25,6.0
2024-04-30 00:00:00,0.40097046,4.895508,287.00702,101372.84,51.25,6.0
2024-04-30 01:00:00,0.03163147,4.5482635,286.6742,101345.65,51.25,6.0
2024-04-30 02:00:00,-0.2605896,5.186142,286.4334,101357.94,51.25,6.0
2024-04-30 03:00:00,0.056106567,5.041916,286.12653,101297.72,51.25,6.0
2024-04-30 04:00:00,-0.42456055,5.0300293,285.8004,101270.33,51.25,6.0
2024-04-30 05:00:00,-1.1651306,4.612488,285.69476,101262.164,51.25,6.0
2024-04-30 06:00:00,-2.0432892,4.0390015,286.18875,101240.35,51.25,6.0
2024-04-30 07:00:00,-2.714035,3.4281921,287.40894,101215.47,51.25,6.0
2024-04-30 08:00:00,-2.7107544,2.2245483,289.46234,101221.82,51.25,6.0
2024-04-30 09:00:00,-2.4652863,1.815979,291.26974,101184.445,51.25,6.0
2024-04-30 10:00:00,-1.7226105,1.7939148,292.3154,101107.92,51.25,6.0
2024-04-30 11:00:00,-1.2760468,1.7798309,293.68097,101074.3,51.25,6.0
2024-04-30 12:00:00,-1.4435425,1.1397247,294.71967,100980.69,51.25,6.0
2024-04-30 13:00:00,-2.1035156,1.2140045,295.54272,100913.734,51.25,6.0
2024-04-30 14:00:00,-1.5075531,1.2775116,296.3327,100891.3,51.25,6.0
2024-04-30 15:00:00,-1.3042908,0.8315735,296.4524,100809.016,51.25,6.0
2024-04-30 16:00:00,-1.7751465,0.15611267,296.5353,100771.17,51.25,6.0
2024-04-30 17:00:00,-1.8908386,-1.5544281,295.9929,100718.375,51.25,6.0
2024-04-30 18:00:00,-3.631134,-2.7585297,294.49066,100691.3,51.25,6.0
2024-04-30 19:00:00,-4.9277344,-2.4415436,292.34515,100711.69,51.25,6.0
2024-04-30 20:00:00,-4.6193085,-0.88168335,290.425,100684.11,51.25,6.0
2024-04-30 21:00:00,-2.3598022,-0.084106445,289.1961,100679.09,51.25,6.0
2024-04-30 22:00:00,0.43858337,-2.887146,289.43958,100621.67,51.25,6.0
2024-04-30 23:00:00,3.2305756,-2.7827454,288.34058,100576.91,51.25,6.0
2024-05-01 00:00:00,6.158966,-3.009674,287.70547,100589.63,51.25,6.0
2024-05-01 01:00:00,6.8640747,-3.869339,286.67273,100566.2,51.25,6.0
2024-05-01 02:00:00,6.6611023,-4.6028137,286.4124,100537.26,51.25,6.0
2024-05-01 03:00:00,5.5165405,-4.809738,286.27298,100529.96,51.25,6.0
2024-05-01 04:00:00,5.0983887,-4.5404053,286.24103,100492.766,51.25,6.0
2024-05-01 05:00:00,4.294922,-4.710724,286.21304,100443.7,51.25,6.0
2024-05-01 06:00:00,2.686493,-4.677994,287.5456,100403.41,51.25,6.0
2024-05-01 07:00:00,0.62542725,-3.0743866,289.16315,100342.44,51.25,6.0
2024-05-01 08:00:00,0.27082825,-1.9846649,290.88763,100306.7,51.25,6.0
2024-05-01 09:00:00,0.42037964,-1.7012024,292.54944,100235.73,51.25,6.0
2024-05-01 10:00:00,-0.5185547,-2.0413513,294.02753,100206.33,51.25,6.0
2024-05-01 11:00:00,-0.7581177,-2.2565308,295.46948,100114.43,51.25,6.0
2024-05-01 12:00:00,-1.041687,-2.8766174,296.78717,100025.484,51.25,6.0
2024-05-01 13:00:00,-1.6691589,-3.5630493,297.93958,99943.03,51.25,6.0
2024-05-01 14:00:00,-2.6096191,-3.9570618,298.62848,99847.195,51.25,6.0
2024-05-01 15:00:00,-4.148178,-3.8924408,299.12354,99778.97,51.25,6.0
2024-05-01 16:00:00,-5.39859,-3.6789703,298.268,99715.32,51.25,6.0
2024-05-01 17:00:00,-5.882736,-3.4733582,297.18292,99680.39,51.25,6.0
2024-05-01 18:00:00,-6.2949066,-3.5008392,295.74524,99638.836,51.25,6.0
2024-05-01 19:00:00,-7.1868286,-3.3658447,294.4707,99640.36,51.25,6.0
2024-05-01 20:00:00,-7.508499,-2.1652527,293.2329,99635.97,51.25,6.0
2024-05-01 21:00:00,-7.2539215,-1.4110413,292.24768,99613.37,51.25,6.0
2024-05-01 22:00:00,-7.3606415,-1.0395203,291.53146,99570.44,51.25,6.0
2024-05-01 23:00:00,-6.946869,-0.08956909,290.6248,99526.875,51.25,6.0
2024-05-02 00:00:00,-6.3842163,0.61694336,289.68124,99483.43,51.25,6.0
2024-05-02 01:00:00,-5.4769287,0.6148987,288.92258,99444.16,51.25,6.0
2024-05-02 02:00:00,-5.159485,0.04219055,287.85126,99419.28,51.25,6.0
2024-05-02 03:00:00,-5.2949066,-0.0070495605,287.27557,99393.625,51.25,6.0
2024-05-02 04:00:00,-4.867935,0.31947327,287.24768,99356.44,51.25,6.0
2024-05-02 05:00:00,-3.875702,0.9888916,287.0074,99380.61,51.25,6.0
2024-05-02 06:00:00,-3.8923798,0.8787079,288.80112,99380.125,51.25,6.0
2024-05-02 07:00:00,-2.4886627,0.69078064,291.08185,99350.42,51.25,6.0
2024-05-02 08:00:00,-0.58174133,0.9358673,292.9052,99335.99,51.25,6.0
2024-05-02 09:00:00,0.2477417,0.7050476,294.56482,99344.56,51.25,6.0
2024-05-02 10:00:00,0.6659546,0.2628479,295.36737,99327.22,51.25,6.0
2024-05-02 11:00:00,1.3093109,0.06401062,296.23022,99322.64,51.25,6.0
2024-05-02 12:00:00,2.699417,0.6713104,296.5661,99346.66,51.25,6.0
2024-05-02 13:00:00,5.0951385,0.09207153,296.38165,99369.41,51.25,6.0
2024-05-02 14:00:00,5.0462646,-1.9432983,295.85724,99386.81,51.25,6.0
2024-05-02 15:00:00,4.305786,-1.1624451,293.4688,99406.08,51.25,6.0
2024-05-02 16:00:00,3.820938,-0.8126373,290.54657,99460.2,51.25,6.0
2024-05-02 17:00:00,5.4112854,-1.4297638,289.12286,99535.234,51.25,6.0
2024-05-02 18:00:00,6.4648743,-2.1621704,288.203,99569.0,51.25,6.0
2024-05-02 19:00:00,7.3544464,-2.247635,287.64978,99658.22,51.25,6.0
2024-05-02 20:00:00,7.417145,-1.3895569,287.47284,99727.06,51.25,6.0
2024-05-02 21:00:00,7.687378,-0.75808716,287.12787,99759.22,51.25,6.0
2024-05-02 22:00:00,4.8124237,0.3487091,286.52222,99846.78,51.25,6.0
2024-05-02 23:00:00,5.8961487,2.6707764,286.23486,99850.09,51.25,6.0
2024-05-03 00:00:00,6.498123,3.5930176,285.88486,99866.94,51.25,6.0
2024-05-03 01:00:00,6.777725,3.4658203,285.5094,99885.17,51.25,6.0
2024-05-03 02:00:00,6.4717407,3.3748322,285.08493,99941.73,51.25,6.0
2024-05-03 03:00:00,7.1470795,4.568985,284.75827,99992.945,51.25,6.0
2024-05-03 04:00:00,7.550476,5.3737946,284.5441,100029.17,51.25,6.0
2024-05-03 05:00:00,8.013092,5.9060974,284.30273,100102.016,51.25,6.0
2024-05-03 06:00:00,8.252701,6.012207,284.01617,100185.73,51.25,6.0
2024-05-03 07:00:00,7.9190826,5.4486237,283.65356,100236.8,51.25,6.0
2024-05-03 08:00:00,7.5588226,5.958023,283.56165,100318.13,51.25,6.0
2024-05-03 09:00:00,7.9778137,6.385559,283.6767,100404.58,51.25,6.0
2024-05-03 10:00:00,5.8645935,5.1114807,283.59747,100514.44,51.25,6.0
2024-05-03 11:00:00,7.193161,5.378067,284.46204,100572.06,51.25,6.0
2024-05-03 12:00:00,8.796936,5.028076,285.1341,100634.05,51.25,6.0
2024-05-03 13:00:00,8.948944,4.2557373,285.9306,100684.29,51.25,6.0
2024-05-03 14:00:00,6.453491,2.9038086,286.75092,100740.11,51.25,6.0
2024-05-03 15:00:00,5.295334,2.5977936,287.34558,100782.516,51.25,6.0
2024-05-03 16:00:00,6.258377,2.7637482,287.8114,100798.96,51.25,6.0
2024-05-03 17:00:00,5.4780426,2.4680023,287.83524,100816.586,51.25,6.0
2024-05-03 18:00:00,3.747696,2.4776306,287.26526,100833.8,51.25,6.0
2024-05-03 19:00:00,2.1889648,2.8776855,285.58612,100863.94,51.25,6.0
2024-05-03 20:00:00,1.4051056,3.997528,284.3186,100926.695,51.25,6.0
2024-05-03 21:00:00,1.5434723,5.026642,283.71112,100942.234,51.25,6.0
2024-05-03 22:00:00,2.4139252,5.7302094,282.90118,100957.266,51.25,6.0
2024-05-03 23:00:00,2.8690796,5.6187286,282.33813,100972.484,51.25,6.0
2024-05-04 00:00:00,2.9843597,5.5570374,282.0426,101014.61,51.25,6.0
2024-05-04 01:00:00,2.8586426,5.0843964,281.57898,100990.06,51.25,6.0
2024-05-04 02:00:00,2.7204437,4.973633,281.21698,100997.625,51.25,6.0
2024-05-04 03:00:00,2.2997742,4.5800934,280.74713,100998.22,51.25,6.0
2024-05-04 04:00:00,1.1980133,4.3220673,280.24707,100980.484,51.25,6.0
2024-05-04 05:00:00,0.35232544,4.6396484,281.04224,101006.71,51.25,6.0
2024-05-04 06:00:00,-0.22612,4.29097,282.78918,101018.47,51.25,6.0
2024-05-04 07:00:00,-0.84007263,2.7499237,284.58484,101048.45,51.25,6.0
2024-05-04 08:00:00,-1.4877472,2.5043488,286.16925,101043.164,51.25,6.0
2024-05-04 09:00:00,-1.8521118,3.3756714,287.54416,101009.29,51.25,6.0
2024-05-04 10:00:00,-1.9351349,2.7628326,288.09534,101003.72,51.25,6.0
2024-05-04 11:00:00,-2.6440277,3.0406952,288.88834,100954.72,51.25,6.0
2024-05-04 12:00:00,-3.3326263,3.0425415,289.6591,100894.96,51.25,6.0
2024-05-04 13:00:00,-3.6399536,2.8740997,289.2307,100802.19,51.25,6.0
2024-05-04 14:00:00,-4.1089783,2.7186737,289.25153,100724.11,51.25,6.0
2024-05-04 15:00:00,-4.2604523,3.5202332,288.82715,100678.95,51.25,6.0
2024-05-04 16:00:00,-3.6084137,3.2483368,287.27026,100612.84,51.25,6.0
2024-05-04 17:00:00,-2.4240112,2.649109,286.25827,100594.61,51.25,6.0
2024-05-04 18:00:00,-3.2120972,2.139618,284.73096,100561.56,51.25,6.0
2024-05-04 19:00:00,-4.0986633,0.8948364,283.97018,100503.91,51.25,6.0
2024-05-04 20:00:00,-4.265259,0.85331726,283.91028,100470.17,51.25,6.0
2024-05-04 21:00:00,-3.0985565,1.8267365,283.88315,100408.45,51.25,6.0
2024-05-04 22:00:00,-1.0493469,-0.44430542,284.018,100357.56,51.25,6.0
2024-05-04 23:00:00,1.5032806,0.5964508,283.7427,100365.83,51.25,6.0
2024-05-05 00:00:00,3.442505,0.069625854,283.28024,100325.57,51.25,6.0
2024-05-05 01:00:00,3.9754791,0.61354065,283.02396,100308.45,51.25,6.0
2024-05-05 02:00:00,5.1327667,2.0317078,282.48724,100330.72,51.25,6.0
2024-05-05 03:00:00,5.666733,2.167572,282.11578,100363.23,51.25,6.0
2024-05-05 04:00:00,5.49617,2.2241821,281.91907,100383.89,51.25,6.0
2024-05-05 05:00:00,5.2914276,2.4253693,282.01242,100440.64,51.25,6.0
2024-05-05 06:00:00,4.8051147,2.3963623,282.63434,100454.28,51.25,6.0
2024-05-05 07:00:00,3.9718323,1.7818298,283.7713,100485.61,51.25,6.0
2024-05-05 08:00:00,5.4839325,1.2845001,284.53998,100501.92,51.25,6.0
2024-05-05 09:00:00,5.6098785,1.6706085,285.71582,100495.02,51.25,6.0
2024-05-05 10:00:00,3.570816,1.639267,287.09686,100537.61,51.25,6.0
2024-05-05 11:00:00,3.3706207,2.1380157,287.8291,100533.35,51.25,6.0
2024-05-05 12:00:00,3.6151123,1.6758118,288.4652,100532.64,51.25,6.0
2024-05-05 13:00:00,3.7148285,1.3380127,289.33063,100493.26,51.25,6.0
2024-05-05 14:00:00,3.2117157,0.85658264,289.67944,100443.41,51.25,6.0
2024-05-05 15:00:00,2.776764,0.6923523,289.72522,100425.69,51.25,6.0
2024-05-05 16:00:00,2.387848,-0.17944336,289.67273,100405.88,51.25,6.0
2024-05-05 17:00:00,1.0300293,-1.2202148,289.33478,100383.25,51.25,6.0
2024-05-05 18:00:00,-0.8255005,-1.850357,288.46985,100356.97,51.25,6.0
2024-05-05 19:00:00,-2.2896118,-1.2967377,286.81097,100355.95,51.25,6.0
2024-05-05 20:00:00,-3.5664215,-0.07330322,285.90656,100376.7,51.25,6.0
2024-05-05 21:00:00,-4.339081,1.2769318,285.47827,100369.73,51.25,6.0
2024-05-05 22:00:00,-3.4712524,2.2422638,285.42804,100360.945,51.25,6.0
2024-05-05 23:00:00,-3.5834503,1.730957,285.0843,100320.2,51.25,6.0
2024-05-06 00:00:00,-4.0924683,0.843277,284.75787,100283.03,51.25,6.0
2024-05-06 01:00:00,-4.1211395,0.68122864,284.77988,100248.02,51.25,6.0
2024-05-06 02:00:00,-4.900772,0.18714905,284.95734,100201.27,51.25,6.0
2024-05-06 03:00:00,-4.840561,-0.16267395,284.90402,100179.23,51.25,6.0
2024-05-06 04:00:00,-4.693283,-0.17956543,284.9048,100191.89,51.25,6.0
2024-05-06 05:00:00,-4.9718475,-0.2508545,285.22943,100198.055,51.25,6.0
2024-05-06 06:00:00,-4.942917,-0.7159271,285.77472,100168.69,51.25,6.0
2024-05-06 07:00:00,-3.6910706,-0.8718262,286.41748,100172.27,51.25,6.0
2024-05-06 08:00:00,-3.2069244,-0.4388275,287.22748,100189.59,51.25,6.0
2024-05-06 09:00:00,-3.8177032,-0.62034607,288.35437,100193.48,51.25,6.0
2024-05-06 10:00:00,-3.7308502,-0.7755432,289.8316,100218.03,51.25,6.0
2024-05-06 11:00:00,-3.7490387,-0.95788574,289.92096,100232.69,51.25,6.0
2024-05-06 12:00:00,-3.038025,-0.10986328,289.95514,100234.22,51.25,6.0
2024-05-06 13:00:00,-2.2653656,0.16986084,289.6281,100250.766,51.25,6.0
2024-05-06 14:00:00,-1.500534,-0.44276428,289.12668,100247.734,51.25,6.0
2024-05-06 15:00:00,-0.98205566,-0.4311676,288.80496,100299.4,51.25,6.0
2024-05-06 16:00:00,-0.5547638,-1.8687592,288.751,100349.61,51.25,6.0
2024-05-06 17:00:00,-1.5363464,-1.6812897,288.36002,100409.23,51.25,6.0
2024-05-06 18:00:00,-1.2274475,-0.28085327,287.6774,100454.66,51.25,6.0
2024-05-06 19:00:00,-0.3358307,0.5627594,287.211,100533.16,51.25,6.0
2024-05-06 20:00:00,0.36408997,0.20149231,286.63284,100608.2,51.25,6.0
2024-05-06 21:00:00,0.2768097,-0.36994934,286.4395,100645.914,51.25,6.0
2024-05-06 22:00:00,-0.91104126,-1.4680786,286.31717,100707.88,51.25,6.0
2024-05-06 23:00:00,-2.613327,-1.9746094,286.15796,100726.67,51.25,6.0
2024-05-07 00:00:00,-2.734558,-1.4135895,285.98975,100775.3,51.25,6.0
2024-05-07 01:00:00,-2.1699219,-1.5637665,285.66638,100795.625,51.25,6.0
2024-05-07 02:00:00,-1.9714355,-2.6996002,286.09546,100851.72,51.25,6.0
2024-05-07 03:00:00,-2.61055,-3.4477997,286.10092,100879.14,51.25,6.0
2024-05-07 04:00:00,-3.0270996,-3.352066,285.9526,100932.0,51.25,6.0
2024-05-07 05:00:00,-2.830307,-3.395996,285.94708,100983.7,51.25,6.0
2024-05-07 06:00:00,-2.4303894,-3.5832672,286.12952,101050.18,51.25,6.0
2024-05-07 07:00:00,-1.4526367,-3.220047,286.61975,101130.64,51.25,6.0
2024-05-07 08:00:00,-0.9401245,-3.1672363,287.3611,101200.22,51.25,6.0
2024-05-07 09:00:00,-0.6796112,-3.4108582,288.22217,101253.375,51.25,6.0
2024-05-07 10:00:00,-0.4090271,-2.173294,289.6792,101312.42,51.25,6.0
2024-05-07 11:00:00,-0.28974915,-2.5272064,290.52835,101347.92,51.25,6.0
2024-05-07 12:00:00,-0.22615051,-2.7746124,291.29993,101345.44,51.25,6.0
2024-05-07 13:00:00,-0.18728638,-3.247589,291.40765,101388.35,51.25,6.0
2024-05-07 14:00:00,-0.34519958,-4.0308685,291.57916,101417.17,51.25,6.0
2024-05-07 15:00:00,-0.50891113,-4.5530243,291.5294,101439.83,51.25,6.0
2024-05-07 16:00:00,-0.3610382,-5.181946,291.32715,101481.516,51.25,6.0
2024-05-07 17:00:00,0.3050995,-5.7190094,290.87097,101538.66,51.25,6.0
2024-05-07 18:00:00,0.19464111,-6.456375,290.0723,101597.19,51.25,6.0
2024-05-07 19:00:00,-0.75756836,-6.374481,289.22534,101653.016,51.25,6.0
2024-05-07 20:00:00,-0.8377533,-6.1071777,287.9301,101742.49,51.25,6.0
2024-05-07 21:00:00,-0.058425903,-6.0863495,287.27698,101794.56,51.25,6.0
2024-05-07 22:00:00,0.7975311,-6.406494,286.32367,101831.41,51.25,6.0
2024-05-07 23:00:00,0.59368896,-6.080261,285.6567,101865.586,51.25,6.0
2024-05-08 00:00:00,1.1641998,-6.4020996,285.31305,101898.984,51.25,6.0
2024-05-08 01:00:00,1.1325378,-6.530075,284.70776,101902.08,51.25,6.0
2024-05-08 02:00:00,0.76927185,-6.1680603,284.25745,101929.125,51.25,6.0
2024-05-08 03:00:00,0.470932,-5.9170837,283.7948,101955.125,51.25,6.0
2024-05-08 04:00:00,0.8395386,-5.9088593,283.64886,102023.28,51.25,6.0
2024-05-08 05:00:00,0.92536926,-5.973831,283.4745,102066.125,51.25,6.0
2024-05-08 06:00:00,0.28330994,-4.8910675,283.73755,102110.945,51.25,6.0
2024-05-08 07:00:00,-0.29255676,-4.525421,284.51508,102143.81,51.25,6.0
2024-05-08 08:00:00,-0.3031006,-4.0370026,285.39948,102165.1,51.25,6.0
2024-05-08 09:00:00,0.09144592,-3.5079956,285.82666,102182.195,51.25,6.0
2024-05-08 10:00:00,1.6809692,-2.9047241,286.77646,102210.875,51.25,6.0
2024-05-08 11:00:00,1.6932526,-3.1628418,287.30475,102218.77,51.25,6.0
2024-05-08 12:00:00,1.5631714,-3.096634,287.87698,102202.08,51.25,6.0
2024-05-08 13:00:00,1.6541595,-2.6849976,288.60983,102193.625,51.25,6.0
2024-05-08 14:00:00,2.014618,-2.7974243,288.96704,102208.12,51.25,6.0
2024-05-08 15:00:00,2.1997375,-2.704193,289.08118,102214.3,51.25,6.0
2024-05-08 16:00:00,2.1651764,-2.662857,288.95676,102205.8,51.25,6.0
2024-05-08 17:00:00,2.053238,-2.7444305,288.83157,102202.94,51.25,6.0
2024-05-08 18:00:00,2.0830536,-2.6316986,288.33945,102202.39,51.25,6.0
2024-05-08 19:00:00,2.3208618,-2.9936523,287.01254,102255.03,51.25,6.0
2024-05-08 20:00:00,1.9512634,-3.4199371,284.91162,102298.37,51.25,6.0
2024-05-08 21:00:00,1.1524506,-3.819275,284.2991,102312.28,51.25,6.0
2024-05-08 22:00:00,1.6280518,-3.6406403,283.2217,102328.06,51.25,6.0
2024-05-08 23:00:00,0.72621155,-4.2070465,282.6173,102325.17,51.25,6.0
2024-05-09 00:00:00,-0.12953186,-4.290085,282.25375,102326.766,51.25,6.0
2024-05-09 01:00:00,-1.0325928,-3.9808502,281.61493,102308.875,51.25,6.0
2024-05-09 02:00:00,-2.0517578,-3.5520172,281.09644,102299.92,51.25,6.0
2024-05-09 03:00:00,-2.6110077,-2.9160156,280.59003,102266.72,51.25,6.0
2024-05-09 04:00:00,-2.2900543,-2.7059174,280.49518,102273.71,51.25,6.0
2024-05-09 05:00:00,-1.9998627,-2.6925812,281.0366,102286.12,51.25,6.0
2024-05-09 06:00:00,-1.0771637,-1.5006104,283.40454,102309.36,51.25,6.0
2024-05-09 07:00:00,-0.52619934,-1.0935669,285.73273,102322.32,51.25,6.0
2024-05-09 08:00:00,-0.3429718,-1.0997314,287.6925,102307.39,51.25,6.0
2024-05-09 09:00:00,-0.5770416,-1.4315491,289.49716,102286.46,51.25,6.0
2024-05-09 10:00:00,-0.41792297,-0.9710846,291.03082,102250.125,51.25,6.0
2024-05-09 11:00:00,-0.23240662,-1.0909729,291.97205,102202.35,51.25,6.0
2024-05-09 12:00:00,-0.11680603,-1.3138885,292.80325,102140.0,51.25,6.0
2024-05-09 13:00:00,-0.2817688,-1.0040741,293.06076,102111.35,51.25,6.0
2024-05-09 14:00:00,-0.33317566,-1.0831757,293.02835,102044.46,51.25,6.0
2024-05-09 15:00:00,-0.0435791,-1.4630737,293.05606,102019.32,51.25,6.0
2024-05-09 16:00:00,0.22520447,-2.3425903,292.59308,101973.74,51.25,6.0
2024-05-09 17:00:00,0.24511719,-3.4411926,291.96664,101943.69,51.25,6.0
2024-05-09 18:00:00,-0.03541565,-4.3920593,291.19153,101936.4,51.25,6.0
2024-05-09 19:00:00,-0.6958618,-5.065384,289.9087,101935.31,51.25,6.0
2024-05-09 20:00:00,-1.6485901,-5.401581,287.77164,101977.31,51.25,6.0
2024-05-09 21:00:00,-2.296402,-5.227997,286.6308,101991.99,51.25,6.0
2024-05-09 22:00:00,-3.2596893,-3.9857788,285.61987,101977.83,51.25,6.0
2024-05-09 23:00:00,-2.96109,-3.2401276,284.60837,101971.33,51.25,6.0
2024-05-10 00:00:00,-2.7937164,-2.80896,283.8136,101965.34,51.25,6.0
2024-05-10 01:00:00,-2.6062775,-2.2526245,282.90906,101938.77,51.25,6.0
2024-05-10 02:00:00,-2.5564423,-1.7962799,282.36588,101892.92,51.25,6.0
2024-05-10 03:00:00,-2.2167053,-1.7704926,281.9536,101865.59,51.25,6.0
2024-05-10 04:00:00,-1.8907928,-2.1962585,281.5876,101878.41,51.25,6.0
2024-05-10 05:00:00,-1.9694061,-2.598114,282.6546,101871.17,51.25,6.0
2024-05-10 06:00:00,-2.04924,-2.3165894,285.65796,101912.5,51.25,6.0
2024-05-10 07:00:00,-1.0637054,-1.5685272,288.2229,101932.984,51.25,6.0
2024-05-10 08:00:00,-0.9980469,-1.7069244,290.32532,101928.9,51.25,6.0
2024-05-10 09:00:00,-1.3997955,-2.0539246,291.80554,101943.0,51.25,6.0
2024-05-10 10:00:00,-1.5473938,-1.3308868,292.7978,101897.59,51.25,6.0
2024-05-10 11:00:00,-1.4555817,-1.0881348,293.7414,101874.19,51.25,6.0
2024-05-10 12:00:00,-1.3913574,-1.1351776,294.3767,101830.555,51.25,6.0
2024-05-10 13:00:00,-1.5577393,-1.1578827,294.57617,101802.55,51.25,6.0
2024-05-10 14:00:00,-1.8609924,-1.1925354,294.7593,101767.14,51.25,6.0
2024-05-10 15:00:00,-1.9463348,-1.4841309,294.7362,101738.38,51.25,6.0
2024-05-10 16:00:00,-2.0578308,-1.829773,294.49402,101705.09,51.25,6.0
2024-05-10 17:00:00,-2.1676483,-2.2984467,294.20776,101688.72,51.25,6.0
2024-05-10 18:00:00,-2.2805786,-3.3454895,293.04907,101682.59,51.25,6.0
2024-05-10 19:00:00,-2.7309875,-4.3874664,291.22388,101697.72,51.25,6.0
2024-05-10 20:00:00,-3.5830536,-4.8702393,289.61414,101724.56,51.25,6.0
2024-05-10 21:00:00,-4.4064026,-4.7241974,288.6458,101747.23,51.25,6.0
2024-05-10 22:00:00,-5.4029694,-3.783081,288.28806,101729.19,51.25,6.0
2024-05-10 23:00:00,-5.654785,-2.7157288,287.40137,101670.51,51.25,6.0
2024-05-11 00:00:00,-5.3821564,-2.3555603,286.66858,101743.67,51.25,6.0
2024-05-11 01:00:00,-5.225754,-2.336197,285.75763,101674.055,51.25,6.0
2024-05-11 02:00:00,-5.125168,-2.5191803,285.08026,101708.766,51.25,6.0
2024-05-11 03:00:00,-5.1210327,-2.7723846,284.67645,101676.445,51.25,6.0
2024-05-11 04:00:00,-5.0111084,-2.9853516,284.202,101713.58,51.25,6.0
2024-05-11 05:00:00,-5.026779,-2.8383484,284.6085,101748.19,51.25,6.0
2024-05-11 06:00:00,-4.652725,-2.2835083,286.35355,101711.24,51.25,6.0
2024-05-11 07:00:00,-3.6227875,-1.6963654,288.2741,101767.625,51.25,6.0
2024-05-11 08:00:00,-3.4333496,-1.671463,290.20618,101743.95,51.25,6.0
2024-05-11 09:00:00,-3.6365356,-1.5056,292.18256,101740.47,51.25,6.0
2024-05-11 10:00:00,-3.5640717,-1.6413269,293.85974,101692.13,51.25,6.0
2024-05-11 11:00:00,-4.0082855,-1.4179993,295.19952,101641.664,51.25,6.0
2024-05-11 12:00:00,-4.1747284,-1.0439453,296.1258,101607.4,51.25,6.0
2024-05-11 13:00:00,-4.2850037,-0.7128296,296.54675,101584.74,51.25,6.0
2024-05-11 14:00:00,-4.49382,-0.2742157,297.01654,101525.31,51.25,6.0
2024-05-11 15:00:00,-4.537735,-0.3956604,296.88553,101474.27,51.25,6.0
2024-05-11 16:00:00,-4.584564,-0.90908813,296.84387,101447.52,51.25,6.0
2024-05-11 17:00:00,-4.3993835,-2.5025635,296.2055,101419.5,51.25,6.0
2024-05-11 18:00:00,-5.113678,-3.9077759,294.90192,101402.625,51.25,6.0
2024-05-11 19:00:00,-6.1830597,-4.3457184,293.4694,101414.27,51.25,6.0
2024-05-11 20:00:00,-7.2800446,-3.8322906,292.45105,101458.32,51.25,6.0
2024-05-11 21:00:00,-7.799179,-2.869934,291.596,101447.97,51.25,6.0
2024-05-11 22:00:00,-8.264328,-2.2446442,290.50122,101438.125,51.25,6.0
2024-05-11 23:00:00,-7.9058228,-0.97628784,289.68036,101417.03,51.25,6.0
2024-05-12 00:00:00,-7.313492,0.42510986,288.89465,101391.09,51.25,6.0
2024-05-12 01:00:00,-6.944092,1.2464905,287.9922,101376.33,51.25,6.0
2024-05-12 02:00:00,-6.5781097,1.92482,287.29758,101357.08,51.25,6.0
2024-05-12 03:00:00,-6.0847473,2.7405243,286.58423,101338.42,51.25,6.0
2024-05-12 04:00:00,-6.162018,2.5723114,286.089,101296.89,51.25,6.0
2024-05-12 05:00:00,-6.3882904,2.152176,286.9091,101264.56,51.25,6.0
2024-05-12 06:00:00,-5.916321,2.171646,288.85638,101249.56,51.25,6.0
2024-05-12 07:00:00,-4.8284454,1.6065063,290.8166,101224.09,51.25,6.0
2024-05-12 08:00:00,-4.9180145,1.3946686,292.61188,101202.72,51.25,6.0
2024-05-12 09:00:00,-5.216263,1.1916046,294.3585,101179.06,51.25,6.0
2024-05-12 10:00:00,-5.5129395,0.24394226,295.88745,101114.94,51.25,6.0
2024-05-12 11:00:00,-6.0653076,0.5034332,297.17694,101041.875,51.25,6.0
2024-05-12 12:00:00,-5.9650116,2.217331,298.11185,100985.695,51.25,6.0
2024-05-12 13:00:00,-5.5951843,3.5360565,298.33313,100942.2,51.25,6.0
2024-05-12 14:00:00,-4.9259644,4.194336,298.6399,100889.86,51.25,6.0
2024-05-12 15:00:00,-4.8151245,3.9774933,298.41656,100813.266,51.25,6.0
2024-05-12 16:00:00,-5.16774,3.4987946,298.23492,100767.875,51.25,6.0
2024-05-12 17:00:00,-5.64711,3.0398102,297.73758,100723.11,51.25,6.0
2024-05-12 18:00:00,-5.720871,3.3298798,296.49973,100733.234,51.25,6.0
2024-05-12 19:00:00,-5.707657,4.032425,294.93787,100750.09,51.25,6.0
2024-05-12 20:00:00,-5.6084747,4.6022034,293.5299,100767.03,51.25,6.0
2024-05-12 21:00:00,-5.5562744,4.923767,292.54437,100741.47,51.25,6.0
2024-05-12 22:00:00,-1.5338593,5.6187897,291.69055,100742.555,51.25,6.0
2024-05-12 23:00:00,-0.5975189,6.011841,290.872,100728.8,51.25,6.0
2024-05-13 00:00:00,0.42288208,5.7173615,290.3041,100712.234,51.25,6.0
2024-05-13 01:00:00,0.73361206,4.962326,289.47244,100665.836,51.25,6.0
2024-05-13 02:00:00,0.9148712,4.979309,288.8003,100671.41,51.25,6.0
2024-05-13 03:00:00,1.0704498,4.347122,288.24408,100688.81,51.25,6.0
2024-05-13 04:00:00,1.0701904,3.9704437,287.90363,100694.91,51.25,6.0
2024-05-13 05:00:00,1.8188171,4.4559937,288.6482,100714.44,51.25,6.0
2024-05-13 06:00:00,2.4718475,3.5965729,290.4203,100719.75,51.25,6.0
2024-05-13 07:00:00,1.5973358,2.3631744,291.91544,100703.9,51.25,6.0
2024-05-13 08:00:00,1.2890472,2.725418,292.99683,100719.07,51.25,6.0
2024-05-13 09:00:00,0.8370056,3.3097687,293.89282,100698.22,51.25,6.0
2024-05-13 10:00:00,-0.10296631,2.2715454,295.29218,100673.03,51.25,6.0
2024-05-13 11:00:00,-1.2005463,2.8948822,295.7039,100632.92,51.25,6.0
2024-05-13 12:00:00,-1.1621857,3.2107544,296.18298,100580.88,51.25,6.0
2024-05-13 13:00:00,-0.976532,3.4821014,296.55026,100509.95,51.25,6.0
2024-05-13 14:00:00,-0.6936188,4.03598,297.08514,100522.09,51.25,6.0
2024-05-13 15:00:00,-0.58395386,3.8381653,295.99768,100425.96,51.25,6.0
2024-05-13 16:00:00,-0.21083069,3.8364868,296.56915,100462.81,51.25,6.0
2024-05-13 17:00:00,-1.2962036,2.9099274,296.61752,100410.42,51.25,6.0
2024-05-13 18:00:00,-2.7128143,2.2330933,295.33124,100342.484,51.25,6.0
2024-05-13 19:00:00,-4.3673096,2.9006195,293.76413,100373.234,51.25,6.0
2024-05-13 20:00:00,-5.089554,3.5444946,292.28082,100359.766,51.25,6.0
2024-05-13 21:00:00,-5.339691,4.316147,291.27264,100356.78,51.25,6.0
2024-05-13 22:00:00,-4.5927887,4.377243,290.53296,100331.99,51.25,6.0
2024-05-13 23:00:00,-4.2383423,4.7943573,289.89557,100270.766,51.25,6.0
2024-05-14 00:00:00,-3.7476196,5.2079926,289.29123,100232.82,51.25,6.0
2024-05-14 01:00:00,-4.3498535,5.0073395,288.71564,100183.65,51.25,6.0
2024-05-14 02:00:00,-5.377426,4.681305,288.4267,100129.33,51.25,6.0
2024-05-14 03:00:00,-5.8045044,4.7278137,288.3679,100098.72,51.25,6.0
2024-05-14 04:00:00,-6.0386505,5.1909637,288.2002,100100.31,51.25,6.0
2024-05-14 05:00:00,-5.8414154,5.7317047,289.35742,100085.25,51.25,6.0
2024-05-14 06:00:00,-5.813614,5.7939453,291.09448,100089.78,51.25,6.0
2024-05-14 07:00:00,-5.650131,4.621109,292.9488,100064.0,51.25,6.0
2024-05-14 08:00:00,-5.8152313,4.501297,294.8018,100048.445,51.25,6.0
2024-05-14 09:00:00,-5.4846954,4.829132,296.31213,100009.63,51.25,6.0
2024-05-14 10:00:00,-4.9440765,4.195404,297.94623,99984.55,51.25,6.0
2024-05-14 11:00:00,-4.734421,5.3708344,298.7848,99947.22,51.25,6.0
2024-05-14 12:00:00,-4.7477875,5.79335,299.35938,99934.08,51.25,6.0
2024-05-14 13:00:00,-4.67807,6.077057,299.3408,99926.805,51.25,6.0
2024-05-14 14:00:00,-4.5282288,5.915558,299.4676,99915.11,51.25,6.0
2024-05-14 15:00:00,-4.417099,5.72612,299.15045,99912.79,51.25,6.0
2024-05-14 16:00:00,-4.1884155,4.9802094,298.62292,99930.61,51.25,6.0
2024-05-14 17:00:00,-3.815857,4.425064,297.46832,99898.64,51.25,6.0
2024-05-14 18:00:00,-2.0909119,5.009323,295.37897,99957.914,51.25,6.0
2024-05-14 19:00:00,1.155014,4.3189087,293.64062,99975.78,51.25,6.0
2024-05-14 20:00:00,4.5771637,2.2617035,292.32248,100058.89,51.25,6.0
2024-05-14 21:00:00,6.2365417,-0.7071533,291.38974,100057.03,51.25,6.0
2024-05-14 22:00:00,4.9469757,-2.5913086,291.04602,100119.375,51.25,6.0
2024-05-14 23:00:00,4.0457916,-3.3473206,289.83502,100097.09,51.25,6.0
2024-05-15 00:00:00,3.167633,-2.9911346,288.61475,100094.59,51.25,6.0
2024-05-15 01:00:00,2.4126434,-3.1125488,287.5376,100052.41,51.25,6.0
2024-05-15 02:00:00,1.7002258,-3.3012238,287.1941,100022.95,51.25,6.0
2024-05-15 03:00:00,1.5746002,-2.5440521,287.37408,100035.37,51.25,6.0
2024-05-15 04:00:00,1.7874908,-1.7250977,286.87186,100032.18,51.25,6.0
2024-05-15 05:00:00,2.4274445,-1.4032745,287.76566,100022.234,51.25,6.0
2024-05-15 06:00:00,3.0089722,-0.6633148,289.04724,100030.09,51.25,6.0
2024-05-15 07:00:00,1.9999084,0.39608765,290.2321,100061.914,51.25,6.0
2024-05-15 08:00:00,1.3880768,0.73298645,291.27167,100092.94,51.25,6.0
2024-05-15 09:00:00,1.3023987,0.8353882,292.034,100092.44,51.25,6.0
2024-05-15 10:00:00,1.3105164,-0.29722595,291.41843,100125.72,51.25,6.0
2024-05-15 11:00:00,1.7540283,0.86782837,291.36493,100131.734,51.25,6.0
2024-05-15 12:00:00,2.197113,1.0490723,291.0484,100138.25,51.25,6.0
2024-05-15 13:00:00,2.1431122,1.1692352,290.23633,100165.41,51.25,6.0
2024-05-15 14:00:00,2.5825348,0.61738586,290.04926,100146.45,51.25,6.0
2024-05-15 15:00:00,2.6289062,-0.1309967,289.47992,100147.25,51.25,6.0
2024-05-15 16:00:00,1.8419037,-0.50808716,289.36603,100162.97,51.25,6.0
2024-05-15 17:00:00,1.9927063,-0.95780945,289.19153,100148.914,51.25,6.0
2024-05-15 18:00:00,1.0560303,-1.4522247,289.12787,100156.61,51.25,6.0
2024-05-15 19:00:00,0.13067627,-2.0842743,288.5706,100149.09,51.25,6.0
2024-05-15 20:00:00,-0.543396,-2.2077942,288.35657,100189.03,51.25,6.0
2024-05-15 21:00:00,-0.74468994,-2.390747,288.5539,100186.78,51.25,6.0
2024-05-15 22:00:00,-1.9846497,-1.3467865,287.89206,100157.42,51.25,6.0
2024-05-15 23:00:00,-2.3740234,-1.8392029,287.6712,100138.2,51.25,6.0
2024-05-16 00:00:00,-2.8749084,-2.37883,287.74454,100085.97,51.25,6.0
2024-05-16 01:00:00,-2.4976501,-1.9489746,287.76526,100034.04,51.25,6.0
2024-05-16 02:00:00,-2.4471893,-1.6407166,288.04517,99975.59,51.25,6.0
2024-05-16 03:00:00,-3.4216614,-0.8536682,288.05005,99915.03,51.25,6.0
2024-05-16 04:00:00,-3.7594757,-0.1934967,287.98254,99883.18,51.25,6.0
2024-05-16 05:00:00,-3.3130188,1.3204346,287.96097,99849.95,51.25,6.0
2024-05-16 06:00:00,-2.6407166,3.1241455,288.20685,99845.69,51.25,6.0
2024-05-16 07:00:00,-1.0619354,3.6344147,288.43533,99852.56,51.25,6.0
2024-05-16 08:00:00,0.4676056,3.856018,288.48486,99859.63,51.25,6.0
2024-05-16 09:00:00,1.1010284,4.8551636,289.22473,99862.84,51.25,6.0
2024-05-16 10:00:00,2.7454834,3.8094482,291.7611,99903.91,51.25,6.0
2024-05-16 11:00:00,2.0853424,4.3723297,292.5962,99952.42,51.25,6.0
2024-05-16 12:00:00,1.9528656,3.9694061,292.915,99958.266,51.25,6.0
2024-05-16 13:00:00,1.9886932,3.3071442,292.71863,99975.266,51.25,6.0
2024-05-16 14:00:00,1.5664673,2.507019,292.22406,99972.72,51.25,6.0
2024-05-16 15:00:00,1.5797577,1.7996674,290.59232,99960.78,51.25,6.0
2024-05-16 16:00:00,2.3288116,0.17918396,290.36374,99988.875,51.25,6.0
2024-05-16 17:00:00,2.1644897,0.7332611,290.58368,100015.47,51.25,6.0
2024-05-16 18:00:00,2.5572205,-0.28915405,289.6565,100096.9,51.25,6.0
2024-05-16 19:00:00,2.3264008,-1.7743073,288.99683,100097.47,51.25,6.0
2024-05-16 20:00:00,0.50697327,-1.8434906,287.55164,100144.766,51.25,6.0
2024-05-16 21:00:00,0.49700928,-0.5825958,287.20184,100173.43,51.25,6.0
2024-05-16 22:00:00,2.2073364,-1.8552399,286.87555,100185.03,51.25,6.0
2024-05-16 23:00:00,2.4105377,-3.2164612,286.78156,100151.98,51.25,6.0
2024-05-17 00:00:00,2.0234222,-3.4530487,286.56662,100177.2,51.25,6.0
2024-05-17 01:00:00,2.8319397,-4.306793,286.5446,100151.44,51.25,6.0
2024-05-17 02:00:00,2.9520264,-4.368286,286.3584,100137.39,51.25,6.0
2024-05-17 03:00:00,2.3647003,-3.8514862,286.28772,100148.67,51.25,6.0
2024-05-17 04:00:00,2.957306,-4.526413,286.17786,100171.06,51.25,6.0
2024-05-17 05:00:00,3.58284,-5.048279,286.52982,100157.58,51.25,6.0
2024-05-17 06:00:00,3.7109528,-5.230545,286.94116,100195.55,51.25,6.0
2024-05-17 07:00:00,3.384903,-4.5482025,287.5561,100211.15,51.25,6.0
2024-05-17 08:00:00,4.0780334,-4.75,288.34918,100190.47,51.25,6.0
2024-05-17 09:00:00,3.898819,-4.9555664,288.96594,100197.09,51.25,6.0
2024-05-17 10:00:00,3.1063232,-4.975052,290.04584,100176.96,51.25,6.0
2024-05-17 11:00:00,2.7013397,-4.8317413,290.62582,100202.54,51.25,6.0
2024-05-17 12:00:00,3.141159,-4.8253937,290.57538,100216.38,51.25,6.0
2024-05-17 13:00:00,2.6828308,-4.6584473,290.46393,100188.24,51.25,6.0
2024-05-17 14:00:00,1.7407837,-4.879196,289.94293,100189.03,51.25,6.0
2024-05-17 15:00:00,1.1470642,-4.7702026,289.88654,100195.09,51.25,6.0
2024-05-17 16:00:00,1.0684357,-4.393509,289.65366,100206.43,51.25,6.0
2024-05-17 17:00:00,0.68148804,-4.4344025,289.54193,100209.59,51.25,6.0
2024-05-17 18:00:00,0.06034851,-4.4629517,289.71838,100241.57,51.25,6.0
2024-05-17 19:00:00,-0.34100342,-4.512863,289.38324,100281.805,51.25,6.0
2024-05-17 20:00:00,-0.4756317,-4.568878,289.111,100302.43,51.25,6.0
2024-05-17 21:00:00,-0.10545349,-3.7344208,288.97534,100313.08,51.25,6.0
2024-05-17 22:00:00,0.43966675,-4.0965424,288.67126,100328.88,51.25,6.0
2024-05-17 23:00:00,0.86668396,-3.313858,288.35663,100335.14,51.25,6.0
2024-05-18 00:00:00,1.5230255,-2.3313293,287.9933,100369.35,51.25,6.0
2024-05-18 01:00:00,2.0526886,-1.8430328,287.4475,100367.35,51.25,6.0
2024-05-18 02:00:00,2.5155945,-1.3325348,287.44336,100384.625,51.25,6.0
2024-05-18 03:00:00,3.1313934,-0.96313477,286.95764,100413.47,51.25,6.0
2024-05-18 04:00:00,3.0206757,-1.5671844,286.64,100423.75,51.25,6.0
2024-05-18 05:00:00,2.1123505,-2.2430267,286.7243,100447.28,51.25,6.0
2024-05-18 06:00:00,1.5557709,-1.6665344,287.1883,100485.766,51.25,6.0
2024-05-18 07:00:00,1.5664368,-0.7157593,288.0246,100515.39,51.25,6.0
2024-05-18 08:00:00,1.3301544,-0.39857483,289.35883,100538.4,51.25,6.0
2024-05-18 09:00:00,0.6381073,-0.57688904,290.71344,100560.59,51.25,6.0
2024-05-18 10:00:00,0.20202637,-0.81851196,291.83258,100553.88,51.25,6.0
2024-05-18 11:00:00,0.4869995,-1.3974457,292.64276,100566.07,51.25,6.0
2024-05-18 12:00:00,0.8765869,-2.3775177,293.29932,100565.19,51.25,6.0
2024-05-18 13:00:00,0.6020508,-3.5363464,293.57968,100521.31,51.25,6.0
2024-05-18 14:00:00,-0.39370728,-4.476303,292.628,100502.24,51.25,6.0
2024-05-18 15:00:00,-2.0892944,-4.622177,292.63904,100438.86,51.25,6.0
2024-05-18 16:00:00,-1.9858398,-3.7819672,291.9322,100450.14,51.25,6.0
2024-05-18 17:00:00,-1.0624542,-3.6720276,291.17267,100444.64,51.25,6.0
2024-05-18 18:00:00,0.35206604,-3.715561,290.53973,100474.49,51.25,6.0
2024-05-18 19:00:00,1.0659485,-4.0068665,289.28455,100516.09,51.25,6.0
2024-05-18 20:00:00,1.3770752,-4.1454315,288.26257,100540.37,51.25,6.0
2024-05-18 21:00:00,1.3894196,-4.114441,287.60095,100536.84,51.25,6.0
2024-05-18 22:00:00,4.14711,-3.4392853,287.1595,100568.61,51.25,6.0
2024-05-18 23:00:00,4.0999146,-3.6914825,286.74554,100559.0,51.25,6.0
2024-05-19 00:00:00,3.3266754,-4.3779907,286.42203,100514.16,51.25,6.0
2024-05-19 01:00:00,2.938797,-4.214096,286.19666,100544.055,51.25,6.0
2024-05-19 02:00:00,3.567047,-2.8053894,286.2688,100527.27,51.25,6.0
2024-05-19 03:00:00,4.1865234,-1.5588989,286.4289,100506.95,51.25,6.0
2024-05-19 04:00:00,4.6148987,-0.8581848,286.47034,100535.83,51.25,6.0
2024-05-19 05:00:00,4.5664825,-0.9590912,286.39294,100581.02,51.25,6.0
2024-05-19 06:00:00,4.4472504,-0.6074219,286.46698,100618.266,51.25,6.0
2024-05-19 07:00:00,4.209778,-0.16900635,286.94455,100657.21,51.25,6.0
2024-05-19 08:00:00,4.0863647,-0.13389587,287.90012,100657.83,51.25,6.0
2024-05-19 09:00:00,3.6933289,-1.1426239,288.8534,100659.34,51.25,6.0
2024-05-19 10:00:00,3.510376,0.4067688,289.93286,100678.88,51.25,6.0
2024-05-19 11:00:00,3.834381,0.54304504,290.93756,100674.58,51.25,6.0
2024-05-19 12:00:00,4.2996826,0.43423462,291.82336,100637.06,51.25,6.0
2024-05-19 13:00:00,4.218109,-0.3167572,292.10843,100587.78,51.25,6.0
2024-05-19 14:00:00,3.3876038,-1.3815918,291.76605,100544.94,51.25,6.0
2024-05-19 15:00:00,2.7839203,-2.0157013,291.7044,100494.375,51.25,6.0
2024-05-19 16:00:00,3.4660797,-3.2338715,290.46722,100458.06,51.25,6.0
2024-05-19 17:00:00,1.1191254,-4.8878937,289.3986,100528.67,51.25,6.0
2024-05-19 18:00:00,0.42214966,-2.6431122,288.7091,100531.05,51.25,6.0
2024-05-19 19:00:00,0.9894104,-2.6017914,288.31992,100561.67,51.25,6.0
2024-05-19 20:00:00,1.0031891,-3.242157,287.43924,100592.66,51.25,6.0
2024-05-19 21:00:00,1.0856628,-3.8889008,287.03046,100609.13,51.25,6.0
2024-05-19 22:00:00,1.8847656,-3.074829,286.4881,100646.14,51.25,6.0
2024-05-19 23:00:00,0.7396698,-3.0700073,286.41174,100650.484,51.25,6.0
2024-05-20 00:00:00,1.2622528,-1.8440552,285.94992,100642.09,51.25,6.0
2024-05-20 01:00:00,1.694046,-1.9937439,285.8136,100621.29,51.25,6.0
2024-05-20 02:00:00,1.6825256,-2.5631866,285.34888,100614.5,51.25,6.0
2024-05-20 03:00:00,1.3227997,-3.4093323,285.22754,100626.72,51.25,6.0
2024-05-20 04:00:00,0.39985657,-3.8307495,285.1252,100614.94,51.25,6.0
2024-05-20 05:00:00,0.21817017,-2.6447906,285.3371,100634.17,51.25,6.0
2024-05-20 06:00:00,0.6818695,-1.6403351,286.45398,100631.91,51.25,6.0
2024-05-20 07:00:00,1.1716156,-1.4919281,287.57538,100618.27,51.25,6.0
2024-05-20 08:00:00,1.3563843,-1.3972626,288.46194,100649.484,51.25,6.0
2024-05-20 09:00:00,0.9706421,-1.3427277,289.7839,100663.55,51.25,6.0
2024-05-20 10:00:00,0.23937988,-2.0774536,290.14078,100674.734,51.25,6.0
2024-05-20 11:00:00,-0.4985199,-1.981842,291.06213,100661.125,51.25,6.0
2024-05-20 12:00:00,-1.2429352,-1.6062012,291.68356,100633.23,51.25,6.0
2024-05-20 13:00:00,-1.8794556,-0.3939209,291.9605,100572.9,51.25,6.0
2024-05-20 14:00:00,-1.9375153,0.384964,292.77155,100507.016,51.25,6.0
2024-05-20 15:00:00,-1.2813416,0.12193298,293.2923,100483.72,51.25,6.0
2024-05-20 16:00:00,-0.7873993,-0.7959137,293.24237,100445.25,51.25,6.0
2024-05-20 17:00:00,-1.9720612,-1.3818512,293.42004,100409.49,51.25,6.0
2024-05-20 18:00:00,-3.4932709,0.059310913,292.66455,100440.05,51.25,6.0
2024-05-20 19:00:00,-3.511963,0.27978516,291.20572,100469.59,51.25,6.0
2024-05-20 20:00:00,-3.7958374,-0.33235168,289.10706,100474.08,51.25,6.0
2024-05-20 21:00:00,-4.2182465,-0.38345337,288.04047,100493.29,51.25,6.0
2024-05-20 22:00:00,-3.180069,-0.9921112,286.92242,100465.07,51.25,6.0
2024-05-20 23:00:00,-3.3683777,-1.314331,286.31897,100469.53,51.25,6.0
2024-05-21 00:00:00,-3.8806458,-2.083191,285.7396,100421.05,51.25,6.0
2024-05-21 01:00:00,-4.3760376,-2.0024567,285.5454,100381.24,51.25,6.0
2024-05-21 02:00:00,-5.177292,-1.9815674,285.62238,100358.02,51.25,6.0
2024-05-21 03:00:00,-5.0564575,-0.8521576,285.31018,100318.42,51.25,6.0
2024-05-21 04:00:00,-4.333908,-0.2071228,285.08597,100279.17,51.25,6.0
2024-05-21 05:00:00,-4.0396423,-0.41607666,286.41592,100307.234,51.25,6.0
2024-05-21 06:00:00,-3.4584808,-1.3240356,288.22534,100304.625,51.25,6.0
2024-05-21 07:00:00,-2.5994263,-1.712616,290.09326,100277.47,51.25,6.0
2024-05-21 08:00:00,-2.5018616,-1.5603333,291.96783,100260.43,51.25,6.0
2024-05-21 09:00:00,-2.2430267,-1.1954956,293.11078,100261.66,51.25,6.0
2024-05-21 10:00:00,-0.44059753,0.14691162,294.53973,100234.05,51.25,6.0
2024-05-21 11:00:00,1.2037354,0.53512573,294.88806,100216.5,51.25,6.0
2024-05-21 12:00:00,2.1541748,0.31729126,295.0315,100182.86,51.25,6.0
2024-05-21 13:00:00,2.1700592,0.09362793,293.9594,100155.58,51.25,6.0
2024-05-21 14:00:00,3.0032196,0.6117859,291.83002,100144.33,51.25,6.0
2024-05-21 15:00:00,5.060547,1.7477112,290.008,100144.06,51.25,6.0
2024-05-21 16:00:00,6.238144,1.5675354,289.0421,100107.56,51.25,6.0
2024-05-21 17:00:00,5.5729065,0.46975708,288.37592,100114.0,51.25,6.0
2024-05-21 18:00:00,5.3772736,-0.20498657,288.0938,100130.625,51.25,6.0
2024-05-21 19:00:00,5.8059235,-0.45788574,287.95197,100094.14,51.25,6.0
2024-05-21 20:00:00,6.0948334,-0.124557495,287.85004,100070.08,51.25,6.0
2024-05-21 21:00:00,6.52182,1.2772827,287.72272,100055.98,51.25,6.0
2024-05-21 22:00:00,5.446686,0.9915924,287.98843,100050.766,51.25,6.0
2024-05-21 23:00:00,5.0540314,1.4138031,287.80292,99993.86,51.25,6.0
2024-05-22 00:00:00,4.9953766,2.8097534,287.64737,100080.15,51.25,6.0
2024-05-22 01:00:00,5.4801483,2.4252625,287.37,99973.86,51.25,6.0
2024-05-22 02:00:00,5.035858,3.231186,287.41174,100032.17,51.25,6.0
2024-05-22 03:00:00,5.150955,3.7749329,287.36188,99981.53,51.25,6.0
2024-05-22 04:00:00,5.5365143,4.415283,287.1628,100054.96,51.25,6.0
2024-05-22 05:00:00,6.1960144,5.132889,287.07812,100099.75,51.25,6.0
2024-05-22 06:00:00,7.063492,5.3948975,287.2638,100161.4,51.25,6.0
2024-05-22 07:00:00,6.3423767,4.9597626,287.6263,100253.89,51.25,6.0
2024-05-22 08:00:00,5.7090454,4.991684,288.5572,100297.25,51.25,6.0
2024-05-22 09:00:00,5.555969,5.247589,288.58832,100319.68,51.25,6.0
2024-05-22 10:00:00,5.945862,4.886963,288.85205,100405.45,51.25,6.0
2024-05-22 11:00:00,6.5344543,4.7185516,288.9358,100440.08,51.25,6.0
2024-05-22 12:00:00,6.1727448,4.136032,289.8547,100491.61,51.25,6.0
2024-05-22 13:00:00,5.8268127,3.7758942,290.8546,100517.734,51.25,6.0
2024-05-22 14:00:00,5.2858124,3.8474426,291.6003,100510.31,51.25,6.0
2024-05-22 15:00:00,4.585266,4.0397186,291.9571,100503.164,51.25,6.0
2024-05-22 16:00:00,4.7394714,4.1803894,292.26227,100501.836,51.25,6.0
2024-05-22 17:00:00,5.1739197,4.0109253,291.89948,100506.92,51.25,6.0
2024-05-22 18:00:00,5.357239,3.3682709,291.07172,100566.5,51.25,6.0
2024-05-22 19:00:00,5.033722,3.2206879,289.95624,100606.664,51.25,6.0
2024-05-22 20:00:00,4.3626556,3.5305176,288.78925,100694.625,51.25,6.0
2024-05-22 21:00:00,4.0788116,4.272171,287.88876,100754.0,51.25,6.0
2024-05-22 22:00:00,4.6331635,4.8922424,286.98294,100775.95,51.25,6.0
2024-05-22 23:00:00,4.8924866,5.0793915,286.4048,100808.664,51.25,6.0
2024-05-23 00:00:00,5.007263,5.208145,286.065,100806.8,51.25,6.0
2024-05-23 01:00:00,5.476822,5.423462,285.64215,100817.03,51.25,6.0
2024-05-23 02:00:00,5.247452,5.3282013,285.2918,100826.45,51.25,6.0
2024-05-23 03:00:00,5.0805054,5.36232,285.1073,100834.44,51.25,6.0
2024-05-23 04:00:00,4.872864,5.2520447,284.94714,100861.67,51.25,6.0
2024-05-23 05:00:00,4.459839,4.6095886,285.7382,100894.305,51.25,6.0
2024-05-23 06:00:00,3.8435974,3.6774597,287.08447,100950.984,51.25,6.0
2024-05-23 07:00:00,5.9447937,3.3216858,288.361,100978.7,51.25,6.0
2024-05-23 08:00:00,5.7623444,3.0986023,289.20886,100991.76,51.25,6.0
2024-05-23 09:00:00,5.5980835,3.3520355,290.12885,101010.56,51.25,6.0
2024-05-23 10:00:00,4.6326904,2.5375214,290.48895,101037.54,51.25,6.0
2024-05-23 11:00:00,4.4473267,2.1402435,291.56256,101033.17,51.25,6.0
2024-05-23 12:00:00,4.3318787,1.9828949,292.27637,101015.625,51.25,6.0
2024-05-23 13:00:00,4.0331726,1.6948547,292.745,100984.17,51.25,6.0
2024-05-23 14:00:00,3.85437,1.6891327,293.32697,100996.69,51.25,6.0
2024-05-23 15:00:00,3.5938568,1.5815735,293.46405,101003.41,51.25,6.0
2024-05-23 16:00:00,3.292221,0.9797516,293.53052,101006.8,51.25,6.0
2024-05-23 17:00:00,2.683014,0.6525879,293.18408,100994.72,51.25,6.0
2024-05-23 18:00:00,2.4188385,0.67710876,292.34308,101043.586,51.25,6.0
2024-05-23 19:00:00,3.037506,-0.55404663,290.61224,101110.03,51.25,6.0
2024-05-23 20:00:00,1.8420258,-1.2778473,288.8654,101172.44,51.25,6.0
2024-05-23 21:00:00,0.6670685,-1.3315582,288.04535,101214.03,51.25,6.0
2024-05-23 22:00:00,-1.4846344,-2.8510895,286.42395,101222.734,51.25,6.0
2024-05-23 23:00:00,-2.2436218,-2.4705963,285.93356,101222.0,51.25,6.0
2024-05-24 00:00:00,-2.4659119,-1.963913,285.96112,101227.56,51.25,6.0
2024-05-24 01:00:00,-2.6794434,-1.3003998,285.81015,101226.03,51.25,6.0
2024-05-24 02:00:00,-3.0016632,-0.42274475,285.35278,101218.4,51.25,6.0
2024-05-24 03:00:00,-2.992096,0.5675659,285.5583,101219.85,51.25,6.0
2024-05-24 04:00:00,-2.5433044,1.2417145,285.56613,101224.2,51.25,6.0
2024-05-24 05:00:00,-1.7914581,1.5866699,286.4452,101249.66,51.25,6.0
2024-05-24 06:00:00,-1.1144714,1.343689,287.18207,101292.5,51.25,6.0
2024-05-24 07:00:00,-0.3969574,0.6021118,287.54773,101338.75,51.25,6.0
2024-05-24 08:00:00,-0.76441956,0.117492676,287.86298,101369.695,51.25,6.0
2024-05-24 09:00:00,-0.5704346,-0.9714203,287.5943,101392.586,51.25,6.0
2024-05-24 10:00:00,0.42025757,-3.1853027,286.8379,101390.766,51.25,6.0
2024-05-24 11:00:00,0.34605408,-2.8099518,286.88812,101368.69,51.25,6.0
2024-05-24 12:00:00,-0.1600647,-3.1215973,287.23322,101331.33,51.25,6.0
2024-05-24 13:00:00,0.4464264,-2.5634308,287.635,101294.12,51.25,6.0
2024-05-24 14:00:00,1.257019,-2.4966888,288.42523,101283.766,51.25,6.0
2024-05-24 15:00:00,2.7875671,-3.4493256,288.58167,101224.75,51.25,6.0
2024-05-24 16:00:00,2.3219452,-3.3828735,288.4076,101236.93,51.25,6.0
2024-05-24 17:00:00,2.2819824,-3.6161652,288.2867,101213.88,51.25,6.0
2024-05-24 18:00:00,1.3712463,-4.0316467,287.536,101186.44,51.25,6.0
2024-05-24 19:00:00,1.5213013,-2.988205,287.286,101167.64,51.25,6.0
2024-05-24 20:00:00,1.677063,-1.5592346,287.24548,101159.14,51.25,6.0
2024-05-24 21:00:00,2.348114,-0.7497864,287.1253,101186.55,51.25,6.0
2024-05-24 22:00:00,1.8968506,-2.0117645,287.07788,101167.914,51.25,6.0
2024-05-24 23:00:00,-0.70092773,-2.1710358,286.85718,101140.05,51.25,6.0
2024-05-25 00:00:00,-1.3420258,-0.9981384,286.70502,101119.03,51.25,6.0
2024-05-25 01:00:00,-0.86613464,0.48857117,286.53625,101089.33,51.25,6.0
2024-05-25 02:00:00,0.35559082,1.5279694,286.14734,101057.37,51.25,6.0
2024-05-25 03:00:00,1.8712006,2.6829834,285.8177,101049.734,51.25,6.0
2024-05-25 04:00:00,3.133255,3.4108582,285.68658,101041.61,51.25,6.0
2024-05-25 05:00:00,3.8325195,3.650116,285.8779,101033.92,51.25,6.0
2024-05-25 06:00:00,3.7607727,3.6331635,286.1845,101051.86,51.25,6.0
2024-05-25 07:00:00,3.8031006,3.824936,286.64282,101095.0,51.25,6.0
2024-05-25 08:00:00,4.1055603,4.3350677,286.7138,101116.86,51.25,6.0
2024-05-25 09:00:00,4.8704834,4.2266235,286.90836,101160.55,51.25,6.0
2024-05-25 10:00:00,5.035675,3.4512482,287.1239,101187.86,51.25,6.0
2024-05-25 11:00:00,3.8526611,2.9053497,288.11523,101201.234,51.25,6.0
2024-05-25 12:00:00,4.058075,2.5176086,288.66425,101209.8,51.25,6.0
2024-05-25 13:00:00,4.121567,1.6392059,289.83862,101216.625,51.25,6.0
2024-05-25 14:00:00,3.821289,0.88668823,290.7215,101203.67,51.25,6.0
2024-05-25 15:00:00,3.8057404,0.7774353,291.39844,101165.875,51.25,6.0
2024-05-25 16:00:00,3.5016174,0.10258484,291.85242,101184.5,51.25,6.0
2024-05-25 17:00:00,2.7787933,-0.36761475,291.82715,101186.47,51.25,6.0
2024-05-25 18:00:00,1.9363556,-0.28393555,291.0583,101177.234,51.25,6.0
2024-05-25 19:00:00,0.61083984,-0.058883667,289.66925,101208.74,51.25,6.0
2024-05-25 20:00:00,-0.52783203,0.23233032,288.4832,101218.04,51.25,6.0
2024-05-25 21:00:00,-1.7432861,0.9767914,285.80304,101260.555,51.25,6.0
2024-05-25 22:00:00,-3.4919739,2.049408,285.08783,101254.125,51.25,6.0
2024-05-25 23:00:00,-4.2725983,3.1582642,285.196,101267.56,51.25,6.0
2024-05-26 00:00:00,-4.3644257,3.5256653,285.07675,101214.516,51.25,6.0
2024-05-26 01:00:00,-3.851654,4.364395,284.82526,101210.25,51.25,6.0
2024-05-26 02:00:00,-4.0674286,4.4455566,284.76227,101176.31,51.25,6.0
2024-05-26 03:00:00,-4.116333,4.014801,284.6568,101126.09,51.25,6.0
2024-05-26 04:00:00,-4.2865906,3.9349518,284.579,101100.66,51.25,6.0
2024-05-26 05:00:00,-4.2861023,3.9918518,285.64948,101105.99,51.25,6.0
2024-05-26 06:00:00,-4.17157,3.8074799,287.89337,101099.67,51.25,6.0
2024-05-26 07:00:00,-3.4715881,3.5124664,289.90167,101077.92,51.25,6.0
2024-05-26 08:00:00,-3.289688,3.9661865,291.61133,101042.375,51.25,6.0
2024-05-26 09:00:00,-2.734375,4.7177887,292.8005,101008.72,51.25,6.0
2024-05-26 10:00:00,-2.1450043,3.8231354,294.04266,100998.234,51.25,6.0
2024-05-26 11:00:00,-1.6863708,4.1643677,294.3509,100980.484,51.25,6.0
2024-05-26 12:00:00,-1.7187958,4.507965,294.67822,100911.48,51.25,6.0
2024-05-26 13:00:00,-1.7101288,5.374237,295.4242,100840.78,51.25,6.0
2024-05-26 14:00:00,0.044830322,6.2337646,295.84732,100843.26,51.25,6.0
2024-05-26 15:00:00,-0.9929199,4.089447,294.65686,100796.54,51.25,6.0
2024-05-26 16:00:00,0.80340576,5.482483,291.03668,100846.83,51.25,6.0
2024-05-26 17:00:00,0.940506,4.3625946,290.14014,100844.234,51.25,6.0
2024-05-26 18:00:00,3.6564636,3.6954803,288.78784,100895.95,51.25,6.0
2024-05-26 19:00:00,5.823059,2.3443146,288.54297,100983.86,51.25,6.0
2024-05-26 20:00:00,5.13208,1.8470306,287.8853,101021.72,51.25,6.0
2024-05-26 21:00:00,4.6507874,1.9901123,287.30273,101068.164,51.25,6.0
2024-05-26 22:00:00,3.3147278,2.4454346,286.9746,101102.46,51.25,6.0
2024-05-26 23:00:00,2.7223206,3.1129913,286.64594,101117.67,51.25,6.0
2024-05-27 00:00:00,2.8332062,4.005951,286.68582,101119.5,51.25,6.0
2024-05-27 01:00:00,3.4431458,4.302582,286.74884,101102.71,51.25,6.0
2024-05-27 02:00:00,4.4886017,3.5859833,286.6532,101119.94,51.25,6.0
2024-05-27 03:00:00,4.9838715,2.5485687,286.42258,101151.47,51.25,6.0
2024-05-27 04:00:00,4.9567566,2.230133,285.94696,101171.8,51.25,6.0
2024-05-27 05:00:00,4.460388,2.1736755,286.4698,101206.664,51.25,6.0
2024-05-27 06:00:00,3.1517487,2.0719147,287.4851,101240.3,51.25,6.0
2024-05-27 07:00:00,3.0727844,1.6737823,288.40173,101279.25,51.25,6.0
2024-05-27 08:00:00,2.8189545,1.3232727,289.31357,101261.08,51.25,6.0
2024-05-27 09:00:00,2.4265747,1.0299225,290.10394,101274.52,51.25,6.0
2024-05-27 10:00:00,1.934433,1.3666992,290.94598,101259.47,51.25,6.0
2024-05-27 11:00:00,1.8346405,0.94155884,291.36133,101225.59,51.25,6.0
2024-05-27 12:00:00,1.7714844,0.11039734,291.32147,101165.695,51.25,6.0
2024-05-27 13:00:00,1.987503,0.43927002,291.16324,101179.42,51.25,6.0
2024-05-27 14:00:00,2.5682983,-0.086242676,290.98608,101164.695,51.25,6.0
2024-05-27 15:00:00,2.4772186,-0.0473938,289.33917,101142.05,51.25,6.0
2024-05-27 16:00:00,2.012619,0.20991516,288.11066,101127.625,51.25,6.0
2024-05-27 17:00:00,1.2534332,-0.28170776,287.19824,101088.34,51.25,6.0
2024-05-27 18:00:00,4.4761353,0.23347473,286.40512,101135.56,51.25,6.0
2024-05-27 19:00:00,6.067154,-0.1632843,286.1628,101187.695,51.25,6.0
2024-05-27 20:00:00,4.139023,-1.04245,285.87683,101257.35,51.25,6.0
2024-05-27 21:00:00,2.9856415,-0.74142456,285.69025,101263.41,51.25,6.0
2024-05-27 22:00:00,3.1964417,2.8782043,284.68527,101288.7,51.25,6.0
2024-05-27 23:00:00,4.6911316,3.2333832,284.4263,101304.69,51.25,6.0
2024-05-28 00:00:00,5.424347,2.5043335,283.93893,101316.516,51.25,6.0
2024-05-28 01:00:00,5.8236084,2.5490875,283.57135,101327.234,51.25,6.0
2024-05-28 02:00:00,5.898926,3.069275,283.3307,101324.02,51.25,6.0
2024-05-28 03:00:00,5.7395935,3.4335327,283.07776,101330.67,51.25,6.0
2024-05-28 04:00:00,5.4029236,3.7136383,282.6372,101332.92,51.25,6.0
2024-05-28 05:00:00,4.854004,3.7390747,283.28937,101361.484,51.25,6.0
2024-05-28 06:00:00,3.7957153,3.4032593,284.58984,101382.05,51.25,6.0
2024-05-28 07:00:00,5.19339,3.408661,285.93973,101372.98,51.25,6.0
2024-05-28 08:00:00,5.7342834,2.9971924,287.3943,101366.2,51.25,6.0
2024-05-28 09:00:00,5.389267,3.0020142,288.62592,101346.34,51.25,6.0
2024-05-28 10:00:00,3.3265839,2.9896698,289.49792,101369.47,51.25,6.0
2024-05-28 11:00:00,2.5184937,3.4549255,290.55603,101292.92,51.25,6.0
2024-05-28 12:00:00,2.8115234,4.24086,291.80142,101228.22,51.25,6.0
2024-05-28 13:00:00,3.285965,5.2289276,291.3659,101183.47,51.25,6.0
2024-05-28 14:00:00,3.0912018,5.379837,290.8614,101146.7,51.25,6.0
2024-05-28 15:00:00,3.6237793,5.3336334,289.89706,101133.84,51.25,6.0
2024-05-28 16:00:00,3.2369995,5.575714,288.53546,101107.07,51.25,6.0
2024-05-28 17:00:00,2.6822205,6.878372,287.96338,101055.11,51.25,6.0
2024-05-28 18:00:00,3.6671143,7.2217712,287.42703,101000.83,51.25,6.0
2024-05-28 19:00:00,4.1866302,6.706421,287.53723,100962.04,51.25,6.0
2024-05-28 20:00:00,4.6576996,7.2694855,287.539,100930.484,51.25,6.0
2024-05-28 21:00:00,5.2698364,7.3411255,287.6402,100923.03,51.25,6.0
2024-05-28 22:00:00,4.492813,6.6367645,287.70996,100907.266,51.25,6.0
2024-05-28 23:00:00,4.2719574,6.622101,287.66797,100874.805,51.25,6.0
2024-05-29 00:00:00,4.1545105,6.785843,287.76602,100812.234,51.25,6.0
2024-05-29 01:00:00,4.0092926,7.4771576,287.87054,100737.625,51.25,6.0
2024-05-29 02:00:00,4.518631,7.7648315,287.87494,100653.58,51.25,6.0
2024-05-29 03:00:00,5.0275116,7.552414,287.74133,100597.95,51.25,6.0
2024-05-29 04:00:00,5.069748,7.6518707,287.63477,100566.16,51.25,6.0
2024-05-29 05:00:00,6.237015,7.5523834,287.59232,100534.586,51.25,6.0
2024-05-29 06:00:00,7.4501495,6.604431,287.7672,100534.39,51.25,6.0
2024-05-29 07:00:00,8.12384,5.772156,288.00937,100537.49,51.25,6.0
2024-05-29 08:00:00,6.971588,4.970749,288.67816,100538.59,51.25,6.0
2024-05-29 09:00:00,6.9598694,4.756836,289.20447,100545.695,51.25,6.0
2024-05-29 10:00:00,5.1089783,5.8161774,289.88663,100459.71,51.25,6.0
2024-05-29 11:00:00,5.829254,4.8032227,290.5174,100478.65,51.25,6.0
2024-05-29 12:00:00,6.4793243,3.5925293,290.83594,100433.78,51.25,6.0
2024-05-29 13:00:00,6.2356415,2.486023,289.84863,100404.25,51.25,6.0
2024-05-29 14:00:00,5.7739716,2.879837,290.6341,100391.81,51.25,6.0
2024-05-29 15:00:00,5.3270416,2.3794708,290.60974,100366.0,51.25,6.0
2024-05-29 16:00:00,5.557495,1.8178558,291.29425,100340.016,51.25,6.0
2024-05-29 17:00:00,4.535614,1.4682007,291.3035,100311.22,51.25,6.0
2024-05-29 18:00:00,3.7944336,1.7350464,290.36365,100310.19,51.25,6.0
2024-05-29 19:00:00,3.4761047,1.7424164,289.38928,100293.64,51.25,6.0
2024-05-29 20:00:00,2.81781,2.2679749,287.91516,100303.2,51.25,6.0
2024-05-29 21:00:00,2.526123,2.4427948,286.81635,100289.95,51.25,6.0
2024-05-29 22:00:00,0.87239075,0.7378845,285.14926,100230.664,51.25,6.0
2024-05-29 23:00:00,0.532135,2.1722107,284.8259,100235.37,51.25,6.0
2024-05-30 00:00:00,1.8551178,0.46151733,284.38065,100192.87,51.25,6.0
2024-05-30 01:00:00,2.5140991,-1.7731781,283.5471,100145.05,51.25,6.0
2024-05-30 02:00:00,2.1464996,-2.269699,283.4026,100117.25,51.25,6.0
2024-05-30 03:00:00,2.3595734,-2.2273407,282.99084,100087.2,51.25,6.0
2024-05-30 04:00:00,2.9772034,-2.026703,283.07285,100085.08,51.25,6.0
2024-05-30 05:00:00,3.6733704,-1.6355438,285.0453,100105.34,51.25,6.0
2024-05-30 06:00:00,3.0922546,-0.62997437,286.8117,100111.625,51.25,6.0
2024-05-30 07:00:00,2.874939,-0.28001404,288.31686,100131.31,51.25,6.0
2024-05-30 08:00:00,2.923111,-0.19607544,289.6017,100139.08,51.25,6.0
2024-05-30 09:00:00,2.9727173,0.09298706,290.714,100133.48,51.25,6.0
2024-05-30 10:00:00,3.7838135,1.2269897,291.08203,100155.28,51.25,6.0
2024-05-30 11:00:00,4.546509,0.701355,289.7983,100169.66,51.25,6.0
2024-05-30 12:00:00,5.005249,-0.6320038,289.99854,100151.97,51.25,6.0
2024-05-30 13:00:00,5.5854034,-2.2482758,290.10742,100112.88,51.25,6.0
2024-05-30 14:00:00,5.0869293,-2.8165894,290.40784,100110.734,51.25,6.0
2024-05-30 15:00:00,4.7416687,-3.151474,289.3836,100110.664,51.25,6.0
2024-05-30 16:00:00,4.2309265,-3.4516296,289.52887,100148.81,51.25,6.0
2024-05-30 17:00:00,4.0045624,-3.9610748,289.68256,100154.3,51.25,6.0
2024-05-30 18:00:00,4.536331,-4.2028503,289.04486,100225.55,51.25,6.0
2024-05-30 19:00:00,4.7655334,-4.058319,288.44104,100276.56,51.25,6.0
2024-05-30 20:00:00,4.5792236,-3.7489471,287.63947,100345.555,51.25,6.0
2024-05-30 21:00:00,4.375168,-3.0631409,286.99365,100381.44,51.25,6.0
2024-05-30 22:00:00,5.654358,-1.9730682,285.75684,100373.984,51.25,6.0
2024-05-30 23:00:00,5.1871796,-1.4493866,285.4104,100432.44,51.25,6.0
2024-05-31 00:00:00,4.670578,-0.96047974,285.2848,100462.72,51.25,6.0
2024-05-31 01:00:00,4.6521606,-0.35064697,285.29935,100423.96,51.25,6.0
2024-05-31 02:00:00,4.6364136,0.40789795,285.31735,100433.75,51.25,6.0
2024-05-31 03:00:00,4.5708923,0.4024353,285.49103,100428.734,51.25,6.0
2024-05-31 04:00:00,4.376541,-0.64279175,285.5996,100434.05,51.25,6.0
2024-05-31 05:00:00,4.3935547,-2.1816864,285.95273,100456.266,51.25,6.0
2024-05-31 06:00:00,3.6099854,-1.70401,286.38626,100512.41,51.25,6.0
2024-05-31 07:00:00,3.3297882,-1.2370453,287.12396,100539.73,51.25,6.0
2024-05-31 08:00:00,2.8157501,-1.1307526,287.41504,100581.125,51.25,6.0
2024-05-31 09:00:00,2.1178894,-0.94511414,288.111,100598.19,51.25,6.0
2024-05-31 10:00:00,2.2054749,0.056427002,288.92908,100643.08,51.25,6.0
2024-05-31 11:00:00,1.6270447,-0.5641327,289.6263,100638.27,51.25,6.0
2024-05-31 12:00:00,1.6987457,-1.2808838,290.6261,100644.945,51.25,6.0
2024-05-31 13:00:00,2.0749054,-1.9877777,291.1916,100671.91,51.25,6.0
2024-05-31 14:00:00,2.2842712,-2.2927094,291.81128,100686.555,51.25,6.0
2024-05-31 15:00:00,3.2198792,-2.4290466,292.28723,100663.586,51.25,6.0
2024-05-31 16:00:00,3.2206879,-4.8423157,291.81104,100691.98,51.25,6.0
2024-05-31 17:00:00,2.242691,-5.873886,290.93665,100724.83,51.25,6.0
2024-05-31 18:00:00,1.4441986,-5.3706665,290.20392,100775.83,51.25,6.0
2024-05-31 19:00:00,1.6185455,-5.690048,289.5771,100809.37,51.25,6.0
2024-05-31 20:00:00,2.7250214,-5.712738,289.05792,100854.445,51.25,6.0
2024-05-31 21:00:00,3.151474,-5.550232,288.46222,100919.195,51.25,6.0
2024-05-31 22:00:00,3.793274,-6.246155,287.82788,100927.29,51.25,6.0
2024-05-31 23:00:00,4.005829,-5.109833,287.4926,100955.21,51.25,6.0
2024-06-01 00:00:00,3.9799042,-3.9956818,287.27188,100961.4,51.25,6.0
2024-06-01 01:00:00,4.5365906,-3.3669434,287.21478,100926.97,51.25,6.0
2024-06-01 02:00:00,4.631378,-2.9238434,287.11584,100929.08,51.25,6.0
2024-06-01 03:00:00,4.0920258,-2.4521942,286.97824,100921.875,51.25,6.0
2024-06-01 04:00:00,3.8968048,-2.1466064,286.9664,100914.74,51.25,6.0
2024-06-01 05:00:00,3.8920898,-2.1380157,287.12933,100946.04,51.25,6.0
2024-06-01 06:00:00,3.3070831,-3.0208893,287.60016,101009.484,51.25,6.0
2024-06-01 07:00:00,2.2965546,-3.9668732,288.2494,101053.305,51.25,6.0
2024-06-01 08:00:00,1.8466034,-4.184082,288.73184,101079.164,51.25,6.0
2024-06-01 09:00:00,1.507843,-4.0758057,289.1659,101097.84,51.25,6.0
2024-06-01 10:00:00,1.7811584,-4.226837,289.5415,101124.99,51.25,6.0
2024-06-01 11:00:00,1.0725708,-4.510727,290.28064,101163.06,51.25,6.0
2024-06-01 12:00:00,0.8435364,-4.0874023,290.97986,101173.984,51.25,6.0
2024-06-01 13:00:00,1.7082672,-3.5223083,291.73,101192.7,51.25,6.0
2024-06-01 14:00:00,2.7835388,-4.325989,291.9259,101186.734,51.25,6.0
2024-06-01 15:00:00,3.5214996,-5.9029694,291.7811,101209.37,51.25,6.0
2024-06-01 16:00:00,3.7893524,-5.654999,291.34363,101225.625,51.25,6.0
2024-06-01 17:00:00,3.9034576,-6.5809784,290.9255,101268.77,51.25,6.0
2024-06-01 18:00:00,4.226654,-6.3889923,290.53583,101303.72,51.25,6.0
2024-06-01 19:00:00,3.5203094,-6.9917603,289.9615,101367.77,51.25,6.0
2024-06-01 20:00:00,3.147461,-7.1219177,289.47388,101456.37,51.25,6.0
2024-06-01 21:00:00,2.559372,-7.002228,289.05627,101480.875,51.25,6.0
2024-06-01 22:00:00,2.534378,-6.0899506,288.49042,101536.17,51.25,6.0
2024-06-01 23:00:00,2.6015015,-6.086319,288.14633,101545.81,51.25,6.0
2024-06-02 00:00:00,2.0276794,-6.0845337,287.82562,101572.2,51.25,6.0
2024-06-02 01:00:00,1.6833191,-6.475342,287.46722,101560.93,51.25,6.0
2024-06-02 02:00:00,1.4261627,-6.2248993,287.19504,101581.23,51.25,6.0
2024-06-02 03:00:00,1.4255829,-5.5020447,286.95325,101606.03,51.25,6.0
2024-06-02 04:00:00,1.7237701,-5.3928223,286.552,101628.0,51.25,6.0
2024-06-02 05:00:00,1.8632965,-5.0341034,286.39777,101678.75,51.25,6.0
2024-06-02 06:00:00,2.0844269,-4.8256073,286.36865,101715.2,51.25,6.0
2024-06-02 07:00:00,1.9651489,-4.756546,286.5926,101767.266,51.25,6.0
2024-06-02 08:00:00,1.7347565,-5.8773956,287.1811,101771.58,51.25,6.0
2024-06-02 09:00:00,1.994751,-5.764145,287.73395,101771.34,51.25,6.0
2024-06-02 10:00:00,1.6684418,-4.8173065,288.33963,101781.086,51.25,6.0
2024-06-02 11:00:00,2.0897217,-4.953766,289.04987,101776.67,51.25,6.0
2024-06-02 12:00:00,2.5166016,-5.236435,289.30975,101754.48,51.25,6.0
2024-06-02 13:00:00,2.3419342,-5.5758057,289.7063,101749.0,51.25,6.0
2024-06-02 14:00:00,2.0092926,-5.63739,289.8683,101731.66,51.25,6.0
2024-06-02 15:00:00,1.605484,-5.5237274,290.07422,101717.38,51.25,6.0
2024-06-02 16:00:00,1.4777985,-5.348053,290.0786,101696.3,51.25,6.0
2024-06-02 17:00:00,1.6213837,-5.2773895,289.90112,101673.17,51.25,6.0
2024-06-02 18:00:00,1.6128693,-5.115799,289.26236,101683.17,51.25,6.0
2024-06-02 19:00:00,1.8623505,-5.5412445,288.30637,101697.96,51.25,6.0
2024-06-02 20:00:00,1.957428,-5.978073,287.18115,101744.73,51.25,6.0
2024-06-02 21:00:00,1.6157379,-5.5117645,286.4276,101760.46,51.25,6.0
2024-06-02 22:00:00,2.2099304,-5.0566254,285.6504,101748.85,51.25,6.0
2024-06-02 23:00:00,1.9138794,-4.5686646,284.72156,101712.48,51.25,6.0
2024-06-03 00:00:00,2.0565186,-4.1496277,283.91077,101695.35,51.25,6.0
2024-06-03 01:00:00,2.0910187,-3.7611084,283.42014,101654.61,51.25,6.0
2024-06-03 02:00:00,2.7274017,-3.9001007,283.18195,101615.484,51.25,6.0
2024-06-03 03:00:00,2.6364899,-3.6036072,283.54858,101604.9,51.25,6.0
2024-06-03 04:00:00,2.1999054,-3.0720367,283.82602,101634.71,51.25,6.0
2024-06-03 05:00:00,2.504303,-3.0037231,284.386,101611.78,51.25,6.0
2024-06-03 06:00:00,2.1637115,-2.531372,284.80383,101633.81,51.25,6.0
2024-06-03 07:00:00,1.1122284,-2.912262,285.43018,101641.484,51.25,6.0
2024-06-03 08:00:00,0.8857422,-1.9698792,285.902,101604.78,51.25,6.0
2024-06-03 09:00:00,1.511734,-1.6786346,286.44125,101607.516,51.25,6.0
2024-06-03 10:00:00,1.3197021,-1.0743713,286.9532,101612.375,51.25,6.0
2024-06-03 11:00:00,1.8643494,-1.3838196,287.38928,101595.86,51.25,6.0
2024-06-03 12:00:00,2.1934052,-1.6426697,288.05792,101565.16,51.25,6.0
2024-06-03 13:00:00,2.0046082,-1.6177368,288.4705,101542.28,51.25,6.0
2024-06-03 14:00:00,1.7007751,-1.5868225,288.93527,101520.766,51.25,6.0
2024-06-03 15:00:00,1.3660583,-1.7140198,289.27716,101483.55,51.25,6.0
2024-06-03 16:00:00,1.1588287,-1.742157,289.29132,101452.92,51.25,6.0
2024-06-03 17:00:00,0.8811493,-1.3887482,289.29034,101420.45,51.25,6.0
2024-06-03 18:00:00,0.44656372,0.011199951,289.11676,101390.42,51.25,6.0
2024-06-03 19:00:00,0.38679504,1.4265747,288.61615,101385.375,51.25,6.0
2024-06-03 20:00:00,0.782074,2.535675,288.02798,101354.22,51.25,6.0
2024-06-03 21:00:00,1.6104126,2.8901367,287.50085,101360.33,51.25,6.0
2024-06-03 22:00:00,1.914566,2.1743622,287.54178,101316.484,51.25,6.0
2024-06-03 23:00:00,2.444641,1.8730011,287.4154,101299.375,51.25,6.0
2024-06-04 00:00:00,2.5439758,1.838974,287.27908,101254.33,51.25,6.0
2024-06-04 01:00:00,2.3039246,2.2392273,287.11362,101230.88,51.25,6.0
2024-06-04 02:00:00,1.8923645,3.1298828,287.13715,101195.31,51.25,6.0
2024-06-04 03:00:00,1.5571747,3.8260193,287.2091,101155.89,51.25,6.0
2024-06-04 04:00:00,1.5006561,4.378708,286.99554,101130.65,51.25,6.0
2024-06-04 05:00:00,1.1673889,4.4548492,287.0588,101107.39,51.25,6.0
2024-06-04 06:00:00,0.8134155,4.4203033,287.6341,101084.875,51.25,6.0
2024-06-04 07:00:00,0.67115784,3.6535797,288.50006,101062.695,51.25,6.0
2024-06-04 08:00:00,0.9592743,3.4949493,289.4392,101026.08,51.25,6.0
2024-06-04 09:00:00,0.63972473,3.3449554,290.28766,100997.47,51.25,6.0
2024-06-04 10:00:00,-0.04876709,3.2305603,291.5012,100952.58,51.25,6.0
2024-06-04 11:00:00,-0.40330505,3.3774261,292.41742,100874.61,51.25,6.0
2024-06-04 12:00:00,-0.25923157,3.1353607,292.93488,100790.36,51.25,6.0
2024-06-04 13:00:00,0.24121094,3.5606384,293.3338,100736.56,51.25,6.0
2024-06-04 14:00:00,1.5462494,3.7193756,293.5855,100661.125,51.25,6.0
2024-06-04 15:00:00,2.664215,3.7961426,293.76624,100602.625,51.25,6.0
2024-06-04 16:00:00,3.6262512,4.398346,293.83276,100532.28,51.25,6.0
2024-06-04 17:00:00,3.4077759,4.9535522,293.69147,100487.83,51.25,6.0
2024-06-04 18:00:00,2.5746765,5.517456,293.31332,100434.91,51.25,6.0
2024-06-04 19:00:00,2.8812714,6.0968475,292.46643,100388.75,51.25,6.0
2024-06-04 20:00:00,3.7386017,6.2808533,291.4666,100365.445,51.25,6.0
2024-06-04 21:00:00,4.988266,5.6614685,290.91516,100364.15,51.25,6.0
2024-06-04 22:00:00,6.6483307,3.650116,290.23477,100357.17,51.25,6.0
2024-06-04 23:00:00,7.5806274,3.09523,289.58966,100393.6,51.25,6.0
2024-06-05 00:00:00,7.617386,3.6424713,288.78394,100416.83,51.25,6.0
2024-06-05 01:00:00,7.5099335,4.111038,287.6186,100441.25,51.25,6.0
2024-06-05 02:00:00,7.3207245,3.8889008,287.11615,100454.53,51.25,6.0
2024-06-05 03:00:00,7.1757812,2.6063843,286.54248,100472.01,51.25,6.0
2024-06-05 04:00:00,6.1242523,0.8372803,286.11746,100523.2,51.25,6.0
2024-06-05 05:00:00,4.942322,0.30671692,286.12805,100589.72,51.25,6.0
2024-06-05 06:00:00,4.486206,-0.13287354,286.0094,100646.92,51.25,6.0
2024-06-05 07:00:00,4.3568726,-0.7145386,286.39728,100717.48,51.25,6.0
2024-06-05 08:00:00,4.0547333,-0.93266296,286.9748,100753.92,51.25,6.0
2024-06-05 09:00:00,3.8421936,-0.8334198,287.513,100800.94,51.25,6.0
2024-06-05 10:00:00,2.423996,-0.5129852,287.94385,100819.53,51.25,6.0
2024-06-05 11:00:00,2.5434418,0.33522034,288.35986,100832.84,51.25,6.0
2024-06-05 12:00:00,3.3216248,0.5772095,289.06512,100826.67,51.25,6.0
2024-06-05 13:00:00,4.2695007,0.20645142,289.89548,100839.59,51.25,6.0
2024-06-05 14:00:00,5.350357,-0.3264618,290.52435,100839.445,51.25,6.0
2024-06-05 15:00:00,6.0036163,-1.1209259,290.60028,100845.17,51.25,6.0
2024-06-05 16:00:00,5.556473,-2.7437592,290.4034,100865.63,51.25,6.0
2024-06-05 17:00:00,4.300934,-4.1197968,289.8664,100883.5,51.25,6.0
2024-06-05 18:00:00,3.2290497,-4.395294,289.08374,100930.234,51.25,6.0
2024-06-05 19:00:00,2.8643646,-3.7823334,287.61298,101012.28,51.25,6.0
2024-06-05 20:00:00,2.698822,-2.9024506,285.70648,101077.625,51.25,6.0
2024-06-05 21:00:00,2.5641022,-2.1809692,284.17633,101149.13,51.25,6.0
2024-06-05 22:00:00,0.6658783,-1.7378998,284.16223,101171.33,51.25,6.0
2024-06-05 23:00:00,-0.8398895,-0.80963135,282.47998,101139.266,51.25,6.0
2024-06-06 00:00:00,-0.8747711,0.87657166,281.37186,101158.414,51.25,6.0
2024-06-06 01:00:00,-1.0657196,2.2784576,280.6754,101149.13,51.25,6.0
2024-06-06 02:00:00,-1.3630829,3.0332031,280.3893,101145.79,51.25,6.0
2024-06-06 03:00:00,-1.7834625,3.4318695,280.5574,101141.625,51.25,6.0
2024-06-06 04:00:00,-1.8954315,3.3865051,280.64056,101133.89,51.25,6.0
2024-06-06 05:00:00,-2.0411224,2.8189545,282.39874,101126.484,51.25,6.0
2024-06-06 06:00:00,-1.9318695,2.109558,284.77844,101140.72,51.25,6.0
2024-06-06 07:00:00,-1.1782379,1.0422211,287.10297,101144.44,51.25,6.0
2024-06-06 08:00:00,-0.33361816,1.0540009,288.76825,101122.64,51.25,6.0
2024-06-06 09:00:00,0.9590759,0.66467285,289.64453,101128.31,51.25,6.0
2024-06-06 10:00:00,1.5452881,-0.18235779,290.60178,101144.58,51.25,6.0
2024-06-06 11:00:00,3.4102936,-0.037078857,291.1601,101155.26,51.25,6.0
2024-06-06 12:00:00,4.208023,-0.10069275,291.6502,101167.625,51.25,6.0
2024-06-06 13:00:00,4.5549927,0.0010528564,291.67987,101190.4,51.25,6.0
2024-06-06 14:00:00,4.94162,-0.38583374,291.42657,101171.945,51.25,6.0
2024-06-06 15:00:00,4.936844,-1.2615356,291.55542,101168.164,51.25,6.0
2024-06-06 16:00:00,4.359894,-2.77359,291.03375,101168.836,51.25,6.0
2024-06-06 17:00:00,3.3522644,-3.4304962,290.67786,101196.31,51.25,6.0
2024-06-06 18:00:00,2.4740753,-3.3876648,289.9779,101244.65,51.25,6.0
2024-06-06 19:00:00,1.8863373,-3.2488556,288.7586,101261.16,51.25,6.0
2024-06-06 20:00:00,1.6226654,-3.2207184,287.3073,101307.92,51.25,6.0
2024-06-06 21:00:00,1.2201996,-3.188568,286.3365,101324.19,51.25,6.0
2024-06-06 22:00:00,1.0776367,-3.7621918,284.22012,101332.63,51.25,6.0
2024-06-06 23:00:00,0.18821716,-3.6921844,283.35956,101358.85,51.25,6.0
2024-06-07 00:00:00,-0.40574646,-3.1109009,282.77942,101368.07,51.25,6.0
2024-06-07 01:00:00,-0.6233063,-2.6577606,281.97015,101359.16,51.25,6.0
2024-06-07 02:00:00,-0.36471558,-2.178299,281.5697,101354.06,51.25,6.0
2024-06-07 03:00:00,0.010467529,-1.5372772,281.56467,101367.04,51.25,6.0
2024-06-07 04:00:00,0.32940674,-0.69215393,280.9688,101343.555,51.25,6.0
2024-06-07 05:00:00,1.2102814,0.23912048,282.86365,101365.086,51.25,6.0
2024-06-07 06:00:00,2.1276703,1.2131653,285.8979,101390.75,51.25,6.0
2024-06-07 07:00:00,2.1793365,0.9578705,288.40363,101428.11,51.25,6.0
2024-06-07 08:00:00,3.0635376,0.7502594,289.87933,101430.08,51.25,6.0
2024-06-07 09:00:00,3.4553986,1.2254791,290.91577,101434.59,51.25,6.0
2024-06-07 10:00:00,2.0579834,1.4304504,291.68655,101422.55,51.25,6.0
2024-06-07 11:00:00,2.4188385,1.8736267,292.36533,101410.13,51.25,6.0
2024-06-07 12:00:00,2.900177,2.1157684,292.99872,101371.21,51.25,6.0
2024-06-07 13:00:00,3.5467072,1.9923706,293.41278,101323.58,51.25,6.0
2024-06-07 14:00:00,4.0489044,1.74617,293.5808,101270.266,51.25,6.0
2024-06-07 15:00:00,4.5832825,1.5591888,293.61206,101230.33,51.25,6.0
2024-06-07 16:00:00,5.042282,0.9407959,293.59216,101198.984,51.25,6.0
2024-06-07 17:00:00,4.79628,-0.13484192,293.23358,101163.09,51.25,6.0
2024-06-07 18:00:00,4.130661,-1.2325897,292.28436,101161.69,51.25,6.0
2024-06-07 19:00:00,3.2395935,-1.895874,291.14563,101154.484,51.25,6.0
2024-06-07 20:00:00,2.4326782,-2.6571198,288.05722,101189.71,51.25,6.0
2024-06-07 21:00:00,1.4637909,-3.3620605,286.37476,101218.875,51.25,6.0
2024-06-07 22:00:00,1.5006104,-3.3674316,284.76447,101205.06,51.25,6.0
2024-06-07 23:00:00,0.907135,-2.605957,284.65976,101186.234,51.25,6.0
2024-06-08 00:00:00,0.7787628,-0.93266296,285.2992,101144.734,51.25,6.0
2024-06-08 01:00:00,1.406723,0.83132935,284.18677,101089.38,51.25,6.0
2024-06-08 02:00:00,2.597931,1.8661346,282.2321,101019.125,51.25,6.0
2024-06-08 03:00:00,3.67128,2.7412872,282.29037,100972.66,51.25,6.0
2024-06-08 04:00:00,4.3410187,3.463562,282.9889,100938.32,51.25,6.0
2024-06-08 05:00:00,4.260498,3.1262817,284.22455,100890.17,51.25,6.0
2024-06-08 06:00:00,3.4817963,2.41893,286.06354,100877.11,51.25,6.0
2024-06-08 07:00:00,3.59169,2.3140411,287.96844,100860.41,51.25,6.0
2024-06-08 08:00:00,4.4049225,2.1983795,289.3391,100820.56,51.25,6.0
2024-06-08 09:00:00,4.8217773,2.7072601,290.5294,100771.36,51.25,6.0
2024-06-08 10:00:00,4.022232,3.0650482,291.61853,100711.91,51.25,6.0
2024-06-08 11:00:00,4.8979645,2.4844818,292.32443,100673.266,51.25,6.0
2024-06-08 12:00:00,5.717453,1.9695129,292.94226,100639.86,51.25,6.0
2024-06-08 13:00:00,6.4297028,1.3990173,292.97327,100587.79,51.25,6.0
2024-06-08 14:00:00,6.868988,0.36671448,292.98645,100549.56,51.25,6.0
2024-06-08 15:00:00,7.044037,-0.89849854,293.01233,100541.266,51.25,6.0
2024-06-08 16:00:00,7.2853394,-1.7580566,292.3399,100552.61,51.25,6.0
2024-06-08 17:00:00,7.1963654,-2.4976654,291.94635,100578.11,51.25,6.0
2024-06-08 18:00:00,6.6549377,-3.015274,291.03275,100605.984,51.25,6.0
2024-06-08 19:00:00,6.0150757,-3.7895508,289.93915,100650.875,51.25,6.0
2024-06-08 20:00:00,4.720291,-4.0398254,288.56097,100704.984,51.25,6.0
2024-06-08 21:00:00,3.727066,-3.8829498,287.40833,100780.9,51.25,6.0
2024-06-08 22:00:00,2.8683777,-3.923584,286.36697,100799.59,51.25,6.0
2024-06-08 23:00:00,2.4730835,-3.8042908,285.03088,100816.09,51.25,6.0
2024-06-09 00:00:00,2.556244,-3.1815186,283.98462,100839.09,51.25,6.0
2024-06-09 01:00:00,2.6726074,-2.8326416,282.82013,100804.5,51.25,6.0
2024-06-09 02:00:00,2.6741333,-2.0105743,281.5588,100784.63,51.25,6.0
2024-06-09 03:00:00,2.452896,-0.74664307,280.4909,100755.45,51.25,6.0
2024-06-09 04:00:00,2.728592,0.19206238,280.571,100713.78,51.25,6.0
2024-06-09 05:00:00,3.4421234,0.8453827,283.16943,100714.03,51.25,6.0
2024-06-09 06:00:00,2.5180817,1.1136932,285.50705,100683.17,51.25,6.0
2024-06-09 07:00:00,2.3222504,1.5497131,287.63586,100665.94,51.25,6.0
2024-06-09 08:00:00,3.340393,1.3526154,289.2677,100647.164,51.25,6.0
2024-06-09 09:00:00,4.8243103,0.8129425,290.14642,100621.234,51.25,6.0
2024-06-09 10:00:00,4.1864777,0.62423706,290.57776,100595.055,51.25,6.0
2024-06-09 11:00:00,4.3861694,0.45880127,291.55594,100531.695,51.25,6.0
2024-06-09 12:00:00,4.6738586,-0.15403748,292.31708,100487.84,51.25,6.0
2024-06-09 13:00:00,5.0576935,-0.70906067,292.76373,100459.02,51.25,6.0
2024-06-09 14:00:00,5.4186707,-1.4684906,292.5993,100430.125,51.25,6.0
2024-06-09 15:00:00,5.6652985,-2.2933655,292.06647,100417.88,51.25,6.0
2024-06-09 16:00:00,5.8021545,-3.555893,291.34686,100426.89,51.25,6.0
2024-06-09 17:00:00,5.4042053,-4.3492584,290.54953,100441.78,51.25,6.0
2024-06-09 18:00:00,4.786133,-4.0421753,289.39398,100450.89,51.25,6.0
2024-06-09 19:00:00,4.417465,-3.4010773,288.34985,100467.78,51.25,6.0
2024-06-09 20:00:00,4.045334,-2.4566498,286.54663,100510.56,51.25,6.0
2024-06-09 21:00:00,3.8946228,-1.4386292,284.53094,100521.69,51.25,6.0
2024-06-09 22:00:00,3.6061707,-0.94233704,283.89758,100513.22,51.25,6.0
2024-06-09 23:00:00,3.4732056,-0.1907196,283.25098,100491.34,51.25,6.0
2024-06-10 00:00:00,3.5602112,0.75894165,283.3119,100484.64,51.25,6.0
2024-06-10 01:00:00,3.8345947,2.061966,283.449,100421.0,51.25,6.0
2024-06-10 02:00:00,4.1347504,3.0078735,283.30487,100379.06,51.25,6.0
2024-06-10 03:00:00,4.007309,3.5755615,283.40668,100333.19,51.25,6.0
2024-06-10 04:00:00,3.8155518,3.779663,283.43637,100274.78,51.25,6.0
2024-06-10 05:00:00,3.3686829,4.2901764,284.14133,100246.55,51.25,6.0
2024-06-10 06:00:00,2.908844,5.2116394,284.78278,100226.64,51.25,6.0
2024-06-10 07:00:00,2.3533325,5.730774,284.85376,100183.78,51.25,6.0
2024-06-10 08:00:00,2.7906342,6.5190887,285.4038,100169.375,51.25,6.0
2024-06-10 09:00:00,3.4622345,7.0621185,285.38647,100118.89,51.25,6.0
2024-06-10 10:00:00,3.866806,7.752762,285.60944,100078.016,51.25,6.0
2024-06-10 11:00:00,4.8080444,7.8584595,286.01318,100028.67,51.25,6.0
2024-06-10 12:00:00,6.2483826,7.010254,286.47925,99969.805,51.25,6.0
2024-06-10 13:00:00,8.049637,6.3460083,285.8988,99938.47,51.25,6.0
2024-06-10 14:00:00,8.962296,6.234085,286.08835,99923.92,51.25,6.0
2024-06-10 15:00:00,9.981674,5.8597717,286.11176,99900.06,51.25,6.0
2024-06-10 16:00:00,13.144913,3.2833557,285.8437,99913.38,51.25,6.0
2024-06-10 17:00:00,13.745621,-2.1160278,284.6587,100035.99,51.25,6.0
2024-06-10 18:00:00,12.3111725,-4.7915344,283.99783,100217.53,51.25,6.0
2024-06-10 19:00:00,10.21199,-3.9778748,283.5406,100374.66,51.25,6.0
2024-06-10 20:00:00,8.624634,-2.820221,283.42038,100501.81,51.25,6.0
2024-06-10 21:00:00,7.8927155,-2.0298615,283.30038,100583.16,51.25,6.0
2024-06-10 22:00:00,7.496887,-1.7968292,283.24042,100673.19,51.25,6.0
2024-06-10 23:00:00,6.942993,-1.6147461,283.0927,100721.36,51.25,6.0
2024-06-11 00:00:00,6.8550873,-0.62368774,282.82855,100770.53,51.25,6.0
2024-06-11 01:00:00,6.820877,-0.35943604,282.62817,100782.81,51.25,6.0
2024-06-11 02:00:00,6.741455,-0.14707947,282.22693,100813.7,51.25,6.0
2024-06-11 03:00:00,6.643692,-0.22981262,281.883,100842.625,51.25,6.0
2024-06-11 04:00:00,6.4072113,-0.2919159,281.65018,100863.875,51.25,6.0
2024-06-11 05:00:00,6.1286926,0.15338135,282.48703,100907.625,51.25,6.0
2024-06-11 06:00:00,5.3292694,0.679245,284.00803,100961.28,51.25,6.0
2024-06-11 07:00:00,6.007965,-0.86631775,285.3202,101008.83,51.25,6.0
2024-06-11 08:00:00,5.48703,-0.9214325,286.3249,101058.42,51.25,6.0
2024-06-11 09:00:00,5.25856,-0.41227722,287.05823,101067.0,51.25,6.0
2024-06-11 10:00:00,5.309067,0.54776,287.77435,101070.9,51.25,6.0
2024-06-11 11:00:00,5.915344,1.9833984,287.7375,101052.36,51.25,6.0
2024-06-11 12:00:00,7.7448425,-0.3713379,288.64563,101104.33,51.25,6.0
2024-06-11 13:00:00,6.625473,-2.0548706,287.53247,101123.39,51.25,6.0
2024-06-11 14:00:00,5.5704346,-0.9539795,287.6466,101132.3,51.25,6.0
2024-06-11 15:00:00,5.494217,-0.66160583,288.713,101126.69,51.25,6.0
2024-06-11 16:00:00,5.817871,-1.0344543,288.61615,101112.984,51.25,6.0
2024-06-11 17:00:00,5.7346344,-1.8616333,288.06863,101115.22,51.25,6.0
2024-06-11 18:00:00,5.180023,-2.6043549,287.13672,101160.34,51.25,6.0
2024-06-11 19:00:00,4.8978424,-3.353653,286.23492,101197.31,51.25,6.0
2024-06-11 20:00:00,4.5321503,-2.8773346,284.60797,101270.39,51.25,6.0
2024-06-11 21:00:00,4.589966,-1.9420319,283.82776,101329.734,51.25,6.0
2024-06-11 22:00:00,5.112076,-0.958313,283.06488,101381.44,51.25,6.0
2024-06-11 23:00:00,5.429428,-0.35621643,282.18945,101386.78,51.25,6.0
2024-06-12 00:00:00,5.207184,-0.6658325,281.84998,101398.336,51.25,6.0
2024-06-12 01:00:00,5.0936584,-0.3269043,281.49603,101395.64,51.25,6.0
2024-06-12 02:00:00,5.242508,-0.3764038,281.6571,101387.125,51.25,6.0
2024-06-12 03:00:00,5.3796387,-0.71362305,281.74963,101390.586,51.25,6.0
2024-06-12 04:00:00,5.1909637,-0.92251587,281.89075,101425.75,51.25,6.0
2024-06-12 05:00:00,4.7108765,-0.5178375,282.5817,101426.875,51.25,6.0
2024-06-12 06:00:00,3.675827,0.05670166,283.77313,101464.555,51.25,6.0
2024-06-12 07:00:00,3.916092,-0.8913269,285.24884,101497.11,51.25,6.0
2024-06-12 08:00:00,4.0686035,-1.0541992,286.02985,101487.68,51.25,6.0
2024-06-12 09:00:00,4.5261536,-1.316452,286.41113,101471.805,51.25,6.0
2024-06-12 10:00:00,5.216858,-1.0432434,287.515,101465.36,51.25,6.0
2024-06-12 11:00:00,5.520569,-1.7421875,287.98648,101463.55,51.25,6.0
2024-06-12 12:00:00,5.634613,-2.265976,288.0382,101456.55,51.25,6.0
2024-06-12 13:00:00,5.524109,-2.8507385,287.61517,101468.54,51.25,6.0
2024-06-12 14:00:00,5.1361694,-3.1693268,287.81073,101467.734,51.25,6.0
2024-06-12 15:00:00,4.8732452,-3.4539642,287.6454,101446.39,51.25,6.0
2024-06-12 16:00:00,4.394409,-3.7562103,287.52222,101428.266,51.25,6.0
2024-06-12 17:00:00,3.7535248,-3.8989258,287.32556,101422.984,51.25,6.0
2024-06-12 18:00:00,3.054184,-3.598755,286.67612,101426.94,51.25,6.0
2024-06-12 19:00:00,2.5662842,-3.2378845,286.1142,101433.766,51.25,6.0
2024-06-12 20:00:00,2.5174866,-3.0028076,284.25262,101466.84,51.25,6.0
2024-06-12 21:00:00,2.650406,-2.7953491,283.16757,101493.89,51.25,6.0
2024-06-12 22:00:00,2.8075256,-2.2031708,282.18805,101523.27,51.25,6.0
2024-06-12 23:00:00,2.3014984,-1.09552,281.8018,101506.26,51.25,6.0
2024-06-13 00:00:00,1.8637238,-0.15873718,281.5558,101465.56,51.25,6.0
2024-06-13 01:00:00,1.6715698,0.6096802,281.76337,101459.51,51.25,6.0
2024-06-13 02:00:00,1.6620331,1.4850311,281.70337,101431.11,51.25,6.0
2024-06-13 03:00:00,1.6429749,2.410202,280.94733,101409.75,51.25,6.0
2024-06-13 04:00:00,1.767395,3.3945465,280.52283,101397.805,51.25,6.0
2024-06-13 05:00:00,1.8173676,4.2200165,282.28973,101382.695,51.25,6.0
2024-06-13 06:00:00,1.026413,3.9483795,284.44586,101365.28,51.25,6.0
2024-06-13 07:00:00,0.9122772,3.5356903,286.58804,101357.91,51.25,6.0
2024-06-13 08:00:00,1.6830597,3.3668976,288.21933,101336.0,51.25,6.0
2024-06-13 09:00:00,1.8737183,3.304016,289.26437,101308.92,51.25,6.0
2024-06-13 10:00:00,0.9601898,3.6100922,290.4055,101263.164,51.25,6.0
2024-06-13 11:00:00,2.4923859,4.2723846,290.60666,101196.45,51.25,6.0
2024-06-13 12:00:00,2.759964,4.574829,291.08618,101136.836,51.25,6.0
2024-06-13 13:00:00,2.9236908,4.9952087,291.7621,101066.84,51.25,6.0
2024-06-13 14:00:00,3.3741608,5.1552887,292.1436,101025.56,51.25,6.0
2024-06-13 15:00:00,3.7135773,4.4581757,292.56256,100977.33,51.25,6.0
2024-06-13 16:00:00,3.1348114,3.7396088,292.57794,100899.22,51.25,6.0
2024-06-13 17:00:00,1.9899292,3.3811035,292.2532,100841.25,51.25,6.0
2024-06-13 18:00:00,1.4445496,3.6459503,291.69128,100804.57,51.25,6.0
2024-06-13 19:00:00,0.91926575,4.106781,290.6839,100798.625,51.25,6.0
2024-06-13 20:00:00,0.278656,5.141266,289.53833,100767.31,51.25,6.0
2024-06-13 21:00:00,0.09353638,5.9923706,288.77213,100731.25,51.25,6.0
2024-06-13 22:00:00,0.9281006,6.4269257,288.5556,100664.08,51.25,6.0
2024-06-13 23:00:00,0.2487793,6.4467773,288.2964,100591.7,51.25,6.0
2024-06-14 00:00:00,-0.5012512,6.960434,288.14905,100527.22,51.25,6.0
2024-06-14 01:00:00,0.013977051,7.536484,287.97595,100477.055,51.25,6.0
2024-06-14 02:00:00,1.4994049,7.61467,287.85657,100418.34,51.25,6.0
2024-06-14 03:00:00,3.2134094,7.001419,287.2721,100406.97,51.25,6.0
2024-06-14 04:00:00,2.632431,6.7146454,286.79977,100408.09,51.25,6.0
2024-06-14 05:00:00,0.7507019,6.824951,286.6381,100368.22,51.25,6.0
2024-06-14 06:00:00,-0.9566498,7.007965,286.68408,100310.11,51.25,6.0
2024-06-14 07:00:00,-1.4446564,6.481903,287.44656,100290.414,51.25,6.0
2024-06-14 08:00:00,-0.87117004,6.8161926,288.7973,100273.67,51.25,6.0
2024-06-14 09:00:00,1.3764038,8.374664,289.94934,100267.234,51.25,6.0
2024-06-14 10:00:00,2.6865692,7.1611633,289.7726,100227.33,51.25,6.0
2024-06-14 11:00:00,2.1463623,6.033432,290.0584,100212.53,51.25,6.0
2024-06-14 12:00:00,2.339569,6.0664673,290.37164,100181.97,51.25,6.0
2024-06-14 13:00:00,2.347702,5.324692,290.5567,100192.95,51.25,6.0
2024-06-14 14:00:00,3.0585175,5.3285522,290.63425,100183.29,51.25,6.0
2024-06-14 15:00:00,2.1778717,4.328171,291.06787,100137.96,51.25,6.0
2024-06-14 16:00:00,1.4044952,4.1441345,292.2837,100079.45,51.25,6.0
2024-06-14 17:00:00,1.8934784,4.390869,292.8122,100031.305,51.25,6.0
2024-06-14 18:00:00,0.6493988,3.4897919,291.48145,99983.86,51.25,6.0
2024-06-14 19:00:00,-1.3190918,4.3206635,290.78583,99914.516,51.25,6.0
2024-06-14 20:00:00,-2.1507568,5.8755035,290.061,99894.69,51.25,6.0
2024-06-14 21:00:00,-1.3416443,6.7319183,288.953,99848.0,51.25,6.0
2024-06-14 22:00:00,0.24879456,5.6445007,288.79144,99699.14,51.25,6.0
2024-06-14 23:00:00,2.1484222,6.4899445,288.43414,99701.12,51.25,6.0
2024-06-15 00:00:00,4.111328,6.162277,287.99094,99640.66,51.25,6.0
2024-06-15 01:00:00,4.768753,5.76651,287.69788,99616.94,51.25,6.0
2024-06-15 02:00:00,3.78125,5.6719055,287.37653,99582.58,51.25,6.0
2024-06-15 03:00:00,3.3332977,7.632324,287.0058,99553.39,51.25,6.0
2024-06-15 04:00:00,5.7187653,8.393936,286.33527,99627.805,51.25,6.0
2024-06-15 05:00:00,7.817734,8.054718,286.35315,99685.64,51.25,6.0
2024-06-15 06:00:00,8.910492,7.8041077,285.84918,99770.81,51.25,6.0
2024-06-15 07:00:00,9.732361,8.25827,286.2081,99823.41,51.25,6.0
2024-06-15 08:00:00,10.491028,7.76709,287.05023,99906.81,51.25,6.0
2024-06-15 09:00:00,11.313446,7.4207306,287.76862,99931.25,51.25,6.0
2024-06-15 10:00:00,8.37764,6.836899,288.8415,100010.53,51.25,6.0
2024-06-15 11:00:00,8.512985,7.2551727,289.8837,100050.14,51.25,6.0
2024-06-15 12:00:00,8.108948,7.832733,290.5689,100065.66,51.25,6.0
2024-06-15 13:00:00,7.834961,8.341614,290.77686,100095.86,51.25,6.0
2024-06-15 14:00:00,7.2111816,8.416855,291.2157,100115.76,51.25,6.0
2024-06-15 15:00:00,6.415573,8.953354,291.48465,100077.766,51.25,6.0
2024-06-15 16:00:00,6.4114075,9.569595,291.34088,100076.28,51.25,6.0
2024-06-15 17:00:00,6.4643555,8.32756,290.74194,100097.38,51.25,6.0
2024-06-15 18:00:00,6.19928,7.5244904,290.13522,100128.29,51.25,6.0
2024-06-15 19:00:00,4.5432434,7.2436676,289.6767,100148.805,51.25,6.0
2024-06-15 20:00:00,4.3414764,7.540695,289.31256,100166.42,51.25,6.0
2024-06-15 21:00:00,4.197342,7.4599304,288.57306,100209.94,51.25,6.0
2024-06-15 22:00:00,3.7255402,7.519623,287.41403,100190.69,51.25,6.0
2024-06-15 23:00:00,3.535019,7.3221436,287.06244,100166.7,51.25,6.0
2024-06-16 00:00:00,3.1857452,7.382904,286.79388,100139.91,51.25,6.0
2024-06-16 01:00:00,3.0213776,7.3458557,286.64932,100133.41,51.25,6.0
2024-06-16 02:00:00,3.4030914,7.061783,286.6275,100142.375,51.25,6.0
2024-06-16 03:00:00,3.2746582,7.051544,286.44272,100163.28,51.25,6.0
2024-06-16 04:00:00,2.5040894,7.18602,286.17017,100160.86,51.25,6.0
2024-06-16 05:00:00,2.1712952,7.2322845,286.52432,100167.24,51.25,6.0
2024-06-16 06:00:00,2.1506042,7.066101,287.58923,100167.76,51.25,6.0
2024-06-16 07:00:00,2.2690735,7.318741,288.41528,100163.16,51.25,6.0
2024-06-16 08:00:00,2.528473,7.658264,288.73715,100166.016,51.25,6.0
2024-06-16 09:00:00,3.187088,7.9458923,289.24463,100143.805,51.25,6.0
2024-06-16 10:00:00,3.9139252,7.6685944,289.27618,100138.4,51.25,6.0
2024-06-16 11:00:00,2.844101,6.887329,289.39163,100169.875,51.25,6.0
2024-06-16 12:00:00,2.284134,7.4578705,288.27866,100152.8,51.25,6.0
2024-06-16 13:00:00,2.0089264,7.4601746,288.02234,100152.04,51.25,6.0
2024-06-16 14:00:00,2.8907166,6.4512024,289.01486,100127.91,51.25,6.0
2024-06-16 15:00:00,4.2124634,5.3907623,289.49554,100118.21,51.25,6.0
2024-06-16 16:00:00,3.7219696,4.4234314,290.02747,100129.07,51.25,6.0
2024-06-16 17:00:00,4.6114044,4.0833893,290.73416,100150.234,51.25,6.0
2024-06-16 18:00:00,4.138443,4.461563,290.69757,100186.73,51.25,6.0
2024-06-16 19:00:00,3.3403168,4.9585724,290.10507,100255.625,51.25,6.0
2024-06-16 20:00:00,2.8398895,5.16156,288.64722,100297.516,51.25,6.0
2024-06-16 21:00:00,2.829239,5.3012238,287.91876,100343.92,51.25,6.0
2024-06-16 22:00:00,2.9065552,5.8162537,287.57318,100386.72,51.25,6.0
2024-06-16 23:00:00,3.5015259,4.9971313,287.45074,100399.56,51.25,6.0
2024-06-17 00:00:00,3.2912598,4.5851593,287.41174,100399.375,51.25,6.0
2024-06-17 01:00:00,3.1806793,5.109024,287.11676,100423.914,51.25,6.0
2024-06-17 02:00:00,3.0875702,5.0733337,287.08197,100402.125,51.25,6.0
2024-06-17 03:00:00,3.230606,5.082657,287.0077,100428.8,51.25,6.0
2024-06-17 04:00:00,3.2600708,5.0178223,287.1184,100459.28,51.25,6.0
2024-06-17 05:00:00,2.9719849,4.653656,287.62427,100484.06,51.25,6.0
2024-06-17 06:00:00,2.3287048,3.780365,288.54663,100522.05,51.25,6.0
2024-06-17 07:00:00,3.350586,4.0353394,289.45142,100560.33,51.25,6.0
2024-06-17 08:00:00,2.9512177,3.2306519,290.23102,100596.37,51.25,6.0
2024-06-17 09:00:00,3.0794525,3.4174347,290.64084,100615.59,51.25,6.0
2024-06-17 10:00:00,3.3864136,1.659729,290.5255,100667.16,51.25,6.0
2024-06-17 11:00:00,3.5010986,1.9081116,291.7788,100712.375,51.25,6.0
2024-06-17 12:00:00,3.5959167,2.0132751,292.11942,100704.09,51.25,6.0
2024-06-17 13:00:00,3.8448334,2.0915375,293.00867,100724.484,51.25,6.0
2024-06-17 14:00:00,3.6569824,1.9868011,293.6131,100725.984,51.25,6.0
2024-06-17 15:00:00,3.592926,1.8450623,294.26147,100740.055,51.25,6.0
2024-06-17 16:00:00,4.365677,1.9414825,294.25598,100733.67,51.25,6.0
2024-06-17 17:00:00,4.0049896,-0.59716797,293.76453,100751.49,51.25,6.0
2024-06-17 18:00:00,3.0164948,-1.1588593,293.14752,100794.69,51.25,6.0
2024-06-17 19:00:00,1.8895569,-1.0873566,292.54236,100832.22,51.25,6.0
2024-06-17 20:00:00,0.39949036,-1.1023102,291.70792,100872.77,51.25,6.0
2024-06-17 21:00:00,-0.9565582,-0.36491394,288.92017,100929.85,51.25,6.0
2024-06-17 22:00:00,-1.6143646,0.6432495,287.15906,100935.266,51.25,6.0
2024-06-17 23:00:00,-1.3511047,2.403366,286.6176,100962.5,51.25,6.0
2024-06-18 00:00:00,-0.97442627,3.4773712,286.33774,100941.11,51.25,6.0
2024-06-18 01:00:00,-0.60787964,2.999771,286.20358,100938.34,51.25,6.0
2024-06-18 02:00:00,-1.4172058,2.335617,286.2615,100902.48,51.25,6.0
2024-06-18 03:00:00,-3.0356445,2.7612915,286.88004,100881.8,51.25,6.0
2024-06-18 04:00:00,-3.2245636,3.234497,287.38278,100874.25,51.25,6.0
2024-06-18 05:00:00,-3.4028778,2.8901672,288.15576,100872.19,51.25,6.0
2024-06-18 06:00:00,-3.2765656,2.298645,289.1936,100875.24,51.25,6.0
2024-06-18 07:00:00,-2.3137817,1.8150024,290.146,100902.36,51.25,6.0
2024-06-18 08:00:00,-2.6181335,1.0384064,291.25494,100873.234,51.25,6.0
2024-06-18 09:00:00,-2.347046,0.50302124,292.44904,100823.22,51.25,6.0
2024-06-18 10:00:00,-1.8641052,-1.1685181,292.37753,100806.09,51.25,6.0
2024-06-18 11:00:00,-1.3716888,-0.17344666,292.27057,100773.49,51.25,6.0
2024-06-18 12:00:00,-1.3433533,-0.63623047,292.08365,100713.72,51.25,6.0
2024-06-18 13:00:00,-0.84513855,-1.516098,292.09833,100683.14,51.25,6.0
2024-06-18 14:00:00,-0.010757446,-2.751358,291.79175,100673.95,51.25,6.0
2024-06-18 15:00:00,-0.5151825,-4.7056274,290.56476,100717.94,51.25,6.0
2024-06-18 16:00:00,-1.304184,-4.792343,290.04922,100704.484,51.25,6.0
2024-06-18 17:00:00,-2.1256561,-4.352112,289.80847,100743.53,51.25,6.0
2024-06-18 18:00:00,-2.4203186,-4.6105347,289.36002,100754.555,51.25,6.0
2024-06-18 19:00:00,-2.6775818,-5.5318146,289.06458,100755.016,51.25,6.0
2024-06-18 20:00:00,-3.0962372,-5.0093536,288.77472,100786.58,51.25,6.0
2024-06-18 21:00:00,-3.4235535,-4.7077484,288.45963,100812.18,51.25,6.0
2024-06-18 22:00:00,-2.9657593,-2.8554382,288.39844,100859.31,51.25,6.0
2024-06-18 23:00:00,-2.258667,-3.8776398,288.10123,100915.28,51.25,6.0
2024-06-19 00:00:00,-2.521515,-5.095215,287.8644,100882.31,51.25,6.0
2024-06-19 01:00:00,-0.8187866,-4.721237,287.606,100935.74,51.25,6.0
2024-06-19 02:00:00,-0.44818115,-5.34021,287.30273,100931.125,51.25,6.0
2024-06-19 03:00:00,-1.4747772,-5.3296356,287.26447,100882.47,51.25,6.0
2024-06-19 04:00:00,-0.9416046,-4.1703796,287.31873,101048.31,51.25,6.0
2024-06-19 05:00:00,-1.1518097,-4.659439,287.47256,101079.695,51.25,6.0
2024-06-19 06:00:00,-2.3637695,-5.464264,287.80157,101102.83,51.25,6.0
2024-06-19 07:00:00,-2.7453003,-5.0607147,288.31952,101145.734,51.25,6.0
2024-06-19 08:00:00,-2.707077,-4.5507355,288.8904,101214.92,51.25,6.0
2024-06-19 09:00:00,-2.3632202,-4.691818,289.8566,101275.55,51.25,6.0
2024-06-19 10:00:00,-2.5858765,-3.1809845,290.53546,101316.32,51.25,6.0
2024-06-19 11:00:00,-1.9652863,-3.2765045,291.4397,101381.55,51.25,6.0
2024-06-19 12:00:00,-1.7981567,-3.7143402,292.46954,101370.45,51.25,6.0
2024-06-19 13:00:00,-1.3749237,-3.3513947,292.85632,101416.3,51.25,6.0
2024-06-19 14:00:00,-1.0706329,-4.07222,293.23267,101452.734,51.25,6.0
2024-06-19 15:00:00,-1.2731476,-4.2030945,293.50293,101443.18,51.25,6.0
2024-06-19 16:00:00,-1.3496246,-3.7880554,293.69986,101446.42,51.25,6.0
2024-06-19 17:00:00,-1.3354797,-4.077072,293.6678,101444.2,51.25,6.0
2024-06-19 18:00:00,-1.493103,-4.5657196,292.78955,101496.49,51.25,6.0
2024-06-19 19:00:00,-1.8810272,-4.712433,291.67615,101556.26,51.25,6.0
2024-06-19 20:00:00,-2.7543488,-5.17276,289.8145,101600.91,51.25,6.0
2024-06-19 21:00:00,-3.3857574,-5.5458527,288.3108,101643.516,51.25,6.0
2024-06-19 22:00:00,-3.9978027,-5.399811,287.39844,101623.23,51.25,6.0
2024-06-19 23:00:00,-5.3305664,-4.3815155,286.88928,101679.66,51.25,6.0
2024-06-20 00:00:00,-5.337433,-3.6117249,286.44342,101603.67,51.25,6.0
2024-06-20 01:00:00,-4.446686,-2.6181335,285.64267,101700.984,51.25,6.0
2024-06-20 02:00:00,-5.640579,-2.1044006,285.29285,101631.05,51.25,6.0
2024-06-20 03:00:00,-5.660385,-1.6019287,285.0327,101624.36,51.25,6.0
2024-06-20 04:00:00,-5.7984924,-1.1776123,285.1242,101593.56,51.25,6.0
2024-06-20 05:00:00,-5.557373,-1.9052582,286.24097,101543.7,51.25,6.0
2024-06-20 06:00:00,-5.2246094,-0.9854584,287.305,101529.69,51.25,6.0
2024-06-20 07:00:00,-4.2871857,-0.24472046,288.83453,101544.41,51.25,6.0
2024-06-20 08:00:00,-3.565445,-1.0387878,290.65622,101513.08,51.25,6.0
2024-06-20 09:00:00,-4.027588,-1.8268433,292.28928,101452.25,51.25,6.0
2024-06-20 10:00:00,-4.2601013,-2.0978851,293.44403,101386.22,51.25,6.0
2024-06-20 11:00:00,-4.686966,-1.835083,293.42087,101360.3,51.25,6.0
2024-06-20 12:00:00,-4.5203094,-1.7704163,292.92706,101342.85,51.25,6.0
2024-06-20 13:00:00,-4.2785034,-1.2709808,292.8203,101341.54,51.25,6.0
2024-06-20 14:00:00,-4.5030212,-1.71315,292.46155,101265.02,51.25,6.0
2024-06-20 15:00:00,-4.662567,-1.1143341,292.4772,101200.64,51.25,6.0
2024-06-20 16:00:00,-3.5487976,-1.053009,292.07733,101163.875,51.25,6.0
2024-06-20 17:00:00,-3.1873627,-1.2427673,292.0501,101128.03,51.25,6.0
2024-06-20 18:00:00,-2.1387482,-2.885559,291.59592,101078.46,51.25,6.0
2024-06-20 19:00:00,-1.7227478,-4.3586273,291.30524,101065.69,51.25,6.0
2024-06-20 20:00:00,-1.8345947,-4.7373505,290.80804,101047.266,51.25,6.0
2024-06-20 21:00:00,-2.2203064,-3.8074188,290.4225,101066.52,51.25,6.0
2024-06-20 22:00:00,-3.347046,-3.2471771,290.76852,101059.94,51.25,6.0
2024-06-20 23:00:00,-2.544159,-1.826477,290.4785,101027.625,51.25,6.0
2024-06-21 00:00:00,-1.9008942,-1.899231,290.14264,100945.125,51.25,6.0
2024-06-21 01:00:00,-0.65663147,-1.9108887,289.96478,100946.42,51.25,6.0
2024-06-21 02:00:00,-0.78263855,-2.7569733,289.5617,100874.7,51.25,6.0
2024-06-21 03:00:00,-1.0181274,-2.5539398,289.40475,100831.97,51.25,6.0
2024-06-21 04:00:00,-1.124176,-2.6935425,289.00903,100777.375,51.25,6.0
2024-06-21 05:00:00,-1.2795563,-0.8759613,289.47003,100802.06,51.25,6.0
2024-06-21 06:00:00,-0.20318604,-0.08868408,290.1172,100762.086,51.25,6.0
2024-06-21 07:00:00,0.8812103,0.033447266,290.81058,100772.7,51.25,6.0
2024-06-21 08:00:00,0.55978394,-1.2157593,291.24048,100730.0,51.25,6.0
2024-06-21 09:00:00,0.114990234,-1.0474396,290.96597,100691.73,51.25,6.0
2024-06-21 10:00:00,-0.37913513,-0.6069946,291.2527,100696.57,51.25,6.0
2024-06-21 11:00:00,0.7209778,0.8650665,292.11807,100648.18,51.25,6.0
2024-06-21 12:00:00,1.1814117,1.427002,292.15005,100617.95,51.25,6.0
2024-06-21 13:00:00,3.8251038,2.3353271,291.81488,100550.13,51.25,6.0
2024-06-21 14:00:00,5.629303,-0.40538025,291.27414,100542.62,51.25,6.0
2024-06-21 15:00:00,6.5504913,-1.8137054,290.51013,100542.67,51.25,6.0
2024-06-21 16:00:00,7.9471283,-1.7642212,290.07443,100566.42,51.25,6.0
2024-06-21 17:00:00,8.352753,-1.2562561,289.67798,100602.516,51.25,6.0
2024-06-21 18:00:00,8.2699585,-0.4740448,288.74347,100653.83,51.25,6.0
2024-06-21 19:00:00,6.716675,0.20478821,288.36838,100701.54,51.25,6.0
2024-06-21 20:00:00,5.4603577,1.3981628,287.93784,100756.01,51.25,6.0
2024-06-21 21:00:00,5.01001,2.569107,287.64282,100806.64,51.25,6.0
2024-06-21 22:00:00,4.2042084,4.0730743,286.75983,100849.59,51.25,6.0
2024-06-21 23:00:00,4.468872,4.676941,286.21866,100810.06,51.25,6.0
2024-06-22 00:00:00,5.429016,4.903549,286.06717,100756.11,51.25,6.0
2024-06-22 01:00:00,5.460785,4.7222595,286.16693,100770.0,51.25,6.0
2024-06-22 02:00:00,5.961685,4.669693,286.12817,100751.28,51.25,6.0
2024-06-22 03:00:00,6.180954,4.3436737,285.84424,100730.234,51.25,6.0
2024-06-22 04:00:00,5.9277344,3.7236176,285.67935,100713.79,51.25,6.0
2024-06-22 05:00:00,5.8984222,3.2392426,286.57578,100742.61,51.25,6.0
2024-06-22 06:00:00,5.2545624,2.6111908,287.60443,100756.1,51.25,6.0
2024-06-22 07:00:00,6.2243958,2.1609497,287.96924,100783.016,51.25,6.0
2024-06-22 08:00:00,6.027588,1.6500092,288.50153,100801.92,51.25,6.0
2024-06-22 09:00:00,5.82251,1.5466614,289.4077,100814.63,51.25,6.0
2024-06-22 10:00:00,4.642746,0.92619324,291.11707,100864.05,51.25,6.0
2024-06-22 11:00:00,5.281372,0.7752991,292.28033,100850.56,51.25,6.0
2024-06-22 12:00:00,5.311203,0.3889923,293.14856,100847.41,51.25,6.0
2024-06-22 13:00:00,4.8916473,0.35853577,293.3159,100868.44,51.25,6.0
2024-06-22 14:00:00,4.724823,0.42411804,293.38043,100894.44,51.25,6.0
2024-06-22 15:00:00,5.068924,0.49964905,293.16418,100900.38,51.25,6.0
2024-06-22 16:00:00,5.368454,0.20567322,292.77808,100910.0,51.25,6.0
2024-06-22 17:00:00,4.9358673,-0.20643616,292.59125,100940.484,51.25,6.0
2024-06-22 18:00:00,3.9466248,-0.12591553,292.1123,100984.445,51.25,6.0
2024-06-22 19:00:00,3.745819,0.108551025,291.47345,101019.98,51.25,6.0
2024-06-22 20:00:00,4.049179,0.15374756,289.4803,101062.91,51.25,6.0
2024-06-22 21:00:00,4.134674,0.09384155,288.57074,101119.305,51.25,6.0
2024-06-22 22:00:00,3.3193817,-0.4644928,287.0573,101168.234,51.25,6.0
2024-06-22 23:00:00,2.88385,0.037078857,286.55017,101177.11,51.25,6.0
2024-06-23 00:00:00,3.0374146,0.8118744,286.5158,101217.19,51.25,6.0
2024-06-23 01:00:00,3.7645264,0.59243774,286.18567,101243.6,51.25,6.0
2024-06-23 02:00:00,4.511307,0.2805786,285.93134,101270.75,51.25,6.0
2024-06-23 03:00:00,4.6230927,0.21655273,286.0157,101275.66,51.25,6.0
2024-06-23 04:00:00,4.666641,-0.21333313,285.76593,101310.58,51.25,6.0
2024-06-23 05:00:00,4.0119476,-0.017196655,287.2119,101340.266,51.25,6.0
2024-06-23 06:00:00,2.324173,0.7465668,288.90326,101385.61,51.25,6.0
2024-06-23 07:00:00,1.7447357,1.0150299,290.6869,101437.03,51.25,6.0
2024-06-23 08:00:00,1.6721191,1.2494049,292.2709,101487.69,51.25,6.0
2024-06-23 09:00:00,1.6678619,1.3401947,293.5414,101479.234,51.25,6.0
2024-06-23 10:00:00,1.2015076,1.460907,294.48376,101473.766,51.25,6.0
2024-06-23 11:00:00,1.3266449,0.9694977,295.43506,101478.72,51.25,6.0
2024-06-23 12:00:00,1.5085907,0.6990509,295.97888,101478.09,51.25,6.0
2024-06-23 13:00:00,1.954956,0.28269958,296.60718,101455.67,51.25,6.0
2024-06-23 14:00:00,2.2962036,-0.6104584,296.898,101447.53,51.25,6.0
2024-06-23 15:00:00,2.2936096,-1.6411285,297.04846,101429.06,51.25,6.0
2024-06-23 16:00:00,2.2154388,-2.2813568,297.17596,101432.09,51.25,6.0
2024-06-23 17:00:00,1.8157196,-2.5990906,297.05597,101444.48,51.25,6.0
2024-06-23 18:00:00,1.3877869,-3.0886993,296.35452,101470.34,51.25,6.0
2024-06-23 19:00:00,1.2079468,-4.068268,294.90503,101486.625,51.25,6.0
2024-06-23 20:00:00,0.79901123,-5.235031,292.44812,101536.56,51.25,6.0
2024-06-23 21:00:00,0.028442383,-5.816437,290.97656,101578.125,51.25,6.0
2024-06-23 22:00:00,-1.1921692,-5.770111,289.6905,101579.28,51.25,6.0
2024-06-23 23:00:00,-1.9140167,-5.2037506,288.60492,101598.51,51.25,6.0
2024-06-24 00:00:00,-2.230194,-4.242798,287.44183,101587.05,51.25,6.0
2024-06-24 01:00:00,-2.318756,-3.6253357,286.4476,101574.08,51.25,6.0
2024-06-24 02:00:00,-2.1340637,-3.22641,286.59357,101572.45,51.25,6.0
2024-06-24 03:00:00,-2.0204773,-2.699463,286.74567,101565.59,51.25,6.0
2024-06-24 04:00:00,-1.8507996,-2.3703918,286.61307,101558.42,51.25,6.0
2024-06-24 05:00:00,-1.7979584,-2.1148376,288.8488,101568.54,51.25,6.0
2024-06-24 06:00:00,-1.53302,-1.3382721,291.20465,101596.234,51.25,6.0
2024-06-24 07:00:00,-1.2155304,-0.79629517,293.22455,101597.55,51.25,6.0
2024-06-24 08:00:00,-1.2874756,-0.81196594,295.0459,101587.42,51.25,6.0
2024-06-24 09:00:00,-1.5422058,-0.8189087,296.25226,101563.66,51.25,6.0
2024-06-24 10:00:00,-1.2244263,-0.7901764,297.2301,101511.92,51.25,6.0
2024-06-24 11:00:00,-1.5810852,-0.4060974,297.98956,101497.69,51.25,6.0
2024-06-24 12:00:00,-1.8475342,-0.43182373,298.26282,101456.91,51.25,6.0
2024-06-24 13:00:00,-1.9942932,-0.6441803,298.72107,101407.6,51.25,6.0
2024-06-24 14:00:00,-2.1914825,-0.76400757,299.03976,101381.22,51.25,6.0
2024-06-24 15:00:00,-2.481247,-0.8869629,299.32703,101334.19,51.25,6.0
2024-06-24 16:00:00,-2.6838684,-0.81217957,299.24612,101288.44,51.25,6.0
2024-06-24 17:00:00,-2.8227386,-1.1318207,298.85126,101271.61,51.25,6.0
2024-06-24 18:00:00,-3.056961,-1.8695221,298.18964,101251.266,51.25,6.0
2024-06-24 19:00:00,-3.4993134,-2.5740967,296.71637,101250.83,51.25,6.0
2024-06-24 20:00:00,-4.239807,-2.6676788,294.46844,101263.75,51.25,6.0
2024-06-24 21:00:00,-5.0975647,-2.1412964,293.2091,101295.125,51.25,6.0
2024-06-24 22:00:00,-5.7388306,-2.5169983,292.1124,101299.98,51.25,6.0
2024-06-24 23:00:00,-5.6030273,-2.1477814,291.33716,101261.5,51.25,6.0
2024-06-25 00:00:00,-5.373825,-2.183014,290.44113,101252.6,51.25,6.0
2024-06-25 01:00:00,-5.3449707,-2.2436523,289.66858,101190.78,51.25,6.0
2024-06-25 02:00:00,-5.3019104,-1.8876648,289.14603,101161.875,51.25,6.0
2024-06-25 03:00:00,-5.0855255,-1.3264923,288.4981,101164.72,51.25,6.0
2024-06-25 04:00:00,-4.8176575,-0.509079,288.94516,101149.08,51.25,6.0
2024-06-25 05:00:00,-4.3925323,0.07733154,290.52234,101146.41,51.25,6.0
2024-06-25 06:00:00,-3.59169,0.10891724,292.5571,101136.5,51.25,6.0
2024-06-25 07:00:00,-2.758545,-0.10205078,294.7045,101137.25,51.25,6.0
2024-06-25 08:00:00,-2.49852,-0.4723053,296.7026,101110.83,51.25,6.0
2024-06-25 09:00:00,-2.4537506,-1.2062378,298.03635,101093.73,51.25,6.0
2024-06-25 10:00:00,-3.0657349,-2.1068268,299.2428,101050.19,51.25,6.0
2024-06-25 11:00:00,-3.8379517,-2.0837402,299.85056,101020.45,51.25,6.0
2024-06-25 12:00:00,-3.88089,-1.7327423,300.40247,100988.16,51.25,6.0
2024-06-25 13:00:00,-3.7544098,-1.5101929,301.03705,100938.97,51.25,6.0
2024-06-25 14:00:00,-3.787445,-1.5691376,301.39972,100896.625,51.25,6.0
2024-06-25 15:00:00,-4.015152,-1.6410522,301.69138,100842.47,51.25,6.0
2024-06-25 16:00:00,-4.289032,-1.848053,301.63586,100777.89,51.25,6.0
2024-06-25 17:00:00,-4.329376,-2.0707245,301.32376,100755.63,51.25,6.0
2024-06-25 18:00:00,-4.4347687,-2.4526367,300.37653,100728.42,51.25,6.0
2024-06-25 19:00:00,-4.9581604,-2.8376617,299.12674,100738.83,51.25,6.0
2024-06-25 20:00:00,-5.5979156,-2.5156555,297.1974,100756.25,51.25,6.0
2024-06-25 21:00:00,-5.724869,-2.186554,295.59027,100791.375,51.25,6.0
2024-06-25 22:00:00,-6.171921,-2.0787964,294.21198,100774.92,51.25,6.0
2024-06-25 23:00:00,-5.691498,-0.8673248,292.79288,100772.61,51.25,6.0
2024-06-26 00:00:00,-5.16333,-0.017745972,291.779,100766.28,51.25,6.0
2024-06-26 01:00:00,-4.7144775,-0.1586914,290.76263,100748.03,51.25,6.0
2024-06-26 02:00:00,-4.614975,-0.46568298,290.08228,100702.17,51.25,6.0
2024-06-26 03:00:00,-5.0101776,-0.38911438,289.8332,100687.14,51.25,6.0
2024-06-26 04:00:00,-5.241516,-0.15480042,289.8947,100684.75,51.25,6.0
2024-06-26 05:00:00,-4.5463104,0.13734436,291.48615,100681.07,51.25,6.0
2024-06-26 06:00:00,-2.8575592,-0.6498871,293.79474,100671.375,51.25,6.0
2024-06-26 07:00:00,-1.6185303,-1.1311951,295.81543,100662.1,51.25,6.0
2024-06-26 08:00:00,-1.7787781,-1.243103,297.43585,100650.45,51.25,6.0
2024-06-26 09:00:00,-1.8105011,-1.5309601,298.8354,100635.39,51.25,6.0
2024-06-26 10:00:00,-1.5034332,-1.5016327,300.02963,100599.78,51.25,6.0
2024-06-26 11:00:00,-1.7444,-1.1175995,300.93155,100586.95,51.25,6.0
2024-06-26 12:00:00,-1.6511841,-0.8769989,301.57806,100559.22,51.25,6.0
2024-06-26 13:00:00,-1.4383698,-0.65586853,302.3417,100511.984,51.25,6.0
2024-06-26 14:00:00,-1.2998657,-0.12080383,302.67288,100453.11,51.25,6.0
2024-06-26 15:00:00,-0.74072266,-0.27690125,303.00717,100417.484,51.25,6.0
2024-06-26 16:00:00,-0.4837036,-0.68678284,302.96725,100386.49,51.25,6.0
2024-06-26 17:00:00,-0.35325623,-0.8822937,302.9712,100373.64,51.25,6.0
2024-06-26 18:00:00,-0.0693512,-1.0832825,302.1839,100379.2,51.25,6.0
2024-06-26 19:00:00,-0.35035706,-1.0289917,300.26752,100378.82,51.25,6.0
2024-06-26 20:00:00,0.10272217,-0.7301178,299.1582,100391.48,51.25,6.0
2024-06-26 21:00:00,0.5193329,-0.5848236,297.42157,100403.19,51.25,6.0
2024-06-26 22:00:00,-0.36795044,-1.2975311,296.068,100406.57,51.25,6.0
2024-06-26 23:00:00,1.159256,-0.97262573,292.99878,100370.875,51.25,6.0
2024-06-27 00:00:00,2.557846,-0.91833496,292.11633,100363.81,51.25,6.0
2024-06-27 01:00:00,3.2697449,-0.50834656,291.59665,100379.625,51.25,6.0
2024-06-27 02:00:00,4.384613,-0.48355103,291.60822,100340.92,51.25,6.0
2024-06-27 03:00:00,4.4042664,-0.28378296,291.27188,100332.19,51.25,6.0
2024-06-27 04:00:00,4.955261,0.11425781,291.26666,100337.11,51.25,6.0
2024-06-27 05:00:00,4.81868,0.34735107,292.71622,100365.5,51.25,6.0
2024-06-27 06:00:00,3.8342743,0.40441895,294.8861,100381.9,51.25,6.0
2024-06-27 07:00:00,2.848999,0.20733643,297.1247,100392.7,51.25,6.0
2024-06-27 08:00:00,2.9409943,-0.10697937,298.93884,100402.59,51.25,6.0
2024-06-27 09:00:00,3.0817566,-0.04359436,300.22754,100425.64,51.25,6.0
2024-06-27 10:00:00,2.975357,0.026535034,301.05276,100371.41,51.25,6.0
2024-06-27 11:00:00,3.4885406,0.6553955,301.86337,100367.375,51.25,6.0
2024-06-27 12:00:00,4.653549,0.7791748,302.2148,100361.375,51.25,6.0
2024-06-27 13:00:00,5.2989044,0.17211914,302.5342,100353.25,51.25,6.0
2024-06-27 14:00:00,4.217224,-0.1322174,302.80276,100361.04,51.25,6.0
2024-06-27 15:00:00,3.0697174,0.72320557,303.10468,100321.53,51.25,6.0
2024-06-27 16:00:00,3.3006744,1.6049347,302.71555,100314.21,51.25,6.0
2024-06-27 17:00:00,3.5140991,1.732666,302.10583,100295.25,51.25,6.0
2024-06-27 18:00:00,3.83609,2.2354736,300.24023,100302.05,51.25,6.0
2024-06-27 19:00:00,4.606415,2.5553894,298.75293,100356.78,51.25,6.0
2024-06-27 20:00:00,6.388672,1.1099396,297.65952,100418.484,51.25,6.0
2024-06-27 21:00:00,7.5566406,-1.3576813,296.1183,100513.73,51.25,6.0
2024-06-27 22:00:00,7.330673,-2.093811,294.02454,100616.875,51.25,6.0
2024-06-27 23:00:00,6.2680206,-0.09339905,292.88885,100631.516,51.25,6.0
2024-06-28 00:00:00,6.1425476,2.3582764,291.83722,100694.055,51.25,6.0
2024-06-28 01:00:00,6.8275146,2.2697601,290.71176,100705.03,51.25,6.0
2024-06-28 02:00:00,6.7480164,2.1841125,289.76416,100719.64,51.25,6.0
2024-06-28 03:00:00,6.3955536,2.745407,288.94235,100751.91,51.25,6.0
2024-06-28 04:00:00,6.400284,2.9369202,288.56207,100781.98,51.25,6.0
2024-06-28 05:00:00,6.0830383,2.6779022,288.76587,100847.45,51.25,6.0
2024-06-28 06:00:00,6.1036987,2.1855621,289.1267,100933.59,51.25,6.0
2024-06-28 07:00:00,6.7955933,1.2325745,290.26105,100984.234,51.25,6.0
2024-06-28 08:00:00,6.390518,1.467041,290.97217,101055.64,51.25,6.0
2024-06-28 09:00:00,5.86705,1.887146,291.94666,101095.38,51.25,6.0
2024-06-28 10:00:00,5.2471313,1.5898438,293.08527,101142.67,51.25,6.0
2024-06-28 11:00:00,5.752777,1.1096954,293.81232,101175.36,51.25,6.0
2024-06-28 12:00:00,4.898636,0.84451294,294.56378,101203.47,51.25,6.0
2024-06-28 13:00:00,4.250305,0.9718323,295.58185,101181.81,51.25,6.0
2024-06-28 14:00:00,4.7657013,1.3885651,295.94,101222.39,51.25,6.0
2024-06-28 15:00:00,4.4382935,0.93284607,296.0067,101190.59,51.25,6.0
2024-06-28 16:00:00,4.207779,0.47740173,296.3245,101169.03,51.25,6.0
2024-06-28 17:00:00,4.364273,0.39479065,296.2021,101206.01,51.25,6.0
2024-06-28 18:00:00,3.5263214,-0.54060364,295.38007,101208.39,51.25,6.0
2024-06-28 19:00:00,2.4913788,-1.7301178,293.98795,101239.41,51.25,6.0
2024-06-28 20:00:00,1.4741974,-2.8270874,290.84058,101269.0,51.25,6.0
2024-06-28 21:00:00,-0.13619995,-3.898758,288.63495,101318.234,51.25,6.0
2024-06-28 22:00:00,-0.85650635,-4.2324524,287.98108,101323.72,51.25,6.0
2024-06-28 23:00:00,-1.9781494,-3.8340454,287.4542,101293.234,51.25,6.0
2024-06-29 00:00:00,-2.6502075,-2.9960022,286.80096,101254.36,51.25,6.0
2024-06-29 01:00:00,-2.774475,-1.9396973,285.77936,101261.586,51.25,6.0
2024-06-29 02:00:00,-3.5270233,-1.6585083,285.2008,101245.03,51.25,6.0
2024-06-29 03:00:00,-3.8023682,-1.1728058,284.9867,101234.07,51.25,6.0
2024-06-29 04:00:00,-3.468277,-0.34947205,285.0088,101208.125,51.25,6.0
2024-06-29 05:00:00,-2.6834106,-0.48464966,286.70056,101152.19,51.25,6.0
2024-06-29 06:00:00,-1.8363495,-0.60694885,289.03607,101139.086,51.25,6.0
2024-06-29 07:00:00,-1.4002838,-0.8132324,291.5429,101115.74,51.25,6.0
2024-06-29 08:00:00,-1.3695831,-0.9841461,293.4463,101063.09,51.25,6.0
2024-06-29 09:00:00,-1.4244385,-0.833725,295.1098,101020.5,51.25,6.0
2024-06-29 10:00:00,-2.386551,-1.0319061,296.30975,100917.79,51.25,6.0
2024-06-29 11:00:00,-1.7059784,-0.45555115,297.22235,100897.19,51.25,6.0
2024-06-29 12:00:00,-1.9834442,-0.90393066,297.908,100826.55,51.25,6.0
2024-06-29 13:00:00,-2.0558624,-0.6614075,298.4618,100732.55,51.25,6.0
2024-06-29 14:00:00,-2.5127716,-1.2686157,298.90503,100634.14,51.25,6.0
2024-06-29 15:00:00,-2.8810577,-0.5991974,299.05487,100566.11,51.25,6.0
2024-06-29 16:00:00,-1.8607178,-0.64711,298.60797,100522.46,51.25,6.0
2024-06-29 17:00:00,-0.6663208,-2.7124023,297.42548,100455.16,51.25,6.0
2024-06-29 18:00:00,-0.37332153,-3.5738678,295.26468,100444.28,51.25,6.0
2024-06-29 19:00:00,-0.7838898,-5.586136,293.6367,100371.34,51.25,6.0
2024-06-29 20:00:00,-0.84999084,-6.741226,292.4732,100299.66,51.25,6.0
2024-06-29 21:00:00,-0.9138031,-6.8606415,291.67303,100269.16,51.25,6.0
2024-06-29 22:00:00,0.73857117,-3.0483704,291.11493,100262.09,51.25,6.0
2024-06-29 23:00:00,1.9521179,-1.6448364,290.31653,100276.09,51.25,6.0
2024-06-30 00:00:00,2.5278168,-4.8694305,289.78632,100163.92,51.25,6.0
2024-06-30 01:00:00,2.6180267,-5.1497498,289.5021,100094.375,51.25,6.0
2024-06-30 02:00:00,2.4243164,-4.3731384,289.32892,100101.09,51.25,6.0
2024-06-30 03:00:00,2.9412994,-4.1046295,289.23016,100099.01,51.25,6.0
2024-06-30 04:00:00,4.0246735,-3.657486,289.11285,100127.17,51.25,6.0
2024-06-30 05:00:00,4.4681854,-3.0707245,289.1095,100168.56,51.25,6.0
2024-06-30 06:00:00,4.646866,-2.7174835,289.07962,100222.15,51.25,6.0
2024-06-30 07:00:00,5.095352,-4.0753784,289.34766,100270.36,51.25,6.0
2024-06-30 08:00:00,4.4307556,-5.0856323,289.96405,100308.82,51.25,6.0
2024-06-30 09:00:00,3.7639923,-4.4083557,291.44727,100348.25,51.25,6.0
2024-06-30 10:00:00,2.6699219,-3.9179382,293.77197,100422.914,51.25,6.0
2024-06-30 11:00:00,3.590149,-3.387497,294.13077,100452.56,51.25,6.0
2024-06-30 12:00:00,4.2479095,-2.862671,294.41415,100488.28,51.25,6.0
2024-06-30 13:00:00,4.6947327,-2.5721588,294.5208,100534.61,51.25,6.0
2024-06-30 14:00:00,4.501404,-2.3245544,294.36493,100569.4,51.25,6.0
2024-06-30 15:00:00,5.0826416,-2.2661438,294.09048,100608.57,51.25,6.0
2024-06-30 16:00:00,5.0821075,-2.7204895,293.38257,100659.58,51.25,6.0
2024-06-30 17:00:00,4.4599304,-2.8415527,292.9531,100697.27,51.25,6.0
2024-06-30 18:00:00,3.4866486,-2.2091827,292.05194,100711.09,51.25,6.0
2024-06-30 19:00:00,3.3477325,-1.1889496,290.9652,100714.53,51.25,6.0
2024-06-30 20:00:00,3.9286957,-0.38253784,290.1195,100766.53,51.25,6.0
2024-06-30 21:00:00,4.3466187,-0.7479706,289.50415,100811.125,51.25,6.0
2024-06-30 22:00:00,3.9633484,-1.3684845,288.7953,100829.79,51.25,6.0
2024-06-30 23:00:00,4.3408966,-1.8098602,288.36176,100854.36,51.25,6.0
2024-07-01 00:00:00,4.553879,-1.5570526,287.89432,100868.445,51.25,6.0
2024-07-01 01:00:00,5.376602,-1.9136505,287.4524,100852.234,51.25,6.0
2024-07-01 02:00:00,5.70784,-2.2653809,286.83435,100864.0,51.25,6.0
2024-07-01 03:00:00,5.6493225,-2.6197815,286.40686,100878.86,51.25,6.0
2024-07-01 04:00:00,5.4075775,-2.6203156,285.9162,100916.016,51.25,6.0
2024-07-01 05:00:00,5.300827,-2.2502441,286.29248,100955.14,51.25,6.0
2024-07-01 06:00:00,5.140808,-2.3061981,287.28314,100985.39,51.25,6.0
2024-07-01 07:00:00,4.8885345,-3.4882355,288.14508,101020.55,51.25,6.0
2024-07-01 08:00:00,4.785858,-3.3363953,289.09738,101044.02,51.25,6.0
2024-07-01 09:00:00,5.001648,-2.9775085,289.70642,101078.07,51.25,6.0
2024-07-01 10:00:00,3.7175293,-2.0226898,290.0952,101085.83,51.25,6.0
2024-07-01 11:00:00,4.1402893,-1.539566,290.25812,101126.67,51.25,6.0
2024-07-01 12:00:00,4.2253723,-1.774643,291.01447,101124.89,51.25,6.0
2024-07-01 13:00:00,4.5823517,-2.248886,291.69226,101110.53,51.25,6.0
2024-07-01 14:00:00,4.903244,-2.8406525,291.88202,101108.67,51.25,6.0
2024-07-01 15:00:00,5.3410034,-2.6874542,291.6894,101087.875,51.25,6.0
2024-07-01 16:00:00,5.4090576,-3.1124115,291.69763,101089.37,51.25,6.0
2024-07-01 17:00:00,5.0971375,-3.0497131,291.60767,101095.516,51.25,6.0
2024-07-01 18:00:00,4.8409424,-2.7381134,291.09198,101107.18,51.25,6.0
2024-07-01 19:00:00,4.731476,-2.4853516,290.45972,101149.78,51.25,6.0
2024-07-01 20:00:00,4.647812,-1.8560944,289.21756,101152.72,51.25,6.0
2024-07-01 21:00:00,4.6440277,-0.89564514,288.6754,101170.85,51.25,6.0
2024-07-01 22:00:00,5.1246185,0.1595459,288.01862,101164.17,51.25,6.0
2024-07-01 23:00:00,5.4074554,0.9290314,287.57257,101174.58,51.25,6.0
2024-07-02 00:00:00,5.582596,2.2610016,287.68018,101112.38,51.25,6.0
2024-07-02 01:00:00,5.7326965,2.7158813,287.83044,101083.62,51.25,6.0
2024-07-02 02:00:00,5.9584503,3.1545258,287.80664,101038.52,51.25,6.0
2024-07-02 03:00:00,5.925003,3.1260529,287.69336,101020.29,51.25,6.0
2024-07-02 04:00:00,5.789917,3.1740723,287.61713,100999.76,51.25,6.0
2024-07-02 05:00:00,5.6826477,2.972641,287.46576,100971.28,51.25,6.0
2024-07-02 06:00:00,6.489395,2.4585419,287.46832,100978.83,51.25,6.0
2024-07-02 07:00:00,6.488373,2.039032,287.57245,100961.4,51.25,6.0
2024-07-02 08:00:00,6.4053345,1.1845703,287.66077,100960.21,51.25,6.0
2024-07-02 09:00:00,6.4324036,-0.34269714,287.9223,100939.61,51.25,6.0
2024-07-02 10:00:00,3.8901215,-0.9343872,288.72302,100918.16,51.25,6.0
2024-07-02 11:00:00,3.3024445,-1.1699219,288.93546,100933.86,51.25,6.0
2024-07-02 12:00:00,3.5386353,-2.7788696,288.9136,100935.02,51.25,6.0
2024-07-02 13:00:00,3.0197449,-4.3131866,289.00714,100947.6,51.25,6.0
2024-07-02 14:00:00,3.0558014,-4.7565765,289.14197,100935.92,51.25,6.0
2024-07-02 15:00:00,3.3809204,-4.472107,289.4095,100937.8,51.25,6.0
2024-07-02 16:00:00,3.6201935,-3.8777924,289.45425,100920.266,51.25,6.0
2024-07-02 17:00:00,3.881546,-3.6152039,289.63974,100914.03,51.25,6.0
2024-07-02 18:00:00,4.0636444,-3.800766,289.3664,100928.19,51.25,6.0
2024-07-02 19:00:00,4.1103973,-3.5800781,288.85016,100954.2,51.25,6.0
2024-07-02 20:00:00,4.0707397,-3.36026,288.0492,100975.42,51.25,6.0
2024-07-02 21:00:00,4.0083923,-3.2397766,287.29083,100982.33,51.25,6.0
2024-07-02 22:00:00,2.9925385,-2.831787,286.45804,100948.08,51.25,6.0
2024-07-02 23:00:00,3.6483002,-2.473587,285.76105,100918.81,51.25,6.0
2024-07-03 00:00:00,3.9135742,-2.283905,285.18732,100880.44,51.25,6.0
2024-07-03 01:00:00,4.0372314,-1.8012085,284.57275,100848.234,51.25,6.0
2024-07-03 02:00:00,4.135376,-1.4563904,284.32977,100815.555,51.25,6.0
2024-07-03 03:00:00,4.114105,-1.2466278,284.05426,100798.75,51.25,6.0
2024-07-03 04:00:00,3.3838043,-0.19488525,284.20972,100761.195,51.25,6.0
2024-07-03 05:00:00,2.7925415,1.1954346,285.2927,100718.55,51.25,6.0
2024-07-03 06:00:00,1.9519348,1.9659729,286.32263,100705.2,51.25,6.0
2024-07-03 07:00:00,1.9551239,2.250946,287.08008,100683.945,51.25,6.0
2024-07-03 08:00:00,2.8012695,2.5178986,287.49707,100669.99,51.25,6.0
2024-07-03 09:00:00,3.4957123,2.8932953,287.1576,100652.76,51.25,6.0
2024-07-03 10:00:00,4.9463654,2.8621674,286.48706,100608.14,51.25,6.0
2024-07-03 11:00:00,5.129074,2.8265839,286.01056,100594.36,51.25,6.0
2024-07-03 12:00:00,4.1611786,2.7864227,286.0924,100563.78,51.25,6.0
2024-07-03 13:00:00,3.8900452,2.9010925,286.94,100519.875,51.25,6.0
2024-07-03 14:00:00,4.061905,2.7923126,287.98608,100473.45,51.25,6.0
2024-07-03 15:00:00,4.3633575,2.3757782,288.31244,100434.82,51.25,6.0
2024-07-03 16:00:00,4.4241333,2.4412537,289.03842,100409.88,51.25,6.0
2024-07-03 17:00:00,4.12117,3.1862946,288.617,100373.984,51.25,6.0
2024-07-03 18:00:00,4.494583,3.095398,288.16364,100368.336,51.25,6.0
2024-07-03 19:00:00,4.1013794,3.6489105,287.8759,100338.53,51.25,6.0
2024-07-03 20:00:00,3.7009125,5.282028,287.39203,100340.58,51.25,6.0
2024-07-03 21:00:00,3.725006,6.445923,287.35468,100316.875,51.25,6.0
2024-07-03 22:00:00,4.762924,6.8960114,287.62286,100286.75,51.25,6.0
2024-07-03 23:00:00,4.7548676,6.9342346,287.67944,100218.3,51.25,6.0
2024-07-04 00:00:00,5.308258,7.1888885,287.80783,100163.81,51.25,6.0
2024-07-04 01:00:00,5.689621,7.2491913,287.80377,100097.414,51.25,6.0
2024-07-04 02:00:00,6.199997,6.774338,287.77777,100024.36,51.25,6.0
2024-07-04 03:00:00,7.2422485,6.1299744,287.76688,99999.14,51.25,6.0
2024-07-04 04:00:00,7.5926056,5.4558716,287.90408,99993.805,51.25,6.0
2024-07-04 05:00:00,7.484085,4.5818787,288.15143,100007.97,51.25,6.0
2024-07-04 06:00:00,7.2848663,3.0892792,288.44238,100053.92,51.25,6.0
2024-07-04 07:00:00,6.5568695,1.6467743,288.3171,100097.92,51.25,6.0
2024-07-04 08:00:00,5.8864594,0.51290894,288.61115,100155.66,51.25,6.0
2024-07-04 09:00:00,5.9604034,-1.3430634,288.90494,100227.16,51.25,6.0
2024-07-04 10:00:00,5.6417694,-1.7381287,290.18793,100283.766,51.25,6.0
2024-07-04 11:00:00,6.678421,-1.4321289,291.17053,100341.25,51.25,6.0
2024-07-04 12:00:00,7.2704315,-0.97021484,292.1787,100349.555,51.25,6.0
2024-07-04 13:00:00,7.2786407,-1.128128,292.68155,100377.61,51.25,6.0
2024-07-04 14:00:00,6.9087524,-1.0493317,292.8536,100381.38,51.25,6.0
2024-07-04 15:00:00,7.0101776,-1.0785675,293.03516,100416.75,51.25,6.0
2024-07-04 16:00:00,7.1121826,-1.5138245,292.78137,100438.35,51.25,6.0
2024-07-04 17:00:00,6.320877,-2.3074493,292.3513,100470.2,51.25,6.0
2024-07-04 18:00:00,4.7596283,-2.74971,291.56183,100510.08,51.25,6.0
2024-07-04 19:00:00,3.892807,-2.086731,290.3692,100570.31,51.25,6.0
2024-07-04 20:00:00,3.3686523,-0.19642639,288.75806,100614.47,51.25,6.0
2024-07-04 21:00:00,4.3023987,2.6216736,287.50162,100646.8,51.25,6.0
2024-07-04 22:00:00,6.0352783,3.8176727,286.80505,100656.98,51.25,6.0
2024-07-04 23:00:00,7.1348877,3.8025055,286.76608,100662.625,51.25,6.0
2024-07-05 00:00:00,6.6131134,4.1093445,286.3817,100625.86,51.25,6.0
2024-07-05 01:00:00,6.4912567,4.2193604,286.4444,100615.64,51.25,6.0
2024-07-05 02:00:00,6.4351196,4.5920258,286.25806,100608.8,51.25,6.0
2024-07-05 03:00:00,6.3348236,4.8454742,286.32016,100590.19,51.25,6.0
2024-07-05 04:00:00,6.0920105,5.228363,286.3907,100585.89,51.25,6.0
2024-07-05 05:00:00,5.7868347,5.4977875,286.88898,100587.03,51.25,6.0
2024-07-05 06:00:00,5.0104065,5.6170807,287.4442,100581.8,51.25,6.0
2024-07-05 07:00:00,4.933136,5.757187,288.35254,100579.03,51.25,6.0
2024-07-05 08:00:00,5.290268,5.818878,288.8306,100594.28,51.25,6.0
2024-07-05 09:00:00,4.7144623,5.7700043,289.45474,100616.54,51.25,6.0
2024-07-05 10:00:00,3.9391022,5.692108,289.76654,100599.875,51.25,6.0
2024-07-05 11:00:00,4.2894745,5.7665405,289.5081,100633.36,51.25,6.0
2024-07-05 12:00:00,4.3242035,6.0335846,288.89532,100618.69,51.25,6.0
2024-07-05 13:00:00,3.3959503,5.9489136,288.9121,100586.91,51.25,6.0
2024-07-05 14:00:00,3.666336,5.9125214,289.43503,100534.734,51.25,6.0
2024-07-05 15:00:00,4.9026794,4.974045,289.78125,100506.01,51.25,6.0
2024-07-05 16:00:00,4.325012,3.826889,290.73517,100446.305,51.25,6.0
2024-07-05 17:00:00,2.8054047,3.4282684,291.6087,100383.34,51.25,6.0
2024-07-05 18:00:00,1.2183533,3.692459,292.09247,100327.234,51.25,6.0
2024-07-05 19:00:00,0.45410156,4.2501526,291.86572,100288.06,51.25,6.0
2024-07-05 20:00:00,0.014633179,4.6019897,290.64288,100241.06,51.25,6.0
2024-07-05 21:00:00,-0.32258606,5.3416443,290.339,100208.97,51.25,6.0
2024-07-05 22:00:00,0.7526703,7.262039,290.07574,100128.84,51.25,6.0
2024-07-05 23:00:00,1.7458496,7.379242,290.02795,100041.13,51.25,6.0
2024-07-06 00:00:00,1.8417358,7.7190704,290.14047,99979.68,51.25,6.0
2024-07-06 01:00:00,1.4841156,8.308441,290.30493,99896.36,51.25,6.0
2024-07-06 02:00:00,0.83270264,8.569565,290.08795,99794.125,51.25,6.0
2024-07-06 03:00:00,1.0176392,8.955597,290.12628,99750.5,51.25,6.0
2024-07-06 04:00:00,1.3728027,8.791046,290.23965,99686.984,51.25,6.0
2024-07-06 05:00:00,1.853363,8.265381,291.06696,99614.91,51.25,6.0
2024-07-06 06:00:00,2.3484955,7.784088,292.6039,99582.164,51.25,6.0
2024-07-06 07:00:00,2.4239197,7.039459,293.9246,99552.66,51.25,6.0
2024-07-06 08:00:00,4.9597473,7.6980896,294.44794,99528.805,51.25,6.0
2024-07-06 09:00:00,7.5210114,7.939026,294.5882,99538.516,51.25,6.0
2024-07-06 10:00:00,7.3231506,7.0907745,293.91962,99561.02,51.25,6.0
2024-07-06 11:00:00,8.82637,6.572296,293.04803,99653.72,51.25,6.0
2024-07-06 12:00:00,8.725632,5.9927673,292.322,99686.38,51.25,6.0
2024-07-06 13:00:00,10.283112,6.347824,292.11365,99773.21,51.25,6.0
2024-07-06 14:00:00,10.621185,6.611084,292.1963,99849.12,51.25,6.0
2024-07-06 15:00:00,11.32373,5.6695404,292.75494,99903.72,51.25,6.0
2024-07-06 16:00:00,11.73201,4.514084,292.64594,99989.56,51.25,6.0
2024-07-06 17:00:00,11.550262,3.479126,292.0754,100047.82,51.25,6.0
2024-07-06 18:00:00,10.268524,2.4889832,290.99408,100146.97,51.25,6.0
2024-07-06 19:00:00,9.617126,2.6066895,289.88675,100221.34,51.25,6.0
2024-07-06 20:00:00,8.741333,3.20961,288.41663,100305.39,51.25,6.0
2024-07-06 21:00:00,7.99823,4.042938,287.59674,100398.41,51.25,6.0
2024-07-06 22:00:00,7.884613,4.283737,286.77975,100519.875,51.25,6.0
2024-07-06 23:00:00,7.5904846,5.0242004,286.30927,100558.45,51.25,6.0
2024-07-07 00:00:00,7.389557,4.232559,285.76562,100595.44,51.25,6.0
2024-07-07 01:00:00,6.7954407,3.8008575,285.09445,100602.234,51.25,6.0
2024-07-07 02:00:00,6.3325195,3.9570312,284.6192,100618.125,51.25,6.0
2024-07-07 03:00:00,5.626602,4.7751617,284.2613,100674.56,51.25,6.0
2024-07-07 04:00:00,5.19606,5.2194977,284.12372,100715.02,51.25,6.0
2024-07-07 05:00:00,4.8223114,5.247162,284.84888,100720.97,51.25,6.0
2024-07-07 06:00:00,3.7935486,5.1644745,286.32468,100747.695,51.25,6.0
2024-07-07 07:00:00,3.9415283,5.5425873,287.98358,100793.31,51.25,6.0
2024-07-07 08:00:00,5.002716,5.772339,289.3545,100812.56,51.25,6.0
2024-07-07 09:00:00,5.4168854,6.061615,290.22702,100825.84,51.25,6.0
2024-07-07 10:00:00,4.547531,5.267746,290.85742,100846.234,51.25,6.0
2024-07-07 11:00:00,4.7864532,5.776184,291.2765,100856.08,51.25,6.0
2024-07-07 12:00:00,4.299637,5.9720917,291.84418,100839.0,51.25,6.0
2024-07-07 13:00:00,4.536377,6.1608734,292.40643,100848.88,51.25,6.0
2024-07-07 14:00:00,5.232376,5.4065857,292.44174,100848.64,51.25,6.0
2024-07-07 15:00:00,5.433197,4.3630524,292.3764,100857.14,51.25,6.0
2024-07-07 16:00:00,4.9145203,4.116867,292.45172,100854.92,51.25,6.0
2024-07-07 17:00:00,4.2993317,4.2656403,292.13562,100851.805,51.25,6.0
2024-07-07 18:00:00,3.45253,4.012665,291.56293,100872.09,51.25,6.0
2024-07-07 19:00:00,2.8766327,3.9212494,290.81665,100875.91,51.25,6.0
2024-07-07 20:00:00,2.6095886,3.6274872,289.9358,100908.99,51.25,6.0
2024-07-07 21:00:00,2.6043549,3.59227,289.34216,100969.3,51.25,6.0
2024-07-07 22:00:00,3.6287994,2.930954,288.5127,100971.15,51.25,6.0
2024-07-07 23:00:00,3.1191254,2.7107697,287.78558,100980.97,51.25,6.0
2024-07-08 00:00:00,4.2586365,2.3783264,287.12067,101027.67,51.25,6.0
2024-07-08 01:00:00,4.694351,2.0051422,286.21115,101054.16,51.25,6.0
2024-07-08 02:00:00,4.021332,2.2709808,285.79337,101043.06,51.25,6.0
2024-07-08 03:00:00,3.711792,2.9056091,285.31723,101089.89,51.25,6.0
2024-07-08 04:00:00,3.4719086,3.4957123,285.3179,101136.33,51.25,6.0
2024-07-08 05:00:00,2.916336,3.9518433,286.38428,101167.47,51.25,6.0
2024-07-08 06:00:00,2.1524048,3.503708,288.18933,101216.11,51.25,6.0
2024-07-08 07:00:00,1.3796844,2.5245514,290.20477,101240.125,51.25,6.0
2024-07-08 08:00:00,1.7660675,2.486023,291.6936,101277.8,51.25,6.0
2024-07-08 09:00:00,1.6987915,2.6779633,292.3241,101271.836,51.25,6.0
2024-07-08 10:00:00,1.892456,1.8085327,293.8687,101272.19,51.25,6.0
2024-07-08 11:00:00,1.9241791,2.0633545,294.54163,101269.625,51.25,6.0
2024-07-08 12:00:00,1.862442,1.4813538,295.14,101247.11,51.25,6.0
2024-07-08 13:00:00,1.7904663,0.9523468,295.26584,101237.64,51.25,6.0
2024-07-08 14:00:00,1.3636627,0.66033936,295.21973,101225.03,51.25,6.0
2024-07-08 15:00:00,1.063858,-0.19210815,295.22168,101195.76,51.25,6.0
2024-07-08 16:00:00,0.9361267,-1.7701416,294.97113,101202.69,51.25,6.0
2024-07-08 17:00:00,0.1839447,-2.9488983,294.48785,101219.375,51.25,6.0
2024-07-08 18:00:00,-0.61383057,-3.4220428,293.66064,101244.56,51.25,6.0
2024-07-08 19:00:00,-1.8815308,-3.950531,292.9187,101261.484,51.25,6.0
2024-07-08 20:00:00,-2.929718,-3.6820984,292.05444,101283.2,51.25,6.0
2024-07-08 21:00:00,-4.1825714,-3.308838,291.68842,101291.2,51.25,6.0
2024-07-08 22:00:00,-6.449356,-1.5430908,290.85236,101248.516,51.25,6.0
2024-07-08 23:00:00,-6.509674,-0.9701996,290.37677,101223.4,51.25,6.0
2024-07-09 00:00:00,-6.66922,0.3811798,290.04486,101152.99,51.25,6.0
2024-07-09 01:00:00,-5.5859222,1.8391418,289.64594,101144.35,51.25,6.0
2024-07-09 02:00:00,-5.279907,2.595871,289.37195,101085.336,51.25,6.0
2024-07-09 03:00:00,-4.087204,3.6078033,288.93225,101058.484,51.25,6.0
2024-07-09 04:00:00,-3.497284,3.9048157,288.60626,101041.16,51.25,6.0
2024-07-09 05:00:00,-3.2355804,4.226074,289.7216,101019.25,51.25,6.0
2024-07-09 06:00:00,-3.5525208,4.11615,292.19678,100994.7,51.25,6.0
2024-07-09 07:00:00,-3.0908356,3.4821014,294.38812,100955.97,51.25,6.0
2024-07-09 08:00:00,-2.3948975,3.0345154,296.41235,100956.016,51.25,6.0
2024-07-09 09:00:00,-2.245819,3.0813293,298.10583,100931.516,51.25,6.0
2024-07-09 10:00:00,-2.7873077,2.4596863,299.82693,100896.06,51.25,6.0
2024-07-09 11:00:00,-3.2409363,2.348297,301.35864,100844.64,51.25,6.0
2024-07-09 12:00:00,-2.8836212,3.6914673,302.33447,100791.55,51.25,6.0
2024-07-09 13:00:00,-2.7620392,4.223282,303.0853,100696.734,51.25,6.0
2024-07-09 14:00:00,-3.3332214,3.7534027,303.66583,100634.43,51.25,6.0
2024-07-09 15:00:00,-4.1541443,4.124588,304.06134,100558.56,51.25,6.0
2024-07-09 16:00:00,-4.407654,5.076233,304.0434,100486.36,51.25,6.0
2024-07-09 17:00:00,-4.391617,4.823471,303.17548,100412.75,51.25,6.0
2024-07-09 18:00:00,-1.6276855,5.857544,299.2412,100456.77,51.25,6.0
2024-07-09 19:00:00,2.9492188,5.7122498,295.4132,100569.766,51.25,6.0
2024-07-09 20:00:00,1.5150452,5.4562225,293.60864,100615.99,51.25,6.0
2024-07-09 21:00:00,1.8942719,5.893982,292.8021,100647.0,51.25,6.0
2024-07-09 22:00:00,3.615509,5.7596893,292.30603,100721.36,51.25,6.0
2024-07-09 23:00:00,6.6605225,2.3006744,291.60828,100761.58,51.25,6.0
2024-07-10 00:00:00,5.941284,1.125473,291.2433,100830.47,51.25,6.0
2024-07-10 01:00:00,4.496109,1.3308105,290.89508,100875.41,51.25,6.0
2024-07-10 02:00:00,3.7199097,2.4906158,290.70764,100858.445,51.25,6.0
2024-07-10 03:00:00,3.1033936,3.614151,290.5688,100902.32,51.25,6.0
2024-07-10 04:00:00,2.650711,4.32341,290.6115,100914.516,51.25,6.0
2024-07-10 05:00:00,1.7617035,4.515167,290.7868,100949.58,51.25,6.0
2024-07-10 06:00:00,0.9028778,4.4507904,291.77707,100962.93,51.25,6.0
2024-07-10 07:00:00,0.7181854,4.6512756,293.01453,100986.445,51.25,6.0
2024-07-10 08:00:00,1.204483,3.9914093,294.33087,101008.28,51.25,6.0
2024-07-10 09:00:00,2.6078644,3.920227,295.55005,100986.36,51.25,6.0
2024-07-10 10:00:00,3.5032349,3.832489,296.294,101011.21,51.25,6.0
2024-07-10 11:00:00,3.743103,4.114563,296.73984,100965.984,51.25,6.0
2024-07-10 12:00:00,4.6367493,3.5847778,297.59406,100950.3,51.25,6.0
2024-07-10 13:00:00,5.317795,3.0507507,297.70258,100966.56,51.25,6.0
2024-07-10 14:00:00,5.7868195,2.4100342,296.09766,100952.04,51.25,6.0
2024-07-10 15:00:00,6.3865204,1.0957489,296.8078,100945.8,51.25,6.0
2024-07-10 16:00:00,5.8506165,0.25830078,297.583,100956.16,51.25,6.0
2024-07-10 17:00:00,5.0163727,-0.5512085,297.01837,100986.49,51.25,6.0
2024-07-10 18:00:00,4.1548004,-1.2005157,295.2334,101016.64,51.25,6.0
2024-07-10 19:00:00,3.6873932,-1.61232,294.57724,101094.58,51.25,6.0
2024-07-10 20:00:00,2.7519226,-1.9406738,292.71252,101138.32,51.25,6.0
2024-07-10 21:00:00,1.7857819,-1.5571594,291.46188,101182.875,51.25,6.0
2024-07-10 22:00:00,-0.5089264,-1.3413849,291.6753,101200.625,51.25,6.0
2024-07-10 23:00:00,-0.6891022,0.01902771,290.2766,101175.19,51.25,6.0
2024-07-11 00:00:00,0.644577,1.9265137,289.29956,101192.51,51.25,6.0
2024-07-11 01:00:00,4.0239563,2.891327,289.56,101190.08,51.25,6.0
2024-07-11 02:00:00,5.127823,2.213089,289.64673,101162.0,51.25,6.0
2024-07-11 03:00:00,5.393112,2.0894928,289.44583,101168.766,51.25,6.0
2024-07-11 04:00:00,5.5463257,2.28891,289.42575,101193.09,51.25,6.0
2024-07-11 05:00:00,5.263153,2.0654297,289.47766,101209.17,51.25,6.0
2024-07-11 06:00:00,4.3838654,1.8351135,290.29535,101238.375,51.25,6.0
2024-07-11 07:00:00,4.3667297,1.7923737,291.36807,101265.09,51.25,6.0
2024-07-11 08:00:00,4.4106903,1.8704529,292.37106,101271.625,51.25,6.0
2024-07-11 09:00:00,4.8177795,1.8496552,293.5244,101285.96,51.25,6.0
2024-07-11 10:00:00,4.1341095,1.7276611,294.28662,101299.055,51.25,6.0
2024-07-11 11:00:00,4.3528137,1.3016205,295.0259,101297.59,51.25,6.0
2024-07-11 12:00:00,4.8496246,1.1879272,295.42862,101264.89,51.25,6.0
2024-07-11 13:00:00,4.992584,0.75819397,296.0379,101246.41,51.25,6.0
2024-07-11 14:00:00,4.804184,0.3361969,296.15802,101234.38,51.25,6.0
2024-07-11 15:00:00,4.739044,0.05595398,296.10638,101215.766,51.25,6.0
2024-07-11 16:00:00,4.3553314,-1.4288788,296.07257,101198.47,51.25,6.0
2024-07-11 17:00:00,3.4479675,-2.9804535,295.32794,101192.4,51.25,6.0
2024-07-11 18:00:00,2.5283966,-4.1130066,294.07892,101176.69,51.25,6.0
2024-07-11 19:00:00,1.4847107,-4.8530426,292.85886,101197.3,51.25,6.0
2024-07-11 20:00:00,0.38868713,-5.2411194,291.4626,101198.984,51.25,6.0
2024-07-11 21:00:00,-0.8706207,-5.275711,290.14835,101221.39,51.25,6.0
2024-07-11 22:00:00,-2.2413788,-4.921753,289.69043,101167.06,51.25,6.0
2024-07-11 23:00:00,-3.2525635,-3.9970398,289.33014,101136.086,51.25,6.0
2024-07-12 00:00:00,-3.6644745,-3.8053894,289.36426,101072.72,51.25,6.0
2024-07-12 01:00:00,-4.2489624,-4.3540955,289.09058,100979.125,51.25,6.0
2024-07-12 02:00:00,-4.4457397,-3.9763947,289.10648,100953.516,51.25,6.0
2024-07-12 03:00:00,-5.2295685,-4.8799896,289.0655,100854.24,51.25,6.0
2024-07-12 04:00:00,-5.492218,-4.1891327,289.06177,100779.53,51.25,6.0
2024-07-12 05:00:00,-5.5684357,-4.8137665,288.91412,100700.11,51.25,6.0
2024-07-12 06:00:00,-5.038986,-5.5171814,288.49493,100618.25,51.25,6.0
2024-07-12 07:00:00,-4.6817474,-6.2723236,287.78278,100536.75,51.25,6.0
2024-07-12 08:00:00,-4.6378937,-6.1376343,287.91714,100480.766,51.25,6.0
2024-07-12 09:00:00,-2.7330017,-6.286255,288.35797,100458.625,51.25,6.0
2024-07-12 10:00:00,-0.49699402,-8.12529,288.2533,100370.92,51.25,6.0
2024-07-12 11:00:00,2.866043,-9.002701,288.04797,100425.516,51.25,6.0
2024-07-12 12:00:00,5.6115875,-10.236282,287.46796,100469.375,51.25,6.0
2024-07-12 13:00:00,5.3430786,-9.433533,287.14975,100535.94,51.25,6.0
2024-07-12 14:00:00,5.385391,-6.8631134,287.28595,100606.51,51.25,6.0
2024-07-12 15:00:00,5.4080963,-5.279358,287.51553,100623.09,51.25,6.0
2024-07-12 16:00:00,6.2195587,-3.7784576,287.7926,100698.89,51.25,6.0
2024-07-12 17:00:00,6.0157623,-2.8430176,287.67184,100713.69,51.25,6.0
2024-07-12 18:00:00,5.4322357,-1.5667114,287.5597,100725.19,51.25,6.0
2024-07-12 19:00:00,5.566345,-1.0405579,287.45462,100734.195,51.25,6.0
2024-07-12 20:00:00,5.834488,-0.76612854,286.98907,100751.586,51.25,6.0
2024-07-12 21:00:00,5.7183685,0.111572266,286.83252,100793.945,51.25,6.0
2024-07-12 22:00:00,5.614685,0.77464294,286.57117,100814.516,51.25,6.0
2024-07-12 23:00:00,5.910919,2.166916,286.42245,100788.734,51.25,6.0
2024-07-13 00:00:00,6.3163757,2.986374,286.3089,100743.54,51.25,6.0
2024-07-13 01:00:00,6.266754,3.5818481,286.1257,100745.14,51.25,6.0
2024-07-13 02:00:00,6.31044,3.8131104,285.9657,100713.28,51.25,6.0
2024-07-13 03:00:00,6.5736084,4.267914,285.79398,100703.28,51.25,6.0
2024-07-13 04:00:00,6.5888367,4.430191,285.54364,100691.62,51.25,6.0
2024-07-13 05:00:00,7.9634857,5.2117004,285.8474,100709.3,51.25,6.0
2024-07-13 06:00:00,7.7599335,5.1295013,286.38385,100739.64,51.25,6.0
2024-07-13 07:00:00,7.912491,4.856552,286.85962,100730.625,51.25,6.0
2024-07-13 08:00:00,7.879181,3.8404999,287.6388,100749.65,51.25,6.0
2024-07-13 09:00:00,7.2776794,3.169632,288.32092,100772.11,51.25,6.0
2024-07-13 10:00:00,5.8298798,4.2253723,288.6781,100810.71,51.25,6.0
2024-07-13 11:00:00,5.9241333,4.1402435,289.56583,100792.16,51.25,6.0
2024-07-13 12:00:00,6.2714844,3.6696014,290.2308,100814.25,51.25,6.0
2024-07-13 13:00:00,6.4518433,2.5316772,290.66995,100795.055,51.25,6.0
2024-07-13 14:00:00,5.679962,1.5732727,291.08856,100778.375,51.25,6.0
2024-07-13 15:00:00,5.910904,1.4624176,291.14474,100788.11,51.25,6.0
2024-07-13 16:00:00,6.2212067,1.4432068,291.10727,100816.32,51.25,6.0
2024-07-13 17:00:00,5.759674,1.0375977,291.22202,100803.66,51.25,6.0
2024-07-13 18:00:00,5.1359863,0.5448456,290.58215,100804.06,51.25,6.0
2024-07-13 19:00:00,4.20166,0.14796448,289.6552,100808.56,51.25,6.0
2024-07-13 20:00:00,3.5673676,0.24789429,287.735,100843.92,51.25,6.0
2024-07-13 21:00:00,3.298874,1.1940765,286.06,100843.25,51.25,6.0
2024-07-13 22:00:00,3.579895,2.1129913,285.35767,100862.78,51.25,6.0
2024-07-13 23:00:00,3.0976105,1.8287506,285.03516,100851.484,51.25,6.0
2024-07-14 00:00:00,2.4416504,2.746521,284.44937,100851.016,51.25,6.0
2024-07-14 01:00:00,2.0054321,3.7529602,284.38385,100814.29,51.25,6.0
2024-07-14 02:00:00,1.9525146,4.3943024,284.33325,100791.875,51.25,6.0
2024-07-14 03:00:00,1.9904785,4.7716217,284.2627,100785.43,51.25,6.0
2024-07-14 04:00:00,2.2472992,4.9213715,284.26376,100799.516,51.25,6.0
2024-07-14 05:00:00,2.826889,4.7233276,285.7964,100840.67,51.25,6.0
2024-07-14 06:00:00,2.6171112,3.7738342,287.50723,100822.35,51.25,6.0
2024-07-14 07:00:00,2.3471832,3.0665436,289.44403,100813.4,51.25,6.0
2024-07-14 08:00:00,2.7675323,3.070404,291.1051,100826.16,51.25,6.0
2024-07-14 09:00:00,3.4076385,3.2706146,292.40967,100820.97,51.25,6.0
2024-07-14 10:00:00,3.201538,3.1893616,293.48752,100796.55,51.25,6.0
2024-07-14 11:00:00,4.789383,3.524704,294.17163,100779.266,51.25,6.0
2024-07-14 12:00:00,5.3954773,3.0469208,294.88947,100780.09,51.25,6.0
2024-07-14 13:00:00,5.29422,2.6902618,295.3312,100788.92,51.25,6.0
2024-07-14 14:00:00,5.0955353,2.38826,295.35452,100770.8,51.25,6.0
2024-07-14 15:00:00,4.770355,2.4408875,295.2718,100776.734,51.25,6.0
2024-07-14 16:00:00,4.293762,2.3732758,294.94836,100742.516,51.25,6.0
2024-07-14 17:00:00,3.716385,2.1052704,294.23065,100769.45,51.25,6.0
2024-07-14 18:00:00,3.266098,1.8376617,293.69806,100758.766,51.25,6.0
2024-07-14 19:00:00,3.4492035,1.7831879,292.66583,100784.83,51.25,6.0
2024-07-14 20:00:00,3.9130096,2.0708313,290.58118,100823.41,51.25,6.0
2024-07-14 21:00:00,3.882553,2.1020203,288.75937,100843.555,51.25,6.0
2024-07-14 22:00:00,3.1857452,1.5886536,287.56305,100858.734,51.25,6.0
2024-07-14 23:00:00,2.7639465,2.1669617,286.949,100853.28,51.25,6.0
2024-07-15 00:00:00,2.4665833,2.359604,286.1261,100837.32,51.25,6.0
2024-07-15 01:00:00,2.098648,2.7260132,285.94626,100835.42,51.25,6.0
2024-07-15 02:00:00,1.6491394,4.021988,285.7637,100843.43,51.25,6.0
2024-07-15 03:00:00,0.94589233,4.987442,285.77142,100827.56,51.25,6.0
2024-07-15 04:00:00,0.12586975,5.211075,285.57632,100817.81,51.25,6.0
2024-07-15 05:00:00,-0.52301025,5.2522583,287.2281,100811.14,51.25,6.0
2024-07-15 06:00:00,-1.2119446,4.9531555,289.7657,100794.47,51.25,6.0
2024-07-15 07:00:00,-1.12883,3.5366669,292.3081,100807.336,51.25,6.0
2024-07-15 08:00:00,-1.4961548,3.2122803,294.3166,100772.0,51.25,6.0
2024-07-15 09:00:00,-1.7813873,3.076065,295.6699,100742.86,51.25,6.0
2024-07-15 10:00:00,-2.0832825,2.1684113,296.56476,100689.33,51.25,6.0
2024-07-15 11:00:00,-2.1621552,1.9362488,297.48425,100636.05,51.25,6.0
2024-07-15 12:00:00,-2.354599,1.7535706,298.32733,100572.86,51.25,6.0
2024-07-15 13:00:00,-2.7722626,1.8580627,298.90076,100531.58,51.25,6.0
2024-07-15 14:00:00,-3.8984985,1.9883728,299.20605,100444.266,51.25,6.0
2024-07-15 15:00:00,-3.4197693,2.6829987,299.30817,100406.36,51.25,6.0
2024-07-15 16:00:00,-2.403061,2.9827728,299.32227,100349.94,51.25,6.0
2024-07-15 17:00:00,-3.3702698,0.9056244,298.3379,100299.57,51.25,6.0
2024-07-15 18:00:00,-4.3872986,0.81355286,297.15964,100258.336,51.25,6.0
2024-07-15 19:00:00,-4.0346985,2.2012024,295.6234,100259.266,51.25,6.0
2024-07-15 20:00:00,-5.84079,2.8200378,294.13812,100178.28,51.25,6.0
2024-07-15 21:00:00,-5.8932953,3.6543427,293.266,100130.22,51.25,6.0
2024-07-15 22:00:00,-0.7476959,7.7115784,292.74744,100276.484,51.25,6.0
2024-07-15 23:00:00,1.3780975,8.400421,292.48773,100241.91,51.25,6.0
2024-07-16 00:00:00,3.721756,8.494186,292.78214,100247.53,51.25,6.0
2024-07-16 01:00:00,6.6708374,7.302124,292.25842,100247.766,51.25,6.0
2024-07-16 02:00:00,6.5592804,6.1980286,291.7411,100271.08,51.25,6.0
2024-07-16 03:00:00,5.9494476,6.413269,291.06467,100323.95,51.25,6.0
2024-07-16 04:00:00,6.292389,6.0096283,290.58887,100402.78,51.25,6.0
2024-07-16 05:00:00,6.208832,5.118866,290.49234,100487.2,51.25,6.0
2024-07-16 06:00:00,4.5874023,4.923279,291.05008,100526.94,51.25,6.0
2024-07-16 07:00:00,4.3334503,5.6179504,291.96777,100585.81,51.25,6.0
2024-07-16 08:00:00,5.745804,6.3242645,292.6421,100579.69,51.25,6.0
2024-07-16 09:00:00,5.973358,6.542038,293.1383,100584.57,51.25,6.0
2024-07-16 10:00:00,6.3999634,6.584961,293.73358,100573.7,51.25,6.0
2024-07-16 11:00:00,6.6540833,5.4992523,293.89038,100597.91,51.25,6.0
2024-07-16 12:00:00,7.0699463,5.6723633,293.22873,100598.14,51.25,6.0
2024-07-16 13:00:00,7.6703796,5.7192535,293.15924,100662.08,51.25,6.0
2024-07-16 14:00:00,6.6199646,4.0114136,291.12683,100711.19,51.25,6.0
2024-07-16 15:00:00,5.5802,5.0410156,291.78198,100709.54,51.25,6.0
2024-07-16 16:00:00,6.1039734,5.0180206,292.21057,100766.414,51.25,6.0
2024-07-16 17:00:00,6.182724,4.0936127,291.4291,100773.37,51.25,6.0
2024-07-16 18:00:00,7.254303,4.588135,291.65192,100824.91,51.25,6.0
2024-07-16 19:00:00,6.6816864,4.334442,291.2505,100886.57,51.25,6.0
2024-07-16 20:00:00,6.6693726,4.3330536,290.6695,100933.64,51.25,6.0
2024-07-16 21:00:00,6.705139,4.330414,290.30267,100976.04,51.25,6.0
2024-07-16 22:00:00,6.9509277,4.5788727,290.00366,100976.39,51.25,6.0
2024-07-16 23:00:00,6.970169,4.0319214,289.79773,101029.11,51.25,6.0
2024-07-17 00:00:00,7.238678,3.2072449,289.74518,101088.734,51.25,6.0
2024-07-17 01:00:00,7.0765076,2.3532104,289.52362,101113.84,51.25,6.0
2024-07-17 02:00:00,6.4276733,1.6248474,289.55505,101149.67,51.25,6.0
2024-07-17 03:00:00,5.7373505,1.5772247,289.52075,101220.58,51.25,6.0
2024-07-17 04:00:00,4.9616547,2.1955566,289.22845,101292.016,51.25,6.0
2024-07-17 05:00:00,4.758484,2.4229736,289.41888,101346.516,51.25,6.0
2024-07-17 06:00:00,4.686157,2.6930542,289.9915,101407.17,51.25,6.0
2024-07-17 07:00:00,4.3168793,2.142685,290.7492,101454.36,51.25,6.0
2024-07-17 08:00:00,4.012268,1.9202881,291.9272,101490.734,51.25,6.0
2024-07-17 09:00:00,4.027008,1.4567108,292.6326,101504.11,51.25,6.0
2024-07-17 10:00:00,4.411682,1.5730286,293.64307,101546.03,51.25,6.0
2024-07-17 11:00:00,4.658539,1.1751404,294.5406,101569.945,51.25,6.0
2024-07-17 12:00:00,4.6418,0.4795227,295.56213,101588.14,51.25,6.0
2024-07-17 13:00:00,4.3865814,-0.31092834,295.9862,101576.33,51.25,6.0
2024-07-17 14:00:00,3.9752655,-1.0308533,296.5014,101590.61,51.25,6.0
2024-07-17 15:00:00,3.5343628,-1.6433716,296.73755,101610.56,51.25,6.0
2024-07-17 16:00:00,3.0930786,-2.132492,296.8012,101626.25,51.25,6.0
2024-07-17 17:00:00,2.239746,-2.4811249,296.66052,101645.75,51.25,6.0
2024-07-17 18:00:00,0.9720001,-3.0781403,295.76367,101670.17,51.25,6.0
2024-07-17 19:00:00,-0.10066223,-3.9007416,294.0072,101709.734,51.25,6.0
2024-07-17 20:00:00,-1.4379272,-4.3426666,291.72614,101735.41,51.25,6.0
2024-07-17 21:00:00,-2.4679108,-3.7251434,290.0935,101764.06,51.25,6.0
2024-07-17 22:00:00,-2.9102173,-2.687912,289.23804,101766.62,51.25,6.0
2024-07-17 23:00:00,-3.714203,-0.98657227,288.46082,101764.95,51.25,6.0
2024-07-18 00:00:00,-3.7563171,0.71894836,288.17902,101745.81,51.25,6.0
2024-07-18 01:00:00,-3.2194061,1.6496735,287.67865,101737.48,51.25,6.0
2024-07-18 02:00:00,-2.703949,2.257187,286.94672,101712.61,51.25,6.0
2024-07-18 03:00:00,-2.5185852,2.7106628,286.73575,101704.55,51.25,6.0
2024-07-18 04:00:00,-2.0806885,2.8098602,286.29932,101726.06,51.25,6.0
2024-07-18 05:00:00,-2.078476,2.7495728,288.1953,101747.56,51.25,6.0
2024-07-18 06:00:00,-2.523819,2.5250854,290.5983,101765.51,51.25,6.0
2024-07-18 07:00:00,-2.385666,1.5628967,292.79468,101787.29,51.25,6.0
2024-07-18 08:00:00,-2.3427582,1.0538788,294.94794,101780.61,51.25,6.0
2024-07-18 09:00:00,-2.7176056,1.2779083,296.71637,101753.375,51.25,6.0
2024-07-18 10:00:00,-3.1603699,1.0619965,297.99615,101733.055,51.25,6.0
2024-07-18 11:00:00,-2.3750153,1.7702026,298.68286,101696.21,51.25,6.0
2024-07-18 12:00:00,-2.018631,1.6190796,299.285,101636.72,51.25,6.0
2024-07-18 13:00:00,-2.047104,1.4985504,299.8938,101648.81,51.25,6.0
2024-07-18 14:00:00,-2.5610657,1.1616516,300.1018,101633.97,51.25,6.0
2024-07-18 15:00:00,-2.917038,0.8447113,300.14102,101607.48,51.25,6.0
2024-07-18 16:00:00,-2.9043427,0.75161743,300.09076,101594.2,51.25,6.0
2024-07-18 17:00:00,-2.9385376,0.27345276,299.6749,101558.96,51.25,6.0
2024-07-18 18:00:00,-3.0903778,-0.37409973,298.7671,101547.84,51.25,6.0
2024-07-18 19:00:00,-3.4640656,-0.6588745,297.2863,101567.31,51.25,6.0
2024-07-18 20:00:00,-3.966156,-0.849823,295.2024,101591.45,51.25,6.0
2024-07-18 21:00:00,-4.603119,-1.0873108,293.80914,101610.4,51.25,6.0
2024-07-18 22:00:00,-5.6904144,-1.6040344,292.74847,101591.02,51.25,6.0
2024-07-18 23:00:00,-6.113037,-0.3514099,292.7505,101579.66,51.25,6.0
2024-07-19 00:00:00,-5.551056,1.4181366,292.19977,101564.25,51.25,6.0
2024-07-19 01:00:00,-4.8161163,2.7035217,291.71634,101523.0,51.25,6.0
2024-07-19 02:00:00,-4.035324,3.9239655,290.96472,101486.35,51.25,6.0
2024-07-19 03:00:00,-3.0287323,4.7919006,290.30933,101494.18,51.25,6.0
2024-07-19 04:00:00,-2.3949432,4.799637,290.57605,101493.84,51.25,6.0
2024-07-19 05:00:00,-2.1917267,4.497223,291.38422,101481.16,51.25,6.0
2024-07-19 06:00:00,-2.2594757,3.4673767,292.78943,101474.53,51.25,6.0
2024-07-19 07:00:00,-1.8934021,2.115921,294.64014,101469.54,51.25,6.0
2024-07-19 08:00:00,-1.8831177,1.5930481,296.56036,101454.97,51.25,6.0
2024-07-19 09:00:00,-1.9075623,1.3345795,298.32404,101431.66,51.25,6.0
2024-07-19 10:00:00,-2.1660156,1.8469849,299.89087,101409.45,51.25,6.0
2024-07-19 11:00:00,-2.083847,1.8348999,300.8574,101386.234,51.25,6.0
2024-07-19 12:00:00,-2.5914764,1.2938995,301.40268,101333.94,51.25,6.0
2024-07-19 13:00:00,-2.4245758,0.9569855,301.70453,101306.31,51.25,6.0
2024-07-19 14:00:00,-2.3602905,0.71510315,301.4499,101263.945,51.25,6.0
2024-07-19 15:00:00,-2.615387,0.7094574,301.2774,101234.23,51.25,6.0
2024-07-19 16:00:00,-2.7455292,1.0579834,300.83163,101175.41,51.25,6.0
2024-07-19 17:00:00,-2.5894775,1.1045074,300.36606,101134.36,51.25,6.0
2024-07-19 18:00:00,-2.4298096,0.81051636,299.28574,101095.8,51.25,6.0
2024-07-19 19:00:00,-2.6076202,0.37670898,298.4023,101068.94,51.25,6.0
2024-07-19 20:00:00,-3.2128906,0.4557495,296.5746,101068.92,51.25,6.0
2024-07-19 21:00:00,-3.7731628,0.9764404,294.53534,101057.14,51.25,6.0
2024-07-19 22:00:00,-4.527252,1.6058655,292.06232,101041.61,51.25,6.0
2024-07-19 23:00:00,-4.216278,2.5032349,291.41562,101001.695,51.25,6.0
2024-07-20 00:00:00,-3.514862,3.2259827,290.74973,100960.5,51.25,6.0
2024-07-20 01:00:00,-2.4297638,3.1152802,289.98306,100853.54,51.25,6.0
2024-07-20 02:00:00,-1.7124481,3.1542816,289.30267,100809.33,51.25,6.0
2024-07-20 03:00:00,-1.3483429,3.2235107,288.82733,100755.2,51.25,6.0
2024-07-20 04:00:00,-0.90571594,2.5608215,288.54248,100718.57,51.25,6.0
2024-07-20 05:00:00,-1.4073486,2.0388947,290.38736,100680.81,51.25,6.0
2024-07-20 06:00:00,-2.5949097,2.1804504,293.492,100639.82,51.25,6.0
2024-07-20 07:00:00,-2.4402466,1.5226135,295.81674,100626.56,51.25,6.0
2024-07-20 08:00:00,-2.2671509,1.0414886,298.59857,100592.97,51.25,6.0
2024-07-20 09:00:00,-2.35112,1.5262146,300.57593,100541.766,51.25,6.0
2024-07-20 10:00:00,-1.6362305,2.032837,301.7403,100487.06,51.25,6.0
2024-07-20 11:00:00,-1.0523987,1.9580383,302.66974,100432.16,51.25,6.0
2024-07-20 12:00:00,-0.75141907,1.9264069,303.73767,100367.19,51.25,6.0
2024-07-20 13:00:00,-0.7107239,2.439148,304.32187,100302.28,51.25,6.0
2024-07-20 14:00:00,-0.84980774,2.3611603,304.73688,100228.0,51.25,6.0
2024-07-20 15:00:00,-0.12812805,3.763321,305.07904,100173.2,51.25,6.0
2024-07-20 16:00:00,0.5637512,4.0906067,303.99353,100190.29,51.25,6.0
2024-07-20 17:00:00,0.5487671,2.6109314,300.85452,100141.09,51.25,6.0
2024-07-20 18:00:00,-0.011123657,1.960907,299.09167,100121.84,51.25,6.0
2024-07-20 19:00:00,-1.2052917,2.2906494,297.2855,100120.82,51.25,6.0
2024-07-20 20:00:00,-2.0009613,3.0714874,295.4112,100136.375,51.25,6.0
2024-07-20 21:00:00,-2.0488129,3.9305115,294.3493,100126.73,51.25,6.0
2024-07-20 22:00:00,-0.82029724,4.3142395,294.32544,100192.234,51.25,6.0
2024-07-20 23:00:00,0.8858032,2.7311401,294.23074,100127.14,51.25,6.0
2024-07-21 00:00:00,0.095199585,2.4703827,294.1767,100083.64,51.25,6.0
2024-07-21 01:00:00,-1.2611847,3.6376648,293.3566,100065.625,51.25,6.0
2024-07-21 02:00:00,0.56503296,6.1688843,293.2574,100077.94,51.25,6.0
2024-07-21 03:00:00,4.669098,4.5880737,293.54462,100118.0,51.25,6.0
2024-07-21 04:00:00,3.1310425,1.6257782,293.40735,100076.516,51.25,6.0
2024-07-21 05:00:00,1.8402863,3.241211,293.25806,100087.85,51.25,6.0
2024-07-21 06:00:00,3.0654602,4.497345,293.76587,100160.305,51.25,6.0
2024-07-21 07:00:00,4.766815,2.928543,294.80127,100183.45,51.25,6.0
2024-07-21 08:00:00,4.862503,0.68240356,295.81726,100229.88,51.25,6.0
2024-07-21 09:00:00,3.8726196,-0.60832214,295.41302,100255.7,51.25,6.0
2024-07-21 10:00:00,3.1929626,-1.4891357,296.0167,100337.75,51.25,6.0
2024-07-21 11:00:00,3.616394,-0.8199158,296.6245,100361.69,51.25,6.0
2024-07-21 12:00:00,3.6273956,-1.3172913,297.19812,100345.766,51.25,6.0
2024-07-21 13:00:00,3.8816376,-0.7667694,297.59177,100368.5,51.25,6.0
2024-07-21 14:00:00,4.355652,-0.78819275,297.41876,100395.81,51.25,6.0
2024-07-21 15:00:00,5.284912,-0.7124176,297.704,100391.56,51.25,6.0
2024-07-21 16:00:00,5.9014587,-2.4185028,297.35947,100466.94,51.25,6.0
2024-07-21 17:00:00,5.2733307,-3.5030975,296.38187,100498.17,51.25,6.0
2024-07-21 18:00:00,4.56691,-3.8833313,295.8401,100537.08,51.25,6.0
2024-07-21 19:00:00,4.0753784,-3.7078094,294.924,100633.14,51.25,6.0
2024-07-21 20:00:00,3.9966736,-2.789215,294.02472,100699.28,51.25,6.0
2024-07-21 21:00:00,4.437912,-2.3115692,292.9258,100756.95,51.25,6.0
2024-07-21 22:00:00,4.145233,-2.9896393,292.00702,100807.766,51.25,6.0
2024-07-21 23:00:00,4.6536713,-2.5970612,291.5404,100883.13,51.25,6.0
2024-07-22 00:00:00,4.190384,-2.3831482,291.02942,100914.51,51.25,6.0
2024-07-22 01:00:00,3.8293152,-2.0422058,290.3935,100929.71,51.25,6.0
2024-07-22 02:00:00,3.54216,-1.2623596,290.07275,100957.7,51.25,6.0
2024-07-22 03:00:00,3.5406342,-0.5475311,289.64813,100975.97,51.25,6.0
2024-07-22 04:00:00,3.9116821,-0.2975769,289.11853,101016.984,51.25,6.0
2024-07-22 05:00:00,3.7719421,0.2590332,289.51068,101042.06,51.25,6.0
2024-07-22 06:00:00,3.5446472,0.75694275,290.6184,101119.47,51.25,6.0
2024-07-22 07:00:00,3.638031,1.0861664,291.8521,101171.66,51.25,6.0
2024-07-22 08:00:00,3.7879639,1.7468872,292.9807,101180.875,51.25,6.0
2024-07-22 09:00:00,3.9648743,2.1230469,293.93192,101205.125,51.25,6.0
2024-07-22 10:00:00,4.0986023,2.9722595,294.19586,101237.31,51.25,6.0
2024-07-22 11:00:00,5.829376,2.9760284,294.76505,101253.35,51.25,6.0
2024-07-22 12:00:00,6.0602264,1.9226227,295.4962,101255.31,51.25,6.0
2024-07-22 13:00:00,5.3380585,1.497345,296.2259,101258.38,51.25,6.0
2024-07-22 14:00:00,4.8372498,1.878418,296.9143,101258.37,51.25,6.0
2024-07-22 15:00:00,4.9894867,2.025238,297.1644,101240.28,51.25,6.0
2024-07-22 16:00:00,5.520111,1.9053497,297.2033,101220.83,51.25,6.0
2024-07-22 17:00:00,5.4792023,1.8688965,296.63727,101211.97,51.25,6.0
2024-07-22 18:00:00,4.9701996,2.4227753,295.72156,101234.25,51.25,6.0
2024-07-22 19:00:00,4.59169,3.1401215,294.87012,101254.875,51.25,6.0
2024-07-22 20:00:00,4.288574,3.7417297,293.51974,101299.88,51.25,6.0
2024-07-22 21:00:00,3.8907928,4.5722656,293.01382,101289.47,51.25,6.0
2024-07-22 22:00:00,2.9898834,6.0062256,292.36444,101256.58,51.25,6.0
2024-07-22 23:00:00,3.286148,6.337677,292.25775,101265.516,51.25,6.0
2024-07-23 00:00:00,4.2753143,5.8321686,292.07187,101252.28,51.25,6.0
2024-07-23 01:00:00,5.1646423,4.948181,292.00952,101229.34,51.25,6.0
2024-07-23 02:00:00,4.7430267,4.478241,291.7243,101200.266,51.25,6.0
2024-07-23 03:00:00,3.6020966,4.9157715,291.57474,101170.45,51.25,6.0
2024-07-23 04:00:00,3.2212524,5.45903,291.40033,101140.58,51.25,6.0
2024-07-23 05:00:00,3.139618,5.585541,291.4909,101116.94,51.25,6.0
2024-07-23 06:00:00,2.8496094,5.787613,292.07822,101091.81,51.25,6.0
2024-07-23 07:00:00,3.597519,5.958435,292.02216,101072.734,51.25,6.0
2024-07-23 08:00:00,5.240402,5.7366486,292.12653,101078.3,51.25,6.0
2024-07-23 09:00:00,7.7706757,4.63974,292.2834,101080.14,51.25,6.0
2024-07-23 10:00:00,5.4483795,2.3025665,293.1889,101085.45,51.25,6.0
2024-07-23 11:00:00,6.402664,1.1025391,294.62994,101080.086,51.25,6.0
2024-07-23 12:00:00,6.375183,1.2064972,296.01184,101057.61,51.25,6.0
2024-07-23 13:00:00,6.405716,0.7501221,295.985,101047.2,51.25,6.0
2024-07-23 14:00:00,6.8728027,-0.29859924,295.0998,101085.64,51.25,6.0
2024-07-23 15:00:00,7.289139,-0.694046,294.8695,101119.44,51.25,6.0
2024-07-23 16:00:00,8.300186,-1.0780029,294.5161,101161.734,51.25,6.0
2024-07-23 17:00:00,7.5899353,-2.56456,292.6166,101218.05,51.25,6.0
2024-07-23 18:00:00,6.750885,-2.90094,292.55795,101260.95,51.25,6.0
2024-07-23 19:00:00,5.753311,-2.9069672,291.85504,101290.45,51.25,6.0
2024-07-23 20:00:00,5.9602203,-2.848999,290.87927,101397.484,51.25,6.0
2024-07-23 21:00:00,5.791809,-2.9196014,290.4552,101428.734,51.25,6.0
2024-07-23 22:00:00,4.862213,-2.421112,289.5462,101494.875,51.25,6.0
2024-07-23 23:00:00,5.3349915,-1.865036,289.07974,101529.61,51.25,6.0
2024-07-24 00:00:00,5.254471,-1.5112305,288.96954,101553.84,51.25,6.0
2024-07-24 01:00:00,5.1427917,-1.3253021,288.73294,101554.8,51.25,6.0
2024-07-24 02:00:00,5.177948,-1.4715576,288.65103,101544.03,51.25,6.0
2024-07-24 03:00:00,5.2298584,-1.899353,288.63538,101551.67,51.25,6.0
2024-07-24 04:00:00,4.9319763,-2.3731232,288.80847,101565.94,51.25,6.0
2024-07-24 05:00:00,4.440872,-3.203888,289.06085,101567.266,51.25,6.0
2024-07-24 06:00:00,3.1260834,-4.362808,289.40967,101584.2,51.25,6.0
2024-07-24 07:00:00,2.1735535,-4.597641,290.13483,101618.414,51.25,6.0
2024-07-24 08:00:00,2.0366364,-3.771286,290.81726,101637.08,51.25,6.0
2024-07-24 09:00:00,2.2219849,-3.3862305,291.65613,101664.17,51.25,6.0
2024-07-24 10:00:00,1.2918549,-2.0324707,292.8502,101674.1,51.25,6.0
2024-07-24 11:00:00,1.9904938,-1.8451233,293.77716,101645.73,51.25,6.0
2024-07-24 12:00:00,2.7284546,-1.9993591,294.357,101586.43,51.25,6.0
2024-07-24 13:00:00,3.0024414,-2.5163727,294.87473,101553.94,51.25,6.0
2024-07-24 14:00:00,2.6534424,-2.9780426,295.45172,101531.94,51.25,6.0
2024-07-24 15:00:00,2.5597992,-3.162384,295.62537,101490.4,51.25,6.0
2024-07-24 16:00:00,2.3716278,-3.3735352,295.5913,101442.27,51.25,6.0
2024-07-24 17:00:00,2.063263,-3.6089783,295.16714,101424.91,51.25,6.0
2024-07-24 18:00:00,1.3655548,-3.666092,294.25235,101405.0,51.25,6.0
2024-07-24 19:00:00,0.5962219,-4.0212097,292.53644,101436.53,51.25,6.0
2024-07-24 20:00:00,-0.39411926,-4.100479,289.9458,101443.57,51.25,6.0
2024-07-24 21:00:00,-1.4837799,-3.7872467,287.95776,101430.92,51.25,6.0
2024-07-24 22:00:00,-2.6202087,-2.418991,286.86432,101400.7,51.25,6.0
2024-07-24 23:00:00,-2.8173676,-0.7440796,286.3247,101379.67,51.25,6.0
2024-07-25 00:00:00,-2.4772034,1.214325,285.94513,101354.11,51.25,6.0
2024-07-25 01:00:00,-1.9133301,2.3547363,285.65536,101296.96,51.25,6.0
2024-07-25 02:00:00,-1.444809,3.2536926,285.92776,101247.914,51.25,6.0
2024-07-25 03:00:00,-1.0357513,3.9722443,285.84583,101227.234,51.25,6.0
2024-07-25 04:00:00,0.024154663,4.361389,286.29156,101197.68,51.25,6.0
2024-07-25 05:00:00,0.5478058,4.3435364,287.51056,101154.79,51.25,6.0
2024-07-25 06:00:00,0.7501831,4.2613983,289.16864,101158.375,51.25,6.0
2024-07-25 07:00:00,0.33154297,3.815689,290.94186,101138.8,51.25,6.0
2024-07-25 08:00:00,0.51135254,3.0572052,292.544,101095.66,51.25,6.0
2024-07-25 09:00:00,1.1612396,3.123581,294.64447,101049.06,51.25,6.0
2024-07-25 10:00:00,0.81044006,2.7593384,295.67902,100954.25,51.25,6.0
2024-07-25 11:00:00,1.2245178,2.2794495,296.74164,100919.18,51.25,6.0
2024-07-25 12:00:00,0.38963318,2.5404816,297.287,100870.89,51.25,6.0
2024-07-25 13:00:00,0.43270874,2.8597412,297.98764,100828.95,51.25,6.0
2024-07-25 14:00:00,0.6579895,2.9436035,298.2413,100784.016,51.25,6.0
2024-07-25 15:00:00,1.7610779,3.6324615,298.0829,100748.76,51.25,6.0
2024-07-25 16:00:00,3.0333862,3.3007355,297.94562,100686.71,51.25,6.0
2024-07-25 17:00:00,2.3254242,2.008194,297.0938,100650.875,51.25,6.0
2024-07-25 18:00:00,1.426117,2.3753052,296.10455,100600.7,51.25,6.0
2024-07-25 19:00:00,1.8301697,2.8351746,295.34924,100616.32,51.25,6.0
2024-07-25 20:00:00,2.2331238,3.2926025,294.5264,100621.24,51.25,6.0
2024-07-25 21:00:00,2.420105,4.062912,294.10626,100606.234,51.25,6.0
2024-07-25 22:00:00,3.3002014,3.9499207,292.85486,100571.06,51.25,6.0
2024-07-25 23:00:00,3.9584808,3.7837524,292.45056,100560.32,51.25,6.0
2024-07-26 00:00:00,3.8050232,4.2237396,292.20572,100541.44,51.25,6.0
2024-07-26 01:00:00,3.1222534,5.07193,291.6814,100453.19,51.25,6.0
2024-07-26 02:00:00,3.08844,5.324646,291.3253,100475.83,51.25,6.0
2024-07-26 03:00:00,3.159256,5.713272,291.24417,100451.19,51.25,6.0
2024-07-26 04:00:00,3.6573486,5.3295593,291.1352,100448.56,51.25,6.0
2024-07-26 05:00:00,4.5549164,5.177536,291.32996,100442.75,51.25,6.0
2024-07-26 06:00:00,5.1188965,4.588135,291.7955,100465.03,51.25,6.0
2024-07-26 07:00:00,6.702362,4.371689,292.35724,100520.09,51.25,6.0
2024-07-26 08:00:00,7.903061,3.0014038,292.89893,100568.11,51.25,6.0
2024-07-26 09:00:00,7.30278,2.4780579,293.5876,100597.69,51.25,6.0
2024-07-26 10:00:00,6.375229,1.4674072,294.32043,100608.83,51.25,6.0
2024-07-26 11:00:00,6.144043,1.3766785,294.84653,100637.78,51.25,6.0
2024-07-26 12:00:00,5.981308,1.3530121,295.64374,100648.7,51.25,6.0
2024-07-26 13:00:00,5.959976,1.437912,296.2862,100668.05,51.25,6.0
2024-07-26 14:00:00,5.7767487,1.2245178,296.48822,100669.62,51.25,6.0
2024-07-26 15:00:00,5.3572693,1.0672455,296.69928,100669.86,51.25,6.0
2024-07-26 16:00:00,5.4284515,0.6764984,296.26953,100689.266,51.25,6.0
2024-07-26 17:00:00,4.7696686,-0.14138794,295.76794,100703.05,51.25,6.0
2024-07-26 18:00:00,3.5763245,-0.8422241,294.8272,100702.31,51.25,6.0
2024-07-26 19:00:00,2.7021027,-1.4128418,293.92975,100744.234,51.25,6.0
2024-07-26 20:00:00,1.2792206,-2.6025543,292.67322,100761.39,51.25,6.0
2024-07-26 21:00:00,0.090652466,-3.1557617,291.9824,100800.81,51.25,6.0
2024-07-26 22:00:00,0.21388245,-2.0810394,290.9436,100832.3,51.25,6.0
2024-07-26 23:00:00,-0.22332764,-1.6265869,290.82965,100791.03,51.25,6.0
2024-07-27 00:00:00,-0.25531006,-0.9004822,290.6828,100811.766,51.25,6.0
2024-07-27 01:00:00,-0.41360474,-0.6113434,289.93854,100800.59,51.25,6.0
2024-07-27 02:00:00,-0.97805786,-0.7273865,289.5678,100797.13,51.25,6.0
2024-07-27 03:00:00,-1.8043213,-0.35873413,288.79437,100738.7,51.25,6.0
2024-07-27 04:00:00,-1.6734161,0.4753723,289.00723,100790.84,51.25,6.0
2024-07-27 05:00:00,-1.6005554,1.4937592,289.61356,100818.99,51.25,6.0
2024-07-27 06:00:00,-1.1799927,1.5531158,290.9571,100812.55,51.25,6.0
2024-07-27 07:00:00,-1.1165771,1.0609589,291.89978,100861.97,51.25,6.0
2024-07-27 08:00:00,-1.00383,0.793869,292.42966,100866.55,51.25,6.0
2024-07-27 09:00:00,-0.63920593,0.850647,293.2785,100851.61,51.25,6.0
2024-07-27 10:00:00,0.27044678,0.49388123,293.393,100882.69,51.25,6.0
2024-07-27 11:00:00,1.170639,-0.09463501,294.0619,100865.1,51.25,6.0
2024-07-27 12:00:00,2.2932434,-0.9221039,294.08862,100849.64,51.25,6.0
2024-07-27 13:00:00,2.3986816,-1.4019165,294.22943,100887.414,51.25,6.0
2024-07-27 14:00:00,2.3380127,-2.0429077,294.29688,100896.96,51.25,6.0
2024-07-27 15:00:00,2.203476,-1.760498,294.20447,100905.92,51.25,6.0
2024-07-27 16:00:00,1.9763794,-1.6387787,294.2337,100900.55,51.25,6.0
2024-07-27 17:00:00,2.839203,-1.250412,293.65137,100918.516,51.25,6.0
2024-07-27 18:00:00,4.090515,-0.99858093,293.11517,100937.59,51.25,6.0
2024-07-27 19:00:00,4.9575043,-1.1538239,292.63303,101017.72,51.25,6.0
2024-07-27 20:00:00,6.012314,-1.3684845,291.5511,101091.14,51.25,6.0
2024-07-27 21:00:00,6.615036,-1.6257019,290.85492,101178.61,51.25,6.0
2024-07-27 22:00:00,6.648712,-2.4722443,289.48053,101248.31,51.25,6.0
2024-07-27 23:00:00,6.6813507,-2.0739594,288.83624,101310.625,51.25,6.0
2024-07-28 00:00:00,6.7743073,-1.7359009,287.94913,101360.33,51.25,6.0
2024-07-28 01:00:00,6.8069763,-2.3957214,287.62555,101453.836,51.25,6.0
2024-07-28 02:00:00,6.2402496,-2.7317505,287.46954,101510.36,51.25,6.0
2024-07-28 03:00:00,5.769165,-2.5838928,287.25128,101587.664,51.25,6.0
2024-07-28 04:00:00,5.4147797,-2.5037384,287.01007,101683.02,51.25,6.0
2024-07-28 05:00:00,4.844925,-2.3623657,287.41983,101758.6,51.25,6.0
2024-07-28 06:00:00,4.1930084,-1.6862335,288.59998,101858.734,51.25,6.0
2024-07-28 07:00:00,3.3906708,-1.3656464,290.3164,101944.664,51.25,6.0
2024-07-28 08:00:00,3.061142,-1.6499481,292.0468,102001.19,51.25,6.0
2024-07-28 09:00:00,2.8935242,-1.7868347,293.52707,102035.195,51.25,6.0
2024-07-28 10:00:00,2.1352386,-1.1856232,294.80008,102049.89,51.25,6.0
2024-07-28 11:00:00,2.40036,-1.4917603,295.50476,102050.266,51.25,6.0
2024-07-28 12:00:00,2.722351,-2.0606995,296.19684,102084.09,51.25,6.0
2024-07-28 13:00:00,2.3868866,-2.3076477,296.81305,102080.28,51.25,6.0
2024-07-28 14:00:00,1.9723053,-2.3684082,296.97305,102109.516,51.25,6.0
2024-07-28 15:00:00,1.6008453,-2.6814575,297.0893,102079.55,51.25,6.0
2024-07-28 16:00:00,0.8748932,-3.085144,296.80457,102045.17,51.25,6.0
2024-07-28 17:00:00,0.17559814,-3.3419647,296.4126,102014.375,51.25,6.0
2024-07-28 18:00:00,-0.5358124,-3.4713593,295.40634,101992.03,51.25,6.0
2024-07-28 19:00:00,-1.2443085,-4.078415,293.7085,102025.0,51.25,6.0
2024-07-28 20:00:00,-2.3859863,-4.66597,291.2755,102039.3,51.25,6.0
2024-07-28 21:00:00,-3.1654968,-4.808777,290.10718,102073.22,51.25,6.0
2024-07-28 22:00:00,-4.006714,-4.0867004,289.41986,102025.414,51.25,6.0
2024-07-28 23:00:00,-4.5738983,-3.6089325,288.73828,102037.875,51.25,6.0
2024-07-29 00:00:00,-4.9608154,-2.5543213,287.8306,102075.3,51.25,6.0
2024-07-29 01:00:00,-5.317047,-1.4685211,287.08936,102046.984,51.25,6.0
2024-07-29 02:00:00,-5.4873962,-0.080703735,286.61243,102025.53,51.25,6.0
2024-07-29 03:00:00,-5.2846527,0.7661896,286.28815,101991.55,51.25,6.0
2024-07-29 04:00:00,-4.8506927,0.95640564,285.74835,102002.09,51.25,6.0
2024-07-29 05:00:00,-4.3116913,0.8879242,286.7558,102007.45,51.25,6.0
2024-07-29 06:00:00,-3.5800629,0.8397217,289.252,102011.305,51.25,6.0
2024-07-29 07:00:00,-2.535904,0.5459595,291.73785,102001.34,51.25,6.0
2024-07-29 08:00:00,-2.5871124,0.4526062,294.10208,101982.664,51.25,6.0
2024-07-29 09:00:00,-3.234146,0.45655823,295.94336,101945.46,51.25,6.0
2024-07-29 10:00:00,-3.6488342,0.7543335,296.99103,101893.95,51.25,6.0
2024-07-29 11:00:00,-3.5690613,1.2200775,297.93524,101830.75,51.25,6.0
2024-07-29 12:00:00,-3.513092,1.5335083,298.73254,101764.09,51.25,6.0
2024-07-29 13:00:00,-3.440384,1.8595123,299.44934,101710.305,51.25,6.0
2024-07-29 14:00:00,-3.2690735,2.0698242,300.04935,101648.95,51.25,6.0
2024-07-29 15:00:00,-3.0307465,2.117157,300.41385,101581.42,51.25,6.0
2024-07-29 16:00:00,-3.017212,2.260727,300.53586,101530.414,51.25,6.0
2024-07-29 17:00:00,-3.342453,2.0740204,300.17377,101470.734,51.25,6.0
2024-07-29 18:00:00,-4.1941223,1.4561005,299.13675,101437.51,51.25,6.0
2024-07-29 19:00:00,-5.234207,1.6049042,297.4314,101422.695,51.25,6.0
2024-07-29 20:00:00,-5.8500977,2.3715363,295.40216,101421.8,51.25,6.0
2024-07-29 21:00:00,-5.477478,3.1813354,294.04767,101408.42,51.25,6.0
2024-07-29 22:00:00,-4.349365,4.0261536,293.17627,101385.79,51.25,6.0
2024-07-29 23:00:00,-3.4839478,4.6312256,292.28046,101365.016,51.25,6.0
2024-07-30 00:00:00,-2.097992,5.022888,291.36545,101365.57,51.25,6.0
2024-07-30 01:00:00,-1.5776367,4.7934723,290.591,101337.36,51.25,6.0
2024-07-30 02:00:00,-1.7575378,4.5399475,290.21875,101283.67,51.25,6.0
2024-07-30 03:00:00,-1.0602875,4.3478546,289.73285,101283.54,51.25,6.0
2024-07-30 04:00:00,-1.2220154,3.4434052,289.15195,101258.86,51.25,6.0
2024-07-30 05:00:00,-1.5342712,2.8666992,289.8484,101238.11,51.25,6.0
2024-07-30 06:00:00,-2.0495605,2.6412354,292.51593,101256.516,51.25,6.0
2024-07-30 07:00:00,-1.8189545,1.8079834,295.04874,101222.94,51.25,6.0
2024-07-30 08:00:00,-1.1031342,1.2756653,297.29004,101205.984,51.25,6.0
2024-07-30 09:00:00,-0.963562,0.84272766,299.4499,101184.45,51.25,6.0
2024-07-30 10:00:00,-1.0329895,0.25375366,301.01852,101136.45,51.25,6.0
2024-07-30 11:00:00,-0.36769104,0.060562134,302.09738,101116.7,51.25,6.0
2024-07-30 12:00:00,0.1452179,-0.52264404,302.97772,101078.875,51.25,6.0
2024-07-30 13:00:00,0.5484772,-1.103241,303.62653,101069.47,51.25,6.0
2024-07-30 14:00:00,0.7035675,-1.4724579,303.9234,101061.33,51.25,6.0
2024-07-30 15:00:00,1.0618439,-1.6818085,303.90894,101041.22,51.25,6.0
2024-07-30 16:00:00,1.1706238,-2.4151459,303.5958,101024.56,51.25,6.0
2024-07-30 17:00:00,0.670166,-3.3237,302.92178,100991.06,51.25,6.0
2024-07-30 18:00:00,0.6356659,-3.5837708,301.57196,100993.36,51.25,6.0
2024-07-30 19:00:00,0.4028473,-4.3374634,298.86768,101000.375,51.25,6.0
2024-07-30 20:00:00,-0.48083496,-5.23172,296.35217,101002.984,51.25,6.0
2024-07-30 21:00:00,-1.2759247,-5.5726776,294.9626,101026.35,51.25,6.0
2024-07-30 22:00:00,-2.8952332,-5.2476654,294.1458,101024.08,51.25,6.0
2024-07-30 23:00:00,-3.72789,-4.370529,293.2488,100979.7,51.25,6.0
2024-07-31 00:00:00,-3.6733704,-3.636551,292.56174,101003.75,51.25,6.0
2024-07-31 01:00:00,-3.518814,-3.220047,291.98898,101003.73,51.25,6.0
2024-07-31 02:00:00,-2.4065094,-2.9574738,291.6441,101028.94,51.25,6.0
2024-07-31 03:00:00,-1.721344,-3.2654724,291.2696,101027.7,51.25,6.0
2024-07-31 04:00:00,-2.2864075,-2.867752,290.99316,101016.72,51.25,6.0
2024-07-31 05:00:00,-3.3383484,-3.0576935,291.33817,100990.125,51.25,6.0
2024-07-31 06:00:00,-3.278305,-2.471344,292.1424,100986.16,51.25,6.0
2024-07-31 07:00:00,-2.582672,-1.1367035,293.41705,100978.336,51.25,6.0
2024-07-31 08:00:00,-1.1876984,-0.8473816,294.4604,100954.484,51.25,6.0
2024-07-31 09:00:00,-0.9035797,-1.2471008,294.63513,100977.12,51.25,6.0
2024-07-31 10:00:00,-0.87550354,-2.5914917,294.92706,101027.83,51.25,6.0
2024-07-31 11:00:00,-1.6556549,-0.96687317,295.30817,101038.36,51.25,6.0
2024-07-31 12:00:00,-2.322998,-0.023605347,294.85092,101015.79,51.25,6.0
2024-07-31 13:00:00,-0.666214,-0.27067566,296.08386,101004.95,51.25,6.0
2024-07-31 14:00:00,-0.4437256,-0.79415894,297.08917,100947.3,51.25,6.0
2024-07-31 15:00:00,-1.705307,-1.4329071,297.52454,100883.234,51.25,6.0
2024-07-31 16:00:00,-2.2580261,-1.6061707,297.78967,100857.75,51.25,6.0
2024-07-31 17:00:00,-2.2000427,-1.8667145,297.6329,100858.89,51.25,6.0
2024-07-31 18:00:00,-3.2164764,-1.5175018,297.31314,100835.66,51.25,6.0
2024-07-31 19:00:00,-4.4057007,-0.94992065,295.88403,100855.08,51.25,6.0
2024-07-31 20:00:00,-4.8685913,-0.6923523,293.8426,100847.46,51.25,6.0
2024-07-31 21:00:00,-4.1467285,-0.42808533,293.265,100871.555,51.25,6.0
2024-07-31 22:00:00,-2.1456146,0.13987732,292.25412,100849.3,51.25,6.0
2024-07-31 23:00:00,-2.5706635,1.1745605,291.9602,100824.59,51.25,6.0
2024-08-01 00:00:00,-1.9453735,1.1242065,291.96606,100802.83,51.25,6.0
2024-08-01 01:00:00,-1.6967468,-0.20549011,291.9392,100798.67,51.25,6.0
2024-08-01 02:00:00,-3.2088013,-0.6715088,291.87143,100740.266,51.25,6.0
2024-08-01 03:00:00,-4.218231,-1.2141571,291.70172,100695.79,51.25,6.0
2024-08-01 04:00:00,-3.7812958,-1.128006,291.63763,100676.125,51.25,6.0
2024-08-01 05:00:00,-3.0478516,-0.65060425,291.88672,100704.69,51.25,6.0
2024-08-01 06:00:00,-2.5361633,-0.110839844,292.20657,100698.78,51.25,6.0
2024-08-01 07:00:00,-2.8943634,-0.35159302,292.6692,100662.28,51.25,6.0
2024-08-01 08:00:00,-2.2402954,-0.2363739,293.4607,100644.11,51.25,6.0
2024-08-01 09:00:00,-1.2126617,-0.5212097,294.05038,100629.69,51.25,6.0
2024-08-01 10:00:00,0.6387634,-1.635849,294.3175,100671.516,51.25,6.0
2024-08-01 11:00:00,1.0593567,-1.1985016,294.6639,100666.375,51.25,6.0
2024-08-01 12:00:00,1.5429077,-3.2289886,294.65414,100677.57,51.25,6.0
2024-08-01 13:00:00,1.3527527,-4.518997,294.40076,100661.64,51.25,6.0
2024-08-01 14:00:00,0.97865295,-4.331497,294.06424,100677.85,51.25,6.0
2024-08-01 15:00:00,0.4396515,-4.2097473,293.46808,100640.33,51.25,6.0
2024-08-01 16:00:00,0.5192871,-3.6795044,293.50238,100640.766,51.25,6.0
2024-08-01 17:00:00,1.0764313,-3.7400513,293.80005,100659.68,51.25,6.0
2024-08-01 18:00:00,1.3145447,-4.072983,293.7366,100645.07,51.25,6.0
2024-08-01 19:00:00,0.78900146,-4.626541,293.301,100698.625,51.25,6.0
2024-08-01 20:00:00,0.06288147,-4.7368164,292.71463,100744.44,51.25,6.0
2024-08-01 21:00:00,-0.6252594,-4.614319,292.2231,100770.36,51.25,6.0
2024-08-01 22:00:00,-1.6512756,-3.115265,291.42303,100832.9,51.25,6.0
2024-08-01 23:00:00,-2.590805,-2.7826538,290.826,100819.06,51.25,6.0
2024-08-02 00:00:00,-1.9055634,-1.5798492,290.39075,100837.7,51.25,6.0
2024-08-02 01:00:00,-1.0596466,-1.7573853,289.8332,100802.2,51.25,6.0
2024-08-02 02:00:00,-1.1243591,-1.7099762,289.3667,100785.2,51.25,6.0
2024-08-02 03:00:00,-1.2268829,-1.0191498,289.27905,100777.22,51.25,6.0
2024-08-02 04:00:00,-1.1858063,-0.5119324,288.94012,100774.42,51.25,6.0
2024-08-02 05:00:00,-0.5879822,-0.53608704,289.0659,100800.28,51.25,6.0
2024-08-02 06:00:00,-0.33654785,-0.18203735,289.84473,100818.28,51.25,6.0
2024-08-02 07:00:00,-0.5127106,-0.1409607,291.00055,100826.36,51.25,6.0
2024-08-02 08:00:00,-0.3513794,-0.36842346,292.66388,100813.56,51.25,6.0
2024-08-02 09:00:00,-0.037765503,-0.7003937,293.73593,100805.28,51.25,6.0
2024-08-02 10:00:00,-0.18063354,-0.4589386,294.51392,100829.055,51.25,6.0
2024-08-02 11:00:00,0.3090973,-1.0213928,295.922,100825.586,51.25,6.0
2024-08-02 12:00:00,0.10417175,-1.4493866,296.78674,100767.3,51.25,6.0
2024-08-02 13:00:00,-0.0047302246,-1.6152191,297.91736,100727.27,51.25,6.0
2024-08-02 14:00:00,0.11907959,-1.6182709,298.85333,100680.28,51.25,6.0
2024-08-02 15:00:00,-0.13278198,-1.661026,298.75525,100660.81,51.25,6.0
2024-08-02 16:00:00,-0.43084717,-1.7142639,298.77896,100618.31,51.25,6.0
2024-08-02 17:00:00,-0.5154724,-2.0456238,298.48978,100587.83,51.25,6.0
2024-08-02 18:00:00,-0.72036743,-2.0996552,297.31866,100591.52,51.25,6.0
2024-08-02 19:00:00,-1.593399,-2.640915,295.13025,100596.16,51.25,6.0
2024-08-02 20:00:00,-2.5571136,-2.521881,292.8729,100636.03,51.25,6.0
2024-08-02 21:00:00,-2.873703,-1.5562134,291.63672,100654.9,51.25,6.0
2024-08-02 22:00:00,-2.3455658,0.441391,290.7608,100660.69,51.25,6.0
2024-08-02 23:00:00,-1.7283783,0.6898041,290.82608,100654.45,51.25,6.0
2024-08-03 00:00:00,-1.2767487,1.2058258,290.96722,100664.18,51.25,6.0
2024-08-03 01:00:00,-0.60095215,2.4866486,290.00073,100616.44,51.25,6.0
2024-08-03 02:00:00,1.6657562,2.8858032,288.9992,100621.09,51.25,6.0
2024-08-03 03:00:00,3.3721924,2.3317566,289.3823,100620.9,51.25,6.0
2024-08-03 04:00:00,4.6069946,1.4605408,289.94705,100609.36,51.25,6.0
2024-08-03 05:00:00,5.413391,0.8236084,290.67108,100641.64,51.25,6.0
2024-08-03 06:00:00,4.8474426,0.5831604,291.54675,100665.016,51.25,6.0
2024-08-03 07:00:00,3.6858368,1.5888824,292.21222,100686.625,51.25,6.0
2024-08-03 08:00:00,3.7449799,2.6056824,292.83325,100721.06,51.25,6.0
2024-08-03 09:00:00,4.5643463,2.7246246,293.74414,100744.86,51.25,6.0
2024-08-03 10:00:00,4.2951355,1.6778564,294.41202,100789.11,51.25,6.0
2024-08-03 11:00:00,4.3997955,1.7110596,294.86575,100765.914,51.25,6.0
2024-08-03 12:00:00,4.048462,1.3120575,295.9235,100728.75,51.25,6.0
2024-08-03 13:00:00,4.6068726,1.1949463,296.60046,100706.5,51.25,6.0
2024-08-03 14:00:00,5.5568085,1.2523499,296.8465,100710.64,51.25,6.0
2024-08-03 15:00:00,6.385086,1.2571106,296.4253,100706.484,51.25,6.0
2024-08-03 16:00:00,6.3887177,1.1617584,295.85675,100707.19,51.25,6.0
2024-08-03 17:00:00,6.382675,0.8912201,295.38074,100700.76,51.25,6.0
2024-08-03 18:00:00,6.3425903,0.9480591,294.34662,100691.95,51.25,6.0
2024-08-03 19:00:00,5.6681976,1.701004,293.8673,100706.84,51.25,6.0
2024-08-03 20:00:00,5.7985535,2.3587036,293.1309,100798.81,51.25,6.0
2024-08-03 21:00:00,6.03067,2.2651367,292.7993,100801.125,51.25,6.0
2024-08-03 22:00:00,5.816635,2.6909637,292.16467,100819.516,51.25,6.0
2024-08-03 23:00:00,5.922821,2.052063,291.82495,100823.484,51.25,6.0
2024-08-04 00:00:00,5.4951477,1.428894,291.36462,100815.875,51.25,6.0
2024-08-04 01:00:00,4.6400757,0.7686615,291.14618,100763.516,51.25,6.0
2024-08-04 02:00:00,4.3019104,1.7473755,291.01825,100764.62,51.25,6.0
2024-08-04 03:00:00,4.6690216,1.7949677,290.92957,100760.36,51.25,6.0
2024-08-04 04:00:00,5.0030212,0.6055908,290.6278,100768.0,51.25,6.0
2024-08-04 05:00:00,4.5553284,-1.7642059,290.5039,100798.875,51.25,6.0
2024-08-04 06:00:00,3.359848,-3.2864838,290.5585,100843.69,51.25,6.0
2024-08-04 07:00:00,2.2310944,-3.5042267,290.9095,100897.016,51.25,6.0
2024-08-04 08:00:00,1.5001068,-3.2270355,291.42676,100939.97,51.25,6.0
2024-08-04 09:00:00,1.3756866,-2.7125702,292.00647,100982.14,51.25,6.0
2024-08-04 10:00:00,1.7902527,-2.1269226,293.0877,101037.03,51.25,6.0
2024-08-04 11:00:00,2.5543213,-1.8480682,293.50385,101066.95,51.25,6.0
2024-08-04 12:00:00,2.9055939,-2.0026398,293.4697,101072.39,51.25,6.0
2024-08-04 13:00:00,3.1091156,-2.5781403,293.2088,101103.11,51.25,6.0
2024-08-04 14:00:00,2.8088531,-2.7935638,293.37106,101078.86,51.25,6.0
2024-08-04 15:00:00,2.4736328,-2.792282,293.51562,101065.484,51.25,6.0
2024-08-04 16:00:00,1.8400421,-2.376007,293.451,101062.49,51.25,6.0
2024-08-04 17:00:00,1.5471191,-1.7654419,293.28876,101051.57,51.25,6.0
2024-08-04 18:00:00,1.3039551,-1.2769012,292.78183,101041.28,51.25,6.0
2024-08-04 19:00:00,1.007309,-1.3224792,291.50964,101057.484,51.25,6.0
2024-08-04 20:00:00,0.9250946,-1.2760162,291.1703,101114.42,51.25,6.0
2024-08-04 21:00:00,0.53982544,-0.8975525,291.23428,101109.53,51.25,6.0
2024-08-04 22:00:00,0.24845886,1.4161377,290.8682,101113.8,51.25,6.0
2024-08-04 23:00:00,-0.1701355,2.2694092,290.28418,101096.086,51.25,6.0
2024-08-05 00:00:00,-0.31097412,3.4274445,289.29068,101063.11,51.25,6.0
2024-08-05 01:00:00,0.027114868,3.7525024,288.86655,101058.625,51.25,6.0
2024-08-05 02:00:00,0.033355713,4.18515,288.8423,101053.6,51.25,6.0
2024-08-05 03:00:00,-0.23991394,4.5937805,288.97516,100986.19,51.25,6.0
2024-08-05 04:00:00,0.08087158,4.3185883,289.0576,100973.984,51.25,6.0
2024-08-05 05:00:00,0.6325073,4.5720215,289.36267,100986.6,51.25,6.0
2024-08-05 06:00:00,1.3711395,4.241028,290.51242,100995.234,51.25,6.0
2024-08-05 07:00:00,1.6721497,2.8213959,292.1153,101012.234,51.25,6.0
2024-08-05 08:00:00,2.0404968,2.242859,293.57172,101022.57,51.25,6.0
2024-08-05 09:00:00,2.2373047,2.2120514,294.8244,101028.98,51.25,6.0
2024-08-05 10:00:00,2.1962128,2.2063751,295.44495,101005.84,51.25,6.0
2024-08-05 11:00:00,2.6320648,2.5126038,296.2647,100979.64,51.25,6.0
2024-08-05 12:00:00,2.9519958,2.4617615,297.13666,100932.016,51.25,6.0
2024-08-05 13:00:00,3.3301392,2.165802,297.80963,100919.95,51.25,6.0
2024-08-05 14:00:00,3.4193726,1.5944672,298.2395,100909.625,51.25,6.0
2024-08-05 15:00:00,3.2177582,1.0364227,298.68146,100879.08,51.25,6.0
2024-08-05 16:00:00,2.9113922,0.516037,298.75067,100864.766,51.25,6.0
2024-08-05 17:00:00,2.2861328,0.06788635,298.26935,100835.336,51.25,6.0
2024-08-05 18:00:00,1.5082092,-0.83766174,297.42383,100827.03,51.25,6.0
2024-08-05 19:00:00,0.6173096,-1.4011536,295.2852,100830.77,51.25,6.0
2024-08-05 20:00:00,-0.41992188,-1.6142273,292.9912,100865.53,51.25,6.0
2024-08-05 21:00:00,-1.4130096,-1.1235504,291.42297,100845.88,51.25,6.0
2024-08-05 22:00:00,-2.0026398,-1.0999146,289.41025,100847.92,51.25,6.0
2024-08-05 23:00:00,-2.1743164,-0.21325684,288.86572,100841.24,51.25,6.0
2024-08-06 00:00:00,-1.8742371,0.5541992,288.47266,100814.06,51.25,6.0
2024-08-06 01:00:00,-1.9914703,1.0927277,287.93134,100772.22,51.25,6.0
2024-08-06 02:00:00,-2.6060486,1.696106,288.06934,100741.96,51.25,6.0
2024-08-06 03:00:00,-2.5327454,2.5736084,287.7209,100693.47,51.25,6.0
2024-08-06 04:00:00,-2.0159454,3.3875732,287.68552,100679.67,51.25,6.0
2024-08-06 05:00:00,-1.5926819,3.8766937,288.57483,100681.71,51.25,6.0
2024-08-06 06:00:00,-1.1354065,4.068817,291.22086,100669.06,51.25,6.0
2024-08-06 07:00:00,-0.5132904,3.2239532,294.09558,100649.5,51.25,6.0
2024-08-06 08:00:00,-0.24299622,2.3659668,296.6033,100652.695,51.25,6.0
2024-08-06 09:00:00,0.09762573,2.3430176,298.5095,100622.45,51.25,6.0
2024-08-06 10:00:00,0.28901672,2.0206451,299.9804,100621.34,51.25,6.0
2024-08-06 11:00:00,0.76322937,2.2202454,300.9201,100600.92,51.25,6.0
2024-08-06 12:00:00,1.061676,2.4851227,301.6065,100546.875,51.25,6.0
2024-08-06 13:00:00,1.3681641,3.0557098,302.16144,100523.836,51.25,6.0
2024-08-06 14:00:00,1.7484131,3.307907,302.03687,100476.97,51.25,6.0
2024-08-06 15:00:00,2.3453674,2.888214,302.17212,100449.92,51.25,6.0
2024-08-06 16:00:00,2.6188507,2.4423065,302.05197,100424.08,51.25,6.0
2024-08-06 17:00:00,2.9805298,1.8848267,301.36865,100413.61,51.25,6.0
2024-08-06 18:00:00,3.4921417,1.354187,300.11975,100445.83,51.25,6.0
2024-08-06 19:00:00,3.5755463,0.6300812,297.5795,100446.7,51.25,6.0
2024-08-06 20:00:00,3.20253,-0.09039307,296.05353,100504.3,51.25,6.0
2024-08-06 21:00:00,2.4033966,-0.37141418,294.80933,100511.58,51.25,6.0
2024-08-06 22:00:00,2.6674042,0.15081787,294.5116,100524.61,51.25,6.0
2024-08-06 23:00:00,2.277771,-0.12858582,292.62463,100512.734,51.25,6.0
2024-08-07 00:00:00,2.6215668,-0.29286194,291.30673,100519.73,51.25,6.0
2024-08-07 01:00:00,3.5055542,-1.1841125,291.54626,100499.42,51.25,6.0
2024-08-07 02:00:00,4.5105896,-2.0135498,291.8692,100502.06,51.25,6.0
2024-08-07 03:00:00,5.211319,-2.4136047,292.02637,100543.83,51.25,6.0
2024-08-07 04:00:00,4.8767242,-2.208664,291.87067,100557.516,51.25,6.0
2024-08-07 05:00:00,4.0805817,-1.3431702,291.88568,100590.875,51.25,6.0
2024-08-07 06:00:00,3.55336,-0.17276001,292.148,100617.08,51.25,6.0
2024-08-07 07:00:00,3.6415863,0.16914368,292.53564,100641.21,51.25,6.0
2024-08-07 08:00:00,3.6456757,0.7023468,292.67905,100685.56,51.25,6.0
2024-08-07 09:00:00,4.117218,0.79341125,292.37085,100718.016,51.25,6.0
2024-08-07 10:00:00,5.115143,0.35762024,292.6023,100791.12,51.25,6.0
2024-08-07 11:00:00,4.793396,0.6664276,292.55554,100792.69,51.25,6.0
2024-08-07 12:00:00,4.8297424,0.30960083,292.58948,100797.234,51.25,6.0
2024-08-07 13:00:00,4.8626404,-0.67196655,294.07462,100779.91,51.25,6.0
2024-08-07 14:00:00,5.015442,-1.490799,295.05676,100773.3,51.25,6.0
2024-08-07 15:00:00,4.787384,-1.9667358,295.39758,100791.1,51.25,6.0
2024-08-07 16:00:00,4.432831,-1.9382324,295.38568,100804.58,51.25,6.0
2024-08-07 17:00:00,3.7145233,-1.7938995,295.16754,100810.984,51.25,6.0
2024-08-07 18:00:00,3.1200562,-1.8113098,294.37854,100846.71,51.25,6.0
2024-08-07 19:00:00,2.8575897,-1.4762115,292.4621,100903.91,51.25,6.0
2024-08-07 20:00:00,2.3408356,-0.9395294,291.2574,100978.36,51.25,6.0
2024-08-07 21:00:00,2.4692383,-0.028549194,290.9103,100992.28,51.25,6.0
2024-08-07 22:00:00,4.819931,-0.45819092,291.04584,101008.86,51.25,6.0
2024-08-07 23:00:00,4.4839325,-0.9335785,290.82123,101045.0,51.25,6.0
2024-08-08 00:00:00,3.8299713,-0.40274048,290.09604,101011.75,51.25,6.0
2024-08-08 01:00:00,4.5022125,0.8613434,289.7502,100995.82,51.25,6.0
2024-08-08 02:00:00,5.1858673,1.7463226,289.7235,101000.875,51.25,6.0
2024-08-08 03:00:00,5.343872,1.7945557,289.60822,101038.3,51.25,6.0
2024-08-08 04:00:00,4.9627533,1.6559601,289.4252,101064.63,51.25,6.0
2024-08-08 05:00:00,4.421158,1.9393768,289.2173,101094.42,51.25,6.0
2024-08-08 06:00:00,4.155182,2.3738556,289.84387,101149.59,51.25,6.0
2024-08-08 07:00:00,3.8001099,2.5385132,290.6568,101210.71,51.25,6.0
2024-08-08 08:00:00,4.0077667,1.8742371,291.85004,101215.734,51.25,6.0
2024-08-08 09:00:00,3.8504944,1.5105286,292.9643,101220.6,51.25,6.0
2024-08-08 10:00:00,3.1298828,1.717392,293.7869,101244.125,51.25,6.0
2024-08-08 11:00:00,3.5460052,1.6081238,294.75287,101254.15,51.25,6.0
2024-08-08 12:00:00,3.4528809,1.6227722,295.5385,101225.734,51.25,6.0
2024-08-08 13:00:00,3.130249,1.670044,296.30182,101220.516,51.25,6.0
2024-08-08 14:00:00,2.9937592,2.0660553,296.55878,101180.77,51.25,6.0
2024-08-08 15:00:00,3.012619,2.5686646,296.92392,101149.125,51.25,6.0
2024-08-08 16:00:00,3.3472137,3.151886,296.6795,101136.766,51.25,6.0
2024-08-08 17:00:00,3.738083,3.5671082,296.33856,101104.3,51.25,6.0
2024-08-08 18:00:00,3.295639,3.590332,295.3582,101117.5,51.25,6.0
2024-08-08 19:00:00,2.3522491,4.083069,293.59204,101107.94,51.25,6.0
2024-08-08 20:00:00,1.0492859,5.4163666,292.2694,101094.555,51.25,6.0
2024-08-08 21:00:00,0.6051483,7.150116,292.71423,101050.89,51.25,6.0
2024-08-08 22:00:00,2.751175,7.711792,292.90753,101035.29,51.25,6.0
2024-08-08 23:00:00,4.1759796,6.537674,293.32944,100985.89,51.25,6.0
2024-08-09 00:00:00,4.7909546,6.2580566,293.64987,100952.45,51.25,6.0
2024-08-09 01:00:00,4.869522,6.197052,293.94772,100924.25,51.25,6.0
2024-08-09 02:00:00,4.973068,6.3152924,294.12268,100904.92,51.25,6.0
2024-08-09 03:00:00,5.2021637,6.6066895,294.47632,100881.0,51.25,6.0
2024-08-09 04:00:00,5.434372,6.768997,294.5552,100825.734,51.25,6.0
2024-08-09 05:00:00,5.729889,6.902176,294.31287,100818.44,51.25,6.0
2024-08-09 06:00:00,6.279587,6.604782,294.4229,100826.21,51.25,6.0
2024-08-09 07:00:00,6.2434235,5.91539,294.58105,100871.07,51.25,6.0
2024-08-09 08:00:00,7.2044983,5.636093,295.21082,100885.69,51.25,6.0
2024-08-09 09:00:00,10.109787,4.805542,295.6781,100916.7,51.25,6.0
2024-08-09 10:00:00,7.148102,3.485199,295.4724,100922.234,51.25,6.0
2024-08-09 11:00:00,7.417816,4.1152954,295.47903,100960.56,51.25,6.0
2024-08-09 12:00:00,8.0168,3.5289307,295.21783,100978.86,51.25,6.0
2024-08-09 13:00:00,9.179428,3.2031555,295.04666,101004.234,51.25,6.0
2024-08-09 14:00:00,9.83696,3.0363312,295.37198,101020.84,51.25,6.0
2024-08-09 15:00:00,8.786407,2.2476044,296.7027,101027.89,51.25,6.0
2024-08-09 16:00:00,7.9238586,1.7481232,297.3508,101039.83,51.25,6.0
2024-08-09 17:00:00,7.7015686,1.1292725,297.56073,101072.05,51.25,6.0
2024-08-09 18:00:00,6.5891266,0.23239136,296.72388,101120.75,51.25,6.0
2024-08-09 19:00:00,5.5014496,-0.6084137,295.05655,101171.15,51.25,6.0
2024-08-09 20:00:00,4.535034,-1.0633545,292.98624,101245.59,51.25,6.0
2024-08-09 21:00:00,3.979782,-1.023407,291.48682,101284.58,51.25,6.0
2024-08-09 22:00:00,4.286377,0.15434265,290.04373,101276.266,51.25,6.0
2024-08-09 23:00:00,5.3801575,1.4134827,289.90173,101319.6,51.25,6.0
2024-08-10 00:00:00,6.2331085,2.0610962,289.61078,101361.73,51.25,6.0
2024-08-10 01:00:00,6.1278076,2.2841187,288.90454,101375.69,51.25,6.0
2024-08-10 02:00:00,5.3833466,3.2388458,288.33325,101364.22,51.25,6.0
2024-08-10 03:00:00,5.3334045,4.044052,287.90927,101392.71,51.25,6.0
2024-08-10 04:00:00,5.5834656,3.795639,287.61136,101433.09,51.25,6.0
2024-08-10 05:00:00,5.443924,3.8249054,287.62057,101456.25,51.25,6.0
2024-08-10 06:00:00,4.965149,3.5834808,288.7624,101520.19,51.25,6.0
2024-08-10 07:00:00,5.4493103,2.5119324,290.08905,101541.5,51.25,6.0
2024-08-10 08:00:00,4.9707336,2.3266296,291.6729,101592.11,51.25,6.0
2024-08-10 09:00:00,5.051056,1.9644775,293.3036,101600.5,51.25,6.0
2024-08-10 10:00:00,3.696701,1.9652252,294.90536,101605.86,51.25,6.0
2024-08-10 11:00:00,3.9528198,2.2587738,296.0408,101585.92,51.25,6.0
2024-08-10 12:00:00,4.2048645,2.0437775,297.11328,101564.055,51.25,6.0
2024-08-10 13:00:00,4.203171,1.69133,298.00546,101528.92,51.25,6.0
2024-08-10 14:00:00,4.411194,1.4555817,298.47687,101548.09,51.25,6.0
2024-08-10 15:00:00,4.742462,1.2235565,298.75812,101561.79,51.25,6.0
2024-08-10 16:00:00,4.7124176,0.85658264,298.83698,101567.0,51.25,6.0
2024-08-10 17:00:00,4.297577,0.31715393,298.47946,101568.8,51.25,6.0
2024-08-10 18:00:00,3.8250427,-0.2134552,297.47476,101562.125,51.25,6.0
2024-08-10 19:00:00,3.3501434,-0.24723816,295.91595,101564.266,51.25,6.0
2024-08-10 20:00:00,2.9470062,-0.18859863,294.4367,101590.72,51.25,6.0
2024-08-10 21:00:00,2.721756,-1.4580231,293.85004,101627.95,51.25,6.0
2024-08-10 22:00:00,3.3974915,-1.0427399,292.5919,101624.78,51.25,6.0
2024-08-10 23:00:00,2.9585724,-1.7198181,291.6535,101647.14,51.25,6.0
2024-08-11 00:00:00,2.299759,-2.186264,290.8843,101641.65,51.25,6.0
2024-08-11 01:00:00,1.6683807,-2.0510101,290.01413,101629.234,51.25,6.0
2024-08-11 02:00:00,1.4758453,-2.4595184,289.2,101619.93,51.25,6.0
2024-08-11 03:00:00,1.0457458,-3.428543,289.06866,101650.93,51.25,6.0
2024-08-11 04:00:00,-0.009765625,-3.1922455,288.9976,101678.25,51.25,6.0
2024-08-11 05:00:00,-0.99494934,-1.9877167,289.66214,101703.76,51.25,6.0
2024-08-11 06:00:00,-1.346756,-0.87875366,291.75073,101756.55,51.25,6.0
2024-08-11 07:00:00,-0.943573,0.010131836,293.8592,101771.484,51.25,6.0
2024-08-11 08:00:00,-1.0739746,0.20979309,295.41376,101771.516,51.25,6.0
2024-08-11 09:00:00,-0.920105,0.13578796,296.75143,101750.016,51.25,6.0
2024-08-11 10:00:00,-0.97761536,-0.26831055,297.84186,101715.88,51.25,6.0
2024-08-11 11:00:00,-1.3486633,-0.9355469,298.81882,101655.95,51.25,6.0
2024-08-11 12:00:00,-1.6962891,-1.3591309,299.6215,101607.58,51.25,6.0
2024-08-11 13:00:00,-2.0327759,-1.8492126,300.23474,101586.0,51.25,6.0
2024-08-11 14:00:00,-2.40448,-1.8767242,300.60767,101534.55,51.25,6.0
2024-08-11 15:00:00,-2.6080627,-1.6280823,300.8257,101482.766,51.25,6.0
2024-08-11 16:00:00,-2.8919525,-1.9067535,300.55872,101437.55,51.25,6.0
2024-08-11 17:00:00,-3.2024841,-2.350937,300.01514,101374.484,51.25,6.0
2024-08-11 18:00:00,-3.5611267,-3.2438202,298.82812,101360.88,51.25,6.0
2024-08-11 19:00:00,-4.486969,-4.042511,296.95535,101330.78,51.25,6.0
2024-08-11 20:00:00,-5.7084045,-3.934784,295.5485,101326.086,51.25,6.0
2024-08-11 21:00:00,-6.6569366,-2.8193817,294.70947,101316.516,51.25,6.0
2024-08-11 22:00:00,-7.2230225,-1.7667694,293.67944,101260.55,51.25,6.0
2024-08-11 23:00:00,-6.929901,-0.69285583,293.01318,101225.266,51.25,6.0
2024-08-12 00:00:00,-6.5056763,-0.15402222,292.27087,101179.66,51.25,6.0
2024-08-12 01:00:00,-6.415161,-0.08857727,291.53967,101119.26,51.25,6.0
2024-08-12 02:00:00,-6.594742,-0.0074157715,290.81458,101058.28,51.25,6.0
2024-08-12 03:00:00,-6.352005,0.52233887,290.48065,101020.484,51.25,6.0
2024-08-12 04:00:00,-5.99765,0.8353882,290.3949,100983.86,51.25,6.0
2024-08-12 05:00:00,-6.0370026,0.5946808,290.60803,100947.73,51.25,6.0
2024-08-12 06:00:00,-6.1402283,0.42308044,292.19867,100901.4,51.25,6.0
2024-08-12 07:00:00,-4.9157104,0.275589,294.58356,100869.08,51.25,6.0
2024-08-12 08:00:00,-4.5137177,0.6611481,296.88895,100800.375,51.25,6.0
2024-08-12 09:00:00,-4.476288,1.2510986,298.97122,100750.3,51.25,6.0
2024-08-12 10:00:00,-3.843521,1.0849457,300.83807,100671.61,51.25,6.0
2024-08-12 11:00:00,-3.2451935,1.0924072,302.53214,100605.66,51.25,6.0
2024-08-12 12:00:00,-2.766922,1.3301697,303.9138,100562.46,51.25,6.0
2024-08-12 13:00:00,-2.0519867,1.8131866,305.06665,100508.7,51.25,6.0
2024-08-12 14:00:00,-0.92233276,2.107315,305.91675,100469.125,51.25,6.0
2024-08-12 15:00:00,0.43478394,1.9680176,306.4109,100427.875,51.25,6.0
2024-08-12 16:00:00,0.7638092,1.1558685,306.6786,100381.2,51.25,6.0
2024-08-12 17:00:00,0.690567,1.0209198,306.28925,100367.05,51.25,6.0
2024-08-12 18:00:00,-0.006210327,0.58631897,304.70337,100365.39,51.25,6.0
2024-08-12 19:00:00,-0.9697113,0.85639954,301.37036,100351.8,51.25,6.0
2024-08-12 20:00:00,-0.7537689,2.6173096,299.7762,100387.96,51.25,6.0
2024-08-12 21:00:00,1.021698,4.6161194,298.93103,100397.51,51.25,6.0
2024-08-12 22:00:00,2.1012726,3.1062164,297.93658,100373.46,51.25,6.0
2024-08-12 23:00:00,2.4224548,2.296814,297.83997,100374.11,51.25,6.0
2024-08-13 00:00:00,1.4590302,3.6331635,297.4702,100389.16,51.25,6.0
2024-08-13 01:00:00,0.89959717,4.2150116,296.942,100366.15,51.25,6.0
2024-08-13 02:00:00,1.4291382,4.243866,296.23566,100351.55,51.25,6.0
2024-08-13 03:00:00,3.756546,3.594284,295.6561,100378.36,51.25,6.0
2024-08-13 04:00:00,3.9749603,1.9694366,295.1552,100358.86,51.25,6.0
2024-08-13 05:00:00,3.5275116,1.8018951,295.28552,100376.38,51.25,6.0
2024-08-13 06:00:00,3.0534668,2.0860138,296.84497,100409.766,51.25,6.0
2024-08-13 07:00:00,1.7901306,1.833435,298.27222,100435.016,51.25,6.0
2024-08-13 08:00:00,1.504242,1.6472931,299.83966,100443.55,51.25,6.0
2024-08-13 09:00:00,2.1160583,1.015152,301.3854,100451.63,51.25,6.0
2024-08-13 10:00:00,1.696991,-1.1542053,302.87457,100454.98,51.25,6.0
2024-08-13 11:00:00,0.2796631,-0.16682434,303.84735,100398.79,51.25,6.0
2024-08-13 12:00:00,1.377121,-0.8281708,304.98505,100419.05,51.25,6.0
2024-08-13 13:00:00,0.56314087,-0.7093353,305.49118,100342.97,51.25,6.0
2024-08-13 14:00:00,5.062134,0.92800903,305.79443,100405.61,51.25,6.0
2024-08-13 15:00:00,3.6467285,-0.7631378,305.31848,100303.72,51.25,6.0
2024-08-13 16:00:00,1.8653717,-3.4020386,303.58563,100369.22,51.25,6.0
2024-08-13 17:00:00,0.60472107,-3.6085663,299.4712,100381.41,51.25,6.0
2024-08-13 18:00:00,1.5824432,-3.7803802,295.79388,100418.75,51.25,6.0
2024-08-13 19:00:00,1.6681824,-4.2387543,295.65845,100479.11,51.25,6.0
2024-08-13 20:00:00,1.619461,-4.086563,295.4546,100495.56,51.25,6.0
2024-08-13 21:00:00,2.1237488,-4.1071777,295.2934,100482.48,51.25,6.0
2024-08-13 22:00:00,-1.1591187,-3.8475342,294.235,100431.25,51.25,6.0
2024-08-13 23:00:00,-2.101303,-2.5394745,293.8279,100497.31,51.25,6.0
2024-08-14 00:00:00,-2.355957,-0.2339325,293.55066,100525.61,51.25,6.0
2024-08-14 01:00:00,-1.8715668,0.2215271,293.12112,100464.78,51.25,6.0
2024-08-14 02:00:00,-0.3050537,-0.6130066,292.84512,100445.83,51.25,6.0
2024-08-14 03:00:00,0.8962555,-1.4901733,292.46976,100500.16,51.25,6.0
2024-08-14 04:00:00,1.129364,-1.185257,292.21967,100520.68,51.25,6.0
2024-08-14 05:00:00,2.4589233,0.073776245,292.2673,100546.09,51.25,6.0
2024-08-14 06:00:00,3.3137817,0.17604065,292.86948,100535.91,51.25,6.0
2024-08-14 07:00:00,2.9388885,-0.41770935,293.63495,100547.91,51.25,6.0
2024-08-14 08:00:00,2.0529938,-0.38459778,294.47302,100613.375,51.25,6.0
2024-08-14 09:00:00,1.3555298,-0.32284546,295.65228,100641.86,51.25,6.0
2024-08-14 10:00:00,2.9438324,1.3643799,295.7931,100677.44,51.25,6.0
2024-08-14 11:00:00,2.7210083,2.3274689,295.9344,100740.06,51.25,6.0
2024-08-14 12:00:00,3.3862,1.8216095,296.02112,100728.84,51.25,6.0
2024-08-14 13:00:00,4.822357,1.0924072,295.87375,100703.266,51.25,6.0
2024-08-14 14:00:00,5.4592743,0.07322693,295.65613,100733.516,51.25,6.0
2024-08-14 15:00:00,5.903,-0.833786,295.00348,100759.57,51.25,6.0
2024-08-14 16:00:00,4.790985,-0.577652,294.50452,100820.375,51.25,6.0
2024-08-14 17:00:00,4.6176147,-0.69099426,294.24695,100805.445,51.25,6.0
2024-08-14 18:00:00,4.5286407,-0.78393555,293.80627,100815.445,51.25,6.0
2024-08-14 19:00:00,3.9986267,0.03694153,293.16885,100878.734,51.25,6.0
2024-08-14 20:00:00,3.4640656,1.1150055,292.42517,100947.03,51.25,6.0
2024-08-14 21:00:00,3.967682,1.8163452,291.94617,100977.48,51.25,6.0
2024-08-14 22:00:00,4.059143,2.4162598,291.6726,100999.375,51.25,6.0
2024-08-14 23:00:00,5.3019104,2.4798431,291.2862,101053.52,51.25,6.0
2024-08-15 00:00:00,5.7718964,1.9121094,290.96375,101068.195,51.25,6.0
2024-08-15 01:00:00,5.791382,1.5690002,290.2894,101086.48,51.25,6.0
2024-08-15 02:00:00,5.7103577,0.9584503,289.6023,101099.03,51.25,6.0
2024-08-15 03:00:00,5.2532654,1.1785126,289.40994,101101.05,51.25,6.0
2024-08-15 04:00:00,4.8752136,1.6988525,289.30615,101117.34,51.25,6.0
2024-08-15 05:00:00,4.8044434,1.786972,289.71643,101144.8,51.25,6.0
2024-08-15 06:00:00,5.1227417,1.2844086,290.54672,101216.984,51.25,6.0
2024-08-15 07:00:00,3.774292,1.3950195,291.60968,101251.766,51.25,6.0
2024-08-15 08:00:00,2.814331,1.6144257,293.2143,101276.195,51.25,6.0
2024-08-15 09:00:00,2.4860077,1.8966217,294.84387,101273.87,51.25,6.0
2024-08-15 10:00:00,2.72937,1.8231201,296.89563,101238.84,51.25,6.0
2024-08-15 11:00:00,2.889618,2.6092377,297.89917,101185.09,51.25,6.0
2024-08-15 12:00:00,3.8471985,3.3285675,298.5339,101164.125,51.25,6.0
2024-08-15 13:00:00,4.429718,3.8870392,299.20062,101149.97,51.25,6.0
2024-08-15 14:00:00,4.090851,3.2943115,299.6281,101122.8,51.25,6.0
2024-08-15 15:00:00,4.8239746,3.523529,299.82736,101094.66,51.25,6.0
2024-08-15 16:00:00,4.5831757,2.986618,299.80536,101038.33,51.25,6.0
2024-08-15 17:00:00,4.3337708,2.523285,299.32712,100991.55,51.25,6.0
2024-08-15 18:00:00,4.5935516,2.5369873,298.26505,100990.55,51.25,6.0
2024-08-15 19:00:00,5.032135,2.6431427,296.56253,101011.234,51.25,6.0
2024-08-15 20:00:00,5.475891,2.3817596,295.1177,101081.2,51.25,6.0
2024-08-15 21:00:00,5.5388336,2.2568512,294.11282,101119.516,51.25,6.0
2024-08-15 22:00:00,5.9061737,2.5382843,292.97473,101135.96,51.25,6.0
2024-08-15 23:00:00,6.118225,2.7041473,292.18518,101126.15,51.25,6.0
2024-08-16 00:00:00,5.841812,3.2521667,291.63422,101133.875,51.25,6.0
2024-08-16 01:00:00,5.2965393,3.944458,291.48724,101110.484,51.25,6.0
2024-08-16 02:00:00,5.0421295,4.014984,291.25555,101084.78,51.25,6.0
2024-08-16 03:00:00,4.790848,3.9955597,291.2741,101042.945,51.25,6.0
2024-08-16 04:00:00,3.8418884,4.596939,291.28857,101014.8,51.25,6.0
2024-08-16 05:00:00,3.466568,5.229126,291.44012,101006.55,51.25,6.0
2024-08-16 06:00:00,3.451889,5.700012,292.5634,101045.99,51.25,6.0
2024-08-16 07:00:00,3.1927948,5.627945,293.6776,101074.75,51.25,6.0
2024-08-16 08:00:00,3.4463196,5.578537,294.5453,101097.97,51.25,6.0
2024-08-16 09:00:00,4.4498596,5.076462,295.2527,101090.95,51.25,6.0
2024-08-16 10:00:00,4.6762238,3.4647064,295.61072,101088.58,51.25,6.0
2024-08-16 11:00:00,4.7251587,2.949585,295.7506,101089.17,51.25,6.0
2024-08-16 12:00:00,4.6280823,2.4633942,295.71576,101087.74,51.25,6.0
2024-08-16 13:00:00,5.402893,2.2696228,295.0588,101051.34,51.25,6.0
2024-08-16 14:00:00,5.6580353,1.760498,294.85382,101048.64,51.25,6.0
2024-08-16 15:00:00,5.6376343,1.1844177,295.0871,101013.484,51.25,6.0
2024-08-16 16:00:00,5.242569,0.81484985,295.17993,101009.0,51.25,6.0
2024-08-16 17:00:00,4.671753,0.50914,294.78137,100971.445,51.25,6.0
2024-08-16 18:00:00,4.2687683,0.7078705,294.21124,100959.72,51.25,6.0
2024-08-16 19:00:00,3.8932037,1.0478668,293.7704,100952.914,51.25,6.0
2024-08-16 20:00:00,3.5570526,1.5736237,293.34094,100972.72,51.25,6.0
2024-08-16 21:00:00,3.187729,2.034607,293.06256,100950.22,51.25,6.0
2024-08-16 22:00:00,2.7688446,1.8985443,293.0854,100943.6,51.25,6.0
2024-08-16 23:00:00,2.1779938,2.74823,292.95618,100943.65,51.25,6.0
2024-08-17 00:00:00,1.4626312,2.7048492,292.80478,100877.19,51.25,6.0
2024-08-17 01:00:00,1.2497559,3.366272,292.7235,100811.75,51.25,6.0
2024-08-17 02:00:00,1.850647,3.7679749,292.45215,100795.94,51.25,6.0
2024-08-17 03:00:00,2.6514587,3.3759613,292.18457,100776.875,51.25,6.0
2024-08-17 04:00:00,3.5892181,1.5054474,292.16113,100758.95,51.25,6.0
2024-08-17 05:00:00,3.4117126,-1.0851746,291.99017,100756.1,51.25,6.0
2024-08-17 06:00:00,2.9135437,-2.8567352,291.83063,100797.14,51.25,6.0
2024-08-17 07:00:00,1.5542603,-3.948471,291.92786,100837.97,51.25,6.0
2024-08-17 08:00:00,0.21969604,-3.4343262,292.58453,100867.28,51.25,6.0
2024-08-17 09:00:00,-0.13146973,-2.6002502,293.17276,100892.94,51.25,6.0
2024-08-17 10:00:00,0.03543091,-1.1290436,294.5185,100911.59,51.25,6.0
2024-08-17 11:00:00,1.4694977,-1.5366364,295.34695,100862.87,51.25,6.0
2024-08-17 12:00:00,1.557251,-1.8961945,296.13788,100826.164,51.25,6.0
2024-08-17 13:00:00,1.2416534,-2.4420624,296.87878,100819.22,51.25,6.0
2024-08-17 14:00:00,0.5119629,-2.7983093,297.27988,100776.2,51.25,6.0
2024-08-17 15:00:00,-0.25527954,-2.8177185,297.26178,100721.07,51.25,6.0
2024-08-17 16:00:00,-0.7580261,-2.628189,296.6961,100709.17,51.25,6.0
2024-08-17 17:00:00,-1.127243,-3.1820679,295.8011,100675.81,51.25,6.0
2024-08-17 18:00:00,-1.5988464,-3.8960114,294.66788,100645.64,51.25,6.0
2024-08-17 19:00:00,-2.0609741,-3.9113007,293.69293,100663.22,51.25,6.0
2024-08-17 20:00:00,-2.6597748,-3.4930878,293.06848,100662.53,51.25,6.0
2024-08-17 21:00:00,-3.3246765,-3.1252136,292.4591,100667.555,51.25,6.0
2024-08-17 22:00:00,-1.5528564,-2.0901794,291.515,100628.375,51.25,6.0
2024-08-17 23:00:00,-2.7732544,-2.776886,291.15033,100591.39,51.25,6.0
2024-08-18 00:00:00,-3.4592438,-2.9331055,290.7877,100532.91,51.25,6.0
2024-08-18 01:00:00,-3.4368744,-2.5615997,290.67456,100513.484,51.25,6.0
2024-08-18 02:00:00,-2.7604675,-2.1867523,290.2971,100487.44,51.25,6.0
2024-08-18 03:00:00,-2.0022888,-1.8965302,290.0288,100451.46,51.25,6.0
2024-08-18 04:00:00,-0.85276794,-1.72966,289.81305,100481.016,51.25,6.0
2024-08-18 05:00:00,-0.74142456,-1.657135,289.62573,100517.695,51.25,6.0
2024-08-18 06:00:00,-1.3939056,-1.4403992,289.81378,100531.81,51.25,6.0
2024-08-18 07:00:00,-0.4775238,-0.8431854,290.23206,100551.14,51.25,6.0
2024-08-18 08:00:00,0.6812134,-0.3659668,290.81042,100595.664,51.25,6.0
2024-08-18 09:00:00,0.69441223,-0.6609497,291.99493,100631.016,51.25,6.0
2024-08-18 10:00:00,-0.402359,-1.7177429,293.88327,100667.7,51.25,6.0
2024-08-18 11:00:00,-0.2364502,-1.9000244,294.59656,100691.9,51.25,6.0
2024-08-18 12:00:00,0.6321106,-2.490158,295.32306,100689.266,51.25,6.0
2024-08-18 13:00:00,1.8861084,-3.597702,295.61194,100710.0,51.25,6.0
2024-08-18 14:00:00,2.6087646,-3.8612823,295.93494,100731.23,51.25,6.0
2024-08-18 15:00:00,2.6224518,-3.889511,295.9178,100773.766,51.25,6.0
2024-08-18 16:00:00,2.706314,-4.046768,295.64255,100799.29,51.25,6.0
2024-08-18 17:00:00,3.083664,-4.011856,295.06366,100846.94,51.25,6.0
2024-08-18 18:00:00,3.9371338,-4.5318756,294.029,100898.79,51.25,6.0
2024-08-18 19:00:00,4.7626038,-5.5078735,292.5085,101000.74,51.25,6.0
2024-08-18 20:00:00,4.357132,-5.6915283,291.4161,101090.45,51.25,6.0
2024-08-18 21:00:00,3.6405487,-5.035095,290.46692,101174.17,51.25,6.0
2024-08-18 22:00:00,2.3318024,-4.2266693,289.87222,101205.45,51.25,6.0
2024-08-18 23:00:00,2.197464,-3.6758423,289.23224,101240.75,51.25,6.0
2024-08-19 00:00:00,1.7834625,-3.0545197,288.1792,101288.66,51.25,6.0
2024-08-19 01:00:00,1.8890533,-2.607666,287.10034,101287.375,51.25,6.0
2024-08-19 02:00:00,2.1906586,-2.5010834,285.9454,101354.125,51.25,6.0
2024-08-19 03:00:00,1.7374268,-1.7818909,285.83063,101318.875,51.25,6.0
2024-08-19 04:00:00,1.1157837,-1.0257874,286.0229,101339.83,51.25,6.0
2024-08-19 05:00:00,0.79008484,-0.31298828,284.96054,101363.89,51.25,6.0
2024-08-19 06:00:00,0.7077179,0.48794556,286.6023,101364.05,51.25,6.0
2024-08-19 07:00:00,0.6269226,0.66737366,289.19812,101404.766,51.25,6.0
2024-08-19 08:00:00,0.20114136,0.6347351,291.32016,101439.375,51.25,6.0
2024-08-19 09:00:00,-0.3142395,0.9370575,292.5758,101425.87,51.25,6.0
2024-08-19 10:00:00,-0.89971924,0.7323456,293.7042,101416.74,51.25,6.0
2024-08-19 11:00:00,-0.66908264,1.0414276,294.45273,101392.84,51.25,6.0
2024-08-19 12:00:00,-0.5525665,1.2983246,295.0775,101373.766,51.25,6.0
2024-08-19 13:00:00,-0.41792297,1.2012177,295.8302,101320.39,51.25,6.0
2024-08-19 14:00:00,-0.47254944,1.2270508,296.12668,101302.16,51.25,6.0
2024-08-19 15:00:00,-0.42103577,1.3704681,296.47964,101211.54,51.25,6.0
2024-08-19 16:00:00,-0.8886719,2.0286713,296.31183,101210.43,51.25,6.0
2024-08-19 17:00:00,-1.3187714,2.7243042,295.61237,101122.1,51.25,6.0
2024-08-19 18:00:00,-1.0052338,2.04982,294.1172,101138.42,51.25,6.0
2024-08-19 19:00:00,-1.2713928,1.5699463,292.083,101116.805,51.25,6.0
2024-08-19 20:00:00,-1.7192535,2.3515778,290.13086,101098.555,51.25,6.0
2024-08-19 21:00:00,-1.52034,3.4824371,289.02164,101083.61,51.25,6.0
2024-08-19 22:00:00,0.4516449,5.1047974,289.23047,101050.99,51.25,6.0
2024-08-19 23:00:00,1.4698639,4.851074,288.80078,101038.52,51.25,6.0
2024-08-20 00:00:00,1.7427216,4.8203278,288.34146,100996.5,51.25,6.0
2024-08-20 01:00:00,2.156479,4.6660156,287.958,100987.0,51.25,6.0
2024-08-20 02:00:00,1.8354645,4.7581635,287.98883,100946.28,51.25,6.0
2024-08-20 03:00:00,1.1938629,5.124832,288.0384,100890.61,51.25,6.0
2024-08-20 04:00:00,1.2608185,5.274658,287.7248,100842.8,51.25,6.0
2024-08-20 05:00:00,1.4532928,5.3983917,287.7196,100827.04,51.25,6.0
2024-08-20 06:00:00,1.0896606,5.353958,288.68506,100822.664,51.25,6.0
2024-08-20 07:00:00,0.67141724,4.473404,290.77438,100818.42,51.25,6.0
2024-08-20 08:00:00,1.0551605,4.2148438,292.95776,100789.805,51.25,6.0
2024-08-20 09:00:00,2.1257935,4.7050323,294.59216,100758.94,51.25,6.0
2024-08-20 10:00:00,3.4953766,5.4740143,295.96497,100757.42,51.25,6.0
2024-08-20 11:00:00,2.9151611,5.5892487,296.80127,100686.02,51.25,6.0
2024-08-20 12:00:00,2.7947388,5.5122833,297.1375,100612.45,51.25,6.0
2024-08-20 13:00:00,3.1481323,5.4884644,298.17914,100568.484,51.25,6.0
2024-08-20 14:00:00,3.589264,5.431946,298.2658,100522.75,51.25,6.0
2024-08-20 15:00:00,4.1914673,4.932068,298.05603,100454.66,51.25,6.0
2024-08-20 16:00:00,5.0622253,3.1137238,297.73105,100455.484,51.25,6.0
2024-08-20 17:00:00,5.630844,1.0784912,296.8915,100470.15,51.25,6.0
2024-08-20 18:00:00,4.7199707,0.3781433,295.972,100457.125,51.25,6.0
2024-08-20 19:00:00,3.62883,1.0487518,294.13287,100462.75,51.25,6.0
2024-08-20 20:00:00,6.140579,2.3136597,292.2884,100501.67,51.25,6.0
2024-08-20 21:00:00,8.265152,2.223465,291.4341,100564.914,51.25,6.0
2024-08-20 22:00:00,6.4403534,1.9391327,290.7481,100582.67,51.25,6.0
2024-08-20 23:00:00,8.199631,1.0409546,290.08832,100697.78,51.25,6.0
2024-08-21 00:00:00,7.0830536,-0.51802063,289.38782,100734.76,51.25,6.0
2024-08-21 01:00:00,6.2122498,-0.06510925,288.75812,100787.87,51.25,6.0
2024-08-21 02:00:00,6.2745514,1.2709808,288.1552,100841.89,51.25,6.0
2024-08-21 03:00:00,6.2148438,2.3673248,287.60632,100884.61,51.25,6.0
2024-08-21 04:00:00,6.8448334,2.5979156,287.0963,100919.64,51.25,6.0
2024-08-21 05:00:00,7.5024414,1.5346375,286.95834,100966.72,51.25,6.0
2024-08-21 06:00:00,7.295105,0.3417511,287.88666,101088.99,51.25,6.0
2024-08-21 07:00:00,6.1592865,0.9927368,289.15436,101126.38,51.25,6.0
2024-08-21 08:00:00,7.524063,0.3933258,290.1128,101201.55,51.25,6.0
2024-08-21 09:00:00,7.8628387,0.598526,290.80798,101281.75,51.25,6.0
2024-08-21 10:00:00,6.597183,1.4187317,291.45056,101271.77,51.25,6.0
2024-08-21 11:00:00,7.616974,1.3150177,292.13538,101314.97,51.25,6.0
2024-08-21 12:00:00,8.03656,1.1983337,292.37442,101326.53,51.25,6.0
2024-08-21 13:00:00,8.241486,1.190445,292.71045,101337.03,51.25,6.0
2024-08-21 14:00:00,7.910919,1.4615631,293.01373,101347.14,51.25,6.0
2024-08-21 15:00:00,7.1383514,1.2926636,292.89273,101338.94,51.25,6.0
2024-08-21 16:00:00,6.480362,1.1769867,292.6011,101278.34,51.25,6.0
2024-08-21 17:00:00,5.9965363,1.0015869,292.31583,101286.53,51.25,6.0
2024-08-21 18:00:00,4.4275208,0.943161,291.36957,101267.45,51.25,6.0
2024-08-21 19:00:00,3.1615295,1.5658722,289.0066,101264.94,51.25,6.0
2024-08-21 20:00:00,2.6408234,2.8265839,287.89005,101269.5,51.25,6.0
2024-08-21 21:00:00,2.9424744,3.8797607,287.30853,101243.74,51.25,6.0
2024-08-21 22:00:00,4.9170685,4.8724213,287.27213,101214.086,51.25,6.0
2024-08-21 23:00:00,5.553192,4.050308,287.0407,101183.64,51.25,6.0
2024-08-22 00:00:00,5.556778,3.5294647,286.80466,101153.45,51.25,6.0
2024-08-22 01:00:00,4.9820557,3.5491486,286.3943,101110.12,51.25,6.0
2024-08-22 02:00:00,3.8202057,4.573395,286.16284,101056.11,51.25,6.0
2024-08-22 03:00:00,3.3390198,5.600601,285.9218,101003.78,51.25,6.0
2024-08-22 04:00:00,2.816986,6.5274353,285.83978,100959.45,51.25,6.0
2024-08-22 05:00:00,2.3360596,7.1563873,285.93808,100902.93,51.25,6.0
2024-08-22 06:00:00,2.319687,7.1968994,287.15314,100877.84,51.25,6.0
2024-08-22 07:00:00,2.3038635,6.543213,289.28046,100854.22,51.25,6.0
2024-08-22 08:00:00,3.3426208,6.6080627,291.26984,100811.22,51.25,6.0
2024-08-22 09:00:00,4.8024445,6.7471313,292.92145,100790.445,51.25,6.0
2024-08-22 10:00:00,4.4890747,6.5765686,294.15768,100756.45,51.25,6.0
2024-08-22 11:00:00,4.1852417,6.880493,294.9926,100667.0,51.25,6.0
2024-08-22 12:00:00,4.3170013,6.931366,295.89484,100623.58,51.25,6.0
2024-08-22 13:00:00,4.1067505,6.9210663,296.5236,100574.18,51.25,6.0
2024-08-22 14:00:00,4.2726135,7.074005,296.9073,100526.75,51.25,6.0
2024-08-22 15:00:00,4.5773163,7.4140015,296.81042,100465.09,51.25,6.0
2024-08-22 16:00:00,4.7577667,7.2270813,296.6264,100443.0,51.25,6.0
2024-08-22 17:00:00,4.3470917,6.7033844,296.1577,100403.81,51.25,6.0
2024-08-22 18:00:00,4.451309,6.925583,295.44516,100404.695,51.25,6.0
2024-08-22 19:00:00,4.3873596,7.238266,294.80896,100407.31,51.25,6.0
2024-08-22 20:00:00,4.162369,7.536331,294.06525,100424.64,51.25,6.0
2024-08-22 21:00:00,4.021988,7.9001465,293.5588,100402.14,51.25,6.0
2024-08-22 22:00:00,4.2491913,8.232925,292.79407,100379.31,51.25,6.0
2024-08-22 23:00:00,4.773758,8.188812,292.67923,100339.49,51.25,6.0
2024-08-23 00:00:00,4.687958,8.44841,292.44403,100292.39,51.25,6.0
2024-08-23 01:00:00,4.796051,8.34581,292.03412,100262.97,51.25,6.0
2024-08-23 02:00:00,4.4709625,8.505005,291.70807,100204.71,51.25,6.0
2024-08-23 03:00:00,4.5620728,8.383377,291.41278,100157.84,51.25,6.0
2024-08-23 04:00:00,5.216873,8.356842,291.38922,100123.984,51.25,6.0
2024-08-23 05:00:00,5.178833,8.585449,291.39838,100093.625,51.25,6.0
2024-08-23 06:00:00,5.011963,8.918915,291.98322,100075.56,51.25,6.0
2024-08-23 07:00:00,4.3560486,8.845627,292.82056,100088.51,51.25,6.0
2024-08-23 08:00:00,5.4100647,9.381592,293.93146,100110.81,51.25,6.0
2024-08-23 09:00:00,6.8303223,9.393692,295.08496,100137.0,51.25,6.0
2024-08-23 10:00:00,8.949707,8.56102,295.72476,100180.19,51.25,6.0
2024-08-23 11:00:00,9.062775,7.866043,296.0426,100214.85,51.25,6.0
2024-08-23 12:00:00,8.900253,8.016739,295.57666,100279.234,51.25,6.0
2024-08-23 13:00:00,8.209015,8.159866,295.26996,100345.266,51.25,6.0
2024-08-23 14:00:00,8.524612,8.111633,294.67484,100387.91,51.25,6.0
2024-08-23 15:00:00,7.0522003,6.830368,294.68167,100449.31,51.25,6.0
2024-08-23 16:00:00,6.358795,6.2659607,294.85956,100485.17,51.25,6.0
2024-08-23 17:00:00,5.6015625,6.0827026,294.904,100492.0,51.25,6.0
2024-08-23 18:00:00,4.8393097,5.682434,294.49188,100512.75,51.25,6.0
2024-08-23 19:00:00,4.278183,5.4497375,293.7995,100554.56,51.25,6.0
2024-08-23 20:00:00,4.210312,5.4031677,293.14252,100596.25,51.25,6.0
2024-08-23 21:00:00,4.1473236,4.811966,292.74127,100617.0,51.25,6.0
2024-08-23 22:00:00,4.0129395,3.8221893,291.9182,100596.414,51.25,6.0
2024-08-23 23:00:00,4.11586,3.7481537,291.47504,100607.125,51.25,6.0
2024-08-24 00:00:00,3.6302032,3.9500122,291.0462,100608.44,51.25,6.0
2024-08-24 01:00:00,3.322525,3.8179016,290.66376,100593.91,51.25,6.0
2024-08-24 02:00:00,2.1469269,4.3278503,290.68082,100556.125,51.25,6.0
2024-08-24 03:00:00,0.59132385,4.8247223,290.73434,100502.57,51.25,6.0
2024-08-24 04:00:00,-0.6448517,5.5198517,291.12506,100440.7,51.25,6.0
2024-08-24 05:00:00,-1.3883362,6.3476562,291.4427,100410.3,51.25,6.0
2024-08-24 06:00:00,-1.3675537,7.2043304,292.26917,100407.03,51.25,6.0
2024-08-24 07:00:00,-1.1663055,7.316025,293.8289,100364.97,51.25,6.0
2024-08-24 08:00:00,-0.18997192,8.2708435,295.64288,100325.266,51.25,6.0
2024-08-24 09:00:00,3.2335663,10.757538,297.1162,100297.16,51.25,6.0
2024-08-24 10:00:00,1.7636719,8.429977,298.1413,100254.0,51.25,6.0
2024-08-24 11:00:00,1.1691895,8.802673,299.5067,100151.56,51.25,6.0
2024-08-24 12:00:00,1.9228516,9.113525,300.91324,100095.586,51.25,6.0
2024-08-24 13:00:00,1.788147,8.726379,302.07755,100015.45,51.25,6.0
2024-08-24 14:00:00,2.0290833,8.045105,302.94308,99934.125,51.25,6.0
2024-08-24 15:00:00,4.710556,7.1722565,302.98694,99954.055,51.25,6.0
2024-08-24 16:00:00,3.4486847,4.68573,302.89664,99888.86,51.25,6.0
2024-08-24 17:00:00,3.9503632,5.5022583,299.52518,99851.04,51.25,6.0
2024-08-24 18:00:00,6.3245697,4.995102,294.4935,99914.266,51.25,6.0
2024-08-24 19:00:00,8.52803,1.9849854,291.95917,100039.3,51.25,6.0
2024-08-24 20:00:00,10.151855,-0.68070984,291.40363,100212.17,51.25,6.0
2024-08-24 21:00:00,8.674683,0.07722473,291.1765,100356.234,51.25,6.0
2024-08-24 22:00:00,7.9275055,5.3428497,289.49402,100431.82,51.25,6.0
2024-08-24 23:00:00,9.223373,4.376053,289.6055,100550.68,51.25,6.0
2024-08-25 00:00:00,9.375244,3.3325043,289.63098,100719.66,51.25,6.0
2024-08-25 01:00:00,8.615814,2.8565521,288.91632,100799.766,51.25,6.0
2024-08-25 02:00:00,8.230362,3.354416,288.36453,100904.016,51.25,6.0
2024-08-25 03:00:00,7.969208,3.635849,287.90247,101017.11,51.25,6.0
2024-08-25 04:00:00,7.455948,3.9099884,287.44623,101145.8,51.25,6.0
2024-08-25 05:00:00,7.3621674,3.7193146,287.08975,101231.44,51.25,6.0
2024-08-25 06:00:00,6.8506317,3.2376556,287.45786,101377.375,51.25,6.0
2024-08-25 07:00:00,7.569809,3.1118774,288.35925,101459.03,51.25,6.0
2024-08-25 08:00:00,7.206299,2.8207397,289.49982,101534.17,51.25,6.0
2024-08-25 09:00:00,6.685211,2.6984253,290.52814,101604.695,51.25,6.0
2024-08-25 10:00:00,5.1143646,2.6353607,291.50876,101650.14,51.25,6.0
2024-08-25 11:00:00,5.112503,2.7460327,292.31616,101672.195,51.25,6.0
2024-08-25 12:00:00,5.0281677,2.8386383,293.2233,101675.914,51.25,6.0
2024-08-25 13:00:00,5.147812,3.1372986,293.28784,101670.47,51.25,6.0
2024-08-25 14:00:00,5.524475,3.1907501,293.63583,101665.125,51.25,6.0
2024-08-25 15:00:00,5.3608246,3.3426666,293.34766,101659.18,51.25,6.0
2024-08-25 16:00:00,4.951416,3.410553,293.1225,101660.375,51.25,6.0
2024-08-25 17:00:00,4.2382812,3.2525177,292.65958,101646.586,51.25,6.0
2024-08-25 18:00:00,3.5214233,3.353592,291.5537,101649.016,51.25,6.0
2024-08-25 19:00:00,2.8754425,3.8194275,289.73047,101672.86,51.25,6.0
2024-08-25 20:00:00,2.3707428,4.7204437,288.58075,101692.39,51.25,6.0
2024-08-25 21:00:00,2.203003,5.511841,288.0594,101707.484,51.25,6.0
2024-08-25 22:00:00,3.4565735,5.0967255,287.26282,101690.56,51.25,6.0
2024-08-25 23:00:00,4.119293,4.62204,286.67737,101699.09,51.25,6.0
2024-08-26 00:00:00,4.628662,4.1156006,286.40784,101694.53,51.25,6.0
2024-08-26 01:00:00,4.920822,3.600174,286.13165,101701.19,51.25,6.0
2024-08-26 02:00:00,4.6923676,3.686142,285.83307,101688.625,51.25,6.0
2024-08-26 03:00:00,4.1011963,4.231308,285.31787,101675.67,51.25,6.0
2024-08-26 04:00:00,3.560608,4.5548706,285.01862,101685.84,51.25,6.0
2024-08-26 05:00:00,3.224762,4.7150726,284.99142,101691.3,51.25,6.0
2024-08-26 06:00:00,2.806427,4.838608,286.0672,101712.03,51.25,6.0
2024-08-26 07:00:00,2.113327,4.493103,288.35254,101726.2,51.25,6.0
2024-08-26 08:00:00,2.3433075,3.8901367,290.42145,101746.48,51.25,6.0
2024-08-26 09:00:00,3.3091583,3.5238037,292.01495,101762.945,51.25,6.0
2024-08-26 10:00:00,4.899063,2.3376617,293.15067,101778.25,51.25,6.0
2024-08-26 11:00:00,4.259857,2.4201202,293.70148,101744.086,51.25,6.0
2024-08-26 12:00:00,3.7512207,2.3839417,294.09592,101722.91,51.25,6.0
2024-08-26 13:00:00,3.7268677,2.3579407,294.6376,101726.67,51.25,6.0
2024-08-26 14:00:00,3.6763,2.490921,294.80817,101729.34,51.25,6.0
2024-08-26 15:00:00,3.482788,2.5295258,294.95532,101704.766,51.25,6.0
2024-08-26 16:00:00,3.3917236,2.2771606,294.93808,101696.37,51.25,6.0
2024-08-26 17:00:00,2.647995,1.8433685,294.1637,101703.78,51.25,6.0
2024-08-26 18:00:00,1.3349457,2.420456,292.4591,101702.28,51.25,6.0
2024-08-26 19:00:00,1.0763092,2.8226013,289.3529,101721.47,51.25,6.0
2024-08-26 20:00:00,1.0001068,2.8974,288.6394,101763.5,51.25,6.0
2024-08-26 21:00:00,0.20254517,3.569397,288.49133,101795.58,51.25,6.0
2024-08-26 22:00:00,-0.10281372,5.118347,287.41876,101775.2,51.25,6.0
2024-08-26 23:00:00,0.18759155,5.2079315,286.80673,101791.61,51.25,6.0
2024-08-27 00:00:00,0.63946533,5.0265045,286.44086,101791.88,51.25,6.0
2024-08-27 01:00:00,0.97291565,4.403473,285.61755,101782.8,51.25,6.0
2024-08-27 02:00:00,0.86787415,3.9192657,285.07288,101771.55,51.25,6.0
2024-08-27 03:00:00,0.3007202,3.3580017,284.85437,101757.5,51.25,6.0
2024-08-27 04:00:00,-0.82748413,2.7866058,284.78424,101739.47,51.25,6.0
2024-08-27 05:00:00,-2.1209717,2.5750732,284.6902,101726.734,51.25,6.0
2024-08-27 06:00:00,-2.979599,2.8493195,286.597,101740.41,51.25,6.0
2024-08-27 07:00:00,-2.7131042,2.6050262,289.44623,101755.875,51.25,6.0
2024-08-27 08:00:00,-2.1424408,1.8054199,292.03452,101732.04,51.25,6.0
2024-08-27 09:00:00,-2.202118,1.6710205,293.99866,101719.97,51.25,6.0
2024-08-27 10:00:00,-2.508606,1.5280762,295.70053,101690.75,51.25,6.0
2024-08-27 11:00:00,-2.4505768,2.1560822,296.9276,101632.47,51.25,6.0
2024-08-27 12:00:00,-2.445938,2.4311523,297.82227,101574.36,51.25,6.0
2024-08-27 13:00:00,-2.5116882,2.555664,298.38425,101538.44,51.25,6.0
2024-08-27 14:00:00,-2.396103,2.1903534,298.82367,101497.94,51.25,6.0
2024-08-27 15:00:00,-2.4093323,1.6529999,298.9472,101416.28,51.25,6.0
2024-08-27 16:00:00,-2.8713837,1.6091156,298.78165,101378.55,51.25,6.0
2024-08-27 17:00:00,-3.2494812,1.0640869,297.85056,101338.125,51.25,6.0
2024-08-27 18:00:00,-4.358902,0.6474457,295.86267,101308.55,51.25,6.0
2024-08-27 19:00:00,-5.147049,0.9089508,293.04376,101338.52,51.25,6.0
2024-08-27 20:00:00,-5.099472,1.1942291,291.37762,101349.47,51.25,6.0
2024-08-27 21:00:00,-4.9203796,1.2779999,290.45496,101353.87,51.25,6.0
2024-08-27 22:00:00,-4.380615,2.1800385,289.11945,101348.51,51.25,6.0
2024-08-27 23:00:00,-3.6638947,2.6135712,288.3996,101308.8,51.25,6.0
2024-08-28 00:00:00,-3.2743225,2.453186,288.08105,101272.234,51.25,6.0
2024-08-28 01:00:00,-3.423645,2.3172913,287.71698,101229.86,51.25,6.0
2024-08-28 02:00:00,-3.5142822,2.1960297,287.26755,101197.58,51.25,6.0
2024-08-28 03:00:00,-3.3795166,2.346817,286.87616,101185.11,51.25,6.0
2024-08-28 04:00:00,-3.7181091,2.7645874,286.9994,101160.17,51.25,6.0
2024-08-28 05:00:00,-4.331085,3.4770813,287.2469,101146.05,51.25,6.0
2024-08-28 06:00:00,-4.613037,3.736206,289.22397,101153.75,51.25,6.0
2024-08-28 07:00:00,-4.3157654,3.4177704,292.4521,101146.31,51.25,6.0
2024-08-28 08:00:00,-3.263382,2.6605377,295.20178,101124.17,51.25,6.0
2024-08-28 09:00:00,-3.027008,2.817978,297.68756,101106.66,51.25,6.0
2024-08-28 10:00:00,-2.562851,2.3486023,299.29544,101065.51,51.25,6.0
2024-08-28 11:00:00,-2.2934723,2.9231567,300.6438,101019.47,51.25,6.0
2024-08-28 12:00:00,-1.7726593,3.3114624,301.5978,100969.14,51.25,6.0
2024-08-28 13:00:00,-1.1483765,3.641159,302.37054,100924.734,51.25,6.0
2024-08-28 14:00:00,-0.8182831,4.136017,302.92657,100885.484,51.25,6.0
2024-08-28 15:00:00,-0.22169495,4.554596,303.1206,100840.766,51.25,6.0
2024-08-28 16:00:00,0.4647827,4.571945,302.99744,100814.016,51.25,6.0
2024-08-28 17:00:00,0.9543457,4.1070557,302.31015,100802.055,51.25,6.0
2024-08-28 18:00:00,1.4333344,4.125931,299.64764,100801.56,51.25,6.0
2024-08-28 19:00:00,1.3149414,4.252777,296.59296,100829.03,51.25,6.0
2024-08-28 20:00:00,1.0927277,4.656082,295.20734,100858.125,51.25,6.0
2024-08-28 21:00:00,1.2170258,5.41658,294.60406,100863.02,51.25,6.0
2024-08-28 22:00:00,1.2926788,6.162201,294.28497,100875.46,51.25,6.0
2024-08-28 23:00:00,2.1383972,6.546814,293.94708,100873.89,51.25,6.0
2024-08-29 00:00:00,2.881958,6.4080505,293.58728,100894.81,51.25,6.0
2024-08-29 01:00:00,3.208847,6.108597,292.9881,100898.44,51.25,6.0
2024-08-29 02:00:00,3.1627197,5.8398743,292.59125,100903.95,51.25,6.0
2024-08-29 03:00:00,3.2337341,5.511322,292.32385,100908.78,51.25,6.0
2024-08-29 04:00:00,3.2197418,5.1852417,291.90628,100913.36,51.25,6.0
2024-08-29 05:00:00,3.6066742,4.477646,291.77502,100936.19,51.25,6.0
2024-08-29 06:00:00,3.9904785,3.4998627,293.31882,100982.92,51.25,6.0
2024-08-29 07:00:00,3.7653046,2.2491608,295.56558,101012.84,51.25,6.0
2024-08-29 08:00:00,3.1150665,1.3408813,297.09467,101052.07,51.25,6.0
2024-08-29 09:00:00,2.923462,1.0285034,298.26044,101095.516,51.25,6.0
2024-08-29 10:00:00,3.3942413,0.5470581,299.30338,101128.93,51.25,6.0
2024-08-29 11:00:00,3.9304962,-0.37316895,300.22366,101142.14,51.25,6.0
2024-08-29 12:00:00,3.9661102,-0.9675293,300.88004,101138.31,51.25,6.0
2024-08-29 13:00:00,4.295212,-1.1287384,300.97034,101186.516,51.25,6.0
2024-08-29 14:00:00,4.515579,-1.4758606,300.7575,101189.49,51.25,6.0
2024-08-29 15:00:00,4.6033325,-2.1083374,300.12598,101215.41,51.25,6.0
2024-08-29 16:00:00,4.700714,-3.2072144,299.1739,101257.52,51.25,6.0
2024-08-29 17:00:00,4.553772,-3.9423676,297.81866,101308.875,51.25,6.0
2024-08-29 18:00:00,4.079544,-4.444565,296.21918,101374.5,51.25,6.0
2024-08-29 19:00:00,2.9639587,-4.6552124,294.77246,101453.2,51.25,6.0
2024-08-29 20:00:00,2.0289307,-4.956421,293.54044,101470.01,51.25,6.0
2024-08-29 21:00:00,1.3149719,-4.7361298,292.67432,101484.39,51.25,6.0
2024-08-29 22:00:00,0.47686768,-5.4384766,292.02277,101484.53,51.25,6.0
2024-08-29 23:00:00,0.05180359,-4.2666016,291.5772,101542.625,51.25,6.0
2024-08-30 00:00:00,0.09524536,-4.5167694,291.2967,101539.984,51.25,6.0
2024-08-30 01:00:00,0.76690674,-4.4375916,290.7277,101566.8,51.25,6.0
2024-08-30 02:00:00,0.5592804,-5.1861115,290.27283,101602.71,51.25,6.0
2024-08-30 03:00:00,-0.87532043,-5.0232086,290.0498,101588.94,51.25,6.0
2024-08-30 04:00:00,-2.3607178,-3.991516,289.85852,101582.72,51.25,6.0
2024-08-30 05:00:00,-2.3794708,-3.3796844,289.75946,101614.516,51.25,6.0
2024-08-30 06:00:00,-2.4429932,-3.1865845,289.8949,101641.22,51.25,6.0
2024-08-30 07:00:00,-2.6134338,-2.4029388,290.31256,101668.266,51.25,6.0
2024-08-30 08:00:00,-2.5138855,-2.515091,290.9059,101665.11,51.25,6.0
2024-08-30 09:00:00,-2.0932617,-2.898529,291.31982,101687.266,51.25,6.0
2024-08-30 10:00:00,-2.9641266,-3.2506256,291.42334,101733.44,51.25,6.0
2024-08-30 11:00:00,-2.4981232,-3.3313599,291.86633,101737.01,51.25,6.0
2024-08-30 12:00:00,-2.4763336,-3.6829376,292.46588,101721.61,51.25,6.0
2024-08-30 13:00:00,-3.2067108,-3.2637787,292.7832,101714.64,51.25,6.0
2024-08-30 14:00:00,-2.5653381,-3.6291656,293.26013,101705.95,51.25,6.0
2024-08-30 15:00:00,-2.366043,-4.979767,293.5609,101680.91,51.25,6.0
2024-08-30 16:00:00,-3.13974,-5.2736053,293.5075,101687.375,51.25,6.0
2024-08-30 17:00:00,-3.5766296,-4.811096,293.0158,101675.0,51.25,6.0
2024-08-30 18:00:00,-4.0502167,-4.801529,292.13693,101693.14,51.25,6.0
2024-08-30 19:00:00,-4.513275,-4.946457,291.3949,101738.36,51.25,6.0
2024-08-30 20:00:00,-4.994705,-5.0508423,290.9442,101772.7,51.25,6.0
2024-08-30 21:00:00,-5.613449,-4.9695587,290.81375,101771.16,51.25,6.0
2024-08-30 22:00:00,-5.896057,-4.778595,290.3476,101774.0,51.25,6.0
2024-08-30 23:00:00,-6.102646,-5.026016,290.05072,101761.15,51.25,6.0
2024-08-31 00:00:00,-6.185028,-4.6845245,289.71185,101767.28,51.25,6.0
2024-08-31 01:00:00,-6.427719,-4.6883545,289.54248,101792.78,51.25,6.0
2024-08-31 02:00:00,-6.5995026,-4.934662,289.27274,101789.01,51.25,6.0
2024-08-31 03:00:00,-6.669922,-4.5774536,289.08185,101761.89,51.25,6.0
2024-08-31 04:00:00,-6.566101,-4.5859985,288.97113,101725.2,51.25,6.0
2024-08-31 05:00:00,-6.668625,-4.3821106,288.74158,101729.17,51.25,6.0
2024-08-31 06:00:00,-6.603256,-3.934433,288.92697,101772.82,51.25,6.0
2024-08-31 07:00:00,-6.4099884,-3.4286194,289.9394,101753.14,51.25,6.0
2024-08-31 08:00:00,-7.5775146,-2.5160828,291.2294,101738.81,51.25,6.0
2024-08-31 09:00:00,-6.82605,-1.8983307,292.54712,101742.14,51.25,6.0
2024-08-31 10:00:00,-4.4960327,-3.1716156,293.97632,101685.125,51.25,6.0
2024-08-31 11:00:00,-4.3160553,-2.2422485,295.24976,101648.02,51.25,6.0
2024-08-31 12:00:00,-3.551773,-1.3909302,296.80933,101677.86,51.25,6.0
2024-08-31 13:00:00,-4.9660645,-3.0790863,297.7879,101589.91,51.25,6.0
2024-08-31 14:00:00,-5.4798737,-2.4315796,298.01917,101535.92,51.25,6.0
2024-08-31 15:00:00,-5.469116,-1.8114929,298.2525,101457.125,51.25,6.0
2024-08-31 16:00:00,-5.8728027,-2.4389038,297.9033,101429.99,51.25,6.0
2024-08-31 17:00:00,-5.9673767,-3.7307892,297.21182,101399.6,51.25,6.0
2024-08-31 18:00:00,-5.822647,-4.059616,295.88092,101421.17,51.25,6.0
2024-08-31 19:00:00,-6.2558594,-4.018585,294.52094,101461.625,51.25,6.0
2024-08-31 20:00:00,-6.677124,-3.7728271,293.609,101459.484,51.25,6.0
2024-08-31 21:00:00,-6.744171,-3.242279,292.99146,101450.87,51.25,6.0
2024-08-31 22:00:00,-6.147766,-2.7357788,292.26718,101420.61,51.25,6.0
2024-08-31 23:00:00,-6.364853,-2.1472168,291.6333,101385.43,51.25,6.0
2024-09-01 00:00:00,-6.254669,-1.6196289,291.18433,101366.64,51.25,6.0
2024-09-01 01:00:00,-6.1776733,-1.6944885,290.78003,101298.875,51.25,6.0
2024-09-01 02:00:00,-6.1589203,-0.9284973,290.48444,101270.984,51.25,6.0
2024-09-01 03:00:00,-6.485214,-0.4961548,290.23932,101234.32,51.25,6.0
2024-09-01 04:00:00,-6.740799,0.14167786,290.0656,101194.27,51.25,6.0
2024-09-01 05:00:00,-7.0829773,0.83683777,289.9872,101150.5,51.25,6.0
2024-09-01 06:00:00,-6.84079,0.8237915,290.84268,101152.0,51.25,6.0
2024-09-01 07:00:00,-6.162491,0.8876343,292.7564,101138.05,51.25,6.0
2024-09-01 08:00:00,-5.1689453,1.0414124,294.93564,101119.89,51.25,6.0
2024-09-01 09:00:00,-4.7967834,1.2448578,296.96283,101114.55,51.25,6.0
2024-09-01 10:00:00,-4.567993,0.76831055,299.57736,101069.984,51.25,6.0
2024-09-01 11:00:00,-4.7879333,0.9139404,301.40384,101000.81,51.25,6.0
2024-09-01 12:00:00,-4.815506,1.1184082,302.67303,100943.92,51.25,6.0
2024-09-01 13:00:00,-4.7694244,1.3150024,303.8071,100888.734,51.25,6.0
2024-09-01 14:00:00,-4.4289093,1.7087097,304.36676,100862.484,51.25,6.0
2024-09-01 15:00:00,-4.1816254,1.7498932,304.53082,100826.05,51.25,6.0
2024-09-01 16:00:00,-4.7856293,0.8953552,304.09183,100777.17,51.25,6.0
2024-09-01 17:00:00,-5.261078,0.40628052,302.9953,100738.94,51.25,6.0
2024-09-01 18:00:00,-5.7225037,0.45376587,301.1509,100761.38,51.25,6.0
2024-09-01 19:00:00,-0.9502716,2.789322,299.22128,100842.94,51.25,6.0
2024-09-01 20:00:00,-0.25367737,2.8807678,298.05334,100846.09,51.25,6.0
2024-09-01 21:00:00,-1.4005737,2.22641,297.21216,100841.484,51.25,6.0
2024-09-01 22:00:00,-0.7415314,3.3855743,295.39572,100811.86,51.25,6.0
2024-09-01 23:00:00,-0.19667053,2.497467,294.79865,100796.29,51.25,6.0
2024-09-02 00:00:00,0.0496521,3.3699188,294.50385,100777.55,51.25,6.0
2024-09-02 01:00:00,1.8603821,4.1279297,293.51205,100788.47,51.25,6.0
2024-09-02 02:00:00,3.3173676,2.2282104,292.7417,100751.09,51.25,6.0
2024-09-02 03:00:00,3.5124512,0.79104614,291.85556,100717.17,51.25,6.0
2024-09-02 04:00:00,3.5586548,1.1690979,291.96722,100729.11,51.25,6.0
2024-09-02 05:00:00,3.9248657,1.4514313,291.98654,100739.375,51.25,6.0
2024-09-02 06:00:00,3.7739716,0.8925934,292.8761,100780.39,51.25,6.0
2024-09-02 07:00:00,2.9111633,0.35743713,294.9226,100788.016,51.25,6.0
2024-09-02 08:00:00,2.3669586,-0.18765259,296.706,100807.375,51.25,6.0
2024-09-02 09:00:00,2.0029602,-0.67204285,298.31204,100806.54,51.25,6.0
2024-09-02 10:00:00,1.620575,-1.376648,299.6871,100789.59,51.25,6.0
2024-09-02 11:00:00,1.1535034,-1.6026306,300.88507,100716.06,51.25,6.0
2024-09-02 12:00:00,1.0224915,-0.635376,301.60516,100712.766,51.25,6.0
2024-09-02 13:00:00,0.80381775,-0.60409546,301.94565,100657.8,51.25,6.0
2024-09-02 14:00:00,-0.06387329,-0.35742188,301.58853,100579.91,51.25,6.0
2024-09-02 15:00:00,1.5902405,1.597641,299.6836,100650.16,51.25,6.0
2024-09-02 16:00:00,3.6391602,1.2410889,297.27383,100693.28,51.25,6.0
2024-09-02 17:00:00,3.1325684,-0.45118713,296.13004,100662.16,51.25,6.0
2024-09-02 18:00:00,2.880249,-0.63890076,294.84918,100649.69,51.25,6.0
2024-09-02 19:00:00,2.0997772,-0.29100037,294.6648,100722.92,51.25,6.0
2024-09-02 20:00:00,1.6238098,0.22354126,294.5923,100757.875,51.25,6.0
2024-09-02 21:00:00,1.5578461,1.3400421,294.2573,100780.766,51.25,6.0
2024-09-02 22:00:00,0.31256104,3.8759613,293.3259,100797.414,51.25,6.0
2024-09-02 23:00:00,2.4795685,4.1302795,292.78525,100769.734,51.25,6.0
2024-09-03 00:00:00,3.3309326,3.2644653,292.41425,100776.17,51.25,6.0
2024-09-03 01:00:00,3.14328,2.3722534,292.07672,100777.336,51.25,6.0
2024-09-03 02:00:00,2.9382782,2.118393,291.72507,100784.96,51.25,6.0
2024-09-03 03:00:00,2.9631653,1.7871246,291.3755,100783.06,51.25,6.0
2024-09-03 04:00:00,2.7009888,2.0589905,291.3299,100798.87,51.25,6.0
2024-09-03 05:00:00,1.8827667,2.728119,291.42465,100831.33,51.25,6.0
2024-09-03 06:00:00,1.5683899,3.1400604,292.11957,100843.34,51.25,6.0
2024-09-03 07:00:00,1.7349701,3.0202332,293.27246,100885.266,51.25,6.0
2024-09-03 08:00:00,1.0814514,2.2745972,294.5475,100910.96,51.25,6.0
2024-09-03 09:00:00,0.72943115,2.0680847,295.87488,100917.875,51.25,6.0
2024-09-03 10:00:00,1.4688263,1.3877411,297.06635,100948.914,51.25,6.0
2024-09-03 11:00:00,1.6443939,1.0585022,297.6826,100945.195,51.25,6.0
2024-09-03 12:00:00,2.5111084,0.79711914,298.21716,100919.55,51.25,6.0
2024-09-03 13:00:00,2.7114716,0.9826355,297.79962,100937.19,51.25,6.0
2024-09-03 14:00:00,2.8549194,0.9650879,297.6125,100890.234,51.25,6.0
2024-09-03 15:00:00,1.792038,0.38438416,297.98053,100900.66,51.25,6.0
2024-09-03 16:00:00,1.5390778,-0.14411926,297.78445,100887.375,51.25,6.0
2024-09-03 17:00:00,2.517456,-0.20341492,296.86163,100903.805,51.25,6.0
2024-09-03 18:00:00,3.6183014,1.0050964,295.41205,100963.92,51.25,6.0
2024-09-03 19:00:00,3.4002075,1.5621185,294.04108,101026.62,51.25,6.0
2024-09-03 20:00:00,2.9696655,2.087555,293.23615,101062.305,51.25,6.0
2024-09-03 21:00:00,2.983612,2.023117,293.01593,101069.25,51.25,6.0
2024-09-03 22:00:00,4.1543427,0.37384033,292.3654,101068.55,51.25,6.0
2024-09-03 23:00:00,3.7123718,0.4677124,292.0846,101055.74,51.25,6.0
2024-09-04 00:00:00,3.2071838,0.4028778,291.71005,101038.516,51.25,6.0
2024-09-04 01:00:00,3.2666626,0.35754395,291.31342,101054.14,51.25,6.0
2024-09-04 02:00:00,3.7718353,0.29933167,291.17096,101061.266,51.25,6.0
2024-09-04 03:00:00,4.2149506,-0.17921448,291.08142,101050.21,51.25,6.0
2024-09-04 04:00:00,3.6735687,-0.9534302,291.0414,101049.11,51.25,6.0
2024-09-04 05:00:00,2.8377533,-1.2837219,290.94687,101081.07,51.25,6.0
2024-09-04 06:00:00,2.1762543,-0.82902527,291.0069,101118.35,51.25,6.0
2024-09-04 07:00:00,1.8799286,-0.18196106,291.21167,101146.734,51.25,6.0
2024-09-04 08:00:00,1.4076385,-0.02507019,291.177,101160.94,51.25,6.0
2024-09-04 09:00:00,1.2150116,-0.4611206,291.21436,101187.234,51.25,6.0
2024-09-04 10:00:00,1.3031158,-1.5646515,291.03406,101171.64,51.25,6.0
2024-09-04 11:00:00,1.4425354,-1.5332794,292.00058,101154.97,51.25,6.0
2024-09-04 12:00:00,0.88064575,-1.7335815,292.70746,101139.13,51.25,6.0
2024-09-04 13:00:00,0.4100647,-1.9069214,293.06183,101119.625,51.25,6.0
2024-09-04 14:00:00,0.14285278,-1.8717651,293.6345,101089.875,51.25,6.0
2024-09-04 15:00:00,-0.17810059,-1.8097992,293.48535,101082.414,51.25,6.0
2024-09-04 16:00:00,-1.067337,-2.033615,293.19653,101075.586,51.25,6.0
2024-09-04 17:00:00,-2.1620789,-1.921936,292.9134,101033.25,51.25,6.0
2024-09-04 18:00:00,-2.5594635,-1.90271,291.85037,101043.55,51.25,6.0
2024-09-04 19:00:00,-2.9583282,-1.9848938,291.04462,101092.65,51.25,6.0
2024-09-04 20:00:00,-3.5868378,-1.6002197,290.3773,101083.445,51.25,6.0
2024-09-04 21:00:00,-3.816162,-1.5622711,289.80505,101045.39,51.25,6.0
2024-09-04 22:00:00,-3.1921234,-1.123291,290.05472,101064.69,51.25,6.0
2024-09-04 23:00:00,-3.9179077,-2.8738403,289.50677,100988.72,51.25,6.0
2024-09-05 00:00:00,-3.7387238,-3.3921509,289.23505,100947.42,51.25,6.0
2024-09-05 01:00:00,-4.29158,-3.865448,289.38058,100923.875,51.25,6.0
2024-09-05 02:00:00,-3.89917,-4.321457,289.54736,100867.17,51.25,6.0
2024-09-05 03:00:00,-3.189743,-4.4686737,289.5061,100800.92,51.25,6.0
2024-09-05 04:00:00,-2.8081665,-4.6393585,289.58887,100747.66,51.25,6.0
2024-09-05 05:00:00,-3.3714142,-4.9193573,289.84467,100666.3,51.25,6.0
2024-09-05 06:00:00,-4.1417694,-5.181076,290.2058,100624.984,51.25,6.0
2024-09-05 07:00:00,-5.0713043,-5.185074,290.3639,100586.734,51.25,6.0
2024-09-05 08:00:00,-5.394867,-5.1140594,290.85022,100530.19,51.25,6.0
2024-09-05 09:00:00,-6.1742706,-4.783783,291.52603,100488.516,51.25,6.0
2024-09-05 10:00:00,-4.4292145,-3.2391052,292.72125,100419.31,51.25,6.0
2024-09-05 11:00:00,-5.717041,-2.715744,294.18658,100358.125,51.25,6.0
2024-09-05 12:00:00,-6.006897,-1.574173,296.40057,100316.83,51.25,6.0
2024-09-05 13:00:00,-4.905075,-1.9579163,297.98022,100270.66,51.25,6.0
2024-09-05 14:00:00,-5.079422,-2.585678,299.39392,100221.58,51.25,6.0
2024-09-05 15:00:00,-5.385193,-2.042801,300.74557,100209.39,51.25,6.0
2024-09-05 16:00:00,-5.200943,-1.5226593,301.12292,100217.17,51.25,6.0
2024-09-05 17:00:00,-4.185791,-2.250061,300.38403,100214.15,51.25,6.0
2024-09-05 18:00:00,-2.6923676,-2.4759827,298.7473,100262.78,51.25,6.0
2024-09-05 19:00:00,-0.73228455,-1.9372559,297.6182,100315.84,51.25,6.0
2024-09-05 20:00:00,-2.2214203,-3.4719543,297.6778,100316.0,51.25,6.0
2024-09-05 21:00:00,-6.0052185,-3.2537537,296.84955,100292.9,51.25,6.0
2024-09-05 22:00:00,-5.2700806,-2.6821747,294.83453,100309.31,51.25,6.0
2024-09-05 23:00:00,-5.1602173,-0.8762665,294.0899,100319.234,51.25,6.0
2024-09-06 00:00:00,-3.640564,0.56036377,292.86566,100336.74,51.25,6.0
2024-09-06 01:00:00,-2.275589,1.0014496,291.06433,100337.54,51.25,6.0
2024-09-06 02:00:00,-1.8352814,0.54411316,290.7901,100326.484,51.25,6.0
2024-09-06 03:00:00,-1.6642151,1.7247314,290.6881,100353.18,51.25,6.0
2024-09-06 04:00:00,0.32756042,3.180008,290.52216,100383.22,51.25,6.0
2024-09-06 05:00:00,1.6850586,2.6375885,289.86172,100364.83,51.25,6.0
2024-09-06 06:00:00,0.7103119,1.6030731,290.66296,100401.91,51.25,6.0
2024-09-06 07:00:00,-0.20510864,1.3240509,291.7657,100422.47,51.25,6.0
2024-09-06 08:00:00,-0.43637085,1.5838013,293.09723,100455.39,51.25,6.0
2024-09-06 09:00:00,-0.66651917,2.1436462,293.90698,100492.45,51.25,6.0
2024-09-06 10:00:00,2.6533966,1.5203552,294.3172,100508.984,51.25,6.0
2024-09-06 11:00:00,1.2637634,1.1565552,295.1353,100532.72,51.25,6.0
2024-09-06 12:00:00,0.6859131,1.4337158,295.68018,100545.42,51.25,6.0
2024-09-06 13:00:00,0.3385315,2.392456,295.84894,100558.81,51.25,6.0
2024-09-06 14:00:00,1.4803314,2.661316,294.53476,100570.9,51.25,6.0
2024-09-06 15:00:00,1.6109314,1.4183044,294.4689,100580.89,51.25,6.0
2024-09-06 16:00:00,1.2125397,1.538147,293.97015,100607.625,51.25,6.0
2024-09-06 17:00:00,0.90734863,1.4513702,293.69708,100618.35,51.25,6.0
2024-09-06 18:00:00,0.9949341,1.2754517,293.1114,100655.234,51.25,6.0
2024-09-06 19:00:00,1.7124786,1.3659515,292.37433,100725.836,51.25,6.0
2024-09-06 20:00:00,2.1668396,1.0350952,292.32672,100737.25,51.25,6.0
2024-09-06 21:00:00,1.767868,0.14678955,292.27365,100742.984,51.25,6.0
2024-09-06 22:00:00,1.5432892,-0.7828522,291.89246,100736.0,51.25,6.0
2024-09-06 23:00:00,1.3494263,-0.21376038,291.41782,100753.805,51.25,6.0
2024-09-07 00:00:00,1.0493927,-0.0018920898,290.60022,100783.9,51.25,6.0
2024-09-07 01:00:00,0.1977539,0.06869507,289.54395,100774.69,51.25,6.0
2024-09-07 02:00:00,-0.5688629,0.47938538,288.65796,100739.92,51.25,6.0
2024-09-07 03:00:00,-1.3766785,0.9098816,288.5202,100744.375,51.25,6.0
2024-09-07 04:00:00,-2.3644104,1.3726654,288.54855,100742.445,51.25,6.0
2024-09-07 05:00:00,-3.3365479,1.2177887,288.4231,100715.266,51.25,6.0
2024-09-07 06:00:00,-3.948166,1.1476135,288.64038,100743.04,51.25,6.0
2024-09-07 07:00:00,-4.55394,1.8144836,289.60748,100734.31,51.25,6.0
2024-09-07 08:00:00,-4.162018,1.6613312,291.40656,100720.47,51.25,6.0
2024-09-07 09:00:00,-4.0512695,1.7675018,293.74268,100702.84,51.25,6.0
2024-09-07 10:00:00,-2.7305145,1.3400574,295.89795,100670.49,51.25,6.0
2024-09-07 11:00:00,-2.8059387,1.2093353,297.80347,100629.586,51.25,6.0
2024-09-07 12:00:00,-2.7645416,1.2754211,299.1546,100577.77,51.25,6.0
2024-09-07 13:00:00,-2.7910614,1.6773529,300.14774,100538.72,51.25,6.0
2024-09-07 14:00:00,-2.9627228,2.0982666,300.70093,100504.375,51.25,6.0
2024-09-07 15:00:00,-3.5711212,2.1978912,300.75995,100442.625,51.25,6.0
2024-09-07 16:00:00,-2.5250397,2.9717712,300.26096,100482.484,51.25,6.0
2024-09-07 17:00:00,-1.5643616,2.214386,299.2447,100453.164,51.25,6.0
2024-09-07 18:00:00,-2.4337006,1.4319458,297.52603,100446.63,51.25,6.0
2024-09-07 19:00:00,-4.340561,1.3465118,296.17416,100455.81,51.25,6.0
2024-09-07 20:00:00,-6.8093414,0.66937256,295.38922,100373.77,51.25,6.0
2024-09-07 21:00:00,-7.0079193,0.98179626,294.7738,100338.625,51.25,6.0
2024-09-07 22:00:00,-5.878586,3.6479492,294.43652,100342.78,51.25,6.0
2024-09-07 23:00:00,-0.9272003,5.345703,293.7931,100381.17,51.25,6.0
2024-09-08 00:00:00,3.7770844,5.008423,293.24445,100410.91,51.25,6.0
2024-09-08 01:00:00,4.5085144,3.674759,292.5462,100398.25,51.25,6.0
2024-09-08 02:00:00,3.9076538,3.9662323,292.3556,100388.82,51.25,6.0
2024-09-08 03:00:00,4.352371,4.3206024,292.12457,100384.836,51.25,6.0
2024-09-08 04:00:00,4.7246246,4.0831604,291.81506,100423.44,51.25,6.0
2024-09-08 05:00:00,5.084198,4.4251404,291.32983,100430.92,51.25,6.0
2024-09-08 06:00:00,4.5142365,4.9201813,291.007,100480.05,51.25,6.0
2024-09-08 07:00:00,3.9618835,5.164978,291.22577,100488.9,51.25,6.0
2024-09-08 08:00:00,3.8150177,5.331497,291.7846,100532.836,51.25,6.0
2024-09-08 09:00:00,3.6469421,4.9658813,292.74585,100536.46,51.25,6.0
2024-09-08 10:00:00,2.1305084,3.9334717,293.76984,100525.4,51.25,6.0
2024-09-08 11:00:00,1.5140839,4.922165,294.36896,100469.84,51.25,6.0
2024-09-08 12:00:00,1.8844452,5.559311,294.9699,100417.58,51.25,6.0
2024-09-08 13:00:00,2.0675201,5.9882355,295.35657,100407.375,51.25,6.0
2024-09-08 14:00:00,2.8411713,5.668762,295.41632,100286.516,51.25,6.0
2024-09-08 15:00:00,3.8914032,5.621582,295.2031,100285.19,51.25,6.0
2024-09-08 16:00:00,4.014969,4.851761,294.43634,100272.09,51.25,6.0
2024-09-08 17:00:00,3.276535,4.21315,293.6872,100241.58,51.25,6.0
2024-09-08 18:00:00,2.1427917,3.9894104,292.0688,100225.61,51.25,6.0
2024-09-08 19:00:00,1.5462494,4.230789,290.14807,100202.64,51.25,6.0
2024-09-08 20:00:00,0.9554901,4.3461,288.96182,100175.375,51.25,6.0
2024-09-08 21:00:00,0.60372925,4.961426,288.67438,100115.45,51.25,6.0
2024-09-08 22:00:00,1.4384155,4.982483,288.16357,100075.32,51.25,6.0
2024-09-08 23:00:00,-0.80366516,4.888382,287.79,100000.914,51.25,6.0
2024-09-09 00:00:00,-1.0037384,4.87883,287.8439,99962.836,51.25,6.0
2024-09-09 01:00:00,-0.8583832,4.9872894,287.95654,99881.36,51.25,6.0
2024-09-09 02:00:00,-0.5343323,5.5735474,288.13983,99847.23,51.25,6.0
2024-09-09 03:00:00,0.5830841,5.920746,288.25653,99823.47,51.25,6.0
2024-09-09 04:00:00,1.013031,5.245636,288.0312,99776.16,51.25,6.0
2024-09-09 05:00:00,1.379425,4.7381744,287.8669,99754.61,51.25,6.0
2024-09-09 06:00:00,2.881668,4.503723,288.28387,99746.31,51.25,6.0
2024-09-09 07:00:00,5.144287,3.8395538,288.30835,99765.66,51.25,6.0
2024-09-09 08:00:00,6.115967,2.2964935,288.5822,99784.234,51.25,6.0
2024-09-09 09:00:00,5.7313538,0.18330383,288.98907,99825.28,51.25,6.0
2024-09-09 10:00:00,2.0374603,-1.6858673,290.34406,99869.43,51.25,6.0
2024-09-09 11:00:00,3.141098,-1.9480286,290.73987,99885.22,51.25,6.0
2024-09-09 12:00:00,3.5194702,-1.4108734,291.00064,99933.7,51.25,6.0
2024-09-09 13:00:00,4.5697784,-1.2873077,291.3246,99965.375,51.25,6.0
2024-09-09 14:00:00,5.9753265,-2.7212067,292.4389,100009.76,51.25,6.0
2024-09-09 15:00:00,5.1345215,-2.7557373,291.64963,100056.81,51.25,6.0
2024-09-09 16:00:00,5.7087708,-2.1197815,291.1303,100110.59,51.25,6.0
2024-09-09 17:00:00,6.800766,-1.7117767,291.08963,100158.15,51.25,6.0
2024-09-09 18:00:00,6.418747,-2.8970642,290.43005,100234.08,51.25,6.0
2024-09-09 19:00:00,5.899521,-4.6106873,289.96454,100349.78,51.25,6.0
2024-09-09 20:00:00,5.5236053,-5.446411,289.15173,100423.08,51.25,6.0
2024-09-09 21:00:00,5.721695,-5.342102,288.5199,100506.95,51.25,6.0
2024-09-09 22:00:00,5.5761566,-4.7061005,287.52872,100604.555,51.25,6.0
2024-09-09 23:00:00,5.538452,-3.2950897,286.94733,100643.86,51.25,6.0
2024-09-10 00:00:00,5.170044,-1.907959,286.60248,100716.87,51.25,6.0
2024-09-10 01:00:00,4.6327972,-0.069992065,286.25854,100699.266,51.25,6.0
2024-09-10 02:00:00,4.697708,1.5633087,286.0182,100712.22,51.25,6.0
2024-09-10 03:00:00,5.4970245,2.2260437,286.4392,100706.125,51.25,6.0
2024-09-10 04:00:00,5.7038116,2.4085693,286.38635,100689.03,51.25,6.0
2024-09-10 05:00:00,5.530243,3.2877197,286.44037,100668.78,51.25,6.0
2024-09-10 06:00:00,5.745758,3.8060455,286.5841,100687.68,51.25,6.0
2024-09-10 07:00:00,5.357361,4.316437,287.27695,100684.234,51.25,6.0
2024-09-10 08:00:00,6.859726,4.8421173,288.42908,100654.67,51.25,6.0
2024-09-10 09:00:00,9.246857,5.1496735,289.5747,100629.484,51.25,6.0
2024-09-10 10:00:00,8.453217,5.4849396,290.06778,100589.21,51.25,6.0
2024-09-10 11:00:00,9.2070465,6.0768585,290.20416,100553.45,51.25,6.0
2024-09-10 12:00:00,9.291107,6.343704,290.56424,100511.05,51.25,6.0
2024-09-10 13:00:00,8.538132,6.7896423,290.17236,100481.586,51.25,6.0
2024-09-10 14:00:00,8.952454,7.9683685,289.92944,100470.7,51.25,6.0
2024-09-10 15:00:00,8.176956,8.405685,289.46393,100398.91,51.25,6.0
2024-09-10 16:00:00,7.7102966,8.673676,289.02002,100347.64,51.25,6.0
2024-09-10 17:00:00,7.322281,9.005798,288.78357,100267.36,51.25,6.0
2024-09-10 18:00:00,7.607254,9.17453,288.6184,100186.09,51.25,6.0
2024-09-10 19:00:00,8.352264,8.99321,288.26233,100166.83,51.25,6.0
2024-09-10 20:00:00,8.665222,8.424438,287.9582,100132.55,51.25,6.0
2024-09-10 21:00:00,8.473801,8.165329,287.46756,100060.1,51.25,6.0
2024-09-10 22:00:00,7.8266144,8.025467,287.36627,99979.33,51.25,6.0
2024-09-10 23:00:00,7.0787506,8.6540985,287.23737,99851.37,51.25,6.0
2024-09-11 00:00:00,7.2822723,9.339661,286.95422,99758.48,51.25,6.0
2024-09-11 01:00:00,8.946594,9.131622,286.3654,99688.984,51.25,6.0
2024-09-11 02:00:00,10.672531,5.9663696,285.68283,99684.02,51.25,6.0
2024-09-11 03:00:00,9.314301,-0.89183044,284.3824,99739.125,51.25,6.0
2024-09-11 04:00:00,7.170044,-3.7462463,283.67688,99858.15,51.25,6.0
2024-09-11 05:00:00,6.9282837,-1.4868622,283.49557,99943.44,51.25,6.0
2024-09-11 06:00:00,7.536392,0.18251038,283.7788,99988.45,51.25,6.0
2024-09-11 07:00:00,7.152954,1.5062714,284.51956,100028.41,51.25,6.0
2024-09-11 08:00:00,7.544098,1.628067,285.8612,100061.625,51.25,6.0
2024-09-11 09:00:00,8.746414,0.8865509,286.6818,100099.16,51.25,6.0
2024-09-11 10:00:00,8.204071,1.2521667,286.97156,100126.51,51.25,6.0
2024-09-11 11:00:00,8.692215,0.34002686,287.44287,100173.875,51.25,6.0
2024-09-11 12:00:00,8.576477,-0.7290497,286.64188,100211.25,51.25,6.0
2024-09-11 13:00:00,8.229126,0.274292,286.7351,100203.09,51.25,6.0
2024-09-11 14:00:00,8.810593,0.5457001,286.65765,100224.64,51.25,6.0
2024-09-11 15:00:00,8.588501,-0.109939575,286.77066,100265.91,51.25,6.0
2024-09-11 16:00:00,7.8457184,0.060165405,285.54297,100277.945,51.25,6.0
2024-09-11 17:00:00,6.635666,0.21710205,284.96106,100304.28,51.25,6.0
2024-09-11 18:00:00,5.86351,-0.10836792,283.4868,100339.78,51.25,6.0
2024-09-11 19:00:00,5.8441315,1.1870117,283.0467,100413.11,51.25,6.0
2024-09-11 20:00:00,5.629074,2.919281,282.43903,100417.53,51.25,6.0
2024-09-11 21:00:00,4.7702484,2.8889618,282.058,100456.22,51.25,6.0
2024-09-11 22:00:00,3.0948334,5.265045,281.7824,100433.95,51.25,6.0
2024-09-11 23:00:00,4.506012,4.722809,281.90228,100460.25,51.25,6.0
2024-09-12 00:00:00,5.4105988,4.738907,281.85822,100449.13,51.25,6.0
2024-09-12 01:00:00,5.6735992,4.0678864,281.71136,100439.99,51.25,6.0
2024-09-12 02:00:00,6.2227936,3.1158447,281.4361,100483.484,51.25,6.0
2024-09-12 03:00:00,6.0496063,2.839264,281.0913,100519.836,51.25,6.0
2024-09-12 04:00:00,5.585861,2.684784,280.9328,100544.1,51.25,6.0
2024-09-12 05:00:00,5.0025635,2.7881927,280.74557,100587.85,51.25,6.0
2024-09-12 06:00:00,4.6597443,3.3050842,280.87225,100648.375,51.25,6.0
2024-09-12 07:00:00,3.9541779,3.1459503,281.89026,100666.44,51.25,6.0
2024-09-12 08:00:00,4.471237,2.1688843,283.22733,100710.46,51.25,6.0
2024-09-12 09:00:00,4.324402,1.0882263,284.43384,100747.57,51.25,6.0
2024-09-12 10:00:00,3.490158,0.5105896,285.48987,100782.336,51.25,6.0
2024-09-12 11:00:00,2.7872772,0.9343872,285.99353,100803.48,51.25,6.0
2024-09-12 12:00:00,2.9233093,0.90234375,286.50613,100805.766,51.25,6.0
2024-09-12 13:00:00,4.0930176,0.09111023,286.8069,100814.47,51.25,6.0
2024-09-12 14:00:00,5.773651,-2.1877594,286.80426,100862.13,51.25,6.0
2024-09-12 15:00:00,4.093231,-2.926239,285.62378,100903.05,51.25,6.0
2024-09-12 16:00:00,2.8028412,-2.3593445,285.04016,100944.28,51.25,6.0
2024-09-12 17:00:00,2.623352,-2.1648712,284.5266,100969.2,51.25,6.0
2024-09-12 18:00:00,2.7390442,-1.4137726,283.34845,101027.09,51.25,6.0
2024-09-12 19:00:00,2.3669739,-1.0583496,282.0268,101088.375,51.25,6.0
2024-09-12 20:00:00,2.5193176,-1.177124,281.67853,101126.59,51.25,6.0
2024-09-12 21:00:00,2.7539673,-1.8223267,281.43835,101182.734,51.25,6.0
2024-09-12 22:00:00,3.7412872,-1.5220947,281.21652,101206.53,51.25,6.0
2024-09-12 23:00:00,3.5027313,-1.3618317,280.65414,101238.17,51.25,6.0
2024-09-13 00:00:00,4.0344696,-1.5341187,280.06027,101258.875,51.25,6.0
2024-09-13 01:00:00,3.8608704,-2.8854218,279.79843,101346.86,51.25,6.0
2024-09-13 02:00:00,2.8343048,-2.6566925,279.51978,101387.72,51.25,6.0
2024-09-13 03:00:00,2.4837341,-2.2204742,279.31702,101434.43,51.25,6.0
2024-09-13 04:00:00,3.0118866,-2.2946014,279.4345,101508.3,51.25,6.0
2024-09-13 05:00:00,3.2668762,-2.1367645,279.3697,101573.36,51.25,6.0
2024-09-13 06:00:00,3.3526306,-2.3609467,279.90643,101645.69,51.25,6.0
2024-09-13 07:00:00,2.956253,-2.4741516,281.96063,101697.055,51.25,6.0
2024-09-13 08:00:00,2.0392761,-3.1809692,284.04898,101760.72,51.25,6.0
2024-09-13 09:00:00,1.4503632,-3.5424805,285.67444,101817.91,51.25,6.0
2024-09-13 10:00:00,1.5935516,-3.2518158,287.17947,101853.34,51.25,6.0
2024-09-13 11:00:00,0.89305115,-4.27446,288.18643,101872.36,51.25,6.0
2024-09-13 12:00:00,1.0323792,-5.4285583,288.6126,101909.5,51.25,6.0
2024-09-13 13:00:00,1.1741028,-6.157593,288.82928,101912.72,51.25,6.0
2024-09-13 14:00:00,2.057251,-6.9276276,288.74976,101990.39,51.25,6.0
2024-09-13 15:00:00,1.9592743,-6.307785,288.84555,102029.89,51.25,6.0
2024-09-13 16:00:00,1.6412659,-5.9246826,288.576,102061.02,51.25,6.0
2024-09-13 17:00:00,2.0530548,-5.941818,287.92786,102106.86,51.25,6.0
2024-09-13 18:00:00,2.1378632,-6.338913,286.3016,102166.664,51.25,6.0
2024-09-13 19:00:00,2.0267334,-6.3864594,284.95135,102254.66,51.25,6.0
2024-09-13 20:00:00,1.6369934,-6.4032745,283.732,102307.19,51.25,6.0
2024-09-13 21:00:00,1.249939,-6.2695465,282.5677,102383.66,51.25,6.0
2024-09-13 22:00:00,0.9401703,-5.889023,282.0783,102407.14,51.25,6.0
2024-09-13 23:00:00,1.333313,-5.752289,281.21378,102443.77,51.25,6.0
2024-09-14 00:00:00,1.4436493,-5.4242706,280.52017,102426.28,51.25,6.0
2024-09-14 01:00:00,1.3161469,-4.9639435,279.67883,102443.266,51.25,6.0
2024-09-14 02:00:00,1.4278259,-4.737961,279.41998,102451.0,51.25,6.0
2024-09-14 03:00:00,1.506134,-4.6055756,279.1704,102448.95,51.25,6.0
2024-09-14 04:00:00,1.6466522,-4.569504,278.9524,102500.375,51.25,6.0
2024-09-14 05:00:00,1.56604,-4.2016144,278.4793,102532.19,51.25,6.0
2024-09-14 06:00:00,1.3463135,-3.671112,278.98508,102550.16,51.25,6.0
2024-09-14 07:00:00,1.3629303,-2.8688202,282.09076,102566.055,51.25,6.0
2024-09-14 08:00:00,1.4090118,-2.1187592,284.95715,102576.28,51.25,6.0
2024-09-14 09:00:00,0.9751282,-2.4063263,287.01416,102607.164,51.25,6.0
2024-09-14 10:00:00,1.1921234,-3.0187378,288.1853,102577.67,51.25,6.0
2024-09-14 11:00:00,1.5406799,-3.2817535,288.49872,102570.44,51.25,6.0
2024-09-14 12:00:00,1.5496979,-3.2410583,288.6807,102557.71,51.25,6.0
2024-09-14 13:00:00,1.5375214,-3.3328552,289.0716,102549.44,51.25,6.0
2024-09-14 14:00:00,1.5428162,-3.6015778,289.35028,102504.83,51.25,6.0
2024-09-14 15:00:00,1.4562683,-3.7490387,289.46484,102493.03,51.25,6.0
2024-09-14 16:00:00,1.193512,-3.4944763,289.09973,102499.44,51.25,6.0
2024-09-14 17:00:00,0.9555969,-3.0542297,288.04236,102470.11,51.25,6.0
2024-09-14 18:00:00,1.0583649,-2.7997131,285.75964,102477.41,51.25,6.0
2024-09-14 19:00:00,1.3901367,-2.9886017,284.27484,102507.17,51.25,6.0
2024-09-14 20:00:00,1.2922821,-2.8655853,283.42236,102492.44,51.25,6.0
2024-09-14 21:00:00,0.9416199,-2.236557,282.05762,102490.31,51.25,6.0
2024-09-14 22:00:00,1.493042,-0.8461151,282.06158,102470.96,51.25,6.0
2024-09-14 23:00:00,1.8803864,-0.66922,281.07617,102460.34,51.25,6.0
2024-09-15 00:00:00,2.088211,-0.63479614,280.14838,102449.836,51.25,6.0
2024-09-15 01:00:00,2.3109589,-0.5372467,279.90036,102435.91,51.25,6.0
2024-09-15 02:00:00,2.9729767,-0.3839264,279.44043,102411.79,51.25,6.0
2024-09-15 03:00:00,3.7088013,-0.28263855,279.14264,102371.516,51.25,6.0
2024-09-15 04:00:00,4.193619,-0.20773315,278.74023,102342.63,51.25,6.0
2024-09-15 05:00:00,4.538315,-0.011978149,278.61768,102326.68,51.25,6.0
2024-09-15 06:00:00,4.483429,0.22322083,279.64905,102348.625,51.25,6.0
2024-09-15 07:00:00,3.974121,0.58306885,282.51898,102332.89,51.25,6.0
2024-09-15 08:00:00,2.687973,0.6581726,285.40512,102321.95,51.25,6.0
2024-09-15 09:00:00,2.4762573,0.5160217,287.9323,102330.81,51.25,6.0
2024-09-15 10:00:00,1.9712677,-0.21284485,289.52258,102291.02,51.25,6.0
2024-09-15 11:00:00,1.7053528,-1.3625183,290.4462,102234.76,51.25,6.0
2024-09-15 12:00:00,1.7370148,-1.9403381,290.98114,102189.87,51.25,6.0
2024-09-15 13:00:00,1.5984955,-2.5555115,291.57635,102125.78,51.25,6.0
2024-09-15 14:00:00,1.8283081,-3.101181,291.64697,102083.72,51.25,6.0
2024-09-15 15:00:00,2.0699615,-3.6789246,291.49152,102036.83,51.25,6.0
2024-09-15 16:00:00,2.0147858,-3.5198822,291.3551,102013.734,51.25,6.0
2024-09-15 17:00:00,1.8265228,-3.3087616,289.99963,102003.125,51.25,6.0
2024-09-15 18:00:00,2.0296936,-3.430252,287.92334,102028.06,51.25,6.0
2024-09-15 19:00:00,2.1196442,-3.31044,287.76053,102026.625,51.25,6.0
2024-09-15 20:00:00,1.8621521,-3.331833,287.8294,102016.72,51.25,6.0
2024-09-15 21:00:00,2.1263733,-3.8300781,287.5878,102016.34,51.25,6.0
2024-09-15 22:00:00,1.2052612,-2.4960175,287.69037,102013.08,51.25,6.0
2024-09-15 23:00:00,1.6300507,-2.1950378,287.63702,101982.69,51.25,6.0
2024-09-16 00:00:00,2.8521423,-2.09729,287.01776,101923.81,51.25,6.0
2024-09-16 01:00:00,3.767746,-1.790329,286.44873,101937.81,51.25,6.0
2024-09-16 02:00:00,2.8292084,-1.3088837,285.9049,101953.08,51.25,6.0
2024-09-16 03:00:00,3.3463898,-1.1449585,285.47675,101903.66,51.25,6.0
2024-09-16 04:00:00,4.200714,-1.3711548,284.99155,101876.75,51.25,6.0
2024-09-16 05:00:00,3.5313416,-1.586853,284.7779,101898.8,51.25,6.0
2024-09-16 06:00:00,3.40271,-1.5446777,284.88116,101929.14,51.25,6.0
2024-09-16 07:00:00,3.0534668,-1.647171,286.21967,101968.22,51.25,6.0
2024-09-16 08:00:00,1.7900543,-1.5712128,287.91074,102007.914,51.25,6.0
2024-09-16 09:00:00,1.8341217,-3.0780334,289.44257,101984.6,51.25,6.0
2024-09-16 10:00:00,1.1368561,-3.2883453,290.4007,101994.02,51.25,6.0
2024-09-16 11:00:00,1.0682831,-4.425827,291.36807,101990.05,51.25,6.0
2024-09-16 12:00:00,0.15098572,-5.2239075,292.1311,101981.42,51.25,6.0
2024-09-16 13:00:00,-0.34266663,-5.0926514,292.4013,101989.03,51.25,6.0
2024-09-16 14:00:00,-0.3984375,-4.9747314,292.77075,101975.76,51.25,6.0
2024-09-16 15:00:00,-0.6592865,-5.071213,292.84546,101964.734,51.25,6.0
2024-09-16 16:00:00,-0.35365295,-5.4638214,292.56876,101994.9,51.25,6.0
2024-09-16 17:00:00,0.14079285,-6.3017426,291.7132,102044.984,51.25,6.0
2024-09-16 18:00:00,0.35777283,-7.1911926,290.74176,102079.43,51.25,6.0
2024-09-16 19:00:00,-0.38684082,-7.459854,290.28253,102115.98,51.25,6.0
2024-09-16 20:00:00,-1.4394531,-6.921173,289.54602,102152.0,51.25,6.0
2024-09-16 21:00:00,-1.4703674,-6.6780396,288.81732,102149.92,51.25,6.0
2024-09-16 22:00:00,-0.93237305,-6.7921906,288.1476,102199.44,51.25,6.0
2024-09-16 23:00:00,-1.139389,-6.8372345,287.64697,102195.36,51.25,6.0
2024-09-17 00:00:00,-1.8887634,-6.3486786,287.2638,102204.8,51.25,6.0
2024-09-17 01:00:00,-2.1985168,-6.18721,287.16724,102179.28,51.25,6.0
2024-09-17 02:00:00,-2.5193634,-6.048279,287.08905,102169.03,51.25,6.0
2024-09-17 03:00:00,-2.2430878,-6.005844,287.0055,102194.47,51.25,6.0
2024-09-17 04:00:00,-1.8958435,-6.650543,287.0066,102225.36,51.25,6.0
2024-09-17 05:00:00,-2.4109497,-6.517395,287.1101,102245.17,51.25,6.0
2024-09-17 06:00:00,-3.3636627,-6.5790405,287.2874,102271.39,51.25,6.0
2024-09-17 07:00:00,-4.408722,-6.5743866,287.86823,102297.83,51.25,6.0
2024-09-17 08:00:00,-4.916687,-5.7385254,288.82526,102317.95,51.25,6.0
2024-09-17 09:00:00,-5.563446,-5.270035,289.4863,102322.11,51.25,6.0
2024-09-17 10:00:00,-6.6445923,-4.5729065,290.00342,102319.75,51.25,6.0
2024-09-17 11:00:00,-6.1971893,-4.477463,290.37372,102305.53,51.25,6.0
2024-09-17 12:00:00,-5.701523,-4.7708435,290.89087,102305.22,51.25,6.0
2024-09-17 13:00:00,-5.4031067,-5.2253723,291.45062,102273.734,51.25,6.0
2024-09-17 14:00:00,-5.5255127,-5.2898865,292.01965,102231.38,51.25,6.0
2024-09-17 15:00:00,-6.0729065,-5.2426147,292.21722,102195.375,51.25,6.0
2024-09-17 16:00:00,-5.342636,-5.2289124,292.04248,102176.695,51.25,6.0
2024-09-17 17:00:00,-4.6472626,-5.5377045,291.16058,102179.734,51.25,6.0
2024-09-17 18:00:00,-5.1447906,-5.725296,290.13672,102206.2,51.25,6.0
2024-09-17 19:00:00,-5.7444763,-5.453018,289.485,102246.12,51.25,6.0
2024-09-17 20:00:00,-6.3597717,-4.965225,289.16443,102269.66,51.25,6.0
2024-09-17 21:00:00,-6.885681,-4.2207794,288.67795,102265.7,51.25,6.0
2024-09-17 22:00:00,-6.436966,-3.687439,288.17407,102282.02,51.25,6.0
2024-09-17 23:00:00,-6.104843,-3.6595154,287.68903,102264.945,51.25,6.0
2024-09-18 00:00:00,-5.844101,-3.8921509,287.16473,102251.234,51.25,6.0
2024-09-18 01:00:00,-5.8320923,-4.13472,287.02917,102235.47,51.25,6.0
2024-09-18 02:00:00,-5.801132,-4.4409027,286.8093,102186.25,51.25,6.0
2024-09-18 03:00:00,-5.7895355,-4.4188385,286.70374,102183.59,51.25,6.0
2024-09-18 04:00:00,-5.6466064,-4.4138336,286.90442,102164.19,51.25,6.0
2024-09-18 05:00:00,-5.439926,-4.3713837,287.10516,102159.18,51.25,6.0
2024-09-18 06:00:00,-5.287857,-4.0782776,287.1515,102215.74,51.25,6.0
2024-09-18 07:00:00,-5.77034,-3.860489,287.41858,102230.16,51.25,6.0
2024-09-18 08:00:00,-5.6699524,-3.645584,288.14667,102235.17,51.25,6.0
2024-09-18 09:00:00,-5.5936737,-3.6192932,289.04785,102229.53,51.25,6.0
2024-09-18 10:00:00,-5.9706116,-3.8174896,290.59326,102211.484,51.25,6.0
2024-09-18 11:00:00,-5.8931274,-3.9595184,292.3833,102157.484,51.25,6.0
2024-09-18 12:00:00,-5.7893066,-4.602783,293.89404,102112.586,51.25,6.0
2024-09-18 13:00:00,-6.568405,-4.862747,294.92157,102044.44,51.25,6.0
2024-09-18 14:00:00,-7.0796814,-4.837723,295.49026,101990.83,51.25,6.0
2024-09-18 15:00:00,-7.1371155,-5.014923,295.5858,101950.83,51.25,6.0
2024-09-18 16:00:00,-6.923691,-5.061371,295.1449,101933.39,51.25,6.0
2024-09-18 17:00:00,-7.6984253,-5.0412903,294.1599,101934.83,51.25,6.0
2024-09-18 18:00:00,-8.169388,-5.0261383,292.8559,101975.94,51.25,6.0
2024-09-18 19:00:00,-8.393768,-4.5631104,291.89606,102015.63,51.25,6.0
2024-09-18 20:00:00,-8.626282,-4.051651,291.17792,102038.17,51.25,6.0
2024-09-18 21:00:00,-8.671768,-3.5900574,290.70135,102069.27,51.25,6.0
2024-09-18 22:00:00,-8.67717,-2.344345,289.91235,102061.98,51.25,6.0
2024-09-18 23:00:00,-7.8066864,-2.0915527,289.37787,102038.95,51.25,6.0
2024-09-19 00:00:00,-7.259781,-2.6895905,288.83035,102010.8,51.25,6.0
2024-09-19 01:00:00,-7.0515747,-3.1692047,288.3266,101980.34,51.25,6.0
2024-09-19 02:00:00,-6.8495636,-3.4644775,287.78906,101954.92,51.25,6.0
2024-09-19 03:00:00,-6.7984924,-3.707138,287.51807,101923.17,51.25,6.0
2024-09-19 04:00:00,-6.664673,-3.9098663,287.3058,101887.59,51.25,6.0
2024-09-19 05:00:00,-6.6057587,-3.8954163,287.15594,101900.1,51.25,6.0
2024-09-19 06:00:00,-6.5941315,-3.946106,287.26575,101925.92,51.25,6.0
2024-09-19 07:00:00,-6.606598,-3.9499512,288.58014,101950.2,51.25,6.0
2024-09-19 08:00:00,-5.7329865,-3.3446655,290.07422,101970.11,51.25,6.0
2024-09-19 09:00:00,-5.599289,-3.5091858,291.67688,101954.35,51.25,6.0
2024-09-19 10:00:00,-5.5220947,-3.7024994,293.2622,101937.27,51.25,6.0
2024-09-19 11:00:00,-5.669586,-4.2849426,294.5102,101850.47,51.25,6.0
2024-09-19 12:00:00,-5.923828,-4.89122,295.4223,101805.41,51.25,6.0
2024-09-19 13:00:00,-6.6350555,-4.803406,295.99097,101746.07,51.25,6.0
2024-09-19 14:00:00,-6.780319,-4.1707764,296.11194,101706.8,51.25,6.0
2024-09-19 15:00:00,-6.775894,-4.4073486,295.78027,101675.336,51.25,6.0
2024-09-19 16:00:00,-6.962738,-3.994156,294.568,101664.7,51.25,6.0
2024-09-19 17:00:00,-6.9654694,-4.5289764,293.30905,101651.39,51.25,6.0
2024-09-19 18:00:00,-7.2858124,-4.8418427,291.8684,101661.8,51.25,6.0
2024-09-19 19:00:00,-8.372787,-4.2754364,291.10593,101704.016,51.25,6.0
2024-09-19 20:00:00,-8.508621,-2.8553772,290.42108,101725.33,51.25,6.0
2024-09-19 21:00:00,-7.6325073,-2.3090057,289.75388,101722.2,51.25,6.0
2024-09-19 22:00:00,-7.852127,-1.8423157,288.9878,101693.19,51.25,6.0
2024-09-19 23:00:00,-6.8774567,-2.0547485,288.43326,101655.19,51.25,6.0
2024-09-20 00:00:00,-6.787216,-1.9947205,287.83337,101642.61,51.25,6.0
2024-09-20 01:00:00,-6.5037994,-1.8289185,287.33185,101631.88,51.25,6.0
2024-09-20 02:00:00,-6.277298,-2.4609375,286.9406,101606.03,51.25,6.0
2024-09-20 03:00:00,-6.3207397,-2.7834473,286.5031,101604.586,51.25,6.0
2024-09-20 04:00:00,-6.4859924,-2.3344421,286.05026,101609.64,51.25,6.0
2024-09-20 05:00:00,-6.6734467,-1.7996674,285.7185,101606.61,51.25,6.0
2024-09-20 06:00:00,-6.7378693,-1.2837524,285.9713,101636.37,51.25,6.0
2024-09-20 07:00:00,-6.5434875,-1.1029968,287.52765,101649.81,51.25,6.0
2024-09-20 08:00:00,-5.7414246,-1.0461578,289.37427,101678.86,51.25,6.0
2024-09-20 09:00:00,-5.9410553,-0.77311707,291.16727,101662.75,51.25,6.0
2024-09-20 10:00:00,-5.4123077,-0.7893524,292.95886,101627.92,51.25,6.0
2024-09-20 11:00:00,-5.4976044,-0.56059265,294.33197,101612.484,51.25,6.0
2024-09-20 12:00:00,-5.587738,-0.4973297,295.70184,101578.16,51.25,6.0
2024-09-20 13:00:00,-5.8375244,-0.49499512,296.32886,101546.766,51.25,6.0
2024-09-20 14:00:00,-5.9824677,-0.2769165,296.66052,101495.984,51.25,6.0
2024-09-20 15:00:00,-6.034668,-0.30592346,296.66608,101468.2,51.25,6.0
2024-09-20 16:00:00,-5.885788,-0.7099304,296.16055,101460.35,51.25,6.0
2024-09-20 17:00:00,-6.192322,-0.8339386,294.59683,101467.59,51.25,6.0
2024-09-20 18:00:00,-6.749176,-0.8014221,292.26416,101487.85,51.25,6.0
2024-09-20 19:00:00,-7.072632,-0.3907318,291.22122,101509.47,51.25,6.0
2024-09-20 20:00:00,-7.0716705,0.23413086,290.27136,101526.516,51.25,6.0
2024-09-20 21:00:00,-6.715439,0.99612427,289.5122,101552.8,51.25,6.0
2024-09-20 22:00:00,-6.042618,1.982544,288.45782,101566.79,51.25,6.0
2024-09-20 23:00:00,-4.9665527,2.489975,287.58008,101555.484,51.25,6.0
2024-09-21 00:00:00,-4.431656,2.699112,286.92194,101546.42,51.25,6.0
2024-09-21 01:00:00,-4.278488,2.524002,286.36658,101540.92,51.25,6.0
2024-09-21 02:00:00,-4.8537903,2.2852173,286.18127,101534.07,51.25,6.0
2024-09-21 03:00:00,-5.185852,2.5420074,285.77936,101529.734,51.25,6.0
2024-09-21 04:00:00,-4.436157,3.0726166,285.37448,101521.516,51.25,6.0
2024-09-21 05:00:00,-3.7720337,3.3156128,284.94434,101508.19,51.25,6.0
2024-09-21 06:00:00,-3.5899506,3.1800385,285.1194,101516.53,51.25,6.0
2024-09-21 07:00:00,-3.5911407,2.669464,287.76932,101525.09,51.25,6.0
2024-09-21 08:00:00,-3.0019531,1.5549622,290.5247,101534.95,51.25,6.0
2024-09-21 09:00:00,-3.0406036,1.0617218,292.89697,101534.74,51.25,6.0
2024-09-21 10:00:00,-2.9592896,0.65467834,294.68253,101498.75,51.25,6.0
2024-09-21 11:00:00,-2.938263,1.1824493,296.12592,101443.66,51.25,6.0
2024-09-21 12:00:00,-2.9365845,1.7355194,297.13486,101411.055,51.25,6.0
2024-09-21 13:00:00,-2.3647308,2.06221,297.69852,101361.94,51.25,6.0
2024-09-21 14:00:00,-2.062912,1.6507721,297.93726,101310.53,51.25,6.0
2024-09-21 15:00:00,-2.1759796,1.1687775,297.8418,101289.22,51.25,6.0
2024-09-21 16:00:00,-3.1091766,0.43067932,297.02826,101291.4,51.25,6.0
2024-09-21 17:00:00,-4.3874207,0.12678528,294.97546,101286.95,51.25,6.0
2024-09-21 18:00:00,-5.1110992,0.5722809,292.4461,101301.72,51.25,6.0
2024-09-21 19:00:00,-5.019272,1.0992584,290.474,101320.984,51.25,6.0
2024-09-21 20:00:00,-4.781662,1.4673767,289.31512,101339.02,51.25,6.0
2024-09-21 21:00:00,-4.837723,1.4677734,288.16748,101310.16,51.25,6.0
2024-09-21 22:00:00,-4.3334045,2.1809235,287.55334,101289.42,51.25,6.0
2024-09-21 23:00:00,-3.4821625,2.8479462,286.71512,101255.73,51.25,6.0
2024-09-22 00:00:00,-2.5266876,3.634842,286.0318,101267.81,51.25,6.0
2024-09-22 01:00:00,-1.710846,3.864151,285.45804,101248.76,51.25,6.0
2024-09-22 02:00:00,-2.0628815,3.2291107,285.00476,101197.55,51.25,6.0
2024-09-22 03:00:00,-2.3822174,3.1954498,284.92703,101160.484,51.25,6.0
2024-09-22 04:00:00,-2.5708466,3.5010376,284.75787,101126.875,51.25,6.0
2024-09-22 05:00:00,-2.4722443,3.7068024,284.7369,101112.42,51.25,6.0
2024-09-22 06:00:00,-2.5117645,3.4516296,285.1234,101113.09,51.25,6.0
2024-09-22 07:00:00,-2.8860016,2.9512024,287.59238,101091.9,51.25,6.0
2024-09-22 08:00:00,-3.1757507,1.8682556,290.3051,101077.03,51.25,6.0
2024-09-22 09:00:00,-2.6694794,1.0321655,292.79633,101055.86,51.25,6.0
2024-09-22 10:00:00,-2.194992,1.1654053,294.9412,101033.164,51.25,6.0
2024-09-22 11:00:00,-1.8674164,1.2564545,295.96967,100970.375,51.25,6.0
2024-09-22 12:00:00,-1.6226501,1.4320221,296.6804,100933.33,51.25,6.0
2024-09-22 13:00:00,-1.1220245,1.3568726,296.9975,100869.64,51.25,6.0
2024-09-22 14:00:00,-1.1451111,0.6790161,296.9688,100829.22,51.25,6.0
2024-09-22 15:00:00,-1.6988678,0.16156006,296.6396,100777.08,51.25,6.0
2024-09-22 16:00:00,-1.4230499,1.939682,295.9697,100759.734,51.25,6.0
2024-09-22 17:00:00,-0.4945221,3.4207,293.82098,100759.05,51.25,6.0
2024-09-22 18:00:00,0.04512024,3.6464844,291.59546,100734.53,51.25,6.0
2024-09-22 19:00:00,-0.06437683,3.2804565,290.69162,100710.14,51.25,6.0
2024-09-22 20:00:00,0.07765198,3.400238,290.28503,100682.016,51.25,6.0
2024-09-22 21:00:00,0.59243774,4.4526215,290.41907,100672.58,51.25,6.0
2024-09-22 22:00:00,1.4924469,5.5569763,288.31595,100631.59,51.25,6.0
2024-09-22 23:00:00,1.9576569,5.058319,287.90048,100603.65,51.25,6.0
2024-09-23 00:00:00,2.132492,5.3001404,288.63574,100549.375,51.25,6.0
2024-09-23 01:00:00,2.272461,5.676651,289.26654,100501.11,51.25,6.0
2024-09-23 02:00:00,1.849411,5.3142242,289.4389,100443.28,51.25,6.0
2024-09-23 03:00:00,1.0291595,4.7816315,289.1891,100416.36,51.25,6.0
2024-09-23 04:00:00,-1.0608368,4.9198,289.20447,100398.89,51.25,6.0
2024-09-23 05:00:00,-1.5496979,5.4039917,289.01352,100371.734,51.25,6.0
2024-09-23 06:00:00,-0.75009155,6.41597,289.1115,100378.94,51.25,6.0
2024-09-23 07:00:00,0.81474304,6.360626,289.73474,100388.67,51.25,6.0
2024-09-23 08:00:00,2.1488495,5.510208,291.01562,100399.586,51.25,6.0
2024-09-23 09:00:00,3.7132874,5.4614716,291.6211,100395.875,51.25,6.0
2024-09-23 10:00:00,2.2057953,3.757141,292.43915,100399.05,51.25,6.0
2024-09-23 11:00:00,2.1651764,4.0992126,292.98016,100373.99,51.25,6.0
2024-09-23 12:00:00,2.02359,4.0507507,293.1969,100320.56,51.25,6.0
2024-09-23 13:00:00,1.7079773,4.159134,293.7931,100273.95,51.25,6.0
2024-09-23 14:00:00,2.3560028,5.200836,294.08914,100247.83,51.25,6.0
2024-09-23 15:00:00,2.390686,4.7874756,293.98807,100215.95,51.25,6.0
2024-09-23 16:00:00,2.8467712,4.5786896,293.2576,100186.47,51.25,6.0
2024-09-23 17:00:00,2.7287445,4.843689,292.06915,100164.625,51.25,6.0
2024-09-23 18:00:00,2.6271515,5.151642,290.11884,100178.41,51.25,6.0
2024-09-23 19:00:00,2.6316376,5.1162415,289.00925,100191.164,51.25,6.0
2024-09-23 20:00:00,2.3106537,5.0907288,287.9698,100189.2,51.25,6.0
2024-09-23 21:00:00,1.819931,5.329056,287.42786,100179.55,51.25,6.0
2024-09-23 22:00:00,2.1574402,5.679962,286.43103,100167.836,51.25,6.0
2024-09-23 23:00:00,2.1174316,5.1922455,286.15717,100117.0,51.25,6.0
2024-09-24 00:00:00,1.701828,5.5222015,285.9664,100104.56,51.25,6.0
2024-09-24 01:00:00,1.4826813,5.635681,285.7442,100024.94,51.25,6.0
2024-09-24 02:00:00,1.367569,5.5297546,285.89197,100001.89,51.25,6.0
2024-09-24 03:00:00,1.2971649,5.421051,285.9022,99959.3,51.25,6.0
2024-09-24 04:00:00,1.5533295,5.417816,286.1159,99917.516,51.25,6.0
2024-09-24 05:00:00,1.141861,5.40979,285.94345,99899.22,51.25,6.0
2024-09-24 06:00:00,0.8475342,5.2615814,286.22394,99899.2,51.25,6.0
2024-09-24 07:00:00,1.1940613,5.1406555,287.05756,99873.516,51.25,6.0
2024-09-24 08:00:00,2.5818634,5.32872,288.17963,99858.92,51.25,6.0
2024-09-24 09:00:00,4.0579834,5.2981873,289.00464,99842.46,51.25,6.0
2024-09-24 10:00:00,4.1896057,5.1364136,290.10318,99819.125,51.25,6.0
2024-09-24 11:00:00,4.655426,5.1840973,291.13034,99802.33,51.25,6.0
2024-09-24 12:00:00,5.0121613,5.0987244,292.08185,99771.52,51.25,6.0
2024-09-24 13:00:00,3.9242706,4.672455,292.17664,99728.95,51.25,6.0
2024-09-24 14:00:00,4.533081,5.0339813,290.9759,99704.71,51.25,6.0
2024-09-24 15:00:00,6.034622,5.3760376,289.84717,99660.04,51.25,6.0
2024-09-24 16:00:00,5.7275085,4.4405518,289.55475,99728.47,51.25,6.0
2024-09-24 17:00:00,6.142624,3.1655731,289.28497,99745.69,51.25,6.0
2024-09-24 18:00:00,7.37558,1.5328674,288.98358,99782.484,51.25,6.0
2024-09-24 19:00:00,7.3924103,0.81681824,288.83823,99857.58,51.25,6.0
2024-09-24 20:00:00,7.0670624,0.8780823,288.50708,99944.336,51.25,6.0
2024-09-24 21:00:00,6.2532196,1.7626038,287.94153,99972.19,51.25,6.0
2024-09-24 22:00:00,5.647354,2.1452942,287.41345,99990.36,51.25,6.0
2024-09-24 23:00:00,5.0304565,3.538391,287.3701,100009.72,51.25,6.0
2024-09-25 00:00:00,4.4904175,4.647949,287.4115,100005.086,51.25,6.0
2024-09-25 01:00:00,4.8506927,4.7643433,287.30957,99993.62,51.25,6.0
2024-09-25 02:00:00,5.501068,4.148514,287.2994,99978.93,51.25,6.0
2024-09-25 03:00:00,5.354889,4.984207,287.284,99969.94,51.25,6.0
2024-09-25 04:00:00,4.9770966,5.902542,287.0751,99949.73,51.25,6.0
2024-09-25 05:00:00,5.4055634,6.339493,287.10614,99936.875,51.25,6.0
2024-09-25 06:00:00,5.3993683,6.488144,287.0564,99963.42,51.25,6.0
2024-09-25 07:00:00,4.8155823,6.469528,287.23077,99959.09,51.25,6.0
2024-09-25 08:00:00,4.705017,6.8335724,287.609,99977.8,51.25,6.0
2024-09-25 09:00:00,4.620102,6.7194214,287.86505,99966.484,51.25,6.0
2024-09-25 10:00:00,3.0419312,5.195236,287.68027,100004.44,51.25,6.0
2024-09-25 11:00:00,2.6262817,5.101776,288.41772,99950.25,51.25,6.0
2024-09-25 12:00:00,2.2040558,5.0797424,289.26874,99916.86,51.25,6.0
2024-09-25 13:00:00,1.4382629,5.126709,289.65723,99862.75,51.25,6.0
2024-09-25 14:00:00,0.70732117,5.5903473,289.90903,99774.93,51.25,6.0
2024-09-25 15:00:00,0.89253235,6.0469666,290.09802,99720.2,51.25,6.0
2024-09-25 16:00:00,0.99020386,6.278824,289.24866,99643.234,51.25,6.0
2024-09-25 17:00:00,0.89108276,5.7999725,288.52267,99594.516,51.25,6.0
2024-09-25 18:00:00,0.32878113,5.626663,288.13892,99532.41,51.25,6.0
2024-09-25 19:00:00,0.383667,5.9387817,287.5391,99466.58,51.25,6.0
2024-09-25 20:00:00,0.9756012,6.483734,287.48962,99403.17,51.25,6.0
2024-09-25 21:00:00,1.1869202,6.712158,287.57898,99337.31,51.25,6.0
2024-09-25 22:00:00,-1.5641022,6.488159,287.34448,99223.984,51.25,6.0
2024-09-25 23:00:00,-1.9113007,7.2851105,287.4566,99056.16,51.25,6.0
2024-09-26 00:00:00,-2.1275177,7.5542603,287.58002,98877.33,51.25,6.0
2024-09-26 01:00:00,-0.8001404,8.128845,287.7566,98760.34,51.25,6.0
2024-09-26 02:00:00,1.4173584,8.670013,288.20526,98587.09,51.25,6.0
2024-09-26 03:00:00,3.0637054,8.638489,288.63568,98521.28,51.25,6.0
2024-09-26 04:00:00,3.58432,7.256119,288.68887,98464.99,51.25,6.0
2024-09-26 05:00:00,4.942337,6.524002,288.6232,98467.05,51.25,6.0
2024-09-26 06:00:00,6.3880157,5.815338,288.59485,98498.55,51.25,6.0
2024-09-26 07:00:00,6.3885956,5.8974457,288.607,98526.34,51.25,6.0
2024-09-26 08:00:00,6.5039825,5.996826,289.16876,98561.164,51.25,6.0
2024-09-26 09:00:00,7.165085,7.616028,289.9807,98651.43,51.25,6.0
2024-09-26 10:00:00,5.6977844,6.2993317,290.22696,98703.95,51.25,6.0
2024-09-26 11:00:00,6.9594116,6.788727,289.27502,98790.41,51.25,6.0
2024-09-26 12:00:00,7.0265503,6.285492,290.9251,98721.94,51.25,6.0
2024-09-26 13:00:00,6.441757,6.4482117,291.7157,98679.45,51.25,6.0
2024-09-26 14:00:00,5.3143463,7.7153473,292.1752,98645.88,51.25,6.0
2024-09-26 15:00:00,4.868927,7.4559326,291.5901,98611.5,51.25,6.0
2024-09-26 16:00:00,3.5311737,7.6067505,290.59222,98591.88,51.25,6.0
2024-09-26 17:00:00,3.4317627,8.187744,289.47733,98580.8,51.25,6.0
2024-09-26 18:00:00,5.4179993,8.5550995,288.5578,98641.375,51.25,6.0
2024-09-26 19:00:00,6.9706726,8.452194,287.9475,98671.73,51.25,6.0
2024-09-26 20:00:00,7.7248383,8.735855,287.2912,98708.34,51.25,6.0
2024-09-26 21:00:00,8.653442,9.414276,287.3527,98782.21,51.25,6.0
2024-09-26 22:00:00,6.8713226,8.808258,287.68008,98867.33,51.25,6.0
2024-09-26 23:00:00,8.884842,8.597916,287.67883,98949.125,51.25,6.0
2024-09-27 00:00:00,8.901367,8.097595,287.48785,98973.55,51.25,6.0
2024-09-27 01:00:00,8.701248,8.8728485,287.13013,99034.44,51.25,6.0
2024-09-27 02:00:00,8.432678,9.635986,286.68253,99037.8,51.25,6.0
2024-09-27 03:00:00,8.225769,9.941788,286.29333,99045.14,51.25,6.0
2024-09-27 04:00:00,7.635971,10.01387,285.9878,99028.91,51.25,6.0
2024-09-27 05:00:00,7.365692,10.258179,285.6065,99037.58,51.25,6.0
2024-09-27 06:00:00,7.096039,10.422607,285.38333,99034.695,51.25,6.0
2024-09-27 07:00:00,6.901535,10.126785,286.04504,99058.89,51.25,6.0
2024-09-27 08:00:00,8.142639,10.909729,286.81522,99065.94,51.25,6.0
2024-09-27 09:00:00,9.130951,10.496811,287.6131,99125.945,51.25,6.0
2024-09-27 10:00:00,8.923706,8.891251,288.2531,99106.45,51.25,6.0
2024-09-27 11:00:00,10.260361,8.870056,288.91022,99160.69,51.25,6.0
2024-09-27 12:00:00,10.08403,8.178604,289.07532,99176.56,51.25,6.0
2024-09-27 13:00:00,10.600815,8.855072,288.88318,99184.05,51.25,6.0
2024-09-27 14:00:00,11.623215,9.323746,288.17072,99245.664,51.25,6.0
2024-09-27 15:00:00,9.520126,7.779236,286.90656,99339.33,51.25,6.0
2024-09-27 16:00:00,9.577347,5.2927246,285.99506,99461.68,51.25,6.0
2024-09-27 17:00:00,8.07753,1.7360535,285.20227,99613.7,51.25,6.0
2024-09-27 18:00:00,6.8201447,0.29804993,285.31976,99750.8,51.25,6.0
2024-09-27 19:00:00,6.71167,-0.8537903,285.27277,99896.836,51.25,6.0
2024-09-27 20:00:00,6.9555817,-2.0777588,284.95795,100013.31,51.25,6.0
2024-09-27 21:00:00,7.3901215,-2.9081726,284.4867,100137.62,51.25,6.0
2024-09-27 22:00:00,6.2465973,-4.7032166,283.8819,100301.625,51.25,6.0
2024-09-27 23:00:00,5.745224,-4.346649,283.57147,100390.875,51.25,6.0
2024-09-28 00:00:00,5.901596,-4.24646,283.10504,100433.125,51.25,6.0
2024-09-28 01:00:00,5.848282,-4.2317657,282.85065,100656.5,51.25,6.0
2024-09-28 02:00:00,5.924301,-3.0475616,282.6873,100660.81,51.25,6.0
2024-09-28 03:00:00,6.3012238,-1.9737549,282.54205,100804.305,51.25,6.0
2024-09-28 04:00:00,6.519394,-1.46492,282.21686,100893.75,51.25,6.0
2024-09-28 05:00:00,6.53833,-1.4606628,281.99725,100977.05,51.25,6.0
2024-09-28 06:00:00,6.614258,-1.7650299,282.40366,101087.38,51.25,6.0
2024-09-28 07:00:00,6.3481903,-1.5665894,282.93896,101196.03,51.25,6.0
2024-09-28 08:00:00,5.924362,-1.1682892,283.82404,101338.47,51.25,6.0
2024-09-28 09:00:00,5.929413,-2.1537628,284.89667,101400.34,51.25,6.0
2024-09-28 10:00:00,4.689209,-2.1390686,285.76453,101497.34,51.25,6.0
2024-09-28 11:00:00,4.6137238,-1.4592896,286.0481,101543.125,51.25,6.0
2024-09-28 12:00:00,5.2190704,-1.6041565,286.51962,101596.11,51.25,6.0
2024-09-28 13:00:00,5.539505,-2.0796509,286.34637,101638.39,51.25,6.0
2024-09-28 14:00:00,6.6041107,-2.5414124,286.61285,101700.25,51.25,6.0
2024-09-28 15:00:00,5.75766,-3.3903809,285.79993,101785.72,51.25,6.0
2024-09-28 16:00:00,4.908203,-3.4137726,284.72137,101837.164,51.25,6.0
2024-09-28 17:00:00,4.4148407,-2.715744,284.05795,101926.805,51.25,6.0
2024-09-28 18:00:00,4.373352,-2.054184,283.19666,102006.23,51.25,6.0
2024-09-28 19:00:00,4.422058,-1.326828,282.57794,102061.53,51.25,6.0
2024-09-28 20:00:00,4.5530243,-0.9928436,281.96893,102123.34,51.25,6.0
2024-09-28 21:00:00,4.552704,-0.7223358,281.61444,102173.06,51.25,6.0
2024-09-28 22:00:00,4.0775604,0.3215027,280.7298,102240.73,51.25,6.0
2024-09-28 23:00:00,4.456955,0.18991089,280.24976,102283.54,51.25,6.0
2024-09-29 00:00:00,4.3953247,0.23764038,280.0674,102286.39,51.25,6.0
2024-09-29 01:00:00,3.9626312,0.34806824,279.3598,102313.45,51.25,6.0
2024-09-29 02:00:00,3.3053436,0.8116913,278.47882,102287.78,51.25,6.0
2024-09-29 03:00:00,2.7748413,1.6735992,277.7342,102264.14,51.25,6.0
2024-09-29 04:00:00,2.6013641,2.4916687,277.5528,102256.64,51.25,6.0
2024-09-29 05:00:00,1.8994293,2.975891,277.42798,102264.25,51.25,6.0
2024-09-29 06:00:00,1.0828857,3.1872406,277.58875,102307.32,51.25,6.0
2024-09-29 07:00:00,0.0079956055,3.3482666,279.87906,102330.81,51.25,6.0
2024-09-29 08:00:00,-0.69589233,2.4241638,282.4568,102329.19,51.25,6.0
2024-09-29 09:00:00,-1.209732,2.357895,284.61823,102334.23,51.25,6.0
2024-09-29 10:00:00,-2.4846191,2.2123108,286.03552,102283.09,51.25,6.0
2024-09-29 11:00:00,-2.861618,3.0070038,286.6457,102228.94,51.25,6.0
2024-09-29 12:00:00,-2.8960114,3.1654816,286.95367,102156.42,51.25,6.0
2024-09-29 13:00:00,-3.696991,3.0539703,286.9864,102071.13,51.25,6.0
2024-09-29 14:00:00,-4.277649,3.319687,286.79504,102015.19,51.25,6.0
2024-09-29 15:00:00,-4.7498474,2.6712189,286.60425,101915.08,51.25,6.0
2024-09-29 16:00:00,-5.6815643,2.3098907,286.09012,101819.31,51.25,6.0
2024-09-29 17:00:00,-6.3496246,2.7875671,285.3938,101767.04,51.25,6.0
2024-09-29 18:00:00,-6.7303314,3.5819702,284.2719,101715.81,51.25,6.0
2024-09-29 19:00:00,-6.744278,4.4509277,283.4985,101676.7,51.25,6.0
2024-09-29 20:00:00,-6.516556,4.863327,283.06036,101580.77,51.25,6.0
2024-09-29 21:00:00,-6.316757,5.04924,282.77368,101522.05,51.25,6.0
2024-09-29 22:00:00,-6.0960693,6.205078,282.49603,101420.78,51.25,6.0
2024-09-29 23:00:00,-5.609268,5.713394,282.44513,101329.984,51.25,6.0
2024-09-30 00:00:00,-5.7644653,5.538513,282.3747,101254.09,51.25,6.0
2024-09-30 01:00:00,-6.3370667,5.1534424,282.54858,101138.45,51.25,6.0
2024-09-30 02:00:00,-6.5910797,5.2322693,282.52975,101027.06,51.25,6.0
2024-09-30 03:00:00,-6.005615,6.076355,282.37717,100985.586,51.25,6.0
2024-09-30 04:00:00,-5.6233826,6.358307,282.49353,100904.47,51.25,6.0
2024-09-30 05:00:00,-5.402313,6.361908,282.3423,100820.7,51.25,6.0
2024-09-30 06:00:00,-4.88739,6.6417694,282.70068,100793.7,51.25,6.0
2024-09-30 07:00:00,-4.7151947,6.748657,283.43372,100742.586,51.25,6.0
2024-09-30 08:00:00,-4.3285217,6.188614,284.4788,100688.984,51.25,6.0
2024-09-30 09:00:00,-3.7332458,5.9062347,285.58972,100657.17,51.25,6.0
2024-09-30 10:00:00,-3.2674866,6.5703735,286.78085,100599.75,51.25,6.0
2024-09-30 11:00:00,-1.721695,8.006058,287.31403,100557.14,51.25,6.0
2024-09-30 12:00:00,-2.8301392,7.6029205,287.6366,100477.58,51.25,6.0
2024-09-30 13:00:00,-2.6291504,8.276642,287.1471,100427.09,51.25,6.0
2024-09-30 14:00:00,-1.2585449,8.183502,287.3025,100365.33,51.25,6.0
2024-09-30 15:00:00,0.1318512,8.343201,287.7763,100303.47,51.25,6.0
2024-09-30 16:00:00,0.9171448,8.527191,287.95343,100242.6,51.25,6.0
2024-09-30 17:00:00,2.5530396,9.031006,288.082,100212.61,51.25,6.0
2024-09-30 18:00:00,4.915756,8.640793,287.96002,100214.33,51.25,6.0
2024-09-30 19:00:00,6.702362,7.858612,287.88898,100209.625,51.25,6.0
2024-09-30 20:00:00,7.660965,6.942566,287.79907,100227.016,51.25,6.0
2024-09-30 21:00:00,7.2489014,6.5359344,287.6504,100229.875,51.25,6.0
2024-09-30 22:00:00,6.866379,6.484848,287.6178,100180.41,51.25,6.0
2024-09-30 23:00:00,6.9402466,7.0483704,287.44553,100160.484,51.25,6.0
2024-10-01 00:00:00,7.180603,7.268158,287.07678,100163.67,51.25,6.0
2024-10-01 01:00:00,6.8997345,7.6432037,286.86725,100167.766,51.25,6.0
2024-10-01 02:00:00,6.8755646,7.9136505,286.7008,100167.305,51.25,6.0
2024-10-01 03:00:00,7.063736,7.941498,286.25366,100167.695,51.25,6.0
2024-10-01 04:00:00,6.961014,7.779602,286.1551,100131.09,51.25,6.0
2024-10-01 05:00:00,6.5703125,7.6756134,286.10834,100141.25,51.25,6.0
2024-10-01 06:00:00,7.1074677,7.9955597,285.90298,100122.05,51.25,6.0
2024-10-01 07:00:00,7.9201202,8.114059,285.6541,100121.83,51.25,6.0
2024-10-01 08:00:00,8.56723,7.6842804,285.4477,100145.234,51.25,6.0
2024-10-01 09:00:00,8.567001,6.7061157,285.52597,100168.25,51.25,6.0
2024-10-01 10:00:00,7.759659,6.303894,286.05673,100239.97,51.25,6.0
2024-10-01 11:00:00,6.465744,5.8636627,286.5119,100236.28,51.25,6.0
2024-10-01 12:00:00,5.538208,5.351959,287.4315,100229.65,51.25,6.0
2024-10-01 13:00:00,5.700485,4.8639984,287.93976,100229.11,51.25,6.0
2024-10-01 14:00:00,4.5779877,4.802582,288.3827,100216.8,51.25,6.0
2024-10-01 15:00:00,4.320465,4.9478607,288.42865,100196.67,51.25,6.0
2024-10-01 16:00:00,3.9913177,4.4782257,287.84274,100174.52,51.25,6.0
2024-10-01 17:00:00,3.3055878,4.2797546,287.30865,100173.73,51.25,6.0
2024-10-01 18:00:00,2.550415,4.4193573,286.38428,100167.36,51.25,6.0
2024-10-01 19:00:00,2.0015717,4.4987335,285.97906,100164.07,51.25,6.0
2024-10-01 20:00:00,1.6768951,4.3229675,285.61597,100149.13,51.25,6.0
2024-10-01 21:00:00,1.7303467,4.0558777,285.04004,100168.44,51.25,6.0
2024-10-01 22:00:00,2.7848663,2.9777985,284.39832,100147.33,51.25,6.0
2024-10-01 23:00:00,3.1301422,2.559723,283.91714,100166.734,51.25,6.0
2024-10-02 00:00:00,3.9137726,1.907959,283.1809,100186.41,51.25,6.0
2024-10-02 01:00:00,4.2024994,-0.032104492,282.40015,100209.375,51.25,6.0
2024-10-02 02:00:00,3.7014313,-1.2719269,281.89368,100226.266,51.25,6.0
2024-10-02 03:00:00,2.651764,-2.0725403,281.8912,100234.625,51.25,6.0
2024-10-02 04:00:00,1.734787,-2.6048126,281.90222,100262.15,51.25,6.0
2024-10-02 05:00:00,0.85549927,-2.5499573,280.40012,100300.53,51.25,6.0
2024-10-02 06:00:00,0.38513184,-2.01091,280.2392,100348.11,51.25,6.0
2024-10-02 07:00:00,0.9788666,-1.8628235,282.36835,100399.484,51.25,6.0
2024-10-02 08:00:00,0.7392731,-2.002533,283.95844,100461.09,51.25,6.0
2024-10-02 09:00:00,0.042510986,-2.9450073,285.34424,100496.08,51.25,6.0
2024-10-02 10:00:00,-1.0499115,-3.6020966,285.6311,100560.14,51.25,6.0
2024-10-02 11:00:00,-1.2218323,-3.6163483,285.68567,100591.84,51.25,6.0
2024-10-02 12:00:00,-1.0743256,-3.7518005,285.42352,100615.914,51.25,6.0
2024-10-02 13:00:00,-0.91485596,-3.974121,285.2498,100655.14,51.25,6.0
2024-10-02 14:00:00,-0.84973145,-4.5019684,284.90723,100692.8,51.25,6.0
2024-10-02 15:00:00,-1.6025085,-4.7215424,284.78287,100719.44,51.25,6.0
2024-10-02 16:00:00,-2.548874,-5.0903625,284.40546,100744.42,51.25,6.0
2024-10-02 17:00:00,-3.5090637,-5.059204,284.2039,100806.56,51.25,6.0
2024-10-02 18:00:00,-3.8490448,-4.7487335,284.0775,100873.14,51.25,6.0
2024-10-02 19:00:00,-4.2190857,-4.8369904,283.93,100941.34,51.25,6.0
2024-10-02 20:00:00,-4.71344,-4.8623657,283.73657,101006.266,51.25,6.0
2024-10-02 21:00:00,-5.0207977,-4.9373016,283.597,101037.09,51.25,6.0
2024-10-02 22:00:00,-4.9154663,-4.838791,283.26953,101074.22,51.25,6.0
2024-10-02 23:00:00,-4.9911346,-4.97435,282.74432,101114.5,51.25,6.0
2024-10-03 00:00:00,-4.9337006,-5.0034637,282.33847,101161.625,51.25,6.0
2024-10-03 01:00:00,-4.937973,-4.925125,281.6537,101181.875,51.25,6.0
2024-10-03 02:00:00,-4.5865326,-4.6593323,281.04138,101205.52,51.25,6.0
2024-10-03 03:00:00,-4.2472076,-4.788666,280.5615,101215.49,51.25,6.0
2024-10-03 04:00:00,-3.9219208,-4.9554443,280.12744,101238.08,51.25,6.0
2024-10-03 05:00:00,-3.7610931,-5.103424,279.997,101258.266,51.25,6.0
2024-10-03 06:00:00,-3.769989,-4.943527,279.787,101294.625,51.25,6.0
2024-10-03 07:00:00,-3.4034271,-4.7450104,280.51276,101344.35,51.25,6.0
2024-10-03 08:00:00,-2.6477356,-4.37175,281.88873,101393.16,51.25,6.0
2024-10-03 09:00:00,-3.7461548,-5.0334167,283.70837,101437.484,51.25,6.0
2024-10-03 10:00:00,-3.5561523,-4.6982574,284.7574,101462.78,51.25,6.0
2024-10-03 11:00:00,-4.3756104,-4.9609833,285.5298,101460.2,51.25,6.0
2024-10-03 12:00:00,-4.258087,-4.7811737,285.95236,101416.336,51.25,6.0
2024-10-03 13:00:00,-3.8748016,-5.255142,286.185,101417.4,51.25,6.0
2024-10-03 14:00:00,-3.9269714,-5.6487427,286.34744,101397.31,51.25,6.0
2024-10-03 15:00:00,-3.86615,-4.9181366,286.14185,101403.125,51.25,6.0
2024-10-03 16:00:00,-3.3555145,-3.9963531,285.55328,101418.41,51.25,6.0
2024-10-03 17:00:00,-2.8794708,-4.074417,284.4945,101449.75,51.25,6.0
2024-10-03 18:00:00,-2.622757,-4.2224884,283.50348,101485.79,51.25,6.0
2024-10-03 19:00:00,-2.5023346,-4.4142914,283.18286,101521.266,51.25,6.0
2024-10-03 20:00:00,-2.405716,-4.6629486,283.3379,101522.22,51.25,6.0
2024-10-03 21:00:00,-2.6606445,-4.9613037,282.89307,101535.36,51.25,6.0
2024-10-03 22:00:00,-3.3081512,-4.8318176,283.2194,101558.58,51.25,6.0
2024-10-03 23:00:00,-3.2982788,-4.523346,282.6637,101545.58,51.25,6.0
2024-10-04 00:00:00,-3.203003,-4.270584,282.0278,101530.734,51.25,6.0
2024-10-04 01:00:00,-3.2591858,-4.108139,281.37418,101509.8,51.25,6.0
2024-10-04 02:00:00,-3.120987,-3.7283478,280.41528,101504.9,51.25,6.0
2024-10-04 03:00:00,-2.7243652,-3.7265778,279.49368,101520.11,51.25,6.0
2024-10-04 04:00:00,-2.727066,-3.5765686,278.8507,101551.94,51.25,6.0
2024-10-04 05:00:00,-2.803421,-3.4687805,278.41565,101563.42,51.25,6.0
2024-10-04 06:00:00,-2.6498718,-3.799591,278.1847,101594.94,51.25,6.0
2024-10-04 07:00:00,-2.443222,-3.890503,279.63327,101629.83,51.25,6.0
2024-10-04 08:00:00,-2.225418,-2.817627,281.69238,101667.5,51.25,6.0
2024-10-04 09:00:00,-2.3863068,-2.317978,283.8711,101689.34,51.25,6.0
2024-10-04 10:00:00,-2.8154755,-1.9927979,285.84723,101669.3,51.25,6.0
2024-10-04 11:00:00,-3.2987976,-1.7426605,286.849,101652.66,51.25,6.0
2024-10-04 12:00:00,-2.9991608,-1.6114044,287.58997,101623.37,51.25,6.0
2024-10-04 13:00:00,-2.5620117,-1.9200134,287.7063,101598.02,51.25,6.0
2024-10-04 14:00:00,-2.528305,-2.133728,287.86365,101569.5,51.25,6.0
2024-10-04 15:00:00,-2.62854,-2.2725372,287.59015,101564.11,51.25,6.0
2024-10-04 16:00:00,-2.4883575,-2.4672852,287.05597,101568.68,51.25,6.0
2024-10-04 17:00:00,-2.9094543,-3.0985565,285.15906,101584.75,51.25,6.0
2024-10-04 18:00:00,-3.6236115,-3.34169,283.09512,101620.97,51.25,6.0
2024-10-04 19:00:00,-4.081253,-2.9196625,281.80902,101638.82,51.25,6.0
2024-10-04 20:00:00,-4.3064117,-2.3321075,281.15988,101663.56,51.25,6.0
2024-10-04 21:00:00,-4.4162445,-1.6574707,279.6103,101641.05,51.25,6.0
2024-10-04 22:00:00,-4.5172577,-1.1799164,278.83203,101636.08,51.25,6.0
2024-10-04 23:00:00,-4.1867523,-0.26391602,278.30963,101613.33,51.25,6.0
2024-10-05 00:00:00,-3.556839,0.4351349,277.9703,101588.59,51.25,6.0
2024-10-05 01:00:00,-2.9969025,0.49848938,277.63647,101569.234,51.25,6.0
2024-10-05 02:00:00,-2.7931213,0.573761,277.53314,101549.0,51.25,6.0
2024-10-05 03:00:00,-2.8055267,0.6329956,277.38666,101556.984,51.25,6.0
2024-10-05 04:00:00,-2.81604,0.7414856,277.11093,101549.78,51.25,6.0
2024-10-05 05:00:00,-2.7354584,0.78941345,276.38257,101519.66,51.25,6.0
2024-10-05 06:00:00,-3.1167603,0.87927246,275.74472,101529.1,51.25,6.0
2024-10-05 07:00:00,-3.3632965,0.9099121,278.1875,101524.99,51.25,6.0
2024-10-05 08:00:00,-2.7355804,0.65734863,281.3094,101536.89,51.25,6.0
2024-10-05 09:00:00,-2.218811,0.23243713,284.24033,101514.78,51.25,6.0
2024-10-05 10:00:00,-2.2176514,0.1920929,286.03833,101455.195,51.25,6.0
2024-10-05 11:00:00,-2.2577057,0.08317566,287.1471,101409.1,51.25,6.0
2024-10-05 12:00:00,-2.290924,0.45248413,287.85553,101356.89,51.25,6.0
2024-10-05 13:00:00,-2.5179749,0.8624115,288.32465,101289.625,51.25,6.0
2024-10-05 14:00:00,-2.8558655,1.3312683,288.4567,101205.61,51.25,6.0
2024-10-05 15:00:00,-2.9787445,1.5751953,288.2664,101159.516,51.25,6.0
2024-10-05 16:00:00,-3.5507507,1.2424316,287.46713,101106.03,51.25,6.0
2024-10-05 17:00:00,-4.7778015,0.96343994,284.54095,101063.44,51.25,6.0
2024-10-05 18:00:00,-5.250839,1.0379791,282.08084,101077.875,51.25,6.0
2024-10-05 19:00:00,-5.9918213,1.5566406,281.54413,101034.45,51.25,6.0
2024-10-05 20:00:00,-6.746826,2.5706024,281.41895,100980.09,51.25,6.0
2024-10-05 21:00:00,-6.356674,3.9500122,280.93237,100933.94,51.25,6.0
2024-10-05 22:00:00,-4.5440063,5.3249664,281.0583,100907.89,51.25,6.0
2024-10-05 23:00:00,-4.193817,5.55365,280.68686,100878.91,51.25,6.0
2024-10-06 00:00:00,-4.428879,5.5494843,280.425,100833.21,51.25,6.0
2024-10-06 01:00:00,-4.22435,5.482712,279.92032,100795.445,51.25,6.0
2024-10-06 02:00:00,-4.4533997,4.839508,279.4843,100725.84,51.25,6.0
2024-10-06 03:00:00,-5.2117767,4.1721497,279.22104,100671.79,51.25,6.0
2024-10-06 04:00:00,-5.646942,4.005844,278.99152,100628.984,51.25,6.0
2024-10-06 05:00:00,-6.2948914,4.231537,279.0951,100553.484,51.25,6.0
2024-10-06 06:00:00,-6.613327,4.423294,279.08252,100526.67,51.25,6.0
2024-10-06 07:00:00,-6.4507446,4.512512,280.50143,100498.49,51.25,6.0
2024-10-06 08:00:00,-5.1078033,4.6729126,282.00568,100484.375,51.25,6.0
2024-10-06 09:00:00,-5.011612,4.290634,283.66168,100428.05,51.25,6.0
2024-10-06 10:00:00,-4.698944,3.1058044,284.81714,100338.125,51.25,6.0
2024-10-06 11:00:00,-4.8033752,4.2505035,286.31213,100264.63,51.25,6.0
2024-10-06 12:00:00,-4.7277374,4.6066284,287.46387,100150.36,51.25,6.0
2024-10-06 13:00:00,-4.4245453,5.132324,288.2278,100075.37,51.25,6.0
2024-10-06 14:00:00,-4.592743,5.5688477,288.54883,100009.93,51.25,6.0
2024-10-06 15:00:00,-4.327072,5.797653,288.76102,99946.055,51.25,6.0
2024-10-06 16:00:00,-4.032013,5.783554,287.83575,99923.45,51.25,6.0
2024-10-06 17:00:00,-4.246277,6.025009,286.5091,99895.54,51.25,6.0
2024-10-06 18:00:00,-3.7097473,6.526703,285.89423,99874.58,51.25,6.0
2024-10-06 19:00:00,-3.1554718,6.782852,286.1088,99826.05,51.25,6.0
2024-10-06 20:00:00,-2.5633392,7.152954,286.36752,99783.484,51.25,6.0
2024-10-06 21:00:00,-1.3963165,7.3552704,286.2964,99753.63,51.25,6.0
2024-10-06 22:00:00,1.137497,7.118881,286.6194,99702.336,51.25,6.0
2024-10-06 23:00:00,2.004898,6.675949,286.6381,99633.766,51.25,6.0
2024-10-07 00:00:00,2.2827148,7.121811,286.68103,99626.75,51.25,6.0
2024-10-07 01:00:00,2.5220184,7.421051,287.09583,99622.89,51.25,6.0
2024-10-07 02:00:00,3.5172424,7.6890564,287.46936,99588.87,51.25,6.0
2024-10-07 03:00:00,4.1076965,7.7325134,287.94336,99593.03,51.25,6.0
2024-10-07 04:00:00,5.430435,6.8324738,287.74365,99617.484,51.25,6.0
2024-10-07 05:00:00,5.7596436,5.8072205,287.66406,99642.625,51.25,6.0
2024-10-07 06:00:00,5.7054443,5.123062,287.4803,99701.0,51.25,6.0
2024-10-07 07:00:00,4.63797,4.9204407,287.45642,99741.41,51.25,6.0
2024-10-07 08:00:00,3.971115,4.8271027,288.4528,99788.234,51.25,6.0
2024-10-07 09:00:00,3.4353333,4.725052,289.4118,99858.266,51.25,6.0
2024-10-07 10:00:00,4.6493225,2.8946075,290.99554,99872.516,51.25,6.0
2024-10-07 11:00:00,4.118561,3.0680847,291.8137,99889.75,51.25,6.0
2024-10-07 12:00:00,3.2349243,3.1487732,292.3579,99874.16,51.25,6.0
2024-10-07 13:00:00,2.6127777,2.8392792,292.43283,99817.8,51.25,6.0
2024-10-07 14:00:00,1.9090729,2.958023,292.33685,99808.61,51.25,6.0
2024-10-07 15:00:00,0.45352173,3.175766,291.84616,99769.06,51.25,6.0
2024-10-07 16:00:00,-1.0664062,3.4680939,290.5432,99740.97,51.25,6.0
2024-10-07 17:00:00,-3.0035095,3.1504211,288.964,99714.86,51.25,6.0
2024-10-07 18:00:00,-4.339264,3.561737,289.05435,99702.05,51.25,6.0
2024-10-07 19:00:00,-5.5446167,4.811249,288.9259,99636.45,51.25,6.0
2024-10-07 20:00:00,-5.3269806,6.0618896,288.6712,99565.266,51.25,6.0
2024-10-07 21:00:00,-4.7828674,6.737915,288.6803,99506.75,51.25,6.0
2024-10-07 22:00:00,-4.00412,7.2156067,289.11914,99428.3,51.25,6.0
2024-10-07 23:00:00,-1.8624268,7.7424164,289.1541,99381.08,51.25,6.0
2024-10-08 00:00:00,-0.33283997,8.263763,289.44293,99328.33,51.25,6.0
2024-10-08 01:00:00,1.6106873,7.9528503,289.6341,99325.625,51.25,6.0
2024-10-08 02:00:00,0.88731384,7.2999573,289.48395,99242.305,51.25,6.0
2024-10-08 03:00:00,1.9207153,7.4742584,289.45837,99244.16,51.25,6.0
2024-10-08 04:00:00,4.4411163,7.441025,289.57886,99284.2,51.25,6.0
2024-10-08 05:00:00,5.621338,6.1678925,289.347,99316.59,51.25,6.0
2024-10-08 06:00:00,5.4978333,6.25885,288.86444,99384.92,51.25,6.0
2024-10-08 07:00:00,4.5802307,6.01445,288.84555,99440.06,51.25,6.0
2024-10-08 08:00:00,4.4967346,5.956955,289.26788,99463.89,51.25,6.0
2024-10-08 09:00:00,4.7382812,6.069824,289.72858,99481.92,51.25,6.0
2024-10-08 10:00:00,3.1179047,4.8999634,290.66455,99502.99,51.25,6.0
2024-10-08 11:00:00,1.8974915,5.121872,291.18176,99433.14,51.25,6.0
2024-10-08 12:00:00,3.0401611,5.9958496,291.37543,99449.91,51.25,6.0
2024-10-08 13:00:00,3.8214722,6.1363983,291.16193,99471.06,51.25,6.0
2024-10-08 14:00:00,3.4741669,5.655426,290.93692,99432.97,51.25,6.0
2024-10-08 15:00:00,2.931961,5.6055756,290.74713,99422.31,51.25,6.0
2024-10-08 16:00:00,1.853302,5.8226013,290.35657,99409.414,51.25,6.0
2024-10-08 17:00:00,0.7607727,6.8937683,289.61298,99439.66,51.25,6.0
2024-10-08 18:00:00,1.1113129,7.43396,288.96344,99420.66,51.25,6.0
2024-10-08 19:00:00,1.631424,7.9177856,288.70862,99421.27,51.25,6.0
2024-10-08 20:00:00,1.6841888,8.189285,288.44196,99385.34,51.25,6.0
2024-10-08 21:00:00,1.9434509,8.258911,287.98907,99355.484,51.25,6.0
2024-10-08 22:00:00,2.4742432,8.262802,287.88934,99310.266,51.25,6.0
2024-10-08 23:00:00,2.6375275,8.308701,287.771,99271.016,51.25,6.0
2024-10-09 00:00:00,2.4172058,8.010696,287.75012,99241.44,51.25,6.0
2024-10-09 01:00:00,1.6462097,8.149216,287.81006,99200.19,51.25,6.0
2024-10-09 02:00:00,1.8021088,8.021194,287.7404,99127.44,51.25,6.0
2024-10-09 03:00:00,1.8243408,8.32782,287.41565,99078.64,51.25,6.0
2024-10-09 04:00:00,1.9034119,8.234451,287.0302,99009.17,51.25,6.0
2024-10-09 05:00:00,1.9851227,7.9335327,287.01715,98925.8,51.25,6.0
2024-10-09 06:00:00,2.1087189,7.9927673,286.95807,98902.25,51.25,6.0
2024-10-09 07:00:00,2.746292,8.235962,287.01923,98861.39,51.25,6.0
2024-10-09 08:00:00,2.6614227,7.8994904,287.60913,98804.45,51.25,6.0
2024-10-09 09:00:00,0.90789795,7.1136627,288.41373,98727.125,51.25,6.0
2024-10-09 10:00:00,0.50279236,7.1217194,288.69604,98674.555,51.25,6.0
2024-10-09 11:00:00,-1.2775116,6.809265,288.42093,98562.125,51.25,6.0
2024-10-09 12:00:00,-2.7734985,6.3019867,288.08002,98482.375,51.25,6.0
2024-10-09 13:00:00,-3.541397,5.211548,287.55136,98403.94,51.25,6.0
2024-10-09 14:00:00,-3.327301,4.89563,287.38568,98293.18,51.25,6.0
2024-10-09 15:00:00,-3.7156982,3.719818,287.25964,98142.016,51.25,6.0
2024-10-09 16:00:00,-3.0268707,3.0195312,287.16516,98059.125,51.25,6.0
2024-10-09 17:00:00,-2.966385,0.87786865,287.08295,97944.55,51.25,6.0
2024-10-09 18:00:00,-2.67865,0.030517578,287.1443,97880.46,51.25,6.0
2024-10-09 19:00:00,-0.9107361,-1.2965393,286.99576,97879.15,51.25,6.0
2024-10-09 20:00:00,-0.74272156,-4.136856,286.86783,97821.66,51.25,6.0
2024-10-09 21:00:00,-0.8720398,-6.042557,286.6995,97761.51,51.25,6.0
2024-10-09 22:00:00,1.1022491,-7.4416504,286.24222,97780.53,51.25,6.0
2024-10-09 23:00:00,3.761734,-8.238495,285.95093,97818.266,51.25,6.0
2024-10-10 00:00:00,5.351471,-7.267746,285.8859,97910.125,51.25,6.0
2024-10-10 01:00:00,6.3203735,-4.8579407,285.86148,98056.61,51.25,6.0
2024-10-10 02:00:00,7.7171936,-2.1219177,285.98444,98218.195,51.25,6.0
2024-10-10 03:00:00,8.045517,0.27822876,286.0559,98356.82,51.25,6.0
2024-10-10 04:00:00,7.8569794,1.475769,286.01538,98470.16,51.25,6.0
2024-10-10 05:00:00,8.225235,1.4630737,285.98077,98588.91,51.25,6.0
2024-10-10 06:00:00,8.710587,-1.0193481,286.10382,98748.85,51.25,6.0
2024-10-10 07:00:00,8.251282,-3.9673157,286.25586,98945.63,51.25,6.0
2024-10-10 08:00:00,7.70607,-5.034851,286.30444,99108.72,51.25,6.0
2024-10-10 09:00:00,6.8782196,-4.490738,286.39563,99254.42,51.25,6.0
2024-10-10 10:00:00,4.974457,-4.2226562,287.1173,99386.58,51.25,6.0
2024-10-10 11:00:00,4.991623,-4.302063,287.37067,99536.484,51.25,6.0
2024-10-10 12:00:00,4.492859,-3.9321136,287.58716,99634.63,51.25,6.0
2024-10-10 13:00:00,4.654129,-3.7233734,287.47437,99723.234,51.25,6.0
2024-10-10 14:00:00,4.2388763,-4.4669037,286.90594,99818.36,51.25,6.0
2024-10-10 15:00:00,3.5422516,-4.3012695,286.647,99882.64,51.25,6.0
2024-10-10 16:00:00,3.275589,-3.9801178,285.94675,99946.88,51.25,6.0
2024-10-10 17:00:00,3.7274628,-3.755844,285.2594,100024.8,51.25,6.0
2024-10-10 18:00:00,3.8917084,-4.004608,284.50446,100118.97,51.25,6.0
2024-10-10 19:00:00,3.587799,-3.9377441,283.91122,100210.45,51.25,6.0
2024-10-10 20:00:00,3.4346771,-3.3462677,283.25092,100303.31,51.25,6.0
2024-10-10 21:00:00,3.9772797,-2.67688,283.11078,100359.125,51.25,6.0
2024-10-10 22:00:00,4.0095215,-1.2603912,282.2338,100470.875,51.25,6.0
2024-10-10 23:00:00,4.3732758,-1.2046356,282.12286,100525.0,51.25,6.0
2024-10-11 00:00:00,4.4531097,-1.2738037,281.76117,100554.22,51.25,6.0
2024-10-11 01:00:00,4.1134796,-1.8882141,281.28253,100599.484,51.25,6.0
2024-10-11 02:00:00,3.957489,-2.0950165,281.02185,100657.92,51.25,6.0
2024-10-11 03:00:00,3.9827576,-2.0413818,280.565,100734.89,51.25,6.0
2024-10-11 04:00:00,4.0986786,-1.7596283,280.288,100794.42,51.25,6.0
2024-10-11 05:00:00,4.317734,-1.5621033,279.57587,100830.625,51.25,6.0
2024-10-11 06:00:00,4.3911743,-1.3918915,279.41156,100916.86,51.25,6.0
2024-10-11 07:00:00,4.375702,-0.9976196,280.3254,101008.39,51.25,6.0
2024-10-11 08:00:00,3.285553,-0.33790588,282.0033,101097.766,51.25,6.0
2024-10-11 09:00:00,2.6195374,-0.093307495,283.53687,101175.83,51.25,6.0
2024-10-11 10:00:00,2.2824097,0.27656555,284.94086,101224.734,51.25,6.0
2024-10-11 11:00:00,2.843811,0.62953186,285.31226,101234.414,51.25,6.0
2024-10-11 12:00:00,3.0147095,0.4689026,285.5827,101257.625,51.25,6.0
2024-10-11 13:00:00,2.564911,-0.24481201,285.89853,101246.66,51.25,6.0
2024-10-11 14:00:00,2.228836,-0.20733643,286.17926,101279.66,51.25,6.0
2024-10-11 15:00:00,1.7188416,0.2583313,286.0079,101280.49,51.25,6.0
2024-10-11 16:00:00,1.2510986,0.54956055,285.2235,101309.625,51.25,6.0
2024-10-11 17:00:00,0.7499542,0.19422913,282.90027,101322.83,51.25,6.0
2024-10-11 18:00:00,-0.45111084,-0.16326904,280.95828,101311.8,51.25,6.0
2024-10-11 19:00:00,-1.6131897,0.1341095,280.2386,101332.625,51.25,6.0
2024-10-11 20:00:00,-2.6683502,1.128952,279.15472,101328.08,51.25,6.0
2024-10-11 21:00:00,-3.5411835,2.453186,279.281,101322.42,51.25,6.0
2024-10-11 22:00:00,-2.8621979,4.418518,279.52698,101289.69,51.25,6.0
2024-10-11 23:00:00,-1.8591614,4.859894,278.90552,101274.36,51.25,6.0
2024-10-12 00:00:00,-1.7059631,4.573181,278.64056,101252.68,51.25,6.0
2024-10-12 01:00:00,-2.6735992,4.2182617,278.60632,101190.95,51.25,6.0
2024-10-12 02:00:00,-3.1184845,4.5551605,278.34613,101152.06,51.25,6.0
2024-10-12 03:00:00,-3.2377167,4.8195343,278.27466,101095.125,51.25,6.0
2024-10-12 04:00:00,-3.4082184,4.798126,278.32672,101050.56,51.25,6.0
2024-10-12 05:00:00,-3.2897186,5.2031555,278.3736,101002.67,51.25,6.0
2024-10-12 06:00:00,-3.8111725,5.222702,278.5711,100940.42,51.25,6.0
2024-10-12 07:00:00,-3.9405212,5.071579,279.443,100873.516,51.25,6.0
2024-10-12 08:00:00,-3.6960907,4.976349,280.4688,100827.984,51.25,6.0
2024-10-12 09:00:00,-2.741623,4.4988403,281.9265,100792.35,51.25,6.0
2024-10-12 10:00:00,-1.0697174,4.2534637,283.45178,100765.3,51.25,6.0
2024-10-12 11:00:00,-0.8885956,3.7877045,284.85004,100654.75,51.25,6.0
2024-10-12 12:00:00,0.05441284,4.3915863,285.76898,100582.6,51.25,6.0
2024-10-12 13:00:00,0.37182617,4.7805786,286.11304,100502.28,51.25,6.0
2024-10-12 14:00:00,-1.3412323,3.7786407,286.31366,100405.19,51.25,6.0
2024-10-12 15:00:00,-1.9863892,4.795685,285.88132,100336.875,51.25,6.0
2024-10-12 16:00:00,-1.5535736,6.30011,285.20453,100281.984,51.25,6.0
2024-10-12 17:00:00,0.004638672,7.411438,284.2434,100245.31,51.25,6.0
2024-10-12 18:00:00,0.72151184,8.104889,283.9027,100212.266,51.25,6.0
2024-10-12 19:00:00,0.8265991,7.660034,283.94,100146.016,51.25,6.0
2024-10-12 20:00:00,1.3963013,7.5670776,284.2553,100078.59,51.25,6.0
2024-10-12 21:00:00,4.770523,7.1779785,284.39484,100032.62,51.25,6.0
2024-10-12 22:00:00,8.239105,5.8899994,284.8753,100042.95,51.25,6.0
2024-10-12 23:00:00,10.176666,5.0149536,284.79037,100021.75,51.25,6.0
2024-10-13 00:00:00,11.434845,0.43663025,284.58453,100125.9,51.25,6.0
2024-10-13 01:00:00,9.83284,-0.6138916,284.12872,100207.4,51.25,6.0
2024-10-13 02:00:00,9.794586,0.65870667,283.38058,100300.82,51.25,6.0
2024-10-13 03:00:00,10.463669,1.1316833,282.84494,100390.34,51.25,6.0
2024-10-13 04:00:00,10.857346,0.50216675,282.33875,100498.875,51.25,6.0
2024-10-13 05:00:00,10.861679,0.6146393,282.00284,100587.0,51.25,6.0
2024-10-13 06:00:00,10.656769,1.4077606,281.8013,100670.97,51.25,6.0
2024-10-13 07:00:00,10.425293,1.7332001,281.8784,100790.016,51.25,6.0
2024-10-13 08:00:00,9.905624,1.724289,282.4983,100913.81,51.25,6.0
2024-10-13 09:00:00,9.111618,2.4516907,283.3053,101005.92,51.25,6.0
2024-10-13 10:00:00,10.4965515,-0.060287476,284.02914,101139.05,51.25,6.0
2024-10-13 11:00:00,9.43367,-0.12866211,284.76364,101209.55,51.25,6.0
2024-10-13 12:00:00,8.879471,-0.23233032,285.02448,101250.22,51.25,6.0
2024-10-13 13:00:00,8.125702,0.15332031,284.802,101342.85,51.25,6.0
2024-10-13 14:00:00,7.56633,0.27418518,284.92535,101394.766,51.25,6.0
2024-10-13 15:00:00,7.198242,-0.03492737,284.90717,101441.375,51.25,6.0
2024-10-13 16:00:00,5.860672,0.1334076,284.35062,101478.41,51.25,6.0
2024-10-13 17:00:00,4.7657776,0.6759796,283.14093,101458.484,51.25,6.0
2024-10-13 18:00:00,5.272873,0.8319397,281.41748,101525.516,51.25,6.0
2024-10-13 19:00:00,5.429352,0.6290283,280.43042,101564.03,51.25,6.0
2024-10-13 20:00:00,5.323349,1.0721283,280.41132,101598.34,51.25,6.0
2024-10-13 21:00:00,4.590912,1.1931,279.41577,101642.125,51.25,6.0
2024-10-13 22:00:00,2.9611206,0.6591034,280.1007,101571.63,51.25,6.0
2024-10-13 23:00:00,2.4094849,0.065719604,279.7887,101553.58,51.25,6.0
2024-10-14 00:00:00,0.5748291,0.47439575,279.3761,101530.61,51.25,6.0
2024-10-14 01:00:00,-2.8669128,1.5574493,279.0124,101430.78,51.25,6.0
2024-10-14 02:00:00,-2.736618,2.9199677,278.9909,101405.664,51.25,6.0
2024-10-14 03:00:00,-2.732132,3.5601807,279.1628,101385.16,51.25,6.0
2024-10-14 04:00:00,-3.655838,3.0970917,279.21466,101339.91,51.25,6.0
2024-10-14 05:00:00,-4.760071,2.7289734,279.33862,101269.96,51.25,6.0
2024-10-14 06:00:00,-5.1961975,3.1061096,279.472,101229.766,51.25,6.0
2024-10-14 07:00:00,-5.0420837,3.3007965,279.82114,101198.78,51.25,6.0
2024-10-14 08:00:00,-4.174881,2.5752258,281.04712,101184.61,51.25,6.0
2024-10-14 09:00:00,-2.7091522,1.8712616,281.99063,101189.234,51.25,6.0
2024-10-14 10:00:00,-2.3398438,0.5493622,282.1084,101183.17,51.25,6.0
2024-10-14 11:00:00,-2.551361,-0.42903137,282.3207,101195.12,51.25,6.0
2024-10-14 12:00:00,-2.1512146,0.11227417,282.1407,101165.56,51.25,6.0
2024-10-14 13:00:00,-2.4404907,-0.79037476,282.20685,101111.25,51.25,6.0
2024-10-14 14:00:00,-3.7987518,-0.85305786,282.24103,101096.78,51.25,6.0
2024-10-14 15:00:00,-2.8191528,-0.34883118,282.25244,101132.08,51.25,6.0
2024-10-14 16:00:00,-2.2457428,-1.1227112,282.31976,101201.484,51.25,6.0
2024-10-14 17:00:00,-2.5522919,-2.419098,281.79956,101259.234,51.25,6.0
2024-10-14 18:00:00,-3.1500244,-3.285019,281.0778,101319.04,51.25,6.0
2024-10-14 19:00:00,-3.7697906,-2.9967804,280.45334,101370.34,51.25,6.0
2024-10-14 20:00:00,-4.20636,-2.1770782,280.0371,101425.2,51.25,6.0
2024-10-14 21:00:00,-4.5930786,-1.5231323,279.43103,101474.625,51.25,6.0
2024-10-14 22:00:00,-4.5970764,-0.09353638,278.87177,101510.016,51.25,6.0
2024-10-14 23:00:00,-4.9517975,-0.071899414,278.76117,101511.6,51.25,6.0
2024-10-15 00:00:00,-5.3457947,-0.47192383,278.8301,101507.19,51.25,6.0
2024-10-15 01:00:00,-5.399811,0.14408875,278.62976,101529.97,51.25,6.0
2024-10-15 02:00:00,-5.525879,1.1344147,278.29974,101507.86,51.25,6.0
2024-10-15 03:00:00,-5.858902,1.1649475,278.37317,101485.97,51.25,6.0
2024-10-15 04:00:00,-6.3321533,0.8324585,278.49814,101481.875,51.25,6.0
2024-10-15 05:00:00,-6.2826996,1.5061951,278.63962,101480.445,51.25,6.0
2024-10-15 06:00:00,-6.0614166,1.7749634,278.7812,101481.16,51.25,6.0
2024-10-15 07:00:00,-5.85289,1.5379181,279.46725,101519.94,51.25,6.0
2024-10-15 08:00:00,-5.5385437,1.9082489,280.9877,101561.67,51.25,6.0
2024-10-15 09:00:00,-5.0632935,2.653885,282.53366,101554.9,51.25,6.0
2024-10-15 10:00:00,-4.165085,1.8493958,284.75385,101484.59,51.25,6.0
2024-10-15 11:00:00,-4.723419,2.427185,286.1416,101461.58,51.25,6.0
2024-10-15 12:00:00,-5.039566,2.8082123,287.08673,101443.58,51.25,6.0
2024-10-15 13:00:00,-5.256592,2.771988,287.33844,101376.09,51.25,6.0
2024-10-15 14:00:00,-5.9092407,2.039627,287.19727,101320.89,51.25,6.0
2024-10-15 15:00:00,-6.372589,2.406479,286.55786,101271.31,51.25,6.0
2024-10-15 16:00:00,-7.432495,2.7941895,285.76288,101258.69,51.25,6.0
2024-10-15 17:00:00,-8.106628,3.2382812,284.95874,101236.04,51.25,6.0
2024-10-15 18:00:00,-8.207382,4.008896,284.30963,101197.88,51.25,6.0
2024-10-15 19:00:00,-8.039368,4.6779785,284.24347,101175.95,51.25,6.0
2024-10-15 20:00:00,-7.8127594,4.9957733,284.17462,101106.78,51.25,6.0
2024-10-15 21:00:00,-7.7043457,5.100235,284.26114,101070.55,51.25,6.0
2024-10-15 22:00:00,-8.051498,4.326828,284.48364,100989.09,51.25,6.0
2024-10-15 23:00:00,-7.998474,4.509964,284.61243,100918.82,51.25,6.0
2024-10-16 00:00:00,-7.5045776,5.0481415,284.76163,100896.734,51.25,6.0
2024-10-16 01:00:00,-8.270538,5.254303,285.0119,100871.78,51.25,6.0
2024-10-16 02:00:00,-8.140121,6.3750916,285.25488,100779.23,51.25,6.0
2024-10-16 03:00:00,-7.6931915,6.8642273,285.32822,100748.734,51.25,6.0
2024-10-16 04:00:00,-7.653488,7.170166,285.59003,100696.36,51.25,6.0
2024-10-16 05:00:00,-7.0071106,7.6820374,285.7422,100645.33,51.25,6.0
2024-10-16 06:00:00,-6.4327393,7.5441437,286.02396,100636.23,51.25,6.0
2024-10-16 07:00:00,-6.1125793,7.630783,286.44513,100618.61,51.25,6.0
2024-10-16 08:00:00,-5.255295,7.8470306,287.9169,100625.47,51.25,6.0
2024-10-16 09:00:00,-4.629669,7.3947296,289.70343,100604.734,51.25,6.0
2024-10-16 10:00:00,-4.195038,5.1056976,291.43222,100606.61,51.25,6.0
2024-10-16 11:00:00,-3.6839752,5.9617157,292.80573,100584.94,51.25,6.0
2024-10-16 12:00:00,-2.6878967,5.7762756,293.7542,100536.44,51.25,6.0
2024-10-16 13:00:00,-3.5601044,4.9722443,293.99615,100506.42,51.25,6.0
2024-10-16 14:00:00,-5.2235107,5.995178,293.60495,100484.67,51.25,6.0
2024-10-16 15:00:00,-5.8140106,6.5264893,292.9235,100440.94,51.25,6.0
2024-10-16 16:00:00,-6.303177,6.9735107,292.38928,100420.39,51.25,6.0
2024-10-16 17:00:00,-6.54541,7.260971,291.58588,100422.39,51.25,6.0
2024-10-16 18:00:00,-6.9137573,7.5506287,290.87744,100417.75,51.25,6.0
2024-10-16 19:00:00,-6.9101715,7.561554,290.14087,100424.03,51.25,6.0
2024-10-16 20:00:00,-7.220108,7.574539,289.46405,100413.19,51.25,6.0
2024-10-16 21:00:00,-6.7751007,8.271942,288.97693,100429.57,51.25,6.0
2024-10-16 22:00:00,-6.017807,7.641754,288.88736,100406.41,51.25,6.0
2024-10-16 23:00:00,-5.5092163,7.3970947,288.60376,100354.84,51.25,6.0
2024-10-17 00:00:00,-4.7132263,8.016342,288.4184,100364.83,51.25,6.0
2024-10-17 01:00:00,-3.6766815,8.111664,288.83063,100357.016,51.25,6.0
2024-10-17 02:00:00,-3.0229797,8.162521,289.1786,100303.62,51.25,6.0
2024-10-17 03:00:00,-2.6025085,8.485413,289.3767,100320.41,51.25,6.0
2024-10-17 04:00:00,-1.541275,8.664307,289.21783,100296.81,51.25,6.0
2024-10-17 05:00:00,0.028396606,8.700409,289.3623,100309.19,51.25,6.0
2024-10-17 06:00:00,1.7341461,8.26947,289.58533,100374.445,51.25,6.0
2024-10-17 07:00:00,3.211502,7.8152466,289.95917,100448.27,51.25,6.0
2024-10-17 08:00:00,4.6748505,7.6679688,290.6772,100550.94,51.25,6.0
2024-10-17 09:00:00,6.020706,6.038513,291.35822,100624.734,51.25,6.0
2024-10-17 10:00:00,5.08049,3.8919525,291.71808,100708.64,51.25,6.0
2024-10-17 11:00:00,4.1899567,2.6777496,292.33258,100710.74,51.25,6.0
2024-10-17 12:00:00,3.6794891,2.4830017,292.82806,100736.164,51.25,6.0
2024-10-17 13:00:00,2.324173,2.2907867,292.9588,100766.13,51.25,6.0
2024-10-17 14:00:00,0.6981964,1.7116547,293.32422,100766.445,51.25,6.0
2024-10-17 15:00:00,-0.107543945,1.3973389,293.14383,100766.7,51.25,6.0
2024-10-17 16:00:00,-1.4566803,1.0709839,292.27722,100796.99,51.25,6.0
2024-10-17 17:00:00,-3.2724915,0.8683319,291.11047,100827.33,51.25,6.0
2024-10-17 18:00:00,-4.478485,1.23732,290.4165,100842.055,51.25,6.0
2024-10-17 19:00:00,-4.608841,1.4764252,290.0216,100858.81,51.25,6.0
2024-10-17 20:00:00,-4.646057,1.8065796,289.1993,100859.45,51.25,6.0
2024-10-17 21:00:00,-4.165558,1.5128174,288.66296,100855.25,51.25,6.0
2024-10-17 22:00:00,-3.8294525,1.8504791,289.1778,100856.336,51.25,6.0
2024-10-17 23:00:00,-2.8897247,2.0183258,288.97632,100847.45,51.25,6.0
2024-10-18 00:00:00,-1.530014,1.8510742,288.53552,100852.516,51.25,6.0
2024-10-18 01:00:00,-0.35671997,0.6745148,288.3918,100864.7,51.25,6.0
2024-10-18 02:00:00,-0.072250366,-1.4157715,288.03564,100862.266,51.25,6.0
2024-10-18 03:00:00,-1.5190887,-2.6057434,287.7259,100837.414,51.25,6.0
2024-10-18 04:00:00,-2.4589539,-1.7670135,287.31696,100830.57,51.25,6.0
2024-10-18 05:00:00,-2.176941,-0.43444824,286.69177,100847.58,51.25,6.0
2024-10-18 06:00:00,-1.3278503,0.0993042,286.13403,100895.16,51.25,6.0
2024-10-18 07:00:00,-0.36782837,0.0078125,286.4631,100922.016,51.25,6.0
2024-10-18 08:00:00,0.82359314,-0.31974792,287.53247,100941.61,51.25,6.0
2024-10-18 09:00:00,1.2852936,-0.7051544,289.20648,100943.67,51.25,6.0
2024-10-18 10:00:00,1.5521545,-1.0852661,289.36725,100935.875,51.25,6.0
2024-10-18 11:00:00,0.27552795,-1.235611,290.12524,100870.48,51.25,6.0
2024-10-18 12:00:00,-0.6312561,-0.24250793,290.59274,100830.95,51.25,6.0
2024-10-18 13:00:00,0.39450073,-0.2693634,290.91864,100819.305,51.25,6.0
2024-10-18 14:00:00,1.3920135,-1.141861,290.8538,100804.125,51.25,6.0
2024-10-18 15:00:00,1.9039917,-1.860611,290.69855,100786.89,51.25,6.0
2024-10-18 16:00:00,1.8780975,-1.8298187,290.3391,100810.88,51.25,6.0
2024-10-18 17:00:00,1.6611786,-1.6215057,289.72723,100845.266,51.25,6.0
2024-10-18 18:00:00,1.730835,-1.3480988,289.70322,100843.78,51.25,6.0
2024-10-18 19:00:00,2.37883,-0.94992065,289.4239,100848.17,51.25,6.0
2024-10-18 20:00:00,2.4795227,-0.6825714,289.2497,100835.82,51.25,6.0
2024-10-18 21:00:00,2.225006,-0.29725647,289.05292,100818.92,51.25,6.0
2024-10-18 22:00:00,0.59239197,0.5490265,288.9325,100826.94,51.25,6.0
2024-10-18 23:00:00,0.783371,1.2612915,288.9179,100775.02,51.25,6.0
2024-10-19 00:00:00,1.700531,1.7302094,288.86954,100778.66,51.25,6.0
2024-10-19 01:00:00,2.495346,1.1760712,288.77322,100789.09,51.25,6.0
2024-10-19 02:00:00,2.9404907,0.16629028,288.61163,100768.82,51.25,6.0
2024-10-19 03:00:00,3.1177216,-0.41677856,288.33875,100751.71,51.25,6.0
2024-10-19 04:00:00,3.1874084,-0.6292114,288.01678,100762.77,51.25,6.0
2024-10-19 05:00:00,3.5429077,-0.6065521,287.62524,100779.91,51.25,6.0
2024-10-19 06:00:00,3.8558502,-0.19436646,287.2228,100811.79,51.25,6.0
2024-10-19 07:00:00,4.861786,0.63101196,286.8988,100879.81,51.25,6.0
2024-10-19 08:00:00,5.272476,1.3091888,287.06195,100924.25,51.25,6.0
2024-10-19 09:00:00,4.048691,1.8056641,287.2915,100968.78,51.25,6.0
2024-10-19 10:00:00,1.6389465,2.951538,287.43143,101055.19,51.25,6.0
2024-10-19 11:00:00,2.6486511,4.508499,288.43304,101044.26,51.25,6.0
2024-10-19 12:00:00,2.8361053,4.8594055,289.48093,101058.95,51.25,6.0
2024-10-19 13:00:00,2.5502472,4.640793,289.91504,101055.3,51.25,6.0
2024-10-19 14:00:00,2.3129272,4.7396545,289.93204,101061.25,51.25,6.0
2024-10-19 15:00:00,2.0512543,5.080368,289.44565,101116.72,51.25,6.0
2024-10-19 16:00:00,1.9966431,5.323288,288.85132,101152.5,51.25,6.0
2024-10-19 17:00:00,1.6285553,5.7699738,288.04663,101192.016,51.25,6.0
2024-10-19 18:00:00,1.9867554,6.2440643,287.5258,101250.72,51.25,6.0
2024-10-19 19:00:00,1.9259491,6.7597046,287.31116,101264.14,51.25,6.0
2024-10-19 20:00:00,1.8085632,6.838272,286.98087,101302.39,51.25,6.0
2024-10-19 21:00:00,2.037262,6.6808777,286.6306,101326.39,51.25,6.0
2024-10-19 22:00:00,2.6481323,6.4010315,286.69913,101316.695,51.25,6.0
2024-10-19 23:00:00,2.5798798,6.1688843,286.544,101364.016,51.25,6.0
2024-10-20 00:00:00,2.0756989,5.770462,286.0981,101381.45,51.25,6.0
2024-10-20 01:00:00,0.9367676,5.7187347,285.9577,101338.586,51.25,6.0
2024-10-20 02:00:00,1.3091888,6.0204163,285.75052,101390.64,51.25,6.0
2024-10-20 03:00:00,-0.38952637,6.3901825,285.60202,101355.945,51.25,6.0
2024-10-20 04:00:00,-0.29716492,6.680954,285.94168,101329.14,51.25,6.0
2024-10-20 05:00:00,0.93299866,6.0881042,286.00876,101407.67,51.25,6.0
2024-10-20 06:00:00,-0.4723816,6.8150635,286.10425,101377.33,51.25,6.0
2024-10-20 07:00:00,-0.94776917,7.1039124,286.0778,101368.53,51.25,6.0
2024-10-20 08:00:00,0.30439758,6.773239,286.62738,101411.34,51.25,6.0
2024-10-20 09:00:00,-0.41610718,6.8132324,287.78476,101344.07,51.25,6.0
2024-10-20 10:00:00,1.1244202,7.5287476,289.2923,101347.516,51.25,6.0
2024-10-20 11:00:00,2.605011,8.6910095,290.268,101328.195,51.25,6.0
2024-10-20 12:00:00,3.0019684,9.560623,290.46454,101278.7,51.25,6.0
2024-10-20 13:00:00,2.1020355,9.428528,290.4737,101218.58,51.25,6.0
2024-10-20 14:00:00,1.2472229,9.435577,290.5126,101184.945,51.25,6.0
2024-10-20 15:00:00,2.0188293,9.60379,290.19614,101164.1,51.25,6.0
2024-10-20 16:00:00,3.1900024,9.960312,289.99646,101170.78,51.25,6.0
2024-10-20 17:00:00,3.972519,9.912613,289.98993,101188.81,51.25,6.0
2024-10-20 18:00:00,4.5835114,9.739441,290.01257,101205.81,51.25,6.0
2024-10-20 19:00:00,5.3173523,9.2907715,290.1369,101238.18,51.25,6.0
2024-10-20 20:00:00,5.5736694,9.3329315,290.24518,101283.22,51.25,6.0
2024-10-20 21:00:00,5.8671417,9.565277,290.4076,101323.5,51.25,6.0
2024-10-20 22:00:00,5.826355,9.080826,290.07324,101309.625,51.25,6.0
2024-10-20 23:00:00,6.5782776,8.076523,290.1596,101350.47,51.25,6.0
2024-10-21 00:00:00,6.8722076,7.0163116,290.11288,101370.06,51.25,6.0
2024-10-21 01:00:00,7.241516,5.583313,290.1584,101426.11,51.25,6.0
2024-10-21 02:00:00,7.028,4.2198944,289.85825,101460.336,51.25,6.0
2024-10-21 03:00:00,6.3413544,3.6631927,289.29312,101518.305,51.25,6.0
2024-10-21 04:00:00,5.660263,3.4707184,288.80475,101574.484,51.25,6.0
2024-10-21 05:00:00,5.0626984,3.2501068,288.40594,101605.06,51.25,6.0
2024-10-21 06:00:00,4.333908,2.9519806,288.2039,101633.43,51.25,6.0
2024-10-21 07:00:00,4.566162,2.1773376,287.9675,101700.98,51.25,6.0
2024-10-21 08:00:00,4.900177,0.5526428,287.48798,101783.05,51.25,6.0
2024-10-21 09:00:00,4.9105225,-0.873291,286.93134,101845.03,51.25,6.0
2024-10-21 10:00:00,3.185791,-2.8190613,286.84317,101935.32,51.25,6.0
2024-10-21 11:00:00,2.2069855,-1.4086304,286.38617,101967.66,51.25,6.0
2024-10-21 12:00:00,1.3554688,-1.1407776,286.57544,101971.42,51.25,6.0
2024-10-21 13:00:00,-0.3959961,-0.6326752,286.71698,101934.17,51.25,6.0
2024-10-21 14:00:00,-1.9309235,-0.13531494,286.5878,101885.375,51.25,6.0
2024-10-21 15:00:00,-2.950348,-0.066345215,286.4959,101837.41,51.25,6.0
2024-10-21 16:00:00,-3.7194214,-0.06427002,286.2735,101806.47,51.25,6.0
2024-10-21 17:00:00,-3.8729095,-1.1333008,285.9699,101773.02,51.25,6.0
2024-10-21 18:00:00,-4.3471375,-2.4224548,285.60904,101680.0,51.25,6.0
2024-10-21 19:00:00,-4.7755737,-2.5208893,285.31622,101587.92,51.25,6.0
2024-10-21 20:00:00,-4.2777863,-1.5543518,284.80988,101550.44,51.25,6.0
2024-10-21 21:00:00,-3.0117188,0.9207611,284.91583,101483.52,51.25,6.0
2024-10-21 22:00:00,-0.4788208,-2.093399,285.3634,101486.25,51.25,6.0
2024-10-21 23:00:00,4.063553,-5.22435,285.349,101515.72,51.25,6.0
2024-10-22 00:00:00,4.552948,-7.5079193,284.8251,101633.84,51.25,6.0
2024-10-22 01:00:00,3.2974396,-6.3853607,284.34692,101736.21,51.25,6.0
2024-10-22 02:00:00,3.4975739,-4.752182,283.9795,101847.55,51.25,6.0
2024-10-22 03:00:00,3.6116486,-2.9570007,283.67908,101941.61,51.25,6.0
2024-10-22 04:00:00,4.4483185,-1.2989197,283.29428,102042.09,51.25,6.0
2024-10-22 05:00:00,5.0812073,0.02432251,282.88135,102099.31,51.25,6.0
2024-10-22 06:00:00,5.70105,1.0428925,282.21594,102153.375,51.25,6.0
2024-10-22 07:00:00,5.8910522,1.3825836,282.48325,102250.67,51.25,6.0
2024-10-22 08:00:00,5.340378,1.8538055,283.2967,102340.45,51.25,6.0
2024-10-22 09:00:00,4.2081146,2.2019196,284.38074,102396.53,51.25,6.0
2024-10-22 10:00:00,4.63208,3.0109863,285.51987,102450.8,51.25,6.0
2024-10-22 11:00:00,5.0517273,2.4835052,286.6502,102467.92,51.25,6.0
2024-10-22 12:00:00,5.2359467,2.0783691,287.49326,102476.95,51.25,6.0
2024-10-22 13:00:00,4.8627777,1.7192688,288.11786,102483.46,51.25,6.0
2024-10-22 14:00:00,4.1329803,1.7939911,288.27866,102501.22,51.25,6.0
2024-10-22 15:00:00,3.420868,2.1125946,288.16193,102511.58,51.25,6.0
2024-10-22 16:00:00,3.2350159,2.2615051,287.36694,102549.42,51.25,6.0
2024-10-22 17:00:00,3.6223755,2.3669128,285.50842,102612.11,51.25,6.0
2024-10-22 18:00:00,4.115753,2.363388,284.35925,102647.8,51.25,6.0
2024-10-22 19:00:00,4.5072327,2.0628662,283.49594,102708.31,51.25,6.0
2024-10-22 20:00:00,4.521393,1.845871,283.2736,102752.15,51.25,6.0
2024-10-22 21:00:00,4.506302,1.7468414,282.8006,102783.93,51.25,6.0
2024-10-22 22:00:00,4.4979706,1.4625397,282.39185,102824.77,51.25,6.0
2024-10-22 23:00:00,3.9986572,2.2036285,282.21872,102837.59,51.25,6.0
2024-10-23 00:00:00,3.9039307,2.7908173,282.417,102846.84,51.25,6.0
2024-10-23 01:00:00,3.7055664,2.7597504,281.6369,102866.26,51.25,6.0
2024-10-23 02:00:00,3.5779877,3.0825348,281.68988,102885.89,51.25,6.0
2024-10-23 03:00:00,3.8661652,2.664322,281.4381,102902.234,51.25,6.0
2024-10-23 04:00:00,3.70047,1.9602203,281.3822,102909.516,51.25,6.0
2024-10-23 05:00:00,3.1420593,1.7979279,280.64014,102940.66,51.25,6.0
2024-10-23 06:00:00,2.6237488,1.9766388,280.59796,102960.36,51.25,6.0
2024-10-23 07:00:00,1.9663239,2.152237,281.10178,103003.66,51.25,6.0
2024-10-23 08:00:00,1.006424,2.5585938,282.8225,103016.66,51.25,6.0
2024-10-23 09:00:00,-0.26383972,2.7664337,284.79462,103035.31,51.25,6.0
2024-10-23 10:00:00,-1.048523,2.3311615,286.47913,103029.49,51.25,6.0
2024-10-23 11:00:00,-0.973053,2.4742737,287.81467,102993.6,51.25,6.0
2024-10-23 12:00:00,-0.6314697,2.0363007,288.6925,102950.5,51.25,6.0
2024-10-23 13:00:00,-0.82192993,1.2057037,289.25714,102908.484,51.25,6.0
2024-10-23 14:00:00,-1.2064819,0.409729,289.28796,102860.03,51.25,6.0
2024-10-23 15:00:00,-1.9521027,-0.010040283,288.81488,102815.39,51.25,6.0
2024-10-23 16:00:00,-3.1449738,-0.35998535,287.03848,102787.7,51.25,6.0
2024-10-23 17:00:00,-4.5138702,-0.10525513,284.84103,102773.97,51.25,6.0
2024-10-23 18:00:00,-5.361084,0.5476074,283.72894,102752.95,51.25,6.0
2024-10-23 19:00:00,-5.658844,0.8392029,282.7375,102747.266,51.25,6.0
2024-10-23 20:00:00,-5.9327087,0.7806549,282.18555,102729.875,51.25,6.0
2024-10-23 21:00:00,-6.1147156,0.9918823,281.8365,102705.22,51.25,6.0
2024-10-23 22:00:00,-5.5290985,1.8764648,281.68542,102654.16,51.25,6.0
2024-10-23 23:00:00,-5.1121674,2.9381714,281.1842,102613.266,51.25,6.0
2024-10-24 00:00:00,-4.7976074,3.4148407,280.79813,102551.9,51.25,6.0
2024-10-24 01:00:00,-4.8806763,3.3434906,280.2339,102495.14,51.25,6.0
2024-10-24 02:00:00,-5.0521545,3.431839,279.66663,102409.266,51.25,6.0
2024-10-24 03:00:00,-5.209366,3.7906647,279.3053,102346.61,51.25,6.0
2024-10-24 04:00:00,-5.0975494,3.7789917,279.11563,102302.31,51.25,6.0
2024-10-24 05:00:00,-5.1610413,3.3727112,278.98627,102239.88,51.25,6.0
2024-10-24 06:00:00,-5.6384583,3.6822052,279.11487,102195.8,51.25,6.0
2024-10-24 07:00:00,-5.364792,4.2401123,279.81342,102172.42,51.25,6.0
2024-10-24 08:00:00,-4.5231934,4.0450897,281.23273,102167.42,51.25,6.0
2024-10-24 09:00:00,-3.4015198,3.1994019,283.2065,102124.336,51.25,6.0
2024-10-24 10:00:00,-2.027649,3.3736877,284.96564,102076.75,51.25,6.0
2024-10-24 11:00:00,-2.0193024,3.3881989,286.08173,102030.484,51.25,6.0
2024-10-24 12:00:00,-2.1409454,4.1473846,287.06567,101945.93,51.25,6.0
2024-10-24 13:00:00,-1.696579,4.1020813,287.5512,101825.64,51.25,6.0
2024-10-24 14:00:00,-2.804123,3.7246094,287.74548,101739.33,51.25,6.0
2024-10-24 15:00:00,-3.874527,4.3555603,287.5619,101685.34,51.25,6.0
2024-10-24 16:00:00,-4.042328,5.2501984,286.68958,101643.93,51.25,6.0
2024-10-24 17:00:00,-3.424652,5.958557,285.85953,101636.625,51.25,6.0
2024-10-24 18:00:00,-3.3647003,5.5783997,285.3493,101613.81,51.25,6.0
2024-10-24 19:00:00,-3.9005585,5.2588654,284.696,101563.69,51.25,6.0
2024-10-24 20:00:00,-4.267441,5.3708344,284.29425,101513.91,51.25,6.0
2024-10-24 21:00:00,-3.8003082,5.766098,284.14304,101475.66,51.25,6.0
2024-10-24 22:00:00,-2.9156647,6.0648956,283.8539,101426.84,51.25,6.0
2024-10-24 23:00:00,-1.7641296,6.2853394,283.93842,101368.6,51.25,6.0
2024-10-25 00:00:00,-1.1331329,6.2115784,284.08063,101307.66,51.25,6.0
2024-10-25 01:00:00,-0.57884216,5.8792114,284.3732,101288.88,51.25,6.0
2024-10-25 02:00:00,-0.70069885,5.9670258,284.53656,101240.19,51.25,6.0
2024-10-25 03:00:00,-0.7105713,6.0153656,284.66272,101230.86,51.25,6.0
2024-10-25 04:00:00,-0.73706055,6.1250916,284.71082,101224.06,51.25,6.0
2024-10-25 05:00:00,-0.6872711,6.1602783,284.78662,101217.39,51.25,6.0
2024-10-25 06:00:00,-0.633728,6.1560516,284.49194,101226.23,51.25,6.0
2024-10-25 07:00:00,-0.66423035,6.222763,284.6273,101245.86,51.25,6.0
2024-10-25 08:00:00,-0.9745941,5.601715,286.18686,101278.836,51.25,6.0
2024-10-25 09:00:00,-1.178894,4.8384094,287.74,101283.445,51.25,6.0
2024-10-25 10:00:00,-0.9270477,2.9984283,289.37952,101313.17,51.25,6.0
2024-10-25 11:00:00,-0.8046112,3.4458466,290.76135,101310.984,51.25,6.0
2024-10-25 12:00:00,-0.90745544,3.6678925,291.77728,101267.64,51.25,6.0
2024-10-25 13:00:00,-0.88630676,3.5628662,292.4027,101241.91,51.25,6.0
2024-10-25 14:00:00,-1.2064667,3.383072,292.56436,101235.28,51.25,6.0
2024-10-25 15:00:00,-2.1356354,3.6789703,292.2686,101224.17,51.25,6.0
2024-10-25 16:00:00,-2.817688,4.5486298,291.10693,101228.96,51.25,6.0
2024-10-25 17:00:00,-2.7179108,5.081421,288.97223,101272.6,51.25,6.0
2024-10-25 18:00:00,-2.307022,5.1835175,287.5218,101301.07,51.25,6.0
2024-10-25 19:00:00,-2.1901093,5.003601,286.72446,101325.055,51.25,6.0
2024-10-25 20:00:00,-1.9638824,5.0693817,286.31256,101342.14,51.25,6.0
2024-10-25 21:00:00,-1.5603027,4.9800873,285.64236,101385.11,51.25,6.0
2024-10-25 22:00:00,-0.91856384,4.4540253,284.70685,101376.13,51.25,6.0
2024-10-25 23:00:00,-0.0973053,4.195175,284.0557,101377.16,51.25,6.0
2024-10-26 00:00:00,0.19740295,4.0209503,283.6688,101369.61,51.25,6.0
2024-10-26 01:00:00,-0.44551086,3.0471191,283.54138,101351.33,51.25,6.0
2024-10-26 02:00:00,-1.2601471,3.3195038,283.48096,101313.19,51.25,6.0
2024-10-26 03:00:00,-1.556427,3.9924164,283.7147,101323.58,51.25,6.0
2024-10-26 04:00:00,-2.6631927,3.190689,283.7763,101288.58,51.25,6.0
2024-10-26 05:00:00,-4.210083,3.446045,283.95337,101251.984,51.25,6.0
2024-10-26 06:00:00,-4.867264,4.157364,283.9186,101257.23,51.25,6.0
2024-10-26 07:00:00,-4.7695312,4.61705,284.32117,101251.25,51.25,6.0
2024-10-26 08:00:00,-4.3542633,4.8317566,285.88367,101261.34,51.25,6.0
2024-10-26 09:00:00,-3.5434875,4.2218475,287.79617,101249.44,51.25,6.0
2024-10-26 10:00:00,-2.280304,2.7605286,289.5862,101220.17,51.25,6.0
2024-10-26 11:00:00,-2.1128387,2.1384583,291.471,101178.89,51.25,6.0
2024-10-26 12:00:00,-2.1353455,2.088562,292.82288,101125.3,51.25,6.0
2024-10-26 13:00:00,-2.330658,2.1796875,293.5669,101073.63,51.25,6.0
2024-10-26 14:00:00,-3.1490326,2.151123,293.6189,101029.875,51.25,6.0
2024-10-26 15:00:00,-4.4492493,2.1584473,292.8648,100983.39,51.25,6.0
2024-10-26 16:00:00,-5.4575043,3.0879517,290.94727,100972.266,51.25,6.0
2024-10-26 17:00:00,-5.3084106,4.226761,288.60733,100992.04,51.25,6.0
2024-10-26 18:00:00,-4.924408,4.8862305,287.38342,100989.95,51.25,6.0
2024-10-26 19:00:00,-4.4151917,5.6635284,286.78436,100960.766,51.25,6.0
2024-10-26 20:00:00,-2.6149597,6.410904,286.04254,100981.89,51.25,6.0
2024-10-26 21:00:00,-0.5659027,6.0522003,285.26822,100986.96,51.25,6.0
2024-10-26 22:00:00,-1.4192505,5.2746887,285.0372,100923.3,51.25,6.0
2024-10-26 23:00:00,1.5503998,6.169159,284.91748,100939.35,51.25,6.0
2024-10-27 00:00:00,4.5144043,4.9601135,284.87543,100973.79,51.25,6.0
2024-10-27 01:00:00,6.127289,2.1747437,285.29974,101001.02,51.25,6.0
2024-10-27 02:00:00,5.7991943,0.48664856,285.68988,101007.82,51.25,6.0
2024-10-27 03:00:00,5.8574677,0.09516907,286.1383,101092.766,51.25,6.0
2024-10-27 04:00:00,5.3046722,0.38783264,286.62088,101170.89,51.25,6.0
2024-10-27 05:00:00,5.1509247,0.8619232,286.68146,101229.875,51.25,6.0
2024-10-27 06:00:00,5.036667,0.39450073,286.67413,101319.164,51.25,6.0
2024-10-27 07:00:00,4.4882965,0.0342865,286.7058,101429.05,51.25,6.0
2024-10-27 08:00:00,4.2106323,-0.07801819,286.7604,101494.984,51.25,6.0
2024-10-27 09:00:00,3.4918365,-1.2941742,287.07697,101582.25,51.25,6.0
2024-10-27 10:00:00,2.528595,-1.8681641,287.5652,101627.79,51.25,6.0
2024-10-27 11:00:00,2.1505737,-1.2122345,288.31116,101655.94,51.25,6.0
2024-10-27 12:00:00,2.714508,-0.16265869,288.84473,101674.3,51.25,6.0
2024-10-27 13:00:00,3.1143188,-0.59088135,289.10303,101730.8,51.25,6.0
2024-10-27 14:00:00,2.4105835,-0.86875916,289.25916,101748.64,51.25,6.0
2024-10-27 15:00:00,1.8474274,-0.30944824,289.04718,101765.97,51.25,6.0
2024-10-27 16:00:00,1.7229309,0.3381958,287.74503,101793.84,51.25,6.0
2024-10-27 17:00:00,1.7608185,0.74165344,287.22827,101856.5,51.25,6.0
2024-10-27 18:00:00,1.9562836,0.79141235,285.8954,101922.18,51.25,6.0
2024-10-27 19:00:00,2.1217651,0.2538452,284.89468,101954.62,51.25,6.0
2024-10-27 20:00:00,1.8103943,-0.2799225,284.50742,101981.516,51.25,6.0
2024-10-27 21:00:00,1.4624481,-0.16040039,283.73914,101991.59,51.25,6.0
2024-10-27 22:00:00,1.8542328,0.57385254,283.4043,101986.67,51.25,6.0
2024-10-27 23:00:00,2.5062256,1.7131958,283.3152,101974.55,51.25,6.0
2024-10-28 00:00:00,3.159729,2.0665283,283.2114,101961.36,51.25,6.0
2024-10-28 01:00:00,3.7173157,2.0991058,283.63556,101964.3,51.25,6.0
2024-10-28 02:00:00,3.7745209,2.2388916,283.54706,101929.78,51.25,6.0
2024-10-28 03:00:00,3.6162415,2.7112427,284.10535,101898.625,51.25,6.0
2024-10-28 04:00:00,3.6896515,3.7285614,284.12186,101877.61,51.25,6.0
2024-10-28 05:00:00,4.0968933,4.504059,284.4307,101879.31,51.25,6.0
2024-10-28 06:00:00,4.527359,4.7578125,284.80093,101876.484,51.25,6.0
2024-10-28 07:00:00,5.043213,4.642227,285.495,101902.52,51.25,6.0
2024-10-28 08:00:00,5.1890717,4.8019867,285.80353,101940.82,51.25,6.0
2024-10-28 09:00:00,4.8414764,4.6978607,286.83948,101950.85,51.25,6.0
2024-10-28 10:00:00,6.796524,4.1688232,288.13168,101955.5,51.25,6.0
2024-10-28 11:00:00,7.2140656,3.8221893,288.78558,101932.79,51.25,6.0
2024-10-28 12:00:00,6.8313446,4.4158325,289.16733,101887.47,51.25,6.0
2024-10-28 13:00:00,7.188095,4.8403473,289.42603,101836.83,51.25,6.0
2024-10-28 14:00:00,7.334854,3.950531,289.24124,101834.586,51.25,6.0
2024-10-28 15:00:00,6.259842,2.7837524,288.8138,101819.805,51.25,6.0
2024-10-28 16:00:00,5.4512787,2.581726,288.0982,101808.08,51.25,6.0
2024-10-28 17:00:00,4.463745,3.2910156,287.50043,101846.72,51.25,6.0
2024-10-28 18:00:00,4.199524,4.289734,286.91415,101880.82,51.25,6.0
2024-10-28 19:00:00,4.705551,4.7738647,286.24628,101911.11,51.25,6.0
2024-10-28 20:00:00,5.3207703,4.2050323,285.79926,101936.68,51.25,6.0
2024-10-28 21:00:00,5.4649506,4.014496,285.5652,101933.38,51.25,6.0
2024-10-28 22:00:00,5.507553,3.303238,285.7041,101940.62,51.25,6.0
2024-10-28 23:00:00,5.1213684,3.5733795,285.42065,101966.53,51.25,6.0
2024-10-29 00:00:00,4.52092,4.250351,285.3443,101963.0,51.25,6.0
2024-10-29 01:00:00,4.888077,4.186905,285.45462,101967.26,51.25,6.0
2024-10-29 02:00:00,4.921692,4.197113,285.34018,101938.88,51.25,6.0
2024-10-29 03:00:00,4.826889,4.3376617,285.45056,101937.35,51.25,6.0
2024-10-29 04:00:00,4.829605,4.594101,285.4657,101950.49,51.25,6.0
2024-10-29 05:00:00,4.821335,4.9359894,285.3592,101955.59,51.25,6.0
2024-10-29 06:00:00,4.9168854,5.1071167,285.3357,101969.016,51.25,6.0
2024-10-29 07:00:00,5.041931,5.1628113,285.38544,101996.445,51.25,6.0
2024-10-29 08:00:00,5.012024,4.9196014,285.60318,102026.57,51.25,6.0
2024-10-29 09:00:00,5.0298157,4.6618805,285.87106,102032.88,51.25,6.0
2024-10-29 10:00:00,4.1458282,4.138855,286.60886,102036.945,51.25,6.0
2024-10-29 11:00:00,4.014862,3.8000488,287.1859,102020.41,51.25,6.0
2024-10-29 12:00:00,4.7705994,3.7819366,287.30634,102009.484,51.25,6.0
2024-10-29 13:00:00,4.878174,3.565216,287.60632,101975.08,51.25,6.0
2024-10-29 14:00:00,4.335251,3.08284,287.44687,101970.766,51.25,6.0
2024-10-29 15:00:00,4.6204376,2.8697815,287.3623,101974.67,51.25,6.0
2024-10-29 16:00:00,4.8141174,2.523407,286.9476,101964.09,51.25,6.0
2024-10-29 17:00:00,4.9540405,2.0752869,286.5237,102007.24,51.25,6.0
2024-10-29 18:00:00,5.073349,1.6119843,286.45483,102033.05,51.25,6.0
2024-10-29 19:00:00,5.019989,1.43219,286.3596,102063.58,51.25,6.0
2024-10-29 20:00:00,4.939209,1.1482391,286.20624,102072.85,51.25,6.0
2024-10-29 21:00:00,4.6835938,1.0610352,285.93628,102080.25,51.25,6.0
2024-10-29 22:00:00,4.1612854,1.3539886,285.59552,102079.92,51.25,6.0
2024-10-29 23:00:00,4.032089,0.81700134,285.47797,102120.92,51.25,6.0
2024-10-30 00:00:00,3.7362366,0.8247528,285.45792,102132.55,51.25,6.0
2024-10-30 01:00:00,3.536789,1.1103668,285.437,102140.5,51.25,6.0
2024-10-30 02:00:00,3.3925629,0.70747375,285.43304,102150.19,51.25,6.0
2024-10-30 03:00:00,3.1079102,0.5198517,285.40155,102177.055,51.25,6.0
2024-10-30 04:00:00,2.915329,0.7336273,285.37292,102166.984,51.25,6.0
2024-10-30 05:00:00,3.0267792,0.6047058,285.43274,102194.97,51.25,6.0
2024-10-30 06:00:00,2.8615417,0.36698914,285.44336,102227.375,51.25,6.0
2024-10-30 07:00:00,2.7568817,-0.09309387,285.49622,102253.14,51.25,6.0
2024-10-30 08:00:00,2.3481903,-0.971817,285.7302,102311.83,51.25,6.0
2024-10-30 09:00:00,1.622345,-0.97657776,286.19006,102323.61,51.25,6.0
2024-10-30 10:00:00,0.21237183,-0.72831726,286.8095,102356.56,51.25,6.0
2024-10-30 11:00:00,0.2566986,-0.8527527,287.18326,102344.42,51.25,6.0
2024-10-30 12:00:00,0.28225708,-0.816452,287.5548,102335.46,51.25,6.0
2024-10-30 13:00:00,0.07467651,-0.82177734,287.6654,102308.59,51.25,6.0
2024-10-30 14:00:00,-0.070877075,-1.3069916,287.7053,102298.17,51.25,6.0
2024-10-30 15:00:00,-0.41609192,-1.4519196,287.34128,102315.31,51.25,6.0
2024-10-30 16:00:00,-0.6990204,-1.0272217,286.8722,102309.59,51.25,6.0
2024-10-30 17:00:00,-0.9914856,-1.4549866,286.74857,102340.03,51.25,6.0
2024-10-30 18:00:00,-1.4407501,-1.6573181,286.36957,102366.33,51.25,6.0
2024-10-30 19:00:00,-1.7604065,-1.0209961,286.13812,102369.41,51.25,6.0
2024-10-30 20:00:00,-1.862503,-0.5428314,285.90784,102374.8,51.25,6.0
2024-10-30 21:00:00,-1.9887695,-0.09553528,285.49664,102393.086,51.25,6.0
2024-10-30 22:00:00,-1.6867676,0.44352722,284.9784,102377.16,51.25,6.0
2024-10-30 23:00:00,-1.1657257,1.0677795,284.91138,102346.36,51.25,6.0
2024-10-31 00:00:00,-0.24272156,1.1250916,284.99255,102340.13,51.25,6.0
2024-10-31 01:00:00,0.2572174,-0.005264282,285.25443,102362.02,51.25,6.0
2024-10-31 02:00:00,0.0023956299,-0.76005554,285.40106,102366.5,51.25,6.0
2024-10-31 03:00:00,-0.32450867,-0.79803467,285.10236,102325.65,51.25,6.0
2024-10-31 04:00:00,-0.7511139,-0.48049927,284.64136,102318.125,51.25,6.0
2024-10-31 05:00:00,-0.78886414,-0.54107666,284.24817,102321.586,51.25,6.0
2024-10-31 06:00:00,-1.1536102,-0.59490967,284.2226,102335.19,51.25,6.0
2024-10-31 07:00:00,-1.6908875,-0.12322998,284.30188,102329.99,51.25,6.0
2024-10-31 08:00:00,-1.9453888,0.83006287,284.75012,102359.13,51.25,6.0
2024-10-31 09:00:00,-1.1196747,1.4378204,286.00867,102356.14,51.25,6.0
2024-10-31 10:00:00,-0.8333893,1.602829,287.3225,102316.55,51.25,6.0
2024-10-31 11:00:00,-0.004699707,1.8383942,288.13013,102280.38,51.25,6.0
2024-10-31 12:00:00,0.67163086,1.3836823,288.45053,102247.0,51.25,6.0
2024-10-31 13:00:00,0.7932892,0.7028961,288.58676,102219.49,51.25,6.0
2024-10-31 14:00:00,0.9185791,0.5406494,288.38034,102185.93,51.25,6.0
2024-10-31 15:00:00,1.0628815,0.16316223,287.8347,102139.19,51.25,6.0
2024-10-31 16:00:00,0.71884155,-1.0853271,286.9383,102125.195,51.25,6.0
2024-10-31 17:00:00,0.12333679,-1.4929047,285.98553,102116.305,51.25,6.0
2024-10-31 18:00:00,-0.17094421,-0.6086426,285.07623,102101.33,51.25,6.0
2024-10-31 19:00:00,-0.19639587,0.19821167,283.91046,102089.19,51.25,6.0
2024-10-31 20:00:00,-0.011199951,1.414566,282.91815,102083.74,51.25,6.0
2024-10-31 21:00:00,0.9174652,1.926239,282.2032,102068.97,51.25,6.0
2024-10-31 22:00:00,2.0696716,1.2448273,279.9394,102041.664,51.25,6.0
2024-10-31 23:00:00,2.9954224,0.8777771,279.9579,102043.59,51.25,6.0
2024-11-01 00:00:00,3.5930328,1.3115845,280.57672,102035.17,51.25,6.0
2024-11-01 01:00:00,3.8240814,2.1315613,281.71417,102012.875,51.25,6.0
2024-11-01 02:00:00,4.032257,2.9107056,281.62054,101978.38,51.25,6.0
2024-11-01 03:00:00,4.30809,3.1047516,281.70416,101960.2,51.25,6.0
2024-11-01 04:00:00,4.374481,2.986786,282.01965,101956.84,51.25,6.0
2024-11-01 05:00:00,4.2443085,3.213501,282.11963,101920.51,51.25,6.0
2024-11-01 06:00:00,4.064209,3.1463623,282.29108,101906.63,51.25,6.0
2024-11-01 07:00:00,4.1995087,3.2808685,282.19193,101944.78,51.25,6.0
2024-11-01 08:00:00,4.0497894,3.1850128,282.42328,101985.96,51.25,6.0
2024-11-01 09:00:00,4.0947876,2.53096,282.89288,101973.41,51.25,6.0
2024-11-01 10:00:00,3.2291565,1.520813,282.72742,101977.7,51.25,6.0
2024-11-01 11:00:00,3.5745544,1.3051453,282.8072,101993.97,51.25,6.0
2024-11-01 12:00:00,3.4384308,1.4758453,283.044,101925.17,51.25,6.0
2024-11-01 13:00:00,3.4381256,1.5990448,283.1454,101928.19,51.25,6.0
2024-11-01 14:00:00,3.3781586,2.0660248,283.35773,101922.375,51.25,6.0
2024-11-01 15:00:00,3.5646973,2.3894958,283.44046,101906.234,51.25,6.0
2024-11-01 16:00:00,3.8619537,1.6594391,283.52887,101955.17,51.25,6.0
2024-11-01 17:00:00,3.6414337,1.7810516,283.49017,102016.71,51.25,6.0
2024-11-01 18:00:00,4.0198517,2.5905914,283.53296,102034.87,51.25,6.0
2024-11-01 19:00:00,4.346451,2.9493256,283.63806,102063.26,51.25,6.0
2024-11-01 20:00:00,4.327179,1.4953003,283.70462,102131.97,51.25,6.0
2024-11-01 21:00:00,4.181534,0.6106262,283.7685,102184.07,51.25,6.0
2024-11-01 22:00:00,2.7842407,-0.43544006,283.62396,102204.64,51.25,6.0
2024-11-01 23:00:00,2.9782257,-0.3007965,283.6645,102223.83,51.25,6.0
2024-11-02 00:00:00,2.8348694,-1.1361694,283.70685,102285.08,51.25,6.0
2024-11-02 01:00:00,2.1454163,-1.8205109,283.601,102294.91,51.25,6.0
2024-11-02 02:00:00,1.6822815,-1.5879059,283.64258,102305.72,51.25,6.0
2024-11-02 03:00:00,1.2367706,-1.8118439,283.60583,102321.695,51.25,6.0
2024-11-02 04:00:00,0.802536,-2.0163574,283.61298,102369.16,51.25,6.0
2024-11-02 05:00:00,0.5740814,-2.0871582,283.81317,102384.06,51.25,6.0
2024-11-02 06:00:00,0.10458374,-2.543396,283.6609,102405.58,51.25,6.0
2024-11-02 07:00:00,-0.7456207,-3.0125427,284.12955,102485.25,51.25,6.0
2024-11-02 08:00:00,-1.8918152,-3.413437,284.3551,102560.82,51.25,6.0
2024-11-02 09:00:00,-4.0478363,-3.5870209,284.57953,102614.76,51.25,6.0
2024-11-02 10:00:00,-3.43602,-2.3438416,284.74963,102635.414,51.25,6.0
2024-11-02 11:00:00,-3.609787,-1.8592834,284.86203,102595.25,51.25,6.0
2024-11-02 12:00:00,-3.5586548,-1.5744019,284.9279,102584.836,51.25,6.0
2024-11-02 13:00:00,-3.6169434,-1.7221069,284.98358,102557.67,51.25,6.0
2024-11-02 14:00:00,-3.7346954,-2.0566864,284.86896,102549.5,51.25,6.0
2024-11-02 15:00:00,-3.9532776,-2.6357422,284.53363,102567.43,51.25,6.0
2024-11-02 16:00:00,-4.6788177,-2.669098,283.9889,102597.86,51.25,6.0
2024-11-02 17:00:00,-5.10466,-2.6223755,283.2969,102614.336,51.25,6.0
2024-11-02 18:00:00,-5.200989,-2.554367,282.60782,102622.95,51.25,6.0
2024-11-02 19:00:00,-5.036499,-2.5103607,281.63116,102657.43,51.25,6.0
2024-11-02 20:00:00,-5.010849,-2.1902618,280.75607,102655.734,51.25,6.0
2024-11-02 21:00:00,-4.8876953,-1.6426697,280.07794,102651.484,51.25,6.0
2024-11-02 22:00:00,-4.330658,-1.2393646,279.34216,102636.67,51.25,6.0
2024-11-02 23:00:00,-4.01062,-1.144165,278.8539,102616.516,51.25,6.0
2024-11-03 00:00:00,-3.9962463,-0.6453552,278.59644,102611.96,51.25,6.0
2024-11-03 01:00:00,-3.9560547,0.07685852,278.6071,102612.016,51.25,6.0
2024-11-03 02:00:00,-3.9760742,1.0822601,278.4386,102575.95,51.25,6.0
2024-11-03 03:00:00,-3.8580933,1.6215363,278.09015,102517.516,51.25,6.0
2024-11-03 04:00:00,-4.0594025,1.8409271,278.04456,102511.125,51.25,6.0
2024-11-03 05:00:00,-4.1492615,2.0865173,277.50842,102496.31,51.25,6.0
2024-11-03 06:00:00,-3.8488312,2.446106,277.47708,102485.53,51.25,6.0
2024-11-03 07:00:00,-3.2825165,2.8411865,277.75702,102507.11,51.25,6.0
2024-11-03 08:00:00,-2.6660614,2.7638092,278.5746,102556.99,51.25,6.0
2024-11-03 09:00:00,-2.2174377,1.6950684,280.2199,102560.64,51.25,6.0
2024-11-03 10:00:00,-2.181549,1.0366516,281.77124,102532.67,51.25,6.0
2024-11-03 11:00:00,-1.7966461,1.2604523,283.20844,102486.34,51.25,6.0
2024-11-03 12:00:00,-1.7813263,0.9213562,284.28986,102458.54,51.25,6.0
2024-11-03 13:00:00,-2.3578339,0.55348206,285.13483,102409.2,51.25,6.0
2024-11-03 14:00:00,-2.8695679,0.58039856,285.26874,102376.75,51.25,6.0
2024-11-03 15:00:00,-2.917389,0.45295715,284.75647,102346.44,51.25,6.0
2024-11-03 16:00:00,-3.3983765,-0.07875061,282.93918,102351.61,51.25,6.0
2024-11-03 17:00:00,-4.177765,-0.034606934,281.09558,102363.33,51.25,6.0
2024-11-03 18:00:00,-4.3563538,0.7200928,280.2257,102380.56,51.25,6.0
2024-11-03 19:00:00,-4.620575,1.1680756,279.78888,102394.28,51.25,6.0
2024-11-03 20:00:00,-4.801056,1.4795227,279.30823,102388.28,51.25,6.0
2024-11-03 21:00:00,-4.61911,1.8505402,278.90884,102396.56,51.25,6.0
2024-11-03 22:00:00,-3.9522095,1.6569366,278.3827,102395.84,51.25,6.0
2024-11-03 23:00:00,-4.130356,1.5244904,278.19165,102386.016,51.25,6.0
2024-11-04 00:00:00,-4.227066,1.4517517,277.91443,102405.04,51.25,6.0
2024-11-04 01:00:00,-4.253784,1.6239777,277.75092,102376.45,51.25,6.0
2024-11-04 02:00:00,-4.4914093,1.9454498,277.70526,102355.875,51.25,6.0
2024-11-04 03:00:00,-4.911133,2.0469666,277.4241,102349.516,51.25,6.0
2024-11-04 04:00:00,-5.1474915,2.3367767,277.232,102321.76,51.25,6.0
2024-11-04 05:00:00,-5.114044,2.3879242,277.1384,102313.875,51.25,6.0
2024-11-04 06:00:00,-5.2914276,1.9486237,277.05414,102319.7,51.25,6.0
2024-11-04 07:00:00,-5.8047943,1.7026672,277.12424,102325.36,51.25,6.0
2024-11-04 08:00:00,-5.7174683,1.8857727,278.40875,102348.11,51.25,6.0
2024-11-04 09:00:00,-4.941101,1.8500366,280.5025,102329.05,51.25,6.0
2024-11-04 10:00:00,-4.381775,1.5015869,282.8118,102277.29,51.25,6.0
2024-11-04 11:00:00,-4.2084656,1.3065796,284.3635,102232.805,51.25,6.0
2024-11-04 12:00:00,-4.4838867,1.2075348,285.649,102193.91,51.25,6.0
2024-11-04 13:00:00,-4.780075,1.1276245,286.19833,102152.05,51.25,6.0
2024-11-04 14:00:00,-4.6981354,0.7087097,286.3612,102108.55,51.25,6.0
2024-11-04 15:00:00,-5.2136383,0.8508911,285.75098,102071.22,51.25,6.0
2024-11-04 16:00:00,-5.7996063,1.3859711,284.17932,102063.99,51.25,6.0
2024-11-04 17:00:00,-6.342697,2.098648,282.6557,102074.77,51.25,6.0
2024-11-04 18:00:00,-6.9519196,2.8178253,281.95642,102067.27,51.25,6.0
2024-11-04 19:00:00,-6.996994,3.5408936,281.22467,102015.14,51.25,6.0
2024-11-04 20:00:00,-6.2579956,4.1152344,280.51193,101997.8,51.25,6.0
2024-11-04 21:00:00,-5.2803955,4.034775,279.72412,101991.375,51.25,6.0
2024-11-04 22:00:00,-5.5825043,3.4813385,278.9211,101941.06,51.25,6.0
2024-11-04 23:00:00,-5.098892,4.0234375,278.40277,101906.45,51.25,6.0
2024-11-05 00:00:00,-4.396866,3.8618927,277.98596,101909.07,51.25,6.0
2024-11-05 01:00:00,-3.9708557,3.6441345,277.19348,101881.86,51.25,6.0
2024-11-05 02:00:00,-4.0202484,3.658249,276.46667,101883.28,51.25,6.0
2024-11-05 03:00:00,-3.7621613,3.9619904,275.84583,101857.125,51.25,6.0
2024-11-05 04:00:00,-3.3426208,4.132309,275.14877,101824.836,51.25,6.0
2024-11-05 05:00:00,-3.1364594,4.0870667,274.8296,101818.07,51.25,6.0
2024-11-05 06:00:00,-2.6616364,3.9265747,274.39435,101810.57,51.25,6.0
2024-11-05 07:00:00,-2.055069,3.7710571,274.50806,101843.64,51.25,6.0
2024-11-05 08:00:00,-1.5270538,3.4633026,276.55362,101865.28,51.25,6.0
2024-11-05 09:00:00,-0.7830963,2.4271698,279.0562,101886.516,51.25,6.0
2024-11-05 10:00:00,-0.47392273,1.6604614,281.11182,101855.83,51.25,6.0
2024-11-05 11:00:00,0.49464417,1.5923004,282.4306,101850.305,51.25,6.0
2024-11-05 12:00:00,0.92341614,1.3585205,283.38544,101832.14,51.25,6.0
2024-11-05 13:00:00,0.93089294,1.1706848,284.0331,101813.16,51.25,6.0
2024-11-05 14:00:00,0.7444,1.0314178,284.14496,101822.08,51.25,6.0
2024-11-05 15:00:00,0.7947998,0.9012909,283.45966,101826.67,51.25,6.0
2024-11-05 16:00:00,0.85209656,0.58522034,282.7943,101864.61,51.25,6.0
2024-11-05 17:00:00,0.93333435,0.45944214,281.04333,101906.984,51.25,6.0
2024-11-05 18:00:00,1.4676361,0.43345642,280.17764,101937.39,51.25,6.0
2024-11-05 19:00:00,2.2835083,0.12446594,279.36182,101958.87,51.25,6.0
2024-11-05 20:00:00,2.7693024,-0.32598877,278.44565,101997.86,51.25,6.0
2024-11-05 21:00:00,2.6744232,-0.66316223,278.56537,102024.94,51.25,6.0
2024-11-05 22:00:00,1.397644,-0.49467468,278.85822,102072.445,51.25,6.0
2024-11-05 23:00:00,1.4825592,-0.13371277,278.7943,102121.98,51.25,6.0
2024-11-06 00:00:00,1.9176483,-0.20257568,278.85648,102155.17,51.25,6.0
2024-11-06 01:00:00,1.971817,-0.21003723,278.79797,102190.945,51.25,6.0
2024-11-06 02:00:00,1.5698853,-0.17634583,279.03293,102202.51,51.25,6.0
2024-11-06 03:00:00,1.3281403,0.15063477,279.23932,102232.78,51.25,6.0
2024-11-06 04:00:00,0.8896942,0.2986145,279.31784,102260.875,51.25,6.0
2024-11-06 05:00:00,0.90571594,0.23983765,279.52643,102296.734,51.25,6.0
2024-11-06 06:00:00,0.4884796,-0.046325684,279.56213,102338.266,51.25,6.0
2024-11-06 07:00:00,-0.15986633,0.13362122,279.6408,102384.61,51.25,6.0
2024-11-06 08:00:00,-0.11764526,0.2927246,279.90857,102456.14,51.25,6.0
2024-11-06 09:00:00,0.692749,-0.07533264,280.48236,102524.12,51.25,6.0
2024-11-06 10:00:00,0.65701294,-0.5671997,280.9887,102588.64,51.25,6.0
2024-11-06 11:00:00,0.9805298,-0.90534973,281.24426,102616.78,51.25,6.0
2024-11-06 12:00:00,0.9396057,-1.4132996,281.33493,102621.4,51.25,6.0
2024-11-06 13:00:00,0.80397034,-1.9565277,281.34402,102623.86,51.25,6.0
2024-11-06 14:00:00,0.39038086,-2.1768951,281.32678,102630.97,51.25,6.0
2024-11-06 15:00:00,-0.63664246,-1.6558685,281.18933,102623.59,51.25,6.0
2024-11-06 16:00:00,-1.5520477,-0.81993103,280.92606,102613.2,51.25,6.0
2024-11-06 17:00:00,-1.7428284,-0.66970825,280.86475,102641.234,51.25,6.0
2024-11-06 18:00:00,-1.2678223,-1.144516,280.77484,102698.734,51.25,6.0
2024-11-06 19:00:00,-0.9449463,-1.5209503,280.63666,102732.17,51.25,6.0
2024-11-06 20:00:00,-0.8633423,-2.128479,280.49283,102773.59,51.25,6.0
2024-11-06 21:00:00,-1.2135925,-2.2716522,280.33615,102812.76,51.25,6.0
2024-11-06 22:00:00,-1.1657715,-1.8846436,280.1467,102822.016,51.25,6.0
2024-11-06 23:00:00,-1.83255,-1.3408661,279.93134,102784.97,51.25,6.0
2024-11-07 00:00:00,-2.2446594,-1.1546478,279.72687,102778.25,51.25,6.0
2024-11-07 01:00:00,-2.3527527,-0.46347046,279.58243,102770.125,51.25,6.0
2024-11-07 02:00:00,-2.4129791,0.08557129,279.4917,102757.28,51.25,6.0
2024-11-07 03:00:00,-2.341156,-0.15800476,279.52203,102735.47,51.25,6.0
2024-11-07 04:00:00,-2.1370697,-0.87927246,279.55142,102741.49,51.25,6.0
2024-11-07 05:00:00,-2.3405457,-1.4942322,279.6586,102740.59,51.25,6.0
2024-11-07 06:00:00,-2.616272,-1.5029907,279.654,102738.66,51.25,6.0
2024-11-07 07:00:00,-3.3411865,-0.8042755,279.7041,102772.0,51.25,6.0
2024-11-07 08:00:00,-3.5925598,-0.10595703,279.51834,102805.0,51.25,6.0
2024-11-07 09:00:00,-3.620987,0.39068604,279.41626,102810.625,51.25,6.0
2024-11-07 10:00:00,-3.708374,0.03161621,279.29034,102812.25,51.25,6.0
2024-11-07 11:00:00,-3.6936035,0.24552917,279.25287,102773.26,51.25,6.0
2024-11-07 12:00:00,-3.9014893,0.06263733,279.3086,102745.72,51.25,6.0
2024-11-07 13:00:00,-4.078171,0.054260254,279.37256,102721.78,51.25,6.0
2024-11-07 14:00:00,-4.1094513,0.07644653,279.2768,102689.695,51.25,6.0
2024-11-07 15:00:00,-4.3404083,-0.16456604,279.1524,102668.625,51.25,6.0
2024-11-07 16:00:00,-4.48909,-0.5891113,279.08887,102659.89,51.25,6.0
2024-11-07 17:00:00,-4.734009,-1.0615387,279.03696,102664.62,51.25,6.0
2024-11-07 18:00:00,-5.302246,-0.9864044,279.1319,102670.164,51.25,6.0
2024-11-07 19:00:00,-5.393112,-0.74476624,279.1358,102665.56,51.25,6.0
2024-11-07 20:00:00,-5.3799896,-0.5823364,278.74817,102643.33,51.25,6.0
2024-11-07 21:00:00,-5.5047455,-0.36523438,278.54922,102653.83,51.25,6.0
2024-11-07 22:00:00,-4.954361,-0.049835205,278.47275,102644.45,51.25,6.0
2024-11-07 23:00:00,-4.614868,0.7025299,278.20685,102618.85,51.25,6.0
2024-11-08 00:00:00,-4.5397797,0.44599915,278.1021,102580.24,51.25,6.0
2024-11-08 01:00:00,-5.0459595,-0.34985352,278.22272,102561.195,51.25,6.0
2024-11-08 02:00:00,-5.301178,-0.03489685,278.28537,102506.11,51.25,6.0
2024-11-08 03:00:00,-5.061249,0.45759583,278.195,102433.08,51.25,6.0
2024-11-08 04:00:00,-5.246826,0.37142944,278.18262,102413.13,51.25,6.0
2024-11-08 05:00:00,-5.7019043,0.20602417,277.9982,102388.24,51.25,6.0
2024-11-08 06:00:00,-5.6481323,0.5641937,277.87598,102369.84,51.25,6.0
2024-11-08 07:00:00,-5.4597473,1.0688171,277.83783,102372.92,51.25,6.0
2024-11-08 08:00:00,-4.927994,1.1073303,277.80878,102340.445,51.25,6.0
2024-11-08 09:00:00,-4.0962067,0.6274719,278.2132,102334.08,51.25,6.0
2024-11-08 10:00:00,-3.166977,0.95817566,278.5453,102338.22,51.25,6.0
2024-11-08 11:00:00,-3.1803894,0.8036804,278.80103,102272.39,51.25,6.0
2024-11-08 12:00:00,-3.4411163,0.4365387,278.8271,102228.75,51.25,6.0
2024-11-08 13:00:00,-3.6821136,0.5225525,278.68433,102171.36,51.25,6.0
2024-11-08 14:00:00,-4.2228546,0.7090759,278.66852,102112.836,51.25,6.0
2024-11-08 15:00:00,-4.4519043,1.1318054,278.71582,102092.44,51.25,6.0
2024-11-08 16:00:00,-4.286911,0.9086914,278.81238,102067.03,51.25,6.0
2024-11-08 17:00:00,-4.7411804,0.72242737,278.82578,102063.875,51.25,6.0
2024-11-08 18:00:00,-4.916458,1.3006592,278.6801,102055.7,51.25,6.0
2024-11-08 19:00:00,-4.5586853,1.9277191,278.55682,102030.05,51.25,6.0
2024-11-08 20:00:00,-4.0683136,2.364685,278.33173,102024.64,51.25,6.0
2024-11-08 21:00:00,-3.7631073,2.6164703,278.62775,102026.945,51.25,6.0
2024-11-08 22:00:00,-3.0227203,2.6095123,278.5682,102010.58,51.25,6.0
2024-11-08 23:00:00,-2.1690216,2.8295593,278.80615,102006.55,51.25,6.0
2024-11-09 00:00:00,-1.8121948,2.936737,278.974,101990.2,51.25,6.0
2024-11-09 01:00:00,-1.3218079,2.9188232,279.08392,101988.47,51.25,6.0
2024-11-09 02:00:00,-1.5074158,2.494522,279.34833,101978.52,51.25,6.0
2024-11-09 03:00:00,-1.9797668,2.5672913,279.41217,101977.91,51.25,6.0
2024-11-09 04:00:00,-2.0680542,2.5135498,279.40973,101957.78,51.25,6.0
2024-11-09 05:00:00,-2.116623,2.3084717,279.4709,101941.91,51.25,6.0
2024-11-09 06:00:00,-1.9924316,2.2318115,279.56073,101948.17,51.25,6.0
2024-11-09 07:00:00,-2.1029663,2.3896942,279.68732,101964.86,51.25,6.0
2024-11-09 08:00:00,-2.3095856,2.4250336,279.86102,102010.94,51.25,6.0
2024-11-09 09:00:00,-2.285431,2.2233124,280.27707,102002.34,51.25,6.0
2024-11-09 10:00:00,-1.7544556,1.3775787,280.53442,102025.22,51.25,6.0
2024-11-09 11:00:00,-1.3188477,1.7576294,280.9512,102020.625,51.25,6.0
2024-11-09 12:00:00,-0.9491272,1.5955505,281.22968,102003.11,51.25,6.0
2024-11-09 13:00:00,-0.87220764,1.0955353,281.55923,101992.41,51.25,6.0
2024-11-09 14:00:00,-1.071106,1.2510223,281.80066,101973.39,51.25,6.0
2024-11-09 15:00:00,-1.1598969,1.006897,281.8994,101978.51,51.25,6.0
2024-11-09 16:00:00,-1.3730927,0.3750763,281.66583,101991.67,51.25,6.0
2024-11-09 17:00:00,-1.9147491,-0.06523132,281.49908,102017.11,51.25,6.0
2024-11-09 18:00:00,-2.4656525,0.16473389,281.4906,102051.39,51.25,6.0
2024-11-09 19:00:00,-2.9091797,0.7774048,281.5533,102052.17,51.25,6.0
2024-11-09 20:00:00,-2.8658752,1.601059,281.5113,102046.95,51.25,6.0
2024-11-09 21:00:00,-2.2099915,2.3800201,281.5675,102060.484,51.25,6.0
2024-11-09 22:00:00,-1.590805,1.9113007,281.31787,102069.75,51.25,6.0
2024-11-09 23:00:00,-0.58921814,2.5172424,281.2032,102089.05,51.25,6.0
2024-11-10 00:00:00,0.46058655,2.5696259,281.14844,102089.16,51.25,6.0
2024-11-10 01:00:00,1.3179169,2.420517,281.24356,102096.3,51.25,6.0
2024-11-10 02:00:00,1.8192139,2.168991,281.17548,102097.805,51.25,6.0
2024-11-10 03:00:00,2.145111,1.7064514,281.1635,102087.91,51.25,6.0
2024-11-10 04:00:00,2.3012848,1.094284,281.16223,102113.31,51.25,6.0
2024-11-10 05:00:00,2.2617035,0.63993835,281.12317,102133.57,51.25,6.0
2024-11-10 06:00:00,2.02565,0.32720947,281.1638,102150.76,51.25,6.0
2024-11-10 07:00:00,1.6553955,0.21188354,281.19513,102192.47,51.25,6.0
2024-11-10 08:00:00,1.087265,0.31359863,281.12616,102219.9,51.25,6.0
2024-11-10 09:00:00,0.6456299,0.6535492,281.87024,102237.14,51.25,6.0
2024-11-10 10:00:00,0.62161255,0.32666016,282.90253,102270.96,51.25,6.0
2024-11-10 11:00:00,0.79545593,0.275177,283.6798,102263.66,51.25,6.0
2024-11-10 12:00:00,1.0187225,0.2285614,283.96805,102262.875,51.25,6.0
2024-11-10 13:00:00,0.95477295,0.033050537,284.0229,102250.57,51.25,6.0
2024-11-10 14:00:00,0.45761108,0.41845703,284.122,102246.17,51.25,6.0
2024-11-10 15:00:00,-0.011993408,1.1714478,283.6697,102261.92,51.25,6.0
2024-11-10 16:00:00,-0.40046692,1.4985962,283.31836,102281.516,51.25,6.0
2024-11-10 17:00:00,-0.41015625,1.5742188,282.9373,102312.41,51.25,6.0
2024-11-10 18:00:00,-0.076675415,1.4435425,282.88022,102357.51,51.25,6.0
2024-11-10 19:00:00,0.70729065,0.997818,282.80756,102388.21,51.25,6.0
2024-11-10 20:00:00,1.8119507,0.3058319,282.79175,102411.266,51.25,6.0
2024-11-10 21:00:00,2.943161,-0.5314789,282.66937,102439.86,51.25,6.0
2024-11-10 22:00:00,3.5751038,-0.32151794,282.5265,102448.8,51.25,6.0
2024-11-10 23:00:00,3.7258148,0.27012634,282.2644,102429.98,51.25,6.0
2024-11-11 00:00:00,4.249832,0.41119385,282.0589,102433.74,51.25,6.0
2024-11-11 01:00:00,4.711075,-0.13172913,281.9535,102428.56,51.25,6.0
2024-11-11 02:00:00,4.415039,0.25097656,281.63904,102429.445,51.25,6.0
2024-11-11 03:00:00,4.084503,2.1330414,281.3111,102408.11,51.25,6.0
2024-11-11 04:00:00,3.7037659,3.8245392,281.38678,102399.23,51.25,6.0
2024-11-11 05:00:00,3.8670502,4.801834,281.3462,102372.586,51.25,6.0
2024-11-11 06:00:00,4.7163086,5.2864075,281.49597,102326.85,51.25,6.0
2024-11-11 07:00:00,6.218582,3.6627655,281.5261,102327.16,51.25,6.0
2024-11-11 08:00:00,6.5444336,0.91337585,281.86395,102333.56,51.25,6.0
2024-11-11 09:00:00,5.9154816,-2.5968933,283.03912,102352.68,51.25,6.0
2024-11-11 10:00:00,4.4142,-3.8215027,284.1546,102393.92,51.25,6.0
2024-11-11 11:00:00,3.2820282,-4.216263,284.87488,102389.58,51.25,6.0
2024-11-11 12:00:00,3.4958954,-4.281418,284.8226,102375.83,51.25,6.0
2024-11-11 13:00:00,4.3486786,-4.861847,285.02628,102360.67,51.25,6.0
2024-11-11 14:00:00,4.875992,-5.794327,284.56567,102333.61,51.25,6.0
2024-11-11 15:00:00,5.259506,-6.142563,283.66425,102314.016,51.25,6.0
2024-11-11 16:00:00,5.785919,-5.6861115,282.6565,102320.58,51.25,6.0
2024-11-11 17:00:00,6.144287,-5.098694,282.03406,102325.86,51.25,6.0
2024-11-11 18:00:00,6.243164,-5.070465,281.91907,102309.55,51.25,6.0
2024-11-11 19:00:00,6.3055267,-5.6066284,281.82306,102315.03,51.25,6.0
2024-11-11 20:00:00,6.1567535,-6.455063,281.95425,102270.87,51.25,6.0
2024-11-11 21:00:00,5.9389343,-6.980438,282.08386,102210.94,51.25,6.0
2024-11-11 22:00:00,3.8805695,-8.668686,282.2718,102152.08,51.25,6.0
2024-11-11 23:00:00,2.0123749,-9.230469,282.0797,102086.28,51.25,6.0
2024-11-12 00:00:00,-0.5580597,-9.432739,282.0359,102113.91,51.25,6.0
2024-11-12 01:00:00,-2.6966858,-9.507675,282.29922,102142.64,51.25,6.0
2024-11-12 02:00:00,-4.0963593,-8.64447,281.97217,102182.91,51.25,6.0
2024-11-12 03:00:00,-5.1683655,-7.4396515,281.75464,102241.14,51.25,6.0
2024-11-12 04:00:00,-6.1243286,-6.0505676,281.55377,102281.8,51.25,6.0
2024-11-12 05:00:00,-6.281662,-5.0569916,281.56116,102328.78,51.25,6.0
2024-11-12 06:00:00,-6.4006805,-4.2464447,281.48532,102396.484,51.25,6.0
2024-11-12 07:00:00,-6.348236,-3.4420319,281.26517,102463.7,51.25,6.0
2024-11-12 08:00:00,-5.673172,-2.755371,281.29797,102555.78,51.25,6.0
2024-11-12 09:00:00,-6.1853333,-3.146225,281.7439,102613.89,51.25,6.0
2024-11-12 10:00:00,-5.5028076,-3.2681427,282.16537,102654.5,51.25,6.0
2024-11-12 11:00:00,-5.4355927,-3.6793365,282.65207,102652.54,51.25,6.0
2024-11-12 12:00:00,-5.400238,-3.9109802,282.82343,102650.234,51.25,6.0
2024-11-12 13:00:00,-4.7408447,-4.051544,282.86475,102650.8,51.25,6.0
2024-11-12 14:00:00,-4.156006,-5.1423035,282.54596,102680.84,51.25,6.0
2024-11-12 15:00:00,-4.3652954,-5.5702972,282.17236,102684.266,51.25,6.0
2024-11-12 16:00:00,-4.665558,-5.1028595,281.48822,102699.055,51.25,6.0
2024-11-12 17:00:00,-5.149353,-4.717758,281.51263,102755.78,51.25,6.0
2024-11-12 18:00:00,-5.404907,-4.2640533,281.02264,102771.09,51.25,6.0
2024-11-12 19:00:00,-5.128296,-4.1851807,280.9295,102803.19,51.25,6.0
2024-11-12 20:00:00,-4.87381,-4.0511017,280.6682,102803.08,51.25,6.0
2024-11-12 21:00:00,-4.697998,-4.4511566,280.4571,102836.0,51.25,6.0
2024-11-12 22:00:00,-4.679596,-4.448181,280.01373,102831.016,51.25,6.0
2024-11-12 23:00:00,-4.1808777,-4.567337,279.68567,102824.58,51.25,6.0
2024-11-13 00:00:00,-3.5691376,-4.407425,279.51035,102812.75,51.25,6.0
2024-11-13 01:00:00,-3.432022,-3.9806366,278.98993,102790.86,51.25,6.0
2024-11-13 02:00:00,-3.5585022,-3.4833221,278.5632,102763.84,51.25,6.0
2024-11-13 03:00:00,-3.333496,-3.604721,277.72263,102772.55,51.25,6.0
2024-11-13 04:00:00,-2.7975922,-3.4793854,277.80988,102767.41,51.25,6.0
2024-11-13 05:00:00,-2.469864,-3.3858643,277.94113,102777.64,51.25,6.0
2024-11-13 06:00:00,-1.9275818,-3.4872894,277.97556,102775.66,51.25,6.0
2024-11-13 07:00:00,-1.3460999,-3.3158112,278.08798,102799.81,51.25,6.0
2024-11-13 08:00:00,-0.5047302,-2.6072083,278.4876,102844.9,51.25,6.0
2024-11-13 09:00:00,0.2393341,-1.5363159,279.22327,102853.16,51.25,6.0
2024-11-13 10:00:00,0.6769562,-1.5337067,280.0205,102837.234,51.25,6.0
2024-11-13 11:00:00,1.1759644,-1.7051849,280.8188,102790.86,51.25,6.0
2024-11-13 12:00:00,1.8772278,-0.39004517,281.5575,102737.58,51.25,6.0
2024-11-13 13:00:00,2.0426483,-0.52671814,281.9679,102688.984,51.25,6.0
2024-11-13 14:00:00,2.7267456,-1.140091,282.17645,102670.19,51.25,6.0
2024-11-13 15:00:00,3.530304,-1.208435,282.08765,102625.5,51.25,6.0
2024-11-13 16:00:00,4.184372,-1.1446075,281.84338,102592.74,51.25,6.0
2024-11-13 17:00:00,4.8019104,-1.3452759,281.79358,102573.305,51.25,6.0
2024-11-13 18:00:00,4.735672,-2.0253754,281.7751,102552.66,51.25,6.0
2024-11-13 19:00:00,4.5008698,-2.580841,281.5716,102548.695,51.25,6.0
2024-11-13 20:00:00,4.4685974,-2.4116974,281.72968,102528.16,51.25,6.0
2024-11-13 21:00:00,4.298996,-2.4323425,281.9254,102509.57,51.25,6.0
2024-11-13 22:00:00,3.217102,-2.7650604,281.98642,102495.33,51.25,6.0
2024-11-13 23:00:00,3.8179474,-1.5659637,281.9986,102466.33,51.25,6.0
2024-11-14 00:00:00,4.2845,-1.0906677,281.98846,102440.42,51.25,6.0
2024-11-14 01:00:00,4.872589,-0.45036316,282.01495,102370.945,51.25,6.0
2024-11-14 02:00:00,5.0607452,-0.1299591,282.0397,102312.7,51.25,6.0
2024-11-14 03:00:00,5.212738,-0.7503662,282.08038,102274.36,51.25,6.0
2024-11-14 04:00:00,5.1722717,-1.6368256,282.16403,102281.04,51.25,6.0
2024-11-14 05:00:00,5.158676,-1.6594086,282.2082,102267.47,51.25,6.0
2024-11-14 06:00:00,5.109131,-1.3344727,282.3568,102233.484,51.25,6.0
2024-11-14 07:00:00,4.797165,-1.7958374,282.38248,102233.08,51.25,6.0
2024-11-14 08:00:00,3.8931427,-3.125702,282.62567,102272.72,51.25,6.0
2024-11-14 09:00:00,3.0065308,-3.758484,283.0401,102271.39,51.25,6.0
2024-11-14 10:00:00,1.9571533,-4.0168457,283.59024,102302.25,51.25,6.0
2024-11-14 11:00:00,1.5275574,-4.7282104,283.52692,102333.875,51.25,6.0
2024-11-14 12:00:00,1.7366028,-4.0823364,283.40033,102328.88,51.25,6.0
2024-11-14 13:00:00,1.9470978,-4.1023407,283.25555,102264.92,51.25,6.0
2024-11-14 14:00:00,1.8967438,-4.4154816,283.25848,102274.76,51.25,6.0
2024-11-14 15:00:00,1.8632965,-3.5897522,283.03802,102284.69,51.25,6.0
2024-11-14 16:00:00,2.530899,-2.8767395,282.4527,102290.72,51.25,6.0
2024-11-14 17:00:00,2.9615936,-2.8521118,282.33743,102325.66,51.25,6.0
2024-11-14 18:00:00,3.182312,-2.9838715,282.214,102323.65,51.25,6.0
2024-11-14 19:00:00,3.1037292,-3.2218018,282.0041,102364.41,51.25,6.0
2024-11-14 20:00:00,2.999405,-3.0942078,281.7389,102368.58,51.25,6.0
2024-11-14 21:00:00,2.8968964,-3.0943146,281.6764,102375.59,51.25,6.0
2024-11-14 22:00:00,2.4515991,-2.9562683,281.3452,102377.484,51.25,6.0
2024-11-14 23:00:00,2.4740448,-2.9917145,281.41382,102382.414,51.25,6.0
2024-11-15 00:00:00,2.2753448,-2.7800293,281.22964,102349.81,51.25,6.0
2024-11-15 01:00:00,2.361374,-2.554947,280.7248,102322.8,51.25,6.0
2024-11-15 02:00:00,2.3494263,-2.3282776,280.91473,102323.14,51.25,6.0
2024-11-15 03:00:00,1.9786682,-2.3947144,280.46515,102310.54,51.25,6.0
2024-11-15 04:00:00,1.473877,-2.4659119,280.8662,102301.24,51.25,6.0
2024-11-15 05:00:00,1.1479492,-2.2358398,280.62732,102293.15,51.25,6.0
2024-11-15 06:00:00,1.1598663,-1.7175446,280.64886,102278.74,51.25,6.0
2024-11-15 07:00:00,1.3541412,-1.2606659,280.7874,102293.86,51.25,6.0
2024-11-15 08:00:00,1.6696625,-0.4436493,280.88193,102312.11,51.25,6.0
2024-11-15 09:00:00,1.7211304,0.5867462,281.24435,102303.02,51.25,6.0
2024-11-15 10:00:00,1.3637848,0.65045166,281.47852,102313.09,51.25,6.0
2024-11-15 11:00:00,1.9469299,0.8299103,282.12122,102298.87,51.25,6.0
2024-11-15 12:00:00,2.072754,0.84880066,282.35608,102249.18,51.25,6.0
2024-11-15 13:00:00,1.8146057,0.70259094,282.31403,102203.41,51.25,6.0
2024-11-15 14:00:00,1.6060486,0.8376007,282.17096,102165.94,51.25,6.0
2024-11-15 15:00:00,1.4501038,1.6410675,281.93228,102131.32,51.25,6.0
2024-11-15 16:00:00,1.5558167,2.2728577,281.30618,102101.72,51.25,6.0
2024-11-15 17:00:00,1.7774963,2.6472473,281.2765,102096.89,51.25,6.0
2024-11-15 18:00:00,2.1834564,2.7116852,280.8344,102087.36,51.25,6.0
2024-11-15 19:00:00,2.4639587,2.6536713,280.7818,102093.1,51.25,6.0
2024-11-15 20:00:00,2.6003418,2.8865967,280.9184,102059.125,51.25,6.0
2024-11-15 21:00:00,2.7539825,3.1793365,280.94016,102026.92,51.25,6.0
2024-11-15 22:00:00,3.107254,3.6927948,280.93097,101976.81,51.25,6.0
2024-11-15 23:00:00,3.4581146,3.7097168,280.7068,101928.11,51.25,6.0
2024-11-16 00:00:00,4.188568,3.3656006,280.6587,101880.125,51.25,6.0
2024-11-16 01:00:00,4.570862,3.1660614,280.4681,101829.58,51.25,6.0
2024-11-16 02:00:00,4.4019623,3.6561737,280.3827,101785.86,51.25,6.0
2024-11-16 03:00:00,4.157486,4.1699524,280.3068,101708.68,51.25,6.0
2024-11-16 04:00:00,4.263031,4.372986,280.28748,101662.25,51.25,6.0
2024-11-16 05:00:00,4.479065,4.5193787,280.14395,101647.94,51.25,6.0
2024-11-16 06:00:00,4.56073,4.716324,279.874,101614.914,51.25,6.0
2024-11-16 07:00:00,4.6608276,5.0200653,279.55707,101591.49,51.25,6.0
2024-11-16 08:00:00,4.852371,5.141037,279.41595,101585.484,51.25,6.0
2024-11-16 09:00:00,4.633377,4.957184,279.59796,101558.79,51.25,6.0
2024-11-16 10:00:00,3.7699738,4.549118,279.8415,101532.016,51.25,6.0
2024-11-16 11:00:00,3.8251038,4.8483734,280.26862,101473.17,51.25,6.0
2024-11-16 12:00:00,4.259308,4.7767334,280.37698,101401.91,51.25,6.0
2024-11-16 13:00:00,4.6108246,4.5730133,280.62073,101337.86,51.25,6.0
2024-11-16 14:00:00,4.568115,4.606659,280.7285,101271.766,51.25,6.0
2024-11-16 15:00:00,4.6681366,4.650528,280.6871,101231.44,51.25,6.0
2024-11-16 16:00:00,5.424698,4.6017,280.58423,101191.59,51.25,6.0
2024-11-16 17:00:00,5.871399,4.5463715,280.58826,101174.05,51.25,6.0
2024-11-16 18:00:00,5.780136,5.103821,280.59912,101135.42,51.25,6.0
2024-11-16 19:00:00,5.8449707,5.739197,280.63516,101088.99,51.25,6.0
2024-11-16 20:00:00,6.3963165,6.0238647,280.552,101030.59,51.25,6.0
2024-11-16 21:00:00,6.9835663,5.8200073,280.6098,100956.45,51.25,6.0
2024-11-16 22:00:00,6.7102814,5.2621613,280.76917,100914.875,51.25,6.0
2024-11-16 23:00:00,7.7252655,5.3669586,280.83792,100869.45,51.25,6.0
2024-11-17 00:00:00,8.184326,5.6296387,280.93146,100815.8,51.25,6.0
2024-11-17 01:00:00,8.011047,5.9941864,280.913,100754.766,51.25,6.0
2024-11-17 02:00:00,8.252823,5.9167633,280.803,100706.07,51.25,6.0
2024-11-17 03:00:00,8.783539,5.2440033,280.61554,100667.4,51.25,6.0
2024-11-17 04:00:00,8.547623,4.1622467,280.70337,100617.914,51.25,6.0
2024-11-17 05:00:00,8.197235,3.0517883,281.03186,100593.94,51.25,6.0
2024-11-17 06:00:00,8.426331,1.9315491,281.03265,100582.2,51.25,6.0
2024-11-17 07:00:00,8.502014,1.1014404,280.90466,100590.93,51.25,6.0
2024-11-17 08:00:00,8.599701,0.571167,280.85535,100651.484,51.25,6.0
2024-11-17 09:00:00,8.638367,0.109558105,281.07162,100654.72,51.25,6.0
2024-11-17 10:00:00,8.199921,0.6865082,281.31012,100655.33,51.25,6.0
2024-11-17 11:00:00,7.387085,0.22187805,281.84448,100664.15,51.25,6.0
2024-11-17 12:00:00,7.871109,-1.4642639,281.03778,100655.39,51.25,6.0
2024-11-17 13:00:00,8.242691,-2.772232,281.30194,100628.55,51.25,6.0
2024-11-17 14:00:00,7.61969,-2.3342133,281.54095,100626.66,51.25,6.0
2024-11-17 15:00:00,7.448929,-1.2919312,281.0034,100635.17,51.25,6.0
2024-11-17 16:00:00,7.9817505,-0.7465515,279.90256,100641.78,51.25,6.0
2024-11-17 17:00:00,8.1418,-0.51138306,279.82568,100679.09,51.25,6.0
2024-11-17 18:00:00,7.8114777,0.43164062,279.20844,100681.21,51.25,6.0
2024-11-17 19:00:00,7.416443,2.2892761,278.8034,100687.58,51.25,6.0
2024-11-17 20:00:00,7.147522,3.7299957,278.7068,100643.62,51.25,6.0
2024-11-17 21:00:00,7.754547,3.3821259,279.01,100610.92,51.25,6.0
2024-11-17 22:00:00,6.793976,2.4441528,279.16833,100538.82,51.25,6.0
2024-11-17 23:00:00,7.0579376,1.4200287,278.91394,100489.97,51.25,6.0
2024-11-18 00:00:00,7.3143005,0.4910736,278.6187,100449.75,51.25,6.0
2024-11-18 01:00:00,7.816635,0.16140747,278.55984,100452.8,51.25,6.0
2024-11-18 02:00:00,7.556534,-0.036392212,278.71463,100424.94,51.25,6.0
2024-11-18 03:00:00,7.5138702,-0.757843,278.8236,100430.305,51.25,6.0
2024-11-18 04:00:00,6.8462067,-1.335907,278.84375,100440.59,51.25,6.0
2024-11-18 05:00:00,6.176941,-1.2997437,278.75787,100453.06,51.25,6.0
2024-11-18 06:00:00,5.669571,-0.9161072,278.374,100471.65,51.25,6.0
2024-11-18 07:00:00,5.3584137,-0.50605774,278.19708,100498.945,51.25,6.0
2024-11-18 08:00:00,5.187973,-0.10160828,278.3593,100549.75,51.25,6.0
2024-11-18 09:00:00,4.98053,-0.22480774,278.98187,100579.75,51.25,6.0
2024-11-18 10:00:00,3.7796326,0.18141174,279.8971,100612.89,51.25,6.0
2024-11-18 11:00:00,3.749115,0.55566406,280.33963,100615.89,51.25,6.0
2024-11-18 12:00:00,3.7943878,0.65940857,280.78687,100575.84,51.25,6.0
2024-11-18 13:00:00,4.3656616,0.22711182,281.04477,100576.734,51.25,6.0
2024-11-18 14:00:00,4.1009674,-0.019348145,280.5176,100576.016,51.25,6.0
2024-11-18 15:00:00,3.8133545,-0.1184082,279.96973,100575.164,51.25,6.0
2024-11-18 16:00:00,3.6186981,-0.107788086,278.91797,100571.1,51.25,6.0
2024-11-18 17:00:00,3.1034393,0.5851288,278.6042,100560.7,51.25,6.0
2024-11-18 18:00:00,2.642334,1.6031189,278.07007,100529.55,51.25,6.0
2024-11-18 19:00:00,2.3314514,3.0733948,278.06,100477.234,51.25,6.0
2024-11-18 20:00:00,2.013916,3.7164154,277.82483,100411.33,51.25,6.0
2024-11-18 21:00:00,1.0982361,4.2848206,277.97784,100334.83,51.25,6.0
2024-11-18 22:00:00,0.05899048,4.634262,278.49414,100245.94,51.25,6.0
2024-11-18 23:00:00,-1.8128967,5.4947357,278.52048,100082.55,51.25,6.0
2024-11-19 00:00:00,-2.3896637,5.6520996,278.5445,99941.47,51.25,6.0
2024-11-19 01:00:00,-3.8662567,4.875061,278.36432,99723.516,51.25,6.0
2024-11-19 02:00:00,-4.21019,5.146866,278.5899,99491.48,51.25,6.0
2024-11-19 03:00:00,-0.3118286,6.755066,280.06683,99272.69,51.25,6.0
2024-11-19 04:00:00,4.363159,7.6290283,282.06378,99041.41,51.25,6.0
2024-11-19 05:00:00,8.829788,10.401047,283.52362,98809.08,51.25,6.0
2024-11-19 06:00:00,12.501495,9.733139,284.40045,98701.766,51.25,6.0
2024-11-19 07:00:00,12.51329,8.103485,284.90894,98675.61,51.25,6.0
2024-11-19 08:00:00,13.390839,6.817032,285.0843,98689.04,51.25,6.0
2024-11-19 09:00:00,12.2425995,5.3776245,284.87808,98702.06,51.25,6.0
2024-11-19 10:00:00,9.978012,2.879013,283.4001,98679.81,51.25,6.0
2024-11-19 11:00:00,9.022415,3.1211243,282.9721,98584.766,51.25,6.0
2024-11-19 12:00:00,9.805969,0.14772034,282.26813,98494.3,51.25,6.0
2024-11-19 13:00:00,6.975891,-3.581009,280.67377,98561.47,51.25,6.0
2024-11-19 14:00:00,4.551132,-6.073181,277.46796,98642.73,51.25,6.0
2024-11-19 15:00:00,2.9904938,-5.902588,275.6541,98736.41,51.25,6.0
2024-11-19 16:00:00,2.8895721,-5.168869,275.10187,98855.74,51.25,6.0
2024-11-19 17:00:00,2.8086395,-4.05838,275.7157,98957.88,51.25,6.0
2024-11-19 18:00:00,2.5564575,-3.3675842,275.88788,99003.92,51.25,6.0
2024-11-19 19:00:00,2.9565735,-2.4884338,275.67224,99023.38,51.25,6.0
2024-11-19 20:00:00,4.079361,-1.0660248,275.5982,99057.625,51.25,6.0
2024-11-19 21:00:00,4.9143677,-1.3406982,275.42175,99083.266,51.25,6.0
2024-11-19 22:00:00,4.638321,-2.1052704,275.55487,99122.06,51.25,6.0
2024-11-19 23:00:00,4.7503204,-1.9297028,275.4934,99216.12,51.25,6.0
2024-11-20 00:00:00,5.6550903,-0.8077698,275.22498,99254.375,51.25,6.0
2024-11-20 01:00:00,7.383316,-0.015136719,275.083,99304.24,51.25,6.0
2024-11-20 02:00:00,8.350113,1.2391968,275.66235,99347.5,51.25,6.0
2024-11-20 03:00:00,9.332443,0.40953064,276.15436,99403.734,51.25,6.0
2024-11-20 04:00:00,9.836365,0.2135315,276.35522,99432.27,51.25,6.0
2024-11-20 05:00:00,10.461044,1.314682,276.2926,99460.3,51.25,6.0
2024-11-20 06:00:00,10.935944,1.5348206,276.2073,99475.32,51.25,6.0
2024-11-20 07:00:00,10.526199,1.3350525,275.87103,99540.625,51.25,6.0
2024-11-20 08:00:00,10.058517,1.2800751,275.92197,99615.97,51.25,6.0
2024-11-20 09:00:00,8.8479,1.3052979,275.69266,99657.34,51.25,6.0
2024-11-20 10:00:00,7.768982,2.37471,275.60913,99748.07,51.25,6.0
2024-11-20 11:00:00,8.881683,1.8253937,275.23438,99765.42,51.25,6.0
2024-11-20 12:00:00,9.221146,-0.009002686,275.5013,99784.64,51.25,6.0
2024-11-20 13:00:00,8.312149,-0.060134888,275.6635,99786.945,51.25,6.0
2024-11-20 14:00:00,9.175598,0.16436768,275.77014,99789.92,51.25,6.0
2024-11-20 15:00:00,9.8428955,0.10638428,275.81152,99776.27,51.25,6.0
2024-11-20 16:00:00,9.463776,2.4748688,275.1352,99789.64,51.25,6.0
2024-11-20 17:00:00,9.382248,3.4280396,275.35916,99797.47,51.25,6.0
2024-11-20 18:00:00,8.655121,5.096588,275.18,99734.03,51.25,6.0
2024-11-20 19:00:00,7.9711456,6.5694733,275.14117,99671.03,51.25,6.0
2024-11-20 20:00:00,7.692688,5.459915,274.07922,99646.14,51.25,6.0
2024-11-20 21:00:00,6.962784,1.8072815,273.91272,99650.484,51.25,6.0
2024-11-20 22:00:00,4.7845,-0.62202454,274.17816,99706.21,51.25,6.0
2024-11-20 23:00:00,5.452011,-3.1540527,274.5003,99818.484,51.25,6.0
2024-11-21 00:00:00,6.3193817,-3.0774078,274.6269,99886.06,51.25,6.0
2024-11-21 01:00:00,7.1860504,-1.1564484,274.86804,99914.5,51.25,6.0
2024-11-21 02:00:00,7.95961,0.08734131,274.93472,99935.1,51.25,6.0
2024-11-21 03:00:00,8.060028,0.5387573,274.7804,99905.78,51.25,6.0
2024-11-21 04:00:00,7.9409027,1.7273102,274.3744,99837.37,51.25,6.0
2024-11-21 05:00:00,8.133499,3.2282562,273.71588,99849.05,51.25,6.0
2024-11-21 06:00:00,8.641876,4.143631,273.51,99797.11,51.25,6.0
2024-11-21 07:00:00,8.777542,4.4947205,273.4419,99782.3,51.25,6.0
2024-11-21 08:00:00,8.148178,4.1790924,273.524,99714.11,51.25,6.0
2024-11-21 09:00:00,7.473236,4.41481,273.87128,99678.2,51.25,6.0
2024-11-21 10:00:00,6.1805725,4.482437,274.2741,99570.55,51.25,6.0
2024-11-21 11:00:00,5.591797,4.2100525,274.55463,99482.94,51.25,6.0
2024-11-21 12:00:00,4.51178,3.4273376,274.84967,99347.12,51.25,6.0
2024-11-21 13:00:00,3.7742157,2.8977356,275.01733,99227.86,51.25,6.0
2024-11-21 14:00:00,3.3800812,2.4485168,274.7818,99104.05,51.25,6.0
2024-11-21 15:00:00,2.9829102,1.8619995,274.13428,99000.11,51.25,6.0
2024-11-21 16:00:00,3.8167877,1.3124695,273.2577,98935.58,51.25,6.0
2024-11-21 17:00:00,4.7936096,0.8856659,272.73895,98934.19,51.25,6.0
2024-11-21 18:00:00,5.5928345,0.14497375,272.6157,98940.3,51.25,6.0
2024-11-21 19:00:00,5.8377686,-0.45996094,272.35986,98961.14,51.25,6.0
2024-11-21 20:00:00,5.8599396,-0.24581909,271.8547,99026.61,51.25,6.0
2024-11-21 21:00:00,5.9207,0.856781,271.8238,99093.234,51.25,6.0
2024-11-21 22:00:00,6.0364227,2.5542755,271.88943,99133.33,51.25,6.0
2024-11-21 23:00:00,6.218216,3.323059,272.08032,99181.55,51.25,6.0
2024-11-22 00:00:00,6.9768066,3.4856873,272.1389,99224.086,51.25,6.0
2024-11-22 01:00:00,7.7664337,3.9649658,272.3933,99272.25,51.25,6.0
2024-11-22 02:00:00,8.708603,4.361908,272.96228,99321.53,51.25,6.0
2024-11-22 03:00:00,9.436722,4.3784943,273.37537,99348.445,51.25,6.0
2024-11-22 04:00:00,9.735046,4.1063538,273.62415,99385.89,51.25,6.0
2024-11-22 05:00:00,9.825439,4.126526,273.68256,99478.28,51.25,6.0
2024-11-22 06:00:00,9.316635,3.9775543,273.75885,99510.88,51.25,6.0
2024-11-22 07:00:00,8.694977,4.367874,273.96198,99568.52,51.25,6.0
2024-11-22 08:00:00,8.8641815,5.23645,274.37415,99585.875,51.25,6.0
2024-11-22 09:00:00,8.790634,5.8204193,274.98022,99616.45,51.25,6.0
2024-11-22 10:00:00,8.279877,5.8208313,275.71838,99649.6,51.25,6.0
2024-11-22 11:00:00,8.7235565,6.3179474,275.70276,99680.164,51.25,6.0
2024-11-22 12:00:00,12.078232,6.2993317,275.63293,99709.05,51.25,6.0
2024-11-22 13:00:00,10.504028,5.3558655,276.36505,99759.83,51.25,6.0
2024-11-22 14:00:00,11.127304,4.874466,277.4643,99753.32,51.25,6.0
2024-11-22 15:00:00,12.366089,3.6674347,277.27084,99812.89,51.25,6.0
2024-11-22 16:00:00,13.03981,1.2436371,276.66296,99954.32,51.25,6.0
2024-11-22 17:00:00,11.697433,-2.1500702,276.67236,100172.61,51.25,6.0
2024-11-22 18:00:00,9.56279,-3.1269073,276.53574,100354.3,51.25,6.0
2024-11-22 19:00:00,8.446121,-2.2733917,276.20325,100538.016,51.25,6.0
2024-11-22 20:00:00,8.258804,-0.72250366,275.9123,100705.24,51.25,6.0
2024-11-22 21:00:00,7.807312,0.6709595,275.8402,100872.87,51.25,6.0
2024-11-22 22:00:00,6.501816,3.09523,275.54742,100975.71,51.25,6.0
2024-11-22 23:00:00,6.7688293,4.2452545,275.2288,101084.266,51.25,6.0
2024-11-23 00:00:00,6.4449615,4.925171,274.86923,101093.055,51.25,6.0
2024-11-23 01:00:00,7.0008545,5.261383,274.69684,101197.25,51.25,6.0
2024-11-23 02:00:00,6.376816,5.684555,274.45166,101222.53,51.25,6.0
2024-11-23 03:00:00,5.775589,6.5033264,274.23636,101217.484,51.25,6.0
2024-11-23 04:00:00,5.485962,6.5245514,274.21786,101303.016,51.25,6.0
2024-11-23 05:00:00,4.0585938,7.1460724,274.38565,101293.07,51.25,6.0
2024-11-23 06:00:00,3.6485443,7.8283386,274.84058,101258.64,51.25,6.0
2024-11-23 07:00:00,3.7345734,8.306793,275.1988,101285.32,51.25,6.0
2024-11-23 08:00:00,3.8254852,8.497635,275.6449,101271.53,51.25,6.0
2024-11-23 09:00:00,3.5229492,8.429398,276.32578,101236.44,51.25,6.0
2024-11-23 10:00:00,2.7018433,7.8372345,277.44662,101233.875,51.25,6.0
2024-11-23 11:00:00,1.8867035,8.533264,278.07938,101160.0,51.25,6.0
2024-11-23 12:00:00,1.8855133,9.798233,278.35004,101072.43,51.25,6.0
2024-11-23 13:00:00,1.6555634,10.361725,278.68283,100951.484,51.25,6.0
2024-11-23 14:00:00,0.883728,10.701492,278.91956,100787.734,51.25,6.0
2024-11-23 15:00:00,0.822464,11.466705,279.17902,100667.97,51.25,6.0
2024-11-23 16:00:00,2.0607452,11.859604,279.7598,100540.99,51.25,6.0
2024-11-23 17:00:00,3.090561,12.267227,280.17166,100443.05,51.25,6.0
2024-11-23 18:00:00,4.542816,12.54631,279.7162,100368.53,51.25,6.0
2024-11-23 19:00:00,5.453949,12.650452,279.1009,100347.234,51.25,6.0
2024-11-23 20:00:00,6.4892426,12.625931,279.37097,100268.68,51.25,6.0
2024-11-23 21:00:00,7.351303,12.050858,280.25626,100250.516,51.25,6.0
2024-11-23 22:00:00,9.084991,11.903519,281.51874,100161.9,51.25,6.0
2024-11-23 23:00:00,9.714752,11.457001,282.45438,100205.664,51.25,6.0
2024-11-24 00:00:00,9.266037,11.330429,282.39398,100210.44,51.25,6.0
2024-11-24 01:00:00,8.241043,11.724655,282.6485,100249.555,51.25,6.0
2024-11-24 02:00:00,7.862915,11.463165,283.1835,100259.875,51.25,6.0
2024-11-24 03:00:00,7.990509,11.620529,283.6062,100242.45,51.25,6.0
2024-11-24 04:00:00,7.907501,11.556274,284.29584,100218.14,51.25,6.0
2024-11-24 05:00:00,7.312042,11.865158,285.12286,100235.55,51.25,6.0
2024-11-24 06:00:00,7.144272,12.289551,285.5672,100229.25,51.25,6.0
2024-11-24 07:00:00,6.460678,12.852905,285.70126,100247.016,51.25,6.0
2024-11-24 08:00:00,6.307907,13.31134,286.0866,100268.34,51.25,6.0
2024-11-24 09:00:00,6.228409,13.624649,286.68985,100264.99,51.25,6.0
2024-11-24 10:00:00,5.991974,12.312775,288.1015,100300.38,51.25,6.0
2024-11-24 11:00:00,7.102127,11.932816,289.17712,100294.45,51.25,6.0
2024-11-24 12:00:00,6.5137024,12.226135,289.97705,100239.39,51.25,6.0
2024-11-24 13:00:00,5.723465,12.485901,290.4066,100232.625,51.25,6.0
2024-11-24 14:00:00,5.530243,13.044891,290.59036,100221.19,51.25,6.0
2024-11-24 15:00:00,5.0043793,13.757721,290.43347,100216.67,51.25,6.0
2024-11-24 16:00:00,4.5582123,13.945297,290.05298,100164.445,51.25,6.0
2024-11-24 17:00:00,4.5061646,14.094955,289.96527,100152.7,51.25,6.0
2024-11-24 18:00:00,5.3847504,13.837448,290.00278,100148.9,51.25,6.0
2024-11-24 19:00:00,5.5975037,14.003967,289.99078,100162.0,51.25,6.0
2024-11-24 20:00:00,4.9802856,14.5746765,289.68936,100134.59,51.25,6.0
2024-11-24 21:00:00,4.1790924,14.559937,289.46112,100063.56,51.25,6.0
2024-11-24 22:00:00,3.812973,14.091019,289.19342,100063.72,51.25,6.0
2024-11-24 23:00:00,4.3841553,13.436279,289.1194,100032.53,51.25,6.0
2024-11-25 00:00:00,4.0519104,13.087326,288.93115,100025.664,51.25,6.0
2024-11-25 01:00:00,3.836029,13.045532,288.82294,99977.19,51.25,6.0
2024-11-25 02:00:00,4.456436,13.08197,288.89774,99946.625,51.25,6.0
2024-11-25 03:00:00,4.480377,12.979843,288.98932,99917.68,51.25,6.0
2024-11-25 04:00:00,3.7500916,13.037308,289.12204,99849.09,51.25,6.0
2024-11-25 05:00:00,2.8673859,13.015503,289.07397,99822.39,51.25,6.0
2024-11-25 06:00:00,3.2013702,12.907547,289.0216,99769.72,51.25,6.0
2024-11-25 07:00:00,3.9035034,12.668442,289.12534,99750.97,51.25,6.0
2024-11-25 08:00:00,4.5398407,12.334717,289.37262,99784.79,51.25,6.0
2024-11-25 09:00:00,4.474304,11.979172,289.6142,99784.734,51.25,6.0
2024-11-25 10:00:00,3.6544647,11.424118,289.3022,99736.22,51.25,6.0
2024-11-25 11:00:00,6.2453003,11.311523,289.14185,99699.57,51.25,6.0
2024-11-25 12:00:00,7.875229,8.269653,288.4201,99673.875,51.25,6.0
2024-11-25 13:00:00,8.261627,3.0054321,286.85083,99745.61,51.25,6.0
2024-11-25 14:00:00,8.438049,-0.25323486,284.54596,99900.25,51.25,6.0
2024-11-25 15:00:00,6.4945526,0.92881775,283.3739,100017.64,51.25,6.0
2024-11-25 16:00:00,5.8530884,3.640274,282.4801,100124.61,51.25,6.0
2024-11-25 17:00:00,6.53244,4.095276,282.34735,100207.54,51.25,6.0
2024-11-25 18:00:00,6.722336,4.2183228,282.36795,100295.8,51.25,6.0
2024-11-25 19:00:00,7.0873413,4.330887,282.43445,100406.16,51.25,6.0
2024-11-25 20:00:00,7.0419006,3.9202423,282.32343,100492.08,51.25,6.0
2024-11-25 21:00:00,6.784195,4.039917,282.15396,100569.266,51.25,6.0
2024-11-25 22:00:00,6.699768,3.6989746,281.93933,100618.36,51.25,6.0
2024-11-25 23:00:00,6.432358,4.544525,281.9252,100733.67,51.25,6.0
2024-11-26 00:00:00,6.3230743,4.495682,281.66968,100779.59,51.25,6.0
2024-11-26 01:00:00,6.1092224,5.240158,281.4047,100845.11,51.25,6.0
2024-11-26 02:00:00,5.7015533,5.8083954,281.17532,100917.47,51.25,6.0
2024-11-26 03:00:00,5.6457367,5.7097473,280.9576,100978.17,51.25,6.0
2024-11-26 04:00:00,5.6137238,5.237198,280.80383,100999.52,51.25,6.0
2024-11-26 05:00:00,5.435486,5.1280365,280.7544,101044.51,51.25,6.0
2024-11-26 06:00:00,5.4023895,5.531601,280.68713,101069.7,51.25,6.0
2024-11-26 07:00:00,5.1235504,5.936325,280.5515,101106.53,51.25,6.0
2024-11-26 08:00:00,4.9314423,6.079239,280.74094,101169.19,51.25,6.0
2024-11-26 09:00:00,5.068329,6.0096893,281.44495,101218.805,51.25,6.0
2024-11-26 10:00:00,4.4738464,5.772476,282.3831,101262.69,51.25,6.0
2024-11-26 11:00:00,3.7663574,5.6046295,283.02563,101251.836,51.25,6.0
2024-11-26 12:00:00,4.373749,5.3236084,283.58508,101224.75,51.25,6.0
2024-11-26 13:00:00,5.5285645,5.0743103,283.58765,101250.66,51.25,6.0
2024-11-26 14:00:00,6.1004486,4.7438354,283.31897,101270.16,51.25,6.0
2024-11-26 15:00:00,5.5925903,4.846466,282.99014,101314.875,51.25,6.0
2024-11-26 16:00:00,6.0443726,4.693756,282.29352,101348.92,51.25,6.0
2024-11-26 17:00:00,6.179489,4.1025543,281.80273,101405.59,51.25,6.0
2024-11-26 18:00:00,6.213867,3.3063202,281.1829,101448.22,51.25,6.0
2024-11-26 19:00:00,5.616852,3.2759247,280.48364,101480.48,51.25,6.0
2024-11-26 20:00:00,5.247055,3.5705261,279.98193,101522.516,51.25,6.0
2024-11-26 21:00:00,4.8101044,3.9900055,279.7428,101540.95,51.25,6.0
2024-11-26 22:00:00,4.218567,4.3596344,279.0343,101537.91,51.25,6.0
2024-11-26 23:00:00,3.962387,4.64209,278.99878,101527.766,51.25,6.0
2024-11-27 00:00:00,4.266449,4.5993195,278.9272,101550.05,51.25,6.0
2024-11-27 01:00:00,3.0949097,4.660202,279.1344,101519.61,51.25,6.0
2024-11-27 02:00:00,2.443161,4.751526,279.28995,101504.64,51.25,6.0
2024-11-27 03:00:00,1.0160065,5.1917877,279.68335,101456.5,51.25,6.0
2024-11-27 04:00:00,-0.10362244,5.828903,279.80652,101384.05,51.25,6.0
2024-11-27 05:00:00,-1.5267181,6.301468,279.8207,101332.4,51.25,6.0
2024-11-27 06:00:00,-3.1617584,6.9549866,279.98065,101243.99,51.25,6.0
2024-11-27 07:00:00,-4.092148,7.9358215,280.38904,101132.0,51.25,6.0
2024-11-27 08:00:00,-2.4718323,9.378983,280.91302,101050.93,51.25,6.0
2024-11-27 09:00:00,0.24101257,10.3055725,281.8236,100951.516,51.25,6.0
2024-11-27 10:00:00,2.3183746,10.482437,283.26495,100878.0,51.25,6.0
2024-11-27 11:00:00,3.8865662,10.982666,284.12732,100735.53,51.25,6.0
2024-11-27 12:00:00,4.675949,11.576187,284.6257,100636.19,51.25,6.0
2024-11-27 13:00:00,5.484192,12.114258,284.56677,100534.18,51.25,6.0
2024-11-27 14:00:00,6.170685,11.9153595,284.50177,100440.39,51.25,6.0
2024-11-27 15:00:00,6.136429,12.68837,284.4975,100337.0,51.25,6.0
2024-11-27 16:00:00,7.9520264,12.601776,283.90112,100226.63,51.25,6.0
2024-11-27 17:00:00,12.748352,7.096695,284.2744,100312.42,51.25,6.0
2024-11-27 18:00:00,13.967026,1.9476013,282.71027,100492.68,51.25,6.0
2024-11-27 19:00:00,13.21199,1.5646515,280.9557,100678.34,51.25,6.0
2024-11-27 20:00:00,12.656921,1.5864868,280.87195,100809.98,51.25,6.0
2024-11-27 21:00:00,12.328003,1.3837738,280.9554,100903.84,51.25,6.0
2024-11-27 22:00:00,10.699524,0.13882446,280.94272,100990.2,51.25,6.0
2024-11-27 23:00:00,10.389938,-0.707016,280.63806,101092.48,51.25,6.0
2024-11-28 00:00:00,9.411621,-0.71868896,280.49622,101168.016,51.25,6.0
2024-11-28 01:00:00,9.388718,-0.600708,280.27634,101257.94,51.25,6.0
2024-11-28 02:00:00,9.072205,-1.1650238,280.13757,101347.2,51.25,6.0
2024-11-28 03:00:00,8.801544,-2.0221252,279.92145,101424.78,51.25,6.0
2024-11-28 04:00:00,8.196091,-2.8262787,279.59027,101469.0,51.25,6.0
2024-11-28 05:00:00,7.6417236,-3.0409088,279.21674,101566.625,51.25,6.0
2024-11-28 06:00:00,7.2931976,-2.9646301,279.31036,101633.24,51.25,6.0
2024-11-28 07:00:00,7.218033,-2.7605743,278.57498,101731.7,51.25,6.0
2024-11-28 08:00:00,7.184372,-2.4491577,278.50708,101820.95,51.25,6.0
2024-11-28 09:00:00,6.876816,-2.3713837,279.36224,101921.734,51.25,6.0
2024-11-28 10:00:00,6.214737,-1.8405609,280.64038,102017.234,51.25,6.0
2024-11-28 11:00:00,6.1658783,-1.5948029,281.5141,102056.734,51.25,6.0
2024-11-28 12:00:00,6.067627,-3.180832,282.00165,102069.05,51.25,6.0
2024-11-28 13:00:00,5.4473114,-3.9552307,282.20203,102124.2,51.25,6.0
2024-11-28 14:00:00,4.972946,-3.812851,281.7818,102191.28,51.25,6.0
2024-11-28 15:00:00,4.637726,-3.7535706,281.2006,102237.875,51.25,6.0
2024-11-28 16:00:00,4.25441,-3.3959503,280.22845,102278.97,51.25,6.0
2024-11-28 17:00:00,4.321335,-2.937027,279.7514,102347.734,51.25,6.0
2024-11-28 18:00:00,4.1918793,-2.8636932,278.5062,102417.22,51.25,6.0
2024-11-28 19:00:00,4.1682434,-2.740265,277.7425,102505.516,51.25,6.0
2024-11-28 20:00:00,3.9984436,-2.5585327,277.62396,102548.7,51.25,6.0
2024-11-28 21:00:00,3.4365387,-2.286728,276.79263,102593.78,51.25,6.0
2024-11-28 22:00:00,2.3223572,-2.7477417,276.30405,102620.58,51.25,6.0
2024-11-28 23:00:00,1.3764648,-2.237976,275.98862,102650.52,51.25,6.0
2024-11-29 00:00:00,0.3859253,-1.504303,275.54385,102660.414,51.25,6.0
2024-11-29 01:00:00,-0.022399902,-0.66526794,275.33395,102656.484,51.25,6.0
2024-11-29 02:00:00,-0.28659058,-0.24409485,274.4417,102683.234,51.25,6.0
2024-11-29 03:00:00,-0.7054291,0.2177887,273.3104,102683.734,51.25,6.0
2024-11-29 04:00:00,-0.74549866,1.2563477,273.55402,102666.34,51.25,6.0
2024-11-29 05:00:00,-0.7006531,2.1782074,273.674,102681.08,51.25,6.0
2024-11-29 06:00:00,-0.6804657,2.885666,273.78973,102696.56,51.25,6.0
2024-11-29 07:00:00,-0.9840393,3.1641846,273.8113,102734.086,51.25,6.0
2024-11-29 08:00:00,-1.5927887,3.1939392,273.90363,102766.94,51.25,6.0
2024-11-29 09:00:00,-2.0498505,2.7072754,275.0687,102807.16,51.25,6.0
2024-11-29 10:00:00,-2.6403046,1.9173889,277.09308,102800.58,51.25,6.0
2024-11-29 11:00:00,-2.7104187,1.7563171,278.66608,102767.83,51.25,6.0
2024-11-29 12:00:00,-3.028946,2.3319397,279.66653,102694.39,51.25,6.0
2024-11-29 13:00:00,-3.441864,2.8427887,280.11896,102661.81,51.25,6.0
2024-11-29 14:00:00,-3.9812775,3.0457458,279.7945,102610.83,51.25,6.0
2024-11-29 15:00:00,-4.819626,3.41922,279.00293,102580.34,51.25,6.0
2024-11-29 16:00:00,-5.1880035,3.8873749,277.80316,102569.91,51.25,6.0
2024-11-29 17:00:00,-5.2033997,4.468704,277.19482,102567.84,51.25,6.0
2024-11-29 18:00:00,-4.881607,4.922058,276.59668,102583.914,51.25,6.0
2024-11-29 19:00:00,-4.986786,5.3397217,276.0156,102579.58,51.25,6.0
2024-11-29 20:00:00,-4.6686096,5.7072296,275.5068,102560.13,51.25,6.0
2024-11-29 21:00:00,-3.705124,5.8338013,275.20953,102532.836,51.25,6.0
2024-11-29 22:00:00,-3.4078217,5.663391,274.88947,102517.11,51.25,6.0
2024-11-29 23:00:00,-3.682953,5.7505646,274.69995,102477.266,51.25,6.0
2024-11-30 00:00:00,-3.7088013,5.618225,274.2818,102449.17,51.25,6.0
2024-11-30 01:00:00,-3.7781982,5.682022,273.9835,102410.18,51.25,6.0
2024-11-30 02:00:00,-3.2095642,5.6578674,273.36633,102400.46,51.25,6.0
2024-11-30 03:00:00,-2.3972015,5.4124603,272.34808,102373.83,51.25,6.0
2024-11-30 04:00:00,-2.083603,5.2168427,272.41724,102365.125,51.25,6.0
2024-11-30 05:00:00,-2.1810913,5.014847,272.43744,102374.734,51.25,6.0
2024-11-30 06:00:00,-2.35643,5.2989197,272.42587,102350.91,51.25,6.0
2024-11-30 07:00:00,-2.3643188,5.593918,272.32117,102350.06,51.25,6.0
2024-11-30 08:00:00,-1.3748322,5.565735,272.9605,102347.66,51.25,6.0
2024-11-30 09:00:00,-0.25205994,5.030731,274.4154,102352.48,51.25,6.0
2024-11-30 10:00:00,-0.89871216,3.8309784,276.74402,102348.16,51.25,6.0
2024-11-30 11:00:00,-0.109817505,3.012741,278.40924,102328.91,51.25,6.0
2024-11-30 12:00:00,0.3469391,2.4262085,279.65247,102293.6,51.25,6.0
2024-11-30 13:00:00,0.1572876,2.336975,280.4936,102275.555,51.25,6.0
2024-11-30 14:00:00,-0.23971558,3.122589,280.20566,102225.08,51.25,6.0
2024-11-30 15:00:00,-0.4833374,4.0339813,278.70172,102195.22,51.25,6.0
2024-11-30 16:00:00,0.025009155,4.408066,276.4994,102187.08,51.25,6.0
2024-11-30 17:00:00,0.8188324,4.6167145,275.9074,102196.58,51.25,6.0
2024-11-30 18:00:00,1.4816132,4.81723,275.29077,102199.8,51.25,6.0
2024-11-30 19:00:00,1.5662079,4.8904114,275.13867,102202.69,51.25,6.0
2024-11-30 20:00:00,1.4692383,4.9349976,275.02332,102172.81,51.25,6.0
2024-11-30 21:00:00,1.1738586,4.960861,274.76495,102150.76,51.25,6.0
2024-11-30 22:00:00,0.7992859,4.16658,274.84296,102118.82,51.25,6.0
2024-11-30 23:00:00,0.33970642,4.8305206,274.32535,102114.5,51.25,6.0
2024-12-01 00:00:00,0.8556366,4.715988,273.87997,102083.766,51.25,6.0
2024-12-01 01:00:00,1.3762054,4.401718,273.45667,102033.36,51.25,6.0
2024-12-01 02:00:00,1.0175018,4.5259247,273.4381,102019.305,51.25,6.0
2024-12-01 03:00:00,0.24645996,5.042633,272.83838,101984.11,51.25,6.0
2024-12-01 04:00:00,-0.35061646,5.2948303,272.67548,101910.84,51.25,6.0
2024-12-01 05:00:00,-0.79748535,5.555603,272.61462,101854.61,51.25,6.0
2024-12-01 06:00:00,-0.7282562,5.5028534,272.25647,101808.86,51.25,6.0
2024-12-01 07:00:00,-0.7601166,5.408478,272.32843,101788.234,51.25,6.0
2024-12-01 08:00:00,-0.5784149,5.4610443,272.97205,101751.28,51.25,6.0
2024-12-01 09:00:00,0.3100891,5.2670135,274.49457,101732.14,51.25,6.0
2024-12-01 10:00:00,0.4919281,4.3870697,277.3169,101666.41,51.25,6.0
2024-12-01 11:00:00,0.63145447,5.126419,279.0562,101598.695,51.25,6.0
2024-12-01 12:00:00,0.31626892,5.372177,280.31308,101483.66,51.25,6.0
2024-12-01 13:00:00,0.19685364,5.907379,281.08234,101429.95,51.25,6.0
2024-12-01 14:00:00,0.033187866,6.421417,281.03442,101355.14,51.25,6.0
2024-12-01 15:00:00,-0.6129303,7.265671,280.0739,101298.984,51.25,6.0
2024-12-01 16:00:00,0.23243713,7.4348297,279.81366,101276.44,51.25,6.0
2024-12-01 17:00:00,2.444336,7.2865143,279.67395,101271.625,51.25,6.0
2024-12-01 18:00:00,3.685913,7.2980347,279.38998,101276.24,51.25,6.0
2024-12-01 19:00:00,4.641678,7.319153,279.33167,101254.984,51.25,6.0
2024-12-01 20:00:00,5.3631897,7.3179626,279.68396,101250.81,51.25,6.0
2024-12-01 21:00:00,5.5017548,7.166321,280.08063,101227.25,51.25,6.0
2024-12-01 22:00:00,5.363388,6.8221283,280.31924,101231.49,51.25,6.0
2024-12-01 23:00:00,5.26709,6.766144,280.4386,101228.43,51.25,6.0
2024-12-02 00:00:00,4.690445,6.755722,280.69626,101164.08,51.25,6.0
2024-12-02 01:00:00,4.100998,6.908844,280.87024,101141.81,51.25,6.0
2024-12-02 02:00:00,3.5885773,7.1640472,281.08752,101104.69,51.25,6.0
2024-12-02 03:00:00,3.261734,7.505783,281.65668,101015.39,51.25,6.0
2024-12-02 04:00:00,3.3015137,7.619507,282.25085,100964.73,51.25,6.0
2024-12-02 05:00:00,3.3575745,7.2922516,282.57227,100930.8,51.25,6.0
2024-12-02 06:00:00,3.6040955,7.0162354,282.72708,100912.7,51.25,6.0
2024-12-02 07:00:00,3.7778778,6.658325,282.91937,100911.34,51.25,6.0
2024-12-02 08:00:00,3.713028,6.5399017,282.91724,100894.055,51.25,6.0
2024-12-02 09:00:00,3.6772308,6.529831,283.09412,100892.914,51.25,6.0
2024-12-02 10:00:00,3.4114075,5.742859,283.65662,100861.34,51.25,6.0
2024-12-02 11:00:00,4.1729736,6.4588013,284.3848,100824.81,51.25,6.0
2024-12-02 12:00:00,5.3871155,6.896576,284.7635,100697.39,51.25,6.0
2024-12-02 13:00:00,6.731827,5.8831177,284.53577,100676.734,51.25,6.0
2024-12-02 14:00:00,7.9383087,4.9174957,284.19574,100667.98,51.25,6.0
2024-12-02 15:00:00,7.898636,3.9505005,283.55737,100693.75,51.25,6.0
2024-12-02 16:00:00,7.4183655,3.887024,282.36783,100708.48,51.25,6.0
2024-12-02 17:00:00,6.8630066,3.9224854,281.89563,100731.48,51.25,6.0
2024-12-02 18:00:00,6.900833,3.942093,281.63397,100755.96,51.25,6.0
2024-12-02 19:00:00,6.789444,3.7692566,281.37317,100782.58,51.25,6.0
2024-12-02 20:00:00,6.6991425,4.2091675,281.1961,100792.64,51.25,6.0
2024-12-02 21:00:00,7.0601807,4.30809,281.01276,100805.17,51.25,6.0
2024-12-02 22:00:00,7.7641907,3.2616272,280.8636,100807.234,51.25,6.0
2024-12-02 23:00:00,7.2172546,4.5737762,280.7423,100840.22,51.25,6.0
2024-12-03 00:00:00,7.3006897,5.056076,280.76093,100813.95,51.25,6.0
2024-12-03 01:00:00,7.5914764,4.5740967,280.64404,100817.69,51.25,6.0
2024-12-03 02:00:00,8.007217,3.351654,280.44452,100824.945,51.25,6.0
2024-12-03 03:00:00,7.9197235,0.4084015,280.39453,100884.05,51.25,6.0
2024-12-03 04:00:00,7.2899323,-2.986023,280.4339,100941.06,51.25,6.0
2024-12-03 05:00:00,6.5067444,-5.163681,280.17133,101004.81,51.25,6.0
2024-12-03 06:00:00,5.510132,-5.6310883,279.52167,101086.83,51.25,6.0
2024-12-03 07:00:00,5.1576843,-4.634186,278.61383,101194.984,51.25,6.0
2024-12-03 08:00:00,4.9291687,-4.130432,278.17426,101301.02,51.25,6.0
2024-12-03 09:00:00,4.694763,-3.611847,278.80774,101366.39,51.25,6.0
2024-12-03 10:00:00,3.7688599,-2.508377,279.76404,101433.91,51.25,6.0
2024-12-03 11:00:00,3.932022,-2.6449432,280.12744,101464.78,51.25,6.0
2024-12-03 12:00:00,3.9164124,-2.8930817,280.25275,101444.75,51.25,6.0
2024-12-03 13:00:00,3.6824799,-3.004959,280.11536,101475.19,51.25,6.0
2024-12-03 14:00:00,3.854309,-2.823822,279.48874,101488.0,51.25,6.0
2024-12-03 15:00:00,4.049225,-2.9128418,279.00513,101563.36,51.25,6.0
2024-12-03 16:00:00,4.5101776,-2.6964264,278.1434,101606.9,51.25,6.0
2024-12-03 17:00:00,4.7919617,-2.416092,277.65918,101637.65,51.25,6.0
2024-12-03 18:00:00,4.6965637,-2.0685272,276.94843,101671.89,51.25,6.0
2024-12-03 19:00:00,4.7316437,-1.510086,276.50284,101686.05,51.25,6.0
2024-12-03 20:00:00,5.3287506,-1.2263489,275.8527,101740.91,51.25,6.0
2024-12-03 21:00:00,5.874756,-0.9292755,275.85703,101772.78,51.25,6.0
2024-12-03 22:00:00,5.3615265,-1.3847961,275.71548,101812.375,51.25,6.0
2024-12-03 23:00:00,5.2552185,-1.0116272,275.79688,101829.664,51.25,6.0
2024-12-04 00:00:00,5.3709717,-0.51252747,275.6242,101808.42,51.25,6.0
2024-12-04 01:00:00,5.3144836,-0.1652832,275.59882,101826.516,51.25,6.0
2024-12-04 02:00:00,5.1545715,0.24765015,275.3297,101845.31,51.25,6.0
2024-12-04 03:00:00,5.7792053,-0.056793213,275.17282,101874.09,51.25,6.0
2024-12-04 04:00:00,6.383133,-0.6174164,275.55396,101917.17,51.25,6.0
2024-12-04 05:00:00,5.6943665,-0.125,275.62366,101914.0,51.25,6.0
2024-12-04 06:00:00,5.803665,0.52589417,275.50922,101936.63,51.25,6.0
2024-12-04 07:00:00,6.018982,0.59643555,275.99658,101994.84,51.25,6.0
2024-12-04 08:00:00,5.4865265,1.1138763,276.3194,102026.39,51.25,6.0
2024-12-04 09:00:00,4.611786,1.3543854,276.9801,102050.41,51.25,6.0
2024-12-04 10:00:00,3.8624268,1.9822235,277.4434,102112.81,51.25,6.0
2024-12-04 11:00:00,3.8569183,1.9630127,278.0917,102128.97,51.25,6.0
2024-12-04 12:00:00,4.311722,1.6495209,278.56744,102107.78,51.25,6.0
2024-12-04 13:00:00,4.414215,1.4655914,278.8565,102129.71,51.25,6.0
2024-12-04 14:00:00,3.8947449,1.86763,278.58478,102112.95,51.25,6.0
2024-12-04 15:00:00,3.5618286,2.6018524,278.58112,102182.375,51.25,6.0
2024-12-04 16:00:00,3.2289581,3.408844,278.333,102188.016,51.25,6.0
2024-12-04 17:00:00,2.882843,4.134659,278.24152,102171.14,51.25,6.0
2024-12-04 18:00:00,3.1469421,4.2889557,278.25763,102187.67,51.25,6.0
2024-12-04 19:00:00,3.7345428,4.2219696,278.0716,102188.69,51.25,6.0
2024-12-04 20:00:00,3.3654022,4.6851196,277.94778,102157.71,51.25,6.0
2024-12-04 21:00:00,3.0458832,5.325424,277.69684,102118.625,51.25,6.0
2024-12-04 22:00:00,3.7363586,4.8906403,276.98145,102146.47,51.25,6.0
2024-12-04 23:00:00,3.5292053,5.261841,277.26645,102125.16,51.25,6.0
2024-12-05 00:00:00,3.1982727,6.2561646,277.44775,102087.39,51.25,6.0
2024-12-05 01:00:00,3.387024,6.7017975,277.55566,102031.3,51.25,6.0
2024-12-05 02:00:00,3.0124207,7.0579224,277.61444,101949.234,51.25,6.0
2024-12-05 03:00:00,2.5069275,7.417816,277.75214,101848.9,51.25,6.0
2024-12-05 04:00:00,2.154663,7.623657,277.91406,101755.99,51.25,6.0
2024-12-05 05:00:00,1.7065735,7.87471,277.93237,101686.8,51.25,6.0
2024-12-05 06:00:00,1.5210571,8.367035,277.87134,101608.7,51.25,6.0
2024-12-05 07:00:00,1.465683,8.976196,277.96198,101520.56,51.25,6.0
2024-12-05 08:00:00,1.7228088,9.52919,278.30963,101438.1,51.25,6.0
2024-12-05 09:00:00,2.0300598,10.218979,278.4793,101321.36,51.25,6.0
2024-12-05 10:00:00,1.8483734,9.901352,278.849,101172.47,51.25,6.0
2024-12-05 11:00:00,2.9424133,10.779297,278.7661,101031.625,51.25,6.0
2024-12-05 12:00:00,3.8826447,10.768082,278.695,100905.59,51.25,6.0
2024-12-05 13:00:00,4.8994904,10.489639,278.8547,100843.664,51.25,6.0
2024-12-05 14:00:00,5.417206,9.84465,278.97705,100772.68,51.25,6.0
2024-12-05 15:00:00,4.954376,9.661575,279.00116,100652.69,51.25,6.0
2024-12-05 16:00:00,5.796631,9.156586,279.06512,100601.09,51.25,6.0
2024-12-05 17:00:00,5.5032806,9.187698,279.35498,100474.07,51.25,6.0
2024-12-05 18:00:00,5.4731445,9.304489,279.72668,100335.31,51.25,6.0
2024-12-05 19:00:00,5.401764,9.75708,280.23346,100234.62,51.25,6.0
2024-12-05 20:00:00,5.132004,10.686066,280.59198,100086.97,51.25,6.0
2024-12-05 21:00:00,5.5999603,11.456909,280.97263,99891.78,51.25,6.0
2024-12-05 22:00:00,4.850128,12.185699,281.5173,99647.734,51.25,6.0
2024-12-05 23:00:00,6.506668,13.096558,282.0921,99456.92,51.25,6.0
2024-12-06 00:00:00,8.325989,12.220703,282.5697,99303.3,51.25,6.0
2024-12-06 01:00:00,13.12291,5.084152,282.75296,99351.97,51.25,6.0
2024-12-06 02:00:00,13.169785,-1.697937,281.8116,99530.89,51.25,6.0
2024-12-06 03:00:00,13.010864,-1.9746704,281.28156,99621.99,51.25,6.0
2024-12-06 04:00:00,12.490097,-0.9844208,280.88025,99684.39,51.25,6.0
2024-12-06 05:00:00,12.651672,-0.17492676,280.90802,99802.4,51.25,6.0
2024-12-06 06:00:00,12.981918,-0.4895172,280.91772,99936.54,51.25,6.0
2024-12-06 07:00:00,13.381317,-0.5257416,280.99557,100058.87,51.25,6.0
2024-12-06 08:00:00,14.286926,-0.69584656,280.92456,100209.72,51.25,6.0
2024-12-06 09:00:00,14.805832,-1.3947754,281.15906,100314.16,51.25,6.0
2024-12-06 10:00:00,14.00177,-2.1114807,281.52533,100453.92,51.25,6.0
2024-12-06 11:00:00,13.681961,-2.8345032,281.6963,100555.69,51.25,6.0
2024-12-06 12:00:00,13.105133,-2.8822174,281.74042,100667.25,51.25,6.0
2024-12-06 13:00:00,12.544083,-3.129837,281.8185,100765.445,51.25,6.0
2024-12-06 14:00:00,11.384842,-3.3989868,281.92517,100884.13,51.25,6.0
2024-12-06 15:00:00,10.450653,-2.6991882,281.7587,100991.0,51.25,6.0
2024-12-06 16:00:00,9.639557,-1.6886139,281.60315,101061.41,51.25,6.0
2024-12-06 17:00:00,9.407486,-0.6485138,281.26,101160.02,51.25,6.0
2024-12-06 18:00:00,8.19986,0.29273987,280.81873,101179.83,51.25,6.0
2024-12-06 19:00:00,7.249237,1.7355804,279.90063,101194.65,51.25,6.0
2024-12-06 20:00:00,6.384964,3.6195679,279.1055,101172.47,51.25,6.0
2024-12-06 21:00:00,5.854599,5.2294006,278.53845,101100.34,51.25,6.0
2024-12-06 22:00:00,3.3137054,6.2266693,278.48865,101007.83,51.25,6.0
2024-12-06 23:00:00,1.801651,7.41185,278.42218,100867.03,51.25,6.0
2024-12-07 00:00:00,3.110443,8.149673,278.85114,100769.56,51.25,6.0
2024-12-07 01:00:00,2.7547302,9.201019,279.32712,100569.69,51.25,6.0
2024-12-07 02:00:00,2.02359,10.557205,279.91583,100349.74,51.25,6.0
2024-12-07 03:00:00,1.8452911,11.101074,280.25662,100104.12,51.25,6.0
2024-12-07 04:00:00,3.1825867,11.303772,280.6656,99883.47,51.25,6.0
2024-12-07 05:00:00,3.351715,11.668152,280.9155,99661.516,51.25,6.0
2024-12-07 06:00:00,3.8231354,11.984695,280.81824,99510.09,51.25,6.0
2024-12-07 07:00:00,4.8619843,11.5091095,281.10986,99371.25,51.25,6.0
2024-12-07 08:00:00,5.2355347,10.378555,281.47635,99269.65,51.25,6.0
2024-12-07 09:00:00,5.6795197,9.151428,282.07123,99173.78,51.25,6.0
2024-12-07 10:00:00,5.3449554,8.2565155,282.82477,99113.97,51.25,6.0
2024-12-07 11:00:00,5.594101,8.956421,283.3404,99008.3,51.25,6.0
2024-12-07 12:00:00,6.9246063,9.679138,283.3218,98913.2,51.25,6.0
2024-12-07 13:00:00,7.4868774,9.945374,283.21222,98883.39,51.25,6.0
2024-12-07 14:00:00,7.196106,9.589355,282.43988,98826.89,51.25,6.0
2024-12-07 15:00:00,6.6369324,10.190475,281.77225,98827.125,51.25,6.0
2024-12-07 16:00:00,6.123169,10.690048,281.07925,98831.84,51.25,6.0
2024-12-07 17:00:00,5.2276917,10.947845,280.9209,98825.66,51.25,6.0
2024-12-07 18:00:00,4.9466095,10.826263,280.47034,98792.84,51.25,6.0
2024-12-07 19:00:00,4.883301,10.591217,280.05646,98788.56,51.25,6.0
2024-12-07 20:00:00,4.8701324,10.036438,279.6599,98766.45,51.25,6.0
2024-12-07 21:00:00,4.54422,9.198715,279.3853,98757.03,51.25,6.0
2024-12-07 22:00:00,4.109253,7.8590546,279.5838,98807.8,51.25,6.0
2024-12-07 23:00:00,2.7263947,7.5818787,279.39343,98838.55,51.25,6.0
2024-12-08 00:00:00,1.3427429,7.229065,279.43335,98878.53,51.25,6.0
2024-12-08 01:00:00,0.61035156,6.72493,279.54514,98922.05,51.25,6.0
2024-12-08 02:00:00,-0.52401733,6.103134,279.74725,99016.03,51.25,6.0
2024-12-08 03:00:00,-1.5952759,5.2029266,279.70844,99084.73,51.25,6.0
2024-12-08 04:00:00,-2.7875824,4.0613403,279.7477,99186.97,51.25,6.0
2024-12-08 05:00:00,-4.137436,2.4816742,279.63333,99307.67,51.25,6.0
2024-12-08 06:00:00,-5.103363,0.9811096,279.47253,99448.17,51.25,6.0
2024-12-08 07:00:00,-5.485199,0.08842468,279.32767,99601.86,51.25,6.0
2024-12-08 08:00:00,-5.6670227,-0.45158386,279.22263,99773.83,51.25,6.0
2024-12-08 09:00:00,-5.8103485,-0.83691406,279.373,99929.055,51.25,6.0
2024-12-08 10:00:00,-5.594055,-1.7340698,280.03986,100105.17,51.25,6.0
2024-12-08 11:00:00,-5.609558,-1.9365692,280.2077,100214.875,51.25,6.0
2024-12-08 12:00:00,-5.67482,-1.9900665,280.43356,100339.3,51.25,6.0
2024-12-08 13:00:00,-5.3316956,-2.4445038,280.65656,100421.39,51.25,6.0
2024-12-08 14:00:00,-5.112961,-3.685852,280.66382,100541.734,51.25,6.0
2024-12-08 15:00:00,-5.5093384,-4.8293915,280.41913,100669.9,51.25,6.0
2024-12-08 16:00:00,-6.1252747,-4.9779053,280.14417,100817.516,51.25,6.0
2024-12-08 17:00:00,-6.247116,-5.066162,279.6711,100918.54,51.25,6.0
2024-12-08 18:00:00,-6.068695,-5.5240784,279.0213,101037.64,51.25,6.0
2024-12-08 19:00:00,-5.5468445,-6.0413513,278.52692,101157.66,51.25,6.0
2024-12-08 20:00:00,-4.8800964,-6.415512,278.15784,101270.24,51.25,6.0
2024-12-08 21:00:00,-4.05484,-6.2331085,278.18787,101361.71,51.25,6.0
2024-12-08 22:00:00,-2.7611847,-6.1455383,278.6001,101439.984,51.25,6.0
2024-12-08 23:00:00,-2.5637512,-6.7022705,278.9348,101501.89,51.25,6.0
2024-12-09 00:00:00,-3.3103027,-7.2898254,278.92,101559.336,51.25,6.0
2024-12-09 01:00:00,-4.2887115,-7.817032,278.73108,101594.58,51.25,6.0
2024-12-09 02:00:00,-4.775757,-7.9700317,278.41583,101646.66,51.25,6.0
2024-12-09 03:00:00,-4.9568634,-7.692215,278.21573,101681.02,51.25,6.0
2024-12-09 04:00:00,-4.621277,-7.292938,278.24884,101688.08,51.25,6.0
2024-12-09 05:00:00,-4.487564,-7.2237244,278.18796,101729.05,51.25,6.0
2024-12-09 06:00:00,-4.3154297,-7.465271,278.34033,101766.25,51.25,6.0
2024-12-09 07:00:00,-4.2910156,-7.6563873,278.48334,101805.086,51.25,6.0
2024-12-09 08:00:00,-4.2495575,-7.842621,278.52637,101840.234,51.25,6.0
2024-12-09 09:00:00,-4.0219574,-7.8351593,278.51837,101867.95,51.25,6.0
2024-12-09 10:00:00,-3.335434,-7.051285,278.6468,101883.336,51.25,6.0
2024-12-09 11:00:00,-3.5867004,-7.4862213,278.62125,101858.88,51.25,6.0
2024-12-09 12:00:00,-4.156372,-7.5847015,278.6898,101831.92,51.25,6.0
2024-12-09 13:00:00,-6.1168213,-7.3347473,278.89517,101827.28,51.25,6.0
2024-12-09 14:00:00,-6.818329,-6.6114655,279.0094,101872.39,51.25,6.0
2024-12-09 15:00:00,-7.389679,-6.50354,278.90387,101969.8,51.25,6.0
2024-12-09 16:00:00,-7.647812,-5.9434814,278.8329,102057.5,51.25,6.0
2024-12-09 17:00:00,-7.2637787,-5.18277,278.6136,102122.305,51.25,6.0
2024-12-09 18:00:00,-6.501465,-5.028412,278.52902,102156.83,51.25,6.0
2024-12-09 19:00:00,-6.081375,-5.1371613,278.49133,102204.36,51.25,6.0
2024-12-09 20:00:00,-5.8911133,-5.276001,278.48663,102241.87,51.25,6.0
2024-12-09 21:00:00,-5.6663513,-5.6797028,278.5147,102285.39,51.25,6.0
2024-12-09 22:00:00,-4.664261,-5.6128693,278.61926,102298.61,51.25,6.0
2024-12-09 23:00:00,-4.3914948,-6.263153,278.69135,102304.984,51.25,6.0
2024-12-10 00:00:00,-4.4628754,-6.4125214,278.69342,102295.75,51.25,6.0
2024-12-10 01:00:00,-4.4500885,-6.5594025,278.71448,102301.41,51.25,6.0
2024-12-10 02:00:00,-4.6762695,-6.5643616,278.75665,102306.22,51.25,6.0
2024-12-10 03:00:00,-4.8605347,-6.4566193,278.62543,102282.84,51.25,6.0
2024-12-10 04:00:00,-4.918808,-6.1430664,278.54398,102274.625,51.25,6.0
2024-12-10 05:00:00,-5.2392883,-6.2071533,278.50772,102292.04,51.25,6.0
2024-12-10 06:00:00,-5.383316,-5.973007,278.53043,102303.98,51.25,6.0
2024-12-10 07:00:00,-5.4907227,-5.8020935,278.57318,102321.31,51.25,6.0
2024-12-10 08:00:00,-5.4288025,-5.801529,278.5663,102349.875,51.25,6.0
2024-12-10 09:00:00,-5.2938995,-5.706131,278.59195,102378.72,51.25,6.0
2024-12-10 10:00:00,-4.8358307,-5.355301,278.536,102408.66,51.25,6.0
2024-12-10 11:00:00,-5.565613,-5.071228,278.52933,102399.11,51.25,6.0
2024-12-10 12:00:00,-5.1786346,-4.8175507,278.47522,102381.91,51.25,6.0
2024-12-10 13:00:00,-5.462387,-5.084732,278.4757,102363.266,51.25,6.0
2024-12-10 14:00:00,-5.2739105,-5.0757904,278.38495,102365.664,51.25,6.0
2024-12-10 15:00:00,-5.3932343,-4.933609,278.28528,102370.3,51.25,6.0
2024-12-10 16:00:00,-5.734009,-4.9073334,278.21268,102407.586,51.25,6.0
2024-12-10 17:00:00,-6.1308136,-4.6218414,278.20163,102427.32,51.25,6.0
2024-12-10 18:00:00,-6.019165,-4.323349,278.10187,102424.7,51.25,6.0
2024-12-10 19:00:00,-5.8831177,-4.0952606,278.1077,102454.91,51.25,6.0
2024-12-10 20:00:00,-5.881195,-3.7250519,278.05576,102482.24,51.25,6.0
2024-12-10 21:00:00,-5.7022705,-3.4214478,278.02655,102503.28,51.25,6.0
2024-12-10 22:00:00,-4.82782,-3.1038513,277.87885,102497.266,51.25,6.0
2024-12-10 23:00:00,-4.2046967,-3.8741302,277.8241,102481.8,51.25,6.0
2024-12-11 00:00:00,-4.313568,-3.9947815,277.65768,102502.04,51.25,6.0
2024-12-11 01:00:00,-4.3757477,-3.5811768,277.58316,102507.95,51.25,6.0
2024-12-11 02:00:00,-4.5401,-3.1517334,277.43915,102511.62,51.25,6.0
2024-12-11 03:00:00,-4.6782684,-2.5965576,277.21765,102515.38,51.25,6.0
2024-12-11 04:00:00,-4.276016,-2.6151276,277.04068,102476.92,51.25,6.0
2024-12-11 05:00:00,-3.900467,-3.128769,277.02985,102481.7,51.25,6.0
2024-12-11 06:00:00,-3.9854736,-3.6602936,276.89307,102508.46,51.25,6.0
2024-12-11 07:00:00,-4.2498627,-3.4501495,276.74066,102539.16,51.25,6.0
2024-12-11 08:00:00,-4.4246216,-2.6743317,276.56314,102585.875,51.25,6.0
2024-12-11 09:00:00,-4.2177277,-2.2473145,276.49338,102616.54,51.25,6.0
2024-12-11 10:00:00,-3.8313751,-2.0279236,276.53204,102647.75,51.25,6.0
2024-12-11 11:00:00,-3.2643585,-2.0421143,276.6942,102634.414,51.25,6.0
2024-12-11 12:00:00,-2.8768158,-1.818985,276.73154,102613.97,51.25,6.0
2024-12-11 13:00:00,-2.7432098,-1.8786926,276.6422,102573.875,51.25,6.0
2024-12-11 14:00:00,-2.4839783,-2.0684814,276.52496,102583.15,51.25,6.0
2024-12-11 15:00:00,-2.3159943,-2.2796783,276.45328,102595.95,51.25,6.0
2024-12-11 16:00:00,-2.3500671,-2.3738403,276.39197,102601.52,51.25,6.0
2024-12-11 17:00:00,-2.417923,-2.1868439,276.42993,102644.58,51.25,6.0
2024-12-11 18:00:00,-2.1927032,-1.9703369,276.4314,102666.56,51.25,6.0
2024-12-11 19:00:00,-1.5975342,-1.6455536,276.33624,102697.766,51.25,6.0
2024-12-11 20:00:00,-1.7450104,-1.9147949,276.25842,102702.11,51.25,6.0
2024-12-11 21:00:00,-1.561264,-2.120285,276.2444,102711.95,51.25,6.0
2024-12-11 22:00:00,-1.384079,-1.6322479,275.90247,102709.945,51.25,6.0
2024-12-11 23:00:00,-1.3210602,-1.6980743,275.33496,102716.79,51.25,6.0
2024-12-12 00:00:00,-0.86746216,-1.1936493,275.4013,102696.14,51.25,6.0
2024-12-12 01:00:00,-0.9158325,-1.3091736,275.7019,102694.33,51.25,6.0
2024-12-12 02:00:00,-1.09935,-0.82392883,275.71417,102713.28,51.25,6.0
2024-12-12 03:00:00,-0.8450928,0.024124146,275.41827,102707.83,51.25,6.0
2024-12-12 04:00:00,-0.16334534,0.5358887,275.42792,102663.53,51.25,6.0
2024-12-12 05:00:00,0.39675903,0.7340088,275.3203,102675.53,51.25,6.0
2024-12-12 06:00:00,0.25675964,0.58332825,275.05246,102672.11,51.25,6.0
2024-12-12 07:00:00,0.6829834,0.31793213,275.1573,102647.31,51.25,6.0
2024-12-12 08:00:00,0.42674255,-0.23374939,275.27377,102677.91,51.25,6.0
2024-12-12 09:00:00,-0.06304932,0.19500732,275.36896,102693.17,51.25,6.0
2024-12-12 10:00:00,-0.73843384,0.12037659,275.2998,102711.32,51.25,6.0
2024-12-12 11:00:00,-0.8281708,0.63383484,275.45477,102664.41,51.25,6.0
2024-12-12 12:00:00,-0.82688904,0.6495819,275.5082,102635.81,51.25,6.0
2024-12-12 13:00:00,-0.86898804,0.34857178,275.69684,102606.56,51.25,6.0
2024-12-12 14:00:00,-1.3166962,0.08206177,275.7275,102574.0,51.25,6.0
2024-12-12 15:00:00,-1.8723145,-0.073272705,275.84827,102562.7,51.25,6.0
2024-12-12 16:00:00,-2.4023743,-0.10307312,275.96652,102550.16,51.25,6.0
2024-12-12 17:00:00,-2.9631195,-0.25654602,275.89008,102545.28,51.25,6.0
2024-12-12 18:00:00,-3.1882477,-0.7655945,275.9139,102553.445,51.25,6.0
2024-12-12 19:00:00,-3.6316986,-1.2212677,275.8037,102555.27,51.25,6.0
2024-12-12 20:00:00,-4.136429,-0.97309875,275.79984,102561.64,51.25,6.0
2024-12-12 21:00:00,-4.4468536,-0.50213623,275.49976,102546.45,51.25,6.0
2024-12-12 22:00:00,-3.7972107,-0.35668945,275.26697,102531.47,51.25,6.0
2024-12-12 23:00:00,-4.0786896,0.2644043,275.31317,102534.375,51.25,6.0
2024-12-13 00:00:00,-4.3335724,0.6712799,275.18433,102515.79,51.25,6.0
2024-12-13 01:00:00,-4.4161377,1.0178528,274.73553,102481.0,51.25,6.0
2024-12-13 02:00:00,-4.4166565,1.075592,274.60132,102459.09,51.25,6.0
2024-12-13 03:00:00,-4.5304413,1.1813965,274.27396,102423.13,51.25,6.0
2024-12-13 04:00:00,-4.522171,1.1656494,274.09393,102395.336,51.25,6.0
2024-12-13 05:00:00,-4.4699097,1.3408813,273.8133,102382.89,51.25,6.0
2024-12-13 06:00:00,-4.4467316,1.4783783,273.90598,102363.47,51.25,6.0
2024-12-13 07:00:00,-4.437546,1.8483734,273.69006,102344.75,51.25,6.0
2024-12-13 08:00:00,-4.14447,2.5855713,273.5672,102361.11,51.25,6.0
2024-12-13 09:00:00,-3.3903809,3.0281372,273.74457,102345.45,51.25,6.0
2024-12-13 10:00:00,-1.8052979,2.4758148,273.8919,102367.83,51.25,6.0
2024-12-13 11:00:00,-1.5328064,2.2006989,274.20886,102324.53,51.25,6.0
2024-12-13 12:00:00,-1.6451569,2.1416779,274.41077,102260.875,51.25,6.0
2024-12-13 13:00:00,-1.7081604,2.2070007,274.6436,102176.44,51.25,6.0
2024-12-13 14:00:00,-1.7241821,2.3440552,274.75684,102100.0,51.25,6.0
2024-12-13 15:00:00,-1.3307495,2.664215,274.52682,102059.2,51.25,6.0
2024-12-13 16:00:00,-1.1807251,1.6164398,274.4507,102018.984,51.25,6.0
2024-12-13 17:00:00,-1.298172,1.1075592,273.88983,101995.45,51.25,6.0
2024-12-13 18:00:00,-0.9741516,1.2229309,273.56885,101976.234,51.25,6.0
2024-12-13 19:00:00,-0.14645386,1.5147095,273.09326,101955.06,51.25,6.0
2024-12-13 20:00:00,0.93510437,2.2306366,272.32404,101915.97,51.25,6.0
2024-12-13 21:00:00,1.8879395,2.8112488,272.85593,101854.86,51.25,6.0
2024-12-13 22:00:00,1.3474731,3.4461975,273.17462,101842.16,51.25,6.0
2024-12-13 23:00:00,2.430542,3.618332,273.57434,101799.97,51.25,6.0
2024-12-14 00:00:00,3.0299225,3.007721,273.83972,101755.47,51.25,6.0
2024-12-14 01:00:00,3.3915253,2.404068,274.0896,101676.66,51.25,6.0
2024-12-14 02:00:00,3.9146729,1.7416534,274.1263,101636.0,51.25,6.0
2024-12-14 03:00:00,4.4969635,1.5530548,274.12582,101600.09,51.25,6.0
2024-12-14 04:00:00,5.112381,1.6462097,274.16833,101540.44,51.25,6.0
2024-12-14 05:00:00,5.335144,2.160614,274.258,101522.67,51.25,6.0
2024-12-14 06:00:00,5.3597717,2.8729248,274.22986,101512.375,51.25,6.0
2024-12-14 07:00:00,5.3120728,3.5353394,274.56113,101503.125,51.25,6.0
2024-12-14 08:00:00,5.5614777,4.1041718,274.67487,101512.41,51.25,6.0
2024-12-14 09:00:00,6.133789,5.030243,274.85565,101523.81,51.25,6.0
2024-12-14 10:00:00,5.2893677,4.3820496,275.23828,101510.15,51.25,6.0
2024-12-14 11:00:00,5.646805,4.534195,275.743,101482.234,51.25,6.0
2024-12-14 12:00:00,5.945755,4.447098,276.13043,101438.74,51.25,6.0
2024-12-14 13:00:00,5.405487,4.2495575,276.31488,101423.69,51.25,6.0
2024-12-14 14:00:00,6.817566,4.343399,276.58875,101365.5,51.25,6.0
2024-12-14 15:00:00,7.473694,4.016968,276.8805,101412.36,51.25,6.0
2024-12-14 16:00:00,7.7244873,4.099518,276.99927,101431.84,51.25,6.0
2024-12-14 17:00:00,7.952545,4.2045593,277.1187,101456.8,51.25,6.0
2024-12-14 18:00:00,8.487564,3.4838562,277.3476,101497.28,51.25,6.0
2024-12-14 19:00:00,8.633331,2.296875,277.5822,101523.22,51.25,6.0
2024-12-14 20:00:00,8.459488,0.19284058,277.61435,101560.3,51.25,6.0
2024-12-14 21:00:00,7.8510437,-0.6591797,277.59842,101613.72,51.25,6.0
2024-12-14 22:00:00,7.142044,0.30259705,277.92786,101668.16,51.25,6.0
2024-12-14 23:00:00,7.5624084,1.1593323,277.36404,101737.234,51.25,6.0
2024-12-15 00:00:00,7.5774384,2.382553,276.84204,101773.45,51.25,6.0
2024-12-15 01:00:00,7.5717773,3.0457458,276.20993,101803.016,51.25,6.0
2024-12-15 02:00:00,7.705017,3.409851,276.14255,101841.25,51.25,6.0
2024-12-15 03:00:00,7.807556,3.6102753,276.29956,101867.03,51.25,6.0
2024-12-15 04:00:00,7.6636963,3.453308,276.96185,101888.16,51.25,6.0
2024-12-15 05:00:00,7.7719727,3.2555237,277.48218,101928.53,51.25,6.0
2024-12-15 06:00:00,7.6859283,3.8095398,277.8157,101952.336,51.25,6.0
2024-12-15 07:00:00,7.769211,4.023697,278.0931,101993.38,51.25,6.0
2024-12-15 08:00:00,7.7702637,4.1562347,278.15875,102060.11,51.25,6.0
2024-12-15 09:00:00,7.7783966,4.3437653,278.50928,102097.484,51.25,6.0
2024-12-15 10:00:00,7.279953,4.784622,279.21652,102156.42,51.25,6.0
2024-12-15 11:00:00,8.2105255,5.339081,279.73407,102172.164,51.25,6.0
2024-12-15 12:00:00,8.744217,5.073059,280.4648,102135.17,51.25,6.0
2024-12-15 13:00:00,8.723267,4.3820953,280.83844,102147.05,51.25,6.0
2024-12-15 14:00:00,8.603683,4.415146,281.13376,102148.664,51.25,6.0
2024-12-15 15:00:00,8.610611,4.5677185,281.29968,102177.06,51.25,6.0
2024-12-15 16:00:00,8.797638,4.4323425,281.40417,102210.39,51.25,6.0
2024-12-15 17:00:00,8.894806,4.3348846,281.60028,102249.55,51.25,6.0
2024-12-15 18:00:00,8.830872,4.3980865,281.7281,102266.77,51.25,6.0
2024-12-15 19:00:00,8.900909,4.4485016,281.98553,102290.99,51.25,6.0
2024-12-15 20:00:00,9.162781,4.4273834,282.23083,102317.99,51.25,6.0
2024-12-15 21:00:00,9.328537,4.456665,282.50616,102351.984,51.25,6.0
2024-12-15 22:00:00,9.122818,4.9452667,282.74994,102347.234,51.25,6.0
2024-12-15 23:00:00,9.478149,4.081726,283.00284,102390.41,51.25,6.0
2024-12-16 00:00:00,9.474686,3.975769,283.1997,102398.45,51.25,6.0
2024-12-16 01:00:00,9.651688,3.997757,283.37848,102401.984,51.25,6.0
2024-12-16 02:00:00,9.792725,3.6540222,283.53088,102426.266,51.25,6.0
2024-12-16 03:00:00,9.815674,3.5922089,283.62878,102465.97,51.25,6.0
2024-12-16 04:00:00,9.690292,3.5653229,283.5727,102429.734,51.25,6.0
2024-12-16 05:00:00,9.511841,3.4164734,283.45612,102457.13,51.25,6.0
2024-12-16 06:00:00,9.430481,3.3178253,283.23517,102469.74,51.25,6.0
2024-12-16 07:00:00,9.764038,3.1354828,283.1491,102525.77,51.25,6.0
2024-12-16 08:00:00,10.046585,2.9536133,283.13013,102574.38,51.25,6.0
2024-12-16 09:00:00,9.931107,3.1260834,283.19476,102614.16,51.25,6.0
2024-12-16 10:00:00,8.391907,3.38826,283.40704,102638.7,51.25,6.0
2024-12-16 11:00:00,8.368088,3.2534332,283.41724,102593.07,51.25,6.0
2024-12-16 12:00:00,8.86438,3.193512,283.47552,102575.875,51.25,6.0
2024-12-16 13:00:00,8.847565,2.9372406,283.43777,102537.21,51.25,6.0
2024-12-16 14:00:00,8.275375,3.2092285,283.45868,102501.234,51.25,6.0
2024-12-16 15:00:00,8.229736,3.6586456,283.44043,102499.3,51.25,6.0
2024-12-16 16:00:00,8.539841,3.701416,283.4075,102496.68,51.25,6.0
2024-12-16 17:00:00,8.727997,3.3762207,283.29822,102510.91,51.25,6.0
2024-12-16 18:00:00,8.481125,3.188507,283.21814,102509.195,51.25,6.0
2024-12-16 19:00:00,8.238953,3.2706451,283.0876,102503.16,51.25,6.0
2024-12-16 20:00:00,8.602982,3.1902313,282.89142,102510.61,51.25,6.0
2024-12-16 21:00:00,8.553818,2.9615479,282.66293,102522.2,51.25,6.0
2024-12-16 22:00:00,7.2501373,3.2916107,282.39648,102517.375,51.25,6.0
2024-12-16 23:00:00,7.2552643,3.636444,282.28714,102518.336,51.25,6.0
2024-12-17 00:00:00,7.211136,4.156723,282.1687,102438.97,51.25,6.0
2024-12-17 01:00:00,7.7165375,4.0832825,281.93793,102431.75,51.25,6.0
2024-12-17 02:00:00,7.8805084,3.095932,281.75104,102463.11,51.25,6.0
2024-12-17 03:00:00,7.9451447,3.088562,281.6312,102457.35,51.25,6.0
2024-12-17 04:00:00,7.6948853,2.9743195,281.38525,102446.336,51.25,6.0
2024-12-17 05:00:00,6.888489,3.4677582,281.20126,102440.234,51.25,6.0
2024-12-17 06:00:00,6.324524,4.2580566,281.1267,102389.75,51.25,6.0
2024-12-17 07:00:00,6.3457184,4.536804,281.11145,102395.89,51.25,6.0
2024-12-17 08:00:00,6.6267853,3.9860687,281.19232,102450.34,51.25,6.0
2024-12-17 09:00:00,6.0618286,3.291916,281.32745,102475.81,51.25,6.0
2024-12-17 10:00:00,5.192108,3.5538788,281.73346,102478.0,51.25,6.0
2024-12-17 11:00:00,4.6872253,3.65477,281.9339,102417.86,51.25,6.0
2024-12-17 12:00:00,3.3738098,3.6770172,282.05963,102315.484,51.25,6.0
2024-12-17 13:00:00,2.6538239,3.9139862,282.10284,102251.375,51.25,6.0
2024-12-17 14:00:00,1.5636292,4.1265106,281.98193,102203.69,51.25,6.0
2024-12-17 15:00:00,0.47348022,4.704941,281.78223,102141.67,51.25,6.0
2024-12-17 16:00:00,0.26153564,5.1790314,281.40167,102089.14,51.25,6.0
2024-12-17 17:00:00,0.27075195,5.732315,281.11194,102028.44,51.25,6.0
2024-12-17 18:00:00,0.37911987,6.2025604,280.8947,101934.5,51.25,6.0
2024-12-17 19:00:00,0.40501404,6.2985535,280.63983,101839.99,51.25,6.0
2024-12-17 20:00:00,0.64094543,6.48053,280.34207,101743.1,51.25,6.0
2024-12-17 21:00:00,1.8583221,6.9021454,280.0063,101645.7,51.25,6.0
2024-12-17 22:00:00,1.2082367,6.5822144,280.1606,101581.45,51.25,6.0
2024-12-17 23:00:00,3.6719666,6.964905,280.01166,101490.3,51.25,6.0
2024-12-18 00:00:00,4.805374,6.5468597,280.05444,101431.45,51.25,6.0
2024-12-18 01:00:00,5.2026215,6.7626495,280.0401,101396.28,51.25,6.0
2024-12-18 02:00:00,4.6363373,7.779602,280.43427,101293.31,51.25,6.0
2024-12-18 03:00:00,5.727066,8.183716,281.11176,101231.56,51.25,6.0
2024-12-18 04:00:00,6.5684967,8.453613,281.43607,101128.05,51.25,6.0
2024-12-18 05:00:00,6.244919,8.881546,281.6369,101025.7,51.25,6.0
2024-12-18 06:00:00,6.6020203,9.1731415,282.17938,100960.52,51.25,6.0
2024-12-18 07:00:00,7.2087555,9.421783,282.65222,100923.266,51.25,6.0
2024-12-18 08:00:00,7.703186,9.597641,283.04254,100891.14,51.25,6.0
2024-12-18 09:00:00,8.068832,9.761047,283.29306,100869.36,51.25,6.0
2024-12-18 10:00:00,7.2775726,9.032852,283.5043,100835.5,51.25,6.0
2024-12-18 11:00:00,8.502213,9.353622,284.02524,100797.56,51.25,6.0
2024-12-18 12:00:00,9.028473,9.710968,284.67505,100704.61,51.25,6.0
2024-12-18 13:00:00,10.165878,9.186783,285.1195,100665.695,51.25,6.0
2024-12-18 14:00:00,10.345673,8.296585,285.4737,100670.375,51.25,6.0
2024-12-18 15:00:00,9.71965,7.6981506,285.7293,100695.35,51.25,6.0
2024-12-18 16:00:00,9.008636,7.66922,285.79065,100676.875,51.25,6.0
2024-12-18 17:00:00,8.387192,7.666458,285.84323,100688.71,51.25,6.0
2024-12-18 18:00:00,7.6732025,7.8976135,285.80872,100668.39,51.25,6.0
2024-12-18 19:00:00,6.755066,8.91658,285.58948,100593.06,51.25,6.0
2024-12-18 20:00:00,6.870743,9.4823,285.51477,100536.41,51.25,6.0
2024-12-18 21:00:00,6.3324585,9.358002,285.64243,100416.625,51.25,6.0
2024-12-18 22:00:00,4.7623596,9.486725,285.45172,100261.92,51.25,6.0
2024-12-18 23:00:00,5.263397,10.536575,285.57858,100066.7,51.25,6.0
2024-12-19 00:00:00,6.6227875,11.623993,286.14096,99896.09,51.25,6.0
2024-12-19 01:00:00,7.6083984,11.516525,286.44147,99750.44,51.25,6.0
2024-12-19 02:00:00,7.8451385,11.761475,286.5481,99590.5,51.25,6.0
2024-12-19 03:00:00,9.314407,12.079117,286.4652,99462.2,51.25,6.0
2024-12-19 04:00:00,10.064392,11.326736,286.0191,99343.4,51.25,6.0
2024-12-19 05:00:00,10.204758,10.676514,286.00812,99231.06,51.25,6.0
2024-12-19 06:00:00,10.148407,10.159256,285.5733,99173.53,51.25,6.0
2024-12-19 07:00:00,9.902985,9.288574,285.37173,99141.0,51.25,6.0
2024-12-19 08:00:00,10.285858,8.669525,284.90314,99105.69,51.25,6.0
2024-12-19 09:00:00,10.807922,4.202347,283.75787,99123.195,51.25,6.0
2024-12-19 10:00:00,9.656235,-4.445816,281.95166,99265.34,51.25,6.0
2024-12-19 11:00:00,9.03894,-3.585022,280.6339,99356.914,51.25,6.0
2024-12-19 12:00:00,10.27002,-3.7846985,280.17963,99425.91,51.25,6.0
2024-12-19 13:00:00,9.85881,-5.432007,279.72495,99519.56,51.25,6.0
2024-12-19 14:00:00,9.33403,-5.4607544,279.10187,99633.92,51.25,6.0
2024-12-19 15:00:00,9.237106,-5.1161957,278.46472,99758.75,51.25,6.0
2024-12-19 16:00:00,8.642426,-5.565201,278.09106,99911.414,51.25,6.0
2024-12-19 17:00:00,8.036758,-4.1752777,277.66125,100051.17,51.25,6.0
2024-12-19 18:00:00,8.652145,-2.9264374,277.5771,100180.16,51.25,6.0
2024-12-19 19:00:00,9.480942,-2.0848083,277.43527,100335.375,51.25,6.0
2024-12-19 20:00:00,9.813126,-1.3607635,277.38208,100479.55,51.25,6.0
2024-12-19 21:00:00,9.72879,-1.0415344,277.45837,100594.5,51.25,6.0
2024-12-19 22:00:00,8.815826,-0.21884155,277.4729,100692.05,51.25,6.0
2024-12-19 23:00:00,9.3281555,-1.0272827,277.49167,100774.55,51.25,6.0
2024-12-20 00:00:00,9.357483,-2.2913666,277.66638,100894.625,51.25,6.0
2024-12-20 01:00:00,8.924347,-2.5659027,277.50824,100982.79,51.25,6.0
2024-12-20 02:00:00,8.604401,-2.2239227,277.3811,101064.984,51.25,6.0
2024-12-20 03:00:00,8.701523,-1.9998016,277.28387,101142.44,51.25,6.0
2024-12-20 04:00:00,8.653549,-1.9187622,277.09442,101221.2,51.25,6.0
2024-12-20 05:00:00,8.218658,-1.7865753,277.0772,101263.09,51.25,6.0
2024-12-20 06:00:00,7.822632,-0.9523163,276.92334,101319.97,51.25,6.0
2024-12-20 07:00:00,7.6579895,0.40963745,276.6387,101397.28,51.25,6.0
2024-12-20 08:00:00,7.6915436,1.3828888,276.48322,101461.16,51.25,6.0
2024-12-20 09:00:00,7.483017,2.322174,276.77402,101530.195,51.25,6.0
2024-12-20 10:00:00,6.389694,3.5962524,277.5114,101558.55,51.25,6.0
2024-12-20 11:00:00,6.6046295,3.8709106,278.2695,101558.2,51.25,6.0
2024-12-20 12:00:00,7.353058,4.078247,278.84366,101519.72,51.25,6.0
2024-12-20 13:00:00,7.0693054,4.2929535,278.90454,101511.06,51.25,6.0
2024-12-20 14:00:00,6.4969482,4.9071655,278.95447,101493.69,51.25,6.0
2024-12-20 15:00:00,5.946045,5.5615997,278.45438,101504.65,51.25,6.0
2024-12-20 16:00:00,5.7230835,6.0162354,277.97028,101453.484,51.25,6.0
2024-12-20 17:00:00,5.5913544,6.2941895,277.69415,101432.03,51.25,6.0
2024-12-20 18:00:00,5.746643,6.886978,277.71326,101410.75,51.25,6.0
2024-12-20 19:00:00,6.1388397,7.3897552,278.41046,101380.08,51.25,6.0
2024-12-20 20:00:00,6.449936,7.4441833,278.8542,101335.22,51.25,6.0
2024-12-20 21:00:00,6.490814,7.454773,278.87305,101299.58,51.25,6.0
2024-12-20 22:00:00,5.2788086,7.868637,279.11404,101260.66,51.25,6.0
2024-12-20 23:00:00,5.674301,8.415802,279.1473,101210.234,51.25,6.0
2024-12-21 00:00:00,6.506958,8.047516,279.286,101167.12,51.25,6.0
2024-12-21 01:00:00,6.929291,7.5352936,279.63904,101131.08,51.25,6.0
2024-12-21 02:00:00,6.8495636,7.488693,279.76727,101127.98,51.25,6.0
2024-12-21 03:00:00,6.7765503,7.2368164,279.6739,101107.67,51.25,6.0
2024-12-21 04:00:00,6.8138733,6.5991516,279.69562,101096.25,51.25,6.0
2024-12-21 05:00:00,6.5795135,6.108429,279.7812,101040.2,51.25,6.0
2024-12-21 06:00:00,6.721054,5.4946747,279.8999,101026.19,51.25,6.0
2024-12-21 07:00:00,6.6216736,5.096222,280.13202,101043.09,51.25,6.0
2024-12-21 08:00:00,6.65094,4.952408,280.3584,101034.195,51.25,6.0
2024-12-21 09:00:00,6.701996,5.17717,280.77002,101040.734,51.25,6.0
2024-12-21 10:00:00,6.452118,6.1810913,281.23886,101000.57,51.25,6.0
2024-12-21 11:00:00,7.5283966,6.7796936,281.5258,100918.81,51.25,6.0
2024-12-21 12:00:00,8.458801,6.2094116,281.7734,100821.984,51.25,6.0
2024-12-21 13:00:00,8.873306,6.315277,281.65985,100737.17,51.25,6.0
2024-12-21 14:00:00,8.613907,7.529663,281.4709,100647.58,51.25,6.0
2024-12-21 15:00:00,8.560242,8.668854,281.2552,100543.95,51.25,6.0
2024-12-21 16:00:00,9.060806,8.994202,281.2787,100418.17,51.25,6.0
2024-12-21 17:00:00,9.377716,9.229996,281.4107,100311.16,51.25,6.0
2024-12-21 18:00:00,9.587982,9.28389,281.48172,100190.375,51.25,6.0
2024-12-21 19:00:00,9.920715,9.198715,281.8021,100077.58,51.25,6.0
2024-12-21 20:00:00,10.6098175,8.294037,282.2627,99981.39,51.25,6.0
2024-12-21 21:00:00,10.927643,7.1279144,282.9394,99904.45,51.25,6.0
2024-12-21 22:00:00,11.217148,2.369217,282.94406,99888.7,51.25,6.0
2024-12-21 23:00:00,10.159409,1.7842407,282.4505,99837.055,51.25,6.0
2024-12-22 00:00:00,9.549454,2.2835999,281.8101,99764.61,51.25,6.0
2024-12-22 01:00:00,10.411987,2.251831,281.21478,99725.33,51.25,6.0
2024-12-22 02:00:00,9.947693,2.7839203,280.5913,99647.984,51.25,6.0
2024-12-22 03:00:00,9.91185,3.3149261,280.44373,99567.07,51.25,6.0
2024-12-22 04:00:00,10.210114,2.1397705,280.12982,99476.95,51.25,6.0
2024-12-22 05:00:00,10.300629,1.2850189,280.00977,99411.39,51.25,6.0
2024-12-22 06:00:00,10.338516,0.7576904,279.43143,99355.414,51.25,6.0
2024-12-22 07:00:00,10.308548,0.5516815,278.60608,99348.72,51.25,6.0
2024-12-22 08:00:00,11.059906,0.03100586,277.77893,99351.76,51.25,6.0
2024-12-22 09:00:00,10.859009,-0.27452087,276.93747,99406.03,51.25,6.0
2024-12-22 10:00:00,10.018021,-0.4757843,276.66534,99458.33,51.25,6.0
2024-12-22 11:00:00,10.697937,-0.020965576,276.99377,99472.914,51.25,6.0
2024-12-22 12:00:00,10.784836,-0.13838196,277.713,99454.914,51.25,6.0
2024-12-22 13:00:00,11.537094,-1.184967,276.8759,99504.2,51.25,6.0
2024-12-22 14:00:00,10.385513,-1.6983643,277.5201,99541.72,51.25,6.0
2024-12-22 15:00:00,8.850693,-0.35862732,277.0362,99625.74,51.25,6.0
2024-12-22 16:00:00,8.265823,0.1403656,276.36053,99677.3,51.25,6.0
2024-12-22 17:00:00,8.0091095,0.53349304,276.09232,99769.2,51.25,6.0
2024-12-22 18:00:00,7.6478424,1.2915344,275.8793,99822.734,51.25,6.0
2024-12-22 19:00:00,7.4301453,2.7546082,275.6864,99868.67,51.25,6.0
2024-12-22 20:00:00,7.524597,4.128479,275.8154,99893.72,51.25,6.0
2024-12-22 21:00:00,7.6032257,5.1543427,275.82855,99901.05,51.25,6.0
2024-12-22 22:00:00,7.2550964,6.514389,276.2213,99878.58,51.25,6.0
2024-12-22 23:00:00,6.552887,6.1585693,276.34305,99885.66,51.25,6.0
2024-12-23 00:00:00,4.9782867,5.689392,275.67554,99881.766,51.25,6.0
2024-12-23 01:00:00,5.154602,2.2786865,276.0959,99891.57,51.25,6.0
2024-12-23 02:00:00,5.8461914,-3.2711182,277.6286,100015.5,51.25,6.0
2024-12-23 03:00:00,5.293106,-6.570755,279.07358,100121.39,51.25,6.0
2024-12-23 04:00:00,5.6817017,-7.619034,279.1062,100228.02,51.25,6.0
2024-12-23 05:00:00,6.3709106,-8.023865,278.63858,100348.92,51.25,6.0
2024-12-23 06:00:00,6.8446045,-7.737854,278.57086,100496.086,51.25,6.0
2024-12-23 07:00:00,6.953354,-7.148987,278.42477,100636.82,51.25,6.0
2024-12-23 08:00:00,6.87117,-6.815628,278.49158,100792.27,51.25,6.0
2024-12-23 09:00:00,6.622452,-6.364502,278.8087,100903.99,51.25,6.0
2024-12-23 10:00:00,6.2552643,-4.654251,279.24637,101021.88,51.25,6.0
2024-12-23 11:00:00,6.5282288,-3.5526428,279.75104,101056.2,51.25,6.0
2024-12-23 12:00:00,6.860779,-4.6878357,280.32263,101101.84,51.25,6.0
2024-12-23 13:00:00,6.9331207,-4.6988373,280.47882,101110.95,51.25,6.0
2024-12-23 14:00:00,6.5511627,-5.622528,279.46506,101180.484,51.25,6.0
2024-12-23 15:00:00,6.448593,-4.7934875,279.18445,101254.586,51.25,6.0
2024-12-23 16:00:00,6.7742615,-4.511841,278.5737,101308.34,51.25,6.0
2024-12-23 17:00:00,6.9333344,-4.150467,278.15723,101401.414,51.25,6.0
2024-12-23 18:00:00,6.8881683,-3.8390656,277.7119,101471.18,51.25,6.0
2024-12-23 19:00:00,6.674835,-3.2713013,277.3161,101541.09,51.25,6.0
2024-12-23 20:00:00,6.652603,-2.759842,277.2876,101578.44,51.25,6.0
2024-12-23 21:00:00,6.771652,-2.345459,276.95728,101645.0,51.25,6.0
2024-12-23 22:00:00,6.570114,-1.4270172,276.65332,101687.27,51.25,6.0
2024-12-23 23:00:00,6.8647156,-0.9212036,276.7381,101735.42,51.25,6.0
2024-12-24 00:00:00,6.4294586,-1.002182,276.573,101822.016,51.25,6.0
2024-12-24 01:00:00,6.4624786,-0.4644165,276.2524,101807.72,51.25,6.0
2024-12-24 02:00:00,6.0696106,-0.3208313,276.20105,101861.82,51.25,6.0
2024-12-24 03:00:00,5.7025146,-0.17211914,276.0993,101930.22,51.25,6.0
2024-12-24 04:00:00,5.8206177,1.3292236,276.23938,101935.05,51.25,6.0
2024-12-24 05:00:00,5.7847137,2.1526947,276.1255,101967.94,51.25,6.0
2024-12-24 06:00:00,5.5971985,2.5980682,276.31238,102009.484,51.25,6.0
2024-12-24 07:00:00,5.1823883,3.404953,276.38187,102050.164,51.25,6.0
2024-12-24 08:00:00,4.1690674,3.9432373,276.47913,102145.71,51.25,6.0
2024-12-24 09:00:00,2.9179382,5.0754547,276.93622,102158.984,51.25,6.0
2024-12-24 10:00:00,3.1140594,6.005615,277.1164,102157.2,51.25,6.0
2024-12-24 11:00:00,3.734436,6.175476,277.57968,102123.695,51.25,6.0
2024-12-24 12:00:00,2.564331,6.044571,277.87924,102151.984,51.25,6.0
2024-12-24 13:00:00,2.4217682,6.74881,278.0371,102177.92,51.25,6.0
2024-12-24 14:00:00,4.170807,6.381195,278.1632,102169.24,51.25,6.0
2024-12-24 15:00:00,4.237793,5.8626556,278.31702,102188.055,51.25,6.0
2024-12-24 16:00:00,4.0330353,5.3239136,278.3672,102214.36,51.25,6.0
2024-12-24 17:00:00,3.9529877,5.043213,278.438,102268.82,51.25,6.0
2024-12-24 18:00:00,3.9202423,4.8791656,278.57797,102315.58,51.25,6.0
2024-12-24 19:00:00,3.791687,5.0452423,278.6862,102356.57,51.25,6.0
2024-12-24 20:00:00,4.0839996,5.118576,278.78796,102385.164,51.25,6.0
2024-12-24 21:00:00,4.533386,4.7244415,278.94775,102422.76,51.25,6.0
2024-12-24 22:00:00,4.32695,4.7192383,279.0893,102466.055,51.25,6.0
2024-12-24 23:00:00,3.8481293,4.4671173,279.2069,102531.984,51.25,6.0
2024-12-25 00:00:00,3.8504333,4.362747,279.2981,102523.48,51.25,6.0
2024-12-25 01:00:00,4.2207336,3.947235,279.42413,102568.37,51.25,6.0
2024-12-25 02:00:00,4.3904724,3.5607758,279.55066,102623.195,51.25,6.0
2024-12-25 03:00:00,4.2610474,3.5159607,279.70297,102619.78,51.25,6.0
2024-12-25 04:00:00,3.9457092,3.174286,279.8252,102631.664,51.25,6.0
2024-12-25 05:00:00,3.5685425,3.1159668,279.93848,102676.516,51.25,6.0
2024-12-25 06:00:00,3.2425232,3.3529053,280.0725,102732.11,51.25,6.0
2024-12-25 07:00:00,3.1374512,3.2839355,280.17496,102791.78,51.25,6.0
2024-12-25 08:00:00,2.9950714,3.1148376,280.30048,102840.77,51.25,6.0
2024-12-25 09:00:00,2.7219543,3.0107117,280.54138,102897.29,51.25,6.0
2024-12-25 10:00:00,2.2556305,2.9947052,280.7992,102940.25,51.25,6.0
2024-12-25 11:00:00,2.3078918,3.2089844,281.29724,102968.84,51.25,6.0
2024-12-25 12:00:00,1.4924316,2.6574554,281.55017,102961.86,51.25,6.0
2024-12-25 13:00:00,1.1291809,2.3830261,281.72684,102932.4,51.25,6.0
2024-12-25 14:00:00,0.85609436,2.5747833,281.75287,102944.51,51.25,6.0
2024-12-25 15:00:00,0.37208557,3.0833435,281.70288,102965.69,51.25,6.0
2024-12-25 16:00:00,0.16775513,3.316269,281.51874,102999.89,51.25,6.0
2024-12-25 17:00:00,0.29136658,3.446228,281.33737,103042.4,51.25,6.0
2024-12-25 18:00:00,0.6379852,3.421463,281.11493,103042.78,51.25,6.0
2024-12-25 19:00:00,1.0934601,3.0790863,281.00565,103064.89,51.25,6.0
2024-12-25 20:00:00,1.5624237,2.688202,280.81583,103052.38,51.25,6.0
2024-12-25 21:00:00,1.736023,2.2291718,280.68518,103066.22,51.25,6.0
2024-12-25 22:00:00,1.1932983,2.1519318,280.3427,103093.5,51.25,6.0
2024-12-25 23:00:00,0.9279785,2.6609344,280.08548,103097.305,51.25,6.0
2024-12-26 00:00:00,0.58106995,2.434616,280.0097,103088.75,51.25,6.0
2024-12-26 01:00:00,0.21751404,1.908081,279.80545,103109.984,51.25,6.0
2024-12-26 02:00:00,-0.33590698,1.5350189,279.63715,103115.59,51.25,6.0
2024-12-26 03:00:00,-1.2017517,1.7199707,279.47406,103105.44,51.25,6.0
2024-12-26 04:00:00,-1.96698,1.915329,279.32617,103087.09,51.25,6.0
2024-12-26 05:00:00,-2.4335938,1.9880981,279.1136,103070.92,51.25,6.0
2024-12-26 06:00:00,-2.6461182,1.9332886,278.71432,103090.81,51.25,6.0
2024-12-26 07:00:00,-2.7381897,1.5122986,278.38354,103108.05,51.25,6.0
2024-12-26 08:00:00,-3.1669464,1.3968353,278.13342,103148.04,51.25,6.0
2024-12-26 09:00:00,-3.5200195,1.8268585,278.1431,103172.234,51.25,6.0
2024-12-26 10:00:00,-1.9905853,1.0088959,278.6996,103178.47,51.25,6.0
2024-12-26 11:00:00,-1.8630524,0.677536,279.0906,103192.805,51.25,6.0
2024-12-26 12:00:00,-1.8621368,0.49639893,279.6211,103132.125,51.25,6.0
2024-12-26 13:00:00,-2.0460205,0.22341919,279.81415,103108.42,51.25,6.0
2024-12-26 14:00:00,-2.639206,-0.09941101,279.74976,103095.125,51.25,6.0
2024-12-26 15:00:00,-3.3355865,-0.3631897,279.1245,103084.3,51.25,6.0
2024-12-26 16:00:00,-4.3076324,-0.10757446,278.17297,103064.93,51.25,6.0
2024-12-26 17:00:00,-4.883606,0.575531,278.02795,103066.67,51.25,6.0
2024-12-26 18:00:00,-4.90123,1.181488,277.7445,103054.86,51.25,6.0
2024-12-26 19:00:00,-4.782303,1.905426,277.62836,103088.945,51.25,6.0
2024-12-26 20:00:00,-4.6246796,2.438675,277.37665,103058.34,51.25,6.0
2024-12-26 21:00:00,-4.3489532,2.6394043,277.1994,103061.41,51.25,6.0
2024-12-26 22:00:00,-3.991928,2.3712769,276.6369,103044.984,51.25,6.0
2024-12-26 23:00:00,-3.918518,2.3748474,276.32962,103004.125,51.25,6.0
2024-12-27 00:00:00,-4.193207,2.3916473,275.888,102978.95,51.25,6.0
2024-12-27 01:00:00,-4.3468475,2.6228485,275.59387,102971.3,51.25,6.0
2024-12-27 02:00:00,-4.3188324,2.7635345,275.23065,102968.8,51.25,6.0
2024-12-27 03:00:00,-4.1835327,2.686905,274.67438,102937.81,51.25,6.0
2024-12-27 04:00:00,-4.029724,2.8460846,274.07867,102899.09,51.25,6.0
2024-12-27 05:00:00,-3.7714233,3.0599976,274.62247,102903.28,51.25,6.0
2024-12-27 06:00:00,-3.1588898,2.89003,274.8652,102903.8,51.25,6.0
2024-12-27 07:00:00,-2.7334442,2.5548859,274.59033,102908.67,51.25,6.0
2024-12-27 08:00:00,-2.3338776,2.5520935,273.38812,102902.36,51.25,6.0
2024-12-27 09:00:00,-1.7740021,2.4779358,274.14465,102926.984,51.25,6.0
2024-12-27 10:00:00,-0.9401398,1.3729553,274.7769,102905.92,51.25,6.0
2024-12-27 11:00:00,-0.4571228,0.92803955,275.75104,102878.16,51.25,6.0
2024-12-27 12:00:00,-0.2016449,0.9066467,276.84167,102816.95,51.25,6.0
2024-12-27 13:00:00,0.02079773,0.897583,277.53314,102750.64,51.25,6.0
2024-12-27 14:00:00,0.19503784,0.8843994,277.5498,102718.266,51.25,6.0
2024-12-27 15:00:00,0.5101776,0.7236328,276.79672,102705.58,51.25,6.0
2024-12-27 16:00:00,0.516037,-0.013885498,274.79886,102703.42,51.25,6.0
2024-12-27 17:00:00,0.40142822,-0.5526123,273.58228,102713.05,51.25,6.0
2024-12-27 18:00:00,0.25509644,-0.6794281,273.44995,102723.44,51.25,6.0
2024-12-27 19:00:00,0.44429016,-0.33042908,273.84238,102739.59,51.25,6.0
2024-12-27 20:00:00,0.9108429,0.29188538,274.16284,102749.72,51.25,6.0
2024-12-27 21:00:00,1.5117035,0.7961426,274.20685,102735.86,51.25,6.0
2024-12-27 22:00:00,1.6598206,0.94989014,272.11664,102704.47,51.25,6.0
2024-12-27 23:00:00,2.0747528,0.98716736,272.5982,102695.63,51.25,6.0
2024-12-28 00:00:00,1.918808,0.76846313,272.4558,102674.25,51.25,6.0
2024-12-28 01:00:00,1.5614014,0.6416321,272.466,102642.8,51.25,6.0
2024-12-28 02:00:00,1.1229706,0.81365967,272.3819,102633.84,51.25,6.0
2024-12-28 03:00:00,0.83084106,1.0666504,272.1661,102630.625,51.25,6.0
2024-12-28 04:00:00,0.8065491,0.7025757,272.22275,102576.9,51.25,6.0
2024-12-28 05:00:00,0.7419586,0.30270386,271.86298,102568.11,51.25,6.0
2024-12-28 06:00:00,0.5367737,0.7110901,271.70584,102557.08,51.25,6.0
2024-12-28 07:00:00,0.40489197,1.169342,271.45572,102564.91,51.25,6.0
2024-12-28 08:00:00,0.64237976,1.4008026,271.371,102559.31,51.25,6.0
2024-12-28 09:00:00,0.96047974,1.2937012,271.57642,102576.69,51.25,6.0
2024-12-28 10:00:00,1.3165894,0.80259705,272.481,102571.74,51.25,6.0
2024-12-28 11:00:00,1.0226135,0.93707275,273.4663,102539.2,51.25,6.0
2024-12-28 12:00:00,0.96388245,1.1743927,274.55145,102473.93,51.25,6.0
2024-12-28 13:00:00,0.762558,1.0526581,275.51306,102416.3,51.25,6.0
2024-12-28 14:00:00,0.60539246,0.89356995,275.99814,102390.06,51.25,6.0
2024-12-28 15:00:00,0.79515076,1.3825989,275.8958,102388.55,51.25,6.0
2024-12-28 16:00:00,1.0682526,1.5123596,275.66522,102358.875,51.25,6.0
2024-12-28 17:00:00,1.8033295,1.5920105,274.90744,102361.38,51.25,6.0
2024-12-28 18:00:00,2.5711823,1.3963776,273.622,102366.67,51.25,6.0
2024-12-28 19:00:00,3.505005,1.2877655,272.49677,102387.34,51.25,6.0
2024-12-28 20:00:00,4.4159393,1.4317017,272.78827,102390.5,51.25,6.0
2024-12-28 21:00:00,4.8175507,1.6226044,273.62634,102397.59,51.25,6.0
2024-12-28 22:00:00,4.809082,1.8453674,273.47668,102374.625,51.25,6.0
2024-12-28 23:00:00,4.8431854,1.9914856,273.47418,102384.2,51.25,6.0
2024-12-29 00:00:00,4.606674,1.8940125,273.4337,102376.31,51.25,6.0
2024-12-29 01:00:00,4.533081,1.8873138,273.20868,102356.72,51.25,6.0
2024-12-29 02:00:00,4.3809967,1.8583069,273.18835,102358.49,51.25,6.0
2024-12-29 03:00:00,4.4454346,1.8443909,273.10468,102382.75,51.25,6.0
2024-12-29 04:00:00,4.2273254,1.982132,272.98874,102378.18,51.25,6.0
2024-12-29 05:00:00,4.0144043,2.4116364,272.85846,102384.09,51.25,6.0
2024-12-29 06:00:00,4.0757294,2.9064636,272.9453,102396.55,51.25,6.0
2024-12-29 07:00:00,4.05159,3.3400574,272.9891,102440.125,51.25,6.0
2024-12-29 08:00:00,4.134018,3.3524475,273.07755,102470.36,51.25,6.0
2024-12-29 09:00:00,4.2614136,3.3544922,273.34616,102538.375,51.25,6.0
2024-12-29 10:00:00,3.1507568,3.585678,273.7072,102571.59,51.25,6.0
2024-12-29 11:00:00,3.1283264,3.8745117,274.16107,102569.83,51.25,6.0
2024-12-29 12:00:00,3.1758728,4.121567,274.66986,102495.31,51.25,6.0
2024-12-29 13:00:00,3.2325745,4.047592,274.80765,102490.516,51.25,6.0
2024-12-29 14:00:00,3.7331238,4.3151245,275.0495,102465.55,51.25,6.0
2024-12-29 15:00:00,3.3552094,4.184082,275.30365,102492.016,51.25,6.0
2024-12-29 16:00:00,3.565628,4.8214264,275.3178,102512.3,51.25,6.0
2024-12-29 17:00:00,4.0810394,4.8285522,275.3598,102544.625,51.25,6.0
2024-12-29 18:00:00,4.6295013,4.8236084,275.403,102557.945,51.25,6.0
2024-12-29 19:00:00,4.896408,5.234268,275.45972,102561.57,51.25,6.0
2024-12-29 20:00:00,5.137787,5.053253,275.486,102566.69,51.25,6.0
2024-12-29 21:00:00,5.225052,4.6891937,275.45065,102581.19,51.25,6.0
2024-12-29 22:00:00,4.71756,4.989273,275.3945,102589.34,51.25,6.0
2024-12-29 23:00:00,5.048996,5.0786743,275.29547,102594.59,51.25,6.0
2024-12-30 00:00:00,4.562271,4.9861755,275.1706,102590.42,51.25,6.0
2024-12-30 01:00:00,4.6956787,5.5267334,275.15875,102550.92,51.25,6.0
2024-12-30 02:00:00,4.9464874,5.6745453,275.1787,102558.15,51.25,6.0
2024-12-30 03:00:00,4.706665,5.5718536,275.25757,102556.266,51.25,6.0
2024-12-30 04:00:00,4.7240753,5.849716,275.3792,102506.73,51.25,6.0
2024-12-30 05:00:00,4.9865265,5.6492157,275.5138,102471.7,51.25,6.0
2024-12-30 06:00:00,5.1174774,5.5296936,275.68253,102469.86,51.25,6.0
2024-12-30 07:00:00,5.110428,5.467285,275.80783,102517.43,51.25,6.0
2024-12-30 08:00:00,5.0427704,5.769226,276.05444,102511.734,51.25,6.0
2024-12-30 09:00:00,4.9651337,6.077942,276.3404,102530.97,51.25,6.0
2024-12-30 10:00:00,4.3816223,6.323181,276.47775,102527.47,51.25,6.0
2024-12-30 11:00:00,4.540024,6.41864,276.7779,102499.31,51.25,6.0
2024-12-30 12:00:00,4.372574,6.27446,276.92117,102434.266,51.25,6.0
2024-12-30 13:00:00,4.65625,6.269882,277.0645,102382.84,51.25,6.0
2024-12-30 14:00:00,5.159607,6.130066,277.19623,102370.33,51.25,6.0
2024-12-30 15:00:00,4.6549377,5.7364807,277.12268,102365.984,51.25,6.0
2024-12-30 16:00:00,4.6776276,6.124817,276.9837,102360.35,51.25,6.0
2024-12-30 17:00:00,4.7579346,6.2767334,276.72412,102367.2,51.25,6.0
2024-12-30 18:00:00,5.129715,6.273041,276.61777,102365.734,51.25,6.0
2024-12-30 19:00:00,5.3118896,6.240677,276.45508,102365.336,51.25,6.0
2024-12-30 20:00:00,5.423752,6.0545044,276.2575,102368.23,51.25,6.0
2024-12-30 21:00:00,5.443207,5.7296143,276.05347,102384.53,51.25,6.0
2024-12-30 22:00:00,4.0781403,5.850708,275.69562,102383.78,51.25,6.0
2024-12-30 23:00:00,4.5164795,5.403,275.52588,102396.234,51.25,6.0
2024-12-31 00:00:00,4.544403,4.880478,275.16974,102405.73,51.25,6.0
2024-12-31 01:00:00,4.394577,5.1625214,274.95105,102370.17,51.25,6.0
2024-12-31 02:00:00,4.302719,5.344986,274.67038,102356.83,51.25,6.0
2024-12-31 03:00:00,4.3429413,5.310013,274.30872,102349.67,51.25,6.0
2024-12-31 04:00:00,4.282852,5.2079773,273.98553,102291.05,51.25,6.0
2024-12-31 05:00:00,4.198639,5.347122,273.59967,102273.84,51.25,6.0
2024-12-31 06:00:00,4.3693542,5.3871307,273.49945,102274.91,51.25,6.0
2024-12-31 07:00:00,4.6486816,5.5203857,273.4707,102275.664,51.25,6.0
2024-12-31 08:00:00,5.0968475,6.069519,273.4682,102260.56,51.25,6.0
2024-12-31 09:00:00,5.831909,6.608078,273.74194,102268.66,51.25,6.0
2024-12-31 10:00:00,3.801468,5.895218,273.92554,102266.625,51.25,6.0
2024-12-31 11:00:00,3.285019,6.7667694,274.45444,102178.11,51.25,6.0
2024-12-31 12:00:00,3.6233978,6.9429016,274.8959,102094.52,51.25,6.0
2024-12-31 13:00:00,4.6663055,6.7263794,275.2865,102043.64,51.25,6.0
2024-12-31 14:00:00,3.8072205,7.387329,275.45816,101988.484,51.25,6.0
2024-12-31 15:00:00,3.8268433,8.621811,275.64032,101910.67,51.25,6.0
2024-12-31 16:00:00,4.339615,8.916351,275.87036,101860.91,51.25,6.0
2024-12-31 17:00:00,4.9313965,9.097183,275.9924,101820.19,51.25,6.0
2024-12-31 18:00:00,6.6839294,9.047134,276.14178,101770.05,51.25,6.0
2024-12-31 19:00:00,7.833786,8.946823,276.71954,101757.39,51.25,6.0
2024-12-31 20:00:00,8.042038,9.067581,277.05997,101732.336,51.25,6.0
2024-12-31 21:00:00,8.0677185,9.770935,277.32715,101644.04,51.25,6.0
2024-12-31 22:00:00,7.5164337,9.352997,277.61017,101633.04,51.25,6.0
2024-12-31 23:00:00,8.349655,9.807861,278.18216,101586.72,51.25,6.0
2025-01-01 00:00:00,8.923279,9.919235,278.57617,101534.95,51.25,6.0
2025-01-01 01:00:00,8.9374695,10.019562,278.7625,101445.0,51.25,6.0
2025-01-01 02:00:00,9.1584015,9.734604,278.8555,101413.94,51.25,6.0
2025-01-01 03:00:00,9.221176,9.934128,278.98605,101359.266,51.25,6.0
2025-01-01 04:00:00,9.456619,10.011978,278.98492,101265.25,51.25,6.0
2025-01-01 05:00:00,9.540649,9.720627,279.02948,101235.16,51.25,6.0
2025-01-01 06:00:00,9.152145,10.381226,279.05133,101140.41,51.25,6.0
2025-01-01 07:00:00,8.75737,10.697098,278.98438,101081.766,51.25,6.0
2025-01-01 08:00:00,8.647491,10.95314,278.94244,101030.08,51.25,6.0
2025-01-01 09:00:00,8.7695465,11.700287,279.04755,101010.9,51.25,6.0
2025-01-01 10:00:00,8.305435,10.718369,279.4792,100927.81,51.25,6.0
2025-01-01 11:00:00,7.351181,11.416,279.58533,100853.55,51.25,6.0
2025-01-01 12:00:00,7.5785217,11.965683,279.86838,100712.36,51.25,6.0
2025-01-01 13:00:00,7.7842865,11.942581,279.768,100630.945,51.25,6.0
2025-01-01 14:00:00,10.568207,15.076553,279.852,100515.3,51.25,6.0
2025-01-01 15:00:00,11.625595,12.6835785,280.52747,100404.89,51.25,6.0
2025-01-01 16:00:00,11.232483,11.949783,280.94714,100319.5,51.25,6.0
2025-01-01 17:00:00,11.219345,12.11171,281.18414,100276.95,51.25,6.0
2025-01-01 18:00:00,11.4626465,12.078445,281.3457,100203.41,51.25,6.0
2025-01-01 19:00:00,12.001404,11.003189,281.24042,100212.9,51.25,6.0
2025-01-01 20:00:00,11.667618,7.8204193,281.40088,100223.695,51.25,6.0
2025-01-01 21:00:00,9.983902,2.6702423,280.87073,100264.555,51.25,6.0
2025-01-01 22:00:00,7.946335,-1.3989868,279.4862,100323.46,51.25,6.0
2025-01-01 23:00:00,8.007019,-0.71621704,277.94525,100423.016,51.25,6.0
