valid_time,u100,v100,t2m,sp,latitude,longitude
2024-12-31 00:00:00,4.544403,4.880478,275.16974,102405.73,51.25,6.0
2024-12-31 01:00:00,4.394577,5.1625214,274.95105,102370.17,51.25,6.0
2024-12-31 02:00:00,4.302719,5.344986,274.67038,102356.83,51.25,6.0
2024-12-31 03:00:00,4.3429413,5.310013,274.30872,102349.67,51.25,6.0
2024-12-31 04:00:00,4.282852,5.2079773,273.98553,102291.05,51.25,6.0
2024-12-31 05:00:00,4.198639,5.347122,273.59967,102273.84,51.25,6.0
2024-12-31 06:00:00,4.3693542,5.3871307,273.49945,102274.91,51.25,6.0
2024-12-31 07:00:00,4.6486816,5.5203857,273.4707,102275.664,51.25,6.0
2024-12-31 08:00:00,5.0968475,6.069519,273.4682,102260.56,51.25,6.0
2024-12-31 09:00:00,5.831909,6.608078,273.74194,102268.66,51.25,6.0
2024-12-31 10:00:00,3.801468,5.895218,273.92554,102266.625,51.25,6.0
2024-12-31 11:00:00,3.285019,6.7667694,274.45444,102178.11,51.25,6.0
2024-12-31 12:00:00,3.6233978,6.9429016,274.8959,102094.52,51.25,6.0
2024-12-31 13:00:00,4.6663055,6.7263794,275.2865,102043.64,51.25,6.0
2024-12-31 14:00:00,3.8072205,7.387329,275.45816,101988.484,51.25,6.0
2024-12-31 15:00:00,3.8268433,8.621811,275.64032,101910.67,51.25,6.0
2024-12-31 16:00:00,4.339615,8.916351,275.87036,101860.91,51.25,6.0
2024-12-31 17:00:00,4.9313965,9.097183,275.9924,101820.19,51.25,6.0
2024-12-31 18:00:00,6.6839294,9.047134,276.14178,101770.05,51.25,6.0
2024-12-31 19:00:00,7.833786,8.946823,276.71954,101757.39,51.25,6.0
2024-12-31 20:00:00,8.042038,9.067581,277.05997,101732.336,51.25,6.0
2024-12-31 21:00:00,8.0677185,9.770935,277.32715,101644.04,51.25,6.0
2024-12-31 22:00:00,7.5164337,9.352997,277.61017,101633.04,51.25,6.0
2024-12-31 23:00:00,8.349655,9.807861,278.18216,101586.72,51.25,6.0
2025-01-01 00:00:00,8.923279,9.919235,278.57617,101534.95,51.25,6.0
2025-01-01 01:00:00,8.9374695,10.019562,278.7625,101445.0,51.25,6.0
2025-01-01 02:00:00,9.1584015,9.734604,278.8555,101413.94,51.25,6.0
2025-01-01 03:00:00,9.221176,9.934128,278.98605,101359.266,51.25,6.0
2025-01-01 04:00:00,9.456619,10.011978,278.98492,101265.25,51.25,6.0
2025-01-01 05:00:00,9.540649,9.720627,279.02948,101235.16,51.25,6.0
2025-01-01 06:00:00,9.152145,10.381226,279.05133,101140.41,51.25,6.0
2025-01-01 07:00:00,8.75737,10.697098,278.98438,101081.766,51.25,6.0
2025-01-01 08:00:00,8.647491,10.95314,278.94244,101030.08,51.25,6.0
2025-01-01 09:00:00,8.7695465,11.700287,279.04755,101010.9,51.25,6.0
2025-01-01 10:00:00,8.305435,10.718369,279.4792,100927.81,51.25,6.0
2025-01-01 11:00:00,7.351181,11.416,279.58533,100853.55,51.25,6.0
2025-01-01 12:00:00,7.5785217,11.965683,279.86838,100712.36,51.25,6.0
2025-01-01 13:00:00,7.7842865,11.942581,279.768,100630.945,51.25,6.0
2025-01-01 14:00:00,10.568207,15.076553,279.852,100515.3,51.25,6.0
2025-01-01 15:00:00,11.625595,12.6835785,280.52747,100404.89,51.25,6.0
2025-01-01 16:00:00,11.232483,11.949783,280.94714,100319.5,51.25,6.0
2025-01-01 17:00:00,11.219345,12.11171,281.18414,100276.95,51.25,6.0
2025-01-01 18:00:00,11.4626465,12.078445,281.3457,100203.41,51.25,6.0
2025-01-01 19:00:00,12.001404,11.003189,281.24042,100212.9,51.25,6.0
2025-01-01 20:00:00,11.667618,7.8204193,281.40088,100223.695,51.25,6.0
2025-01-01 21:00:00,9.983902,2.6702423,280.87073,100264.555,51.25,6.0
2025-01-01 22:00:00,7.946335,-1.3989868,279.4862,100323.46,51.25,6.0
2025-01-01 23:00:00,8.007019,-0.71621704,277.94525,100423.016,51.25,6.0
2025-01-02 00:00:00,7.2263336,0.9772644,276.8842,100454.11,51.25,6.0
2025-01-02 01:00:00,7.7246094,1.9252625,276.53363,100474.61,51.25,6.0
2025-01-02 02:00:00,7.0026703,2.5820007,276.3102,100500.81,51.25,6.0
2025-01-02 03:00:00,6.6637573,2.714386,276.3611,100530.945,51.25,6.0
2025-01-02 04:00:00,6.5975037,2.4711304,276.30045,100576.62,51.25,6.0
2025-01-02 05:00:00,5.8502655,1.8021393,276.25525,100596.36,51.25,6.0
2025-01-02 06:00:00,5.4706726,1.204956,275.9593,100622.14,51.25,6.0
2025-01-02 07:00:00,5.1880035,0.64198303,275.8786,100677.92,51.25,6.0
2025-01-02 08:00:00,4.817032,0.08026123,275.80884,100740.53,51.25,6.0
2025-01-02 09:00:00,4.346054,-0.4438324,276.26447,100799.39,51.25,6.0
2025-01-02 10:00:00,2.997345,0.33078003,276.98444,100893.09,51.25,6.0
2025-01-02 11:00:00,2.942871,0.73735046,277.5456,100893.06,51.25,6.0
2025-01-02 12:00:00,3.5913544,0.2986908,278.15887,100899.08,51.25,6.0
2025-01-02 13:00:00,3.9286346,-1.0938263,278.4342,100872.28,51.25,6.0
2025-01-02 14:00:00,4.122528,-1.756012,277.72003,100861.69,51.25,6.0
2025-01-02 15:00:00,5.010742,-1.5014648,277.11365,100950.85,51.25,6.0
2025-01-02 16:00:00,5.544525,-2.8365326,276.1293,101002.484,51.25,6.0
2025-01-02 17:00:00,5.310196,-2.444046,275.88052,101059.11,51.25,6.0
2025-01-02 18:00:00,5.785736,-1.6416016,275.41446,101100.734,51.25,6.0
2025-01-02 19:00:00,6.547867,-1.1251221,275.24265,101166.47,51.25,6.0
2025-01-02 20:00:00,7.130234,-0.7292175,274.93567,101212.0,51.25,6.0
2025-01-02 21:00:00,7.5071716,-0.4255066,274.66534,101254.78,51.25,6.0
2025-01-02 22:00:00,7.11055,-0.30213928,274.4482,101285.36,51.25,6.0
2025-01-02 23:00:00,7.149124,0.114868164,274.4964,101355.64,51.25,6.0
2025-01-03 00:00:00,7.4677887,0.6967926,274.52124,101358.83,51.25,6.0
2025-01-03 01:00:00,7.9273834,0.8883667,274.61017,101352.82,51.25,6.0
2025-01-03 02:00:00,7.9585724,1.0857239,274.55627,101369.21,51.25,6.0
2025-01-03 03:00:00,7.7933044,1.2314911,274.4674,101364.81,51.25,6.0
2025-01-03 04:00:00,7.952606,1.3908234,274.36996,101339.44,51.25,6.0
2025-01-03 05:00:00,8.1979065,1.677536,274.5298,101342.89,51.25,6.0
2025-01-03 06:00:00,8.344162,1.7652893,274.4084,101341.11,51.25,6.0
2025-01-03 07:00:00,8.538162,1.7764435,274.25766,101355.375,51.25,6.0
2025-01-03 08:00:00,8.708893,1.8432922,274.19556,101373.805,51.25,6.0
2025-01-03 09:00:00,8.87204,1.7629089,274.50037,101431.92,51.25,6.0
2025-01-03 10:00:00,8.361908,1.5646667,275.03955,101456.44,51.25,6.0
2025-01-03 11:00:00,8.503708,2.3635254,275.55182,101427.11,51.25,6.0
2025-01-03 12:00:00,8.955765,2.9228973,275.87665,101380.22,51.25,6.0
2025-01-03 13:00:00,8.597748,3.4594421,276.17273,101353.58,51.25,6.0
2025-01-03 14:00:00,8.716782,3.4378662,276.03912,101298.586,51.25,6.0
2025-01-03 15:00:00,9.378174,1.8855591,275.78888,101336.414,51.25,6.0
2025-01-03 16:00:00,8.668091,0.76916504,275.5716,101372.97,51.25,6.0
2025-01-03 17:00:00,8.107361,0.43284607,275.53217,101430.85,51.25,6.0
2025-01-03 18:00:00,7.7893066,0.390213,275.33377,101485.83,51.25,6.0
2025-01-03 19:00:00,7.449127,0.29786682,275.31992,101533.99,51.25,6.0
2025-01-03 20:00:00,7.0309753,0.36442566,275.34796,101579.67,51.25,6.0
2025-01-03 21:00:00,6.5982513,0.4861908,275.2306,101607.32,51.25,6.0
2025-01-03 22:00:00,6.229706,1.8744354,274.8376,101624.73,51.25,6.0
2025-01-03 23:00:00,6.3539124,2.1983948,274.7909,101650.15,51.25,6.0
2025-01-04 00:00:00,6.297058,1.8740997,274.67493,101659.43,51.25,6.0
2025-01-04 01:00:00,6.171982,1.5303192,274.46628,101650.16,51.25,6.0
2025-01-04 02:00:00,5.658676,1.8080292,274.3569,101661.68,51.25,6.0
2025-01-04 03:00:00,5.4290314,2.4416962,274.1727,101638.14,51.25,6.0
2025-01-04 04:00:00,5.364441,2.8358765,274.02097,101622.734,51.25,6.0
2025-01-04 05:00:00,5.160095,2.9240875,273.99854,101598.81,51.25,6.0
2025-01-04 06:00:00,4.801529,2.9866486,274.02325,101581.36,51.25,6.0
2025-01-04 07:00:00,4.6225433,3.4845276,274.16946,101560.83,51.25,6.0
2025-01-04 08:00:00,4.3726807,3.9661865,274.17575,101545.266,51.25,6.0
2025-01-04 09:00:00,3.9438934,4.1776886,274.37854,101524.7,51.25,6.0
2025-01-04 10:00:00,3.7628784,4.094681,274.91077,101508.016,51.25,6.0
2025-01-04 11:00:00,3.3076782,3.8269958,275.29785,101438.125,51.25,6.0
2025-01-04 12:00:00,2.960266,2.878662,275.71997,101372.39,51.25,6.0
2025-01-04 13:00:00,2.905777,2.6796265,276.02423,101296.97,51.25,6.0
2025-01-04 14:00:00,2.1907654,2.9496307,276.10522,101227.88,51.25,6.0
2025-01-04 15:00:00,1.7468567,3.5687256,275.643,101200.97,51.25,6.0
2025-01-04 16:00:00,0.6291809,3.9328766,274.7201,101145.0,51.25,6.0
2025-01-04 17:00:00,-0.54481506,4.641632,274.2708,101079.66,51.25,6.0
2025-01-04 18:00:00,-1.6510162,4.675598,274.06848,101013.97,51.25,6.0
2025-01-04 19:00:00,-2.5648193,4.7519836,273.74097,100946.72,51.25,6.0
2025-01-04 20:00:00,-3.0928802,5.1440887,273.64655,100877.0,51.25,6.0
2025-01-04 21:00:00,-3.821518,4.986084,273.68958,100758.125,51.25,6.0
2025-01-04 22:00:00,-5.07489,4.328766,273.9709,100642.19,51.25,6.0
2025-01-04 23:00:00,-5.281784,3.8877258,274.04736,100531.5,51.25,6.0
2025-01-05 00:00:00,-5.984665,3.874054,274.0909,100345.83,51.25,6.0
2025-01-05 01:00:00,-5.460663,4.8918915,274.03552,100233.42,51.25,6.0
2025-01-05 02:00:00,-5.2168274,5.1647797,273.82758,100129.055,51.25,6.0
2025-01-05 03:00:00,-6.0717316,4.8959045,273.7335,99935.59,51.25,6.0
2025-01-05 04:00:00,-6.5283356,4.7759094,273.3885,99783.3,51.25,6.0
2025-01-05 05:00:00,-6.7818146,4.213028,273.18878,99663.14,51.25,6.0
2025-01-05 06:00:00,-6.964691,4.087311,273.05365,99531.07,51.25,6.0
2025-01-05 07:00:00,-6.9250183,4.367676,272.95462,99398.45,51.25,6.0
2025-01-05 08:00:00,-5.9904175,5.211685,273.023,99281.44,51.25,6.0
2025-01-05 09:00:00,-3.760498,5.8300934,273.7469,99143.86,51.25,6.0
2025-01-05 10:00:00,1.4615936,6.9930725,275.66245,99031.03,51.25,6.0
2025-01-05 11:00:00,7.1874237,7.7261047,279.55786,98939.73,51.25,6.0
2025-01-05 12:00:00,8.939682,8.225052,281.5103,98862.414,51.25,6.0
2025-01-05 13:00:00,9.898819,8.928299,282.12866,98791.61,51.25,6.0
2025-01-05 14:00:00,9.814178,8.891602,283.2933,98726.67,51.25,6.0
2025-01-05 15:00:00,9.519226,8.982864,284.31097,98708.69,51.25,6.0
2025-01-05 16:00:00,9.40036,8.996353,284.53357,98692.55,51.25,6.0
2025-01-05 17:00:00,9.107544,9.068008,284.74976,98680.08,51.25,6.0
2025-01-05 18:00:00,8.4309845,9.284103,284.5628,98657.914,51.25,6.0
2025-01-05 19:00:00,8.202042,9.808502,284.399,98660.17,51.25,6.0
2025-01-05 20:00:00,7.9596252,10.136398,284.3839,98642.44,51.25,6.0
2025-01-05 21:00:00,7.5809326,10.08252,284.41116,98586.95,51.25,6.0
2025-01-05 22:00:00,6.609207,10.047745,284.5055,98581.3,51.25,6.0
2025-01-05 23:00:00,7.420685,10.588287,284.30243,98527.516,51.25,6.0
2025-01-06 00:00:00,7.1725616,10.912048,284.23523,98459.77,51.25,6.0
2025-01-06 01:00:00,6.95697,11.0008545,284.17426,98397.984,51.25,6.0
2025-01-06 02:00:00,6.3691864,10.949295,284.24188,98372.72,51.25,6.0
2025-01-06 03:00:00,5.6801453,11.69603,284.2964,98306.06,51.25,6.0
2025-01-06 04:00:00,5.188339,12.348587,284.34546,98204.05,51.25,6.0
2025-01-06 05:00:00,5.2729034,12.755142,284.40103,98149.95,51.25,6.0
2025-01-06 06:00:00,5.44545,12.965698,284.43756,98091.516,51.25,6.0
2025-01-06 07:00:00,5.1331787,13.069397,284.5797,98043.6,51.25,6.0
2025-01-06 08:00:00,5.405258,13.612564,284.76245,98001.89,51.25,6.0
2025-01-06 09:00:00,5.46463,14.075668,284.69763,97966.91,51.25,6.0
2025-01-06 10:00:00,4.7306366,12.415894,284.56573,97925.414,51.25,6.0
2025-01-06 11:00:00,3.3476257,12.881653,285.42685,97800.875,51.25,6.0
2025-01-06 12:00:00,4.0315704,14.033798,286.15784,97649.33,51.25,6.0
2025-01-06 13:00:00,8.140472,14.926895,285.69458,97566.695,51.25,6.0
2025-01-06 14:00:00,15.054184,11.444962,283.9378,97763.16,51.25,6.0
2025-01-06 15:00:00,15.69136,9.959808,281.74896,98097.61,51.25,6.0
2025-01-06 16:00:00,13.883347,7.1728363,280.9326,98328.61,51.25,6.0
2025-01-06 17:00:00,11.688507,6.85614,280.33582,98506.9,51.25,6.0
2025-01-06 18:00:00,10.7630005,7.0588837,279.92862,98630.914,51.25,6.0
2025-01-06 19:00:00,10.272919,7.2505035,279.46555,98769.25,51.25,6.0
2025-01-06 20:00:00,9.969894,7.2220306,279.23447,98851.79,51.25,6.0
2025-01-06 21:00:00,9.678848,7.3868866,279.04285,98932.2,51.25,6.0
2025-01-06 22:00:00,8.505417,7.3783417,278.92346,98980.39,51.25,6.0
2025-01-06 23:00:00,6.975586,7.67276,278.75302,99020.234,51.25,6.0
2025-01-07 00:00:00,6.7843323,8.050461,278.2442,99020.79,51.25,6.0
2025-01-07 01:00:00,7.4135895,7.6249084,278.05084,99034.69,51.25,6.0
2025-01-07 02:00:00,7.787979,6.758713,277.66266,99065.484,51.25,6.0
2025-01-07 03:00:00,8.08197,6.4411316,277.27997,99104.3,51.25,6.0
2025-01-07 04:00:00,7.9725494,6.2344666,276.7991,99124.08,51.25,6.0
2025-01-07 05:00:00,7.6384125,6.675186,276.59296,99187.52,51.25,6.0
2025-01-07 06:00:00,7.6024475,6.5264893,276.35266,99214.45,51.25,6.0
2025-01-07 07:00:00,7.152115,6.125183,276.33847,99262.67,51.25,6.0
2025-01-07 08:00:00,6.774002,5.894348,276.3271,99309.625,51.25,6.0
2025-01-07 09:00:00,7.368866,5.415085,276.21503,99359.93,51.25,6.0
2025-01-07 10:00:00,7.880417,4.656082,276.18677,99460.82,51.25,6.0
2025-01-07 11:00:00,7.702652,4.86705,276.63818,99503.5,51.25,6.0
2025-01-07 12:00:00,7.744629,5.9829865,276.89203,99480.28,51.25,6.0
2025-01-07 13:00:00,7.8618317,7.129486,277.23474,99516.125,51.25,6.0
2025-01-07 14:00:00,6.9199524,7.189987,277.1803,99489.62,51.25,6.0
2025-01-07 15:00:00,7.273773,6.5558014,277.16724,99501.22,51.25,6.0
2025-01-07 16:00:00,6.412857,5.9837036,276.70654,99453.58,51.25,6.0
2025-01-07 17:00:00,7.6464844,5.6000366,276.65985,99485.34,51.25,6.0
2025-01-07 18:00:00,9.152512,4.60878,277.1004,99514.45,51.25,6.0
2025-01-07 19:00:00,9.15509,4.1684265,277.04935,99550.375,51.25,6.0
2025-01-07 20:00:00,9.16774,4.2013245,276.637,99607.42,51.25,6.0
2025-01-07 21:00:00,8.879898,4.095703,276.66324,99639.64,51.25,6.0
2025-01-07 22:00:00,7.430725,3.7181091,276.61975,99669.67,51.25,6.0
2025-01-07 23:00:00,7.19841,4.7757874,276.4673,99667.06,51.25,6.0
2025-01-08 00:00:00,8.291122,3.378128,276.31827,99697.35,51.25,6.0
2025-01-08 01:00:00,7.473236,3.2402039,276.06577,99689.3,51.25,6.0
2025-01-08 02:00:00,7.439026,3.7541351,275.83356,99730.47,51.25,6.0
2025-01-08 03:00:00,7.65506,3.950241,275.4749,99768.03,51.25,6.0
2025-01-08 04:00:00,7.2092896,4.496811,275.19797,99745.83,51.25,6.0
2025-01-08 05:00:00,7.7034607,4.302002,274.95407,99821.555,51.25,6.0
2025-01-08 06:00:00,7.3645935,4.189377,274.4093,99855.41,51.25,6.0
2025-01-08 07:00:00,6.5967255,4.4852753,274.13434,99899.39,51.25,6.0
2025-01-08 08:00:00,6.328491,4.7687225,274.2092,99990.93,51.25,6.0
2025-01-08 09:00:00,5.560791,5.207733,274.71066,99994.67,51.25,6.0
2025-01-08 10:00:00,4.753845,4.408203,275.57254,99986.2,51.25,6.0
2025-01-08 11:00:00,4.10112,3.880188,276.28043,99958.13,51.25,6.0
2025-01-08 12:00:00,4.2129974,2.159607,276.78354,99911.78,51.25,6.0
2025-01-08 13:00:00,3.4816284,1.0701752,277.09344,99884.83,51.25,6.0
2025-01-08 14:00:00,0.8840332,2.1581268,277.1449,99805.42,51.25,6.0
2025-01-08 15:00:00,-0.4309845,3.127533,276.85052,99801.6,51.25,6.0
2025-01-08 16:00:00,-1.825058,4.1589355,276.60767,99735.77,51.25,6.0
2025-01-08 17:00:00,-2.180664,4.4714966,276.39044,99704.09,51.25,6.0
2025-01-08 18:00:00,-3.6091309,4.7555084,275.79193,99587.125,51.25,6.0
2025-01-08 19:00:00,-4.9443665,2.2096558,274.65488,99510.42,51.25,6.0
2025-01-08 20:00:00,-6.981964,0.7869415,273.98856,99428.78,51.25,6.0
2025-01-08 21:00:00,-8.408966,-0.57948303,273.70142,99292.94,51.25,6.0
2025-01-08 22:00:00,-7.786377,-2.8402557,273.55713,99236.96,51.25,6.0
2025-01-08 23:00:00,-6.6050415,-3.1106262,273.4762,99185.83,51.25,6.0
2025-01-09 00:00:00,-4.584244,-3.63443,273.43634,99194.6,51.25,6.0
2025-01-09 01:00:00,-2.849411,-4.813507,273.32922,99224.72,51.25,6.0
2025-01-09 02:00:00,-2.1956177,-5.2319946,273.4475,99258.35,51.25,6.0
2025-01-09 03:00:00,-2.8600616,-4.5776825,273.351,99268.42,51.25,6.0
2025-01-09 04:00:00,-3.50177,-3.904953,273.22736,99253.445,51.25,6.0
2025-01-09 05:00:00,-3.3333435,-3.826828,273.3116,99253.03,51.25,6.0
2025-01-09 06:00:00,-2.8278809,-5.120102,273.34515,99268.22,51.25,6.0
2025-01-09 07:00:00,-2.308731,-6.3973083,273.36035,99303.37,51.25,6.0
2025-01-09 08:00:00,-1.849411,-6.8761444,273.3813,99358.14,51.25,6.0
2025-01-09 09:00:00,-0.7867279,-6.9450684,273.42117,99425.73,51.25,6.0
2025-01-09 10:00:00,0.14456177,-7.357498,273.40985,99504.16,51.25,6.0
2025-01-09 11:00:00,1.4337921,-5.783325,273.3239,99568.13,51.25,6.0
2025-01-09 12:00:00,3.1822205,-5.1932373,273.6034,99644.5,51.25,6.0
2025-01-09 13:00:00,4.7766266,-5.245758,274.29883,99749.24,51.25,6.0
2025-01-09 14:00:00,5.6759796,-4.3770447,274.97803,99868.836,51.25,6.0
2025-01-09 15:00:00,6.7739563,-3.006897,274.9419,99998.24,51.25,6.0
2025-01-09 16:00:00,7.6985016,-1.4699554,274.61328,100146.56,51.25,6.0
2025-01-09 17:00:00,8.49115,-0.44462585,274.4947,100258.36,51.25,6.0
2025-01-09 18:00:00,9.304504,0.07791138,274.50836,100385.234,51.25,6.0
2025-01-09 19:00:00,9.496277,0.41119385,274.4099,100510.94,51.25,6.0
2025-01-09 20:00:00,9.28241,1.3327332,274.04706,100619.46,51.25,6.0
2025-01-09 21:00:00,9.21611,2.571106,273.84305,100740.94,51.25,6.0
2025-01-09 22:00:00,8.308868,3.3307953,273.77774,100834.734,51.25,6.0
2025-01-09 23:00:00,8.653839,3.6670532,273.7565,100904.09,51.25,6.0
2025-01-10 00:00:00,8.710068,4.200989,273.8386,100913.53,51.25,6.0
2025-01-10 01:00:00,8.786102,4.2253265,274.06006,100952.0,51.25,6.0
2025-01-10 02:00:00,9.050369,3.7641907,274.2457,100994.09,51.25,6.0
2025-01-10 03:00:00,8.988052,3.688446,274.28586,101011.94,51.25,6.0
2025-01-10 04:00:00,8.996399,2.6519623,274.05103,101052.0,51.25,6.0
2025-01-10 05:00:00,8.622696,2.0469513,274.04987,101098.91,51.25,6.0
2025-01-10 06:00:00,8.419357,2.0415955,273.99884,101145.95,51.25,6.0
2025-01-10 07:00:00,7.8977203,2.3947601,273.78308,101177.3,51.25,6.0
2025-01-10 08:00:00,7.7140503,2.7604523,273.6684,101259.54,51.25,6.0
2025-01-10 09:00:00,7.181595,2.7699432,273.8761,101302.67,51.25,6.0
2025-01-10 10:00:00,6.501816,3.3575287,274.63907,101336.266,51.25,6.0
2025-01-10 11:00:00,5.5599213,2.8536835,275.43222,101371.19,51.25,6.0
2025-01-10 12:00:00,4.8949738,2.40419,275.91022,101357.19,51.25,6.0
2025-01-10 13:00:00,4.420746,2.090683,276.32947,101344.5,51.25,6.0
2025-01-10 14:00:00,4.483856,2.2263336,276.52847,101359.64,51.25,6.0
2025-01-10 15:00:00,5.4395447,2.3969116,275.96637,101378.78,51.25,6.0
2025-01-10 16:00:00,6.022934,1.9954224,275.05566,101399.22,51.25,6.0
2025-01-10 17:00:00,6.473892,1.7328186,274.5661,101439.64,51.25,6.0
2025-01-10 18:00:00,6.6691284,1.6556244,274.2674,101468.805,51.25,6.0
2025-01-10 19:00:00,6.508896,1.3791351,274.0376,101503.7,51.25,6.0
2025-01-10 20:00:00,6.3440857,1.1044006,273.77075,101535.78,51.25,6.0
2025-01-10 21:00:00,6.4671783,1.0563507,273.53342,101559.23,51.25,6.0
2025-01-10 22:00:00,6.1447754,0.57221985,273.20428,101595.47,51.25,6.0
2025-01-10 23:00:00,5.825775,0.28022766,273.063,101617.87,51.25,6.0
2025-01-11 00:00:00,5.656891,0.2288971,273.12375,101645.78,51.25,6.0
2025-01-11 01:00:00,5.2871246,-0.6756134,272.99622,101682.25,51.25,6.0
2025-01-11 02:00:00,4.464386,-1.4715118,272.88095,101733.016,51.25,6.0
2025-01-11 03:00:00,3.7302246,-1.8394318,272.6358,101774.97,51.25,6.0
2025-01-11 04:00:00,3.3231964,-1.707367,272.07086,101818.266,51.25,6.0
2025-01-11 05:00:00,3.0591736,-1.400589,271.82202,101869.37,51.25,6.0
2025-01-11 06:00:00,2.803238,-0.6897583,271.58887,101926.375,51.25,6.0
2025-01-11 07:00:00,2.9016113,-0.121292114,271.4558,101980.234,51.25,6.0
2025-01-11 08:00:00,3.1256561,0.16249084,271.55817,102046.984,51.25,6.0
2025-01-11 09:00:00,3.432373,0.56855774,272.1466,102125.69,51.25,6.0
2025-01-11 10:00:00,2.7926483,1.2615814,272.54443,102205.06,51.25,6.0
2025-01-11 11:00:00,3.302887,1.0472565,272.7978,102232.195,51.25,6.0
2025-01-11 12:00:00,3.5525208,0.48788452,273.1259,102218.67,51.25,6.0
2025-01-11 13:00:00,3.865738,0.29325867,273.3146,102242.56,51.25,6.0
2025-01-11 14:00:00,4.1773987,0.4259491,273.45364,102297.61,51.25,6.0
2025-01-11 15:00:00,4.4963226,0.71128845,273.5681,102340.89,51.25,6.0
2025-01-11 16:00:00,5.5570374,0.8192291,273.4832,102375.766,51.25,6.0
2025-01-11 17:00:00,6.461609,0.26863098,273.36273,102417.07,51.25,6.0
2025-01-11 18:00:00,6.6987915,-0.3262329,273.48175,102459.766,51.25,6.0
2025-01-11 19:00:00,6.361191,-1.0663452,273.42578,102524.09,51.25,6.0
2025-01-11 20:00:00,5.5002136,-1.9723206,273.4461,102586.39,51.25,6.0
2025-01-11 21:00:00,4.629013,-2.6380463,273.6362,102647.41,51.25,6.0
2025-01-11 22:00:00,3.8218536,-3.0772552,273.7376,102718.86,51.25,6.0
2025-01-11 23:00:00,3.4358826,-3.1566925,273.5692,102772.375,51.25,6.0
2025-01-12 00:00:00,2.8002777,-3.2610168,273.37488,102792.89,51.25,6.0
2025-01-12 01:00:00,2.5541382,-3.0998077,273.3426,102829.86,51.25,6.0
2025-01-12 02:00:00,2.5783997,-2.9459534,273.39636,102867.016,51.25,6.0
2025-01-12 03:00:00,3.0333405,-3.6960907,273.6253,102954.59,51.25,6.0
2025-01-12 04:00:00,2.6487274,-4.2935486,273.70416,103023.984,51.25,6.0
2025-01-12 05:00:00,1.7957916,-4.295578,273.63428,103041.625,51.25,6.0
2025-01-12 06:00:00,1.7457733,-4.3765717,274.0053,103125.734,51.25,6.0
2025-01-12 07:00:00,1.4752045,-3.8180237,274.1093,103193.25,51.25,6.0
2025-01-12 08:00:00,1.538971,-3.2868042,273.9766,103272.805,51.25,6.0
2025-01-12 09:00:00,1.761261,-2.7170868,274.50574,103323.03,51.25,6.0
2025-01-12 10:00:00,1.5528412,-2.4596863,275.1339,103360.82,51.25,6.0
2025-01-12 11:00:00,2.419632,-1.6973114,275.98166,103385.11,51.25,6.0
2025-01-12 12:00:00,2.6348572,-1.3213654,276.67548,103412.125,51.25,6.0
2025-01-12 13:00:00,2.921936,-1.1865997,277.00195,103385.73,51.25,6.0
2025-01-12 14:00:00,2.7316132,-0.8805847,277.0893,103382.45,51.25,6.0
2025-01-12 15:00:00,2.9686127,-1.4945221,276.95374,103438.766,51.25,6.0
2025-01-12 16:00:00,3.5391235,-2.2623901,276.64313,103452.67,51.25,6.0
2025-01-12 17:00:00,3.0528564,-2.2732086,275.12866,103470.91,51.25,6.0
2025-01-12 18:00:00,3.0864105,-3.1249084,274.39026,103533.31,51.25,6.0
2025-01-12 19:00:00,2.0645752,-4.658783,274.71457,103644.44,51.25,6.0
2025-01-12 20:00:00,0.21090698,-3.655365,274.3045,103648.16,51.25,6.0
2025-01-12 21:00:00,-0.46443176,-3.4864502,274.04724,103690.55,51.25,6.0
2025-01-12 22:00:00,-2.2812042,-2.5934753,274.13672,103738.46,51.25,6.0
2025-01-12 23:00:00,-2.2551575,-1.0290527,273.70453,103741.89,51.25,6.0
2025-01-13 00:00:00,-1.6177673,0.09234619,273.94342,103700.92,51.25,6.0
2025-01-13 01:00:00,-1.4367828,1.2378082,273.57745,103672.72,51.25,6.0
2025-01-13 02:00:00,-1.4834747,2.1617126,272.88184,103659.93,51.25,6.0
2025-01-13 03:00:00,-1.3392944,2.405182,272.37186,103676.34,51.25,6.0
2025-01-13 04:00:00,-1.0399475,2.1282196,271.74585,103693.875,51.25,6.0
2025-01-13 05:00:00,-0.84980774,2.1287384,271.6557,103701.02,51.25,6.0
2025-01-13 06:00:00,-0.94036865,2.4523468,271.6482,103688.22,51.25,6.0
2025-01-13 07:00:00,-1.1883698,3.051239,271.17606,103691.375,51.25,6.0
2025-01-13 08:00:00,-1.0080261,3.0984955,270.80783,103718.06,51.25,6.0
2025-01-13 09:00:00,-1.259201,2.809555,271.58466,103777.555,51.25,6.0
2025-01-13 10:00:00,-1.7963715,2.0691986,272.95013,103805.42,51.25,6.0
2025-01-13 11:00:00,-1.5002594,2.03656,273.83258,103786.586,51.25,6.0
2025-01-13 12:00:00,-1.3907471,2.1189575,274.7105,103702.14,51.25,6.0
2025-01-13 13:00:00,-1.1912079,2.171753,275.12305,103618.63,51.25,6.0
2025-01-13 14:00:00,-1.4625854,1.7358246,275.16284,103592.58,51.25,6.0
2025-01-13 15:00:00,-2.2166595,2.3207703,274.80054,103559.734,51.25,6.0
2025-01-13 16:00:00,-2.8402405,3.106186,273.0439,103539.766,51.25,6.0
2025-01-13 17:00:00,-2.8005066,3.4276123,271.70483,103502.875,51.25,6.0
2025-01-13 18:00:00,-2.1115723,2.8802795,270.84363,103459.86,51.25,6.0
2025-01-13 19:00:00,-1.8278809,2.8968048,270.63898,103426.57,51.25,6.0
2025-01-13 20:00:00,-2.2736206,4.10408,270.10046,103397.82,51.25,6.0
2025-01-13 21:00:00,-1.666214,4.901764,270.63385,103375.234,51.25,6.0
2025-01-13 22:00:00,-0.20236206,4.5524445,269.8469,103346.0,51.25,6.0
2025-01-13 23:00:00,1.8376923,4.2573547,269.04364,103358.9,51.25,6.0
2025-01-14 00:00:00,2.8231049,3.5911713,269.281,103313.21,51.25,6.0
2025-01-14 01:00:00,2.7678986,3.8822174,269.20572,103293.95,51.25,6.0
2025-01-14 02:00:00,2.5241852,4.687042,268.8916,103242.19,51.25,6.0
2025-01-14 03:00:00,3.1349182,4.4151,268.84375,103197.25,51.25,6.0
2025-01-14 04:00:00,3.6663055,2.8064423,268.46683,103187.33,51.25,6.0
2025-01-14 05:00:00,3.4876862,2.5785217,269.0916,103150.484,51.25,6.0
2025-01-14 06:00:00,3.3311768,3.3654633,269.4115,103134.8,51.25,6.0
2025-01-14 07:00:00,3.2970734,4.420807,269.3249,103107.53,51.25,6.0
2025-01-14 08:00:00,3.4744568,5.2537994,269.50815,103098.2,51.25,6.0
2025-01-14 09:00:00,3.8621063,5.5178375,270.74368,103068.75,51.25,6.0
2025-01-14 10:00:00,4.003006,3.4635162,272.1667,103088.05,51.25,6.0
2025-01-14 11:00:00,4.098282,2.5466766,273.4194,103067.58,51.25,6.0
2025-01-14 12:00:00,4.160034,2.7448425,274.24588,102985.17,51.25,6.0
2025-01-14 13:00:00,4.0092163,3.2619934,274.94543,102900.375,51.25,6.0
2025-01-14 14:00:00,4.7377777,3.369934,275.45334,102858.58,51.25,6.0
2025-01-14 15:00:00,5.334717,2.9813995,275.55682,102824.375,51.25,6.0
2025-01-14 16:00:00,5.9460297,1.7483673,275.30396,102856.9,51.25,6.0
2025-01-14 17:00:00,5.9881744,1.6115112,275.39673,102889.89,51.25,6.0
2025-01-14 18:00:00,5.780899,2.4006348,275.50455,102870.39,51.25,6.0
2025-01-14 19:00:00,5.873535,2.6967316,275.38058,102857.29,51.25,6.0
2025-01-14 20:00:00,6.0079956,2.2608643,275.32318,102819.39,51.25,6.0
2025-01-14 21:00:00,6.0976105,1.839386,275.27216,102801.516,51.25,6.0
2025-01-14 22:00:00,5.343857,1.8677521,275.20892,102794.34,51.25,6.0
2025-01-14 23:00:00,5.3581085,1.1888733,275.29523,102807.53,51.25,6.0
2025-01-15 00:00:00,5.139023,0.920578,275.39355,102788.7,51.25,6.0
2025-01-15 01:00:00,4.8408813,0.6130371,275.51666,102790.41,51.25,6.0
2025-01-15 02:00:00,4.776306,0.12437439,275.7155,102739.45,51.25,6.0
2025-01-15 03:00:00,4.5243073,-0.69758606,275.90668,102747.3,51.25,6.0
2025-01-15 04:00:00,4.3888855,-0.789505,276.0713,102709.734,51.25,6.0
2025-01-15 05:00:00,3.7530212,-1.4222107,276.2524,102725.92,51.25,6.0
2025-01-15 06:00:00,3.0377808,-1.616745,276.33978,102760.39,51.25,6.0
2025-01-15 07:00:00,3.23172,-0.89320374,276.47815,102774.53,51.25,6.0
2025-01-15 08:00:00,3.0408478,-0.77767944,276.45483,102793.73,51.25,6.0
2025-01-15 09:00:00,2.7935638,-0.6284027,276.8835,102848.45,51.25,6.0
2025-01-15 10:00:00,1.8585815,-0.1950531,277.23334,102900.375,51.25,6.0
2025-01-15 11:00:00,2.09729,-0.5547333,277.823,102917.7,51.25,6.0
2025-01-15 12:00:00,1.8057098,-0.39208984,278.37555,102868.875,51.25,6.0
2025-01-15 13:00:00,1.4209595,-0.5486603,278.5055,102840.96,51.25,6.0
2025-01-15 14:00:00,1.2955933,-0.63209534,278.60834,102840.22,51.25,6.0
2025-01-15 15:00:00,1.3779907,-0.7656555,278.47952,102865.73,51.25,6.0
2025-01-15 16:00:00,1.3368073,-0.7259064,278.44785,102865.05,51.25,6.0
2025-01-15 17:00:00,1.0018463,-0.68421936,278.25574,102924.73,51.25,6.0
2025-01-15 18:00:00,0.75914,-0.098342896,278.18762,102929.08,51.25,6.0
2025-01-15 19:00:00,0.8313751,0.22839355,277.94385,102964.83,51.25,6.0
2025-01-15 20:00:00,0.8171997,-0.17550659,277.902,102981.34,51.25,6.0
2025-01-15 21:00:00,0.42619324,-0.60969543,277.74017,103019.11,51.25,6.0
2025-01-15 22:00:00,-0.22325134,-0.13789368,277.2344,103022.75,51.25,6.0
2025-01-15 23:00:00,-0.57048035,0.735199,276.93097,103024.99,51.25,6.0
2025-01-16 00:00:00,-0.22294617,1.2570496,276.81573,102996.234,51.25,6.0
2025-01-16 01:00:00,-0.4033966,1.0363312,276.78345,103007.99,51.25,6.0
2025-01-16 02:00:00,-1.2935028,1.2332764,276.66492,103034.25,51.25,6.0
2025-01-16 03:00:00,-1.8592987,1.5345306,276.44498,103036.86,51.25,6.0
2025-01-16 04:00:00,-1.9893799,1.5156708,276.3675,103051.11,51.25,6.0
2025-01-16 05:00:00,-2.695877,1.8604736,276.31177,103085.59,51.25,6.0
2025-01-16 06:00:00,-2.7662964,2.0813904,276.15588,103096.33,51.25,6.0
2025-01-16 07:00:00,-2.9007416,2.5858002,275.96753,103117.8,51.25,6.0
2025-01-16 08:00:00,-2.9712372,3.1724548,275.72583,103173.58,51.25,6.0
2025-01-16 09:00:00,-2.4686432,2.9134064,275.5121,103202.72,51.25,6.0
2025-01-16 10:00:00,-1.8161621,2.084015,275.45963,103243.96,51.25,6.0
2025-01-16 11:00:00,-1.8010406,2.5000916,275.62326,103223.58,51.25,6.0
2025-01-16 12:00:00,-2.074707,2.6801758,275.6433,103182.51,51.25,6.0
2025-01-16 13:00:00,-2.1431274,2.4695587,275.924,103137.875,51.25,6.0
2025-01-16 14:00:00,-2.2091217,2.2807922,276.16138,103112.484,51.25,6.0
2025-01-16 15:00:00,-2.3407135,2.43544,276.26904,103107.89,51.25,6.0
2025-01-16 16:00:00,-2.3654785,2.350296,275.4346,103129.555,51.25,6.0
2025-01-16 17:00:00,-2.7052612,2.329071,275.08374,103144.83,51.25,6.0
2025-01-16 18:00:00,-2.7586975,2.316742,274.6034,103165.34,51.25,6.0
2025-01-16 19:00:00,-2.767746,2.3907013,273.8343,103192.53,51.25,6.0
2025-01-16 20:00:00,-2.7891083,2.5881195,273.35062,103240.61,51.25,6.0
2025-01-16 21:00:00,-2.3925934,2.7588196,272.9872,103241.766,51.25,6.0
2025-01-16 22:00:00,-2.0188293,2.4201202,272.12302,103241.67,51.25,6.0
2025-01-16 23:00:00,-1.0659485,3.0583038,271.78693,103250.875,51.25,6.0
2025-01-17 00:00:00,-0.21064758,2.830658,271.65088,103253.06,51.25,6.0
2025-01-17 01:00:00,0.14300537,2.6277008,271.62115,103237.53,51.25,6.0
2025-01-17 02:00:00,0.192276,2.286438,271.53986,103190.53,51.25,6.0
2025-01-17 03:00:00,-0.37994385,2.186676,271.52942,103178.82,51.25,6.0
2025-01-17 04:00:00,-0.9776306,1.9255981,271.58887,103183.92,51.25,6.0
2025-01-17 05:00:00,-1.5696259,1.8336945,272.4878,103194.55,51.25,6.0
2025-01-17 06:00:00,-2.206314,2.3414307,272.60645,103215.766,51.25,6.0
2025-01-17 07:00:00,-2.398819,2.6060333,272.4545,103215.16,51.25,6.0
2025-01-17 08:00:00,-2.0229797,2.458969,272.22705,103269.76,51.25,6.0
2025-01-17 09:00:00,-1.4235535,1.8672943,272.23474,103303.22,51.25,6.0
2025-01-17 10:00:00,-0.81840515,1.4003906,272.8683,103336.85,51.25,6.0
2025-01-17 11:00:00,-0.11242676,1.1093597,273.62137,103306.22,51.25,6.0
2025-01-17 12:00:00,-0.25689697,0.5942383,274.10056,103227.41,51.25,6.0
2025-01-17 13:00:00,-0.5760498,0.27235413,274.25195,103183.56,51.25,6.0
2025-01-17 14:00:00,-1.07901,0.29536438,274.3601,103177.16,51.25,6.0
2025-01-17 15:00:00,-1.7763062,0.9645691,273.95657,103138.11,51.25,6.0
2025-01-17 16:00:00,-2.3793182,1.3649902,274.76648,103109.32,51.25,6.0
2025-01-17 17:00:00,-2.552475,1.4155579,272.91544,103106.13,51.25,6.0
2025-01-17 18:00:00,-2.6262512,1.0002136,272.1427,103103.89,51.25,6.0
2025-01-17 19:00:00,-2.8029633,0.33433533,272.18732,103113.66,51.25,6.0
2025-01-17 20:00:00,-3.3252869,-0.3048706,272.2104,103119.74,51.25,6.0
2025-01-17 21:00:00,-4.1066284,-0.108810425,272.27118,103103.01,51.25,6.0
2025-01-17 22:00:00,-4.31427,0.15557861,272.40875,103072.76,51.25,6.0
2025-01-17 23:00:00,-4.0275574,0.95350647,272.15637,103059.445,51.25,6.0
2025-01-18 00:00:00,-3.6746826,1.3829346,271.91275,102999.02,51.25,6.0
2025-01-18 01:00:00,-3.4197083,1.5583191,271.43158,102948.85,51.25,6.0
2025-01-18 02:00:00,-3.5041962,1.501358,271.1509,102895.125,51.25,6.0
2025-01-18 03:00:00,-3.5901184,1.6000671,270.94885,102836.87,51.25,6.0
2025-01-18 04:00:00,-3.8142548,1.5737915,270.86005,102794.43,51.25,6.0
2025-01-18 05:00:00,-4.3364105,0.80163574,270.91876,102766.34,51.25,6.0
2025-01-18 06:00:00,-4.9050903,0.10244751,271.3376,102748.16,51.25,6.0
2025-01-18 07:00:00,-5.394104,-0.19018555,271.38278,102748.93,51.25,6.0
2025-01-18 08:00:00,-5.7216187,-0.00015258789,271.59082,102749.28,51.25,6.0
2025-01-18 09:00:00,-5.656662,0.35914612,271.82925,102741.98,51.25,6.0
2025-01-18 10:00:00,-3.9064484,1.0716858,273.00348,102681.39,51.25,6.0
2025-01-18 11:00:00,-3.2302094,1.5769196,273.53906,102622.75,51.25,6.0
2025-01-18 12:00:00,-3.0944366,1.4586334,273.949,102541.95,51.25,6.0
2025-01-18 13:00:00,-2.6392975,1.2608185,274.20724,102509.7,51.25,6.0
2025-01-18 14:00:00,-2.6114502,0.7078552,274.21777,102462.02,51.25,6.0
2025-01-18 15:00:00,-3.3767548,0.2037201,274.02325,102437.78,51.25,6.0
2025-01-18 16:00:00,-4.41774,0.28393555,273.80914,102402.375,51.25,6.0
2025-01-18 17:00:00,-5.155899,0.9800873,273.5216,102391.9,51.25,6.0
2025-01-18 18:00:00,-5.2868958,1.7757568,273.16275,102365.664,51.25,6.0
2025-01-18 19:00:00,-5.118698,2.443924,273.07376,102337.99,51.25,6.0
2025-01-18 20:00:00,-4.744629,3.124405,272.92432,102293.26,51.25,6.0
2025-01-18 21:00:00,-3.9067535,3.6535187,272.5523,102246.59,51.25,6.0
2025-01-18 22:00:00,-2.0230255,3.587906,271.6847,102211.76,51.25,6.0
2025-01-18 23:00:00,-0.4250641,3.042801,271.2531,102194.16,51.25,6.0
2025-01-19 00:00:00,0.122421265,2.419632,270.80307,102173.305,51.25,6.0
2025-01-19 01:00:00,0.74823,1.7067871,270.96777,102113.984,51.25,6.0
2025-01-19 02:00:00,0.92819214,0.5940552,271.29248,102068.89,51.25,6.0
2025-01-19 03:00:00,0.3978119,0.41975403,271.53073,102040.78,51.25,6.0
2025-01-19 04:00:00,-0.35858154,0.124801636,271.63342,101981.68,51.25,6.0
2025-01-19 05:00:00,-0.80644226,0.027954102,271.66443,101926.81,51.25,6.0
2025-01-19 06:00:00,-0.84091187,0.3525238,271.88666,101894.305,51.25,6.0
2025-01-19 07:00:00,-0.5535736,0.313385,271.78833,101863.766,51.25,6.0
2025-01-19 08:00:00,-0.37974548,-0.031555176,271.50598,101855.44,51.25,6.0
2025-01-19 09:00:00,-0.28231812,-0.53790283,271.14587,101848.484,51.25,6.0
2025-01-19 10:00:00,1.0153351,-0.70503235,271.39365,101853.21,51.25,6.0
2025-01-19 11:00:00,0.6617584,-0.55978394,271.83548,101810.56,51.25,6.0
2025-01-19 12:00:00,0.20080566,-0.276886,272.25922,101729.08,51.25,6.0
2025-01-19 13:00:00,0.76545715,0.018585205,272.47266,101690.2,51.25,6.0
2025-01-19 14:00:00,1.5336609,-0.18113708,272.3811,101657.58,51.25,6.0
2025-01-19 15:00:00,1.346405,-0.60336304,271.9698,101631.08,51.25,6.0
2025-01-19 16:00:00,0.80566406,-0.5063019,271.75122,101610.81,51.25,6.0
2025-01-19 17:00:00,0.79241943,-0.03677368,272.03546,101610.26,51.25,6.0
2025-01-19 18:00:00,1.1267242,0.13536072,271.8747,101614.805,51.25,6.0
2025-01-19 19:00:00,2.1316376,-0.1821289,271.16382,101626.984,51.25,6.0
2025-01-19 20:00:00,2.6406708,-0.57473755,270.68866,101638.5,51.25,6.0
2025-01-19 21:00:00,2.311737,-0.9695282,271.14362,101621.55,51.25,6.0
2025-01-19 22:00:00,1.2292633,-0.016662598,271.3792,101644.36,51.25,6.0
2025-01-19 23:00:00,1.7611237,0.013015747,271.231,101613.28,51.25,6.0
2025-01-20 00:00:00,1.3566742,0.11746216,270.9958,101603.66,51.25,6.0
2025-01-20 01:00:00,1.2008972,0.5355072,270.70557,101554.85,51.25,6.0
2025-01-20 02:00:00,1.548172,0.5679321,270.57703,101528.625,51.25,6.0
2025-01-20 03:00:00,1.7724152,0.4496765,270.55588,101524.68,51.25,6.0
2025-01-20 04:00:00,1.9412079,0.4078064,270.6212,101518.5,51.25,6.0
2025-01-20 05:00:00,1.9174347,0.4361267,270.70386,101501.234,51.25,6.0
2025-01-20 06:00:00,2.1637268,0.055786133,270.81384,101497.2,51.25,6.0
2025-01-20 07:00:00,2.0005798,-0.17726135,270.90192,101488.72,51.25,6.0
2025-01-20 08:00:00,1.5821991,0.2905426,270.99146,101506.64,51.25,6.0
2025-01-20 09:00:00,1.8061829,0.85720825,271.17065,101547.086,51.25,6.0
2025-01-20 10:00:00,1.058136,0.94415283,271.34125,101545.234,51.25,6.0
2025-01-20 11:00:00,1.3907471,1.5282898,271.59705,101555.87,51.25,6.0
2025-01-20 12:00:00,1.5697784,1.2940826,271.95007,101515.33,51.25,6.0
2025-01-20 13:00:00,1.3482361,1.2189178,272.32486,101478.91,51.25,6.0
2025-01-20 14:00:00,0.9593506,1.5732422,272.52362,101437.11,51.25,6.0
2025-01-20 15:00:00,1.2156525,1.4553375,272.64194,101397.35,51.25,6.0
2025-01-20 16:00:00,1.430069,0.169693,272.98602,101406.47,51.25,6.0
2025-01-20 17:00:00,0.5864563,-0.24491882,272.26678,101396.984,51.25,6.0
2025-01-20 18:00:00,-0.27626038,0.24801636,272.07336,101401.34,51.25,6.0
2025-01-20 19:00:00,-0.7496338,0.93133545,272.5531,101409.14,51.25,6.0
2025-01-20 20:00:00,-0.5365906,1.5615234,272.64902,101410.03,51.25,6.0
2025-01-20 21:00:00,0.012893677,1.9199219,272.4295,101402.36,51.25,6.0
2025-01-20 22:00:00,-1.1113129,1.3239594,272.1132,101382.266,51.25,6.0
2025-01-20 23:00:00,-1.0480194,2.866684,271.8129,101360.8,51.25,6.0
2025-01-21 00:00:00,0.052856445,2.9352264,271.85812,101346.6,51.25,6.0
2025-01-21 01:00:00,1.1969299,2.0657043,271.60596,101335.05,51.25,6.0
2025-01-21 02:00:00,1.585907,1.7543182,271.7027,101324.625,51.25,6.0
2025-01-21 03:00:00,1.702301,2.2153625,271.75055,101305.23,51.25,6.0
2025-01-21 04:00:00,1.2193451,2.9265137,271.3684,101260.39,51.25,6.0
2025-01-21 05:00:00,0.52905273,3.4047089,270.8355,101247.58,51.25,6.0
2025-01-21 06:00:00,0.29901123,3.8050385,270.69763,101230.08,51.25,6.0
2025-01-21 07:00:00,0.87628174,3.8073425,270.5971,101220.1,51.25,6.0
2025-01-21 08:00:00,2.6507416,2.1956482,271.0022,101250.36,51.25,6.0
2025-01-21 09:00:00,3.5095215,0.67585754,271.6375,101266.14,51.25,6.0
2025-01-21 10:00:00,2.3656158,1.2528381,272.3976,101279.78,51.25,6.0
2025-01-21 11:00:00,2.4835815,1.3537598,273.1598,101261.7,51.25,6.0
2025-01-21 12:00:00,1.6932526,0.8959961,274.02728,101228.484,51.25,6.0
2025-01-21 13:00:00,0.9355774,0.5427704,275.00653,101173.16,51.25,6.0
2025-01-21 14:00:00,-0.5843506,0.658844,275.52228,101097.28,51.25,6.0
2025-01-21 15:00:00,-2.3130798,1.2417755,275.46573,101042.586,51.25,6.0
2025-01-21 16:00:00,-3.6560364,1.837204,274.02173,101032.7,51.25,6.0
2025-01-21 17:00:00,-4.4797974,2.7449036,273.5857,101010.23,51.25,6.0
2025-01-21 18:00:00,-4.4426575,4.000885,273.43646,100947.53,51.25,6.0
2025-01-21 19:00:00,-3.757019,5.05455,273.33698,100917.516,51.25,6.0
2025-01-21 20:00:00,-2.508789,5.4582367,273.04892,100885.89,51.25,6.0
2025-01-21 21:00:00,-1.8069763,5.329834,272.40652,100830.945,51.25,6.0
2025-01-21 22:00:00,-1.7671356,4.2119446,272.4687,100771.266,51.25,6.0
2025-01-21 23:00:00,-2.1200104,4.874756,272.4955,100714.6,51.25,6.0
2025-01-22 00:00:00,-2.508484,5.3713074,272.67996,100670.2,51.25,6.0
2025-01-22 01:00:00,-2.6071014,5.597046,272.709,100589.73,51.25,6.0
2025-01-22 02:00:00,-3.0008087,6.055084,273.01172,100529.97,51.25,6.0
2025-01-22 03:00:00,-3.068985,6.5575867,273.53592,100432.66,51.25,6.0
2025-01-22 04:00:00,-2.702179,6.685959,273.7488,100372.47,51.25,6.0
2025-01-22 05:00:00,-2.7563782,6.7079163,274.0549,100292.19,51.25,6.0
2025-01-22 06:00:00,-2.668457,6.7404633,274.11835,100242.88,51.25,6.0
2025-01-22 07:00:00,-1.3317413,6.827194,274.32825,100239.0,51.25,6.0
2025-01-22 08:00:00,-1.3742676,6.8424683,274.8219,100194.33,51.25,6.0
2025-01-22 09:00:00,-2.432495,6.5178375,275.5788,100146.47,51.25,6.0
2025-01-22 10:00:00,-1.9165497,5.3305054,276.83228,100092.64,51.25,6.0
2025-01-22 11:00:00,-0.7862091,5.9964905,277.84662,100057.484,51.25,6.0
2025-01-22 12:00:00,-0.36592102,6.163391,278.07452,99938.36,51.25,6.0
2025-01-22 13:00:00,0.43867493,6.455017,278.03983,99833.68,51.25,6.0
2025-01-22 14:00:00,0.98135376,6.9035187,278.07275,99776.47,51.25,6.0
2025-01-22 15:00:00,1.5359802,7.232544,278.1987,99729.11,51.25,6.0
2025-01-22 16:00:00,1.9909515,6.4832764,278.2226,99686.84,51.25,6.0
2025-01-22 17:00:00,1.8165741,5.943756,278.38306,99675.266,51.25,6.0
2025-01-22 18:00:00,1.7766876,5.3822784,278.4763,99615.28,51.25,6.0
2025-01-22 19:00:00,1.6168823,4.816437,278.26816,99598.08,51.25,6.0
2025-01-22 20:00:00,1.8657227,3.6487122,277.7047,99525.97,51.25,6.0
2025-01-22 21:00:00,2.2394562,2.078125,277.3955,99473.89,51.25,6.0
2025-01-22 22:00:00,2.6940765,-0.10290527,277.46622,99415.1,51.25,6.0
2025-01-22 23:00:00,3.95961,-2.3081207,277.55078,99383.484,51.25,6.0
2025-01-23 00:00:00,4.6966705,-3.4113464,277.1877,99377.89,51.25,6.0
2025-01-23 01:00:00,5.036377,-2.5492249,276.9062,99407.92,51.25,6.0
2025-01-23 02:00:00,5.529129,-1.8081665,276.83237,99404.43,51.25,6.0
2025-01-23 03:00:00,6.581482,-1.063858,277.01587,99469.234,51.25,6.0
2025-01-23 04:00:00,6.9151917,-1.1322021,277.46466,99549.16,51.25,6.0
2025-01-23 05:00:00,7.354416,-1.1768494,277.78595,99660.59,51.25,6.0
2025-01-23 06:00:00,8.032944,-0.6987152,277.95428,99775.516,51.25,6.0
2025-01-23 07:00:00,8.559753,0.17593384,277.93988,99912.74,51.25,6.0
2025-01-23 08:00:00,8.9375,1.3787842,277.8066,100036.09,51.25,6.0
2025-01-23 09:00:00,8.81308,2.4801636,277.76453,100151.88,51.25,6.0
2025-01-23 10:00:00,6.8108673,4.3315735,277.7571,100234.875,51.25,6.0
2025-01-23 11:00:00,6.2059937,5.723297,278.10632,100278.625,51.25,6.0
2025-01-23 12:00:00,5.8081055,6.012375,278.40808,100312.09,51.25,6.0
2025-01-23 13:00:00,5.0848694,6.53096,278.8624,100269.086,51.25,6.0
2025-01-23 14:00:00,5.2535706,7.111679,279.279,100297.016,51.25,6.0
2025-01-23 15:00:00,4.468521,7.8673553,279.2552,100265.97,51.25,6.0
2025-01-23 16:00:00,4.04953,8.391403,279.14,100211.64,51.25,6.0
2025-01-23 17:00:00,4.1483154,9.304443,278.5702,100174.53,51.25,6.0
2025-01-23 18:00:00,3.961502,9.822327,278.47324,100094.336,51.25,6.0
2025-01-23 19:00:00,4.5852356,10.286316,278.42627,100075.03,51.25,6.0
2025-01-23 20:00:00,7.0842743,10.455048,278.41284,100044.28,51.25,6.0
2025-01-23 21:00:00,8.160202,8.685074,278.82135,100032.56,51.25,6.0
2025-01-23 22:00:00,6.769333,7.6163483,278.91675,100056.05,51.25,6.0
2025-01-23 23:00:00,7.1588745,7.2111053,279.1422,100088.41,51.25,6.0
2025-01-24 00:00:00,7.7081604,6.058304,279.3845,100141.875,51.25,6.0
2025-01-24 01:00:00,7.5973206,5.7658997,279.5876,100173.445,51.25,6.0
2025-01-24 02:00:00,7.1102905,5.871277,279.60815,100228.06,51.25,6.0
2025-01-24 03:00:00,4.658081,6.8710938,279.58087,100198.83,51.25,6.0
2025-01-24 04:00:00,3.4819183,8.449966,279.75958,100147.06,51.25,6.0
2025-01-24 05:00:00,3.059143,9.577103,280.18463,100075.13,51.25,6.0
2025-01-24 06:00:00,3.366684,10.4743805,280.67804,99974.516,51.25,6.0
2025-01-24 07:00:00,3.4535065,10.786972,281.04984,99871.06,51.25,6.0
2025-01-24 08:00:00,3.8829498,11.455521,281.15015,99808.97,51.25,6.0
2025-01-24 09:00:00,5.3299713,11.849915,281.12714,99808.766,51.25,6.0
2025-01-24 10:00:00,4.999298,12.283127,280.92194,99730.92,51.25,6.0
2025-01-24 11:00:00,6.876541,11.75029,280.94946,99680.44,51.25,6.0
2025-01-24 12:00:00,7.92778,10.858322,280.9123,99651.734,51.25,6.0
2025-01-24 13:00:00,8.365982,10.49501,281.06195,99628.89,51.25,6.0
2025-01-24 14:00:00,8.061584,10.26326,281.45828,99617.56,51.25,6.0
2025-01-24 15:00:00,8.023804,9.256607,281.74234,99667.94,51.25,6.0
2025-01-24 16:00:00,7.6931458,8.692825,281.93362,99697.27,51.25,6.0
2025-01-24 17:00:00,7.6170044,7.75235,282.03076,99749.11,51.25,6.0
2025-01-24 18:00:00,7.3671265,6.5053406,282.04742,99822.88,51.25,6.0
2025-01-24 19:00:00,6.4764557,5.5678253,282.08365,99867.2,51.25,6.0
2025-01-24 20:00:00,5.4621124,5.131378,282.0271,99871.44,51.25,6.0
2025-01-24 21:00:00,4.477661,4.64563,281.89026,99866.39,51.25,6.0
2025-01-24 22:00:00,2.212387,3.5921478,281.43958,99832.97,51.25,6.0
2025-01-24 23:00:00,1.102951,4.116394,281.0688,99808.34,51.25,6.0
2025-01-25 00:00:00,1.4698486,4.7328644,281.0032,99761.125,51.25,6.0
2025-01-25 01:00:00,2.8431244,5.2212067,281.3081,99710.03,51.25,6.0
2025-01-25 02:00:00,4.555069,7.2778473,282.32584,99649.17,51.25,6.0
2025-01-25 03:00:00,6.205185,9.389374,283.5934,99569.58,51.25,6.0
2025-01-25 04:00:00,6.9077606,9.627121,283.987,99526.67,51.25,6.0
2025-01-25 05:00:00,6.469696,9.281662,284.3252,99494.91,51.25,6.0
2025-01-25 06:00:00,5.6215363,7.8528595,283.96625,99497.05,51.25,6.0
2025-01-25 07:00:00,5.4777985,6.2600403,283.5475,99521.85,51.25,6.0
2025-01-25 08:00:00,6.2524414,5.187744,282.8026,99577.42,51.25,6.0
2025-01-25 09:00:00,6.8215637,3.182663,282.34476,99695.79,51.25,6.0
2025-01-25 10:00:00,4.9851685,-1.9111938,281.22357,99856.97,51.25,6.0
2025-01-25 11:00:00,4.036606,-1.1338348,280.5465,99981.95,51.25,6.0
2025-01-25 12:00:00,3.7572327,0.5605469,280.7428,100078.42,51.25,6.0
2025-01-25 13:00:00,4.294052,0.9351196,281.17792,100115.94,51.25,6.0
2025-01-25 14:00:00,4.970703,1.3163452,281.27948,100148.78,51.25,6.0
2025-01-25 15:00:00,4.0372314,0.7840576,281.23596,100205.33,51.25,6.0
2025-01-25 16:00:00,2.681305,-0.847229,280.73135,100196.81,51.25,6.0
2025-01-25 17:00:00,1.1091461,-1.5247345,280.19315,100216.03,51.25,6.0
2025-01-25 18:00:00,0.8154602,-1.9542999,279.86066,100279.91,51.25,6.0
2025-01-25 19:00:00,-0.98902893,-3.250351,279.6015,100234.09,51.25,6.0
2025-01-25 20:00:00,-2.682724,-3.7681122,279.07242,100203.58,51.25,6.0
2025-01-25 21:00:00,-3.60701,-3.5109406,278.78943,100167.44,51.25,6.0
2025-01-25 22:00:00,-2.729004,-4.228241,278.893,100148.41,51.25,6.0
2025-01-25 23:00:00,-1.0106812,-5.6297607,278.67676,100144.3,51.25,6.0
2025-01-26 00:00:00,-1.2122498,-5.149536,278.5526,100118.21,51.25,6.0
2025-01-26 01:00:00,-1.9909668,-5.2758484,278.36737,100119.34,51.25,6.0
2025-01-26 02:00:00,-1.9176025,-5.2502136,278.01587,100040.59,51.25,6.0
2025-01-26 03:00:00,-0.8087158,-5.242569,277.6399,100068.516,51.25,6.0
2025-01-26 04:00:00,1.2751007,-6.784836,277.0851,100094.83,51.25,6.0
2025-01-26 05:00:00,2.7162323,-7.3170624,275.87534,100138.42,51.25,6.0
2025-01-26 06:00:00,3.6958466,-7.012451,275.2016,100208.0,51.25,6.0
2025-01-26 07:00:00,3.5827332,-6.0169373,275.1521,100255.41,51.25,6.0
2025-01-26 08:00:00,2.9444427,-3.187729,275.32553,100284.914,51.25,6.0
2025-01-26 09:00:00,3.1307068,0.31950378,275.5422,100294.734,51.25,6.0
2025-01-26 10:00:00,3.1616669,2.8016968,276.02625,100389.45,51.25,6.0
2025-01-26 11:00:00,2.6808014,3.559082,276.5945,100383.51,51.25,6.0
2025-01-26 12:00:00,0.53411865,4.5768585,276.9828,100235.805,51.25,6.0
2025-01-26 13:00:00,-0.87298584,5.305893,277.65405,100132.61,51.25,6.0
2025-01-26 14:00:00,1.6188812,7.0151215,277.82724,100172.484,51.25,6.0
2025-01-26 15:00:00,0.658432,7.034073,277.84497,100077.88,51.25,6.0
2025-01-26 16:00:00,-2.300705,6.6828766,277.3467,99916.3,51.25,6.0
2025-01-26 17:00:00,-4.2456207,7.636017,277.1209,99785.42,51.25,6.0
2025-01-26 18:00:00,-5.5638123,8.693771,277.75055,99563.05,51.25,6.0
2025-01-26 19:00:00,-5.1553345,10.242889,278.04553,99369.375,51.25,6.0
2025-01-26 20:00:00,-3.0481567,11.375626,278.68286,99223.85,51.25,6.0
2025-01-26 21:00:00,-0.60112,12.322968,279.7201,99039.44,51.25,6.0
2025-01-26 22:00:00,2.1555634,11.214645,280.75842,98989.56,51.25,6.0
2025-01-26 23:00:00,3.0078583,9.700958,281.33105,98972.86,51.25,6.0
2025-01-27 00:00:00,0.6891937,9.612335,281.7474,98870.69,51.25,6.0
2025-01-27 01:00:00,-1.1824341,10.082703,281.8496,98732.97,51.25,6.0
2025-01-27 02:00:00,-1.257309,11.140808,281.6733,98510.25,51.25,6.0
2025-01-27 03:00:00,0.72151184,12.982605,282.04095,98325.07,51.25,6.0
2025-01-27 04:00:00,5.2359924,14.209442,282.86182,98210.625,51.25,6.0
2025-01-27 05:00:00,8.159851,14.173584,284.0942,98187.8,51.25,6.0
2025-01-27 06:00:00,10.21553,12.083664,284.50983,98304.38,51.25,6.0
2025-01-27 07:00:00,10.005829,8.814743,283.92218,98419.83,51.25,6.0
2025-01-27 08:00:00,7.9466095,7.9150543,283.53265,98546.21,51.25,6.0
2025-01-27 09:00:00,6.463211,8.006638,283.72748,98591.266,51.25,6.0
2025-01-27 10:00:00,6.739334,7.2963867,284.42413,98687.016,51.25,6.0
2025-01-27 11:00:00,5.7782745,7.3314514,285.11774,98598.3,51.25,6.0
2025-01-27 12:00:00,5.9614105,9.803482,284.89417,98696.9,51.25,6.0
2025-01-27 13:00:00,5.0518494,8.369324,284.48712,98678.73,51.25,6.0
2025-01-27 14:00:00,5.2832794,7.583618,284.66803,98495.414,51.25,6.0
2025-01-27 15:00:00,5.649948,9.3190155,284.25055,98623.67,51.25,6.0
2025-01-27 16:00:00,6.498337,8.974716,283.66406,98677.375,51.25,6.0
2025-01-27 17:00:00,4.877304,9.251038,282.82895,98734.27,51.25,6.0
2025-01-27 18:00:00,3.765564,9.536118,282.55225,98730.65,51.25,6.0
2025-01-27 19:00:00,4.170456,9.813553,282.599,98773.94,51.25,6.0
2025-01-27 20:00:00,4.6567993,9.785202,282.20715,98832.81,51.25,6.0
2025-01-27 21:00:00,4.4861603,9.445953,281.43604,98780.84,51.25,6.0
2025-01-27 22:00:00,3.8688965,9.147415,280.96967,98837.7,51.25,6.0
2025-01-27 23:00:00,3.8730774,9.52179,280.8799,98881.22,51.25,6.0
2025-01-28 00:00:00,3.3931274,8.833176,280.93817,98844.71,51.25,6.0
2025-01-28 01:00:00,3.5117798,8.563477,280.654,98797.84,51.25,6.0
2025-01-28 02:00:00,2.2677765,8.737793,280.5371,98712.06,51.25,6.0
2025-01-28 03:00:00,0.94540405,10.657211,280.5183,98752.875,51.25,6.0
2025-01-28 04:00:00,2.1589355,9.974014,280.42596,98716.36,51.25,6.0
2025-01-28 05:00:00,1.6250763,10.022614,280.44995,98713.14,51.25,6.0
2025-01-28 06:00:00,1.5107422,10.722595,280.5063,98746.45,51.25,6.0
2025-01-28 07:00:00,2.0727386,10.278122,280.68274,98742.75,51.25,6.0
2025-01-28 08:00:00,2.2906342,10.096451,280.8071,98768.89,51.25,6.0
2025-01-28 09:00:00,2.1842957,10.023956,281.6659,98772.7,51.25,6.0
2025-01-28 10:00:00,0.82481384,8.367615,282.18918,98757.45,51.25,6.0
2025-01-28 11:00:00,2.0595093,9.559753,282.75494,98734.19,51.25,6.0
2025-01-28 12:00:00,5.181259,10.871704,282.64175,98658.4,51.25,6.0
2025-01-28 13:00:00,4.5713806,9.909424,282.46048,98658.56,51.25,6.0
2025-01-28 14:00:00,5.1346893,10.056473,282.16956,98684.31,51.25,6.0
2025-01-28 15:00:00,3.2293549,9.54686,282.2625,98690.125,51.25,6.0
2025-01-28 16:00:00,1.6139069,9.682953,281.97302,98703.766,51.25,6.0
2025-01-28 17:00:00,0.7473602,10.211502,281.66888,98710.42,51.25,6.0
2025-01-28 18:00:00,1.4263458,10.200455,281.47766,98709.03,51.25,6.0
2025-01-28 19:00:00,3.0703278,9.7499695,281.10364,98731.016,51.25,6.0
2025-01-28 20:00:00,4.131912,9.307007,281.42352,98764.28,51.25,6.0
2025-01-28 21:00:00,4.7252197,9.357895,281.33136,98783.266,51.25,6.0
2025-01-28 22:00:00,4.050934,9.149231,281.31458,98772.125,51.25,6.0
2025-01-28 23:00:00,4.906845,8.26062,281.17328,98809.21,51.25,6.0
2025-01-29 00:00:00,6.471985,7.362076,281.1587,98837.2,51.25,6.0
2025-01-29 01:00:00,7.767807,5.9621277,280.9627,98899.48,51.25,6.0
2025-01-29 02:00:00,9.622986,4.156967,280.7975,98969.555,51.25,6.0
2025-01-29 03:00:00,10.71994,2.5074158,280.82632,99086.96,51.25,6.0
2025-01-29 04:00:00,11.313324,2.1292267,280.4911,99203.7,51.25,6.0
2025-01-29 05:00:00,11.2625885,1.9546814,280.0135,99346.17,51.25,6.0
2025-01-29 06:00:00,10.685791,2.8042603,279.88263,99474.66,51.25,6.0
2025-01-29 07:00:00,10.127426,3.4385529,279.6131,99603.664,51.25,6.0
2025-01-29 08:00:00,9.023941,3.9164276,279.5523,99729.44,51.25,6.0
2025-01-29 09:00:00,7.9089355,4.385193,279.89706,99792.59,51.25,6.0
2025-01-29 10:00:00,7.687729,4.7260437,280.32507,99882.43,51.25,6.0
2025-01-29 11:00:00,7.8372498,5.176285,281.4168,99944.36,51.25,6.0
2025-01-29 12:00:00,9.297546,5.1137543,281.4547,99988.7,51.25,6.0
2025-01-29 13:00:00,8.392883,4.3015137,281.98187,100011.375,51.25,6.0
2025-01-29 14:00:00,7.906311,4.401642,282.0136,100048.58,51.25,6.0
2025-01-29 15:00:00,6.1365967,4.116226,281.65942,100069.11,51.25,6.0
2025-01-29 16:00:00,5.1669617,4.5023804,281.13675,100107.84,51.25,6.0
2025-01-29 17:00:00,4.229828,4.8507385,280.65417,100170.37,51.25,6.0
2025-01-29 18:00:00,3.56427,5.203125,280.29468,100232.73,51.25,6.0
2025-01-29 19:00:00,2.989151,5.403763,279.68378,100296.266,51.25,6.0
2025-01-29 20:00:00,2.210556,5.2451324,279.58008,100322.484,51.25,6.0
2025-01-29 21:00:00,1.2211609,4.586487,279.41656,100318.58,51.25,6.0
2025-01-29 22:00:00,0.7640381,3.953537,279.2887,100354.44,51.25,6.0
2025-01-29 23:00:00,0.06375122,3.7378998,279.21417,100365.484,51.25,6.0
2025-01-30 00:00:00,0.1543274,3.800766,279.25433,100394.08,51.25,6.0
2025-01-30 01:00:00,0.5171509,3.7117004,279.26123,100420.42,51.25,6.0
2025-01-30 02:00:00,0.38616943,3.445984,279.35083,100420.125,51.25,6.0
2025-01-30 03:00:00,0.7136078,3.2728882,279.3399,100474.41,51.25,6.0
2025-01-30 04:00:00,0.7924652,2.593399,279.2829,100488.43,51.25,6.0
2025-01-30 05:00:00,1.0987091,2.0786285,279.38715,100553.22,51.25,6.0
2025-01-30 06:00:00,1.0131226,0.90005493,279.26196,100598.84,51.25,6.0
2025-01-30 07:00:00,0.7736206,-0.082962036,279.2464,100663.72,51.25,6.0
2025-01-30 08:00:00,0.7896271,-1.1461029,279.175,100745.04,51.25,6.0
2025-01-30 09:00:00,0.73095703,-2.9660034,279.29218,100814.25,51.25,6.0
2025-01-30 10:00:00,-0.040496826,-4.199127,279.4707,100873.69,51.25,6.0
2025-01-30 11:00:00,0.67762756,-4.762848,279.51007,100942.66,51.25,6.0
2025-01-30 12:00:00,1.2448425,-5.3242645,279.2921,100987.72,51.25,6.0
2025-01-30 13:00:00,1.5834808,-6.1585236,279.03912,101063.97,51.25,6.0
2025-01-30 14:00:00,1.8431854,-6.1323395,278.8252,101140.05,51.25,6.0
2025-01-30 15:00:00,1.9676361,-5.624695,278.5619,101224.445,51.25,6.0
2025-01-30 16:00:00,2.3347473,-4.432022,278.49304,101333.516,51.25,6.0
2025-01-30 17:00:00,3.0206146,-3.2665558,278.01868,101424.62,51.25,6.0
2025-01-30 18:00:00,4.5013275,-2.8067627,277.20456,101532.984,51.25,6.0
2025-01-30 19:00:00,5.5633698,-3.0738525,276.80988,101627.98,51.25,6.0
2025-01-30 20:00:00,5.7877502,-3.13385,276.1833,101701.56,51.25,6.0
2025-01-30 21:00:00,5.752472,-2.5438538,275.79926,101763.625,51.25,6.0
2025-01-30 22:00:00,6.1203766,-1.7262421,275.32788,101808.2,51.25,6.0
2025-01-30 23:00:00,5.868973,-0.37130737,274.81482,101852.59,51.25,6.0
2025-01-31 00:00:00,5.947937,0.39978027,274.50507,101885.84,51.25,6.0
2025-01-31 01:00:00,6.067627,0.4406128,274.36545,101945.78,51.25,6.0
2025-01-31 02:00:00,6.006775,0.84724426,274.4646,102000.7,51.25,6.0
2025-01-31 03:00:00,5.7322235,1.5821838,274.32944,102021.45,51.25,6.0
2025-01-31 04:00:00,5.4384155,2.7660065,274.1444,102057.78,51.25,6.0
2025-01-31 05:00:00,5.17157,3.667572,273.8821,102098.84,51.25,6.0
2025-01-31 06:00:00,4.840851,4.2435913,273.88312,102123.12,51.25,6.0
2025-01-31 07:00:00,4.5187073,4.384323,274.02075,102176.92,51.25,6.0
2025-01-31 08:00:00,4.18277,4.5431366,274.41455,102229.55,51.25,6.0
2025-01-31 09:00:00,3.490738,4.41362,275.17435,102277.18,51.25,6.0
2025-01-31 10:00:00,2.8889313,3.3047638,276.44922,102281.516,51.25,6.0
2025-01-31 11:00:00,2.6794891,3.0227814,277.8556,102319.16,51.25,6.0
2025-01-31 12:00:00,2.8839417,3.1566925,279.21332,102317.734,51.25,6.0
2025-01-31 13:00:00,2.5403595,2.4971008,279.52948,102313.7,51.25,6.0
2025-01-31 14:00:00,2.3408356,2.1000366,279.6349,102321.45,51.25,6.0
2025-01-31 15:00:00,1.5929718,1.8314209,279.34662,102339.28,51.25,6.0
2025-01-31 16:00:00,0.898407,2.25766,277.98807,102357.06,51.25,6.0
2025-01-31 17:00:00,0.34449768,2.8381348,276.62054,102382.39,51.25,6.0
2025-01-31 18:00:00,-0.020599365,2.6445465,275.3291,102458.805,51.25,6.0
2025-01-31 19:00:00,-0.5935669,1.8723755,274.59985,102531.56,51.25,6.0
2025-01-31 20:00:00,-1.3262787,1.5198975,273.77307,102579.734,51.25,6.0
2025-01-31 21:00:00,-2.1738129,1.6902771,273.2893,102615.484,51.25,6.0
2025-01-31 22:00:00,-3.1822968,2.7672882,273.5099,102647.11,51.25,6.0
2025-01-31 23:00:00,-2.8625946,3.5127716,272.76434,102685.92,51.25,6.0
2025-02-01 00:00:00,-2.2526398,3.94516,272.34833,102714.016,51.25,6.0
2025-02-01 01:00:00,-2.0495453,4.024475,271.96838,102702.33,51.25,6.0
2025-02-01 02:00:00,-2.068512,3.7697449,271.43237,102685.92,51.25,6.0
2025-02-01 03:00:00,-2.5319672,3.3850708,271.38904,102693.31,51.25,6.0
2025-02-01 04:00:00,-3.1113892,4.196274,271.16132,102661.14,51.25,6.0
2025-02-01 05:00:00,-3.2352905,3.937149,271.05057,102652.91,51.25,6.0
2025-02-01 06:00:00,-3.2042084,2.830017,270.49396,102708.14,51.25,6.0
2025-02-01 07:00:00,-3.4316406,1.5812073,270.32684,102754.625,51.25,6.0
2025-02-01 08:00:00,-4.064804,1.3063507,271.15002,102790.06,51.25,6.0
2025-02-01 09:00:00,-4.274521,1.8815002,273.2503,102789.95,51.25,6.0
2025-02-01 10:00:00,-3.113388,1.9299164,275.37067,102782.125,51.25,6.0
2025-02-01 11:00:00,-2.5006714,1.7602997,277.23108,102717.64,51.25,6.0
2025-02-01 12:00:00,-2.5782166,1.4471436,278.25464,102662.41,51.25,6.0
2025-02-01 13:00:00,-2.933899,1.042633,278.84625,102617.61,51.25,6.0
2025-02-01 14:00:00,-3.238739,0.61605835,278.97968,102566.81,51.25,6.0
2025-02-01 15:00:00,-3.3095856,-0.121032715,278.77594,102528.25,51.25,6.0
2025-02-01 16:00:00,-3.5592499,-1.0362549,277.50348,102500.06,51.25,6.0
2025-02-01 17:00:00,-4.492752,-1.9125824,275.2746,102506.95,51.25,6.0
2025-02-01 18:00:00,-5.606781,-1.9445496,274.02002,102521.88,51.25,6.0
2025-02-01 19:00:00,-6.116516,-0.5016327,273.77502,102481.516,51.25,6.0
2025-02-01 20:00:00,-6.0714264,1.2756653,273.4077,102454.84,51.25,6.0
2025-02-01 21:00:00,-5.516617,2.5509186,272.75415,102414.27,51.25,6.0
2025-02-01 22:00:00,-4.617569,2.5157623,271.9264,102361.97,51.25,6.0
2025-02-01 23:00:00,-4.576294,2.5350037,271.3312,102291.2,51.25,6.0
2025-02-02 00:00:00,-4.5409546,2.426651,271.00412,102247.016,51.25,6.0
2025-02-02 01:00:00,-4.348648,2.6256561,270.60217,102182.2,51.25,6.0
2025-02-02 02:00:00,-3.8919373,2.4670258,270.50305,102126.86,51.25,6.0
2025-02-02 03:00:00,-3.9964142,2.0378113,270.58554,102107.53,51.25,6.0
2025-02-02 04:00:00,-4.101349,2.4474792,270.44183,102075.49,51.25,6.0
2025-02-02 05:00:00,-3.709259,3.0952148,269.8783,102042.6,51.25,6.0
2025-02-02 06:00:00,-3.0284271,3.550064,269.443,102027.8,51.25,6.0
2025-02-02 07:00:00,-2.408615,3.2586212,269.12903,101999.42,51.25,6.0
2025-02-02 08:00:00,-2.3356323,2.4450684,270.2104,101994.03,51.25,6.0
2025-02-02 09:00:00,-2.717865,1.7515259,272.43124,102003.68,51.25,6.0
2025-02-02 10:00:00,-1.4352264,1.0235748,274.1146,101983.89,51.25,6.0
2025-02-02 11:00:00,-1.0708008,1.1283417,275.7872,101981.195,51.25,6.0
2025-02-02 12:00:00,-0.8773804,1.061676,277.02487,101948.97,51.25,6.0
2025-02-02 13:00:00,-0.96585083,0.7879181,277.92548,101932.03,51.25,6.0
2025-02-02 14:00:00,-1.2432404,0.766098,278.3219,101912.62,51.25,6.0
2025-02-02 15:00:00,-1.4188538,1.1202087,278.13806,101907.52,51.25,6.0
2025-02-02 16:00:00,-1.2967072,1.0860138,277.52814,101925.74,51.25,6.0
2025-02-02 17:00:00,-1.4024353,0.5638275,274.80136,101980.33,51.25,6.0
2025-02-02 18:00:00,-1.7616119,1.053482,273.10178,101994.7,51.25,6.0
2025-02-02 19:00:00,-1.4659271,1.8060303,272.59094,102046.016,51.25,6.0
2025-02-02 20:00:00,-0.66641235,1.6392212,272.52933,102051.15,51.25,6.0
2025-02-02 21:00:00,0.54530334,1.0306854,272.5184,102127.49,51.25,6.0
2025-02-02 22:00:00,0.7867737,1.0912323,272.089,102148.516,51.25,6.0
2025-02-02 23:00:00,1.2781982,1.8642273,270.36853,102131.52,51.25,6.0
2025-02-03 00:00:00,2.353012,2.5185852,269.9729,102144.36,51.25,6.0
2025-02-03 01:00:00,2.7169952,2.3308716,269.77188,102153.19,51.25,6.0
2025-02-03 02:00:00,2.3516846,2.4069824,269.62265,102144.72,51.25,6.0
2025-02-03 03:00:00,2.802124,2.7370758,269.84677,102132.08,51.25,6.0
2025-02-03 04:00:00,3.369278,2.6371613,269.739,102154.734,51.25,6.0
2025-02-03 05:00:00,3.4805756,2.7020721,270.0327,102178.72,51.25,6.0
2025-02-03 06:00:00,3.0960083,2.8439178,270.46265,102197.22,51.25,6.0
2025-02-03 07:00:00,2.759903,2.0084991,269.11328,102240.27,51.25,6.0
2025-02-03 08:00:00,2.3656921,2.0763702,270.25763,102285.83,51.25,6.0
2025-02-03 09:00:00,1.8770142,2.642517,272.66226,102273.49,51.25,6.0
2025-02-03 10:00:00,1.4884949,1.8458862,274.79633,102291.75,51.25,6.0
2025-02-03 11:00:00,1.2180786,1.6414032,276.5373,102312.97,51.25,6.0
2025-02-03 12:00:00,1.0322113,2.3719177,277.8595,102282.44,51.25,6.0
2025-02-03 13:00:00,0.7795868,2.8651886,278.98148,102213.05,51.25,6.0
2025-02-03 14:00:00,0.66560364,2.933548,279.46454,102183.625,51.25,6.0
2025-02-03 15:00:00,0.69529724,2.8132935,279.1859,102168.81,51.25,6.0
2025-02-03 16:00:00,0.6324768,2.823944,278.13208,102192.805,51.25,6.0
2025-02-03 17:00:00,0.46199036,2.8947601,277.06378,102189.83,51.25,6.0
2025-02-03 18:00:00,0.66004944,3.3553162,275.0421,102194.9,51.25,6.0
2025-02-03 19:00:00,1.761322,3.914383,272.98688,102212.875,51.25,6.0
2025-02-03 20:00:00,3.2868347,3.9455109,272.6152,102203.84,51.25,6.0
2025-02-03 21:00:00,4.222534,3.8374634,272.73535,102227.2,51.25,6.0
2025-02-03 22:00:00,4.488022,3.4956512,273.03384,102232.33,51.25,6.0
2025-02-03 23:00:00,4.595642,3.9020386,272.94775,102228.36,51.25,6.0
2025-02-04 00:00:00,4.7105103,4.3340454,273.11792,102256.91,51.25,6.0
2025-02-04 01:00:00,4.4086304,4.787277,273.01953,102271.54,51.25,6.0
2025-02-04 02:00:00,3.951477,5.075058,272.84186,102260.26,51.25,6.0
2025-02-04 03:00:00,3.3717346,5.2134857,272.65762,102233.95,51.25,6.0
2025-02-04 04:00:00,2.9723969,5.15242,272.5346,102242.164,51.25,6.0
2025-02-04 05:00:00,2.6555939,5.3468323,272.491,102253.69,51.25,6.0
2025-02-04 06:00:00,1.9057007,5.3179474,272.64304,102243.086,51.25,6.0
2025-02-04 07:00:00,1.5095367,5.2825775,272.74268,102288.56,51.25,6.0
2025-02-04 08:00:00,1.6229095,5.1974335,273.01562,102330.32,51.25,6.0
2025-02-04 09:00:00,1.5291443,5.2197876,273.48163,102314.234,51.25,6.0
2025-02-04 10:00:00,1.0802917,4.155075,274.2403,102343.14,51.25,6.0
2025-02-04 11:00:00,1.4079742,4.149231,275.1015,102340.08,51.25,6.0
2025-02-04 12:00:00,1.0557098,4.05217,276.09436,102311.74,51.25,6.0
2025-02-04 13:00:00,0.6877899,4.200531,276.7595,102266.31,51.25,6.0
2025-02-04 14:00:00,0.4710083,4.3168945,277.06155,102245.34,51.25,6.0
2025-02-04 15:00:00,0.07765198,4.788849,277.0847,102224.39,51.25,6.0
2025-02-04 16:00:00,0.8292084,5.513794,276.05054,102223.9,51.25,6.0
2025-02-04 17:00:00,2.2684479,6.1375275,274.8174,102253.28,51.25,6.0
2025-02-04 18:00:00,3.9423523,6.177765,274.17407,102281.53,51.25,6.0
2025-02-04 19:00:00,5.260788,5.771988,273.66815,102332.516,51.25,6.0
2025-02-04 20:00:00,5.7934875,5.6077423,273.40396,102388.61,51.25,6.0
2025-02-04 21:00:00,6.0820007,5.5979156,273.41202,102434.91,51.25,6.0
2025-02-04 22:00:00,6.6152954,5.7629547,273.53192,102460.86,51.25,6.0
2025-02-04 23:00:00,6.075943,5.642166,273.84335,102534.516,51.25,6.0
2025-02-05 00:00:00,5.57251,5.737091,274.2354,102598.58,51.25,6.0
2025-02-05 01:00:00,5.564987,5.6713867,274.71198,102646.92,51.25,6.0
2025-02-05 02:00:00,5.9293365,5.0944366,275.01276,102680.27,51.25,6.0
2025-02-05 03:00:00,6.095154,4.4246674,275.2318,102738.91,51.25,6.0
2025-02-05 04:00:00,6.1681213,3.7870789,275.5202,102768.8,51.25,6.0
2025-02-05 05:00:00,6.1931,3.068985,275.79266,102877.61,51.25,6.0
2025-02-05 06:00:00,6.081482,2.797699,276.0744,102932.805,51.25,6.0
2025-02-05 07:00:00,5.7756195,2.535492,276.20544,103013.7,51.25,6.0
2025-02-05 08:00:00,5.6016083,2.4672241,276.2951,103101.59,51.25,6.0
2025-02-05 09:00:00,4.942856,2.4992065,276.76758,103176.125,51.25,6.0
2025-02-05 10:00:00,2.6335602,2.7014923,277.0996,103241.7,51.25,6.0
2025-02-05 11:00:00,2.5236206,2.744461,277.70312,103299.53,51.25,6.0
2025-02-05 12:00:00,2.869934,2.250595,277.95947,103280.86,51.25,6.0
2025-02-05 13:00:00,2.8730164,1.6277466,278.27094,103328.234,51.25,6.0
2025-02-05 14:00:00,2.8420258,1.1199036,278.3814,103362.164,51.25,6.0
2025-02-05 15:00:00,2.6196594,0.88461304,278.31973,103418.516,51.25,6.0
2025-02-05 16:00:00,2.5483856,1.3817139,278.50235,103449.69,51.25,6.0
2025-02-05 17:00:00,2.5916748,1.8975983,278.4303,103528.94,51.25,6.0
2025-02-05 18:00:00,2.7681274,2.0778198,278.35162,103598.23,51.25,6.0
2025-02-05 19:00:00,2.7612762,1.9567566,277.75903,103614.09,51.25,6.0
2025-02-05 20:00:00,2.446991,1.8266296,277.17133,103631.234,51.25,6.0
2025-02-05 21:00:00,2.2606964,1.8112183,276.05493,103662.55,51.25,6.0
2025-02-05 22:00:00,1.0786285,1.9626007,276.43213,103676.35,51.25,6.0
2025-02-05 23:00:00,1.5376587,2.1422272,276.6369,103683.81,51.25,6.0
2025-02-06 00:00:00,1.854065,1.67482,276.6388,103685.72,51.25,6.0
2025-02-06 01:00:00,1.644165,1.0449219,276.57297,103676.67,51.25,6.0
2025-02-06 02:00:00,1.6665039,0.05378723,276.5006,103669.516,51.25,6.0
2025-02-06 03:00:00,1.7492828,-1.3674316,276.37854,103652.75,51.25,6.0
2025-02-06 04:00:00,0.95443726,-2.2810974,276.28552,103636.45,51.25,6.0
2025-02-06 05:00:00,-0.0143585205,-2.8503723,276.2558,103630.9,51.25,6.0
2025-02-06 06:00:00,-0.8787842,-3.296524,276.47028,103637.7,51.25,6.0
2025-02-06 07:00:00,-1.9313354,-3.514511,276.45303,103662.65,51.25,6.0
2025-02-06 08:00:00,-2.5590515,-3.6044617,276.52325,103673.01,51.25,6.0
2025-02-06 09:00:00,-3.0402527,-4.1036835,276.73764,103703.41,51.25,6.0
2025-02-06 10:00:00,-3.9940186,-4.7031403,277.22937,103718.55,51.25,6.0
2025-02-06 11:00:00,-4.342346,-4.275116,277.8627,103674.48,51.25,6.0
2025-02-06 12:00:00,-5.0624695,-4.0768585,278.39117,103594.68,51.25,6.0
2025-02-06 13:00:00,-5.7392273,-4.3151093,278.67413,103549.5,51.25,6.0
2025-02-06 14:00:00,-6.090027,-4.184265,278.8066,103492.78,51.25,6.0
2025-02-06 15:00:00,-6.2180786,-4.0076447,278.67328,103451.36,51.25,6.0
2025-02-06 16:00:00,-5.9631195,-3.9261475,278.40198,103415.125,51.25,6.0
2025-02-06 17:00:00,-5.9730988,-4.079712,278.00946,103371.56,51.25,6.0
2025-02-06 18:00:00,-6.2213745,-4.302826,277.52713,103361.22,51.25,6.0
2025-02-06 19:00:00,-6.6076965,-4.371704,277.28482,103328.07,51.25,6.0
2025-02-06 20:00:00,-6.9913177,-4.415436,277.25626,103287.47,51.25,6.0
2025-02-06 21:00:00,-7.3511505,-4.3551025,277.20673,103231.984,51.25,6.0
2025-02-06 22:00:00,-7.7604675,-4.1605835,276.6619,103139.91,51.25,6.0
2025-02-06 23:00:00,-7.855316,-4.0039062,276.54883,103049.914,51.25,6.0
2025-02-07 00:00:00,-8.201447,-3.8779755,276.46045,102967.04,51.25,6.0
2025-02-07 01:00:00,-8.545059,-4.0203705,276.40546,102889.45,51.25,6.0
2025-02-07 02:00:00,-8.902954,-4.207306,276.39355,102806.266,51.25,6.0
2025-02-07 03:00:00,-9.36438,-3.7328644,276.34808,102756.25,51.25,6.0
2025-02-07 04:00:00,-9.426788,-3.4019165,276.3711,102676.53,51.25,6.0
2025-02-07 05:00:00,-9.601166,-3.077179,276.4817,102590.62,51.25,6.0
2025-02-07 06:00:00,-9.818832,-2.6508026,276.5578,102521.56,51.25,6.0
2025-02-07 07:00:00,-10.183502,-2.0519867,276.57562,102465.555,51.25,6.0
2025-02-07 08:00:00,-10.411026,-1.6407166,276.70377,102431.69,51.25,6.0
2025-02-07 09:00:00,-9.643845,-1.4181519,276.91608,102382.55,51.25,6.0
2025-02-07 10:00:00,-8.529251,-2.6579742,277.37704,102288.11,51.25,6.0
2025-02-07 11:00:00,-11.635101,-0.41105652,277.68768,102214.766,51.25,6.0
2025-02-07 12:00:00,-11.306305,0.12966919,278.03076,102131.25,51.25,6.0
2025-02-07 13:00:00,-11.06015,0.8245392,278.04172,102027.8,51.25,6.0
2025-02-07 14:00:00,-10.248779,0.8385925,277.99323,101940.695,51.25,6.0
2025-02-07 15:00:00,-9.616058,0.29289246,277.8834,101865.234,51.25,6.0
2025-02-07 16:00:00,-10.392151,0.42723083,277.67596,101810.53,51.25,6.0
2025-02-07 17:00:00,-10.316345,0.3059845,277.38965,101768.95,51.25,6.0
2025-02-07 18:00:00,-9.775284,0.7501221,277.00024,101763.94,51.25,6.0
2025-02-07 19:00:00,-9.199249,1.2669983,276.6093,101753.72,51.25,6.0
2025-02-07 20:00:00,-8.963501,1.7339478,276.30835,101712.89,51.25,6.0
2025-02-07 21:00:00,-8.428741,2.335022,276.2366,101669.68,51.25,6.0
2025-02-07 22:00:00,-7.924225,2.1494446,276.18686,101628.76,51.25,6.0
2025-02-07 23:00:00,-7.6435394,2.5236053,276.05847,101604.625,51.25,6.0
2025-02-08 00:00:00,-7.526535,2.9502106,276.12482,101587.44,51.25,6.0
2025-02-08 01:00:00,-7.763092,3.3706818,276.1961,101542.28,51.25,6.0
2025-02-08 02:00:00,-7.4801025,3.8676605,276.19476,101507.305,51.25,6.0
2025-02-08 03:00:00,-7.1530304,4.064453,276.22504,101488.86,51.25,6.0
2025-02-08 04:00:00,-7.0475616,3.9492493,276.20477,101449.29,51.25,6.0
2025-02-08 05:00:00,-6.852722,3.8291473,276.24902,101434.58,51.25,6.0
2025-02-08 06:00:00,-6.5444794,4.329529,276.69653,101438.734,51.25,6.0
2025-02-08 07:00:00,-5.7910156,5.092682,276.80872,101467.11,51.25,6.0
2025-02-08 08:00:00,-5.186722,5.230423,276.97565,101515.53,51.25,6.0
2025-02-08 09:00:00,-5.200714,4.796097,277.4607,101562.84,51.25,6.0
2025-02-08 10:00:00,-4.923523,4.454117,278.1894,101561.53,51.25,6.0
2025-02-08 11:00:00,-3.9363556,4.0250244,279.92297,101599.58,51.25,6.0
2025-02-08 12:00:00,-3.4412842,4.1916046,281.5242,101605.984,51.25,6.0
2025-02-08 13:00:00,-3.5036163,3.4898376,281.91888,101605.84,51.25,6.0
2025-02-08 14:00:00,-4.030304,2.5657196,282.35278,101621.84,51.25,6.0
2025-02-08 15:00:00,-4.7406006,2.370453,282.0503,101637.72,51.25,6.0
2025-02-08 16:00:00,-5.3626556,2.3896027,281.36362,101678.84,51.25,6.0
2025-02-08 17:00:00,-5.832428,2.4372864,280.1449,101698.61,51.25,6.0
2025-02-08 18:00:00,-5.8649597,2.354538,279.55542,101739.67,51.25,6.0
2025-02-08 19:00:00,-5.0793304,2.700531,278.98364,101774.14,51.25,6.0
2025-02-08 20:00:00,-4.2612,2.9656372,278.60034,101854.555,51.25,6.0
2025-02-08 21:00:00,-4.293625,3.736496,278.0678,101891.66,51.25,6.0
2025-02-08 22:00:00,-3.8215637,3.368042,277.3344,101892.484,51.25,6.0
2025-02-08 23:00:00,-2.085205,3.8517456,276.8792,101923.18,51.25,6.0
2025-02-09 00:00:00,-0.6038513,3.5579224,276.1073,101964.28,51.25,6.0
2025-02-09 01:00:00,0.45736694,2.0602722,275.1897,101966.06,51.25,6.0
2025-02-09 02:00:00,1.4074402,1.436615,274.36792,102005.92,51.25,6.0
2025-02-09 03:00:00,2.3593445,1.0246582,273.6449,102022.76,51.25,6.0
2025-02-09 04:00:00,2.2443848,0.014450073,273.49518,102053.0,51.25,6.0
2025-02-09 05:00:00,1.733017,0.25408936,273.37933,102078.984,51.25,6.0
2025-02-09 06:00:00,1.4998779,0.53826904,272.99274,102119.74,51.25,6.0
2025-02-09 07:00:00,1.0069885,0.06150818,273.01306,102164.83,51.25,6.0
2025-02-09 08:00:00,0.19659424,0.024887085,273.42862,102213.74,51.25,6.0
2025-02-09 09:00:00,0.48875427,0.61717224,274.59857,102271.13,51.25,6.0
2025-02-09 10:00:00,0.95062256,0.5228882,276.40588,102324.234,51.25,6.0
2025-02-09 11:00:00,0.98950195,-0.43605042,277.17627,102328.86,51.25,6.0
2025-02-09 12:00:00,0.7492981,-0.6195679,277.90222,102311.96,51.25,6.0
2025-02-09 13:00:00,0.52804565,-0.6382599,278.44904,102312.47,51.25,6.0
2025-02-09 14:00:00,-0.17520142,-1.8289642,278.57257,102302.516,51.25,6.0
2025-02-09 15:00:00,-1.1304016,-1.4812927,278.5337,102325.875,51.25,6.0
2025-02-09 16:00:00,-1.938446,-1.8015594,278.19415,102317.375,51.25,6.0
2025-02-09 17:00:00,-3.175293,-1.5045319,277.48358,102345.91,51.25,6.0
2025-02-09 18:00:00,-3.9167938,-1.7852783,277.01843,102359.984,51.25,6.0
2025-02-09 19:00:00,-4.532715,-1.5736084,276.84137,102352.89,51.25,6.0
2025-02-09 20:00:00,-4.896576,-1.6729584,276.71646,102361.3,51.25,6.0
2025-02-09 21:00:00,-5.081543,-1.5615692,276.56116,102341.375,51.25,6.0
2025-02-09 22:00:00,-4.3563843,-2.1315613,275.93866,102311.234,51.25,6.0
2025-02-09 23:00:00,-4.629669,-2.2903442,275.54083,102312.086,51.25,6.0
2025-02-10 00:00:00,-5.0549927,-2.0465088,275.10834,102286.31,51.25,6.0
2025-02-10 01:00:00,-5.208359,-2.5573883,274.92352,102258.24,51.25,6.0
2025-02-10 02:00:00,-5.6007385,-2.634201,274.62244,102240.44,51.25,6.0
2025-02-10 03:00:00,-5.674179,-2.5411377,274.47922,102203.65,51.25,6.0
2025-02-10 04:00:00,-5.8023834,-2.4425507,274.14993,102171.6,51.25,6.0
2025-02-10 05:00:00,-6.216034,-2.4654999,273.96198,102138.91,51.25,6.0
2025-02-10 06:00:00,-6.655777,-2.573639,273.81903,102087.2,51.25,6.0
2025-02-10 07:00:00,-6.795044,-2.3680878,273.61383,102072.85,51.25,6.0
2025-02-10 08:00:00,-6.9205475,-1.933609,273.7384,102044.11,51.25,6.0
2025-02-10 09:00:00,-6.058182,-1.2025757,274.35052,102039.53,51.25,6.0
2025-02-10 10:00:00,-5.6459656,-1.072876,275.07812,101983.52,51.25,6.0
2025-02-10 11:00:00,-5.834152,-1.2390137,275.79327,101933.08,51.25,6.0
2025-02-10 12:00:00,-6.846115,-1.1796875,276.31137,101849.836,51.25,6.0
2025-02-10 13:00:00,-7.51445,-1.6000519,276.60553,101747.31,51.25,6.0
2025-02-10 14:00:00,-7.59317,-1.0306091,276.96667,101691.19,51.25,6.0
2025-02-10 15:00:00,-8.043747,-0.9508667,276.98285,101618.49,51.25,6.0
2025-02-10 16:00:00,-8.821854,-0.3193512,276.9121,101561.59,51.25,6.0
2025-02-10 17:00:00,-9.068222,0.2780609,276.87338,101537.93,51.25,6.0
2025-02-10 18:00:00,-9.187119,1.1946106,276.91846,101481.81,51.25,6.0
2025-02-10 19:00:00,-8.971695,2.2077942,276.9947,101440.72,51.25,6.0
2025-02-10 20:00:00,-8.385681,2.5999908,277.0458,101382.73,51.25,6.0
2025-02-10 21:00:00,-8.744003,2.213089,276.9301,101342.41,51.25,6.0
2025-02-10 22:00:00,-9.009918,0.8821106,276.85532,101211.61,51.25,6.0
2025-02-10 23:00:00,-9.091797,1.6066132,276.84595,101155.54,51.25,6.0
2025-02-11 00:00:00,-8.692566,2.7086182,276.6463,101107.85,51.25,6.0
2025-02-11 01:00:00,-7.844116,4.150635,276.91296,101070.53,51.25,6.0
2025-02-11 02:00:00,-6.4079742,6.263611,277.36768,101025.914,51.25,6.0
2025-02-11 03:00:00,-4.4679565,7.9923096,277.62906,101027.39,51.25,6.0
2025-02-11 04:00:00,-2.8477325,8.805939,277.182,101025.36,51.25,6.0
2025-02-11 05:00:00,-0.9604492,9.213303,276.72375,101065.69,51.25,6.0
2025-02-11 06:00:00,0.5688782,8.749252,276.63794,101124.51,51.25,6.0
2025-02-11 07:00:00,0.7370758,7.9918823,276.6823,101209.12,51.25,6.0
2025-02-11 08:00:00,0.58984375,7.599243,276.8271,101286.69,51.25,6.0
2025-02-11 09:00:00,1.0191803,7.315384,277.20612,101325.42,51.25,6.0
2025-02-11 10:00:00,1.4961395,7.557556,277.61005,101347.234,51.25,6.0
2025-02-11 11:00:00,2.336029,7.2263184,277.82178,101389.5,51.25,6.0
2025-02-11 12:00:00,1.9745331,6.3420258,278.182,101384.79,51.25,6.0
2025-02-11 13:00:00,1.6716614,5.6894684,278.3842,101375.88,51.25,6.0
2025-02-11 14:00:00,1.466507,4.8718414,278.38367,101366.51,51.25,6.0
2025-02-11 15:00:00,1.1479645,4.318512,278.19824,101370.71,51.25,6.0
2025-02-11 16:00:00,0.54312134,3.8784637,278.0645,101368.984,51.25,6.0
2025-02-11 17:00:00,0.026275635,3.8634949,277.49567,101379.3,51.25,6.0
2025-02-11 18:00:00,-0.3799286,4.0823517,277.43945,101386.734,51.25,6.0
2025-02-11 19:00:00,-0.4460144,4.425125,277.01666,101415.2,51.25,6.0
2025-02-11 20:00:00,-0.17385864,4.7256165,276.75623,101411.62,51.25,6.0
2025-02-11 21:00:00,0.5311279,4.7150116,276.35828,101411.16,51.25,6.0
2025-02-11 22:00:00,1.7344971,3.8328857,276.5979,101389.42,51.25,6.0
2025-02-11 23:00:00,2.2433777,3.1363525,276.37003,101373.25,51.25,6.0
2025-02-12 00:00:00,2.4487,2.5459137,275.6101,101371.39,51.25,6.0
2025-02-12 01:00:00,2.5135498,2.0478516,275.9339,101343.32,51.25,6.0
2025-02-12 02:00:00,2.2543945,2.0666656,275.38556,101321.945,51.25,6.0
2025-02-12 03:00:00,2.0144958,2.07901,275.4646,101321.625,51.25,6.0
2025-02-12 04:00:00,1.8832855,2.065155,275.25293,101292.44,51.25,6.0
2025-02-12 05:00:00,1.9159851,2.0419922,275.0733,101272.39,51.25,6.0
2025-02-12 06:00:00,2.0348206,2.0835114,274.90808,101257.64,51.25,6.0
2025-02-12 07:00:00,2.188919,2.2141876,275.21338,101262.94,51.25,6.0
2025-02-12 08:00:00,2.2449188,2.295105,275.45166,101265.48,51.25,6.0
2025-02-12 09:00:00,1.8861694,2.115219,276.18527,101283.5,51.25,6.0
2025-02-12 10:00:00,1.3186951,1.8108978,277.46997,101291.28,51.25,6.0
2025-02-12 11:00:00,1.9888916,1.7870178,278.2826,101312.16,51.25,6.0
2025-02-12 12:00:00,2.2487946,1.6695099,278.46698,101283.67,51.25,6.0
2025-02-12 13:00:00,2.4458923,1.6029053,278.55963,101256.2,51.25,6.0
2025-02-12 14:00:00,2.584198,1.2183533,278.61603,101230.13,51.25,6.0
2025-02-12 15:00:00,2.57753,0.8089905,278.7437,101234.53,51.25,6.0
2025-02-12 16:00:00,2.7448578,0.420578,278.6811,101213.16,51.25,6.0
2025-02-12 17:00:00,3.0087128,0.085372925,277.71844,101243.03,51.25,6.0
2025-02-12 18:00:00,3.2359772,0.05923462,277.62012,101265.73,51.25,6.0
2025-02-12 19:00:00,3.3391876,0.22259521,277.10666,101283.38,51.25,6.0
2025-02-12 20:00:00,3.2686157,0.2481842,276.22015,101283.23,51.25,6.0
2025-02-12 21:00:00,3.3315887,0.41166687,276.3537,101301.09,51.25,6.0
2025-02-12 22:00:00,3.546692,-0.019119263,276.05856,101289.09,51.25,6.0
2025-02-12 23:00:00,3.6413116,-0.3625183,276.2741,101303.06,51.25,6.0
2025-02-13 00:00:00,3.0577698,-0.5977173,276.2355,101300.14,51.25,6.0
2025-02-13 01:00:00,2.5285187,-1.181427,275.8554,101286.14,51.25,6.0
2025-02-13 02:00:00,1.9520721,-1.5383606,275.65607,101258.82,51.25,6.0
2025-02-13 03:00:00,1.2475739,-2.1620636,275.40353,101271.35,51.25,6.0
2025-02-13 04:00:00,0.15104675,-3.0315857,275.34335,101281.95,51.25,6.0
2025-02-13 05:00:00,-0.48028564,-3.7240448,275.3284,101287.5,51.25,6.0
2025-02-13 06:00:00,-0.9466553,-4.2836914,275.13623,101329.766,51.25,6.0
2025-02-13 07:00:00,-1.5108948,-5.100891,274.6939,101354.16,51.25,6.0
2025-02-13 08:00:00,-1.818161,-5.109543,274.30695,101445.45,51.25,6.0
2025-02-13 09:00:00,-1.1913147,-4.5216217,274.08667,101480.33,51.25,6.0
2025-02-13 10:00:00,-0.6661072,-5.201828,273.25537,101523.055,51.25,6.0
2025-02-13 11:00:00,-0.2053833,-5.150635,272.95935,101593.984,51.25,6.0
2025-02-13 12:00:00,0.34207153,-4.783325,272.82413,101589.2,51.25,6.0
2025-02-13 13:00:00,0.13948059,-5.1102295,272.41837,101593.01,51.25,6.0
2025-02-13 14:00:00,-0.6384125,-5.009781,272.18793,101597.47,51.25,6.0
2025-02-13 15:00:00,-0.83325195,-4.665573,272.22083,101610.305,51.25,6.0
2025-02-13 16:00:00,-0.9410553,-4.962723,272.39984,101649.43,51.25,6.0
2025-02-13 17:00:00,-1.064148,-4.6114655,272.45358,101716.59,51.25,6.0
2025-02-13 18:00:00,-1.1387482,-4.161499,272.502,101759.61,51.25,6.0
2025-02-13 19:00:00,-1.2991791,-3.7236176,272.33832,101821.55,51.25,6.0
2025-02-13 20:00:00,-1.3740845,-3.738617,272.44165,101850.45,51.25,6.0
2025-02-13 21:00:00,-1.1596527,-3.646515,272.61182,101881.36,51.25,6.0
2025-02-13 22:00:00,-0.7073822,-2.6565704,272.20947,101910.984,51.25,6.0
2025-02-13 23:00:00,0.22148132,-2.6717072,271.9449,101908.56,51.25,6.0
2025-02-14 00:00:00,0.76623535,-3.1268158,271.8351,101950.92,51.25,6.0
2025-02-14 01:00:00,0.78616333,-3.676239,271.65497,101997.01,51.25,6.0
2025-02-14 02:00:00,0.97550964,-3.6958008,271.67105,101993.164,51.25,6.0
2025-02-14 03:00:00,1.1526489,-3.6621246,271.58246,102002.484,51.25,6.0
2025-02-14 04:00:00,0.9570465,-4.128174,271.35748,102007.42,51.25,6.0
2025-02-14 05:00:00,0.36940002,-4.292282,271.26172,102072.86,51.25,6.0
2025-02-14 06:00:00,-0.45025635,-4.3676453,271.30762,102103.945,51.25,6.0
2025-02-14 07:00:00,-1.3505859,-3.9510345,271.4641,102138.516,51.25,6.0
2025-02-14 08:00:00,-2.2345886,-3.4259338,271.88434,102188.164,51.25,6.0
2025-02-14 09:00:00,-2.627182,-2.4399567,272.6535,102209.92,51.25,6.0
2025-02-14 10:00:00,-1.9428711,-1.5690002,273.51495,102256.53,51.25,6.0
2025-02-14 11:00:00,-1.7730865,-1.0542297,274.25323,102309.984,51.25,6.0
2025-02-14 12:00:00,-1.6131744,-0.85365295,274.748,102313.33,51.25,6.0
2025-02-14 13:00:00,-1.4030914,-0.9853363,275.04257,102294.42,51.25,6.0
2025-02-14 14:00:00,-1.4791107,-0.9475403,275.25336,102289.47,51.25,6.0
2025-02-14 15:00:00,-1.701416,-0.6311798,275.10635,102259.94,51.25,6.0
2025-02-14 16:00:00,-1.592102,-0.57099915,274.8254,102259.47,51.25,6.0
2025-02-14 17:00:00,-2.0142365,-0.46444702,273.95013,102274.56,51.25,6.0
2025-02-14 18:00:00,-2.7771606,-0.30155945,274.04602,102277.516,51.25,6.0
2025-02-14 19:00:00,-3.1971588,-0.50982666,273.72867,102306.16,51.25,6.0
2025-02-14 20:00:00,-2.98938,-0.60954285,273.67474,102318.48,51.25,6.0
2025-02-14 21:00:00,-3.1759644,-0.36935425,273.54114,102331.87,51.25,6.0
2025-02-14 22:00:00,-2.6168365,-0.61460876,273.55716,102311.375,51.25,6.0
2025-02-14 23:00:00,-2.7796478,0.10333252,273.48044,102292.92,51.25,6.0
2025-02-15 00:00:00,-2.8179321,0.7406769,273.13547,102265.53,51.25,6.0
2025-02-15 01:00:00,-3.156311,1.3182678,272.70013,102183.65,51.25,6.0
2025-02-15 02:00:00,-2.7587585,1.3037415,272.50653,102128.14,51.25,6.0
2025-02-15 03:00:00,-2.627304,1.1256256,272.8916,102093.92,51.25,6.0
2025-02-15 04:00:00,-3.2201538,1.3851166,272.69653,102034.92,51.25,6.0
2025-02-15 05:00:00,-3.248413,2.0219116,273.1452,102027.94,51.25,6.0
2025-02-15 06:00:00,-2.6468658,2.267334,272.96213,102020.91,51.25,6.0
2025-02-15 07:00:00,-2.7050781,2.3222504,272.7748,102033.01,51.25,6.0
2025-02-15 08:00:00,-3.118103,2.7100067,273.3805,102029.17,51.25,6.0
2025-02-15 09:00:00,-2.4635468,2.29924,274.1266,102001.64,51.25,6.0
2025-02-15 10:00:00,-2.6539764,1.8766327,274.99377,101972.984,51.25,6.0
2025-02-15 11:00:00,-3.0583649,1.6090698,275.4801,101893.58,51.25,6.0
2025-02-15 12:00:00,-2.9036102,1.4362335,275.48822,101867.63,51.25,6.0
2025-02-15 13:00:00,-3.1764984,1.4991913,275.47385,101776.625,51.25,6.0
2025-02-15 14:00:00,-3.4091644,1.260849,275.39877,101735.09,51.25,6.0
2025-02-15 15:00:00,-3.8835754,0.61058044,275.19043,101687.27,51.25,6.0
2025-02-15 16:00:00,-4.51593,0.36320496,274.9464,101662.64,51.25,6.0
2025-02-15 17:00:00,-4.338623,0.24339294,274.7887,101672.92,51.25,6.0
2025-02-15 18:00:00,-4.510895,0.47239685,274.5089,101670.72,51.25,6.0
2025-02-15 19:00:00,-4.4595947,0.3873291,274.35492,101687.305,51.25,6.0
2025-02-15 20:00:00,-4.5996704,0.079696655,274.0725,101662.6,51.25,6.0
2025-02-15 21:00:00,-4.771652,-0.31575012,273.7597,101640.06,51.25,6.0
2025-02-15 22:00:00,-4.5919037,-0.73999023,273.51257,101611.625,51.25,6.0
2025-02-15 23:00:00,-4.6408997,-0.8224182,273.36102,101591.14,51.25,6.0
2025-02-16 00:00:00,-4.7087097,-1.1576691,273.15002,101598.53,51.25,6.0
2025-02-16 01:00:00,-4.877533,-1.0950165,272.73544,101564.625,51.25,6.0
2025-02-16 02:00:00,-4.883377,-1.4373932,272.46207,101564.55,51.25,6.0
2025-02-16 03:00:00,-5.55484,-1.6238098,272.35248,101540.67,51.25,6.0
2025-02-16 04:00:00,-6.1459503,-1.6818695,272.10446,101540.47,51.25,6.0
2025-02-16 05:00:00,-6.563492,-1.4980316,272.18427,101562.945,51.25,6.0
2025-02-16 06:00:00,-6.8472137,-1.097168,271.95673,101539.88,51.25,6.0
2025-02-16 07:00:00,-6.68454,-1.2810059,271.74988,101589.336,51.25,6.0
2025-02-16 08:00:00,-6.7050476,-1.6621704,272.1493,101649.57,51.25,6.0
2025-02-16 09:00:00,-6.393524,-1.5901794,273.16547,101651.89,51.25,6.0
2025-02-16 10:00:00,-6.780136,-0.69755554,274.27072,101653.08,51.25,6.0
2025-02-16 11:00:00,-6.3980865,-0.5319824,275.16345,101677.64,51.25,6.0
2025-02-16 12:00:00,-6.4057007,-0.6434479,275.87494,101651.37,51.25,6.0
2025-02-16 13:00:00,-6.7815247,-0.8452759,276.62573,101619.57,51.25,6.0
2025-02-16 14:00:00,-7.0588684,-1.072464,277.0103,101628.19,51.25,6.0
2025-02-16 15:00:00,-7.2109222,-1.1658325,277.02563,101650.28,51.25,6.0
2025-02-16 16:00:00,-6.751816,-1.3751068,276.50226,101675.234,51.25,6.0
2025-02-16 17:00:00,-6.665756,-1.6462708,275.3911,101715.08,51.25,6.0
2025-02-16 18:00:00,-6.506012,-1.6407776,274.42233,101771.266,51.25,6.0
2025-02-16 19:00:00,-6.6291504,-1.7460327,273.70563,101797.516,51.25,6.0
2025-02-16 20:00:00,-6.729492,-1.6175232,272.98163,101810.625,51.25,6.0
2025-02-16 21:00:00,-6.469681,-1.2852631,272.4403,101830.09,51.25,6.0
2025-02-16 22:00:00,-5.9565277,-1.1152191,271.7841,101842.086,51.25,6.0
2025-02-16 23:00:00,-5.421524,-0.97935486,271.066,101833.19,51.25,6.0
2025-02-17 00:00:00,-5.116455,-1.1562958,270.63113,101865.375,51.25,6.0
2025-02-17 01:00:00,-5.043213,-1.0597687,270.44534,101862.94,51.25,6.0
2025-02-17 02:00:00,-4.9078827,-0.7739868,269.72083,101871.89,51.25,6.0
2025-02-17 03:00:00,-4.936264,-0.46932983,269.47308,101886.016,51.25,6.0
2025-02-17 04:00:00,-5.1187134,-0.35247803,269.2136,101883.42,51.25,6.0
2025-02-17 05:00:00,-5.1963196,-0.3837433,269.04648,101885.83,51.25,6.0
2025-02-17 06:00:00,-5.16185,-0.25971985,268.78998,101886.125,51.25,6.0
2025-02-17 07:00:00,-5.1102905,0.41279602,268.5431,101899.72,51.25,6.0
2025-02-17 08:00:00,-4.81073,1.1036377,269.98645,101928.77,51.25,6.0
2025-02-17 09:00:00,-3.8247833,1.3719635,271.7721,101932.33,51.25,6.0
2025-02-17 10:00:00,-2.8580933,0.85206604,273.2755,101904.81,51.25,6.0
2025-02-17 11:00:00,-2.6232758,0.06452942,274.54126,101946.5,51.25,6.0
2025-02-17 12:00:00,-3.2222748,-0.09701538,275.50702,101915.06,51.25,6.0
2025-02-17 13:00:00,-3.749878,-0.41322327,276.2251,101871.89,51.25,6.0
2025-02-17 14:00:00,-4.194809,-0.79348755,276.37082,101823.1,51.25,6.0
2025-02-17 15:00:00,-4.5993347,-0.8144684,276.22516,101788.92,51.25,6.0
2025-02-17 16:00:00,-5.025238,-1.1520691,275.57184,101773.69,51.25,6.0
2025-02-17 17:00:00,-5.8053436,-1.7646942,273.93732,101812.734,51.25,6.0
2025-02-17 18:00:00,-5.9132233,-2.153534,273.00043,101851.75,51.25,6.0
2025-02-17 19:00:00,-5.9301605,-2.046753,272.59653,101876.234,51.25,6.0
2025-02-17 20:00:00,-5.801239,-1.3674011,272.14548,101927.66,51.25,6.0
2025-02-17 21:00:00,-5.5271606,-0.5755005,271.4477,101956.03,51.25,6.0
2025-02-17 22:00:00,-5.0317383,-0.3164978,270.5542,101942.81,51.25,6.0
2025-02-17 23:00:00,-5.16304,0.48738098,270.1942,101926.57,51.25,6.0
2025-02-18 00:00:00,-5.2234344,1.0275879,269.98932,101934.266,51.25,6.0
2025-02-18 01:00:00,-5.113571,0.9472809,269.79254,101953.36,51.25,6.0
2025-02-18 02:00:00,-5.1177673,1.3632202,269.31927,101979.18,51.25,6.0
2025-02-18 03:00:00,-5.490341,1.8050537,268.9978,101966.53,51.25,6.0
2025-02-18 04:00:00,-6.406784,1.5166473,269.00085,101954.19,51.25,6.0
2025-02-18 05:00:00,-6.9058685,1.5276642,268.97217,101967.695,51.25,6.0
2025-02-18 06:00:00,-6.5410614,2.2578278,268.6885,101994.25,51.25,6.0
2025-02-18 07:00:00,-6.1875,2.8423157,268.60583,102032.34,51.25,6.0
2025-02-18 08:00:00,-6.095459,2.7821503,270.0963,102072.14,51.25,6.0
2025-02-18 09:00:00,-5.3980865,1.9814758,271.5833,102079.34,51.25,6.0
2025-02-18 10:00:00,-5.1781616,1.3896027,272.9641,102087.06,51.25,6.0
2025-02-18 11:00:00,-5.828964,0.8226166,274.20367,102107.08,51.25,6.0
2025-02-18 12:00:00,-6.5320435,1.134964,275.00656,102070.14,51.25,6.0
2025-02-18 13:00:00,-6.680069,1.5227966,275.61322,102005.94,51.25,6.0
2025-02-18 14:00:00,-6.834549,1.4809418,276.01846,101958.25,51.25,6.0
2025-02-18 15:00:00,-7.035919,1.5803833,276.13986,101918.625,51.25,6.0
2025-02-18 16:00:00,-7.258667,1.2995453,275.67926,101917.19,51.25,6.0
2025-02-18 17:00:00,-8.072632,1.7240448,274.87216,101928.84,51.25,6.0
2025-02-18 18:00:00,-8.742264,2.7814178,274.12457,101932.125,51.25,6.0
2025-02-18 19:00:00,-8.352341,4.122238,273.79224,101919.016,51.25,6.0
2025-02-18 20:00:00,-7.711792,4.699539,273.34174,101931.6,51.25,6.0
2025-02-18 21:00:00,-7.538101,4.614105,273.0957,101935.02,51.25,6.0
2025-02-18 22:00:00,-7.707855,3.987564,273.10626,101904.44,51.25,6.0
2025-02-18 23:00:00,-8.137711,4.11734,272.92633,101882.3,51.25,6.0
2025-02-19 00:00:00,-8.414017,4.2617645,272.7867,101857.05,51.25,6.0
2025-02-19 01:00:00,-8.211121,4.1115417,272.61816,101831.15,51.25,6.0
2025-02-19 02:00:00,-8.08963,3.9960175,272.3037,101820.77,51.25,6.0
2025-02-19 03:00:00,-8.123489,4.24115,271.99603,101807.88,51.25,6.0
2025-02-19 04:00:00,-8.163635,4.569412,271.86145,101776.74,51.25,6.0
2025-02-19 05:00:00,-8.218597,4.9785614,271.65833,101747.14,51.25,6.0
2025-02-19 06:00:00,-7.9945526,5.338455,271.61282,101742.875,51.25,6.0
2025-02-19 07:00:00,-7.57872,5.5287933,271.589,101752.64,51.25,6.0
2025-02-19 08:00:00,-7.409607,5.2891693,272.13647,101746.14,51.25,6.0
2025-02-19 09:00:00,-7.0377045,4.5555115,273.21942,101729.3,51.25,6.0
2025-02-19 10:00:00,-5.4974365,3.8608246,274.64532,101708.08,51.25,6.0
2025-02-19 11:00:00,-5.443756,3.720047,275.9881,101708.37,51.25,6.0
2025-02-19 12:00:00,-5.460266,3.6361084,276.9898,101663.05,51.25,6.0
2025-02-19 13:00:00,-5.3153076,3.67276,277.64935,101635.03,51.25,6.0
2025-02-19 14:00:00,-5.3453064,3.7190552,278.14975,101594.445,51.25,6.0
2025-02-19 15:00:00,-5.4512177,3.8078003,278.2365,101584.45,51.25,6.0
2025-02-19 16:00:00,-6.0891113,4.357956,277.7251,101597.28,51.25,6.0
2025-02-19 17:00:00,-6.4098816,5.3855133,276.78204,101585.89,51.25,6.0
2025-02-19 18:00:00,-5.5798798,6.299103,276.2324,101605.98,51.25,6.0
2025-02-19 19:00:00,-4.345108,6.5670013,275.9314,101629.305,51.25,6.0
2025-02-19 20:00:00,-3.2333374,6.4648285,275.66962,101648.72,51.25,6.0
2025-02-19 21:00:00,-2.3450928,6.209076,275.3883,101674.336,51.25,6.0
2025-02-19 22:00:00,-2.7343445,5.7277985,275.06662,101645.69,51.25,6.0
2025-02-19 23:00:00,-2.3602753,6.040451,274.78296,101609.4,51.25,6.0
2025-02-20 00:00:00,-1.4697876,5.9084015,274.41965,101639.38,51.25,6.0
2025-02-20 01:00:00,-1.5109558,5.991791,274.36932,101640.92,51.25,6.0
2025-02-20 02:00:00,-1.0304108,6.4520416,274.35522,101622.984,51.25,6.0
2025-02-20 03:00:00,-0.5743866,6.724472,274.6647,101582.08,51.25,6.0
2025-02-20 04:00:00,-0.16889954,6.8067017,275.6206,101566.625,51.25,6.0
2025-02-20 05:00:00,0.31614685,7.132065,276.40106,101552.64,51.25,6.0
2025-02-20 06:00:00,0.9432068,7.283737,277.1406,101551.41,51.25,6.0
2025-02-20 07:00:00,1.8250427,7.260376,277.95657,101574.766,51.25,6.0
2025-02-20 08:00:00,2.4925385,6.9346313,279.22754,101612.45,51.25,6.0
2025-02-20 09:00:00,2.1874237,6.168976,280.62408,101619.98,51.25,6.0
2025-02-20 10:00:00,1.7364044,5.9894867,282.32123,101595.86,51.25,6.0
2025-02-20 11:00:00,1.2647705,5.981781,283.71454,101590.016,51.25,6.0
2025-02-20 12:00:00,2.2331848,6.321869,285.09674,101563.94,51.25,6.0
2025-02-20 13:00:00,2.6650543,6.0718384,285.82416,101556.625,51.25,6.0
2025-02-20 14:00:00,2.804367,5.642441,285.78482,101566.8,51.25,6.0
2025-02-20 15:00:00,4.044342,5.856369,285.44775,101572.92,51.25,6.0
2025-02-20 16:00:00,3.9862976,6.126587,285.13733,101606.59,51.25,6.0
2025-02-20 17:00:00,3.7707062,6.6219025,284.44885,101624.58,51.25,6.0
2025-02-20 18:00:00,3.3429718,7.0330048,283.94778,101638.2,51.25,6.0
2025-02-20 19:00:00,2.8036346,7.477539,283.56604,101600.17,51.25,6.0
2025-02-20 20:00:00,2.693451,7.4584045,283.4377,101588.625,51.25,6.0
2025-02-20 21:00:00,3.9966278,6.4763947,283.46634,101654.484,51.25,6.0
2025-02-20 22:00:00,4.9318695,6.4077606,283.46173,101697.09,51.25,6.0
2025-02-20 23:00:00,4.936676,6.3890076,283.6585,101714.14,51.25,6.0
2025-02-21 00:00:00,4.834793,6.2438507,283.89478,101727.57,51.25,6.0
2025-02-21 01:00:00,4.504364,6.5047913,283.92175,101718.44,51.25,6.0
2025-02-21 02:00:00,3.7850037,6.621689,284.04425,101662.86,51.25,6.0
2025-02-21 03:00:00,3.1998596,7.0461426,283.82135,101610.81,51.25,6.0
2025-02-21 04:00:00,2.2839203,7.4437714,283.50085,101590.31,51.25,6.0
2025-02-21 05:00:00,1.4647827,8.223846,283.5777,101546.09,51.25,6.0
2025-02-21 06:00:00,1.3901215,8.476303,283.71143,101527.92,51.25,6.0
2025-02-21 07:00:00,1.6084442,8.313156,283.98093,101542.23,51.25,6.0
2025-02-21 08:00:00,1.0511932,7.953781,284.64938,101528.766,51.25,6.0
2025-02-21 09:00:00,0.13412476,7.808548,285.86,101477.35,51.25,6.0
2025-02-21 10:00:00,0.3712921,7.598587,287.45374,101476.0,51.25,6.0
2025-02-21 11:00:00,-0.33261108,6.965271,288.8296,101430.86,51.25,6.0
2025-02-21 12:00:00,-0.562973,6.943939,290.03943,101321.234,51.25,6.0
2025-02-21 13:00:00,-1.2301025,6.8263397,290.80362,101244.734,51.25,6.0
2025-02-21 14:00:00,-2.4114685,6.3295593,290.75793,101162.46,51.25,6.0
2025-02-21 15:00:00,-1.7565765,7.9289703,290.61237,101098.61,51.25,6.0
2025-02-21 16:00:00,-1.898819,7.9811554,289.70828,101040.625,51.25,6.0
2025-02-21 17:00:00,-2.894226,8.111603,288.55374,101007.15,51.25,6.0
2025-02-21 18:00:00,-3.1608887,8.293579,287.55652,101026.625,51.25,6.0
2025-02-21 19:00:00,-2.5512695,8.130127,286.94016,101032.68,51.25,6.0
2025-02-21 20:00:00,-1.5540924,7.782501,286.39447,101035.2,51.25,6.0
2025-02-21 21:00:00,-1.2613068,7.6807556,286.22427,101041.68,51.25,6.0
2025-02-21 22:00:00,-1.750824,7.1576843,285.34735,100972.23,51.25,6.0
2025-02-21 23:00:00,-1.3154297,7.5814514,284.80408,100921.305,51.25,6.0
2025-02-22 00:00:00,-0.5628967,7.286209,284.40802,100905.64,51.25,6.0
2025-02-22 01:00:00,-0.3934784,7.569214,284.3031,100885.81,51.25,6.0
2025-02-22 02:00:00,-0.4322052,7.933014,284.4271,100859.78,51.25,6.0
2025-02-22 03:00:00,0.24212646,7.752548,284.27124,100804.33,51.25,6.0
2025-02-22 04:00:00,0.3040161,7.669525,284.22778,100777.09,51.25,6.0
2025-02-22 05:00:00,0.97016907,7.991974,284.23868,100802.77,51.25,6.0
2025-02-22 06:00:00,1.7372894,7.7415924,283.91974,100836.516,51.25,6.0
2025-02-22 07:00:00,1.9655609,7.6026764,283.73148,100868.58,51.25,6.0
2025-02-22 08:00:00,1.8119202,7.634018,283.8845,100892.09,51.25,6.0
2025-02-22 09:00:00,2.1315765,7.524475,284.60077,100914.42,51.25,6.0
2025-02-22 10:00:00,2.309082,6.011322,284.29065,100930.78,51.25,6.0
2025-02-22 11:00:00,2.0267792,5.9673767,285.1093,100937.61,51.25,6.0
2025-02-22 12:00:00,1.0399017,6.2167816,285.69382,100939.17,51.25,6.0
2025-02-22 13:00:00,1.6651154,7.16243,285.9939,100966.85,51.25,6.0
2025-02-22 14:00:00,2.63089,7.6988525,286.5075,100975.24,51.25,6.0
2025-02-22 15:00:00,2.8985138,7.506378,286.22723,100983.75,51.25,6.0
2025-02-22 16:00:00,4.529114,6.586029,285.61066,101037.945,51.25,6.0
2025-02-22 17:00:00,6.390518,4.4292297,284.72678,101156.266,51.25,6.0
2025-02-22 18:00:00,7.115326,2.5446472,284.07733,101295.195,51.25,6.0
2025-02-22 19:00:00,7.272888,1.8140259,283.66245,101412.41,51.25,6.0
2025-02-22 20:00:00,7.247818,1.6964874,283.54913,101548.71,51.25,6.0
2025-02-22 21:00:00,7.0280304,1.620758,283.47308,101657.42,51.25,6.0
2025-02-22 22:00:00,6.6131744,1.411087,283.08527,101769.37,51.25,6.0
2025-02-22 23:00:00,6.1727448,1.8618927,283.03992,101867.78,51.25,6.0
2025-02-23 00:00:00,6.1848907,2.1106873,282.9068,101931.36,51.25,6.0
2025-02-23 01:00:00,5.8303223,2.410202,282.77728,101986.98,51.25,6.0
2025-02-23 02:00:00,5.4344025,2.7376862,282.45532,102047.31,51.25,6.0
2025-02-23 03:00:00,5.4795227,2.984665,281.85852,102103.91,51.25,6.0
2025-02-23 04:00:00,4.736786,3.577423,281.1363,102150.16,51.25,6.0
2025-02-23 05:00:00,4.2530823,4.314377,280.5311,102187.9,51.25,6.0
2025-02-23 06:00:00,4.299347,4.447754,280.10217,102204.8,51.25,6.0
2025-02-23 07:00:00,3.9787292,4.42688,279.9245,102256.125,51.25,6.0
2025-02-23 08:00:00,3.3227844,4.3962708,280.67856,102309.62,51.25,6.0
2025-02-23 09:00:00,3.727539,4.6905365,282.22485,102334.56,51.25,6.0
2025-02-23 10:00:00,1.6885986,3.3099365,283.46698,102349.08,51.25,6.0
2025-02-23 11:00:00,3.514038,3.8778381,285.13232,102344.11,51.25,6.0
2025-02-23 12:00:00,4.5209656,4.1620636,286.5171,102306.33,51.25,6.0
2025-02-23 13:00:00,3.0761871,4.6103363,287.41223,102204.41,51.25,6.0
2025-02-23 14:00:00,2.9098358,5.5018005,287.6289,102144.875,51.25,6.0
2025-02-23 15:00:00,2.8688812,5.9294586,287.66608,102108.78,51.25,6.0
2025-02-23 16:00:00,1.8434448,6.0443573,287.27722,102021.125,51.25,6.0
2025-02-23 17:00:00,1.5256958,6.6940613,285.81454,102078.7,51.25,6.0
2025-02-23 18:00:00,2.1110382,7.189972,284.0069,102061.83,51.25,6.0
2025-02-23 19:00:00,1.9422913,8.194519,283.582,102049.96,51.25,6.0
2025-02-23 20:00:00,1.7358093,8.859238,283.77423,102032.43,51.25,6.0
2025-02-23 21:00:00,2.218216,9.079376,284.17157,101984.44,51.25,6.0
2025-02-23 22:00:00,3.5793915,8.975204,284.45245,101924.64,51.25,6.0
2025-02-23 23:00:00,4.564743,8.540451,284.7272,101869.97,51.25,6.0
2025-02-24 00:00:00,4.677109,8.497818,284.8452,101803.75,51.25,6.0
2025-02-24 01:00:00,4.4853973,8.489288,284.95682,101768.375,51.25,6.0
2025-02-24 02:00:00,4.0452423,8.613449,285.00323,101696.34,51.25,6.0
2025-02-24 03:00:00,3.6212463,9.22377,284.99365,101584.04,51.25,6.0
2025-02-24 04:00:00,3.2769012,9.152435,284.87292,101493.45,51.25,6.0
2025-02-24 05:00:00,3.8780975,8.874832,285.12006,101466.88,51.25,6.0
2025-02-24 06:00:00,3.649826,9.047806,285.14154,101405.55,51.25,6.0
2025-02-24 07:00:00,3.3049164,9.559311,284.94345,101371.77,51.25,6.0
2025-02-24 08:00:00,3.6043549,9.626404,284.7859,101341.43,51.25,6.0
2025-02-24 09:00:00,3.5702362,9.448273,284.82553,101265.23,51.25,6.0
2025-02-24 10:00:00,3.5548706,9.128998,285.49738,101201.5,51.25,6.0
2025-02-24 11:00:00,4.0144196,9.129044,285.73676,101163.92,51.25,6.0
2025-02-24 12:00:00,3.135437,8.630402,286.19797,101131.125,51.25,6.0
2025-02-24 13:00:00,3.2844696,8.621048,286.54236,101004.516,51.25,6.0
2025-02-24 14:00:00,5.810959,9.235992,286.29437,101016.234,51.25,6.0
2025-02-24 15:00:00,6.3351593,8.374939,285.14252,100997.09,51.25,6.0
2025-02-24 16:00:00,6.2057037,8.023773,284.4369,100980.62,51.25,6.0
2025-02-24 17:00:00,6.577774,7.222687,283.95374,101021.23,51.25,6.0
2025-02-24 18:00:00,6.911789,5.824478,283.69772,101037.734,51.25,6.0
2025-02-24 19:00:00,7.0216675,4.8925934,283.69073,101057.48,51.25,6.0
2025-02-24 20:00:00,6.726959,4.2611237,283.3158,101118.44,51.25,6.0
2025-02-24 21:00:00,6.127411,4.19368,282.90582,101075.09,51.25,6.0
2025-02-24 22:00:00,5.0653687,5.1150208,282.0398,101110.984,51.25,6.0
2025-02-24 23:00:00,5.375,4.7837524,281.71408,101070.11,51.25,6.0
2025-02-25 00:00:00,5.16066,4.9319153,281.2318,101068.38,51.25,6.0
2025-02-25 01:00:00,5.1515656,5.0505676,280.99292,101067.664,51.25,6.0
2025-02-25 02:00:00,5.095749,4.8699646,280.34113,101061.7,51.25,6.0
2025-02-25 03:00:00,4.5941925,5.3689117,280.1725,101070.06,51.25,6.0
2025-02-25 04:00:00,3.3148956,4.708679,279.93912,101010.97,51.25,6.0
2025-02-25 05:00:00,1.617279,5.382431,279.53122,100924.336,51.25,6.0
2025-02-25 06:00:00,2.2251434,6.8208466,279.40356,100949.984,51.25,6.0
2025-02-25 07:00:00,2.3981476,5.847809,279.65808,100987.51,51.25,6.0
2025-02-25 08:00:00,1.1242218,4.8132324,280.87192,100954.086,51.25,6.0
2025-02-25 09:00:00,0.47097778,4.613098,282.03497,100912.47,51.25,6.0
2025-02-25 10:00:00,0.88723755,2.1629639,283.39923,100851.46,51.25,6.0
2025-02-25 11:00:00,0.01576233,1.8573303,284.5364,100849.41,51.25,6.0
2025-02-25 12:00:00,-0.7417145,1.6190338,285.24097,100785.305,51.25,6.0
2025-02-25 13:00:00,-1.484787,1.4533844,285.69244,100704.22,51.25,6.0
2025-02-25 14:00:00,-2.0337677,0.7903595,285.61688,100664.09,51.25,6.0
2025-02-25 15:00:00,-2.664505,-0.07606506,285.3111,100624.85,51.25,6.0
2025-02-25 16:00:00,-3.5722046,-1.0280304,284.68018,100596.73,51.25,6.0
2025-02-25 17:00:00,-3.634903,-2.3012085,283.92468,100634.625,51.25,6.0
2025-02-25 18:00:00,-3.2647095,-3.7482605,283.21967,100670.83,51.25,6.0
2025-02-25 19:00:00,-2.9661407,-4.5240173,282.8151,100701.336,51.25,6.0
2025-02-25 20:00:00,-2.665329,-4.647064,282.35352,100713.7,51.25,6.0
2025-02-25 21:00:00,-1.924881,-4.8254395,281.92627,100745.91,51.25,6.0
2025-02-25 22:00:00,0.9394226,-5.526642,281.2621,100737.695,51.25,6.0
2025-02-25 23:00:00,2.296463,-5.6908875,280.7646,100774.12,51.25,6.0
2025-02-26 00:00:00,3.6621246,-5.9750366,280.46487,100833.33,51.25,6.0
2025-02-26 01:00:00,4.33197,-6.411957,280.15906,100877.92,51.25,6.0
2025-02-26 02:00:00,4.800812,-6.4915924,279.99066,100906.945,51.25,6.0
2025-02-26 03:00:00,5.359375,-5.948883,279.78574,100941.766,51.25,6.0
2025-02-26 04:00:00,5.2505646,-5.0075073,279.377,100990.15,51.25,6.0
2025-02-26 05:00:00,5.2918854,-3.536972,278.95966,101056.195,51.25,6.0
2025-02-26 06:00:00,5.608917,-1.9634857,278.3916,101104.766,51.25,6.0
2025-02-26 07:00:00,5.402771,-0.6817169,278.16644,101172.484,51.25,6.0
2025-02-26 08:00:00,5.239731,0.36940002,278.38693,101211.78,51.25,6.0
2025-02-26 09:00:00,4.965515,0.59799194,279.60342,101261.03,51.25,6.0
2025-02-26 10:00:00,3.7601318,1.7216492,280.73325,101301.67,51.25,6.0
2025-02-26 11:00:00,3.7199707,2.031601,281.95557,101274.72,51.25,6.0
2025-02-26 12:00:00,4.028824,2.5891113,282.7099,101221.8,51.25,6.0
2025-02-26 13:00:00,4.526825,3.1781158,282.95142,101173.16,51.25,6.0
2025-02-26 14:00:00,4.3029327,4.320755,283.3993,101125.25,51.25,6.0
2025-02-26 15:00:00,5.079727,5.3401947,283.2641,101096.03,51.25,6.0
2025-02-26 16:00:00,4.025345,5.291397,282.7113,101059.64,51.25,6.0
2025-02-26 17:00:00,3.2948303,6.0945435,282.00766,101014.92,51.25,6.0
2025-02-26 18:00:00,2.9871674,6.892441,281.31158,100994.85,51.25,6.0
2025-02-26 19:00:00,2.1181183,8.050858,281.08832,100947.91,51.25,6.0
2025-02-26 20:00:00,1.3794403,8.730576,280.70044,100881.5,51.25,6.0
2025-02-26 21:00:00,1.1797028,9.430023,280.02234,100833.516,51.25,6.0
2025-02-26 22:00:00,1.7125702,8.7938385,279.5636,100749.19,51.25,6.0
2025-02-26 23:00:00,4.244034,7.7809296,279.59552,100692.625,51.25,6.0
2025-02-27 00:00:00,7.8763275,4.3094025,279.693,100742.05,51.25,6.0
2025-02-27 01:00:00,7.869232,2.4487457,279.69925,100766.03,51.25,6.0
2025-02-27 02:00:00,7.3211365,2.418869,279.33746,100760.75,51.25,6.0
2025-02-27 03:00:00,6.5287323,3.151947,278.63885,100785.89,51.25,6.0
2025-02-27 04:00:00,5.6284027,4.1892548,278.2515,100823.03,51.25,6.0
2025-02-27 05:00:00,5.690811,4.7770386,278.0678,100859.44,51.25,6.0
2025-02-27 06:00:00,6.0535583,4.45549,277.75775,100879.234,51.25,6.0
2025-02-27 07:00:00,6.0686493,3.7772675,277.77948,100939.734,51.25,6.0
2025-02-27 08:00:00,6.1069946,3.556961,278.26306,100987.63,51.25,6.0
2025-02-27 09:00:00,6.8623505,3.0460052,279.05493,101033.81,51.25,6.0
2025-02-27 10:00:00,5.215805,3.1000671,280.21664,101092.34,51.25,6.0
2025-02-27 11:00:00,5.342346,3.5396423,280.8528,101084.1,51.25,6.0
2025-02-27 12:00:00,5.705948,3.313858,281.12238,101068.45,51.25,6.0
2025-02-27 13:00:00,5.856735,2.7587128,280.80658,101090.055,51.25,6.0
2025-02-27 14:00:00,5.8305817,1.7076416,279.95123,101092.83,51.25,6.0
2025-02-27 15:00:00,5.745117,2.222412,279.4519,101086.78,51.25,6.0
2025-02-27 16:00:00,6.3115997,1.635498,279.42548,101113.81,51.25,6.0
2025-02-27 17:00:00,6.298523,1.7850494,278.89493,101135.14,51.25,6.0
2025-02-27 18:00:00,6.2559357,1.8866119,278.33704,101176.64,51.25,6.0
2025-02-27 19:00:00,5.8700867,1.7892303,278.2796,101233.22,51.25,6.0
2025-02-27 20:00:00,5.608322,1.1600037,278.24457,101257.695,51.25,6.0
2025-02-27 21:00:00,5.4448853,-0.5992279,278.17084,101295.34,51.25,6.0
2025-02-27 22:00:00,3.7308655,-2.8002014,278.29413,101309.89,51.25,6.0
2025-02-27 23:00:00,3.6507874,-3.4958954,278.2016,101366.74,51.25,6.0
2025-02-28 00:00:00,4.012314,-4.076889,277.86465,101431.58,51.25,6.0
2025-02-28 01:00:00,3.9016113,-4.489517,277.52792,101505.695,51.25,6.0
2025-02-28 02:00:00,3.8372192,-4.6313477,277.44516,101554.44,51.25,6.0
2025-02-28 03:00:00,3.9429626,-4.4830475,277.24332,101604.08,51.25,6.0
2025-02-28 04:00:00,3.9106903,-4.58519,277.1382,101659.78,51.25,6.0
2025-02-28 05:00:00,3.551468,-4.758026,277.29834,101724.88,51.25,6.0
2025-02-28 06:00:00,2.8736267,-4.8600464,277.4278,101767.67,51.25,6.0
2025-02-28 07:00:00,2.4067535,-5.2689056,277.37756,101818.81,51.25,6.0
2025-02-28 08:00:00,1.7238007,-6.116791,277.64883,101910.086,51.25,6.0
2025-02-28 09:00:00,0.28215027,-6.4553223,278.06403,101966.09,51.25,6.0
2025-02-28 10:00:00,0.24833679,-4.8971252,278.42828,102021.38,51.25,6.0
2025-02-28 11:00:00,0.51608276,-4.8482056,278.92712,102082.95,51.25,6.0
2025-02-28 12:00:00,0.4968872,-4.505478,279.23672,102077.2,51.25,6.0
2025-02-28 13:00:00,0.52763367,-4.5008087,279.6377,102072.35,51.25,6.0
2025-02-28 14:00:00,0.46995544,-4.6645203,280.09448,102085.09,51.25,6.0
2025-02-28 15:00:00,-0.07809448,-4.438446,280.02637,102067.46,51.25,6.0
2025-02-28 16:00:00,-0.35221863,-4.8203125,279.79263,102103.836,51.25,6.0
2025-02-28 17:00:00,-0.6158447,-5.067627,279.02448,102167.72,51.25,6.0
2025-02-28 18:00:00,-0.703125,-5.2112885,278.2094,102205.58,51.25,6.0
2025-02-28 19:00:00,-1.1858673,-5.304184,277.52924,102266.42,51.25,6.0
2025-02-28 20:00:00,-1.3535767,-4.8996124,276.36584,102293.734,51.25,6.0
2025-02-28 21:00:00,-1.5616608,-4.813675,275.5279,102318.22,51.25,6.0
2025-02-28 22:00:00,-1.3814697,-5.3439484,275.064,102359.7,51.25,6.0
2025-02-28 23:00:00,-1.3463287,-5.0481415,274.9336,102375.22,51.25,6.0
2025-03-01 00:00:00,-1.2637482,-4.7005463,274.90253,102404.39,51.25,6.0
2025-03-01 01:00:00,-1.4102783,-4.6066437,274.7093,102422.375,51.25,6.0
2025-03-01 02:00:00,-1.4811401,-4.433716,274.8184,102421.41,51.25,6.0
2025-03-01 03:00:00,-1.3675842,-4.0388794,274.641,102459.766,51.25,6.0
2025-03-01 04:00:00,-1.1422272,-4.20903,274.40714,102483.83,51.25,6.0
2025-03-01 05:00:00,-1.1697998,-4.186249,274.7342,102528.45,51.25,6.0
2025-03-01 06:00:00,-1.4088745,-3.8849487,274.865,102558.22,51.25,6.0
2025-03-01 07:00:00,-1.7021332,-3.4822388,274.95337,102610.64,51.25,6.0
2025-03-01 08:00:00,-2.2072601,-2.71315,275.58813,102699.39,51.25,6.0
2025-03-01 09:00:00,-2.0507965,-2.6527405,276.10498,102762.28,51.25,6.0
2025-03-01 10:00:00,-2.033783,-2.6082153,276.76276,102836.25,51.25,6.0
2025-03-01 11:00:00,-1.7978058,-2.6943512,277.02252,102874.516,51.25,6.0
2025-03-01 12:00:00,-1.818512,-2.74411,277.37292,102895.93,51.25,6.0
2025-03-01 13:00:00,-1.9576721,-2.6710205,277.60052,102866.516,51.25,6.0
2025-03-01 14:00:00,-1.9974976,-2.6292725,277.91187,102878.31,51.25,6.0
2025-03-01 15:00:00,-2.0454102,-2.6484375,278.09277,102875.664,51.25,6.0
2025-03-01 16:00:00,-2.1840973,-2.5622406,278.0315,102886.875,51.25,6.0
2025-03-01 17:00:00,-2.348236,-2.6414948,277.67218,102917.375,51.25,6.0
2025-03-01 18:00:00,-2.3307953,-3.0289154,277.11182,102956.83,51.25,6.0
2025-03-01 19:00:00,-2.795868,-2.931549,276.3685,102997.61,51.25,6.0
2025-03-01 20:00:00,-3.0896606,-2.7012024,275.5325,102997.56,51.25,6.0
2025-03-01 21:00:00,-3.1630707,-2.427353,275.0506,103011.375,51.25,6.0
2025-03-01 22:00:00,-2.7425995,-2.0222015,274.49414,103031.055,51.25,6.0
2025-03-01 23:00:00,-2.317276,-2.3250732,274.0342,103032.3,51.25,6.0
2025-03-02 00:00:00,-1.7480927,-3.30365,273.85864,103088.625,51.25,6.0
2025-03-02 01:00:00,-1.4415283,-3.7614288,273.85205,103073.87,51.25,6.0
2025-03-02 02:00:00,-1.7572479,-3.217163,273.8576,103058.42,51.25,6.0
2025-03-02 03:00:00,-2.3447266,-1.9717255,273.06036,103026.32,51.25,6.0
2025-03-02 04:00:00,-2.7286377,-1.2913208,273.35846,103038.3,51.25,6.0
2025-03-02 05:00:00,-2.7296143,-1.6423798,273.11554,103028.984,51.25,6.0
2025-03-02 06:00:00,-2.6324463,-1.8118286,271.97897,103008.875,51.25,6.0
2025-03-02 07:00:00,-2.8987122,-2.913391,272.37064,103056.76,51.25,6.0
2025-03-02 08:00:00,-2.7688599,-2.5311127,274.08722,103100.98,51.25,6.0
2025-03-02 09:00:00,-2.1205902,-1.2062988,276.65228,103094.55,51.25,6.0
2025-03-02 10:00:00,-1.8314209,-0.6344452,278.23914,103053.8,51.25,6.0
2025-03-02 11:00:00,-2.3830872,-0.15898132,280.01144,103011.41,51.25,6.0
2025-03-02 12:00:00,-2.3407288,0.04899597,281.064,102946.3,51.25,6.0
2025-03-02 13:00:00,-2.1831818,-0.14700317,281.886,102871.67,51.25,6.0
2025-03-02 14:00:00,-2.114624,-0.79937744,282.40964,102818.984,51.25,6.0
2025-03-02 15:00:00,-2.3063354,-1.4748993,282.5702,102767.28,51.25,6.0
2025-03-02 16:00:00,-2.7246704,-1.7984924,282.19955,102729.92,51.25,6.0
2025-03-02 17:00:00,-3.537262,-2.4955597,280.62915,102720.82,51.25,6.0
2025-03-02 18:00:00,-4.249115,-2.191864,278.0682,102724.3,51.25,6.0
2025-03-02 19:00:00,-4.5368805,-1.3725281,276.70355,102708.67,51.25,6.0
2025-03-02 20:00:00,-4.9718323,-1.3018036,275.75333,102708.72,51.25,6.0
2025-03-02 21:00:00,-5.347351,-1.104599,274.5027,102704.09,51.25,6.0
2025-03-02 22:00:00,-4.3193665,-0.17367554,273.89606,102657.336,51.25,6.0
2025-03-02 23:00:00,-3.6153564,1.3119049,272.82312,102604.266,51.25,6.0
2025-03-03 00:00:00,-2.235672,2.4480438,272.49753,102543.0,51.25,6.0
2025-03-03 01:00:00,-1.0394745,2.478012,273.27145,102528.53,51.25,6.0
2025-03-03 02:00:00,-0.55270386,1.2030945,273.53772,102517.86,51.25,6.0
2025-03-03 03:00:00,-0.675827,0.1252594,273.33392,102508.164,51.25,6.0
2025-03-03 04:00:00,-1.0907288,0.028396606,272.60907,102508.55,51.25,6.0
2025-03-03 05:00:00,-1.277359,1.4183807,270.7556,102511.69,51.25,6.0
2025-03-03 06:00:00,-1.0490112,3.5358276,270.68546,102480.39,51.25,6.0
2025-03-03 07:00:00,-0.09793091,3.4969635,271.32013,102470.734,51.25,6.0
2025-03-03 08:00:00,0.49923706,1.6768341,274.21814,102538.28,51.25,6.0
2025-03-03 09:00:00,0.20115662,0.4930725,277.1347,102550.86,51.25,6.0
2025-03-03 10:00:00,-0.43952942,-0.17488098,280.00366,102537.31,51.25,6.0
2025-03-03 11:00:00,-0.7746582,-0.12062073,281.9422,102528.61,51.25,6.0
2025-03-03 12:00:00,-0.92404175,-0.22259521,283.07568,102482.53,51.25,6.0
2025-03-03 13:00:00,-0.70651245,-0.2112732,283.95728,102397.56,51.25,6.0
2025-03-03 14:00:00,-0.57910156,-0.63586426,284.43762,102350.69,51.25,6.0
2025-03-03 15:00:00,-0.60324097,-1.0484772,284.69696,102312.2,51.25,6.0
2025-03-03 16:00:00,-0.833374,-0.9252014,284.43777,102275.49,51.25,6.0
2025-03-03 17:00:00,-1.1149445,-1.6469727,282.31952,102275.09,51.25,6.0
2025-03-03 18:00:00,-1.6630402,-2.604004,278.7232,102309.14,51.25,6.0
2025-03-03 19:00:00,-2.3521729,-2.1938477,276.49805,102320.04,51.25,6.0
2025-03-03 20:00:00,-2.4458313,-1.4696503,275.7981,102314.05,51.25,6.0
2025-03-03 21:00:00,-2.3691254,-1.9358978,275.52078,102317.56,51.25,6.0
2025-03-03 22:00:00,-2.2016296,-1.7474823,274.43146,102278.016,51.25,6.0
2025-03-03 23:00:00,-2.4991913,-2.1965942,273.71014,102258.09,51.25,6.0
2025-03-04 00:00:00,-2.6946716,-2.6807098,273.1742,102281.34,51.25,6.0
2025-03-04 01:00:00,-2.8082275,-1.9618683,272.9314,102244.484,51.25,6.0
2025-03-04 02:00:00,-2.7082367,-0.9942322,272.97873,102225.97,51.25,6.0
2025-03-04 03:00:00,-2.2165833,-0.19464111,272.70547,102206.41,51.25,6.0
2025-03-04 04:00:00,-1.5810852,0.22505188,272.57642,102227.26,51.25,6.0
2025-03-04 05:00:00,-1.3075409,0.12388611,272.7296,102222.75,51.25,6.0
2025-03-04 06:00:00,-1.3754578,-0.2626953,271.8361,102221.54,51.25,6.0
2025-03-04 07:00:00,-1.7944641,-0.21777344,271.95984,102234.83,51.25,6.0
2025-03-04 08:00:00,-1.9537354,0.95240784,274.05786,102238.46,51.25,6.0
2025-03-04 09:00:00,-1.5349579,1.5544891,277.4086,102211.61,51.25,6.0
2025-03-04 10:00:00,-1.3811188,1.0598602,279.8661,102184.16,51.25,6.0
2025-03-04 11:00:00,-0.6674957,-0.1162262,282.17706,102189.85,51.25,6.0
2025-03-04 12:00:00,-0.6215515,-1.3376465,283.75406,102191.375,51.25,6.0
2025-03-04 13:00:00,-0.4381256,-1.5188446,284.8551,102155.94,51.25,6.0
2025-03-04 14:00:00,-0.22164917,-1.4336395,285.59302,102120.2,51.25,6.0
2025-03-04 15:00:00,-0.42385864,-1.1095886,285.9537,102066.586,51.25,6.0
2025-03-04 16:00:00,-1.02742,-1.52742,285.6753,102051.05,51.25,6.0
2025-03-04 17:00:00,-2.3201294,-1.6299438,283.7573,102034.22,51.25,6.0
2025-03-04 18:00:00,-3.3910065,1.2136383,280.12042,101996.5,51.25,6.0
2025-03-04 19:00:00,-3.1363068,3.9819794,277.2177,101975.16,51.25,6.0
2025-03-04 20:00:00,-1.715622,5.1029663,278.89243,101967.54,51.25,6.0
2025-03-04 21:00:00,0.04574585,6.2192993,278.6529,101925.47,51.25,6.0
2025-03-04 22:00:00,1.6618347,5.4097595,274.93857,101925.266,51.25,6.0
2025-03-04 23:00:00,3.4220734,2.938568,275.4873,101984.97,51.25,6.0
2025-03-05 00:00:00,4.1877747,0.8097534,274.93567,102050.47,51.25,6.0
2025-03-05 01:00:00,3.694397,0.21476746,274.86615,102056.484,51.25,6.0
2025-03-05 02:00:00,2.8355103,0.8752899,272.3114,102018.664,51.25,6.0
2025-03-05 03:00:00,2.4021912,2.9963226,272.7497,101958.19,51.25,6.0
2025-03-05 04:00:00,2.4549255,4.5446014,273.3698,101939.86,51.25,6.0
2025-03-05 05:00:00,3.0990906,4.20578,273.31067,101926.36,51.25,6.0
2025-03-05 06:00:00,3.5749512,3.3555908,272.75854,101970.625,51.25,6.0
2025-03-05 07:00:00,3.5619354,3.7030945,273.71155,101992.66,51.25,6.0
2025-03-05 08:00:00,2.8048096,4.487152,277.01764,102007.5,51.25,6.0
2025-03-05 09:00:00,1.8719482,4.109436,280.43927,101997.92,51.25,6.0
2025-03-05 10:00:00,0.41230774,2.4598236,283.9616,101993.55,51.25,6.0
2025-03-05 11:00:00,0.4032898,1.9344025,286.32416,101959.555,51.25,6.0
2025-03-05 12:00:00,0.49227905,1.6734009,287.8198,101910.09,51.25,6.0
2025-03-05 13:00:00,0.69181824,1.3549805,288.72427,101825.66,51.25,6.0
2025-03-05 14:00:00,0.65200806,1.4620819,289.39038,101791.52,51.25,6.0
2025-03-05 15:00:00,0.5796509,1.8123474,289.57666,101733.67,51.25,6.0
2025-03-05 16:00:00,0.40834045,1.6296844,289.11835,101715.125,51.25,6.0
2025-03-05 17:00:00,0.07687378,1.8059998,287.58813,101709.59,51.25,6.0
2025-03-05 18:00:00,-0.4179077,2.6688538,283.0407,101686.8,51.25,6.0
2025-03-05 19:00:00,-0.42767334,3.8988037,280.5645,101675.36,51.25,6.0
2025-03-05 20:00:00,0.3356781,4.9161224,279.50848,101670.92,51.25,6.0
2025-03-05 21:00:00,1.5204773,5.4930725,278.88913,101670.414,51.25,6.0
2025-03-05 22:00:00,2.1911774,5.518341,278.35138,101654.26,51.25,6.0
2025-03-05 23:00:00,2.748291,5.7003784,278.057,101635.2,51.25,6.0
2025-03-06 00:00:00,2.909256,6.0125732,277.85266,101619.05,51.25,6.0
2025-03-06 01:00:00,3.152771,5.917801,277.39902,101588.06,51.25,6.0
2025-03-06 02:00:00,3.4257202,5.629013,277.0667,101532.37,51.25,6.0
2025-03-06 03:00:00,3.3398285,5.6026154,276.75977,101489.53,51.25,6.0
2025-03-06 04:00:00,3.0083923,5.7914734,276.5736,101473.16,51.25,6.0
2025-03-06 05:00:00,2.456543,6.089157,276.42676,101461.72,51.25,6.0
2025-03-06 06:00:00,2.088501,6.330307,276.37714,101412.7,51.25,6.0
2025-03-06 07:00:00,2.0208588,6.516388,277.52124,101420.48,51.25,6.0
2025-03-06 08:00:00,2.0932465,6.354248,280.935,101416.55,51.25,6.0
2025-03-06 09:00:00,2.236908,5.687149,284.30933,101417.31,51.25,6.0
2025-03-06 10:00:00,1.7249908,3.7250366,286.84262,101397.66,51.25,6.0
2025-03-06 11:00:00,2.0916748,3.7712708,288.6969,101362.76,51.25,6.0
2025-03-06 12:00:00,2.3733826,4.05072,289.9871,101333.75,51.25,6.0
2025-03-06 13:00:00,2.312378,4.229065,290.90588,101277.984,51.25,6.0
2025-03-06 14:00:00,1.9328613,4.1887054,291.31476,101238.44,51.25,6.0
2025-03-06 15:00:00,1.0886993,4.205368,291.42972,101203.555,51.25,6.0
2025-03-06 16:00:00,-0.03967285,4.7112427,290.88174,101174.266,51.25,6.0
2025-03-06 17:00:00,-0.97572327,6.0174255,288.6417,101168.51,51.25,6.0
2025-03-06 18:00:00,-1.3544922,7.285141,285.6389,101179.05,51.25,6.0
2025-03-06 19:00:00,-1.0466919,8.299637,283.7567,101193.66,51.25,6.0
2025-03-06 20:00:00,-0.0006713867,8.796814,282.86,101226.53,51.25,6.0
2025-03-06 21:00:00,0.912735,8.89418,282.30945,101237.2,51.25,6.0
2025-03-06 22:00:00,1.498764,8.317947,282.62592,101219.33,51.25,6.0
2025-03-06 23:00:00,2.2237854,7.9559937,282.4921,101216.67,51.25,6.0
2025-03-07 00:00:00,2.7655945,7.6023407,282.1599,101232.19,51.25,6.0
2025-03-07 01:00:00,3.054596,6.941818,281.6379,101219.95,51.25,6.0
2025-03-07 02:00:00,2.764923,6.4009247,280.70557,101204.16,51.25,6.0
2025-03-07 03:00:00,2.0724792,6.347458,279.99304,101193.41,51.25,6.0
2025-03-07 04:00:00,1.5177612,6.519058,279.32513,101196.445,51.25,6.0
2025-03-07 05:00:00,1.3664551,6.4495697,278.98413,101223.31,51.25,6.0
2025-03-07 06:00:00,1.4027405,6.3045197,278.52548,101218.54,51.25,6.0
2025-03-07 07:00:00,1.1242371,6.0226593,279.59814,101261.375,51.25,6.0
2025-03-07 08:00:00,0.5401306,5.4853363,282.75214,101282.61,51.25,6.0
2025-03-07 09:00:00,0.11073303,3.9968567,285.24054,101293.92,51.25,6.0
2025-03-07 10:00:00,-0.13171387,3.2863312,287.63068,101303.95,51.25,6.0
2025-03-07 11:00:00,0.15762329,3.2673492,289.18628,101270.79,51.25,6.0
2025-03-07 12:00:00,0.28492737,3.3803558,290.49374,101216.67,51.25,6.0
2025-03-07 13:00:00,0.41099548,3.367096,291.25232,101150.28,51.25,6.0
2025-03-07 14:00:00,0.41542053,3.2736359,291.77594,101115.88,51.25,6.0
2025-03-07 15:00:00,0.17758179,3.0724945,291.7616,101076.58,51.25,6.0
2025-03-07 16:00:00,-0.5539093,2.8366241,291.25323,101051.4,51.25,6.0
2025-03-07 17:00:00,-1.3547974,3.225357,288.93134,101068.03,51.25,6.0
2025-03-07 18:00:00,-1.9129028,3.9564056,285.3905,101083.51,51.25,6.0
2025-03-07 19:00:00,-2.240265,4.7212677,283.65564,101093.875,51.25,6.0
2025-03-07 20:00:00,-2.2250214,5.179077,282.33865,101106.55,51.25,6.0
2025-03-07 21:00:00,-2.1365051,5.273056,281.25876,101115.95,51.25,6.0
2025-03-07 22:00:00,-2.3246002,4.378418,279.69006,101102.67,51.25,6.0
2025-03-07 23:00:00,-2.7691803,4.061096,278.76904,101088.37,51.25,6.0
2025-03-08 00:00:00,-3.3082123,4.313263,278.3579,101060.31,51.25,6.0
2025-03-08 01:00:00,-3.465744,4.4671936,277.91867,101054.984,51.25,6.0
2025-03-08 02:00:00,-3.8054657,4.2565613,277.59467,101016.57,51.25,6.0
2025-03-08 03:00:00,-4.2071075,4.2013702,277.2137,101008.55,51.25,6.0
2025-03-08 04:00:00,-4.4121704,4.1963654,276.74152,100987.67,51.25,6.0
2025-03-08 05:00:00,-4.583008,4.2187653,276.7132,100961.98,51.25,6.0
2025-03-08 06:00:00,-4.524765,4.139862,276.46136,100927.43,51.25,6.0
2025-03-08 07:00:00,-4.4110107,4.2192383,277.489,100929.625,51.25,6.0
2025-03-08 08:00:00,-3.9093018,3.8381042,281.14923,100947.914,51.25,6.0
2025-03-08 09:00:00,-3.159958,2.6925812,284.47064,100939.77,51.25,6.0
2025-03-08 10:00:00,-2.9478302,0.6933899,287.28522,100895.75,51.25,6.0
2025-03-08 11:00:00,-3.0319061,0.27172852,289.58707,100852.31,51.25,6.0
2025-03-08 12:00:00,-3.372696,0.23320007,290.9865,100764.21,51.25,6.0
2025-03-08 13:00:00,-3.9227905,0.29960632,291.83496,100674.734,51.25,6.0
2025-03-08 14:00:00,-4.5651093,0.42503357,292.11453,100592.97,51.25,6.0
2025-03-08 15:00:00,-4.784378,0.65789795,291.88086,100524.875,51.25,6.0
2025-03-08 16:00:00,-5.1957245,0.95069885,291.274,100494.17,51.25,6.0
2025-03-08 17:00:00,-5.9410095,1.5301819,289.5939,100488.8,51.25,6.0
2025-03-08 18:00:00,-6.2276306,2.1214905,286.79834,100461.125,51.25,6.0
2025-03-08 19:00:00,-5.9988403,2.8613129,284.8272,100453.0,51.25,6.0
2025-03-08 20:00:00,-5.3713684,3.582611,283.56012,100469.61,51.25,6.0
2025-03-08 21:00:00,-5.2459106,3.6717682,281.97928,100466.984,51.25,6.0
2025-03-08 22:00:00,-5.2341003,3.6304626,281.20984,100428.69,51.25,6.0
2025-03-08 23:00:00,-5.4507904,3.3618774,280.47424,100403.14,51.25,6.0
2025-03-09 00:00:00,-5.314575,3.2946014,279.9173,100379.39,51.25,6.0
2025-03-09 01:00:00,-4.8475647,3.446701,279.02448,100352.17,51.25,6.0
2025-03-09 02:00:00,-4.682007,3.4379272,278.37592,100317.31,51.25,6.0
2025-03-09 03:00:00,-4.814789,3.283493,277.8844,100291.28,51.25,6.0
2025-03-09 04:00:00,-5.0550537,3.0133514,277.53055,100221.4,51.25,6.0
2025-03-09 05:00:00,-5.2060394,2.9838257,277.22766,100204.17,51.25,6.0
2025-03-09 06:00:00,-4.806122,3.2643738,276.97473,100185.15,51.25,6.0
2025-03-09 07:00:00,-4.817337,2.8760986,277.83572,100196.41,51.25,6.0
2025-03-09 08:00:00,-4.9750977,2.0499268,281.393,100183.55,51.25,6.0
2025-03-09 09:00:00,-3.9215698,1.2679138,284.34174,100174.375,51.25,6.0
2025-03-09 10:00:00,-2.9227753,0.2195282,286.979,100149.42,51.25,6.0
2025-03-09 11:00:00,-2.688202,-0.11413574,289.09222,100089.55,51.25,6.0
2025-03-09 12:00:00,-2.724762,-0.32214355,290.58987,100034.25,51.25,6.0
2025-03-09 13:00:00,-2.9675598,-0.45220947,291.4523,99974.445,51.25,6.0
2025-03-09 14:00:00,-3.4059448,-0.47013855,291.89307,99901.66,51.25,6.0
2025-03-09 15:00:00,-3.5058289,-0.37590027,291.7741,99852.734,51.25,6.0
2025-03-09 16:00:00,-3.7376556,-0.96380615,290.97626,99823.08,51.25,6.0
2025-03-09 17:00:00,-4.787018,-1.8344727,288.63232,99815.83,51.25,6.0
2025-03-09 18:00:00,-5.720001,-1.942688,285.53168,99780.81,51.25,6.0
2025-03-09 19:00:00,-6.291504,-1.5164032,284.07526,99762.484,51.25,6.0
2025-03-09 20:00:00,-6.4889984,-1.1806946,283.25427,99744.22,51.25,6.0
2025-03-09 21:00:00,-5.9327393,-0.81559753,282.1083,99747.75,51.25,6.0
2025-03-09 22:00:00,-4.378311,-0.5237274,280.4777,99765.836,51.25,6.0
2025-03-09 23:00:00,-4.113083,-0.4770813,279.16284,99719.33,51.25,6.0
2025-03-10 00:00:00,-4.2304535,-0.42051697,278.66888,99673.69,51.25,6.0
2025-03-10 01:00:00,-3.6260223,0.1822815,278.10092,99673.14,51.25,6.0
2025-03-10 02:00:00,-2.823578,0.12962341,277.52536,99633.43,51.25,6.0
2025-03-10 03:00:00,-2.3653564,-0.5035858,276.54974,99582.055,51.25,6.0
2025-03-10 04:00:00,-2.476944,-0.8323517,275.71768,99550.89,51.25,6.0
2025-03-10 05:00:00,-3.3728485,-1.1526794,274.9839,99548.375,51.25,6.0
2025-03-10 06:00:00,-3.903061,-0.91856384,274.75092,99542.516,51.25,6.0
2025-03-10 07:00:00,-3.5067291,-0.7845001,275.98987,99596.33,51.25,6.0
2025-03-10 08:00:00,-2.842102,-1.275116,279.81473,99629.16,51.25,6.0
2025-03-10 09:00:00,-1.891983,-1.4451904,283.21365,99647.97,51.25,6.0
2025-03-10 10:00:00,-1.2199249,-1.0690765,285.63947,99653.945,51.25,6.0
2025-03-10 11:00:00,-1.3621521,-1.2918854,287.9674,99658.66,51.25,6.0
2025-03-10 12:00:00,-1.8282318,-1.6779327,289.4594,99642.21,51.25,6.0
2025-03-10 13:00:00,-2.0069275,-1.6654968,290.18375,99597.34,51.25,6.0
2025-03-10 14:00:00,-1.9123688,-1.3393097,290.3766,99593.72,51.25,6.0
2025-03-10 15:00:00,-1.4864502,-1.7451324,290.21408,99612.55,51.25,6.0
2025-03-10 16:00:00,-1.2427063,-3.1708832,289.3808,99613.38,51.25,6.0
2025-03-10 17:00:00,-1.4988556,-4.2686462,287.32922,99638.484,51.25,6.0
2025-03-10 18:00:00,-1.6751709,-4.8247223,284.1043,99685.87,51.25,6.0
2025-03-10 19:00:00,-1.6361542,-5.4237823,282.2241,99738.05,51.25,6.0
2025-03-10 20:00:00,-1.9732056,-5.553711,281.4442,99768.14,51.25,6.0
2025-03-10 21:00:00,-2.6414642,-4.68454,280.8503,99789.44,51.25,6.0
2025-03-10 22:00:00,-2.969635,-3.2467957,279.3864,99804.53,51.25,6.0
2025-03-10 23:00:00,-2.435196,-1.7529602,278.00775,99822.25,51.25,6.0
2025-03-11 00:00:00,-1.3487091,-1.2781372,277.05902,99830.66,51.25,6.0
2025-03-11 01:00:00,-0.6472626,-2.3138275,276.53085,99818.516,51.25,6.0
2025-03-11 02:00:00,-0.5236206,-3.5032043,276.15765,99772.34,51.25,6.0
2025-03-11 03:00:00,-0.26255798,-4.0447693,275.15222,99734.016,51.25,6.0
2025-03-11 04:00:00,0.5414734,-3.9545135,275.3885,99741.734,51.25,6.0
2025-03-11 05:00:00,0.8076019,-4.1410217,275.33508,99765.734,51.25,6.0
2025-03-11 06:00:00,0.9027252,-4.1574097,275.29938,99780.95,51.25,6.0
2025-03-11 07:00:00,1.2210388,-4.038147,276.0432,99840.375,51.25,6.0
2025-03-11 08:00:00,0.48095703,-3.7636566,276.82794,99858.555,51.25,6.0
2025-03-11 09:00:00,0.43969727,-3.1817017,277.44394,99857.19,51.25,6.0
2025-03-11 10:00:00,0.8186188,-2.6152954,278.3292,99899.27,51.25,6.0
2025-03-11 11:00:00,1.6123657,-2.6371155,278.81128,99900.03,51.25,6.0
2025-03-11 12:00:00,2.210678,-2.5557556,279.24268,99894.5,51.25,6.0
2025-03-11 13:00:00,2.660202,-2.9041595,279.67056,99841.3,51.25,6.0
2025-03-11 14:00:00,3.071228,-3.9536438,279.89307,99808.05,51.25,6.0
2025-03-11 15:00:00,2.710266,-4.14888,279.71252,99782.914,51.25,6.0
2025-03-11 16:00:00,2.3957672,-3.5350037,279.75888,99762.48,51.25,6.0
2025-03-11 17:00:00,2.6062775,-3.4781952,279.484,99790.34,51.25,6.0
2025-03-11 18:00:00,2.754303,-3.832428,279.00977,99782.58,51.25,6.0
2025-03-11 19:00:00,2.8633728,-3.95549,278.33624,99803.35,51.25,6.0
2025-03-11 20:00:00,3.1602478,-3.859314,277.57123,99803.11,51.25,6.0
2025-03-11 21:00:00,3.5290833,-3.9148407,276.68262,99804.92,51.25,6.0
2025-03-11 22:00:00,3.6472778,-3.8489532,275.86176,99778.29,51.25,6.0
2025-03-11 23:00:00,3.7444,-2.7905426,274.9795,99784.08,51.25,6.0
2025-03-12 00:00:00,3.89328,-2.3603058,274.1151,99759.44,51.25,6.0
2025-03-12 01:00:00,4.0612946,-2.5465546,273.2589,99719.61,51.25,6.0
2025-03-12 02:00:00,3.8768463,-2.0110016,272.77155,99677.98,51.25,6.0
2025-03-12 03:00:00,3.7926788,-1.3094788,272.89307,99659.36,51.25,6.0
2025-03-12 04:00:00,3.862732,-1.236496,272.57645,99638.984,51.25,6.0
2025-03-12 05:00:00,3.9483795,-0.93585205,272.22974,99637.64,51.25,6.0
2025-03-12 06:00:00,4.082321,0.024124146,272.79953,99646.734,51.25,6.0
2025-03-12 07:00:00,4.107376,0.99209595,274.08963,99664.29,51.25,6.0
2025-03-12 08:00:00,3.1307678,1.0759735,275.68137,99657.58,51.25,6.0
2025-03-12 09:00:00,3.0964966,0.26091003,277.54913,99612.94,51.25,6.0
2025-03-12 10:00:00,3.128128,-0.31695557,278.9551,99614.83,51.25,6.0
2025-03-12 11:00:00,3.1260834,-0.3729248,279.5917,99602.734,51.25,6.0
2025-03-12 12:00:00,2.7984161,-0.16732788,279.92456,99578.41,51.25,6.0
2025-03-12 13:00:00,2.961731,-0.6773529,279.90558,99519.7,51.25,6.0
2025-03-12 14:00:00,2.9924774,-1.4649048,280.25098,99495.0,51.25,6.0
2025-03-12 15:00:00,1.703064,-0.89260864,279.96857,99459.22,51.25,6.0
2025-03-12 16:00:00,2.184143,-0.72224426,279.84814,99489.89,51.25,6.0
2025-03-12 17:00:00,2.1659393,-1.2975159,278.79425,99509.99,51.25,6.0
2025-03-12 18:00:00,2.1866455,-1.8060455,277.47095,99514.0,51.25,6.0
2025-03-12 19:00:00,1.7663727,-2.1847687,276.5756,99537.41,51.25,6.0
2025-03-12 20:00:00,1.4945374,-2.0550842,276.0888,99513.516,51.25,6.0
2025-03-12 21:00:00,1.382782,-1.9025879,275.6631,99510.375,51.25,6.0
2025-03-12 22:00:00,2.2337494,-1.3480682,275.3203,99485.945,51.25,6.0
2025-03-12 23:00:00,3.0184479,-1.914856,274.43225,99484.234,51.25,6.0
2025-03-13 00:00:00,3.2189484,-3.2157135,274.18503,99441.766,51.25,6.0
2025-03-13 01:00:00,2.702774,-3.7867584,273.37183,99432.375,51.25,6.0
2025-03-13 02:00:00,2.0406494,-3.8934937,273.27097,99381.22,51.25,6.0
2025-03-13 03:00:00,1.5229187,-4.011627,272.76038,99362.34,51.25,6.0
2025-03-13 04:00:00,0.91819763,-3.438568,272.32416,99344.734,51.25,6.0
2025-03-13 05:00:00,0.53419495,-2.8723297,272.74417,99370.664,51.25,6.0
2025-03-13 06:00:00,0.41770935,-2.586197,272.78345,99374.1,51.25,6.0
2025-03-13 07:00:00,0.44459534,-2.4870148,272.80475,99401.17,51.25,6.0
2025-03-13 08:00:00,0.472641,-1.260849,274.92148,99409.0,51.25,6.0
2025-03-13 09:00:00,0.551178,-1.521698,276.81644,99431.03,51.25,6.0
2025-03-13 10:00:00,0.4862213,-1.5445862,277.91168,99450.55,51.25,6.0
2025-03-13 11:00:00,0.7188721,-1.1878815,278.78476,99461.8,51.25,6.0
2025-03-13 12:00:00,1.1191101,-1.381897,279.24652,99456.41,51.25,6.0
2025-03-13 13:00:00,1.5312195,-2.3324738,279.85687,99423.836,51.25,6.0
2025-03-13 14:00:00,1.5417786,-3.0064087,279.8664,99432.234,51.25,6.0
2025-03-13 15:00:00,0.87661743,-2.891098,279.78815,99464.17,51.25,6.0
2025-03-13 16:00:00,0.76020813,-3.163269,279.60248,99497.734,51.25,6.0
2025-03-13 17:00:00,0.96499634,-4.4270935,279.05103,99554.234,51.25,6.0
2025-03-13 18:00:00,0.73864746,-4.7739563,278.25006,99613.4,51.25,6.0
2025-03-13 19:00:00,0.29327393,-5.2077026,277.16754,99686.625,51.25,6.0
2025-03-13 20:00:00,-0.014694214,-5.095688,276.27905,99752.805,51.25,6.0
2025-03-13 21:00:00,-0.1532135,-4.982239,275.7887,99805.164,51.25,6.0
2025-03-13 22:00:00,0.53100586,-5.092819,275.82892,99817.125,51.25,6.0
2025-03-13 23:00:00,0.27687073,-4.59552,275.81287,99851.305,51.25,6.0
2025-03-14 00:00:00,0.09587097,-4.379013,275.3019,99886.17,51.25,6.0
2025-03-14 01:00:00,0.17852783,-4.5440216,274.9577,99905.32,51.25,6.0
2025-03-14 02:00:00,-0.02482605,-4.87146,274.61584,99919.28,51.25,6.0
2025-03-14 03:00:00,-0.27264404,-4.5575256,273.93506,99944.76,51.25,6.0
2025-03-14 04:00:00,-0.46871948,-4.163086,273.6737,99972.33,51.25,6.0
2025-03-14 05:00:00,-0.53775024,-3.7610016,273.76257,100043.81,51.25,6.0
2025-03-14 06:00:00,-0.43060303,-3.577774,273.04138,100098.15,51.25,6.0
2025-03-14 07:00:00,-0.3312378,-3.5220947,273.227,100183.61,51.25,6.0
2025-03-14 08:00:00,-0.22618103,-2.100586,274.81244,100223.67,51.25,6.0
2025-03-14 09:00:00,-0.48846436,-2.253296,276.05292,100279.41,51.25,6.0
2025-03-14 10:00:00,-0.15771484,-1.1599884,277.45844,100325.47,51.25,6.0
2025-03-14 11:00:00,-0.1493988,-1.5908813,278.07068,100359.69,51.25,6.0
2025-03-14 12:00:00,-0.32177734,-1.9311981,278.6416,100403.72,51.25,6.0
2025-03-14 13:00:00,-0.2766266,-2.338211,279.054,100440.89,51.25,6.0
2025-03-14 14:00:00,-0.34980774,-2.9851685,279.10883,100459.516,51.25,6.0
2025-03-14 15:00:00,-0.5187988,-3.6782532,279.36572,100499.21,51.25,6.0
2025-03-14 16:00:00,-0.85868835,-4.312958,279.01038,100541.22,51.25,6.0
2025-03-14 17:00:00,-1.2328339,-4.9744873,278.42822,100619.95,51.25,6.0
2025-03-14 18:00:00,-1.4968567,-5.656357,277.4406,100676.766,51.25,6.0
2025-03-14 19:00:00,-1.968399,-6.0191956,276.97876,100762.33,51.25,6.0
2025-03-14 20:00:00,-2.5153503,-6.159851,276.77246,100824.2,51.25,6.0
2025-03-14 21:00:00,-3.229004,-6.1972046,276.2928,100871.47,51.25,6.0
2025-03-14 22:00:00,-3.5246124,-6.0556183,275.2716,100923.67,51.25,6.0
2025-03-14 23:00:00,-3.442215,-6.1327667,274.66385,100963.484,51.25,6.0
2025-03-15 00:00:00,-3.1496887,-6.0234375,274.0667,101026.36,51.25,6.0
2025-03-15 01:00:00,-3.254181,-6.003128,273.4558,101039.805,51.25,6.0
2025-03-15 02:00:00,-3.4347382,-5.7661743,273.1203,101050.14,51.25,6.0
2025-03-15 03:00:00,-3.6841278,-5.5938263,272.8694,101063.3,51.25,6.0
2025-03-15 04:00:00,-4.0246277,-5.572342,273.12122,101100.38,51.25,6.0
2025-03-15 05:00:00,-4.2349854,-5.4981384,273.56433,101154.09,51.25,6.0
2025-03-15 06:00:00,-4.251404,-5.310501,273.9225,101220.84,51.25,6.0
2025-03-15 07:00:00,-4.3596497,-5.4123993,274.59207,101296.375,51.25,6.0
2025-03-15 08:00:00,-4.6073914,-4.9237976,275.37585,101347.95,51.25,6.0
2025-03-15 09:00:00,-4.9142456,-4.700165,276.51578,101377.27,51.25,6.0
2025-03-15 10:00:00,-4.7163696,-4.088745,277.43384,101388.75,51.25,6.0
2025-03-15 11:00:00,-4.4288177,-4.4757385,278.34015,101374.664,51.25,6.0
2025-03-15 12:00:00,-4.4849243,-4.742157,279.40875,101375.4,51.25,6.0
2025-03-15 13:00:00,-4.995575,-5.056137,280.08118,101337.09,51.25,6.0
2025-03-15 14:00:00,-5.6741333,-5.119049,280.5822,101323.66,51.25,6.0
2025-03-15 15:00:00,-5.536545,-5.3257294,280.3853,101312.78,51.25,6.0
2025-03-15 16:00:00,-5.231781,-5.4582367,280.09323,101302.03,51.25,6.0
2025-03-15 17:00:00,-4.568512,-5.9792786,279.52768,101326.59,51.25,6.0
2025-03-15 18:00:00,-4.8428345,-6.339691,278.57632,101380.22,51.25,6.0
2025-03-15 19:00:00,-5.447418,-5.9401703,277.72723,101428.16,51.25,6.0
2025-03-15 20:00:00,-5.8677673,-5.394104,277.19995,101457.805,51.25,6.0
2025-03-15 21:00:00,-5.7532654,-5.1668243,276.50385,101464.07,51.25,6.0
2025-03-15 22:00:00,-5.848282,-5.2985992,276.67645,101480.0,51.25,6.0
2025-03-15 23:00:00,-5.060852,-5.7920837,276.1236,101450.94,51.25,6.0
2025-03-16 00:00:00,-4.6792755,-6.224167,275.8148,101473.91,51.25,6.0
2025-03-16 01:00:00,-4.709076,-6.2348633,275.35095,101493.125,51.25,6.0
2025-03-16 02:00:00,-4.779312,-5.8268585,274.71606,101469.56,51.25,6.0
2025-03-16 03:00:00,-4.6566925,-5.6364746,274.1836,101467.8,51.25,6.0
2025-03-16 04:00:00,-4.5212555,-5.7040863,273.5283,101484.48,51.25,6.0
2025-03-16 05:00:00,-4.5723114,-5.4535522,272.8639,101552.7,51.25,6.0
2025-03-16 06:00:00,-4.7881317,-5.0724792,272.48114,101602.11,51.25,6.0
2025-03-16 07:00:00,-4.5371704,-4.363449,273.35046,101626.37,51.25,6.0
2025-03-16 08:00:00,-3.7277527,-4.1947937,275.37225,101689.98,51.25,6.0
2025-03-16 09:00:00,-3.7929382,-4.294647,277.6314,101716.78,51.25,6.0
2025-03-16 10:00:00,-3.106369,-3.5845795,279.60822,101703.94,51.25,6.0
2025-03-16 11:00:00,-3.2165375,-3.6803894,281.18604,101678.31,51.25,6.0
2025-03-16 12:00:00,-2.6771393,-3.890854,281.99817,101672.086,51.25,6.0
2025-03-16 13:00:00,-2.1857758,-4.457443,282.484,101627.15,51.25,6.0
2025-03-16 14:00:00,-1.9278717,-5.1693726,282.68207,101626.2,51.25,6.0
2025-03-16 15:00:00,-1.8392944,-5.3128204,282.38922,101621.414,51.25,6.0
2025-03-16 16:00:00,-1.6717834,-5.091629,281.97943,101608.2,51.25,6.0
2025-03-16 17:00:00,-1.2822723,-5.312958,280.84833,101660.15,51.25,6.0
2025-03-16 18:00:00,-1.1688843,-6.0986786,278.8496,101734.67,51.25,6.0
2025-03-16 19:00:00,-1.4613647,-6.5068207,277.77405,101831.14,51.25,6.0
2025-03-16 20:00:00,-1.6555023,-6.2373657,277.25787,101884.56,51.25,6.0
2025-03-16 21:00:00,-1.5916901,-5.4194336,276.87616,101914.0,51.25,6.0
2025-03-16 22:00:00,-1.6560516,-4.7324524,276.41205,101914.85,51.25,6.0
2025-03-16 23:00:00,-1.2788391,-4.9508667,276.45898,101953.7,51.25,6.0
2025-03-17 00:00:00,-0.8912964,-4.8290863,276.10193,101983.16,51.25,6.0
2025-03-17 01:00:00,-1.0799866,-4.8188477,276.82776,102038.5,51.25,6.0
2025-03-17 02:00:00,-1.2233887,-4.613693,276.99127,102019.58,51.25,6.0
2025-03-17 03:00:00,-1.6050873,-4.885071,277.28577,102014.09,51.25,6.0
2025-03-17 04:00:00,-2.8117218,-5.1838837,277.42755,102049.47,51.25,6.0
2025-03-17 05:00:00,-3.5074615,-4.2448883,277.37317,102087.69,51.25,6.0
2025-03-17 06:00:00,-3.7718964,-3.56987,277.31714,102127.31,51.25,6.0
2025-03-17 07:00:00,-4.1684265,-3.2077332,277.7618,102202.33,51.25,6.0
2025-03-17 08:00:00,-3.932785,-2.612793,278.19177,102249.734,51.25,6.0
2025-03-17 09:00:00,-4.9910126,-2.446991,279.17004,102296.97,51.25,6.0
2025-03-17 10:00:00,-5.103546,-2.332611,280.13354,102309.81,51.25,6.0
2025-03-17 11:00:00,-5.8151093,-2.1367493,281.3507,102323.87,51.25,6.0
2025-03-17 12:00:00,-6.1607666,-1.3716125,282.04272,102330.09,51.25,6.0
2025-03-17 13:00:00,-6.062607,-0.9671173,282.4579,102308.64,51.25,6.0
2025-03-17 14:00:00,-5.9336395,-1.0188141,282.8557,102281.08,51.25,6.0
2025-03-17 15:00:00,-6.0359497,-1.2785492,283.18152,102271.1,51.25,6.0
2025-03-17 16:00:00,-6.165695,-1.5567474,282.81335,102253.88,51.25,6.0
2025-03-17 17:00:00,-6.1200867,-2.4728088,281.8608,102271.22,51.25,6.0
2025-03-17 18:00:00,-7.0507812,-2.8449707,280.04553,102325.7,51.25,6.0
2025-03-17 19:00:00,-7.7929993,-2.318512,278.7168,102382.66,51.25,6.0
2025-03-17 20:00:00,-8.134705,-1.2897949,277.6023,102412.06,51.25,6.0
2025-03-17 21:00:00,-7.9817963,-0.04725647,276.68304,102438.234,51.25,6.0
2025-03-17 22:00:00,-8.005707,0.9666443,276.01312,102438.375,51.25,6.0
2025-03-17 23:00:00,-7.5558777,1.6105804,275.3468,102454.445,51.25,6.0
2025-03-18 00:00:00,-6.9987793,2.1158752,274.64136,102449.45,51.25,6.0
2025-03-18 01:00:00,-6.5016327,2.328415,273.9437,102444.86,51.25,6.0
2025-03-18 02:00:00,-6.5178833,1.9372253,273.12192,102436.734,51.25,6.0
2025-03-18 03:00:00,-6.7551117,1.2581329,272.55426,102426.34,51.25,6.0
2025-03-18 04:00:00,-6.9845123,1.1776886,272.32086,102397.45,51.25,6.0
2025-03-18 05:00:00,-7.110138,1.5167542,272.06897,102402.984,51.25,6.0
2025-03-18 06:00:00,-7.2181244,1.8104401,272.15137,102417.93,51.25,6.0
2025-03-18 07:00:00,-6.846512,2.0495148,274.07523,102436.695,51.25,6.0
2025-03-18 08:00:00,-5.95755,1.5699005,276.29565,102446.19,51.25,6.0
2025-03-18 09:00:00,-6.2064514,1.7574158,277.64676,102457.34,51.25,6.0
2025-03-18 10:00:00,-6.054489,0.5447998,279.79242,102374.42,51.25,6.0
2025-03-18 11:00:00,-6.63739,1.080307,281.27975,102319.66,51.25,6.0
2025-03-18 12:00:00,-6.727646,1.598999,282.62805,102271.3,51.25,6.0
2025-03-18 13:00:00,-6.637329,1.8309174,283.56702,102190.49,51.25,6.0
2025-03-18 14:00:00,-6.5969543,1.9163818,284.31012,102106.39,51.25,6.0
2025-03-18 15:00:00,-6.7671814,1.881897,284.74298,102065.25,51.25,6.0
2025-03-18 16:00:00,-6.793701,1.5245819,284.6615,102001.516,51.25,6.0
2025-03-18 17:00:00,-7.4865723,1.5621948,283.86157,101978.56,51.25,6.0
2025-03-18 18:00:00,-7.9463196,2.438858,282.02222,101978.945,51.25,6.0
2025-03-18 19:00:00,-7.7829742,3.3342743,280.42712,102008.84,51.25,6.0
2025-03-18 20:00:00,-6.8684845,4.10524,279.35394,102020.17,51.25,6.0
2025-03-18 21:00:00,-5.8683624,4.5598755,278.23108,102049.43,51.25,6.0
2025-03-18 22:00:00,-5.6887665,4.561844,277.10907,102001.22,51.25,6.0
2025-03-18 23:00:00,-5.064514,5.1493225,276.3135,101987.34,51.25,6.0
2025-03-19 00:00:00,-4.181488,5.565216,275.76,102014.03,51.25,6.0
2025-03-19 01:00:00,-3.4145966,5.528,275.00452,102004.36,51.25,6.0
2025-03-19 02:00:00,-3.258957,5.342819,274.6748,101987.19,51.25,6.0
2025-03-19 03:00:00,-3.2274017,5.0068054,274.0603,101976.91,51.25,6.0
2025-03-19 04:00:00,-3.3717499,4.822769,273.8985,101957.69,51.25,6.0
2025-03-19 05:00:00,-3.2233124,4.738495,273.66754,101967.984,51.25,6.0
2025-03-19 06:00:00,-2.7906036,4.846649,273.5605,101971.03,51.25,6.0
2025-03-19 07:00:00,-2.400116,4.8111877,275.99698,102027.766,51.25,6.0
2025-03-19 08:00:00,-2.0970154,3.9052734,279.1021,102018.09,51.25,6.0
2025-03-19 09:00:00,-1.5653534,2.5915833,282.14664,102057.31,51.25,6.0
2025-03-19 10:00:00,-1.8332367,1.3262787,285.2316,102014.664,51.25,6.0
2025-03-19 11:00:00,-1.5794678,1.5843048,287.3565,101984.84,51.25,6.0
2025-03-19 12:00:00,-1.1716156,1.9264679,289.03687,101942.42,51.25,6.0
2025-03-19 13:00:00,-0.6294861,2.1439972,290.32654,101876.266,51.25,6.0
2025-03-19 14:00:00,-0.21217346,2.253296,291.00964,101829.02,51.25,6.0
2025-03-19 15:00:00,0.028259277,2.2251587,291.56094,101802.56,51.25,6.0
2025-03-19 16:00:00,-0.5049286,1.9452057,291.20374,101762.31,51.25,6.0
2025-03-19 17:00:00,-1.8336792,2.206604,289.5083,101742.05,51.25,6.0
2025-03-19 18:00:00,-2.645935,3.276825,285.8968,101755.09,51.25,6.0
2025-03-19 19:00:00,-2.8079224,4.691025,283.7047,101790.56,51.25,6.0
2025-03-19 20:00:00,-2.1380463,5.970398,282.37424,101820.33,51.25,6.0
2025-03-19 21:00:00,-1.3207092,6.8251038,281.86398,101833.016,51.25,6.0
2025-03-19 22:00:00,-1.6131744,7.0093384,281.36588,101799.94,51.25,6.0
2025-03-19 23:00:00,-0.5461426,7.057785,281.0609,101799.91,51.25,6.0
2025-03-20 00:00:00,0.26445007,7.058075,281.0506,101807.69,51.25,6.0
2025-03-20 01:00:00,0.54307556,6.913254,280.22058,101799.89,51.25,6.0
2025-03-20 02:00:00,0.4791565,6.6373444,279.3167,101762.08,51.25,6.0
2025-03-20 03:00:00,0.34736633,6.4050293,278.80167,101768.55,51.25,6.0
2025-03-20 04:00:00,0.73843384,6.3618927,278.43173,101750.51,51.25,6.0
2025-03-20 05:00:00,1.2024078,6.12883,277.73584,101754.97,51.25,6.0
2025-03-20 06:00:00,1.5723419,5.6096497,277.4187,101775.336,51.25,6.0
2025-03-20 07:00:00,1.2559662,5.044937,279.93646,101791.06,51.25,6.0
2025-03-20 08:00:00,0.97987366,3.9154816,283.34296,101782.086,51.25,6.0
2025-03-20 09:00:00,0.77363586,2.5320435,286.02075,101777.33,51.25,6.0
2025-03-20 10:00:00,0.38136292,1.1984711,288.15604,101756.22,51.25,6.0
2025-03-20 11:00:00,0.50242615,1.0397491,289.36957,101692.08,51.25,6.0
2025-03-20 12:00:00,0.7814789,1.136673,290.44882,101650.914,51.25,6.0
2025-03-20 13:00:00,1.3475037,0.80726624,291.47668,101592.055,51.25,6.0
2025-03-20 14:00:00,1.1928406,0.40724182,291.95776,101544.484,51.25,6.0
2025-03-20 15:00:00,0.835495,0.045639038,292.0866,101535.05,51.25,6.0
2025-03-20 16:00:00,0.13339233,-0.64533997,292.03973,101511.54,51.25,6.0
2025-03-20 17:00:00,-1.0974579,-1.3160553,290.99078,101496.625,51.25,6.0
2025-03-20 18:00:00,-2.7494965,-1.5913696,287.3122,101484.81,51.25,6.0
2025-03-20 19:00:00,-4.4283752,-1.5674286,284.7728,101494.766,51.25,6.0
2025-03-20 20:00:00,-5.264145,-0.5941925,283.0172,101515.38,51.25,6.0
2025-03-20 21:00:00,-5.718567,-0.14544678,281.89404,101521.94,51.25,6.0
2025-03-20 22:00:00,-5.932831,-1.5909424,282.15765,101464.984,51.25,6.0
2025-03-20 23:00:00,-6.299759,-0.44966125,281.62262,101441.09,51.25,6.0
2025-03-21 00:00:00,-5.583893,1.5270844,280.94684,101422.09,51.25,6.0
2025-03-21 01:00:00,-4.926941,2.2073212,280.4881,101350.58,51.25,6.0
2025-03-21 02:00:00,-4.7432404,2.9736328,280.0328,101284.41,51.25,6.0
2025-03-21 03:00:00,-4.476944,4.1844788,279.59326,101238.9,51.25,6.0
2025-03-21 04:00:00,-4.032791,5.2010345,279.78668,101237.28,51.25,6.0
2025-03-21 05:00:00,-3.9753265,5.1761627,279.81284,101204.3,51.25,6.0
2025-03-21 06:00:00,-5.327896,4.7632446,279.98764,101147.484,51.25,6.0
2025-03-21 07:00:00,-5.3078613,4.9118195,282.07465,101170.4,51.25,6.0
2025-03-21 08:00:00,-5.8527527,4.036972,285.09402,101105.375,51.25,6.0
2025-03-21 09:00:00,-5.992691,3.0848846,288.2661,101054.78,51.25,6.0
2025-03-21 10:00:00,-5.999481,2.6638336,290.88947,100946.61,51.25,6.0
2025-03-21 11:00:00,-6.538559,3.1607208,292.7158,100862.58,51.25,6.0
2025-03-21 12:00:00,-6.7622986,3.9789124,294.03473,100788.76,51.25,6.0
2025-03-21 13:00:00,-6.984665,4.6448975,294.75092,100668.05,51.25,6.0
2025-03-21 14:00:00,-7.5489655,4.6602783,295.03503,100575.32,51.25,6.0
2025-03-21 15:00:00,-7.516205,4.396881,294.9035,100509.945,51.25,6.0
2025-03-21 16:00:00,-7.3246,4.9677124,294.3022,100458.53,51.25,6.0
2025-03-21 17:00:00,-7.5944977,5.105133,293.2825,100426.61,51.25,6.0
2025-03-21 18:00:00,-8.112167,5.02388,292.1092,100415.8,51.25,6.0
2025-03-21 19:00:00,-8.303528,5.170288,291.2282,100410.72,51.25,6.0
2025-03-21 20:00:00,-7.8887787,5.6422577,290.84857,100384.086,51.25,6.0
2025-03-21 21:00:00,-7.659195,5.711914,290.50824,100357.34,51.25,6.0
2025-03-21 22:00:00,-7.3754272,5.6168823,290.2886,100278.234,51.25,6.0
2025-03-21 23:00:00,-7.587845,5.459976,289.94598,100206.266,51.25,6.0
2025-03-22 00:00:00,-6.6865234,5.7318573,289.493,100166.32,51.25,6.0
2025-03-22 01:00:00,-5.0485687,5.1755524,288.99408,100157.62,51.25,6.0
2025-03-22 02:00:00,-4.5358887,3.8443909,288.49286,100142.805,51.25,6.0
2025-03-22 03:00:00,-5.676758,2.2253265,287.90277,100129.7,51.25,6.0
2025-03-22 04:00:00,-6.3420715,1.8370056,287.3235,100124.875,51.25,6.0
2025-03-22 05:00:00,-6.1551666,2.4693604,286.41718,100082.28,51.25,6.0
2025-03-22 06:00:00,-6.6045685,2.5506897,285.71057,100061.24,51.25,6.0
2025-03-22 07:00:00,-7.016327,2.358017,286.1292,100041.88,51.25,6.0
2025-03-22 08:00:00,-6.5390015,2.6891937,286.98224,100015.84,51.25,6.0
2025-03-22 09:00:00,-5.2658844,3.3431396,288.23135,100026.45,51.25,6.0
2025-03-22 10:00:00,-3.342743,2.53125,289.42538,99939.2,51.25,6.0
2025-03-22 11:00:00,-2.08815,3.3416595,290.547,99887.555,51.25,6.0
2025-03-22 12:00:00,-1.5730133,3.9476929,291.0758,99861.336,51.25,6.0
2025-03-22 13:00:00,-1.4024963,4.351364,291.37726,99805.72,51.25,6.0
2025-03-22 14:00:00,-1.8699951,4.321396,291.66418,99756.78,51.25,6.0
2025-03-22 15:00:00,-2.6923828,3.426773,291.7375,99700.99,51.25,6.0
2025-03-22 16:00:00,-2.9795074,4.673294,290.7999,99703.734,51.25,6.0
2025-03-22 17:00:00,-4.067383,3.4520264,290.24713,99688.03,51.25,6.0
2025-03-22 18:00:00,-5.0739594,2.8260345,288.44058,99699.86,51.25,6.0
2025-03-22 19:00:00,-5.7746124,3.421463,287.55664,99714.34,51.25,6.0
2025-03-22 20:00:00,-5.38089,4.125412,286.7385,99695.875,51.25,6.0
2025-03-22 21:00:00,-4.8229218,4.4655304,286.01105,99666.49,51.25,6.0
2025-03-22 22:00:00,-3.4831696,5.7000885,285.64844,99680.39,51.25,6.0
2025-03-22 23:00:00,-2.2723389,5.9342957,285.35742,99659.336,51.25,6.0
2025-03-23 00:00:00,-2.2808533,5.731949,284.5129,99625.766,51.25,6.0
2025-03-23 01:00:00,-2.210266,6.344879,284.07727,99625.945,51.25,6.0
2025-03-23 02:00:00,-2.2640991,5.81279,283.89325,99612.52,51.25,6.0
2025-03-23 03:00:00,-2.9938202,5.2052,284.24017,99606.81,51.25,6.0
2025-03-23 04:00:00,-3.5046844,5.138489,283.9195,99619.734,51.25,6.0
2025-03-23 05:00:00,-3.5917053,4.7124176,283.9439,99646.0,51.25,6.0
2025-03-23 06:00:00,-3.5964966,4.432678,283.7964,99690.95,51.25,6.0
2025-03-23 07:00:00,-2.8755035,4.482483,283.84625,99750.73,51.25,6.0
2025-03-23 08:00:00,-1.5118408,3.9584198,284.1227,99803.94,51.25,6.0
2025-03-23 09:00:00,0.031829834,3.196701,284.62445,99867.19,51.25,6.0
2025-03-23 10:00:00,1.2720184,3.2761993,286.5673,99927.65,51.25,6.0
2025-03-23 11:00:00,1.2460938,2.658142,287.45898,99945.19,51.25,6.0
2025-03-23 12:00:00,0.5587311,2.5971222,288.2399,99930.695,51.25,6.0
2025-03-23 13:00:00,0.42070007,2.7003326,288.79913,99948.33,51.25,6.0
2025-03-23 14:00:00,0.6855316,2.8874207,289.32883,99980.695,51.25,6.0
2025-03-23 15:00:00,1.5443878,2.4865417,289.47507,100006.97,51.25,6.0
2025-03-23 16:00:00,1.9425354,1.4727631,289.25092,100031.55,51.25,6.0
2025-03-23 17:00:00,2.1058502,0.5157623,288.715,100070.414,51.25,6.0
2025-03-23 18:00:00,1.6219177,-0.28329468,286.98618,100161.47,51.25,6.0
2025-03-23 19:00:00,0.68644714,-0.36372375,286.64484,100254.984,51.25,6.0
2025-03-23 20:00:00,0.89712524,0.24414062,286.2132,100306.04,51.25,6.0
2025-03-23 21:00:00,1.4385681,0.52871704,286.2431,100364.81,51.25,6.0
2025-03-23 22:00:00,4.995224,1.1971436,283.4033,100438.95,51.25,6.0
2025-03-23 23:00:00,5.493988,0.45594788,283.15494,100448.125,51.25,6.0
2025-03-24 00:00:00,5.4500427,-0.70140076,282.11545,100494.51,51.25,6.0
2025-03-24 01:00:00,4.9716034,-1.5679474,281.31012,100513.31,51.25,6.0
2025-03-24 02:00:00,4.3763275,-1.7806854,280.7353,100538.85,51.25,6.0
2025-03-24 03:00:00,3.8775024,-1.3600311,280.2177,100556.59,51.25,6.0
2025-03-24 04:00:00,3.4743652,-1.1946869,279.97412,100577.24,51.25,6.0
2025-03-24 05:00:00,3.462204,-0.7835541,280.32678,100616.445,51.25,6.0
2025-03-24 06:00:00,3.8796082,-0.07572937,280.46027,100691.04,51.25,6.0
2025-03-24 07:00:00,4.129074,-0.12313843,282.35727,100739.86,51.25,6.0
2025-03-24 08:00:00,3.0601501,-0.5696106,284.5205,100801.31,51.25,6.0
2025-03-24 09:00:00,3.0562286,-1.297287,286.4273,100861.18,51.25,6.0
2025-03-24 10:00:00,2.0746155,-1.7156525,287.7319,100897.65,51.25,6.0
2025-03-24 11:00:00,2.471405,-1.8033142,288.36606,100918.27,51.25,6.0
2025-03-24 12:00:00,2.937683,-2.2394867,288.8053,100940.7,51.25,6.0
2025-03-24 13:00:00,3.7498016,-2.4319305,288.77386,100980.16,51.25,6.0
2025-03-24 14:00:00,3.144394,-4.002655,289.0442,101016.88,51.25,6.0
2025-03-24 15:00:00,2.6055756,-4.3629,288.83408,101032.64,51.25,6.0
2025-03-24 16:00:00,2.5108337,-4.3164062,288.08105,101060.516,51.25,6.0
2025-03-24 17:00:00,2.7878723,-4.225708,287.4432,101090.79,51.25,6.0
2025-03-24 18:00:00,3.2246857,-4.3039246,285.91626,101147.43,51.25,6.0
2025-03-24 19:00:00,3.5249786,-4.8624573,284.6612,101234.89,51.25,6.0
2025-03-24 20:00:00,3.4577484,-5.2219696,283.42267,101311.25,51.25,6.0
2025-03-24 21:00:00,2.9551544,-4.957199,282.16644,101393.96,51.25,6.0
2025-03-24 22:00:00,3.4525604,-3.5657196,280.86707,101437.72,51.25,6.0
2025-03-24 23:00:00,3.7725983,-3.405716,280.03745,101466.625,51.25,6.0
2025-03-25 00:00:00,3.73201,-2.9367828,279.857,101475.516,51.25,6.0
2025-03-25 01:00:00,3.4324799,-2.3239288,279.50488,101485.59,51.25,6.0
2025-03-25 02:00:00,3.3298798,-1.9153748,279.08905,101484.195,51.25,6.0
2025-03-25 03:00:00,3.253128,-1.4520874,278.81003,101511.32,51.25,6.0
2025-03-25 04:00:00,3.2275696,-0.9607849,278.5282,101528.03,51.25,6.0
2025-03-25 05:00:00,3.1801605,-0.6088562,278.40436,101536.06,51.25,6.0
2025-03-25 06:00:00,3.2962341,-0.35079956,278.32068,101552.45,51.25,6.0
2025-03-25 07:00:00,3.375763,-0.025390625,278.3703,101571.766,51.25,6.0
2025-03-25 08:00:00,3.4831085,0.3095398,278.81674,101620.3,51.25,6.0
2025-03-25 09:00:00,3.3697205,0.6517792,279.5199,101640.42,51.25,6.0
2025-03-25 10:00:00,2.7459412,1.2534637,280.53903,101629.22,51.25,6.0
2025-03-25 11:00:00,3.002884,1.2377625,282.25897,101614.56,51.25,6.0
2025-03-25 12:00:00,3.681656,0.50935364,283.97906,101591.92,51.25,6.0
2025-03-25 13:00:00,4.782242,-0.9622345,285.56512,101523.734,51.25,6.0
2025-03-25 14:00:00,4.712799,-1.5724182,286.24823,101484.24,51.25,6.0
2025-03-25 15:00:00,4.5222015,-1.7685547,286.70953,101449.734,51.25,6.0
2025-03-25 16:00:00,4.8982086,-2.4833374,286.86377,101438.07,51.25,6.0
2025-03-25 17:00:00,4.5796967,-2.6529083,286.22723,101452.48,51.25,6.0
2025-03-25 18:00:00,4.899658,-3.1022186,285.21228,101479.3,51.25,6.0
2025-03-25 19:00:00,4.815277,-3.8206177,284.26263,101552.39,51.25,6.0
2025-03-25 20:00:00,4.345398,-4.4960785,283.5367,101585.02,51.25,6.0
2025-03-25 21:00:00,3.6185303,-4.2769165,282.82043,101634.516,51.25,6.0
2025-03-25 22:00:00,3.0494843,-2.445053,281.83893,101650.27,51.25,6.0
2025-03-25 23:00:00,3.7855988,-2.8532562,281.6195,101650.77,51.25,6.0
2025-03-26 00:00:00,3.5603027,-3.381195,281.60788,101652.89,51.25,6.0
2025-03-26 01:00:00,2.7551422,-4.0565796,281.5545,101679.7,51.25,6.0
2025-03-26 02:00:00,1.8862915,-4.709961,281.21762,101677.13,51.25,6.0
2025-03-26 03:00:00,1.2354279,-5.133316,280.9135,101685.61,51.25,6.0
2025-03-26 04:00:00,0.8210144,-5.466156,280.47418,101714.06,51.25,6.0
2025-03-26 05:00:00,0.6595154,-5.4954376,280.5287,101761.41,51.25,6.0
2025-03-26 06:00:00,0.60469055,-5.235977,280.3484,101829.5,51.25,6.0
2025-03-26 07:00:00,0.32852173,-4.400772,280.49847,101871.61,51.25,6.0
2025-03-26 08:00:00,0.05317688,-4.1966553,280.8423,101896.05,51.25,6.0
2025-03-26 09:00:00,0.07965088,-4.6207275,281.32892,101946.05,51.25,6.0
2025-03-26 10:00:00,-0.07929993,-3.7254333,282.0991,101946.96,51.25,6.0
2025-03-26 11:00:00,0.15350342,-3.4035645,282.50723,101943.22,51.25,6.0
2025-03-26 12:00:00,0.47950745,-3.480667,282.8711,101920.59,51.25,6.0
2025-03-26 13:00:00,0.6098175,-3.671341,283.03668,101916.234,51.25,6.0
2025-03-26 14:00:00,0.6470947,-3.7441864,283.2191,101887.95,51.25,6.0
2025-03-26 15:00:00,0.4242401,-3.9413147,283.31696,101871.414,51.25,6.0
2025-03-26 16:00:00,0.15513611,-4.0868683,283.26547,101874.84,51.25,6.0
2025-03-26 17:00:00,-0.44659424,-3.9550629,283.12198,101889.16,51.25,6.0
2025-03-26 18:00:00,-0.83735657,-3.1735382,282.76602,101891.46,51.25,6.0
2025-03-26 19:00:00,-1.1050568,-3.0258942,282.27844,101941.19,51.25,6.0
2025-03-26 20:00:00,-1.5583801,-2.9872131,281.8191,101925.625,51.25,6.0
2025-03-26 21:00:00,-1.8000488,-2.4956055,280.94873,101932.625,51.25,6.0
2025-03-26 22:00:00,-1.9880371,-1.6216278,279.37164,101925.1,51.25,6.0
2025-03-26 23:00:00,-2.4423676,-1.1559448,278.91315,101935.555,51.25,6.0
2025-03-27 00:00:00,-2.1775513,-0.28199768,277.831,101919.38,51.25,6.0
2025-03-27 01:00:00,-1.3688507,0.5563812,277.4749,101886.67,51.25,6.0
2025-03-27 02:00:00,-0.5806885,0.67155457,276.57394,101880.25,51.25,6.0
2025-03-27 03:00:00,-0.1585846,0.13169861,275.73468,101852.625,51.25,6.0
2025-03-27 04:00:00,-0.025802612,-0.2963562,275.45087,101845.47,51.25,6.0
2025-03-27 05:00:00,0.13945007,-0.40618896,275.3952,101825.58,51.25,6.0
2025-03-27 06:00:00,0.22920227,-0.016693115,275.81622,101835.625,51.25,6.0
2025-03-27 07:00:00,0.34220886,0.23764038,278.07098,101831.89,51.25,6.0
2025-03-27 08:00:00,0.27149963,0.49684143,280.86053,101817.03,51.25,6.0
2025-03-27 09:00:00,0.041793823,0.7285309,282.6518,101814.195,51.25,6.0
2025-03-27 10:00:00,0.1373291,0.4653015,283.6958,101759.08,51.25,6.0
2025-03-27 11:00:00,0.12176514,0.61564636,284.79486,101712.61,51.25,6.0
2025-03-27 12:00:00,0.051071167,0.6578064,286.11047,101646.56,51.25,6.0
2025-03-27 13:00:00,0.059280396,0.5056,287.15674,101555.9,51.25,6.0
2025-03-27 14:00:00,0.17211914,0.2995758,288.10626,101472.47,51.25,6.0
2025-03-27 15:00:00,0.018325806,0.100753784,288.62784,101411.01,51.25,6.0
2025-03-27 16:00:00,-0.1937561,-0.024795532,288.69507,101360.414,51.25,6.0
2025-03-27 17:00:00,-0.66241455,-0.17362976,287.81805,101328.61,51.25,6.0
2025-03-27 18:00:00,-1.4102325,-0.18582153,284.94812,101323.94,51.25,6.0
2025-03-27 19:00:00,-2.052826,0.18455505,281.11987,101332.71,51.25,6.0
2025-03-27 20:00:00,-2.376358,0.86102295,279.65573,101312.91,51.25,6.0
2025-03-27 21:00:00,-2.4420776,1.753128,278.80457,101282.59,51.25,6.0
2025-03-27 22:00:00,-2.1529083,1.8448639,278.09552,101212.81,51.25,6.0
2025-03-27 23:00:00,-1.8981171,2.7944946,277.40912,101187.94,51.25,6.0
2025-03-28 00:00:00,-1.548233,4.2263947,276.91092,101128.91,51.25,6.0
2025-03-28 01:00:00,-0.5619812,5.3586273,276.6574,101067.3,51.25,6.0
2025-03-28 02:00:00,0.43692017,5.650345,276.54254,100998.86,51.25,6.0
2025-03-28 03:00:00,1.1989899,5.8756866,276.2708,100946.695,51.25,6.0
2025-03-28 04:00:00,1.9247589,5.875168,276.3105,100880.625,51.25,6.0
2025-03-28 05:00:00,2.9829712,5.297455,276.34216,100863.78,51.25,6.0
2025-03-28 06:00:00,3.6143494,4.4796906,276.96503,100871.02,51.25,6.0
2025-03-28 07:00:00,3.7263947,3.5101318,279.57755,100866.664,51.25,6.0
2025-03-28 08:00:00,2.861145,2.2192535,282.0609,100841.07,51.25,6.0
2025-03-28 09:00:00,2.8945007,1.7779846,283.97958,100822.66,51.25,6.0
2025-03-28 10:00:00,2.5633392,0.9564514,285.53314,100780.586,51.25,6.0
2025-03-28 11:00:00,3.0093079,0.7206421,286.57614,100746.266,51.25,6.0
2025-03-28 12:00:00,3.320694,0.90185547,287.1538,100691.69,51.25,6.0
2025-03-28 13:00:00,4.1042175,1.2308655,287.5144,100602.32,51.25,6.0
2025-03-28 14:00:00,4.58255,0.86250305,287.32886,100550.17,51.25,6.0
2025-03-28 15:00:00,5.0054474,0.04814148,286.9516,100504.65,51.25,6.0
2025-03-28 16:00:00,5.260193,-1.1427765,286.4248,100487.484,51.25,6.0
2025-03-28 17:00:00,5.0344543,-2.397522,285.35574,100541.945,51.25,6.0
2025-03-28 18:00:00,4.25589,-2.9808502,284.04535,100572.92,51.25,6.0
2025-03-28 19:00:00,3.3644714,-2.7655182,282.5979,100611.36,51.25,6.0
2025-03-28 20:00:00,2.6232605,-2.1970215,281.65894,100644.234,51.25,6.0
2025-03-28 21:00:00,2.3975067,-2.7768555,281.44193,100660.875,51.25,6.0
2025-03-28 22:00:00,3.0567474,-4.462982,281.97192,100703.31,51.25,6.0
2025-03-28 23:00:00,3.2402802,-6.003845,281.82364,100740.84,51.25,6.0
2025-03-29 00:00:00,2.7088165,-6.770508,281.68585,100810.95,51.25,6.0
2025-03-29 01:00:00,2.729721,-6.657547,281.23267,100864.0,51.25,6.0
2025-03-29 02:00:00,3.0446014,-6.1121063,280.83786,100891.25,51.25,6.0
2025-03-29 03:00:00,3.0726013,-5.5196075,280.53656,100961.22,51.25,6.0
2025-03-29 04:00:00,3.203659,-5.109329,280.247,101035.11,51.25,6.0
2025-03-29 05:00:00,3.4933014,-5.0289154,279.89465,101111.91,51.25,6.0
2025-03-29 06:00:00,3.7420502,-5.100281,279.5398,101230.47,51.25,6.0
2025-03-29 07:00:00,3.4312897,-4.902542,280.2482,101301.01,51.25,6.0
2025-03-29 08:00:00,2.2523346,-4.171753,281.7484,101389.99,51.25,6.0
2025-03-29 09:00:00,1.6978607,-3.7940216,283.06097,101469.31,51.25,6.0
2025-03-29 10:00:00,1.3506165,-4.286621,284.18646,101486.6,51.25,6.0
2025-03-29 11:00:00,1.8842926,-4.1828613,284.64795,101512.47,51.25,6.0
2025-03-29 12:00:00,2.4048004,-4.1174927,285.2146,101534.89,51.25,6.0
2025-03-29 13:00:00,2.9167786,-4.056534,285.84015,101511.91,51.25,6.0
2025-03-29 14:00:00,3.6590729,-4.335861,286.1149,101534.63,51.25,6.0
2025-03-29 15:00:00,3.8621826,-4.141922,285.99902,101562.97,51.25,6.0
2025-03-29 16:00:00,3.594101,-3.0928802,286.00507,101529.375,51.25,6.0
2025-03-29 17:00:00,3.9886017,-2.403885,285.27127,101552.8,51.25,6.0
2025-03-29 18:00:00,4.7830963,-2.137436,283.2384,101554.42,51.25,6.0
2025-03-29 19:00:00,5.492676,-2.006485,281.4823,101591.04,51.25,6.0
2025-03-29 20:00:00,5.4296265,-0.86628723,280.06506,101619.86,51.25,6.0
2025-03-29 21:00:00,5.108261,1.1742554,279.17026,101568.03,51.25,6.0
2025-03-29 22:00:00,5.5253296,3.8286133,278.56894,101496.3,51.25,6.0
2025-03-29 23:00:00,5.96579,4.7157745,278.9361,101441.375,51.25,6.0
2025-03-30 00:00:00,7.1284637,4.9247284,279.44696,101413.61,51.25,6.0
2025-03-30 01:00:00,7.6127167,5.350189,279.73132,101359.89,51.25,6.0
2025-03-30 02:00:00,8.063782,5.839096,279.797,101236.14,51.25,6.0
2025-03-30 03:00:00,8.930267,4.9660645,280.16998,101193.89,51.25,6.0
2025-03-30 04:00:00,9.038467,4.989105,280.28424,101093.31,51.25,6.0
2025-03-30 05:00:00,9.25592,4.7895966,280.37488,101038.836,51.25,6.0
2025-03-30 06:00:00,9.255997,3.979538,280.3163,101037.15,51.25,6.0
2025-03-30 07:00:00,9.1223755,2.7726746,280.74725,101040.5,51.25,6.0
2025-03-30 08:00:00,9.22847,2.2228088,281.74194,101056.45,51.25,6.0
2025-03-30 09:00:00,9.380066,1.3822174,283.3328,101041.79,51.25,6.0
2025-03-30 10:00:00,8.578964,-0.12988281,284.19714,101076.83,51.25,6.0
2025-03-30 11:00:00,10.147675,-2.863037,285.49445,101033.586,51.25,6.0
2025-03-30 12:00:00,9.754135,-4.9895325,286.01932,101127.75,51.25,6.0
2025-03-30 13:00:00,9.053955,-5.2050323,286.01605,101092.086,51.25,6.0
2025-03-30 14:00:00,9.00766,-5.2621155,286.03644,101169.57,51.25,6.0
2025-03-30 15:00:00,9.018097,-5.2158356,285.9157,101183.28,51.25,6.0
2025-03-30 16:00:00,8.285904,-5.6535797,285.29254,101274.92,51.25,6.0
2025-03-30 17:00:00,7.62117,-5.4686737,284.60788,101337.195,51.25,6.0
2025-03-30 18:00:00,7.284958,-5.2746277,283.93457,101422.25,51.25,6.0
2025-03-30 19:00:00,7.108261,-4.8634796,283.4789,101509.3,51.25,6.0
2025-03-30 20:00:00,7.0426025,-4.689682,283.01053,101522.83,51.25,6.0
2025-03-30 21:00:00,6.6802673,-4.915039,282.4583,101540.33,51.25,6.0
2025-03-30 22:00:00,5.2738953,-5.029297,282.41748,101559.45,51.25,6.0
2025-03-30 23:00:00,4.7678986,-5.673828,282.26935,101618.61,51.25,6.0
2025-03-31 00:00:00,4.021591,-5.8289337,281.74115,101686.555,51.25,6.0
2025-03-31 01:00:00,4.068039,-5.433853,280.90692,101718.375,51.25,6.0
2025-03-31 02:00:00,4.137558,-5.4590607,280.42563,101767.586,51.25,6.0
2025-03-31 03:00:00,3.8377838,-5.425476,280.17902,101828.09,51.25,6.0
2025-03-31 04:00:00,3.8727264,-5.0226593,279.9199,101853.95,51.25,6.0
2025-03-31 05:00:00,4.225464,-4.700241,279.75586,101905.836,51.25,6.0
2025-03-31 06:00:00,3.9828796,-4.8890686,279.85052,102000.03,51.25,6.0
2025-03-31 07:00:00,2.98732,-4.623825,280.53043,102046.67,51.25,6.0
2025-03-31 08:00:00,1.6848602,-5.2768097,281.30142,102130.61,51.25,6.0
2025-03-31 09:00:00,0.88708496,-5.2522125,282.10675,102162.8,51.25,6.0
2025-03-31 10:00:00,0.9680481,-3.796875,283.16296,102214.02,51.25,6.0
2025-03-31 11:00:00,1.0575104,-3.911316,284.0415,102212.234,51.25,6.0
2025-03-31 12:00:00,0.94776917,-4.0924377,285.0708,102207.016,51.25,6.0
2025-03-31 13:00:00,0.7319641,-4.514572,285.8049,102215.78,51.25,6.0
2025-03-31 14:00:00,0.90049744,-4.588043,286.28015,102172.89,51.25,6.0
2025-03-31 15:00:00,0.5414734,-4.694916,286.43915,102151.06,51.25,6.0
2025-03-31 16:00:00,0.027526855,-5.048004,286.16272,102176.87,51.25,6.0
2025-03-31 17:00:00,-0.68603516,-5.01474,285.3835,102202.625,51.25,6.0
2025-03-31 18:00:00,-1.2431946,-5.1789093,283.87732,102233.34,51.25,6.0
2025-03-31 19:00:00,-1.6599579,-5.570801,281.7483,102302.28,51.25,6.0
2025-03-31 20:00:00,-2.2011719,-5.8035583,280.7156,102335.64,51.25,6.0
2025-03-31 21:00:00,-3.0536194,-5.7131195,280.0959,102358.33,51.25,6.0
2025-03-31 22:00:00,-4.0687714,-5.568741,279.28656,102344.984,51.25,6.0
2025-03-31 23:00:00,-4.6392365,-4.929428,278.42212,102326.39,51.25,6.0
2025-04-01 00:00:00,-4.843338,-4.16333,277.56656,102331.484,51.25,6.0
2025-04-01 01:00:00,-4.7615204,-3.3687134,276.96167,102292.2,51.25,6.0
2025-04-01 02:00:00,-5.175705,-3.0627594,276.3048,102268.0,51.25,6.0
2025-04-01 03:00:00,-5.215637,-2.876709,275.69858,102258.75,51.25,6.0
2025-04-01 04:00:00,-5.1616974,-2.986847,275.47418,102245.53,51.25,6.0
2025-04-01 05:00:00,-5.256897,-2.9777985,275.403,102260.234,51.25,6.0
2025-04-01 06:00:00,-5.465027,-3.015625,275.9088,102268.625,51.25,6.0
2025-04-01 07:00:00,-5.2650604,-2.75589,278.01874,102300.055,51.25,6.0
2025-04-01 08:00:00,-4.889801,-2.3141785,280.35034,102315.36,51.25,6.0
2025-04-01 09:00:00,-5.4780273,-2.5442657,282.6792,102306.17,51.25,6.0
2025-04-01 10:00:00,-5.753601,-2.8299103,284.2564,102264.84,51.25,6.0
2025-04-01 11:00:00,-6.597748,-3.1141357,285.3112,102224.5,51.25,6.0
2025-04-01 12:00:00,-8.120773,-2.3114471,286.4143,102151.05,51.25,6.0
2025-04-01 13:00:00,-9.117645,-1.4427185,286.6316,102105.0,51.25,6.0
2025-04-01 14:00:00,-9.706543,-0.6612854,287.09875,102037.875,51.25,6.0
2025-04-01 15:00:00,-9.816483,-0.00019836426,287.26105,102001.47,51.25,6.0
2025-04-01 16:00:00,-9.47879,0.20202637,287.02985,101963.31,51.25,6.0
2025-04-01 17:00:00,-8.127853,-0.45547485,286.43512,101956.375,51.25,6.0
2025-04-01 18:00:00,-7.679413,-1.5112915,285.3063,101971.56,51.25,6.0
2025-04-01 19:00:00,-7.90506,-2.578247,283.566,101994.766,51.25,6.0
2025-04-01 20:00:00,-8.662247,-2.72435,282.71338,102014.42,51.25,6.0
2025-04-01 21:00:00,-9.233536,-1.8650208,282.23166,102021.51,51.25,6.0
2025-04-01 22:00:00,-9.077011,-1.8495178,281.6073,102021.375,51.25,6.0
2025-04-01 23:00:00,-8.167252,-2.3112335,280.90448,102025.195,51.25,6.0
2025-04-02 00:00:00,-7.965744,-3.2221832,280.4112,101960.766,51.25,6.0
2025-04-02 01:00:00,-8.333054,-3.0517426,280.02307,101960.28,51.25,6.0
2025-04-02 02:00:00,-8.336884,-2.1091766,279.5276,101909.695,51.25,6.0
2025-04-02 03:00:00,-7.9783783,-2.0420685,279.23438,101888.08,51.25,6.0
2025-04-02 04:00:00,-7.8336334,-2.5402832,279.14832,101900.15,51.25,6.0
2025-04-02 05:00:00,-7.7289886,-2.7181091,278.86383,101906.484,51.25,6.0
2025-04-02 06:00:00,-7.662689,-3.1101837,279.21848,101937.75,51.25,6.0
2025-04-02 07:00:00,-7.727051,-3.3400726,281.03705,101925.97,51.25,6.0
2025-04-02 08:00:00,-6.94812,-2.684372,283.06174,101916.95,51.25,6.0
2025-04-02 09:00:00,-7.0360413,-2.357666,284.71185,101894.766,51.25,6.0
2025-04-02 10:00:00,-7.0719604,-2.5652313,287.19583,101851.516,51.25,6.0
2025-04-02 11:00:00,-7.937866,-2.7272186,288.64655,101761.14,51.25,6.0
2025-04-02 12:00:00,-10.2548065,-1.3196106,289.79562,101676.266,51.25,6.0
2025-04-02 13:00:00,-11.034958,0.16035461,290.56317,101643.3,51.25,6.0
2025-04-02 14:00:00,-10.182526,0.06637573,290.9325,101557.836,51.25,6.0
2025-04-02 15:00:00,-10.884979,1.1124268,291.14594,101520.44,51.25,6.0
2025-04-02 16:00:00,-10.238022,0.7269287,291.07996,101493.78,51.25,6.0
2025-04-02 17:00:00,-9.232101,-0.72195435,290.39523,101480.08,51.25,6.0
2025-04-02 18:00:00,-9.263626,-1.693222,289.0273,101499.5,51.25,6.0
2025-04-02 19:00:00,-9.837006,-1.8240967,287.71503,101527.75,51.25,6.0
2025-04-02 20:00:00,-10.101746,-1.1995239,286.85577,101578.81,51.25,6.0
2025-04-02 21:00:00,-9.723465,-0.35809326,286.1147,101643.016,51.25,6.0
2025-04-02 22:00:00,-9.645782,-0.07368469,285.3858,101653.78,51.25,6.0
2025-04-02 23:00:00,-8.916077,0.13006592,284.81445,101672.39,51.25,6.0
2025-04-03 00:00:00,-8.597778,-0.35650635,284.095,101691.56,51.25,6.0
2025-04-03 01:00:00,-8.618286,-0.75531006,283.34918,101699.12,51.25,6.0
2025-04-03 02:00:00,-8.629471,-0.90431213,282.87512,101697.484,51.25,6.0
2025-04-03 03:00:00,-8.671555,-0.61105347,282.5763,101707.12,51.25,6.0
2025-04-03 04:00:00,-8.771835,-0.1533966,282.1151,101731.61,51.25,6.0
2025-04-03 05:00:00,-8.750763,0.4399414,281.85242,101745.586,51.25,6.0
2025-04-03 06:00:00,-8.415146,1.125412,282.47394,101764.7,51.25,6.0
2025-04-03 07:00:00,-7.7108765,1.7449493,284.1152,101787.734,51.25,6.0
2025-04-03 08:00:00,-6.375595,1.8077698,286.0128,101819.164,51.25,6.0
2025-04-03 09:00:00,-6.6235046,2.5281372,287.93042,101831.34,51.25,6.0
2025-04-03 10:00:00,-6.523758,2.4875336,289.6571,101786.2,51.25,6.0
2025-04-03 11:00:00,-6.643097,2.7821198,290.95526,101737.3,51.25,6.0
2025-04-03 12:00:00,-6.1682587,3.24234,292.1475,101704.63,51.25,6.0
2025-04-03 13:00:00,-5.6286926,3.308487,293.01346,101692.19,51.25,6.0
2025-04-03 14:00:00,-5.4048004,2.9572296,293.576,101637.5,51.25,6.0
2025-04-03 15:00:00,-5.454544,2.5747375,293.90005,101621.18,51.25,6.0
2025-04-03 16:00:00,-5.1839294,2.1695862,293.794,101608.96,51.25,6.0
2025-04-03 17:00:00,-4.697876,1.6091614,293.1563,101626.625,51.25,6.0
2025-04-03 18:00:00,-5.2269287,1.5786285,291.07526,101641.766,51.25,6.0
2025-04-03 19:00:00,-5.864609,1.8422241,288.7254,101682.86,51.25,6.0
2025-04-03 20:00:00,-6.026474,2.0658112,287.02222,101707.09,51.25,6.0
2025-04-03 21:00:00,-6.402466,2.1438599,286.01587,101699.55,51.25,6.0
2025-04-03 22:00:00,-6.5401917,1.9904327,285.02325,101677.83,51.25,6.0
2025-04-03 23:00:00,-6.434494,2.6955414,284.22876,101663.375,51.25,6.0
2025-04-04 00:00:00,-5.5209045,3.629013,283.10275,101671.05,51.25,6.0
2025-04-04 01:00:00,-4.296417,4.1339874,281.60724,101664.055,51.25,6.0
2025-04-04 02:00:00,-3.9756775,3.782364,280.3792,101646.05,51.25,6.0
2025-04-04 03:00:00,-4.0952454,3.2254333,279.4414,101619.88,51.25,6.0
2025-04-04 04:00:00,-4.233307,2.939804,279.05136,101613.75,51.25,6.0
2025-04-04 05:00:00,-4.065262,3.076538,278.8285,101624.6,51.25,6.0
2025-04-04 06:00:00,-4.1578674,2.7596283,279.6958,101637.625,51.25,6.0
2025-04-04 07:00:00,-4.3543854,1.7646942,284.01782,101635.77,51.25,6.0
2025-04-04 08:00:00,-3.4347076,0.6440277,287.42194,101627.84,51.25,6.0
2025-04-04 09:00:00,-3.0739899,0.038101196,289.9928,101618.69,51.25,6.0
2025-04-04 10:00:00,-3.1853638,-0.72384644,292.09784,101569.805,51.25,6.0
2025-04-04 11:00:00,-3.8958435,-1.1582947,293.58148,101534.25,51.25,6.0
2025-04-04 12:00:00,-4.4895782,-0.80496216,294.45245,101419.36,51.25,6.0
2025-04-04 13:00:00,-4.3210907,-1.00354,295.0511,101416.86,51.25,6.0
2025-04-04 14:00:00,-4.1878204,-1.3497162,295.4372,101285.59,51.25,6.0
2025-04-04 15:00:00,-3.9482727,-1.8152161,295.53107,101262.57,51.25,6.0
2025-04-04 16:00:00,-3.8158417,-2.4025269,295.19363,101187.06,51.25,6.0
2025-04-04 17:00:00,-3.5378113,-3.526596,294.25275,101176.53,51.25,6.0
2025-04-04 18:00:00,-4.00354,-4.56456,291.56842,101148.66,51.25,6.0
2025-04-04 19:00:00,-4.8953247,-4.87027,289.36725,101196.16,51.25,6.0
2025-04-04 20:00:00,-5.6881714,-4.5058594,288.12662,101170.695,51.25,6.0
2025-04-04 21:00:00,-5.7661896,-3.9214935,286.8239,101189.3,51.25,6.0
2025-04-04 22:00:00,-5.333206,-5.29158,286.10248,101175.56,51.25,6.0
2025-04-04 23:00:00,-5.6275787,-6.2096252,285.57507,101212.8,51.25,6.0
2025-04-05 00:00:00,-6.081909,-5.3565063,284.6062,101221.766,51.25,6.0
2025-04-05 01:00:00,-5.921341,-4.3364563,283.1922,101208.3,51.25,6.0
2025-04-05 02:00:00,-5.359497,-3.9402466,282.13416,101195.67,51.25,6.0
2025-04-05 03:00:00,-4.587372,-3.859497,281.18582,101180.87,51.25,6.0
2025-04-05 04:00:00,-4.2743683,-4.8439636,280.59894,101180.08,51.25,6.0
2025-04-05 05:00:00,-4.376465,-5.300873,279.84448,101203.266,51.25,6.0
2025-04-05 06:00:00,-4.872711,-5.0620117,280.2644,101270.58,51.25,6.0
2025-04-05 07:00:00,-4.3567657,-3.7927246,282.53702,101304.07,51.25,6.0
2025-04-05 08:00:00,-3.7265015,-3.4830322,284.50085,101330.25,51.25,6.0
2025-04-05 09:00:00,-3.5198975,-3.7637024,286.495,101336.266,51.25,6.0
2025-04-05 10:00:00,-3.3842926,-3.7133179,288.00687,101328.69,51.25,6.0
2025-04-05 11:00:00,-3.359848,-4.8453064,289.2102,101311.85,51.25,6.0
2025-04-05 12:00:00,-3.772705,-5.3826904,290.0573,101311.06,51.25,6.0
2025-04-05 13:00:00,-4.037018,-4.9388275,290.5313,101273.55,51.25,6.0
2025-04-05 14:00:00,-4.1523438,-5.088974,290.63007,101239.06,51.25,6.0
2025-04-05 15:00:00,-4.7541504,-5.5426483,290.3023,101222.75,51.25,6.0
2025-04-05 16:00:00,-5.510071,-5.6849213,289.75513,101235.24,51.25,6.0
2025-04-05 17:00:00,-6.0347137,-5.4051514,288.67035,101247.98,51.25,6.0
2025-04-05 18:00:00,-6.8017883,-5.053589,287.08954,101290.67,51.25,6.0
2025-04-05 19:00:00,-7.418518,-4.761978,285.49097,101367.66,51.25,6.0
2025-04-05 20:00:00,-7.713043,-4.229492,284.35687,101425.42,51.25,6.0
2025-04-05 21:00:00,-7.935272,-4.039444,283.45605,101481.69,51.25,6.0
2025-04-05 22:00:00,-8.183807,-3.812683,282.5135,101531.38,51.25,6.0
2025-04-05 23:00:00,-8.425217,-3.3313446,281.78607,101574.0,51.25,6.0
2025-04-06 00:00:00,-8.496048,-2.816513,281.01694,101618.94,51.25,6.0
2025-04-06 01:00:00,-8.418655,-2.250061,280.18784,101642.05,51.25,6.0
2025-04-06 02:00:00,-8.179367,-1.7079468,279.41064,101680.78,51.25,6.0
2025-04-06 03:00:00,-8.170853,-1.4645386,278.80377,101738.3,51.25,6.0
2025-04-06 04:00:00,-8.222061,-0.9286957,278.1686,101800.59,51.25,6.0
2025-04-06 05:00:00,-8.26947,-0.33866882,277.4374,101864.81,51.25,6.0
2025-04-06 06:00:00,-8.319138,0.3013916,277.7445,101951.4,51.25,6.0
2025-04-06 07:00:00,-8.219452,0.8452301,278.9412,102001.89,51.25,6.0
2025-04-06 08:00:00,-7.843338,1.5437927,280.11963,102026.23,51.25,6.0
2025-04-06 09:00:00,-7.363907,1.2729034,281.2777,102055.3,51.25,6.0
2025-04-06 10:00:00,-6.0112457,0.48612976,282.40552,102036.734,51.25,6.0
2025-04-06 11:00:00,-6.0976562,0.050216675,283.4299,102005.516,51.25,6.0
2025-04-06 12:00:00,-5.7901764,-0.33164978,284.37598,101994.81,51.25,6.0
2025-04-06 13:00:00,-5.672653,-0.98753357,285.2157,101944.2,51.25,6.0
2025-04-06 14:00:00,-5.6064606,-1.359848,285.74786,101916.11,51.25,6.0
2025-04-06 15:00:00,-5.6097717,-1.5373383,285.82703,101856.75,51.25,6.0
2025-04-06 16:00:00,-5.8044586,-1.6582031,285.4583,101818.26,51.25,6.0
2025-04-06 17:00:00,-5.802658,-1.8471832,284.71826,101808.016,51.25,6.0
2025-04-06 18:00:00,-5.7702484,-2.5889587,283.33804,101802.7,51.25,6.0
2025-04-06 19:00:00,-6.415283,-3.1445465,281.7154,101864.58,51.25,6.0
2025-04-06 20:00:00,-6.886307,-2.7902832,280.61737,101904.31,51.25,6.0
2025-04-06 21:00:00,-7.106949,-2.1311798,279.62933,101924.22,51.25,6.0
2025-04-06 22:00:00,-6.975662,-2.027176,278.70172,101961.2,51.25,6.0
2025-04-06 23:00:00,-6.6360474,-0.7176819,277.8432,101977.07,51.25,6.0
2025-04-07 00:00:00,-6.0964813,0.34381104,277.14532,101993.03,51.25,6.0
2025-04-07 01:00:00,-5.643753,0.9761658,276.28622,101986.37,51.25,6.0
2025-04-07 02:00:00,-5.5090027,1.4399109,275.51764,101990.875,51.25,6.0
2025-04-07 03:00:00,-5.107956,1.7375183,274.73547,101957.09,51.25,6.0
2025-04-07 04:00:00,-4.804886,1.5619202,274.42554,101978.47,51.25,6.0
2025-04-07 05:00:00,-4.844284,1.0962677,274.1629,102015.484,51.25,6.0
2025-04-07 06:00:00,-5.1189423,0.69288635,275.27368,102078.33,51.25,6.0
2025-04-07 07:00:00,-4.120163,0.34916687,278.45737,102109.05,51.25,6.0
2025-04-07 08:00:00,-3.644699,0.39201355,280.57483,102132.05,51.25,6.0
2025-04-07 09:00:00,-4.124344,0.31295776,281.96292,102168.66,51.25,6.0
2025-04-07 10:00:00,-3.9683838,0.67655945,282.99448,102165.72,51.25,6.0
2025-04-07 11:00:00,-3.5718384,0.32382202,283.9478,102114.875,51.25,6.0
2025-04-07 12:00:00,-3.176712,-0.30563354,284.9278,102082.734,51.25,6.0
2025-04-07 13:00:00,-3.1095123,-0.66397095,285.56686,102060.16,51.25,6.0
2025-04-07 14:00:00,-3.0812225,-0.8708191,286.16702,102017.87,51.25,6.0
2025-04-07 15:00:00,-3.2162933,-0.98127747,286.568,101994.68,51.25,6.0
2025-04-07 16:00:00,-3.2448578,-1.269989,286.52393,101972.64,51.25,6.0
2025-04-07 17:00:00,-3.1611023,-1.6605835,285.9312,101974.21,51.25,6.0
2025-04-07 18:00:00,-3.2470245,-2.420288,283.83456,102014.29,51.25,6.0
2025-04-07 19:00:00,-3.7347565,-3.0882263,281.3732,102073.984,51.25,6.0
2025-04-07 20:00:00,-4.4595184,-3.2095032,280.30737,102101.984,51.25,6.0
2025-04-07 21:00:00,-5.336029,-2.6433563,280.11642,102121.95,51.25,6.0
2025-04-07 22:00:00,-5.2753296,-2.6338043,279.47644,102131.26,51.25,6.0
2025-04-07 23:00:00,-5.6302795,-1.5233917,278.8779,102127.06,51.25,6.0
2025-04-08 00:00:00,-5.284134,-0.6339569,277.8296,102136.81,51.25,6.0
2025-04-08 01:00:00,-4.628937,-0.24398804,276.50232,102158.664,51.25,6.0
2025-04-08 02:00:00,-4.2809296,-0.38464355,275.58527,102166.445,51.25,6.0
2025-04-08 03:00:00,-4.181656,-0.3444519,275.19476,102155.22,51.25,6.0
2025-04-08 04:00:00,-4.2297516,-0.25128174,275.05634,102178.2,51.25,6.0
2025-04-08 05:00:00,-4.5108643,0.06852722,274.82562,102190.484,51.25,6.0
2025-04-08 06:00:00,-4.4630585,0.54811096,276.11945,102219.22,51.25,6.0
2025-04-08 07:00:00,-3.2908173,0.82437134,279.55493,102250.09,51.25,6.0
2025-04-08 08:00:00,-2.047577,0.35032654,282.61966,102268.375,51.25,6.0
2025-04-08 09:00:00,-2.1505737,0.3393097,285.17862,102270.164,51.25,6.0
2025-04-08 10:00:00,-2.245636,-0.023727417,287.04095,102255.83,51.25,6.0
2025-04-08 11:00:00,-2.530487,-0.038330078,288.13095,102213.27,51.25,6.0
2025-04-08 12:00:00,-2.1697388,-0.21687317,288.6976,102173.89,51.25,6.0
2025-04-08 13:00:00,-1.9465027,-0.58428955,289.2473,102124.03,51.25,6.0
2025-04-08 14:00:00,-1.9752502,-0.8477936,289.54388,102054.19,51.25,6.0
2025-04-08 15:00:00,-2.076767,-0.99453735,289.54913,101966.39,51.25,6.0
2025-04-08 16:00:00,-2.0356445,-1.326477,289.3277,101934.8,51.25,6.0
2025-04-08 17:00:00,-2.1071014,-1.9974823,288.47363,101919.95,51.25,6.0
2025-04-08 18:00:00,-2.307022,-2.8064728,286.1466,101917.69,51.25,6.0
2025-04-08 19:00:00,-2.5079346,-3.4617615,283.6922,101928.79,51.25,6.0
2025-04-08 20:00:00,-2.314148,-4.4006653,282.24515,101927.06,51.25,6.0
2025-04-08 21:00:00,-1.8782349,-5.7993774,280.95868,101908.61,51.25,6.0
2025-04-08 22:00:00,-2.1908112,-7.1059875,281.40125,101912.08,51.25,6.0
2025-04-08 23:00:00,-2.2102966,-7.186966,280.49817,101931.66,51.25,6.0
2025-04-09 00:00:00,-2.5435333,-6.8229218,279.49896,101924.86,51.25,6.0
2025-04-09 01:00:00,-2.7516174,-6.058014,278.62048,101918.695,51.25,6.0
2025-04-09 02:00:00,-2.90773,-5.4574127,277.65973,101891.03,51.25,6.0
2025-04-09 03:00:00,-2.7857208,-4.7306366,276.90912,101851.5,51.25,6.0
2025-04-09 04:00:00,-2.3315582,-4.160431,276.60336,101861.33,51.25,6.0
2025-04-09 05:00:00,-1.6700592,-4.346344,276.65997,101864.81,51.25,6.0
2025-04-09 06:00:00,-1.3829498,-4.9148865,277.4279,101933.16,51.25,6.0
2025-04-09 07:00:00,-1.1497192,-3.8692932,278.78387,101981.31,51.25,6.0
2025-04-09 08:00:00,-1.0030365,-3.6628113,280.35956,102026.266,51.25,6.0
2025-04-09 09:00:00,-0.86860657,-3.8047638,282.04657,102055.46,51.25,6.0
2025-04-09 10:00:00,-0.585083,-3.4045715,283.99054,102088.07,51.25,6.0
2025-04-09 11:00:00,-0.088760376,-3.9260406,285.47806,102071.7,51.25,6.0
2025-04-09 12:00:00,-0.1517334,-4.229721,286.71588,102049.25,51.25,6.0
2025-04-09 13:00:00,-0.3390808,-4.7957,287.5451,102048.3,51.25,6.0
2025-04-09 14:00:00,-0.41075134,-4.876892,288.08618,102016.625,51.25,6.0
2025-04-09 15:00:00,-0.3319702,-4.7829437,288.1704,101991.8,51.25,6.0
2025-04-09 16:00:00,-0.2836914,-5.2355804,287.97034,102004.47,51.25,6.0
2025-04-09 17:00:00,0.22120667,-4.777313,287.2367,102000.4,51.25,6.0
2025-04-09 18:00:00,1.157074,-6.11084,285.95856,102033.8,51.25,6.0
2025-04-09 19:00:00,0.9161835,-8.048096,284.09683,102165.734,51.25,6.0
2025-04-09 20:00:00,1.1360779,-6.922104,282.0465,102191.484,51.25,6.0
2025-04-09 21:00:00,1.0912018,-6.851532,280.57257,102265.6,51.25,6.0
2025-04-09 22:00:00,1.0963898,-5.915909,279.53445,102315.016,51.25,6.0
2025-04-09 23:00:00,1.6307373,-5.4955597,278.84497,102346.97,51.25,6.0
2025-04-10 00:00:00,1.7306061,-4.9594574,278.99316,102363.766,51.25,6.0
2025-04-10 01:00:00,1.9427338,-4.2243805,279.29675,102344.23,51.25,6.0
2025-04-10 02:00:00,1.9459686,-3.7661438,279.66333,102332.39,51.25,6.0
2025-04-10 03:00:00,2.364746,-2.937378,279.92,102299.58,51.25,6.0
2025-04-10 04:00:00,2.7643127,-3.0186005,280.20764,102298.125,51.25,6.0
2025-04-10 05:00:00,3.375946,-2.686676,280.28162,102336.055,51.25,6.0
2025-04-10 06:00:00,3.8327637,-2.354477,280.4915,102359.44,51.25,6.0
2025-04-10 07:00:00,3.0824432,-2.9057465,280.95142,102396.72,51.25,6.0
2025-04-10 08:00:00,1.7948761,-4.4003754,281.54346,102402.41,51.25,6.0
2025-04-10 09:00:00,1.5774078,-3.5648193,282.00327,102421.08,51.25,6.0
2025-04-10 10:00:00,1.093689,-2.492813,282.4838,102426.29,51.25,6.0
2025-04-10 11:00:00,1.3935394,-2.2082367,283.07446,102415.664,51.25,6.0
2025-04-10 12:00:00,1.5966187,-1.9967346,284.1538,102378.734,51.25,6.0
2025-04-10 13:00:00,1.7111053,-2.0297852,284.9842,102345.19,51.25,6.0
2025-04-10 14:00:00,1.8231354,-2.142044,286.1752,102265.64,51.25,6.0
2025-04-10 15:00:00,1.9322357,-2.6650238,286.86218,102188.484,51.25,6.0
2025-04-10 16:00:00,1.920166,-2.848114,287.14282,102141.484,51.25,6.0
2025-04-10 17:00:00,1.9067993,-2.649765,286.81842,102098.945,51.25,6.0
2025-04-10 18:00:00,2.3559265,-2.580124,285.36407,102069.734,51.25,6.0
2025-04-10 19:00:00,2.9941406,-3.835556,283.52643,102099.08,51.25,6.0
2025-04-10 20:00:00,2.9208527,-4.8115845,282.39185,102105.0,51.25,6.0
2025-04-10 21:00:00,2.5923615,-4.9488525,280.92905,102096.11,51.25,6.0
2025-04-10 22:00:00,2.7515564,-4.414627,279.4497,102072.94,51.25,6.0
2025-04-10 23:00:00,2.5436554,-4.2516174,278.50443,102074.47,51.25,6.0
2025-04-11 00:00:00,2.2197418,-3.7050476,277.555,102039.83,51.25,6.0
2025-04-11 01:00:00,2.376175,-2.593277,276.29013,101994.44,51.25,6.0
2025-04-11 02:00:00,2.8489075,-1.5831909,276.0827,101949.69,51.25,6.0
2025-04-11 03:00:00,3.35437,-1.3123474,276.13483,101923.58,51.25,6.0
2025-04-11 04:00:00,3.334549,-1.1294708,276.0395,101896.12,51.25,6.0
2025-04-11 05:00:00,3.1845856,-0.4634552,276.16635,101873.16,51.25,6.0
2025-04-11 06:00:00,3.2001038,0.21633911,276.99152,101895.266,51.25,6.0
2025-04-11 07:00:00,2.541565,1.0894165,278.9442,101881.66,51.25,6.0
2025-04-11 08:00:00,2.6373444,1.0716858,281.17072,101862.016,51.25,6.0
2025-04-11 09:00:00,3.0112457,0.54940796,283.70312,101846.75,51.25,6.0
2025-04-11 10:00:00,2.0923462,0.49923706,285.945,101792.664,51.25,6.0
2025-04-11 11:00:00,2.2999573,0.3383789,288.10538,101761.57,51.25,6.0
2025-04-11 12:00:00,2.5960083,-0.008483887,289.7657,101679.95,51.25,6.0
2025-04-11 13:00:00,2.851822,-0.48760986,291.14587,101616.5,51.25,6.0
2025-04-11 14:00:00,2.937271,-1.1767731,291.9602,101559.2,51.25,6.0
2025-04-11 15:00:00,2.7846222,-1.8378906,292.38632,101486.734,51.25,6.0
2025-04-11 16:00:00,2.5927124,-2.2500305,292.27454,101437.22,51.25,6.0
2025-04-11 17:00:00,2.0675507,-2.5796356,291.56653,101400.91,51.25,6.0
2025-04-11 18:00:00,1.3922119,-2.9139404,289.3444,101396.266,51.25,6.0
2025-04-11 19:00:00,0.63513184,-3.5382538,286.6162,101390.61,51.25,6.0
2025-04-11 20:00:00,-0.5240936,-4.1273956,284.88092,101381.3,51.25,6.0
2025-04-11 21:00:00,-1.7929535,-4.149475,283.59607,101349.61,51.25,6.0
2025-04-11 22:00:00,-3.3824615,-3.684616,282.41656,101313.57,51.25,6.0
2025-04-11 23:00:00,-4.495468,-2.752716,281.39752,101260.97,51.25,6.0
2025-04-12 00:00:00,-5.0966187,-1.4549255,280.82922,101213.58,51.25,6.0
2025-04-12 01:00:00,-5.361313,-0.10513306,280.0321,101138.805,51.25,6.0
2025-04-12 02:00:00,-5.205124,1.3146973,279.51874,101092.914,51.25,6.0
2025-04-12 03:00:00,-4.1936035,2.3520813,278.58392,101058.016,51.25,6.0
2025-04-12 04:00:00,-3.673874,2.813202,278.2959,101029.17,51.25,6.0
2025-04-12 05:00:00,-4.077606,2.9410706,278.35345,100997.7,51.25,6.0
2025-04-12 06:00:00,-4.703232,2.993988,280.38376,100976.086,51.25,6.0
2025-04-12 07:00:00,-5.1837463,2.2568054,284.13275,100928.47,51.25,6.0
2025-04-12 08:00:00,-4.797348,1.8147736,287.5959,100843.01,51.25,6.0
2025-04-12 09:00:00,-5.150894,2.4337463,290.25232,100796.664,51.25,6.0
2025-04-12 10:00:00,-4.7658386,2.6450958,292.0216,100727.92,51.25,6.0
2025-04-12 11:00:00,-4.840744,3.0119019,293.6457,100628.234,51.25,6.0
2025-04-12 12:00:00,-5.3961487,3.3481293,294.97382,100508.984,51.25,6.0
2025-04-12 13:00:00,-5.5079346,4.013916,295.7906,100389.9,51.25,6.0
2025-04-12 14:00:00,-5.200775,4.661255,296.5105,100259.53,51.25,6.0
2025-04-12 15:00:00,-5.048889,5.1588135,296.7127,100153.7,51.25,6.0
2025-04-12 16:00:00,-5.041214,5.222473,296.69208,100038.445,51.25,6.0
2025-04-12 17:00:00,-5.5848083,4.396454,295.8805,99973.61,51.25,6.0
2025-04-12 18:00:00,-6.3845673,4.961838,294.23053,99908.03,51.25,6.0
2025-04-12 19:00:00,-6.5562744,6.0567627,292.22473,99899.41,51.25,6.0
2025-04-12 20:00:00,-4.874481,7.5681915,291.1416,99886.33,51.25,6.0
2025-04-12 21:00:00,-1.024231,8.439636,290.341,99877.734,51.25,6.0
2025-04-12 22:00:00,1.8544464,7.0334167,289.71667,99840.36,51.25,6.0
2025-04-12 23:00:00,2.1354065,6.579605,289.08057,99798.2,51.25,6.0
2025-04-13 00:00:00,1.8414001,7.1103516,288.15002,99779.09,51.25,6.0
2025-04-13 01:00:00,0.59436035,6.766693,287.66858,99724.97,51.25,6.0
2025-04-13 02:00:00,-0.353302,7.0700073,286.99036,99662.125,51.25,6.0
2025-04-13 03:00:00,1.7647705,7.4916534,286.54327,99623.875,51.25,6.0
2025-04-13 04:00:00,4.2746124,6.7064667,286.4543,99596.57,51.25,6.0
2025-04-13 05:00:00,6.714264,5.6783295,286.59952,99630.734,51.25,6.0
2025-04-13 06:00:00,6.9006805,5.359787,286.36298,99700.766,51.25,6.0
2025-04-13 07:00:00,6.917511,6.5593567,286.91315,99786.25,51.25,6.0
2025-04-13 08:00:00,7.810272,6.3384247,287.98474,99852.36,51.25,6.0
2025-04-13 09:00:00,6.635498,5.5954895,288.55142,99923.24,51.25,6.0
2025-04-13 10:00:00,5.8582,4.661194,288.4684,99994.734,51.25,6.0
2025-04-13 11:00:00,7.0218964,4.0649414,287.98303,100012.72,51.25,6.0
2025-04-13 12:00:00,5.9453278,3.4492035,288.77676,100023.84,51.25,6.0
2025-04-13 13:00:00,5.9750824,3.6363525,289.69043,100058.91,51.25,6.0
2025-04-13 14:00:00,6.4575195,3.2782745,289.8534,100079.42,51.25,6.0
2025-04-13 15:00:00,6.7840424,2.447174,289.49606,100137.53,51.25,6.0
2025-04-13 16:00:00,6.44841,2.0865479,288.80658,100112.14,51.25,6.0
2025-04-13 17:00:00,6.176834,2.2442627,288.33734,100170.78,51.25,6.0
2025-04-13 18:00:00,5.9412537,2.1214447,287.5006,100176.68,51.25,6.0
2025-04-13 19:00:00,5.178467,2.2826538,286.5752,100269.0,51.25,6.0
2025-04-13 20:00:00,4.182129,3.111374,285.73386,100318.69,51.25,6.0
2025-04-13 21:00:00,3.7107391,4.3432007,284.68295,100318.94,51.25,6.0
2025-04-13 22:00:00,3.2472534,4.980835,284.02985,100361.69,51.25,6.0
2025-04-13 23:00:00,3.0037842,5.195038,283.57913,100364.42,51.25,6.0
2025-04-14 00:00:00,3.130066,4.629257,282.9928,100349.91,51.25,6.0
2025-04-14 01:00:00,3.491806,4.024719,282.54395,100348.29,51.25,6.0
2025-04-14 02:00:00,4.1797485,3.3817444,282.4168,100356.74,51.25,6.0
2025-04-14 03:00:00,4.763687,2.8073578,282.58023,100386.19,51.25,6.0
2025-04-14 04:00:00,4.6349335,2.2094727,282.28058,100419.984,51.25,6.0
2025-04-14 05:00:00,3.784729,2.1475677,281.63312,100442.95,51.25,6.0
2025-04-14 06:00:00,2.945572,2.446991,282.38177,100467.2,51.25,6.0
2025-04-14 07:00:00,2.2852173,2.173584,283.69058,100516.45,51.25,6.0
2025-04-14 08:00:00,1.76651,1.9215393,285.05414,100542.69,51.25,6.0
2025-04-14 09:00:00,1.6269379,2.1188965,286.74976,100523.78,51.25,6.0
2025-04-14 10:00:00,1.4885254,2.665863,288.11758,100489.89,51.25,6.0
2025-04-14 11:00:00,1.4889526,2.6875153,289.18408,100438.36,51.25,6.0
2025-04-14 12:00:00,0.6337433,2.5922241,290.08746,100382.84,51.25,6.0
2025-04-14 13:00:00,-0.4506073,2.8171082,291.0515,100337.625,51.25,6.0
2025-04-14 14:00:00,-1.224762,2.9134064,291.59143,100259.766,51.25,6.0
2025-04-14 15:00:00,-1.7227631,2.180069,291.7751,100192.99,51.25,6.0
2025-04-14 16:00:00,-2.5788422,1.0148621,291.72784,100123.734,51.25,6.0
2025-04-14 17:00:00,-3.6313782,-0.381485,291.64603,100055.85,51.25,6.0
2025-04-14 18:00:00,-5.0400085,-1.9196014,290.54532,99986.77,51.25,6.0
2025-04-14 19:00:00,-6.8621216,-2.2285767,288.31885,99975.984,51.25,6.0
2025-04-14 20:00:00,-7.8625336,-0.87228394,287.05804,99953.125,51.25,6.0
2025-04-14 21:00:00,-7.612259,1.0449219,286.09924,99909.2,51.25,6.0
2025-04-14 22:00:00,-6.6799164,1.5134583,285.55237,99836.41,51.25,6.0
2025-04-14 23:00:00,-6.378006,3.0735168,284.8543,99796.0,51.25,6.0
2025-04-15 00:00:00,-6.4292755,3.2888641,284.24554,99735.8,51.25,6.0
2025-04-15 01:00:00,-6.5702667,3.4238281,283.81927,99647.81,51.25,6.0
2025-04-15 02:00:00,-5.965988,4.199478,283.26242,99588.69,51.25,6.0
2025-04-15 03:00:00,-5.84404,4.0094147,282.93793,99523.625,51.25,6.0
2025-04-15 04:00:00,-5.7872467,3.714035,282.62036,99452.2,51.25,6.0
2025-04-15 05:00:00,-5.755493,3.4420776,282.49442,99399.19,51.25,6.0
2025-04-15 06:00:00,-5.4605865,3.606308,284.25842,99357.04,51.25,6.0
2025-04-15 07:00:00,-3.9068909,3.6959076,286.724,99355.53,51.25,6.0
2025-04-15 08:00:00,-3.1149597,3.0485992,289.60263,99316.91,51.25,6.0
2025-04-15 09:00:00,-2.1030884,3.8186035,291.8722,99296.22,51.25,6.0
2025-04-15 10:00:00,-0.12536621,4.117996,293.03577,99271.79,51.25,6.0
2025-04-15 11:00:00,0.6344452,5.1635895,293.00604,99261.97,51.25,6.0
2025-04-15 12:00:00,0.1650238,5.306381,293.2602,99259.97,51.25,6.0
2025-04-15 13:00:00,0.47592163,6.1337585,292.97006,99265.484,51.25,6.0
2025-04-15 14:00:00,2.4211884,6.9940796,291.9635,99278.97,51.25,6.0
2025-04-15 15:00:00,3.8452759,5.6974335,289.57806,99318.625,51.25,6.0
2025-04-15 16:00:00,3.272873,3.8595123,288.73853,99346.1,51.25,6.0
2025-04-15 17:00:00,1.7793427,3.1368408,288.50916,99400.375,51.25,6.0
2025-04-15 18:00:00,1.095459,3.384964,288.22525,99461.125,51.25,6.0
2025-04-15 19:00:00,1.6664734,4.262085,287.28018,99529.2,51.25,6.0
2025-04-15 20:00:00,1.5639496,4.2755737,286.3418,99596.53,51.25,6.0
2025-04-15 21:00:00,1.6764984,4.9643555,286.16473,99615.85,51.25,6.0
2025-04-15 22:00:00,2.9066315,5.461853,285.49756,99688.56,51.25,6.0
2025-04-15 23:00:00,4.1935577,5.140503,285.4118,99752.266,51.25,6.0
2025-04-16 00:00:00,5.196686,4.281189,285.1422,99801.11,51.25,6.0
2025-04-16 01:00:00,5.094879,3.5979004,284.76804,99830.01,51.25,6.0
2025-04-16 02:00:00,4.7410736,3.3492737,284.51666,99896.4,51.25,6.0
2025-04-16 03:00:00,4.828064,2.371933,284.72583,99895.58,51.25,6.0
2025-04-16 04:00:00,5.122986,1.8286743,284.67822,99937.484,51.25,6.0
2025-04-16 05:00:00,4.7230835,1.3935089,284.4754,100020.36,51.25,6.0
2025-04-16 06:00:00,4.314041,1.5523987,284.38318,100126.79,51.25,6.0
2025-04-16 07:00:00,3.5453186,0.36975098,283.81216,100154.25,51.25,6.0
2025-04-16 08:00:00,3.5829163,0.9902954,283.5222,100273.19,51.25,6.0
2025-04-16 09:00:00,3.9192505,0.98965454,283.23102,100349.2,51.25,6.0
2025-04-16 10:00:00,2.9829865,1.7696381,283.3374,100443.336,51.25,6.0
2025-04-16 11:00:00,3.4389648,1.8166046,283.50967,100447.84,51.25,6.0
2025-04-16 12:00:00,4.0285645,1.9510651,283.70325,100497.95,51.25,6.0
2025-04-16 13:00:00,4.952835,1.5714264,283.8656,100516.27,51.25,6.0
2025-04-16 14:00:00,4.82016,1.441742,283.90326,100527.5,51.25,6.0
2025-04-16 15:00:00,3.366867,0.8922882,283.8507,100555.31,51.25,6.0
2025-04-16 16:00:00,3.2828827,0.603714,283.8206,100628.56,51.25,6.0
2025-04-16 17:00:00,1.9433899,-1.1085052,283.6319,100582.85,51.25,6.0
2025-04-16 18:00:00,1.9615021,-1.1967621,283.19327,100615.0,51.25,6.0
2025-04-16 19:00:00,2.2948914,-0.9936371,282.3186,100675.914,51.25,6.0
2025-04-16 20:00:00,1.6308441,-1.406601,282.17303,100717.35,51.25,6.0
2025-04-16 21:00:00,1.4779358,-1.7911072,282.01746,100732.66,51.25,6.0
2025-04-16 22:00:00,1.0380249,-2.9762573,281.65228,100728.58,51.25,6.0
2025-04-16 23:00:00,0.38912964,-3.5842743,281.79535,100710.055,51.25,6.0
2025-04-17 00:00:00,-0.5720062,-3.8426208,281.71335,100686.75,51.25,6.0
2025-04-17 01:00:00,-1.2298126,-2.8989716,281.20615,100660.44,51.25,6.0
2025-04-17 02:00:00,-1.4064178,-1.3444214,281.03162,100694.09,51.25,6.0
2025-04-17 03:00:00,-0.41201782,-1.4628754,281.01276,100688.75,51.25,6.0
2025-04-17 04:00:00,0.82533264,-1.6711273,280.91327,100698.57,51.25,6.0
2025-04-17 05:00:00,1.5433044,-1.3776245,280.76605,100711.266,51.25,6.0
2025-04-17 06:00:00,2.5369263,-1.7541504,280.79504,100712.21,51.25,6.0
2025-04-17 07:00:00,3.5115356,-3.065857,281.36224,100678.555,51.25,6.0
2025-04-17 08:00:00,2.8069763,-3.4742737,282.00333,100681.45,51.25,6.0
2025-04-17 09:00:00,2.3173676,-2.3788605,282.48584,100733.695,51.25,6.0
2025-04-17 10:00:00,2.8334045,-2.8533478,282.43777,100719.99,51.25,6.0
2025-04-17 11:00:00,1.9372101,-4.8360443,282.43658,100717.51,51.25,6.0
2025-04-17 12:00:00,1.4485931,-4.626297,282.66547,100732.625,51.25,6.0
2025-04-17 13:00:00,1.8671265,-4.2955475,282.70593,100750.71,51.25,6.0
2025-04-17 14:00:00,2.1784363,-5.0849304,282.5278,100726.31,51.25,6.0
2025-04-17 15:00:00,2.5343323,-5.3714294,282.49988,100761.09,51.25,6.0
2025-04-17 16:00:00,2.6959229,-4.7082825,281.79114,100794.78,51.25,6.0
2025-04-17 17:00:00,2.4798126,-4.6280518,281.78955,100837.984,51.25,6.0
2025-04-17 18:00:00,2.4355469,-5.2109222,281.53015,100848.016,51.25,6.0
2025-04-17 19:00:00,1.767456,-5.8689575,281.21576,100866.14,51.25,6.0
2025-04-17 20:00:00,1.2172394,-5.5876465,281.0764,100896.234,51.25,6.0
2025-04-17 21:00:00,1.6162415,-4.6893463,281.0728,100897.1,51.25,6.0
2025-04-17 22:00:00,1.1344299,-3.62117,280.91653,100910.97,51.25,6.0
2025-04-17 23:00:00,1.6987457,-2.1521149,280.8811,100930.05,51.25,6.0
2025-04-18 00:00:00,3.1178894,-1.5740204,280.79913,100936.914,51.25,6.0
2025-04-18 01:00:00,4.8730164,-1.6821136,280.75336,100942.16,51.25,6.0
2025-04-18 02:00:00,4.7286987,-1.6215668,280.5644,100960.12,51.25,6.0
2025-04-18 03:00:00,4.017227,-1.7700958,280.57672,100995.42,51.25,6.0
2025-04-18 04:00:00,4.602249,-2.5834656,280.4425,100979.67,51.25,6.0
2025-04-18 05:00:00,3.8462677,-2.9672089,280.06537,101019.91,51.25,6.0
2025-04-18 06:00:00,2.4010162,-3.1320496,280.483,101045.71,51.25,6.0
2025-04-18 07:00:00,1.3530426,-2.6312866,280.8669,101059.664,51.25,6.0
2025-04-18 08:00:00,1.0820312,-1.45755,281.3426,101094.625,51.25,6.0
2025-04-18 09:00:00,1.3084564,-1.0064697,282.0728,101104.05,51.25,6.0
2025-04-18 10:00:00,0.68891907,0.81907654,283.1397,101115.64,51.25,6.0
2025-04-18 11:00:00,1.0379486,0.70376587,284.28653,101046.81,51.25,6.0
2025-04-18 12:00:00,0.8061676,-0.47343445,285.18732,101002.984,51.25,6.0
2025-04-18 13:00:00,0.0642395,-1.6661987,285.98486,100936.234,51.25,6.0
2025-04-18 14:00:00,-0.63838196,-1.9237823,286.53876,100876.6,51.25,6.0
2025-04-18 15:00:00,-1.9790344,-1.012146,286.70932,100893.42,51.25,6.0
2025-04-18 16:00:00,-3.3659973,0.6126709,286.5916,100849.266,51.25,6.0
2025-04-18 17:00:00,-2.9007568,2.3124847,285.97092,100835.67,51.25,6.0
2025-04-18 18:00:00,-2.429367,3.247116,285.18103,100843.195,51.25,6.0
2025-04-18 19:00:00,-2.356018,3.93602,283.3872,100841.38,51.25,6.0
2025-04-18 20:00:00,-1.9125824,4.2350616,281.89276,100814.61,51.25,6.0
2025-04-18 21:00:00,-1.639267,3.9866638,280.66992,100793.03,51.25,6.0
2025-04-18 22:00:00,-1.2269287,2.4427185,279.534,100766.25,51.25,6.0
2025-04-18 23:00:00,-1.1358185,1.9880829,279.49658,100748.66,51.25,6.0
2025-04-19 00:00:00,-1.1896057,1.5515137,279.36752,100723.92,51.25,6.0
2025-04-19 01:00:00,-1.7707977,1.2697296,278.29437,100684.1,51.25,6.0
2025-04-19 02:00:00,-2.8316956,1.0050964,278.39673,100649.09,51.25,6.0
2025-04-19 03:00:00,-3.4133606,1.5426483,278.35815,100615.21,51.25,6.0
2025-04-19 04:00:00,-3.5032196,2.0161133,278.13507,100623.24,51.25,6.0
2025-04-19 05:00:00,-3.229416,1.6846008,278.43832,100617.08,51.25,6.0
2025-04-19 06:00:00,-3.3872528,1.1507874,280.1109,100581.26,51.25,6.0
2025-04-19 07:00:00,-2.7813263,0.9078522,282.51172,100595.766,51.25,6.0
2025-04-19 08:00:00,-2.5196686,0.84265137,284.3565,100564.83,51.25,6.0
2025-04-19 09:00:00,-2.9992065,0.59994507,285.60318,100537.11,51.25,6.0
2025-04-19 10:00:00,-3.482727,0.06341553,286.83838,100489.19,51.25,6.0
2025-04-19 11:00:00,-3.814148,-1.1124725,287.55933,100449.766,51.25,6.0
2025-04-19 12:00:00,-3.9480438,-1.1698303,288.2586,100404.734,51.25,6.0
2025-04-19 13:00:00,-4.10553,-0.9930115,288.7802,100361.78,51.25,6.0
2025-04-19 14:00:00,-4.3910217,-1.0031433,289.0213,100300.06,51.25,6.0
2025-04-19 15:00:00,-4.2825775,-1.0457611,289.24335,100257.86,51.25,6.0
2025-04-19 16:00:00,-4.2620087,-1.0888367,289.11047,100234.8,51.25,6.0
2025-04-19 17:00:00,-4.127472,-1.0265961,288.54388,100188.516,51.25,6.0
2025-04-19 18:00:00,-4.074112,-2.0336914,287.41077,100177.34,51.25,6.0
2025-04-19 19:00:00,-4.419388,-3.2813873,285.76575,100181.875,51.25,6.0
2025-04-19 20:00:00,-4.6645355,-3.9985504,284.40588,100203.07,51.25,6.0
2025-04-19 21:00:00,-4.81369,-4.0599365,283.60205,100190.78,51.25,6.0
2025-04-19 22:00:00,-4.8838043,-3.7903137,282.92883,100174.78,51.25,6.0
2025-04-19 23:00:00,-4.9863434,-3.293274,282.3024,100161.44,51.25,6.0
2025-04-20 00:00:00,-4.6097107,-2.621399,281.71725,100130.95,51.25,6.0
2025-04-20 01:00:00,-4.277054,-2.757187,281.00824,100094.234,51.25,6.0
2025-04-20 02:00:00,-4.264786,-3.074936,280.54987,100079.8,51.25,6.0
2025-04-20 03:00:00,-4.33165,-3.4580994,279.96234,100068.41,51.25,6.0
2025-04-20 04:00:00,-4.29303,-3.7890778,280.096,100068.94,51.25,6.0
2025-04-20 05:00:00,-4.1622925,-3.8675842,279.906,100102.695,51.25,6.0
2025-04-20 06:00:00,-3.7693176,-3.3604126,280.9547,100117.98,51.25,6.0
2025-04-20 07:00:00,-2.6297913,-2.2787933,282.5583,100135.34,51.25,6.0
2025-04-20 08:00:00,-2.3909912,-2.107727,284.2304,100106.33,51.25,6.0
2025-04-20 09:00:00,-2.0235138,-1.9103851,286.44904,100121.97,51.25,6.0
2025-04-20 10:00:00,-1.5596924,-2.16333,288.50476,100094.92,51.25,6.0
2025-04-20 11:00:00,-1.368454,-1.9496918,290.22815,100094.36,51.25,6.0
2025-04-20 12:00:00,-0.66955566,-1.6568909,291.091,100094.66,51.25,6.0
2025-04-20 13:00:00,0.29013062,-1.623764,291.35577,100094.31,51.25,6.0
2025-04-20 14:00:00,0.76997375,-1.5224762,291.3111,100087.47,51.25,6.0
2025-04-20 15:00:00,1.9662933,-0.3924408,291.35785,100108.97,51.25,6.0
2025-04-20 16:00:00,2.2993622,0.069885254,291.00064,100121.125,51.25,6.0
2025-04-20 17:00:00,2.812622,0.21466064,288.97974,100129.95,51.25,6.0
2025-04-20 18:00:00,3.883133,1.5700226,286.69482,100171.95,51.25,6.0
2025-04-20 19:00:00,5.0655975,2.7615814,285.31644,100247.91,51.25,6.0
2025-04-20 20:00:00,5.1454163,2.2521515,284.32208,100316.7,51.25,6.0
2025-04-20 21:00:00,4.1857758,1.1143341,283.71283,100310.664,51.25,6.0
2025-04-20 22:00:00,3.4535522,1.1266937,283.76248,100336.34,51.25,6.0
2025-04-20 23:00:00,2.93219,1.5489197,283.2707,100291.06,51.25,6.0
2025-04-21 00:00:00,1.9114685,2.8717346,282.6765,100312.27,51.25,6.0
2025-04-21 01:00:00,1.0266876,3.2851868,281.92224,100320.16,51.25,6.0
2025-04-21 02:00:00,1.0226288,3.7195282,281.69733,100321.11,51.25,6.0
2025-04-21 03:00:00,1.0104065,4.13591,281.18146,100326.67,51.25,6.0
2025-04-21 04:00:00,0.72242737,3.798355,280.47827,100323.97,51.25,6.0
2025-04-21 05:00:00,0.4981079,3.924286,280.50702,100334.74,51.25,6.0
2025-04-21 06:00:00,0.74453735,4.2707977,281.88638,100351.484,51.25,6.0
2025-04-21 07:00:00,1.07341,3.1196594,283.70435,100407.69,51.25,6.0
2025-04-21 08:00:00,1.3205261,2.4405823,285.68082,100414.98,51.25,6.0
2025-04-21 09:00:00,1.2259064,2.2451477,287.46942,100464.76,51.25,6.0
2025-04-21 10:00:00,1.9946747,2.2352142,288.2425,100449.57,51.25,6.0
2025-04-21 11:00:00,1.319809,3.077362,288.59735,100496.17,51.25,6.0
2025-04-21 12:00:00,0.5985565,3.2878876,288.29736,100494.44,51.25,6.0
2025-04-21 13:00:00,0.7849426,3.3177032,288.38318,100526.17,51.25,6.0
2025-04-21 14:00:00,1.4256897,2.744156,287.7458,100528.52,51.25,6.0
2025-04-21 15:00:00,2.5401611,2.451233,288.1228,100537.875,51.25,6.0
2025-04-21 16:00:00,3.0899963,2.2827911,288.33698,100567.984,51.25,6.0
2025-04-21 17:00:00,3.3483887,1.5427704,287.89005,100584.51,51.25,6.0
2025-04-21 18:00:00,3.5552979,1.1453857,286.98914,100648.555,51.25,6.0
2025-04-21 19:00:00,3.589096,0.64419556,285.4012,100698.11,51.25,6.0
2025-04-21 20:00:00,3.8529968,0.88009644,284.69617,100775.72,51.25,6.0
2025-04-21 21:00:00,4.316101,1.210495,284.22375,100808.14,51.25,6.0
2025-04-21 22:00:00,5.1068726,2.5209503,284.70477,100835.06,51.25,6.0
2025-04-21 23:00:00,5.3038025,1.7670593,284.55255,100903.25,51.25,6.0
2025-04-22 00:00:00,4.767044,1.1715851,284.45825,100936.49,51.25,6.0
2025-04-22 01:00:00,4.9635773,1.2336121,284.26508,100956.22,51.25,6.0
2025-04-22 02:00:00,5.172226,1.3293152,284.3343,100985.64,51.25,6.0
2025-04-22 03:00:00,5.074936,1.7353973,284.09302,100999.484,51.25,6.0
2025-04-22 04:00:00,5.152054,2.0708923,283.75134,101013.07,51.25,6.0
2025-04-22 05:00:00,5.1157074,2.1811218,283.3393,101073.914,51.25,6.0
2025-04-22 06:00:00,4.6588745,2.2685852,283.67688,101121.55,51.25,6.0
2025-04-22 07:00:00,5.238327,1.6426544,284.40945,101181.92,51.25,6.0
2025-04-22 08:00:00,5.060669,1.9417572,285.2115,101225.19,51.25,6.0
2025-04-22 09:00:00,4.5955048,2.0814362,286.40173,101277.95,51.25,6.0
2025-04-22 10:00:00,3.0819244,1.5596619,287.25082,101286.95,51.25,6.0
2025-04-22 11:00:00,3.4837494,1.5883484,288.1842,101268.27,51.25,6.0
2025-04-22 12:00:00,3.8718872,1.2455902,289.04266,101269.08,51.25,6.0
2025-04-22 13:00:00,3.9947968,0.7442932,289.86664,101254.59,51.25,6.0
2025-04-22 14:00:00,3.6220856,0.15438843,290.4254,101250.56,51.25,6.0
2025-04-22 15:00:00,3.4087982,0.115249634,290.76904,101235.44,51.25,6.0
2025-04-22 16:00:00,3.2686615,0.3524933,290.51886,101231.555,51.25,6.0
2025-04-22 17:00:00,2.7614746,0.005569458,290.1079,101227.58,51.25,6.0
2025-04-22 18:00:00,2.548935,-0.45489502,288.49823,101235.54,51.25,6.0
2025-04-22 19:00:00,2.333969,-1.0297546,285.57837,101287.22,51.25,6.0
2025-04-22 20:00:00,1.5109253,-1.6132355,284.5491,101301.26,51.25,6.0
2025-04-22 21:00:00,0.35595703,-1.9338226,284.0054,101296.375,51.25,6.0
2025-04-22 22:00:00,0.630249,-1.8981628,283.59674,101296.56,51.25,6.0
2025-04-22 23:00:00,0.4277954,-1.0618134,283.78558,101299.22,51.25,6.0
2025-04-23 00:00:00,-0.29118347,-0.36999512,284.5578,101283.06,51.25,6.0
2025-04-23 01:00:00,-0.87532043,0.89897156,284.1577,101227.83,51.25,6.0
2025-04-23 02:00:00,-0.983963,2.8248901,283.1356,101199.16,51.25,6.0
2025-04-23 03:00:00,-0.37686157,3.9184113,283.18408,101145.31,51.25,6.0
2025-04-23 04:00:00,-0.47732544,3.9682312,283.2655,101088.25,51.25,6.0
2025-04-23 05:00:00,-1.1550446,3.7328644,282.8858,101050.66,51.25,6.0
2025-04-23 06:00:00,-1.3600159,3.576416,283.09625,101014.305,51.25,6.0
2025-04-23 07:00:00,-1.7564697,2.56102,284.3062,101002.234,51.25,6.0
2025-04-23 08:00:00,-2.0838013,1.4909515,285.3659,100962.08,51.25,6.0
2025-04-23 09:00:00,-1.7541351,1.905014,286.59308,100932.48,51.25,6.0
2025-04-23 10:00:00,-0.7172241,2.6034698,287.37866,100924.86,51.25,6.0
2025-04-23 11:00:00,-0.6047821,1.1500854,287.4444,100857.375,51.25,6.0
2025-04-23 12:00:00,-0.8120575,1.1777039,287.22766,100829.53,51.25,6.0
2025-04-23 13:00:00,-0.49549866,1.2969666,287.7154,100829.305,51.25,6.0
2025-04-23 14:00:00,1.8043671,2.3167114,285.9658,100796.69,51.25,6.0
2025-04-23 15:00:00,4.7040863,1.1712341,284.55878,100805.484,51.25,6.0
2025-04-23 16:00:00,4.936447,0.038223267,283.92053,100791.61,51.25,6.0
2025-04-23 17:00:00,3.7550507,-0.47956848,284.16315,100813.83,51.25,6.0
2025-04-23 18:00:00,3.9729767,0.5701599,284.27454,100796.93,51.25,6.0
2025-04-23 19:00:00,4.854187,0.37660217,283.52994,100848.78,51.25,6.0
2025-04-23 20:00:00,4.533066,-0.6607208,283.58725,100926.234,51.25,6.0
2025-04-23 21:00:00,3.8584137,-1.1300049,282.6366,100921.0,51.25,6.0
2025-04-23 22:00:00,3.5933838,-0.90545654,283.2152,100947.47,51.25,6.0
2025-04-23 23:00:00,3.0103607,-0.6178131,283.27325,101016.95,51.25,6.0
2025-04-24 00:00:00,2.9911957,-1.2859802,283.25272,100988.44,51.25,6.0
2025-04-24 01:00:00,3.0494537,-1.0736389,283.09863,100967.086,51.25,6.0
2025-04-24 02:00:00,2.790924,-1.0842896,282.95636,100985.88,51.25,6.0
2025-04-24 03:00:00,2.4508514,-1.629776,282.74796,100963.75,51.25,6.0
2025-04-24 04:00:00,1.7657318,-1.4651794,282.51498,100968.53,51.25,6.0
2025-04-24 05:00:00,1.6668243,-1.1924133,282.58197,100983.53,51.25,6.0
2025-04-24 06:00:00,1.4082184,-0.8601074,283.0334,101014.84,51.25,6.0
2025-04-24 07:00:00,1.3327637,-1.2545319,283.44586,101054.76,51.25,6.0
2025-04-24 08:00:00,0.76008606,-1.7473755,284.13272,101077.45,51.25,6.0
2025-04-24 09:00:00,1.172287,-1.7332306,284.44495,101108.36,51.25,6.0
2025-04-24 10:00:00,1.5612488,-1.6930542,285.0962,101106.86,51.25,6.0
2025-04-24 11:00:00,1.65094,-2.405243,285.3765,101131.83,51.25,6.0
2025-04-24 12:00:00,1.2335815,-3.3762665,285.01392,101131.28,51.25,6.0
2025-04-24 13:00:00,0.2998047,-4.4469757,284.95715,101126.3,51.25,6.0
2025-04-24 14:00:00,-0.73680115,-4.3369293,284.99512,101137.984,51.25,6.0
2025-04-24 15:00:00,-1.5993347,-4.6234283,284.96533,101139.64,51.25,6.0
2025-04-24 16:00:00,-1.6963043,-5.067322,284.92505,101150.15,51.25,6.0
2025-04-24 17:00:00,-1.9494781,-6.1478577,284.5904,101161.81,51.25,6.0
2025-04-24 18:00:00,-2.3666687,-6.5066223,284.3392,101201.58,51.25,6.0
2025-04-24 19:00:00,-3.0651245,-6.808716,284.17078,101270.13,51.25,6.0
2025-04-24 20:00:00,-3.3792267,-6.864563,284.06845,101343.45,51.25,6.0
2025-04-24 21:00:00,-3.325714,-6.602249,283.91104,101395.89,51.25,6.0
2025-04-24 22:00:00,-2.2724762,-6.1165314,283.7395,101449.89,51.25,6.0
2025-04-24 23:00:00,-2.0115204,-6.2897797,283.30197,101470.516,51.25,6.0
2025-04-25 00:00:00,-1.8432465,-6.270813,282.89676,101488.734,51.25,6.0
2025-04-25 01:00:00,-1.7661743,-5.9893036,282.50403,101489.11,51.25,6.0
2025-04-25 02:00:00,-1.6137085,-5.4792633,281.91785,101494.234,51.25,6.0
2025-04-25 03:00:00,-1.3818207,-5.147339,281.6475,101499.42,51.25,6.0
2025-04-25 04:00:00,-0.97758484,-5.0512085,281.4571,101510.64,51.25,6.0
2025-04-25 05:00:00,-1.0115204,-5.3433228,281.2836,101562.06,51.25,6.0
2025-04-25 06:00:00,-1.8282776,-5.3902435,281.27863,101631.95,51.25,6.0
2025-04-25 07:00:00,-2.252121,-4.581894,281.64447,101671.84,51.25,6.0
2025-04-25 08:00:00,-1.746521,-4.4690857,281.88037,101713.78,51.25,6.0
2025-04-25 09:00:00,-1.3828888,-4.4279327,282.48474,101733.61,51.25,6.0
2025-04-25 10:00:00,-1.7554932,-3.3504639,282.4876,101773.83,51.25,6.0
2025-04-25 11:00:00,-1.5066376,-2.8555908,283.18265,101751.58,51.25,6.0
2025-04-25 12:00:00,-1.2657776,-2.7328339,283.89594,101726.61,51.25,6.0
2025-04-25 13:00:00,-1.2814789,-3.313446,284.60107,101738.06,51.25,6.0
2025-04-25 14:00:00,-1.4297485,-3.576294,285.3426,101725.2,51.25,6.0
2025-04-25 15:00:00,-1.474289,-3.645279,285.74716,101709.56,51.25,6.0
2025-04-25 16:00:00,-1.8509674,-3.531433,285.8647,101688.94,51.25,6.0
2025-04-25 17:00:00,-2.3581238,-3.1646118,285.67804,101670.55,51.25,6.0
2025-04-25 18:00:00,-2.5658264,-2.9181213,284.60016,101685.4,51.25,6.0
2025-04-25 19:00:00,-2.63414,-3.0141907,282.09143,101704.47,51.25,6.0
2025-04-25 20:00:00,-2.6374054,-3.2664642,280.94492,101745.07,51.25,6.0
2025-04-25 21:00:00,-2.6058502,-3.6606293,280.49292,101733.53,51.25,6.0
2025-04-25 22:00:00,-2.89299,-3.9344482,280.48526,101729.016,51.25,6.0
2025-04-25 23:00:00,-3.0001373,-3.3911285,280.14957,101730.28,51.25,6.0
2025-04-26 00:00:00,-3.1373138,-2.9695587,279.93756,101737.15,51.25,6.0
2025-04-26 01:00:00,-3.3918,-3.0563202,279.1869,101712.46,51.25,6.0
2025-04-26 02:00:00,-4.1022797,-3.0899963,278.68884,101676.67,51.25,6.0
2025-04-26 03:00:00,-4.5059204,-2.5040588,278.60376,101649.64,51.25,6.0
2025-04-26 04:00:00,-4.6072083,-1.9655304,278.72238,101654.14,51.25,6.0
2025-04-26 05:00:00,-4.417145,-1.5944672,278.77216,101691.03,51.25,6.0
2025-04-26 06:00:00,-4.369751,-1.5552063,280.15863,101701.09,51.25,6.0
2025-04-26 07:00:00,-4.1948853,-1.1397095,281.88013,101725.37,51.25,6.0
2025-04-26 08:00:00,-4.1606293,-0.9040222,283.86,101728.6,51.25,6.0
2025-04-26 09:00:00,-4.3709564,-0.8327484,286.16336,101740.59,51.25,6.0
2025-04-26 10:00:00,-3.4779053,-0.54649353,288.22543,101707.45,51.25,6.0
2025-04-26 11:00:00,-4.4905396,0.08734131,289.3845,101671.66,51.25,6.0
2025-04-26 12:00:00,-4.680435,0.05873108,290.31384,101636.74,51.25,6.0
2025-04-26 13:00:00,-4.3662415,-0.11250305,291.26157,101643.125,51.25,6.0
2025-04-26 14:00:00,-4.0701294,-0.53375244,291.67963,101611.81,51.25,6.0
2025-04-26 15:00:00,-3.7110138,-1.1603699,292.04825,101578.5,51.25,6.0
2025-04-26 16:00:00,-3.4153137,-2.0383148,292.3767,101563.61,51.25,6.0
2025-04-26 17:00:00,-3.0714722,-2.9960327,291.7894,101568.45,51.25,6.0
2025-04-26 18:00:00,-3.2389832,-4.3121033,290.56982,101598.39,51.25,6.0
2025-04-26 19:00:00,-4.3819275,-4.7115326,288.20673,101617.734,51.25,6.0
2025-04-26 20:00:00,-5.8127594,-3.5066528,286.31384,101688.53,51.25,6.0
2025-04-26 21:00:00,-6.7304077,-1.2930756,285.63013,101703.4,51.25,6.0
2025-04-26 22:00:00,-6.111435,-0.58374023,284.29855,101702.72,51.25,6.0
2025-04-26 23:00:00,-5.655655,0.58387756,283.32623,101714.72,51.25,6.0
2025-04-27 00:00:00,-4.950882,1.1944427,282.62012,101728.89,51.25,6.0
2025-04-27 01:00:00,-4.508774,1.6582794,281.3453,101777.7,51.25,6.0
2025-04-27 02:00:00,-4.458664,1.3150635,280.50696,101773.984,51.25,6.0
2025-04-27 03:00:00,-4.6294556,0.80766296,280.3697,101785.625,51.25,6.0
2025-04-27 04:00:00,-4.732422,0.4469452,279.6262,101814.5,51.25,6.0
2025-04-27 05:00:00,-4.8616486,0.184021,280.07983,101826.64,51.25,6.0
2025-04-27 06:00:00,-4.625717,0.31575012,282.66675,101876.97,51.25,6.0
2025-04-27 07:00:00,-3.053009,0.30249023,285.20935,101902.94,51.25,6.0
2025-04-27 08:00:00,-2.2148438,0.24984741,287.5534,101944.98,51.25,6.0
2025-04-27 09:00:00,-1.7386932,-0.05885315,289.25586,101967.19,51.25,6.0
2025-04-27 10:00:00,-1.5431213,-1.1985931,290.81674,101958.0,51.25,6.0
2025-04-27 11:00:00,-1.2363434,-1.5257721,291.81946,101932.14,51.25,6.0
2025-04-27 12:00:00,-0.80618286,-1.5370178,292.5666,101927.734,51.25,6.0
2025-04-27 13:00:00,-0.51319885,-1.9369507,293.08777,101930.56,51.25,6.0
2025-04-27 14:00:00,-0.4934082,-2.4108276,293.48285,101923.95,51.25,6.0
2025-04-27 15:00:00,-0.5775757,-2.660843,293.58383,101903.99,51.25,6.0
2025-04-27 16:00:00,-0.62612915,-2.7989197,293.35065,101905.16,51.25,6.0
2025-04-27 17:00:00,-0.561676,-3.1045532,292.74335,101917.766,51.25,6.0
2025-04-27 18:00:00,-0.5796814,-4.0227814,291.36584,101930.19,51.25,6.0
2025-04-27 19:00:00,-0.6842346,-5.113312,288.67273,101976.45,51.25,6.0
2025-04-27 20:00:00,-0.8625183,-5.864929,286.63885,102043.69,51.25,6.0
2025-04-27 21:00:00,-1.0618439,-6.208908,285.66248,102083.88,51.25,6.0
2025-04-27 22:00:00,-2.2970276,-5.890869,284.83554,102092.85,51.25,6.0
2025-04-27 23:00:00,-2.6578522,-4.90683,283.65222,102096.53,51.25,6.0
2025-04-28 00:00:00,-2.7848969,-3.8130646,282.54846,102093.6,51.25,6.0
2025-04-28 01:00:00,-2.5162964,-3.0595245,281.2479,102106.97,51.25,6.0
2025-04-28 02:00:00,-2.2820892,-2.5545044,280.09595,102093.31,51.25,6.0
2025-04-28 03:00:00,-2.1707764,-1.7213745,279.8145,102087.74,51.25,6.0
2025-04-28 04:00:00,-1.6373596,-0.8410492,279.42743,102104.63,51.25,6.0
2025-04-28 05:00:00,-0.9065857,-0.6600647,279.11572,102114.72,51.25,6.0
2025-04-28 06:00:00,-0.31669617,-1.2987213,282.1714,102162.375,51.25,6.0
2025-04-28 07:00:00,-0.0021972656,-1.939743,285.7292,102207.09,51.25,6.0
2025-04-28 08:00:00,-0.095077515,-1.6947784,288.7759,102210.95,51.25,6.0
2025-04-28 09:00:00,-0.50335693,-2.0853271,290.94565,102211.516,51.25,6.0
2025-04-28 10:00:00,-1.3546448,-2.182602,292.1233,102199.66,51.25,6.0
2025-04-28 11:00:00,-1.4084473,-1.8817902,292.92834,102168.484,51.25,6.0
2025-04-28 12:00:00,-1.0406494,-1.9525604,293.6131,102117.11,51.25,6.0
2025-04-28 13:00:00,-0.81396484,-2.3002777,294.2044,102106.484,51.25,6.0
2025-04-28 14:00:00,-0.7274933,-2.5439453,294.5034,102075.766,51.25,6.0
2025-04-28 15:00:00,-0.8685608,-2.911087,294.66138,102068.95,51.25,6.0
2025-04-28 16:00:00,-1.1533661,-3.2940216,294.33783,102050.56,51.25,6.0
2025-04-28 17:00:00,-1.4600677,-3.818283,293.52936,102047.41,51.25,6.0
2025-04-28 18:00:00,-1.6127625,-4.5953674,291.98346,102040.23,51.25,6.0
2025-04-28 19:00:00,-1.931015,-5.320114,289.0481,102073.43,51.25,6.0
2025-04-28 20:00:00,-2.607956,-5.635254,287.1289,102125.586,51.25,6.0
2025-04-28 21:00:00,-3.223465,-5.5300446,285.7508,102145.48,51.25,6.0
2025-04-28 22:00:00,-3.7993011,-4.745819,285.12152,102139.49,51.25,6.0
2025-04-28 23:00:00,-3.9497375,-3.9387207,284.01035,102160.266,51.25,6.0
2025-04-29 00:00:00,-3.9003143,-3.6317444,282.9123,102174.11,51.25,6.0
2025-04-29 01:00:00,-3.9705658,-3.2711182,281.7315,102162.31,51.25,6.0
2025-04-29 02:00:00,-4.2911377,-2.685501,280.56256,102142.0,51.25,6.0
2025-04-29 03:00:00,-4.515091,-2.40036,280.16245,102139.984,51.25,6.0
2025-04-29 04:00:00,-4.622467,-2.4332123,279.57233,102162.875,51.25,6.0
2025-04-29 05:00:00,-4.4959106,-2.029251,280.14008,102174.03,51.25,6.0
2025-04-29 06:00:00,-4.169586,-1.5021667,283.05048,102219.78,51.25,6.0
2025-04-29 07:00:00,-2.739441,-0.88523865,286.75275,102227.44,51.25,6.0
2025-04-29 08:00:00,-2.149353,-0.6638031,289.51212,102215.75,51.25,6.0
2025-04-29 09:00:00,-2.242508,-1.017807,291.37427,102216.97,51.25,6.0
2025-04-29 10:00:00,-3.4363556,-0.95066833,293.1543,102187.66,51.25,6.0
2025-04-29 11:00:00,-3.3595734,-0.683609,294.1355,102142.11,51.25,6.0
2025-04-29 12:00:00,-3.1040344,-0.8547363,294.90076,102087.93,51.25,6.0
2025-04-29 13:00:00,-3.0007935,-1.2408752,295.528,102052.51,51.25,6.0
2025-04-29 14:00:00,-2.908661,-1.5880585,295.93896,101999.164,51.25,6.0
2025-04-29 15:00:00,-2.919281,-1.9385223,296.909,101960.64,51.25,6.0
2025-04-29 16:00:00,-3.0534058,-2.2071533,296.0471,101919.36,51.25,6.0
2025-04-29 17:00:00,-3.011139,-2.6349487,295.4521,101872.08,51.25,6.0
2025-04-29 18:00:00,-3.2782135,-3.3743439,293.88403,101853.25,51.25,6.0
2025-04-29 19:00:00,-4.058548,-3.97818,291.3346,101884.266,51.25,6.0
2025-04-29 20:00:00,-4.878784,-3.965866,289.45154,101928.31,51.25,6.0
2025-04-29 21:00:00,-5.4983215,-3.416275,288.23596,101947.59,51.25,6.0
2025-04-29 22:00:00,-5.992691,-2.7210846,287.50494,101916.27,51.25,6.0
2025-04-29 23:00:00,-5.538666,-1.9823456,286.35693,101937.77,51.25,6.0
2025-04-30 00:00:00,-5.330673,-1.5119476,285.31143,101932.86,51.25,6.0
2025-04-30 01:00:00,-5.270584,-1.1679077,284.33716,101907.55,51.25,6.0
2025-04-30 02:00:00,-5.3923645,-0.9814606,283.6794,101898.14,51.25,6.0
2025-04-30 03:00:00,-5.3739624,-0.4907837,282.96368,101880.41,51.25,6.0
2025-04-30 04:00:00,-5.0056763,0.14164734,281.6007,101863.25,51.25,6.0
2025-04-30 05:00:00,-4.5716095,0.34773254,282.76263,101867.44,51.25,6.0
2025-04-30 06:00:00,-4.1235504,0.07711792,285.0479,101867.67,51.25,6.0
2025-04-30 07:00:00,-2.5660858,-0.12908936,288.41388,101880.62,51.25,6.0
2025-04-30 08:00:00,-1.9823151,-0.16867065,290.765,101873.67,51.25,6.0
2025-04-30 09:00:00,-2.0026703,-0.23976135,292.9981,101880.2,51.25,6.0
2025-04-30 10:00:00,-2.1820068,-0.3983307,294.86603,101849.72,51.25,6.0
2025-04-30 11:00:00,-2.352768,-0.5688324,296.10742,101813.08,51.25,6.0
2025-04-30 12:00:00,-2.4041138,-0.4046936,297.7572,101773.195,51.25,6.0
2025-04-30 13:00:00,-2.0850525,-0.19560242,297.59518,101736.45,51.25,6.0
2025-04-30 14:00:00,-1.8361359,-0.20787048,298.0811,101678.39,51.25,6.0
2025-04-30 15:00:00,-1.8461456,-0.5033264,298.20343,101617.63,51.25,6.0
2025-04-30 16:00:00,-2.1603394,-0.8542938,298.02414,101578.97,51.25,6.0
2025-04-30 17:00:00,-2.712387,-1.167511,297.4001,101553.6,51.25,6.0
2025-04-30 18:00:00,-3.5308533,-1.5224762,295.2766,101529.0,51.25,6.0
2025-04-30 19:00:00,-4.249359,-1.699707,292.73306,101551.42,51.25,6.0
2025-04-30 20:00:00,-4.823593,-1.6307526,290.38632,101567.555,51.25,6.0
2025-04-30 21:00:00,-5.2587585,-0.93873596,287.48474,101569.336,51.25,6.0
2025-04-30 22:00:00,-5.733368,-0.41880798,286.58533,101535.62,51.25,6.0
2025-04-30 23:00:00,-5.158722,1.1694183,285.98553,101552.55,51.25,6.0
2025-05-01 00:00:00,-3.8887177,2.389206,285.30493,101541.7,51.25,6.0
2025-05-01 01:00:00,-2.4602509,2.5731506,283.84644,101535.19,51.25,6.0
2025-05-01 02:00:00,-1.7470093,2.1233978,283.52005,101513.03,51.25,6.0
2025-05-01 03:00:00,-1.5622101,1.5747375,283.38208,101490.414,51.25,6.0
2025-05-01 04:00:00,-1.7799072,1.1699677,283.36823,101486.81,51.25,6.0
2025-05-01 05:00:00,-2.1111755,1.3873749,282.66663,101496.914,51.25,6.0
2025-05-01 06:00:00,-2.290039,1.8517914,286.73953,101499.14,51.25,6.0
2025-05-01 07:00:00,-1.9589996,1.8068085,291.21194,101494.34,51.25,6.0
2025-05-01 08:00:00,-1.3882294,1.2101746,293.77313,101468.89,51.25,6.0
2025-05-01 09:00:00,-1.3675232,1.2265778,297.05728,101456.59,51.25,6.0
2025-05-01 10:00:00,-1.2685242,0.8165741,298.88397,101412.375,51.25,6.0
2025-05-01 11:00:00,-0.7148895,1.6768799,300.0389,101347.52,51.25,6.0
2025-05-01 12:00:00,0.28256226,2.6146393,300.01526,101292.01,51.25,6.0
2025-05-01 13:00:00,1.1582794,2.879303,301.43976,101261.94,51.25,6.0
2025-05-01 14:00:00,1.6837921,2.8294067,300.92337,101187.1,51.25,6.0
2025-05-01 15:00:00,1.7265778,2.65773,301.8356,101124.75,51.25,6.0
2025-05-01 16:00:00,1.9651642,2.6426544,301.34576,101095.47,51.25,6.0
2025-05-01 17:00:00,2.552658,2.38945,299.78177,101063.28,51.25,6.0
2025-05-01 18:00:00,3.2888794,2.3366241,296.50177,101031.67,51.25,6.0
2025-05-01 19:00:00,3.8001251,2.462204,293.52258,101034.94,51.25,6.0
2025-05-01 20:00:00,3.6487732,2.8866577,290.89435,101061.19,51.25,6.0
2025-05-01 21:00:00,3.1750793,3.38826,291.42108,101045.44,51.25,6.0
2025-05-01 22:00:00,4.6754456,3.6838226,288.44333,101049.61,51.25,6.0
2025-05-01 23:00:00,4.8573,3.553238,288.07556,101030.7,51.25,6.0
2025-05-02 00:00:00,5.249771,3.0513306,287.7795,101037.42,51.25,6.0
2025-05-02 01:00:00,5.0118866,2.8063507,287.64746,101023.55,51.25,6.0
2025-05-02 02:00:00,4.4934235,3.2296295,287.27222,101003.3,51.25,6.0
2025-05-02 03:00:00,4.3563385,3.8260956,286.75024,100981.5,51.25,6.0
2025-05-02 04:00:00,3.8677673,4.170349,287.38635,100950.305,51.25,6.0
2025-05-02 05:00:00,3.250595,4.6366577,287.74063,100946.984,51.25,6.0
2025-05-02 06:00:00,3.345581,4.8320923,290.6645,100967.03,51.25,6.0
2025-05-02 07:00:00,3.5076141,4.245758,293.45416,100960.32,51.25,6.0
2025-05-02 08:00:00,2.9981232,2.7322083,295.9434,100945.266,51.25,6.0
2025-05-02 09:00:00,2.7276917,1.72789,297.78906,100937.31,51.25,6.0
2025-05-02 10:00:00,2.3487701,2.151352,298.99115,100909.58,51.25,6.0
2025-05-02 11:00:00,4.7391357,2.3120575,300.5471,100894.33,51.25,6.0
2025-05-02 12:00:00,5.4599457,1.6526489,300.0099,100841.88,51.25,6.0
2025-05-02 13:00:00,6.386444,2.0127563,301.53363,100860.984,51.25,6.0
2025-05-02 14:00:00,5.5321045,0.23286438,300.55,100774.016,51.25,6.0
2025-05-02 15:00:00,5.2715607,-1.0114594,301.1527,100733.96,51.25,6.0
2025-05-02 16:00:00,5.2848663,-2.3748474,299.78882,100784.81,51.25,6.0
2025-05-02 17:00:00,4.4939117,-4.3137665,298.6012,100796.33,51.25,6.0
2025-05-02 18:00:00,3.0780487,-5.074539,296.96896,100824.22,51.25,6.0
2025-05-02 19:00:00,2.1707,-5.152405,293.74603,100830.234,51.25,6.0
2025-05-02 20:00:00,1.1381378,-5.632477,292.60925,100854.0,51.25,6.0
2025-05-02 21:00:00,0.14447021,-6.095398,291.64886,100867.03,51.25,6.0
2025-05-02 22:00:00,-1.8402252,-4.9014435,288.93512,100833.39,51.25,6.0
2025-05-02 23:00:00,-2.0580444,-4.4748383,288.26562,100870.05,51.25,6.0
2025-05-03 00:00:00,-1.8799896,-5.0532684,287.667,100866.734,51.25,6.0
2025-05-03 01:00:00,-1.9862518,-5.029312,287.2116,100873.91,51.25,6.0
2025-05-03 02:00:00,-2.6866455,-4.7325134,286.3211,100842.91,51.25,6.0
2025-05-03 03:00:00,-3.431427,-4.382019,285.37646,100779.05,51.25,6.0
2025-05-03 04:00:00,-3.272522,-3.68602,285.17902,100750.516,51.25,6.0
2025-05-03 05:00:00,-2.8909912,-2.8095245,284.9017,100719.59,51.25,6.0
2025-05-03 06:00:00,-2.491928,-2.631424,285.69296,100691.47,51.25,6.0
2025-05-03 07:00:00,-2.1352844,-2.5811615,286.39563,100644.65,51.25,6.0
2025-05-03 08:00:00,-1.7878418,-2.531372,287.24176,100607.22,51.25,6.0
2025-05-03 09:00:00,-1.501297,-2.3866272,289.31793,100570.86,51.25,6.0
2025-05-03 10:00:00,-1.230011,-2.675705,290.38806,100542.36,51.25,6.0
2025-05-03 11:00:00,-0.4961853,-1.9418945,291.21634,100462.234,51.25,6.0
2025-05-03 12:00:00,1.3010712,-2.0031586,293.26245,100453.17,51.25,6.0
2025-05-03 13:00:00,1.905899,-3.4549103,293.68988,100403.66,51.25,6.0
2025-05-03 14:00:00,3.22937,-4.7599335,292.32727,100399.94,51.25,6.0
2025-05-03 15:00:00,3.423294,-4.4764404,290.60745,100408.734,51.25,6.0
2025-05-03 16:00:00,3.3135529,-4.197632,290.19232,100382.81,51.25,6.0
2025-05-03 17:00:00,3.757782,-4.708832,289.74356,100380.72,51.25,6.0
2025-05-03 18:00:00,3.9154358,-5.9889984,288.77597,100404.0,51.25,6.0
2025-05-03 19:00:00,3.888977,-7.011673,287.3523,100481.625,51.25,6.0
2025-05-03 20:00:00,3.7578278,-6.318741,285.9574,100569.836,51.25,6.0
2025-05-03 21:00:00,4.0003357,-6.2665863,285.05664,100635.625,51.25,6.0
2025-05-03 22:00:00,2.419876,-6.4279175,282.36932,100759.41,51.25,6.0
2025-05-03 23:00:00,2.6298523,-5.49321,281.7633,100792.55,51.25,6.0
2025-05-04 00:00:00,3.373581,-3.9287415,281.3745,100812.39,51.25,6.0
2025-05-04 01:00:00,4.1121216,-2.6633148,280.7379,100816.66,51.25,6.0
2025-05-04 02:00:00,4.6977844,-1.9725494,280.45197,100826.83,51.25,6.0
2025-05-04 03:00:00,4.8206787,-1.6253662,280.0181,100822.766,51.25,6.0
2025-05-04 04:00:00,4.8288574,-1.7464905,280.1929,100815.65,51.25,6.0
2025-05-04 05:00:00,4.765732,-1.982666,280.94965,100816.086,51.25,6.0
2025-05-04 06:00:00,3.9455872,-2.4245605,282.06128,100850.09,51.25,6.0
2025-05-04 07:00:00,2.9265442,-4.1224213,283.17102,100840.44,51.25,6.0
2025-05-04 08:00:00,1.9569702,-4.4532776,283.91855,100870.94,51.25,6.0
2025-05-04 09:00:00,1.5177917,-4.499695,284.46808,100869.375,51.25,6.0
2025-05-04 10:00:00,0.73114014,-4.321396,284.86096,100899.94,51.25,6.0
2025-05-04 11:00:00,1.205246,-4.415436,285.7761,100895.75,51.25,6.0
2025-05-04 12:00:00,1.376831,-4.6417084,285.6906,100878.08,51.25,6.0
2025-05-04 13:00:00,1.4725189,-4.9377594,286.08313,100882.86,51.25,6.0
2025-05-04 14:00:00,1.2453461,-5.1357117,287.08194,100895.66,51.25,6.0
2025-05-04 15:00:00,0.84355164,-5.275406,286.23956,100869.22,51.25,6.0
2025-05-04 16:00:00,0.5298004,-5.315506,286.5097,100875.61,51.25,6.0
2025-05-04 17:00:00,0.35238647,-5.7610626,285.71265,100880.27,51.25,6.0
2025-05-04 18:00:00,0.36073303,-6.506668,284.96112,100882.34,51.25,6.0
2025-05-04 19:00:00,0.035186768,-6.977661,283.42096,100923.56,51.25,6.0
2025-05-04 20:00:00,-0.44026184,-6.5892944,282.42102,100962.08,51.25,6.0
2025-05-04 21:00:00,-0.5617218,-6.0160675,281.7602,101004.164,51.25,6.0
2025-05-04 22:00:00,-0.39439392,-6.1536865,279.31384,101029.125,51.25,6.0
2025-05-04 23:00:00,-0.18461609,-5.7457275,278.82742,101065.74,51.25,6.0
2025-05-05 00:00:00,-0.24787903,-5.638794,278.32007,101071.95,51.25,6.0
2025-05-05 01:00:00,-0.6039734,-5.4676056,277.7229,101077.08,51.25,6.0
2025-05-05 02:00:00,-1.2299194,-4.850769,277.345,101076.22,51.25,6.0
2025-05-05 03:00:00,-1.6511688,-4.426544,277.4344,101098.305,51.25,6.0
2025-05-05 04:00:00,-1.9910126,-4.2596283,276.7009,101103.2,51.25,6.0
2025-05-05 05:00:00,-2.4267578,-4.0870056,277.61084,101125.305,51.25,6.0
2025-05-05 06:00:00,-2.4075165,-3.3780365,279.69922,101144.266,51.25,6.0
2025-05-05 07:00:00,-2.6209106,-3.036087,281.62732,101192.34,51.25,6.0
2025-05-05 08:00:00,-2.8702698,-2.8744812,282.86118,101232.66,51.25,6.0
2025-05-05 09:00:00,-3.5413055,-3.6398315,284.11755,101241.39,51.25,6.0
2025-05-05 10:00:00,-3.6534424,-2.9805603,284.54578,101274.29,51.25,6.0
2025-05-05 11:00:00,-3.7224426,-3.8023376,284.7864,101257.2,51.25,6.0
2025-05-05 12:00:00,-3.58815,-4.3625183,285.14117,101265.72,51.25,6.0
2025-05-05 13:00:00,-4.210449,-4.6631927,286.41547,101267.69,51.25,6.0
2025-05-05 14:00:00,-4.9163055,-4.5522614,286.44086,101233.11,51.25,6.0
2025-05-05 15:00:00,-4.80394,-4.3456726,287.22104,101215.99,51.25,6.0
2025-05-05 16:00:00,-4.6999054,-4.2804565,286.9617,101218.28,51.25,6.0
2025-05-05 17:00:00,-4.3371735,-3.9317627,287.07413,101227.86,51.25,6.0
2025-05-05 18:00:00,-3.7388,-3.6554108,286.2937,101246.09,51.25,6.0
2025-05-05 19:00:00,-3.6586456,-3.9028168,285.21234,101279.25,51.25,6.0
2025-05-05 20:00:00,-3.811905,-4.4442596,283.79425,101343.11,51.25,6.0
2025-05-05 21:00:00,-3.794876,-5.1741486,283.34534,101394.64,51.25,6.0
2025-05-05 22:00:00,-3.6820374,-6.6642456,281.62506,101433.39,51.25,6.0
2025-05-05 23:00:00,-3.3669586,-6.589325,281.1964,101428.57,51.25,6.0
2025-05-06 00:00:00,-2.834259,-6.352463,280.68225,101440.07,51.25,6.0
2025-05-06 01:00:00,-2.5687714,-6.55867,279.54413,101451.61,51.25,6.0
2025-05-06 02:00:00,-2.604599,-6.8468018,279.2173,101464.97,51.25,6.0
2025-05-06 03:00:00,-2.734848,-6.7438354,278.62903,101495.016,51.25,6.0
2025-05-06 04:00:00,-3.0206451,-6.4015503,277.7263,101515.516,51.25,6.0
2025-05-06 05:00:00,-2.8849945,-6.336258,278.6373,101537.84,51.25,6.0
2025-05-06 06:00:00,-2.6395874,-5.8802032,280.0838,101594.28,51.25,6.0
2025-05-06 07:00:00,-2.8983917,-5.6239777,282.51398,101630.47,51.25,6.0
2025-05-06 08:00:00,-3.2463837,-5.497101,283.60266,101632.8,51.25,6.0
2025-05-06 09:00:00,-2.3953552,-5.287506,285.03323,101628.88,51.25,6.0
2025-05-06 10:00:00,-1.7439423,-4.684677,285.95557,101630.67,51.25,6.0
2025-05-06 11:00:00,-1.2743988,-5.0450287,286.6355,101605.5,51.25,6.0
2025-05-06 12:00:00,-1.8839264,-5.308441,287.40076,101574.24,51.25,6.0
2025-05-06 13:00:00,-2.0623322,-5.28508,288.8399,101539.48,51.25,6.0
2025-05-06 14:00:00,-1.9946289,-5.6532745,288.18,101475.71,51.25,6.0
2025-05-06 15:00:00,-1.6924591,-6.2119293,288.53534,101465.54,51.25,6.0
2025-05-06 16:00:00,-1.155426,-6.7176514,288.39465,101469.66,51.25,6.0
2025-05-06 17:00:00,-0.8568573,-7.2791595,287.18066,101496.9,51.25,6.0
2025-05-06 18:00:00,-0.5898895,-7.467865,286.25195,101523.375,51.25,6.0
2025-05-06 19:00:00,-0.21800232,-6.8919373,285.40106,101542.33,51.25,6.0
2025-05-06 20:00:00,-0.08451843,-6.8251343,284.35986,101585.32,51.25,6.0
2025-05-06 21:00:00,-0.2750244,-6.7243805,283.1676,101602.34,51.25,6.0
2025-05-06 22:00:00,-0.8882904,-5.9025574,282.7085,101634.2,51.25,6.0
2025-05-06 23:00:00,-1.145462,-5.5604095,281.77173,101629.48,51.25,6.0
2025-05-07 00:00:00,-0.92178345,-4.989029,281.24243,101622.2,51.25,6.0
2025-05-07 01:00:00,-0.55770874,-4.6532135,280.46588,101636.93,51.25,6.0
2025-05-07 02:00:00,-0.5744171,-4.689438,279.96762,101603.91,51.25,6.0
2025-05-07 03:00:00,-0.81004333,-4.3289948,279.57895,101572.24,51.25,6.0
2025-05-07 04:00:00,-1.0832367,-4.087921,279.8166,101584.625,51.25,6.0
2025-05-07 05:00:00,-1.3976593,-4.1398926,280.1147,101584.45,51.25,6.0
2025-05-07 06:00:00,-1.58815,-3.9812012,281.1286,101614.625,51.25,6.0
2025-05-07 07:00:00,-2.0077057,-3.266449,282.47253,101612.7,51.25,6.0
2025-05-07 08:00:00,-2.4010315,-2.418686,282.9673,101629.53,51.25,6.0
2025-05-07 09:00:00,-2.4099884,-1.7297211,284.14948,101598.8,51.25,6.0
2025-05-07 10:00:00,-1.9028625,-0.7863312,286.17505,101591.25,51.25,6.0
2025-05-07 11:00:00,-1.4394073,-1.2580872,287.55484,101552.46,51.25,6.0
2025-05-07 12:00:00,-1.9034729,-1.732254,287.623,101491.69,51.25,6.0
2025-05-07 13:00:00,-2.24234,-2.2805328,289.33725,101456.23,51.25,6.0
2025-05-07 14:00:00,-2.5648804,-2.8027039,289.00897,101383.33,51.25,6.0
2025-05-07 15:00:00,-2.8936157,-3.1823578,289.42438,101351.22,51.25,6.0
2025-05-07 16:00:00,-3.276764,-3.2324524,289.47595,101316.266,51.25,6.0
2025-05-07 17:00:00,-2.8995972,-2.5744476,289.50433,101287.81,51.25,6.0
2025-05-07 18:00:00,-1.7839355,-2.013794,288.44577,101283.125,51.25,6.0
2025-05-07 19:00:00,-0.9419708,-2.7388,287.39447,101287.0,51.25,6.0
2025-05-07 20:00:00,-1.2179413,-3.3383484,285.50424,101313.19,51.25,6.0
2025-05-07 21:00:00,-1.8894043,-3.6270905,284.80408,101300.875,51.25,6.0
2025-05-07 22:00:00,-2.9983826,-3.8091278,283.70844,101325.625,51.25,6.0
2025-05-07 23:00:00,-3.167923,-4.188919,283.34296,101307.05,51.25,6.0
2025-05-08 00:00:00,-3.187439,-4.4982605,282.80734,101314.4,51.25,6.0
2025-05-08 01:00:00,-3.6481018,-4.6699677,281.79718,101270.42,51.25,6.0
2025-05-08 02:00:00,-4.367157,-4.005722,281.45166,101268.14,51.25,6.0
2025-05-08 03:00:00,-4.6305237,-2.8125763,280.74713,101260.734,51.25,6.0
2025-05-08 04:00:00,-4.8181305,-2.0910034,279.625,101253.28,51.25,6.0
2025-05-08 05:00:00,-4.7921753,-1.7950897,280.0137,101265.66,51.25,6.0
2025-05-08 06:00:00,-4.342163,-1.5875397,282.0122,101302.5,51.25,6.0
2025-05-08 07:00:00,-3.4564667,-1.6755219,285.10413,101314.48,51.25,6.0
2025-05-08 08:00:00,-4.190033,-2.142395,287.7871,101315.49,51.25,6.0
2025-05-08 09:00:00,-5.908325,-2.5722656,288.34995,101306.36,51.25,6.0
2025-05-08 10:00:00,-6.833557,-2.61615,289.33997,101303.47,51.25,6.0
2025-05-08 11:00:00,-6.356537,-2.937622,289.64774,101260.984,51.25,6.0
2025-05-08 12:00:00,-6.055298,-3.0575256,290.04767,101253.33,51.25,6.0
2025-05-08 13:00:00,-5.827484,-3.229721,290.4367,101228.41,51.25,6.0
2025-05-08 14:00:00,-5.5507355,-3.1120758,290.7503,101207.98,51.25,6.0
2025-05-08 15:00:00,-5.609955,-2.8103027,290.6724,101173.83,51.25,6.0
2025-05-08 16:00:00,-6.1203766,-2.2615356,290.2976,101189.2,51.25,6.0
2025-05-08 17:00:00,-6.4610443,-0.79273987,289.81403,101189.414,51.25,6.0
2025-05-08 18:00:00,-6.9242706,-0.24890137,288.59058,101215.69,51.25,6.0
2025-05-08 19:00:00,-6.990509,-0.6226349,287.28082,101262.67,51.25,6.0
2025-05-08 20:00:00,-7.0178833,-1.3749695,285.5911,101333.234,51.25,6.0
2025-05-08 21:00:00,-6.8849945,-1.6095276,284.33536,101372.19,51.25,6.0
2025-05-08 22:00:00,-7.6748657,-1.6027985,283.26468,101376.19,51.25,6.0
2025-05-08 23:00:00,-6.8678284,-0.6662903,282.20166,101398.87,51.25,6.0
2025-05-09 00:00:00,-6.3042755,-1.2589417,281.19354,101416.03,51.25,6.0
2025-05-09 01:00:00,-6.2438965,-1.855072,279.94165,101410.43,51.25,6.0
2025-05-09 02:00:00,-6.344223,-1.8527069,278.09064,101433.83,51.25,6.0
2025-05-09 03:00:00,-6.4072113,-1.6408691,278.00522,101456.27,51.25,6.0
2025-05-09 04:00:00,-6.316574,-1.1429901,278.41763,101485.7,51.25,6.0
2025-05-09 05:00:00,-5.992874,-0.8603058,279.35638,101511.45,51.25,6.0
2025-05-09 06:00:00,-5.21109,-0.756958,282.3686,101557.734,51.25,6.0
2025-05-09 07:00:00,-4.2162323,-0.55644226,285.9264,101607.195,51.25,6.0
2025-05-09 08:00:00,-4.650223,-0.47901917,287.39807,101617.95,51.25,6.0
2025-05-09 09:00:00,-5.5666504,-0.29292297,288.8125,101621.05,51.25,6.0
2025-05-09 10:00:00,-6.7821503,0.88098145,289.89758,101606.625,51.25,6.0
2025-05-09 11:00:00,-6.674469,0.0027160645,290.80188,101567.07,51.25,6.0
2025-05-09 12:00:00,-6.438553,-0.32156372,292.3189,101537.22,51.25,6.0
2025-05-09 13:00:00,-6.1399384,-0.44532776,291.75934,101525.81,51.25,6.0
2025-05-09 14:00:00,-5.9390717,-0.6972809,292.41266,101499.266,51.25,6.0
2025-05-09 15:00:00,-5.8799133,-0.72958374,292.41797,101470.0,51.25,6.0
2025-05-09 16:00:00,-5.8775635,-0.5763397,292.41693,101448.06,51.25,6.0
2025-05-09 17:00:00,-5.7421875,-0.47877502,291.97437,101439.81,51.25,6.0
2025-05-09 18:00:00,-5.446411,-0.23750305,290.70132,101451.64,51.25,6.0
2025-05-09 19:00:00,-5.464264,0.07261658,288.73077,101479.3,51.25,6.0
2025-05-09 20:00:00,-5.69841,0.57847595,286.09937,101546.484,51.25,6.0
2025-05-09 21:00:00,-5.6551056,1.1925201,284.7638,101567.42,51.25,6.0
2025-05-09 22:00:00,-5.316635,1.9086304,283.8092,101566.29,51.25,6.0
2025-05-09 23:00:00,-5.391556,2.0286255,282.96814,101573.4,51.25,6.0
2025-05-10 00:00:00,-5.1694946,2.3303375,281.7649,101593.28,51.25,6.0
2025-05-10 01:00:00,-4.8098907,2.2156677,280.45776,101602.09,51.25,6.0
2025-05-10 02:00:00,-4.864441,1.7367859,278.6334,101589.15,51.25,6.0
2025-05-10 03:00:00,-4.633835,1.8899078,278.0193,101591.766,51.25,6.0
2025-05-10 04:00:00,-4.430603,2.202179,277.75342,101621.336,51.25,6.0
2025-05-10 05:00:00,-4.6296997,1.9850159,279.45184,101616.484,51.25,6.0
2025-05-10 06:00:00,-4.1611786,1.6881256,283.27582,101653.234,51.25,6.0
2025-05-10 07:00:00,-3.113678,1.2072296,287.2746,101644.516,51.25,6.0
2025-05-10 08:00:00,-2.983902,0.97050476,290.25983,101618.61,51.25,6.0
2025-05-10 09:00:00,-3.3809052,0.72940063,292.2456,101621.125,51.25,6.0
2025-05-10 10:00:00,-4.606369,0.547348,293.32513,101572.625,51.25,6.0
2025-05-10 11:00:00,-5.3467865,0.96029663,293.09912,101513.11,51.25,6.0
2025-05-10 12:00:00,-5.3886414,0.9663849,294.31873,101445.55,51.25,6.0
2025-05-10 13:00:00,-5.44223,0.86683655,294.27374,101381.03,51.25,6.0
2025-05-10 14:00:00,-5.4774323,0.884964,295.75772,101321.33,51.25,6.0
2025-05-10 15:00:00,-5.563507,0.85827637,295.82877,101264.19,51.25,6.0
2025-05-10 16:00:00,-5.649002,0.8436737,295.638,101219.38,51.25,6.0
2025-05-10 17:00:00,-5.298065,0.9923096,294.53574,101186.08,51.25,6.0
2025-05-10 18:00:00,-4.549423,0.9692688,293.23807,101169.445,51.25,6.0
2025-05-10 19:00:00,-5.1509247,0.49487305,289.83374,101183.54,51.25,6.0
2025-05-10 20:00:00,-6.0561676,0.4920044,288.472,101194.484,51.25,6.0
2025-05-10 21:00:00,-6.273285,1.1272888,287.2367,101215.445,51.25,6.0
2025-05-10 22:00:00,-6.3181458,1.8925629,286.1588,101191.17,51.25,6.0
2025-05-10 23:00:00,-5.7179413,2.0563965,285.1143,101180.44,51.25,6.0
2025-05-11 00:00:00,-4.833359,2.55484,282.7016,101191.05,51.25,6.0
2025-05-11 01:00:00,-4.7545013,2.5721588,281.61737,101180.91,51.25,6.0
2025-05-11 02:00:00,-5.2633667,2.554245,282.06396,101152.06,51.25,6.0
2025-05-11 03:00:00,-5.5647583,3.0543518,280.76215,101125.53,51.25,6.0
2025-05-11 04:00:00,-5.997757,2.998642,281.20862,101072.06,51.25,6.0
2025-05-11 05:00:00,-5.96521,3.329544,282.70538,101069.64,51.25,6.0
2025-05-11 06:00:00,-5.3540497,3.5188904,285.89816,101059.266,51.25,6.0
2025-05-11 07:00:00,-4.3710938,2.8509827,289.05286,101031.08,51.25,6.0
2025-05-11 08:00:00,-4.3392944,2.9406128,291.38684,101021.19,51.25,6.0
2025-05-11 09:00:00,-4.641449,3.007309,293.43665,100997.61,51.25,6.0
2025-05-11 10:00:00,-4.873413,2.7879791,294.854,100943.234,51.25,6.0
2025-05-11 11:00:00,-4.7276306,3.5669403,295.88855,100898.19,51.25,6.0
2025-05-11 12:00:00,-4.6947174,3.7223358,296.61188,100849.44,51.25,6.0
2025-05-11 13:00:00,-4.7283325,3.4871368,297.10745,100795.08,51.25,6.0
2025-05-11 14:00:00,-4.7123413,3.2714233,297.7477,100757.41,51.25,6.0
2025-05-11 15:00:00,-4.8544617,2.9223938,297.5444,100719.64,51.25,6.0
2025-05-11 16:00:00,-5.1851196,2.4575806,297.21814,100675.516,51.25,6.0
2025-05-11 17:00:00,-5.44458,1.9880676,297.19745,100633.516,51.25,6.0
2025-05-11 18:00:00,-5.6475525,1.4728851,295.5047,100618.516,51.25,6.0
2025-05-11 19:00:00,-6.062378,1.3206482,293.59583,100624.016,51.25,6.0
2025-05-11 20:00:00,-6.1594086,1.6122589,289.48877,100654.53,51.25,6.0
2025-05-11 21:00:00,-6.189987,1.6629486,289.27264,100682.3,51.25,6.0
2025-05-11 22:00:00,-6.250168,2.1637726,288.2436,100664.79,51.25,6.0
2025-05-11 23:00:00,-6.4195557,3.1517181,288.0291,100688.984,51.25,6.0
2025-05-12 00:00:00,-6.2924957,4.4649353,287.60657,100703.16,51.25,6.0
2025-05-12 01:00:00,-6.278656,4.655136,286.80197,100701.59,51.25,6.0
2025-05-12 02:00:00,-6.3588715,4.177246,285.19135,100705.28,51.25,6.0
2025-05-12 03:00:00,-6.1136627,4.2437286,285.74243,100717.734,51.25,6.0
2025-05-12 04:00:00,-5.9213715,4.036026,285.30133,100714.695,51.25,6.0
2025-05-12 05:00:00,-6.010437,3.4019012,285.8368,100742.766,51.25,6.0
2025-05-12 06:00:00,-5.6169434,2.8716736,287.88596,100760.45,51.25,6.0
2025-05-12 07:00:00,-4.96463,2.198944,289.95975,100786.89,51.25,6.0
2025-05-12 08:00:00,-5.219223,1.8680115,291.84454,100799.33,51.25,6.0
2025-05-12 09:00:00,-5.6167603,1.5843964,293.46753,100825.16,51.25,6.0
2025-05-12 10:00:00,-5.3267975,0.60246277,294.96936,100781.78,51.25,6.0
2025-05-12 11:00:00,-5.2579803,0.791214,295.94763,100773.69,51.25,6.0
2025-05-12 12:00:00,-4.8424377,0.6823425,296.81107,100743.98,51.25,6.0
2025-05-12 13:00:00,-4.6245575,0.51719666,297.0407,100761.61,51.25,6.0
2025-05-12 14:00:00,-4.550003,0.37327576,297.24826,100741.45,51.25,6.0
2025-05-12 15:00:00,-4.4706116,0.120147705,298.06006,100722.78,51.25,6.0
2025-05-12 16:00:00,-4.388275,-0.45948792,296.73798,100710.375,51.25,6.0
2025-05-12 17:00:00,-4.707718,-1.2668152,296.29016,100706.59,51.25,6.0
2025-05-12 18:00:00,-5.847534,-2.4125214,294.96265,100759.6,51.25,6.0
2025-05-12 19:00:00,-7.378372,-2.8746033,293.04285,100802.58,51.25,6.0
2025-05-12 20:00:00,-7.9857483,-1.7664948,290.9903,100894.66,51.25,6.0
2025-05-12 21:00:00,-7.7231445,-0.01940918,288.85645,100948.2,51.25,6.0
2025-05-12 22:00:00,-7.518051,0.5869751,288.31076,100976.71,51.25,6.0
2025-05-12 23:00:00,-6.694412,1.8799744,287.2409,101024.266,51.25,6.0
2025-05-13 00:00:00,-5.920883,2.3448944,286.14755,101063.64,51.25,6.0
2025-05-13 01:00:00,-6.2643433,1.5586243,284.8005,101093.484,51.25,6.0
2025-05-13 02:00:00,-6.677994,0.7418976,284.30554,101112.516,51.25,6.0
2025-05-13 03:00:00,-6.728119,0.39239502,283.4503,101162.16,51.25,6.0
2025-05-13 04:00:00,-6.779007,0.26133728,282.93097,101190.414,51.25,6.0
2025-05-13 05:00:00,-6.5340576,-0.19223022,283.4878,101211.945,51.25,6.0
2025-05-13 06:00:00,-5.406708,-0.5860901,285.70294,101259.55,51.25,6.0
2025-05-13 07:00:00,-4.7573853,-0.28038025,288.5996,101277.81,51.25,6.0
2025-05-13 08:00:00,-4.2821503,-0.19306946,289.6974,101293.125,51.25,6.0
2025-05-13 09:00:00,-4.28862,-0.39234924,292.54446,101296.66,51.25,6.0
2025-05-13 10:00:00,-4.008972,-1.2453003,292.70633,101301.766,51.25,6.0
2025-05-13 11:00:00,-3.767395,-1.0335846,294.82755,101285.53,51.25,6.0
2025-05-13 12:00:00,-3.6160583,-0.88938904,295.67157,101267.414,51.25,6.0
2025-05-13 13:00:00,-3.671875,-0.9154663,296.2366,101242.6,51.25,6.0
2025-05-13 14:00:00,-3.626587,-0.7860718,296.90363,101197.22,51.25,6.0
2025-05-13 15:00:00,-3.5153656,-0.6001892,297.06946,101166.34,51.25,6.0
2025-05-13 16:00:00,-3.5791626,-0.8495178,296.78162,101139.88,51.25,6.0
2025-05-13 17:00:00,-3.7320404,-1.244339,296.11145,101130.39,51.25,6.0
2025-05-13 18:00:00,-3.9487305,-1.7815247,294.575,101127.555,51.25,6.0
2025-05-13 19:00:00,-4.7194214,-2.7117615,291.95044,101157.33,51.25,6.0
2025-05-13 20:00:00,-6.018875,-2.9464874,289.1906,101192.09,51.25,6.0
2025-05-13 21:00:00,-6.8067474,-2.0687256,287.6557,101225.68,51.25,6.0
2025-05-13 22:00:00,-6.500641,-1.404541,287.68494,101245.46,51.25,6.0
2025-05-13 23:00:00,-5.582779,-0.40090942,286.48608,101272.44,51.25,6.0
2025-05-14 00:00:00,-4.8668823,-0.45812988,285.1328,101277.984,51.25,6.0
2025-05-14 01:00:00,-4.5813446,-1.1537018,282.22852,101279.56,51.25,6.0
2025-05-14 02:00:00,-4.459488,-1.4193268,282.3064,101277.49,51.25,6.0
2025-05-14 03:00:00,-4.428238,-1.7338715,281.8954,101281.31,51.25,6.0
2025-05-14 04:00:00,-4.5467377,-2.1258698,280.6768,101284.5,51.25,6.0
2025-05-14 05:00:00,-4.20224,-1.9997559,282.85052,101296.65,51.25,6.0
2025-05-14 06:00:00,-2.9892578,-1.4893188,285.7259,101335.44,51.25,6.0
2025-05-14 07:00:00,-1.7943573,-1.2744751,288.13672,101328.55,51.25,6.0
2025-05-14 08:00:00,-1.5600281,-1.6464081,290.59546,101329.36,51.25,6.0
2025-05-14 09:00:00,-1.4551086,-2.1882324,292.53888,101343.6,51.25,6.0
2025-05-14 10:00:00,-1.4664459,-3.4692383,293.85843,101339.41,51.25,6.0
2025-05-14 11:00:00,-0.74972534,-3.6818542,294.6006,101308.39,51.25,6.0
2025-05-14 12:00:00,-0.108566284,-3.9149323,295.25403,101283.8,51.25,6.0
2025-05-14 13:00:00,0.41511536,-4.0332336,295.61035,101243.11,51.25,6.0
2025-05-14 14:00:00,0.9376831,-4.3708496,295.90063,101231.664,51.25,6.0
2025-05-14 15:00:00,1.7148438,-4.615799,296.9545,101190.0,51.25,6.0
2025-05-14 16:00:00,2.448944,-5.32901,295.6594,101163.81,51.25,6.0
2025-05-14 17:00:00,2.4167023,-6.897629,294.41742,101161.484,51.25,6.0
2025-05-14 18:00:00,2.2480469,-7.5395966,292.36755,101184.5,51.25,6.0
2025-05-14 19:00:00,2.5943909,-7.214203,290.2322,101223.31,51.25,6.0
2025-05-14 20:00:00,2.611267,-7.485733,287.35706,101264.28,51.25,6.0
2025-05-14 21:00:00,2.4888153,-7.253662,286.21118,101294.664,51.25,6.0
2025-05-14 22:00:00,2.611557,-6.2133026,284.1852,101326.92,51.25,6.0
2025-05-14 23:00:00,2.7391357,-5.66391,283.6543,101335.36,51.25,6.0
2025-05-15 00:00:00,2.607193,-4.919998,283.01263,101342.78,51.25,6.0
2025-05-15 01:00:00,3.2206573,-3.92984,282.7119,101298.0,51.25,6.0
2025-05-15 02:00:00,3.624115,-4.030121,282.70215,101285.664,51.25,6.0
2025-05-15 03:00:00,3.0619202,-4.2476196,283.17743,101270.69,51.25,6.0
2025-05-15 04:00:00,2.434616,-4.6697845,283.47766,101267.1,51.25,6.0
2025-05-15 05:00:00,1.7429504,-4.456299,284.00925,101279.195,51.25,6.0
2025-05-15 06:00:00,0.46713257,-5.7633057,284.33792,101306.45,51.25,6.0
2025-05-15 07:00:00,-0.55255127,-4.956436,285.46613,101375.38,51.25,6.0
2025-05-15 08:00:00,-0.7676239,-3.8055573,286.15744,101387.06,51.25,6.0
2025-05-15 09:00:00,-0.5665283,-3.3126373,288.76483,101407.35,51.25,6.0
2025-05-15 10:00:00,-0.71380615,-3.0861053,289.21185,101411.984,51.25,6.0
2025-05-15 11:00:00,-0.5383911,-3.9086761,290.84076,101418.31,51.25,6.0
2025-05-15 12:00:00,-1.2213135,-4.7770844,292.02844,101391.17,51.25,6.0
2025-05-15 13:00:00,-1.5205841,-5.1560516,292.60214,101390.85,51.25,6.0
2025-05-15 14:00:00,-2.3509674,-5.520645,292.7329,101376.28,51.25,6.0
2025-05-15 15:00:00,-2.75885,-5.1863556,293.87408,101391.2,51.25,6.0
2025-05-15 16:00:00,-3.090866,-5.0204315,292.50427,101395.95,51.25,6.0
2025-05-15 17:00:00,-3.3688812,-4.714279,292.1507,101410.45,51.25,6.0
2025-05-15 18:00:00,-3.1214294,-4.377548,291.2403,101443.99,51.25,6.0
2025-05-15 19:00:00,-2.3376312,-4.9345093,289.54877,101472.33,51.25,6.0
2025-05-15 20:00:00,-2.0415497,-6.7811737,287.60806,101553.86,51.25,6.0
2025-05-15 21:00:00,-2.517334,-8.134506,286.41632,101621.875,51.25,6.0
2025-05-15 22:00:00,-2.9786987,-7.5023193,285.01758,101697.09,51.25,6.0
2025-05-15 23:00:00,-2.87294,-6.6495056,283.9197,101725.875,51.25,6.0
2025-05-16 00:00:00,-2.3609009,-5.974472,282.66135,101709.83,51.25,6.0
2025-05-16 01:00:00,-1.7646179,-5.40152,280.69452,101725.05,51.25,6.0
2025-05-16 02:00:00,-1.125412,-5.3664703,280.40482,101716.06,51.25,6.0
2025-05-16 03:00:00,-0.76608276,-5.4691315,279.74896,101718.67,51.25,6.0
2025-05-16 04:00:00,-0.5482788,-5.3164062,278.55838,101704.36,51.25,6.0
2025-05-16 05:00:00,-0.2807312,-4.9091797,280.14398,101702.97,51.25,6.0
2025-05-16 06:00:00,-0.011367798,-3.9769287,282.42722,101703.516,51.25,6.0
2025-05-16 07:00:00,0.19618225,-3.6302185,285.26773,101696.82,51.25,6.0
2025-05-16 08:00:00,0.6531677,-3.6202545,286.16968,101688.77,51.25,6.0
2025-05-16 09:00:00,1.1908112,-3.652893,287.75964,101668.11,51.25,6.0
2025-05-16 10:00:00,0.9434967,-2.8429108,290.28308,101670.47,51.25,6.0
2025-05-16 11:00:00,1.5485535,-3.0916443,291.17822,101618.25,51.25,6.0
2025-05-16 12:00:00,1.8291168,-3.4348602,291.1922,101571.2,51.25,6.0
2025-05-16 13:00:00,2.306961,-3.603531,292.11,101489.52,51.25,6.0
2025-05-16 14:00:00,2.6313019,-4.1715546,293.83643,101434.81,51.25,6.0
2025-05-16 15:00:00,2.8478546,-4.8294373,293.76343,101368.94,51.25,6.0
2025-05-16 16:00:00,3.8234863,-5.4972076,292.1727,101326.21,51.25,6.0
2025-05-16 17:00:00,4.5356903,-6.467514,291.63397,101318.34,51.25,6.0
2025-05-16 18:00:00,4.5378265,-6.9925385,289.01825,101339.84,51.25,6.0
2025-05-16 19:00:00,3.9586487,-6.891342,286.46548,101386.445,51.25,6.0
2025-05-16 20:00:00,2.9535065,-6.5697937,285.25113,101432.47,51.25,6.0
2025-05-16 21:00:00,2.2255096,-5.305832,285.02545,101442.414,51.25,6.0
2025-05-16 22:00:00,1.2782745,-4.6942444,284.7158,101457.1,51.25,6.0
2025-05-16 23:00:00,1.2480011,-3.0829773,284.8322,101442.42,51.25,6.0
2025-05-17 00:00:00,1.5965729,-2.5115967,284.72064,101415.49,51.25,6.0
2025-05-17 01:00:00,1.5774078,-2.6888428,284.01965,101400.45,51.25,6.0
2025-05-17 02:00:00,1.4929504,-2.9089813,283.41003,101380.53,51.25,6.0
2025-05-17 03:00:00,1.4376831,-3.199768,283.3759,101362.79,51.25,6.0
2025-05-17 04:00:00,1.4645844,-3.7973022,283.09933,101352.28,51.25,6.0
2025-05-17 05:00:00,1.2565918,-3.9793549,283.48877,101378.5,51.25,6.0
2025-05-17 06:00:00,0.6965332,-3.9916077,284.47787,101404.89,51.25,6.0
2025-05-17 07:00:00,0.22238159,-4.330353,285.875,101417.945,51.25,6.0
2025-05-17 08:00:00,0.25750732,-4.4675293,287.37634,101420.17,51.25,6.0
2025-05-17 09:00:00,-0.15853882,-4.564575,289.50922,101405.44,51.25,6.0
2025-05-17 10:00:00,0.38793945,-3.8482056,289.5263,101399.42,51.25,6.0
2025-05-17 11:00:00,0.39596558,-3.929367,291.69232,101371.35,51.25,6.0
2025-05-17 12:00:00,0.6547699,-4.053116,292.1565,101334.25,51.25,6.0
2025-05-17 13:00:00,0.9270935,-4.7042847,292.026,101281.63,51.25,6.0
2025-05-17 14:00:00,1.5431061,-5.277878,292.42563,101227.49,51.25,6.0
2025-05-17 15:00:00,2.335907,-5.781662,291.8969,101201.04,51.25,6.0
2025-05-17 16:00:00,2.8647766,-5.8136597,291.63373,101210.695,51.25,6.0
2025-05-17 17:00:00,3.589798,-5.8344727,291.2483,101190.09,51.25,6.0
2025-05-17 18:00:00,4.0611267,-5.7475586,290.13135,101197.37,51.25,6.0
2025-05-17 19:00:00,4.327469,-5.695099,288.48175,101216.734,51.25,6.0
2025-05-17 20:00:00,4.4181824,-5.286957,286.50372,101250.78,51.25,6.0
2025-05-17 21:00:00,4.6104584,-4.4723816,285.30423,101271.805,51.25,6.0
2025-05-17 22:00:00,4.7099,-3.9008942,284.1386,101272.32,51.25,6.0
2025-05-17 23:00:00,4.7193756,-2.8962097,283.55963,101275.84,51.25,6.0
2025-05-18 00:00:00,4.709717,-1.9739838,283.26794,101270.055,51.25,6.0
2025-05-18 01:00:00,4.55455,-1.4185944,283.3912,101255.78,51.25,6.0
2025-05-18 02:00:00,5.1300507,-2.2443542,283.69366,101237.45,51.25,6.0
2025-05-18 03:00:00,4.738495,-1.9056396,283.82553,101201.266,51.25,6.0
2025-05-18 04:00:00,4.7409973,-1.0178223,283.95575,101188.12,51.25,6.0
2025-05-18 05:00:00,4.449402,-0.60150146,283.8947,101197.27,51.25,6.0
2025-05-18 06:00:00,4.0737457,-1.3983917,284.17853,101226.625,51.25,6.0
2025-05-18 07:00:00,3.2100525,-2.6898193,284.6309,101240.86,51.25,6.0
2025-05-18 08:00:00,2.5509338,-2.5322113,284.85184,101264.59,51.25,6.0
2025-05-18 09:00:00,2.1755066,-1.8980408,285.87735,101259.64,51.25,6.0
2025-05-18 10:00:00,1.7853699,-2.3366241,286.72223,101260.19,51.25,6.0
2025-05-18 11:00:00,1.6489716,-1.4892883,287.38495,101254.45,51.25,6.0
2025-05-18 12:00:00,1.719574,-0.8236389,288.7904,101243.06,51.25,6.0
2025-05-18 13:00:00,1.4438629,-0.61776733,290.3703,101220.516,51.25,6.0
2025-05-18 14:00:00,1.1631775,-0.85894775,289.85638,101209.234,51.25,6.0
2025-05-18 15:00:00,1.155304,-1.0352478,290.65887,101188.44,51.25,6.0
2025-05-18 16:00:00,1.3008728,-1.1504517,290.73914,101186.91,51.25,6.0
2025-05-18 17:00:00,1.4001312,-1.5805206,290.4713,101174.8,51.25,6.0
2025-05-18 18:00:00,1.2146606,-1.9189911,289.93335,101187.3,51.25,6.0
2025-05-18 19:00:00,1.4615173,-1.8752136,287.20374,101227.97,51.25,6.0
2025-05-18 20:00:00,1.7721405,-1.9671326,285.77887,101283.14,51.25,6.0
2025-05-18 21:00:00,1.7809296,-2.5686646,284.66724,101301.77,51.25,6.0
2025-05-18 22:00:00,1.2007599,-2.7812958,284.83972,101315.86,51.25,6.0
2025-05-18 23:00:00,0.31097412,-3.4265594,284.17215,101320.836,51.25,6.0
2025-05-19 00:00:00,-1.1141052,-3.4455109,283.6925,101347.52,51.25,6.0
2025-05-19 01:00:00,-2.3545532,-3.0184479,282.90118,101352.33,51.25,6.0
2025-05-19 02:00:00,-3.5627594,-2.6773987,282.4745,101381.47,51.25,6.0
2025-05-19 03:00:00,-4.052597,-2.0487366,281.30725,101387.32,51.25,6.0
2025-05-19 04:00:00,-4.154297,-1.6159668,281.64,101401.58,51.25,6.0
2025-05-19 05:00:00,-4.144638,-1.2622375,282.59833,101449.484,51.25,6.0
2025-05-19 06:00:00,-3.019287,-0.5983887,284.8443,101465.91,51.25,6.0
2025-05-19 07:00:00,-2.2407837,-0.006378174,288.02704,101488.5,51.25,6.0
2025-05-19 08:00:00,-1.8105774,0.21463013,289.5739,101511.87,51.25,6.0
2025-05-19 09:00:00,-1.8780823,-0.4934845,292.15704,101528.98,51.25,6.0
2025-05-19 10:00:00,-2.249527,-0.6312561,292.8545,101513.77,51.25,6.0
2025-05-19 11:00:00,-2.529663,-0.9033661,293.4613,101492.766,51.25,6.0
2025-05-19 12:00:00,-2.7311554,-0.83699036,293.34088,101443.44,51.25,6.0
2025-05-19 13:00:00,-2.9239197,-0.8181305,294.05887,101380.52,51.25,6.0
2025-05-19 14:00:00,-3.14563,-0.9166565,294.6679,101372.836,51.25,6.0
2025-05-19 15:00:00,-3.3850403,-1.1642303,295.02786,101311.875,51.25,6.0
2025-05-19 16:00:00,-3.500183,-1.0475616,295.04425,101278.41,51.25,6.0
2025-05-19 17:00:00,-3.538498,-0.9384308,294.83298,101262.02,51.25,6.0
2025-05-19 18:00:00,-4.004715,-1.4010315,293.84756,101264.49,51.25,6.0
2025-05-19 19:00:00,-4.8427124,-2.0789337,291.83685,101271.14,51.25,6.0
2025-05-19 20:00:00,-5.907303,-2.2024078,289.25244,101301.86,51.25,6.0
2025-05-19 21:00:00,-5.960327,-1.0979156,288.29037,101335.06,51.25,6.0
2025-05-19 22:00:00,-5.507675,-1.0116882,286.91577,101344.44,51.25,6.0
2025-05-19 23:00:00,-4.7049255,-0.386734,285.33453,101321.55,51.25,6.0
2025-05-20 00:00:00,-3.983841,-0.51501465,284.1371,101342.84,51.25,6.0
2025-05-20 01:00:00,-3.8122406,-1.6865997,283.02643,101341.44,51.25,6.0
2025-05-20 02:00:00,-3.7163086,-1.7357483,282.33154,101319.09,51.25,6.0
2025-05-20 03:00:00,-3.2937927,-1.263916,281.15408,101293.95,51.25,6.0
2025-05-20 04:00:00,-2.909134,-1.4259338,280.92786,101301.234,51.25,6.0
2025-05-20 05:00:00,-2.864502,-1.5853271,282.99298,101312.42,51.25,6.0
2025-05-20 06:00:00,-2.392273,-1.3643951,286.1068,101328.05,51.25,6.0
2025-05-20 07:00:00,-1.1183472,-0.7409668,289.24756,101342.3,51.25,6.0
2025-05-20 08:00:00,-0.6362915,-1.0932007,291.6709,101343.57,51.25,6.0
2025-05-20 09:00:00,-0.5336151,-1.9625397,293.164,101336.91,51.25,6.0
2025-05-20 10:00:00,-0.9148407,-2.998001,294.26697,101311.32,51.25,6.0
2025-05-20 11:00:00,-0.9090729,-2.4766388,294.86218,101274.34,51.25,6.0
2025-05-20 12:00:00,-0.66300964,-2.3485107,294.94217,101240.61,51.25,6.0
2025-05-20 13:00:00,-0.39744568,-2.6485138,295.5428,101184.22,51.25,6.0
2025-05-20 14:00:00,0.018005371,-2.9653625,295.6396,101160.54,51.25,6.0
2025-05-20 15:00:00,0.5820465,-3.577835,295.39203,101130.09,51.25,6.0
2025-05-20 16:00:00,1.2068481,-4.2689514,295.1396,101121.36,51.25,6.0
2025-05-20 17:00:00,1.8505554,-5.2830505,294.47424,101103.34,51.25,6.0
2025-05-20 18:00:00,2.6875,-6.0343933,293.33176,101099.09,51.25,6.0
2025-05-20 19:00:00,3.129303,-6.3112335,291.9983,101132.67,51.25,6.0
2025-05-20 20:00:00,2.8603058,-6.1718597,289.67343,101162.41,51.25,6.0
2025-05-20 21:00:00,2.2445068,-6.0223846,287.95166,101202.22,51.25,6.0
2025-05-20 22:00:00,1.2615051,-5.756027,286.1598,101218.125,51.25,6.0
2025-05-20 23:00:00,0.7587738,-4.6870728,283.80164,101166.55,51.25,6.0
2025-05-21 00:00:00,1.1704559,-3.2352753,283.31348,101181.91,51.25,6.0
2025-05-21 01:00:00,1.9514313,-2.7735748,281.1777,101173.234,51.25,6.0
2025-05-21 02:00:00,2.0004272,-2.5199738,281.25183,101131.766,51.25,6.0
2025-05-21 03:00:00,2.1169128,-2.427414,280.71478,101091.734,51.25,6.0
2025-05-21 04:00:00,2.6005402,-2.308426,279.8498,101098.17,51.25,6.0
2025-05-21 05:00:00,2.8194885,-1.9928284,281.86804,101053.52,51.25,6.0
2025-05-21 06:00:00,2.0835266,-0.89971924,283.79868,101072.08,51.25,6.0
2025-05-21 07:00:00,1.9226685,-0.60324097,285.74017,101064.89,51.25,6.0
2025-05-21 08:00:00,2.092987,-0.9436188,288.9544,101050.86,51.25,6.0
2025-05-21 09:00:00,2.6130676,-1.356247,289.92914,101006.34,51.25,6.0
2025-05-21 10:00:00,2.4843292,-1.013794,291.97723,101026.03,51.25,6.0
2025-05-21 11:00:00,3.2141876,-0.6127167,292.58856,100991.484,51.25,6.0
2025-05-21 12:00:00,4.243988,-1.7375946,293.43295,100920.55,51.25,6.0
2025-05-21 13:00:00,4.621414,-2.8134308,293.4732,100864.79,51.25,6.0
2025-05-21 14:00:00,4.8988953,-3.612381,292.93134,100815.39,51.25,6.0
2025-05-21 15:00:00,4.8152924,-3.8851929,293.48642,100768.88,51.25,6.0
2025-05-21 16:00:00,4.7192535,-4.3484344,292.11148,100741.625,51.25,6.0
2025-05-21 17:00:00,4.2961884,-4.7398376,291.09424,100710.66,51.25,6.0
2025-05-21 18:00:00,3.5608215,-5.1483154,289.52924,100741.2,51.25,6.0
2025-05-21 19:00:00,2.9498596,-5.8025208,287.4753,100772.516,51.25,6.0
2025-05-21 20:00:00,2.5334473,-6.198654,285.74738,100824.555,51.25,6.0
2025-05-21 21:00:00,2.176529,-6.1660156,284.42664,100856.85,51.25,6.0
2025-05-21 22:00:00,2.3107758,-4.6015167,282.6635,100863.76,51.25,6.0
2025-05-21 23:00:00,2.8751984,-3.431427,281.40482,100879.88,51.25,6.0
2025-05-22 00:00:00,3.6183014,-3.593979,281.78705,100878.984,51.25,6.0
2025-05-22 01:00:00,3.7842712,-3.9332428,281.70886,100880.39,51.25,6.0
2025-05-22 02:00:00,3.4276428,-4.422409,280.94464,100886.08,51.25,6.0
2025-05-22 03:00:00,3.0192108,-4.609329,280.4992,100876.875,51.25,6.0
2025-05-22 04:00:00,2.9969788,-4.0876007,280.29608,100867.95,51.25,6.0
2025-05-22 05:00:00,3.3308105,-3.366455,281.5505,100893.74,51.25,6.0
2025-05-22 06:00:00,3.350998,-3.321762,282.87897,100944.266,51.25,6.0
2025-05-22 07:00:00,3.5521393,-4.9358826,284.61066,100972.39,51.25,6.0
2025-05-22 08:00:00,3.6963654,-4.5160675,284.71826,100998.59,51.25,6.0
2025-05-22 09:00:00,4.298477,-4.3208923,285.28024,100993.81,51.25,6.0
2025-05-22 10:00:00,4.168747,-4.6786194,286.0131,101026.03,51.25,6.0
2025-05-22 11:00:00,4.639511,-4.7722626,287.42627,101020.12,51.25,6.0
2025-05-22 12:00:00,5.197235,-5.070816,287.91953,101018.85,51.25,6.0
2025-05-22 13:00:00,5.568741,-5.2078705,288.41492,101020.34,51.25,6.0
2025-05-22 14:00:00,5.570755,-5.4542847,288.98242,101009.78,51.25,6.0
2025-05-22 15:00:00,5.427185,-6.0345,288.55096,101036.55,51.25,6.0
2025-05-22 16:00:00,5.072754,-6.246277,288.32404,101081.55,51.25,6.0
2025-05-22 17:00:00,4.635025,-6.149292,287.69482,101087.266,51.25,6.0
2025-05-22 18:00:00,4.33667,-6.0378876,286.41315,101123.484,51.25,6.0
2025-05-22 19:00:00,4.131714,-5.821594,284.9812,101179.07,51.25,6.0
2025-05-22 20:00:00,4.0655212,-5.2658386,283.37802,101244.66,51.25,6.0
2025-05-22 21:00:00,4.0532227,-4.5498657,281.98364,101258.91,51.25,6.0
2025-05-22 22:00:00,3.9127045,-3.1253357,279.99225,101262.67,51.25,6.0
2025-05-22 23:00:00,4.612625,-2.2819366,279.14496,101264.516,51.25,6.0
2025-05-23 00:00:00,5.1566925,-1.7277527,278.51093,101254.72,51.25,6.0
2025-05-23 01:00:00,5.6535187,-1.4056854,278.5357,101223.16,51.25,6.0
2025-05-23 02:00:00,6.0375366,-1.0509186,278.32816,101196.805,51.25,6.0
2025-05-23 03:00:00,6.178711,-1.0038757,278.31458,101199.61,51.25,6.0
2025-05-23 04:00:00,6.0504303,-0.8668518,278.4297,101203.05,51.25,6.0
2025-05-23 05:00:00,5.7822266,-0.20367432,279.4932,101208.81,51.25,6.0
2025-05-23 06:00:00,5.2904663,-0.095718384,281.4558,101238.19,51.25,6.0
2025-05-23 07:00:00,5.5633545,-2.1638184,282.96783,101253.58,51.25,6.0
2025-05-23 08:00:00,5.7020264,-3.223816,283.97168,101253.164,51.25,6.0
2025-05-23 09:00:00,6.1570435,-3.1979218,284.53864,101243.555,51.25,6.0
2025-05-23 10:00:00,5.373886,-1.8998108,285.36255,101267.59,51.25,6.0
2025-05-23 11:00:00,5.834503,-1.5268402,286.4864,101268.33,51.25,6.0
2025-05-23 12:00:00,6.4637604,-1.2719879,287.0627,101244.58,51.25,6.0
2025-05-23 13:00:00,7.256912,-2.073639,287.33093,101238.97,51.25,6.0
2025-05-23 14:00:00,7.8098755,-3.0696716,287.22784,101242.13,51.25,6.0
2025-05-23 15:00:00,8.06636,-3.8035126,287.82214,101233.4,51.25,6.0
2025-05-23 16:00:00,7.7188416,-4.3733063,287.67044,101242.195,51.25,6.0
2025-05-23 17:00:00,7.0163116,-4.2466125,287.2768,101274.875,51.25,6.0
2025-05-23 18:00:00,6.4543457,-3.8608856,286.60974,101290.375,51.25,6.0
2025-05-23 19:00:00,5.268585,-2.8893433,285.25482,101338.39,51.25,6.0
2025-05-23 20:00:00,4.5557556,-2.0461273,283.36768,101375.78,51.25,6.0
2025-05-23 21:00:00,4.8503723,-1.3273163,280.89447,101384.125,51.25,6.0
2025-05-23 22:00:00,4.995758,-0.4625702,278.47278,101387.65,51.25,6.0
2025-05-23 23:00:00,3.9980469,1.4116669,277.37762,101361.31,51.25,6.0
2025-05-24 00:00:00,3.45401,3.9587708,278.13184,101318.45,51.25,6.0
2025-05-24 01:00:00,3.954361,5.414749,279.23328,101283.234,51.25,6.0
2025-05-24 02:00:00,4.7596893,6.1368866,279.83197,101223.16,51.25,6.0
2025-05-24 03:00:00,5.182617,6.372238,280.01535,101165.2,51.25,6.0
2025-05-24 04:00:00,5.2183228,6.826233,281.29797,101126.984,51.25,6.0
2025-05-24 05:00:00,5.193695,7.0334625,282.73346,101084.516,51.25,6.0
2025-05-24 06:00:00,5.580826,7.139282,284.28125,101070.09,51.25,6.0
2025-05-24 07:00:00,5.6256256,6.5677795,285.89728,101049.34,51.25,6.0
2025-05-24 08:00:00,6.5584564,6.6831512,286.1588,101025.375,51.25,6.0
2025-05-24 09:00:00,6.680664,6.8157043,287.1093,101014.58,51.25,6.0
2025-05-24 10:00:00,5.1589813,5.830185,287.982,100981.336,51.25,6.0
2025-05-24 11:00:00,5.8426056,6.225647,288.36322,100962.12,51.25,6.0
2025-05-24 12:00:00,6.055084,6.6752167,287.489,100938.94,51.25,6.0
2025-05-24 13:00:00,4.7830963,8.192078,286.41724,100936.984,51.25,6.0
2025-05-24 14:00:00,3.887024,9.258713,285.79034,100897.61,51.25,6.0
2025-05-24 15:00:00,4.4016876,9.600632,284.44333,100872.25,51.25,6.0
2025-05-24 16:00:00,4.719696,8.8828125,284.5871,100839.36,51.25,6.0
2025-05-24 17:00:00,5.0406647,7.5588226,284.74915,100788.305,51.25,6.0
2025-05-24 18:00:00,5.566925,6.679077,285.28345,100759.875,51.25,6.0
2025-05-24 19:00:00,6.1350403,6.165207,285.87784,100746.05,51.25,6.0
2025-05-24 20:00:00,6.51915,5.7705994,286.38126,100752.78,51.25,6.0
2025-05-24 21:00:00,6.632126,5.5531616,286.68915,100743.41,51.25,6.0
2025-05-24 22:00:00,5.7197266,5.0263367,286.8122,100730.41,51.25,6.0
2025-05-24 23:00:00,6.6480865,4.977783,287.0781,100700.85,51.25,6.0
2025-05-25 00:00:00,7.5775604,4.7016754,287.365,100677.83,51.25,6.0
2025-05-25 01:00:00,7.5409546,4.671829,287.42505,100641.99,51.25,6.0
2025-05-25 02:00:00,7.0917664,4.9666595,287.5014,100611.34,51.25,6.0
2025-05-25 03:00:00,6.5566254,5.4717255,287.5819,100565.766,51.25,6.0
2025-05-25 04:00:00,6.432785,5.861725,287.79578,100529.42,51.25,6.0
2025-05-25 05:00:00,6.6559296,5.592148,287.8852,100502.1,51.25,6.0
2025-05-25 06:00:00,6.716507,5.825638,288.1162,100507.61,51.25,6.0
2025-05-25 07:00:00,7.718155,6.1080475,288.48083,100482.945,51.25,6.0
2025-05-25 08:00:00,8.75975,5.9556274,288.70856,100479.61,51.25,6.0
2025-05-25 09:00:00,9.053879,5.8144073,289.04065,100470.34,51.25,6.0
2025-05-25 10:00:00,6.014038,5.160675,289.51544,100450.234,51.25,6.0
2025-05-25 11:00:00,6.2236633,5.8898926,291.2839,100424.78,51.25,6.0
2025-05-25 12:00:00,6.827469,6.1457367,292.19827,100399.66,51.25,6.0
2025-05-25 13:00:00,7.326248,4.963196,293.09888,100402.22,51.25,6.0
2025-05-25 14:00:00,8.609375,4.086914,292.8412,100425.016,51.25,6.0
2025-05-25 15:00:00,8.684784,2.4509583,292.03314,100461.09,51.25,6.0
2025-05-25 16:00:00,8.176422,1.7049408,292.63086,100495.266,51.25,6.0
2025-05-25 17:00:00,8.10614,0.104278564,291.5155,100526.13,51.25,6.0
2025-05-25 18:00:00,7.397629,-1.3227997,290.51904,100607.86,51.25,6.0
2025-05-25 19:00:00,6.3453827,-1.5268097,289.49393,100678.0,51.25,6.0
2025-05-25 20:00:00,5.6243896,-0.99876404,288.80157,100748.766,51.25,6.0
2025-05-25 21:00:00,5.2007904,0.25445557,287.64587,100801.77,51.25,6.0
2025-05-25 22:00:00,4.835968,2.3279572,286.9912,100852.54,51.25,6.0
2025-05-25 23:00:00,5.7385406,2.7950745,286.7118,100868.41,51.25,6.0
2025-05-26 00:00:00,6.0367126,3.0683136,286.47577,100883.41,51.25,6.0
2025-05-26 01:00:00,6.3164825,3.6964874,285.54016,100898.97,51.25,6.0
2025-05-26 02:00:00,6.548645,4.115265,285.35312,100952.125,51.25,6.0
2025-05-26 03:00:00,6.5324097,4.005142,285.0704,100962.69,51.25,6.0
2025-05-26 04:00:00,6.6634216,3.7845612,284.84576,100994.94,51.25,6.0
2025-05-26 05:00:00,6.71875,3.4064941,284.9956,101056.59,51.25,6.0
2025-05-26 06:00:00,6.2333527,3.0252686,285.8164,101110.625,51.25,6.0
2025-05-26 07:00:00,7.491455,2.0457306,287.63818,101152.8,51.25,6.0
2025-05-26 08:00:00,7.2707825,2.3978577,288.30377,101192.09,51.25,6.0
2025-05-26 09:00:00,7.5992737,2.4702911,289.07178,101212.78,51.25,6.0
2025-05-26 10:00:00,6.4247437,2.1535492,290.17224,101262.23,51.25,6.0
2025-05-26 11:00:00,6.820923,2.023941,290.1421,101249.555,51.25,6.0
2025-05-26 12:00:00,7.287674,2.3034363,290.6424,101243.28,51.25,6.0
2025-05-26 13:00:00,7.514557,2.5061646,291.6855,101268.22,51.25,6.0
2025-05-26 14:00:00,7.6948395,2.5544434,291.29523,101255.19,51.25,6.0
2025-05-26 15:00:00,7.9417114,2.433075,291.36182,101257.46,51.25,6.0
2025-05-26 16:00:00,7.8775635,2.0224915,291.27417,101261.49,51.25,6.0
2025-05-26 17:00:00,7.0656586,1.657959,290.96826,101247.75,51.25,6.0
2025-05-26 18:00:00,6.0742493,2.1487122,290.4984,101251.8,51.25,6.0
2025-05-26 19:00:00,5.669098,2.6681366,289.77094,101258.3,51.25,6.0
2025-05-26 20:00:00,5.513626,3.359665,288.78094,101283.99,51.25,6.0
2025-05-26 21:00:00,5.6451874,4.170639,288.17023,101296.39,51.25,6.0
2025-05-26 22:00:00,6.4470367,4.768112,287.94974,101284.47,51.25,6.0
2025-05-26 23:00:00,6.489731,4.8262024,287.46124,101263.47,51.25,6.0
2025-05-27 00:00:00,6.452118,4.6511993,287.49493,101237.86,51.25,6.0
2025-05-27 01:00:00,6.0651093,4.7758026,287.1989,101224.516,51.25,6.0
2025-05-27 02:00:00,5.51239,5.3937683,286.49518,101188.26,51.25,6.0
2025-05-27 03:00:00,5.5485535,6.4986877,286.3899,101161.33,51.25,6.0
2025-05-27 04:00:00,4.972061,7.3828583,285.71368,101113.38,51.25,6.0
2025-05-27 05:00:00,4.575821,7.6178436,286.0944,101100.87,51.25,6.0
2025-05-27 06:00:00,5.0699005,7.6536255,286.7307,101096.29,51.25,6.0
2025-05-27 07:00:00,5.9125366,7.535675,287.27335,101107.266,51.25,6.0
2025-05-27 08:00:00,6.3695526,7.5108643,287.42792,101118.0,51.25,6.0
2025-05-27 09:00:00,6.9003296,7.6504974,288.24722,101138.42,51.25,6.0
2025-05-27 10:00:00,5.6131134,6.2108307,288.1148,101171.22,51.25,6.0
2025-05-27 11:00:00,6.7032776,7.192581,288.88873,101165.94,51.25,6.0
2025-05-27 12:00:00,7.1695404,7.9469147,289.47864,101128.45,51.25,6.0
2025-05-27 13:00:00,8.332748,8.103424,290.45905,101112.56,51.25,6.0
2025-05-27 14:00:00,8.276367,7.713333,289.8745,101108.64,51.25,6.0
2025-05-27 15:00:00,7.0653687,7.4640045,289.4178,101083.34,51.25,6.0
2025-05-27 16:00:00,6.333069,9.207306,288.17224,101020.06,51.25,6.0
2025-05-27 17:00:00,6.2814484,10.694626,287.98682,100951.05,51.25,6.0
2025-05-27 18:00:00,6.85318,10.479462,288.17133,100886.875,51.25,6.0
2025-05-27 19:00:00,7.7465515,8.834839,288.12012,100871.766,51.25,6.0
2025-05-27 20:00:00,8.4832,8.216614,288.1985,100869.28,51.25,6.0
2025-05-27 21:00:00,9.11557,8.1462555,288.3921,100843.15,51.25,6.0
2025-05-27 22:00:00,9.620697,5.318329,288.2691,100812.58,51.25,6.0
2025-05-27 23:00:00,8.981079,5.328125,288.22,100808.586,51.25,6.0
2025-05-28 00:00:00,8.843063,5.515808,287.88794,100789.09,51.25,6.0
2025-05-28 01:00:00,8.995163,5.3643646,287.52496,100768.14,51.25,6.0
2025-05-28 02:00:00,9.149643,5.222992,287.41766,100753.95,51.25,6.0
2025-05-28 03:00:00,9.106506,4.573242,287.48077,100716.125,51.25,6.0
2025-05-28 04:00:00,9.280518,4.345581,287.32098,100719.25,51.25,6.0
2025-05-28 05:00:00,8.923401,4.55542,287.42596,100754.734,51.25,6.0
2025-05-28 06:00:00,9.860336,4.2854156,287.8415,100760.125,51.25,6.0
2025-05-28 07:00:00,9.573273,4.03743,288.17218,100799.86,51.25,6.0
2025-05-28 08:00:00,10.717834,3.9681244,288.85648,100836.34,51.25,6.0
2025-05-28 09:00:00,11.879562,3.6557465,289.55045,100877.25,51.25,6.0
2025-05-28 10:00:00,7.6723175,2.496704,290.50903,100837.27,51.25,6.0
2025-05-28 11:00:00,10.06073,2.2767944,291.4465,100811.51,51.25,6.0
2025-05-28 12:00:00,10.360596,0.40182495,292.1928,100850.81,51.25,6.0
2025-05-28 13:00:00,9.801926,-0.56648254,291.56763,100909.664,51.25,6.0
2025-05-28 14:00:00,9.368668,-0.5300598,290.86615,100972.02,51.25,6.0
2025-05-28 15:00:00,9.84433,-2.666214,291.64026,101026.625,51.25,6.0
2025-05-28 16:00:00,9.655838,-4.5438995,291.42377,101084.484,51.25,6.0
2025-05-28 17:00:00,7.819977,-5.193039,290.5792,101181.11,51.25,6.0
2025-05-28 18:00:00,5.1712494,-5.2780914,290.02728,101273.79,51.25,6.0
2025-05-28 19:00:00,3.9559326,-4.752243,289.03796,101381.92,51.25,6.0
2025-05-28 20:00:00,3.455536,-4.2536926,287.59573,101498.86,51.25,6.0
2025-05-28 21:00:00,3.0200043,-3.5977325,285.75967,101555.75,51.25,6.0
2025-05-28 22:00:00,1.815155,-3.1283722,284.02045,101598.22,51.25,6.0
2025-05-28 23:00:00,2.194336,-2.6125183,283.27222,101628.57,51.25,6.0
2025-05-29 00:00:00,1.9098511,-1.9551849,282.3767,101631.09,51.25,6.0
2025-05-29 01:00:00,2.0256805,-1.4901428,281.92377,101676.53,51.25,6.0
2025-05-29 02:00:00,1.7945099,0.19410706,281.6807,101671.78,51.25,6.0
2025-05-29 03:00:00,2.3522186,1.6946106,281.4676,101684.78,51.25,6.0
2025-05-29 04:00:00,2.5664062,2.5782013,281.92252,101725.79,51.25,6.0
2025-05-29 05:00:00,2.615631,3.308136,283.54956,101713.36,51.25,6.0
2025-05-29 06:00:00,1.4822845,3.0578003,285.44855,101715.5,51.25,6.0
2025-05-29 07:00:00,1.718216,3.0643768,287.37744,101732.03,51.25,6.0
2025-05-29 08:00:00,2.9424133,4.466522,288.1085,101731.36,51.25,6.0
2025-05-29 09:00:00,3.7195435,4.8634186,288.7151,101725.734,51.25,6.0
2025-05-29 10:00:00,3.2946014,4.056595,289.06058,101710.55,51.25,6.0
2025-05-29 11:00:00,3.8274536,4.592911,289.8482,101692.97,51.25,6.0
2025-05-29 12:00:00,4.6265106,5.0921326,290.1472,101650.164,51.25,6.0
2025-05-29 13:00:00,6.117676,6.096634,290.67938,101614.875,51.25,6.0
2025-05-29 14:00:00,8.81665,6.5723267,291.39844,101569.86,51.25,6.0
2025-05-29 15:00:00,8.912186,5.8408966,292.08295,101546.875,51.25,6.0
2025-05-29 16:00:00,8.60495,4.511307,291.75684,101535.125,51.25,6.0
2025-05-29 17:00:00,7.9554443,3.8939362,291.96466,101506.39,51.25,6.0
2025-05-29 18:00:00,7.328232,3.574356,291.89594,101514.29,51.25,6.0
2025-05-29 19:00:00,6.76416,3.613144,291.71512,101510.0,51.25,6.0
2025-05-29 20:00:00,6.630127,3.7240448,291.24673,101539.414,51.25,6.0
2025-05-29 21:00:00,6.6752777,3.678421,290.56174,101545.42,51.25,6.0
2025-05-29 22:00:00,7.394638,3.0001373,289.6156,101556.28,51.25,6.0
2025-05-29 23:00:00,7.571396,2.4636688,289.6031,101562.24,51.25,6.0
2025-05-30 00:00:00,7.4413147,2.5657654,288.9166,101566.51,51.25,6.0
2025-05-30 01:00:00,7.1420593,2.7328644,288.1941,101554.766,51.25,6.0
2025-05-30 02:00:00,6.5563507,3.0354614,288.02502,101556.19,51.25,6.0
2025-05-30 03:00:00,6.053177,3.7559204,287.20593,101546.7,51.25,6.0
2025-05-30 04:00:00,5.7919006,4.296097,287.46536,101551.67,51.25,6.0
2025-05-30 05:00:00,5.772583,3.9880676,288.16125,101562.516,51.25,6.0
2025-05-30 06:00:00,5.033371,3.6300201,289.55396,101579.375,51.25,6.0
2025-05-30 07:00:00,6.5273438,3.2213593,290.8568,101579.58,51.25,6.0
2025-05-30 08:00:00,6.6009827,2.7021637,292.9003,101590.09,51.25,6.0
2025-05-30 09:00:00,7.0452576,2.3840637,293.61743,101564.234,51.25,6.0
2025-05-30 10:00:00,5.920212,2.4114685,294.41748,101549.3,51.25,6.0
2025-05-30 11:00:00,6.264496,2.4429474,295.2611,101536.72,51.25,6.0
2025-05-30 12:00:00,5.901535,2.2715912,296.72876,101514.39,51.25,6.0
2025-05-30 13:00:00,5.6588593,2.3135376,296.884,101499.87,51.25,6.0
2025-05-30 14:00:00,5.274994,2.4606628,297.6761,101458.14,51.25,6.0
2025-05-30 15:00:00,5.3168488,2.4506073,298.16208,101408.16,51.25,6.0
2025-05-30 16:00:00,5.6328278,2.0337982,298.28937,101391.91,51.25,6.0
2025-05-30 17:00:00,5.2805176,0.71943665,298.59937,101388.83,51.25,6.0
2025-05-30 18:00:00,4.472763,-0.40148926,297.6399,101383.61,51.25,6.0
2025-05-30 19:00:00,3.2995148,-2.1933289,295.61993,101370.88,51.25,6.0
2025-05-30 20:00:00,1.7796326,-3.9788666,292.22675,101406.71,51.25,6.0
2025-05-30 21:00:00,0.36808777,-3.9438324,290.97266,101413.69,51.25,6.0
2025-05-30 22:00:00,0.12661743,-2.2958221,289.13547,101402.17,51.25,6.0
2025-05-30 23:00:00,-0.09765625,-2.018219,287.83276,101406.31,51.25,6.0
2025-05-31 00:00:00,-0.17320251,-1.7989044,287.9497,101362.66,51.25,6.0
2025-05-31 01:00:00,0.05970764,-1.7441101,287.30188,101352.43,51.25,6.0
2025-05-31 02:00:00,0.48120117,-1.8061829,287.96057,101348.49,51.25,6.0
2025-05-31 03:00:00,0.6175842,-1.9437866,287.7138,101328.59,51.25,6.0
2025-05-31 04:00:00,0.24163818,-2.3175812,288.25513,101350.34,51.25,6.0
2025-05-31 05:00:00,-0.35668945,-1.9375305,288.0299,101339.62,51.25,6.0
2025-05-31 06:00:00,-0.44683838,-1.0805969,289.95813,101341.53,51.25,6.0
2025-05-31 07:00:00,-0.08294678,-0.16386414,292.66986,101347.09,51.25,6.0
2025-05-31 08:00:00,0.10731506,0.2273407,294.92096,101340.125,51.25,6.0
2025-05-31 09:00:00,0.3555298,0.6800537,296.7269,101316.66,51.25,6.0
2025-05-31 10:00:00,-0.50112915,-0.40455627,297.87073,101295.08,51.25,6.0
2025-05-31 11:00:00,0.3238678,-0.06678772,299.41183,101215.016,51.25,6.0
2025-05-31 12:00:00,1.9055176,1.3576965,298.8755,101202.78,51.25,6.0
2025-05-31 13:00:00,2.15773,2.068283,298.79483,101187.59,51.25,6.0
2025-05-31 14:00:00,2.0266113,2.0414734,299.48624,101156.45,51.25,6.0
2025-05-31 15:00:00,1.7723236,2.0743866,299.2096,101102.93,51.25,6.0
2025-05-31 16:00:00,1.1594391,2.9304047,298.7729,101077.94,51.25,6.0
2025-05-31 17:00:00,0.9681244,4.3177643,297.83215,101082.06,51.25,6.0
2025-05-31 18:00:00,-0.004623413,4.0881195,296.7246,100995.33,51.25,6.0
2025-05-31 19:00:00,-0.21148682,5.0299683,294.9771,100966.78,51.25,6.0
2025-05-31 20:00:00,0.60702515,5.786957,292.2042,100968.836,51.25,6.0
2025-05-31 21:00:00,2.760498,6.398941,291.83307,100986.63,51.25,6.0
2025-05-31 22:00:00,-0.5765686,2.609253,292.73724,100959.695,51.25,6.0
2025-05-31 23:00:00,0.62576294,3.5144806,292.3692,100944.7,51.25,6.0
2025-06-01 00:00:00,0.84439087,3.6264038,291.8544,100895.32,51.25,6.0
2025-06-01 01:00:00,3.1858368,2.7494354,291.28253,100894.81,51.25,6.0
2025-06-01 02:00:00,4.1588745,2.3321075,290.1576,100902.75,51.25,6.0
2025-06-01 03:00:00,4.7585144,2.8802185,289.74188,100885.28,51.25,6.0
2025-06-01 04:00:00,6.2173004,2.614685,289.7617,100911.47,51.25,6.0
2025-06-01 05:00:00,6.5783234,2.4200745,289.86063,100911.67,51.25,6.0
2025-06-01 06:00:00,5.969208,1.8911896,290.0249,100903.75,51.25,6.0
2025-06-01 07:00:00,6.1137695,2.6327667,290.18787,100931.28,51.25,6.0
2025-06-01 08:00:00,6.1755524,3.3068542,290.70206,100956.266,51.25,6.0
2025-06-01 09:00:00,5.9744415,2.9072876,291.26935,100947.44,51.25,6.0
2025-06-01 10:00:00,5.8394165,1.6419983,292.31815,100927.49,51.25,6.0
2025-06-01 11:00:00,6.6158447,1.5361328,292.24408,100906.73,51.25,6.0
2025-06-01 12:00:00,6.9461517,1.6530304,293.34906,100926.055,51.25,6.0
2025-06-01 13:00:00,7.249237,2.0140839,293.25974,100938.96,51.25,6.0
2025-06-01 14:00:00,7.318039,1.7882996,293.35712,100927.055,51.25,6.0
2025-06-01 15:00:00,7.0572968,1.3110504,293.8346,100890.555,51.25,6.0
2025-06-01 16:00:00,6.843445,1.0181122,293.76932,100896.21,51.25,6.0
2025-06-01 17:00:00,6.097122,0.92155457,293.5017,100901.125,51.25,6.0
2025-06-01 18:00:00,5.5833893,1.0364685,292.83603,100884.68,51.25,6.0
2025-06-01 19:00:00,5.324875,0.87138367,291.96713,100909.97,51.25,6.0
2025-06-01 20:00:00,5.2990723,0.90678406,290.7039,100943.875,51.25,6.0
2025-06-01 21:00:00,5.505478,0.8957825,289.6551,100989.22,51.25,6.0
2025-06-01 22:00:00,6.320694,1.5929718,288.71182,101008.83,51.25,6.0
2025-06-01 23:00:00,6.178879,1.2469635,287.48373,101001.0,51.25,6.0
2025-06-02 00:00:00,6.164032,1.5621796,287.17932,101013.75,51.25,6.0
2025-06-02 01:00:00,5.7526093,2.144638,286.34467,101009.016,51.25,6.0
2025-06-02 02:00:00,5.4597626,2.6358032,285.06665,100996.055,51.25,6.0
2025-06-02 03:00:00,5.337509,3.3335114,284.9857,101029.61,51.25,6.0
2025-06-02 04:00:00,5.218445,3.1983337,284.9406,101044.2,51.25,6.0
2025-06-02 05:00:00,5.217163,3.7223206,285.1983,101077.15,51.25,6.0
2025-06-02 06:00:00,4.7374725,3.3674927,286.43732,101100.484,51.25,6.0
2025-06-02 07:00:00,5.2438507,2.7212524,287.53497,101130.695,51.25,6.0
2025-06-02 08:00:00,4.835327,2.5254822,288.96313,101138.58,51.25,6.0
2025-06-02 09:00:00,4.4838104,2.4662323,291.31067,101169.8,51.25,6.0
2025-06-02 10:00:00,4.436905,1.7949524,291.14618,101158.06,51.25,6.0
2025-06-02 11:00:00,4.84079,1.2394257,292.73276,101160.07,51.25,6.0
2025-06-02 12:00:00,5.02034,0.10801697,292.30273,101117.63,51.25,6.0
2025-06-02 13:00:00,5.471466,-0.90231323,291.6901,101118.984,51.25,6.0
2025-06-02 14:00:00,5.060364,-1.9293671,292.707,101161.49,51.25,6.0
2025-06-02 15:00:00,3.5067291,-2.141632,293.04572,101139.56,51.25,6.0
2025-06-02 16:00:00,3.1249237,-1.9133148,292.41803,101127.766,51.25,6.0
2025-06-02 17:00:00,2.8803864,-2.0024414,292.1721,101107.39,51.25,6.0
2025-06-02 18:00:00,2.4709473,-1.7779083,291.4564,101120.62,51.25,6.0
2025-06-02 19:00:00,2.199234,-1.7745514,290.18854,101144.83,51.25,6.0
2025-06-02 20:00:00,1.8848877,-2.0286407,286.76025,101180.9,51.25,6.0
2025-06-02 21:00:00,1.6197815,-2.0264587,285.11108,101194.37,51.25,6.0
2025-06-02 22:00:00,-0.9637451,-2.710907,284.43604,101171.49,51.25,6.0
2025-06-02 23:00:00,-2.384079,-0.83973694,284.8725,101142.5,51.25,6.0
2025-06-03 00:00:00,-3.2094574,1.4937286,284.40277,101082.83,51.25,6.0
2025-06-03 01:00:00,-3.0968628,3.5093384,282.43546,101048.0,51.25,6.0
2025-06-03 02:00:00,-2.23349,5.2056885,281.85718,100980.16,51.25,6.0
2025-06-03 03:00:00,-1.1528931,6.115204,282.40967,100931.09,51.25,6.0
2025-06-03 04:00:00,-0.26689148,6.317993,282.25867,100913.87,51.25,6.0
2025-06-03 05:00:00,0.03640747,5.9510193,284.21655,100884.08,51.25,6.0
2025-06-03 06:00:00,0.052108765,5.333542,287.05603,100848.39,51.25,6.0
2025-06-03 07:00:00,-0.08099365,4.141144,290.24695,100819.69,51.25,6.0
2025-06-03 08:00:00,0.10319519,4.292206,292.4633,100764.66,51.25,6.0
2025-06-03 09:00:00,1.3453674,5.7043457,293.14664,100713.195,51.25,6.0
2025-06-03 10:00:00,3.7675476,6.1735992,294.6626,100670.56,51.25,6.0
2025-06-03 11:00:00,4.6632385,7.0097504,294.8745,100647.2,51.25,6.0
2025-06-03 12:00:00,4.9752197,6.7477264,296.72534,100580.33,51.25,6.0
2025-06-03 13:00:00,5.2364197,6.2996826,297.38535,100518.09,51.25,6.0
2025-06-03 14:00:00,5.5127106,6.6804657,297.72992,100453.94,51.25,6.0
2025-06-03 15:00:00,5.6651154,5.602783,297.25238,100419.56,51.25,6.0
2025-06-03 16:00:00,5.5195312,4.9035797,296.87457,100367.086,51.25,6.0
2025-06-03 17:00:00,5.1342926,4.1553802,296.0271,100328.6,51.25,6.0
2025-06-03 18:00:00,4.4207764,3.656723,295.04108,100310.2,51.25,6.0
2025-06-03 19:00:00,3.5658722,3.71109,293.78412,100288.94,51.25,6.0
2025-06-03 20:00:00,3.292801,3.803238,290.67294,100342.59,51.25,6.0
2025-06-03 21:00:00,4.255005,2.4919128,290.14087,100364.31,51.25,6.0
2025-06-03 22:00:00,4.720001,0.3484497,288.51825,100383.36,51.25,6.0
2025-06-03 23:00:00,3.4345398,0.6348877,288.68195,100366.52,51.25,6.0
2025-06-04 00:00:00,1.6760712,2.3803864,288.77933,100311.63,51.25,6.0
2025-06-04 01:00:00,0.23660278,5.506378,286.5637,100307.34,51.25,6.0
2025-06-04 02:00:00,-0.061416626,6.3417664,286.25253,100230.22,51.25,6.0
2025-06-04 03:00:00,1.0003662,7.191025,286.91833,100226.7,51.25,6.0
2025-06-04 04:00:00,3.2165527,6.7220306,287.50012,100222.45,51.25,6.0
2025-06-04 05:00:00,4.53302,5.637863,288.2036,100227.21,51.25,6.0
2025-06-04 06:00:00,4.436081,4.605545,289.1093,100253.77,51.25,6.0
2025-06-04 07:00:00,4.5220184,3.7197876,290.35007,100254.7,51.25,6.0
2025-06-04 08:00:00,5.2968903,3.9686584,290.3769,100257.445,51.25,6.0
2025-06-04 09:00:00,5.949112,4.6560974,291.1021,100267.14,51.25,6.0
2025-06-04 10:00:00,6.126343,3.0941925,290.35846,100308.695,51.25,6.0
2025-06-04 11:00:00,5.976486,1.7827606,290.42676,100326.93,51.25,6.0
2025-06-04 12:00:00,5.376236,1.6682281,290.31723,100287.1,51.25,6.0
2025-06-04 13:00:00,6.061447,2.4430237,290.5594,100275.0,51.25,6.0
2025-06-04 14:00:00,5.966797,2.7518616,290.97864,100295.8,51.25,6.0
2025-06-04 15:00:00,6.0177155,3.3392944,291.04388,100289.805,51.25,6.0
2025-06-04 16:00:00,6.2114563,2.9765778,291.0954,100275.734,51.25,6.0
2025-06-04 17:00:00,6.0115814,2.5849,291.14282,100286.95,51.25,6.0
2025-06-04 18:00:00,5.071457,2.3033142,290.86563,100300.22,51.25,6.0
2025-06-04 19:00:00,4.3589325,2.520462,290.261,100327.94,51.25,6.0
2025-06-04 20:00:00,3.986618,3.0868073,289.19385,100392.45,51.25,6.0
2025-06-04 21:00:00,3.7926483,3.915741,287.79926,100433.06,51.25,6.0
2025-06-04 22:00:00,3.882553,3.7074127,287.0437,100454.85,51.25,6.0
2025-06-04 23:00:00,3.8734589,4.4886627,286.37817,100450.016,51.25,6.0
2025-06-05 00:00:00,3.7657776,4.912018,286.01132,100453.31,51.25,6.0
2025-06-05 01:00:00,3.9703217,5.197113,285.61426,100469.39,51.25,6.0
2025-06-05 02:00:00,3.8122406,5.016632,285.51392,100460.78,51.25,6.0
2025-06-05 03:00:00,3.344986,5.247116,285.50952,100463.36,51.25,6.0
2025-06-05 04:00:00,2.5689697,5.6172333,285.60437,100467.53,51.25,6.0
2025-06-05 05:00:00,1.594223,5.825287,286.7496,100452.195,51.25,6.0
2025-06-05 06:00:00,1.4812164,6.354965,287.55576,100444.86,51.25,6.0
2025-06-05 07:00:00,2.6374512,6.437454,288.56964,100435.33,51.25,6.0
2025-06-05 08:00:00,4.057083,6.6542816,290.02142,100421.75,51.25,6.0
2025-06-05 09:00:00,3.9697723,6.6293793,290.35745,100394.41,51.25,6.0
2025-06-05 10:00:00,3.8728943,7.2788086,291.51556,100400.37,51.25,6.0
2025-06-05 11:00:00,4.692566,8.484146,291.8695,100377.59,51.25,6.0
2025-06-05 12:00:00,5.6937866,6.9981537,289.38284,100394.71,51.25,6.0
2025-06-05 13:00:00,4.894043,6.250885,290.31384,100360.86,51.25,6.0
2025-06-05 14:00:00,5.276993,6.0935516,291.28986,100340.836,51.25,6.0
2025-06-05 15:00:00,4.607193,6.559204,291.34854,100323.23,51.25,6.0
2025-06-05 16:00:00,2.8126678,5.5265045,291.21222,100282.98,51.25,6.0
2025-06-05 17:00:00,4.32283,6.937866,291.31378,100236.625,51.25,6.0
2025-06-05 18:00:00,4.0082703,7.1876373,290.00275,100217.48,51.25,6.0
2025-06-05 19:00:00,3.6741028,7.5651855,289.25854,100181.11,51.25,6.0
2025-06-05 20:00:00,3.045288,8.77887,289.25827,100128.7,51.25,6.0
2025-06-05 21:00:00,2.0763702,9.318436,288.59937,100036.516,51.25,6.0
2025-06-05 22:00:00,3.199112,9.999313,287.86847,100000.39,51.25,6.0
2025-06-05 23:00:00,4.005188,9.085815,287.86774,99936.17,51.25,6.0
2025-06-06 00:00:00,4.6129303,9.027222,287.9848,99825.42,51.25,6.0
2025-06-06 01:00:00,8.422287,7.930786,288.0888,99836.81,51.25,6.0
2025-06-06 02:00:00,9.398636,4.5588074,287.77206,99898.69,51.25,6.0
2025-06-06 03:00:00,8.735626,3.8823853,287.23206,99956.445,51.25,6.0
2025-06-06 04:00:00,8.358856,4.4599457,286.62085,100052.67,51.25,6.0
2025-06-06 05:00:00,8.211639,4.550247,286.5808,100133.59,51.25,6.0
2025-06-06 06:00:00,8.455078,5.078064,287.17914,100221.36,51.25,6.0
2025-06-06 07:00:00,9.080444,4.9839478,288.08148,100302.75,51.25,6.0
2025-06-06 08:00:00,9.268417,5.0916595,289.235,100356.62,51.25,6.0
2025-06-06 09:00:00,9.453629,4.9187164,290.46884,100426.56,51.25,6.0
2025-06-06 10:00:00,8.165726,3.7900848,290.8216,100483.234,51.25,6.0
2025-06-06 11:00:00,7.9583282,4.165863,291.44025,100486.12,51.25,6.0
2025-06-06 12:00:00,7.7927246,4.9320526,292.69183,100496.7,51.25,6.0
2025-06-06 13:00:00,7.1302795,5.5806885,293.24243,100498.0,51.25,6.0
2025-06-06 14:00:00,8.279221,6.1518097,293.99527,100489.8,51.25,6.0
2025-06-06 15:00:00,7.7960052,4.6131287,293.4213,100498.72,51.25,6.0
2025-06-06 16:00:00,6.9632263,4.0935364,293.9229,100493.63,51.25,6.0
2025-06-06 17:00:00,5.88208,3.937973,292.41727,100447.33,51.25,6.0
2025-06-06 18:00:00,6.2274933,2.7682037,290.3869,100477.05,51.25,6.0
2025-06-06 19:00:00,5.7062073,2.7365265,289.82684,100533.234,51.25,6.0
2025-06-06 20:00:00,4.2587433,3.7459564,288.86725,100533.734,51.25,6.0
2025-06-06 21:00:00,3.8553925,4.6042175,287.90997,100552.86,51.25,6.0
2025-06-06 22:00:00,4.5993347,4.4530334,287.91827,100552.33,51.25,6.0
2025-06-06 23:00:00,5.6484833,4.243332,287.71844,100557.42,51.25,6.0
2025-06-07 00:00:00,5.410919,4.205902,287.33246,100541.45,51.25,6.0
2025-06-07 01:00:00,4.5926056,4.1397247,286.8854,100497.65,51.25,6.0
2025-06-07 02:00:00,4.113312,5.2492523,286.39923,100486.93,51.25,6.0
2025-06-07 03:00:00,3.9008331,5.414627,286.3458,100464.5,51.25,6.0
2025-06-07 04:00:00,2.785019,5.002899,286.16537,100421.18,51.25,6.0
2025-06-07 05:00:00,1.9654236,5.7886505,286.2813,100376.75,51.25,6.0
2025-06-07 06:00:00,3.2834625,6.6905518,286.6371,100362.19,51.25,6.0
2025-06-07 07:00:00,4.4072876,6.542511,287.1601,100368.45,51.25,6.0
2025-06-07 08:00:00,4.8459167,5.7940063,286.47577,100359.19,51.25,6.0
2025-06-07 09:00:00,5.831375,5.59198,287.0387,100360.47,51.25,6.0
2025-06-07 10:00:00,5.817627,4.0905,287.80072,100373.47,51.25,6.0
2025-06-07 11:00:00,5.218338,4.697235,289.1059,100320.75,51.25,6.0
2025-06-07 12:00:00,6.2361603,4.081894,290.48206,100284.86,51.25,6.0
2025-06-07 13:00:00,7.3559723,4.444641,289.42377,100364.266,51.25,6.0
2025-06-07 14:00:00,6.774475,4.4813232,289.7472,100335.19,51.25,6.0
2025-06-07 15:00:00,7.510605,4.698349,290.65308,100349.67,51.25,6.0
2025-06-07 16:00:00,7.280899,4.8596497,289.82437,100342.17,51.25,6.0
2025-06-07 17:00:00,6.859375,4.5449524,288.6303,100310.555,51.25,6.0
2025-06-07 18:00:00,4.9324493,5.0532227,288.2019,100314.61,51.25,6.0
2025-06-07 19:00:00,4.7674103,4.3793945,287.75327,100343.08,51.25,6.0
2025-06-07 20:00:00,4.648056,4.9177704,287.40674,100319.516,51.25,6.0
2025-06-07 21:00:00,4.078232,6.0664825,286.7002,100313.305,51.25,6.0
2025-06-07 22:00:00,1.9589233,6.2415466,286.596,100219.516,51.25,6.0
2025-06-07 23:00:00,2.3089905,6.7970123,286.58524,100122.34,51.25,6.0
2025-06-08 00:00:00,4.6590576,6.922226,286.6405,100043.24,51.25,6.0
2025-06-08 01:00:00,8.162079,5.622879,286.44495,100023.73,51.25,6.0
2025-06-08 02:00:00,9.714966,5.4789276,286.19336,100031.48,51.25,6.0
2025-06-08 03:00:00,11.336136,4.1660004,285.7416,100107.875,51.25,6.0
2025-06-08 04:00:00,10.860092,2.1516113,285.41724,100227.4,51.25,6.0
2025-06-08 05:00:00,9.82431,1.4344025,285.16125,100334.3,51.25,6.0
2025-06-08 06:00:00,8.667526,1.9838257,285.44104,100437.38,51.25,6.0
2025-06-08 07:00:00,8.8897705,1.7276459,285.70355,100540.16,51.25,6.0
2025-06-08 08:00:00,8.56337,1.5606842,286.15692,100633.63,51.25,6.0
2025-06-08 09:00:00,8.613983,1.4347076,286.49786,100702.7,51.25,6.0
2025-06-08 10:00:00,9.489456,1.6326141,286.97205,100767.91,51.25,6.0
2025-06-08 11:00:00,11.034927,1.0711975,287.8571,100919.92,51.25,6.0
2025-06-08 12:00:00,10.233246,-0.032165527,286.94757,101005.234,51.25,6.0
2025-06-08 13:00:00,10.951035,-0.24588013,288.0593,101076.42,51.25,6.0
2025-06-08 14:00:00,11.885422,-1.1856995,288.68152,101148.555,51.25,6.0
2025-06-08 15:00:00,11.291138,-2.2707977,288.93967,101232.95,51.25,6.0
2025-06-08 16:00:00,10.680267,-2.7752075,288.46576,101308.2,51.25,6.0
2025-06-08 17:00:00,9.788376,-2.673523,287.75714,101382.31,51.25,6.0
2025-06-08 18:00:00,7.998062,-2.0300293,287.53125,101428.164,51.25,6.0
2025-06-08 19:00:00,6.763794,-0.94441223,286.7647,101521.69,51.25,6.0
2025-06-08 20:00:00,6.0056458,0.22177124,285.25964,101577.234,51.25,6.0
2025-06-08 21:00:00,5.3966827,1.7775116,283.7418,101643.2,51.25,6.0
2025-06-08 22:00:00,4.8506775,3.1440735,283.30835,101621.68,51.25,6.0
2025-06-08 23:00:00,5.4579773,4.17128,283.33228,101643.0,51.25,6.0
2025-06-09 00:00:00,6.183731,4.2189636,283.33374,101638.63,51.25,6.0
2025-06-09 01:00:00,6.562958,3.847458,283.55786,101653.66,51.25,6.0
2025-06-09 02:00:00,6.4267273,3.5442657,283.35443,101660.81,51.25,6.0
2025-06-09 03:00:00,6.161484,3.71698,283.13623,101691.45,51.25,6.0
2025-06-09 04:00:00,5.5792847,4.096939,282.35437,101719.06,51.25,6.0
2025-06-09 05:00:00,5.541092,4.398056,282.9425,101727.17,51.25,6.0
2025-06-09 06:00:00,4.924103,3.8238525,284.0837,101769.29,51.25,6.0
2025-06-09 07:00:00,5.6633606,3.1574402,285.68933,101797.8,51.25,6.0
2025-06-09 08:00:00,5.280899,2.7937927,287.18152,101814.64,51.25,6.0
2025-06-09 09:00:00,5.2469635,2.4330597,288.75092,101812.41,51.25,6.0
2025-06-09 10:00:00,3.8931885,2.5429688,289.896,101818.914,51.25,6.0
2025-06-09 11:00:00,3.8757935,2.4882355,291.32596,101796.78,51.25,6.0
2025-06-09 12:00:00,4.1750183,2.1075134,291.53656,101786.33,51.25,6.0
2025-06-09 13:00:00,4.9223633,2.0497437,291.86157,101768.66,51.25,6.0
2025-06-09 14:00:00,4.7658997,1.7677307,292.4198,101749.71,51.25,6.0
2025-06-09 15:00:00,4.852112,1.8361816,291.9489,101731.3,51.25,6.0
2025-06-09 16:00:00,4.9613495,1.7980042,292.05792,101716.17,51.25,6.0
2025-06-09 17:00:00,4.7311707,1.6899109,292.0951,101689.42,51.25,6.0
2025-06-09 18:00:00,3.683258,1.729538,291.2693,101662.5,51.25,6.0
2025-06-09 19:00:00,3.2935638,2.235733,289.53574,101647.41,51.25,6.0
2025-06-09 20:00:00,3.264206,3.23526,287.9081,101626.64,51.25,6.0
2025-06-09 21:00:00,2.9227448,4.360092,286.73383,101598.36,51.25,6.0
2025-06-09 22:00:00,3.0509033,4.465317,286.2507,101525.44,51.25,6.0
2025-06-09 23:00:00,3.58049,4.6367188,285.79318,101489.21,51.25,6.0
2025-06-10 00:00:00,4.574478,4.3891907,286.05182,101424.91,51.25,6.0
2025-06-10 01:00:00,4.800461,4.307434,285.34003,101373.22,51.25,6.0
2025-06-10 02:00:00,4.381607,4.7460175,285.50903,101311.266,51.25,6.0
2025-06-10 03:00:00,4.2751007,5.4748535,285.824,101248.67,51.25,6.0
2025-06-10 04:00:00,5.134247,5.4093475,285.9589,101201.46,51.25,6.0
2025-06-10 05:00:00,6.281616,5.067871,286.7341,101181.51,51.25,6.0
2025-06-10 06:00:00,5.893387,5.095932,287.36786,101135.234,51.25,6.0
2025-06-10 07:00:00,6.8735504,4.5566864,288.23047,101129.61,51.25,6.0
2025-06-10 08:00:00,8.376968,4.503586,288.86948,101111.25,51.25,6.0
2025-06-10 09:00:00,10.155563,4.1510773,289.85394,101070.95,51.25,6.0
2025-06-10 10:00:00,8.570862,3.5237274,291.1714,101048.52,51.25,6.0
2025-06-10 11:00:00,9.2265625,2.7922363,291.47394,101038.734,51.25,6.0
2025-06-10 12:00:00,9.836075,1.6552734,292.20847,101032.41,51.25,6.0
2025-06-10 13:00:00,10.024475,1.0754547,291.6784,101060.36,51.25,6.0
2025-06-10 14:00:00,9.795502,0.39227295,291.47925,101069.58,51.25,6.0
2025-06-10 15:00:00,9.075119,-0.23397827,291.20215,101101.305,51.25,6.0
2025-06-10 16:00:00,8.961029,-0.9950714,291.23627,101146.5,51.25,6.0
2025-06-10 17:00:00,8.408463,-2.4310303,290.9404,101170.45,51.25,6.0
2025-06-10 18:00:00,6.7950287,-3.4462585,290.583,101249.8,51.25,6.0
2025-06-10 19:00:00,5.5361023,-3.9131927,289.73294,101292.71,51.25,6.0
2025-06-10 20:00:00,4.748047,-3.809311,288.35223,101400.19,51.25,6.0
2025-06-10 21:00:00,4.3945465,-3.462143,286.2704,101471.8,51.25,6.0
2025-06-10 22:00:00,3.5988312,-3.6641693,285.21796,101512.56,51.25,6.0
2025-06-10 23:00:00,3.577652,-3.3858032,283.99484,101553.8,51.25,6.0
2025-06-11 00:00:00,3.2058716,-3.3559875,282.65973,101590.68,51.25,6.0
2025-06-11 01:00:00,2.545456,-3.140625,280.654,101621.734,51.25,6.0
2025-06-11 02:00:00,2.149063,-2.891327,280.78143,101655.06,51.25,6.0
2025-06-11 03:00:00,1.4619598,-3.1453094,280.32056,101663.266,51.25,6.0
2025-06-11 04:00:00,0.46731567,-3.1996613,280.89703,101679.55,51.25,6.0
2025-06-11 05:00:00,-0.35198975,-2.440094,282.26257,101733.39,51.25,6.0
2025-06-11 06:00:00,-0.72406006,-0.9289856,285.2271,101771.74,51.25,6.0
2025-06-11 07:00:00,-1.5493469,-0.6853485,287.10785,101798.65,51.25,6.0
2025-06-11 08:00:00,-1.4545441,-0.28564453,288.84872,101831.125,51.25,6.0
2025-06-11 09:00:00,-1.327774,-0.054870605,289.28577,101832.516,51.25,6.0
2025-06-11 10:00:00,-1.7936554,-0.55218506,289.9319,101798.5,51.25,6.0
2025-06-11 11:00:00,-2.2098846,-0.96850586,291.112,101758.78,51.25,6.0
2025-06-11 12:00:00,-2.1658783,-1.0513916,292.19592,101729.17,51.25,6.0
2025-06-11 13:00:00,-2.580246,-0.95700073,293.71033,101701.305,51.25,6.0
2025-06-11 14:00:00,-3.1333923,-0.8465729,293.60062,101648.41,51.25,6.0
2025-06-11 15:00:00,-3.4004822,-0.94825745,294.8249,101586.44,51.25,6.0
2025-06-11 16:00:00,-3.654007,-1.1914062,294.19586,101554.69,51.25,6.0
2025-06-11 17:00:00,-4.2519226,-1.6322174,294.01535,101541.516,51.25,6.0
2025-06-11 18:00:00,-4.870178,-2.1209412,293.31915,101503.016,51.25,6.0
2025-06-11 19:00:00,-5.7323,-2.5260925,291.95648,101504.96,51.25,6.0
2025-06-11 20:00:00,-6.406204,-2.577652,290.17993,101519.28,51.25,6.0
2025-06-11 21:00:00,-7.1503754,-2.2413788,288.98245,101531.125,51.25,6.0
2025-06-11 22:00:00,-7.126053,-1.9792023,288.19116,101514.61,51.25,6.0
2025-06-11 23:00:00,-7.6232147,-1.3877411,286.5314,101495.09,51.25,6.0
2025-06-12 00:00:00,-7.56662,-0.30496216,286.7438,101485.016,51.25,6.0
2025-06-12 01:00:00,-7.4741364,0.7725067,285.27942,101438.59,51.25,6.0
2025-06-12 02:00:00,-7.647476,1.1698151,284.7334,101395.47,51.25,6.0
2025-06-12 03:00:00,-7.367981,1.3239288,284.52686,101357.125,51.25,6.0
2025-06-12 04:00:00,-7.034622,1.4668427,285.08264,101377.06,51.25,6.0
2025-06-12 05:00:00,-7.1588745,1.3933411,286.33063,101370.94,51.25,6.0
2025-06-12 06:00:00,-6.744629,1.5899811,288.6219,101356.164,51.25,6.0
2025-06-12 07:00:00,-6.3720856,1.7131958,291.2716,101346.39,51.25,6.0
2025-06-12 08:00:00,-7.1023407,1.9314423,292.81622,101297.05,51.25,6.0
2025-06-12 09:00:00,-7.5061035,2.2938385,295.511,101252.125,51.25,6.0
2025-06-12 10:00:00,-6.672104,1.6452026,297.30408,101197.234,51.25,6.0
2025-06-12 11:00:00,-7.3795013,2.5115356,297.86304,101136.56,51.25,6.0
2025-06-12 12:00:00,-7.661682,3.4281769,299.9246,101097.25,51.25,6.0
2025-06-12 13:00:00,-7.0507355,4.151367,300.8795,101082.58,51.25,6.0
2025-06-12 14:00:00,-6.5003357,4.453583,301.5255,101052.29,51.25,6.0
2025-06-12 15:00:00,-5.8867493,4.5584717,300.9165,101047.59,51.25,6.0
2025-06-12 16:00:00,-5.8970337,4.280304,301.76947,101018.56,51.25,6.0
2025-06-12 17:00:00,-6.065155,3.3238373,300.7906,101009.516,51.25,6.0
2025-06-12 18:00:00,-7.038681,3.1624908,299.6317,101031.05,51.25,6.0
2025-06-12 19:00:00,-7.325577,4.0875244,298.5546,101058.95,51.25,6.0
2025-06-12 20:00:00,-6.728073,5.182266,296.01434,101133.44,51.25,6.0
2025-06-12 21:00:00,-5.4963074,5.779785,295.62726,101191.62,51.25,6.0
2025-06-12 22:00:00,-5.9403687,5.5515137,293.77954,101207.16,51.25,6.0
2025-06-12 23:00:00,-4.9405212,6.1894836,293.9298,101213.234,51.25,6.0
2025-06-13 00:00:00,-2.8127136,6.059967,293.29852,101221.28,51.25,6.0
2025-06-13 01:00:00,-1.9881897,5.401352,291.7865,101248.21,51.25,6.0
2025-06-13 02:00:00,-2.4543152,4.695099,291.2975,101256.445,51.25,6.0
2025-06-13 03:00:00,-2.7219238,4.5788727,290.91763,101292.766,51.25,6.0
2025-06-13 04:00:00,-2.87854,4.626404,291.46246,101336.016,51.25,6.0
2025-06-13 05:00:00,-3.4456177,4.3940887,292.8004,101365.375,51.25,6.0
2025-06-13 06:00:00,-3.4887238,3.8895874,295.2199,101405.14,51.25,6.0
2025-06-13 07:00:00,-2.676712,2.735077,297.49017,101425.87,51.25,6.0
2025-06-13 08:00:00,-2.4783936,1.9215393,299.24377,101456.08,51.25,6.0
2025-06-13 09:00:00,-2.9588165,1.5801086,300.87677,101455.81,51.25,6.0
2025-06-13 10:00:00,-3.3832245,0.37890625,302.96747,101469.33,51.25,6.0
2025-06-13 11:00:00,-4.0466766,0.8901367,304.26816,101443.484,51.25,6.0
2025-06-13 12:00:00,-4.3762817,1.0801086,304.83862,101400.11,51.25,6.0
2025-06-13 13:00:00,-4.5431824,0.9992676,304.53088,101387.2,51.25,6.0
2025-06-13 14:00:00,-4.885269,0.58799744,304.70197,101364.7,51.25,6.0
2025-06-13 15:00:00,-5.2962036,0.5884094,304.7328,101330.195,51.25,6.0
2025-06-13 16:00:00,-5.7350006,0.8646698,304.4344,101280.03,51.25,6.0
2025-06-13 17:00:00,-5.4205933,1.0227356,304.08832,101259.78,51.25,6.0
2025-06-13 18:00:00,-5.620285,0.58836365,303.042,101212.39,51.25,6.0
2025-06-13 19:00:00,-6.5901794,0.8003235,301.48718,101188.97,51.25,6.0
2025-06-13 20:00:00,-7.4434204,1.8936615,299.73413,101203.86,51.25,6.0
2025-06-13 21:00:00,-7.582794,3.2121887,297.76007,101188.2,51.25,6.0
2025-06-13 22:00:00,-6.8689423,4.529236,297.78204,101196.68,51.25,6.0
2025-06-13 23:00:00,-6.3354187,5.362076,296.85205,101098.86,51.25,6.0
2025-06-14 00:00:00,-6.2299347,5.6150055,296.5571,101054.46,51.25,6.0
2025-06-14 01:00:00,-5.3656616,6.217331,295.62476,101040.95,51.25,6.0
2025-06-14 02:00:00,3.8461456,4.6224823,294.9747,101176.44,51.25,6.0
2025-06-14 03:00:00,3.638504,-0.5346832,294.33667,101161.58,51.25,6.0
2025-06-14 04:00:00,-1.5822754,-0.96154785,293.54272,101098.91,51.25,6.0
2025-06-14 05:00:00,-4.8493347,2.7475586,294.30203,101065.69,51.25,6.0
2025-06-14 06:00:00,-3.7827911,4.3253784,296.0868,101066.45,51.25,6.0
2025-06-14 07:00:00,-2.6831665,3.3579712,298.18164,101069.49,51.25,6.0
2025-06-14 08:00:00,-1.6547546,3.436203,300.3823,101069.92,51.25,6.0
2025-06-14 09:00:00,0.69215393,3.6272736,302.15472,101086.98,51.25,6.0
2025-06-14 10:00:00,1.5983734,2.2475128,302.70508,101119.7,51.25,6.0
2025-06-14 11:00:00,4.493805,2.145584,304.18652,101158.38,51.25,6.0
2025-06-14 12:00:00,6.1706543,1.6923065,302.83218,101157.55,51.25,6.0
2025-06-14 13:00:00,6.1186676,2.0571136,300.25677,101254.56,51.25,6.0
2025-06-14 14:00:00,3.8351593,1.4324799,299.7138,101261.69,51.25,6.0
2025-06-14 15:00:00,1.906784,0.46824646,300.13184,101233.94,51.25,6.0
2025-06-14 16:00:00,1.2133026,0.45587158,300.49542,101223.484,51.25,6.0
2025-06-14 17:00:00,2.1503754,0.64797974,299.5312,101229.47,51.25,6.0
2025-06-14 18:00:00,2.3751526,-0.19647217,298.02533,101236.09,51.25,6.0
2025-06-14 19:00:00,3.635086,-0.36608887,296.68564,101302.03,51.25,6.0
2025-06-14 20:00:00,3.8791962,-1.83107,294.8279,101382.875,51.25,6.0
2025-06-14 21:00:00,3.7990723,-3.5948792,294.21082,101454.58,51.25,6.0
2025-06-14 22:00:00,4.036545,-2.603424,293.99606,101484.33,51.25,6.0
2025-06-14 23:00:00,4.3020477,-2.8285675,293.03958,101446.69,51.25,6.0
2025-06-15 00:00:00,3.951065,-2.3698425,292.21173,101460.195,51.25,6.0
2025-06-15 01:00:00,2.945755,-2.3563232,292.13,101443.266,51.25,6.0
2025-06-15 02:00:00,3.902649,-1.9761963,291.7171,101446.516,51.25,6.0
2025-06-15 03:00:00,4.084839,-0.7551727,290.3169,101480.97,51.25,6.0
2025-06-15 04:00:00,4.288437,1.865982,288.16125,101566.36,51.25,6.0
2025-06-15 05:00:00,4.6672516,2.1251678,287.34222,101618.086,51.25,6.0
2025-06-15 06:00:00,3.2240448,0.9162903,287.8963,101596.78,51.25,6.0
2025-06-15 07:00:00,2.8023682,0.9424896,288.74225,101599.13,51.25,6.0
2025-06-15 08:00:00,2.9267578,1.3270416,289.3475,101627.18,51.25,6.0
2025-06-15 09:00:00,3.0881348,1.3836975,290.15903,101649.36,51.25,6.0
2025-06-15 10:00:00,4.2325134,0.46350098,292.97522,101619.73,51.25,6.0
2025-06-15 11:00:00,4.2131042,-0.15444946,293.4259,101635.86,51.25,6.0
2025-06-15 12:00:00,4.168457,-0.63497925,294.52435,101639.55,51.25,6.0
2025-06-15 13:00:00,5.1451874,-0.5289459,295.6349,101606.78,51.25,6.0
2025-06-15 14:00:00,6.0126953,-0.94770813,295.73398,101608.336,51.25,6.0
2025-06-15 15:00:00,6.1293793,-1.9260559,295.8303,101592.68,51.25,6.0
2025-06-15 16:00:00,6.01445,-2.8010864,295.30795,101599.09,51.25,6.0
2025-06-15 17:00:00,5.456375,-3.3947144,294.66113,101655.25,51.25,6.0
2025-06-15 18:00:00,4.7560577,-3.768158,293.77954,101705.94,51.25,6.0
2025-06-15 19:00:00,4.150238,-3.8407745,292.84152,101797.72,51.25,6.0
2025-06-15 20:00:00,3.8945618,-3.9151611,290.98254,101870.586,51.25,6.0
2025-06-15 21:00:00,3.6033783,-3.7353516,289.0904,101966.42,51.25,6.0
2025-06-15 22:00:00,2.25029,-3.6175842,287.85263,102008.84,51.25,6.0
2025-06-15 23:00:00,2.1801758,-2.5590668,286.62506,102045.56,51.25,6.0
2025-06-16 00:00:00,2.4163818,-1.8538513,286.10342,102055.32,51.25,6.0
2025-06-16 01:00:00,3.086502,-0.8259125,285.20398,102051.42,51.25,6.0
2025-06-16 02:00:00,3.45784,0.56422424,284.92874,102060.016,51.25,6.0
2025-06-16 03:00:00,3.8024597,1.8756409,285.23712,102087.78,51.25,6.0
2025-06-16 04:00:00,4.3918915,2.676361,285.55365,102104.53,51.25,6.0
2025-06-16 05:00:00,4.408951,2.593399,287.1291,102127.33,51.25,6.0
2025-06-16 06:00:00,3.4953766,1.8439789,289.11737,102170.08,51.25,6.0
2025-06-16 07:00:00,2.9910278,1.5710754,290.92902,102218.78,51.25,6.0
2025-06-16 08:00:00,2.6333618,1.3605499,292.63867,102223.414,51.25,6.0
2025-06-16 09:00:00,2.9062195,0.66819763,294.17133,102220.3,51.25,6.0
2025-06-16 10:00:00,2.8752136,1.4866028,295.32492,102228.0,51.25,6.0
2025-06-16 11:00:00,3.9053802,0.6473236,295.67206,102210.79,51.25,6.0
2025-06-16 12:00:00,4.482147,-0.7768097,297.0928,102189.516,51.25,6.0
2025-06-16 13:00:00,4.24942,-2.0932312,296.72968,102164.61,51.25,6.0
2025-06-16 14:00:00,3.7336578,-2.7719269,298.16,102161.0,51.25,6.0
2025-06-16 15:00:00,3.130722,-2.9741516,298.07,102118.36,51.25,6.0
2025-06-16 16:00:00,2.9342194,-3.4222717,297.87143,102104.016,51.25,6.0
2025-06-16 17:00:00,2.5499573,-3.890808,296.95413,102123.53,51.25,6.0
2025-06-16 18:00:00,2.1242523,-4.6551666,295.86743,102130.01,51.25,6.0
2025-06-16 19:00:00,1.9435883,-5.576538,294.47443,102162.195,51.25,6.0
2025-06-16 20:00:00,1.3860626,-5.439682,291.3711,102203.86,51.25,6.0
2025-06-16 21:00:00,0.77641296,-4.8312683,289.65045,102248.08,51.25,6.0
2025-06-16 22:00:00,0.8593445,-4.62265,287.9713,102249.12,51.25,6.0
2025-06-16 23:00:00,-0.0723114,-4.068268,287.3934,102252.19,51.25,6.0
2025-06-17 00:00:00,-0.95692444,-3.2801971,287.67493,102236.0,51.25,6.0
2025-06-17 01:00:00,-1.3435516,-2.183609,286.58435,102230.1,51.25,6.0
2025-06-17 02:00:00,-1.6470032,-1.2047119,286.2131,102177.2,51.25,6.0
2025-06-17 03:00:00,-1.4397736,0.012649536,285.87714,102140.61,51.25,6.0
2025-06-17 04:00:00,-0.57310486,1.052536,285.458,102148.91,51.25,6.0
2025-06-17 05:00:00,0.6833496,1.3843689,286.6291,102150.95,51.25,6.0
2025-06-17 06:00:00,1.5327759,0.9945679,289.63666,102172.58,51.25,6.0
2025-06-17 07:00:00,1.3253937,0.5919647,292.27838,102186.86,51.25,6.0
2025-06-17 08:00:00,1.8342743,0.48843384,294.33035,102165.85,51.25,6.0
2025-06-17 09:00:00,2.2826233,0.33247375,296.56854,102161.24,51.25,6.0
2025-06-17 10:00:00,2.1594543,0.050064087,297.03278,102134.06,51.25,6.0
2025-06-17 11:00:00,2.215088,-0.1945343,298.08032,102085.03,51.25,6.0
2025-06-17 12:00:00,2.202118,-0.40797424,298.85974,102033.47,51.25,6.0
2025-06-17 13:00:00,2.094223,-0.24388123,300.31445,101987.055,51.25,6.0
2025-06-17 14:00:00,2.0671692,0.06413269,299.77515,101955.12,51.25,6.0
2025-06-17 15:00:00,2.275177,0.028167725,300.97437,101910.03,51.25,6.0
2025-06-17 16:00:00,2.4567566,0.16296387,300.09506,101858.2,51.25,6.0
2025-06-17 17:00:00,2.63208,0.03756714,299.59058,101820.94,51.25,6.0
2025-06-17 18:00:00,2.8947296,-1.1098328,298.64294,101804.59,51.25,6.0
2025-06-17 19:00:00,2.7499542,-2.8707123,296.5047,101809.64,51.25,6.0
2025-06-17 20:00:00,2.1371002,-4.477722,294.67078,101852.36,51.25,6.0
2025-06-17 21:00:00,0.97961426,-5.2385406,292.9193,101900.234,51.25,6.0
2025-06-17 22:00:00,-0.41331482,-4.9562073,290.45993,101875.23,51.25,6.0
2025-06-17 23:00:00,-0.077545166,-4.1140594,290.14993,101880.484,51.25,6.0
2025-06-18 00:00:00,0.7857971,-3.4645996,288.99066,101865.41,51.25,6.0
2025-06-18 01:00:00,1.3822174,-2.6270752,287.57336,101849.23,51.25,6.0
2025-06-18 02:00:00,1.7733002,-1.9650421,287.53387,101824.2,51.25,6.0
2025-06-18 03:00:00,2.2151184,-1.423233,286.65155,101818.93,51.25,6.0
2025-06-18 04:00:00,2.792038,-1.3672638,286.73077,101840.78,51.25,6.0
2025-06-18 05:00:00,3.0382996,-1.0256653,288.54965,101857.1,51.25,6.0
2025-06-18 06:00:00,2.4145508,-0.29014587,291.16296,101872.016,51.25,6.0
2025-06-18 07:00:00,2.1190643,0.25032043,293.41675,101883.32,51.25,6.0
2025-06-18 08:00:00,2.401886,0.48631287,295.0263,101881.72,51.25,6.0
2025-06-18 09:00:00,2.660553,0.4234314,296.3557,101896.6,51.25,6.0
2025-06-18 10:00:00,2.7056274,0.32110596,297.56116,101895.02,51.25,6.0
2025-06-18 11:00:00,3.0327759,0.39814758,299.56973,101863.836,51.25,6.0
2025-06-18 12:00:00,3.4420013,0.035079956,299.43738,101845.484,51.25,6.0
2025-06-18 13:00:00,3.5867004,-0.63056946,300.154,101816.3,51.25,6.0
2025-06-18 14:00:00,3.5384521,-1.0421143,300.41132,101787.38,51.25,6.0
2025-06-18 15:00:00,3.7437744,-1.7760315,300.62045,101756.1,51.25,6.0
2025-06-18 16:00:00,3.4718323,-2.9070587,300.5573,101718.25,51.25,6.0
2025-06-18 17:00:00,2.83255,-4.247818,299.63068,101730.98,51.25,6.0
2025-06-18 18:00:00,2.2588806,-6.0156403,298.2437,101756.21,51.25,6.0
2025-06-18 19:00:00,1.7007904,-6.9890137,296.7798,101816.664,51.25,6.0
2025-06-18 20:00:00,1.2797241,-6.6998596,294.04016,101865.62,51.25,6.0
2025-06-18 21:00:00,0.8006592,-6.1685333,292.26752,101931.61,51.25,6.0
2025-06-18 22:00:00,0.3129425,-5.6342773,291.612,101954.91,51.25,6.0
2025-06-18 23:00:00,-0.2675171,-5.4130707,290.45972,101984.88,51.25,6.0
2025-06-19 00:00:00,-0.93437195,-5.1866302,289.51407,101995.43,51.25,6.0
2025-06-19 01:00:00,-1.6230316,-4.615082,288.44604,102036.16,51.25,6.0
2025-06-19 02:00:00,-2.1618347,-3.6932373,287.28604,102034.4,51.25,6.0
2025-06-19 03:00:00,-2.435318,-2.962204,285.98834,102027.266,51.25,6.0
2025-06-19 04:00:00,-2.4570923,-2.7091675,286.62628,102046.7,51.25,6.0
2025-06-19 05:00:00,-2.0190125,-2.7849731,288.4217,102062.52,51.25,6.0
2025-06-19 06:00:00,-1.3030243,-2.383545,290.71698,102106.47,51.25,6.0
2025-06-19 07:00:00,-1.4144745,-2.3100739,293.14374,102143.43,51.25,6.0
2025-06-19 08:00:00,-1.6352234,-2.2469025,293.65494,102152.61,51.25,6.0
2025-06-19 09:00:00,-1.7076111,-2.4453735,294.63916,102163.125,51.25,6.0
2025-06-19 10:00:00,-1.6689148,-2.6301727,295.6231,102152.55,51.25,6.0
2025-06-19 11:00:00,-1.90271,-3.8822021,296.4229,102125.766,51.25,6.0
2025-06-19 12:00:00,-1.9786072,-4.7888947,297.08667,102121.55,51.25,6.0
2025-06-19 13:00:00,-1.8616333,-4.7003784,298.75693,102130.95,51.25,6.0
2025-06-19 14:00:00,-1.7248993,-4.3963776,297.71307,102082.53,51.25,6.0
2025-06-19 15:00:00,-1.5911407,-4.5996704,297.62967,102067.05,51.25,6.0
2025-06-19 16:00:00,-1.5487976,-4.8567963,297.53424,102046.36,51.25,6.0
2025-06-19 17:00:00,-1.9049072,-4.674408,297.23993,102032.03,51.25,6.0
2025-06-19 18:00:00,-2.4655914,-4.1660614,296.4737,102036.17,51.25,6.0
2025-06-19 19:00:00,-2.955307,-3.6309662,295.26184,102032.94,51.25,6.0
2025-06-19 20:00:00,-3.6034088,-3.3234406,293.2212,102029.44,51.25,6.0
2025-06-19 21:00:00,-4.328491,-2.7611694,291.56836,102080.69,51.25,6.0
2025-06-19 22:00:00,-4.6216736,-1.8991089,289.83484,102095.72,51.25,6.0
2025-06-19 23:00:00,-5.2691193,-1.3046875,289.32437,102124.05,51.25,6.0
2025-06-20 00:00:00,-5.731888,-1.2041321,288.6316,102131.03,51.25,6.0
2025-06-20 01:00:00,-5.980652,-0.56918335,287.9062,102141.92,51.25,6.0
2025-06-20 02:00:00,-5.7606506,0.08755493,287.0534,102144.68,51.25,6.0
2025-06-20 03:00:00,-5.462433,0.060180664,286.4314,102121.16,51.25,6.0
2025-06-20 04:00:00,-5.5254974,-0.4169159,286.20944,102136.31,51.25,6.0
2025-06-20 05:00:00,-5.452835,-0.42259216,287.55145,102150.14,51.25,6.0
2025-06-20 06:00:00,-4.4660187,-0.06970215,289.58527,102164.7,51.25,6.0
2025-06-20 07:00:00,-3.9552765,0.05960083,291.56848,102183.05,51.25,6.0
2025-06-20 08:00:00,-3.9604645,-0.039855957,293.42474,102162.36,51.25,6.0
2025-06-20 09:00:00,-4.190613,-0.47735596,295.59827,102147.77,51.25,6.0
2025-06-20 10:00:00,-3.9726715,-0.88093567,295.5863,102122.82,51.25,6.0
2025-06-20 11:00:00,-3.585785,-1.1041107,296.5744,102091.875,51.25,6.0
2025-06-20 12:00:00,-3.5229492,-1.4049988,297.37344,102059.47,51.25,6.0
2025-06-20 13:00:00,-3.796814,-1.6188507,298.98782,102025.19,51.25,6.0
2025-06-20 14:00:00,-4.025635,-1.7570343,298.6494,101978.2,51.25,6.0
2025-06-20 15:00:00,-4.4513855,-1.9151306,298.94202,101932.47,51.25,6.0
2025-06-20 16:00:00,-4.8262787,-2.080841,298.73834,101883.22,51.25,6.0
2025-06-20 17:00:00,-5.029846,-2.1082916,298.2237,101843.125,51.25,6.0
2025-06-20 18:00:00,-4.756836,-1.988739,297.2223,101815.28,51.25,6.0
2025-06-20 19:00:00,-4.9597473,-2.0361633,295.78394,101815.2,51.25,6.0
2025-06-20 20:00:00,-5.944519,-1.9105377,293.65778,101816.57,51.25,6.0
2025-06-20 21:00:00,-6.3991394,-1.5219116,292.02588,101848.53,51.25,6.0
2025-06-20 22:00:00,-6.217575,-1.0404663,290.81293,101861.016,51.25,6.0
2025-06-20 23:00:00,-6.2126007,0.122283936,290.0479,101848.55,51.25,6.0
2025-06-21 00:00:00,-5.8263245,1.361618,289.08292,101812.39,51.25,6.0
2025-06-21 01:00:00,-5.455429,2.0484161,287.9417,101772.27,51.25,6.0
2025-06-21 02:00:00,-5.133255,2.2279663,287.1839,101718.12,51.25,6.0
2025-06-21 03:00:00,-4.9064636,2.2980042,286.74493,101692.99,51.25,6.0
2025-06-21 04:00:00,-4.854599,2.4345093,285.8296,101687.5,51.25,6.0
2025-06-21 05:00:00,-4.642288,2.5265503,288.3262,101707.21,51.25,6.0
2025-06-21 06:00:00,-4.011917,2.3212128,290.80908,101713.67,51.25,6.0
2025-06-21 07:00:00,-3.3897247,2.1382294,294.33105,101709.67,51.25,6.0
2025-06-21 08:00:00,-3.3732605,2.0911102,296.2924,101700.65,51.25,6.0
2025-06-21 09:00:00,-3.3524628,2.1240845,298.31378,101674.984,51.25,6.0
2025-06-21 10:00:00,-3.058731,1.8090515,301.14255,101647.39,51.25,6.0
2025-06-21 11:00:00,-2.9220276,2.02182,301.36,101586.16,51.25,6.0
2025-06-21 12:00:00,-2.836319,2.010727,302.27136,101541.86,51.25,6.0
2025-06-21 13:00:00,-3.0819855,2.192627,303.12024,101474.35,51.25,6.0
2025-06-21 14:00:00,-3.1100159,2.4784088,303.71985,101419.33,51.25,6.0
2025-06-21 15:00:00,-2.8283844,2.613968,303.9888,101373.16,51.25,6.0
2025-06-21 16:00:00,-2.4269257,2.659958,304.0551,101317.86,51.25,6.0
2025-06-21 17:00:00,-2.0210114,2.3249054,303.7329,101297.56,51.25,6.0
2025-06-21 18:00:00,-2.3797302,1.5512848,302.58502,101291.3,51.25,6.0
2025-06-21 19:00:00,-3.8781128,1.6545105,300.5191,101300.24,51.25,6.0
2025-06-21 20:00:00,-5.116852,2.8910522,298.10925,101304.31,51.25,6.0
2025-06-21 21:00:00,-5.172043,4.112747,296.07092,101316.46,51.25,6.0
2025-06-21 22:00:00,-4.5602264,6.051422,294.59442,101274.01,51.25,6.0
2025-06-21 23:00:00,-2.8475037,6.644943,294.10495,101245.16,51.25,6.0
2025-06-22 00:00:00,-1.2555084,7.098938,292.43384,101230.7,51.25,6.0
2025-06-22 01:00:00,0.13395691,7.2770996,291.464,101215.93,51.25,6.0
2025-06-22 02:00:00,1.1134644,7.1972656,291.35544,101172.484,51.25,6.0
2025-06-22 03:00:00,0.8291168,7.1963043,290.83862,101118.766,51.25,6.0
2025-06-22 04:00:00,0.043395996,7.0030212,290.93106,101088.82,51.25,6.0
2025-06-22 05:00:00,-0.621521,6.647812,292.80518,101016.99,51.25,6.0
2025-06-22 06:00:00,-0.6330261,6.1705933,295.53656,101010.664,51.25,6.0
2025-06-22 07:00:00,0.024307251,5.1074677,298.64056,100988.17,51.25,6.0
2025-06-22 08:00:00,1.1296692,5.0472565,301.18872,100957.14,51.25,6.0
2025-06-22 09:00:00,3.079483,4.762436,302.96924,100922.69,51.25,6.0
2025-06-22 10:00:00,3.7560425,3.8100433,305.52582,100923.39,51.25,6.0
2025-06-22 11:00:00,4.3041077,2.268921,305.107,100863.85,51.25,6.0
2025-06-22 12:00:00,3.7079926,1.8554688,305.2429,100812.88,51.25,6.0
2025-06-22 13:00:00,3.6264648,1.3979797,304.2177,100764.25,51.25,6.0
2025-06-22 14:00:00,4.6676636,0.37364197,303.48038,100702.234,51.25,6.0
2025-06-22 15:00:00,7.116806,-0.5409241,302.25208,100765.37,51.25,6.0
2025-06-22 16:00:00,4.901932,-2.385666,301.02008,100790.47,51.25,6.0
2025-06-22 17:00:00,4.127533,-2.4752808,300.37408,100749.47,51.25,6.0
2025-06-22 18:00:00,4.790161,-0.74586487,299.87903,100722.53,51.25,6.0
2025-06-22 19:00:00,6.128357,1.0112305,298.2984,100772.625,51.25,6.0
2025-06-22 20:00:00,7.52063,1.3845367,296.33167,100811.83,51.25,6.0
2025-06-22 21:00:00,8.150772,1.8864746,294.49792,100852.58,51.25,6.0
2025-06-22 22:00:00,6.9630737,2.5019379,293.14758,100846.28,51.25,6.0
2025-06-22 23:00:00,6.6958466,3.1134796,293.07758,100858.86,51.25,6.0
2025-06-23 00:00:00,5.9521637,4.177109,292.0274,100806.28,51.25,6.0
2025-06-23 01:00:00,5.9273987,5.1893463,291.27502,100777.83,51.25,6.0
2025-06-23 02:00:00,6.188797,5.4403534,291.20044,100686.64,51.25,6.0
2025-06-23 03:00:00,6.986923,5.314865,291.27805,100648.41,51.25,6.0
2025-06-23 04:00:00,7.5769043,5.1518707,291.6569,100626.56,51.25,6.0
2025-06-23 05:00:00,7.2241364,5.533783,291.78204,100595.266,51.25,6.0
2025-06-23 06:00:00,8.338226,6.130432,291.914,100581.27,51.25,6.0
2025-06-23 07:00:00,10.568558,5.8132324,291.73782,100591.09,51.25,6.0
2025-06-23 08:00:00,10.617218,5.361038,291.7932,100596.64,51.25,6.0
2025-06-23 09:00:00,10.188629,4.6888123,291.42023,100608.86,51.25,6.0
2025-06-23 10:00:00,9.570648,4.2982635,292.55307,100611.36,51.25,6.0
2025-06-23 11:00:00,10.636185,2.489273,293.8128,100617.17,51.25,6.0
2025-06-23 12:00:00,10.789978,-0.5982971,295.73798,100670.96,51.25,6.0
2025-06-23 13:00:00,9.756409,-2.3679047,295.06683,100710.64,51.25,6.0
2025-06-23 14:00:00,8.901245,-2.6092377,294.96942,100749.664,51.25,6.0
2025-06-23 15:00:00,8.98494,-2.656479,294.55557,100798.88,51.25,6.0
2025-06-23 16:00:00,8.734055,-2.715088,294.2783,100841.41,51.25,6.0
2025-06-23 17:00:00,8.149048,-2.8186798,293.56284,100890.86,51.25,6.0
2025-06-23 18:00:00,7.506546,-2.7476044,292.83356,100940.75,51.25,6.0
2025-06-23 19:00:00,6.231613,-2.478714,291.71454,100982.8,51.25,6.0
2025-06-23 20:00:00,4.825577,-1.8576355,290.45294,101002.34,51.25,6.0
2025-06-23 21:00:00,4.5861664,-0.8906555,288.36517,101019.0,51.25,6.0
2025-06-23 22:00:00,5.0094147,0.76316833,288.48972,101020.13,51.25,6.0
2025-06-23 23:00:00,5.8625946,2.723175,288.39465,101010.34,51.25,6.0
2025-06-24 00:00:00,6.498291,3.142868,287.99945,101019.65,51.25,6.0
2025-06-24 01:00:00,6.4920654,4.0183563,286.7024,100960.984,51.25,6.0
2025-06-24 02:00:00,6.5906525,4.602173,286.2033,100950.516,51.25,6.0
2025-06-24 03:00:00,6.761856,4.5043488,286.10852,100940.67,51.25,6.0
2025-06-24 04:00:00,6.3451996,4.7846527,285.8471,100898.875,51.25,6.0
2025-06-24 05:00:00,5.6680145,4.5204926,286.54117,100899.58,51.25,6.0
2025-06-24 06:00:00,6.5793304,4.16362,288.01813,100903.53,51.25,6.0
2025-06-24 07:00:00,6.858368,3.5211487,289.4913,100936.67,51.25,6.0
2025-06-24 08:00:00,6.644684,3.5227356,291.07285,100912.45,51.25,6.0
2025-06-24 09:00:00,7.328537,3.688858,291.675,100924.375,51.25,6.0
2025-06-24 10:00:00,6.071274,3.511139,293.4124,100888.65,51.25,6.0
2025-06-24 11:00:00,6.5190887,4.094116,293.15778,100898.34,51.25,6.0
2025-06-24 12:00:00,7.216507,4.0504,293.63898,100907.34,51.25,6.0
2025-06-24 13:00:00,9.730835,3.9004364,292.9919,100873.266,51.25,6.0
2025-06-24 14:00:00,10.063782,3.8180237,293.82843,100826.47,51.25,6.0
2025-06-24 15:00:00,9.732208,3.6680603,294.406,100795.97,51.25,6.0
2025-06-24 16:00:00,9.929367,2.965561,295.9406,100757.19,51.25,6.0
2025-06-24 17:00:00,9.979401,1.6052704,296.5641,100721.39,51.25,6.0
2025-06-24 18:00:00,7.86615,1.0571442,296.1228,100698.65,51.25,6.0
2025-06-24 19:00:00,6.544861,1.5756989,295.8647,100713.516,51.25,6.0
2025-06-24 20:00:00,6.133606,2.5969543,295.07245,100699.53,51.25,6.0
2025-06-24 21:00:00,6.623459,2.9172058,294.02438,100718.89,51.25,6.0
2025-06-24 22:00:00,8.526413,2.5579834,294.32568,100725.86,51.25,6.0
2025-06-24 23:00:00,7.9660797,1.8338776,294.13544,100713.05,51.25,6.0
2025-06-25 00:00:00,7.2404175,2.2242126,292.8092,100702.766,51.25,6.0
2025-06-25 01:00:00,7.1552277,2.987442,291.85464,100721.164,51.25,6.0
2025-06-25 02:00:00,7.2715607,2.8272858,291.80505,100731.25,51.25,6.0
2025-06-25 03:00:00,7.1934814,2.6121826,291.27563,100739.09,51.25,6.0
2025-06-25 04:00:00,6.263199,2.3917847,290.81137,100732.555,51.25,6.0
2025-06-25 05:00:00,5.8843536,2.4463806,291.41296,100761.375,51.25,6.0
2025-06-25 06:00:00,6.3871155,1.5092163,292.62177,100789.86,51.25,6.0
2025-06-25 07:00:00,5.305069,1.0001831,293.877,100823.86,51.25,6.0
2025-06-25 08:00:00,5.148758,1.3823242,295.26514,100852.56,51.25,6.0
2025-06-25 09:00:00,5.962616,1.7453461,296.82843,100872.31,51.25,6.0
2025-06-25 10:00:00,5.452286,1.4251862,298.4696,100852.59,51.25,6.0
2025-06-25 11:00:00,6.1297913,1.5858612,299.54425,100855.34,51.25,6.0
2025-06-25 12:00:00,5.7311096,1.3382874,301.30887,100832.13,51.25,6.0
2025-06-25 13:00:00,5.7157288,1.243103,301.21912,100790.5,51.25,6.0
2025-06-25 14:00:00,5.6198425,2.3126678,301.7312,100788.06,51.25,6.0
2025-06-25 15:00:00,5.2894287,2.2758942,302.30667,100753.95,51.25,6.0
2025-06-25 16:00:00,3.5340729,2.0536194,302.51044,100713.56,51.25,6.0
2025-06-25 17:00:00,2.1406097,0.8757019,301.33942,100677.14,51.25,6.0
2025-06-25 18:00:00,2.41716,-0.7762146,300.89655,100674.14,51.25,6.0
2025-06-25 19:00:00,-0.099365234,-2.151947,298.82214,100643.47,51.25,6.0
2025-06-25 20:00:00,-2.911972,-3.002594,297.04376,100605.8,51.25,6.0
2025-06-25 21:00:00,-4.544403,-2.5889282,295.38788,100611.3,51.25,6.0
2025-06-25 22:00:00,-4.989517,-0.48065186,293.50763,100565.88,51.25,6.0
2025-06-25 23:00:00,-6.3283386,0.27308655,293.21576,100526.164,51.25,6.0
2025-06-26 00:00:00,-4.3168335,0.9311371,292.94333,100543.91,51.25,6.0
2025-06-26 01:00:00,-2.652298,2.1462097,292.79236,100542.67,51.25,6.0
2025-06-26 02:00:00,-1.5314789,4.1666718,292.7168,100528.266,51.25,6.0
2025-06-26 03:00:00,-0.7780609,4.5651855,292.73938,100496.69,51.25,6.0
2025-06-26 04:00:00,1.0249329,4.907364,292.47345,100452.65,51.25,6.0
2025-06-26 05:00:00,5.0679626,5.3979034,292.2104,100474.87,51.25,6.0
2025-06-26 06:00:00,5.5607605,5.8258057,292.58887,100543.84,51.25,6.0
2025-06-26 07:00:00,4.7680664,5.997452,293.78125,100575.47,51.25,6.0
2025-06-26 08:00:00,5.6762543,5.6452484,294.8551,100601.78,51.25,6.0
2025-06-26 09:00:00,6.17688,3.570694,294.05237,100659.266,51.25,6.0
2025-06-26 10:00:00,6.915085,2.481308,294.3076,100595.09,51.25,6.0
2025-06-26 11:00:00,7.3849945,2.4322662,295.2486,100684.05,51.25,6.0
2025-06-26 12:00:00,7.585541,3.3009338,294.79022,100750.07,51.25,6.0
2025-06-26 13:00:00,8.531342,4.0694885,295.09048,100843.4,51.25,6.0
2025-06-26 14:00:00,9.882217,3.658783,295.36212,100878.83,51.25,6.0
2025-06-26 15:00:00,9.702179,3.9502106,295.75037,100920.375,51.25,6.0
2025-06-26 16:00:00,9.813248,3.8478851,296.214,100933.43,51.25,6.0
2025-06-26 17:00:00,10.157532,3.7356262,295.7094,100999.42,51.25,6.0
2025-06-26 18:00:00,9.177948,3.7329712,294.9054,101048.24,51.25,6.0
2025-06-26 19:00:00,8.2434845,3.9775696,294.57587,101087.625,51.25,6.0
2025-06-26 20:00:00,7.954895,4.269577,294.26276,101130.45,51.25,6.0
2025-06-26 21:00:00,8.522079,3.8061676,293.8747,101208.97,51.25,6.0
2025-06-26 22:00:00,7.941208,2.813385,292.90204,101266.31,51.25,6.0
2025-06-26 23:00:00,8.551727,2.422577,292.19568,101296.14,51.25,6.0
2025-06-27 00:00:00,7.799774,2.1960907,291.47406,101305.5,51.25,6.0
2025-06-27 01:00:00,7.07428,2.0779877,290.33,101345.81,51.25,6.0
2025-06-27 02:00:00,6.7613373,1.8382263,290.13232,101395.7,51.25,6.0
2025-06-27 03:00:00,5.919174,1.9172211,289.3105,101416.35,51.25,6.0
2025-06-27 04:00:00,6.3226013,1.6593323,289.64557,101464.516,51.25,6.0
2025-06-27 05:00:00,6.432144,1.0997467,289.45892,101556.05,51.25,6.0
2025-06-27 06:00:00,5.447052,1.8155212,288.89688,101607.95,51.25,6.0
2025-06-27 07:00:00,4.466446,2.1497345,288.742,101635.08,51.25,6.0
2025-06-27 08:00:00,4.8754272,1.9407654,289.67728,101666.55,51.25,6.0
2025-06-27 09:00:00,5.200241,1.6775818,290.9391,101734.516,51.25,6.0
2025-06-27 10:00:00,4.6851807,1.845398,291.38342,101774.72,51.25,6.0
2025-06-27 11:00:00,5.702774,1.3837128,293.29926,101747.94,51.25,6.0
2025-06-27 12:00:00,5.6420135,1.1279907,294.0285,101734.89,51.25,6.0
2025-06-27 13:00:00,5.594925,1.0991821,294.7672,101756.27,51.25,6.0
2025-06-27 14:00:00,5.9237366,1.4956665,295.3825,101752.69,51.25,6.0
2025-06-27 15:00:00,5.7497864,1.7399292,295.57468,101757.484,51.25,6.0
2025-06-27 16:00:00,5.547119,1.7759857,296.0526,101745.8,51.25,6.0
2025-06-27 17:00:00,5.3831635,2.0522919,295.99872,101741.29,51.25,6.0
2025-06-27 18:00:00,5.1056976,2.7937012,295.8305,101749.09,51.25,6.0
2025-06-27 19:00:00,4.5785065,3.0766754,295.3507,101755.41,51.25,6.0
2025-06-27 20:00:00,3.3879242,3.6159058,294.2063,101798.05,51.25,6.0
2025-06-27 21:00:00,3.0744019,4.724945,293.07593,101805.22,51.25,6.0
2025-06-27 22:00:00,4.4248505,5.083725,292.41113,101803.52,51.25,6.0
2025-06-27 23:00:00,6.5761414,3.9683685,292.0083,101837.08,51.25,6.0
2025-06-28 00:00:00,7.0374756,3.9125214,292.18268,101817.72,51.25,6.0
2025-06-28 01:00:00,7.2009125,3.823471,291.91125,101818.65,51.25,6.0
2025-06-28 02:00:00,7.1043396,3.6566772,291.697,101831.59,51.25,6.0
2025-06-28 03:00:00,6.8245697,3.8111572,291.5185,101835.01,51.25,6.0
2025-06-28 04:00:00,6.7404785,3.8316956,291.38306,101840.22,51.25,6.0
2025-06-28 05:00:00,6.667877,3.5022583,292.05798,101878.945,51.25,6.0
2025-06-28 06:00:00,7.390732,3.2645264,292.98004,101898.305,51.25,6.0
2025-06-28 07:00:00,7.4085846,2.673584,294.23132,101950.89,51.25,6.0
2025-06-28 08:00:00,6.8120117,2.371811,295.2426,101949.79,51.25,6.0
2025-06-28 09:00:00,6.74559,2.1276703,296.49255,101976.94,51.25,6.0
2025-06-28 10:00:00,5.7345276,2.3614044,298.77353,101983.34,51.25,6.0
2025-06-28 11:00:00,6.269165,2.2138214,298.90012,101968.76,51.25,6.0
2025-06-28 12:00:00,6.287689,2.1435852,300.6174,101957.625,51.25,6.0
2025-06-28 13:00:00,6.21994,2.0764465,300.313,101940.14,51.25,6.0
2025-06-28 14:00:00,6.0521545,1.9201965,300.70917,101915.2,51.25,6.0
2025-06-28 15:00:00,5.865555,1.6044617,301.19757,101917.59,51.25,6.0
2025-06-28 16:00:00,5.730713,1.4674683,301.05353,101884.87,51.25,6.0
2025-06-28 17:00:00,5.734268,1.1638184,300.071,101876.3,51.25,6.0
2025-06-28 18:00:00,5.219864,0.43377686,299.40622,101871.875,51.25,6.0
2025-06-28 19:00:00,5.06662,-0.108444214,298.14062,101874.414,51.25,6.0
2025-06-28 20:00:00,4.81662,-0.7410431,296.5236,101918.47,51.25,6.0
2025-06-28 21:00:00,4.5704956,-1.1515503,294.7781,101944.69,51.25,6.0
2025-06-28 22:00:00,4.742691,0.27816772,293.49146,101964.81,51.25,6.0
2025-06-28 23:00:00,5.33342,0.6261902,292.74704,101957.875,51.25,6.0
2025-06-29 00:00:00,6.080353,0.89541626,292.34912,101957.17,51.25,6.0
2025-06-29 01:00:00,6.161194,0.7853699,292.32803,101933.78,51.25,6.0
2025-06-29 02:00:00,5.7127686,0.85435486,291.70404,101924.86,51.25,6.0
2025-06-29 03:00:00,5.3153534,1.4548187,290.81305,101892.08,51.25,6.0
2025-06-29 04:00:00,5.056778,2.0263214,290.75598,101898.39,51.25,6.0
2025-06-29 05:00:00,5.013199,1.6816559,291.95483,101910.56,51.25,6.0
2025-06-29 06:00:00,4.075836,0.6489563,293.1723,101948.14,51.25,6.0
2025-06-29 07:00:00,3.593277,0.04963684,294.74792,101966.97,51.25,6.0
2025-06-29 08:00:00,3.0326996,-0.23240662,296.42987,101959.31,51.25,6.0
2025-06-29 09:00:00,2.8291626,-0.26626587,298.00555,101952.2,51.25,6.0
2025-06-29 10:00:00,2.0434875,-0.10491943,299.5082,101937.25,51.25,6.0
2025-06-29 11:00:00,3.111847,-0.94343567,300.57477,101919.37,51.25,6.0
2025-06-29 12:00:00,3.6679077,-1.8887787,301.50195,101890.35,51.25,6.0
2025-06-29 13:00:00,3.5981293,-2.5044403,301.94177,101885.17,51.25,6.0
2025-06-29 14:00:00,3.1672668,-2.5853271,302.57538,101847.445,51.25,6.0
2025-06-29 15:00:00,2.8594208,-2.7328491,302.71286,101807.55,51.25,6.0
2025-06-29 16:00:00,2.541977,-3.0813599,302.57074,101784.77,51.25,6.0
2025-06-29 17:00:00,2.0925903,-3.3687286,301.85406,101751.42,51.25,6.0
2025-06-29 18:00:00,1.2744141,-4.6154327,300.74268,101736.58,51.25,6.0
2025-06-29 19:00:00,0.0052948,-6.55011,299.13287,101736.97,51.25,6.0
2025-06-29 20:00:00,-1.3521423,-7.0805206,297.18542,101775.17,51.25,6.0
2025-06-29 21:00:00,-2.2897797,-6.494278,295.54706,101809.22,51.25,6.0
2025-06-29 22:00:00,-2.9031372,-5.5651855,294.30902,101807.03,51.25,6.0
2025-06-29 23:00:00,-3.8071136,-4.667221,293.35895,101810.28,51.25,6.0
2025-06-30 00:00:00,-4.43985,-3.7662964,292.53693,101787.09,51.25,6.0
2025-06-30 01:00:00,-4.851715,-3.1680756,291.0883,101772.484,51.25,6.0
2025-06-30 02:00:00,-5.103958,-2.4319153,290.97852,101736.66,51.25,6.0
2025-06-30 03:00:00,-5.1255035,-1.8056793,289.96686,101698.484,51.25,6.0
2025-06-30 04:00:00,-5.148361,-1.5142822,290.51953,101696.2,51.25,6.0
2025-06-30 05:00:00,-5.080414,-1.2286072,291.221,101684.625,51.25,6.0
2025-06-30 06:00:00,-3.9848022,-0.6961365,293.39954,101664.98,51.25,6.0
2025-06-30 07:00:00,-3.6187286,-0.43148804,295.5683,101657.71,51.25,6.0
2025-06-30 08:00:00,-3.4344177,-0.41036987,297.5541,101629.08,51.25,6.0
2025-06-30 09:00:00,-3.5998383,-0.017608643,299.43378,101603.875,51.25,6.0
2025-06-30 10:00:00,-3.6399536,-0.48550415,300.70435,101570.0,51.25,6.0
2025-06-30 11:00:00,-3.6867676,-0.13652039,301.88004,101501.94,51.25,6.0
2025-06-30 12:00:00,-3.5330963,0.28225708,302.87488,101446.31,51.25,6.0
2025-06-30 13:00:00,-3.23938,0.29411316,303.74896,101385.7,51.25,6.0
2025-06-30 14:00:00,-3.016037,-0.04685974,304.2115,101312.8,51.25,6.0
2025-06-30 15:00:00,-3.060501,-0.24589539,305.6807,101248.27,51.25,6.0
2025-06-30 16:00:00,-3.2070007,-0.23782349,304.68445,101216.14,51.25,6.0
2025-06-30 17:00:00,-3.4114685,-0.15670776,304.28363,101148.97,51.25,6.0
2025-06-30 18:00:00,-3.7164307,-0.5171356,303.59882,101123.33,51.25,6.0
2025-06-30 19:00:00,-4.4984436,-1.1154175,301.8606,101113.42,51.25,6.0
2025-06-30 20:00:00,-5.6063995,-1.4660645,299.62634,101135.78,51.25,6.0
2025-06-30 21:00:00,-6.244583,-1.20401,297.81177,101140.55,51.25,6.0
2025-06-30 22:00:00,-5.714966,-0.9510498,296.3275,101142.09,51.25,6.0
2025-06-30 23:00:00,-5.2329407,0.046203613,294.92142,101143.39,51.25,6.0
2025-07-01 00:00:00,-4.721817,1.2627411,293.77252,101120.53,51.25,6.0
2025-07-01 01:00:00,-4.1092834,2.1988068,292.2544,101109.78,51.25,6.0
2025-07-01 02:00:00,-3.494934,2.6319733,292.72565,101091.03,51.25,6.0
2025-07-01 03:00:00,-2.859497,2.613922,292.36627,101081.61,51.25,6.0
2025-07-01 04:00:00,-2.496872,2.6378632,293.2359,101073.25,51.25,6.0
2025-07-01 05:00:00,-2.2139587,2.7642822,295.45435,101068.2,51.25,6.0
2025-07-01 06:00:00,-1.4316711,2.285736,297.76828,101071.97,51.25,6.0
2025-07-01 07:00:00,-0.732666,1.4012756,300.14648,101091.086,51.25,6.0
2025-07-01 08:00:00,-0.5712433,1.3337555,302.55127,101092.17,51.25,6.0
2025-07-01 09:00:00,-0.55589294,1.3606262,304.67358,101078.68,51.25,6.0
2025-07-01 10:00:00,-1.0688934,1.1906128,306.15393,101082.586,51.25,6.0
2025-07-01 11:00:00,-0.13835144,2.0481415,307.3305,101018.96,51.25,6.0
2025-07-01 12:00:00,0.20262146,2.315567,308.29745,100982.766,51.25,6.0
2025-07-01 13:00:00,0.5676117,2.0854645,308.8725,100942.36,51.25,6.0
2025-07-01 14:00:00,0.7679596,1.864151,309.24036,100926.36,51.25,6.0
2025-07-01 15:00:00,0.6382599,1.9802856,310.3511,100881.94,51.25,6.0
2025-07-01 16:00:00,0.60569763,2.086441,309.29132,100874.09,51.25,6.0
2025-07-01 17:00:00,0.85795593,2.4335327,309.02557,100854.44,51.25,6.0
2025-07-01 18:00:00,0.6717987,2.3192902,308.1875,100851.29,51.25,6.0
2025-07-01 19:00:00,-0.25743103,2.4640808,305.37262,100863.7,51.25,6.0
2025-07-01 20:00:00,-1.2645721,3.2122955,301.63763,100871.86,51.25,6.0
2025-07-01 21:00:00,-1.8405457,4.445465,299.98352,100914.34,51.25,6.0
2025-07-01 22:00:00,0.24615479,3.8138275,299.31653,100918.39,51.25,6.0
2025-07-01 23:00:00,2.6370544,3.4336548,297.55627,100929.97,51.25,6.0
2025-07-02 00:00:00,3.6983948,2.110489,297.2021,100915.39,51.25,6.0
2025-07-02 01:00:00,3.6516876,1.3031769,296.229,100900.53,51.25,6.0
2025-07-02 02:00:00,3.9156647,1.1150208,295.52344,100888.92,51.25,6.0
2025-07-02 03:00:00,3.4410706,1.4755402,294.84158,100885.36,51.25,6.0
2025-07-02 04:00:00,2.708786,1.6247864,294.76758,100901.38,51.25,6.0
2025-07-02 05:00:00,2.2330933,0.7801666,296.15494,100915.4,51.25,6.0
2025-07-02 06:00:00,1.2946014,-0.57780457,298.56323,100936.81,51.25,6.0
2025-07-02 07:00:00,-0.2703247,-0.13116455,300.9809,100928.16,51.25,6.0
2025-07-02 08:00:00,-0.8469696,0.735199,302.9749,100910.94,51.25,6.0
2025-07-02 09:00:00,-0.6505432,1.4654388,304.80423,100885.73,51.25,6.0
2025-07-02 10:00:00,-1.3703918,0.08833313,306.83945,100789.89,51.25,6.0
2025-07-02 11:00:00,0.4368744,1.8309174,308.6949,100754.5,51.25,6.0
2025-07-02 12:00:00,0.8426819,3.436615,309.6208,100748.2,51.25,6.0
2025-07-02 13:00:00,2.2990723,4.3159637,309.2151,100727.695,51.25,6.0
2025-07-02 14:00:00,6.429184,0.4133606,307.58746,100820.9,51.25,6.0
2025-07-02 15:00:00,4.6990814,-4.727234,306.2669,100794.14,51.25,6.0
2025-07-02 16:00:00,5.5322266,-6.302292,300.57507,100810.26,51.25,6.0
2025-07-02 17:00:00,8.128845,-7.67778,296.2422,100937.53,51.25,6.0
2025-07-02 18:00:00,5.82045,-6.425186,294.96783,101036.39,51.25,6.0
2025-07-02 19:00:00,4.6459045,-5.1224365,293.22452,101095.3,51.25,6.0
2025-07-02 20:00:00,6.0397034,-5.1013184,292.37866,101227.39,51.25,6.0
2025-07-02 21:00:00,5.6720886,-4.6388245,292.10547,101331.06,51.25,6.0
2025-07-02 22:00:00,4.82045,-3.8142242,291.07837,101422.81,51.25,6.0
2025-07-02 23:00:00,5.4190216,-4.55867,290.54483,101457.484,51.25,6.0
2025-07-03 00:00:00,5.3119354,-4.4852295,290.10675,101544.06,51.25,6.0
2025-07-03 01:00:00,5.4571686,-4.5934296,289.25894,101628.61,51.25,6.0
2025-07-03 02:00:00,4.9074707,-4.130661,288.39307,101688.66,51.25,6.0
2025-07-03 03:00:00,5.018448,-3.9884338,287.5746,101727.87,51.25,6.0
2025-07-03 04:00:00,4.9785614,-3.9943542,287.2563,101792.03,51.25,6.0
2025-07-03 05:00:00,4.5038147,-3.9223785,288.13727,101867.8,51.25,6.0
2025-07-03 06:00:00,4.135254,-3.7137756,289.1293,101944.125,51.25,6.0
2025-07-03 07:00:00,3.7339325,-3.4390106,290.1231,102022.4,51.25,6.0
2025-07-03 08:00:00,3.573822,-3.5360718,291.4489,102068.25,51.25,6.0
2025-07-03 09:00:00,3.3096924,-3.604248,293.32733,102107.22,51.25,6.0
2025-07-03 10:00:00,3.0411072,-2.3939972,293.52466,102153.5,51.25,6.0
2025-07-03 11:00:00,3.2110748,-2.8203278,295.63754,102157.516,51.25,6.0
2025-07-03 12:00:00,2.783371,-3.0891266,295.26126,102156.58,51.25,6.0
2025-07-03 13:00:00,2.441269,-3.294403,296.78558,102154.17,51.25,6.0
2025-07-03 14:00:00,1.9553986,-3.5649414,296.3687,102138.89,51.25,6.0
2025-07-03 15:00:00,1.7588043,-3.7162323,297.23138,102104.82,51.25,6.0
2025-07-03 16:00:00,1.6124725,-3.9143066,296.34988,102092.34,51.25,6.0
2025-07-03 17:00:00,1.2963715,-3.867035,295.9321,102085.17,51.25,6.0
2025-07-03 18:00:00,1.2423706,-4.4721985,295.14246,102091.67,51.25,6.0
2025-07-03 19:00:00,1.4311218,-5.7599792,293.92535,102105.95,51.25,6.0
2025-07-03 20:00:00,1.413147,-6.883789,291.7958,102150.86,51.25,6.0
2025-07-03 21:00:00,1.1821136,-6.817093,289.25784,102235.17,51.25,6.0
2025-07-03 22:00:00,0.64149475,-6.489624,288.0548,102258.66,51.25,6.0
2025-07-03 23:00:00,-0.29075623,-5.2611237,287.7813,102266.695,51.25,6.0
2025-07-04 00:00:00,-0.25602722,-4.3405914,286.53265,102286.41,51.25,6.0
2025-07-04 01:00:00,-0.31678772,-3.793457,284.51807,102300.06,51.25,6.0
2025-07-04 02:00:00,-0.5114136,-3.1015778,284.24567,102284.14,51.25,6.0
2025-07-04 03:00:00,-0.32865906,-2.41008,283.0882,102277.82,51.25,6.0
2025-07-04 04:00:00,0.6124878,-2.6398773,283.367,102287.43,51.25,6.0
2025-07-04 05:00:00,1.1832428,-2.6956635,285.80676,102309.66,51.25,6.0
2025-07-04 06:00:00,1.0760956,-1.5105896,288.63153,102341.81,51.25,6.0
2025-07-04 07:00:00,0.9692383,-0.59991455,290.8073,102365.28,51.25,6.0
2025-07-04 08:00:00,0.8666687,-0.0016937256,292.56552,102372.266,51.25,6.0
2025-07-04 09:00:00,0.8301697,0.2428894,293.95428,102341.81,51.25,6.0
2025-07-04 10:00:00,1.4507446,0.036819458,296.0315,102305.7,51.25,6.0
2025-07-04 11:00:00,1.6200409,0.27478027,296.30994,102261.67,51.25,6.0
2025-07-04 12:00:00,1.6864319,-0.1712799,297.17584,102152.414,51.25,6.0
2025-07-04 13:00:00,1.9720917,-0.12269592,298.49933,102106.7,51.25,6.0
2025-07-04 14:00:00,2.4017792,0.24612427,298.11102,102054.25,51.25,6.0
2025-07-04 15:00:00,2.6930542,0.6383362,298.67645,101987.36,51.25,6.0
2025-07-04 16:00:00,2.6548615,1.0636444,299.86865,101892.83,51.25,6.0
2025-07-04 17:00:00,2.7879486,1.6075592,298.54382,101838.86,51.25,6.0
2025-07-04 18:00:00,3.0554504,2.1282349,298.00888,101800.8,51.25,6.0
2025-07-04 19:00:00,3.1606445,2.777359,296.42468,101772.06,51.25,6.0
2025-07-04 20:00:00,3.7091675,2.9093628,292.97992,101747.49,51.25,6.0
2025-07-04 21:00:00,4.0266724,2.6520233,290.77045,101725.16,51.25,6.0
2025-07-04 22:00:00,3.952896,3.6631927,288.72052,101688.1,51.25,6.0
2025-07-04 23:00:00,4.392563,3.6468658,288.81915,101659.875,51.25,6.0
2025-07-05 00:00:00,5.0773926,3.6080017,288.48737,101610.9,51.25,6.0
2025-07-05 01:00:00,5.511139,3.6581726,287.93774,101558.25,51.25,6.0
2025-07-05 02:00:00,5.698807,3.7190094,288.01855,101494.16,51.25,6.0
2025-07-05 03:00:00,5.796219,3.8826447,287.438,101439.19,51.25,6.0
2025-07-05 04:00:00,5.7101135,4.259369,287.88937,101395.86,51.25,6.0
2025-07-05 05:00:00,5.339676,4.3799133,288.8333,101350.31,51.25,6.0
2025-07-05 06:00:00,4.968796,4.006134,290.17102,101331.38,51.25,6.0
2025-07-05 07:00:00,5.401016,3.5194702,291.83084,101312.58,51.25,6.0
2025-07-05 08:00:00,5.399109,3.5981445,292.53394,101270.84,51.25,6.0
2025-07-05 09:00:00,5.4933167,3.7705383,295.28583,101206.67,51.25,6.0
2025-07-05 10:00:00,5.367218,4.137192,297.21707,101159.06,51.25,6.0
2025-07-05 11:00:00,5.5272827,3.4897766,297.7647,101111.28,51.25,6.0
2025-07-05 12:00:00,6.244751,3.1952362,298.50897,101058.79,51.25,6.0
2025-07-05 13:00:00,6.90506,3.2531433,298.81592,101026.234,51.25,6.0
2025-07-05 14:00:00,7.2684784,2.5216827,298.711,101002.08,51.25,6.0
2025-07-05 15:00:00,6.971451,2.4598846,299.37512,100960.03,51.25,6.0
2025-07-05 16:00:00,6.610901,2.8261108,298.53473,100921.86,51.25,6.0
2025-07-05 17:00:00,6.728348,3.1028442,296.7746,100902.39,51.25,6.0
2025-07-05 18:00:00,6.800354,2.8832092,294.54718,100895.66,51.25,6.0
2025-07-05 19:00:00,6.373459,3.1499176,293.26752,100896.53,51.25,6.0
2025-07-05 20:00:00,6.506546,3.7037811,292.04193,100866.375,51.25,6.0
2025-07-05 21:00:00,6.8431396,3.9532013,291.8296,100834.0,51.25,6.0
2025-07-05 22:00:00,5.884842,4.156006,290.76855,100798.56,51.25,6.0
2025-07-05 23:00:00,5.8331604,4.463455,290.21027,100747.31,51.25,6.0
2025-07-06 00:00:00,6.0355988,5.2366486,290.238,100694.66,51.25,6.0
2025-07-06 01:00:00,6.290451,5.111313,290.73212,100630.14,51.25,6.0
2025-07-06 02:00:00,6.1873016,5.0179596,290.98145,100595.14,51.25,6.0
2025-07-06 03:00:00,5.848755,4.9700165,291.00085,100548.89,51.25,6.0
2025-07-06 04:00:00,5.182907,5.3913727,290.77448,100496.24,51.25,6.0
2025-07-06 05:00:00,4.1237335,5.7211304,290.99185,100451.34,51.25,6.0
2025-07-06 06:00:00,4.0778503,6.1058655,291.01743,100430.9,51.25,6.0
2025-07-06 07:00:00,5.298111,6.66745,291.27094,100383.97,51.25,6.0
2025-07-06 08:00:00,4.1899567,6.846054,290.93295,100358.61,51.25,6.0
2025-07-06 09:00:00,3.9160156,7.248825,290.41504,100313.734,51.25,6.0
2025-07-06 10:00:00,2.7951355,4.7400513,289.2229,100283.19,51.25,6.0
2025-07-06 11:00:00,2.9046326,5.0137177,288.52667,100271.08,51.25,6.0
2025-07-06 12:00:00,2.9701996,5.8119354,288.55927,100211.945,51.25,6.0
2025-07-06 13:00:00,3.4891052,5.996521,288.29947,100176.984,51.25,6.0
2025-07-06 14:00:00,4.3007965,5.786789,288.66635,100141.5,51.25,6.0
2025-07-06 15:00:00,4.333725,5.2332,288.9895,100134.39,51.25,6.0
2025-07-06 16:00:00,4.446213,4.9660797,289.5056,100067.59,51.25,6.0
2025-07-06 17:00:00,4.5423126,4.7426147,289.84222,100033.734,51.25,6.0
2025-07-06 18:00:00,4.6498413,4.7080536,289.8062,100015.31,51.25,6.0
2025-07-06 19:00:00,5.0220337,4.24588,289.7279,99976.0,51.25,6.0
2025-07-06 20:00:00,5.516144,3.0592651,289.41132,99993.59,51.25,6.0
2025-07-06 21:00:00,5.1180115,2.1987915,289.14545,99999.45,51.25,6.0
2025-07-06 22:00:00,4.847992,4.6958313,289.2716,100024.09,51.25,6.0
2025-07-06 23:00:00,4.737381,3.1684418,289.13742,99927.72,51.25,6.0
2025-07-07 00:00:00,5.340454,3.45578,288.71503,99921.35,51.25,6.0
2025-07-07 01:00:00,5.3486633,2.2717896,288.51053,99908.89,51.25,6.0
2025-07-07 02:00:00,4.9493256,1.2260284,288.4688,99894.266,51.25,6.0
2025-07-07 03:00:00,4.844345,0.7153778,288.3631,99860.766,51.25,6.0
2025-07-07 04:00:00,4.4359894,0.15002441,288.20715,99841.734,51.25,6.0
2025-07-07 05:00:00,4.682083,-0.87586975,288.32214,99851.836,51.25,6.0
2025-07-07 06:00:00,4.35585,-1.1909485,288.70712,99856.69,51.25,6.0
2025-07-07 07:00:00,3.7480621,-0.5559082,289.1197,99884.766,51.25,6.0
2025-07-07 08:00:00,3.8927917,-0.8655243,289.91254,99889.84,51.25,6.0
2025-07-07 09:00:00,4.513153,-1.747406,291.1504,99889.28,51.25,6.0
2025-07-07 10:00:00,3.6029358,-2.3830566,291.04028,99958.76,51.25,6.0
2025-07-07 11:00:00,3.6265106,-4.3542786,291.23163,99980.91,51.25,6.0
2025-07-07 12:00:00,3.7588043,-5.561966,291.92737,100010.06,51.25,6.0
2025-07-07 13:00:00,3.8918,-6.316818,292.29837,100079.91,51.25,6.0
2025-07-07 14:00:00,3.6968079,-6.650635,292.47354,100116.68,51.25,6.0
2025-07-07 15:00:00,3.7518768,-6.6214294,292.02753,100176.234,51.25,6.0
2025-07-07 16:00:00,4.033432,-7.163101,291.66052,100234.22,51.25,6.0
2025-07-07 17:00:00,4.4980164,-7.1749268,291.6196,100298.016,51.25,6.0
2025-07-07 18:00:00,4.965561,-6.74498,290.7636,100368.22,51.25,6.0
2025-07-07 19:00:00,5.5202026,-6.615814,289.65588,100449.44,51.25,6.0
2025-07-07 20:00:00,5.5145264,-5.7269135,288.79675,100530.72,51.25,6.0
2025-07-07 21:00:00,5.3578796,-4.20665,287.55615,100566.984,51.25,6.0
2025-07-07 22:00:00,5.0264435,-2.2411041,286.5459,100574.37,51.25,6.0
2025-07-07 23:00:00,5.6877747,-1.3598175,285.1057,100594.55,51.25,6.0
2025-07-08 00:00:00,5.8910522,-0.14738464,285.26697,100585.63,51.25,6.0
2025-07-08 01:00:00,5.9035034,0.32888794,285.053,100596.67,51.25,6.0
2025-07-08 02:00:00,5.58934,0.70454407,285.05505,100604.17,51.25,6.0
2025-07-08 03:00:00,5.2738647,0.5054321,284.9232,100614.9,51.25,6.0
2025-07-08 04:00:00,4.8493347,0.41334534,285.19205,100636.42,51.25,6.0
2025-07-08 05:00:00,4.2780914,0.36927795,285.47006,100660.86,51.25,6.0
2025-07-08 06:00:00,4.1628113,-0.17350769,286.1817,100694.78,51.25,6.0
2025-07-08 07:00:00,3.828186,-1.0886841,287.02783,100720.51,51.25,6.0
2025-07-08 08:00:00,3.5178375,-2.0722656,287.76675,100741.8,51.25,6.0
2025-07-08 09:00:00,3.8580627,-2.4482727,288.7699,100784.02,51.25,6.0
2025-07-08 10:00:00,3.4435272,-1.8010712,289.47028,100840.6,51.25,6.0
2025-07-08 11:00:00,4.1101837,-1.7655029,290.37817,100897.125,51.25,6.0
2025-07-08 12:00:00,5.0582275,-2.3891754,291.45065,100915.06,51.25,6.0
2025-07-08 13:00:00,5.58255,-2.8645935,291.29553,100977.695,51.25,6.0
2025-07-08 14:00:00,5.8826904,-3.228775,291.9477,101016.695,51.25,6.0
2025-07-08 15:00:00,6.1531677,-3.84523,292.78714,101056.266,51.25,6.0
2025-07-08 16:00:00,6.4878693,-4.5975494,292.38718,101080.26,51.25,6.0
2025-07-08 17:00:00,6.6792603,-4.977829,291.36115,101092.39,51.25,6.0
2025-07-08 18:00:00,6.3318787,-4.437042,290.46423,101167.016,51.25,6.0
2025-07-08 19:00:00,6.1048584,-3.6072083,289.5653,101212.375,51.25,6.0
2025-07-08 20:00:00,5.9187927,-3.0013885,288.78015,101263.08,51.25,6.0
2025-07-08 21:00:00,5.550415,-2.1781616,288.4724,101333.47,51.25,6.0
2025-07-08 22:00:00,4.4147186,-1.3946533,287.85864,101370.35,51.25,6.0
2025-07-08 23:00:00,5.4482117,-0.17462158,287.18173,101425.984,51.25,6.0
2025-07-09 00:00:00,6.107239,0.2814331,286.84113,101431.33,51.25,6.0
2025-07-09 01:00:00,6.154663,-0.1306305,286.3449,101477.86,51.25,6.0
2025-07-09 02:00:00,5.7573547,-0.3027649,286.25592,101470.41,51.25,6.0
2025-07-09 03:00:00,5.2591553,-0.059432983,286.46155,101471.53,51.25,6.0
2025-07-09 04:00:00,5.188385,0.19697571,286.6285,101487.5,51.25,6.0
2025-07-09 05:00:00,4.7117157,0.7420349,286.7564,101503.67,51.25,6.0
2025-07-09 06:00:00,3.5361938,0.9166107,287.90442,101544.0,51.25,6.0
2025-07-09 07:00:00,3.583435,-0.44137573,289.60034,101582.28,51.25,6.0
2025-07-09 08:00:00,3.792801,-0.8859253,291.0628,101589.47,51.25,6.0
2025-07-09 09:00:00,4.1935577,-1.3941498,292.2172,101596.84,51.25,6.0
2025-07-09 10:00:00,3.5297089,-1.4507294,292.8794,101610.53,51.25,6.0
2025-07-09 11:00:00,3.3041992,-1.7562103,293.63998,101616.9,51.25,6.0
2025-07-09 12:00:00,2.9863434,-2.3181915,294.02295,101601.7,51.25,6.0
2025-07-09 13:00:00,2.8847961,-3.0506897,295.22653,101617.766,51.25,6.0
2025-07-09 14:00:00,2.4681854,-3.2493896,295.92926,101604.13,51.25,6.0
2025-07-09 15:00:00,2.5037231,-3.164734,296.18433,101585.33,51.25,6.0
2025-07-09 16:00:00,2.5910492,-3.3837738,296.61142,101594.39,51.25,6.0
2025-07-09 17:00:00,2.4864197,-3.7350922,296.6532,101590.36,51.25,6.0
2025-07-09 18:00:00,1.8890533,-3.892685,295.71542,101616.38,51.25,6.0
2025-07-09 19:00:00,1.3640747,-4.0948944,293.86255,101634.94,51.25,6.0
2025-07-09 20:00:00,0.9760132,-4.6520996,289.78903,101673.4,51.25,6.0
2025-07-09 21:00:00,0.40844727,-4.8590546,288.5188,101701.36,51.25,6.0
2025-07-09 22:00:00,-0.928421,-4.6390686,286.18686,101705.69,51.25,6.0
2025-07-09 23:00:00,-1.7311096,-4.085617,285.58148,101734.92,51.25,6.0
2025-07-10 00:00:00,-2.4729767,-2.8362427,284.9307,101720.55,51.25,6.0
2025-07-10 01:00:00,-2.5753937,-1.5032196,284.71313,101723.21,51.25,6.0
2025-07-10 02:00:00,-2.270111,-0.39019775,285.0055,101708.28,51.25,6.0
2025-07-10 03:00:00,-1.4926147,0.4353943,284.80597,101709.0,51.25,6.0
2025-07-10 04:00:00,-0.29844666,1.119751,283.79065,101730.69,51.25,6.0
2025-07-10 05:00:00,0.8871002,1.3876343,285.64044,101730.28,51.25,6.0
2025-07-10 06:00:00,1.6638794,1.0319366,288.62857,101737.11,51.25,6.0
2025-07-10 07:00:00,0.96035767,0.18244934,291.76828,101762.31,51.25,6.0
2025-07-10 08:00:00,0.85813904,-0.21586609,293.52283,101777.38,51.25,6.0
2025-07-10 09:00:00,0.9000397,-0.76130676,295.75323,101773.59,51.25,6.0
2025-07-10 10:00:00,0.9519806,-1.03508,296.00372,101729.3,51.25,6.0
2025-07-10 11:00:00,1.3684082,-1.351944,296.86523,101702.58,51.25,6.0
2025-07-10 12:00:00,2.2692566,-3.330246,298.1002,101677.22,51.25,6.0
2025-07-10 13:00:00,1.6349182,-3.9440308,297.8932,101661.53,51.25,6.0
2025-07-10 14:00:00,0.8905182,-4.4986115,298.38867,101662.69,51.25,6.0
2025-07-10 15:00:00,0.5058899,-4.39328,298.05988,101617.93,51.25,6.0
2025-07-10 16:00:00,0.8915405,-4.380371,298.03662,101587.68,51.25,6.0
2025-07-10 17:00:00,0.67585754,-4.75795,297.53275,101571.16,51.25,6.0
2025-07-10 18:00:00,-0.21990967,-4.777466,296.8944,101559.3,51.25,6.0
2025-07-10 19:00:00,-0.7362976,-5.251831,295.7227,101598.984,51.25,6.0
2025-07-10 20:00:00,-0.87039185,-5.647827,293.90518,101598.95,51.25,6.0
2025-07-10 21:00:00,-0.71162415,-6.1635895,292.21594,101621.19,51.25,6.0
2025-07-10 22:00:00,-0.78344727,-6.1037445,291.12537,101620.05,51.25,6.0
2025-07-10 23:00:00,-0.91438293,-5.8237915,289.92328,101596.84,51.25,6.0
2025-07-11 00:00:00,-1.1139221,-5.3433533,289.61334,101612.43,51.25,6.0
2025-07-11 01:00:00,-1.4347534,-5.166153,289.24417,101611.72,51.25,6.0
2025-07-11 02:00:00,-1.8444672,-4.608246,288.16055,101596.3,51.25,6.0
2025-07-11 03:00:00,-1.7424164,-3.9252167,287.84564,101586.234,51.25,6.0
2025-07-11 04:00:00,-1.0245514,-2.9437866,287.8645,101560.234,51.25,6.0
2025-07-11 05:00:00,-0.28884888,-3.0695648,288.9002,101554.92,51.25,6.0
2025-07-11 06:00:00,-0.15724182,-3.102951,290.341,101576.336,51.25,6.0
2025-07-11 07:00:00,-0.62213135,-4.062683,291.1835,101593.89,51.25,6.0
2025-07-11 08:00:00,-0.6666107,-4.209717,292.6731,101594.42,51.25,6.0
2025-07-11 09:00:00,-0.54382324,-4.354828,292.9048,101565.99,51.25,6.0
2025-07-11 10:00:00,-0.76097107,-3.4283142,294.52902,101565.33,51.25,6.0
2025-07-11 11:00:00,-0.483078,-3.6931763,294.55478,101545.55,51.25,6.0
2025-07-11 12:00:00,-0.2653656,-3.4564056,295.94794,101514.64,51.25,6.0
2025-07-11 13:00:00,0.14320374,-3.79982,296.6435,101468.0,51.25,6.0
2025-07-11 14:00:00,0.40403748,-4.4098663,296.22836,101443.2,51.25,6.0
2025-07-11 15:00:00,0.55133057,-4.6913605,297.20447,101390.984,51.25,6.0
2025-07-11 16:00:00,0.5565491,-4.5542297,296.82434,101360.42,51.25,6.0
2025-07-11 17:00:00,0.49775696,-4.559326,297.02386,101313.11,51.25,6.0
2025-07-11 18:00:00,0.19499207,-4.380966,296.6223,101270.22,51.25,6.0
2025-07-11 19:00:00,0.2475586,-4.3793945,294.9734,101252.55,51.25,6.0
2025-07-11 20:00:00,0.20495605,-4.947006,293.41232,101244.95,51.25,6.0
2025-07-11 21:00:00,0.19735718,-5.5841827,291.90973,101264.33,51.25,6.0
2025-07-11 22:00:00,-0.9220123,-5.5974426,290.27106,101243.766,51.25,6.0
2025-07-11 23:00:00,-0.24421692,-5.6045227,290.0484,101217.86,51.25,6.0
2025-07-12 00:00:00,-0.2567749,-5.424637,289.15588,101199.64,51.25,6.0
2025-07-12 01:00:00,-1.1358032,-5.4196014,288.15515,101190.53,51.25,6.0
2025-07-12 02:00:00,-1.6544342,-4.781662,287.95258,101196.08,51.25,6.0
2025-07-12 03:00:00,-1.4701385,-4.17688,287.847,101162.86,51.25,6.0
2025-07-12 04:00:00,-0.8634796,-3.8653717,288.0555,101146.125,51.25,6.0
2025-07-12 05:00:00,0.2064209,-3.2527618,288.7161,101123.484,51.25,6.0
2025-07-12 06:00:00,0.7121582,-2.835495,289.09537,101108.62,51.25,6.0
2025-07-12 07:00:00,0.8785095,-3.0413208,289.58862,101122.97,51.25,6.0
2025-07-12 08:00:00,1.2651367,-3.2351685,291.1162,101109.84,51.25,6.0
2025-07-12 09:00:00,1.4218597,-3.5025024,291.83908,101071.016,51.25,6.0
2025-07-12 10:00:00,1.2408752,-2.4525604,294.23645,101070.41,51.25,6.0
2025-07-12 11:00:00,1.4932404,-1.8841248,294.90503,100993.34,51.25,6.0
2025-07-12 12:00:00,1.7533112,-2.4069061,298.01978,100974.734,51.25,6.0
2025-07-12 13:00:00,1.6457062,-3.4186707,299.1746,100905.0,51.25,6.0
2025-07-12 14:00:00,1.1685638,-4.3611755,300.00656,100838.47,51.25,6.0
2025-07-12 15:00:00,1.5557556,-4.6737823,300.0985,100782.67,51.25,6.0
2025-07-12 16:00:00,2.3843384,-5.1269684,299.92368,100754.5,51.25,6.0
2025-07-12 17:00:00,2.6176453,-5.767853,299.03217,100711.18,51.25,6.0
2025-07-12 18:00:00,2.8763885,-5.9102173,297.88397,100684.92,51.25,6.0
2025-07-12 19:00:00,3.1335297,-6.2485046,296.6458,100695.72,51.25,6.0
2025-07-12 20:00:00,3.5878143,-5.5920258,295.08823,100727.28,51.25,6.0
2025-07-12 21:00:00,3.8038483,-4.7811127,293.66806,100719.016,51.25,6.0
2025-07-12 22:00:00,3.5593872,-5.6638184,292.3145,100700.195,51.25,6.0
2025-07-12 23:00:00,2.8772278,-5.7154236,291.43704,100684.516,51.25,6.0
2025-07-13 00:00:00,2.7636414,-4.216934,291.08383,100692.42,51.25,6.0
2025-07-13 01:00:00,2.196518,-4.046341,290.665,100699.41,51.25,6.0
2025-07-13 02:00:00,1.7802277,-3.118866,289.87054,100665.875,51.25,6.0
2025-07-13 03:00:00,2.1327362,-2.1859741,289.48212,100606.66,51.25,6.0
2025-07-13 04:00:00,2.0641632,-2.7405853,289.49734,100613.22,51.25,6.0
2025-07-13 05:00:00,1.2912903,-3.08284,289.99103,100623.266,51.25,6.0
2025-07-13 06:00:00,0.5272827,-2.1311646,291.00403,100635.375,51.25,6.0
2025-07-13 07:00:00,0.7268524,-0.89686584,291.77927,100652.2,51.25,6.0
2025-07-13 08:00:00,1.4189911,-0.4465332,292.42035,100657.79,51.25,6.0
2025-07-13 09:00:00,1.8845978,0.22688293,293.3446,100653.08,51.25,6.0
2025-07-13 10:00:00,1.365509,0.79429626,295.1018,100667.7,51.25,6.0
2025-07-13 11:00:00,1.583847,0.24432373,295.88385,100663.89,51.25,6.0
2025-07-13 12:00:00,1.807251,0.13232422,295.7119,100645.57,51.25,6.0
2025-07-13 13:00:00,2.2221222,0.19226074,296.6917,100609.01,51.25,6.0
2025-07-13 14:00:00,2.9430084,0.026031494,298.4787,100591.266,51.25,6.0
2025-07-13 15:00:00,3.3920898,-0.6037903,299.04535,100566.125,51.25,6.0
2025-07-13 16:00:00,3.3735046,-1.0506897,299.06354,100541.49,51.25,6.0
2025-07-13 17:00:00,3.1828613,-1.2687836,298.2118,100518.86,51.25,6.0
2025-07-13 18:00:00,2.5967712,-1.6965942,297.57993,100535.14,51.25,6.0
2025-07-13 19:00:00,1.6312714,-2.9181824,296.50818,100559.766,51.25,6.0
2025-07-13 20:00:00,0.6139984,-3.9078674,293.67047,100624.74,51.25,6.0
2025-07-13 21:00:00,-0.52033997,-3.8656464,291.4969,100642.0,51.25,6.0
2025-07-13 22:00:00,-1.3216705,-2.688034,289.77167,100623.734,51.25,6.0
2025-07-13 23:00:00,-1.8269501,-0.79704285,289.88623,100665.98,51.25,6.0
2025-07-14 00:00:00,-1.7381897,0.5804291,289.94305,100647.805,51.25,6.0
2025-07-14 01:00:00,-0.5307312,1.6270599,290.1726,100657.78,51.25,6.0
2025-07-14 02:00:00,1.1955261,1.8094788,289.22278,100656.19,51.25,6.0
2025-07-14 03:00:00,2.6463165,1.3171692,287.32324,100655.45,51.25,6.0
2025-07-14 04:00:00,3.4905396,0.9005127,287.4886,100683.55,51.25,6.0
2025-07-14 05:00:00,4.1193237,0.7364502,289.02457,100712.12,51.25,6.0
2025-07-14 06:00:00,4.131134,0.97229004,291.21906,100763.03,51.25,6.0
2025-07-14 07:00:00,3.9058685,0.9411621,293.51,100807.89,51.25,6.0
2025-07-14 08:00:00,5.2105255,0.9596405,295.07663,100862.55,51.25,6.0
2025-07-14 09:00:00,5.4455414,1.2754974,296.05194,100895.64,51.25,6.0
2025-07-14 10:00:00,4.838257,0.58132935,297.32373,100946.234,51.25,6.0
2025-07-14 11:00:00,6.1716156,1.9479218,297.2299,100978.234,51.25,6.0
2025-07-14 12:00:00,6.6310577,2.3434296,298.03857,100997.09,51.25,6.0
2025-07-14 13:00:00,6.929306,1.7989807,299.40405,101008.05,51.25,6.0
2025-07-14 14:00:00,6.6814575,0.887558,299.5615,101030.45,51.25,6.0
2025-07-14 15:00:00,6.2925415,0.1581726,298.82776,101020.11,51.25,6.0
2025-07-14 16:00:00,5.8951263,0.43499756,297.67505,101010.47,51.25,6.0
2025-07-14 17:00:00,5.442276,0.5685272,298.42755,100989.39,51.25,6.0
2025-07-14 18:00:00,5.2205353,0.8671112,297.8932,101021.01,51.25,6.0
2025-07-14 19:00:00,4.8816986,0.90779114,296.29047,101052.04,51.25,6.0
2025-07-14 20:00:00,5.5346985,0.48854065,294.38153,101105.234,51.25,6.0
2025-07-14 21:00:00,5.4951935,-0.1572876,293.02838,101169.45,51.25,6.0
2025-07-14 22:00:00,4.659897,-1.0652161,291.16864,101174.36,51.25,6.0
2025-07-14 23:00:00,5.2227783,-0.6286926,291.54413,101183.65,51.25,6.0
2025-07-15 00:00:00,6.8152466,0.48493958,291.74084,101220.25,51.25,6.0
2025-07-15 01:00:00,7.27153,0.9946747,291.10342,101249.53,51.25,6.0
2025-07-15 02:00:00,6.0428925,1.7597656,290.26544,101262.53,51.25,6.0
2025-07-15 03:00:00,5.519409,3.0890045,289.2464,101264.66,51.25,6.0
2025-07-15 04:00:00,5.717453,4.076004,288.63074,101288.97,51.25,6.0
2025-07-15 05:00:00,5.502289,4.3524323,288.47485,101263.97,51.25,6.0
2025-07-15 06:00:00,6.4409637,3.1439972,289.5603,101293.945,51.25,6.0
2025-07-15 07:00:00,6.5474854,1.7565613,291.1777,101315.984,51.25,6.0
2025-07-15 08:00:00,6.283539,0.68782043,292.354,101340.734,51.25,6.0
2025-07-15 09:00:00,5.5135803,0.6612549,293.66617,101347.55,51.25,6.0
2025-07-15 10:00:00,6.6206665,2.204605,295.04517,101328.375,51.25,6.0
2025-07-15 11:00:00,7.1242676,2.5778656,295.9854,101308.41,51.25,6.0
2025-07-15 12:00:00,7.2667236,2.2730865,296.35522,101298.4,51.25,6.0
2025-07-15 13:00:00,7.1402435,1.8444977,297.7218,101249.21,51.25,6.0
2025-07-15 14:00:00,7.0935516,1.6282806,296.27744,101244.77,51.25,6.0
2025-07-15 15:00:00,7.1451416,1.7987823,296.32153,101212.19,51.25,6.0
2025-07-15 16:00:00,6.943466,1.780014,295.97415,101205.41,51.25,6.0
2025-07-15 17:00:00,6.5272064,1.7702179,295.31525,101193.11,51.25,6.0
2025-07-15 18:00:00,5.659027,1.8502045,294.46735,101177.45,51.25,6.0
2025-07-15 19:00:00,5.06691,1.9196014,293.49777,101196.1,51.25,6.0
2025-07-15 20:00:00,4.5065613,2.4945984,292.17383,101190.68,51.25,6.0
2025-07-15 21:00:00,4.66156,3.2813416,290.78467,101195.02,51.25,6.0
2025-07-15 22:00:00,6.3722076,3.884674,290.4181,101167.37,51.25,6.0
2025-07-15 23:00:00,5.2453613,4.0538025,289.74158,101130.72,51.25,6.0
2025-07-16 00:00:00,4.378769,5.4065247,289.25308,101089.09,51.25,6.0
2025-07-16 01:00:00,4.197418,6.5740356,288.76376,100999.59,51.25,6.0
2025-07-16 02:00:00,5.383499,6.413162,288.82205,100962.04,51.25,6.0
2025-07-16 03:00:00,5.86055,5.97377,289.07568,100896.38,51.25,6.0
2025-07-16 04:00:00,6.6543427,4.8514404,289.25946,100874.41,51.25,6.0
2025-07-16 05:00:00,6.9605103,3.8375854,289.16306,100852.8,51.25,6.0
2025-07-16 06:00:00,8.210754,3.3064117,289.09344,100837.72,51.25,6.0
2025-07-16 07:00:00,7.963318,2.7495117,289.7149,100849.54,51.25,6.0
2025-07-16 08:00:00,7.4068146,1.7858582,290.72565,100870.03,51.25,6.0
2025-07-16 09:00:00,6.916397,1.5224762,292.59702,100861.08,51.25,6.0
2025-07-16 10:00:00,7.7562714,0.7825928,293.24518,100847.5,51.25,6.0
2025-07-16 11:00:00,7.921295,-0.19752502,292.60623,100816.305,51.25,6.0
2025-07-16 12:00:00,7.905075,-0.55789185,292.66705,100789.41,51.25,6.0
2025-07-16 13:00:00,8.775604,-1.6175537,293.16858,100846.734,51.25,6.0
2025-07-16 14:00:00,7.6339264,-3.0661316,292.942,100878.65,51.25,6.0
2025-07-16 15:00:00,6.6285553,-3.1679993,292.175,100884.69,51.25,6.0
2025-07-16 16:00:00,6.5582886,-2.9640808,291.02295,100907.14,51.25,6.0
2025-07-16 17:00:00,6.380539,-2.8561401,291.59027,100924.28,51.25,6.0
2025-07-16 18:00:00,5.824829,-2.7276154,291.63885,100940.56,51.25,6.0
2025-07-16 19:00:00,5.210083,-3.7701569,290.97467,100999.67,51.25,6.0
2025-07-16 20:00:00,4.8854523,-3.4554749,289.82352,101065.39,51.25,6.0
2025-07-16 21:00:00,4.7630615,-3.0942078,288.7805,101128.7,51.25,6.0
2025-07-16 22:00:00,4.886566,-2.6935425,288.45212,101141.92,51.25,6.0
2025-07-16 23:00:00,5.5747375,-2.4239655,287.4494,101166.03,51.25,6.0
2025-07-17 00:00:00,4.9719543,-2.1369781,287.30606,101254.766,51.25,6.0
2025-07-17 01:00:00,4.7462463,-1.8037872,286.93234,101230.695,51.25,6.0
2025-07-17 02:00:00,4.472473,-1.4344788,285.95807,101267.64,51.25,6.0
2025-07-17 03:00:00,4.5803375,-1.1433105,286.12512,101228.125,51.25,6.0
2025-07-17 04:00:00,4.389267,-1.1431732,286.0121,101266.19,51.25,6.0
2025-07-17 05:00:00,3.7705383,-1.1587219,286.7113,101307.51,51.25,6.0
2025-07-17 06:00:00,3.531433,-1.0220642,288.34283,101290.89,51.25,6.0
2025-07-17 07:00:00,3.5824585,-1.277771,290.51904,101360.58,51.25,6.0
2025-07-17 08:00:00,3.4741974,-1.2216339,292.07288,101349.016,51.25,6.0
2025-07-17 09:00:00,3.3495789,-1.0171204,294.05612,101330.22,51.25,6.0
2025-07-17 10:00:00,2.6288757,-0.4588318,294.02692,101346.26,51.25,6.0
2025-07-17 11:00:00,2.425003,-0.4156494,294.9356,101292.516,51.25,6.0
2025-07-17 12:00:00,2.8547974,-0.6794281,296.72903,101239.12,51.25,6.0
2025-07-17 13:00:00,3.2538757,-1.3651276,296.70215,101211.86,51.25,6.0
2025-07-17 14:00:00,2.9259949,-2.3791351,297.64334,101194.91,51.25,6.0
2025-07-17 15:00:00,2.2679138,-2.9924927,298.14728,101168.11,51.25,6.0
2025-07-17 16:00:00,1.6231079,-3.3869019,297.75974,101139.81,51.25,6.0
2025-07-17 17:00:00,1.0555878,-3.576416,297.62494,101111.79,51.25,6.0
2025-07-17 18:00:00,0.67845154,-3.5866241,296.8725,101109.92,51.25,6.0
2025-07-17 19:00:00,-0.0056610107,-4.1122284,294.70526,101117.375,51.25,6.0
2025-07-17 20:00:00,-0.8041382,-4.5949707,291.75806,101144.34,51.25,6.0
2025-07-17 21:00:00,-1.7314911,-4.5096436,289.64197,101161.3,51.25,6.0
2025-07-17 22:00:00,-2.3711243,-3.7824402,287.87372,101142.266,51.25,6.0
2025-07-17 23:00:00,-3.1777344,-2.6760406,287.77197,101133.61,51.25,6.0
2025-07-18 00:00:00,-3.27565,-1.2240906,287.36044,101113.15,51.25,6.0
2025-07-18 01:00:00,-2.7537842,0.15538025,286.91754,101089.625,51.25,6.0
2025-07-18 02:00:00,-2.519104,0.78015137,286.65298,101064.22,51.25,6.0
2025-07-18 03:00:00,-2.508484,0.816864,285.93744,101026.625,51.25,6.0
2025-07-18 04:00:00,-1.923996,0.9502716,286.00134,101049.54,51.25,6.0
2025-07-18 05:00:00,-1.5225067,1.0774689,287.2558,101034.055,51.25,6.0
2025-07-18 06:00:00,-1.3667145,1.2571869,290.091,101042.26,51.25,6.0
2025-07-18 07:00:00,-0.32481384,0.7926636,293.214,101052.875,51.25,6.0
2025-07-18 08:00:00,0.61743164,0.6553192,295.66113,101040.97,51.25,6.0
2025-07-18 09:00:00,0.5559845,-0.06576538,296.64764,101019.55,51.25,6.0
2025-07-18 10:00:00,-0.063949585,-0.5570221,298.41663,100986.89,51.25,6.0
2025-07-18 11:00:00,-0.5090332,-0.6590271,299.48822,100945.66,51.25,6.0
2025-07-18 12:00:00,-0.5108032,-0.57173157,300.3904,100909.0,51.25,6.0
2025-07-18 13:00:00,-0.13404846,-0.40109253,299.60138,100887.94,51.25,6.0
2025-07-18 14:00:00,-0.093933105,-0.6029968,300.27808,100853.49,51.25,6.0
2025-07-18 15:00:00,-0.33041382,-1.2390747,301.45776,100812.586,51.25,6.0
2025-07-18 16:00:00,-1.037384,-1.8598938,300.49475,100777.234,51.25,6.0
2025-07-18 17:00:00,-1.5050812,-2.0016022,300.26855,100745.164,51.25,6.0
2025-07-18 18:00:00,-2.3788605,-2.4287262,299.2998,100738.37,51.25,6.0
2025-07-18 19:00:00,-3.8162537,-3.2917175,297.86584,100734.695,51.25,6.0
2025-07-18 20:00:00,-5.3432465,-3.538208,294.91962,100768.4,51.25,6.0
2025-07-18 21:00:00,-6.246216,-2.3504486,293.08835,100781.94,51.25,6.0
2025-07-18 22:00:00,-6.281601,-1.1579742,292.2119,100752.766,51.25,6.0
2025-07-18 23:00:00,-6.174835,0.2609253,292.18268,100706.09,51.25,6.0
2025-07-19 00:00:00,-6.012375,1.1023102,291.59647,100656.2,51.25,6.0
2025-07-19 01:00:00,-5.6291656,1.5698547,290.16034,100611.375,51.25,6.0
2025-07-19 02:00:00,-5.060898,2.2874908,290.03723,100585.664,51.25,6.0
2025-07-19 03:00:00,-4.9028473,2.3623962,289.09424,100559.96,51.25,6.0
2025-07-19 04:00:00,-5.7068634,1.885437,289.56006,100498.42,51.25,6.0
2025-07-19 05:00:00,-5.7091827,2.3852692,290.92728,100450.875,51.25,6.0
2025-07-19 06:00:00,-5.0341644,2.8619995,292.92932,100446.56,51.25,6.0
2025-07-19 07:00:00,-4.1837006,2.6529083,296.19745,100399.75,51.25,6.0
2025-07-19 08:00:00,-4.003128,3.1083984,298.4734,100362.516,51.25,6.0
2025-07-19 09:00:00,-4.2773438,3.2038422,300.37616,100300.35,51.25,6.0
2025-07-19 10:00:00,-4.197174,1.4654846,300.52954,100200.72,51.25,6.0
2025-07-19 11:00:00,-5.0160522,3.0853577,302.64355,100147.7,51.25,6.0
2025-07-19 12:00:00,-5.2507477,3.4568024,303.61148,100093.484,51.25,6.0
2025-07-19 13:00:00,-5.6237183,3.821701,304.72284,99988.45,51.25,6.0
2025-07-19 14:00:00,-3.0219421,6.301605,304.65088,100001.06,51.25,6.0
2025-07-19 15:00:00,0.2796631,7.346405,303.19244,99995.375,51.25,6.0
2025-07-19 16:00:00,4.9328156,5.6656647,302.04947,100077.75,51.25,6.0
2025-07-19 17:00:00,5.0411835,4.7795258,298.09894,100072.89,51.25,6.0
2025-07-19 18:00:00,3.3526,4.6393585,295.60522,100061.52,51.25,6.0
2025-07-19 19:00:00,2.9463654,5.6896667,294.4585,100110.3,51.25,6.0
2025-07-19 20:00:00,3.5751495,6.290161,294.18872,100181.28,51.25,6.0
2025-07-19 21:00:00,3.2214508,6.018982,293.47116,100208.93,51.25,6.0
2025-07-19 22:00:00,0.35632324,6.421707,293.31192,100170.89,51.25,6.0
2025-07-19 23:00:00,0.8094635,6.579315,292.91382,100169.12,51.25,6.0
2025-07-20 00:00:00,1.6940002,5.9696503,292.5017,100153.56,51.25,6.0
2025-07-20 01:00:00,1.6652832,6.0132446,291.90607,100116.89,51.25,6.0
2025-07-20 02:00:00,1.3283691,5.6533966,291.51813,100095.05,51.25,6.0
2025-07-20 03:00:00,0.5455322,5.3135376,291.43658,100060.42,51.25,6.0
2025-07-20 04:00:00,-0.2495575,5.1973267,291.6565,100048.875,51.25,6.0
2025-07-20 05:00:00,-0.97587585,5.167099,291.88318,100033.0,51.25,6.0
2025-07-20 06:00:00,-0.34370422,5.073044,292.6067,100047.88,51.25,6.0
2025-07-20 07:00:00,-0.49053955,4.1136475,294.21548,100028.11,51.25,6.0
2025-07-20 08:00:00,-0.25379944,4.202057,296.0675,100010.28,51.25,6.0
2025-07-20 09:00:00,0.010513306,4.360489,298.4961,99968.625,51.25,6.0
2025-07-20 10:00:00,1.04599,4.670105,299.7865,99940.766,51.25,6.0
2025-07-20 11:00:00,1.0879059,5.0161743,299.84048,99909.97,51.25,6.0
2025-07-20 12:00:00,1.3500977,4.955475,300.28912,99854.414,51.25,6.0
2025-07-20 13:00:00,1.332962,5.161682,299.31476,99836.69,51.25,6.0
2025-07-20 14:00:00,1.996872,3.2914886,296.85352,99803.64,51.25,6.0
2025-07-20 15:00:00,2.4639587,-0.10562134,294.1875,99782.66,51.25,6.0
2025-07-20 16:00:00,3.8031769,-1.7729034,292.75504,99781.72,51.25,6.0
2025-07-20 17:00:00,7.316269,-1.4238739,293.19415,99833.25,51.25,6.0
2025-07-20 18:00:00,4.529068,-1.4907532,293.49243,99830.6,51.25,6.0
2025-07-20 19:00:00,3.3815308,2.251999,292.899,99919.44,51.25,6.0
2025-07-20 20:00:00,1.9871674,4.1868896,292.01315,99967.39,51.25,6.0
2025-07-20 21:00:00,0.70170593,5.483444,291.63574,99972.734,51.25,6.0
2025-07-20 22:00:00,2.2794342,6.9282227,290.84784,99977.766,51.25,6.0
2025-07-20 23:00:00,2.3028717,6.024872,290.15485,99921.81,51.25,6.0
2025-07-21 00:00:00,2.3627472,7.351227,289.88837,99942.65,51.25,6.0
2025-07-21 01:00:00,2.8400726,7.6152344,290.21332,99947.125,51.25,6.0
2025-07-21 02:00:00,3.8484497,6.7417145,289.6831,99916.25,51.25,6.0
2025-07-21 03:00:00,3.0056458,7.081894,289.43292,99915.05,51.25,6.0
2025-07-21 04:00:00,2.1464539,6.174103,288.95605,99901.125,51.25,6.0
2025-07-21 05:00:00,1.4099731,5.9490356,289.58533,99906.34,51.25,6.0
2025-07-21 06:00:00,0.26651,6.131119,290.64664,99899.98,51.25,6.0
2025-07-21 07:00:00,-0.15132141,5.8779297,292.6441,99909.73,51.25,6.0
2025-07-21 08:00:00,0.4221344,6.3112335,294.22498,99894.49,51.25,6.0
2025-07-21 09:00:00,1.3147278,6.8388214,294.90195,99874.6,51.25,6.0
2025-07-21 10:00:00,1.6882019,6.96019,296.72623,99883.41,51.25,6.0
2025-07-21 11:00:00,-0.071121216,6.0096893,296.98083,99820.38,51.25,6.0
2025-07-21 12:00:00,1.1960907,7.2003937,296.18298,99811.555,51.25,6.0
2025-07-21 13:00:00,2.0497284,5.436035,295.14392,99790.66,51.25,6.0
2025-07-21 14:00:00,1.5852356,6.9093323,293.73248,99807.516,51.25,6.0
2025-07-21 15:00:00,2.4447327,6.785431,293.49667,99760.08,51.25,6.0
2025-07-21 16:00:00,4.2335205,6.1177063,294.38043,99763.45,51.25,6.0
2025-07-21 17:00:00,3.6999054,6.7060394,293.2342,99812.305,51.25,6.0
2025-07-21 18:00:00,3.5244446,5.909668,292.36273,99802.53,51.25,6.0
2025-07-21 19:00:00,3.3726807,4.9046936,291.42783,99833.06,51.25,6.0
2025-07-21 20:00:00,5.1194305,5.070465,290.6899,99933.19,51.25,6.0
2025-07-21 21:00:00,5.7787476,4.396393,289.97427,99987.125,51.25,6.0
2025-07-21 22:00:00,6.024887,2.6529083,289.8194,100014.04,51.25,6.0
2025-07-21 23:00:00,6.6983337,2.8710632,289.53754,100043.91,51.25,6.0
2025-07-22 00:00:00,7.657379,3.1453247,289.52643,100082.805,51.25,6.0
2025-07-22 01:00:00,7.071213,3.3652802,289.61945,100093.76,51.25,6.0
2025-07-22 02:00:00,7.283127,3.8331757,289.24756,100149.44,51.25,6.0
2025-07-22 03:00:00,6.5453796,4.1643677,288.74374,100195.05,51.25,6.0
2025-07-22 04:00:00,6.046646,4.722946,288.57483,100235.44,51.25,6.0
2025-07-22 05:00:00,6.0947876,4.8489075,288.6046,100288.83,51.25,6.0
2025-07-22 06:00:00,6.2347565,4.794754,289.12177,100320.85,51.25,6.0
2025-07-22 07:00:00,7.729965,4.36792,289.97916,100364.99,51.25,6.0
2025-07-22 08:00:00,7.0276947,3.4635468,291.4314,100413.04,51.25,6.0
2025-07-22 09:00:00,6.6159515,3.2726746,292.6624,100448.39,51.25,6.0
2025-07-22 10:00:00,5.3457794,3.2155914,294.3615,100460.71,51.25,6.0
2025-07-22 11:00:00,5.3361206,3.3143616,294.6368,100466.59,51.25,6.0
2025-07-22 12:00:00,5.5848083,3.2644348,295.53693,100443.91,51.25,6.0
2025-07-22 13:00:00,6.5105743,2.9039764,295.65952,100439.04,51.25,6.0
2025-07-22 14:00:00,7.3366394,2.2161407,295.77893,100439.24,51.25,6.0
2025-07-22 15:00:00,7.3741913,1.2937012,296.3277,100466.016,51.25,6.0
2025-07-22 16:00:00,7.383438,0.5753937,296.57224,100498.7,51.25,6.0
2025-07-22 17:00:00,6.369522,-0.004928589,296.18683,100550.91,51.25,6.0
2025-07-22 18:00:00,5.994034,0.18890381,295.33212,100580.234,51.25,6.0
2025-07-22 19:00:00,5.87529,0.5767517,294.02966,100611.64,51.25,6.0
2025-07-22 20:00:00,6.440384,1.7759857,292.90753,100670.34,51.25,6.0
2025-07-22 21:00:00,6.729019,2.2855072,291.573,100696.85,51.25,6.0
2025-07-22 22:00:00,6.4604797,2.7859344,291.2995,100737.56,51.25,6.0
2025-07-22 23:00:00,6.9664,2.7021332,290.73914,100748.66,51.25,6.0
2025-07-23 00:00:00,7.0092163,2.3990479,290.5946,100736.83,51.25,6.0
2025-07-23 01:00:00,6.7655945,2.6633453,289.9375,100728.67,51.25,6.0
2025-07-23 02:00:00,6.7114105,3.1739197,289.72556,100709.375,51.25,6.0
2025-07-23 03:00:00,6.6343536,3.4278412,289.59448,100690.0,51.25,6.0
2025-07-23 04:00:00,6.0962524,3.2174377,289.07755,100707.89,51.25,6.0
2025-07-23 05:00:00,5.7703705,3.4142456,288.82935,100717.445,51.25,6.0
2025-07-23 06:00:00,5.3455963,3.6396027,289.03156,100722.086,51.25,6.0
2025-07-23 07:00:00,6.5430756,3.4101562,289.75378,100737.97,51.25,6.0
2025-07-23 08:00:00,6.1112976,3.3272095,290.73557,100745.484,51.25,6.0
2025-07-23 09:00:00,6.1944427,2.675476,292.02557,100764.75,51.25,6.0
2025-07-23 10:00:00,4.884506,2.5133667,293.86264,100764.56,51.25,6.0
2025-07-23 11:00:00,5.3388214,2.321167,294.74774,100760.555,51.25,6.0
2025-07-23 12:00:00,5.197418,1.8394012,295.2873,100735.55,51.25,6.0
2025-07-23 13:00:00,4.45842,1.2351227,295.51913,100730.45,51.25,6.0
2025-07-23 14:00:00,3.7906494,-0.022109985,295.191,100687.71,51.25,6.0
2025-07-23 15:00:00,4.4216766,-0.48937988,295.88217,100698.66,51.25,6.0
2025-07-23 16:00:00,3.4177094,-0.73135376,296.0306,100697.555,51.25,6.0
2025-07-23 17:00:00,2.6512299,-0.7618561,295.27072,100664.875,51.25,6.0
2025-07-23 18:00:00,3.388916,-2.5417786,294.11853,100692.96,51.25,6.0
2025-07-23 19:00:00,2.8303223,-3.453476,292.89926,100707.0,51.25,6.0
2025-07-23 20:00:00,1.8785095,-3.3410034,292.0854,100737.766,51.25,6.0
2025-07-23 21:00:00,1.5177612,-2.9653168,290.7847,100758.06,51.25,6.0
2025-07-23 22:00:00,3.3915863,-3.229065,289.4108,100791.22,51.25,6.0
2025-07-23 23:00:00,1.7096405,-3.212326,289.0432,100764.484,51.25,6.0
2025-07-24 00:00:00,1.5919495,-2.7258453,288.68005,100771.23,51.25,6.0
2025-07-24 01:00:00,1.1991882,-2.9632874,288.35144,100780.69,51.25,6.0
2025-07-24 02:00:00,1.0916138,-2.2865906,287.94525,100800.44,51.25,6.0
2025-07-24 03:00:00,1.6782379,-3.2471924,287.969,100773.42,51.25,6.0
2025-07-24 04:00:00,1.4188232,-3.676651,287.81732,100769.46,51.25,6.0
2025-07-24 05:00:00,0.7138214,-2.9499054,288.25977,100808.63,51.25,6.0
2025-07-24 06:00:00,0.38912964,-2.5241852,289.51855,100842.92,51.25,6.0
2025-07-24 07:00:00,0.25517273,-1.778183,290.72403,100871.375,51.25,6.0
2025-07-24 08:00:00,0.22143555,-1.2939148,291.7937,100909.734,51.25,6.0
2025-07-24 09:00:00,0.6339569,-1.0884857,292.94324,100921.24,51.25,6.0
2025-07-24 10:00:00,0.7811737,-0.29533386,294.5965,100939.16,51.25,6.0
2025-07-24 11:00:00,1.1963959,-0.12232971,294.8211,100923.58,51.25,6.0
2025-07-24 12:00:00,1.5332489,-0.30804443,296.46588,100900.805,51.25,6.0
2025-07-24 13:00:00,1.4296417,-1.05336,295.96414,100897.58,51.25,6.0
2025-07-24 14:00:00,1.4481506,-1.4644623,296.53534,100902.42,51.25,6.0
2025-07-24 15:00:00,1.5315094,-1.5478516,296.42896,100898.87,51.25,6.0
2025-07-24 16:00:00,1.6554565,-2.133438,297.16364,100894.85,51.25,6.0
2025-07-24 17:00:00,1.2946777,-2.2875977,296.34753,100879.84,51.25,6.0
2025-07-24 18:00:00,1.1951447,-2.5625153,295.6595,100914.81,51.25,6.0
2025-07-24 19:00:00,1.498291,-2.1581573,293.94876,100956.875,51.25,6.0
2025-07-24 20:00:00,2.3413086,-2.8622437,292.5418,100983.22,51.25,6.0
2025-07-24 21:00:00,2.5883026,-3.3599548,291.28842,101045.95,51.25,6.0
2025-07-24 22:00:00,3.3215942,-4.053314,290.3913,101085.48,51.25,6.0
2025-07-24 23:00:00,1.3750458,-3.3195038,289.39038,101146.05,51.25,6.0
2025-07-25 00:00:00,1.3993378,-3.4381866,289.474,101122.03,51.25,6.0
2025-07-25 01:00:00,0.73983765,-3.1531525,288.3374,101122.95,51.25,6.0
2025-07-25 02:00:00,1.030899,-3.0348969,287.7796,101078.91,51.25,6.0
2025-07-25 03:00:00,1.5705566,-3.1940002,287.78943,101081.055,51.25,6.0
2025-07-25 04:00:00,1.8401947,-3.2505646,287.56128,101121.37,51.25,6.0
2025-07-25 05:00:00,1.8761749,-2.3329315,288.07816,101151.67,51.25,6.0
2025-07-25 06:00:00,1.8012695,-2.0696106,289.9171,101185.195,51.25,6.0
2025-07-25 07:00:00,1.9167633,-1.7120667,291.55127,101212.16,51.25,6.0
2025-07-25 08:00:00,2.1334229,-1.6829376,292.93375,101234.03,51.25,6.0
2025-07-25 09:00:00,2.6479645,-1.8029633,294.98306,101232.336,51.25,6.0
2025-07-25 10:00:00,2.4506683,-1.2927399,294.97235,101219.914,51.25,6.0
2025-07-25 11:00:00,3.0569458,-2.0144806,296.34418,101224.42,51.25,6.0
2025-07-25 12:00:00,3.2572632,-2.7614746,296.10458,101202.734,51.25,6.0
2025-07-25 13:00:00,3.4535522,-3.6334076,296.65027,101196.84,51.25,6.0
2025-07-25 14:00:00,3.0806274,-4.459564,296.49008,101175.66,51.25,6.0
2025-07-25 15:00:00,2.5657043,-4.6095886,296.4272,101187.73,51.25,6.0
2025-07-25 16:00:00,2.2657318,-5.087906,295.59778,101167.38,51.25,6.0
2025-07-25 17:00:00,1.8128052,-5.278427,295.4846,101168.8,51.25,6.0
2025-07-25 18:00:00,1.3607025,-4.9806824,295.0091,101193.83,51.25,6.0
2025-07-25 19:00:00,0.8133545,-4.414154,294.29987,101230.086,51.25,6.0
2025-07-25 20:00:00,0.55981445,-4.212433,293.0844,101284.41,51.25,6.0
2025-07-25 21:00:00,0.61065674,-4.1702423,291.68115,101297.17,51.25,6.0
2025-07-25 22:00:00,1.1038666,-3.788147,290.90625,101303.984,51.25,6.0
2025-07-25 23:00:00,0.62835693,-3.4001923,290.36395,101307.71,51.25,6.0
2025-07-26 00:00:00,0.37246704,-3.3613434,288.8565,101291.86,51.25,6.0
2025-07-26 01:00:00,0.23381042,-3.089737,288.35297,101245.375,51.25,6.0
2025-07-26 02:00:00,0.17979431,-2.7257385,287.8448,101232.81,51.25,6.0
2025-07-26 03:00:00,0.1508789,-2.1536255,287.36063,101222.51,51.25,6.0
2025-07-26 04:00:00,0.23757935,-1.538681,286.38385,101231.39,51.25,6.0
2025-07-26 05:00:00,0.61253357,-1.0270691,287.46985,101227.8,51.25,6.0
2025-07-26 06:00:00,1.1052399,-0.07003784,289.6875,101210.3,51.25,6.0
2025-07-26 07:00:00,1.4082642,0.7180023,292.6977,101213.266,51.25,6.0
2025-07-26 08:00:00,1.9158936,1.1192322,294.9865,101183.43,51.25,6.0
2025-07-26 09:00:00,2.1959686,1.2154541,296.68182,101160.69,51.25,6.0
2025-07-26 10:00:00,2.4835205,0.95092773,297.58313,101135.625,51.25,6.0
2025-07-26 11:00:00,2.447342,2.1327057,298.54126,101129.44,51.25,6.0
2025-07-26 12:00:00,3.363617,2.2925873,298.05933,101091.63,51.25,6.0
2025-07-26 13:00:00,4.229019,1.4319763,298.96518,101065.25,51.25,6.0
2025-07-26 14:00:00,4.588272,0.22044373,298.67676,100999.53,51.25,6.0
2025-07-26 15:00:00,4.908432,-0.77993774,298.88068,100952.42,51.25,6.0
2025-07-26 16:00:00,4.762192,-1.7472076,298.43872,100932.33,51.25,6.0
2025-07-26 17:00:00,4.690384,-2.4588165,297.52136,100930.31,51.25,6.0
2025-07-26 18:00:00,4.1111298,-2.7915344,296.29782,100947.17,51.25,6.0
2025-07-26 19:00:00,3.2366943,-2.8959808,295.11594,100986.93,51.25,6.0
2025-07-26 20:00:00,2.749817,-2.075943,293.8318,101027.42,51.25,6.0
2025-07-26 21:00:00,3.3245544,-1.4542389,292.82443,101048.06,51.25,6.0
2025-07-26 22:00:00,3.901291,-0.863739,291.98566,101055.11,51.25,6.0
2025-07-26 23:00:00,4.2958374,-0.50971985,291.3377,101019.86,51.25,6.0
2025-07-27 00:00:00,4.4338074,-0.7829132,291.0158,100994.99,51.25,6.0
2025-07-27 01:00:00,4.183441,-1.3287048,290.59787,100979.016,51.25,6.0
2025-07-27 02:00:00,3.9044647,-1.6308441,290.3291,100930.36,51.25,6.0
2025-07-27 03:00:00,3.6538239,-1.8932495,290.02887,100914.14,51.25,6.0
2025-07-27 04:00:00,3.473648,-2.127411,289.84332,100908.67,51.25,6.0
2025-07-27 05:00:00,3.1319733,-2.6762543,289.86914,100907.5,51.25,6.0
2025-07-27 06:00:00,1.8634644,-3.5625153,290.10565,100904.61,51.25,6.0
2025-07-27 07:00:00,0.8272095,-2.8280487,290.41174,100915.83,51.25,6.0
2025-07-27 08:00:00,0.35977173,-2.587326,290.74762,100927.89,51.25,6.0
2025-07-27 09:00:00,-0.09246826,-2.6552582,291.0821,100907.164,51.25,6.0
2025-07-27 10:00:00,-0.13690186,-2.0147095,293.86374,100920.65,51.25,6.0
2025-07-27 11:00:00,0.026504517,-3.1493378,294.57764,100882.37,51.25,6.0
2025-07-27 12:00:00,0.5331421,-2.5794983,295.1797,100869.17,51.25,6.0
2025-07-27 13:00:00,1.1894836,-3.2282867,294.3344,100818.16,51.25,6.0
2025-07-27 14:00:00,2.8051605,-4.993515,295.06488,100849.5,51.25,6.0
2025-07-27 15:00:00,2.57724,-5.2201385,293.63074,100857.86,51.25,6.0
2025-07-27 16:00:00,2.135727,-4.7951355,293.12195,100844.16,51.25,6.0
2025-07-27 17:00:00,2.1622162,-4.447754,292.7843,100836.8,51.25,6.0
2025-07-27 18:00:00,2.7138062,-4.625992,292.11362,100831.98,51.25,6.0
2025-07-27 19:00:00,3.7738342,-4.840439,291.0101,100862.766,51.25,6.0
2025-07-27 20:00:00,4.1104126,-4.9694366,290.3905,100926.28,51.25,6.0
2025-07-27 21:00:00,3.894165,-4.922989,289.89984,100953.33,51.25,6.0
2025-07-27 22:00:00,3.2085266,-4.5931244,289.08252,100988.766,51.25,6.0
2025-07-27 23:00:00,2.9556274,-4.0253143,288.58508,100995.88,51.25,6.0
2025-07-28 00:00:00,3.406189,-3.6741943,288.13715,100999.83,51.25,6.0
2025-07-28 01:00:00,4.2259216,-3.903778,287.9972,100988.44,51.25,6.0
2025-07-28 02:00:00,4.5059357,-3.8839874,287.49994,101007.79,51.25,6.0
2025-07-28 03:00:00,4.446472,-4.046158,287.348,101027.34,51.25,6.0
2025-07-28 04:00:00,4.2142487,-3.799118,287.17896,101030.53,51.25,6.0
2025-07-28 05:00:00,4.1655273,-3.5625,287.42688,101075.734,51.25,6.0
2025-07-28 06:00:00,3.822525,-2.7454834,288.60577,101112.95,51.25,6.0
2025-07-28 07:00:00,3.6278076,-3.4986115,289.93564,101137.28,51.25,6.0
2025-07-28 08:00:00,3.662445,-3.4499817,291.47607,101156.914,51.25,6.0
2025-07-28 09:00:00,4.09758,-3.104721,291.74872,101179.44,51.25,6.0
2025-07-28 10:00:00,4.0590973,-2.9794312,292.30875,101211.17,51.25,6.0
2025-07-28 11:00:00,4.4900513,-2.8087006,292.36426,101233.05,51.25,6.0
2025-07-28 12:00:00,5.0008545,-2.9306488,293.39545,101218.0,51.25,6.0
2025-07-28 13:00:00,5.571045,-3.2396393,292.9768,101207.81,51.25,6.0
2025-07-28 14:00:00,5.7500305,-3.2555084,293.28738,101216.984,51.25,6.0
2025-07-28 15:00:00,5.6806793,-3.3536987,293.22827,101220.04,51.25,6.0
2025-07-28 16:00:00,5.4220123,-4.6665497,292.91174,101253.36,51.25,6.0
2025-07-28 17:00:00,4.933319,-4.147934,292.58533,101273.516,51.25,6.0
2025-07-28 18:00:00,4.7953186,-3.5907593,292.09406,101290.5,51.25,6.0
2025-07-28 19:00:00,4.7401733,-3.4623718,291.32208,101315.61,51.25,6.0
2025-07-28 20:00:00,4.656891,-3.3384857,290.17987,101374.83,51.25,6.0
2025-07-28 21:00:00,4.692505,-3.1107025,288.7378,101400.03,51.25,6.0
2025-07-28 22:00:00,5.194351,-2.8365936,288.15634,101423.46,51.25,6.0
2025-07-28 23:00:00,3.9415436,-1.0288391,287.24307,101400.47,51.25,6.0
2025-07-29 00:00:00,4.4984894,-0.06819153,286.6051,101417.59,51.25,6.0
2025-07-29 01:00:00,4.8903046,0.16523743,286.78778,101419.27,51.25,6.0
2025-07-29 02:00:00,4.742523,0.60202026,286.82605,101377.85,51.25,6.0
2025-07-29 03:00:00,4.987015,0.8634186,286.7419,101359.56,51.25,6.0
2025-07-29 04:00:00,5.028824,1.1397552,286.7915,101336.91,51.25,6.0
2025-07-29 05:00:00,4.795578,1.85849,287.13406,101319.95,51.25,6.0
2025-07-29 06:00:00,4.3904877,2.2433167,288.1529,101328.125,51.25,6.0
2025-07-29 07:00:00,3.4186401,1.9809113,289.10983,101324.09,51.25,6.0
2025-07-29 08:00:00,3.6740112,1.1792297,290.39865,101331.66,51.25,6.0
2025-07-29 09:00:00,3.0433502,1.0836182,291.88934,101280.45,51.25,6.0
2025-07-29 10:00:00,2.3137054,-0.9701996,293.0772,101255.31,51.25,6.0
2025-07-29 11:00:00,2.794464,-0.14414978,293.81027,101214.06,51.25,6.0
2025-07-29 12:00:00,2.9528503,-0.25234985,294.53784,101190.164,51.25,6.0
2025-07-29 13:00:00,2.8856049,-0.2078247,294.24274,101158.59,51.25,6.0
2025-07-29 14:00:00,2.591217,-0.33143616,293.66922,101119.25,51.25,6.0
2025-07-29 15:00:00,3.1524506,-1.1345062,293.91287,101108.195,51.25,6.0
2025-07-29 16:00:00,2.6841125,-1.0787506,293.6411,101094.97,51.25,6.0
2025-07-29 17:00:00,3.4512634,-1.6089935,293.1869,101109.41,51.25,6.0
2025-07-29 18:00:00,2.9932404,-0.7227936,292.61737,101115.08,51.25,6.0
2025-07-29 19:00:00,3.078827,-0.0566864,291.7981,101111.484,51.25,6.0
2025-07-29 20:00:00,3.509964,-0.88879395,290.8753,101142.91,51.25,6.0
2025-07-29 21:00:00,3.2467804,-2.4614105,289.9225,101153.94,51.25,6.0
2025-07-29 22:00:00,1.8222809,-2.8923798,289.16486,101144.79,51.25,6.0
2025-07-29 23:00:00,2.0914307,-2.553238,288.69623,101147.25,51.25,6.0
2025-07-30 00:00:00,2.9151,-1.7966003,287.887,101137.61,51.25,6.0
2025-07-30 01:00:00,3.848816,-1.4999237,287.2016,101134.54,51.25,6.0
2025-07-30 02:00:00,4.329193,-1.5339508,286.55353,101112.11,51.25,6.0
2025-07-30 03:00:00,4.472107,-1.1727905,286.5588,101094.28,51.25,6.0
2025-07-30 04:00:00,4.390991,-1.0073242,286.0393,101106.2,51.25,6.0
2025-07-30 05:00:00,4.4830475,-0.6154175,286.40143,101121.58,51.25,6.0
2025-07-30 06:00:00,4.169342,-0.18069458,288.22363,101147.85,51.25,6.0
2025-07-30 07:00:00,3.7303925,-0.34179688,290.23602,101148.04,51.25,6.0
2025-07-30 08:00:00,3.8926697,-0.70866394,290.98053,101157.3,51.25,6.0
2025-07-30 09:00:00,4.496704,-0.69195557,292.1554,101147.08,51.25,6.0
2025-07-30 10:00:00,4.062546,-0.10038757,293.50916,101178.0,51.25,6.0
2025-07-30 11:00:00,4.6515503,0.03842163,293.98572,101147.375,51.25,6.0
2025-07-30 12:00:00,5.5809784,-0.43693542,295.38538,101110.31,51.25,6.0
2025-07-30 13:00:00,6.014969,-1.3306427,295.96075,101120.11,51.25,6.0
2025-07-30 14:00:00,6.587845,-1.9185638,296.0044,101091.16,51.25,6.0
2025-07-30 15:00:00,6.812393,-2.8480835,296.5454,101075.06,51.25,6.0
2025-07-30 16:00:00,6.0936127,-3.875351,295.4646,101091.875,51.25,6.0
2025-07-30 17:00:00,5.540741,-4.0647736,294.91077,101091.12,51.25,6.0
2025-07-30 18:00:00,5.0898285,-4.016159,293.53122,101124.17,51.25,6.0
2025-07-30 19:00:00,4.9056244,-3.6084137,292.31274,101144.64,51.25,6.0
2025-07-30 20:00:00,4.900833,-2.504593,290.0038,101201.42,51.25,6.0
2025-07-30 21:00:00,5.4669037,-0.9256134,288.4948,101203.36,51.25,6.0
2025-07-30 22:00:00,5.6625977,-0.24165344,287.66742,101225.59,51.25,6.0
2025-07-30 23:00:00,5.7418976,1.1531677,287.84082,101193.66,51.25,6.0
2025-07-31 00:00:00,5.7124176,2.3497467,288.22226,101143.89,51.25,6.0
2025-07-31 01:00:00,6.2518616,2.3193817,288.9958,101118.47,51.25,6.0
2025-07-31 02:00:00,6.8539276,2.5317993,288.84973,101090.17,51.25,6.0
2025-07-31 03:00:00,7.149475,2.6987152,289.0839,101047.016,51.25,6.0
2025-07-31 04:00:00,6.817337,2.329422,288.77008,101036.516,51.25,6.0
2025-07-31 05:00:00,6.3481903,2.5176697,288.2602,101005.34,51.25,6.0
2025-07-31 06:00:00,5.974823,2.6123962,288.5935,100997.75,51.25,6.0
2025-07-31 07:00:00,5.785736,2.3295746,289.62888,101004.71,51.25,6.0
2025-07-31 08:00:00,5.5118256,1.5719604,291.2545,101020.27,51.25,6.0
2025-07-31 09:00:00,5.14122,1.1166534,292.99664,100999.66,51.25,6.0
2025-07-31 10:00:00,4.279541,1.328064,294.64612,101022.48,51.25,6.0
2025-07-31 11:00:00,5.133911,1.1448975,295.10486,100985.64,51.25,6.0
2025-07-31 12:00:00,5.7434235,1.0196075,295.59027,100961.19,51.25,6.0
2025-07-31 13:00:00,5.9573517,0.54074097,296.07474,100935.28,51.25,6.0
2025-07-31 14:00:00,6.5313263,0.64009094,295.41138,100910.57,51.25,6.0
2025-07-31 15:00:00,5.6642914,0.9496765,294.1605,100922.266,51.25,6.0
2025-07-31 16:00:00,5.564728,0.67155457,293.50366,100897.72,51.25,6.0
2025-07-31 17:00:00,5.2484436,1.0367126,292.23456,100856.61,51.25,6.0
2025-07-31 18:00:00,5.3345947,1.1962585,291.85568,100845.89,51.25,6.0
2025-07-31 19:00:00,5.6212006,1.2823181,291.16037,100838.59,51.25,6.0
2025-07-31 20:00:00,5.50589,0.06668091,290.80872,100861.84,51.25,6.0
2025-07-31 21:00:00,5.2912445,-0.4940338,290.52405,100839.97,51.25,6.0
2025-07-31 22:00:00,5.2292633,-0.16781616,289.75497,100812.28,51.25,6.0
2025-07-31 23:00:00,4.739807,0.084869385,289.46002,100779.375,51.25,6.0
2025-08-01 00:00:00,5.598419,1.636383,289.097,100791.66,51.25,6.0
2025-08-01 01:00:00,6.113388,1.0166473,288.59216,100755.73,51.25,6.0
2025-08-01 02:00:00,6.095398,-0.2736969,288.1863,100713.19,51.25,6.0
2025-08-01 03:00:00,5.9502716,0.016967773,288.11188,100729.3,51.25,6.0
2025-08-01 04:00:00,5.384186,0.24778748,288.17078,100722.03,51.25,6.0
2025-08-01 05:00:00,5.32547,0.5357208,288.48685,100699.89,51.25,6.0
2025-08-01 06:00:00,5.1819305,0.43751526,289.2364,100690.89,51.25,6.0
2025-08-01 07:00:00,4.3423157,0.70243835,290.19672,100693.56,51.25,6.0
2025-08-01 08:00:00,4.4233093,0.9167023,291.44363,100688.8,51.25,6.0
2025-08-01 09:00:00,4.6330566,0.95072937,292.3349,100680.766,51.25,6.0
2025-08-01 10:00:00,5.4553833,0.9848938,293.5611,100660.266,51.25,6.0
2025-08-01 11:00:00,6.3495636,0.4193573,293.77277,100602.16,51.25,6.0
2025-08-01 12:00:00,7.8237,-3.1738281,291.6593,100689.78,51.25,6.0
2025-08-01 13:00:00,6.0153046,-2.765564,291.42963,100696.68,51.25,6.0
2025-08-01 14:00:00,5.215637,-2.8915405,292.42398,100682.48,51.25,6.0
2025-08-01 15:00:00,5.2351227,-4.375778,292.95987,100667.8,51.25,6.0
2025-08-01 16:00:00,5.5894623,-4.746811,292.2527,100652.45,51.25,6.0
2025-08-01 17:00:00,5.5637054,-4.549698,291.36807,100635.375,51.25,6.0
2025-08-01 18:00:00,5.3445435,-4.5214844,291.08414,100679.42,51.25,6.0
2025-08-01 19:00:00,4.714981,-4.6964417,290.0833,100710.78,51.25,6.0
2025-08-01 20:00:00,4.209976,-4.3005676,289.28378,100768.664,51.25,6.0
2025-08-01 21:00:00,4.3390045,-3.5098877,288.3246,100785.67,51.25,6.0
2025-08-01 22:00:00,5.4481506,-1.8991547,288.1493,100760.7,51.25,6.0
2025-08-01 23:00:00,6.174011,-1.9562683,287.2397,100792.266,51.25,6.0
2025-08-02 00:00:00,6.039093,-1.5623779,287.214,100768.734,51.25,6.0
2025-08-02 01:00:00,6.0538025,0.43426514,286.61722,100750.51,51.25,6.0
2025-08-02 02:00:00,6.5160217,1.3625641,286.79987,100740.66,51.25,6.0
2025-08-02 03:00:00,6.714554,1.5900574,286.85352,100708.516,51.25,6.0
2025-08-02 04:00:00,6.446533,2.3722687,286.72418,100676.08,51.25,6.0
2025-08-02 05:00:00,6.2720184,2.6026917,287.28632,100634.38,51.25,6.0
2025-08-02 06:00:00,6.579315,2.1007538,287.80304,100651.734,51.25,6.0
2025-08-02 07:00:00,7.1649933,0.17955017,288.71014,100658.14,51.25,6.0
2025-08-02 08:00:00,5.792755,-1.1937561,289.4871,100712.2,51.25,6.0
2025-08-02 09:00:00,4.783722,-2.548935,290.3888,100743.94,51.25,6.0
2025-08-02 10:00:00,3.1397705,-2.0761414,291.2928,100786.09,51.25,6.0
2025-08-02 11:00:00,3.3620453,-2.339447,290.64734,100815.0,51.25,6.0
2025-08-02 12:00:00,4.141083,-3.9878998,290.9015,100874.45,51.25,6.0
2025-08-02 13:00:00,5.0573883,-4.007141,291.32227,100923.19,51.25,6.0
2025-08-02 14:00:00,5.3898315,-3.4597778,292.5385,100952.125,51.25,6.0
2025-08-02 15:00:00,5.526108,-3.933197,291.67206,100984.26,51.25,6.0
2025-08-02 16:00:00,5.845688,-4.1011353,291.67627,101010.945,51.25,6.0
2025-08-02 17:00:00,6.124756,-4.64859,291.5332,101042.6,51.25,6.0
2025-08-02 18:00:00,5.69606,-4.4657745,290.72247,101060.76,51.25,6.0
2025-08-02 19:00:00,5.305496,-3.9547882,289.895,101137.37,51.25,6.0
2025-08-02 20:00:00,5.2289276,-3.4859009,288.83975,101202.2,51.25,6.0
2025-08-02 21:00:00,5.036865,-2.6374207,288.33942,101208.64,51.25,6.0
2025-08-02 22:00:00,4.657547,-1.0993347,288.20697,101252.03,51.25,6.0
2025-08-02 23:00:00,5.3248596,-0.28070068,288.17645,101290.76,51.25,6.0
2025-08-03 00:00:00,5.8553925,0.047546387,288.0609,101282.81,51.25,6.0
2025-08-03 01:00:00,6.802887,0.2164154,287.83112,101273.91,51.25,6.0
2025-08-03 02:00:00,6.6019287,0.15612793,287.4792,101277.36,51.25,6.0
2025-08-03 03:00:00,6.1385956,0.2247467,287.47955,101291.72,51.25,6.0
2025-08-03 04:00:00,6.134506,0.7238922,287.43588,101275.195,51.25,6.0
2025-08-03 05:00:00,6.1883545,1.6119385,287.8246,101275.734,51.25,6.0
2025-08-03 06:00:00,6.1410217,2.3547668,288.53278,101279.98,51.25,6.0
2025-08-03 07:00:00,5.6582794,2.2722168,289.5933,101288.055,51.25,6.0
2025-08-03 08:00:00,5.313263,2.2423096,291.3745,101290.55,51.25,6.0
2025-08-03 09:00:00,5.543396,2.3432922,293.50363,101277.89,51.25,6.0
2025-08-03 10:00:00,7.2732544,2.2372131,294.81982,101260.36,51.25,6.0
2025-08-03 11:00:00,7.9376984,1.9335938,295.3141,101248.016,51.25,6.0
2025-08-03 12:00:00,8.62648,1.647995,294.78693,101243.44,51.25,6.0
2025-08-03 13:00:00,8.532761,1.4685516,295.96368,101239.69,51.25,6.0
2025-08-03 14:00:00,8.163422,1.6399536,296.78253,101229.766,51.25,6.0
2025-08-03 15:00:00,8.181427,1.7317963,296.36295,101214.734,51.25,6.0
2025-08-03 16:00:00,7.7270355,1.9797974,296.07938,101187.46,51.25,6.0
2025-08-03 17:00:00,6.8271637,1.926239,295.55933,101184.95,51.25,6.0
2025-08-03 18:00:00,6.811203,1.6415253,295.03723,101205.305,51.25,6.0
2025-08-03 19:00:00,6.7384186,0.9803009,292.95612,101231.94,51.25,6.0
2025-08-03 20:00:00,6.7342987,1.1311493,291.42688,101267.59,51.25,6.0
2025-08-03 21:00:00,6.215454,2.380722,290.63046,101279.164,51.25,6.0
2025-08-03 22:00:00,4.879013,2.4441986,289.9038,101287.83,51.25,6.0
2025-08-03 23:00:00,5.521225,3.5472107,289.63193,101252.65,51.25,6.0
2025-08-04 00:00:00,5.9051666,3.6799316,289.81506,101226.08,51.25,6.0
2025-08-04 01:00:00,6.2916565,2.65448,290.0783,101212.125,51.25,6.0
2025-08-04 02:00:00,6.0921783,1.264267,290.2384,101200.22,51.25,6.0
2025-08-04 03:00:00,5.3853607,1.3789978,290.55844,101200.125,51.25,6.0
2025-08-04 04:00:00,5.210724,1.7294312,290.5668,101217.25,51.25,6.0
2025-08-04 05:00:00,5.2404785,1.9971313,290.80273,101237.09,51.25,6.0
2025-08-04 06:00:00,5.587448,1.7778625,291.253,101266.78,51.25,6.0
2025-08-04 07:00:00,6.3319397,1.7478333,292.35498,101254.07,51.25,6.0
2025-08-04 08:00:00,5.798874,2.0372925,293.2586,101278.26,51.25,6.0
2025-08-04 09:00:00,5.447464,2.63562,294.65808,101266.72,51.25,6.0
2025-08-04 10:00:00,5.1714325,2.1629333,295.1057,101259.89,51.25,6.0
2025-08-04 11:00:00,6.2455444,3.6297302,296.57172,101228.19,51.25,6.0
2025-08-04 12:00:00,7.3662567,4.3842773,297.74472,101166.72,51.25,6.0
2025-08-04 13:00:00,7.1516724,4.635666,298.9489,101104.55,51.25,6.0
2025-08-04 14:00:00,6.401703,5.247986,298.101,101060.55,51.25,6.0
2025-08-04 15:00:00,7.4037323,4.9027405,298.30023,101050.67,51.25,6.0
2025-08-04 16:00:00,7.470871,4.846237,298.242,101027.61,51.25,6.0
2025-08-04 17:00:00,7.0918427,4.9798584,297.96326,100983.53,51.25,6.0
2025-08-04 18:00:00,7.0292816,4.9015656,296.98273,100931.61,51.25,6.0
2025-08-04 19:00:00,7.8677216,4.6811676,295.90485,100964.336,51.25,6.0
2025-08-04 20:00:00,7.9007416,4.2875977,295.36658,100970.41,51.25,6.0
2025-08-04 21:00:00,8.064758,3.6444397,294.92957,100993.72,51.25,6.0
2025-08-04 22:00:00,8.361389,2.0003815,294.03198,101001.45,51.25,6.0
2025-08-04 23:00:00,8.121582,1.9112091,292.88135,101022.17,51.25,6.0
2025-08-05 00:00:00,7.465622,1.7468262,292.19366,101024.99,51.25,6.0
2025-08-05 01:00:00,6.516754,1.0324554,290.9568,101010.92,51.25,6.0
2025-08-05 02:00:00,5.2216644,-0.3459015,290.2245,101006.81,51.25,6.0
2025-08-05 03:00:00,4.1422577,-1.9750824,289.70523,101011.11,51.25,6.0
2025-08-05 04:00:00,3.0997772,-3.3397064,289.14856,101049.57,51.25,6.0
2025-08-05 05:00:00,2.7429047,-3.8141327,288.7205,101088.14,51.25,6.0
2025-08-05 06:00:00,3.093979,-3.1506805,288.89923,101173.1,51.25,6.0
2025-08-05 07:00:00,3.529892,-1.7889099,290.05017,101242.92,51.25,6.0
2025-08-05 08:00:00,4.4951477,-1.2537384,291.44333,101284.7,51.25,6.0
2025-08-05 09:00:00,5.9850616,-0.48527527,293.12927,101334.69,51.25,6.0
2025-08-05 10:00:00,7.2315826,-0.033081055,294.06818,101359.19,51.25,6.0
2025-08-05 11:00:00,8.097885,-0.4119568,293.95593,101387.39,51.25,6.0
2025-08-05 12:00:00,8.404007,-0.607666,294.27817,101397.375,51.25,6.0
2025-08-05 13:00:00,8.984634,-1.1046143,295.13788,101450.41,51.25,6.0
2025-08-05 14:00:00,9.444489,-2.0175476,294.99615,101509.33,51.25,6.0
2025-08-05 15:00:00,9.313736,-2.8411102,294.23505,101578.34,51.25,6.0
2025-08-05 16:00:00,8.808029,-3.1216125,293.21454,101634.84,51.25,6.0
2025-08-05 17:00:00,8.042633,-2.8920593,292.62518,101683.41,51.25,6.0
2025-08-05 18:00:00,6.875183,-1.8319397,291.6772,101733.195,51.25,6.0
2025-08-05 19:00:00,6.4976044,-0.9314575,289.8053,101769.66,51.25,6.0
2025-08-05 20:00:00,6.2671967,-0.05366516,288.09344,101842.766,51.25,6.0
2025-08-05 21:00:00,6.130966,0.9571533,287.41986,101883.375,51.25,6.0
2025-08-05 22:00:00,6.3853607,2.6394043,287.17096,101893.95,51.25,6.0
2025-08-05 23:00:00,6.194214,1.6965637,287.0952,101910.81,51.25,6.0
2025-08-06 00:00:00,5.9202576,0.55981445,286.83688,101952.78,51.25,6.0
2025-08-06 01:00:00,5.3414764,0.44110107,285.88715,101947.086,51.25,6.0
2025-08-06 02:00:00,5.2001038,1.3050842,285.47556,101966.16,51.25,6.0
2025-08-06 03:00:00,5.3809814,1.913269,285.075,101961.5,51.25,6.0
2025-08-06 04:00:00,5.1236267,2.2075195,284.73914,101977.09,51.25,6.0
2025-08-06 05:00:00,4.639221,2.3367615,285.02698,101984.84,51.25,6.0
2025-08-06 06:00:00,3.8779907,2.648529,286.613,101998.61,51.25,6.0
2025-08-06 07:00:00,3.2132874,2.039032,288.864,102031.42,51.25,6.0
2025-08-06 08:00:00,3.465332,1.5602875,291.45242,102019.695,51.25,6.0
2025-08-06 09:00:00,3.9015656,1.4582977,292.8028,102001.16,51.25,6.0
2025-08-06 10:00:00,4.2039948,1.4924622,293.5499,101974.11,51.25,6.0
2025-08-06 11:00:00,4.569397,1.1495209,294.97876,101958.625,51.25,6.0
2025-08-06 12:00:00,4.39093,0.82624817,295.36768,101921.17,51.25,6.0
2025-08-06 13:00:00,3.8988342,0.3165741,295.50604,101894.305,51.25,6.0
2025-08-06 14:00:00,3.2116547,0.4692688,296.02542,101840.97,51.25,6.0
2025-08-06 15:00:00,3.0141907,0.3656006,295.5104,101788.336,51.25,6.0
2025-08-06 16:00:00,2.5393524,-0.54589844,295.67834,101746.95,51.25,6.0
2025-08-06 17:00:00,1.419342,-1.1784058,295.6953,101685.36,51.25,6.0
2025-08-06 18:00:00,0.6221161,-2.0684204,293.84152,101670.086,51.25,6.0
2025-08-06 19:00:00,-1.0204315,-3.213028,290.83063,101656.3,51.25,6.0
2025-08-06 20:00:00,-2.9489594,-3.3252258,288.57123,101640.625,51.25,6.0
2025-08-06 21:00:00,-3.9585419,-2.219345,288.7215,101636.95,51.25,6.0
2025-08-06 22:00:00,-3.9514465,-0.8674774,287.29852,101612.04,51.25,6.0
2025-08-06 23:00:00,-4.1997223,1.1816864,287.16187,101559.17,51.25,6.0
2025-08-07 00:00:00,-3.384735,2.8578644,287.2821,101515.89,51.25,6.0
2025-08-07 01:00:00,-2.812027,3.6934357,287.36307,101450.16,51.25,6.0
2025-08-07 02:00:00,-2.3428955,4.2867737,286.99634,101419.42,51.25,6.0
2025-08-07 03:00:00,-1.8561554,4.5204926,286.9024,101359.51,51.25,6.0
2025-08-07 04:00:00,-1.5803528,4.623596,286.94293,101308.94,51.25,6.0
2025-08-07 05:00:00,-0.6048126,4.599701,287.18347,101316.89,51.25,6.0
2025-08-07 06:00:00,0.36276245,4.826523,288.91095,101313.36,51.25,6.0
2025-08-07 07:00:00,0.7136688,3.5650024,291.18933,101306.95,51.25,6.0
2025-08-07 08:00:00,1.2780914,3.1753235,293.98383,101281.28,51.25,6.0
2025-08-07 09:00:00,2.3570557,3.270111,295.3844,101242.82,51.25,6.0
2025-08-07 10:00:00,3.1062927,3.341156,297.60602,101222.11,51.25,6.0
2025-08-07 11:00:00,3.7636871,2.8213196,298.44592,101201.305,51.25,6.0
2025-08-07 12:00:00,3.920517,2.8322601,298.2616,101175.016,51.25,6.0
2025-08-07 13:00:00,4.2599792,3.1070251,298.78528,101140.41,51.25,6.0
2025-08-07 14:00:00,4.633072,3.123108,299.93524,101131.91,51.25,6.0
2025-08-07 15:00:00,4.5724792,3.10701,297.5758,101108.81,51.25,6.0
2025-08-07 16:00:00,4.4971924,3.4895935,297.42218,101121.39,51.25,6.0
2025-08-07 17:00:00,4.1007843,3.7497559,297.2932,101104.09,51.25,6.0
2025-08-07 18:00:00,3.365387,4.3036804,296.6289,101089.81,51.25,6.0
2025-08-07 19:00:00,2.9011536,5.1945343,294.93127,101116.984,51.25,6.0
2025-08-07 20:00:00,2.397293,5.7848816,294.7449,101114.95,51.25,6.0
2025-08-07 21:00:00,2.62471,6.135071,293.86102,101097.49,51.25,6.0
2025-08-07 22:00:00,2.2478333,7.1067047,292.90262,101070.71,51.25,6.0
2025-08-07 23:00:00,3.2982483,6.7592163,293.2297,101068.14,51.25,6.0
2025-08-08 00:00:00,4.1664886,5.8591003,292.71252,101053.98,51.25,6.0
2025-08-08 01:00:00,5.283478,4.3457336,292.1366,101044.01,51.25,6.0
2025-08-08 02:00:00,6.172043,3.1790009,291.96323,101083.016,51.25,6.0
2025-08-08 03:00:00,6.014557,2.8183136,292.05392,101088.22,51.25,6.0
2025-08-08 04:00:00,5.807541,2.867691,291.48264,101114.125,51.25,6.0
2025-08-08 05:00:00,5.901413,2.662796,291.41376,101151.43,51.25,6.0
2025-08-08 06:00:00,5.320816,2.1525116,291.982,101186.79,51.25,6.0
2025-08-08 07:00:00,4.8444214,1.7346954,292.9571,101246.18,51.25,6.0
2025-08-08 08:00:00,4.450897,1.6600037,293.5266,101273.75,51.25,6.0
2025-08-08 09:00:00,4.375229,1.8500519,294.79163,101316.06,51.25,6.0
2025-08-08 10:00:00,3.6586914,0.7669525,295.52014,101371.78,51.25,6.0
2025-08-08 11:00:00,3.8919983,0.9421692,297.05444,101383.29,51.25,6.0
2025-08-08 12:00:00,4.605591,1.0370483,296.54562,101396.25,51.25,6.0
2025-08-08 13:00:00,5.338623,0.74012756,297.8634,101401.414,51.25,6.0
2025-08-08 14:00:00,5.268997,0.1347351,298.08984,101410.516,51.25,6.0
2025-08-08 15:00:00,4.770752,-0.3577881,297.19086,101388.97,51.25,6.0
2025-08-08 16:00:00,4.270355,-0.9255066,297.02124,101412.58,51.25,6.0
2025-08-08 17:00:00,3.8105621,-1.464035,296.94495,101420.03,51.25,6.0
2025-08-08 18:00:00,3.2856598,-1.7875977,295.7862,101441.3,51.25,6.0
2025-08-08 19:00:00,2.82193,-2.6412048,294.22012,101500.484,51.25,6.0
2025-08-08 20:00:00,2.373932,-3.5879364,292.7695,101521.91,51.25,6.0
2025-08-08 21:00:00,1.5763702,-4.219925,290.742,101554.375,51.25,6.0
2025-08-08 22:00:00,1.3737183,-2.8707886,288.84503,101566.58,51.25,6.0
2025-08-08 23:00:00,0.9541931,-2.4550629,288.1255,101545.805,51.25,6.0
2025-08-09 00:00:00,0.6534729,-2.0264282,287.45383,101528.516,51.25,6.0
2025-08-09 01:00:00,0.15809631,-1.8351593,286.7759,101497.57,51.25,6.0
2025-08-09 02:00:00,-0.46250916,-1.0853577,286.63248,101472.9,51.25,6.0
2025-08-09 03:00:00,-0.65104675,-0.4718933,286.46414,101454.31,51.25,6.0
2025-08-09 04:00:00,-0.49305725,-0.011993408,286.02237,101448.34,51.25,6.0
2025-08-09 05:00:00,-0.44284058,0.28250122,286.01437,101453.55,51.25,6.0
2025-08-09 06:00:00,-0.32740784,0.33128357,288.06635,101466.695,51.25,6.0
2025-08-09 07:00:00,0.08631897,0.38883972,289.9491,101469.47,51.25,6.0
2025-08-09 08:00:00,0.5836334,0.2151947,292.93387,101488.2,51.25,6.0
2025-08-09 09:00:00,1.2573395,0.86361694,295.9206,101470.47,51.25,6.0
2025-08-09 10:00:00,2.665985,1.2963257,298.05478,101463.33,51.25,6.0
2025-08-09 11:00:00,3.6358795,1.0866547,299.43536,101437.14,51.25,6.0
2025-08-09 12:00:00,4.4010468,0.9825287,300.2433,101407.875,51.25,6.0
2025-08-09 13:00:00,4.99292,0.7888031,300.97266,101431.67,51.25,6.0
2025-08-09 14:00:00,5.16864,0.57862854,300.05707,101441.81,51.25,6.0
2025-08-09 15:00:00,5.44368,0.08047485,300.85193,101437.01,51.25,6.0
2025-08-09 16:00:00,5.8115387,-1.0417175,299.81152,101483.65,51.25,6.0
2025-08-09 17:00:00,5.7427216,-2.4418488,298.28656,101531.516,51.25,6.0
2025-08-09 18:00:00,5.392578,-3.5422974,296.45685,101595.58,51.25,6.0
2025-08-09 19:00:00,5.1073,-4.590912,294.54382,101688.83,51.25,6.0
2025-08-09 20:00:00,4.313507,-5.0295563,291.90695,101801.016,51.25,6.0
2025-08-09 21:00:00,3.0650482,-4.4548187,290.10083,101858.47,51.25,6.0
2025-08-09 22:00:00,2.080597,-3.905655,287.83057,101907.09,51.25,6.0
2025-08-09 23:00:00,2.10437,-3.2019043,286.48206,101956.37,51.25,6.0
2025-08-10 00:00:00,2.1846313,-2.255249,286.09018,101992.22,51.25,6.0
2025-08-10 01:00:00,2.3947754,-1.5434113,285.20435,102002.49,51.25,6.0
2025-08-10 02:00:00,2.7724762,-0.8834839,284.30197,102013.59,51.25,6.0
2025-08-10 03:00:00,3.3422546,-0.2260437,283.84595,102037.484,51.25,6.0
2025-08-10 04:00:00,3.5901184,0.43293762,283.942,102069.766,51.25,6.0
2025-08-10 05:00:00,3.644104,1.1521301,284.72308,102109.34,51.25,6.0
2025-08-10 06:00:00,3.1711884,1.5219116,287.28534,102179.66,51.25,6.0
2025-08-10 07:00:00,1.958435,0.8032074,291.0321,102252.78,51.25,6.0
2025-08-10 08:00:00,1.8311615,0.51467896,294.0176,102280.65,51.25,6.0
2025-08-10 09:00:00,1.7320557,0.6567688,295.00894,102295.38,51.25,6.0
2025-08-10 10:00:00,1.6858215,0.7345581,297.81134,102313.33,51.25,6.0
2025-08-10 11:00:00,1.8109589,0.28407288,298.617,102311.66,51.25,6.0
2025-08-10 12:00:00,1.6569366,-0.6804962,299.48218,102278.04,51.25,6.0
2025-08-10 13:00:00,1.1234894,-1.377182,298.97974,102255.3,51.25,6.0
2025-08-10 14:00:00,0.54481506,-1.6506805,300.5343,102226.984,51.25,6.0
2025-08-10 15:00:00,0.06037903,-1.8423767,300.5586,102188.92,51.25,6.0
2025-08-10 16:00:00,-0.44889832,-1.9075928,299.6364,102147.53,51.25,6.0
2025-08-10 17:00:00,-0.98651123,-2.3195343,299.46533,102117.445,51.25,6.0
2025-08-10 18:00:00,-1.9057312,-3.2313232,297.43262,102110.04,51.25,6.0
2025-08-10 19:00:00,-2.733429,-4.0835114,294.73505,102127.42,51.25,6.0
2025-08-10 20:00:00,-3.297409,-4.7318573,292.4727,102162.93,51.25,6.0
2025-08-10 21:00:00,-3.9575043,-4.96315,291.1257,102193.94,51.25,6.0
2025-08-10 22:00:00,-3.9918365,-4.786377,290.66504,102186.64,51.25,6.0
2025-08-10 23:00:00,-4.855255,-3.8584747,289.06262,102193.7,51.25,6.0
2025-08-11 00:00:00,-5.4234924,-2.6007843,288.9339,102170.81,51.25,6.0
2025-08-11 01:00:00,-5.5705566,-1.3179169,287.3285,102142.22,51.25,6.0
2025-08-11 02:00:00,-5.5245056,-0.06541443,286.44534,102114.44,51.25,6.0
2025-08-11 03:00:00,-5.217926,0.5917053,286.26758,102079.81,51.25,6.0
2025-08-11 04:00:00,-4.9279785,1.1009827,285.21313,102050.31,51.25,6.0
2025-08-11 05:00:00,-4.7677,1.749466,285.67416,102028.016,51.25,6.0
2025-08-11 06:00:00,-4.2967834,2.3157196,288.5603,102019.445,51.25,6.0
2025-08-11 07:00:00,-3.077057,1.9268799,292.4486,102001.44,51.25,6.0
2025-08-11 08:00:00,-2.7060852,1.7335968,296.0726,101978.734,51.25,6.0
2025-08-11 09:00:00,-2.6519623,1.1856232,297.75577,101943.73,51.25,6.0
2025-08-11 10:00:00,-2.5231476,0.11190796,299.07184,101912.0,51.25,6.0
2025-08-11 11:00:00,-2.8856354,-0.008468628,300.12793,101872.766,51.25,6.0
2025-08-11 12:00:00,-3.2241821,0.024047852,301.00092,101813.13,51.25,6.0
2025-08-11 13:00:00,-3.5303497,0.23066711,301.76526,101755.46,51.25,6.0
2025-08-11 14:00:00,-3.7761536,0.4515381,303.19623,101660.07,51.25,6.0
2025-08-11 15:00:00,-3.8932495,0.29473877,303.36368,101610.31,51.25,6.0
2025-08-11 16:00:00,-3.8746643,-0.08175659,302.39703,101564.61,51.25,6.0
2025-08-11 17:00:00,-3.9605713,-0.39517212,302.26245,101518.67,51.25,6.0
2025-08-11 18:00:00,-4.103546,-1.0988464,300.774,101514.734,51.25,6.0
2025-08-11 19:00:00,-4.9350586,-1.6452179,296.2894,101495.92,51.25,6.0
2025-08-11 20:00:00,-5.612076,-1.7317657,295.17426,101499.0,51.25,6.0
2025-08-11 21:00:00,-6.038727,-1.290329,293.91068,101479.83,51.25,6.0
2025-08-11 22:00:00,-5.906494,-0.58099365,291.51422,101454.22,51.25,6.0
2025-08-11 23:00:00,-5.5994415,0.22996521,291.34833,101445.414,51.25,6.0
2025-08-12 00:00:00,-5.7779083,0.7282257,289.82605,101399.016,51.25,6.0
2025-08-12 01:00:00,-5.1591797,1.266449,287.75513,101387.0,51.25,6.0
2025-08-12 02:00:00,-4.4657745,1.8447723,288.10263,101360.71,51.25,6.0
2025-08-12 03:00:00,-4.3910217,1.8747864,287.04013,101326.58,51.25,6.0
2025-08-12 04:00:00,-5.2913513,1.6954346,287.39813,101279.12,51.25,6.0
2025-08-12 05:00:00,-5.7697906,1.7974854,287.78528,101263.29,51.25,6.0
2025-08-12 06:00:00,-5.1559753,2.160736,289.79773,101247.83,51.25,6.0
2025-08-12 07:00:00,-4.4450684,2.035797,293.34564,101230.69,51.25,6.0
2025-08-12 08:00:00,-3.904129,2.1705933,296.4386,101197.445,51.25,6.0
2025-08-12 09:00:00,-3.6781464,2.337616,298.8693,101143.08,51.25,6.0
2025-08-12 10:00:00,-3.291031,1.8184967,300.51526,101123.11,51.25,6.0
2025-08-12 11:00:00,-3.2099762,2.9307861,302.42255,101055.32,51.25,6.0
2025-08-12 12:00:00,-2.1895294,3.430313,303.9696,101007.125,51.25,6.0
2025-08-12 13:00:00,-2.3282166,3.2353516,306.15536,100955.91,51.25,6.0
2025-08-12 14:00:00,-2.9460602,2.9782104,305.8393,100874.78,51.25,6.0
2025-08-12 15:00:00,-2.6726837,3.393509,307.09158,100831.055,51.25,6.0
2025-08-12 16:00:00,-1.8157501,3.8234558,306.4463,100807.57,51.25,6.0
2025-08-12 17:00:00,-1.3917847,3.4945526,306.10968,100774.61,51.25,6.0
2025-08-12 18:00:00,-2.313614,2.0972137,304.4607,100763.984,51.25,6.0
2025-08-12 19:00:00,-4.3527374,1.463028,300.42426,100756.53,51.25,6.0
2025-08-12 20:00:00,-5.6956787,1.8771057,299.6065,100791.98,51.25,6.0
2025-08-12 21:00:00,-5.4535675,2.792099,297.18192,100816.33,51.25,6.0
2025-08-12 22:00:00,-3.6645508,4.984329,297.01144,100813.2,51.25,6.0
2025-08-12 23:00:00,-2.254364,4.739609,295.7826,100808.26,51.25,6.0
2025-08-13 00:00:00,-0.5962372,4.3526764,294.39142,100795.7,51.25,6.0
2025-08-13 01:00:00,2.3442688,3.871231,293.2449,100815.89,51.25,6.0
2025-08-13 02:00:00,4.8876343,2.9728699,291.6922,100836.64,51.25,6.0
2025-08-13 03:00:00,5.5401764,1.8341675,291.9878,100840.46,51.25,6.0
2025-08-13 04:00:00,4.988144,1.5068359,292.02094,100858.05,51.25,6.0
2025-08-13 05:00:00,5.131195,2.243515,292.71332,100918.14,51.25,6.0
2025-08-13 06:00:00,5.4018707,2.6352081,294.192,100995.734,51.25,6.0
2025-08-13 07:00:00,3.7687836,1.7470093,296.73865,101036.25,51.25,6.0
2025-08-13 08:00:00,2.6128998,1.2924957,299.26324,101043.914,51.25,6.0
2025-08-13 09:00:00,1.9546509,1.2231903,301.82452,101046.89,51.25,6.0
2025-08-13 10:00:00,2.3945007,1.719696,302.6549,101080.43,51.25,6.0
2025-08-13 11:00:00,1.6811218,1.8045044,304.2035,101054.05,51.25,6.0
2025-08-13 12:00:00,1.1371918,2.0096283,305.5755,101027.72,51.25,6.0
2025-08-13 13:00:00,1.5339661,2.6847687,307.53918,100999.016,51.25,6.0
2025-08-13 14:00:00,2.2301636,2.5585175,307.26337,100985.36,51.25,6.0
2025-08-13 15:00:00,2.3561554,1.9831085,308.3518,100963.5,51.25,6.0
2025-08-13 16:00:00,2.1758575,1.3572845,307.324,100948.16,51.25,6.0
2025-08-13 17:00:00,3.5896301,1.4232178,306.1513,100965.92,51.25,6.0
2025-08-13 18:00:00,4.2964783,0.7746887,303.1526,100996.7,51.25,6.0
2025-08-13 19:00:00,4.404785,-0.74694824,300.18347,101040.97,51.25,6.0
2025-08-13 20:00:00,4.2825775,-2.8404999,298.83936,101102.45,51.25,6.0
2025-08-13 21:00:00,3.1721191,-4.944809,296.4752,101133.79,51.25,6.0
2025-08-13 22:00:00,0.85350037,-4.9283752,297.03583,101112.16,51.25,6.0
2025-08-13 23:00:00,0.56910706,-3.6917725,296.16187,101141.81,51.25,6.0
2025-08-14 00:00:00,2.028122,-1.77005,295.0122,101209.9,51.25,6.0
2025-08-14 01:00:00,2.3007812,-0.29096985,295.059,101242.8,51.25,6.0
2025-08-14 02:00:00,-0.29678345,-0.56933594,294.66693,101199.234,51.25,6.0
2025-08-14 03:00:00,-1.5152435,-1.0798187,294.45764,101180.95,51.25,6.0
2025-08-14 04:00:00,-1.7604675,-1.103775,293.8532,101201.83,51.25,6.0
2025-08-14 05:00:00,-1.8287354,-0.638031,294.05798,101229.97,51.25,6.0
2025-08-14 06:00:00,-1.9941254,0.3093109,295.24805,101260.22,51.25,6.0
2025-08-14 07:00:00,-1.5155945,0.6241913,297.5286,101296.734,51.25,6.0
2025-08-14 08:00:00,-2.1875,0.4557495,299.578,101284.94,51.25,6.0
2025-08-14 09:00:00,-1.9232025,1.0436707,302.11005,101283.94,51.25,6.0
2025-08-14 10:00:00,-0.27404785,1.3919373,302.0105,101327.984,51.25,6.0
2025-08-14 11:00:00,1.3783722,2.2842865,302.88867,101328.25,51.25,6.0
2025-08-14 12:00:00,1.9786072,2.1782837,304.84778,101301.39,51.25,6.0
2025-08-14 13:00:00,2.1328735,2.2385101,306.40878,101267.08,51.25,6.0
2025-08-14 14:00:00,2.5507355,2.2775574,307.28653,101247.11,51.25,6.0
2025-08-14 15:00:00,3.204895,1.1272278,306.78802,101231.89,51.25,6.0
2025-08-14 16:00:00,2.8841553,-0.7868042,305.2124,101222.66,51.25,6.0
2025-08-14 17:00:00,2.7128296,-2.2125397,303.88712,101229.24,51.25,6.0
2025-08-14 18:00:00,2.8826752,-4.2601166,301.74738,101278.984,51.25,6.0
2025-08-14 19:00:00,3.1942444,-6.3639526,299.07736,101376.82,51.25,6.0
2025-08-14 20:00:00,3.022522,-6.6668854,297.23322,101495.19,51.25,6.0
2025-08-14 21:00:00,2.5549622,-5.713928,295.9352,101569.195,51.25,6.0
2025-08-14 22:00:00,2.2653809,-4.7503967,294.80872,101611.91,51.25,6.0
2025-08-14 23:00:00,2.2049713,-3.526657,293.95142,101641.836,51.25,6.0
2025-08-15 00:00:00,2.9309692,-2.4550476,292.9676,101647.5,51.25,6.0
2025-08-15 01:00:00,3.361206,-2.5197449,292.18073,101679.055,51.25,6.0
2025-08-15 02:00:00,2.9405823,-3.0768433,291.38455,101699.55,51.25,6.0
2025-08-15 03:00:00,2.5804138,-3.2916565,290.72824,101710.92,51.25,6.0
2025-08-15 04:00:00,2.5982513,-3.217987,290.17612,101723.72,51.25,6.0
2025-08-15 05:00:00,2.361847,-3.0395203,289.78143,101740.086,51.25,6.0
2025-08-15 06:00:00,1.5611115,-2.7875214,290.80927,101797.15,51.25,6.0
2025-08-15 07:00:00,0.9049072,-2.5945435,292.9169,101830.72,51.25,6.0
2025-08-15 08:00:00,0.52841187,-2.5757904,295.89795,101863.41,51.25,6.0
2025-08-15 09:00:00,0.23461914,-2.9155273,298.42084,101853.016,51.25,6.0
2025-08-15 10:00:00,-0.1659851,-2.459381,299.99307,101890.79,51.25,6.0
2025-08-15 11:00:00,-0.04953003,-2.7368164,301.54303,101870.375,51.25,6.0
2025-08-15 12:00:00,0.1510315,-3.0950775,301.25415,101825.03,51.25,6.0
2025-08-15 13:00:00,0.3310852,-3.4928741,303.34924,101786.59,51.25,6.0
2025-08-15 14:00:00,0.6217499,-3.8054504,302.31763,101731.69,51.25,6.0
2025-08-15 15:00:00,1.0170441,-4.5292816,302.40692,101700.83,51.25,6.0
2025-08-15 16:00:00,1.0072327,-5.387558,302.91095,101686.375,51.25,6.0
2025-08-15 17:00:00,0.23536682,-6.251831,301.3413,101711.125,51.25,6.0
2025-08-15 18:00:00,-0.15861511,-6.803009,299.62204,101719.05,51.25,6.0
2025-08-15 19:00:00,-0.33216858,-7.187683,297.90314,101762.17,51.25,6.0
2025-08-15 20:00:00,-0.44377136,-6.785034,296.06238,101821.67,51.25,6.0
2025-08-15 21:00:00,-0.06967163,-6.0429077,294.7044,101821.95,51.25,6.0
2025-08-15 22:00:00,0.5957489,-5.6095886,293.75433,101805.94,51.25,6.0
2025-08-15 23:00:00,0.16477966,-5.2565155,292.22656,101864.65,51.25,6.0
2025-08-16 00:00:00,-0.035476685,-5.3782654,292.31708,101899.914,51.25,6.0
2025-08-16 01:00:00,0.1252594,-5.4340515,291.30045,101860.45,51.25,6.0
2025-08-16 02:00:00,-0.2833557,-4.7388916,291.53967,101914.34,51.25,6.0
2025-08-16 03:00:00,-0.19230652,-4.609543,291.32233,101925.62,51.25,6.0
2025-08-16 04:00:00,-0.16751099,-4.3891754,291.34882,101930.23,51.25,6.0
2025-08-16 05:00:00,-0.3076172,-3.9390564,291.38074,101915.98,51.25,6.0
2025-08-16 06:00:00,-0.4770813,-3.6418762,291.39795,101936.69,51.25,6.0
2025-08-16 07:00:00,-0.73805237,-3.6394806,291.5249,101958.44,51.25,6.0
2025-08-16 08:00:00,-0.9330139,-3.7875519,291.62054,101987.48,51.25,6.0
2025-08-16 09:00:00,-1.403183,-4.3823395,292.20374,102016.78,51.25,6.0
2025-08-16 10:00:00,-1.1789856,-3.3247833,292.64905,102028.8,51.25,6.0
2025-08-16 11:00:00,-1.3610382,-3.8697968,292.9854,102019.36,51.25,6.0
2025-08-16 12:00:00,-1.2596283,-4.379883,293.94946,102017.84,51.25,6.0
2025-08-16 13:00:00,-0.49235535,-4.7697144,293.7181,101992.06,51.25,6.0
2025-08-16 14:00:00,-0.18882751,-5.137024,294.04602,101945.28,51.25,6.0
2025-08-16 15:00:00,-0.32389832,-5.123825,294.03357,101932.11,51.25,6.0
2025-08-16 16:00:00,-0.040740967,-4.862335,293.67035,101900.91,51.25,6.0
2025-08-16 17:00:00,0.20239258,-5.1431274,293.46063,101851.164,51.25,6.0
2025-08-16 18:00:00,-0.057724,-5.314209,292.9845,101854.22,51.25,6.0
2025-08-16 19:00:00,-0.17520142,-5.3598022,291.9002,101858.25,51.25,6.0
2025-08-16 20:00:00,-0.21028137,-5.5957947,291.39172,101890.3,51.25,6.0
2025-08-16 21:00:00,-0.42211914,-5.74617,290.15256,101876.484,51.25,6.0
2025-08-16 22:00:00,-0.36843872,-5.1687164,289.279,101876.234,51.25,6.0
2025-08-16 23:00:00,-1.089859,-5.4527283,287.38538,101910.6,51.25,6.0
2025-08-17 00:00:00,-1.5984497,-5.288437,286.75354,101902.22,51.25,6.0
2025-08-17 01:00:00,-1.6836548,-4.673584,285.0977,101901.7,51.25,6.0
2025-08-17 02:00:00,-1.3587646,-4.480301,284.9071,101872.55,51.25,6.0
2025-08-17 03:00:00,-1.0908966,-4.5286713,283.87497,101857.89,51.25,6.0
2025-08-17 04:00:00,-1.1513062,-3.984558,282.89868,101841.17,51.25,6.0
2025-08-17 05:00:00,-0.8023071,-3.53862,283.3121,101828.08,51.25,6.0
2025-08-17 06:00:00,-0.7531128,-3.1279602,285.43262,101847.586,51.25,6.0
2025-08-17 07:00:00,-1.1702423,-3.1458282,288.38763,101841.62,51.25,6.0
2025-08-17 08:00:00,-1.2380524,-3.6376495,290.5815,101849.95,51.25,6.0
2025-08-17 09:00:00,-0.7713928,-3.5618591,290.64478,101837.12,51.25,6.0
2025-08-17 10:00:00,-0.7510681,-3.205841,292.36975,101828.7,51.25,6.0
2025-08-17 11:00:00,-0.27526855,-2.9699554,292.11484,101799.08,51.25,6.0
2025-08-17 12:00:00,0.22955322,-3.2281952,293.43976,101764.19,51.25,6.0
2025-08-17 13:00:00,0.34954834,-3.4110107,293.79083,101748.44,51.25,6.0
2025-08-17 14:00:00,0.25245667,-3.6030579,294.13385,101732.16,51.25,6.0
2025-08-17 15:00:00,0.06060791,-3.7196198,294.01813,101687.88,51.25,6.0
2025-08-17 16:00:00,0.01727295,-3.7021332,293.06662,101678.47,51.25,6.0
2025-08-17 17:00:00,-0.1613617,-3.693039,292.76422,101667.375,51.25,6.0
2025-08-17 18:00:00,-0.44721985,-3.8907318,292.39014,101632.44,51.25,6.0
2025-08-17 19:00:00,-0.5940857,-3.3703613,291.92407,101647.84,51.25,6.0
2025-08-17 20:00:00,-0.8391113,-3.0989075,291.56177,101649.55,51.25,6.0
2025-08-17 21:00:00,-1.1585846,-3.098175,291.26575,101640.95,51.25,6.0
2025-08-17 22:00:00,-1.010315,-2.5107117,290.96124,101639.22,51.25,6.0
2025-08-17 23:00:00,-1.2355042,-2.7597961,290.6562,101644.016,51.25,6.0
2025-08-18 00:00:00,-1.6607666,-2.619217,290.38013,101635.08,51.25,6.0
2025-08-18 01:00:00,-2.3398285,-2.5113373,290.12354,101599.73,51.25,6.0
2025-08-18 02:00:00,-2.7967072,-2.1423798,290.04587,101602.54,51.25,6.0
2025-08-18 03:00:00,-3.0802917,-2.2192993,289.83014,101594.875,51.25,6.0
2025-08-18 04:00:00,-3.360733,-2.1629944,289.40207,101586.055,51.25,6.0
2025-08-18 05:00:00,-3.6179657,-2.0744324,289.08182,101576.766,51.25,6.0
2025-08-18 06:00:00,-3.4725494,-1.6674194,289.7199,101584.85,51.25,6.0
2025-08-18 07:00:00,-4.03389,-1.159668,291.24548,101606.05,51.25,6.0
2025-08-18 08:00:00,-3.6533203,-0.9937134,292.65192,101592.09,51.25,6.0
2025-08-18 09:00:00,-3.8100586,-0.8193512,294.30414,101596.3,51.25,6.0
2025-08-18 10:00:00,-3.8319244,-1.1898346,295.87167,101557.45,51.25,6.0
2025-08-18 11:00:00,-3.8857574,-1.1239777,296.9289,101528.83,51.25,6.0
2025-08-18 12:00:00,-4.027878,-1.2413177,298.9099,101473.56,51.25,6.0
2025-08-18 13:00:00,-4.2993164,-1.4008789,298.7912,101422.625,51.25,6.0
2025-08-18 14:00:00,-4.55719,-1.4008484,299.2367,101369.66,51.25,6.0
2025-08-18 15:00:00,-4.4857483,-1.3140106,299.3714,101315.64,51.25,6.0
2025-08-18 16:00:00,-4.0726166,-1.1468964,299.21695,101276.36,51.25,6.0
2025-08-18 17:00:00,-3.7814026,-1.2285614,298.91687,101249.17,51.25,6.0
2025-08-18 18:00:00,-3.3370667,-1.6202087,297.85565,101218.93,51.25,6.0
2025-08-18 19:00:00,-3.307022,-2.554123,293.98236,101225.66,51.25,6.0
2025-08-18 20:00:00,-3.7846985,-3.3256683,293.08313,101223.766,51.25,6.0
2025-08-18 21:00:00,-4.7100525,-3.5775757,292.15396,101202.66,51.25,6.0
2025-08-18 22:00:00,-4.840683,-3.1544647,291.1369,101215.58,51.25,6.0
2025-08-18 23:00:00,-5.397278,-2.3008728,290.07574,101201.69,51.25,6.0
2025-08-19 00:00:00,-5.626541,-1.769928,289.1797,101166.64,51.25,6.0
2025-08-19 01:00:00,-5.470459,-1.1567688,288.40808,101133.33,51.25,6.0
2025-08-19 02:00:00,-4.9352875,-0.285141,287.7364,101149.516,51.25,6.0
2025-08-19 03:00:00,-4.6188507,-0.19670105,286.29004,101112.625,51.25,6.0
2025-08-19 04:00:00,-4.6929474,-0.4352417,286.37433,101055.99,51.25,6.0
2025-08-19 05:00:00,-4.2431793,-0.6332092,285.44348,101055.87,51.25,6.0
2025-08-19 06:00:00,-4.391388,-1.3170166,288.2735,101035.17,51.25,6.0
2025-08-19 07:00:00,-3.0918732,-1.3112183,291.87048,101026.18,51.25,6.0
2025-08-19 08:00:00,-2.616211,-1.022522,294.638,101004.22,51.25,6.0
2025-08-19 09:00:00,-2.9972992,-1.3408966,298.25403,100992.2,51.25,6.0
2025-08-19 10:00:00,-2.6509857,-2.0217133,298.87836,100960.04,51.25,6.0
2025-08-19 11:00:00,-3.1676788,-1.8770752,300.01797,100890.805,51.25,6.0
2025-08-19 12:00:00,-2.8806915,-1.2495117,302.2071,100831.81,51.25,6.0
2025-08-19 13:00:00,-2.5269165,-1.055893,302.40863,100767.92,51.25,6.0
2025-08-19 14:00:00,-2.2254944,-1.1469727,302.00122,100722.78,51.25,6.0
2025-08-19 15:00:00,-1.6161346,-1.4533997,303.0949,100697.07,51.25,6.0
2025-08-19 16:00:00,-1.5602112,-2.4655151,301.8732,100639.92,51.25,6.0
2025-08-19 17:00:00,-1.4344025,-3.3191528,301.13397,100629.984,51.25,6.0
2025-08-19 18:00:00,-0.8634949,-5.1196136,299.76752,100614.34,51.25,6.0
2025-08-19 19:00:00,-0.9033356,-7.71286,297.78412,100662.77,51.25,6.0
2025-08-19 20:00:00,-2.0906982,-8.84903,295.23807,100713.984,51.25,6.0
2025-08-19 21:00:00,-2.7893524,-8.024963,293.6407,100752.016,51.25,6.0
2025-08-19 22:00:00,-3.4791565,-6.785248,291.7209,100758.89,51.25,6.0
2025-08-19 23:00:00,-3.332962,-5.99144,291.15024,100793.41,51.25,6.0
2025-08-20 00:00:00,-2.771576,-5.374542,290.00214,100800.79,51.25,6.0
2025-08-20 01:00:00,-2.2238007,-5.6683197,288.589,100794.85,51.25,6.0
2025-08-20 02:00:00,-1.57901,-5.8079987,288.3462,100783.516,51.25,6.0
2025-08-20 03:00:00,-1.4934387,-5.4439697,287.30182,100769.45,51.25,6.0
2025-08-20 04:00:00,-1.4299469,-4.9668274,287.0359,100757.875,51.25,6.0
2025-08-20 05:00:00,-1.4023285,-5.140564,287.1125,100763.22,51.25,6.0
2025-08-20 06:00:00,-1.2840271,-4.5597687,287.61206,100799.95,51.25,6.0
2025-08-20 07:00:00,-1.4566498,-4.53508,288.77338,100796.484,51.25,6.0
2025-08-20 08:00:00,-1.0637817,-3.9911194,290.14926,100807.31,51.25,6.0
2025-08-20 09:00:00,-1.1043549,-4.2671204,291.72382,100802.01,51.25,6.0
2025-08-20 10:00:00,-1.2763367,-3.7490234,293.79626,100818.59,51.25,6.0
2025-08-20 11:00:00,-1.3944702,-4.3348236,294.12704,100762.836,51.25,6.0
2025-08-20 12:00:00,-1.6829529,-4.17984,296.57886,100718.984,51.25,6.0
2025-08-20 13:00:00,-1.795227,-3.558838,297.59473,100682.94,51.25,6.0
2025-08-20 14:00:00,-1.7327576,-3.0026855,298.30444,100650.94,51.25,6.0
2025-08-20 15:00:00,-1.486084,-3.062973,297.39117,100601.2,51.25,6.0
2025-08-20 16:00:00,-1.266571,-3.498581,297.73773,100555.25,51.25,6.0
2025-08-20 17:00:00,-1.3161926,-4.1602783,296.76498,100543.94,51.25,6.0
2025-08-20 18:00:00,-1.1074066,-4.9487762,295.27444,100543.82,51.25,6.0
2025-08-20 19:00:00,-1.3782501,-6.031723,292.82556,100586.836,51.25,6.0
2025-08-20 20:00:00,-2.0043793,-6.373764,291.35254,100602.375,51.25,6.0
2025-08-20 21:00:00,-2.5440369,-6.605896,291.01385,100633.18,51.25,6.0
2025-08-20 22:00:00,-3.3470764,-6.449951,289.3147,100674.2,51.25,6.0
2025-08-20 23:00:00,-2.950119,-6.3726654,289.2976,100661.66,51.25,6.0
2025-08-21 00:00:00,-2.5809631,-5.9597473,288.72665,100636.38,51.25,6.0
2025-08-21 01:00:00,-2.1100616,-5.62619,288.1482,100624.72,51.25,6.0
2025-08-21 02:00:00,-1.6295776,-5.734085,286.85944,100610.086,51.25,6.0
2025-08-21 03:00:00,-1.301178,-5.2438354,286.26584,100594.33,51.25,6.0
2025-08-21 04:00:00,-0.92749023,-5.182266,286.2906,100583.34,51.25,6.0
2025-08-21 05:00:00,-0.41905212,-5.7286377,285.62872,100593.56,51.25,6.0
2025-08-21 06:00:00,-0.35139465,-5.5688324,287.21558,100639.664,51.25,6.0
2025-08-21 07:00:00,-0.5152588,-4.694565,289.4162,100643.016,51.25,6.0
2025-08-21 08:00:00,-0.55766296,-4.854828,291.07883,100655.92,51.25,6.0
2025-08-21 09:00:00,-0.8609772,-5.667633,294.23868,100693.46,51.25,6.0
2025-08-21 10:00:00,-1.4009857,-5.6648865,294.39246,100715.09,51.25,6.0
2025-08-21 11:00:00,-1.0751953,-6.1399994,295.54865,100718.125,51.25,6.0
2025-08-21 12:00:00,-0.562973,-6.182617,296.03235,100736.484,51.25,6.0
2025-08-21 13:00:00,-0.06312561,-6.21286,297.2694,100759.03,51.25,6.0
2025-08-21 14:00:00,0.2681427,-6.3861847,296.75027,100755.1,51.25,6.0
2025-08-21 15:00:00,0.7473755,-6.756317,296.5669,100755.35,51.25,6.0
2025-08-21 16:00:00,1.2327423,-7.999344,295.9547,100801.945,51.25,6.0
2025-08-21 17:00:00,1.3501892,-8.906082,294.39398,100870.31,51.25,6.0
2025-08-21 18:00:00,1.0454712,-8.564041,292.48444,100923.6,51.25,6.0
2025-08-21 19:00:00,0.5106659,-8.177826,290.8241,101037.63,51.25,6.0
2025-08-21 20:00:00,-0.2062378,-7.7167206,289.4992,101109.15,51.25,6.0
2025-08-21 21:00:00,-0.5622406,-6.908371,288.22467,101174.38,51.25,6.0
2025-08-21 22:00:00,0.11250305,-5.261673,287.0672,101245.33,51.25,6.0
2025-08-21 23:00:00,0.5554199,-5.08815,286.2583,101294.336,51.25,6.0
2025-08-22 00:00:00,1.0290833,-4.8766174,285.45483,101310.41,51.25,6.0
2025-08-22 01:00:00,1.2722778,-4.415283,285.0933,101351.91,51.25,6.0
2025-08-22 02:00:00,1.2952423,-3.974762,284.70883,101351.62,51.25,6.0
2025-08-22 03:00:00,1.5250549,-3.5716705,284.53778,101335.11,51.25,6.0
2025-08-22 04:00:00,1.7836151,-3.0480347,285.37503,101330.72,51.25,6.0
2025-08-22 05:00:00,2.2319794,-2.544632,285.3214,101351.22,51.25,6.0
2025-08-22 06:00:00,2.4815674,-1.8905792,286.5489,101394.69,51.25,6.0
2025-08-22 07:00:00,2.347702,-1.8397522,287.75903,101434.44,51.25,6.0
2025-08-22 08:00:00,2.0043488,-1.9406586,288.73187,101469.3,51.25,6.0
2025-08-22 09:00:00,2.3597107,-1.6252136,290.247,101457.28,51.25,6.0
2025-08-22 10:00:00,2.651184,-1.209259,290.25415,101485.19,51.25,6.0
2025-08-22 11:00:00,3.2403107,-1.6372833,291.27237,101478.56,51.25,6.0
2025-08-22 12:00:00,3.7694244,-2.084076,291.48895,101458.5,51.25,6.0
2025-08-22 13:00:00,4.073456,-2.5176392,291.75085,101467.266,51.25,6.0
2025-08-22 14:00:00,4.2418976,-2.8080597,291.7741,101446.14,51.25,6.0
2025-08-22 15:00:00,3.795044,-3.0005493,291.50116,101415.516,51.25,6.0
2025-08-22 16:00:00,3.4814758,-3.2043762,291.12244,101413.98,51.25,6.0
2025-08-22 17:00:00,2.951706,-3.2282104,290.71863,101416.336,51.25,6.0
2025-08-22 18:00:00,2.785324,-3.1248016,289.98883,101401.414,51.25,6.0
2025-08-22 19:00:00,2.982666,-2.90831,289.1355,101429.47,51.25,6.0
2025-08-22 20:00:00,3.1377716,-2.8331146,288.43677,101423.58,51.25,6.0
2025-08-22 21:00:00,3.6726532,-2.8677826,288.06976,101451.56,51.25,6.0
2025-08-22 22:00:00,3.0751343,-2.4658966,287.35657,101448.875,51.25,6.0
2025-08-22 23:00:00,2.9911652,-1.2255707,287.3238,101440.82,51.25,6.0
2025-08-23 00:00:00,3.4661407,-0.1907959,286.81042,101425.08,51.25,6.0
2025-08-23 01:00:00,3.892273,0.26474,286.37943,101383.44,51.25,6.0
2025-08-23 02:00:00,4.279709,0.93200684,286.6817,101369.13,51.25,6.0
2025-08-23 03:00:00,4.395767,1.7028046,286.54718,101324.83,51.25,6.0
2025-08-23 04:00:00,4.9197235,1.7499695,286.72742,101300.3,51.25,6.0
2025-08-23 05:00:00,5.699814,1.2064972,286.94034,101292.39,51.25,6.0
2025-08-23 06:00:00,5.7219543,0.37542725,287.12683,101324.26,51.25,6.0
2025-08-23 07:00:00,4.742096,-0.7533722,287.60837,101361.99,51.25,6.0
2025-08-23 08:00:00,3.6661072,-1.5749817,287.571,101400.58,51.25,6.0
2025-08-23 09:00:00,2.4776611,-2.5992432,288.8356,101435.836,51.25,6.0
2025-08-23 10:00:00,0.66781616,-2.3711853,289.69562,101474.5,51.25,6.0
2025-08-23 11:00:00,1.4881744,-2.3048859,290.78967,101470.125,51.25,6.0
2025-08-23 12:00:00,1.8639832,-2.661621,292.49493,101463.96,51.25,6.0
2025-08-23 13:00:00,1.9886932,-2.8946075,293.06268,101448.75,51.25,6.0
2025-08-23 14:00:00,2.2976074,-3.14151,293.31482,101445.5,51.25,6.0
2025-08-23 15:00:00,2.338745,-3.6891785,292.6201,101435.016,51.25,6.0
2025-08-23 16:00:00,2.2073212,-4.1897736,292.43765,101443.414,51.25,6.0
2025-08-23 17:00:00,1.5756226,-4.74971,291.90204,101457.17,51.25,6.0
2025-08-23 18:00:00,1.0838776,-4.9035797,290.75977,101478.2,51.25,6.0
2025-08-23 19:00:00,0.7819977,-4.950699,288.92148,101517.36,51.25,6.0
2025-08-23 20:00:00,0.39785767,-4.9022217,286.8955,101553.64,51.25,6.0
2025-08-23 21:00:00,-0.2526703,-4.6862946,285.2845,101584.9,51.25,6.0
2025-08-23 22:00:00,-1.109314,-4.186905,284.3778,101616.55,51.25,6.0
2025-08-23 23:00:00,-1.7699127,-3.331009,283.31488,101621.93,51.25,6.0
2025-08-24 00:00:00,-1.9126434,-2.79245,282.04898,101626.15,51.25,6.0
2025-08-24 01:00:00,-1.9061279,-2.5516205,282.02716,101628.64,51.25,6.0
2025-08-24 02:00:00,-2.0845032,-2.0876007,281.27307,101645.78,51.25,6.0
2025-08-24 03:00:00,-2.2805328,-1.3987579,280.13464,101621.445,51.25,6.0
2025-08-24 04:00:00,-2.1289062,-0.845932,279.92377,101589.555,51.25,6.0
2025-08-24 05:00:00,-1.7026825,-0.5666504,280.21863,101601.44,51.25,6.0
2025-08-24 06:00:00,-1.1435547,-0.65708923,282.4378,101644.8,51.25,6.0
2025-08-24 07:00:00,-0.5585785,-0.90478516,286.02673,101678.64,51.25,6.0
2025-08-24 08:00:00,-0.075546265,-1.2381287,289.42932,101686.375,51.25,6.0
2025-08-24 09:00:00,0.30740356,-1.7300415,290.56113,101689.78,51.25,6.0
2025-08-24 10:00:00,0.44422913,-1.9017334,291.18942,101686.86,51.25,6.0
2025-08-24 11:00:00,0.63401794,-1.7999878,293.00995,101675.87,51.25,6.0
2025-08-24 12:00:00,0.729187,-2.0509644,293.81662,101637.56,51.25,6.0
2025-08-24 13:00:00,0.4414215,-2.4337616,293.94852,101618.26,51.25,6.0
2025-08-24 14:00:00,-0.0087890625,-2.5085297,294.18738,101566.08,51.25,6.0
2025-08-24 15:00:00,0.050994873,-2.578003,295.43915,101538.36,51.25,6.0
2025-08-24 16:00:00,-0.1693573,-2.7779694,294.34045,101533.08,51.25,6.0
2025-08-24 17:00:00,-0.6639862,-2.4659424,294.00854,101498.195,51.25,6.0
2025-08-24 18:00:00,-1.5725403,-2.248642,292.30258,101483.81,51.25,6.0
2025-08-24 19:00:00,-2.769287,-1.9893341,288.44818,101516.02,51.25,6.0
2025-08-24 20:00:00,-3.1965942,-0.9893646,286.4003,101543.234,51.25,6.0
2025-08-24 21:00:00,-2.7703094,-0.023956299,285.16125,101552.59,51.25,6.0
2025-08-24 22:00:00,-1.5131378,0.69044495,285.60724,101551.75,51.25,6.0
2025-08-24 23:00:00,-1.2883759,0.044677734,284.73346,101565.09,51.25,6.0
2025-08-25 00:00:00,-1.4153595,-0.084991455,282.9994,101563.164,51.25,6.0
2025-08-25 01:00:00,-1.6032257,0.083496094,282.06308,101550.71,51.25,6.0
2025-08-25 02:00:00,-1.8682556,0.6467743,281.5193,101545.96,51.25,6.0
2025-08-25 03:00:00,-1.8647308,1.5214081,280.2914,101534.89,51.25,6.0
2025-08-25 04:00:00,-1.7452698,2.1000214,280.31036,101499.766,51.25,6.0
2025-08-25 05:00:00,-1.495163,2.3627472,279.99652,101494.92,51.25,6.0
2025-08-25 06:00:00,-1.0888824,2.22023,281.93164,101526.016,51.25,6.0
2025-08-25 07:00:00,-0.80249023,1.768158,286.76648,101524.64,51.25,6.0
2025-08-25 08:00:00,-0.55441284,0.6870117,290.9521,101526.0,51.25,6.0
2025-08-25 09:00:00,-0.938324,0.2821808,292.62842,101527.164,51.25,6.0
2025-08-25 10:00:00,-2.0540466,0.39170837,293.73505,101477.45,51.25,6.0
2025-08-25 11:00:00,-2.1213531,0.27929688,294.63687,101437.32,51.25,6.0
2025-08-25 12:00:00,-2.0700073,-0.07670593,295.55176,101355.02,51.25,6.0
2025-08-25 13:00:00,-2.0032654,-0.07765198,296.9232,101323.81,51.25,6.0
2025-08-25 14:00:00,-1.872055,0.17910767,296.63895,101250.47,51.25,6.0
2025-08-25 15:00:00,-1.5986481,0.04373169,297.71854,101188.24,51.25,6.0
2025-08-25 16:00:00,-1.6714935,-0.28663635,296.8312,101128.46,51.25,6.0
2025-08-25 17:00:00,-2.1509705,-0.48109436,296.5758,101089.75,51.25,6.0
2025-08-25 18:00:00,-3.403122,-0.9285431,294.8814,101064.65,51.25,6.0
2025-08-25 19:00:00,-4.9287415,-0.9203949,291.78607,101079.42,51.25,6.0
2025-08-25 20:00:00,-5.5056915,-0.22897339,290.04767,101068.25,51.25,6.0
2025-08-25 21:00:00,-5.4351044,0.7450714,288.59674,101054.3,51.25,6.0
2025-08-25 22:00:00,-5.425995,0.93341064,286.99457,101027.92,51.25,6.0
2025-08-25 23:00:00,-5.085907,1.9895477,285.98035,101025.44,51.25,6.0
2025-08-26 00:00:00,-4.824707,3.0952148,285.37207,100972.44,51.25,6.0
2025-08-26 01:00:00,-4.154419,3.8000793,284.19537,100923.56,51.25,6.0
2025-08-26 02:00:00,-3.59227,4.064316,284.45142,100884.33,51.25,6.0
2025-08-26 03:00:00,-3.0579834,4.4436646,283.68387,100821.914,51.25,6.0
2025-08-26 04:00:00,-2.212265,4.844223,283.7553,100773.11,51.25,6.0
2025-08-26 05:00:00,-1.2375336,4.9382477,283.3778,100728.695,51.25,6.0
2025-08-26 06:00:00,-0.62316895,4.910034,285.80722,100718.33,51.25,6.0
2025-08-26 07:00:00,-0.43122864,4.0016785,289.73645,100683.56,51.25,6.0
2025-08-26 08:00:00,-0.37493896,3.1007538,292.70294,100652.164,51.25,6.0
2025-08-26 09:00:00,-0.14212036,2.9870453,297.0663,100619.3,51.25,6.0
2025-08-26 10:00:00,0.13253784,3.082428,298.794,100583.91,51.25,6.0
2025-08-26 11:00:00,0.43521118,3.7810822,300.46536,100505.42,51.25,6.0
2025-08-26 12:00:00,0.66522217,4.281723,301.76495,100454.43,51.25,6.0
2025-08-26 13:00:00,1.2121735,4.436432,303.05118,100389.42,51.25,6.0
2025-08-26 14:00:00,1.7190552,4.4506683,302.86963,100335.76,51.25,6.0
2025-08-26 15:00:00,2.1805878,4.4487457,302.225,100289.016,51.25,6.0
2025-08-26 16:00:00,2.469284,4.5905304,301.2713,100272.97,51.25,6.0
2025-08-26 17:00:00,2.633194,4.466507,301.0124,100235.42,51.25,6.0
2025-08-26 18:00:00,2.3980713,4.2964478,299.90918,100229.08,51.25,6.0
2025-08-26 19:00:00,2.0647125,4.8877563,297.5579,100255.625,51.25,6.0
2025-08-26 20:00:00,4.3864136,3.6464233,295.83478,100250.36,51.25,6.0
2025-08-26 21:00:00,7.060272,-0.4059906,294.40085,100315.86,51.25,6.0
2025-08-26 22:00:00,5.397003,-3.134781,293.76324,100350.73,51.25,6.0
2025-08-26 23:00:00,4.1904755,-2.1736145,292.57983,100399.47,51.25,6.0
2025-08-27 00:00:00,4.353653,0.059387207,290.6667,100425.11,51.25,6.0
2025-08-27 01:00:00,5.245178,2.7826538,289.78488,100438.36,51.25,6.0
2025-08-27 02:00:00,5.06398,3.5444946,289.27512,100429.17,51.25,6.0
2025-08-27 03:00:00,4.7292175,3.787262,288.82147,100441.84,51.25,6.0
2025-08-27 04:00:00,4.1959534,4.088043,289.29993,100450.81,51.25,6.0
2025-08-27 05:00:00,3.2924652,4.377701,288.5738,100450.805,51.25,6.0
2025-08-27 06:00:00,2.812317,4.4316406,289.76306,100457.586,51.25,6.0
2025-08-27 07:00:00,2.688385,3.3493347,290.98874,100488.37,51.25,6.0
2025-08-27 08:00:00,2.7149048,2.378128,292.7058,100503.0,51.25,6.0
2025-08-27 09:00:00,2.3278809,1.7887421,294.19702,100503.164,51.25,6.0
2025-08-27 10:00:00,-0.21154785,2.1106873,295.86398,100399.17,51.25,6.0
2025-08-27 11:00:00,-1.3124847,1.8252869,297.48932,100367.125,51.25,6.0
2025-08-27 12:00:00,-1.7222137,2.486786,297.5398,100315.96,51.25,6.0
2025-08-27 13:00:00,-0.41897583,2.8214722,298.8827,100247.5,51.25,6.0
2025-08-27 14:00:00,1.2421722,2.8590546,299.524,100184.31,51.25,6.0
2025-08-27 15:00:00,2.4716034,3.4068146,298.8247,100143.0,51.25,6.0
2025-08-27 16:00:00,3.5033722,3.5236359,298.72092,100155.32,51.25,6.0
2025-08-27 17:00:00,4.182541,2.9075165,297.86768,100125.25,51.25,6.0
2025-08-27 18:00:00,3.948349,1.7925568,296.85233,100114.56,51.25,6.0
2025-08-27 19:00:00,3.4037018,1.0642853,295.3243,100170.06,51.25,6.0
2025-08-27 20:00:00,2.9363403,0.8499603,293.03882,100146.85,51.25,6.0
2025-08-27 21:00:00,2.7735596,0.5335388,291.892,100156.625,51.25,6.0
2025-08-27 22:00:00,2.5903625,0.09310913,291.34302,100146.2,51.25,6.0
2025-08-27 23:00:00,1.6061096,0.23231506,290.8778,100115.82,51.25,6.0
2025-08-28 00:00:00,1.181961,0.9184265,291.50513,100074.81,51.25,6.0
2025-08-28 01:00:00,-0.0033874512,2.1430817,290.98853,100049.47,51.25,6.0
2025-08-28 02:00:00,0.16810608,4.046524,289.1907,100035.234,51.25,6.0
2025-08-28 03:00:00,1.5383301,4.302841,289.71875,99993.31,51.25,6.0
2025-08-28 04:00:00,2.6281433,4.0425415,290.04608,99981.55,51.25,6.0
2025-08-28 05:00:00,2.4487152,3.5667572,290.06207,99949.77,51.25,6.0
2025-08-28 06:00:00,1.3188629,4.0687866,290.87933,99957.29,51.25,6.0
2025-08-28 07:00:00,0.86683655,4.63916,292.596,99945.0,51.25,6.0
2025-08-28 08:00:00,0.575119,3.8147125,294.08258,99930.234,51.25,6.0
2025-08-28 09:00:00,1.157074,3.3109589,295.6161,99897.89,51.25,6.0
2025-08-28 10:00:00,2.820816,4.160965,296.6277,99877.55,51.25,6.0
2025-08-28 11:00:00,2.8237915,3.2429047,295.83185,99798.68,51.25,6.0
2025-08-28 12:00:00,4.865616,4.457596,296.31146,99835.41,51.25,6.0
2025-08-28 13:00:00,4.5581207,2.691925,296.9809,99849.97,51.25,6.0
2025-08-28 14:00:00,4.5803986,3.6800537,297.4867,99842.164,51.25,6.0
2025-08-28 15:00:00,5.308655,2.6710968,297.5208,99813.695,51.25,6.0
2025-08-28 16:00:00,5.6962585,1.889389,296.6123,99815.64,51.25,6.0
2025-08-28 17:00:00,4.8686066,0.5548401,294.81897,99821.39,51.25,6.0
2025-08-28 18:00:00,4.362274,0.55241394,292.35962,99833.266,51.25,6.0
2025-08-28 19:00:00,3.73909,0.8339081,290.7823,99899.016,51.25,6.0
2025-08-28 20:00:00,3.1852875,0.9685364,289.14697,99901.305,51.25,6.0
2025-08-28 21:00:00,2.6474152,1.9777527,287.82404,99911.17,51.25,6.0
2025-08-28 22:00:00,4.0260315,1.2305756,287.2572,99896.17,51.25,6.0
2025-08-28 23:00:00,3.3020477,2.6884613,286.42444,99888.84,51.25,6.0
2025-08-29 00:00:00,2.290268,4.2173157,286.3084,99887.625,51.25,6.0
2025-08-29 01:00:00,2.1929169,4.5973053,286.94446,99850.516,51.25,6.0
2025-08-29 02:00:00,2.0775146,4.853943,287.00934,99804.266,51.25,6.0
2025-08-29 03:00:00,1.9098358,6.0670776,286.87842,99787.77,51.25,6.0
2025-08-29 04:00:00,2.3998413,6.179779,286.93115,99769.01,51.25,6.0
2025-08-29 05:00:00,2.0371704,6.4317627,287.33505,99736.24,51.25,6.0
2025-08-29 06:00:00,1.0801086,6.720047,288.1004,99744.805,51.25,6.0
2025-08-29 07:00:00,0.5629883,5.8667145,290.357,99718.42,51.25,6.0
2025-08-29 08:00:00,0.64805603,5.963455,292.35022,99657.85,51.25,6.0
2025-08-29 09:00:00,0.45944214,6.8221893,293.91077,99630.89,51.25,6.0
2025-08-29 10:00:00,1.4918976,7.5163727,295.5122,99594.6,51.25,6.0
2025-08-29 11:00:00,2.1019135,7.888962,295.26843,99548.8,51.25,6.0
2025-08-29 12:00:00,1.8828278,8.033859,296.00848,99535.484,51.25,6.0
2025-08-29 13:00:00,1.6084747,8.096008,295.62927,99482.92,51.25,6.0
2025-08-29 14:00:00,3.2805939,8.752396,294.6767,99479.19,51.25,6.0
2025-08-29 15:00:00,3.0504303,7.5150604,294.02924,99475.92,51.25,6.0
2025-08-29 16:00:00,2.6757202,7.6306,292.45367,99500.05,51.25,6.0
2025-08-29 17:00:00,3.0201569,7.3175507,291.16638,99481.06,51.25,6.0
2025-08-29 18:00:00,3.928543,6.7056274,290.51752,99533.08,51.25,6.0
2025-08-29 19:00:00,3.3934326,6.1930084,289.81378,99604.24,51.25,6.0
2025-08-29 20:00:00,2.83255,6.4224243,289.35645,99631.38,51.25,6.0
2025-08-29 21:00:00,2.962204,6.182266,288.7533,99677.22,51.25,6.0
2025-08-29 22:00:00,4.3217926,6.732254,288.2322,99715.84,51.25,6.0
2025-08-29 23:00:00,4.6851654,6.334305,287.94525,99758.63,51.25,6.0
2025-08-30 00:00:00,5.189636,5.533722,287.76617,99812.805,51.25,6.0
2025-08-30 01:00:00,5.538315,4.695999,287.51703,99801.375,51.25,6.0
2025-08-30 02:00:00,5.21994,5.3161774,287.32837,99854.3,51.25,6.0
2025-08-30 03:00:00,4.709091,5.873047,287.16162,99917.53,51.25,6.0
2025-08-30 04:00:00,5.308182,5.3233643,287.22012,99956.234,51.25,6.0
2025-08-30 05:00:00,5.6697845,4.7209015,287.60382,99986.41,51.25,6.0
2025-08-30 06:00:00,5.376892,4.7144165,288.07428,100030.63,51.25,6.0
2025-08-30 07:00:00,5.565872,4.904648,289.24005,100107.5,51.25,6.0
2025-08-30 08:00:00,6.678894,4.4894257,290.48364,100180.016,51.25,6.0
2025-08-30 09:00:00,6.2097015,4.5414886,291.47546,100237.39,51.25,6.0
2025-08-30 10:00:00,4.6348724,4.5478973,293.00452,100319.016,51.25,6.0
2025-08-30 11:00:00,4.676422,4.5233917,294.51068,100323.59,51.25,6.0
2025-08-30 12:00:00,4.8707733,4.6325684,294.5237,100319.5,51.25,6.0
2025-08-30 13:00:00,4.9467316,5.0301056,294.73145,100335.09,51.25,6.0
2025-08-30 14:00:00,5.2444,5.375763,295.4801,100348.02,51.25,6.0
2025-08-30 15:00:00,5.2118835,5.305191,295.85242,100351.266,51.25,6.0
2025-08-30 16:00:00,4.8763275,5.1299744,295.49655,100360.414,51.25,6.0
2025-08-30 17:00:00,4.2075806,5.136139,294.90405,100349.62,51.25,6.0
2025-08-30 18:00:00,3.058136,5.1178436,293.60657,100362.13,51.25,6.0
2025-08-30 19:00:00,2.0495605,5.6440125,292.48007,100402.06,51.25,6.0
2025-08-30 20:00:00,1.5905151,6.5164795,291.01883,100412.31,51.25,6.0
2025-08-30 21:00:00,1.1594086,7.2217255,290.59186,100401.984,51.25,6.0
2025-08-30 22:00:00,1.4747162,8.256622,290.59543,100386.7,51.25,6.0
2025-08-30 23:00:00,1.1710205,7.946533,290.5373,100348.0,51.25,6.0
2025-08-31 00:00:00,1.2176666,7.5736847,290.53595,100330.47,51.25,6.0
2025-08-31 01:00:00,0.6455078,7.3649597,290.49316,100305.8,51.25,6.0
2025-08-31 02:00:00,0.49560547,7.243698,290.75153,100301.17,51.25,6.0
2025-08-31 03:00:00,0.9109497,7.0894012,290.98975,100294.89,51.25,6.0
2025-08-31 04:00:00,0.8073273,6.957535,290.93353,100287.69,51.25,6.0
2025-08-31 05:00:00,0.8181915,7.0543823,290.77087,100285.65,51.25,6.0
2025-08-31 06:00:00,1.0478516,7.0012207,290.7008,100304.016,51.25,6.0
2025-08-31 07:00:00,1.4027863,6.7840576,290.57312,100337.07,51.25,6.0
2025-08-31 08:00:00,1.8338776,6.4525604,290.932,100375.49,51.25,6.0
2025-08-31 09:00:00,2.1179962,5.954651,291.7633,100399.33,51.25,6.0
2025-08-31 10:00:00,-0.33572388,4.010147,292.5503,100423.86,51.25,6.0
2025-08-31 11:00:00,-0.5500488,4.5908966,294.85638,100400.75,51.25,6.0
2025-08-31 12:00:00,-0.32310486,5.209366,296.54205,100358.45,51.25,6.0
2025-08-31 13:00:00,-0.7520294,5.8180084,296.8966,100321.734,51.25,6.0
2025-08-31 14:00:00,-0.08137512,6.192978,297.66974,100288.78,51.25,6.0
2025-08-31 15:00:00,0.07221985,6.1817017,296.8542,100255.766,51.25,6.0
2025-08-31 16:00:00,0.9268341,5.3012238,296.53455,100227.164,51.25,6.0
2025-08-31 17:00:00,1.9620972,4.653473,294.87207,100227.2,51.25,6.0
2025-08-31 18:00:00,2.9437866,3.406479,293.75568,100239.84,51.25,6.0
2025-08-31 19:00:00,2.5714722,3.1180267,292.1587,100273.375,51.25,6.0
2025-08-31 20:00:00,1.6289368,3.8421326,292.28796,100252.37,51.25,6.0
2025-08-31 21:00:00,1.0964813,4.8824463,290.93253,100254.734,51.25,6.0
2025-08-31 22:00:00,0.98599243,6.1204834,291.09683,100242.03,51.25,6.0
2025-08-31 23:00:00,3.4960785,4.004257,290.8564,100245.945,51.25,6.0
2025-09-01 00:00:00,4.3240204,1.8525696,290.20697,100197.28,51.25,6.0
2025-09-01 01:00:00,3.9125214,2.437088,289.91553,100171.516,51.25,6.0
2025-09-01 02:00:00,4.199051,3.0198212,289.98456,100227.22,51.25,6.0
2025-09-01 03:00:00,3.9309387,2.7460022,289.78827,100150.3,51.25,6.0
2025-09-01 04:00:00,4.3405457,2.9188538,289.40527,100147.17,51.25,6.0
2025-09-01 05:00:00,4.0705414,4.0225067,289.01578,100155.5,51.25,6.0
2025-09-01 06:00:00,3.0213165,4.9701385,289.05536,100179.38,51.25,6.0
2025-09-01 07:00:00,3.493744,4.9177094,289.38074,100212.945,51.25,6.0
2025-09-01 08:00:00,4.848114,4.5130157,289.92444,100243.375,51.25,6.0
2025-09-01 09:00:00,4.807556,4.070999,290.72784,100291.06,51.25,6.0
2025-09-01 10:00:00,2.9282684,3.8361359,291.45294,100329.625,51.25,6.0
2025-09-01 11:00:00,2.7151337,3.7458496,292.49643,100304.92,51.25,6.0
2025-09-01 12:00:00,2.6330109,4.135727,294.26895,100311.31,51.25,6.0
2025-09-01 13:00:00,2.6813965,3.488739,294.42926,100289.25,51.25,6.0
2025-09-01 14:00:00,2.1004639,3.602234,295.57495,100260.25,51.25,6.0
2025-09-01 15:00:00,1.9924622,4.058014,295.9225,100241.01,51.25,6.0
2025-09-01 16:00:00,1.9252167,4.1947937,295.55563,100233.2,51.25,6.0
2025-09-01 17:00:00,1.6514587,3.9713135,295.17328,100202.61,51.25,6.0
2025-09-01 18:00:00,0.46896362,5.969116,293.23294,100258.73,51.25,6.0
2025-09-01 19:00:00,0.38336182,6.8002014,291.9605,100313.89,51.25,6.0
2025-09-01 20:00:00,1.6812744,7.09671,290.89966,100352.195,51.25,6.0
2025-09-01 21:00:00,3.3694763,5.9234314,290.1775,100374.57,51.25,6.0
2025-09-01 22:00:00,4.6396637,5.056259,289.57837,100356.22,51.25,6.0
2025-09-01 23:00:00,4.9230347,5.0520935,289.0067,100350.53,51.25,6.0
2025-09-02 00:00:00,4.2185364,4.887146,288.66547,100319.375,51.25,6.0
2025-09-02 01:00:00,4.1529694,4.978836,287.8225,100343.15,51.25,6.0
2025-09-02 02:00:00,4.2864075,4.6179047,288.06998,100352.67,51.25,6.0
2025-09-02 03:00:00,3.7853394,4.5454254,287.88815,100370.86,51.25,6.0
2025-09-02 04:00:00,3.3745728,4.9045715,287.2072,100391.58,51.25,6.0
2025-09-02 05:00:00,3.1849976,5.384308,287.24112,100398.13,51.25,6.0
2025-09-02 06:00:00,3.446106,5.4098663,287.57904,100425.6,51.25,6.0
2025-09-02 07:00:00,2.958725,5.0832977,288.8207,100445.91,51.25,6.0
2025-09-02 08:00:00,2.8547058,4.997452,290.59048,100463.09,51.25,6.0
2025-09-02 09:00:00,2.5978088,4.851715,291.79202,100463.45,51.25,6.0
2025-09-02 10:00:00,3.3744812,4.4777985,292.53595,100455.08,51.25,6.0
2025-09-02 11:00:00,4.2218323,5.806259,294.35815,100425.59,51.25,6.0
2025-09-02 12:00:00,4.0309296,6.089081,294.8587,100380.65,51.25,6.0
2025-09-02 13:00:00,3.7876282,5.9368134,294.3875,100340.484,51.25,6.0
2025-09-02 14:00:00,3.076233,5.620941,295.2068,100319.19,51.25,6.0
2025-09-02 15:00:00,3.279541,6.0706635,294.5813,100313.88,51.25,6.0
2025-09-02 16:00:00,3.496399,6.5008087,293.78192,100329.69,51.25,6.0
2025-09-02 17:00:00,2.6240845,6.375824,292.3893,100331.734,51.25,6.0
2025-09-02 18:00:00,0.6748047,6.363907,290.89725,100292.875,51.25,6.0
2025-09-02 19:00:00,-0.2135315,7.030136,290.07996,100302.17,51.25,6.0
2025-09-02 20:00:00,-0.1292572,7.809387,289.42792,100290.5,51.25,6.0
2025-09-02 21:00:00,-0.059555054,8.530792,290.26776,100272.91,51.25,6.0
2025-09-02 22:00:00,-0.47784424,7.2096252,291.00452,100249.16,51.25,6.0
2025-09-02 23:00:00,0.74095154,8.014603,291.003,100217.516,51.25,6.0
2025-09-03 00:00:00,1.2398682,8.0907135,290.5562,100187.31,51.25,6.0
2025-09-03 01:00:00,1.6924896,7.9293365,290.34,100158.734,51.25,6.0
2025-09-03 02:00:00,2.4248962,7.76149,290.1375,100165.88,51.25,6.0
2025-09-03 03:00:00,2.8466034,7.421875,290.24677,100172.38,51.25,6.0
2025-09-03 04:00:00,2.659729,7.2340393,290.12225,100143.8,51.25,6.0
2025-09-03 05:00:00,1.7864838,7.8285217,289.89938,100118.2,51.25,6.0
2025-09-03 06:00:00,2.134018,8.068893,290.37054,100137.13,51.25,6.0
2025-09-03 07:00:00,2.6019287,9.424484,291.293,100164.08,51.25,6.0
2025-09-03 08:00:00,3.1045532,9.942566,291.55127,100145.44,51.25,6.0
2025-09-03 09:00:00,5.6263885,11.5924225,292.26062,100171.11,51.25,6.0
2025-09-03 10:00:00,3.3165436,9.931946,293.64417,100170.08,51.25,6.0
2025-09-03 11:00:00,3.7290802,10.426285,295.0523,100114.37,51.25,6.0
2025-09-03 12:00:00,4.026245,10.638901,295.9074,100060.33,51.25,6.0
2025-09-03 13:00:00,4.761307,11.000504,295.51398,100069.67,51.25,6.0
2025-09-03 14:00:00,3.950943,10.541214,296.03766,100045.414,51.25,6.0
2025-09-03 15:00:00,1.7809143,9.552292,296.23712,100017.83,51.25,6.0
2025-09-03 16:00:00,2.2877045,10.325668,296.4526,100009.234,51.25,6.0
2025-09-03 17:00:00,1.2876434,10.502487,296.60248,99941.39,51.25,6.0
2025-09-03 18:00:00,2.310608,10.661774,295.64575,99931.69,51.25,6.0
2025-09-03 19:00:00,3.9019012,10.404648,294.72305,100001.31,51.25,6.0
2025-09-03 20:00:00,4.620743,9.804825,293.86185,100055.8,51.25,6.0
2025-09-03 21:00:00,5.657898,8.712845,293.0355,100096.96,51.25,6.0
2025-09-03 22:00:00,7.697296,6.2002716,291.6142,100158.31,51.25,6.0
2025-09-03 23:00:00,6.6255646,5.2890015,291.65445,100215.77,51.25,6.0
2025-09-04 00:00:00,5.5117035,5.3179474,290.76697,100264.7,51.25,6.0
2025-09-04 01:00:00,5.9979706,4.6622925,290.98596,100313.03,51.25,6.0
2025-09-04 02:00:00,6.173416,4.1302643,290.52307,100372.14,51.25,6.0
2025-09-04 03:00:00,5.785736,4.212616,290.45746,100415.7,51.25,6.0
2025-09-04 04:00:00,5.3300476,4.758728,290.18536,100463.95,51.25,6.0
2025-09-04 05:00:00,4.746109,5.262375,289.67773,100509.805,51.25,6.0
2025-09-04 06:00:00,3.8887024,5.4874573,290.1422,100551.195,51.25,6.0
2025-09-04 07:00:00,3.069336,5.5313416,290.78476,100579.836,51.25,6.0
2025-09-04 08:00:00,4.1977997,6.8906403,291.8175,100604.69,51.25,6.0
2025-09-04 09:00:00,4.063263,7.5125885,293.49194,100649.67,51.25,6.0
2025-09-04 10:00:00,3.659134,6.829941,293.85468,100645.125,51.25,6.0
2025-09-04 11:00:00,3.6204376,7.2704773,294.9094,100650.12,51.25,6.0
2025-09-04 12:00:00,3.5763245,7.056793,295.48334,100628.09,51.25,6.0
2025-09-04 13:00:00,3.4368744,6.303238,296.089,100622.58,51.25,6.0
2025-09-04 14:00:00,2.8585663,5.906967,295.50983,100596.29,51.25,6.0
2025-09-04 15:00:00,1.4647675,5.688675,295.01364,100520.234,51.25,6.0
2025-09-04 16:00:00,1.8686371,6.1061096,294.5617,100527.41,51.25,6.0
2025-09-04 17:00:00,2.4548035,6.304306,293.792,100585.47,51.25,6.0
2025-09-04 18:00:00,3.3022003,5.4900665,292.34277,100591.016,51.25,6.0
2025-09-04 19:00:00,3.9274902,4.9315186,291.6903,100683.01,51.25,6.0
2025-09-04 20:00:00,4.25,5.1225433,290.6455,100732.53,51.25,6.0
2025-09-04 21:00:00,4.429901,4.944397,290.0407,100803.625,51.25,6.0
2025-09-04 22:00:00,4.6271515,3.754654,289.18158,100819.95,51.25,6.0
2025-09-04 23:00:00,5.903,2.6934204,288.8816,100875.29,51.25,6.0
2025-09-05 00:00:00,6.408081,1.8395996,288.24768,100929.305,51.25,6.0
2025-09-05 01:00:00,6.1156616,2.1075134,287.11926,100962.72,51.25,6.0
2025-09-05 02:00:00,6.030365,3.0228882,286.41406,100991.19,51.25,6.0
2025-09-05 03:00:00,6.2959747,3.278885,286.05957,101043.09,51.25,6.0
2025-09-05 04:00:00,6.121872,3.0881958,285.8401,101103.64,51.25,6.0
2025-09-05 05:00:00,5.907791,2.9597626,285.6331,101168.016,51.25,6.0
2025-09-05 06:00:00,5.6614685,3.0648956,286.25882,101265.03,51.25,6.0
2025-09-05 07:00:00,4.969208,2.819687,287.7303,101344.45,51.25,6.0
2025-09-05 08:00:00,5.453354,2.2843628,289.30096,101399.766,51.25,6.0
2025-09-05 09:00:00,5.0259857,1.8224335,291.67624,101454.33,51.25,6.0
2025-09-05 10:00:00,4.114212,2.4891663,292.65057,101496.1,51.25,6.0
2025-09-05 11:00:00,4.6068573,3.074585,292.93243,101506.47,51.25,6.0
2025-09-05 12:00:00,5.545227,3.030548,293.31885,101524.734,51.25,6.0
2025-09-05 13:00:00,6.0567474,1.6038513,293.5263,101546.0,51.25,6.0
2025-09-05 14:00:00,5.875412,0.1775055,293.66608,101591.07,51.25,6.0
2025-09-05 15:00:00,5.412216,-0.49266052,293.51355,101603.375,51.25,6.0
2025-09-05 16:00:00,5.164551,-1.3042145,293.65585,101638.96,51.25,6.0
2025-09-05 17:00:00,4.3200836,-1.8634644,292.96533,101677.47,51.25,6.0
2025-09-05 18:00:00,2.8975067,-2.4986572,291.46613,101719.31,51.25,6.0
2025-09-05 19:00:00,1.8366547,-2.5980377,288.2244,101811.89,51.25,6.0
2025-09-05 20:00:00,1.2828827,-2.5189514,287.62756,101853.086,51.25,6.0
2025-09-05 21:00:00,0.9002991,-2.4720612,287.70923,101870.32,51.25,6.0
2025-09-05 22:00:00,0.22496033,-1.0361481,286.70837,101898.03,51.25,6.0
2025-09-05 23:00:00,0.081222534,-0.66952515,286.00623,101913.25,51.25,6.0
2025-09-06 00:00:00,-0.38365173,-0.054656982,285.29474,101924.945,51.25,6.0
2025-09-06 01:00:00,-0.929657,0.6781311,284.14072,101914.97,51.25,6.0
2025-09-06 02:00:00,-1.4679565,1.2710114,283.2428,101903.77,51.25,6.0
2025-09-06 03:00:00,-1.9490051,1.740448,282.6905,101894.19,51.25,6.0
2025-09-06 04:00:00,-2.5790405,1.9576416,281.98276,101916.89,51.25,6.0
2025-09-06 05:00:00,-2.5549011,1.8810272,282.20343,101907.47,51.25,6.0
2025-09-06 06:00:00,-2.8849945,1.968689,283.18964,101925.9,51.25,6.0
2025-09-06 07:00:00,-3.2494202,2.196869,286.71826,101937.0,51.25,6.0
2025-09-06 08:00:00,-2.5783844,1.5531921,289.99747,101928.82,51.25,6.0
2025-09-06 09:00:00,-2.8268738,1.8184204,293.03906,101896.33,51.25,6.0
2025-09-06 10:00:00,-2.346161,1.4884796,295.17578,101839.08,51.25,6.0
2025-09-06 11:00:00,-2.1661835,1.7632904,295.3499,101822.766,51.25,6.0
2025-09-06 12:00:00,-2.7946167,1.4884949,295.85938,101769.55,51.25,6.0
2025-09-06 13:00:00,-3.5352173,1.2473907,297.3308,101708.11,51.25,6.0
2025-09-06 14:00:00,-4.149063,1.5428162,296.27258,101653.945,51.25,6.0
2025-09-06 15:00:00,-4.3705597,1.9429474,296.8722,101611.97,51.25,6.0
2025-09-06 16:00:00,-4.6812134,1.3314819,296.02423,101584.81,51.25,6.0
2025-09-06 17:00:00,-5.620575,0.7206421,295.2154,101529.57,51.25,6.0
2025-09-06 18:00:00,-6.6752625,1.4540253,293.46445,101493.75,51.25,6.0
2025-09-06 19:00:00,-7.006714,2.5641327,291.70746,101501.625,51.25,6.0
2025-09-06 20:00:00,-6.848282,3.5451965,290.72137,101459.84,51.25,6.0
2025-09-06 21:00:00,-6.651352,4.0100555,290.01218,101445.75,51.25,6.0
2025-09-06 22:00:00,-6.1726837,3.8401794,288.68707,101408.984,51.25,6.0
2025-09-06 23:00:00,-6.0934906,3.7117462,288.56757,101370.766,51.25,6.0
2025-09-07 00:00:00,-6.180069,3.7888489,287.9794,101354.86,51.25,6.0
2025-09-07 01:00:00,-6.1931305,4.011017,286.7086,101352.65,51.25,6.0
2025-09-07 02:00:00,-6.127136,4.248535,286.43512,101329.35,51.25,6.0
2025-09-07 03:00:00,-6.7055206,4.322632,286.72998,101258.67,51.25,6.0
2025-09-07 04:00:00,-7.123291,4.4345093,286.58063,101226.69,51.25,6.0
2025-09-07 05:00:00,-7.0140686,4.6557465,285.81317,101182.266,51.25,6.0
2025-09-07 06:00:00,-7.1003876,4.723984,287.461,101171.64,51.25,6.0
2025-09-07 07:00:00,-7.182373,5.003357,289.797,101171.42,51.25,6.0
2025-09-07 08:00:00,-6.176056,4.6555023,292.4509,101149.61,51.25,6.0
2025-09-07 09:00:00,-6.3865814,4.689865,294.09958,101077.4,51.25,6.0
2025-09-07 10:00:00,-5.7458344,3.2796783,295.93457,101004.7,51.25,6.0
2025-09-07 11:00:00,-5.7277985,4.120453,298.44525,100955.8,51.25,6.0
2025-09-07 12:00:00,-5.40065,4.625519,299.79553,100916.7,51.25,6.0
2025-09-07 13:00:00,-5.2984314,4.888443,300.002,100856.37,51.25,6.0
2025-09-07 14:00:00,-5.3282166,4.9488525,301.41937,100803.445,51.25,6.0
2025-09-07 15:00:00,-5.409607,5.016098,301.01263,100751.64,51.25,6.0
2025-09-07 16:00:00,-5.725815,4.279175,300.7121,100731.75,51.25,6.0
2025-09-07 17:00:00,-6.308304,4.145523,299.48822,100723.266,51.25,6.0
2025-09-07 18:00:00,-6.498749,4.633438,296.5429,100765.1,51.25,6.0
2025-09-07 19:00:00,-5.8237457,5.821045,295.6929,100845.52,51.25,6.0
2025-09-07 20:00:00,-5.1130676,6.7274933,293.9611,100852.36,51.25,6.0
2025-09-07 21:00:00,-4.6495667,6.7374115,293.3968,100837.22,51.25,6.0
2025-09-07 22:00:00,-3.7455902,7.1398315,292.41455,100822.28,51.25,6.0
2025-09-07 23:00:00,-2.327591,7.513382,291.89996,100800.04,51.25,6.0
2025-09-08 00:00:00,-0.41635132,6.9565887,292.28195,100808.125,51.25,6.0
2025-09-08 01:00:00,1.67836,5.224457,290.9436,100823.7,51.25,6.0
2025-09-08 02:00:00,3.3868256,3.4826202,291.23688,100846.66,51.25,6.0
2025-09-08 03:00:00,5.27861,1.2456207,291.41907,100884.09,51.25,6.0
2025-09-08 04:00:00,5.986847,-1.0651093,291.45453,100925.53,51.25,6.0
2025-09-08 05:00:00,4.7947845,-1.607132,291.3092,100934.516,51.25,6.0
2025-09-08 06:00:00,4.3426056,-1.1779938,291.1205,100948.67,51.25,6.0
2025-09-08 07:00:00,4.803604,-1.019577,291.78827,100984.58,51.25,6.0
2025-09-08 08:00:00,5.566986,-0.93218994,292.40134,101042.61,51.25,6.0
2025-09-08 09:00:00,5.1943054,-1.2275543,292.8546,101094.0,51.25,6.0
2025-09-08 10:00:00,3.1514435,-0.8750763,294.28168,101140.59,51.25,6.0
2025-09-08 11:00:00,2.7073822,-1.3839874,295.50085,101153.58,51.25,6.0
2025-09-08 12:00:00,2.398178,-1.9638214,297.0022,101126.33,51.25,6.0
2025-09-08 13:00:00,2.2140503,-2.0752258,297.99884,101180.836,51.25,6.0
2025-09-08 14:00:00,2.3390808,-2.0510864,297.53613,101129.97,51.25,6.0
2025-09-08 15:00:00,2.469635,-2.2898254,297.62305,101181.84,51.25,6.0
2025-09-08 16:00:00,2.021225,-3.0814362,296.8595,101149.7,51.25,6.0
2025-09-08 17:00:00,1.5291748,-4.0685425,295.6446,101165.08,51.25,6.0
2025-09-08 18:00:00,1.3727264,-5.1006165,294.422,101199.34,51.25,6.0
2025-09-08 19:00:00,0.8164215,-5.8410645,293.40845,101224.81,51.25,6.0
2025-09-08 20:00:00,0.22372437,-6.0578613,292.56006,101291.3,51.25,6.0
2025-09-08 21:00:00,-0.60865784,-5.9964294,291.8465,101294.63,51.25,6.0
2025-09-08 22:00:00,-1.053482,-5.5762787,290.6726,101227.64,51.25,6.0
2025-09-08 23:00:00,-0.56858826,-4.129883,290.1907,101236.375,51.25,6.0
2025-09-09 00:00:00,0.0867157,-4.4381256,289.7224,101187.96,51.25,6.0
2025-09-09 01:00:00,0.8110199,-5.448593,289.3816,101181.84,51.25,6.0
2025-09-09 02:00:00,1.2461548,-5.391556,288.81952,101154.61,51.25,6.0
2025-09-09 03:00:00,1.5023499,-6.3157654,288.38748,101102.77,51.25,6.0
2025-09-09 04:00:00,2.061615,-7.0495453,288.10214,101096.625,51.25,6.0
2025-09-09 05:00:00,3.374878,-7.1976624,287.7821,101075.516,51.25,6.0
2025-09-09 06:00:00,4.733124,-6.8028564,287.55753,101083.0,51.25,6.0
2025-09-09 07:00:00,6.2755737,-5.5977173,287.1956,101143.7,51.25,6.0
2025-09-09 08:00:00,6.1110992,-4.842972,287.13013,101132.625,51.25,6.0
2025-09-09 09:00:00,5.975464,-4.4848785,287.08002,101144.05,51.25,6.0
2025-09-09 10:00:00,2.8031921,-4.3371887,286.4433,101105.914,51.25,6.0
2025-09-09 11:00:00,2.30365,-4.691498,286.74976,101099.08,51.25,6.0
2025-09-09 12:00:00,2.0025635,-4.2119293,287.24402,101112.98,51.25,6.0
2025-09-09 13:00:00,1.4627533,-4.107315,287.7237,101091.86,51.25,6.0
2025-09-09 14:00:00,0.009597778,-3.4269257,288.4215,101097.49,51.25,6.0
2025-09-09 15:00:00,-0.30081177,-2.9938965,288.9213,101055.75,51.25,6.0
2025-09-09 16:00:00,-0.06916809,-2.420578,288.591,101072.414,51.25,6.0
2025-09-09 17:00:00,-0.37297058,-1.9220123,288.32214,101033.83,51.25,6.0
2025-09-09 18:00:00,-0.9787903,-1.2355499,286.9602,101056.984,51.25,6.0
2025-09-09 19:00:00,-1.3264313,-0.64408875,285.13214,101068.32,51.25,6.0
2025-09-09 20:00:00,-1.2989807,-0.28460693,283.91998,101040.3,51.25,6.0
2025-09-09 21:00:00,-1.0121765,0.503067,284.02344,101002.664,51.25,6.0
2025-09-09 22:00:00,-1.214386,0.6462555,284.40088,100948.78,51.25,6.0
2025-09-09 23:00:00,-1.4040375,1.0357056,283.1318,100894.91,51.25,6.0
2025-09-10 00:00:00,-1.4982758,2.0515137,282.37643,100865.8,51.25,6.0
2025-09-10 01:00:00,-1.752121,2.8578033,281.7646,100826.01,51.25,6.0
2025-09-10 02:00:00,-2.184616,3.0571747,282.26074,100782.65,51.25,6.0
2025-09-10 03:00:00,-2.1848602,3.3623657,282.31006,100771.375,51.25,6.0
2025-09-10 04:00:00,-2.032364,3.146698,282.538,100724.87,51.25,6.0
2025-09-10 05:00:00,-2.558731,3.0173645,282.78943,100663.22,51.25,6.0
2025-09-10 06:00:00,-2.6210632,2.9866333,283.1172,100634.95,51.25,6.0
2025-09-10 07:00:00,-2.559204,2.8910675,284.19214,100613.55,51.25,6.0
2025-09-10 08:00:00,-2.7616272,3.049347,286.01367,100618.914,51.25,6.0
2025-09-10 09:00:00,-2.645172,2.4928284,287.8332,100545.91,51.25,6.0
2025-09-10 10:00:00,-1.8707275,2.106491,290.47833,100496.766,51.25,6.0
2025-09-10 11:00:00,-2.449829,2.5957794,292.3097,100403.81,51.25,6.0
2025-09-10 12:00:00,-2.09198,3.2440948,293.10272,100326.44,51.25,6.0
2025-09-10 13:00:00,-2.9277802,3.1523285,293.91208,100232.2,51.25,6.0
2025-09-10 14:00:00,-3.3702393,3.6980438,294.3233,100167.84,51.25,6.0
2025-09-10 15:00:00,-3.13385,4.46434,294.417,100091.46,51.25,6.0
2025-09-10 16:00:00,-2.891571,4.443817,294.149,100068.164,51.25,6.0
2025-09-10 17:00:00,-3.36734,4.57959,293.0509,100008.55,51.25,6.0
2025-09-10 18:00:00,-3.2588806,5.5243225,291.76526,99970.59,51.25,6.0
2025-09-10 19:00:00,-2.4823608,6.5130615,290.63852,99975.39,51.25,6.0
2025-09-10 20:00:00,-1.0558014,6.8479767,289.81784,99964.7,51.25,6.0
2025-09-10 21:00:00,0.12562561,7.275818,289.71625,99954.766,51.25,6.0
2025-09-10 22:00:00,2.9362335,6.8107147,289.88025,99881.61,51.25,6.0
2025-09-10 23:00:00,2.4266968,6.580536,289.67987,99858.45,51.25,6.0
2025-09-11 00:00:00,1.9961243,6.9397125,289.50464,99844.0,51.25,6.0
2025-09-11 01:00:00,2.5889435,7.5569153,289.48468,99809.625,51.25,6.0
2025-09-11 02:00:00,3.3687744,7.593292,288.92572,99778.14,51.25,6.0
2025-09-11 03:00:00,4.3434296,7.243515,289.0385,99776.47,51.25,6.0
2025-09-11 04:00:00,5.4767303,6.5105286,288.7711,99786.72,51.25,6.0
2025-09-11 05:00:00,7.419449,5.6322937,288.47086,99825.11,51.25,6.0
2025-09-11 06:00:00,7.8618927,4.231247,288.4161,99903.09,51.25,6.0
2025-09-11 07:00:00,8.131165,4.0951843,288.48227,99985.375,51.25,6.0
2025-09-11 08:00:00,8.066452,4.705612,289.30966,100064.305,51.25,6.0
2025-09-11 09:00:00,7.8453674,4.9448853,290.28854,100126.766,51.25,6.0
2025-09-11 10:00:00,7.109436,4.979294,291.52332,100180.92,51.25,6.0
2025-09-11 11:00:00,6.1741333,5.34729,291.8874,100164.84,51.25,6.0
2025-09-11 12:00:00,5.8983765,5.8354187,291.85785,100175.88,51.25,6.0
2025-09-11 13:00:00,5.6072083,6.6078186,291.75635,100167.5,51.25,6.0
2025-09-11 14:00:00,5.256668,6.7170258,291.30347,100202.3,51.25,6.0
2025-09-11 15:00:00,6.1099243,6.46019,290.9596,100224.28,51.25,6.0
2025-09-11 16:00:00,6.2776184,5.469208,289.60797,100244.875,51.25,6.0
2025-09-11 17:00:00,5.6839447,5.6404266,288.44547,100267.89,51.25,6.0
2025-09-11 18:00:00,5.447693,6.3046722,287.26678,100314.234,51.25,6.0
2025-09-11 19:00:00,5.4580536,6.644928,286.8374,100370.66,51.25,6.0
2025-09-11 20:00:00,5.370636,6.6519775,286.29102,100385.31,51.25,6.0
2025-09-11 21:00:00,5.547577,6.753525,286.40866,100412.266,51.25,6.0
2025-09-11 22:00:00,7.067978,5.8896484,286.30484,100438.34,51.25,6.0
2025-09-11 23:00:00,5.804535,6.1571198,285.9853,100453.22,51.25,6.0
2025-09-12 00:00:00,5.1164093,6.7230377,285.34387,100463.28,51.25,6.0
2025-09-12 01:00:00,5.3736725,6.9723663,285.51773,100482.94,51.25,6.0
2025-09-12 02:00:00,5.438919,7.0989532,285.58386,100527.484,51.25,6.0
2025-09-12 03:00:00,5.7516174,7.105484,285.5006,100562.78,51.25,6.0
2025-09-12 04:00:00,5.7297974,7.100052,284.95972,100574.56,51.25,6.0
2025-09-12 05:00:00,5.5937347,7.3055573,284.98358,100616.0,51.25,6.0
2025-09-12 06:00:00,6.4053955,7.2418976,285.299,100691.72,51.25,6.0
2025-09-12 07:00:00,7.4431763,6.9239044,286.91443,100758.625,51.25,6.0
2025-09-12 08:00:00,8.498535,6.618454,287.95667,100815.91,51.25,6.0
2025-09-12 09:00:00,8.5442505,6.4890594,289.01233,100885.41,51.25,6.0
2025-09-12 10:00:00,7.7095337,5.3050537,290.10593,100967.22,51.25,6.0
2025-09-12 11:00:00,7.065094,5.9385834,290.9655,100970.26,51.25,6.0
2025-09-12 12:00:00,7.503296,6.1279907,291.6439,101008.06,51.25,6.0
2025-09-12 13:00:00,7.17778,5.6966248,291.53442,101051.09,51.25,6.0
2025-09-12 14:00:00,6.8287506,5.67778,292.089,101075.27,51.25,6.0
2025-09-12 15:00:00,6.490677,5.7782745,291.7095,101072.95,51.25,6.0
2025-09-12 16:00:00,5.4508667,5.756531,291.36346,101097.586,51.25,6.0
2025-09-12 17:00:00,4.1961517,5.820862,290.52228,101101.53,51.25,6.0
2025-09-12 18:00:00,3.2112274,6.628769,288.21405,101114.36,51.25,6.0
2025-09-12 19:00:00,2.6021118,7.3913574,286.89844,101155.03,51.25,6.0
2025-09-12 20:00:00,2.167801,7.823868,285.97925,101146.5,51.25,6.0
2025-09-12 21:00:00,1.9449921,7.927887,285.41068,101149.63,51.25,6.0
2025-09-12 22:00:00,2.078064,8.357742,286.20703,101123.61,51.25,6.0
2025-09-12 23:00:00,2.2267303,8.330444,286.2385,101074.09,51.25,6.0
2025-09-13 00:00:00,2.7369843,8.1082,286.35208,101053.05,51.25,6.0
2025-09-13 01:00:00,3.523178,7.5713196,286.60275,101038.17,51.25,6.0
2025-09-13 02:00:00,2.7563171,7.4513397,286.57227,101001.19,51.25,6.0
2025-09-13 03:00:00,2.469986,7.379822,286.04395,100959.06,51.25,6.0
2025-09-13 04:00:00,3.1225128,7.4013824,286.08197,100983.41,51.25,6.0
2025-09-13 05:00:00,3.4432526,7.272003,285.8835,100955.38,51.25,6.0
2025-09-13 06:00:00,2.675537,7.014984,285.7813,100967.234,51.25,6.0
2025-09-13 07:00:00,2.0549316,7.170944,286.69598,100966.74,51.25,6.0
2025-09-13 08:00:00,1.8675995,7.2049103,287.85034,100950.625,51.25,6.0
2025-09-13 09:00:00,2.4931488,7.1743927,289.3575,100931.734,51.25,6.0
2025-09-13 10:00:00,2.9874115,6.568527,290.51593,100933.67,51.25,6.0
2025-09-13 11:00:00,3.2854004,6.443268,292.1122,100845.7,51.25,6.0
2025-09-13 12:00:00,3.3886414,7.1386414,292.72684,100789.38,51.25,6.0
2025-09-13 13:00:00,3.9245453,7.790024,293.222,100749.63,51.25,6.0
2025-09-13 14:00:00,3.6810303,8.191559,293.92987,100719.04,51.25,6.0
2025-09-13 15:00:00,3.1139374,6.226654,292.00464,100704.11,51.25,6.0
2025-09-13 16:00:00,3.2003174,5.239929,290.304,100680.2,51.25,6.0
2025-09-13 17:00:00,3.9272156,5.4972534,288.34058,100680.36,51.25,6.0
2025-09-13 18:00:00,3.3518372,6.182205,287.2575,100683.055,51.25,6.0
2025-09-13 19:00:00,3.6576385,6.666107,286.4992,100702.64,51.25,6.0
2025-09-13 20:00:00,4.461609,7.1223145,285.73035,100702.95,51.25,6.0
2025-09-13 21:00:00,5.345688,6.3820343,285.25095,100706.23,51.25,6.0
2025-09-13 22:00:00,6.0963287,6.5326385,284.68256,100710.7,51.25,6.0
2025-09-13 23:00:00,6.1542053,5.4552917,284.62634,100744.9,51.25,6.0
2025-09-14 00:00:00,5.6873016,5.4167633,284.34686,100714.77,51.25,6.0
2025-09-14 01:00:00,5.714218,5.281189,284.2266,100739.38,51.25,6.0
2025-09-14 02:00:00,5.7538147,4.5633698,283.83383,100761.875,51.25,6.0
2025-09-14 03:00:00,5.8563995,4.220001,283.9761,100773.09,51.25,6.0
2025-09-14 04:00:00,5.73291,3.6613007,283.60208,100810.31,51.25,6.0
2025-09-14 05:00:00,5.5828094,3.763565,283.57672,100828.45,51.25,6.0
2025-09-14 06:00:00,5.6397095,3.8645782,283.7799,100906.54,51.25,6.0
2025-09-14 07:00:00,4.859314,3.7042236,285.1455,100957.734,51.25,6.0
2025-09-14 08:00:00,5.650482,3.4469757,286.87958,101000.69,51.25,6.0
2025-09-14 09:00:00,5.2407074,3.511673,288.91003,101014.63,51.25,6.0
2025-09-14 10:00:00,4.1868744,3.5924225,290.75888,101011.75,51.25,6.0
2025-09-14 11:00:00,4.502533,4.1291046,291.46588,100999.664,51.25,6.0
2025-09-14 12:00:00,4.8435974,4.095703,292.3407,101012.45,51.25,6.0
2025-09-14 13:00:00,4.1501923,4.1226807,292.9425,100976.14,51.25,6.0
2025-09-14 14:00:00,3.373993,4.4654846,292.2677,100917.98,51.25,6.0
2025-09-14 15:00:00,2.7631378,4.962631,292.167,100845.06,51.25,6.0
2025-09-14 16:00:00,1.4237671,4.7447968,291.7768,100797.484,51.25,6.0
2025-09-14 17:00:00,0.48301697,4.9868164,291.02832,100735.64,51.25,6.0
2025-09-14 18:00:00,-1.0083923,5.432434,290.2967,100677.836,51.25,6.0
2025-09-14 19:00:00,-2.7212677,6.2423553,289.3303,100602.234,51.25,6.0
2025-09-14 20:00:00,-2.0684204,7.9583893,288.71405,100476.59,51.25,6.0
2025-09-14 21:00:00,1.7793732,9.588257,288.9784,100377.19,51.25,6.0
2025-09-14 22:00:00,5.401581,9.634048,289.93842,100218.42,51.25,6.0
2025-09-14 23:00:00,6.7000275,8.6175995,290.65405,100180.83,51.25,6.0
2025-09-15 00:00:00,7.4451294,7.73584,291.35217,100138.875,51.25,6.0
2025-09-15 01:00:00,8.343231,8.2473755,292.10394,100068.45,51.25,6.0
2025-09-15 02:00:00,9.775101,7.7543335,292.03085,100049.22,51.25,6.0
2025-09-15 03:00:00,9.016724,7.0921783,291.7093,100029.93,51.25,6.0
2025-09-15 04:00:00,10.807007,5.816803,290.75204,100049.75,51.25,6.0
2025-09-15 05:00:00,11.009567,4.6069946,289.92484,100081.63,51.25,6.0
2025-09-15 06:00:00,10.21553,5.331909,289.15167,100151.27,51.25,6.0
2025-09-15 07:00:00,10.062347,6.230545,289.2145,100205.93,51.25,6.0
2025-09-15 08:00:00,9.625153,6.785736,290.22418,100262.234,51.25,6.0
2025-09-15 09:00:00,11.266083,7.144928,291.0799,100309.69,51.25,6.0
2025-09-15 10:00:00,10.281448,6.859329,291.47046,100336.125,51.25,6.0
2025-09-15 11:00:00,10.141159,7.570038,291.77338,100380.91,51.25,6.0
2025-09-15 12:00:00,9.766327,8.027222,292.35022,100383.34,51.25,6.0
2025-09-15 13:00:00,11.326614,8.064743,292.55057,100377.34,51.25,6.0
2025-09-15 14:00:00,11.336777,7.545685,292.8637,100407.69,51.25,6.0
2025-09-15 15:00:00,10.791534,7.3667145,292.09387,100417.25,51.25,6.0
2025-09-15 16:00:00,10.3349,7.6510773,290.95767,100416.19,51.25,6.0
2025-09-15 17:00:00,10.4557495,7.5899353,290.02322,100430.77,51.25,6.0
2025-09-15 18:00:00,11.020416,7.9302216,289.2113,100435.37,51.25,6.0
2025-09-15 19:00:00,11.570251,7.420685,289.0883,100518.5,51.25,6.0
2025-09-15 20:00:00,11.70929,7.185379,288.35754,100523.484,51.25,6.0
2025-09-15 21:00:00,11.714539,7.099945,288.29163,100557.03,51.25,6.0
2025-09-15 22:00:00,10.202866,6.753189,287.99902,100565.016,51.25,6.0
2025-09-15 23:00:00,10.965546,7.119644,288.27502,100606.47,51.25,6.0
2025-09-16 00:00:00,11.054703,6.911865,288.2076,100632.305,51.25,6.0
2025-09-16 01:00:00,12.089447,6.552582,288.01,100685.97,51.25,6.0
2025-09-16 02:00:00,11.224991,6.16066,287.8648,100723.92,51.25,6.0
2025-09-16 03:00:00,11.009735,6.43396,287.687,100758.89,51.25,6.0
2025-09-16 04:00:00,10.84166,6.179352,287.46478,100797.31,51.25,6.0
2025-09-16 05:00:00,10.869202,5.9056854,286.9867,100816.414,51.25,6.0
2025-09-16 06:00:00,10.942276,5.5193787,287.1347,100900.08,51.25,6.0
2025-09-16 07:00:00,10.587906,5.383499,287.69864,100937.3,51.25,6.0
2025-09-16 08:00:00,12.755707,5.41864,288.31653,100987.14,51.25,6.0
2025-09-16 09:00:00,12.555313,4.628296,288.90427,101028.72,51.25,6.0
2025-09-16 10:00:00,9.414642,4.768799,289.81653,101047.56,51.25,6.0
2025-09-16 11:00:00,10.234192,5.339325,291.14398,101055.25,51.25,6.0
2025-09-16 12:00:00,12.046936,3.7845306,291.65952,101085.266,51.25,6.0
2025-09-16 13:00:00,11.886993,2.4101868,290.94714,101175.55,51.25,6.0
2025-09-16 14:00:00,11.733658,0.99424744,290.89178,101185.81,51.25,6.0
2025-09-16 15:00:00,10.660416,-0.016601562,290.40973,101183.14,51.25,6.0
2025-09-16 16:00:00,9.992249,-0.58044434,290.07593,101258.234,51.25,6.0
2025-09-16 17:00:00,8.688339,-0.66134644,289.3769,101303.67,51.25,6.0
2025-09-16 18:00:00,8.180267,0.16940308,288.5088,101352.72,51.25,6.0
2025-09-16 19:00:00,7.2522736,1.1333466,288.5056,101406.73,51.25,6.0
2025-09-16 20:00:00,6.9812927,2.5293884,287.92734,101425.16,51.25,6.0
2025-09-16 21:00:00,7.2324677,3.5943909,287.65152,101446.28,51.25,6.0
2025-09-16 22:00:00,8.503311,4.1080017,286.91492,101469.42,51.25,6.0
2025-09-16 23:00:00,8.327408,3.6892853,286.67523,101498.44,51.25,6.0
2025-09-17 00:00:00,7.6145325,3.4736786,285.86627,101482.44,51.25,6.0
2025-09-17 01:00:00,7.205887,3.9234772,285.36316,101504.81,51.25,6.0
2025-09-17 02:00:00,6.9255066,4.0817413,285.52988,101493.19,51.25,6.0
2025-09-17 03:00:00,7.0260315,3.8151093,285.22156,101508.1,51.25,6.0
2025-09-17 04:00:00,6.293991,3.7070312,284.77463,101506.59,51.25,6.0
2025-09-17 05:00:00,5.9634247,4.13649,284.8748,101497.89,51.25,6.0
2025-09-17 06:00:00,5.5727234,4.209137,284.91006,101551.17,51.25,6.0
2025-09-17 07:00:00,5.653305,4.150757,285.97507,101626.85,51.25,6.0
2025-09-17 08:00:00,5.236511,4.2446136,286.78836,101670.69,51.25,6.0
2025-09-17 09:00:00,4.5610504,5.0382385,287.60876,101668.94,51.25,6.0
2025-09-17 10:00:00,3.5656586,3.9618073,289.17627,101640.56,51.25,6.0
2025-09-17 11:00:00,3.503067,5.0034943,289.36548,101614.83,51.25,6.0
2025-09-17 12:00:00,3.903061,5.5153503,289.90622,101560.914,51.25,6.0
2025-09-17 13:00:00,4.371475,6.200058,290.76926,101506.79,51.25,6.0
2025-09-17 14:00:00,4.981079,6.4232635,290.83826,101486.516,51.25,6.0
2025-09-17 15:00:00,4.982849,6.1292114,291.4162,101451.17,51.25,6.0
2025-09-17 16:00:00,5.5140533,6.3035126,291.4596,101426.72,51.25,6.0
2025-09-17 17:00:00,5.9474487,6.198578,291.1725,101417.53,51.25,6.0
2025-09-17 18:00:00,6.4355927,5.7214355,290.77954,101407.51,51.25,6.0
2025-09-17 19:00:00,6.7135315,5.4257355,290.67798,101446.766,51.25,6.0
2025-09-17 20:00:00,7.1888123,5.3361206,290.73816,101455.25,51.25,6.0
2025-09-17 21:00:00,7.6058807,5.264679,290.96045,101461.195,51.25,6.0
2025-09-17 22:00:00,8.446945,5.328903,291.0537,101422.72,51.25,6.0
2025-09-17 23:00:00,8.374985,4.9871216,290.6281,101440.67,51.25,6.0
2025-09-18 00:00:00,8.222107,4.501236,290.8023,101464.75,51.25,6.0
2025-09-18 01:00:00,7.7657013,4.7309113,290.26892,101481.164,51.25,6.0
2025-09-18 02:00:00,7.2553864,4.9085693,290.5202,101485.64,51.25,6.0
2025-09-18 03:00:00,6.819931,5.2189484,290.20935,101471.78,51.25,6.0
2025-09-18 04:00:00,6.737213,5.1611023,289.93222,101477.11,51.25,6.0
2025-09-18 05:00:00,6.759857,5.1828613,289.7165,101482.5,51.25,6.0
2025-09-18 06:00:00,6.5593567,5.2637177,290.07944,101533.484,51.25,6.0
2025-09-18 07:00:00,6.3603973,5.390671,290.46674,101567.42,51.25,6.0
2025-09-18 08:00:00,5.6880493,5.315689,290.915,101606.04,51.25,6.0
2025-09-18 09:00:00,7.386856,5.0005035,291.63278,101637.49,51.25,6.0
2025-09-18 10:00:00,6.3386536,4.64534,292.28836,101669.25,51.25,6.0
2025-09-18 11:00:00,6.378433,5.07341,292.56522,101681.4,51.25,6.0
2025-09-18 12:00:00,6.7578278,4.781769,293.55902,101670.29,51.25,6.0
2025-09-18 13:00:00,7.1334076,4.205948,294.3022,101695.38,51.25,6.0
2025-09-18 14:00:00,6.995804,4.004074,294.72928,101681.86,51.25,6.0
2025-09-18 15:00:00,6.8378296,3.5183716,294.79156,101656.164,51.25,6.0
2025-09-18 16:00:00,6.423004,2.4909973,294.5718,101671.09,51.25,6.0
2025-09-18 17:00:00,6.170212,1.693573,293.60434,101711.8,51.25,6.0
2025-09-18 18:00:00,5.911148,1.4783936,292.0592,101760.125,51.25,6.0
2025-09-18 19:00:00,5.655655,1.7635651,291.01624,101832.78,51.25,6.0
2025-09-18 20:00:00,5.5440063,2.289444,290.8244,101829.7,51.25,6.0
2025-09-18 21:00:00,5.297592,2.620926,290.213,101860.47,51.25,6.0
2025-09-18 22:00:00,4.2737274,2.5936737,289.7662,101853.44,51.25,6.0
2025-09-18 23:00:00,4.0796967,3.380066,289.81885,101887.84,51.25,6.0
2025-09-19 00:00:00,3.9054718,3.8306732,288.6621,101878.62,51.25,6.0
2025-09-19 01:00:00,3.7120972,4.209961,288.09192,101865.03,51.25,6.0
2025-09-19 02:00:00,3.3214722,4.2079163,287.57327,101855.45,51.25,6.0
2025-09-19 03:00:00,2.6434326,3.7248535,286.96948,101828.67,51.25,6.0
2025-09-19 04:00:00,1.745636,3.6074066,286.22345,101829.195,51.25,6.0
2025-09-19 05:00:00,0.79893494,4.050415,285.50897,101820.984,51.25,6.0
2025-09-19 06:00:00,-0.028839111,4.3592834,286.10187,101845.66,51.25,6.0
2025-09-19 07:00:00,-0.42022705,4.2450256,288.82666,101858.11,51.25,6.0
2025-09-19 08:00:00,-0.79655457,3.1563263,291.44098,101852.766,51.25,6.0
2025-09-19 09:00:00,-0.80714417,3.0842133,294.53088,101836.875,51.25,6.0
2025-09-19 10:00:00,-1.1782837,2.8510895,296.00934,101795.61,51.25,6.0
2025-09-19 11:00:00,-1.1104126,3.1398773,298.6133,101731.47,51.25,6.0
2025-09-19 12:00:00,-0.93460083,3.8723907,299.0542,101664.44,51.25,6.0
2025-09-19 13:00:00,-0.7969971,4.423645,300.1104,101591.81,51.25,6.0
2025-09-19 14:00:00,-1.4402771,4.5027313,300.85614,101519.26,51.25,6.0
2025-09-19 15:00:00,-2.0324707,4.5396576,301.22482,101422.59,51.25,6.0
2025-09-19 16:00:00,-2.404419,5.113449,300.58682,101395.81,51.25,6.0
2025-09-19 17:00:00,-1.7646332,6.310974,297.82928,101353.42,51.25,6.0
2025-09-19 18:00:00,-0.45472717,7.367996,294.13806,101360.65,51.25,6.0
2025-09-19 19:00:00,0.479187,7.78096,293.59442,101364.555,51.25,6.0
2025-09-19 20:00:00,1.17099,7.8038177,292.798,101358.55,51.25,6.0
2025-09-19 21:00:00,1.6980438,7.6211395,291.42688,101320.445,51.25,6.0
2025-09-19 22:00:00,2.399765,8.044739,291.54425,101273.625,51.25,6.0
2025-09-19 23:00:00,2.903656,7.912018,291.6361,101230.03,51.25,6.0
2025-09-20 00:00:00,3.454834,7.6510315,290.37512,101207.83,51.25,6.0
2025-09-20 01:00:00,3.9283905,7.0846405,290.63303,101157.7,51.25,6.0
2025-09-20 02:00:00,3.6630707,6.677017,290.29364,101106.39,51.25,6.0
2025-09-20 03:00:00,3.9035797,6.5932617,290.3631,101079.39,51.25,6.0
2025-09-20 04:00:00,2.7838135,6.2323,290.21378,101050.05,51.25,6.0
2025-09-20 05:00:00,1.127945,6.640518,289.69037,100956.22,51.25,6.0
2025-09-20 06:00:00,0.96061707,7.037491,290.68195,100951.62,51.25,6.0
2025-09-20 07:00:00,0.86805725,6.893814,292.44244,100924.01,51.25,6.0
2025-09-20 08:00:00,2.3409882,6.10585,295.25842,100925.73,51.25,6.0
2025-09-20 09:00:00,2.180603,5.2524567,297.64316,100881.97,51.25,6.0
2025-09-20 10:00:00,2.6804657,4.8835907,299.4074,100852.19,51.25,6.0
2025-09-20 11:00:00,5.6194305,3.9111176,299.03314,100844.11,51.25,6.0
2025-09-20 12:00:00,6.7316284,3.7522125,298.77686,100907.41,51.25,6.0
2025-09-20 13:00:00,5.2143097,2.607544,297.59668,100877.84,51.25,6.0
2025-09-20 14:00:00,2.1410217,4.088318,297.40448,100813.95,51.25,6.0
2025-09-20 15:00:00,2.5765686,5.210373,296.78778,100773.42,51.25,6.0
2025-09-20 16:00:00,2.963501,5.923233,296.10132,100720.95,51.25,6.0
2025-09-20 17:00:00,3.2818298,6.561722,295.6756,100690.45,51.25,6.0
2025-09-20 18:00:00,3.619522,7.4527435,295.5308,100686.266,51.25,6.0
2025-09-20 19:00:00,3.3337402,8.090591,295.4029,100657.45,51.25,6.0
2025-09-20 20:00:00,2.8394775,8.166183,295.3759,100623.016,51.25,6.0
2025-09-20 21:00:00,4.12294,7.6256256,294.72314,100609.66,51.25,6.0
2025-09-20 22:00:00,3.918869,7.553009,294.174,100598.03,51.25,6.0
2025-09-20 23:00:00,4.290268,7.4215546,294.26288,100539.89,51.25,6.0
2025-09-21 00:00:00,4.7950897,6.485077,292.8713,100501.47,51.25,6.0
2025-09-21 01:00:00,6.155014,5.7860565,292.29953,100522.53,51.25,6.0
2025-09-21 02:00:00,7.665756,4.297592,291.3106,100523.53,51.25,6.0
2025-09-21 03:00:00,8.705811,3.3186035,290.63486,100534.01,51.25,6.0
2025-09-21 04:00:00,8.196121,3.288498,289.87335,100553.96,51.25,6.0
2025-09-21 05:00:00,8.385635,4.3612366,288.32504,100596.34,51.25,6.0
2025-09-21 06:00:00,8.041702,5.3384857,287.93768,100697.234,51.25,6.0
2025-09-21 07:00:00,7.821747,4.94635,287.71097,100752.69,51.25,6.0
2025-09-21 08:00:00,8.753265,3.683258,287.70334,100833.74,51.25,6.0
2025-09-21 09:00:00,8.151321,2.6944733,288.35065,100892.17,51.25,6.0
2025-09-21 10:00:00,7.22995,0.75782776,289.06854,100952.71,51.25,6.0
2025-09-21 11:00:00,6.420746,0.64941406,289.5743,100998.766,51.25,6.0
2025-09-21 12:00:00,5.9104614,0.02885437,289.62592,101077.97,51.25,6.0
2025-09-21 13:00:00,5.240143,-1.5691833,289.15265,101123.11,51.25,6.0
2025-09-21 14:00:00,3.7728271,-3.5362854,288.71143,101092.14,51.25,6.0
2025-09-21 15:00:00,2.7233887,-4.8845215,288.40277,101107.4,51.25,6.0
2025-09-21 16:00:00,2.1540833,-4.755081,287.80414,101197.11,51.25,6.0
2025-09-21 17:00:00,1.2243958,-4.763199,287.50076,101249.3,51.25,6.0
2025-09-21 18:00:00,0.81777954,-4.836609,286.44342,101305.01,51.25,6.0
2025-09-21 19:00:00,0.6870575,-4.7157288,285.70807,101373.03,51.25,6.0
2025-09-21 20:00:00,0.687027,-4.591568,284.8301,101411.86,51.25,6.0
2025-09-21 21:00:00,0.6287842,-4.6590576,283.5037,101462.53,51.25,6.0
2025-09-21 22:00:00,-0.19496155,-4.926071,282.9554,101447.695,51.25,6.0
2025-09-21 23:00:00,0.082458496,-5.4960785,282.54907,101481.62,51.25,6.0
2025-09-22 00:00:00,-0.6494446,-5.0916443,281.80984,101468.06,51.25,6.0
2025-09-22 01:00:00,-0.32684326,-4.572571,281.33466,101515.03,51.25,6.0
2025-09-22 02:00:00,-0.46990967,-5.560562,281.41318,101465.06,51.25,6.0
2025-09-22 03:00:00,-0.8195038,-5.3328094,281.67432,101462.41,51.25,6.0
2025-09-22 04:00:00,-0.3143921,-5.36705,281.4923,101540.914,51.25,6.0
2025-09-22 05:00:00,-0.813797,-6.0605164,281.51044,101520.58,51.25,6.0
2025-09-22 06:00:00,-1.4986115,-5.96196,281.5558,101605.484,51.25,6.0
2025-09-22 07:00:00,-2.0775757,-5.632065,282.96213,101641.01,51.25,6.0
2025-09-22 08:00:00,-2.8520508,-5.70549,284.7975,101697.28,51.25,6.0
2025-09-22 09:00:00,-3.5570374,-5.924286,286.95612,101737.96,51.25,6.0
2025-09-22 10:00:00,-3.1567383,-5.9180603,287.61084,101706.39,51.25,6.0
2025-09-22 11:00:00,-2.8543549,-6.5187073,288.21533,101698.516,51.25,6.0
2025-09-22 12:00:00,-3.4505005,-6.6410675,289.02814,101685.45,51.25,6.0
2025-09-22 13:00:00,-3.6553192,-6.848221,288.87817,101679.69,51.25,6.0
2025-09-22 14:00:00,-3.3524017,-7.19487,289.1906,101686.375,51.25,6.0
2025-09-22 15:00:00,-2.7394714,-7.15065,288.65195,101656.22,51.25,6.0
2025-09-22 16:00:00,-1.8975067,-6.5723724,288.33987,101720.05,51.25,6.0
2025-09-22 17:00:00,-1.7261047,-6.8920593,287.4944,101721.86,51.25,6.0
2025-09-22 18:00:00,-2.0314941,-7.175003,286.17517,101759.52,51.25,6.0
2025-09-22 19:00:00,-2.534912,-7.1300964,285.4801,101809.57,51.25,6.0
2025-09-22 20:00:00,-2.6865082,-6.769943,285.01624,101853.43,51.25,6.0
2025-09-22 21:00:00,-2.73201,-6.49144,284.8866,101896.32,51.25,6.0
2025-09-22 22:00:00,-2.984375,-5.846039,284.1046,101890.83,51.25,6.0
2025-09-22 23:00:00,-2.4666443,-5.7864227,284.0983,101878.56,51.25,6.0
2025-09-23 00:00:00,-2.2161407,-5.9276276,283.88052,101884.54,51.25,6.0
2025-09-23 01:00:00,-2.5248413,-5.3189545,283.23572,101926.62,51.25,6.0
2025-09-23 02:00:00,-2.8936462,-5.0646667,282.85016,101934.28,51.25,6.0
2025-09-23 03:00:00,-2.77948,-5.2472076,282.1668,101933.09,51.25,6.0
2025-09-23 04:00:00,-2.9709473,-4.888962,281.5421,101948.375,51.25,6.0
2025-09-23 05:00:00,-2.9712677,-4.834717,281.31696,101940.75,51.25,6.0
2025-09-23 06:00:00,-2.9283142,-4.8941803,280.5979,101982.086,51.25,6.0
2025-09-23 07:00:00,-3.06102,-4.136429,283.2823,101992.42,51.25,6.0
2025-09-23 08:00:00,-2.5710602,-3.34729,285.34427,102015.766,51.25,6.0
2025-09-23 09:00:00,-2.7535095,-3.491745,287.13214,102031.766,51.25,6.0
2025-09-23 10:00:00,-3.4626923,-3.35141,288.29413,102005.75,51.25,6.0
2025-09-23 11:00:00,-4.4716644,-4.1003723,289.84485,101994.58,51.25,6.0
2025-09-23 12:00:00,-4.3566437,-4.3124695,289.33698,101925.58,51.25,6.0
2025-09-23 13:00:00,-4.5642853,-5.1218414,289.38943,101862.086,51.25,6.0
2025-09-23 14:00:00,-4.9785004,-5.4349823,289.99875,101832.33,51.25,6.0
2025-09-23 15:00:00,-5.324875,-6.024948,289.48907,101776.86,51.25,6.0
2025-09-23 16:00:00,-4.8349457,-5.648834,289.2919,101791.09,51.25,6.0
2025-09-23 17:00:00,-4.3865967,-5.841263,288.56406,101807.58,51.25,6.0
2025-09-23 18:00:00,-4.403473,-6.4031982,287.36566,101826.625,51.25,6.0
2025-09-23 19:00:00,-4.7068024,-6.49704,286.62714,101862.65,51.25,6.0
2025-09-23 20:00:00,-4.905487,-6.585739,285.90073,101903.016,51.25,6.0
2025-09-23 21:00:00,-5.198868,-6.2898407,285.34033,101944.16,51.25,6.0
2025-09-23 22:00:00,-5.6471863,-6.1488495,284.9115,101945.08,51.25,6.0
2025-09-23 23:00:00,-6.268738,-5.798477,284.39648,101952.055,51.25,6.0
2025-09-24 00:00:00,-6.494095,-5.317322,283.42432,101920.54,51.25,6.0
2025-09-24 01:00:00,-6.4884644,-5.3300934,283.38208,101928.74,51.25,6.0
2025-09-24 02:00:00,-6.7955475,-5.571701,282.95422,101912.94,51.25,6.0
2025-09-24 03:00:00,-7.1331787,-5.210617,282.55206,101912.98,51.25,6.0
2025-09-24 04:00:00,-7.213669,-5.637863,282.23138,101888.5,51.25,6.0
2025-09-24 05:00:00,-7.6720886,-5.709259,281.91666,101874.055,51.25,6.0
2025-09-24 06:00:00,-7.80307,-5.1224213,281.48492,101894.38,51.25,6.0
2025-09-24 07:00:00,-7.6830444,-5.134674,282.5294,101912.625,51.25,6.0
2025-09-24 08:00:00,-6.915558,-5.0161133,283.6595,101942.586,51.25,6.0
2025-09-24 09:00:00,-7.072006,-5.4612885,285.18546,101925.45,51.25,6.0
2025-09-24 10:00:00,-7.394409,-5.3858643,286.13074,101934.805,51.25,6.0
2025-09-24 11:00:00,-8.620712,-5.215439,287.43643,101892.03,51.25,6.0
2025-09-24 12:00:00,-9.300095,-3.692627,288.25714,101886.33,51.25,6.0
2025-09-24 13:00:00,-9.178238,-3.3915253,288.46677,101794.586,51.25,6.0
2025-09-24 14:00:00,-8.970428,-3.6059265,288.55792,101761.72,51.25,6.0
2025-09-24 15:00:00,-7.854004,-4.415039,288.3723,101715.45,51.25,6.0
2025-09-24 16:00:00,-6.5020447,-5.4372864,287.96075,101709.06,51.25,6.0
2025-09-24 17:00:00,-6.2409515,-5.5542297,286.99362,101728.2,51.25,6.0
2025-09-24 18:00:00,-6.3957367,-5.48085,286.46387,101759.58,51.25,6.0
2025-09-24 19:00:00,-6.5057526,-5.0141754,285.98596,101799.0,51.25,6.0
2025-09-24 20:00:00,-6.4978485,-4.7261047,285.54218,101775.61,51.25,6.0
2025-09-24 21:00:00,-6.6686707,-4.613037,285.58627,101808.56,51.25,6.0
2025-09-24 22:00:00,-6.0946045,-2.468277,285.04584,101770.95,51.25,6.0
2025-09-24 23:00:00,-5.365448,-3.2855835,284.74268,101747.66,51.25,6.0
2025-09-25 00:00:00,-5.5868073,-3.9029083,284.7893,101713.45,51.25,6.0
2025-09-25 01:00:00,-6.019928,-4.625641,284.49323,101672.08,51.25,6.0
2025-09-25 02:00:00,-6.5222626,-4.7222137,284.11212,101659.58,51.25,6.0
2025-09-25 03:00:00,-6.721817,-4.797165,283.68292,101646.36,51.25,6.0
2025-09-25 04:00:00,-6.9966736,-4.755493,283.2541,101630.09,51.25,6.0
2025-09-25 05:00:00,-6.9044495,-4.4886627,283.06158,101663.25,51.25,6.0
2025-09-25 06:00:00,-6.4688873,-4.4886475,282.6614,101678.42,51.25,6.0
2025-09-25 07:00:00,-6.211838,-4.5836487,282.75494,101705.016,51.25,6.0
2025-09-25 08:00:00,-5.861267,-4.5026855,282.87128,101731.69,51.25,6.0
2025-09-25 09:00:00,-6.522705,-4.1944733,283.49545,101729.54,51.25,6.0
2025-09-25 10:00:00,-6.3529053,-4.5088196,283.98895,101674.17,51.25,6.0
2025-09-25 11:00:00,-8.084976,-4.348694,284.74878,101639.836,51.25,6.0
2025-09-25 12:00:00,-8.609558,-3.2399597,284.70593,101640.92,51.25,6.0
2025-09-25 13:00:00,-7.239273,-2.969513,284.16815,101658.08,51.25,6.0
2025-09-25 14:00:00,-6.040924,-2.9114838,283.66315,101668.59,51.25,6.0
2025-09-25 15:00:00,-7.0283203,-2.9452057,283.3366,101670.82,51.25,6.0
2025-09-25 16:00:00,-7.653961,-3.020996,283.04822,101693.97,51.25,6.0
2025-09-25 17:00:00,-7.3828125,-3.3345642,282.90656,101688.99,51.25,6.0
2025-09-25 18:00:00,-7.439621,-3.1336212,282.87952,101719.78,51.25,6.0
2025-09-25 19:00:00,-7.206787,-2.4203491,282.94214,101716.21,51.25,6.0
2025-09-25 20:00:00,-6.8053436,-1.7614288,283.05206,101712.41,51.25,6.0
2025-09-25 21:00:00,-6.2493134,-1.4235535,283.07196,101731.19,51.25,6.0
2025-09-25 22:00:00,-5.219528,-1.8768158,282.63293,101749.26,51.25,6.0
2025-09-25 23:00:00,-4.8712463,-1.2328491,282.70416,101744.05,51.25,6.0
2025-09-26 00:00:00,-4.6504364,-0.92500305,282.8212,101720.34,51.25,6.0
2025-09-26 01:00:00,-4.593399,-1.3357544,282.78217,101688.05,51.25,6.0
2025-09-26 02:00:00,-4.887192,-1.486206,282.83365,101677.555,51.25,6.0
2025-09-26 03:00:00,-4.973831,-1.1646118,282.90375,101657.234,51.25,6.0
2025-09-26 04:00:00,-5.1430054,-0.67588806,282.92203,101640.8,51.25,6.0
2025-09-26 05:00:00,-5.2949066,-0.16001892,282.72125,101663.97,51.25,6.0
2025-09-26 06:00:00,-5.121475,0.18643188,282.9179,101668.86,51.25,6.0
2025-09-26 07:00:00,-5.051071,0.22268677,283.46457,101718.88,51.25,6.0
2025-09-26 08:00:00,-4.513504,0.7979431,284.55347,101734.97,51.25,6.0
2025-09-26 09:00:00,-4.3121796,2.4170227,285.50766,101760.984,51.25,6.0
2025-09-26 10:00:00,-3.9195404,1.4586029,286.32718,101765.09,51.25,6.0
2025-09-26 11:00:00,-4.132019,1.6519623,286.53018,101757.57,51.25,6.0
2025-09-26 12:00:00,-3.3416138,0.9156494,288.1149,101718.16,51.25,6.0
2025-09-26 13:00:00,-2.9131317,0.04623413,288.00598,101666.18,51.25,6.0
2025-09-26 14:00:00,-3.187439,-0.3768158,289.01123,101653.266,51.25,6.0
2025-09-26 15:00:00,-3.7433472,-0.9239044,288.35095,101651.44,51.25,6.0
2025-09-26 16:00:00,-3.2079926,-1.8272552,288.12515,101643.195,51.25,6.0
2025-09-26 17:00:00,-2.9267883,-3.290329,286.91663,101625.31,51.25,6.0
2025-09-26 18:00:00,-3.564499,-3.929367,285.64746,101637.67,51.25,6.0
2025-09-26 19:00:00,-4.350708,-3.4266357,285.04767,101652.97,51.25,6.0
2025-09-26 20:00:00,-4.441147,-2.7215881,284.48444,101660.67,51.25,6.0
2025-09-26 21:00:00,-4.0820923,-2.2573547,284.27167,101657.39,51.25,6.0
2025-09-26 22:00:00,-4.217209,-1.9155121,284.55298,101632.04,51.25,6.0
2025-09-26 23:00:00,-3.6488647,-1.5171661,284.36676,101597.2,51.25,6.0
2025-09-27 00:00:00,-3.5722961,-1.1426849,284.22833,101560.73,51.25,6.0
2025-09-27 01:00:00,-3.7345734,-1.1873474,283.95325,101533.516,51.25,6.0
2025-09-27 02:00:00,-3.3381042,-0.42764282,283.86963,101515.7,51.25,6.0
2025-09-27 03:00:00,-3.3003693,0.15794373,283.97174,101529.66,51.25,6.0
2025-09-27 04:00:00,-2.8040924,0.3353119,283.9718,101545.69,51.25,6.0
2025-09-27 05:00:00,-2.7884521,0.41358948,284.1272,101537.945,51.25,6.0
2025-09-27 06:00:00,-2.7152405,1.1060791,283.91388,101576.734,51.25,6.0
2025-09-27 07:00:00,-1.8288879,1.7272949,284.41107,101597.48,51.25,6.0
2025-09-27 08:00:00,-0.8483124,1.5731506,285.4655,101624.11,51.25,6.0
2025-09-27 09:00:00,-0.2606659,1.8392029,286.67993,101647.086,51.25,6.0
2025-09-27 10:00:00,-0.27043152,2.1817474,287.81195,101652.5,51.25,6.0
2025-09-27 11:00:00,-0.58776855,2.2551727,289.4206,101664.31,51.25,6.0
2025-09-27 12:00:00,-0.6375427,2.4035034,289.18146,101655.055,51.25,6.0
2025-09-27 13:00:00,-0.9450531,2.0512085,289.635,101623.984,51.25,6.0
2025-09-27 14:00:00,-1.2093964,1.6980133,290.2677,101637.516,51.25,6.0
2025-09-27 15:00:00,-1.2216644,1.1734924,289.96747,101621.0,51.25,6.0
2025-09-27 16:00:00,-1.2899475,0.57876587,289.7904,101647.06,51.25,6.0
2025-09-27 17:00:00,-1.348175,0.26420593,288.21768,101676.33,51.25,6.0
2025-09-27 18:00:00,-2.2577362,0.31791687,286.51495,101700.19,51.25,6.0
2025-09-27 19:00:00,-3.5000305,0.4406891,285.35602,101710.836,51.25,6.0
2025-09-27 20:00:00,-3.5129852,0.731369,284.13593,101708.89,51.25,6.0
2025-09-27 21:00:00,-2.9396057,1.230896,283.59497,101735.7,51.25,6.0
2025-09-27 22:00:00,-1.7458649,2.0222168,283.58398,101743.93,51.25,6.0
2025-09-27 23:00:00,-1.412857,2.2583923,283.349,101730.766,51.25,6.0
2025-09-28 00:00:00,-0.70684814,2.6050568,281.58972,101738.86,51.25,6.0
2025-09-28 01:00:00,-0.16371155,2.534729,280.42883,101742.22,51.25,6.0
2025-09-28 02:00:00,-0.20536804,2.4924927,280.51526,101735.805,51.25,6.0
2025-09-28 03:00:00,0.006164551,2.492279,280.17535,101727.78,51.25,6.0
2025-09-28 04:00:00,0.31817627,2.107071,279.956,101748.09,51.25,6.0
2025-09-28 05:00:00,0.1973877,1.9570618,279.57663,101744.01,51.25,6.0
2025-09-28 06:00:00,-0.7395935,2.0152435,279.25073,101741.34,51.25,6.0
2025-09-28 07:00:00,-1.6923981,2.3782806,282.22076,101752.36,51.25,6.0
2025-09-28 08:00:00,-1.1234741,1.7024078,285.47266,101742.02,51.25,6.0
2025-09-28 09:00:00,-0.74972534,0.8829956,288.27618,101762.55,51.25,6.0
2025-09-28 10:00:00,-1.2362366,-0.023986816,290.76547,101758.16,51.25,6.0
2025-09-28 11:00:00,-1.7571106,0.14097595,290.99072,101752.984,51.25,6.0
2025-09-28 12:00:00,-1.542572,0.40159607,291.52063,101699.89,51.25,6.0
2025-09-28 13:00:00,-1.5316162,0.44491577,291.96576,101661.484,51.25,6.0
2025-09-28 14:00:00,-1.6520233,0.4308319,292.09854,101633.3,51.25,6.0
2025-09-28 15:00:00,-1.9583588,0.0922699,292.32892,101606.83,51.25,6.0
2025-09-28 16:00:00,-2.9070282,-0.38781738,291.32617,101616.375,51.25,6.0
2025-09-28 17:00:00,-3.8091583,-0.32337952,288.84863,101649.56,51.25,6.0
2025-09-28 18:00:00,-3.9443817,0.09880066,286.63486,101666.22,51.25,6.0
2025-09-28 19:00:00,-3.3910828,0.5108032,284.45016,101699.67,51.25,6.0
2025-09-28 20:00:00,-2.3648834,0.6809845,283.8225,101711.625,51.25,6.0
2025-09-28 21:00:00,-1.4560547,0.5118866,284.0166,101719.52,51.25,6.0
2025-09-28 22:00:00,-0.026290894,-0.71502686,284.56842,101721.625,51.25,6.0
2025-09-28 23:00:00,0.18260193,-1.3040314,283.7514,101747.555,51.25,6.0
2025-09-29 00:00:00,0.23648071,-1.5091095,283.21484,101750.36,51.25,6.0
2025-09-29 01:00:00,0.3816681,-1.7236938,283.17755,101753.88,51.25,6.0
2025-09-29 02:00:00,0.5576019,-1.9709778,283.26233,101740.72,51.25,6.0
2025-09-29 03:00:00,0.6395874,-2.0385437,282.53305,101722.9,51.25,6.0
2025-09-29 04:00:00,0.9967499,-2.02536,282.73486,101720.695,51.25,6.0
2025-09-29 05:00:00,1.4051819,-2.1498718,282.66144,101724.03,51.25,6.0
2025-09-29 06:00:00,1.4712219,-2.1751099,282.90106,101745.42,51.25,6.0
2025-09-29 07:00:00,1.5871582,-1.9089508,284.30164,101781.19,51.25,6.0
2025-09-29 08:00:00,1.4920197,-1.3400116,286.1299,101785.445,51.25,6.0
2025-09-29 09:00:00,1.1525116,-1.033783,288.37732,101804.0,51.25,6.0
2025-09-29 10:00:00,0.70028687,-2.257721,290.42206,101791.95,51.25,6.0
2025-09-29 11:00:00,0.49397278,-2.4725037,291.68216,101793.766,51.25,6.0
2025-09-29 12:00:00,0.9753723,-2.978531,292.29614,101743.28,51.25,6.0
2025-09-29 13:00:00,1.3505554,-3.2923126,292.45947,101724.984,51.25,6.0
2025-09-29 14:00:00,1.6140137,-2.8569794,292.33795,101698.58,51.25,6.0
2025-09-29 15:00:00,2.0538483,-2.7032776,292.3457,101690.64,51.25,6.0
2025-09-29 16:00:00,2.277649,-2.8861542,291.40112,101698.625,51.25,6.0
2025-09-29 17:00:00,3.1370087,-3.6622162,289.68417,101732.266,51.25,6.0
2025-09-29 18:00:00,3.5941925,-4.425888,288.50446,101768.8,51.25,6.0
2025-09-29 19:00:00,2.9276733,-4.7312164,287.3681,101793.555,51.25,6.0
2025-09-29 20:00:00,2.1686096,-4.467346,286.2329,101793.555,51.25,6.0
2025-09-29 21:00:00,2.1348572,-3.928131,285.34686,101808.125,51.25,6.0
2025-09-29 22:00:00,4.010132,-4.0359955,284.68805,101819.22,51.25,6.0
2025-09-29 23:00:00,2.9872284,-3.5325012,283.70868,101808.84,51.25,6.0
2025-09-30 00:00:00,2.2047272,-3.3020325,284.05682,101808.53,51.25,6.0
2025-09-30 01:00:00,2.251648,-3.1054688,283.79895,101795.72,51.25,6.0
2025-09-30 02:00:00,2.891571,-2.7946625,283.81323,101781.484,51.25,6.0
2025-09-30 03:00:00,3.388565,-2.4966888,283.68658,101779.984,51.25,6.0
2025-09-30 04:00:00,3.6646729,-2.3722687,283.69104,101796.99,51.25,6.0
2025-09-30 05:00:00,3.3529663,-2.653778,283.40308,101824.875,51.25,6.0
2025-09-30 06:00:00,2.4531555,-2.7651672,283.4633,101851.39,51.25,6.0
2025-09-30 07:00:00,1.3475494,-1.8428192,284.4054,101909.195,51.25,6.0
2025-09-30 08:00:00,0.9376526,-1.6358032,285.3499,101946.43,51.25,6.0
2025-09-30 09:00:00,0.624588,-1.5352173,286.40744,101965.016,51.25,6.0
2025-09-30 10:00:00,0.06921387,-1.5848694,287.21112,101965.26,51.25,6.0
2025-09-30 11:00:00,0.19537354,-1.7492981,288.10767,101983.7,51.25,6.0
2025-09-30 12:00:00,0.2441101,-2.2936249,289.57318,101971.734,51.25,6.0
2025-09-30 13:00:00,-0.0690155,-2.7868195,289.79462,101973.125,51.25,6.0
2025-09-30 14:00:00,-0.5014343,-3.1061249,290.29138,101992.39,51.25,6.0
2025-09-30 15:00:00,-1.2223358,-3.3667755,290.36676,101999.3,51.25,6.0
2025-09-30 16:00:00,-1.8578949,-3.2557678,288.92432,102017.53,51.25,6.0
2025-09-30 17:00:00,-2.8006592,-2.7408142,287.36115,102055.31,51.25,6.0
2025-09-30 18:00:00,-3.7580872,-2.1874695,285.8697,102093.86,51.25,6.0
2025-09-30 19:00:00,-4.1727295,-1.5853882,284.45605,102151.08,51.25,6.0
2025-09-30 20:00:00,-3.808838,-1.2214813,283.1861,102175.805,51.25,6.0
2025-09-30 21:00:00,-3.1202698,-1.1754608,282.42783,102190.56,51.25,6.0
2025-09-30 22:00:00,-3.3875732,-0.9873657,282.03186,102200.2,51.25,6.0
2025-09-30 23:00:00,-3.4947815,-0.7943115,281.1175,102213.266,51.25,6.0
2025-10-01 00:00:00,-3.8574371,-0.24984741,280.39966,102208.89,51.25,6.0
2025-10-01 01:00:00,-4.021347,0.5492096,279.37723,102215.2,51.25,6.0
2025-10-01 02:00:00,-4.2782288,1.2996979,279.8108,102230.54,51.25,6.0
2025-10-01 03:00:00,-4.24144,1.8221283,279.71744,102247.97,51.25,6.0
2025-10-01 04:00:00,-3.9081879,1.8738708,279.8551,102283.06,51.25,6.0
2025-10-01 05:00:00,-3.7686462,1.8424377,279.16553,102289.72,51.25,6.0
2025-10-01 06:00:00,-3.9620514,2.1263123,279.09546,102348.03,51.25,6.0
2025-10-01 07:00:00,-3.0829315,1.6131897,280.60107,102388.0,51.25,6.0
2025-10-01 08:00:00,-2.5760803,0.99864197,282.2478,102420.3,51.25,6.0
2025-10-01 09:00:00,-2.5429382,0.59562683,283.83545,102435.56,51.25,6.0
2025-10-01 10:00:00,-2.2911072,0.3737793,287.40845,102445.36,51.25,6.0
2025-10-01 11:00:00,-2.905182,0.1557312,288.07422,102418.766,51.25,6.0
2025-10-01 12:00:00,-2.6278534,0.1179657,289.14154,102386.61,51.25,6.0
2025-10-01 13:00:00,-2.511322,-0.028137207,289.87393,102404.61,51.25,6.0
2025-10-01 14:00:00,-2.6263733,-0.085754395,290.0914,102368.586,51.25,6.0
2025-10-01 15:00:00,-2.627304,-0.12562561,289.69794,102348.734,51.25,6.0
2025-10-01 16:00:00,-3.0053406,-0.46585083,288.66855,102350.55,51.25,6.0
2025-10-01 17:00:00,-3.881012,-0.785614,286.49603,102359.2,51.25,6.0
2025-10-01 18:00:00,-4.7667084,-0.49821472,284.24982,102401.05,51.25,6.0
2025-10-01 19:00:00,-5.0222473,0.38955688,282.82138,102387.875,51.25,6.0
2025-10-01 20:00:00,-4.647949,1.663269,282.1137,102393.61,51.25,6.0
2025-10-01 21:00:00,-3.8779144,3.1523895,281.37305,102383.56,51.25,6.0
2025-10-01 22:00:00,-3.238968,4.2606354,280.2725,102366.67,51.25,6.0
2025-10-01 23:00:00,-2.2655487,5.171463,280.4124,102371.86,51.25,6.0
2025-10-02 00:00:00,-1.9020538,5.6687164,280.88257,102352.0,51.25,6.0
2025-10-02 01:00:00,-1.4842529,5.739914,280.11566,102358.86,51.25,6.0
2025-10-02 02:00:00,-1.5112762,5.705658,280.63065,102332.86,51.25,6.0
2025-10-02 03:00:00,-1.7788239,5.754196,279.92432,102310.734,51.25,6.0
2025-10-02 04:00:00,-1.9504089,5.8386993,280.0698,102311.234,51.25,6.0
2025-10-02 05:00:00,-1.7921143,5.708252,279.6665,102305.05,51.25,6.0
2025-10-02 06:00:00,-1.6218109,5.468399,279.65295,102340.44,51.25,6.0
2025-10-02 07:00:00,-1.5375061,5.1515656,281.66342,102373.69,51.25,6.0
2025-10-02 08:00:00,-1.7096252,4.1308136,283.9684,102382.03,51.25,6.0
2025-10-02 09:00:00,-1.8768616,3.8140717,286.21698,102372.91,51.25,6.0
2025-10-02 10:00:00,-1.8765564,2.96727,288.823,102334.375,51.25,6.0
2025-10-02 11:00:00,-1.6134644,3.390152,290.27615,102292.86,51.25,6.0
2025-10-02 12:00:00,-1.44281,3.611618,289.948,102228.19,51.25,6.0
2025-10-02 13:00:00,-1.4003143,3.389389,290.26038,102172.06,51.25,6.0
2025-10-02 14:00:00,-1.5565033,3.250183,290.42343,102128.56,51.25,6.0
2025-10-02 15:00:00,-1.6921997,3.3688354,290.23242,102099.125,51.25,6.0
2025-10-02 16:00:00,-2.894394,3.269577,289.22778,102053.08,51.25,6.0
2025-10-02 17:00:00,-4.31839,3.8174286,287.14957,102016.625,51.25,6.0
2025-10-02 18:00:00,-5.0335236,4.803238,285.21097,102032.016,51.25,6.0
2025-10-02 19:00:00,-4.1515503,5.6503754,284.14734,102038.54,51.25,6.0
2025-10-02 20:00:00,-3.5905151,6.338318,283.76453,102022.82,51.25,6.0
2025-10-02 21:00:00,-3.037094,6.511261,282.80713,101983.85,51.25,6.0
2025-10-02 22:00:00,-2.0922546,6.820221,283.42932,101910.59,51.25,6.0
2025-10-02 23:00:00,-2.0731506,6.4875183,283.06738,101842.875,51.25,6.0
2025-10-03 00:00:00,-2.2910767,6.1977234,282.95123,101781.445,51.25,6.0
2025-10-03 01:00:00,-2.9156952,6.307953,283.12723,101751.94,51.25,6.0
2025-10-03 02:00:00,-2.272171,6.002228,282.8145,101726.31,51.25,6.0
2025-10-03 03:00:00,-0.8922119,5.326721,283.1363,101701.12,51.25,6.0
2025-10-03 04:00:00,-1.429184,5.642044,283.09277,101669.305,51.25,6.0
2025-10-03 05:00:00,-2.6973877,5.974457,283.2171,101591.555,51.25,6.0
2025-10-03 06:00:00,-3.4056702,6.191086,283.16357,101541.28,51.25,6.0
2025-10-03 07:00:00,-2.4505005,6.5962524,283.6009,101503.5,51.25,6.0
2025-10-03 08:00:00,-1.5743408,6.6249695,284.6579,101480.266,51.25,6.0
2025-10-03 09:00:00,-1.2961426,5.827652,285.63715,101450.75,51.25,6.0
2025-10-03 10:00:00,-2.716156,5.3545685,286.30936,101410.33,51.25,6.0
2025-10-03 11:00:00,-2.649887,5.6799774,287.11554,101349.66,51.25,6.0
2025-10-03 12:00:00,-1.970932,6.420822,287.78485,101223.84,51.25,6.0
2025-10-03 13:00:00,-2.671402,5.4726257,287.8615,101211.31,51.25,6.0
2025-10-03 14:00:00,-3.5380402,6.5677185,287.78027,101142.3,51.25,6.0
2025-10-03 15:00:00,-2.895462,7.7864685,287.4709,101032.664,51.25,6.0
2025-10-03 16:00:00,-1.7250671,8.412201,286.7362,100952.734,51.25,6.0
2025-10-03 17:00:00,-0.16487122,8.550995,286.2845,100911.87,51.25,6.0
2025-10-03 18:00:00,-0.016708374,8.745331,285.3577,100871.72,51.25,6.0
2025-10-03 19:00:00,-0.976593,9.847046,284.17435,100760.836,51.25,6.0
2025-10-03 20:00:00,-0.09420776,10.358582,283.89563,100669.05,51.25,6.0
2025-10-03 21:00:00,1.1230927,10.849808,284.2913,100534.31,51.25,6.0
2025-10-03 22:00:00,0.4792633,11.17012,284.64343,100327.59,51.25,6.0
2025-10-03 23:00:00,1.7451782,11.782288,285.34467,100191.75,51.25,6.0
2025-10-04 00:00:00,2.846115,12.025635,285.92972,100012.87,51.25,6.0
2025-10-04 01:00:00,3.8189087,11.907288,286.7141,99894.91,51.25,6.0
2025-10-04 02:00:00,4.630493,12.180496,287.3128,99716.734,51.25,6.0
2025-10-04 03:00:00,5.8496857,12.382324,288.41254,99536.805,51.25,6.0
2025-10-04 04:00:00,7.093994,12.59404,289.23553,99343.55,51.25,6.0
2025-10-04 05:00:00,7.936569,11.981873,289.38977,99209.32,51.25,6.0
2025-10-04 06:00:00,9.25325,9.850281,289.03125,99143.54,51.25,6.0
2025-10-04 07:00:00,12.196732,3.9579773,287.39206,99191.18,51.25,6.0
2025-10-04 08:00:00,11.577408,1.6309662,285.47278,99289.484,51.25,6.0
2025-10-04 09:00:00,9.320343,4.258072,284.89178,99327.1,51.25,6.0
2025-10-04 10:00:00,9.417618,5.460205,285.1443,99369.03,51.25,6.0
2025-10-04 11:00:00,8.263458,6.1099854,285.86163,99352.09,51.25,6.0
2025-10-04 12:00:00,9.397995,5.9599304,287.9701,99345.61,51.25,6.0
2025-10-04 13:00:00,10.534515,4.172714,288.2299,99394.664,51.25,6.0
2025-10-04 14:00:00,12.621384,2.6585846,287.6664,99439.42,51.25,6.0
2025-10-04 15:00:00,12.210495,3.258957,287.10083,99490.766,51.25,6.0
2025-10-04 16:00:00,12.361557,4.172394,286.86044,99531.42,51.25,6.0
2025-10-04 17:00:00,13.21875,3.147461,286.18774,99629.39,51.25,6.0
2025-10-04 18:00:00,12.14888,3.5602722,284.66382,99700.71,51.25,6.0
2025-10-04 19:00:00,12.093765,4.3928223,283.32788,99761.016,51.25,6.0
2025-10-04 20:00:00,11.81604,4.0249023,283.97318,99867.14,51.25,6.0
2025-10-04 21:00:00,11.090408,4.264969,284.13495,99926.31,51.25,6.0
2025-10-04 22:00:00,10.489136,5.7164917,284.61752,99977.22,51.25,6.0
2025-10-04 23:00:00,10.950272,4.862976,284.34918,100069.125,51.25,6.0
2025-10-05 00:00:00,11.022903,4.412979,284.81854,100107.484,51.25,6.0
2025-10-05 01:00:00,10.9305725,4.654297,284.49533,100112.53,51.25,6.0
2025-10-05 02:00:00,10.746887,4.0548553,284.14978,100160.125,51.25,6.0
2025-10-05 03:00:00,10.55719,3.751587,283.94727,100167.39,51.25,6.0
2025-10-05 04:00:00,10.600586,3.311493,283.8829,100187.83,51.25,6.0
2025-10-05 05:00:00,10.619888,3.1794586,283.59885,100198.86,51.25,6.0
2025-10-05 06:00:00,10.959579,2.534378,283.26028,100256.44,51.25,6.0
2025-10-05 07:00:00,10.688202,2.0706787,283.40222,100344.58,51.25,6.0
2025-10-05 08:00:00,9.6828,2.0724182,283.83533,100429.77,51.25,6.0
2025-10-05 09:00:00,9.486969,2.2640533,284.8163,100496.12,51.25,6.0
2025-10-05 10:00:00,9.092712,2.1824799,285.65057,100566.2,51.25,6.0
2025-10-05 11:00:00,9.168442,2.6677246,286.2522,100615.97,51.25,6.0
2025-10-05 12:00:00,10.874008,0.5209961,286.43707,100691.03,51.25,6.0
2025-10-05 13:00:00,9.848251,0.17329407,285.72607,100741.586,51.25,6.0
2025-10-05 14:00:00,9.553909,0.46626282,285.6566,100810.31,51.25,6.0
2025-10-05 15:00:00,9.284378,0.44934082,285.95734,100853.68,51.25,6.0
2025-10-05 16:00:00,9.743637,-0.6616211,285.92734,100936.875,51.25,6.0
2025-10-05 17:00:00,9.062729,-0.8787384,285.4961,101024.47,51.25,6.0
2025-10-05 18:00:00,8.590118,-1.2433624,285.27875,101130.78,51.25,6.0
2025-10-05 19:00:00,7.707062,-0.21069336,284.793,101225.12,51.25,6.0
2025-10-05 20:00:00,7.4016876,1.0868683,284.24762,101276.875,51.25,6.0
2025-10-05 21:00:00,7.575302,1.8496094,283.85297,101313.91,51.25,6.0
2025-10-05 22:00:00,7.0099335,1.4403839,283.55817,101353.734,51.25,6.0
2025-10-05 23:00:00,7.409073,1.7431793,283.44376,101401.69,51.25,6.0
2025-10-06 00:00:00,7.765167,1.2233582,283.47522,101445.08,51.25,6.0
2025-10-06 01:00:00,7.711273,0.8503723,283.3075,101453.66,51.25,6.0
2025-10-06 02:00:00,7.5794525,0.7513733,283.5157,101498.766,51.25,6.0
2025-10-06 03:00:00,7.535385,0.8535309,284.12628,101542.33,51.25,6.0
2025-10-06 04:00:00,7.469284,1.2257233,284.17322,101581.73,51.25,6.0
2025-10-06 05:00:00,7.5594635,1.5199738,284.1679,101589.86,51.25,6.0
2025-10-06 06:00:00,7.6265717,1.386261,284.5954,101625.73,51.25,6.0
2025-10-06 07:00:00,7.645508,1.4380798,284.88538,101682.3,51.25,6.0
2025-10-06 08:00:00,7.7243195,1.240387,285.1861,101738.86,51.25,6.0
2025-10-06 09:00:00,7.436905,1.3203735,285.7238,101789.75,51.25,6.0
2025-10-06 10:00:00,6.27948,2.3186035,286.2884,101803.86,51.25,6.0
2025-10-06 11:00:00,6.1915283,2.3668976,286.59824,101837.2,51.25,6.0
2025-10-06 12:00:00,7.904312,1.121048,286.92096,101840.875,51.25,6.0
2025-10-06 13:00:00,6.943573,1.5846863,287.39185,101833.88,51.25,6.0
2025-10-06 14:00:00,7.022064,1.8453217,287.36737,101840.53,51.25,6.0
2025-10-06 15:00:00,6.8650208,2.1219025,287.14728,101844.58,51.25,6.0
2025-10-06 16:00:00,6.484436,1.6574097,287.01917,101882.92,51.25,6.0
2025-10-06 17:00:00,5.7754517,1.1675262,286.57233,101889.875,51.25,6.0
2025-10-06 18:00:00,5.2627716,0.911438,286.41663,101906.86,51.25,6.0
2025-10-06 19:00:00,5.0040894,0.76849365,286.36072,101943.11,51.25,6.0
2025-10-06 20:00:00,4.855957,0.54296875,286.52954,101970.09,51.25,6.0
2025-10-06 21:00:00,4.838196,0.69621277,286.56665,101984.56,51.25,6.0
2025-10-06 22:00:00,4.353592,1.4740143,286.49698,101973.266,51.25,6.0
2025-10-06 23:00:00,4.85141,1.8878479,286.5274,101966.95,51.25,6.0
2025-10-07 00:00:00,4.9572144,1.899826,286.5357,101981.3,51.25,6.0
2025-10-07 01:00:00,4.6859283,2.1355438,286.55783,101982.766,51.25,6.0
2025-10-07 02:00:00,4.5462036,2.558014,286.615,101948.16,51.25,6.0
2025-10-07 03:00:00,4.7561493,2.7860107,286.6615,101951.0,51.25,6.0
2025-10-07 04:00:00,4.748184,2.5008392,286.423,101981.95,51.25,6.0
2025-10-07 05:00:00,4.755951,2.4727936,286.51514,101974.125,51.25,6.0
2025-10-07 06:00:00,4.987564,2.794281,286.50394,102006.375,51.25,6.0
2025-10-07 07:00:00,5.3503723,2.916336,286.46515,102048.37,51.25,6.0
2025-10-07 08:00:00,4.8872833,2.402359,286.68488,102079.55,51.25,6.0
2025-10-07 09:00:00,4.6641693,2.240097,287.19318,102117.44,51.25,6.0
2025-10-07 10:00:00,4.4203033,2.570633,287.6455,102084.04,51.25,6.0
2025-10-07 11:00:00,4.5271454,3.0246124,288.48474,102085.19,51.25,6.0
2025-10-07 12:00:00,4.4581146,3.0441742,288.90253,102032.91,51.25,6.0
2025-10-07 13:00:00,4.672592,2.614685,289.25104,102023.55,51.25,6.0
2025-10-07 14:00:00,4.4488373,2.3352966,289.219,101977.59,51.25,6.0
2025-10-07 15:00:00,3.9508057,2.0037537,289.10132,101938.086,51.25,6.0
2025-10-07 16:00:00,3.835312,1.799469,288.82822,101949.055,51.25,6.0
2025-10-07 17:00:00,3.5680847,1.5069733,288.31293,101948.83,51.25,6.0
2025-10-07 18:00:00,3.2189026,1.460083,288.07513,101960.16,51.25,6.0
2025-10-07 19:00:00,3.1544495,1.4278564,287.90927,101935.984,51.25,6.0
2025-10-07 20:00:00,3.2187042,1.0830536,287.7055,101946.734,51.25,6.0
2025-10-07 21:00:00,3.2093658,0.95028687,287.5822,101929.61,51.25,6.0
2025-10-07 22:00:00,3.2324677,1.2254333,287.06183,101931.41,51.25,6.0
2025-10-07 23:00:00,3.2845001,1.0022125,286.95172,101892.7,51.25,6.0
2025-10-08 00:00:00,3.1974182,1.3809662,286.79816,101863.164,51.25,6.0
2025-10-08 01:00:00,2.8565521,2.0923004,286.7505,101816.516,51.25,6.0
2025-10-08 02:00:00,2.778305,2.5059967,286.63077,101780.52,51.25,6.0
2025-10-08 03:00:00,3.2265167,2.270523,286.55627,101737.8,51.25,6.0
2025-10-08 04:00:00,3.5252228,1.5795746,286.5199,101725.69,51.25,6.0
2025-10-08 05:00:00,3.3840942,1.2627258,286.3553,101720.5,51.25,6.0
2025-10-08 06:00:00,3.249771,1.1351318,286.26746,101708.875,51.25,6.0
2025-10-08 07:00:00,3.3362427,0.7231598,286.36682,101732.84,51.25,6.0
2025-10-08 08:00:00,3.7108612,-0.03691101,286.73587,101745.58,51.25,6.0
2025-10-08 09:00:00,3.4394836,-1.1381378,287.28082,101777.27,51.25,6.0
2025-10-08 10:00:00,2.203354,-1.1350555,287.88998,101764.64,51.25,6.0
2025-10-08 11:00:00,2.573532,-0.57632446,288.6771,101737.484,51.25,6.0
2025-10-08 12:00:00,2.837387,-0.12200928,288.71228,101712.69,51.25,6.0
2025-10-08 13:00:00,3.1338348,-0.20870972,288.89447,101710.55,51.25,6.0
2025-10-08 14:00:00,3.3049774,-0.45417786,288.97336,101691.555,51.25,6.0
2025-10-08 15:00:00,3.2118683,-0.6030731,288.91425,101684.56,51.25,6.0
2025-10-08 16:00:00,3.22966,-0.19450378,288.5628,101696.91,51.25,6.0
2025-10-08 17:00:00,3.5080261,0.017837524,287.92517,101734.625,51.25,6.0
2025-10-08 18:00:00,3.921875,-0.10935974,287.67035,101748.89,51.25,6.0
2025-10-08 19:00:00,4.165451,-0.34927368,287.52954,101775.53,51.25,6.0
2025-10-08 20:00:00,4.265976,-0.9239197,287.36108,101808.78,51.25,6.0
2025-10-08 21:00:00,4.166809,-1.1790619,287.0543,101827.81,51.25,6.0
2025-10-08 22:00:00,4.1567535,-0.8336334,286.8805,101845.53,51.25,6.0
2025-10-08 23:00:00,3.9579926,-1.5279999,286.77332,101844.79,51.25,6.0
2025-10-09 00:00:00,3.5774536,-2.539154,286.68347,101847.32,51.25,6.0
2025-10-09 01:00:00,3.005722,-3.442398,286.41913,101843.41,51.25,6.0
2025-10-09 02:00:00,2.583969,-4.1722717,286.15454,101835.06,51.25,6.0
2025-10-09 03:00:00,2.1966553,-4.403076,285.9403,101865.38,51.25,6.0
2025-10-09 04:00:00,1.901535,-3.819519,285.60168,101884.234,51.25,6.0
2025-10-09 05:00:00,2.3629913,-3.2761383,285.1105,101917.445,51.25,6.0
2025-10-09 06:00:00,2.8222198,-2.5206757,284.4453,101962.61,51.25,6.0
2025-10-09 07:00:00,3.1844635,-1.9821167,284.64374,102029.03,51.25,6.0
2025-10-09 08:00:00,2.709961,-1.1813965,285.83862,102066.95,51.25,6.0
2025-10-09 09:00:00,2.9804535,-1.3204193,287.02368,102087.51,51.25,6.0
2025-10-09 10:00:00,2.8705292,-1.9167786,288.23682,102110.625,51.25,6.0
2025-10-09 11:00:00,3.1927795,-1.3691864,288.2046,102100.84,51.25,6.0
2025-10-09 12:00:00,3.2555847,-0.99923706,288.28516,102072.94,51.25,6.0
2025-10-09 13:00:00,3.0911102,-1.7134552,288.3325,102092.016,51.25,6.0
2025-10-09 14:00:00,2.8755646,-1.52211,288.21793,102094.516,51.25,6.0
2025-10-09 15:00:00,2.6032867,-1.6096954,288.15265,102147.375,51.25,6.0
2025-10-09 16:00:00,2.076538,-0.33358765,287.75424,102155.67,51.25,6.0
2025-10-09 17:00:00,2.5812836,0.21998596,286.8662,102191.48,51.25,6.0
2025-10-09 18:00:00,3.6311493,-0.6537018,286.09857,102254.41,51.25,6.0
2025-10-09 19:00:00,4.325836,-1.3927155,286.3071,102298.195,51.25,6.0
2025-10-09 20:00:00,4.421158,-2.4369812,286.26892,102352.67,51.25,6.0
2025-10-09 21:00:00,4.221237,-2.3055878,285.68356,102411.46,51.25,6.0
2025-10-09 22:00:00,4.151764,-1.3141937,286.00095,102416.56,51.25,6.0
2025-10-09 23:00:00,4.347824,-0.84161377,285.59943,102432.66,51.25,6.0
2025-10-10 00:00:00,4.5703735,-0.34288025,285.7787,102460.18,51.25,6.0
2025-10-10 01:00:00,4.707489,0.095565796,285.67517,102479.664,51.25,6.0
2025-10-10 02:00:00,4.8134003,0.01940918,285.66702,102506.22,51.25,6.0
2025-10-10 03:00:00,4.8288727,-0.32011414,285.6825,102516.41,51.25,6.0
2025-10-10 04:00:00,4.8338165,0.04069519,285.6225,102556.125,51.25,6.0
2025-10-10 05:00:00,4.7448883,0.26223755,285.46454,102566.22,51.25,6.0
2025-10-10 06:00:00,4.753357,0.30751038,285.29993,102598.44,51.25,6.0
2025-10-10 07:00:00,4.6635437,0.3686676,285.4716,102685.73,51.25,6.0
2025-10-10 08:00:00,3.949524,0.7328186,286.5869,102737.57,51.25,6.0
2025-10-10 09:00:00,3.438858,0.51071167,287.85138,102769.41,51.25,6.0
2025-10-10 10:00:00,3.0988464,0.5306244,288.83673,102780.55,51.25,6.0
2025-10-10 11:00:00,3.639267,-0.4384308,289.76865,102807.95,51.25,6.0
2025-10-10 12:00:00,3.33284,-1.4923401,290.2574,102796.81,51.25,6.0
2025-10-10 13:00:00,2.9313354,-1.3968353,290.3893,102786.86,51.25,6.0
2025-10-10 14:00:00,2.6067352,-1.0690155,290.60406,102787.08,51.25,6.0
2025-10-10 15:00:00,2.4547882,-0.39840698,290.28796,102787.68,51.25,6.0
2025-10-10 16:00:00,2.7319946,0.112594604,289.75604,102807.64,51.25,6.0
2025-10-10 17:00:00,3.306839,0.60713196,289.09576,102822.62,51.25,6.0
2025-10-10 18:00:00,3.895523,0.89782715,288.95465,102853.5,51.25,6.0
2025-10-10 19:00:00,4.171509,0.79422,288.69653,102873.29,51.25,6.0
2025-10-10 20:00:00,4.281708,0.46099854,288.56122,102878.06,51.25,6.0
2025-10-10 21:00:00,4.2946625,-0.2475586,287.92407,102867.48,51.25,6.0
2025-10-10 22:00:00,3.6205902,-0.7492523,288.2616,102859.05,51.25,6.0
2025-10-10 23:00:00,3.4772491,-1.259018,287.92194,102881.67,51.25,6.0
2025-10-11 00:00:00,3.1792297,-1.772934,287.7799,102898.05,51.25,6.0
2025-10-11 01:00:00,2.6112366,-2.1175385,287.66028,102904.34,51.25,6.0
2025-10-11 02:00:00,2.392746,-2.092453,287.2777,102897.734,51.25,6.0
2025-10-11 03:00:00,2.4119263,-1.7717896,287.036,102883.7,51.25,6.0
2025-10-11 04:00:00,2.493927,-1.6240387,286.75723,102877.31,51.25,6.0
2025-10-11 05:00:00,2.7809906,-1.7988129,286.81296,102871.21,51.25,6.0
2025-10-11 06:00:00,2.970993,-1.691864,286.51642,102881.695,51.25,6.0
2025-10-11 07:00:00,2.9612427,-1.3725281,286.68506,102913.95,51.25,6.0
2025-10-11 08:00:00,2.4831848,-0.7969971,287.02194,102937.7,51.25,6.0
2025-10-11 09:00:00,2.263321,-0.40638733,287.358,102950.41,51.25,6.0
2025-10-11 10:00:00,1.2312317,-0.2331543,287.609,102950.91,51.25,6.0
2025-10-11 11:00:00,1.1735535,-0.62812805,288.00595,102944.8,51.25,6.0
2025-10-11 12:00:00,1.1320801,-1.1105347,288.07886,102911.29,51.25,6.0
2025-10-11 13:00:00,0.98812866,-1.4503021,288.38577,102866.34,51.25,6.0
2025-10-11 14:00:00,0.75912476,-1.2425232,288.37405,102861.08,51.25,6.0
2025-10-11 15:00:00,0.58569336,-1.2369537,288.28772,102815.67,51.25,6.0
2025-10-11 16:00:00,0.4503479,-0.8336029,288.17346,102819.31,51.25,6.0
2025-10-11 17:00:00,0.17967224,-0.19970703,287.5392,102794.95,51.25,6.0
2025-10-11 18:00:00,0.4056244,0.010879517,287.2007,102795.59,51.25,6.0
2025-10-11 19:00:00,0.8050842,0.058746338,287.05255,102809.664,51.25,6.0
2025-10-11 20:00:00,1.1615295,-0.07180786,287.05096,102791.44,51.25,6.0
2025-10-11 21:00:00,1.233017,-0.3154297,286.5739,102799.836,51.25,6.0
2025-10-11 22:00:00,0.8490906,0.24713135,286.01724,102790.93,51.25,6.0
2025-10-11 23:00:00,0.84503174,-0.1895752,285.88425,102766.58,51.25,6.0
2025-10-12 00:00:00,0.8975525,-0.4707489,285.9818,102755.44,51.25,6.0
2025-10-12 01:00:00,0.9899292,-0.38690186,285.97827,102735.33,51.25,6.0
2025-10-12 02:00:00,1.2931671,-0.11689758,286.00848,102691.48,51.25,6.0
2025-10-12 03:00:00,1.5323334,-0.4005432,286.06912,102648.16,51.25,6.0
2025-10-12 04:00:00,1.5978241,-0.9873047,286.2025,102625.36,51.25,6.0
2025-10-12 05:00:00,1.6117706,-1.4263763,286.1864,102589.97,51.25,6.0
2025-10-12 06:00:00,1.6016235,-2.2476654,285.65668,102597.47,51.25,6.0
2025-10-12 07:00:00,1.3662567,-2.5664215,286.0163,102622.266,51.25,6.0
2025-10-12 08:00:00,1.1208038,-2.112976,286.55655,102611.31,51.25,6.0
2025-10-12 09:00:00,1.2195435,-2.3069305,287.26727,102628.82,51.25,6.0
2025-10-12 10:00:00,0.6021881,-2.4477234,287.7439,102604.516,51.25,6.0
2025-10-12 11:00:00,1.1635437,-2.5020447,288.11948,102575.34,51.25,6.0
2025-10-12 12:00:00,1.0771942,-2.990219,288.4795,102543.16,51.25,6.0
2025-10-12 13:00:00,0.6774597,-3.322937,288.48737,102520.16,51.25,6.0
2025-10-12 14:00:00,0.49842834,-3.4928741,288.88715,102473.66,51.25,6.0
2025-10-12 15:00:00,0.6654358,-3.2470093,288.74622,102436.19,51.25,6.0
2025-10-12 16:00:00,0.6664276,-3.2016144,288.29468,102427.195,51.25,6.0
2025-10-12 17:00:00,0.6662903,-3.2870789,287.838,102424.31,51.25,6.0
2025-10-12 18:00:00,0.6772156,-3.188507,287.55737,102438.516,51.25,6.0
2025-10-12 19:00:00,0.8143921,-3.1501007,287.3683,102424.19,51.25,6.0
2025-10-12 20:00:00,0.83984375,-3.4386292,287.32812,102426.195,51.25,6.0
2025-10-12 21:00:00,0.6876068,-3.7647552,287.2499,102415.68,51.25,6.0
2025-10-12 22:00:00,-0.06422424,-3.475113,286.9673,102397.04,51.25,6.0
2025-10-12 23:00:00,0.38139343,-3.0428162,286.9359,102364.34,51.25,6.0
2025-10-13 00:00:00,0.56196594,-3.078659,286.8913,102344.55,51.25,6.0
2025-10-13 01:00:00,0.44200134,-3.3737335,286.76385,102319.53,51.25,6.0
2025-10-13 02:00:00,0.14755249,-3.4550323,286.72586,102288.63,51.25,6.0
2025-10-13 03:00:00,-0.010696411,-3.3679047,286.69717,102265.17,51.25,6.0
2025-10-13 04:00:00,-0.38105774,-3.1873932,286.57214,102271.625,51.25,6.0
2025-10-13 05:00:00,-0.8338165,-3.166153,286.4641,102244.36,51.25,6.0
2025-10-13 06:00:00,-1.2715759,-3.256958,286.38358,102240.14,51.25,6.0
2025-10-13 07:00:00,-1.8067169,-3.1210022,286.56097,102253.555,51.25,6.0
2025-10-13 08:00:00,-2.9175873,-3.263031,286.9405,102262.875,51.25,6.0
2025-10-13 09:00:00,-3.0689697,-2.9398499,287.44012,102301.96,51.25,6.0
2025-10-13 10:00:00,-3.6067352,-2.0458221,287.70438,102333.36,51.25,6.0
2025-10-13 11:00:00,-3.0044708,-2.203476,288.11383,102314.03,51.25,6.0
2025-10-13 12:00:00,-2.4349518,-2.5886993,288.22824,102297.39,51.25,6.0
2025-10-13 13:00:00,-2.1208801,-2.88974,288.35156,102260.336,51.25,6.0
2025-10-13 14:00:00,-2.0416107,-3.1685638,288.39532,102257.2,51.25,6.0
2025-10-13 15:00:00,-1.7875214,-2.9488525,288.16013,102241.12,51.25,6.0
2025-10-13 16:00:00,-1.5718079,-2.9333038,287.73853,102229.81,51.25,6.0
2025-10-13 17:00:00,-1.4142761,-3.3538513,287.28516,102228.734,51.25,6.0
2025-10-13 18:00:00,-1.5311737,-3.6495667,286.68625,102240.664,51.25,6.0
2025-10-13 19:00:00,-1.5462646,-3.51268,286.18268,102241.72,51.25,6.0
2025-10-13 20:00:00,-1.2988892,-3.7845306,285.73715,102230.46,51.25,6.0
2025-10-13 21:00:00,-1.2928619,-4.2314606,285.385,102246.03,51.25,6.0
2025-10-13 22:00:00,-1.5216064,-4.0126495,284.91003,102257.02,51.25,6.0
2025-10-13 23:00:00,-1.5678253,-4.182129,284.63446,102231.16,51.25,6.0
2025-10-14 00:00:00,-1.3947144,-3.786789,284.513,102229.58,51.25,6.0
2025-10-14 01:00:00,-1.1003265,-3.3803558,284.3907,102227.31,51.25,6.0
2025-10-14 02:00:00,-0.8405304,-3.4455414,284.17383,102198.74,51.25,6.0
2025-10-14 03:00:00,-0.7575989,-3.6751099,283.99597,102185.17,51.25,6.0
2025-10-14 04:00:00,-0.70303345,-3.8212585,284.08734,102189.64,51.25,6.0
2025-10-14 05:00:00,-0.54260254,-3.7740936,283.99084,102179.69,51.25,6.0
2025-10-14 06:00:00,-0.3383484,-3.5776062,283.98016,102186.47,51.25,6.0
2025-10-14 07:00:00,-0.012130737,-3.2484589,284.28796,102205.58,51.25,6.0
2025-10-14 08:00:00,0.25901794,-2.3469696,284.96753,102238.625,51.25,6.0
2025-10-14 09:00:00,0.5346985,-2.0460815,285.6432,102241.984,51.25,6.0
2025-10-14 10:00:00,-0.11752319,-2.2558594,286.24048,102246.39,51.25,6.0
2025-10-14 11:00:00,0.17828369,-2.3648071,286.80322,102232.55,51.25,6.0
2025-10-14 12:00:00,0.7926178,-2.0214386,286.71338,102219.59,51.25,6.0
2025-10-14 13:00:00,1.4158783,-1.8028259,287.41046,102184.3,51.25,6.0
2025-10-14 14:00:00,1.9623566,-1.9419861,287.19073,102150.83,51.25,6.0
2025-10-14 15:00:00,2.5064087,-2.4225159,287.1837,102134.53,51.25,6.0
2025-10-14 16:00:00,2.4296417,-2.1302032,287.10608,102122.05,51.25,6.0
2025-10-14 17:00:00,2.7713623,-1.8036194,286.62823,102115.72,51.25,6.0
2025-10-14 18:00:00,2.922165,-2.0506134,286.39087,102121.86,51.25,6.0
2025-10-14 19:00:00,2.7748413,-2.7229614,285.98965,102122.72,51.25,6.0
2025-10-14 20:00:00,2.0617523,-3.4220123,285.5545,102156.11,51.25,6.0
2025-10-14 21:00:00,1.1971283,-3.9320526,285.36066,102176.945,51.25,6.0
2025-10-14 22:00:00,0.6184082,-3.924179,285.66595,102197.94,51.25,6.0
2025-10-14 23:00:00,0.51779175,-3.8061218,285.43948,102192.16,51.25,6.0
2025-10-15 00:00:00,0.6331024,-3.4086456,285.0872,102198.234,51.25,6.0
2025-10-15 01:00:00,0.7882385,-3.0083313,284.82855,102203.516,51.25,6.0
2025-10-15 02:00:00,1.0300293,-2.7438202,284.57986,102177.414,51.25,6.0
2025-10-15 03:00:00,1.2065582,-2.663208,284.44598,102176.805,51.25,6.0
2025-10-15 04:00:00,1.2118378,-2.2957916,284.29294,102181.19,51.25,6.0
2025-10-15 05:00:00,1.2203369,-2.1437836,284.3822,102165.19,51.25,6.0
2025-10-15 06:00:00,1.0722809,-2.3453522,284.3684,102180.06,51.25,6.0
2025-10-15 07:00:00,0.6564789,-2.39505,284.6713,102208.25,51.25,6.0
2025-10-15 08:00:00,0.23547363,-2.416565,285.2065,102231.46,51.25,6.0
2025-10-15 09:00:00,-0.12573242,-2.1750946,285.68945,102228.86,51.25,6.0
2025-10-15 10:00:00,-0.37997437,-1.4355011,285.94055,102255.79,51.25,6.0
2025-10-15 11:00:00,-0.15672302,-1.0346069,286.42212,102239.36,51.25,6.0
2025-10-15 12:00:00,0.28276062,-0.9794159,286.99496,102228.98,51.25,6.0
2025-10-15 13:00:00,0.74183655,-1.1840668,286.84607,102212.55,51.25,6.0
2025-10-15 14:00:00,0.83636475,-1.417984,286.82568,102177.23,51.25,6.0
2025-10-15 15:00:00,0.85687256,-1.3065338,286.43854,102161.234,51.25,6.0
2025-10-15 16:00:00,0.91752625,-0.7702637,286.1731,102143.42,51.25,6.0
2025-10-15 17:00:00,1.2001953,-0.46842957,285.93607,102132.78,51.25,6.0
2025-10-15 18:00:00,1.517868,-0.5037079,285.5951,102142.984,51.25,6.0
2025-10-15 19:00:00,1.8698578,-0.94673157,285.2802,102144.8,51.25,6.0
2025-10-15 20:00:00,1.8978882,-1.6673737,285.55377,102141.95,51.25,6.0
2025-10-15 21:00:00,1.6709137,-2.602066,285.31097,102151.484,51.25,6.0
2025-10-15 22:00:00,1.4175262,-2.2990875,285.1632,102138.14,51.25,6.0
2025-10-15 23:00:00,1.3188171,-2.8332672,285.04495,102118.766,51.25,6.0
2025-10-16 00:00:00,0.68933105,-3.0093842,284.4923,102124.7,51.25,6.0
2025-10-16 01:00:00,0.3789215,-3.432373,283.78992,102087.03,51.25,6.0
2025-10-16 02:00:00,0.4932251,-3.5029297,283.31854,102062.61,51.25,6.0
2025-10-16 03:00:00,0.8069763,-3.6404572,282.76923,102028.984,51.25,6.0
2025-10-16 04:00:00,1.1325989,-3.4236603,282.56628,102037.664,51.25,6.0
2025-10-16 05:00:00,1.4829712,-3.0188446,282.6415,102010.86,51.25,6.0
2025-10-16 06:00:00,1.8942261,-2.8213196,282.84637,102010.94,51.25,6.0
2025-10-16 07:00:00,2.216034,-2.401947,282.96188,102060.92,51.25,6.0
2025-10-16 08:00:00,2.035797,-1.8625946,283.81677,102058.18,51.25,6.0
2025-10-16 09:00:00,1.9142609,-1.9692078,284.9289,102061.3,51.25,6.0
2025-10-16 10:00:00,1.3166046,-2.0166016,285.78333,102055.01,51.25,6.0
2025-10-16 11:00:00,1.2567291,-2.423706,286.56842,102048.766,51.25,6.0
2025-10-16 12:00:00,0.8982544,-2.988617,287.59955,101998.19,51.25,6.0
2025-10-16 13:00:00,0.26916504,-2.9460602,287.62854,101975.47,51.25,6.0
2025-10-16 14:00:00,0.31425476,-2.5384521,287.4707,101946.06,51.25,6.0
2025-10-16 15:00:00,0.30621338,-3.1493378,287.22864,101931.555,51.25,6.0
2025-10-16 16:00:00,0.3788452,-3.3440857,286.65656,101932.7,51.25,6.0
2025-10-16 17:00:00,0.21813965,-3.684723,285.89917,101953.37,51.25,6.0
2025-10-16 18:00:00,0.2630005,-4.0506744,285.68744,101968.33,51.25,6.0
2025-10-16 19:00:00,0.44467163,-4.2400665,285.56775,101993.65,51.25,6.0
2025-10-16 20:00:00,0.4019165,-4.605316,285.45624,102010.11,51.25,6.0
2025-10-16 21:00:00,0.14324951,-4.796158,285.21777,102028.3,51.25,6.0
2025-10-16 22:00:00,0.1349945,-4.7628326,284.79697,102010.64,51.25,6.0
2025-10-16 23:00:00,0.010177612,-4.3423004,284.1324,101974.46,51.25,6.0
2025-10-17 00:00:00,0.31666565,-3.9688568,284.08267,101960.2,51.25,6.0
2025-10-17 01:00:00,0.68907166,-4.086029,283.94174,101970.22,51.25,6.0
2025-10-17 02:00:00,0.8944702,-4.415161,283.94965,101949.53,51.25,6.0
2025-10-17 03:00:00,0.91967773,-4.3753204,283.7624,101942.086,51.25,6.0
2025-10-17 04:00:00,0.8209076,-4.2123413,283.96368,101945.09,51.25,6.0
2025-10-17 05:00:00,0.90597534,-3.8256073,283.91364,101916.516,51.25,6.0
2025-10-17 06:00:00,1.0252991,-3.5665283,283.9029,101931.914,51.25,6.0
2025-10-17 07:00:00,1.3531189,-3.1579132,284.07623,101972.7,51.25,6.0
2025-10-17 08:00:00,1.3341522,-2.4312897,284.78027,101998.97,51.25,6.0
2025-10-17 09:00:00,1.3832245,-2.5835571,285.31982,102008.43,51.25,6.0
2025-10-17 10:00:00,0.41226196,-2.2944794,286.15796,102027.23,51.25,6.0
2025-10-17 11:00:00,1.1011963,-2.3146057,286.6306,102024.56,51.25,6.0
2025-10-17 12:00:00,2.028183,-2.512207,286.938,101969.516,51.25,6.0
2025-10-17 13:00:00,2.8871002,-3.0539703,286.92325,101949.28,51.25,6.0
2025-10-17 14:00:00,2.8268585,-3.2410583,286.88135,101933.61,51.25,6.0
2025-10-17 15:00:00,2.4196472,-3.2670746,286.65097,101917.484,51.25,6.0
2025-10-17 16:00:00,2.0982513,-2.803711,286.13998,101913.02,51.25,6.0
2025-10-17 17:00:00,2.22258,-2.6927338,285.8542,101934.65,51.25,6.0
2025-10-17 18:00:00,2.2702942,-2.6874695,285.28796,101958.414,51.25,6.0
2025-10-17 19:00:00,2.2977753,-2.776352,285.05963,101982.17,51.25,6.0
2025-10-17 20:00:00,2.2134552,-2.9944916,284.607,102014.14,51.25,6.0
2025-10-17 21:00:00,1.7787781,-3.1437683,284.31354,102021.24,51.25,6.0
2025-10-17 22:00:00,1.1794586,-3.5484772,284.03442,102035.15,51.25,6.0
2025-10-17 23:00:00,0.8373871,-3.494278,283.55823,102056.91,51.25,6.0
2025-10-18 00:00:00,0.13652039,-3.4983826,283.31784,102081.29,51.25,6.0
2025-10-18 01:00:00,-0.93460083,-3.517685,282.9727,102068.55,51.25,6.0
2025-10-18 02:00:00,-1.9688416,-3.1502838,283.01825,102086.3,51.25,6.0
2025-10-18 03:00:00,-2.729004,-2.7464142,283.04694,102097.34,51.25,6.0
2025-10-18 04:00:00,-3.577301,-2.072586,283.01917,102116.59,51.25,6.0
2025-10-18 05:00:00,-3.895813,-1.3731537,282.94016,102137.56,51.25,6.0
2025-10-18 06:00:00,-4.040222,-0.8955841,283.2972,102155.47,51.25,6.0
2025-10-18 07:00:00,-4.2604218,-0.57510376,283.44937,102202.91,51.25,6.0
2025-10-18 08:00:00,-3.7203217,-0.07183838,283.90594,102236.09,51.25,6.0
2025-10-18 09:00:00,-3.7330475,0.40402222,285.062,102241.45,51.25,6.0
2025-10-18 10:00:00,-3.4138641,0.2765808,285.53937,102215.15,51.25,6.0
2025-10-18 11:00:00,-3.175171,0.23738098,286.38507,102179.375,51.25,6.0
2025-10-18 12:00:00,-2.7739105,0.2726593,285.98605,102147.75,51.25,6.0
2025-10-18 13:00:00,-2.8816528,0.52142334,286.60318,102091.3,51.25,6.0
2025-10-18 14:00:00,-3.1260376,0.5526428,285.94675,102052.35,51.25,6.0
2025-10-18 15:00:00,-3.694748,0.7533417,285.47803,101980.7,51.25,6.0
2025-10-18 16:00:00,-4.467407,0.2902527,283.90692,101915.16,51.25,6.0
2025-10-18 17:00:00,-5.222458,0.27824402,282.51456,101898.47,51.25,6.0
2025-10-18 18:00:00,-5.772293,0.73165894,281.60138,101862.61,51.25,6.0
2025-10-18 19:00:00,-5.894058,1.7286682,281.71796,101835.67,51.25,6.0
2025-10-18 20:00:00,-6.0562897,2.8303223,281.51654,101796.82,51.25,6.0
2025-10-18 21:00:00,-5.801941,3.7612305,281.42447,101748.52,51.25,6.0
2025-10-18 22:00:00,-5.780304,4.4305115,280.95676,101714.86,51.25,6.0
2025-10-18 23:00:00,-5.561676,4.6086426,281.36017,101627.91,51.25,6.0
2025-10-19 00:00:00,-5.5073547,4.4457397,280.76874,101562.086,51.25,6.0
2025-10-19 01:00:00,-5.2927704,4.340744,281.03903,101490.19,51.25,6.0
2025-10-19 02:00:00,-4.8440704,4.3345337,280.9005,101411.45,51.25,6.0
2025-10-19 03:00:00,-4.9704285,4.134323,280.83807,101327.234,51.25,6.0
2025-10-19 04:00:00,-5.071411,4.123123,280.6853,101253.11,51.25,6.0
2025-10-19 05:00:00,-4.9718323,4.5587463,280.6723,101165.67,51.25,6.0
2025-10-19 06:00:00,-4.953644,5.225403,280.6737,101086.016,51.25,6.0
2025-10-19 07:00:00,-4.717499,5.538147,280.91113,101033.34,51.25,6.0
2025-10-19 08:00:00,-4.2962646,5.8037567,281.63144,100996.1,51.25,6.0
2025-10-19 09:00:00,-3.4086304,4.9396667,282.91824,100929.68,51.25,6.0
2025-10-19 10:00:00,-2.4568634,4.866226,284.5868,100835.984,51.25,6.0
2025-10-19 11:00:00,-1.5368652,5.0322723,285.92413,100747.17,51.25,6.0
2025-10-19 12:00:00,-1.2104797,4.8769226,287.52835,100639.89,51.25,6.0
2025-10-19 13:00:00,-1.3952332,5.084778,288.37714,100540.44,51.25,6.0
2025-10-19 14:00:00,-1.5047607,5.5288696,288.78058,100474.484,51.25,6.0
2025-10-19 15:00:00,-1.1260071,5.6677704,288.36047,100381.28,51.25,6.0
2025-10-19 16:00:00,-0.67474365,6.456482,286.8923,100342.2,51.25,6.0
2025-10-19 17:00:00,-0.36486816,7.066574,285.8527,100316.9,51.25,6.0
2025-10-19 18:00:00,-0.3805542,7.1950073,286.11057,100289.92,51.25,6.0
2025-10-19 19:00:00,-1.6053925,6.8263702,285.82236,100224.05,51.25,6.0
2025-10-19 20:00:00,-2.8383179,6.7526245,286.24976,100150.71,51.25,6.0
2025-10-19 21:00:00,-2.9383087,7.0639954,285.88974,100085.47,51.25,6.0
2025-10-19 22:00:00,-2.0603638,7.4704437,285.89716,100038.125,51.25,6.0
2025-10-19 23:00:00,-0.359375,8.070862,286.23337,99932.766,51.25,6.0
2025-10-20 00:00:00,-1.0674438,8.087753,286.45697,99842.19,51.25,6.0
2025-10-20 01:00:00,-2.254242,8.170471,286.39764,99757.79,51.25,6.0
2025-10-20 02:00:00,-2.012619,8.522476,287.0418,99663.3,51.25,6.0
2025-10-20 03:00:00,-1.2006683,8.92482,287.19922,99568.25,51.25,6.0
2025-10-20 04:00:00,-0.08644104,9.342514,287.3777,99510.25,51.25,6.0
2025-10-20 05:00:00,0.46365356,9.190109,287.386,99452.9,51.25,6.0
2025-10-20 06:00:00,1.0093079,9.023453,287.08914,99396.85,51.25,6.0
2025-10-20 07:00:00,2.0757446,8.646744,287.15875,99415.3,51.25,6.0
2025-10-20 08:00:00,2.7436676,7.8008575,287.53235,99396.69,51.25,6.0
2025-10-20 09:00:00,2.49617,7.2427063,288.1979,99387.17,51.25,6.0
2025-10-20 10:00:00,0.4056244,5.318741,289.3718,99366.69,51.25,6.0
2025-10-20 11:00:00,0.9517212,6.6910553,289.7369,99328.734,51.25,6.0
2025-10-20 12:00:00,1.0682831,6.5109406,290.36212,99256.31,51.25,6.0
2025-10-20 13:00:00,1.2392426,6.4643555,290.88123,99218.984,51.25,6.0
2025-10-20 14:00:00,0.045196533,6.121567,291.05328,99155.35,51.25,6.0
2025-10-20 15:00:00,-0.45959473,7.769058,290.5476,99075.39,51.25,6.0
2025-10-20 16:00:00,0.79634094,8.92955,290.00107,99072.55,51.25,6.0
2025-10-20 17:00:00,0.6083374,9.4140625,289.04486,99018.22,51.25,6.0
2025-10-20 18:00:00,0.87376404,9.732605,288.67938,98979.73,51.25,6.0
2025-10-20 19:00:00,0.50535583,10.003632,288.38287,98946.14,51.25,6.0
2025-10-20 20:00:00,0.38830566,10.0890045,288.0689,98892.42,51.25,6.0
2025-10-20 21:00:00,0.8605957,9.954468,287.3676,98874.39,51.25,6.0
2025-10-20 22:00:00,0.5123749,9.559311,287.01886,98800.7,51.25,6.0
2025-10-20 23:00:00,2.9749908,9.829895,287.10492,98793.734,51.25,6.0
2025-10-21 00:00:00,3.3405151,9.619995,286.87857,98757.78,51.25,6.0
2025-10-21 01:00:00,3.7460175,10.139984,286.626,98699.27,51.25,6.0
2025-10-21 02:00:00,4.334091,10.756912,286.23267,98657.55,51.25,6.0
2025-10-21 03:00:00,5.6482086,11.171829,286.5658,98627.266,51.25,6.0
2025-10-21 04:00:00,8.14061,10.666962,286.4671,98645.484,51.25,6.0
2025-10-21 05:00:00,9.574966,9.383347,286.2825,98693.12,51.25,6.0
2025-10-21 06:00:00,9.214951,8.01329,286.28342,98763.78,51.25,6.0
2025-10-21 07:00:00,8.912811,7.6258698,286.1585,98855.09,51.25,6.0
2025-10-21 08:00:00,9.528809,7.684677,286.2759,98920.19,51.25,6.0
2025-10-21 09:00:00,9.608139,7.5171204,286.55838,98991.1,51.25,6.0
2025-10-21 10:00:00,7.201599,7.0437775,286.98788,99039.055,51.25,6.0
2025-10-21 11:00:00,7.7191467,8.182861,287.11713,99084.0,51.25,6.0
2025-10-21 12:00:00,7.792389,7.954193,287.14722,99128.445,51.25,6.0
2025-10-21 13:00:00,6.5922546,7.1859436,287.53546,99117.695,51.25,6.0
2025-10-21 14:00:00,5.4530945,7.099289,287.59485,99144.84,51.25,6.0
2025-10-21 15:00:00,5.0740204,6.457962,287.66693,99172.56,51.25,6.0
2025-10-21 16:00:00,4.4471283,6.2756195,287.25513,99164.016,51.25,6.0
2025-10-21 17:00:00,3.909607,6.485199,286.7135,99174.75,51.25,6.0
2025-10-21 18:00:00,3.3328705,6.6341553,286.24277,99163.08,51.25,6.0
2025-10-21 19:00:00,2.6963043,6.7422943,285.91473,99152.016,51.25,6.0
2025-10-21 20:00:00,2.765747,7.2312317,286.0706,99155.41,51.25,6.0
2025-10-21 21:00:00,3.754959,7.230011,286.01776,99145.83,51.25,6.0
2025-10-21 22:00:00,4.9076233,6.3406067,285.83704,99122.24,51.25,6.0
2025-10-21 23:00:00,5.219208,5.7032776,285.94763,99137.78,51.25,6.0
2025-10-22 00:00:00,5.3122253,5.132004,285.79294,99156.81,51.25,6.0
2025-10-22 01:00:00,5.3950653,5.1516113,285.4665,99163.7,51.25,6.0
2025-10-22 02:00:00,5.6355286,4.9634094,285.30252,99164.25,51.25,6.0
2025-10-22 03:00:00,5.4920044,4.8217773,285.3756,99180.984,51.25,6.0
2025-10-22 04:00:00,5.3208313,4.66893,285.4287,99217.15,51.25,6.0
2025-10-22 05:00:00,5.3866425,4.0993347,285.4649,99232.29,51.25,6.0
2025-10-22 06:00:00,5.18396,3.7594452,285.24,99257.51,51.25,6.0
2025-10-22 07:00:00,5.018402,3.5292969,285.41946,99333.164,51.25,6.0
2025-10-22 08:00:00,4.9727325,3.5624847,285.84375,99398.36,51.25,6.0
2025-10-22 09:00:00,5.542053,3.3699799,286.34583,99439.47,51.25,6.0
2025-10-22 10:00:00,3.6234894,2.161148,286.85794,99488.76,51.25,6.0
2025-10-22 11:00:00,3.1304016,2.170929,287.7724,99498.36,51.25,6.0
2025-10-22 12:00:00,2.801834,2.5668793,288.2503,99471.7,51.25,6.0
2025-10-22 13:00:00,2.848648,3.0290527,288.22723,99448.484,51.25,6.0
2025-10-22 14:00:00,2.5176697,3.2480774,288.1462,99398.0,51.25,6.0
2025-10-22 15:00:00,2.4293976,2.768982,288.01157,99369.41,51.25,6.0
2025-10-22 16:00:00,2.0075226,1.8219757,286.81805,99342.64,51.25,6.0
2025-10-22 17:00:00,0.8516693,1.1848145,285.0957,99333.266,51.25,6.0
2025-10-22 18:00:00,-0.79818726,1.6646881,284.53033,99296.05,51.25,6.0
2025-10-22 19:00:00,-2.4977112,2.9341888,284.04578,99226.95,51.25,6.0
2025-10-22 20:00:00,-3.4802094,4.384201,283.64093,99148.39,51.25,6.0
2025-10-22 21:00:00,-3.679306,4.657364,284.22577,99047.984,51.25,6.0
2025-10-22 22:00:00,-3.7723846,5.9429474,284.2719,98911.78,51.25,6.0
2025-10-22 23:00:00,-5.7590485,6.161682,284.39737,98661.84,51.25,6.0
2025-10-23 00:00:00,-7.1152344,6.471527,284.75952,98444.66,51.25,6.0
2025-10-23 01:00:00,-6.5708313,8.630493,285.26422,98229.39,51.25,6.0
2025-10-23 02:00:00,-3.8511047,10.992203,286.1857,97946.75,51.25,6.0
2025-10-23 03:00:00,-0.57629395,11.911804,287.53183,97754.25,51.25,6.0
2025-10-23 04:00:00,2.159134,11.006577,288.2629,97643.805,51.25,6.0
2025-10-23 05:00:00,4.7572174,10.337952,288.24377,97542.516,51.25,6.0
2025-10-23 06:00:00,7.248764,9.801392,287.32812,97513.2,51.25,6.0
2025-10-23 07:00:00,7.124069,10.1953125,286.4873,97550.42,51.25,6.0
2025-10-23 08:00:00,6.261795,10.43718,287.0613,97590.234,51.25,6.0
2025-10-23 09:00:00,5.823868,11.2282715,286.74768,97564.93,51.25,6.0
2025-10-23 10:00:00,2.9310608,9.717667,286.7132,97520.34,51.25,6.0
2025-10-23 11:00:00,3.2530975,11.972458,286.20175,97486.84,51.25,6.0
2025-10-23 12:00:00,2.0485382,13.703491,284.57758,97400.305,51.25,6.0
2025-10-23 13:00:00,4.5545807,14.9084015,282.98633,97291.41,51.25,6.0
2025-10-23 14:00:00,8.502762,12.492035,283.33228,97242.05,51.25,6.0
2025-10-23 15:00:00,11.862625,6.0357513,284.68866,97341.055,51.25,6.0
2025-10-23 16:00:00,14.584045,2.3404388,285.17355,97566.5,51.25,6.0
2025-10-23 17:00:00,16.177917,2.4352722,284.41034,97881.875,51.25,6.0
2025-10-23 18:00:00,15.752762,2.9432526,283.84772,98163.62,51.25,6.0
2025-10-23 19:00:00,14.478302,3.6930237,283.49908,98359.25,51.25,6.0
2025-10-23 20:00:00,13.463974,4.604294,283.40228,98482.836,51.25,6.0
2025-10-23 21:00:00,12.668457,5.0985413,283.13547,98578.234,51.25,6.0
2025-10-23 22:00:00,11.416748,5.217285,282.58737,98627.25,51.25,6.0
2025-10-23 23:00:00,10.771698,5.79274,282.6411,98720.37,51.25,6.0
2025-10-24 00:00:00,11.306946,4.8577576,282.33615,98802.88,51.25,6.0
2025-10-24 01:00:00,11.031372,2.8224335,281.89185,98892.42,51.25,6.0
2025-10-24 02:00:00,11.269363,2.63591,281.62305,98950.93,51.25,6.0
2025-10-24 03:00:00,11.964767,3.4481049,281.6604,99060.73,51.25,6.0
2025-10-24 04:00:00,11.912949,4.6683655,281.26587,99169.56,51.25,6.0
2025-10-24 05:00:00,11.484695,5.223984,281.09998,99240.19,51.25,6.0
2025-10-24 06:00:00,11.180817,5.579666,280.77835,99318.41,51.25,6.0
2025-10-24 07:00:00,11.315353,5.8375397,280.74942,99399.08,51.25,6.0
2025-10-24 08:00:00,10.981552,5.8845367,281.18292,99476.125,51.25,6.0
2025-10-24 09:00:00,9.5082245,6.631653,281.9135,99529.055,51.25,6.0
2025-10-24 10:00:00,10.121887,6.719528,283.18912,99610.28,51.25,6.0
2025-10-24 11:00:00,10.873474,7.0415497,283.9148,99645.68,51.25,6.0
2025-10-24 12:00:00,10.887466,6.4846344,284.29858,99667.3,51.25,6.0
2025-10-24 13:00:00,10.109207,6.655411,283.776,99693.28,51.25,6.0
2025-10-24 14:00:00,8.615646,7.215744,283.49634,99686.984,51.25,6.0
2025-10-24 15:00:00,8.3793335,7.726227,283.2663,99670.54,51.25,6.0
2025-10-24 16:00:00,7.9731293,7.8838196,282.72723,99653.266,51.25,6.0
2025-10-24 17:00:00,7.923706,8.18364,282.26233,99649.484,51.25,6.0
2025-10-24 18:00:00,8.317825,8.079254,282.3542,99633.625,51.25,6.0
2025-10-24 19:00:00,8.646805,8.13002,282.4101,99605.47,51.25,6.0
2025-10-24 20:00:00,8.677231,8.228653,282.07214,99583.84,51.25,6.0
2025-10-24 21:00:00,8.656784,7.9404144,282.25784,99576.36,51.25,6.0
2025-10-24 22:00:00,8.3858185,7.618927,282.07843,99496.97,51.25,6.0
2025-10-24 23:00:00,8.16214,7.826782,281.9815,99464.22,51.25,6.0
2025-10-25 00:00:00,8.184586,7.8796234,281.93445,99457.02,51.25,6.0
2025-10-25 01:00:00,8.058594,7.9949493,281.98715,99374.16,51.25,6.0
2025-10-25 02:00:00,7.9145203,8.2447815,281.9604,99311.75,51.25,6.0
2025-10-25 03:00:00,8.110931,8.907822,282.1501,99267.8,51.25,6.0
2025-10-25 04:00:00,7.9782715,9.787064,282.05087,99198.94,51.25,6.0
2025-10-25 05:00:00,8.1418915,9.900253,282.38782,99138.375,51.25,6.0
2025-10-25 06:00:00,8.309387,9.228378,282.432,99077.766,51.25,6.0
2025-10-25 07:00:00,9.357895,7.8825073,282.28174,99067.61,51.25,6.0
2025-10-25 08:00:00,9.68895,6.2634583,282.8069,99097.34,51.25,6.0
2025-10-25 09:00:00,9.611542,5.582901,283.3177,99140.08,51.25,6.0
2025-10-25 10:00:00,7.1542816,6.607376,283.3302,99135.78,51.25,6.0
2025-10-25 11:00:00,8.460434,6.1216583,283.37537,99178.04,51.25,6.0
2025-10-25 12:00:00,12.104034,1.8390961,283.64777,99236.516,51.25,6.0
2025-10-25 13:00:00,12.102188,-2.6100616,283.71484,99356.19,51.25,6.0
2025-10-25 14:00:00,10.675476,-1.72789,283.46652,99479.516,51.25,6.0
2025-10-25 15:00:00,10.206787,-1.5970306,283.2838,99532.875,51.25,6.0
2025-10-25 16:00:00,9.154541,-1.3804321,282.89136,99590.35,51.25,6.0
2025-10-25 17:00:00,8.059494,-0.4456482,282.1978,99657.19,51.25,6.0
2025-10-25 18:00:00,7.481949,0.50434875,281.59167,99705.766,51.25,6.0
2025-10-25 19:00:00,6.9520264,0.7612915,280.94238,99728.81,51.25,6.0
2025-10-25 20:00:00,6.4523315,1.5192261,280.70316,99713.39,51.25,6.0
2025-10-25 21:00:00,6.331543,1.8953705,280.49542,99737.445,51.25,6.0
2025-10-25 22:00:00,6.6516113,2.830429,280.4294,99722.266,51.25,6.0
2025-10-25 23:00:00,7.820984,2.6216888,280.2234,99743.445,51.25,6.0
2025-10-26 00:00:00,8.308792,2.1795654,279.90674,99749.94,51.25,6.0
2025-10-26 01:00:00,8.819122,2.3827057,279.11322,99732.44,51.25,6.0
2025-10-26 02:00:00,9.365051,2.6328888,278.71228,99751.12,51.25,6.0
2025-10-26 03:00:00,9.656326,3.0381012,278.46732,99743.805,51.25,6.0
2025-10-26 04:00:00,10.046677,4.0927887,278.6645,99732.56,51.25,6.0
2025-10-26 05:00:00,10.870605,4.322586,278.6893,99718.13,51.25,6.0
2025-10-26 06:00:00,11.567139,3.3610992,278.95203,99755.97,51.25,6.0
2025-10-26 07:00:00,12.0239105,3.2879028,279.14725,99825.805,51.25,6.0
2025-10-26 08:00:00,12.09079,3.0957184,279.41388,99892.13,51.25,6.0
2025-10-26 09:00:00,11.741806,2.4841309,280.2773,99966.83,51.25,6.0
2025-10-26 10:00:00,10.561752,2.9938965,281.10577,100035.0,51.25,6.0
2025-10-26 11:00:00,10.714523,3.1291199,281.91354,100084.95,51.25,6.0
2025-10-26 12:00:00,10.6419525,2.8003387,282.39685,100079.22,51.25,6.0
2025-10-26 13:00:00,12.050415,2.0403442,283.00513,100094.5,51.25,6.0
2025-10-26 14:00:00,12.378494,1.0378113,282.93277,100132.484,51.25,6.0
2025-10-26 15:00:00,11.601685,0.82229614,282.7085,100144.83,51.25,6.0
2025-10-26 16:00:00,11.154022,1.1806946,281.9702,100169.266,51.25,6.0
2025-10-26 17:00:00,9.536789,2.6887054,281.37695,100154.33,51.25,6.0
2025-10-26 18:00:00,8.855057,4.0651245,281.0597,100128.61,51.25,6.0
2025-10-26 19:00:00,8.699219,4.49971,280.73877,100081.02,51.25,6.0
2025-10-26 20:00:00,8.90741,4.643402,280.48895,100021.06,51.25,6.0
2025-10-26 21:00:00,9.420822,5.09256,280.1862,99922.484,51.25,6.0
2025-10-26 22:00:00,8.310104,6.457657,280.5774,99846.11,51.25,6.0
2025-10-26 23:00:00,8.074005,7.1231995,280.64752,99713.95,51.25,6.0
2025-10-27 00:00:00,8.223267,7.839264,280.55847,99561.31,51.25,6.0
2025-10-27 01:00:00,9.474426,7.6167755,280.74487,99422.37,51.25,6.0
2025-10-27 02:00:00,10.542282,6.950638,281.4704,99290.805,51.25,6.0
2025-10-27 03:00:00,11.237686,5.0361786,281.87537,99228.86,51.25,6.0
2025-10-27 04:00:00,11.5516815,2.7226105,282.4135,99211.38,51.25,6.0
2025-10-27 05:00:00,11.889847,1.6116486,282.5979,99184.59,51.25,6.0
2025-10-27 06:00:00,11.9104,-0.39904785,282.25458,99208.08,51.25,6.0
2025-10-27 07:00:00,11.287918,0.20881653,282.2151,99246.25,51.25,6.0
2025-10-27 08:00:00,11.64447,0.7432709,282.52652,99282.875,51.25,6.0
2025-10-27 09:00:00,12.540451,0.98513794,282.51013,99310.375,51.25,6.0
2025-10-27 10:00:00,10.771042,-0.9083252,282.93817,99334.3,51.25,6.0
2025-10-27 11:00:00,10.965195,-1.4656525,282.54398,99383.31,51.25,6.0
2025-10-27 12:00:00,11.556473,-1.9224243,282.0835,99455.43,51.25,6.0
2025-10-27 13:00:00,10.399857,-2.5118713,282.5586,99559.97,51.25,6.0
2025-10-27 14:00:00,9.219955,-2.284546,283.0111,99679.86,51.25,6.0
2025-10-27 15:00:00,9.39209,-3.1777496,283.20056,99776.66,51.25,6.0
2025-10-27 16:00:00,9.028534,-3.032959,282.7295,99940.76,51.25,6.0
2025-10-27 17:00:00,8.893188,-1.6751099,281.6329,100069.31,51.25,6.0
2025-10-27 18:00:00,8.72081,-1.2433777,281.77924,100194.33,51.25,6.0
2025-10-27 19:00:00,8.607254,-0.72961426,281.6192,100283.555,51.25,6.0
2025-10-27 20:00:00,8.25795,0.13731384,281.44916,100336.66,51.25,6.0
2025-10-27 21:00:00,7.7690887,1.4249115,280.90887,100398.05,51.25,6.0
2025-10-27 22:00:00,7.304062,3.117691,280.80328,100414.4,51.25,6.0
2025-10-27 23:00:00,7.2786255,3.4805603,280.79028,100417.07,51.25,6.0
2025-10-28 00:00:00,7.223419,4.0417023,280.7274,100400.25,51.25,6.0
2025-10-28 01:00:00,7.1244507,4.7534943,281.42078,100372.67,51.25,6.0
2025-10-28 02:00:00,6.804474,5.3587646,281.80096,100325.94,51.25,6.0
2025-10-28 03:00:00,6.3763275,6.543442,281.94,100260.17,51.25,6.0
2025-10-28 04:00:00,6.5881653,7.7611084,282.20624,100178.8,51.25,6.0
2025-10-28 05:00:00,8.724487,7.952652,282.36633,100083.05,51.25,6.0
2025-10-28 06:00:00,11.064117,6.426697,283.79224,100028.84,51.25,6.0
2025-10-28 07:00:00,11.338272,5.513092,284.26215,100022.47,51.25,6.0
2025-10-28 08:00:00,12.243851,4.752548,284.9973,100031.445,51.25,6.0
2025-10-28 09:00:00,11.748596,4.3711853,285.21814,100055.234,51.25,6.0
2025-10-28 10:00:00,11.403275,4.5260925,285.57385,100064.68,51.25,6.0
2025-10-28 11:00:00,11.218628,4.008606,286.12817,100049.12,51.25,6.0
2025-10-28 12:00:00,12.028595,2.9131165,285.66934,100044.83,51.25,6.0
2025-10-28 13:00:00,11.5442505,2.3107605,286.40573,100042.05,51.25,6.0
2025-10-28 14:00:00,10.955505,1.7765808,286.47595,100091.375,51.25,6.0
2025-10-28 15:00:00,9.6813965,1.2696075,286.18,100124.73,51.25,6.0
2025-10-28 16:00:00,8.763443,1.3908234,285.33472,100181.96,51.25,6.0
2025-10-28 17:00:00,8.257034,1.732605,284.6656,100232.8,51.25,6.0
2025-10-28 18:00:00,8.102509,2.251892,283.79138,100295.72,51.25,6.0
2025-10-28 19:00:00,7.8033752,3.0130615,283.58423,100343.39,51.25,6.0
2025-10-28 20:00:00,7.621231,3.8530426,283.39337,100354.4,51.25,6.0
2025-10-28 21:00:00,7.6492767,4.4327393,282.89178,100390.875,51.25,6.0
2025-10-28 22:00:00,7.1030273,4.9673767,283.26544,100382.23,51.25,6.0
2025-10-28 23:00:00,6.770706,5.1703033,283.3084,100373.08,51.25,6.0
2025-10-29 00:00:00,6.5729523,5.1943054,282.98956,100383.16,51.25,6.0
2025-10-29 01:00:00,6.191818,5.1259766,282.932,100354.805,51.25,6.0
2025-10-29 02:00:00,5.8886566,5.2135773,283.70288,100324.695,51.25,6.0
2025-10-29 03:00:00,5.621155,5.725647,283.80646,100282.375,51.25,6.0
2025-10-29 04:00:00,5.472183,6.3329773,283.99002,100269.25,51.25,6.0
2025-10-29 05:00:00,4.955902,6.736511,284.07675,100242.69,51.25,6.0
2025-10-29 06:00:00,4.214218,7.1356964,284.07825,100193.39,51.25,6.0
2025-10-29 07:00:00,3.4537659,7.2968445,283.86105,100177.67,51.25,6.0
2025-10-29 08:00:00,2.8873444,6.916046,284.45648,100180.53,51.25,6.0
2025-10-29 09:00:00,2.360794,6.506363,285.31805,100141.94,51.25,6.0
2025-10-29 10:00:00,2.3841858,6.404297,285.99762,100074.31,51.25,6.0
2025-10-29 11:00:00,3.0964508,6.4869537,286.56403,100004.89,51.25,6.0
2025-10-29 12:00:00,2.8287354,6.4549713,286.89838,99912.75,51.25,6.0
2025-10-29 13:00:00,1.6723785,5.3013763,287.15704,99834.28,51.25,6.0
2025-10-29 14:00:00,0.079193115,3.9207458,287.21942,99720.08,51.25,6.0
2025-10-29 15:00:00,-0.9076843,4.249939,286.8598,99596.67,51.25,6.0
2025-10-29 16:00:00,-1.2232971,5.3328705,286.17938,99531.31,51.25,6.0
2025-10-29 17:00:00,-0.7604065,5.9385986,285.70142,99479.14,51.25,6.0
2025-10-29 18:00:00,0.092666626,6.272583,285.71313,99402.94,51.25,6.0
2025-10-29 19:00:00,1.698761,7.1303864,286.02206,99333.41,51.25,6.0
2025-10-29 20:00:00,4.694977,7.27359,285.8133,99293.92,51.25,6.0
2025-10-29 21:00:00,5.131363,6.993225,285.1536,99239.81,51.25,6.0
2025-10-29 22:00:00,2.5275726,5.95105,285.05444,99153.22,51.25,6.0
2025-10-29 23:00:00,6.1977844,4.7586975,284.85648,99133.664,51.25,6.0
2025-10-30 00:00:00,9.013748,2.4232635,284.46277,99169.56,51.25,6.0
2025-10-30 01:00:00,9.759537,1.7673798,284.15662,99265.36,51.25,6.0
2025-10-30 02:00:00,10.949097,0.71458435,283.71204,99406.27,51.25,6.0
2025-10-30 03:00:00,11.403198,-0.8270569,283.02765,99559.55,51.25,6.0
2025-10-30 04:00:00,10.351807,0.5971527,282.41556,99729.83,51.25,6.0
2025-10-30 05:00:00,9.743622,2.4919739,281.9765,99880.516,51.25,6.0
2025-10-30 06:00:00,9.2267,3.4695892,281.5325,100021.625,51.25,6.0
2025-10-30 07:00:00,8.876984,3.7516174,281.4022,100156.28,51.25,6.0
2025-10-30 08:00:00,8.409943,3.8068542,282.13177,100295.02,51.25,6.0
2025-10-30 09:00:00,7.353134,4.026657,283.00305,100402.75,51.25,6.0
2025-10-30 10:00:00,7.746155,3.3493347,284.36426,100529.16,51.25,6.0
2025-10-30 11:00:00,8.064819,2.7863007,285.1841,100578.14,51.25,6.0
2025-10-30 12:00:00,7.599884,2.6539154,285.9406,100613.09,51.25,6.0
2025-10-30 13:00:00,7.485962,3.034912,286.23108,100640.664,51.25,6.0
2025-10-30 14:00:00,6.415207,3.1036224,286.04248,100685.5,51.25,6.0
2025-10-30 15:00:00,5.5909424,2.7467346,285.5606,100727.61,51.25,6.0
2025-10-30 16:00:00,4.849182,2.6625824,284.073,100757.05,51.25,6.0
2025-10-30 17:00:00,3.3623962,3.268692,281.8708,100798.94,51.25,6.0
2025-10-30 18:00:00,1.8851013,4.3030243,281.03656,100827.58,51.25,6.0
2025-10-30 19:00:00,0.6021118,4.8071136,281.18112,100832.75,51.25,6.0
2025-10-30 20:00:00,-0.315094,5.013443,281.37067,100829.59,51.25,6.0
2025-10-30 21:00:00,-1.1308899,5.3833313,280.7727,100816.84,51.25,6.0
2025-10-30 22:00:00,-0.7315979,6.289978,280.42902,100826.58,51.25,6.0
2025-10-30 23:00:00,-0.8531952,6.7296906,280.1258,100803.12,51.25,6.0
2025-10-31 00:00:00,-0.6521759,6.8582,279.99304,100790.02,51.25,6.0
2025-10-31 01:00:00,-0.75665283,6.792816,279.08887,100784.2,51.25,6.0
2025-10-31 02:00:00,-1.0315247,6.741287,278.9187,100764.12,51.25,6.0
2025-10-31 03:00:00,-1.4542236,6.958603,279.7257,100730.0,51.25,6.0
2025-10-31 04:00:00,-2.0305176,7.2231293,279.74323,100695.39,51.25,6.0
2025-10-31 05:00:00,-1.6147919,7.262146,280.00403,100665.31,51.25,6.0
2025-10-31 06:00:00,-1.0611572,6.9886475,280.50406,100649.82,51.25,6.0
2025-10-31 07:00:00,-0.82237244,6.902176,280.80768,100639.266,51.25,6.0
2025-10-31 08:00:00,-0.89971924,7.058914,281.2692,100647.84,51.25,6.0
2025-10-31 09:00:00,-0.70040894,6.7337646,282.7965,100608.14,51.25,6.0
2025-10-31 10:00:00,-1.0041656,4.471985,284.36206,100603.64,51.25,6.0
2025-10-31 11:00:00,-0.18443298,4.5437164,285.41226,100605.555,51.25,6.0
2025-10-31 12:00:00,0.15525818,4.857788,286.28296,100561.23,51.25,6.0
2025-10-31 13:00:00,-0.4080963,4.7855988,286.62018,100528.29,51.25,6.0
2025-10-31 14:00:00,-0.6374512,5.489319,286.66403,100485.39,51.25,6.0
2025-10-31 15:00:00,-0.1850586,6.385727,286.2066,100492.91,51.25,6.0
2025-10-31 16:00:00,-0.7819824,6.6689453,286.06055,100472.83,51.25,6.0
2025-10-31 17:00:00,-0.8396759,7.3265076,285.6533,100481.45,51.25,6.0
2025-10-31 18:00:00,0.33444214,7.798065,286.1645,100518.42,51.25,6.0
2025-10-31 19:00:00,1.6567535,7.818756,286.0194,100516.05,51.25,6.0
2025-10-31 20:00:00,2.5405579,8.207626,285.75833,100519.89,51.25,6.0
2025-10-31 21:00:00,2.5961304,8.693176,285.68475,100508.59,51.25,6.0
2025-10-31 22:00:00,2.4684296,8.09668,285.40262,100502.86,51.25,6.0
2025-10-31 23:00:00,2.5018005,8.325577,285.4607,100508.945,51.25,6.0
2025-11-01 00:00:00,2.3126373,8.556839,284.6584,100469.81,51.25,6.0
2025-11-01 01:00:00,1.6221924,8.338562,285.10104,100477.016,51.25,6.0
2025-11-01 02:00:00,-0.40371704,8.608429,284.5349,100361.78,51.25,6.0
2025-11-01 03:00:00,-1.1558838,8.724014,284.95917,100334.195,51.25,6.0
2025-11-01 04:00:00,-1.8378448,8.926895,284.96857,100283.14,51.25,6.0
2025-11-01 05:00:00,-2.0701904,9.14093,285.43292,100201.734,51.25,6.0
2025-11-01 06:00:00,-1.7403107,9.421219,286.09155,100158.89,51.25,6.0
2025-11-01 07:00:00,-0.73184204,9.662872,286.3886,100129.18,51.25,6.0
2025-11-01 08:00:00,-0.15913391,9.944229,286.7895,100128.02,51.25,6.0
2025-11-01 09:00:00,1.8938751,10.423767,287.4501,100097.64,51.25,6.0
2025-11-01 10:00:00,2.685791,8.384232,287.75278,100104.45,51.25,6.0
2025-11-01 11:00:00,5.326874,8.165085,287.98798,100092.91,51.25,6.0
2025-11-01 12:00:00,7.5173035,6.969513,287.52942,100155.64,51.25,6.0
2025-11-01 13:00:00,7.6468353,5.560364,286.34467,100221.41,51.25,6.0
2025-11-01 14:00:00,7.3383636,5.1026154,285.60107,100296.484,51.25,6.0
2025-11-01 15:00:00,5.5574036,6.0526886,285.18405,100339.58,51.25,6.0
2025-11-01 16:00:00,5.015045,6.350937,285.16428,100355.29,51.25,6.0
2025-11-01 17:00:00,5.2338867,6.8059387,284.62997,100419.74,51.25,6.0
2025-11-01 18:00:00,5.3769073,6.990555,283.66702,100526.93,51.25,6.0
2025-11-01 19:00:00,5.120529,6.974045,283.83936,100561.14,51.25,6.0
2025-11-01 20:00:00,4.8151245,6.9385223,283.7174,100557.16,51.25,6.0
2025-11-01 21:00:00,4.641739,7.1803894,283.35333,100584.47,51.25,6.0
2025-11-01 22:00:00,4.743347,7.5295258,282.7452,100602.016,51.25,6.0
2025-11-01 23:00:00,4.714096,7.3318024,282.64423,100554.93,51.25,6.0
2025-11-02 00:00:00,4.399811,7.677292,283.25256,100541.59,51.25,6.0
2025-11-02 01:00:00,4.2077637,7.7831573,283.36243,100550.516,51.25,6.0
2025-11-02 02:00:00,4.8825836,7.586426,283.471,100510.95,51.25,6.0
2025-11-02 03:00:00,5.251877,6.84227,283.45563,100508.0,51.25,6.0
2025-11-02 04:00:00,5.342758,6.024872,283.46277,100503.22,51.25,6.0
2025-11-02 05:00:00,5.264633,5.5312653,283.2469,100516.766,51.25,6.0
2025-11-02 06:00:00,4.618927,5.4857025,282.99182,100531.84,51.25,6.0
2025-11-02 07:00:00,4.035797,5.332367,282.58057,100535.41,51.25,6.0
2025-11-02 08:00:00,3.867691,5.423462,283.45288,100564.61,51.25,6.0
2025-11-02 09:00:00,4.300461,5.881363,284.5157,100537.16,51.25,6.0
2025-11-02 10:00:00,2.881958,3.715271,285.52527,100507.72,51.25,6.0
2025-11-02 11:00:00,2.8994446,4.045288,286.483,100445.26,51.25,6.0
2025-11-02 12:00:00,3.2883759,5.1775208,286.90176,100450.26,51.25,6.0
2025-11-02 13:00:00,2.7273712,5.50325,287.0943,100434.56,51.25,6.0
2025-11-02 14:00:00,3.4731293,5.411621,286.6443,100399.625,51.25,6.0
2025-11-02 15:00:00,5.5643616,5.6907043,285.08258,100430.06,51.25,6.0
2025-11-02 16:00:00,5.272949,6.153076,284.09235,100455.125,51.25,6.0
2025-11-02 17:00:00,6.0536194,5.7895355,283.29666,100496.71,51.25,6.0
2025-11-02 18:00:00,7.715027,4.21402,283.30072,100590.734,51.25,6.0
2025-11-02 19:00:00,8.269608,2.665863,283.07977,100669.0,51.25,6.0
2025-11-02 20:00:00,8.112762,2.020111,282.67532,100766.42,51.25,6.0
2025-11-02 21:00:00,7.4608,2.6772614,282.07635,100855.125,51.25,6.0
2025-11-02 22:00:00,6.3987427,3.717804,281.57208,100916.06,51.25,6.0
2025-11-02 23:00:00,6.5247803,4.3183136,281.11343,100973.484,51.25,6.0
2025-11-03 00:00:00,6.481964,4.4456635,280.91925,101035.8,51.25,6.0
2025-11-03 01:00:00,6.0881805,4.7508545,280.28595,101103.2,51.25,6.0
2025-11-03 02:00:00,5.5818176,5.4994507,279.89093,101098.8,51.25,6.0
2025-11-03 03:00:00,5.3665466,5.877777,279.19775,101112.81,51.25,6.0
2025-11-03 04:00:00,6.113205,5.616913,279.57788,101187.66,51.25,6.0
2025-11-03 05:00:00,5.5791016,6.045624,279.6673,101208.66,51.25,6.0
2025-11-03 06:00:00,5.6373596,6.299362,279.365,101246.78,51.25,6.0
2025-11-03 07:00:00,5.541321,6.749527,279.349,101287.625,51.25,6.0
2025-11-03 08:00:00,5.314102,7.131302,280.59686,101334.625,51.25,6.0
2025-11-03 09:00:00,4.489258,7.1003113,282.3944,101353.72,51.25,6.0
2025-11-03 10:00:00,2.66568,7.020645,283.65268,101343.34,51.25,6.0
2025-11-03 11:00:00,2.7230225,7.59404,284.81033,101318.06,51.25,6.0
2025-11-03 12:00:00,4.747238,8.463608,285.54315,101291.05,51.25,6.0
2025-11-03 13:00:00,7.143753,8.212814,285.82785,101302.516,51.25,6.0
2025-11-03 14:00:00,6.6763306,7.6775665,285.77487,101331.16,51.25,6.0
2025-11-03 15:00:00,5.9958496,8.320496,285.1799,101335.22,51.25,6.0
2025-11-03 16:00:00,5.508713,8.3619995,284.6381,101368.75,51.25,6.0
2025-11-03 17:00:00,5.461792,8.187134,284.4881,101375.81,51.25,6.0
2025-11-03 18:00:00,5.4000854,7.8462067,284.7553,101388.71,51.25,6.0
2025-11-03 19:00:00,5.328308,7.475769,284.89923,101414.83,51.25,6.0
2025-11-03 20:00:00,5.5273743,7.4183807,285.1454,101420.75,51.25,6.0
2025-11-03 21:00:00,5.573868,7.7033844,285.3795,101442.875,51.25,6.0
2025-11-03 22:00:00,5.0136566,8.115265,285.35806,101424.16,51.25,6.0
2025-11-03 23:00:00,4.941269,7.9211273,285.4911,101429.766,51.25,6.0
2025-11-04 00:00:00,5.0168304,7.497177,285.66547,101430.94,51.25,6.0
2025-11-04 01:00:00,5.0930634,7.0960083,285.67307,101442.72,51.25,6.0
2025-11-04 02:00:00,4.985565,7.0362244,285.69373,101430.36,51.25,6.0
2025-11-04 03:00:00,4.544174,7.0186005,285.4027,101430.72,51.25,6.0
2025-11-04 04:00:00,3.9799194,6.924835,285.634,101426.06,51.25,6.0
2025-11-04 05:00:00,3.5936432,7.06958,285.7873,101437.875,51.25,6.0
2025-11-04 06:00:00,3.366211,7.415283,285.81625,101453.5,51.25,6.0
2025-11-04 07:00:00,3.1723175,7.621887,285.82263,101464.83,51.25,6.0
2025-11-04 08:00:00,2.9721985,7.4845886,286.04077,101508.766,51.25,6.0
2025-11-04 09:00:00,1.9827423,7.2824554,286.91837,101512.8,51.25,6.0
2025-11-04 10:00:00,0.9989624,6.110321,287.85098,101507.586,51.25,6.0
2025-11-04 11:00:00,0.3090515,6.305908,289.14795,101450.82,51.25,6.0
2025-11-04 12:00:00,-0.007949829,7.0722656,289.43365,101390.81,51.25,6.0
2025-11-04 13:00:00,-0.72502136,7.2561646,289.61237,101334.79,51.25,6.0
2025-11-04 14:00:00,-1.8083801,6.969208,289.3782,101257.22,51.25,6.0
2025-11-04 15:00:00,-1.8023376,7.412277,288.64563,101257.18,51.25,6.0
2025-11-04 16:00:00,-1.7407074,8.274078,287.0954,101224.25,51.25,6.0
2025-11-04 17:00:00,-1.3961182,8.907196,286.95764,101171.8,51.25,6.0
2025-11-04 18:00:00,-0.94317627,8.93988,285.9072,101145.53,51.25,6.0
2025-11-04 19:00:00,-0.36523438,8.980545,285.87897,101121.54,51.25,6.0
2025-11-04 20:00:00,0.36341858,9.209946,285.5304,101098.734,51.25,6.0
2025-11-04 21:00:00,1.9248962,9.029694,285.3067,101126.31,51.25,6.0
2025-11-04 22:00:00,2.557663,8.849701,285.46277,101129.37,51.25,6.0
2025-11-04 23:00:00,2.802658,8.273758,285.45715,101134.81,51.25,6.0
2025-11-05 00:00:00,2.657318,8.353958,285.01648,101106.914,51.25,6.0
2025-11-05 01:00:00,2.863861,7.4167023,284.64227,101098.25,51.25,6.0
2025-11-05 02:00:00,2.5208282,7.0287933,284.40137,101109.64,51.25,6.0
2025-11-05 03:00:00,2.444992,7.0616913,283.37903,101114.08,51.25,6.0
2025-11-05 04:00:00,1.4493103,7.2200317,284.0441,101112.05,51.25,6.0
2025-11-05 05:00:00,0.39476013,7.630142,283.9784,101137.34,51.25,6.0
2025-11-05 06:00:00,0.35414124,7.8515167,284.07675,101138.88,51.25,6.0
2025-11-05 07:00:00,0.08180237,7.889847,284.16266,101139.89,51.25,6.0
2025-11-05 08:00:00,-0.026870728,7.339966,284.62296,101143.36,51.25,6.0
2025-11-05 09:00:00,0.024917603,6.284683,286.30487,101135.92,51.25,6.0
2025-11-05 10:00:00,-1.5089111,3.7719269,287.6375,101126.94,51.25,6.0
2025-11-05 11:00:00,-1.425354,4.1430054,289.21594,101105.79,51.25,6.0
2025-11-05 12:00:00,-2.0096436,4.0855713,290.158,101027.55,51.25,6.0
2025-11-05 13:00:00,-2.6614685,4.2698517,290.59442,100994.836,51.25,6.0
2025-11-05 14:00:00,-3.725708,4.857071,290.39136,100957.5,51.25,6.0
2025-11-05 15:00:00,-4.270523,5.707794,289.52005,100905.86,51.25,6.0
2025-11-05 16:00:00,-4.11145,6.461975,287.11917,100884.13,51.25,6.0
2025-11-05 17:00:00,-3.1376495,6.914795,285.80804,100876.0,51.25,6.0
2025-11-05 18:00:00,-2.2988892,6.9888916,285.15515,100868.805,51.25,6.0
2025-11-05 19:00:00,-2.7245026,6.9501038,284.78253,100829.65,51.25,6.0
2025-11-05 20:00:00,-2.6739502,6.9205475,284.04272,100799.64,51.25,6.0
2025-11-05 21:00:00,-2.0619812,6.428055,283.9178,100801.16,51.25,6.0
2025-11-05 22:00:00,-1.7990875,5.8905334,282.83734,100752.375,51.25,6.0
2025-11-05 23:00:00,-2.4015656,5.545471,282.16443,100698.08,51.25,6.0
2025-11-06 00:00:00,-3.0598297,5.5603333,282.52155,100687.92,51.25,6.0
2025-11-06 01:00:00,-2.6599426,5.137726,282.08057,100686.33,51.25,6.0
2025-11-06 02:00:00,-3.3977966,4.96492,281.28412,100638.56,51.25,6.0
2025-11-06 03:00:00,-4.0611725,5.6542816,281.1588,100597.2,51.25,6.0
2025-11-06 04:00:00,-3.9881134,6.260071,280.11322,100557.484,51.25,6.0
2025-11-06 05:00:00,-3.7710724,6.4845886,280.84595,100516.36,51.25,6.0
2025-11-06 06:00:00,-3.3197937,6.386795,280.6245,100477.09,51.25,6.0
2025-11-06 07:00:00,-2.4917603,6.019043,280.6563,100496.14,51.25,6.0
2025-11-06 08:00:00,-2.0067444,5.9533386,282.13394,100516.19,51.25,6.0
2025-11-06 09:00:00,-1.7040253,5.6692657,284.12317,100503.59,51.25,6.0
2025-11-06 10:00:00,-2.5082245,3.9585724,285.86005,100447.19,51.25,6.0
2025-11-06 11:00:00,-1.8118896,4.529129,287.14838,100416.53,51.25,6.0
2025-11-06 12:00:00,-1.5133209,4.8193817,287.97226,100362.47,51.25,6.0
2025-11-06 13:00:00,-1.2122955,4.709778,288.41913,100351.72,51.25,6.0
2025-11-06 14:00:00,-1.0417023,4.7042084,288.15643,100318.77,51.25,6.0
2025-11-06 15:00:00,-1.0111542,4.8528137,287.51874,100297.414,51.25,6.0
2025-11-06 16:00:00,-0.6378784,5.3217163,285.77722,100308.39,51.25,6.0
2025-11-06 17:00:00,0.22779846,5.8285065,284.69748,100346.805,51.25,6.0
2025-11-06 18:00:00,0.70910645,6.200119,283.0838,100380.41,51.25,6.0
2025-11-06 19:00:00,1.2530365,6.450226,283.20953,100405.09,51.25,6.0
2025-11-06 20:00:00,1.9490509,6.226532,282.54626,100428.72,51.25,6.0
2025-11-06 21:00:00,2.4122925,5.8113556,282.22296,100467.31,51.25,6.0
2025-11-06 22:00:00,3.8578033,4.897934,282.1298,100462.15,51.25,6.0
2025-11-06 23:00:00,3.2215118,4.0546875,281.6452,100459.0,51.25,6.0
2025-11-07 00:00:00,2.5280151,4.0937195,281.32294,100473.266,51.25,6.0
2025-11-07 01:00:00,1.8868561,4.313736,281.0954,100478.984,51.25,6.0
2025-11-07 02:00:00,1.2089386,4.394562,280.5437,100473.164,51.25,6.0
2025-11-07 03:00:00,0.62164307,4.433563,279.89337,100447.25,51.25,6.0
2025-11-07 04:00:00,0.022720337,4.1952515,280.05267,100441.92,51.25,6.0
2025-11-07 05:00:00,-0.23249817,4.258774,279.5842,100422.734,51.25,6.0
2025-11-07 06:00:00,0.10241699,4.3143616,279.21228,100437.12,51.25,6.0
2025-11-07 07:00:00,0.17123413,4.4436035,279.24835,100481.05,51.25,6.0
2025-11-07 08:00:00,-0.09855652,4.2719574,280.64276,100501.34,51.25,6.0
2025-11-07 09:00:00,-0.2722931,3.4708252,283.44604,100522.72,51.25,6.0
2025-11-07 10:00:00,-0.012756348,2.0782928,285.94855,100532.625,51.25,6.0
2025-11-07 11:00:00,-0.22286987,1.1006317,287.68787,100499.7,51.25,6.0
2025-11-07 12:00:00,-0.8753662,0.93013,288.93738,100467.664,51.25,6.0
2025-11-07 13:00:00,-1.5545502,1.1320648,289.43234,100456.08,51.25,6.0
2025-11-07 14:00:00,-2.239914,1.6825867,289.52557,100430.625,51.25,6.0
2025-11-07 15:00:00,-2.8480377,2.5722656,288.53955,100461.516,51.25,6.0
2025-11-07 16:00:00,-3.351059,3.0733032,285.5772,100469.85,51.25,6.0
2025-11-07 17:00:00,-2.9098969,3.995514,283.69354,100510.99,51.25,6.0
2025-11-07 18:00:00,-1.7828369,4.638672,282.44974,100538.05,51.25,6.0
2025-11-07 19:00:00,-0.15893555,4.704605,281.36746,100551.375,51.25,6.0
2025-11-07 20:00:00,1.6416321,4.581253,280.88535,100598.984,51.25,6.0
2025-11-07 21:00:00,2.736847,4.3426514,279.8511,100631.23,51.25,6.0
2025-11-07 22:00:00,3.1368256,3.6061707,279.89136,100648.516,51.25,6.0
2025-11-07 23:00:00,2.9471588,3.7455444,279.63852,100645.73,51.25,6.0
2025-11-08 00:00:00,2.9293976,3.6296692,279.51175,100686.445,51.25,6.0
2025-11-08 01:00:00,2.4621124,3.416748,278.2704,100698.14,51.25,6.0
2025-11-08 02:00:00,1.8778992,3.0914307,278.80817,100694.97,51.25,6.0
2025-11-08 03:00:00,0.91641235,2.771881,278.84857,100686.15,51.25,6.0
2025-11-08 04:00:00,-0.12768555,3.2301025,278.55072,100697.016,51.25,6.0
2025-11-08 05:00:00,0.2891693,3.6317291,278.59457,100712.93,51.25,6.0
2025-11-08 06:00:00,1.0555115,3.532364,279.28754,100742.46,51.25,6.0
2025-11-08 07:00:00,1.090271,3.2946167,279.39557,100774.86,51.25,6.0
2025-11-08 08:00:00,0.95176697,3.241394,280.23218,100847.234,51.25,6.0
2025-11-08 09:00:00,1.1782074,2.63385,281.6751,100859.17,51.25,6.0
2025-11-08 10:00:00,0.48057556,1.5552063,283.7423,100883.7,51.25,6.0
2025-11-08 11:00:00,0.5723419,1.1801758,285.729,100876.34,51.25,6.0
2025-11-08 12:00:00,0.73713684,1.0585785,286.07935,100863.016,51.25,6.0
2025-11-08 13:00:00,0.7655182,0.9988861,286.6079,100856.7,51.25,6.0
2025-11-08 14:00:00,1.0023499,1.1439209,286.60315,100858.14,51.25,6.0
2025-11-08 15:00:00,1.6964722,1.4132843,286.10266,100876.58,51.25,6.0
2025-11-08 16:00:00,2.5499268,1.540741,285.1049,100887.305,51.25,6.0
2025-11-08 17:00:00,3.5895538,1.2038269,284.61755,100916.69,51.25,6.0
2025-11-08 18:00:00,4.2501373,0.6877289,284.4223,100984.84,51.25,6.0
2025-11-08 19:00:00,4.30307,0.45718384,284.53552,101014.33,51.25,6.0
2025-11-08 20:00:00,4.438965,0.43078613,284.4756,101044.0,51.25,6.0
2025-11-08 21:00:00,4.45874,0.03605652,284.29205,101051.04,51.25,6.0
2025-11-08 22:00:00,3.6654053,0.60066223,284.25885,101062.78,51.25,6.0
2025-11-08 23:00:00,3.921112,0.64442444,284.2223,101058.92,51.25,6.0
2025-11-09 00:00:00,4.6049805,0.42907715,284.14484,101056.35,51.25,6.0
2025-11-09 01:00:00,5.4941864,-0.27061462,284.34418,101078.46,51.25,6.0
2025-11-09 02:00:00,5.44989,-0.6852112,284.25333,101061.06,51.25,6.0
2025-11-09 03:00:00,5.321701,-0.62690735,284.0033,101072.6,51.25,6.0
2025-11-09 04:00:00,5.3256226,-0.6222229,283.7379,101097.664,51.25,6.0
2025-11-09 05:00:00,5.6493225,-0.39814758,283.67047,101095.19,51.25,6.0
2025-11-09 06:00:00,5.742676,-0.09240723,283.85254,101124.125,51.25,6.0
2025-11-09 07:00:00,5.9946594,0.28434753,283.81702,101176.516,51.25,6.0
2025-11-09 08:00:00,6.0117035,0.56503296,284.1185,101220.24,51.25,6.0
2025-11-09 09:00:00,6.1195984,0.5092926,284.61987,101263.66,51.25,6.0
2025-11-09 10:00:00,4.4827423,1.1063538,285.06067,101286.83,51.25,6.0
2025-11-09 11:00:00,4.830002,0.63308716,285.82428,101278.875,51.25,6.0
2025-11-09 12:00:00,4.541519,0.2230072,286.34088,101237.47,51.25,6.0
2025-11-09 13:00:00,4.318924,0.01651001,286.44196,101221.266,51.25,6.0
2025-11-09 14:00:00,4.0600586,0.31993103,286.48846,101206.31,51.25,6.0
2025-11-09 15:00:00,4.2445984,0.77970886,285.80347,101210.3,51.25,6.0
2025-11-09 16:00:00,4.805603,1.4666138,284.60876,101210.83,51.25,6.0
2025-11-09 17:00:00,5.307434,1.8512115,282.07397,101256.92,51.25,6.0
2025-11-09 18:00:00,4.929199,2.0490875,281.85153,101300.23,51.25,6.0
2025-11-09 19:00:00,4.0200195,2.6265259,281.12222,101286.7,51.25,6.0
2025-11-09 20:00:00,3.2039032,3.1986694,280.30014,101291.58,51.25,6.0
2025-11-09 21:00:00,2.5600586,4.0316467,280.09708,101256.76,51.25,6.0
2025-11-09 22:00:00,3.5477448,4.385956,279.1956,101220.0,51.25,6.0
2025-11-09 23:00:00,3.4461365,4.3385925,278.8673,101218.664,51.25,6.0
2025-11-10 00:00:00,2.9790192,4.7204742,278.02094,101196.055,51.25,6.0
2025-11-10 01:00:00,2.0780182,5.0126495,278.49426,101150.125,51.25,6.0
2025-11-10 02:00:00,1.9753723,5.006531,277.94934,101133.35,51.25,6.0
2025-11-10 03:00:00,1.9147034,4.9420624,278.2563,101113.125,51.25,6.0
2025-11-10 04:00:00,1.4909515,5.180023,278.99017,101058.36,51.25,6.0
2025-11-10 05:00:00,1.0027008,5.222229,278.66272,101014.516,51.25,6.0
2025-11-10 06:00:00,0.59628296,5.244995,279.0105,100988.516,51.25,6.0
2025-11-10 07:00:00,0.5879669,5.49292,279.3034,100967.73,51.25,6.0
2025-11-10 08:00:00,1.2602386,5.1854095,279.82727,101007.91,51.25,6.0
2025-11-10 09:00:00,0.2615204,5.5106964,280.7024,100951.234,51.25,6.0
2025-11-10 10:00:00,-1.0866852,4.292816,281.59308,100914.47,51.25,6.0
2025-11-10 11:00:00,-0.69584656,5.687546,282.73682,100835.47,51.25,6.0
2025-11-10 12:00:00,0.37141418,6.4891815,283.8805,100776.336,51.25,6.0
2025-11-10 13:00:00,1.239624,6.1170044,284.4771,100726.2,51.25,6.0
2025-11-10 14:00:00,-0.1920166,5.577606,284.4483,100645.97,51.25,6.0
2025-11-10 15:00:00,-1.4082184,5.9086304,283.90756,100586.0,51.25,6.0
2025-11-10 16:00:00,-1.7722015,6.45018,283.38843,100559.58,51.25,6.0
2025-11-10 17:00:00,-1.6855774,6.934387,283.19232,100537.445,51.25,6.0
2025-11-10 18:00:00,-0.44413757,7.5914917,283.09338,100561.41,51.25,6.0
2025-11-10 19:00:00,0.2454834,8.287903,282.97546,100500.07,51.25,6.0
2025-11-10 20:00:00,1.1022034,8.473373,282.46124,100495.55,51.25,6.0
2025-11-10 21:00:00,2.4127502,8.186066,282.45367,100477.72,51.25,6.0
2025-11-10 22:00:00,1.3683472,7.46492,282.49792,100508.195,51.25,6.0
2025-11-10 23:00:00,3.508789,7.6262054,282.6469,100498.15,51.25,6.0
2025-11-11 00:00:00,5.3190002,6.903488,282.80804,100507.58,51.25,6.0
2025-11-11 01:00:00,6.071274,5.8161926,282.71893,100526.08,51.25,6.0
2025-11-11 02:00:00,6.4624176,5.774521,282.3647,100575.234,51.25,6.0
2025-11-11 03:00:00,6.2226562,5.849472,282.48615,100590.78,51.25,6.0
2025-11-11 04:00:00,5.89476,5.898514,282.00977,100615.49,51.25,6.0
2025-11-11 05:00:00,5.527298,5.821457,282.23877,100656.16,51.25,6.0
2025-11-11 06:00:00,5.0407715,5.5743866,282.20526,100673.83,51.25,6.0
2025-11-11 07:00:00,5.0373077,5.5653534,281.99817,100761.85,51.25,6.0
2025-11-11 08:00:00,4.455673,5.737915,282.43695,100822.75,51.25,6.0
2025-11-11 09:00:00,4.984314,6.6970825,283.46295,100861.28,51.25,6.0
2025-11-11 10:00:00,4.735962,5.9305267,284.78766,100874.28,51.25,6.0
2025-11-11 11:00:00,4.91333,6.230057,285.45618,100871.46,51.25,6.0
2025-11-11 12:00:00,4.187668,6.5950317,285.98532,100834.47,51.25,6.0
2025-11-11 13:00:00,3.8718414,6.669235,286.24045,100837.016,51.25,6.0
2025-11-11 14:00:00,3.8105927,6.3063507,286.3067,100845.22,51.25,6.0
2025-11-11 15:00:00,3.7233582,5.6199646,285.5868,100883.66,51.25,6.0
2025-11-11 16:00:00,2.6306763,5.4219513,284.47406,100890.375,51.25,6.0
2025-11-11 17:00:00,0.85446167,6.4299316,282.8446,100851.55,51.25,6.0
2025-11-11 18:00:00,-1.1337128,7.1844177,283.18713,100774.0,51.25,6.0
2025-11-11 19:00:00,-1.0354004,7.403244,283.16467,100781.19,51.25,6.0
2025-11-11 20:00:00,0.25405884,7.366287,282.43866,100830.93,51.25,6.0
2025-11-11 21:00:00,0.0010528564,7.941269,282.81982,100782.33,51.25,6.0
2025-11-11 22:00:00,0.045043945,8.630341,282.71448,100789.5,51.25,6.0
2025-11-11 23:00:00,0.6150665,8.40065,283.60117,100700.27,51.25,6.0
2025-11-12 00:00:00,1.0359955,8.298904,283.90167,100749.484,51.25,6.0
2025-11-12 01:00:00,-0.47224426,8.494705,283.94788,100693.555,51.25,6.0
2025-11-12 02:00:00,-0.50912476,8.429428,283.6535,100630.195,51.25,6.0
2025-11-12 03:00:00,0.38952637,8.447968,283.50677,100666.36,51.25,6.0
2025-11-12 04:00:00,0.20419312,8.573288,282.79175,100672.625,51.25,6.0
2025-11-12 05:00:00,0.15286255,8.647034,283.26373,100604.58,51.25,6.0
2025-11-12 06:00:00,0.093185425,8.875961,283.04474,100611.734,51.25,6.0
2025-11-12 07:00:00,0.58218384,8.775879,282.63596,100568.11,51.25,6.0
2025-11-12 08:00:00,1.943634,8.111023,283.21362,100621.94,51.25,6.0
2025-11-12 09:00:00,1.6997986,7.536789,284.94678,100620.586,51.25,6.0
2025-11-12 10:00:00,0.72052,5.9009705,286.60034,100638.805,51.25,6.0
2025-11-12 11:00:00,0.71069336,5.9044647,288.02142,100611.555,51.25,6.0
2025-11-12 12:00:00,0.65304565,5.9953613,288.58594,100561.4,51.25,6.0
2025-11-12 13:00:00,0.41610718,6.4414215,288.6895,100509.17,51.25,6.0
2025-11-12 14:00:00,1.3761902,7.467865,288.12936,100465.04,51.25,6.0
2025-11-12 15:00:00,1.216156,7.7800903,287.36755,100470.56,51.25,6.0
2025-11-12 16:00:00,0.8707886,8.047455,285.76422,100460.516,51.25,6.0
2025-11-12 17:00:00,0.44210815,8.502014,285.70575,100472.54,51.25,6.0
2025-11-12 18:00:00,0.31236267,8.561752,284.4583,100461.39,51.25,6.0
2025-11-12 19:00:00,0.93629456,8.4926605,284.7286,100424.53,51.25,6.0
2025-11-12 20:00:00,2.0043488,8.617203,285.07043,100440.29,51.25,6.0
2025-11-12 21:00:00,2.2309875,8.660141,285.2229,100397.16,51.25,6.0
2025-11-12 22:00:00,2.108017,8.994278,285.4497,100361.58,51.25,6.0
2025-11-12 23:00:00,2.854416,9.048904,286.0218,100341.484,51.25,6.0
2025-11-13 00:00:00,3.7077637,8.898529,285.96548,100297.78,51.25,6.0
2025-11-13 01:00:00,4.4884033,8.89949,287.06476,100315.98,51.25,6.0
2025-11-13 02:00:00,4.7768555,8.902924,286.57587,100289.25,51.25,6.0
2025-11-13 03:00:00,4.9173126,9.094955,286.84885,100270.43,51.25,6.0
2025-11-13 04:00:00,5.380829,9.163849,286.86127,100302.67,51.25,6.0
2025-11-13 05:00:00,5.8158417,8.965286,287.70154,100326.3,51.25,6.0
2025-11-13 06:00:00,5.7724915,8.657745,287.81985,100345.45,51.25,6.0
2025-11-13 07:00:00,5.1218567,8.827988,287.62714,100365.63,51.25,6.0
2025-11-13 08:00:00,5.798279,8.460861,287.82446,100463.766,51.25,6.0
2025-11-13 09:00:00,6.20282,7.7843018,288.27777,100528.72,51.25,6.0
2025-11-13 10:00:00,4.7242584,5.7619934,288.92087,100595.47,51.25,6.0
2025-11-13 11:00:00,4.833786,5.2252197,289.63235,100584.28,51.25,6.0
2025-11-13 12:00:00,5.26886,4.885376,290.124,100579.47,51.25,6.0
2025-11-13 13:00:00,5.1787415,4.685608,290.18533,100591.36,51.25,6.0
2025-11-13 14:00:00,4.8766785,4.1063232,289.87225,100557.95,51.25,6.0
2025-11-13 15:00:00,4.8363647,3.9700165,288.83527,100612.87,51.25,6.0
2025-11-13 16:00:00,4.3903656,3.4407196,288.28857,100618.6,51.25,6.0
2025-11-13 17:00:00,3.8191376,3.0611572,287.31616,100651.2,51.25,6.0
2025-11-13 18:00:00,2.6012115,2.9377441,286.2851,100649.25,51.25,6.0
2025-11-13 19:00:00,1.0289307,2.2914124,285.13034,100603.555,51.25,6.0
2025-11-13 20:00:00,-1.1783752,2.037033,285.44995,100584.23,51.25,6.0
2025-11-13 21:00:00,-2.6435394,3.207306,285.76355,100520.836,51.25,6.0
2025-11-13 22:00:00,-1.0661469,3.328125,285.93066,100539.64,51.25,6.0
2025-11-13 23:00:00,-1.9568634,3.3807373,285.9638,100440.17,51.25,6.0
2025-11-14 00:00:00,-2.9024506,4.8883667,285.9682,100406.336,51.25,6.0
2025-11-14 01:00:00,-2.0605316,4.095093,285.87744,100335.625,51.25,6.0
2025-11-14 02:00:00,-1.9041138,3.5823212,285.34094,100279.11,51.25,6.0
2025-11-14 03:00:00,-1.1355286,4.085205,285.21674,100260.06,51.25,6.0
2025-11-14 04:00:00,-1.3006897,5.36734,285.73022,100188.14,51.25,6.0
2025-11-14 05:00:00,-1.1388397,6.3166504,285.5771,100093.8,51.25,6.0
2025-11-14 06:00:00,0.7752228,6.7556458,285.83276,100055.58,51.25,6.0
2025-11-14 07:00:00,2.5894165,6.198395,286.00818,100063.03,51.25,6.0
2025-11-14 08:00:00,3.4283295,6.081833,286.52765,100079.78,51.25,6.0
2025-11-14 09:00:00,3.2101135,6.0274353,287.30975,100061.45,51.25,6.0
2025-11-14 10:00:00,3.9732208,4.910904,288.3039,100123.7,51.25,6.0
2025-11-14 11:00:00,3.916397,2.7142181,288.18347,100065.875,51.25,6.0
2025-11-14 12:00:00,2.2360382,5.140732,288.25714,100070.06,51.25,6.0
2025-11-14 13:00:00,1.9967346,5.0539703,288.78644,100088.18,51.25,6.0
2025-11-14 14:00:00,1.6860962,4.3932037,288.41345,100033.5,51.25,6.0
2025-11-14 15:00:00,0.8957672,4.208908,288.40582,100055.39,51.25,6.0
2025-11-14 16:00:00,-0.8051605,4.572113,287.3114,100039.766,51.25,6.0
2025-11-14 17:00:00,-1.7635803,4.7836304,287.0462,100058.86,51.25,6.0
2025-11-14 18:00:00,-1.8613281,4.80159,286.62335,100102.0,51.25,6.0
2025-11-14 19:00:00,-2.5106964,4.9850616,286.18582,100059.41,51.25,6.0
2025-11-14 20:00:00,-1.638092,5.2104797,286.40085,100072.22,51.25,6.0
2025-11-14 21:00:00,-0.1542511,4.6088104,286.3662,100114.76,51.25,6.0
2025-11-14 22:00:00,0.75990295,4.8242493,286.04575,100132.3,51.25,6.0
2025-11-14 23:00:00,1.5340576,4.781616,286.33386,100173.17,51.25,6.0
2025-11-15 00:00:00,1.8767242,3.931488,285.80814,100200.97,51.25,6.0
2025-11-15 01:00:00,1.1354675,2.799057,285.42438,100237.11,51.25,6.0
2025-11-15 02:00:00,-0.26792908,2.6373749,285.2541,100217.84,51.25,6.0
2025-11-15 03:00:00,-0.90089417,2.9837494,284.92865,100232.22,51.25,6.0
2025-11-15 04:00:00,-0.3001709,2.7962036,284.93265,100233.65,51.25,6.0
2025-11-15 05:00:00,0.9104004,2.0063477,285.15536,100249.67,51.25,6.0
2025-11-15 06:00:00,1.4721222,0.7299957,285.1942,100272.625,51.25,6.0
2025-11-15 07:00:00,1.1765137,0.10412598,285.16223,100334.7,51.25,6.0
2025-11-15 08:00:00,0.020217896,-0.04295349,285.74225,100361.22,51.25,6.0
2025-11-15 09:00:00,-1.0503387,0.14581299,285.86853,100345.79,51.25,6.0
2025-11-15 10:00:00,-1.8049164,-1.0276642,285.5307,100401.25,51.25,6.0
2025-11-15 11:00:00,-1.431839,-1.259201,285.71967,100373.64,51.25,6.0
2025-11-15 12:00:00,-1.707428,-1.907898,286.05743,100351.39,51.25,6.0
2025-11-15 13:00:00,-1.8451843,-1.7748566,286.17108,100344.984,51.25,6.0
2025-11-15 14:00:00,-2.0773315,-1.1187897,286.16608,100334.56,51.25,6.0
2025-11-15 15:00:00,-2.0964355,-1.6107178,285.77625,100284.78,51.25,6.0
2025-11-15 16:00:00,-2.0077362,-2.0502167,285.2923,100245.45,51.25,6.0
2025-11-15 17:00:00,-2.1304932,-1.3242035,284.9742,100293.0,51.25,6.0
2025-11-15 18:00:00,-1.8840332,-1.7663116,284.77716,100318.97,51.25,6.0
2025-11-15 19:00:00,-1.5301514,-2.8312683,284.60303,100301.66,51.25,6.0
2025-11-15 20:00:00,-1.6651611,-3.2467194,284.6026,100293.266,51.25,6.0
2025-11-15 21:00:00,-1.5923309,-3.2637787,284.31952,100269.94,51.25,6.0
2025-11-15 22:00:00,-1.7217865,-1.5237427,282.91626,100232.555,51.25,6.0
2025-11-15 23:00:00,-0.60406494,-1.5525665,282.7406,100218.48,51.25,6.0
2025-11-16 00:00:00,0.4888153,-1.735611,282.6222,100224.26,51.25,6.0
2025-11-16 01:00:00,0.81022644,-2.3656616,282.48834,100219.79,51.25,6.0
2025-11-16 02:00:00,0.65374756,-2.823639,282.34277,100194.516,51.25,6.0
2025-11-16 03:00:00,0.28996277,-2.9390564,282.09784,100181.016,51.25,6.0
2025-11-16 04:00:00,-0.06329346,-2.3782043,281.9247,100194.984,51.25,6.0
2025-11-16 05:00:00,0.066848755,-1.7613678,281.78052,100189.64,51.25,6.0
2025-11-16 06:00:00,0.24331665,-1.7624512,281.6214,100206.44,51.25,6.0
2025-11-16 07:00:00,0.6465149,-2.580017,281.46634,100214.016,51.25,6.0
2025-11-16 08:00:00,0.520401,-3.3942566,281.1687,100248.34,51.25,6.0
2025-11-16 09:00:00,0.15689087,-3.6729279,281.00616,100253.25,51.25,6.0
2025-11-16 10:00:00,-0.3726654,-3.7294006,280.27228,100291.63,51.25,6.0
2025-11-16 11:00:00,-0.046798706,-3.757904,280.15186,100270.84,51.25,6.0
2025-11-16 12:00:00,0.03767395,-3.495407,279.88452,100234.76,51.25,6.0
2025-11-16 13:00:00,0.659317,-4.103348,279.75183,100260.27,51.25,6.0
2025-11-16 14:00:00,0.39328003,-4.9809265,279.65094,100281.28,51.25,6.0
2025-11-16 15:00:00,-0.20503235,-4.994446,279.6308,100317.03,51.25,6.0
2025-11-16 16:00:00,-0.3894043,-5.1972046,279.64642,100368.734,51.25,6.0
2025-11-16 17:00:00,-0.62757874,-5.168991,279.56305,100413.32,51.25,6.0
2025-11-16 18:00:00,-0.74606323,-5.714737,279.438,100450.664,51.25,6.0
2025-11-16 19:00:00,-0.64668274,-5.526932,279.21478,100482.05,51.25,6.0
2025-11-16 20:00:00,-0.10676575,-5.2274323,278.65106,100534.586,51.25,6.0
2025-11-16 21:00:00,0.37677002,-5.6670227,277.7384,100556.664,51.25,6.0
2025-11-16 22:00:00,0.43663025,-5.37204,276.35504,100555.414,51.25,6.0
2025-11-16 23:00:00,1.2939606,-3.9552307,275.64423,100540.32,51.25,6.0
2025-11-17 00:00:00,2.8113708,-2.997696,274.30658,100535.305,51.25,6.0
2025-11-17 01:00:00,4.3495483,-2.4140167,274.29376,100535.22,51.25,6.0
2025-11-17 02:00:00,5.507248,-1.6013336,274.4089,100506.58,51.25,6.0
2025-11-17 03:00:00,6.28862,-1.2372742,275.36234,100478.695,51.25,6.0
2025-11-17 04:00:00,6.5838623,-2.347992,275.9826,100465.97,51.25,6.0
2025-11-17 05:00:00,5.8072357,-3.3856049,276.76715,100460.59,51.25,6.0
2025-11-17 06:00:00,5.2044373,-4.3315887,277.40002,100486.24,51.25,6.0
2025-11-17 07:00:00,5.1061707,-4.7360535,277.7085,100541.95,51.25,6.0
2025-11-17 08:00:00,4.989853,-5.519745,278.1045,100621.625,51.25,6.0
2025-11-17 09:00:00,4.52829,-5.8516083,278.58112,100679.375,51.25,6.0
2025-11-17 10:00:00,4.0127563,-6.5250397,279.14166,100756.64,51.25,6.0
2025-11-17 11:00:00,4.022217,-6.5579987,278.86047,100845.9,51.25,6.0
2025-11-17 12:00:00,3.9405975,-5.4573364,279.77014,100876.61,51.25,6.0
2025-11-17 13:00:00,4.7268524,-6.4544525,280.07773,100962.09,51.25,6.0
2025-11-17 14:00:00,4.4878845,-6.790924,279.41028,101059.58,51.25,6.0
2025-11-17 15:00:00,3.6635132,-6.718994,278.92603,101165.56,51.25,6.0
2025-11-17 16:00:00,3.2686462,-6.267395,277.73193,101268.06,51.25,6.0
2025-11-17 17:00:00,3.4537659,-5.73555,276.71844,101390.555,51.25,6.0
2025-11-17 18:00:00,4.0007935,-4.9517517,275.80402,101495.55,51.25,6.0
2025-11-17 19:00:00,4.4570007,-4.070877,275.3476,101572.46,51.25,6.0
2025-11-17 20:00:00,4.88797,-3.2741547,274.75824,101618.01,51.25,6.0
2025-11-17 21:00:00,5.2203674,-2.7934723,273.693,101613.58,51.25,6.0
2025-11-17 22:00:00,5.1757812,-1.9003601,273.4355,101655.805,51.25,6.0
2025-11-17 23:00:00,5.481247,-0.710495,273.85822,101684.9,51.25,6.0
2025-11-18 00:00:00,5.6579437,0.6231079,273.78656,101694.84,51.25,6.0
2025-11-18 01:00:00,5.880539,1.5537109,274.2268,101676.69,51.25,6.0
2025-11-18 02:00:00,6.222336,1.7915497,274.5735,101652.95,51.25,6.0
2025-11-18 03:00:00,6.518982,1.836029,274.7259,101623.08,51.25,6.0
2025-11-18 04:00:00,6.5195312,1.9912872,274.94934,101594.36,51.25,6.0
2025-11-18 05:00:00,6.281784,2.2919922,274.7115,101544.42,51.25,6.0
2025-11-18 06:00:00,6.0568542,2.8032074,275.1734,101526.08,51.25,6.0
2025-11-18 07:00:00,5.8961487,3.5882263,274.9818,101503.375,51.25,6.0
2025-11-18 08:00:00,5.5484924,4.3139343,275.51056,101501.34,51.25,6.0
2025-11-18 09:00:00,5.7052155,4.826584,276.41064,101462.55,51.25,6.0
2025-11-18 10:00:00,4.8833466,4.9448395,277.1046,101425.53,51.25,6.0
2025-11-18 11:00:00,5.620636,4.6524963,277.90228,101339.17,51.25,6.0
2025-11-18 12:00:00,5.715088,4.066925,278.76398,101259.266,51.25,6.0
2025-11-18 13:00:00,5.178726,4.0678406,278.83563,101166.75,51.25,6.0
2025-11-18 14:00:00,5.783661,4.076584,278.58588,101060.484,51.25,6.0
2025-11-18 15:00:00,6.717926,4.523178,278.1043,101014.05,51.25,6.0
2025-11-18 16:00:00,6.849121,4.2371674,277.75092,100942.625,51.25,6.0
2025-11-18 17:00:00,6.657501,4.519943,277.37634,100909.68,51.25,6.0
2025-11-18 18:00:00,6.3141327,4.952896,276.8537,100846.83,51.25,6.0
2025-11-18 19:00:00,5.685501,5.471298,276.75433,100798.16,51.25,6.0
2025-11-18 20:00:00,5.1420593,5.952194,276.52206,100739.45,51.25,6.0
2025-11-18 21:00:00,4.90654,6.3009796,276.515,100684.91,51.25,6.0
2025-11-18 22:00:00,4.3697205,6.272583,276.85077,100599.86,51.25,6.0
2025-11-18 23:00:00,4.5336,7.1279144,277.36865,100498.664,51.25,6.0
2025-11-19 00:00:00,5.0529327,6.9895782,277.844,100445.64,51.25,6.0
2025-11-19 01:00:00,4.8687744,7.0173035,277.82184,100343.89,51.25,6.0
2025-11-19 02:00:00,4.5234985,7.4652557,278.12866,100275.99,51.25,6.0
2025-11-19 03:00:00,4.6162415,7.7265625,278.17273,100177.41,51.25,6.0
2025-11-19 04:00:00,4.7384033,7.750763,278.08676,100082.11,51.25,6.0
2025-11-19 05:00:00,4.5391846,7.9553833,278.07837,100021.79,51.25,6.0
2025-11-19 06:00:00,4.392975,7.8477325,278.15366,99947.61,51.25,6.0
2025-11-19 07:00:00,4.482712,7.461792,278.00677,99902.8,51.25,6.0
2025-11-19 08:00:00,4.7750854,7.0913544,278.34247,99879.28,51.25,6.0
2025-11-19 09:00:00,5.47377,7.690567,278.7146,99836.26,51.25,6.0
2025-11-19 10:00:00,2.0824738,5.431778,278.461,99815.41,51.25,6.0
2025-11-19 11:00:00,2.0141754,6.908325,278.1931,99761.09,51.25,6.0
2025-11-19 12:00:00,2.384491,6.9538116,278.11893,99674.86,51.25,6.0
2025-11-19 13:00:00,3.1912384,6.597046,278.09766,99642.94,51.25,6.0
2025-11-19 14:00:00,3.60083,6.0463104,278.19962,99541.68,51.25,6.0
2025-11-19 15:00:00,3.3493652,4.8795013,278.38657,99517.055,51.25,6.0
2025-11-19 16:00:00,3.4826355,2.3229523,277.87067,99501.78,51.25,6.0
2025-11-19 17:00:00,3.2516785,-0.34783936,277.40027,99505.83,51.25,6.0
2025-11-19 18:00:00,2.7719116,-2.8628082,277.0458,99534.19,51.25,6.0
2025-11-19 19:00:00,2.8491974,-5.0631714,276.6659,99572.66,51.25,6.0
2025-11-19 20:00:00,2.8880615,-6.6320343,276.4535,99606.59,51.25,6.0
2025-11-19 21:00:00,2.7424927,-6.918045,276.4273,99643.78,51.25,6.0
2025-11-19 22:00:00,1.5072327,-7.9387817,276.19193,99681.08,51.25,6.0
2025-11-19 23:00:00,1.9776306,-7.537491,276.2545,99764.2,51.25,6.0
2025-11-20 00:00:00,2.2628632,-5.819107,276.1875,99815.28,51.25,6.0
2025-11-20 01:00:00,3.5652618,-5.022888,275.9677,99888.95,51.25,6.0
2025-11-20 02:00:00,4.2639313,-4.347885,275.62543,99961.55,51.25,6.0
2025-11-20 03:00:00,5.2202606,-3.4988403,275.30896,100035.7,51.25,6.0
2025-11-20 04:00:00,5.556488,-2.6871338,274.92896,100079.65,51.25,6.0
2025-11-20 05:00:00,5.480896,-1.7704163,274.6029,100140.836,51.25,6.0
2025-11-20 06:00:00,5.3905945,-1.3468018,274.02014,100198.41,51.25,6.0
2025-11-20 07:00:00,5.0920258,-0.9997101,273.43616,100271.45,51.25,6.0
2025-11-20 08:00:00,4.5668335,-0.34106445,273.90912,100357.78,51.25,6.0
2025-11-20 09:00:00,3.449707,0.37731934,274.9515,100399.7,51.25,6.0
2025-11-20 10:00:00,3.0528717,1.8381958,275.8888,100500.01,51.25,6.0
2025-11-20 11:00:00,3.0096588,2.473053,276.5165,100505.766,51.25,6.0
2025-11-20 12:00:00,2.6036835,2.7177887,276.63895,100503.89,51.25,6.0
2025-11-20 13:00:00,2.3540955,2.5841217,276.2807,100521.64,51.25,6.0
2025-11-20 14:00:00,2.0109863,3.3594666,276.16852,100524.484,51.25,6.0
2025-11-20 15:00:00,2.15596,3.2087402,276.16296,100576.164,51.25,6.0
2025-11-20 16:00:00,2.6615143,2.279419,275.2868,100626.39,51.25,6.0
2025-11-20 17:00:00,2.2395935,1.9440613,274.524,100663.56,51.25,6.0
2025-11-20 18:00:00,2.2323456,2.4094696,274.41147,100718.25,51.25,6.0
2025-11-20 19:00:00,2.3595276,2.8412018,273.95996,100783.07,51.25,6.0
2025-11-20 20:00:00,1.9931488,2.9688416,273.83264,100837.52,51.25,6.0
2025-11-20 21:00:00,1.5321655,2.769226,274.11475,100864.69,51.25,6.0
2025-11-20 22:00:00,0.76971436,2.5638885,275.5099,100899.08,51.25,6.0
2025-11-20 23:00:00,0.7570343,2.1582336,275.724,100933.5,51.25,6.0
2025-11-21 00:00:00,-0.25263977,1.510315,275.8546,101042.67,51.25,6.0
2025-11-21 01:00:00,-1.4259644,0.7817993,275.72272,100978.125,51.25,6.0
2025-11-21 02:00:00,-2.0813751,0.2338562,275.93402,101124.45,51.25,6.0
2025-11-21 03:00:00,-2.5931396,-0.07633972,275.65503,101126.1,51.25,6.0
2025-11-21 04:00:00,-3.0338745,-1.0016937,275.36896,101236.61,51.25,6.0
2025-11-21 05:00:00,-3.4722443,-1.9684296,274.91937,101357.914,51.25,6.0
2025-11-21 06:00:00,-4.1395264,-1.9998779,274.14233,101435.23,51.25,6.0
2025-11-21 07:00:00,-4.2702484,-0.88046265,273.7561,101549.055,51.25,6.0
2025-11-21 08:00:00,-3.7627563,-0.356781,273.50653,101614.24,51.25,6.0
2025-11-21 09:00:00,-2.335495,-1.4199829,274.48956,101733.41,51.25,6.0
2025-11-21 10:00:00,-1.6556244,-2.3911438,275.62073,101824.125,51.25,6.0
2025-11-21 11:00:00,-1.0026855,-2.223297,276.84528,101870.805,51.25,6.0
2025-11-21 12:00:00,-0.49804688,-2.3681183,277.58337,101901.09,51.25,6.0
2025-11-21 13:00:00,-0.2086792,-2.8133545,277.96576,101917.11,51.25,6.0
2025-11-21 14:00:00,-0.2131195,-3.134552,277.8415,101945.97,51.25,6.0
2025-11-21 15:00:00,-0.054107666,-3.1206055,276.53296,101993.44,51.25,6.0
2025-11-21 16:00:00,0.17970276,-3.3226776,274.7552,102064.2,51.25,6.0
2025-11-21 17:00:00,0.15615845,-3.0816956,274.8468,102127.46,51.25,6.0
2025-11-21 18:00:00,0.24673462,-2.4837646,273.92444,102181.41,51.25,6.0
2025-11-21 19:00:00,0.5579376,-1.4535675,273.47998,102236.09,51.25,6.0
2025-11-21 20:00:00,1.0053253,-0.42318726,269.9511,102278.39,51.25,6.0
2025-11-21 21:00:00,1.5565186,0.70606995,271.07935,102309.03,51.25,6.0
2025-11-21 22:00:00,2.293335,3.229309,271.04102,102309.836,51.25,6.0
2025-11-21 23:00:00,3.3490448,3.6600494,271.67578,102317.484,51.25,6.0
2025-11-22 00:00:00,3.643921,3.6915588,271.56183,102293.305,51.25,6.0
2025-11-22 01:00:00,3.6967316,3.6948853,272.07562,102285.23,51.25,6.0
2025-11-22 02:00:00,3.6906586,3.6722565,272.00104,102276.99,51.25,6.0
2025-11-22 03:00:00,3.7872925,3.668518,271.88275,102257.53,51.25,6.0
2025-11-22 04:00:00,3.7060242,3.8298187,271.54697,102244.14,51.25,6.0
2025-11-22 05:00:00,3.490097,4.2888794,271.464,102227.26,51.25,6.0
2025-11-22 06:00:00,3.3972168,4.848007,271.5832,102240.914,51.25,6.0
2025-11-22 07:00:00,3.3243866,5.013275,271.368,102240.44,51.25,6.0
2025-11-22 08:00:00,3.1572723,5.186615,271.79565,102264.6,51.25,6.0
2025-11-22 09:00:00,2.6931915,5.5785065,273.0456,102213.26,51.25,6.0
2025-11-22 10:00:00,2.405243,4.7982483,274.2798,102182.18,51.25,6.0
2025-11-22 11:00:00,2.7326813,4.822571,275.2918,102129.8,51.25,6.0
2025-11-22 12:00:00,2.3667908,5.051712,275.9997,102043.625,51.25,6.0
2025-11-22 13:00:00,1.7173004,5.583084,276.46805,101981.66,51.25,6.0
2025-11-22 14:00:00,1.4016113,6.75795,276.51147,101896.98,51.25,6.0
2025-11-22 15:00:00,1.314209,7.3938293,275.84482,101818.08,51.25,6.0
2025-11-22 16:00:00,1.594162,7.8909454,274.70056,101764.12,51.25,6.0
2025-11-22 17:00:00,1.7032623,8.361191,273.91083,101700.22,51.25,6.0
2025-11-22 18:00:00,1.7505035,8.493546,273.78864,101655.21,51.25,6.0
2025-11-22 19:00:00,1.7332001,8.430954,273.55957,101606.97,51.25,6.0
2025-11-22 20:00:00,1.6357422,8.311203,273.36005,101548.83,51.25,6.0
2025-11-22 21:00:00,1.6067505,8.073578,273.1901,101477.414,51.25,6.0
2025-11-22 22:00:00,2.4735413,8.422302,272.4323,101388.79,51.25,6.0
2025-11-22 23:00:00,1.8048401,8.773499,273.11203,101323.66,51.25,6.0
2025-11-23 00:00:00,1.5489655,8.938477,272.9734,101273.95,51.25,6.0
2025-11-23 01:00:00,0.87080383,9.051285,272.93036,101191.97,51.25,6.0
2025-11-23 02:00:00,0.65234375,8.909164,272.437,101098.13,51.25,6.0
2025-11-23 03:00:00,0.5694275,8.739502,273.10046,101008.625,51.25,6.0
2025-11-23 04:00:00,1.0446167,8.635544,273.2411,100954.67,51.25,6.0
2025-11-23 05:00:00,1.2321777,8.877701,273.24152,100873.42,51.25,6.0
2025-11-23 06:00:00,0.59580994,9.047134,273.1954,100799.92,51.25,6.0
2025-11-23 07:00:00,-0.2657013,9.762344,273.6487,100703.2,51.25,6.0
2025-11-23 08:00:00,-0.16592407,9.815109,273.8667,100618.58,51.25,6.0
2025-11-23 09:00:00,0.5938721,9.707504,274.5886,100518.69,51.25,6.0
2025-11-23 10:00:00,-1.198822,7.054077,275.95007,100379.31,51.25,6.0
2025-11-23 11:00:00,-1.5134125,8.499176,276.85803,100246.92,51.25,6.0
2025-11-23 12:00:00,-0.30065918,9.475006,277.26556,100070.695,51.25,6.0
2025-11-23 13:00:00,-0.50964355,9.948822,276.42242,99899.41,51.25,6.0
2025-11-23 14:00:00,-0.024734497,10.184738,276.09323,99724.89,51.25,6.0
2025-11-23 15:00:00,2.2861786,10.44194,275.61835,99628.37,51.25,6.0
2025-11-23 16:00:00,4.046936,10.412064,275.65237,99534.56,51.25,6.0
2025-11-23 17:00:00,5.6257477,9.748001,276.05316,99464.05,51.25,6.0
2025-11-23 18:00:00,6.4657288,8.6588745,276.5733,99436.78,51.25,6.0
2025-11-23 19:00:00,6.5010986,7.693329,277.00525,99413.516,51.25,6.0
2025-11-23 20:00:00,6.2300262,7.063751,277.38043,99395.25,51.25,6.0
2025-11-23 21:00:00,6.039856,6.4776306,277.67126,99348.3,51.25,6.0
2025-11-23 22:00:00,4.3094025,6.2400208,277.89435,99306.9,51.25,6.0
2025-11-23 23:00:00,4.4765778,6.5394897,277.6693,99270.516,51.25,6.0
2025-11-24 00:00:00,4.7884827,6.41597,277.9173,99247.85,51.25,6.0
2025-11-24 01:00:00,5.039444,6.350174,278.12418,99251.09,51.25,6.0
2025-11-24 02:00:00,5.092758,6.376877,278.30768,99198.195,51.25,6.0
2025-11-24 03:00:00,4.852585,6.5147552,278.37402,99171.28,51.25,6.0
2025-11-24 04:00:00,4.5267487,6.673218,278.07904,99120.67,51.25,6.0
2025-11-24 05:00:00,4.2104187,6.9450836,277.97913,99094.42,51.25,6.0
2025-11-24 06:00:00,3.5704193,6.9936523,278.00366,99041.016,51.25,6.0
2025-11-24 07:00:00,3.5188904,6.9769135,278.28644,99023.8,51.25,6.0
2025-11-24 08:00:00,3.4170532,6.719864,278.3838,99024.52,51.25,6.0
2025-11-24 09:00:00,3.394455,6.3916473,279.39374,98991.984,51.25,6.0
2025-11-24 10:00:00,4.199173,5.8244476,280.2074,98963.45,51.25,6.0
2025-11-24 11:00:00,4.4838104,5.3281097,280.66663,98908.91,51.25,6.0
2025-11-24 12:00:00,3.7516327,5.2407684,280.65753,98871.33,51.25,6.0
2025-11-24 13:00:00,3.1653748,4.96019,280.5461,98856.49,51.25,6.0
2025-11-24 14:00:00,3.8075562,4.5681763,280.4016,98855.02,51.25,6.0
2025-11-24 15:00:00,3.874054,4.6616516,280.16797,98850.68,51.25,6.0
2025-11-24 16:00:00,2.1831055,4.227524,279.58832,98876.58,51.25,6.0
2025-11-24 17:00:00,1.4755554,4.75029,278.7248,98912.83,51.25,6.0
2025-11-24 18:00:00,1.3724823,5.0972137,278.552,98957.84,51.25,6.0
2025-11-24 19:00:00,1.1889191,4.953369,278.0963,98977.836,51.25,6.0
2025-11-24 20:00:00,0.6527405,4.446808,278.33167,99030.14,51.25,6.0
2025-11-24 21:00:00,-0.10270691,4.2479553,278.14563,99033.36,51.25,6.0
2025-11-24 22:00:00,-1.4896545,2.8922577,278.86005,99035.05,51.25,6.0
2025-11-24 23:00:00,-2.2789307,1.9781342,278.74652,99075.05,51.25,6.0
2025-11-25 00:00:00,-2.0673676,0.7997589,279.01123,99107.62,51.25,6.0
2025-11-25 01:00:00,-1.6970215,-0.19544983,278.81433,99138.58,51.25,6.0
2025-11-25 02:00:00,-0.7509155,-0.8553009,278.36584,99181.516,51.25,6.0
2025-11-25 03:00:00,-0.07237244,-2.1792297,278.2182,99242.766,51.25,6.0
2025-11-25 04:00:00,0.5946655,-3.1547089,277.99432,99301.26,51.25,6.0
2025-11-25 05:00:00,0.9485321,-3.969101,278.00293,99366.45,51.25,6.0
2025-11-25 06:00:00,0.875824,-4.502075,277.88635,99458.8,51.25,6.0
2025-11-25 07:00:00,0.61032104,-5.068527,277.75275,99550.54,51.25,6.0
2025-11-25 08:00:00,0.042160034,-5.459091,277.6955,99667.19,51.25,6.0
2025-11-25 09:00:00,-0.5703888,-5.86145,277.87726,99773.11,51.25,6.0
2025-11-25 10:00:00,0.2842102,-5.443985,278.2699,99931.34,51.25,6.0
2025-11-25 11:00:00,1.1059723,-5.7963257,278.6363,99981.05,51.25,6.0
2025-11-25 12:00:00,1.5152435,-5.38649,278.8219,100028.234,51.25,6.0
2025-11-25 13:00:00,2.0080566,-5.0523987,278.79596,100112.734,51.25,6.0
2025-11-25 14:00:00,2.4679413,-5.220047,278.8002,100179.75,51.25,6.0
2025-11-25 15:00:00,2.6494293,-4.705353,278.78278,100256.01,51.25,6.0
2025-11-25 16:00:00,2.3507538,-4.7000427,278.5921,100338.81,51.25,6.0
2025-11-25 17:00:00,2.1026154,-4.7604065,278.62524,100423.84,51.25,6.0
2025-11-25 18:00:00,2.2064972,-4.514923,278.2751,100523.484,51.25,6.0
2025-11-25 19:00:00,2.4782104,-4.2098694,277.93695,100602.81,51.25,6.0
2025-11-25 20:00:00,2.932541,-4.1125183,277.68558,100678.484,51.25,6.0
2025-11-25 21:00:00,3.0776978,-3.9717102,277.22733,100715.86,51.25,6.0
2025-11-25 22:00:00,2.7657776,-4.324463,277.2776,100756.55,51.25,6.0
2025-11-25 23:00:00,1.7032623,-4.3025208,277.19894,100818.66,51.25,6.0
2025-11-26 00:00:00,0.77227783,-4.033905,277.3181,100869.22,51.25,6.0
2025-11-26 01:00:00,0.068603516,-3.723709,277.60498,100925.78,51.25,6.0
2025-11-26 02:00:00,-0.7309418,-3.7182922,277.5954,100987.12,51.25,6.0
2025-11-26 03:00:00,-1.2410889,-3.8922272,277.65125,101036.734,51.25,6.0
2025-11-26 04:00:00,-1.26474,-4.0271454,277.6367,101116.234,51.25,6.0
2025-11-26 05:00:00,-1.1330109,-4.3584137,277.4759,101197.82,51.25,6.0
2025-11-26 06:00:00,-0.84350586,-4.558716,277.51932,101276.27,51.25,6.0
2025-11-26 07:00:00,-0.7388458,-4.728531,277.25906,101340.36,51.25,6.0
2025-11-26 08:00:00,-0.63534546,-4.3695984,277.4053,101447.16,51.25,6.0
2025-11-26 09:00:00,-0.45317078,-3.9047546,277.5371,101512.25,51.25,6.0
2025-11-26 10:00:00,-0.06555176,-2.6815948,277.58307,101586.05,51.25,6.0
2025-11-26 11:00:00,0.93943787,-2.779358,277.58447,101598.914,51.25,6.0
2025-11-26 12:00:00,1.3237762,-2.9333496,277.95453,101586.06,51.25,6.0
2025-11-26 13:00:00,0.92007446,-2.7570953,278.17484,101591.16,51.25,6.0
2025-11-26 14:00:00,0.61647034,-2.2743988,278.08774,101594.28,51.25,6.0
2025-11-26 15:00:00,1.0840607,-1.6603699,277.83698,101613.45,51.25,6.0
2025-11-26 16:00:00,2.026535,-1.3699036,276.75815,101647.19,51.25,6.0
2025-11-26 17:00:00,2.3657227,-0.98646545,275.7793,101698.21,51.25,6.0
2025-11-26 18:00:00,2.3487396,-0.8682556,274.6825,101772.09,51.25,6.0
2025-11-26 19:00:00,1.783783,0.25860596,273.83792,101787.42,51.25,6.0
2025-11-26 20:00:00,1.4592133,1.9159698,274.20917,101793.39,51.25,6.0
2025-11-26 21:00:00,1.7021637,3.4830017,273.79645,101787.984,51.25,6.0
2025-11-26 22:00:00,2.6756134,4.175354,274.11435,101768.0,51.25,6.0
2025-11-26 23:00:00,3.2344818,5.14357,274.0224,101745.61,51.25,6.0
2025-11-27 00:00:00,3.509903,5.869095,273.815,101756.875,51.25,6.0
2025-11-27 01:00:00,3.534958,6.611969,273.7589,101661.445,51.25,6.0
2025-11-27 02:00:00,4.0553894,6.391266,273.78098,101618.67,51.25,6.0
2025-11-27 03:00:00,4.248642,6.149582,274.23007,101637.61,51.25,6.0
2025-11-27 04:00:00,3.7496185,7.2502594,274.09827,101592.11,51.25,6.0
2025-11-27 05:00:00,3.9208527,7.5664673,274.99036,101524.984,51.25,6.0
2025-11-27 06:00:00,4.67659,7.4845123,275.49792,101505.31,51.25,6.0
2025-11-27 07:00:00,4.636627,7.6557465,276.13483,101460.734,51.25,6.0
2025-11-27 08:00:00,4.0869446,8.069733,276.61414,101437.53,51.25,6.0
2025-11-27 09:00:00,4.057083,8.299088,277.48395,101424.01,51.25,6.0
2025-11-27 10:00:00,4.3631744,8.010208,277.92157,101417.484,51.25,6.0
2025-11-27 11:00:00,5.00589,8.639786,278.07504,101365.03,51.25,6.0
2025-11-27 12:00:00,5.939865,8.306763,278.15796,101315.93,51.25,6.0
2025-11-27 13:00:00,6.518402,7.7854156,278.36737,101304.03,51.25,6.0
2025-11-27 14:00:00,6.5997467,7.3784637,278.54517,101283.44,51.25,6.0
2025-11-27 15:00:00,6.3454742,7.18396,278.71057,101274.266,51.25,6.0
2025-11-27 16:00:00,6.1631165,7.2781067,278.83002,101295.75,51.25,6.0
2025-11-27 17:00:00,6.021454,7.5013275,279.14276,101294.05,51.25,6.0
2025-11-27 18:00:00,5.9278564,7.6950226,279.22614,101329.65,51.25,6.0
2025-11-27 19:00:00,5.844269,7.795273,279.34637,101336.13,51.25,6.0
2025-11-27 20:00:00,5.656433,7.956375,279.51892,101333.64,51.25,6.0
2025-11-27 21:00:00,5.5514984,7.8499146,279.6631,101330.98,51.25,6.0
2025-11-27 22:00:00,5.021454,7.5718536,279.7897,101319.53,51.25,6.0
2025-11-27 23:00:00,5.1342316,7.713867,279.98413,101293.84,51.25,6.0
2025-11-28 00:00:00,5.405609,7.4175415,280.04477,101270.93,51.25,6.0
2025-11-28 01:00:00,5.1276245,7.52861,280.18768,101248.09,51.25,6.0
2025-11-28 02:00:00,4.9428406,7.6473846,280.13245,101204.195,51.25,6.0
2025-11-28 03:00:00,5.180496,7.4320374,280.4212,101180.05,51.25,6.0
2025-11-28 04:00:00,5.1312866,7.4134064,280.4655,101137.06,51.25,6.0
2025-11-28 05:00:00,5.031616,7.28685,280.48425,101115.69,51.25,6.0
2025-11-28 06:00:00,4.9878845,7.365341,280.5067,101099.375,51.25,6.0
2025-11-28 07:00:00,5.024826,7.3410797,280.56494,101074.97,51.25,6.0
2025-11-28 08:00:00,4.9650574,7.2371674,280.5443,101092.2,51.25,6.0
2025-11-28 09:00:00,4.816971,7.11084,280.63834,101073.34,51.25,6.0
2025-11-28 10:00:00,4.1380615,5.645279,281.1754,101064.45,51.25,6.0
2025-11-28 11:00:00,4.188492,5.989105,281.53177,101020.516,51.25,6.0
2025-11-28 12:00:00,4.2301483,6.2298737,281.91693,100963.29,51.25,6.0
2025-11-28 13:00:00,3.8539429,6.4717712,282.2015,100882.55,51.25,6.0
2025-11-28 14:00:00,3.6762695,6.5148773,282.32648,100821.02,51.25,6.0
2025-11-28 15:00:00,3.9427185,6.5334625,282.21094,100817.0,51.25,6.0
2025-11-28 16:00:00,4.412857,6.5721893,282.00308,100800.28,51.25,6.0
2025-11-28 17:00:00,5.152527,6.2562866,282.00067,100809.22,51.25,6.0
2025-11-28 18:00:00,5.6440887,5.725998,281.83835,100844.0,51.25,6.0
2025-11-28 19:00:00,5.491791,5.462677,281.98846,100855.49,51.25,6.0
2025-11-28 20:00:00,5.1891327,5.334305,282.05725,100833.91,51.25,6.0
2025-11-28 21:00:00,5.0722046,5.0528107,282.02435,100815.2,51.25,6.0
2025-11-28 22:00:00,4.9341125,5.0729523,281.55994,100785.94,51.25,6.0
2025-11-28 23:00:00,5.5511627,4.9279633,281.3416,100822.53,51.25,6.0
2025-11-29 00:00:00,5.119812,4.979645,281.12927,100777.56,51.25,6.0
2025-11-29 01:00:00,4.290161,5.647232,280.92523,100760.97,51.25,6.0
2025-11-29 02:00:00,4.1241302,6.1067963,280.53665,100762.56,51.25,6.0
2025-11-29 03:00:00,3.2913818,6.404129,280.9314,100723.36,51.25,6.0
2025-11-29 04:00:00,2.7680817,6.49765,280.92633,100697.11,51.25,6.0
2025-11-29 05:00:00,2.6502228,6.569046,280.90125,100685.28,51.25,6.0
2025-11-29 06:00:00,2.3743439,6.485321,280.99615,100664.336,51.25,6.0
2025-11-29 07:00:00,1.5799713,6.6767883,280.72504,100617.766,51.25,6.0
2025-11-29 08:00:00,1.384018,6.808441,280.54712,100611.91,51.25,6.0
2025-11-29 09:00:00,1.0254974,6.9297485,281.1057,100554.92,51.25,6.0
2025-11-29 10:00:00,-0.3189087,5.8293,281.91653,100509.33,51.25,6.0
2025-11-29 11:00:00,-0.17259216,6.727188,282.6109,100421.875,51.25,6.0
2025-11-29 12:00:00,0.38998413,7.9038544,283.10223,100310.66,51.25,6.0
2025-11-29 13:00:00,0.64494324,7.509445,283.5509,100233.31,51.25,6.0
2025-11-29 14:00:00,1.2536621,7.455307,283.83682,100161.234,51.25,6.0
2025-11-29 15:00:00,0.59935,7.847183,283.65457,100122.516,51.25,6.0
2025-11-29 16:00:00,0.5469818,8.489456,283.58875,100072.6,51.25,6.0
2025-11-29 17:00:00,1.8766174,8.759399,283.72974,100054.2,51.25,6.0
2025-11-29 18:00:00,2.7652893,8.635269,283.67114,100051.33,51.25,6.0
2025-11-29 19:00:00,2.3274078,8.767105,283.5033,100009.41,51.25,6.0
2025-11-29 20:00:00,1.9681549,9.350815,283.14056,99991.97,51.25,6.0
2025-11-29 21:00:00,2.1887817,9.919495,283.69144,99946.64,51.25,6.0
2025-11-29 22:00:00,2.9602203,8.908325,283.75732,99929.3,51.25,6.0
2025-11-29 23:00:00,5.8369904,6.343643,283.48038,99992.2,51.25,6.0
2025-11-30 00:00:00,6.518921,3.8435974,282.3531,100051.37,51.25,6.0
2025-11-30 01:00:00,6.469818,3.3070679,281.7316,100132.92,51.25,6.0
2025-11-30 02:00:00,5.9333954,3.803131,280.6562,100182.71,51.25,6.0
2025-11-30 03:00:00,5.004669,4.875458,280.28955,100212.516,51.25,6.0
2025-11-30 04:00:00,4.8745575,5.514435,279.9533,100242.93,51.25,6.0
2025-11-30 05:00:00,5.119049,5.686249,279.50342,100285.695,51.25,6.0
2025-11-30 06:00:00,5.34198,5.2345886,279.4742,100312.81,51.25,6.0
2025-11-30 07:00:00,6.0427094,4.7138824,279.48492,100394.29,51.25,6.0
2025-11-30 08:00:00,6.6040955,3.7339935,279.65115,100468.484,51.25,6.0
2025-11-30 09:00:00,6.8992767,2.8422241,279.91357,100565.234,51.25,6.0
2025-11-30 10:00:00,4.8267517,2.333603,280.35645,100584.09,51.25,6.0
2025-11-30 11:00:00,5.5249176,2.6414795,280.48956,100618.7,51.25,6.0
2025-11-30 12:00:00,5.81456,2.5062714,280.42444,100633.36,51.25,6.0
2025-11-30 13:00:00,6.10968,2.1976166,280.2734,100684.75,51.25,6.0
2025-11-30 14:00:00,6.8480225,1.6824951,279.89148,100733.766,51.25,6.0
2025-11-30 15:00:00,7.3075256,1.3245087,279.57748,100828.484,51.25,6.0
2025-11-30 16:00:00,7.024246,1.7430725,279.23428,100910.49,51.25,6.0
2025-11-30 17:00:00,6.446472,2.3634644,278.87384,100947.21,51.25,6.0
2025-11-30 18:00:00,6.2985077,2.5978851,278.78174,101013.375,51.25,6.0
2025-11-30 19:00:00,6.365982,2.854126,278.76447,101071.91,51.25,6.0
2025-11-30 20:00:00,6.363739,3.131775,278.91327,101129.84,51.25,6.0
2025-11-30 21:00:00,6.106598,3.3632355,278.64526,101142.3,51.25,6.0
2025-11-30 22:00:00,6.30809,3.075241,278.08423,101223.016,51.25,6.0
2025-11-30 23:00:00,5.7238464,3.4314575,277.951,101232.586,51.25,6.0
2025-12-01 00:00:00,5.17334,4.5522614,277.21573,101227.79,51.25,6.0
2025-12-01 01:00:00,4.882141,5.3899384,276.878,101265.484,51.25,6.0
2025-12-01 02:00:00,4.1072845,6.319519,276.3291,101219.305,51.25,6.0
2025-12-01 03:00:00,4.2211456,6.6570587,275.9948,101222.55,51.25,6.0
2025-12-01 04:00:00,3.7550201,7.5354767,275.77075,101184.66,51.25,6.0
2025-12-01 05:00:00,3.8203888,7.497162,275.63058,101167.016,51.25,6.0
2025-12-01 06:00:00,3.8800354,7.611618,275.83502,101171.84,51.25,6.0
2025-12-01 07:00:00,3.065628,8.372406,275.84277,101151.75,51.25,6.0
2025-12-01 08:00:00,2.4571533,8.879288,276.90265,101115.7,51.25,6.0
2025-12-01 09:00:00,2.5920715,8.876312,277.82587,101111.17,51.25,6.0
2025-12-01 10:00:00,0.9405365,7.9133606,278.86414,101074.695,51.25,6.0
2025-12-01 11:00:00,1.6225128,8.975128,279.8721,100977.61,51.25,6.0
2025-12-01 12:00:00,2.1467133,9.319702,280.3161,100929.45,51.25,6.0
2025-12-01 13:00:00,1.1229858,9.098679,280.61218,100833.53,51.25,6.0
2025-12-01 14:00:00,1.3344574,10.128433,280.51855,100764.16,51.25,6.0
2025-12-01 15:00:00,1.9850464,10.205048,280.2423,100734.734,51.25,6.0
2025-12-01 16:00:00,1.7944641,10.300827,280.25766,100691.48,51.25,6.0
2025-12-01 17:00:00,1.4410553,10.564835,280.37683,100647.34,51.25,6.0
2025-12-01 18:00:00,1.0587921,10.592331,280.28204,100604.25,51.25,6.0
2025-12-01 19:00:00,0.7924042,10.636871,279.7941,100547.08,51.25,6.0
2025-12-01 20:00:00,0.7562561,10.613083,280.042,100487.31,51.25,6.0
2025-12-01 21:00:00,1.1327515,10.309433,280.0454,100447.61,51.25,6.0
2025-12-01 22:00:00,1.1815186,9.924866,280.0253,100408.984,51.25,6.0
2025-12-01 23:00:00,0.7285919,9.711945,280.40405,100390.46,51.25,6.0
2025-12-02 00:00:00,-0.41644287,9.701309,280.27576,100313.39,51.25,6.0
2025-12-02 01:00:00,-0.48387146,10.037827,279.84964,100290.45,51.25,6.0
2025-12-02 02:00:00,-0.32963562,10.273605,279.21777,100257.25,51.25,6.0
2025-12-02 03:00:00,0.26490784,10.248352,279.22107,100246.3,51.25,6.0
2025-12-02 04:00:00,1.10849,9.728668,279.13287,100237.91,51.25,6.0
2025-12-02 05:00:00,1.6167603,9.502396,279.60834,100226.016,51.25,6.0
2025-12-02 06:00:00,2.0572357,8.998383,279.74057,100254.125,51.25,6.0
2025-12-02 07:00:00,2.411789,8.506149,279.67697,100266.555,51.25,6.0
2025-12-02 08:00:00,2.4332886,8.165634,279.87012,100313.93,51.25,6.0
2025-12-02 09:00:00,2.6744843,7.907608,279.84192,100342.15,51.25,6.0
2025-12-02 10:00:00,1.347702,6.554825,280.9608,100349.016,51.25,6.0
2025-12-02 11:00:00,2.210785,6.7331543,281.46802,100339.29,51.25,6.0
2025-12-02 12:00:00,2.7278442,6.4555817,281.90253,100370.68,51.25,6.0
2025-12-02 13:00:00,2.698944,6.349777,281.9907,100383.91,51.25,6.0
2025-12-02 14:00:00,2.73703,6.1001434,281.73788,100400.33,51.25,6.0
2025-12-02 15:00:00,2.6041412,5.8552094,281.2746,100440.125,51.25,6.0
2025-12-02 16:00:00,2.1784058,5.880707,280.75623,100471.58,51.25,6.0
2025-12-02 17:00:00,1.7279663,5.769043,280.3507,100503.34,51.25,6.0
2025-12-02 18:00:00,1.2782135,5.2830505,279.9476,100541.91,51.25,6.0
2025-12-02 19:00:00,0.8665924,4.9188538,279.92386,100562.055,51.25,6.0
2025-12-02 20:00:00,0.635025,4.9413605,279.4203,100568.11,51.25,6.0
2025-12-02 21:00:00,0.47735596,4.7858124,279.42645,100592.14,51.25,6.0
2025-12-02 22:00:00,-0.20591736,4.4892883,279.65198,100591.91,51.25,6.0
2025-12-02 23:00:00,-0.7480316,4.9651794,279.9604,100604.47,51.25,6.0
2025-12-03 00:00:00,-0.31880188,5.249008,280.0161,100606.39,51.25,6.0
2025-12-03 01:00:00,0.2597046,4.8637085,280.1115,100625.66,51.25,6.0
2025-12-03 02:00:00,0.6625824,4.5548706,280.23907,100585.28,51.25,6.0
2025-12-03 03:00:00,0.5708313,4.3266296,280.0244,100582.06,51.25,6.0
2025-12-03 04:00:00,0.34298706,4.1051025,280.04504,100575.52,51.25,6.0
2025-12-03 05:00:00,-0.06486511,4.1973267,280.17896,100569.17,51.25,6.0
2025-12-03 06:00:00,-0.24862671,4.2430267,280.05438,100612.875,51.25,6.0
2025-12-03 07:00:00,0.26158142,4.0948944,279.7831,100612.06,51.25,6.0
2025-12-03 08:00:00,1.0379181,3.7849884,279.92926,100646.08,51.25,6.0
2025-12-03 09:00:00,1.3674774,3.3429718,280.2691,100669.83,51.25,6.0
2025-12-03 10:00:00,1.0739288,2.4417267,281.28653,100693.4,51.25,6.0
2025-12-03 11:00:00,1.5619507,2.3568268,281.72455,100687.85,51.25,6.0
2025-12-03 12:00:00,1.9878387,2.263565,281.8544,100661.81,51.25,6.0
2025-12-03 13:00:00,2.236374,2.0843658,281.84006,100670.92,51.25,6.0
2025-12-03 14:00:00,1.9694977,1.7873535,281.63715,100644.82,51.25,6.0
2025-12-03 15:00:00,1.3929291,2.0991821,281.30054,100644.09,51.25,6.0
2025-12-03 16:00:00,0.9793854,2.6922913,280.6206,100654.75,51.25,6.0
2025-12-03 17:00:00,0.8251343,3.3348846,279.78003,100673.53,51.25,6.0
2025-12-03 18:00:00,0.6131897,3.7403717,279.4087,100668.66,51.25,6.0
2025-12-03 19:00:00,0.8717346,4.305725,279.3437,100661.86,51.25,6.0
2025-12-03 20:00:00,1.462265,4.4885406,279.669,100677.7,51.25,6.0
2025-12-03 21:00:00,1.5383911,4.4971466,279.66626,100655.195,51.25,6.0
2025-12-03 22:00:00,1.6920471,3.885971,279.7088,100623.0,51.25,6.0
2025-12-03 23:00:00,1.2128143,4.325638,279.55493,100608.44,51.25,6.0
2025-12-04 00:00:00,0.16651917,4.5582886,279.15848,100555.125,51.25,6.0
2025-12-04 01:00:00,-0.33674622,5.083374,278.95837,100509.46,51.25,6.0
2025-12-04 02:00:00,-0.5736542,5.467163,279.09592,100466.92,51.25,6.0
2025-12-04 03:00:00,-1.0321503,5.6463776,279.43024,100424.33,51.25,6.0
2025-12-04 04:00:00,-1.3339539,5.850891,279.50638,100363.51,51.25,6.0
2025-12-04 05:00:00,-1.3555908,5.9498444,279.69904,100315.31,51.25,6.0
2025-12-04 06:00:00,-1.5739594,6.0410156,279.57626,100267.39,51.25,6.0
2025-12-04 07:00:00,-1.989502,6.0997314,279.39822,100256.53,51.25,6.0
2025-12-04 08:00:00,-2.8731232,6.150818,279.15182,100234.45,51.25,6.0
2025-12-04 09:00:00,-3.8500519,5.7948456,279.54944,100202.516,51.25,6.0
2025-12-04 10:00:00,-3.4143524,4.356247,279.7185,100189.69,51.25,6.0
2025-12-04 11:00:00,-3.3494263,4.7854767,280.63824,100118.05,51.25,6.0
2025-12-04 12:00:00,-4.088974,5.3243713,281.2744,100044.26,51.25,6.0
2025-12-04 13:00:00,-4.8464203,5.0424957,281.307,99969.08,51.25,6.0
2025-12-04 14:00:00,-5.4421997,5.794098,280.84802,99906.22,51.25,6.0
2025-12-04 15:00:00,-5.2968597,6.7063293,279.7104,99898.93,51.25,6.0
2025-12-04 16:00:00,-4.7171936,7.13031,278.851,99919.19,51.25,6.0
2025-12-04 17:00:00,-4.014984,7.127472,279.08722,99926.516,51.25,6.0
2025-12-04 18:00:00,-3.5474396,6.836197,279.1669,99951.984,51.25,6.0
2025-12-04 19:00:00,-3.4834442,6.6445465,279.05292,99959.45,51.25,6.0
2025-12-04 20:00:00,-3.2514496,6.440811,279.23535,99982.61,51.25,6.0
2025-12-04 21:00:00,-2.4425201,5.904068,279.15277,99988.5,51.25,6.0
2025-12-04 22:00:00,-2.4584045,5.5826874,279.10416,100024.8,51.25,6.0
2025-12-04 23:00:00,-1.2363434,5.1770935,279.04037,100074.58,51.25,6.0
2025-12-05 00:00:00,-0.07055664,4.63472,278.50385,100090.66,51.25,6.0
2025-12-05 01:00:00,0.6296997,4.0513306,277.8164,100146.65,51.25,6.0
2025-12-05 02:00:00,0.9873352,3.6283875,277.08832,100187.0,51.25,6.0
2025-12-05 03:00:00,1.3404846,3.6084595,277.0553,100231.8,51.25,6.0
2025-12-05 04:00:00,2.2612457,3.4588776,276.5249,100272.52,51.25,6.0
2025-12-05 05:00:00,3.220337,3.1622772,276.1996,100326.19,51.25,6.0
2025-12-05 06:00:00,3.6535492,2.8390503,276.33832,100397.625,51.25,6.0
2025-12-05 07:00:00,3.9543,2.6615143,276.3487,100460.22,51.25,6.0
2025-12-05 08:00:00,3.7701263,2.991806,276.61932,100519.38,51.25,6.0
2025-12-05 09:00:00,3.0237122,3.375595,276.8263,100569.29,51.25,6.0
2025-12-05 10:00:00,2.1474915,2.704895,278.03903,100634.2,51.25,6.0
2025-12-05 11:00:00,2.4669647,3.284668,278.57208,100642.05,51.25,6.0
2025-12-05 12:00:00,2.5883484,3.7933502,279.1442,100630.15,51.25,6.0
2025-12-05 13:00:00,2.8863678,4.234192,279.1958,100641.45,51.25,6.0
2025-12-05 14:00:00,2.809082,5.0811005,279.13367,100640.89,51.25,6.0
2025-12-05 15:00:00,1.7856903,4.8112793,278.66193,100648.41,51.25,6.0
2025-12-05 16:00:00,1.6347961,5.26149,278.23706,100655.19,51.25,6.0
2025-12-05 17:00:00,1.0167236,5.9766846,277.8871,100610.12,51.25,6.0
2025-12-05 18:00:00,0.74823,6.619751,277.8614,100598.97,51.25,6.0
2025-12-05 19:00:00,0.56622314,6.992874,277.82605,100534.984,51.25,6.0
2025-12-05 20:00:00,0.18844604,7.5164185,277.857,100493.69,51.25,6.0
2025-12-05 21:00:00,-0.697525,7.936676,277.97504,100429.7,51.25,6.0
2025-12-05 22:00:00,-2.3002167,6.978943,278.1463,100324.97,51.25,6.0
2025-12-05 23:00:00,-2.087082,7.8169556,278.36273,100245.23,51.25,6.0
2025-12-06 00:00:00,-1.2696991,8.530548,278.61377,100159.55,51.25,6.0
2025-12-06 01:00:00,-1.9921875,8.969772,278.84662,100077.234,51.25,6.0
2025-12-06 02:00:00,-3.6885376,9.857452,278.67517,99965.34,51.25,6.0
2025-12-06 03:00:00,-3.1497345,10.255936,278.5836,99845.88,51.25,6.0
2025-12-06 04:00:00,-0.29570007,9.985443,278.57367,99824.1,51.25,6.0
2025-12-06 05:00:00,0.55223083,9.91011,278.71924,99770.6,51.25,6.0
2025-12-06 06:00:00,1.171051,10.004715,278.96216,99722.53,51.25,6.0
2025-12-06 07:00:00,2.2621918,10.060272,279.29974,99693.83,51.25,6.0
2025-12-06 08:00:00,3.200531,10.076248,279.75452,99693.484,51.25,6.0
2025-12-06 09:00:00,3.2954254,9.809296,280.42743,99688.33,51.25,6.0
2025-12-06 10:00:00,1.9559479,9.016251,281.29474,99741.03,51.25,6.0
2025-12-06 11:00:00,3.002716,8.638657,282.13934,99727.53,51.25,6.0
2025-12-06 12:00:00,3.81839,8.109726,282.9511,99687.445,51.25,6.0
2025-12-06 13:00:00,4.5635376,7.8917847,283.22107,99688.375,51.25,6.0
2025-12-06 14:00:00,5.259674,7.7158203,282.9983,99720.625,51.25,6.0
2025-12-06 15:00:00,5.834778,7.2773438,283.011,99734.22,51.25,6.0
2025-12-06 16:00:00,6.18277,6.9412537,282.82788,99777.48,51.25,6.0
2025-12-06 17:00:00,6.587677,7.0730743,282.45197,99838.11,51.25,6.0
2025-12-06 18:00:00,6.5204315,7.511093,282.9806,99854.28,51.25,6.0
2025-12-06 19:00:00,6.9703827,7.862747,283.1459,99899.02,51.25,6.0
2025-12-06 20:00:00,7.706909,8.018127,282.98444,99940.06,51.25,6.0
2025-12-06 21:00:00,7.9835663,7.885483,283.28146,99963.0,51.25,6.0
2025-12-06 22:00:00,8.039078,6.9209137,283.07657,99995.875,51.25,6.0
2025-12-06 23:00:00,7.7834473,7.0023956,282.67383,100047.875,51.25,6.0
2025-12-07 00:00:00,7.6496124,6.7336426,282.55713,100051.836,51.25,6.0
2025-12-07 01:00:00,7.8042145,6.3276825,282.6754,100106.48,51.25,6.0
2025-12-07 02:00:00,7.861191,5.7538605,282.15128,100140.39,51.25,6.0
2025-12-07 03:00:00,7.449951,5.323456,282.3399,100177.1,51.25,6.0
2025-12-07 04:00:00,6.8389435,5.652405,281.9229,100190.64,51.25,6.0
2025-12-07 05:00:00,6.2682343,5.859329,282.0405,100223.88,51.25,6.0
2025-12-07 06:00:00,5.100662,5.9501038,282.1855,100244.68,51.25,6.0
2025-12-07 07:00:00,4.1049805,6.1538544,282.2965,100250.1,51.25,6.0
2025-12-07 08:00:00,3.8757477,5.9172974,282.61926,100272.44,51.25,6.0
2025-12-07 09:00:00,3.4736633,5.602768,282.9782,100306.28,51.25,6.0
2025-12-07 10:00:00,1.601593,5.167877,283.37958,100334.33,51.25,6.0
2025-12-07 11:00:00,1.13768,5.4192505,283.84784,100288.07,51.25,6.0
2025-12-07 12:00:00,1.0017548,6.23053,284.28055,100215.43,51.25,6.0
2025-12-07 13:00:00,0.48599243,6.392868,284.63055,100141.31,51.25,6.0
2025-12-07 14:00:00,0.6008911,7.0332947,284.48608,100088.016,51.25,6.0
2025-12-07 15:00:00,0.5031891,7.6257935,284.48773,100022.37,51.25,6.0
2025-12-07 16:00:00,0.92884827,8.37352,284.34418,99958.0,51.25,6.0
2025-12-07 17:00:00,2.8682098,8.4986725,284.4449,99887.63,51.25,6.0
2025-12-07 18:00:00,5.025543,8.211777,284.7968,99860.83,51.25,6.0
2025-12-07 19:00:00,5.476074,8.038864,285.55957,99834.93,51.25,6.0
2025-12-07 20:00:00,10.217026,6.916275,286.57294,99861.766,51.25,6.0
2025-12-07 21:00:00,11.818359,5.8146057,287.1725,99930.92,51.25,6.0
2025-12-07 22:00:00,10.26561,5.2169952,287.25653,99974.45,51.25,6.0
2025-12-07 23:00:00,10.357208,4.8104706,286.54462,100120.71,51.25,6.0
2025-12-08 00:00:00,9.860825,4.0604553,286.67102,100215.625,51.25,6.0
2025-12-08 01:00:00,9.084457,3.8083496,285.86703,100312.36,51.25,6.0
2025-12-08 02:00:00,8.572067,3.6660461,285.30505,100429.72,51.25,6.0
2025-12-08 03:00:00,8.001251,4.029007,285.14517,100514.625,51.25,6.0
2025-12-08 04:00:00,7.243469,4.5565796,284.26215,100554.18,51.25,6.0
2025-12-08 05:00:00,6.449402,5.1066437,284.44122,100530.78,51.25,6.0
2025-12-08 06:00:00,6.454254,4.422409,284.4862,100611.734,51.25,6.0
2025-12-08 07:00:00,5.120514,4.6148834,284.58356,100667.5,51.25,6.0
2025-12-08 08:00:00,3.6305084,5.7397003,284.95544,100689.164,51.25,6.0
2025-12-08 09:00:00,4.4898987,6.4558105,285.75616,100708.33,51.25,6.0
2025-12-08 10:00:00,5.980591,5.3407135,286.6333,100727.13,51.25,6.0
2025-12-08 11:00:00,7.173996,5.8109436,287.1974,100720.94,51.25,6.0
2025-12-08 12:00:00,7.6306915,5.8433685,287.4756,100690.51,51.25,6.0
2025-12-08 13:00:00,7.266388,6.153076,287.56134,100723.414,51.25,6.0
2025-12-08 14:00:00,7.3202667,6.288437,287.40375,100747.61,51.25,6.0
2025-12-08 15:00:00,7.3282013,6.2756042,287.2011,100806.28,51.25,6.0
2025-12-08 16:00:00,7.076721,6.079773,286.96014,100810.3,51.25,6.0
2025-12-08 17:00:00,6.4285736,6.1668854,286.91766,100854.484,51.25,6.0
2025-12-08 18:00:00,6.677902,6.5477295,286.72626,100895.81,51.25,6.0
2025-12-08 19:00:00,7.105179,6.4042053,286.45392,100914.0,51.25,6.0
2025-12-08 20:00:00,7.335724,6.3477173,286.26794,100942.69,51.25,6.0
2025-12-08 21:00:00,7.080887,6.3170624,285.86844,100986.72,51.25,6.0
2025-12-08 22:00:00,6.353546,5.6907196,286.0481,101012.2,51.25,6.0
2025-12-08 23:00:00,5.6002502,5.3419647,286.03558,101004.0,51.25,6.0
2025-12-09 00:00:00,4.673752,5.180603,286.01892,100949.0,51.25,6.0
2025-12-09 01:00:00,4.102188,5.8180237,285.7845,100945.43,51.25,6.0
2025-12-09 02:00:00,3.9440155,6.611191,285.6203,100950.2,51.25,6.0
2025-12-09 03:00:00,3.9586334,6.886841,285.32715,100927.336,51.25,6.0
2025-12-09 04:00:00,3.832962,6.746109,284.87198,100908.28,51.25,6.0
2025-12-09 05:00:00,2.6848602,6.6500397,284.48172,100822.86,51.25,6.0
2025-12-09 06:00:00,1.848938,7.526169,284.47992,100808.914,51.25,6.0
2025-12-09 07:00:00,1.3231812,8.479492,284.6626,100769.2,51.25,6.0
2025-12-09 08:00:00,1.4729156,8.456741,284.90375,100752.79,51.25,6.0
2025-12-09 09:00:00,1.7524414,8.300308,285.19452,100733.69,51.25,6.0
2025-12-09 10:00:00,2.0854797,6.5760956,285.93573,100745.21,51.25,6.0
2025-12-09 11:00:00,2.8801575,6.808548,286.97223,100723.13,51.25,6.0
2025-12-09 12:00:00,3.1604462,6.7947693,287.4041,100647.266,51.25,6.0
2025-12-09 13:00:00,2.609665,7.1746674,287.47046,100623.26,51.25,6.0
2025-12-09 14:00:00,2.5803375,7.7901306,287.23166,100602.04,51.25,6.0
2025-12-09 15:00:00,2.464508,7.8483276,286.5049,100578.94,51.25,6.0
2025-12-09 16:00:00,2.7039795,8.064117,285.89313,100574.0,51.25,6.0
2025-12-09 17:00:00,3.4010925,8.189011,285.96545,100595.984,51.25,6.0
2025-12-09 18:00:00,3.487152,8.057678,285.8938,100559.94,51.25,6.0
2025-12-09 19:00:00,3.4445953,8.642838,285.7954,100559.61,51.25,6.0
2025-12-09 20:00:00,3.7427368,8.809891,285.65552,100558.555,51.25,6.0
2025-12-09 21:00:00,4.7450256,8.39119,285.60892,100572.94,51.25,6.0
2025-12-09 22:00:00,5.823395,7.1404877,285.96027,100600.05,51.25,6.0
2025-12-09 23:00:00,5.7575226,6.8610077,286.56128,100670.664,51.25,6.0
2025-12-10 00:00:00,5.94812,6.6995697,286.6319,100688.96,51.25,6.0
2025-12-10 01:00:00,6.7456207,6.1607666,286.37744,100756.375,51.25,6.0
2025-12-10 02:00:00,7.1208344,5.608551,286.11365,100831.85,51.25,6.0
2025-12-10 03:00:00,6.9230804,4.932541,285.73517,100857.234,51.25,6.0
2025-12-10 04:00:00,6.686798,4.301544,285.60602,100907.11,51.25,6.0
2025-12-10 05:00:00,6.4389343,4.2481995,285.74808,100961.69,51.25,6.0
2025-12-10 06:00:00,5.752655,4.648834,285.4854,100995.32,51.25,6.0
2025-12-10 07:00:00,5.400757,4.8795013,285.57648,101088.086,51.25,6.0
2025-12-10 08:00:00,5.10968,4.905716,285.49973,101137.66,51.25,6.0
2025-12-10 09:00:00,5.027527,4.8259583,285.59564,101205.445,51.25,6.0
2025-12-10 10:00:00,3.9341125,4.4664154,285.76575,101260.07,51.25,6.0
2025-12-10 11:00:00,4.146805,4.9086456,286.23035,101262.06,51.25,6.0
2025-12-10 12:00:00,5.1709595,5.1132965,286.29324,101292.03,51.25,6.0
2025-12-10 13:00:00,6.534668,4.696213,286.3817,101302.33,51.25,6.0
2025-12-10 14:00:00,6.88414,4.31221,286.15018,101341.88,51.25,6.0
2025-12-10 15:00:00,6.2493134,3.9006653,285.671,101403.98,51.25,6.0
2025-12-10 16:00:00,6.3202057,4.0092926,285.3581,101467.1,51.25,6.0
2025-12-10 17:00:00,6.4005737,4.3924866,284.97665,101543.305,51.25,6.0
2025-12-10 18:00:00,6.6390686,4.498871,284.69116,101608.64,51.25,6.0
2025-12-10 19:00:00,7.307953,3.7613678,284.5384,101700.46,51.25,6.0
2025-12-10 20:00:00,7.3203735,3.4075012,284.23166,101754.3,51.25,6.0
2025-12-10 21:00:00,6.6597595,3.8985748,283.3554,101759.16,51.25,6.0
2025-12-10 22:00:00,6.8414764,4.109009,282.85156,101786.95,51.25,6.0
2025-12-10 23:00:00,6.8533173,3.7564545,281.9364,101827.27,51.25,6.0
2025-12-11 00:00:00,6.4548798,3.7528381,282.1116,101830.47,51.25,6.0
2025-12-11 01:00:00,6.3339996,3.6842346,281.8336,101877.07,51.25,6.0
2025-12-11 02:00:00,6.1841125,4.5271606,281.57043,101874.836,51.25,6.0
2025-12-11 03:00:00,6.0149384,4.5225677,280.9605,101868.44,51.25,6.0
2025-12-11 04:00:00,5.6338043,4.2408295,281.31528,101845.36,51.25,6.0
2025-12-11 05:00:00,5.1760406,4.6661987,281.19983,101838.96,51.25,6.0
2025-12-11 06:00:00,4.744507,4.767517,280.79028,101847.14,51.25,6.0
2025-12-11 07:00:00,4.5400696,4.7948456,280.56927,101897.07,51.25,6.0
2025-12-11 08:00:00,4.1987,4.935501,280.572,101931.84,51.25,6.0
2025-12-11 09:00:00,4.233902,4.6626434,280.9036,101954.08,51.25,6.0
2025-12-11 10:00:00,2.6953278,3.3583984,281.55884,101955.89,51.25,6.0
2025-12-11 11:00:00,2.724762,3.341507,282.28583,101915.086,51.25,6.0
2025-12-11 12:00:00,2.685852,3.8123627,282.67288,101824.92,51.25,6.0
2025-12-11 13:00:00,2.1307983,4.1355896,283.00104,101781.36,51.25,6.0
2025-12-11 14:00:00,1.6668549,4.540329,283.13718,101746.99,51.25,6.0
2025-12-11 15:00:00,1.2718353,4.5082703,281.9028,101723.21,51.25,6.0
2025-12-11 16:00:00,0.93811035,4.5094757,280.8949,101692.664,51.25,6.0
2025-12-11 17:00:00,0.32453918,4.7245636,279.65326,101672.71,51.25,6.0
2025-12-11 18:00:00,0.23716736,5.15036,277.64755,101647.7,51.25,6.0
2025-12-11 19:00:00,0.9206085,5.3312073,277.88913,101682.02,51.25,6.0
2025-12-11 20:00:00,1.0405426,5.333725,276.96228,101667.375,51.25,6.0
2025-12-11 21:00:00,0.78593445,5.2173004,276.52478,101660.83,51.25,6.0
2025-12-11 22:00:00,0.23370361,4.1015778,275.2163,101655.78,51.25,6.0
2025-12-11 23:00:00,-0.337265,3.6869507,274.85516,101655.69,51.25,6.0
2025-12-12 00:00:00,-1.8880768,2.891037,275.7776,101600.766,51.25,6.0
2025-12-12 01:00:00,-3.686966,2.3843536,276.2023,101576.61,51.25,6.0
2025-12-12 02:00:00,-5.155777,2.4196472,276.6819,101548.984,51.25,6.0
2025-12-12 03:00:00,-5.6712494,2.8815308,277.39606,101498.375,51.25,6.0
2025-12-12 04:00:00,-5.143936,4.129303,277.81885,101466.66,51.25,6.0
2025-12-12 05:00:00,-3.8442535,5.248947,278.3069,101461.19,51.25,6.0
2025-12-12 06:00:00,-2.3444672,5.9920044,279.2658,101436.055,51.25,6.0
2025-12-12 07:00:00,-1.2629395,6.088135,279.52435,101455.81,51.25,6.0
2025-12-12 08:00:00,-0.33587646,6.124115,280.17163,101476.63,51.25,6.0
2025-12-12 09:00:00,0.32702637,5.959091,281.02228,101542.5,51.25,6.0
2025-12-12 10:00:00,0.21746826,5.123703,281.94333,101598.35,51.25,6.0
2025-12-12 11:00:00,0.3840027,4.81839,283.0103,101595.64,51.25,6.0
2025-12-12 12:00:00,0.9404907,4.096176,283.55646,101576.42,51.25,6.0
2025-12-12 13:00:00,2.2655334,4.091522,283.78455,101589.484,51.25,6.0
2025-12-12 14:00:00,2.4190063,3.7289276,283.72882,101602.03,51.25,6.0
2025-12-12 15:00:00,2.189087,3.7767944,283.44775,101645.47,51.25,6.0
2025-12-12 16:00:00,1.5798492,4.176483,282.94482,101640.516,51.25,6.0
2025-12-12 17:00:00,1.7319946,4.5851746,282.4476,101684.69,51.25,6.0
2025-12-12 18:00:00,2.3317719,4.4033813,281.30133,101725.41,51.25,6.0
2025-12-12 19:00:00,2.9069214,4.0733795,281.1133,101786.25,51.25,6.0
2025-12-12 20:00:00,3.2729645,4.1044006,280.87415,101843.51,51.25,6.0
2025-12-12 21:00:00,3.4615326,4.3630524,280.30106,101894.77,51.25,6.0
2025-12-12 22:00:00,3.452942,4.2243805,280.2948,101903.06,51.25,6.0
2025-12-12 23:00:00,3.8248444,4.095337,280.80704,101971.76,51.25,6.0
2025-12-13 00:00:00,4.2667236,3.868225,280.89594,102000.266,51.25,6.0
2025-12-13 01:00:00,4.3031464,3.848114,280.93945,102021.2,51.25,6.0
2025-12-13 02:00:00,4.0607605,3.7145538,280.8125,102042.805,51.25,6.0
2025-12-13 03:00:00,3.8280182,3.6641693,281.0258,102051.7,51.25,6.0
2025-12-13 04:00:00,3.7544708,3.43573,280.9638,102071.84,51.25,6.0
2025-12-13 05:00:00,3.745987,2.9322968,281.0414,102109.61,51.25,6.0
2025-12-13 06:00:00,3.61615,2.7424164,281.01636,102117.336,51.25,6.0
2025-12-13 07:00:00,3.8589325,2.5485077,281.04587,102179.36,51.25,6.0
2025-12-13 08:00:00,4.012451,2.4490051,281.16205,102235.695,51.25,6.0
2025-12-13 09:00:00,3.6372986,2.8462372,281.39603,102296.5,51.25,6.0
2025-12-13 10:00:00,3.9591827,2.6505585,281.83966,102319.06,51.25,6.0
2025-12-13 11:00:00,4.697983,1.3378601,282.14166,102329.234,51.25,6.0
2025-12-13 12:00:00,4.7508698,0.3935547,282.3368,102306.94,51.25,6.0
2025-12-13 13:00:00,3.5983887,0.551651,282.48895,102279.78,51.25,6.0
2025-12-13 14:00:00,2.7393188,0.6085205,282.52835,102255.56,51.25,6.0
2025-12-13 15:00:00,2.6293945,0.23097229,281.77466,102272.5,51.25,6.0
2025-12-13 16:00:00,2.7845001,0.17126465,279.66406,102306.92,51.25,6.0
2025-12-13 17:00:00,2.2484894,1.2538757,278.79797,102313.766,51.25,6.0
2025-12-13 18:00:00,2.442978,2.013443,278.38843,102308.4,51.25,6.0
2025-12-13 19:00:00,3.0085297,1.9066467,278.03497,102352.83,51.25,6.0
2025-12-13 20:00:00,2.9093933,2.4815063,277.62537,102342.44,51.25,6.0
2025-12-13 21:00:00,2.89003,3.1377563,278.0705,102333.28,51.25,6.0
2025-12-13 22:00:00,2.5483093,3.4712524,277.5818,102313.18,51.25,6.0
2025-12-13 23:00:00,2.1645508,3.986435,277.96906,102286.96,51.25,6.0
2025-12-14 00:00:00,2.3636932,4.285568,278.12604,102235.37,51.25,6.0
2025-12-14 01:00:00,3.1090393,4.2032623,278.25568,102214.375,51.25,6.0
2025-12-14 02:00:00,3.5246277,4.133301,278.40988,102198.84,51.25,6.0
2025-12-14 03:00:00,3.7727203,3.934616,278.86945,102174.44,51.25,6.0
2025-12-14 04:00:00,3.6077118,3.8615265,278.64822,102154.64,51.25,6.0
2025-12-14 05:00:00,3.0109558,4.504837,278.84857,102119.31,51.25,6.0
2025-12-14 06:00:00,2.546646,5.167145,278.8916,102084.625,51.25,6.0
2025-12-14 07:00:00,2.3256836,5.437973,278.68304,102043.84,51.25,6.0
2025-12-14 08:00:00,2.657196,5.3344727,278.86954,102056.77,51.25,6.0
2025-12-14 09:00:00,3.1330872,4.937088,279.38544,102060.69,51.25,6.0
2025-12-14 10:00:00,3.2107697,4.4365845,279.97076,102052.2,51.25,6.0
2025-12-14 11:00:00,3.2286987,4.462631,280.57983,102010.91,51.25,6.0
2025-12-14 12:00:00,2.8821716,4.513611,280.86,101923.75,51.25,6.0
2025-12-14 13:00:00,2.7019958,4.6464996,281.07098,101859.23,51.25,6.0
2025-12-14 14:00:00,2.0500183,4.9692383,281.12036,101804.87,51.25,6.0
2025-12-14 15:00:00,1.2709656,5.2598114,280.78726,101721.24,51.25,6.0
2025-12-14 16:00:00,1.0478973,5.609329,280.35468,101669.516,51.25,6.0
2025-12-14 17:00:00,1.1530151,5.7886963,279.59875,101624.68,51.25,6.0
2025-12-14 18:00:00,1.4513245,5.8818207,279.5374,101572.516,51.25,6.0
2025-12-14 19:00:00,1.7368164,5.8991394,278.95444,101570.95,51.25,6.0
2025-12-14 20:00:00,1.9052124,5.974655,278.85458,101558.63,51.25,6.0
2025-12-14 21:00:00,1.8415222,6.0387115,278.19788,101531.305,51.25,6.0
2025-12-14 22:00:00,0.9296112,5.126938,278.13693,101481.05,51.25,6.0
2025-12-14 23:00:00,0.26693726,5.771347,277.99042,101433.34,51.25,6.0
2025-12-15 00:00:00,-0.10203552,5.8455505,277.67285,101382.95,51.25,6.0
2025-12-15 01:00:00,-0.5340729,6.6125183,277.57074,101325.67,51.25,6.0
2025-12-15 02:00:00,-0.5201874,7.12088,277.06128,101237.93,51.25,6.0
2025-12-15 03:00:00,0.009765625,7.1920166,277.00787,101174.516,51.25,6.0
2025-12-15 04:00:00,0.63238525,6.939636,276.51343,101112.06,51.25,6.0
2025-12-15 05:00:00,1.0887299,6.9118958,276.65613,101071.84,51.25,6.0
2025-12-15 06:00:00,1.6273346,6.9527893,276.42194,101040.516,51.25,6.0
2025-12-15 07:00:00,1.9830322,6.9004364,276.62433,101031.34,51.25,6.0
2025-12-15 08:00:00,2.0324707,6.856201,276.97467,101032.14,51.25,6.0
2025-12-15 09:00:00,1.5914154,6.6239166,278.13623,101036.66,51.25,6.0
2025-12-15 10:00:00,-0.6002655,5.0157776,279.60513,101039.93,51.25,6.0
2025-12-15 11:00:00,-0.60972595,5.164093,280.99713,100997.76,51.25,6.0
2025-12-15 12:00:00,-0.73591614,5.2306366,281.76654,100923.64,51.25,6.0
2025-12-15 13:00:00,-1.7675934,5.359421,282.31827,100842.19,51.25,6.0
2025-12-15 14:00:00,-2.4223633,6.4946136,282.37747,100791.195,51.25,6.0
2025-12-15 15:00:00,-2.661499,7.3166656,281.31158,100749.11,51.25,6.0
2025-12-15 16:00:00,-2.321518,8.113876,280.82968,100724.914,51.25,6.0
2025-12-15 17:00:00,-1.3113098,8.605225,280.43924,100746.56,51.25,6.0
2025-12-15 18:00:00,-0.5950775,8.526138,279.89618,100754.875,51.25,6.0
2025-12-15 19:00:00,-0.42370605,8.402283,280.45523,100755.06,51.25,6.0
2025-12-15 20:00:00,-0.17160034,8.337296,280.5756,100740.27,51.25,6.0
2025-12-15 21:00:00,0.17428589,8.239349,280.68903,100753.41,51.25,6.0
2025-12-15 22:00:00,0.9322357,8.036667,280.79382,100707.46,51.25,6.0
2025-12-15 23:00:00,0.3640747,7.6280365,279.8824,100726.61,51.25,6.0
2025-12-16 00:00:00,-1.0709229,7.4932556,280.48126,100698.64,51.25,6.0
2025-12-16 01:00:00,-1.8786316,7.429306,281.01086,100693.24,51.25,6.0
2025-12-16 02:00:00,-2.4483948,7.316513,280.69098,100644.48,51.25,6.0
2025-12-16 03:00:00,-2.8248138,7.237152,280.49188,100596.75,51.25,6.0
2025-12-16 04:00:00,-2.758316,7.226532,280.511,100559.66,51.25,6.0
2025-12-16 05:00:00,-2.5813751,7.3243713,280.60666,100611.71,51.25,6.0
2025-12-16 06:00:00,-2.4637146,6.866806,280.18033,100622.86,51.25,6.0
2025-12-16 07:00:00,-2.4555511,7.01857,280.13123,100675.06,51.25,6.0
2025-12-16 08:00:00,-2.2666473,6.9938965,280.03503,100735.41,51.25,6.0
2025-12-16 09:00:00,-1.9001617,6.473694,281.24167,100795.05,51.25,6.0
2025-12-16 10:00:00,-1.7739105,4.846237,282.85016,100764.95,51.25,6.0
2025-12-16 11:00:00,-1.648346,4.540924,283.8589,100789.625,51.25,6.0
2025-12-16 12:00:00,-1.9846954,3.1849213,284.78632,100764.88,51.25,6.0
2025-12-16 13:00:00,-2.7775574,2.8410797,285.07095,100722.695,51.25,6.0
2025-12-16 14:00:00,-2.649414,3.7248383,284.43805,100731.766,51.25,6.0
2025-12-16 15:00:00,-2.6983795,5.237213,283.40344,100788.984,51.25,6.0
2025-12-16 16:00:00,-2.385437,4.905945,281.69824,100805.11,51.25,6.0
2025-12-16 17:00:00,-2.145752,4.853668,281.91577,100810.24,51.25,6.0
2025-12-16 18:00:00,-1.8633423,5.242447,281.16757,100849.06,51.25,6.0
2025-12-16 19:00:00,-0.9403839,5.326248,280.54953,100863.766,51.25,6.0
2025-12-16 20:00:00,0.1448822,5.384369,281.23035,100903.09,51.25,6.0
2025-12-16 21:00:00,1.6725311,4.5799255,281.29068,100914.67,51.25,6.0
2025-12-16 22:00:00,3.1933594,3.157669,280.4199,100915.89,51.25,6.0
2025-12-16 23:00:00,3.998291,3.8959045,280.8877,100950.53,51.25,6.0
2025-12-17 00:00:00,4.4892883,4.4388885,280.43216,100963.77,51.25,6.0
2025-12-17 01:00:00,4.2286224,4.7393494,279.99246,100974.42,51.25,6.0
2025-12-17 02:00:00,4.3364105,4.6605988,279.68677,100988.34,51.25,6.0
2025-12-17 03:00:00,4.503357,4.2634735,278.49695,100995.11,51.25,6.0
2025-12-17 04:00:00,4.3518066,4.5190735,278.6584,101026.15,51.25,6.0
2025-12-17 05:00:00,4.169327,4.6412506,278.99356,101055.76,51.25,6.0
2025-12-17 06:00:00,4.4899597,4.3984528,280.04608,101114.19,51.25,6.0
2025-12-17 07:00:00,4.7779694,3.8787537,280.39752,101182.67,51.25,6.0
2025-12-17 08:00:00,4.7940063,3.5822296,280.8183,101247.81,51.25,6.0
2025-12-17 09:00:00,4.4764404,3.5037231,281.34393,101329.92,51.25,6.0
2025-12-17 10:00:00,3.7335052,3.8579865,281.75458,101364.234,51.25,6.0
2025-12-17 11:00:00,3.255722,3.6372223,282.63025,101339.06,51.25,6.0
2025-12-17 12:00:00,4.703079,3.1151123,283.01443,101327.66,51.25,6.0
2025-12-17 13:00:00,5.2970886,2.8201294,282.98572,101323.57,51.25,6.0
2025-12-17 14:00:00,4.5073547,2.7883759,282.95294,101305.445,51.25,6.0
2025-12-17 15:00:00,4.114151,3.1196442,282.79803,101324.22,51.25,6.0
2025-12-17 16:00:00,3.978424,3.5178528,282.42227,101331.77,51.25,6.0
2025-12-17 17:00:00,3.5449982,4.2929993,282.3432,101356.17,51.25,6.0
2025-12-17 18:00:00,3.1988525,4.930252,281.98578,101365.0,51.25,6.0
2025-12-17 19:00:00,3.0364532,5.5227203,281.79938,101374.05,51.25,6.0
2025-12-17 20:00:00,3.231781,5.8223877,281.84796,101375.34,51.25,6.0
2025-12-17 21:00:00,3.1305542,6.0783234,281.93283,101389.516,51.25,6.0
2025-12-17 22:00:00,3.3448944,6.228363,281.58923,101383.64,51.25,6.0
2025-12-17 23:00:00,2.9061127,6.408127,281.3305,101372.09,51.25,6.0
2025-12-18 00:00:00,2.8434448,6.7058105,281.38968,101348.91,51.25,6.0
2025-12-18 01:00:00,3.149292,7.2391357,281.2802,101321.22,51.25,6.0
2025-12-18 02:00:00,3.5080414,7.9235535,281.2386,101306.92,51.25,6.0
2025-12-18 03:00:00,3.4434357,8.633621,280.99945,101232.375,51.25,6.0
2025-12-18 04:00:00,3.9061432,9.02858,280.54065,101231.28,51.25,6.0
2025-12-18 05:00:00,3.786911,9.432892,281.16943,101185.85,51.25,6.0
2025-12-18 06:00:00,3.337616,9.513214,281.126,101142.25,51.25,6.0
2025-12-18 07:00:00,3.5257874,8.964325,281.50647,101150.45,51.25,6.0
2025-12-18 08:00:00,3.8483276,8.452286,282.4428,101195.625,51.25,6.0
2025-12-18 09:00:00,3.3872986,8.2812195,282.98065,101190.96,51.25,6.0
2025-12-18 10:00:00,1.7760468,7.038727,283.75208,101127.19,51.25,6.0
2025-12-18 11:00:00,0.95228577,7.6241455,284.37448,101095.55,51.25,6.0
2025-12-18 12:00:00,-0.09799194,8.189758,285.00726,101006.79,51.25,6.0
2025-12-18 13:00:00,-1.6495514,7.9509125,285.42975,100902.95,51.25,6.0
2025-12-18 14:00:00,-0.85539246,9.53949,285.31085,100859.414,51.25,6.0
2025-12-18 15:00:00,-0.32885742,9.775101,284.9171,100840.84,51.25,6.0
2025-12-18 16:00:00,-0.1653595,10.307938,284.59595,100794.79,51.25,6.0
2025-12-18 17:00:00,-0.1591034,10.767929,284.06546,100749.28,51.25,6.0
2025-12-18 18:00:00,0.365448,10.97052,284.65433,100702.94,51.25,6.0
2025-12-18 19:00:00,0.7948456,11.169861,284.902,100680.82,51.25,6.0
2025-12-18 20:00:00,1.6454163,11.317001,285.1046,100659.414,51.25,6.0
2025-12-18 21:00:00,3.1458282,11.128128,285.26172,100697.95,51.25,6.0
2025-12-18 22:00:00,3.3624268,10.932449,285.47168,100712.91,51.25,6.0
2025-12-18 23:00:00,4.166504,10.602921,285.87436,100722.984,51.25,6.0
2025-12-19 00:00:00,4.599106,9.953644,286.23572,100731.17,51.25,6.0
2025-12-19 01:00:00,4.5273743,9.413345,286.14404,100784.68,51.25,6.0
2025-12-19 02:00:00,4.3141785,9.224991,285.93518,100798.74,51.25,6.0
2025-12-19 03:00:00,4.4505005,9.11853,285.304,100791.72,51.25,6.0
2025-12-19 04:00:00,4.9051514,9.058289,285.54434,100784.31,51.25,6.0
2025-12-19 05:00:00,5.4007874,8.975647,285.14325,100817.56,51.25,6.0
2025-12-19 06:00:00,5.514206,8.682175,285.2755,100881.22,51.25,6.0
2025-12-19 07:00:00,5.5867004,8.285843,284.7091,100912.67,51.25,6.0
2025-12-19 08:00:00,5.9417877,7.9164886,284.55914,101001.16,51.25,6.0
2025-12-19 09:00:00,6.165039,6.6289825,284.48987,101065.0,51.25,6.0
2025-12-19 10:00:00,5.706009,3.8266754,284.34546,101169.34,51.25,6.0
2025-12-19 11:00:00,5.4780273,2.625412,284.35272,101204.22,51.25,6.0
2025-12-19 12:00:00,5.639221,2.1151276,284.54926,101244.46,51.25,6.0
2025-12-19 13:00:00,5.4394836,1.7019043,284.25003,101292.55,51.25,6.0
2025-12-19 14:00:00,5.6603546,1.3939362,283.90363,101341.3,51.25,6.0
2025-12-19 15:00:00,5.383087,1.4497528,283.1009,101395.45,51.25,6.0
2025-12-19 16:00:00,5.1078796,1.7312622,282.3067,101445.52,51.25,6.0
2025-12-19 17:00:00,4.9870453,2.1924133,281.24567,101495.58,51.25,6.0
2025-12-19 18:00:00,4.8898773,2.665207,280.0428,101516.81,51.25,6.0
2025-12-19 19:00:00,4.7130585,3.0891724,279.914,101545.17,51.25,6.0
2025-12-19 20:00:00,4.5919037,3.3686218,279.36276,101548.31,51.25,6.0
2025-12-19 21:00:00,4.3766327,3.4262085,278.02725,101569.58,51.25,6.0
2025-12-19 22:00:00,4.5592804,3.3006744,278.24548,101566.19,51.25,6.0
2025-12-19 23:00:00,4.36084,3.369339,277.60822,101564.24,51.25,6.0
2025-12-20 00:00:00,4.0915375,3.1453247,277.06277,101545.65,51.25,6.0
2025-12-20 01:00:00,3.972412,2.532898,276.2663,101534.66,51.25,6.0
2025-12-20 02:00:00,3.4580078,2.001297,275.35132,101533.17,51.25,6.0
2025-12-20 03:00:00,2.5578156,1.7917938,275.09338,101478.375,51.25,6.0
2025-12-20 04:00:00,1.4626617,1.8874512,274.72635,101425.7,51.25,6.0
2025-12-20 05:00:00,0.4343872,2.0045166,274.8156,101388.26,51.25,6.0
2025-12-20 06:00:00,-0.7295227,1.8201447,274.74805,101352.195,51.25,6.0
2025-12-20 07:00:00,-2.4348145,2.455719,274.42743,101338.805,51.25,6.0
2025-12-20 08:00:00,-3.4645844,3.1517792,274.23438,101331.06,51.25,6.0
2025-12-20 09:00:00,-3.7043762,2.3019104,275.23816,101318.31,51.25,6.0
2025-12-20 10:00:00,-3.8042908,1.0735626,276.41107,101245.64,51.25,6.0
2025-12-20 11:00:00,-3.5291748,0.13641357,277.97107,101225.19,51.25,6.0
2025-12-20 12:00:00,-3.7637482,-0.18544006,278.9402,101063.28,51.25,6.0
2025-12-20 13:00:00,-4.380127,-0.212677,279.56354,101086.28,51.25,6.0
2025-12-20 14:00:00,-5.0451355,0.09660339,279.87146,100954.95,51.25,6.0
2025-12-20 15:00:00,-5.8780975,0.16221619,279.79327,100968.47,51.25,6.0
2025-12-20 16:00:00,-6.0747223,1.0564575,279.88684,100836.95,51.25,6.0
2025-12-20 17:00:00,-5.4844055,1.9929047,280.01706,100836.65,51.25,6.0
2025-12-20 18:00:00,-5.0594635,2.3527527,280.43,100819.25,51.25,6.0
2025-12-20 19:00:00,-5.04982,2.7674103,280.39517,100751.79,51.25,6.0
2025-12-20 20:00:00,-5.021393,3.1299438,280.37524,100729.45,51.25,6.0
2025-12-20 21:00:00,-4.580368,3.6563416,280.70557,100735.95,51.25,6.0
2025-12-20 22:00:00,-2.9957733,3.4923096,280.6363,100746.59,51.25,6.0
2025-12-20 23:00:00,-3.2632446,4.01976,280.70633,100730.06,51.25,6.0
2025-12-21 00:00:00,-3.1201324,4.6017303,281.1337,100690.81,51.25,6.0
2025-12-21 01:00:00,-3.033142,4.6649933,281.28546,100701.69,51.25,6.0
2025-12-21 02:00:00,-3.44281,4.684311,281.33606,100701.47,51.25,6.0
2025-12-21 03:00:00,-3.467041,4.9481964,281.31262,100703.62,51.25,6.0
2025-12-21 04:00:00,-3.380844,4.8126984,281.27188,100687.2,51.25,6.0
2025-12-21 05:00:00,-3.5292969,4.272354,281.30002,100683.4,51.25,6.0
2025-12-21 06:00:00,-3.688446,4.076294,281.3042,100674.08,51.25,6.0
2025-12-21 07:00:00,-3.7050934,4.0314026,281.2309,100684.414,51.25,6.0
2025-12-21 08:00:00,-3.8026276,4.183777,281.0686,100705.97,51.25,6.0
2025-12-21 09:00:00,-4.113846,3.9765167,281.3994,100718.3,51.25,6.0
2025-12-21 10:00:00,-4.007141,2.9973297,282.6539,100712.89,51.25,6.0
2025-12-21 11:00:00,-4.4779205,2.671692,283.5064,100667.516,51.25,6.0
2025-12-21 12:00:00,-4.7904053,2.3373108,284.32324,100601.8,51.25,6.0
2025-12-21 13:00:00,-5.254959,1.7310333,284.69574,100562.484,51.25,6.0
2025-12-21 14:00:00,-6.012924,1.9837646,284.71182,100576.125,51.25,6.0
2025-12-21 15:00:00,-6.18721,1.4037323,283.62668,100534.41,51.25,6.0
2025-12-21 16:00:00,-6.9422607,0.4388733,282.1761,100501.82,51.25,6.0
2025-12-21 17:00:00,-7.4711304,0.8507843,281.32486,100471.68,51.25,6.0
2025-12-21 18:00:00,-7.8239136,1.2646179,280.79773,100430.94,51.25,6.0
2025-12-21 19:00:00,-8.341904,1.7035828,280.4679,100418.61,51.25,6.0
2025-12-21 20:00:00,-8.659622,2.2397308,280.28235,100363.86,51.25,6.0
2025-12-21 21:00:00,-7.9207306,2.6401825,279.77557,100412.74,51.25,6.0
2025-12-21 22:00:00,-7.836838,0.48077393,279.93097,100309.29,51.25,6.0
2025-12-21 23:00:00,-7.4006805,1.2077026,279.43713,100356.734,51.25,6.0
2025-12-22 00:00:00,-6.7174835,2.097046,278.3114,100368.8,51.25,6.0
2025-12-22 01:00:00,-6.781906,2.5620728,278.49384,100392.61,51.25,6.0
2025-12-22 02:00:00,-7.1175385,2.8735352,278.0354,100402.09,51.25,6.0
2025-12-22 03:00:00,-7.017578,3.3853912,276.95264,100428.766,51.25,6.0
2025-12-22 04:00:00,-6.2075806,4.138321,277.26373,100448.36,51.25,6.0
2025-12-22 05:00:00,-6.1888275,3.7731476,277.0989,100450.336,51.25,6.0
2025-12-22 06:00:00,-6.8322296,3.1840668,276.76624,100452.03,51.25,6.0
2025-12-22 07:00:00,-7.2209625,3.066986,276.7469,100477.17,51.25,6.0
2025-12-22 08:00:00,-7.1023865,2.936493,276.67554,100506.25,51.25,6.0
2025-12-22 09:00:00,-6.62854,2.4253082,276.69983,100541.73,51.25,6.0
2025-12-22 10:00:00,-6.5774994,1.2598419,277.6509,100581.16,51.25,6.0
2025-12-22 11:00:00,-5.859833,0.13975525,278.19183,100582.58,51.25,6.0
2025-12-22 12:00:00,-6.108246,0.08935547,278.5717,100572.72,51.25,6.0
2025-12-22 13:00:00,-5.873047,0.624527,278.71082,100578.875,51.25,6.0
2025-12-22 14:00:00,-5.8638916,0.96250916,278.67902,100577.484,51.25,6.0
2025-12-22 15:00:00,-6.3518677,0.67985535,278.24823,100602.97,51.25,6.0
2025-12-22 16:00:00,-6.9449005,0.6141815,277.60364,100620.92,51.25,6.0
2025-12-22 17:00:00,-7.3135834,0.9785309,277.26886,100634.734,51.25,6.0
2025-12-22 18:00:00,-7.2520905,1.4047089,277.0653,100686.69,51.25,6.0
2025-12-22 19:00:00,-6.9566345,1.7461243,276.62076,100744.42,51.25,6.0
2025-12-22 20:00:00,-6.952606,1.4650879,276.14807,100758.0,51.25,6.0
2025-12-22 21:00:00,-7.070999,0.9166107,276.4297,100791.766,51.25,6.0
2025-12-22 22:00:00,-6.9192963,0.31256104,276.2744,100801.72,51.25,6.0
2025-12-22 23:00:00,-6.9673767,-0.36576843,276.26245,100803.74,51.25,6.0
2025-12-23 00:00:00,-6.8167725,-1.0126953,276.5514,100816.31,51.25,6.0
2025-12-23 01:00:00,-6.769684,-0.7776489,276.7046,100850.79,51.25,6.0
2025-12-23 02:00:00,-7.308655,-1.0380096,276.8814,100879.11,51.25,6.0
2025-12-23 03:00:00,-7.68425,-0.86875916,276.84772,100894.89,51.25,6.0
2025-12-23 04:00:00,-7.724533,-0.6921234,277.0829,100898.75,51.25,6.0
2025-12-23 05:00:00,-7.865204,-0.33642578,276.9715,100937.82,51.25,6.0
2025-12-23 06:00:00,-7.8778076,-0.14266968,277.073,100973.22,51.25,6.0
2025-12-23 07:00:00,-7.9028015,-0.37348938,277.37012,101021.766,51.25,6.0
2025-12-23 08:00:00,-7.922577,-0.6868286,277.27298,101084.125,51.25,6.0
2025-12-23 09:00:00,-7.6665344,-0.9658661,277.61234,101157.33,51.25,6.0
2025-12-23 10:00:00,-7.7431793,-0.87161255,278.12515,101172.695,51.25,6.0
2025-12-23 11:00:00,-7.875122,-0.84791565,278.41626,101210.59,51.25,6.0
2025-12-23 12:00:00,-8.105164,-1.0554352,278.59143,101234.47,51.25,6.0
2025-12-23 13:00:00,-7.413208,-1.4066467,278.6676,101240.97,51.25,6.0
2025-12-23 14:00:00,-7.5498505,-2.0808258,278.65714,101307.8,51.25,6.0
2025-12-23 15:00:00,-7.9514923,-2.2398376,278.4223,101355.31,51.25,6.0
2025-12-23 16:00:00,-8.505188,-2.768982,278.2026,101443.29,51.25,6.0
2025-12-23 17:00:00,-9.118759,-2.8396301,278.14835,101541.125,51.25,6.0
2025-12-23 18:00:00,-9.368011,-2.559494,277.72498,101617.65,51.25,6.0
2025-12-23 19:00:00,-9.46843,-2.5131226,277.84738,101720.29,51.25,6.0
2025-12-23 20:00:00,-9.303284,-2.5437317,277.7173,101770.805,51.25,6.0
2025-12-23 21:00:00,-9.136627,-2.7862244,277.54535,101849.63,51.25,6.0
2025-12-23 22:00:00,-8.714905,-2.9394379,277.1487,101903.27,51.25,6.0
2025-12-23 23:00:00,-8.234192,-4.5180664,277.01227,101931.2,51.25,6.0
2025-12-24 00:00:00,-8.565781,-4.93721,276.67175,102017.48,51.25,6.0
2025-12-24 01:00:00,-8.982407,-4.8195953,276.21457,102100.61,51.25,6.0
2025-12-24 02:00:00,-9.270508,-4.496582,275.307,102182.11,51.25,6.0
2025-12-24 03:00:00,-9.547226,-4.301819,274.71802,102241.72,51.25,6.0
2025-12-24 04:00:00,-9.728195,-3.7466125,274.103,102264.14,51.25,6.0
2025-12-24 05:00:00,-9.596878,-3.544983,273.26785,102313.9,51.25,6.0
2025-12-24 06:00:00,-9.585068,-3.8171082,273.32574,102361.55,51.25,6.0
2025-12-24 07:00:00,-9.294113,-4.330078,273.2094,102438.984,51.25,6.0
2025-12-24 08:00:00,-9.03981,-4.8020935,273.20905,102533.77,51.25,6.0
2025-12-24 09:00:00,-8.592255,-5.1705475,273.51526,102619.37,51.25,6.0
2025-12-24 10:00:00,-6.56192,-5.698303,274.10504,102626.58,51.25,6.0
2025-12-24 11:00:00,-6.916168,-6.081909,274.51984,102616.0,51.25,6.0
2025-12-24 12:00:00,-7.2744904,-5.833145,274.6753,102565.3,51.25,6.0
2025-12-24 13:00:00,-7.6526947,-6.1124573,274.56805,102533.61,51.25,6.0
2025-12-24 14:00:00,-7.9884644,-6.065384,274.15158,102533.76,51.25,6.0
2025-12-24 15:00:00,-8.334198,-5.7036285,273.70428,102541.625,51.25,6.0
2025-12-24 16:00:00,-8.625702,-5.5138702,273.0744,102554.016,51.25,6.0
2025-12-24 17:00:00,-8.917557,-5.635193,272.74,102571.81,51.25,6.0
2025-12-24 18:00:00,-9.25386,-5.756256,272.43994,102546.92,51.25,6.0
2025-12-24 19:00:00,-9.405182,-5.7119293,272.0739,102550.62,51.25,6.0
2025-12-24 20:00:00,-9.487213,-5.5275574,271.614,102525.664,51.25,6.0
2025-12-24 21:00:00,-9.594452,-5.2947235,271.22925,102511.84,51.25,6.0
2025-12-24 22:00:00,-9.164856,-5.131653,270.52518,102464.04,51.25,6.0
2025-12-24 23:00:00,-9.608673,-4.851013,270.55017,102452.79,51.25,6.0
2025-12-25 00:00:00,-10.075317,-5.1613617,269.98578,102453.59,51.25,6.0
2025-12-25 01:00:00,-10.29837,-5.15744,269.67755,102425.17,51.25,6.0
2025-12-25 02:00:00,-10.480484,-4.496231,269.7525,102426.25,51.25,6.0
2025-12-25 03:00:00,-10.426132,-3.5213318,269.2298,102429.03,51.25,6.0
2025-12-25 04:00:00,-10.019821,-3.0697632,269.4047,102432.04,51.25,6.0
2025-12-25 05:00:00,-9.54361,-3.575653,268.75995,102436.72,51.25,6.0
2025-12-25 06:00:00,-9.305466,-3.833847,268.89865,102442.46,51.25,6.0
2025-12-25 07:00:00,-9.140549,-3.5294342,268.79565,102492.01,51.25,6.0
2025-12-25 08:00:00,-8.966629,-3.425827,268.3577,102512.84,51.25,6.0
2025-12-25 09:00:00,-8.321747,-3.7552338,269.04938,102519.78,51.25,6.0
2025-12-25 10:00:00,-6.929413,-3.8851166,270.02972,102466.31,51.25,6.0
2025-12-25 11:00:00,-7.7483063,-2.9980621,271.052,102408.03,51.25,6.0
2025-12-25 12:00:00,-7.4761963,-2.4338837,272.1931,102306.47,51.25,6.0
2025-12-25 13:00:00,-6.8882294,-2.5632172,272.84094,102264.31,51.25,6.0
2025-12-25 14:00:00,-7.700363,-3.111847,273.10718,102263.695,51.25,6.0
2025-12-25 15:00:00,-8.373596,-2.9868927,272.60608,102260.99,51.25,6.0
2025-12-25 16:00:00,-8.709457,-3.1279602,271.98917,102286.98,51.25,6.0
2025-12-25 17:00:00,-8.806488,-2.597046,271.62036,102308.67,51.25,6.0
2025-12-25 18:00:00,-8.638931,-1.9001312,271.2868,102301.39,51.25,6.0
2025-12-25 19:00:00,-8.506271,-2.1928864,270.9529,102329.016,51.25,6.0
2025-12-25 20:00:00,-8.444107,-2.0835266,270.6007,102347.47,51.25,6.0
2025-12-25 21:00:00,-7.836685,-1.527359,270.365,102396.164,51.25,6.0
2025-12-25 22:00:00,-6.9254913,-2.6539307,270.0423,102367.28,51.25,6.0
2025-12-25 23:00:00,-7.2400513,-2.6158752,269.78076,102382.09,51.25,6.0
2025-12-26 00:00:00,-7.0635986,-2.2858276,269.56732,102372.33,51.25,6.0
2025-12-26 01:00:00,-7.2426147,-2.1685944,269.28772,102367.04,51.25,6.0
2025-12-26 02:00:00,-7.4541473,-1.7212677,268.73132,102376.47,51.25,6.0
2025-12-26 03:00:00,-7.433365,-1.4091797,268.49243,102361.61,51.25,6.0
2025-12-26 04:00:00,-7.4065094,-0.8329468,268.711,102326.94,51.25,6.0
2025-12-26 05:00:00,-7.3857117,-0.6880646,268.62482,102314.984,51.25,6.0
2025-12-26 06:00:00,-7.369995,-0.6985016,268.36066,102353.19,51.25,6.0
2025-12-26 07:00:00,-7.232849,-0.628067,268.05954,102408.02,51.25,6.0
2025-12-26 08:00:00,-7.3065186,-0.700943,268.19403,102436.44,51.25,6.0
2025-12-26 09:00:00,-7.3338013,-0.7471466,269.84485,102489.35,51.25,6.0
2025-12-26 10:00:00,-7.2790833,-1.0740509,271.76666,102471.33,51.25,6.0
2025-12-26 11:00:00,-6.927719,-1.17453,273.48718,102492.984,51.25,6.0
2025-12-26 12:00:00,-6.362793,-0.95425415,274.9641,102439.17,51.25,6.0
2025-12-26 13:00:00,-6.7611694,-1.0630798,275.9375,102466.64,51.25,6.0
2025-12-26 14:00:00,-6.893753,-1.0387115,276.2652,102472.74,51.25,6.0
2025-12-26 15:00:00,-7.4217987,-1.1704559,275.5923,102505.64,51.25,6.0
2025-12-26 16:00:00,-8.067413,-1.4443817,274.52188,102524.99,51.25,6.0
2025-12-26 17:00:00,-8.071457,-0.9767761,273.8225,102590.12,51.25,6.0
2025-12-26 18:00:00,-7.470581,-0.42333984,273.30304,102624.51,51.25,6.0
2025-12-26 19:00:00,-7.055237,-0.54452515,272.75977,102676.086,51.25,6.0
2025-12-26 20:00:00,-7.1322174,-1.1928711,272.37195,102688.67,51.25,6.0
2025-12-26 21:00:00,-7.217148,-1.6133728,272.0869,102746.82,51.25,6.0
2025-12-26 22:00:00,-7.1459656,-1.9256439,271.91476,102729.97,51.25,6.0
2025-12-26 23:00:00,-6.8729706,-1.2927094,271.6103,102724.91,51.25,6.0
2025-12-27 00:00:00,-6.447708,-1.4578857,271.06683,102716.93,51.25,6.0
2025-12-27 01:00:00,-6.390915,-2.0607452,270.91983,102727.516,51.25,6.0
2025-12-27 02:00:00,-6.157654,-2.4566345,269.8813,102745.62,51.25,6.0
2025-12-27 03:00:00,-5.842621,-2.4136963,270.37378,102741.22,51.25,6.0
2025-12-27 04:00:00,-5.546356,-2.467636,270.06223,102708.95,51.25,6.0
2025-12-27 05:00:00,-5.241089,-2.8128357,269.9795,102708.375,51.25,6.0
2025-12-27 06:00:00,-5.012436,-3.1907501,269.95932,102715.67,51.25,6.0
2025-12-27 07:00:00,-4.703537,-3.2640228,270.1033,102737.61,51.25,6.0
2025-12-27 08:00:00,-4.478134,-4.2311707,270.3053,102801.234,51.25,6.0
2025-12-27 09:00:00,-4.438263,-4.587555,271.46667,102880.45,51.25,6.0
2025-12-27 10:00:00,-4.8085785,-3.3956146,272.4474,102888.33,51.25,6.0
2025-12-27 11:00:00,-3.2497864,-2.6801453,273.95813,102869.22,51.25,6.0
2025-12-27 12:00:00,-2.601593,-2.7384033,274.9989,102787.08,51.25,6.0
2025-12-27 13:00:00,-2.183731,-2.6749115,275.464,102772.03,51.25,6.0
2025-12-27 14:00:00,-2.1938171,-3.7860107,275.42468,102731.83,51.25,6.0
2025-12-27 15:00:00,-2.966446,-6.0141296,275.37384,102765.92,51.25,6.0
2025-12-27 16:00:00,-3.7087708,-5.3338165,274.82047,102747.01,51.25,6.0
2025-12-27 17:00:00,-3.741928,-4.4482117,274.9276,102780.766,51.25,6.0
2025-12-27 18:00:00,-3.1259308,-3.8563843,274.57898,102785.46,51.25,6.0
2025-12-27 19:00:00,-2.0063324,-3.2352295,274.3882,102778.0,51.25,6.0
2025-12-27 20:00:00,-1.4582825,-3.5499725,274.67535,102788.46,51.25,6.0
2025-12-27 21:00:00,-1.0974121,-3.3588715,275.10385,102796.86,51.25,6.0
2025-12-27 22:00:00,-0.7747345,-2.443863,274.66827,102768.45,51.25,6.0
2025-12-27 23:00:00,0.12420654,-2.969635,274.7544,102718.06,51.25,6.0
2025-12-28 00:00:00,0.08113098,-4.0086975,275.22598,102702.15,51.25,6.0
2025-12-28 01:00:00,-1.4070129,-4.631378,275.42993,102709.875,51.25,6.0
2025-12-28 02:00:00,-2.81279,-3.808548,275.735,102746.35,51.25,6.0
2025-12-28 03:00:00,-3.4664612,-2.7382202,275.88138,102738.84,51.25,6.0
2025-12-28 04:00:00,-3.4790497,-1.4842682,275.73364,102705.05,51.25,6.0
2025-12-28 05:00:00,-3.5888672,-1.0353088,275.2846,102671.52,51.25,6.0
2025-12-28 06:00:00,-4.4131775,-1.5009155,274.86874,102690.33,51.25,6.0
2025-12-28 07:00:00,-4.354431,-0.5300293,274.1413,102703.25,51.25,6.0
2025-12-28 08:00:00,-4.027603,0.007019043,273.7894,102705.17,51.25,6.0
2025-12-28 09:00:00,-3.771988,-0.44078064,273.61414,102734.06,51.25,6.0
2025-12-28 10:00:00,-4.0238037,-1.0845032,275.7871,102748.73,51.25,6.0
2025-12-28 11:00:00,-3.70401,-1.3558197,276.97028,102743.266,51.25,6.0
2025-12-28 12:00:00,-3.4421692,-1.337677,277.52972,102683.8,51.25,6.0
2025-12-28 13:00:00,-3.7498932,-1.3818817,277.8932,102638.53,51.25,6.0
2025-12-28 14:00:00,-4.525406,-1.8194275,277.68063,102606.03,51.25,6.0
2025-12-28 15:00:00,-5.299179,-2.1917267,276.82776,102575.234,51.25,6.0
2025-12-28 16:00:00,-5.646591,-2.2686615,274.84973,102536.41,51.25,6.0
2025-12-28 17:00:00,-5.6990814,-2.0197754,272.5808,102524.555,51.25,6.0
2025-12-28 18:00:00,-5.3855286,-1.6224976,272.62512,102477.17,51.25,6.0
2025-12-28 19:00:00,-4.9091187,-0.6401825,272.1843,102460.69,51.25,6.0
2025-12-28 20:00:00,-4.303955,0.10914612,271.478,102404.234,51.25,6.0
2025-12-28 21:00:00,-3.52063,-0.72753906,270.93463,102375.586,51.25,6.0
2025-12-28 22:00:00,-3.3270874,-1.7163391,270.56784,102328.19,51.25,6.0
2025-12-28 23:00:00,-3.3954468,-2.4015808,270.82285,102318.33,51.25,6.0
2025-12-29 00:00:00,-3.09021,-2.1521606,269.71655,102297.016,51.25,6.0
2025-12-29 01:00:00,-2.2635803,-1.7143402,269.89917,102286.95,51.25,6.0
2025-12-29 02:00:00,-1.7132874,-1.938736,269.80057,102265.83,51.25,6.0
2025-12-29 03:00:00,-1.3216095,-2.3424072,269.75934,102240.03,51.25,6.0
2025-12-29 04:00:00,-1.1637726,-2.051712,269.93777,102194.55,51.25,6.0
2025-12-29 05:00:00,-0.90101624,-1.421524,269.89603,102179.22,51.25,6.0
2025-12-29 06:00:00,-0.384552,-1.1288452,270.74344,102188.52,51.25,6.0
2025-12-29 07:00:00,0.31336975,-1.0336761,271.19202,102197.86,51.25,6.0
2025-12-29 08:00:00,1.0053864,-0.57740784,271.614,102204.3,51.25,6.0
2025-12-29 09:00:00,1.7244568,-0.21482849,272.0144,102211.734,51.25,6.0
2025-12-29 10:00:00,1.8531799,-0.32530212,272.6266,102197.86,51.25,6.0
2025-12-29 11:00:00,2.6592407,-0.29208374,273.39948,102168.66,51.25,6.0
2025-12-29 12:00:00,3.105484,-0.69737244,274.14636,102070.55,51.25,6.0
2025-12-29 13:00:00,2.7783356,-0.9317322,274.78033,102055.03,51.25,6.0
2025-12-29 14:00:00,3.2391052,-0.8115692,275.01648,102023.84,51.25,6.0
2025-12-29 15:00:00,4.0211334,-0.6440582,275.24988,101992.34,51.25,6.0
2025-12-29 16:00:00,5.032501,-0.9612732,275.13187,101970.47,51.25,6.0
2025-12-29 17:00:00,5.431473,-1.3803406,275.2381,101955.92,51.25,6.0
2025-12-29 18:00:00,5.3516846,-2.5328217,275.48145,101951.92,51.25,6.0
2025-12-29 19:00:00,4.509201,-3.7619324,275.81702,101994.21,51.25,6.0
2025-12-29 20:00:00,3.448883,-4.6921234,275.81946,102007.41,51.25,6.0
2025-12-29 21:00:00,2.2999878,-5.834961,275.96442,102028.49,51.25,6.0
2025-12-29 22:00:00,1.0130463,-6.370697,276.2792,102063.41,51.25,6.0
2025-12-29 23:00:00,0.8223572,-6.6593323,276.10803,102104.734,51.25,6.0
2025-12-30 00:00:00,1.1811829,-6.4192047,275.74445,102117.484,51.25,6.0
2025-12-30 01:00:00,0.9971161,-6.22818,275.46283,102164.36,51.25,6.0
2025-12-30 02:00:00,0.7158356,-6.307129,275.09338,102189.41,51.25,6.0
2025-12-30 03:00:00,0.5938873,-6.214813,274.40527,102229.67,51.25,6.0
2025-12-30 04:00:00,1.107544,-6.277008,273.93646,102248.33,51.25,6.0
2025-12-30 05:00:00,1.6417389,-6.339752,273.65573,102236.27,51.25,6.0
2025-12-30 06:00:00,1.7382355,-6.5522614,272.41266,102280.36,51.25,6.0
2025-12-30 07:00:00,1.7792664,-6.3726196,272.78412,102330.81,51.25,6.0
2025-12-30 08:00:00,1.7900085,-6.240555,272.43604,102383.414,51.25,6.0
2025-12-30 09:00:00,1.6096954,-5.796051,273.02106,102452.32,51.25,6.0
2025-12-30 10:00:00,1.7198792,-4.401367,274.33167,102481.21,51.25,6.0
2025-12-30 11:00:00,2.0878143,-3.8253632,275.58264,102474.02,51.25,6.0
2025-12-30 12:00:00,2.235443,-3.2850647,276.77573,102435.34,51.25,6.0
2025-12-30 13:00:00,2.4371338,-3.55307,277.19006,102442.45,51.25,6.0
2025-12-30 14:00:00,2.2524414,-4.270569,277.0686,102426.83,51.25,6.0
2025-12-30 15:00:00,2.2279663,-4.5953827,275.7939,102451.45,51.25,6.0
2025-12-30 16:00:00,2.1717834,-5.238373,274.09222,102465.02,51.25,6.0
2025-12-30 17:00:00,2.020935,-5.443161,272.56165,102485.34,51.25,6.0
2025-12-30 18:00:00,2.210083,-5.1727753,272.35303,102476.3,51.25,6.0
2025-12-30 19:00:00,2.6444855,-5.0037994,272.18436,102475.89,51.25,6.0
2025-12-30 20:00:00,2.9335327,-4.705368,272.19998,102485.69,51.25,6.0
2025-12-30 21:00:00,3.1127625,-4.175995,271.7255,102469.28,51.25,6.0
2025-12-30 22:00:00,3.233017,-4.532852,271.09622,102455.56,51.25,6.0
2025-12-30 23:00:00,3.4534454,-4.0940857,271.53497,102453.734,51.25,6.0
2025-12-31 00:00:00,3.7660065,-3.1358795,271.08212,102400.305,51.25,6.0
2025-12-31 01:00:00,4.457733,-2.5166168,271.01575,102386.016,51.25,6.0
2025-12-31 02:00:00,5.0225983,-2.1641083,270.74695,102347.53,51.25,6.0
2025-12-31 03:00:00,5.5054016,-1.6596832,271.12506,102311.84,51.25,6.0
2025-12-31 04:00:00,5.8852234,-1.3303986,271.50497,102238.234,51.25,6.0
2025-12-31 05:00:00,5.703842,-1.6270905,271.6963,102219.58,51.25,6.0
2025-12-31 06:00:00,5.7694397,-1.2842407,271.6381,102198.734,51.25,6.0
2025-12-31 07:00:00,5.893112,-0.6085663,271.93396,102170.64,51.25,6.0
2025-12-31 08:00:00,6.29541,0.1587677,272.02484,102179.375,51.25,6.0
2025-12-31 09:00:00,6.513489,1.0032501,273.14832,102133.18,51.25,6.0
2025-12-31 10:00:00,6.2336273,1.0795288,274.1218,102089.23,51.25,6.0
2025-12-31 11:00:00,6.606415,1.407074,275.20087,102049.875,51.25,6.0
2025-12-31 12:00:00,7.519516,1.7959137,276.03278,101947.19,51.25,6.0
2025-12-31 13:00:00,7.2091064,1.347992,276.34668,101898.336,51.25,6.0
2025-12-31 14:00:00,7.139511,0.91789246,276.49487,101826.586,51.25,6.0
2025-12-31 15:00:00,7.1484222,0.79623413,276.48947,101795.016,51.25,6.0
2025-12-31 16:00:00,7.2217712,0.48277283,276.33765,101728.414,51.25,6.0
2025-12-31 17:00:00,7.3405457,0.56629944,276.40482,101705.96,51.25,6.0
2025-12-31 18:00:00,7.6838684,0.7189636,276.18036,101654.805,51.25,6.0
2025-12-31 19:00:00,7.774109,1.2280884,275.80902,101637.05,51.25,6.0
2025-12-31 20:00:00,7.743622,2.4348755,275.19055,101585.516,51.25,6.0
2025-12-31 21:00:00,7.749176,3.5090027,275.16037,101506.29,51.25,6.0
2025-12-31 22:00:00,7.7279205,3.8993073,275.46155,101399.75,51.25,6.0
2025-12-31 23:00:00,7.9796906,4.5062866,275.301,101307.055,51.25,6.0
2026-01-01 00:00:00,8.261612,4.978607,275.4722,101199.875,51.25,6.0
2026-01-01 01:00:00,8.521896,5.276764,275.5921,101080.58,51.25,6.0
2026-01-01 02:00:00,8.843048,5.094742,275.56323,101014.89,51.25,6.0
2026-01-01 03:00:00,8.940735,5.300522,275.36255,100900.44,51.25,6.0
2026-01-01 04:00:00,9.186783,5.7421722,275.07797,100775.16,51.25,6.0
2026-01-01 05:00:00,9.879776,5.622238,275.15427,100645.766,51.25,6.0
2026-01-01 06:00:00,10.408707,5.527664,275.4519,100515.266,51.25,6.0
2026-01-01 07:00:00,10.58374,5.787918,275.39703,100405.9,51.25,6.0
2026-01-01 08:00:00,11.073807,5.4719086,275.6621,100321.305,51.25,6.0
2026-01-01 09:00:00,11.522095,5.0829315,275.74332,100272.35,51.25,6.0
2026-01-01 10:00:00,9.399597,5.8316345,276.0365,100174.3,51.25,6.0
2026-01-01 11:00:00,10.120651,6.2900543,276.2954,100049.55,51.25,6.0
2026-01-01 12:00:00,10.128326,5.0780334,276.51578,99959.8,51.25,6.0
2026-01-01 13:00:00,10.447861,4.533905,276.5434,99880.79,51.25,6.0
2026-01-01 14:00:00,10.578018,4.791382,276.1516,99784.734,51.25,6.0
2026-01-01 15:00:00,10.986618,4.5300293,276.48468,99727.25,51.25,6.0
2026-01-01 16:00:00,11.078354,4.0063324,276.78534,99665.06,51.25,6.0
2026-01-01 17:00:00,11.131699,3.118454,276.8433,99631.32,51.25,6.0
2026-01-01 18:00:00,11.069397,3.019989,276.8988,99602.8,51.25,6.0
2026-01-01 19:00:00,11.07251,2.8136902,276.8042,99584.4,51.25,6.0
2026-01-01 20:00:00,10.955521,2.672409,276.59323,99540.94,51.25,6.0
2026-01-01 21:00:00,10.731705,2.6320343,276.6642,99525.125,51.25,6.0
2026-01-01 22:00:00,10.356689,1.8103027,276.32718,99435.01,51.25,6.0
2026-01-01 23:00:00,10.646194,1.4566498,275.86533,99418.06,51.25,6.0
