valid_time,u100,v100,t2m,sp,latitude,longitude
2023-12-31 00:00:00,1.1677856,11.196365,282.96414,100370.19,51.75,5.25
2023-12-31 01:00:00,0.15008545,11.12529,282.7179,100243.51,51.75,5.25
2023-12-31 02:00:00,-1.340683,11.04628,282.61148,100104.9,51.75,5.25
2023-12-31 03:00:00,-1.4189758,11.2556305,282.47256,99991.3,51.75,5.25
2023-12-31 04:00:00,-2.0093994,11.149689,282.50323,99834.75,51.75,5.25
2023-12-31 05:00:00,-1.6378784,11.407761,282.8122,99688.734,51.75,5.25
2023-12-31 06:00:00,-1.4640045,11.80307,283.06046,99578.82,51.75,5.25
2023-12-31 07:00:00,-1.1114197,12.509216,283.17957,99486.11,51.75,5.25
2023-12-31 08:00:00,0.63623047,12.499786,283.02243,99455.94,51.75,5.25
2023-12-31 09:00:00,3.422989,12.08345,282.87854,99438.63,51.75,5.25
2023-12-31 10:00:00,4.3780823,10.764633,282.48236,99448.734,51.75,5.25
2023-12-31 11:00:00,5.891159,10.116013,282.20126,99480.08,51.75,5.25
2023-12-31 12:00:00,6.4644165,9.70488,281.894,99478.336,51.75,5.25
2023-12-31 13:00:00,6.5567474,10.199936,281.95386,99485.016,51.75,5.25
2023-12-31 14:00:00,5.576706,11.22467,282.16986,99484.016,51.75,5.25
2023-12-31 15:00:00,5.97789,11.605118,282.26755,99472.51,51.75,5.25
2023-12-31 16:00:00,6.247757,11.4216,282.418,99471.62,51.75,5.25
2023-12-31 17:00:00,6.393448,11.317108,282.5772,99469.5,51.75,5.25
2023-12-31 18:00:00,6.249466,11.6970215,282.5907,99473.875,51.75,5.25
2023-12-31 19:00:00,6.3647766,12.035675,282.52283,99523.74,51.75,5.25
2023-12-31 20:00:00,7.1340485,11.572144,282.37653,99555.7,51.75,5.25
2023-12-31 21:00:00,7.698288,10.971161,282.24002,99601.38,51.75,5.25
2023-12-31 22:00:00,7.6874237,11.576294,281.9465,99630.85,51.75,5.25
2023-12-31 23:00:00,8.345001,10.967224,281.75754,99689.266,51.75,5.25
2024-01-01 00:00:00,8.857574,10.690491,281.72412,99701.625,51.75,5.25
2024-01-01 01:00:00,8.924255,10.192352,281.15054,99698.79,51.75,5.25
2024-01-01 02:00:00,9.0733795,9.887848,280.7702,99742.87,51.75,5.25
2024-01-01 03:00:00,9.529114,9.353012,280.55023,99768.625,51.75,5.25
2024-01-01 04:00:00,9.651642,8.904556,280.7569,99774.53,51.75,5.25
2024-01-01 05:00:00,9.811661,8.612091,280.758,99816.97,51.75,5.25
2024-01-01 06:00:00,10.5466,7.895645,280.4618,99871.766,51.75,5.25
2024-01-01 07:00:00,10.623444,6.676819,280.1792,99970.37,51.75,5.25
2024-01-01 08:00:00,10.375626,5.855438,280.21338,100080.94,51.75,5.25
2024-01-01 09:00:00,10.213837,5.497238,280.5538,100173.375,51.75,5.25
2024-01-01 10:00:00,9.48201,5.104767,280.9397,100265.06,51.75,5.25
2024-01-01 11:00:00,9.371918,4.4853516,281.30423,100323.86,51.75,5.25
2024-01-01 12:00:00,8.829086,4.7432404,281.5116,100362.84,51.75,5.25
2024-01-01 13:00:00,8.592712,5.0855865,281.36746,100377.83,51.75,5.25
2024-01-01 14:00:00,9.7009735,4.7114716,281.54868,100425.69,51.75,5.25
2024-01-01 15:00:00,9.731522,4.2397156,281.22974,100467.27,51.75,5.25
2024-01-01 16:00:00,8.613129,4.765747,280.68784,100513.42,51.75,5.25
2024-01-01 17:00:00,7.381546,5.465683,280.31076,100554.54,51.75,5.25
2024-01-01 18:00:00,6.690323,5.99498,280.05435,100551.375,51.75,5.25
2024-01-01 19:00:00,5.0884705,6.493622,280.08392,100519.84,51.75,5.25
2024-01-01 20:00:00,3.8026886,7.40921,280.1255,100472.195,51.75,5.25
2024-01-01 21:00:00,2.5081635,8.195358,280.15317,100385.7,51.75,5.25
2024-01-01 22:00:00,0.46220398,9.136856,280.45563,100277.234,51.75,5.25
2024-01-01 23:00:00,0.21035767,10.14183,280.53845,100132.54,51.75,5.25
2024-01-02 00:00:00,0.48376465,11.11293,280.4992,99968.09,51.75,5.25
2024-01-02 01:00:00,-0.7184906,11.610794,280.6263,99746.016,51.75,5.25
2024-01-02 02:00:00,-1.52742,11.904999,280.61792,99507.17,51.75,5.25
2024-01-02 03:00:00,0.008621216,11.65152,281.26996,99290.805,51.75,5.25
2024-01-02 04:00:00,4.2507324,11.324097,281.95935,99120.25,51.75,5.25
2024-01-02 05:00:00,9.504272,9.177338,282.69897,99022.89,51.75,5.25
2024-01-02 06:00:00,12.078476,5.36705,283.925,99058.68,51.75,5.25
2024-01-02 07:00:00,11.510895,4.4628754,284.50647,99147.0,51.75,5.25
2024-01-02 08:00:00,10.67366,4.5499268,284.59183,99224.0,51.75,5.25
2024-01-02 09:00:00,8.970322,5.4915466,284.70428,99236.59,51.75,5.25
2024-01-02 10:00:00,6.968445,7.7615356,284.89294,99191.58,51.75,5.25
2024-01-02 11:00:00,5.9527283,8.940918,284.71347,99131.31,51.75,5.25
2024-01-02 12:00:00,3.968048,10.193924,284.33383,99028.875,51.75,5.25
2024-01-02 13:00:00,2.233902,10.382996,284.0261,98829.42,51.75,5.25
2024-01-02 14:00:00,4.0879974,11.259689,284.17303,98683.055,51.75,5.25
2024-01-02 15:00:00,5.440933,12.097107,284.621,98559.26,51.75,5.25
2024-01-02 16:00:00,3.4103851,13.345993,284.42493,98394.69,51.75,5.25
2024-01-02 17:00:00,6.914093,13.333542,284.82935,98322.0,51.75,5.25
2024-01-02 18:00:00,9.619293,12.302689,285.515,98227.375,51.75,5.25
2024-01-02 19:00:00,14.3611145,11.987961,285.13638,98229.09,51.75,5.25
2024-01-02 20:00:00,16.322815,11.00412,284.62183,98288.93,51.75,5.25
2024-01-02 21:00:00,16.679092,10.594757,284.6015,98350.03,51.75,5.25
2024-01-02 22:00:00,15.495209,8.66983,284.76965,98403.484,51.75,5.25
2024-01-02 23:00:00,16.042908,7.3952637,284.2608,98472.73,51.75,5.25
2024-01-03 00:00:00,15.314133,6.5792236,284.18375,98578.84,51.75,5.25
2024-01-03 01:00:00,15.214264,7.3142395,283.74988,98664.33,51.75,5.25
2024-01-03 02:00:00,14.559204,7.154114,283.7696,98741.016,51.75,5.25
2024-01-03 03:00:00,13.952194,6.5224304,283.47192,98804.78,51.75,5.25
2024-01-03 04:00:00,13.431351,6.434067,283.31467,98815.61,51.75,5.25
2024-01-03 05:00:00,12.158676,6.8969116,283.18063,98842.24,51.75,5.25
2024-01-03 06:00:00,10.705734,7.5115356,282.75684,98860.78,51.75,5.25
2024-01-03 07:00:00,10.85585,7.0375366,282.40863,98882.8,51.75,5.25
2024-01-03 08:00:00,11.713287,5.8545837,282.43774,98922.914,51.75,5.25
2024-01-03 09:00:00,11.84668,5.543915,282.73007,98983.914,51.75,5.25
2024-01-03 10:00:00,11.857742,5.910721,282.94525,99020.97,51.75,5.25
2024-01-03 11:00:00,11.74144,6.051056,283.2909,99047.05,51.75,5.25
2024-01-03 12:00:00,11.8745575,5.8397827,283.574,99019.82,51.75,5.25
2024-01-03 13:00:00,10.821671,5.6215057,283.04736,98985.266,51.75,5.25
2024-01-03 14:00:00,10.652603,5.689499,282.95,98950.82,51.75,5.25
2024-01-03 15:00:00,9.870239,5.3494263,282.6814,98935.0,51.75,5.25
2024-01-03 16:00:00,9.121216,5.16922,282.40146,98917.06,51.75,5.25
2024-01-03 17:00:00,9.037506,5.0042725,281.9826,98919.25,51.75,5.25
2024-01-03 18:00:00,9.445847,4.8240967,281.77472,98935.56,51.75,5.25
2024-01-03 19:00:00,10.296051,4.0179596,282.09735,98994.52,51.75,5.25
2024-01-03 20:00:00,10.2543335,3.6327667,281.78796,99068.34,51.75,5.25
2024-01-03 21:00:00,9.869629,3.0728302,281.54187,99140.0,51.75,5.25
2024-01-03 22:00:00,9.744354,0.8824158,281.42657,99200.78,51.75,5.25
2024-01-03 23:00:00,9.299515,-0.3681183,281.32846,99325.64,51.75,5.25
2024-01-04 00:00:00,8.220993,-1.7889862,281.42676,99438.67,51.75,5.25
2024-01-04 01:00:00,7.929535,-2.014679,281.5123,99568.92,51.75,5.25
2024-01-04 02:00:00,7.6572266,-1.6677704,281.48038,99675.22,51.75,5.25
2024-01-04 03:00:00,7.217407,-0.9208679,281.2373,99763.72,51.75,5.25
2024-01-04 04:00:00,7.605423,-0.26583862,281.13464,99828.95,51.75,5.25
2024-01-04 05:00:00,8.381836,-0.025787354,281.34,99917.95,51.75,5.25
2024-01-04 06:00:00,8.43869,0.4159851,281.48004,99976.86,51.75,5.25
2024-01-04 07:00:00,7.951233,1.1056519,281.4359,100059.55,51.75,5.25
2024-01-04 08:00:00,7.8817444,2.00354,281.24847,100137.04,51.75,5.25
2024-01-04 09:00:00,7.7205505,2.0448608,281.11346,100190.34,51.75,5.25
2024-01-04 10:00:00,7.136627,1.3742065,281.40247,100259.08,51.75,5.25
2024-01-04 11:00:00,6.858246,1.7035675,281.83087,100287.68,51.75,5.25
2024-01-04 12:00:00,7.718933,2.1579742,281.58087,100283.53,51.75,5.25
2024-01-04 13:00:00,7.918976,2.4482422,281.95218,100301.28,51.75,5.25
2024-01-04 14:00:00,7.3379517,2.0839386,281.77594,100314.76,51.75,5.25
2024-01-04 15:00:00,6.1418,2.6481628,281.50027,100345.8,51.75,5.25
2024-01-04 16:00:00,4.6588745,3.6865845,280.58148,100341.95,51.75,5.25
2024-01-04 17:00:00,3.2396088,4.7144012,280.10022,100367.41,51.75,5.25
2024-01-04 18:00:00,1.4085846,5.363556,279.85406,100313.336,51.75,5.25
2024-01-04 19:00:00,-0.41505432,5.6240234,279.95795,100310.13,51.75,5.25
2024-01-04 20:00:00,-1.8125763,5.8711853,280.1244,100238.234,51.75,5.25
2024-01-04 21:00:00,-3.902771,6.07695,280.4522,100170.14,51.75,5.25
2024-01-04 22:00:00,-2.9458923,6.9664764,280.58728,100054.05,51.75,5.25
2024-01-04 23:00:00,-2.897232,7.306656,280.7044,99949.21,51.75,5.25
2024-01-05 00:00:00,-2.3443756,8.44696,281.09183,99849.79,51.75,5.25
2024-01-05 01:00:00,-0.5773468,8.951965,281.8892,99770.625,51.75,5.25
2024-01-05 02:00:00,-0.6852875,8.867081,282.03668,99686.16,51.75,5.25
2024-01-05 03:00:00,-1.1195831,9.043289,281.83728,99606.83,51.75,5.25
2024-01-05 04:00:00,-0.18034363,9.748962,281.98328,99536.36,51.75,5.25
2024-01-05 05:00:00,1.5190125,10.749603,282.00598,99448.48,51.75,5.25
2024-01-05 06:00:00,2.7023926,11.244629,281.63165,99419.49,51.75,5.25
2024-01-05 07:00:00,2.6030426,11.459717,280.95767,99410.734,51.75,5.25
2024-01-05 08:00:00,2.848343,11.368652,280.29822,99391.92,51.75,5.25
2024-01-05 09:00:00,3.4584045,11.016739,279.58002,99370.8,51.75,5.25
2024-01-05 10:00:00,4.8924255,11.157013,279.37158,99439.56,51.75,5.25
2024-01-05 11:00:00,6.734497,10.236816,279.611,99474.12,51.75,5.25
2024-01-05 12:00:00,7.4071503,8.884933,279.90424,99444.16,51.75,5.25
2024-01-05 13:00:00,7.290802,7.4481354,279.97363,99454.33,51.75,5.25
2024-01-05 14:00:00,6.851761,6.0892944,280.19934,99515.984,51.75,5.25
2024-01-05 15:00:00,7.101486,3.2918243,280.52832,99610.41,51.75,5.25
2024-01-05 16:00:00,6.564621,0.6876221,280.5316,99694.734,51.75,5.25
2024-01-05 17:00:00,5.801544,-0.91729736,280.2046,99805.45,51.75,5.25
2024-01-05 18:00:00,5.129303,-1.4588928,280.15155,99871.16,51.75,5.25
2024-01-05 19:00:00,4.4027863,-1.6253967,280.0801,99969.61,51.75,5.25
2024-01-05 20:00:00,3.9192352,-1.0399323,280.06076,100036.56,51.75,5.25
2024-01-05 21:00:00,3.9994965,-1.0874939,279.90936,100132.16,51.75,5.25
2024-01-05 22:00:00,3.0421295,-2.4837952,279.48346,100193.51,51.75,5.25
2024-01-05 23:00:00,2.5467224,-4.030945,279.3825,100276.09,51.75,5.25
2024-01-06 00:00:00,1.8702698,-4.6616516,279.0905,100319.06,51.75,5.25
2024-01-06 01:00:00,1.5584869,-5.1476135,278.75156,100371.125,51.75,5.25
2024-01-06 02:00:00,1.6058807,-5.239609,278.3271,100418.32,51.75,5.25
2024-01-06 03:00:00,1.901001,-5.0463867,277.9684,100509.06,51.75,5.25
2024-01-06 04:00:00,1.8540344,-4.8505554,277.70258,100582.19,51.75,5.25
2024-01-06 05:00:00,1.74646,-4.921036,277.39752,100642.17,51.75,5.25
2024-01-06 06:00:00,1.9393616,-5.0137024,277.1599,100712.03,51.75,5.25
2024-01-06 07:00:00,1.7144165,-5.579834,276.99634,100780.67,51.75,5.25
2024-01-06 08:00:00,1.5977783,-5.753311,276.82043,100886.266,51.75,5.25
2024-01-06 09:00:00,1.373291,-6.0601196,276.75107,100959.12,51.75,5.25
2024-01-06 10:00:00,0.3985443,-5.4477844,276.81677,101076.97,51.75,5.25
2024-01-06 11:00:00,0.45903015,-5.6250763,276.8225,101132.74,51.75,5.25
2024-01-06 12:00:00,0.24737549,-5.975006,276.83112,101159.7,51.75,5.25
2024-01-06 13:00:00,0.4484558,-6.064804,276.77386,101167.06,51.75,5.25
2024-01-06 14:00:00,0.51275635,-6.523163,276.7323,101210.95,51.75,5.25
2024-01-06 15:00:00,0.32369995,-6.56279,276.63977,101296.484,51.75,5.25
2024-01-06 16:00:00,0.48431396,-6.5444946,276.45862,101348.7,51.75,5.25
2024-01-06 17:00:00,0.408432,-6.795883,276.27133,101410.766,51.75,5.25
2024-01-06 18:00:00,-0.212677,-6.9626465,275.87732,101454.85,51.75,5.25
2024-01-06 19:00:00,-1.0390778,-6.70903,275.49896,101500.484,51.75,5.25
2024-01-06 20:00:00,-1.3320618,-6.333267,275.26923,101555.34,51.75,5.25
2024-01-06 21:00:00,-1.3722382,-5.9806366,275.01642,101573.65,51.75,5.25
2024-01-06 22:00:00,-1.4528198,-4.7543793,274.83466,101612.08,51.75,5.25
2024-01-06 23:00:00,-1.3347626,-4.883209,274.5938,101652.695,51.75,5.25
2024-01-07 00:00:00,-1.4420624,-5.4750214,274.3629,101716.03,51.75,5.25
2024-01-07 01:00:00,-2.1449585,-5.6381683,274.23645,101769.266,51.75,5.25
2024-01-07 02:00:00,-2.669098,-5.7410126,274.0693,101805.28,51.75,5.25
2024-01-07 03:00:00,-3.417038,-6.0168,274.04504,101842.67,51.75,5.25
2024-01-07 04:00:00,-4.193939,-5.907715,274.04816,101892.586,51.75,5.25
2024-01-07 05:00:00,-4.600815,-5.5449066,273.9995,101954.266,51.75,5.25
2024-01-07 06:00:00,-4.6264496,-5.5882874,273.93967,102030.81,51.75,5.25
2024-01-07 07:00:00,-4.547867,-5.817688,273.78784,102114.87,51.75,5.25
2024-01-07 08:00:00,-5.068878,-5.955429,273.7385,102192.016,51.75,5.25
2024-01-07 09:00:00,-6.0030518,-5.601303,273.7699,102285.84,51.75,5.25
2024-01-07 10:00:00,-5.8282623,-4.851425,273.70172,102341.11,51.75,5.25
2024-01-07 11:00:00,-6.135086,-4.9591064,273.85135,102397.625,51.75,5.25
2024-01-07 12:00:00,-6.262146,-5.395752,273.9209,102421.586,51.75,5.25
2024-01-07 13:00:00,-6.8437347,-5.9181213,273.8831,102449.44,51.75,5.25
2024-01-07 14:00:00,-7.5240784,-5.951889,273.69226,102513.6,51.75,5.25
2024-01-07 15:00:00,-7.7000732,-5.590103,273.2166,102599.49,51.75,5.25
2024-01-07 16:00:00,-7.2969055,-5.3348083,272.78894,102675.69,51.75,5.25
2024-01-07 17:00:00,-7.210968,-5.2656555,272.73846,102771.64,51.75,5.25
2024-01-07 18:00:00,-6.799774,-5.271057,272.54544,102804.32,51.75,5.25
2024-01-07 19:00:00,-6.0134735,-5.5874634,272.25888,102882.26,51.75,5.25
2024-01-07 20:00:00,-5.269577,-5.8653564,272.08105,102913.33,51.75,5.25
2024-01-07 21:00:00,-4.745819,-6.062042,271.4516,102941.516,51.75,5.25
2024-01-07 22:00:00,-4.6592255,-5.6707916,271.1961,102960.016,51.75,5.25
2024-01-07 23:00:00,-4.816818,-6.128937,271.12674,102977.85,51.75,5.25
2024-01-08 00:00:00,-5.024292,-5.9458466,271.12247,103003.42,51.75,5.25
2024-01-08 01:00:00,-5.813202,-5.663864,271.04544,103014.61,51.75,5.25
2024-01-08 02:00:00,-6.139908,-5.483322,270.7705,103034.38,51.75,5.25
2024-01-08 03:00:00,-6.6064606,-5.4418945,270.66498,103065.484,51.75,5.25
2024-01-08 04:00:00,-5.8159637,-5.2008667,270.79205,103091.2,51.75,5.25
2024-01-08 05:00:00,-4.3507843,-5.36026,270.97958,103080.92,51.75,5.25
2024-01-08 06:00:00,-4.303253,-6.0763245,271.16016,103075.95,51.75,5.25
2024-01-08 07:00:00,-4.606247,-6.496628,271.36395,103088.3,51.75,5.25
2024-01-08 08:00:00,-5.3428955,-6.4004517,271.3288,103108.05,51.75,5.25
2024-01-08 09:00:00,-4.9550934,-6.093399,271.59637,103130.66,51.75,5.25
2024-01-08 10:00:00,-7.0483856,-5.944229,271.8897,103171.63,51.75,5.25
2024-01-08 11:00:00,-9.350433,-5.598984,272.24408,103159.19,51.75,5.25
2024-01-08 12:00:00,-8.904633,-4.935089,272.61896,103075.74,51.75,5.25
2024-01-08 13:00:00,-8.879517,-4.8370667,272.56683,103059.97,51.75,5.25
2024-01-08 14:00:00,-8.914139,-4.8242188,272.47433,103082.34,51.75,5.25
2024-01-08 15:00:00,-8.804962,-4.4120636,271.9014,103094.25,51.75,5.25
2024-01-08 16:00:00,-9.443481,-4.2651825,271.52075,103139.61,51.75,5.25
2024-01-08 17:00:00,-9.951706,-3.7033997,271.27002,103191.94,51.75,5.25
2024-01-08 18:00:00,-10.009811,-2.9298096,271.04684,103229.91,51.75,5.25
2024-01-08 19:00:00,-9.73732,-2.5207977,270.79486,103274.16,51.75,5.25
2024-01-08 20:00:00,-9.380951,-2.412033,270.49982,103289.34,51.75,5.25
2024-01-08 21:00:00,-9.347122,-2.6121979,270.26566,103292.7,51.75,5.25
2024-01-08 22:00:00,-8.858337,-2.5712128,269.9923,103302.81,51.75,5.25
2024-01-08 23:00:00,-9.027908,-2.9546814,269.75504,103310.16,51.75,5.25
2024-01-09 00:00:00,-9.320007,-2.9206543,269.57574,103312.89,51.75,5.25
2024-01-09 01:00:00,-9.41539,-2.519806,269.2942,103324.83,51.75,5.25
2024-01-09 02:00:00,-9.235352,-2.1631165,269.0022,103303.8,51.75,5.25
2024-01-09 03:00:00,-9.041412,-2.2116394,268.6974,103305.336,51.75,5.25
2024-01-09 04:00:00,-9.27887,-2.3820496,268.45435,103295.72,51.75,5.25
2024-01-09 05:00:00,-9.291519,-2.1790009,268.17883,103283.59,51.75,5.25
2024-01-09 06:00:00,-9.088516,-2.2672424,268.02448,103299.06,51.75,5.25
2024-01-09 07:00:00,-9.10881,-2.6096191,267.81265,103309.48,51.75,5.25
2024-01-09 08:00:00,-9.190445,-2.7730713,267.78033,103349.93,51.75,5.25
2024-01-09 09:00:00,-8.676163,-2.993454,268.46887,103383.13,51.75,5.25
2024-01-09 10:00:00,-8.009735,-3.2369843,269.4792,103370.66,51.75,5.25
2024-01-09 11:00:00,-7.897049,-3.0216827,270.55072,103322.78,51.75,5.25
2024-01-09 12:00:00,-7.7522736,-2.9582214,271.54065,103272.88,51.75,5.25
2024-01-09 13:00:00,-7.7419586,-3.5410461,272.2158,103205.09,51.75,5.25
2024-01-09 14:00:00,-8.146851,-4.022995,272.52783,103175.22,51.75,5.25
2024-01-09 15:00:00,-9.095871,-4.0402527,272.29355,103155.734,51.75,5.25
2024-01-09 16:00:00,-9.386642,-3.9903412,271.52905,103160.03,51.75,5.25
2024-01-09 17:00:00,-9.55864,-3.5905457,271.09402,103180.88,51.75,5.25
2024-01-09 18:00:00,-9.537506,-3.4191895,270.78632,103189.23,51.75,5.25
2024-01-09 19:00:00,-9.43129,-3.07193,270.48462,103188.25,51.75,5.25
2024-01-09 20:00:00,-8.966232,-2.8550415,270.12408,103183.16,51.75,5.25
2024-01-09 21:00:00,-8.67009,-2.9678345,269.70215,103191.22,51.75,5.25
2024-01-09 22:00:00,-8.072861,-3.505539,269.38428,103136.53,51.75,5.25
2024-01-09 23:00:00,-8.085983,-3.5267944,269.16284,103118.66,51.75,5.25
2024-01-10 00:00:00,-8.017822,-3.327423,268.84723,103098.125,51.75,5.25
2024-01-10 01:00:00,-7.837784,-3.152176,268.43774,103090.2,51.75,5.25
2024-01-10 02:00:00,-7.86499,-2.8227844,268.3156,103050.95,51.75,5.25
2024-01-10 03:00:00,-7.6028137,-3.0814972,267.96368,102998.94,51.75,5.25
2024-01-10 04:00:00,-7.6576843,-2.6872559,267.76874,103007.58,51.75,5.25
2024-01-10 05:00:00,-7.5839233,-2.04599,267.71744,102968.58,51.75,5.25
2024-01-10 06:00:00,-7.5128937,-2.0185394,267.58096,102979.766,51.75,5.25
2024-01-10 07:00:00,-7.374161,-2.267334,267.51114,102945.85,51.75,5.25
2024-01-10 08:00:00,-7.3078003,-2.3548431,267.5152,102968.56,51.75,5.25
2024-01-10 09:00:00,-7.184265,-2.2602081,268.55963,102990.36,51.75,5.25
2024-01-10 10:00:00,-6.374588,-2.1993713,269.74573,102962.38,51.75,5.25
2024-01-10 11:00:00,-5.9747467,-1.4492188,270.8058,102955.22,51.75,5.25
2024-01-10 12:00:00,-5.813858,-1.3210907,271.82367,102918.75,51.75,5.25
2024-01-10 13:00:00,-5.6824646,-1.4289703,272.45377,102884.97,51.75,5.25
2024-01-10 14:00:00,-5.657654,-1.7631226,272.65063,102869.766,51.75,5.25
2024-01-10 15:00:00,-6.30896,-1.6878662,272.45468,102885.92,51.75,5.25
2024-01-10 16:00:00,-6.8114777,-1.3707733,271.66614,102918.734,51.75,5.25
2024-01-10 17:00:00,-6.8833923,-1.0737152,270.96704,102956.69,51.75,5.25
2024-01-10 18:00:00,-6.513382,-1.2215881,270.516,103009.0,51.75,5.25
2024-01-10 19:00:00,-6.2393494,-1.4865417,270.11597,103042.14,51.75,5.25
2024-01-10 20:00:00,-5.853607,-1.6252899,269.61356,103106.625,51.75,5.25
2024-01-10 21:00:00,-5.605011,-1.9990234,269.17377,103121.92,51.75,5.25
2024-01-10 22:00:00,-5.1082153,-2.744156,268.9327,103153.19,51.75,5.25
2024-01-10 23:00:00,-4.955002,-3.0163116,268.66315,103205.18,51.75,5.25
2024-01-11 00:00:00,-4.8251038,-3.0575256,268.31537,103209.11,51.75,5.25
2024-01-11 01:00:00,-4.421829,-3.2168884,267.9607,103241.55,51.75,5.25
2024-01-11 02:00:00,-4.22435,-3.5671692,267.50623,103241.805,51.75,5.25
2024-01-11 03:00:00,-4.080429,-3.6703033,267.25366,103267.61,51.75,5.25
2024-01-11 04:00:00,-3.8906708,-3.704544,267.10892,103266.086,51.75,5.25
2024-01-11 05:00:00,-4.082138,-3.9813995,266.83405,103295.44,51.75,5.25
2024-01-11 06:00:00,-3.8454437,-4.1868286,266.38208,103367.25,51.75,5.25
2024-01-11 07:00:00,-3.3508453,-4.1748962,266.4091,103363.234,51.75,5.25
2024-01-11 08:00:00,-3.422165,-4.356064,266.49194,103421.89,51.75,5.25
2024-01-11 09:00:00,-3.1003265,-3.6237335,267.8958,103428.24,51.75,5.25
2024-01-11 10:00:00,-2.809204,-3.8510895,269.79327,103491.29,51.75,5.25
2024-01-11 11:00:00,-2.1210632,-3.9226685,271.3135,103512.36,51.75,5.25
2024-01-11 12:00:00,-1.479599,-3.5337524,272.6338,103493.586,51.75,5.25
2024-01-11 13:00:00,-0.63975525,-3.3081207,273.2479,103443.734,51.75,5.25
2024-01-11 14:00:00,-0.083969116,-3.0039215,273.52188,103432.39,51.75,5.25
2024-01-11 15:00:00,0.68133545,-2.4510345,273.1409,103407.81,51.75,5.25
2024-01-11 16:00:00,1.7416687,-1.7592468,273.51672,103381.5,51.75,5.25
2024-01-11 17:00:00,2.2907715,-1.414917,273.5871,103387.16,51.75,5.25
2024-01-11 18:00:00,2.7429047,-1.6843414,273.73483,103388.734,51.75,5.25
2024-01-11 19:00:00,2.5469055,-2.1336823,273.65417,103372.16,51.75,5.25
2024-01-11 20:00:00,2.0482483,-2.7393951,274.11505,103388.875,51.75,5.25
2024-01-11 21:00:00,1.2633972,-3.0509338,274.4696,103379.02,51.75,5.25
2024-01-11 22:00:00,0.017578125,-3.8459473,274.1701,103411.45,51.75,5.25
2024-01-11 23:00:00,-0.7836609,-3.5697937,273.9024,103395.45,51.75,5.25
2024-01-12 00:00:00,-1.4485474,-3.1134949,274.0444,103376.164,51.75,5.25
2024-01-12 01:00:00,-1.4419098,-3.0847626,273.9465,103402.445,51.75,5.25
2024-01-12 02:00:00,-1.8913574,-2.8183746,274.27844,103415.734,51.75,5.25
2024-01-12 03:00:00,-2.145874,-2.0083008,273.3631,103396.53,51.75,5.25
2024-01-12 04:00:00,-1.9064484,-1.3639984,273.12598,103367.234,51.75,5.25
2024-01-12 05:00:00,-1.5501099,-1.1565552,272.8079,103356.516,51.75,5.25
2024-01-12 06:00:00,-0.8862915,-1.1865692,272.44867,103357.75,51.75,5.25
2024-01-12 07:00:00,-0.15744019,-1.5159149,272.38345,103378.36,51.75,5.25
2024-01-12 08:00:00,0.5194397,-1.5268555,273.14227,103378.734,51.75,5.25
2024-01-12 09:00:00,1.1300507,-1.4760132,274.1563,103384.11,51.75,5.25
2024-01-12 10:00:00,2.1076813,-2.1261902,274.55017,103386.516,51.75,5.25
2024-01-12 11:00:00,2.2504272,-2.0799255,275.42322,103377.44,51.75,5.25
2024-01-12 12:00:00,2.2179413,-2.0056763,276.06744,103320.68,51.75,5.25
2024-01-12 13:00:00,2.6226501,-1.9532013,276.30112,103248.516,51.75,5.25
2024-01-12 14:00:00,3.0588684,-2.23378,276.51788,103187.84,51.75,5.25
2024-01-12 15:00:00,3.2390442,-2.6073303,276.5191,103168.47,51.75,5.25
2024-01-12 16:00:00,3.131836,-3.0630188,275.96844,103152.51,51.75,5.25
2024-01-12 17:00:00,3.1651306,-3.1867828,275.7421,103150.44,51.75,5.25
2024-01-12 18:00:00,3.3569336,-2.8826447,275.86414,103132.47,51.75,5.25
2024-01-12 19:00:00,3.421341,-2.462967,275.78796,103112.016,51.75,5.25
2024-01-12 20:00:00,3.4966888,-1.9128265,275.72333,103091.94,51.75,5.25
2024-01-12 21:00:00,3.8289032,-1.3264618,275.80615,103058.17,51.75,5.25
2024-01-12 22:00:00,4.055191,-1.8106537,275.29572,103024.516,51.75,5.25
2024-01-12 23:00:00,4.0638885,-1.0826416,275.40485,102950.41,51.75,5.25
2024-01-13 00:00:00,4.8554077,0.019485474,275.6438,102884.06,51.75,5.25
2024-01-13 01:00:00,5.511734,0.57696533,275.6678,102839.45,51.75,5.25
2024-01-13 02:00:00,5.8128357,1.234314,275.6856,102773.79,51.75,5.25
2024-01-13 03:00:00,6.0175476,2.1572876,275.6967,102698.305,51.75,5.25
2024-01-13 04:00:00,6.1387634,2.811386,275.5415,102611.2,51.75,5.25
2024-01-13 05:00:00,6.1788025,2.3400269,275.73755,102585.03,51.75,5.25
2024-01-13 06:00:00,6.337616,2.192688,275.64154,102548.02,51.75,5.25
2024-01-13 07:00:00,6.521408,3.217102,275.87732,102463.88,51.75,5.25
2024-01-13 08:00:00,7.0406494,2.7990265,276.02374,102397.06,51.75,5.25
2024-01-13 09:00:00,7.337631,1.8400116,276.42413,102348.695,51.75,5.25
2024-01-13 10:00:00,6.9802704,0.52593994,276.59064,102333.92,51.75,5.25
2024-01-13 11:00:00,7.3047943,-0.04071045,276.68378,102284.875,51.75,5.25
2024-01-13 12:00:00,7.5923157,-0.74902344,276.60495,102220.15,51.75,5.25
2024-01-13 13:00:00,7.061798,-0.76631165,276.58118,102161.086,51.75,5.25
2024-01-13 14:00:00,6.9256897,0.6670227,276.50183,102093.97,51.75,5.25
2024-01-13 15:00:00,7.2691345,2.2435608,276.15137,102039.92,51.75,5.25
2024-01-13 16:00:00,7.720398,3.0103455,276.01184,102007.39,51.75,5.25
2024-01-13 17:00:00,8.153183,2.9925995,276.0523,101986.734,51.75,5.25
2024-01-13 18:00:00,8.558365,2.9998627,275.96423,101952.83,51.75,5.25
2024-01-13 19:00:00,8.587112,3.180664,275.99927,101919.08,51.75,5.25
2024-01-13 20:00:00,8.456116,3.2817535,275.69116,101838.266,51.75,5.25
2024-01-13 21:00:00,8.292923,3.363083,275.5116,101768.734,51.75,5.25
2024-01-13 22:00:00,7.637039,2.8098907,275.72253,101708.375,51.75,5.25
2024-01-13 23:00:00,7.640686,2.916397,275.57532,101654.19,51.75,5.25
2024-01-14 00:00:00,7.767151,2.475296,275.3816,101603.12,51.75,5.25
2024-01-14 01:00:00,7.668106,2.5148468,275.2599,101526.805,51.75,5.25
2024-01-14 02:00:00,7.479828,2.898285,274.78656,101486.5,51.75,5.25
2024-01-14 03:00:00,7.421402,3.3067322,274.7932,101429.05,51.75,5.25
2024-01-14 04:00:00,7.427246,3.735855,274.91223,101379.87,51.75,5.25
2024-01-14 05:00:00,7.3094635,3.8220367,275.10327,101316.3,51.75,5.25
2024-01-14 06:00:00,7.108658,4.053833,275.22012,101253.62,51.75,5.25
2024-01-14 07:00:00,6.9832764,4.546646,275.1828,101199.69,51.75,5.25
2024-01-14 08:00:00,7.079773,4.949417,275.0365,101183.83,51.75,5.25
2024-01-14 09:00:00,7.3413544,5.2643433,275.0833,101144.336,51.75,5.25
2024-01-14 10:00:00,6.490799,4.9824066,274.9491,101137.22,51.75,5.25
2024-01-14 11:00:00,6.488098,5.406662,275.00897,101070.56,51.75,5.25
2024-01-14 12:00:00,6.8931274,5.267288,275.12418,100962.72,51.75,5.25
2024-01-14 13:00:00,6.8892975,4.8435974,275.23328,100846.11,51.75,5.25
2024-01-14 14:00:00,6.890167,4.450119,275.54742,100762.86,51.75,5.25
2024-01-14 15:00:00,7.148773,4.267807,275.7583,100684.445,51.75,5.25
2024-01-14 16:00:00,7.484375,3.488922,275.34607,100618.91,51.75,5.25
2024-01-14 17:00:00,7.9087067,2.7537842,275.32187,100561.28,51.75,5.25
2024-01-14 18:00:00,8.095062,1.8008575,275.22516,100505.14,51.75,5.25
2024-01-14 19:00:00,8.319611,0.55558777,275.2313,100488.81,51.75,5.25
2024-01-14 20:00:00,8.611298,-0.35133362,275.28363,100438.48,51.75,5.25
2024-01-14 21:00:00,8.6749115,-1.5197601,275.4123,100412.86,51.75,5.25
2024-01-14 22:00:00,7.889328,-1.7284851,275.51746,100405.3,51.75,5.25
2024-01-14 23:00:00,7.6008453,-1.690033,275.63882,100393.625,51.75,5.25
2024-01-15 00:00:00,7.5329742,-2.0647583,275.35822,100353.695,51.75,5.25
2024-01-15 01:00:00,7.519516,-1.8245392,275.18585,100319.11,51.75,5.25
2024-01-15 02:00:00,7.6582184,-1.3982849,274.857,100261.85,51.75,5.25
2024-01-15 03:00:00,8.111008,-0.5931854,274.97125,100268.38,51.75,5.25
2024-01-15 04:00:00,8.359711,0.15338135,274.6431,100248.766,51.75,5.25
2024-01-15 05:00:00,8.6705475,0.18704224,274.4502,100209.57,51.75,5.25
2024-01-15 06:00:00,8.662186,-0.2636261,274.4041,100166.125,51.75,5.25
2024-01-15 07:00:00,8.639526,-0.7148285,274.5675,100152.87,51.75,5.25
2024-01-15 08:00:00,9.165451,-1.3731995,274.72046,100166.78,51.75,5.25
2024-01-15 09:00:00,9.242325,-2.2818298,274.62827,100167.734,51.75,5.25
2024-01-15 10:00:00,8.442169,-2.5947723,275.04926,100196.09,51.75,5.25
2024-01-15 11:00:00,9.247894,-2.225174,274.9737,100197.95,51.75,5.25
2024-01-15 12:00:00,9.06955,-3.1882324,274.92212,100243.73,51.75,5.25
2024-01-15 13:00:00,8.649429,-4.1013336,275.00677,100262.17,51.75,5.25
2024-01-15 14:00:00,8.453934,-4.5842896,274.84375,100325.45,51.75,5.25
2024-01-15 15:00:00,8.125351,-4.1836395,274.7756,100383.984,51.75,5.25
2024-01-15 16:00:00,7.992569,-3.699585,274.78058,100453.016,51.75,5.25
2024-01-15 17:00:00,8.095276,-2.8654022,274.43384,100520.02,51.75,5.25
2024-01-15 18:00:00,8.255524,-2.224945,274.1588,100570.38,51.75,5.25
2024-01-15 19:00:00,8.526718,-1.7559509,274.04584,100643.22,51.75,5.25
2024-01-15 20:00:00,8.563248,-1.849289,273.95435,100704.516,51.75,5.25
2024-01-15 21:00:00,8.590256,-2.0999756,274.14514,100730.94,51.75,5.25
2024-01-15 22:00:00,7.7646027,-1.2640381,274.00668,100790.28,51.75,5.25
2024-01-15 23:00:00,7.945648,-0.5131073,273.98083,100836.34,51.75,5.25
2024-01-16 00:00:00,7.706543,-1.1459045,273.79642,100875.05,51.75,5.25
2024-01-16 01:00:00,7.143814,-1.1833649,273.63837,100908.875,51.75,5.25
2024-01-16 02:00:00,7.14534,0.1257782,273.6652,100907.125,51.75,5.25
2024-01-16 03:00:00,7.3440704,1.5469818,273.48282,100921.125,51.75,5.25
2024-01-16 04:00:00,7.4014587,2.54422,273.50507,100903.22,51.75,5.25
2024-01-16 05:00:00,7.163925,3.022766,273.25134,100889.22,51.75,5.25
2024-01-16 06:00:00,6.9391327,3.008728,272.89728,100842.086,51.75,5.25
2024-01-16 07:00:00,6.7173004,3.4133606,272.7866,100844.29,51.75,5.25
2024-01-16 08:00:00,6.728897,4.112549,272.8471,100881.14,51.75,5.25
2024-01-16 09:00:00,6.4982758,4.453003,273.00357,100896.24,51.75,5.25
2024-01-16 10:00:00,5.9822235,4.981659,273.3395,100865.95,51.75,5.25
2024-01-16 11:00:00,5.180542,4.52742,274.04358,100846.836,51.75,5.25
2024-01-16 12:00:00,4.554596,4.445114,274.72754,100805.45,51.75,5.25
2024-01-16 13:00:00,4.663391,4.6791077,275.08673,100747.2,51.75,5.25
2024-01-16 14:00:00,4.5615387,5.0852356,275.3091,100696.17,51.75,5.25
2024-01-16 15:00:00,4.468231,5.472595,274.75565,100635.0,51.75,5.25
2024-01-16 16:00:00,4.6465607,6.354538,273.74384,100631.516,51.75,5.25
2024-01-16 17:00:00,4.8730774,6.926483,273.1277,100627.16,51.75,5.25
2024-01-16 18:00:00,4.9003906,6.7177734,272.9257,100583.44,51.75,5.25
2024-01-16 19:00:00,4.5187836,6.577469,272.5842,100532.97,51.75,5.25
2024-01-16 20:00:00,3.9708405,6.726425,272.11267,100463.28,51.75,5.25
2024-01-16 21:00:00,3.9632568,7.5279694,271.96216,100421.21,51.75,5.25
2024-01-16 22:00:00,4.0614777,7.3302917,271.5735,100344.6,51.75,5.25
2024-01-16 23:00:00,3.9303284,7.208069,271.33286,100265.66,51.75,5.25
2024-01-17 00:00:00,3.6608582,7.22966,270.81146,100170.56,51.75,5.25
2024-01-17 01:00:00,3.0589142,6.8399963,270.61343,100053.484,51.75,5.25
2024-01-17 02:00:00,2.8469543,6.454361,270.47595,99986.33,51.75,5.25
2024-01-17 03:00:00,2.781311,6.6034546,270.22925,99904.695,51.75,5.25
2024-01-17 04:00:00,1.9321136,5.7554474,269.92715,99768.2,51.75,5.25
2024-01-17 05:00:00,1.0370483,5.30777,269.86285,99659.586,51.75,5.25
2024-01-17 06:00:00,0.20562744,5.19664,269.7679,99526.766,51.75,5.25
2024-01-17 07:00:00,-0.5541992,4.9409637,269.9132,99444.72,51.75,5.25
2024-01-17 08:00:00,-1.0280914,4.5628815,270.05518,99356.16,51.75,5.25
2024-01-17 09:00:00,-1.4100952,3.4353333,270.556,99269.984,51.75,5.25
2024-01-17 10:00:00,-1.3608551,1.4134216,271.0981,99225.266,51.75,5.25
2024-01-17 11:00:00,-1.3548431,1.6516113,271.6603,99139.87,51.75,5.25
2024-01-17 12:00:00,-1.3638153,1.3183289,271.96057,99051.81,51.75,5.25
2024-01-17 13:00:00,-1.5279236,-0.34725952,272.0178,98937.06,51.75,5.25
2024-01-17 14:00:00,-1.5864716,-1.849411,271.99127,98860.34,51.75,5.25
2024-01-17 15:00:00,-2.0646973,-1.0422974,272.15414,98857.47,51.75,5.25
2024-01-17 16:00:00,-2.4104156,-1.4283447,271.9131,98861.2,51.75,5.25
2024-01-17 17:00:00,-2.1269836,-2.7115173,271.89746,98879.79,51.75,5.25
2024-01-17 18:00:00,-1.620575,-3.6467896,271.76367,98948.016,51.75,5.25
2024-01-17 19:00:00,-1.2080841,-3.8447876,271.72205,98979.03,51.75,5.25
2024-01-17 20:00:00,-0.90008545,-3.986969,271.8294,99050.54,51.75,5.25
2024-01-17 21:00:00,-0.7133789,-4.234482,272.10403,99112.63,51.75,5.25
2024-01-17 22:00:00,-1.350708,-4.3200073,271.89493,99207.31,51.75,5.25
2024-01-17 23:00:00,-1.5570221,-4.1364746,271.93088,99258.47,51.75,5.25
2024-01-18 00:00:00,-0.78523254,-3.8433838,271.81824,99318.05,51.75,5.25
2024-01-18 01:00:00,-0.45954895,-4.3880157,271.7552,99384.7,51.75,5.25
2024-01-18 02:00:00,-0.5475311,-4.6816406,271.3981,99419.375,51.75,5.25
2024-01-18 03:00:00,-0.47250366,-5.0786133,270.6224,99456.55,51.75,5.25
2024-01-18 04:00:00,-0.33009338,-5.2324524,270.06,99485.11,51.75,5.25
2024-01-18 05:00:00,0.14456177,-4.9272766,269.35297,99540.7,51.75,5.25
2024-01-18 06:00:00,0.55023193,-4.7622223,268.47507,99597.3,51.75,5.25
2024-01-18 07:00:00,0.93299866,-4.8841248,267.84705,99701.875,51.75,5.25
2024-01-18 08:00:00,1.2252502,-5.2495117,268.1604,99758.47,51.75,5.25
2024-01-18 09:00:00,1.532547,-5.036392,270.90082,99873.766,51.75,5.25
2024-01-18 10:00:00,2.275711,-3.046341,273.3589,99974.766,51.75,5.25
2024-01-18 11:00:00,3.3546753,-2.476883,275.11456,100080.16,51.75,5.25
2024-01-18 12:00:00,3.9095764,-2.3863525,276.06302,100150.8,51.75,5.25
2024-01-18 13:00:00,3.8342285,-2.5776672,276.6084,100222.28,51.75,5.25
2024-01-18 14:00:00,3.9048004,-2.9204407,276.46393,100327.305,51.75,5.25
2024-01-18 15:00:00,4.403076,-2.9365082,275.97583,100438.03,51.75,5.25
2024-01-18 16:00:00,4.5740204,-3.6417236,273.68097,100588.5,51.75,5.25
2024-01-18 17:00:00,4.074692,-4.4779816,272.42502,100724.836,51.75,5.25
2024-01-18 18:00:00,3.6743927,-4.373398,271.1418,100822.44,51.75,5.25
2024-01-18 19:00:00,3.6205444,-3.6441956,270.45865,100923.04,51.75,5.25
2024-01-18 20:00:00,4.229721,-2.6614227,270.48267,101014.69,51.75,5.25
2024-01-18 21:00:00,5.6215973,-2.1006775,270.7024,101138.734,51.75,5.25
2024-01-18 22:00:00,6.3947144,-0.0030670166,271.77655,101222.34,51.75,5.25
2024-01-18 23:00:00,7.2175446,0.12879944,272.31802,101303.055,51.75,5.25
2024-01-19 00:00:00,7.5096283,0.10896301,272.79932,101336.09,51.75,5.25
2024-01-19 01:00:00,7.292679,1.0494385,272.80585,101373.766,51.75,5.25
2024-01-19 02:00:00,7.543564,1.723114,272.5626,101404.375,51.75,5.25
2024-01-19 03:00:00,7.6066895,1.1643829,272.29846,101462.83,51.75,5.25
2024-01-19 04:00:00,7.283722,0.07914734,272.64374,101513.25,51.75,5.25
2024-01-19 05:00:00,6.840637,-0.14530945,272.33197,101578.695,51.75,5.25
2024-01-19 06:00:00,6.6798553,-0.2684021,271.93964,101653.586,51.75,5.25
2024-01-19 07:00:00,6.3194427,-0.19352722,271.36163,101742.28,51.75,5.25
2024-01-19 08:00:00,6.3104706,0.06826782,271.28247,101817.08,51.75,5.25
2024-01-19 09:00:00,6.378769,0.43463135,272.349,101910.69,51.75,5.25
2024-01-19 10:00:00,5.9879,1.3044281,273.8001,101975.41,51.75,5.25
2024-01-19 11:00:00,5.61467,2.2967377,275.20978,102025.11,51.75,5.25
2024-01-19 12:00:00,5.2177734,2.5486298,276.3601,102038.95,51.75,5.25
2024-01-19 13:00:00,5.3441925,2.58432,277.01392,102069.2,51.75,5.25
2024-01-19 14:00:00,6.118561,2.5233154,277.18747,102103.3,51.75,5.25
2024-01-19 15:00:00,6.4224243,3.119873,276.63068,102142.12,51.75,5.25
2024-01-19 16:00:00,6.637909,4.447632,275.2981,102193.7,51.75,5.25
2024-01-19 17:00:00,7.0607147,5.3338013,274.26672,102249.75,51.75,5.25
2024-01-19 18:00:00,7.2803802,5.7129517,273.7351,102316.17,51.75,5.25
2024-01-19 19:00:00,7.3462677,6.02919,273.43558,102392.37,51.75,5.25
2024-01-19 20:00:00,7.2509613,6.3309937,273.11334,102414.16,51.75,5.25
2024-01-19 21:00:00,7.3073425,6.2611237,272.79996,102445.22,51.75,5.25
2024-01-19 22:00:00,7.230072,6.04776,272.61716,102467.88,51.75,5.25
2024-01-19 23:00:00,7.2454987,5.8734283,272.43512,102530.87,51.75,5.25
2024-01-20 00:00:00,7.0746307,6.154022,272.20947,102554.11,51.75,5.25
2024-01-20 01:00:00,7.1690216,6.249634,272.12988,102572.61,51.75,5.25
2024-01-20 02:00:00,7.345413,6.046646,272.04004,102612.75,51.75,5.25
2024-01-20 03:00:00,7.2925262,6.0956573,271.94263,102633.766,51.75,5.25
2024-01-20 04:00:00,7.141876,6.237503,271.9148,102635.83,51.75,5.25
2024-01-20 05:00:00,7.052292,6.414871,271.77713,102682.375,51.75,5.25
2024-01-20 06:00:00,6.710739,6.675476,271.51776,102717.53,51.75,5.25
2024-01-20 07:00:00,6.3112946,7.0251617,271.43213,102734.22,51.75,5.25
2024-01-20 08:00:00,6.2030334,7.2043457,271.45215,102785.99,51.75,5.25
2024-01-20 09:00:00,6.0226593,7.314743,271.88333,102830.44,51.75,5.25
2024-01-20 10:00:00,4.835037,6.8268585,272.3899,102848.8,51.75,5.25
2024-01-20 11:00:00,4.597412,6.406006,272.91766,102870.03,51.75,5.25
2024-01-20 12:00:00,4.167099,6.328888,273.63147,102833.164,51.75,5.25
2024-01-20 13:00:00,3.5363617,6.3817596,274.36383,102761.984,51.75,5.25
2024-01-20 14:00:00,3.1189728,6.428009,274.61273,102726.39,51.75,5.25
2024-01-20 15:00:00,3.320572,7.1001434,274.06937,102736.97,51.75,5.25
2024-01-20 16:00:00,3.293274,7.337219,273.21823,102738.17,51.75,5.25
2024-01-20 17:00:00,3.2420197,7.688507,272.81577,102747.5,51.75,5.25
2024-01-20 18:00:00,2.9458466,8.010757,272.9069,102711.28,51.75,5.25
2024-01-20 19:00:00,2.348236,8.417313,272.88647,102668.75,51.75,5.25
2024-01-20 20:00:00,1.8547058,8.573761,272.72516,102611.16,51.75,5.25
2024-01-20 21:00:00,1.6437073,8.478378,272.6305,102558.79,51.75,5.25
2024-01-20 22:00:00,2.0441437,9.172211,272.5398,102476.18,51.75,5.25
2024-01-20 23:00:00,1.566391,9.40802,272.81055,102381.22,51.75,5.25
2024-01-21 00:00:00,1.2036438,9.588409,273.15628,102338.47,51.75,5.25
2024-01-21 01:00:00,0.60697937,9.992538,273.2463,102240.375,51.75,5.25
2024-01-21 02:00:00,-0.05239868,10.877579,273.62134,102101.61,51.75,5.25
2024-01-21 03:00:00,0.8142395,11.467285,273.90247,102007.09,51.75,5.25
2024-01-21 04:00:00,2.8199768,11.015457,274.35138,101959.3,51.75,5.25
2024-01-21 05:00:00,4.2758484,11.084778,274.76965,101900.266,51.75,5.25
2024-01-21 06:00:00,4.5555267,11.55719,274.4989,101818.234,51.75,5.25
2024-01-21 07:00:00,4.932312,11.817429,274.5689,101796.46,51.75,5.25
2024-01-21 08:00:00,5.9178925,11.606979,274.99713,101822.016,51.75,5.25
2024-01-21 09:00:00,6.3154297,11.144424,275.4789,101855.625,51.75,5.25
2024-01-21 10:00:00,5.9771423,10.616867,276.25354,101879.92,51.75,5.25
2024-01-21 11:00:00,5.9741516,10.403687,276.6936,101877.7,51.75,5.25
2024-01-21 12:00:00,6.220871,11.0056,277.3498,101835.67,51.75,5.25
2024-01-21 13:00:00,6.8890686,11.323517,277.8094,101819.945,51.75,5.25
2024-01-21 14:00:00,7.312866,11.676071,278.0047,101812.19,51.75,5.25
2024-01-21 15:00:00,6.326462,11.289276,278.20325,101742.53,51.75,5.25
2024-01-21 16:00:00,5.7402954,11.535477,278.28113,101703.95,51.75,5.25
2024-01-21 17:00:00,5.686859,11.659683,278.08005,101710.125,51.75,5.25
2024-01-21 18:00:00,4.80661,12.883636,278.35684,101595.8,51.75,5.25
2024-01-21 19:00:00,4.9097443,13.65271,278.63535,101527.94,51.75,5.25
2024-01-21 20:00:00,5.702606,13.956467,279.11548,101434.24,51.75,5.25
2024-01-21 21:00:00,5.5682983,14.576004,279.81158,101292.39,51.75,5.25
2024-01-21 22:00:00,5.4112396,15.495422,280.33905,101128.75,51.75,5.25
2024-01-21 23:00:00,5.6473846,16.28067,281.2092,100918.914,51.75,5.25
2024-01-22 00:00:00,7.5038757,16.18431,281.93298,100774.03,51.75,5.25
2024-01-22 01:00:00,8.873001,16.257736,282.53046,100691.06,51.75,5.25
2024-01-22 02:00:00,9.14682,16.001251,282.98523,100556.68,51.75,5.25
2024-01-22 03:00:00,9.851944,16.551712,283.35577,100421.34,51.75,5.25
2024-01-22 04:00:00,11.182571,15.653,283.62512,100308.61,51.75,5.25
2024-01-22 05:00:00,12.043472,14.314362,284.2694,100280.72,51.75,5.25
2024-01-22 06:00:00,12.452194,12.639145,284.59485,100307.24,51.75,5.25
2024-01-22 07:00:00,12.492218,10.896072,284.77985,100334.13,51.75,5.25
2024-01-22 08:00:00,11.965683,10.138107,284.59296,100385.0,51.75,5.25
2024-01-22 09:00:00,11.925537,8.962433,284.26556,100428.234,51.75,5.25
2024-01-22 10:00:00,12.475235,5.060898,283.8359,100532.69,51.75,5.25
2024-01-22 11:00:00,12.600311,3.285904,283.5031,100617.39,51.75,5.25
2024-01-22 12:00:00,12.2921295,3.5121918,283.51587,100697.06,51.75,5.25
2024-01-22 13:00:00,12.8107605,3.778122,283.81262,100777.836,51.75,5.25
2024-01-22 14:00:00,12.771133,3.9115295,283.67706,100824.95,51.75,5.25
2024-01-22 15:00:00,11.91275,3.985138,283.42493,100861.8,51.75,5.25
2024-01-22 16:00:00,11.699402,4.3352356,282.82175,100942.484,51.75,5.25
2024-01-22 17:00:00,11.885574,4.447937,282.21213,101052.86,51.75,5.25
2024-01-22 18:00:00,11.952576,4.7799377,281.96503,101157.734,51.75,5.25
2024-01-22 19:00:00,11.968124,5.2518616,281.70074,101246.06,51.75,5.25
2024-01-22 20:00:00,12.517166,5.292801,281.7738,101308.516,51.75,5.25
2024-01-22 21:00:00,12.809723,4.7979126,281.54803,101330.65,51.75,5.25
2024-01-22 22:00:00,13.532944,3.58638,281.4417,101388.16,51.75,5.25
2024-01-22 23:00:00,13.014038,2.8805084,281.53717,101505.09,51.75,5.25
2024-01-23 00:00:00,12.453949,1.543747,281.43738,101589.7,51.75,5.25
2024-01-23 01:00:00,12.767136,0.68707275,281.17633,101694.625,51.75,5.25
2024-01-23 02:00:00,12.517548,0.5506134,280.84625,101803.66,51.75,5.25
2024-01-23 03:00:00,12.141556,1.1234894,280.24844,101884.69,51.75,5.25
2024-01-23 04:00:00,11.84108,1.0436096,279.89374,102032.734,51.75,5.25
2024-01-23 05:00:00,11.135666,1.5569458,279.55304,102122.61,51.75,5.25
2024-01-23 06:00:00,11.329605,1.4294739,279.29712,102252.66,51.75,5.25
2024-01-23 07:00:00,9.759705,1.4083099,278.96597,102330.52,51.75,5.25
2024-01-23 08:00:00,8.35997,2.9232483,278.53903,102390.05,51.75,5.25
2024-01-23 09:00:00,7.8459625,4.7013855,279.19775,102518.92,51.75,5.25
2024-01-23 10:00:00,6.0660706,5.4972534,280.01807,102517.19,51.75,5.25
2024-01-23 11:00:00,5.931778,5.9029846,280.6761,102487.31,51.75,5.25
2024-01-23 12:00:00,5.2959137,6.976715,281.30286,102403.33,51.75,5.25
2024-01-23 13:00:00,5.447052,8.029297,281.896,102312.78,51.75,5.25
2024-01-23 14:00:00,5.9444275,8.7118225,281.70996,102226.164,51.75,5.25
2024-01-23 15:00:00,4.911804,10.356689,281.4628,102100.266,51.75,5.25
2024-01-23 16:00:00,4.789322,11.64978,281.136,101964.09,51.75,5.25
2024-01-23 17:00:00,5.9886627,11.927475,281.26132,101849.3,51.75,5.25
2024-01-23 18:00:00,8.019165,11.434937,281.7616,101734.984,51.75,5.25
2024-01-23 19:00:00,10.395248,10.798065,282.54907,101647.516,51.75,5.25
2024-01-23 20:00:00,11.228821,10.622223,283.46576,101532.83,51.75,5.25
2024-01-23 21:00:00,11.343536,10.806686,284.4571,101430.914,51.75,5.25
2024-01-23 22:00:00,12.208389,10.131195,285.14862,101379.72,51.75,5.25
2024-01-23 23:00:00,12.681046,9.887268,285.76898,101325.516,51.75,5.25
2024-01-24 00:00:00,13.8284,10.130936,286.22388,101290.45,51.75,5.25
2024-01-24 01:00:00,14.479584,9.850357,286.30737,101236.445,51.75,5.25
2024-01-24 02:00:00,15.3116,8.966934,286.22635,101243.766,51.75,5.25
2024-01-24 03:00:00,16.042786,7.944092,285.6657,101247.09,51.75,5.25
2024-01-24 04:00:00,17.097443,6.5329285,285.2248,101282.97,51.75,5.25
2024-01-24 05:00:00,17.093811,4.522049,285.10483,101343.13,51.75,5.25
2024-01-24 06:00:00,16.510208,3.478592,284.7085,101447.19,51.75,5.25
2024-01-24 07:00:00,16.24347,3.36232,284.31628,101573.91,51.75,5.25
2024-01-24 08:00:00,16.01355,3.4078674,283.8218,101683.016,51.75,5.25
2024-01-24 09:00:00,15.712189,3.2733002,283.77603,101780.55,51.75,5.25
2024-01-24 10:00:00,13.844376,2.5707245,284.10468,101940.41,51.75,5.25
2024-01-24 11:00:00,12.598114,3.5858612,284.22256,102020.86,51.75,5.25
2024-01-24 12:00:00,13.801895,3.3743134,284.2685,102139.74,51.75,5.25
2024-01-24 13:00:00,13.069061,2.6431274,284.0733,102183.44,51.75,5.25
2024-01-24 14:00:00,13.673721,1.7470703,283.82092,102296.38,51.75,5.25
2024-01-24 15:00:00,12.554199,0.7888794,283.43866,102389.734,51.75,5.25
2024-01-24 16:00:00,11.420746,1.0434265,282.92413,102471.75,51.75,5.25
2024-01-24 17:00:00,10.685608,1.3147278,282.5822,102529.664,51.75,5.25
2024-01-24 18:00:00,10.070709,1.39151,282.42783,102571.81,51.75,5.25
2024-01-24 19:00:00,9.561859,1.4459229,282.06677,102604.56,51.75,5.25
2024-01-24 20:00:00,9.375427,0.7984009,281.72064,102644.72,51.75,5.25
2024-01-24 21:00:00,9.326172,0.1368103,281.56876,102654.95,51.75,5.25
2024-01-24 22:00:00,8.639557,-0.5690155,281.68445,102663.28,51.75,5.25
2024-01-24 23:00:00,8.668182,-1.598877,281.43097,102724.33,51.75,5.25
2024-01-25 00:00:00,8.178284,-2.2398071,280.9187,102738.984,51.75,5.25
2024-01-25 01:00:00,7.837082,-2.6378937,280.09534,102768.69,51.75,5.25
2024-01-25 02:00:00,7.081711,-2.6038666,279.2456,102823.32,51.75,5.25
2024-01-25 03:00:00,6.482376,-1.9795074,278.31024,102825.97,51.75,5.25
2024-01-25 04:00:00,6.131424,-1.4431,277.12744,102856.15,51.75,5.25
2024-01-25 05:00:00,5.3440857,-0.8173523,276.426,102880.75,51.75,5.25
2024-01-25 06:00:00,5.258194,0.56144714,276.3011,102889.39,51.75,5.25
2024-01-25 07:00:00,5.4128723,1.9829407,275.93155,102908.77,51.75,5.25
2024-01-25 08:00:00,5.1760406,2.7562256,276.03763,102922.17,51.75,5.25
2024-01-25 09:00:00,4.081604,3.2405853,277.3064,102930.22,51.75,5.25
2024-01-25 10:00:00,2.585205,4.046585,278.58685,102933.75,51.75,5.25
2024-01-25 11:00:00,2.2070618,4.484848,279.63812,102887.75,51.75,5.25
2024-01-25 12:00:00,2.3342285,4.344757,280.66864,102798.02,51.75,5.25
2024-01-25 13:00:00,2.1003418,4.710129,281.00775,102729.195,51.75,5.25
2024-01-25 14:00:00,1.4804535,5.528076,281.28143,102649.234,51.75,5.25
2024-01-25 15:00:00,1.2994843,6.1622314,281.24054,102580.93,51.75,5.25
2024-01-25 16:00:00,1.8961487,6.5851593,281.32642,102541.81,51.75,5.25
2024-01-25 17:00:00,3.131363,6.5852356,281.41284,102498.016,51.75,5.25
2024-01-25 18:00:00,4.005081,6.0768433,281.63562,102480.32,51.75,5.25
2024-01-25 19:00:00,4.4404755,5.8154907,281.9676,102444.74,51.75,5.25
2024-01-25 20:00:00,5.0373383,5.728546,282.28876,102420.28,51.75,5.25
2024-01-25 21:00:00,5.6026,5.602997,282.75427,102344.94,51.75,5.25
2024-01-25 22:00:00,5.459244,4.966324,283.17438,102324.08,51.75,5.25
2024-01-25 23:00:00,5.600952,5.388733,283.2741,102293.3,51.75,5.25
2024-01-26 00:00:00,5.9397125,5.858139,283.3274,102283.07,51.75,5.25
2024-01-26 01:00:00,5.883896,6.4702454,283.42426,102244.375,51.75,5.25
2024-01-26 02:00:00,5.411667,7.3251953,283.44104,102170.375,51.75,5.25
2024-01-26 03:00:00,4.966797,8.436996,283.56097,102086.31,51.75,5.25
2024-01-26 04:00:00,5.421768,9.309662,283.73547,101996.33,51.75,5.25
2024-01-26 05:00:00,6.626831,9.42691,283.90195,101937.6,51.75,5.25
2024-01-26 06:00:00,6.8156433,10.167557,283.91766,101845.78,51.75,5.25
2024-01-26 07:00:00,8.137497,10.011108,284.04236,101803.9,51.75,5.25
2024-01-26 08:00:00,10.61908,8.030136,284.27234,101807.06,51.75,5.25
2024-01-26 09:00:00,14.28772,4.775757,284.40546,101865.234,51.75,5.25
2024-01-26 10:00:00,12.756668,-4.3305054,283.43076,102060.805,51.75,5.25
2024-01-26 11:00:00,11.664368,-4.3461304,282.43088,102239.75,51.75,5.25
2024-01-26 12:00:00,12.424835,-4.2445526,282.43484,102407.03,51.75,5.25
2024-01-26 13:00:00,12.195328,-4.6941376,281.9342,102561.25,51.75,5.25
2024-01-26 14:00:00,11.198868,-4.6696167,281.58276,102674.55,51.75,5.25
2024-01-26 15:00:00,10.075226,-4.5069733,281.11383,102809.47,51.75,5.25
2024-01-26 16:00:00,8.987335,-4.175934,280.37793,102930.234,51.75,5.25
2024-01-26 17:00:00,8.125076,-3.119049,279.39047,103032.4,51.75,5.25
2024-01-26 18:00:00,7.6664124,-2.2897186,278.54358,103139.6,51.75,5.25
2024-01-26 19:00:00,7.253479,-1.1832886,277.7307,103226.18,51.75,5.25
2024-01-26 20:00:00,7.197983,0.01651001,277.1184,103277.016,51.75,5.25
2024-01-26 21:00:00,7.0047455,0.7711792,276.3872,103321.25,51.75,5.25
2024-01-26 22:00:00,7.0745087,1.3982849,275.9123,103332.3,51.75,5.25
2024-01-26 23:00:00,7.1564636,1.4473419,275.78845,103373.484,51.75,5.25
2024-01-27 00:00:00,7.0052795,1.691864,275.5351,103418.016,51.75,5.25
2024-01-27 01:00:00,6.808014,2.1924438,275.1173,103430.2,51.75,5.25
2024-01-27 02:00:00,6.528702,2.5513916,274.65387,103438.94,51.75,5.25
2024-01-27 03:00:00,6.2682343,2.8469086,274.54053,103459.36,51.75,5.25
2024-01-27 04:00:00,6.1447754,3.3265991,274.1947,103471.14,51.75,5.25
2024-01-27 05:00:00,5.8338165,4.041565,274.11377,103472.12,51.75,5.25
2024-01-27 06:00:00,5.841797,4.3648224,273.95294,103473.875,51.75,5.25
2024-01-27 07:00:00,5.8200073,4.4980164,273.7799,103510.59,51.75,5.25
2024-01-27 08:00:00,5.2945557,4.863571,273.96484,103497.75,51.75,5.25
2024-01-27 09:00:00,4.710907,4.952469,275.33704,103536.51,51.75,5.25
2024-01-27 10:00:00,3.5863953,4.2886047,277.12598,103580.266,51.75,5.25
2024-01-27 11:00:00,3.7184906,3.792282,278.8393,103593.016,51.75,5.25
2024-01-27 12:00:00,3.766632,3.5702667,280.14557,103575.72,51.75,5.25
2024-01-27 13:00:00,3.4477386,3.3191986,280.69995,103521.41,51.75,5.25
2024-01-27 14:00:00,2.6358185,3.3062897,280.75726,103510.984,51.75,5.25
2024-01-27 15:00:00,1.6439819,3.6726227,280.1667,103470.43,51.75,5.25
2024-01-27 16:00:00,1.3111725,4.245804,278.31674,103471.69,51.75,5.25
2024-01-27 17:00:00,1.0649719,4.5735016,276.86597,103464.016,51.75,5.25
2024-01-27 18:00:00,0.53578186,5.0346375,276.42444,103461.42,51.75,5.25
2024-01-27 19:00:00,-0.12236023,5.5930023,276.00082,103461.42,51.75,5.25
2024-01-27 20:00:00,-0.48451233,5.9384766,275.33105,103451.21,51.75,5.25
2024-01-27 21:00:00,-1.2767944,6.2330933,275.2141,103408.7,51.75,5.25
2024-01-27 22:00:00,-1.7138977,6.164093,274.41498,103372.31,51.75,5.25
2024-01-27 23:00:00,-1.469986,6.0842896,274.16107,103310.97,51.75,5.25
2024-01-28 00:00:00,-1.3160553,6.0590515,273.97018,103250.2,51.75,5.25
2024-01-28 01:00:00,-1.753418,5.8566437,273.92865,103202.53,51.75,5.25
2024-01-28 02:00:00,-2.5169525,5.6822968,273.86633,103149.484,51.75,5.25
2024-01-28 03:00:00,-2.702942,5.830307,273.26923,103108.78,51.75,5.25
2024-01-28 04:00:00,-2.5964966,5.953766,273.14417,103071.64,51.75,5.25
2024-01-28 05:00:00,-2.8669434,6.0594788,273.0918,103015.87,51.75,5.25
2024-01-28 06:00:00,-2.9173737,6.2480774,272.69788,102958.25,51.75,5.25
2024-01-28 07:00:00,-2.945633,6.607788,272.69263,102924.125,51.75,5.25
2024-01-28 08:00:00,-2.9122314,6.825882,273.00592,102906.06,51.75,5.25
2024-01-28 09:00:00,-2.7674408,6.7269745,274.46487,102857.836,51.75,5.25
2024-01-28 10:00:00,-2.7844543,6.1829987,276.7218,102830.484,51.75,5.25
2024-01-28 11:00:00,-1.9906769,6.0671997,278.57196,102789.92,51.75,5.25
2024-01-28 12:00:00,-1.6651611,5.895645,280.4135,102729.23,51.75,5.25
2024-01-28 13:00:00,-2.150406,6.0407104,281.93677,102622.08,51.75,5.25
2024-01-28 14:00:00,-2.6517181,6.4790344,282.90585,102545.5,51.75,5.25
2024-01-28 15:00:00,-2.6175995,7.3076477,282.96573,102491.414,51.75,5.25
2024-01-28 16:00:00,-2.0812683,8.067673,281.57782,102469.664,51.75,5.25
2024-01-28 17:00:00,-1.2102661,8.5937195,280.32208,102464.84,51.75,5.25
2024-01-28 18:00:00,-0.22045898,8.817261,279.64325,102447.77,51.75,5.25
2024-01-28 19:00:00,0.3251648,8.955093,279.11093,102463.25,51.75,5.25
2024-01-28 20:00:00,0.48265076,9.143768,278.7683,102443.3,51.75,5.25
2024-01-28 21:00:00,0.6597595,8.999725,278.72455,102430.41,51.75,5.25
2024-01-28 22:00:00,1.0245972,7.978348,278.26508,102423.58,51.75,5.25
2024-01-28 23:00:00,1.7302399,8.046356,277.94678,102406.55,51.75,5.25
2024-01-29 00:00:00,2.5261383,8.055054,277.65143,102426.95,51.75,5.25
2024-01-29 01:00:00,3.442688,7.203537,277.48596,102422.2,51.75,5.25
2024-01-29 02:00:00,3.9864044,6.3211975,277.24182,102445.625,51.75,5.25
2024-01-29 03:00:00,3.83313,6.255188,277.09448,102449.36,51.75,5.25
2024-01-29 04:00:00,3.8111115,6.221863,276.7431,102462.78,51.75,5.25
2024-01-29 05:00:00,3.5785522,5.9871826,276.76358,102468.74,51.75,5.25
2024-01-29 06:00:00,3.4779663,6.2626953,276.80597,102483.484,51.75,5.25
2024-01-29 07:00:00,3.917694,6.418274,276.84833,102526.1,51.75,5.25
2024-01-29 08:00:00,4.1059723,6.3603516,277.16037,102555.56,51.75,5.25
2024-01-29 09:00:00,4.079483,5.9297485,278.52603,102595.39,51.75,5.25
2024-01-29 10:00:00,3.1834564,4.8338776,280.2296,102593.76,51.75,5.25
2024-01-29 11:00:00,2.721527,4.6233063,281.76593,102621.89,51.75,5.25
2024-01-29 12:00:00,2.3963013,4.3144226,283.10883,102594.43,51.75,5.25
2024-01-29 13:00:00,2.0380096,4.032776,283.85834,102557.37,51.75,5.25
2024-01-29 14:00:00,1.5751495,4.0751953,284.3629,102566.56,51.75,5.25
2024-01-29 15:00:00,1.3150482,4.6240234,283.90543,102570.766,51.75,5.25
2024-01-29 16:00:00,1.4505768,5.3969116,282.61377,102586.03,51.75,5.25
2024-01-29 17:00:00,1.975647,5.881134,281.61932,102626.25,51.75,5.25
2024-01-29 18:00:00,2.230713,6.1963654,281.3142,102624.805,51.75,5.25
2024-01-29 19:00:00,2.3299103,6.670624,281.39694,102622.47,51.75,5.25
2024-01-29 20:00:00,2.4706573,7.099472,281.71375,102622.484,51.75,5.25
2024-01-29 21:00:00,2.5039673,7.30336,281.88025,102597.91,51.75,5.25
2024-01-29 22:00:00,2.873825,7.0166016,281.38068,102584.16,51.75,5.25
2024-01-29 23:00:00,2.9349518,7.206711,280.98312,102563.734,51.75,5.25
2024-01-30 00:00:00,2.9071655,7.5630493,281.00995,102573.11,51.75,5.25
2024-01-30 01:00:00,3.074707,7.7138367,281.1186,102549.89,51.75,5.25
2024-01-30 02:00:00,3.3714752,7.425888,281.1549,102527.84,51.75,5.25
2024-01-30 03:00:00,3.2997437,7.3234863,281.25073,102505.45,51.75,5.25
2024-01-30 04:00:00,3.2028198,7.4918976,281.6879,102472.984,51.75,5.25
2024-01-30 05:00:00,2.897232,7.6263733,281.9137,102447.89,51.75,5.25
2024-01-30 06:00:00,3.2322998,7.8690643,282.20074,102434.13,51.75,5.25
2024-01-30 07:00:00,4.6778564,7.6883698,282.66278,102464.59,51.75,5.25
2024-01-30 08:00:00,5.2469635,7.433563,283.01105,102505.28,51.75,5.25
2024-01-30 09:00:00,5.5718994,7.3512115,283.5374,102544.06,51.75,5.25
2024-01-30 10:00:00,5.6519165,6.395584,284.01816,102575.49,51.75,5.25
2024-01-30 11:00:00,6.931076,6.1084137,283.9798,102609.0,51.75,5.25
2024-01-30 12:00:00,8.974289,5.020752,283.53082,102628.38,51.75,5.25
2024-01-30 13:00:00,9.589737,4.0764923,283.02277,102672.81,51.75,5.25
2024-01-30 14:00:00,9.156952,3.8211212,282.615,102710.66,51.75,5.25
2024-01-30 15:00:00,9.1740265,3.6912842,282.12115,102778.08,51.75,5.25
2024-01-30 16:00:00,9.170349,3.0093231,281.5775,102852.375,51.75,5.25
2024-01-30 17:00:00,8.494736,1.7633514,281.08484,102930.67,51.75,5.25
2024-01-30 18:00:00,7.6328125,0.2932129,280.70944,103016.16,51.75,5.25
2024-01-30 19:00:00,6.7440186,-1.1356659,280.39944,103109.23,51.75,5.25
2024-01-30 20:00:00,5.8171234,-2.131607,280.02255,103182.266,51.75,5.25
2024-01-30 21:00:00,5.136734,-2.3413544,279.78287,103233.5,51.75,5.25
2024-01-30 22:00:00,4.24205,-1.6386414,279.43378,103310.875,51.75,5.25
2024-01-30 23:00:00,4.403076,-0.75746155,278.9751,103333.72,51.75,5.25
2024-01-31 00:00:00,4.571411,-0.3000641,278.86414,103381.09,51.75,5.25
2024-01-31 01:00:00,4.717819,-1.1282196,278.86243,103407.625,51.75,5.25
2024-01-31 02:00:00,4.19516,-1.7747345,278.7837,103426.47,51.75,5.25
2024-01-31 03:00:00,3.013092,-0.92056274,278.46133,103404.95,51.75,5.25
2024-01-31 04:00:00,2.161316,0.69107056,278.52722,103359.8,51.75,5.25
2024-01-31 05:00:00,2.1257477,2.8581696,278.38275,103330.69,51.75,5.25
2024-01-31 06:00:00,2.9929352,4.1939087,278.6645,103328.55,51.75,5.25
2024-01-31 07:00:00,3.9836884,3.418579,278.6748,103368.61,51.75,5.25
2024-01-31 08:00:00,3.5454407,3.7335663,278.7345,103375.914,51.75,5.25
2024-01-31 09:00:00,2.6394958,3.9217377,279.2231,103352.92,51.75,5.25
2024-01-31 10:00:00,4.1098022,4.6117706,279.75693,103315.5,51.75,5.25
2024-01-31 11:00:00,5.798004,4.8800964,280.21646,103263.97,51.75,5.25
2024-01-31 12:00:00,4.833023,5.2924957,280.30585,103174.08,51.75,5.25
2024-01-31 13:00:00,4.7198334,6.035965,280.5351,103081.87,51.75,5.25
2024-01-31 14:00:00,5.1458282,6.49205,280.4071,103007.516,51.75,5.25
2024-01-31 15:00:00,6.2628937,6.2957764,280.2176,102915.58,51.75,5.25
2024-01-31 16:00:00,6.074768,6.148056,279.98688,102853.71,51.75,5.25
2024-01-31 17:00:00,6.6953125,6.5429077,279.94748,102801.58,51.75,5.25
2024-01-31 18:00:00,7.4016724,7.1622467,279.89374,102720.74,51.75,5.25
2024-01-31 19:00:00,8.118652,7.226898,279.79614,102676.86,51.75,5.25
2024-01-31 20:00:00,7.9994354,7.6608887,279.9008,102578.71,51.75,5.25
2024-01-31 21:00:00,8.430634,7.5003815,280.19016,102485.89,51.75,5.25
2024-01-31 22:00:00,10.501694,5.534836,280.92337,102468.66,51.75,5.25
2024-01-31 23:00:00,10.177521,5.05101,281.22498,102415.875,51.75,5.25
2024-02-01 00:00:00,10.412888,3.9419403,281.3934,102412.08,51.75,5.25
2024-02-01 01:00:00,10.100021,2.4030457,281.63037,102399.86,51.75,5.25
2024-02-01 02:00:00,9.682556,-0.033081055,282.00183,102393.58,51.75,5.25
2024-02-01 03:00:00,8.669769,-3.1976166,281.92303,102470.72,51.75,5.25
2024-02-01 04:00:00,6.3331757,-5.0653534,281.11917,102519.836,51.75,5.25
2024-02-01 05:00:00,5.5015564,-5.1592712,279.7774,102658.625,51.75,5.25
2024-02-01 06:00:00,5.1199493,-4.906372,278.1023,102750.99,51.75,5.25
2024-02-01 07:00:00,5.2519684,-3.5486603,276.5918,102856.64,51.75,5.25
2024-02-01 08:00:00,5.8736267,-2.3062286,276.378,102930.26,51.75,5.25
2024-02-01 09:00:00,6.247772,-1.6800385,278.39297,103007.984,51.75,5.25
2024-02-01 10:00:00,4.4781494,-1.0188446,280.08508,103102.19,51.75,5.25
2024-02-01 11:00:00,4.741623,-1.2806091,281.0763,103120.336,51.75,5.25
2024-02-01 12:00:00,5.29628,-2.7639618,281.64606,103137.13,51.75,5.25
2024-02-01 13:00:00,5.6077576,-2.4027252,281.83585,103124.516,51.75,5.25
2024-02-01 14:00:00,5.790283,-2.1669006,281.85944,103143.62,51.75,5.25
2024-02-01 15:00:00,5.810974,-1.2423859,281.6189,103161.52,51.75,5.25
2024-02-01 16:00:00,5.839432,-0.91571045,280.43884,103205.56,51.75,5.25
2024-02-01 17:00:00,5.8423767,-0.2531891,279.1977,103242.01,51.75,5.25
2024-02-01 18:00:00,6.170639,0.63946533,278.039,103235.81,51.75,5.25
2024-02-01 19:00:00,6.474411,1.0775452,277.11566,103265.94,51.75,5.25
2024-02-01 20:00:00,6.4868317,1.1907196,276.7583,103283.06,51.75,5.25
2024-02-01 21:00:00,6.4327393,2.127472,276.76117,103253.18,51.75,5.25
2024-02-01 22:00:00,6.4097137,3.3820648,277.30096,103215.54,51.75,5.25
2024-02-01 23:00:00,6.813629,4.0152435,277.66068,103172.78,51.75,5.25
2024-02-02 00:00:00,7.2334137,4.263687,278.02426,103112.914,51.75,5.25
2024-02-02 01:00:00,7.4574738,4.783554,278.0702,103049.516,51.75,5.25
2024-02-02 02:00:00,7.849701,4.4378967,278.3882,103011.984,51.75,5.25
2024-02-02 03:00:00,8.258911,5.006653,278.66354,102931.82,51.75,5.25
2024-02-02 04:00:00,8.78273,4.7701263,278.39636,102881.195,51.75,5.25
2024-02-02 05:00:00,8.381149,4.4763336,278.28836,102855.78,51.75,5.25
2024-02-02 06:00:00,8.506332,4.4860535,278.2271,102829.664,51.75,5.25
2024-02-02 07:00:00,8.642075,4.447693,278.29144,102809.91,51.75,5.25
2024-02-02 08:00:00,8.630814,4.582535,278.7314,102798.0,51.75,5.25
2024-02-02 09:00:00,8.86203,4.795578,279.46082,102782.5,51.75,5.25
2024-02-02 10:00:00,7.7640686,4.4056396,280.18433,102788.12,51.75,5.25
2024-02-02 11:00:00,8.507965,4.4461975,280.8274,102768.08,51.75,5.25
2024-02-02 12:00:00,9.872192,3.9953156,281.29413,102719.92,51.75,5.25
2024-02-02 13:00:00,9.99231,3.6554565,281.48132,102674.36,51.75,5.25
2024-02-02 14:00:00,10.043121,3.6934204,281.80463,102643.24,51.75,5.25
2024-02-02 15:00:00,10.414047,3.3456879,281.93195,102610.56,51.75,5.25
2024-02-02 16:00:00,10.055084,3.3208313,281.89032,102586.41,51.75,5.25
2024-02-02 17:00:00,9.743423,3.6680298,281.81494,102587.34,51.75,5.25
2024-02-02 18:00:00,9.607605,3.8772125,281.8287,102590.016,51.75,5.25
2024-02-02 19:00:00,9.641739,3.4403534,281.9931,102659.47,51.75,5.25
2024-02-02 20:00:00,9.773178,3.603653,282.1795,102661.5,51.75,5.25
2024-02-02 21:00:00,9.882568,3.701294,282.38223,102645.69,51.75,5.25
2024-02-02 22:00:00,9.550278,3.6045532,282.482,102614.84,51.75,5.25
2024-02-02 23:00:00,9.449707,3.3757935,282.68463,102635.5,51.75,5.25
2024-02-03 00:00:00,9.128906,3.3731537,282.72614,102621.12,51.75,5.25
2024-02-03 01:00:00,9.134552,3.434143,282.8474,102587.6,51.75,5.25
2024-02-03 02:00:00,9.284653,3.710266,282.90314,102568.53,51.75,5.25
2024-02-03 03:00:00,9.400925,3.6722717,282.8954,102548.11,51.75,5.25
2024-02-03 04:00:00,9.214386,3.7610626,282.97174,102512.53,51.75,5.25
2024-02-03 05:00:00,9.2105255,3.7787018,283.00763,102511.766,51.75,5.25
2024-02-03 06:00:00,9.479874,3.2767181,283.00977,102478.16,51.75,5.25
2024-02-03 07:00:00,9.573853,2.6756897,283.1164,102497.83,51.75,5.25
2024-02-03 08:00:00,9.55545,2.5067291,283.18176,102525.86,51.75,5.25
2024-02-03 09:00:00,9.539322,2.6528625,283.3081,102541.12,51.75,5.25
2024-02-03 10:00:00,8.8611145,2.7677765,283.7879,102555.09,51.75,5.25
2024-02-03 11:00:00,9.434677,3.2354279,284.0586,102555.09,51.75,5.25
2024-02-03 12:00:00,9.024124,2.9370422,284.0337,102515.24,51.75,5.25
2024-02-03 13:00:00,9.549362,3.0758972,284.1855,102481.266,51.75,5.25
2024-02-03 14:00:00,9.84935,2.4776917,284.01282,102455.86,51.75,5.25
2024-02-03 15:00:00,9.963364,1.7337341,283.85828,102458.91,51.75,5.25
2024-02-03 16:00:00,9.583664,1.1847992,283.71155,102464.64,51.75,5.25
2024-02-03 17:00:00,9.11882,1.5180359,283.59106,102467.3,51.75,5.25
2024-02-03 18:00:00,8.952698,2.1824493,283.59534,102465.16,51.75,5.25
2024-02-03 19:00:00,9.163483,2.7085419,283.6943,102464.92,51.75,5.25
2024-02-03 20:00:00,9.34819,2.6015778,283.67435,102473.5,51.75,5.25
2024-02-03 21:00:00,9.154877,2.5131073,283.57092,102454.95,51.75,5.25
2024-02-03 22:00:00,9.209183,3.5518188,283.58783,102383.234,51.75,5.25
2024-02-03 23:00:00,9.627228,3.2437134,283.55743,102362.73,51.75,5.25
2024-02-04 00:00:00,9.720169,2.5962372,283.4109,102321.445,51.75,5.25
2024-02-04 01:00:00,10.060684,0.92933655,283.305,102332.08,51.75,5.25
2024-02-04 02:00:00,9.232376,0.40498352,283.36258,102323.69,51.75,5.25
2024-02-04 03:00:00,9.167313,0.42866516,283.3008,102307.66,51.75,5.25
2024-02-04 04:00:00,9.183014,0.92822266,283.38818,102299.61,51.75,5.25
2024-02-04 05:00:00,9.644943,2.1174622,283.51697,102264.47,51.75,5.25
2024-02-04 06:00:00,10.444641,2.6474304,283.6632,102220.45,51.75,5.25
2024-02-04 07:00:00,10.943512,2.3665924,283.6087,102208.555,51.75,5.25
2024-02-04 08:00:00,11.004211,1.7737732,283.53708,102190.83,51.75,5.25
2024-02-04 09:00:00,10.4734955,1.93396,283.69513,102189.73,51.75,5.25
2024-02-04 10:00:00,9.592056,2.056244,283.8244,102192.87,51.75,5.25
2024-02-04 11:00:00,10.183411,2.6399689,283.733,102176.76,51.75,5.25
2024-02-04 12:00:00,11.000748,2.6453552,283.88773,102134.914,51.75,5.25
2024-02-04 13:00:00,11.683609,2.32547,284.21204,102113.24,51.75,5.25
2024-02-04 14:00:00,11.667877,2.547882,284.4973,102071.22,51.75,5.25
2024-02-04 15:00:00,11.484009,3.280243,284.38052,102043.23,51.75,5.25
2024-02-04 16:00:00,11.383575,4.098709,284.24454,101996.7,51.75,5.25
2024-02-04 17:00:00,11.791702,4.5818634,284.22186,101976.555,51.75,5.25
2024-02-04 18:00:00,12.40361,4.2337646,284.21246,101953.45,51.75,5.25
2024-02-04 19:00:00,12.864304,3.527069,284.09674,101966.69,51.75,5.25
2024-02-04 20:00:00,12.921478,3.1856995,284.1548,101931.66,51.75,5.25
2024-02-04 21:00:00,12.889328,3.1179962,284.36414,101915.48,51.75,5.25
2024-02-04 22:00:00,11.886169,2.561432,284.3961,101922.95,51.75,5.25
2024-02-04 23:00:00,12.356735,2.6044464,284.3811,101954.2,51.75,5.25
2024-02-05 00:00:00,12.346222,2.6008759,284.10596,101968.33,51.75,5.25
2024-02-05 01:00:00,12.36676,2.6688843,283.8415,101985.266,51.75,5.25
2024-02-05 02:00:00,12.295425,2.8697662,283.5207,101989.97,51.75,5.25
2024-02-05 03:00:00,11.764084,3.538025,282.97064,101983.33,51.75,5.25
2024-02-05 04:00:00,11.390137,4.1455994,282.77917,101955.164,51.75,5.25
2024-02-05 05:00:00,11.262695,4.346985,282.64478,101955.22,51.75,5.25
2024-02-05 06:00:00,11.122574,5.01709,282.57156,101941.39,51.75,5.25
2024-02-05 07:00:00,11.4021,5.201538,282.41806,101938.39,51.75,5.25
2024-02-05 08:00:00,11.340866,4.9398804,282.38635,101953.69,51.75,5.25
2024-02-05 09:00:00,10.507431,5.2270813,282.4574,101981.39,51.75,5.25
2024-02-05 10:00:00,10.1707,5.9825745,282.7265,101970.375,51.75,5.25
2024-02-05 11:00:00,11.225464,5.848755,283.19064,101944.734,51.75,5.25
2024-02-05 12:00:00,11.242584,6.0936584,283.59488,101899.71,51.75,5.25
2024-02-05 13:00:00,11.621033,6.310898,283.73615,101836.39,51.75,5.25
2024-02-05 14:00:00,11.403793,6.433548,283.74908,101785.5,51.75,5.25
2024-02-05 15:00:00,11.5295105,7.0681763,283.67126,101740.62,51.75,5.25
2024-02-05 16:00:00,11.176819,6.824646,283.23163,101708.19,51.75,5.25
2024-02-05 17:00:00,11.520065,6.3278656,282.84012,101706.836,51.75,5.25
2024-02-05 18:00:00,11.666336,6.021744,282.57617,101687.33,51.75,5.25
2024-02-05 19:00:00,11.53418,5.8946533,282.40753,101650.625,51.75,5.25
2024-02-05 20:00:00,11.530731,5.6907654,282.39862,101613.33,51.75,5.25
2024-02-05 21:00:00,11.332367,5.6482544,282.3285,101540.2,51.75,5.25
2024-02-05 22:00:00,10.536087,5.839203,282.48727,101520.28,51.75,5.25
2024-02-05 23:00:00,10.69339,6.1225433,282.651,101473.61,51.75,5.25
2024-02-06 00:00:00,10.780243,5.892105,282.90738,101430.484,51.75,5.25
2024-02-06 01:00:00,10.851242,6.1819305,283.09088,101391.56,51.75,5.25
2024-02-06 02:00:00,11.159912,6.308182,283.1648,101313.0,51.75,5.25
2024-02-06 03:00:00,11.341141,6.24527,283.38892,101260.28,51.75,5.25
2024-02-06 04:00:00,11.285889,6.266388,283.5702,101184.91,51.75,5.25
2024-02-06 05:00:00,11.559204,6.34671,283.5381,101134.055,51.75,5.25
2024-02-06 06:00:00,11.91658,6.3859253,283.56934,101091.19,51.75,5.25
2024-02-06 07:00:00,11.946091,6.487503,283.67084,101050.266,51.75,5.25
2024-02-06 08:00:00,12.066132,6.6731873,283.83807,101033.03,51.75,5.25
2024-02-06 09:00:00,12.305832,7.3104095,284.0007,101004.234,51.75,5.25
2024-02-06 10:00:00,13.0421295,7.474182,284.26645,100956.484,51.75,5.25
2024-02-06 11:00:00,13.362045,7.715912,284.65628,100916.805,51.75,5.25
2024-02-06 12:00:00,13.605789,7.845215,284.9547,100849.484,51.75,5.25
2024-02-06 13:00:00,14.636368,7.848068,285.22318,100797.42,51.75,5.25
2024-02-06 14:00:00,15.138519,7.446762,285.04077,100748.72,51.75,5.25
2024-02-06 15:00:00,14.506012,6.8789062,284.8405,100705.83,51.75,5.25
2024-02-06 16:00:00,13.621796,6.928116,284.49847,100675.94,51.75,5.25
2024-02-06 17:00:00,13.404053,7.1289673,284.4565,100654.164,51.75,5.25
2024-02-06 18:00:00,13.497482,7.4856415,284.52792,100609.46,51.75,5.25
2024-02-06 19:00:00,13.824799,7.784485,284.35767,100549.2,51.75,5.25
2024-02-06 20:00:00,13.961884,8.083679,284.256,100510.54,51.75,5.25
2024-02-06 21:00:00,14.265396,8.424194,284.09604,100432.39,51.75,5.25
2024-02-06 22:00:00,14.308716,7.302902,283.68652,100365.05,51.75,5.25
2024-02-06 23:00:00,14.2651825,5.692795,283.08063,100332.68,51.75,5.25
2024-02-07 00:00:00,11.803833,2.185257,282.8286,100333.33,51.75,5.25
2024-02-07 01:00:00,8.176895,-1.3653564,282.0016,100328.76,51.75,5.25
2024-02-07 02:00:00,4.3300934,-5.3795776,280.04602,100357.84,51.75,5.25
2024-02-07 03:00:00,2.120453,-6.313858,277.74023,100415.58,51.75,5.25
2024-02-07 04:00:00,1.7808533,-5.6516876,276.17593,100439.93,51.75,5.25
2024-02-07 05:00:00,1.776947,-3.47583,275.81323,100474.05,51.75,5.25
2024-02-07 06:00:00,2.0581207,-2.2933197,276.05374,100481.9,51.75,5.25
2024-02-07 07:00:00,1.9495544,-2.5650787,276.54697,100531.25,51.75,5.25
2024-02-07 08:00:00,1.4867401,-2.7826233,277.2312,100576.89,51.75,5.25
2024-02-07 09:00:00,0.5226593,-2.683319,277.96725,100613.14,51.75,5.25
2024-02-07 10:00:00,-0.3493042,-1.8776093,278.70273,100644.17,51.75,5.25
2024-02-07 11:00:00,-1.1817169,-1.0202942,279.02106,100631.36,51.75,5.25
2024-02-07 12:00:00,-1.0098114,0.110321045,279.3152,100618.55,51.75,5.25
2024-02-07 13:00:00,-0.8424225,0.86216736,279.66296,100594.31,51.75,5.25
2024-02-07 14:00:00,-0.7589264,0.8428345,279.748,100565.31,51.75,5.25
2024-02-07 15:00:00,-1.5673523,0.5738373,279.53986,100507.32,51.75,5.25
2024-02-07 16:00:00,-2.1947784,0.87590027,279.08624,100467.516,51.75,5.25
2024-02-07 17:00:00,-2.499298,1.1207123,277.35614,100439.58,51.75,5.25
2024-02-07 18:00:00,-2.5552368,1.3914642,276.5689,100432.66,51.75,5.25
2024-02-07 19:00:00,-2.3244934,1.3652802,275.80286,100438.414,51.75,5.25
2024-02-07 20:00:00,-2.084793,0.8449402,275.33823,100449.89,51.75,5.25
2024-02-07 21:00:00,-1.9111176,0.13479614,275.49023,100434.68,51.75,5.25
2024-02-07 22:00:00,-1.1195068,-0.028900146,275.11456,100420.05,51.75,5.25
2024-02-07 23:00:00,-0.9326477,-0.59910583,274.4713,100402.94,51.75,5.25
2024-02-08 00:00:00,-1.2112732,-0.8726654,274.29834,100398.766,51.75,5.25
2024-02-08 01:00:00,-1.5474396,-0.9308014,274.00372,100409.09,51.75,5.25
2024-02-08 02:00:00,-2.1743011,-0.3529663,274.03647,100334.67,51.75,5.25
2024-02-08 03:00:00,-2.530014,-0.51000977,274.8567,100319.36,51.75,5.25
2024-02-08 04:00:00,-3.3242645,-0.77911377,275.23096,100271.766,51.75,5.25
2024-02-08 05:00:00,-3.709671,0.5130768,275.3039,100243.34,51.75,5.25
2024-02-08 06:00:00,-4.179291,1.5193634,275.35553,100181.91,51.75,5.25
2024-02-08 07:00:00,-4.731949,1.9521332,275.90088,100146.42,51.75,5.25
2024-02-08 08:00:00,-5.4777374,1.6481018,276.19147,100067.59,51.75,5.25
2024-02-08 09:00:00,-5.669037,1.788971,276.64417,100009.59,51.75,5.25
2024-02-08 10:00:00,-5.9647064,2.436081,276.8755,99888.86,51.75,5.25
2024-02-08 11:00:00,-5.6438904,1.684555,276.66663,99795.555,51.75,5.25
2024-02-08 12:00:00,-5.898636,-0.2978058,276.67432,99700.195,51.75,5.25
2024-02-08 13:00:00,-7.259247,-0.73265076,276.60242,99586.78,51.75,5.25
2024-02-08 14:00:00,-8.015961,0.13328552,276.42194,99442.76,51.75,5.25
2024-02-08 15:00:00,-8.887146,1.1129913,276.50854,99273.76,51.75,5.25
2024-02-08 16:00:00,-7.655075,2.1881714,276.7488,99174.16,51.75,5.25
2024-02-08 17:00:00,-5.0586243,3.192749,277.56195,99099.81,51.75,5.25
2024-02-08 18:00:00,-1.9539185,4.104904,279.22272,99015.23,51.75,5.25
2024-02-08 19:00:00,1.7612305,5.6633453,280.597,98980.484,51.75,5.25
2024-02-08 20:00:00,4.1436005,7.0572968,281.51666,98917.33,51.75,5.25
2024-02-08 21:00:00,5.4776,8.018402,282.39966,98865.59,51.75,5.25
2024-02-08 22:00:00,4.612335,7.997345,282.77844,98841.625,51.75,5.25
2024-02-08 23:00:00,2.9684143,7.6346893,282.64374,98782.766,51.75,5.25
2024-02-09 00:00:00,1.4967346,8.009354,282.48615,98705.63,51.75,5.25
2024-02-09 01:00:00,1.2048492,7.9784546,282.36786,98617.55,51.75,5.25
2024-02-09 02:00:00,0.6038971,8.4808655,282.57648,98506.125,51.75,5.25
2024-02-09 03:00:00,1.2809753,9.316589,282.80652,98434.45,51.75,5.25
2024-02-09 04:00:00,2.5892487,9.628769,282.95502,98361.14,51.75,5.25
2024-02-09 05:00:00,3.1093445,9.373566,283.30035,98305.2,51.75,5.25
2024-02-09 06:00:00,3.1048584,9.751663,283.3529,98273.31,51.75,5.25
2024-02-09 07:00:00,2.9698334,10.353439,283.32648,98255.97,51.75,5.25
2024-02-09 08:00:00,3.2639313,10.899475,283.60724,98253.02,51.75,5.25
2024-02-09 09:00:00,5.296692,10.596558,283.94604,98283.64,51.75,5.25
2024-02-09 10:00:00,5.7561493,8.760803,284.7127,98310.72,51.75,5.25
2024-02-09 11:00:00,5.4909973,8.023987,285.42682,98362.766,51.75,5.25
2024-02-09 12:00:00,6.1973267,8.249771,285.81287,98341.83,51.75,5.25
2024-02-09 13:00:00,6.057907,7.6520233,285.90674,98369.81,51.75,5.25
2024-02-09 14:00:00,5.078903,7.1623077,286.06152,98376.625,51.75,5.25
2024-02-09 15:00:00,2.7019043,7.2506714,285.7709,98371.53,51.75,5.25
2024-02-09 16:00:00,1.4223328,7.557129,285.36542,98361.836,51.75,5.25
2024-02-09 17:00:00,1.1536407,7.8535767,284.8308,98381.91,51.75,5.25
2024-02-09 18:00:00,0.7824707,7.62854,284.56775,98389.016,51.75,5.25
2024-02-09 19:00:00,0.13432312,7.713623,284.16235,98407.734,51.75,5.25
2024-02-09 20:00:00,-0.22671509,8.149063,283.9476,98393.96,51.75,5.25
2024-02-09 21:00:00,0.21131897,8.325439,284.07605,98418.6,51.75,5.25
2024-02-09 22:00:00,-0.13583374,8.006485,283.6684,98425.86,51.75,5.25
2024-02-09 23:00:00,0.90179443,7.9191437,283.487,98456.914,51.75,5.25
2024-02-10 00:00:00,1.6504822,8.025574,283.31244,98485.02,51.75,5.25
2024-02-10 01:00:00,1.556961,7.9371033,283.50674,98465.625,51.75,5.25
2024-02-10 02:00:00,1.2972412,7.626236,283.22903,98469.08,51.75,5.25
2024-02-10 03:00:00,0.89382935,7.65625,282.75342,98480.42,51.75,5.25
2024-02-10 04:00:00,0.4546814,7.3528137,282.38104,98465.414,51.75,5.25
2024-02-10 05:00:00,0.14450073,6.857147,282.149,98464.984,51.75,5.25
2024-02-10 06:00:00,0.3401184,6.8631287,282.15402,98493.2,51.75,5.25
2024-02-10 07:00:00,0.83047485,6.872925,282.2843,98555.1,51.75,5.25
2024-02-10 08:00:00,0.95062256,6.3285522,282.6786,98627.11,51.75,5.25
2024-02-10 09:00:00,0.4799652,4.9554596,283.20502,98641.36,51.75,5.25
2024-02-10 10:00:00,-0.060302734,3.6801758,284.17554,98669.234,51.75,5.25
2024-02-10 11:00:00,-0.40194702,2.6476593,284.95288,98665.7,51.75,5.25
2024-02-10 12:00:00,-1.2468414,1.9036102,285.5443,98638.75,51.75,5.25
2024-02-10 13:00:00,-2.1423645,1.6574249,285.68542,98635.42,51.75,5.25
2024-02-10 14:00:00,-2.995636,1.2194214,285.6914,98621.69,51.75,5.25
2024-02-10 15:00:00,-4.102478,0.24076843,285.35364,98623.84,51.75,5.25
2024-02-10 16:00:00,-5.5134125,-0.16195679,284.80008,98619.9,51.75,5.25
2024-02-10 17:00:00,-6.1489105,0.4158783,284.0724,98617.69,51.75,5.25
2024-02-10 18:00:00,-5.964386,1.5429077,283.6217,98650.91,51.75,5.25
2024-02-10 19:00:00,-5.5167694,2.2839813,283.65088,98658.06,51.75,5.25
2024-02-10 20:00:00,-5.2989044,2.6795654,283.40265,98652.875,51.75,5.25
2024-02-10 21:00:00,-4.6813507,3.0142975,283.24023,98665.23,51.75,5.25
2024-02-10 22:00:00,-4.9661713,2.937271,283.09747,98657.72,51.75,5.25
2024-02-10 23:00:00,-4.7377625,2.2116394,282.985,98625.17,51.75,5.25
2024-02-11 00:00:00,-4.674942,1.21344,282.8681,98567.55,51.75,5.25
2024-02-11 01:00:00,-4.830963,1.5093536,282.7696,98583.35,51.75,5.25
2024-02-11 02:00:00,-3.8369904,3.083496,282.63873,98582.59,51.75,5.25
2024-02-11 03:00:00,-1.6153412,3.4378052,282.47003,98555.945,51.75,5.25
2024-02-11 04:00:00,1.0838318,3.4596558,282.16666,98571.195,51.75,5.25
2024-02-11 05:00:00,3.7556,3.5758362,282.28204,98605.875,51.75,5.25
2024-02-11 06:00:00,5.5056763,4.2721252,282.3627,98652.47,51.75,5.25
2024-02-11 07:00:00,6.3699646,4.896576,281.96564,98734.625,51.75,5.25
2024-02-11 08:00:00,5.6562805,4.858612,281.50916,98848.766,51.75,5.25
2024-02-11 09:00:00,4.669403,5.0020294,281.38,98913.86,51.75,5.25
2024-02-11 10:00:00,3.9048615,5.038315,282.1244,98975.89,51.75,5.25
2024-02-11 11:00:00,3.982956,4.2562256,282.80652,99031.414,51.75,5.25
2024-02-11 12:00:00,3.9421692,3.2718506,283.363,99023.664,51.75,5.25
2024-02-11 13:00:00,3.167694,3.4467468,283.33075,99055.414,51.75,5.25
2024-02-11 14:00:00,3.392517,3.3190308,283.28378,99082.89,51.75,5.25
2024-02-11 15:00:00,3.2054749,3.0521393,283.03003,99126.94,51.75,5.25
2024-02-11 16:00:00,2.755661,2.583908,282.6389,99170.67,51.75,5.25
2024-02-11 17:00:00,2.7005157,2.34169,281.5683,99241.61,51.75,5.25
2024-02-11 18:00:00,3.4455109,2.05867,281.39978,99315.93,51.75,5.25
2024-02-11 19:00:00,3.839676,1.3520813,281.26068,99372.59,51.75,5.25
2024-02-11 20:00:00,4.359848,0.4762268,281.28693,99450.68,51.75,5.25
2024-02-11 21:00:00,4.9051056,-0.04447937,280.76953,99500.36,51.75,5.25
2024-02-11 22:00:00,4.8173523,-1.2654114,280.67572,99554.19,51.75,5.25
2024-02-11 23:00:00,5.517746,-0.66038513,280.3139,99614.64,51.75,5.25
2024-02-12 00:00:00,5.1852417,0.05168152,279.9004,99664.9,51.75,5.25
2024-02-12 01:00:00,5.9788055,1.1916504,280.0335,99753.55,51.75,5.25
2024-02-12 02:00:00,6.101639,1.7439423,279.9035,99787.34,51.75,5.25
2024-02-12 03:00:00,5.8370514,2.1302643,279.69385,99841.95,51.75,5.25
2024-02-12 04:00:00,5.8642426,2.437973,279.54205,99885.266,51.75,5.25
2024-02-12 05:00:00,6.0027924,2.8242798,279.48737,99925.62,51.75,5.25
2024-02-12 06:00:00,5.890518,2.9538116,279.38312,99977.0,51.75,5.25
2024-02-12 07:00:00,5.770035,2.8970337,278.83942,100017.2,51.75,5.25
2024-02-12 08:00:00,5.797653,2.7768097,279.29645,100144.84,51.75,5.25
2024-02-12 09:00:00,5.3998413,2.5457916,280.37427,100212.02,51.75,5.25
2024-02-12 10:00:00,4.493393,2.266159,281.01953,100304.79,51.75,5.25
2024-02-12 11:00:00,4.972107,2.1446228,281.74805,100384.53,51.75,5.25
2024-02-12 12:00:00,5.3600006,1.7687225,282.12012,100416.78,51.75,5.25
2024-02-12 13:00:00,5.5248413,1.4923706,282.5502,100453.42,51.75,5.25
2024-02-12 14:00:00,6.607025,0.7217102,282.6557,100489.72,51.75,5.25
2024-02-12 15:00:00,6.723877,-0.13282776,281.92877,100609.83,51.75,5.25
2024-02-12 16:00:00,6.3111877,0.24047852,281.3106,100697.164,51.75,5.25
2024-02-12 17:00:00,5.9738617,0.4987793,280.36685,100808.04,51.75,5.25
2024-02-12 18:00:00,6.1106873,1.0911713,279.11154,100906.75,51.75,5.25
2024-02-12 19:00:00,6.6773224,1.4545135,278.4864,101015.05,51.75,5.25
2024-02-12 20:00:00,6.883896,1.4552307,277.76556,101104.82,51.75,5.25
2024-02-12 21:00:00,6.541153,1.7099304,277.43817,101154.375,51.75,5.25
2024-02-12 22:00:00,6.1136475,2.4355164,276.68707,101221.67,51.75,5.25
2024-02-12 23:00:00,6.0384827,3.465042,276.5786,101290.3,51.75,5.25
2024-02-13 00:00:00,5.9897766,4.424225,276.51465,101348.11,51.75,5.25
2024-02-13 01:00:00,6.1153564,4.824112,276.48175,101400.8,51.75,5.25
2024-02-13 02:00:00,5.918762,5.163803,276.5925,101412.19,51.75,5.25
2024-02-13 03:00:00,5.502838,5.7379456,276.57492,101443.99,51.75,5.25
2024-02-13 04:00:00,5.5627594,6.154953,276.5371,101473.37,51.75,5.25
2024-02-13 05:00:00,5.4145813,6.46875,276.40216,101475.805,51.75,5.25
2024-02-13 06:00:00,5.5086517,6.609009,276.43835,101485.09,51.75,5.25
2024-02-13 07:00:00,5.410904,6.9183044,276.47614,101513.89,51.75,5.25
2024-02-13 08:00:00,5.4400177,6.96994,276.9717,101558.37,51.75,5.25
2024-02-13 09:00:00,5.7594604,6.9389954,278.27454,101621.31,51.75,5.25
2024-02-13 10:00:00,4.2175293,5.943344,279.87445,101634.52,51.75,5.25
2024-02-13 11:00:00,4.5972137,5.806793,281.35788,101661.21,51.75,5.25
2024-02-13 12:00:00,4.337906,5.5897827,282.23044,101632.22,51.75,5.25
2024-02-13 13:00:00,4.144043,5.712097,282.55994,101616.56,51.75,5.25
2024-02-13 14:00:00,3.9964294,5.5967255,282.68353,101586.65,51.75,5.25
2024-02-13 15:00:00,3.2766113,5.9220886,282.69305,101590.914,51.75,5.25
2024-02-13 16:00:00,2.4447327,6.5155334,282.29694,101566.19,51.75,5.25
2024-02-13 17:00:00,2.6013489,7.0824127,281.9992,101565.59,51.75,5.25
2024-02-13 18:00:00,2.191986,7.309128,281.61707,101542.35,51.75,5.25
2024-02-13 19:00:00,2.6166534,8.221985,281.40332,101519.89,51.75,5.25
2024-02-13 20:00:00,2.6586304,9.270447,281.3761,101475.15,51.75,5.25
2024-02-13 21:00:00,2.4117737,9.839584,281.6562,101437.64,51.75,5.25
2024-02-13 22:00:00,3.7686005,10.619537,281.45837,101364.84,51.75,5.25
2024-02-13 23:00:00,5.197998,10.609619,281.59824,101327.38,51.75,5.25
2024-02-14 00:00:00,6.401245,9.982773,281.70868,101296.75,51.75,5.25
2024-02-14 01:00:00,6.9836273,9.427109,281.96936,101275.266,51.75,5.25
2024-02-14 02:00:00,7.7431335,9.104736,282.50934,101263.34,51.75,5.25
2024-02-14 03:00:00,8.40332,8.316101,282.97418,101277.53,51.75,5.25
2024-02-14 04:00:00,8.86618,7.394043,283.2708,101271.84,51.75,5.25
2024-02-14 05:00:00,8.640778,6.527298,283.21252,101338.484,51.75,5.25
2024-02-14 06:00:00,8.169327,6.0488434,283.2344,101358.36,51.75,5.25
2024-02-14 07:00:00,7.1825256,6.419739,283.45917,101403.945,51.75,5.25
2024-02-14 08:00:00,5.894272,7.352295,283.6563,101439.664,51.75,5.25
2024-02-14 09:00:00,6.01947,7.9127197,283.87756,101464.016,51.75,5.25
2024-02-14 10:00:00,6.4381104,7.3610077,284.33447,101506.47,51.75,5.25
2024-02-14 11:00:00,6.16893,7.6736145,284.63815,101479.37,51.75,5.25
2024-02-14 12:00:00,5.4815063,8.173126,284.90268,101496.14,51.75,5.25
2024-02-14 13:00:00,5.7309265,7.8420715,284.62454,101471.375,51.75,5.25
2024-02-14 14:00:00,6.418747,7.8068085,284.6815,101478.484,51.75,5.25
2024-02-14 15:00:00,7.0568085,6.5702057,285.00302,101462.3,51.75,5.25
2024-02-14 16:00:00,7.001709,6.3983307,285.26724,101435.125,51.75,5.25
2024-02-14 17:00:00,7.3608856,6.1525116,285.36182,101474.92,51.75,5.25
2024-02-14 18:00:00,7.560684,5.8745575,285.45953,101515.8,51.75,5.25
2024-02-14 19:00:00,7.397751,5.903702,285.44846,101565.484,51.75,5.25
2024-02-14 20:00:00,7.4098816,5.756592,285.41626,101579.91,51.75,5.25
2024-02-14 21:00:00,7.379074,5.3694763,285.29868,101603.39,51.75,5.25
2024-02-14 22:00:00,7.4175415,5.0933533,285.49234,101617.27,51.75,5.25
2024-02-14 23:00:00,7.3304443,4.851639,285.5345,101621.52,51.75,5.25
2024-02-15 00:00:00,5.976288,4.996704,285.7586,101621.86,51.75,5.25
2024-02-15 01:00:00,4.074692,6.2818756,285.61084,101596.14,51.75,5.25
2024-02-15 02:00:00,3.7208252,6.8600006,285.31323,101587.34,51.75,5.25
2024-02-15 03:00:00,3.3027496,6.9964905,285.12772,101544.59,51.75,5.25
2024-02-15 04:00:00,3.5684204,7.433548,285.11563,101510.03,51.75,5.25
2024-02-15 05:00:00,3.6324158,7.521164,285.08334,101498.484,51.75,5.25
2024-02-15 06:00:00,3.0150604,7.4499817,285.1195,101439.25,51.75,5.25
2024-02-15 07:00:00,2.6472168,7.6715393,284.91486,101434.875,51.75,5.25
2024-02-15 08:00:00,2.7937012,8.161514,285.1329,101411.58,51.75,5.25
2024-02-15 09:00:00,3.2116852,8.018036,285.2788,101412.3,51.75,5.25
2024-02-15 10:00:00,3.1815796,6.9044037,285.87775,101411.86,51.75,5.25
2024-02-15 11:00:00,3.6744995,6.7194214,286.48343,101398.49,51.75,5.25
2024-02-15 12:00:00,3.1310577,6.213272,287.1615,101342.99,51.75,5.25
2024-02-15 13:00:00,1.6172333,6.0678406,287.8476,101265.875,51.75,5.25
2024-02-15 14:00:00,0.64404297,6.575836,288.5478,101211.516,51.75,5.25
2024-02-15 15:00:00,-0.4309082,6.995819,288.48914,101151.78,51.75,5.25
2024-02-15 16:00:00,-1.9622498,7.0876923,288.1413,101084.14,51.75,5.25
2024-02-15 17:00:00,-2.3228912,7.4593964,286.95117,101056.516,51.75,5.25
2024-02-15 18:00:00,-2.0569916,8.341293,286.41205,101037.25,51.75,5.25
2024-02-15 19:00:00,-1.22995,8.912415,286.08517,101012.875,51.75,5.25
2024-02-15 20:00:00,-0.66342163,9.08783,285.74713,100978.72,51.75,5.25
2024-02-15 21:00:00,-0.1660614,9.110077,285.3883,100940.47,51.75,5.25
2024-02-15 22:00:00,1.2957764,8.514725,285.6441,100886.53,51.75,5.25
2024-02-15 23:00:00,3.3272705,7.710388,285.6155,100909.45,51.75,5.25
2024-02-16 00:00:00,2.3926086,7.4895325,285.35547,100889.55,51.75,5.25
2024-02-16 01:00:00,2.9376984,7.6679993,285.13403,100884.82,51.75,5.25
2024-02-16 02:00:00,2.1879272,7.350128,284.83746,100842.03,51.75,5.25
2024-02-16 03:00:00,2.4498901,8.385803,284.64166,100811.36,51.75,5.25
2024-02-16 04:00:00,3.0056915,8.16127,284.87225,100809.16,51.75,5.25
2024-02-16 05:00:00,3.083496,8.243423,285.09192,100815.7,51.75,5.25
2024-02-16 06:00:00,3.3350983,8.381317,285.41315,100804.625,51.75,5.25
2024-02-16 07:00:00,4.6310577,8.307465,285.57025,100866.76,51.75,5.25
2024-02-16 08:00:00,6.2482147,7.446884,285.86575,100945.67,51.75,5.25
2024-02-16 09:00:00,6.9508514,6.5077667,286.2354,101032.53,51.75,5.25
2024-02-16 10:00:00,7.5191803,4.7388763,286.55872,101109.7,51.75,5.25
2024-02-16 11:00:00,7.9884644,3.0654755,286.18237,101232.49,51.75,5.25
2024-02-16 12:00:00,7.2532043,1.0024109,285.4287,101331.266,51.75,5.25
2024-02-16 13:00:00,6.380661,-0.13015747,285.12854,101421.72,51.75,5.25
2024-02-16 14:00:00,5.908478,-0.855072,285.28998,101471.58,51.75,5.25
2024-02-16 15:00:00,5.7582397,-0.97628784,285.34473,101597.92,51.75,5.25
2024-02-16 16:00:00,5.8694,-0.86016846,285.19586,101663.234,51.75,5.25
2024-02-16 17:00:00,6.244507,-0.15179443,284.50085,101767.22,51.75,5.25
2024-02-16 18:00:00,7.1063385,0.4063568,284.0282,101903.375,51.75,5.25
2024-02-16 19:00:00,7.341202,0.6384125,283.5302,101959.83,51.75,5.25
2024-02-16 20:00:00,7.3113403,0.44735718,283.0289,102085.47,51.75,5.25
2024-02-16 21:00:00,7.1912994,0.09706116,282.81952,102138.69,51.75,5.25
2024-02-16 22:00:00,6.9249573,0.04862976,282.2246,102227.58,51.75,5.25
2024-02-16 23:00:00,6.351837,0.23706055,281.91272,102297.2,51.75,5.25
2024-02-17 00:00:00,6.484787,0.2605133,281.8821,102366.55,51.75,5.25
2024-02-17 01:00:00,6.5409393,-0.06669617,282.01193,102417.19,51.75,5.25
2024-02-17 02:00:00,6.1728516,-0.17008972,281.70117,102485.91,51.75,5.25
2024-02-17 03:00:00,6.060196,-0.052597046,281.52386,102551.93,51.75,5.25
2024-02-17 04:00:00,6.0322723,-0.46228027,281.60626,102613.16,51.75,5.25
2024-02-17 05:00:00,5.6911774,-0.7580414,281.9146,102686.83,51.75,5.25
2024-02-17 06:00:00,5.279373,-0.6369629,282.09924,102748.92,51.75,5.25
2024-02-17 07:00:00,5.2216644,-0.44502258,281.896,102838.41,51.75,5.25
2024-02-17 08:00:00,4.9046326,-0.20553589,282.40698,102932.9,51.75,5.25
2024-02-17 09:00:00,4.508301,0.25465393,282.7987,103017.234,51.75,5.25
2024-02-17 10:00:00,3.5481873,0.66685486,283.3327,103057.25,51.75,5.25
2024-02-17 11:00:00,4.054947,0.9737396,284.1239,103139.98,51.75,5.25
2024-02-17 12:00:00,4.400467,0.91796875,285.037,103157.72,51.75,5.25
2024-02-17 13:00:00,4.3684998,0.72146606,285.73492,103168.42,51.75,5.25
2024-02-17 14:00:00,3.983551,0.6993103,285.7157,103169.62,51.75,5.25
2024-02-17 15:00:00,3.6710205,1.3300781,285.5467,103186.94,51.75,5.25
2024-02-17 16:00:00,3.564499,2.269287,285.35608,103187.945,51.75,5.25
2024-02-17 17:00:00,3.2483215,3.2058105,284.8142,103206.08,51.75,5.25
2024-02-17 18:00:00,2.6078491,4.3901825,283.93835,103189.89,51.75,5.25
2024-02-17 19:00:00,2.9571686,5.2577515,283.5551,103241.664,51.75,5.25
2024-02-17 20:00:00,2.909134,5.7697754,283.82373,103217.516,51.75,5.25
2024-02-17 21:00:00,2.659439,6.2761383,284.20758,103197.625,51.75,5.25
2024-02-17 22:00:00,2.8393097,7.09935,284.12244,103181.67,51.75,5.25
2024-02-17 23:00:00,3.0943298,7.3308563,284.12604,103167.625,51.75,5.25
2024-02-18 00:00:00,2.475418,8.038483,284.01654,103080.91,51.75,5.25
2024-02-18 01:00:00,3.6602478,8.182861,283.75256,103059.5,51.75,5.25
2024-02-18 02:00:00,4.220703,8.300552,283.74072,103007.45,51.75,5.25
2024-02-18 03:00:00,4.45903,8.448288,283.67035,102967.83,51.75,5.25
2024-02-18 04:00:00,4.0208893,9.31665,283.41248,102886.63,51.75,5.25
2024-02-18 05:00:00,2.9515839,10.484039,283.08514,102769.45,51.75,5.25
2024-02-18 06:00:00,2.89357,10.867218,282.71863,102658.64,51.75,5.25
2024-02-18 07:00:00,3.7385254,10.41127,282.44632,102604.92,51.75,5.25
2024-02-18 08:00:00,4.055176,10.142059,282.1878,102560.625,51.75,5.25
2024-02-18 09:00:00,3.7488556,10.053772,282.20117,102474.33,51.75,5.25
2024-02-18 10:00:00,3.9830017,10.1731415,282.2353,102386.09,51.75,5.25
2024-02-18 11:00:00,4.4680176,10.65007,282.1184,102310.95,51.75,5.25
2024-02-18 12:00:00,4.3539276,10.715775,282.12292,102142.27,51.75,5.25
2024-02-18 13:00:00,5.3398438,10.9058075,282.1121,102007.84,51.75,5.25
2024-02-18 14:00:00,7.973358,9.362869,282.42328,101907.41,51.75,5.25
2024-02-18 15:00:00,11.396194,4.3042755,283.34146,101890.195,51.75,5.25
2024-02-18 16:00:00,12.932358,-0.66267395,283.4654,101942.94,51.75,5.25
2024-02-18 17:00:00,11.830963,-2.7074432,282.92383,102054.59,51.75,5.25
2024-02-18 18:00:00,10.527435,-3.2161102,282.76807,102147.375,51.75,5.25
2024-02-18 19:00:00,9.821213,-3.0743408,282.7312,102241.61,51.75,5.25
2024-02-18 20:00:00,9.781677,-3.0422974,282.58514,102290.42,51.75,5.25
2024-02-18 21:00:00,9.395493,-3.5322266,282.38345,102375.08,51.75,5.25
2024-02-18 22:00:00,8.438187,-5.3507233,282.24738,102424.945,51.75,5.25
2024-02-18 23:00:00,7.8634186,-5.541214,282.3592,102534.086,51.75,5.25
2024-02-19 00:00:00,6.9899445,-5.1642456,281.95764,102610.49,51.75,5.25
2024-02-19 01:00:00,6.3615265,-4.064438,281.64905,102661.19,51.75,5.25
2024-02-19 02:00:00,6.1667175,-2.9465942,281.33267,102676.16,51.75,5.25
2024-02-19 03:00:00,5.9937134,-1.5223541,280.92017,102696.87,51.75,5.25
2024-02-19 04:00:00,5.839218,-0.13084412,280.9983,102664.08,51.75,5.25
2024-02-19 05:00:00,6.2114716,0.8454895,281.3954,102667.84,51.75,5.25
2024-02-19 06:00:00,7.0187225,0.49868774,281.7704,102656.59,51.75,5.25
2024-02-19 07:00:00,6.847534,0.43759155,282.0861,102660.89,51.75,5.25
2024-02-19 08:00:00,6.180725,1.6302032,282.38452,102662.22,51.75,5.25
2024-02-19 09:00:00,8.787231,2.2341309,283.0418,102680.516,51.75,5.25
2024-02-19 10:00:00,9.244019,1.3826752,283.43433,102666.55,51.75,5.25
2024-02-19 11:00:00,9.19664,1.2330017,283.65195,102639.44,51.75,5.25
2024-02-19 12:00:00,8.061523,2.3123322,283.72736,102570.2,51.75,5.25
2024-02-19 13:00:00,8.550369,2.1667786,283.37885,102522.08,51.75,5.25
2024-02-19 14:00:00,9.4711,0.76239014,283.16016,102503.625,51.75,5.25
2024-02-19 15:00:00,8.986877,-0.42956543,282.77533,102476.14,51.75,5.25
2024-02-19 16:00:00,9.655029,-1.7806244,282.50424,102469.71,51.75,5.25
2024-02-19 17:00:00,8.305649,-3.4752045,282.34726,102515.86,51.75,5.25
2024-02-19 18:00:00,7.9145813,-4.3324738,282.0275,102546.2,51.75,5.25
2024-02-19 19:00:00,7.2261047,-4.947708,281.5312,102628.87,51.75,5.25
2024-02-19 20:00:00,6.6302643,-4.6137085,280.94684,102641.61,51.75,5.25
2024-02-19 21:00:00,6.2619476,-4.1096954,280.22754,102693.57,51.75,5.25
2024-02-19 22:00:00,5.3491974,-3.105072,279.91022,102730.266,51.75,5.25
2024-02-19 23:00:00,5.8742523,-2.5018005,279.2567,102742.125,51.75,5.25
2024-02-20 00:00:00,6.036194,-2.2776184,278.97433,102766.5,51.75,5.25
2024-02-20 01:00:00,6.173752,-1.5717621,279.33716,102772.445,51.75,5.25
2024-02-20 02:00:00,6.261551,-1.3862,279.5082,102785.89,51.75,5.25
2024-02-20 03:00:00,6.312805,-1.3184357,279.55792,102808.375,51.75,5.25
2024-02-20 04:00:00,5.643326,-0.8193207,279.51978,102776.14,51.75,5.25
2024-02-20 05:00:00,5.575638,-0.22177124,279.2016,102783.83,51.75,5.25
2024-02-20 06:00:00,5.330963,1.0903168,279.0946,102755.11,51.75,5.25
2024-02-20 07:00:00,5.6026154,2.4705658,279.2453,102774.53,51.75,5.25
2024-02-20 08:00:00,5.3815765,3.4329376,279.74146,102779.875,51.75,5.25
2024-02-20 09:00:00,5.110306,4.250412,280.7155,102787.58,51.75,5.25
2024-02-20 10:00:00,4.7768555,4.9816895,281.6283,102762.484,51.75,5.25
2024-02-20 11:00:00,6.291565,6.0824738,282.1803,102718.44,51.75,5.25
2024-02-20 12:00:00,7.243042,6.200348,283.16663,102649.59,51.75,5.25
2024-02-20 13:00:00,8.876144,5.9601135,283.68036,102566.88,51.75,5.25
2024-02-20 14:00:00,8.876984,5.7292786,283.72052,102497.89,51.75,5.25
2024-02-20 15:00:00,7.8056946,5.6701202,283.58817,102450.375,51.75,5.25
2024-02-20 16:00:00,7.663086,5.4168854,283.27005,102429.88,51.75,5.25
2024-02-20 17:00:00,7.3931427,5.568741,282.8482,102422.984,51.75,5.25
2024-02-20 18:00:00,7.2012177,5.8362885,282.42252,102397.04,51.75,5.25
2024-02-20 19:00:00,7.1449127,6.4484863,282.35684,102394.83,51.75,5.25
2024-02-20 20:00:00,7.495529,6.640259,282.44165,102345.7,51.75,5.25
2024-02-20 21:00:00,7.7332,6.242035,282.59515,102300.375,51.75,5.25
2024-02-20 22:00:00,9.0273285,4.644577,282.69476,102284.65,51.75,5.25
2024-02-20 23:00:00,8.914093,4.111618,282.62595,102232.16,51.75,5.25
2024-02-21 00:00:00,7.8393555,4.5317383,282.51617,102167.61,51.75,5.25
2024-02-21 01:00:00,7.4923096,4.88533,282.31848,102125.2,51.75,5.25
2024-02-21 02:00:00,7.064087,4.969681,282.127,102068.4,51.75,5.25
2024-02-21 03:00:00,6.750763,4.79303,282.00595,101992.28,51.75,5.25
2024-02-21 04:00:00,6.2473907,5.056778,281.96637,101953.29,51.75,5.25
2024-02-21 05:00:00,5.5421753,5.693817,281.89954,101901.31,51.75,5.25
2024-02-21 06:00:00,4.790161,6.4621887,281.8128,101816.125,51.75,5.25
2024-02-21 07:00:00,4.477356,7.077484,281.7291,101763.125,51.75,5.25
2024-02-21 08:00:00,4.357193,7.430893,281.88092,101721.78,51.75,5.25
2024-02-21 09:00:00,3.4048767,7.8811035,282.12,101609.58,51.75,5.25
2024-02-21 10:00:00,3.790863,9.241638,282.29877,101497.21,51.75,5.25
2024-02-21 11:00:00,3.1780243,9.660858,282.7248,101373.63,51.75,5.25
2024-02-21 12:00:00,5.126587,10.330719,283.0656,101255.03,51.75,5.25
2024-02-21 13:00:00,5.068405,10.744095,283.42618,101080.64,51.75,5.25
2024-02-21 14:00:00,4.927765,11.442551,283.66516,100901.36,51.75,5.25
2024-02-21 15:00:00,3.467987,11.386871,283.13794,100714.484,51.75,5.25
2024-02-21 16:00:00,2.7298737,11.629578,282.61658,100558.7,51.75,5.25
2024-02-21 17:00:00,3.3874512,12.009323,282.06256,100445.016,51.75,5.25
2024-02-21 18:00:00,4.557602,12.047058,282.06653,100315.67,51.75,5.25
2024-02-21 19:00:00,4.884308,11.753403,282.07172,100232.5,51.75,5.25
2024-02-21 20:00:00,5.477356,11.411667,282.11478,100129.805,51.75,5.25
2024-02-21 21:00:00,6.101349,10.717026,282.22064,100011.52,51.75,5.25
2024-02-21 22:00:00,6.800827,8.794464,282.46777,99943.17,51.75,5.25
2024-02-21 23:00:00,6.9202423,7.98851,282.67688,99880.59,51.75,5.25
2024-02-22 00:00:00,7.3826447,6.746811,283.04767,99834.875,51.75,5.25
2024-02-22 01:00:00,7.34346,5.707138,283.28845,99765.234,51.75,5.25
2024-02-22 02:00:00,7.4340057,5.062744,283.5396,99714.12,51.75,5.25
2024-02-22 03:00:00,7.334717,4.4045715,283.53412,99633.49,51.75,5.25
2024-02-22 04:00:00,6.01947,4.251648,283.4444,99558.29,51.75,5.25
2024-02-22 05:00:00,5.281708,4.7275543,283.2602,99523.836,51.75,5.25
2024-02-22 06:00:00,4.4134827,5.1618958,282.9879,99430.875,51.75,5.25
2024-02-22 07:00:00,3.0581207,5.2184906,282.67188,99368.58,51.75,5.25
2024-02-22 08:00:00,1.0377045,6.087723,282.8771,99242.14,51.75,5.25
2024-02-22 09:00:00,0.302948,7.440857,283.39795,99122.13,51.75,5.25
2024-02-22 10:00:00,-1.5132446,7.530136,284.22894,98921.86,51.75,5.25
2024-02-22 11:00:00,-1.3715973,8.2157135,284.56882,98786.85,51.75,5.25
2024-02-22 12:00:00,-2.1399536,8.166565,285.06754,98555.5,51.75,5.25
2024-02-22 13:00:00,-0.67318726,9.728912,285.55676,98317.29,51.75,5.25
2024-02-22 14:00:00,1.5444794,11.433716,285.90466,98095.51,51.75,5.25
2024-02-22 15:00:00,0.9857483,12.372482,286.27252,97843.266,51.75,5.25
2024-02-22 16:00:00,2.267685,13.436615,285.818,97717.72,51.75,5.25
2024-02-22 17:00:00,2.4962463,14.364944,284.96356,97576.97,51.75,5.25
2024-02-22 18:00:00,8.032623,14.605118,283.93097,97544.67,51.75,5.25
2024-02-22 19:00:00,12.151749,12.770035,282.81342,97629.36,51.75,5.25
2024-02-22 20:00:00,15.471161,10.621094,281.82562,97846.22,51.75,5.25
2024-02-22 21:00:00,13.537735,7.3359222,279.921,98089.66,51.75,5.25
2024-02-22 22:00:00,11.951218,2.6466675,279.2708,98272.16,51.75,5.25
2024-02-22 23:00:00,14.009644,1.8764496,278.31097,98504.28,51.75,5.25
2024-02-23 00:00:00,12.630859,2.920288,278.44476,98659.12,51.75,5.25
2024-02-23 01:00:00,10.950378,6.78566,278.4975,98787.06,51.75,5.25
2024-02-23 02:00:00,9.097076,8.924744,278.1944,98864.44,51.75,5.25
2024-02-23 03:00:00,8.31189,9.021042,278.20148,98880.65,51.75,5.25
2024-02-23 04:00:00,7.3301086,8.453873,277.94556,98926.59,51.75,5.25
2024-02-23 05:00:00,5.482895,9.209381,277.99908,98926.03,51.75,5.25
2024-02-23 06:00:00,4.2383423,10.457016,278.2354,98922.516,51.75,5.25
2024-02-23 07:00:00,4.4112244,11.302551,278.99155,98899.1,51.75,5.25
2024-02-23 08:00:00,4.786499,11.746582,279.10724,98910.516,51.75,5.25
2024-02-23 09:00:00,4.2124786,11.275482,279.38968,98890.97,51.75,5.25
2024-02-23 10:00:00,4.9001465,11.516327,279.72083,98891.22,51.75,5.25
2024-02-23 11:00:00,6.172699,11.113953,280.3223,98952.89,51.75,5.25
2024-02-23 12:00:00,6.571991,9.860275,280.83423,99005.45,51.75,5.25
2024-02-23 13:00:00,6.3511047,8.537277,281.2947,99030.91,51.75,5.25
2024-02-23 14:00:00,5.542694,7.6022186,281.36987,99042.39,51.75,5.25
2024-02-23 15:00:00,4.364685,7.1426697,281.3698,99060.8,51.75,5.25
2024-02-23 16:00:00,4.336502,7.611725,281.02213,99040.305,51.75,5.25
2024-02-23 17:00:00,2.6938171,6.9470367,280.48492,99134.23,51.75,5.25
2024-02-23 18:00:00,1.6235657,6.8511963,279.59216,99168.19,51.75,5.25
2024-02-23 19:00:00,0.8880005,6.930191,279.25073,99220.2,51.75,5.25
2024-02-23 20:00:00,1.1333008,7.1823883,279.17294,99249.36,51.75,5.25
2024-02-23 21:00:00,0.7798157,7.385025,278.75757,99275.86,51.75,5.25
2024-02-23 22:00:00,0.72346497,7.044113,278.1975,99277.79,51.75,5.25
2024-02-23 23:00:00,0.47932434,7.618103,277.95325,99298.56,51.75,5.25
2024-02-24 00:00:00,0.9213257,7.9055176,277.70575,99329.39,51.75,5.25
2024-02-24 01:00:00,1.7630768,7.702652,277.45056,99356.36,51.75,5.25
2024-02-24 02:00:00,1.9724121,7.36261,277.208,99355.2,51.75,5.25
2024-02-24 03:00:00,1.9375153,7.3208923,277.29968,99365.4,51.75,5.25
2024-02-24 04:00:00,2.0466614,7.0867004,277.25464,99407.914,51.75,5.25
2024-02-24 05:00:00,2.3322144,6.5667267,277.1413,99444.31,51.75,5.25
2024-02-24 06:00:00,2.351822,6.5184326,277.0711,99493.33,51.75,5.25
2024-02-24 07:00:00,2.3282318,6.668518,277.17456,99545.81,51.75,5.25
2024-02-24 08:00:00,2.3679962,6.571869,277.78534,99633.34,51.75,5.25
2024-02-24 09:00:00,2.0046844,6.0351105,278.0559,99700.195,51.75,5.25
2024-02-24 10:00:00,3.591385,6.848236,278.5221,99765.836,51.75,5.25
2024-02-24 11:00:00,4.272644,6.7306366,278.87424,99816.89,51.75,5.25
2024-02-24 12:00:00,4.392044,6.6059723,279.26086,99842.266,51.75,5.25
2024-02-24 13:00:00,4.484787,6.31958,279.35638,99841.66,51.75,5.25
2024-02-24 14:00:00,5.57518,6.220993,279.36554,99888.266,51.75,5.25
2024-02-24 15:00:00,4.8907776,5.936661,279.50116,99927.16,51.75,5.25
2024-02-24 16:00:00,3.7887878,5.75206,279.85675,99949.76,51.75,5.25
2024-02-24 17:00:00,2.395691,6.4592285,279.26266,99999.0,51.75,5.25
2024-02-24 18:00:00,2.3279877,7.1957855,278.60785,100049.734,51.75,5.25
2024-02-24 19:00:00,1.4134216,7.3524017,278.48483,100081.55,51.75,5.25
2024-02-24 20:00:00,0.36021423,7.3202667,278.67206,100072.84,51.75,5.25
2024-02-24 21:00:00,-0.6118622,7.7953796,278.68396,100040.305,51.75,5.25
2024-02-24 22:00:00,0.6456299,9.012711,278.66498,100001.195,51.75,5.25
2024-02-24 23:00:00,0.82588196,8.31926,278.62482,99965.484,51.75,5.25
2024-02-25 00:00:00,1.024826,7.7136383,278.57874,99928.44,51.75,5.25
2024-02-25 01:00:00,1.7058563,7.4774017,278.62213,99931.12,51.75,5.25
2024-02-25 02:00:00,2.7075043,7.1367035,278.67303,99916.03,51.75,5.25
2024-02-25 03:00:00,3.042511,6.497299,278.79727,99904.22,51.75,5.25
2024-02-25 04:00:00,2.9963074,6.2977295,278.78113,99919.89,51.75,5.25
2024-02-25 05:00:00,2.9724884,6.211319,278.86096,99926.49,51.75,5.25
2024-02-25 06:00:00,2.9475403,6.2043915,278.72125,99941.61,51.75,5.25
2024-02-25 07:00:00,3.0407257,6.529251,278.7675,99977.36,51.75,5.25
2024-02-25 08:00:00,3.2301025,6.330597,279.0492,100049.24,51.75,5.25
2024-02-25 09:00:00,3.357132,5.7671814,279.47174,100055.336,51.75,5.25
2024-02-25 10:00:00,2.9885864,4.443619,280.2177,100044.58,51.75,5.25
2024-02-25 11:00:00,2.2190857,4.1391144,281.04715,100052.06,51.75,5.25
2024-02-25 12:00:00,1.3219757,4.191345,281.4985,100029.8,51.75,5.25
2024-02-25 13:00:00,0.597641,4.0167847,281.65936,99998.16,51.75,5.25
2024-02-25 14:00:00,-0.27192688,3.6007233,282.06595,99963.47,51.75,5.25
2024-02-25 15:00:00,-1.5691528,3.3940735,282.00833,99918.0,51.75,5.25
2024-02-25 16:00:00,-3.5176392,2.494812,281.63226,99866.234,51.75,5.25
2024-02-25 17:00:00,-5.3927307,1.7922821,280.2909,99872.5,51.75,5.25
2024-02-25 18:00:00,-6.5674896,1.6341553,279.48557,99911.56,51.75,5.25
2024-02-25 19:00:00,-7.7201385,0.8088989,279.5426,99897.84,51.75,5.25
2024-02-25 20:00:00,-8.416626,0.24819946,279.1458,99850.22,51.75,5.25
2024-02-25 21:00:00,-8.482742,-0.008026123,279.09326,99830.14,51.75,5.25
2024-02-25 22:00:00,-8.582153,0.6542816,279.59186,99821.8,51.75,5.25
2024-02-25 23:00:00,-8.4028015,-0.43391418,279.49817,99828.3,51.75,5.25
2024-02-26 00:00:00,-8.570343,-1.3818817,279.2071,99815.05,51.75,5.25
2024-02-26 01:00:00,-8.605133,-2.1151886,278.8349,99830.08,51.75,5.25
2024-02-26 02:00:00,-8.658798,-3.0232544,278.5573,99836.34,51.75,5.25
2024-02-26 03:00:00,-8.826096,-3.8336792,278.2824,99878.19,51.75,5.25
2024-02-26 04:00:00,-9.272736,-5.10553,278.07306,99896.75,51.75,5.25
2024-02-26 05:00:00,-9.392746,-6.0782013,278.02777,99925.6,51.75,5.25
2024-02-26 06:00:00,-9.41806,-6.7671967,277.99908,99992.39,51.75,5.25
2024-02-26 07:00:00,-9.4015045,-7.051773,277.94202,100054.48,51.75,5.25
2024-02-26 08:00:00,-9.142151,-7.0334167,278.0239,100141.4,51.75,5.25
2024-02-26 09:00:00,-8.788086,-7.1071167,278.21826,100229.05,51.75,5.25
2024-02-26 10:00:00,-8.033585,-7.7126007,278.35535,100287.836,51.75,5.25
2024-02-26 11:00:00,-7.7505646,-8.437988,278.5307,100389.06,51.75,5.25
2024-02-26 12:00:00,-7.8417206,-8.895309,278.6209,100432.42,51.75,5.25
2024-02-26 13:00:00,-7.9497375,-8.936539,278.8675,100522.05,51.75,5.25
2024-02-26 14:00:00,-7.3256073,-8.867798,279.07635,100616.0,51.75,5.25
2024-02-26 15:00:00,-6.5503845,-9.123138,279.39838,100696.5,51.75,5.25
2024-02-26 16:00:00,-5.8565826,-9.432175,279.27982,100774.234,51.75,5.25
2024-02-26 17:00:00,-5.7205505,-9.344772,278.97226,100883.484,51.75,5.25
2024-02-26 18:00:00,-5.5320435,-9.303711,278.537,101009.97,51.75,5.25
2024-02-26 19:00:00,-5.3793335,-9.072128,278.09534,101143.11,51.75,5.25
2024-02-26 20:00:00,-5.1705017,-8.8949585,277.83563,101249.0,51.75,5.25
2024-02-26 21:00:00,-5.0548096,-8.875992,277.58948,101323.18,51.75,5.25
2024-02-26 22:00:00,-4.620285,-8.270264,277.5836,101413.31,51.75,5.25
2024-02-26 23:00:00,-4.7368164,-7.599579,277.35925,101463.08,51.75,5.25
2024-02-27 00:00:00,-4.5829315,-7.207184,277.16705,101500.44,51.75,5.25
2024-02-27 01:00:00,-4.4467163,-7.5199738,276.62115,101549.28,51.75,5.25
2024-02-27 02:00:00,-4.3718414,-7.4889374,276.27612,101572.75,51.75,5.25
2024-02-27 03:00:00,-4.2135468,-7.212143,276.09668,101604.766,51.75,5.25
2024-02-27 04:00:00,-3.9631653,-7.258301,275.84872,101636.61,51.75,5.25
2024-02-27 05:00:00,-3.8756866,-7.0504456,275.63544,101685.46,51.75,5.25
2024-02-27 06:00:00,-3.8963776,-6.5672607,275.3778,101747.59,51.75,5.25
2024-02-27 07:00:00,-4.0133514,-6.0427246,275.26346,101785.195,51.75,5.25
2024-02-27 08:00:00,-3.6325684,-5.4875793,276.17624,101854.914,51.75,5.25
2024-02-27 09:00:00,-3.0823822,-4.671402,277.3554,101864.695,51.75,5.25
2024-02-27 10:00:00,-2.3632507,-3.4819946,278.19263,101883.49,51.75,5.25
2024-02-27 11:00:00,-2.3418121,-2.6776276,279.13892,101877.16,51.75,5.25
2024-02-27 12:00:00,-1.8186035,-2.4678192,279.74536,101868.59,51.75,5.25
2024-02-27 13:00:00,-1.4174194,-2.3012238,280.3613,101828.34,51.75,5.25
2024-02-27 14:00:00,-0.7057648,-2.2770538,280.81958,101765.36,51.75,5.25
2024-02-27 15:00:00,-0.11021423,-2.6190643,280.8291,101761.36,51.75,5.25
2024-02-27 16:00:00,-0.07191467,-2.4073029,280.13156,101786.0,51.75,5.25
2024-02-27 17:00:00,-0.25164795,-2.372406,278.324,101808.234,51.75,5.25
2024-02-27 18:00:00,-0.35125732,-2.3886566,276.50867,101826.15,51.75,5.25
2024-02-27 19:00:00,-0.5837097,-1.6897888,275.28485,101885.91,51.75,5.25
2024-02-27 20:00:00,-0.6273651,-0.31996155,274.73364,101940.16,51.75,5.25
2024-02-27 21:00:00,-0.32455444,1.2455444,273.89478,101955.24,51.75,5.25
2024-02-27 22:00:00,1.1349945,1.6218109,274.68796,101970.41,51.75,5.25
2024-02-27 23:00:00,2.8843384,1.7589874,274.4782,101988.05,51.75,5.25
2024-02-28 00:00:00,3.74469,1.8721313,274.04187,101980.59,51.75,5.25
2024-02-28 01:00:00,4.582321,1.6403046,273.86475,101977.16,51.75,5.25
2024-02-28 02:00:00,4.787689,1.2632446,274.64227,101964.086,51.75,5.25
2024-02-28 03:00:00,4.788437,1.2485962,275.04865,101959.97,51.75,5.25
2024-02-28 04:00:00,4.6337433,1.9984283,274.62866,101964.766,51.75,5.25
2024-02-28 05:00:00,4.282547,3.0648499,275.2812,101993.64,51.75,5.25
2024-02-28 06:00:00,3.594574,3.8613586,275.6545,101999.99,51.75,5.25
2024-02-28 07:00:00,3.320694,4.1899414,276.15027,102075.945,51.75,5.25
2024-02-28 08:00:00,2.549469,4.957657,276.43604,102105.7,51.75,5.25
2024-02-28 09:00:00,2.11734,4.9504395,276.9163,102136.98,51.75,5.25
2024-02-28 10:00:00,1.4593658,5.04303,278.37354,102149.7,51.75,5.25
2024-02-28 11:00:00,1.3162231,5.01474,279.10938,102141.09,51.75,5.25
2024-02-28 12:00:00,1.3550262,5.275345,279.89728,102122.36,51.75,5.25
2024-02-28 13:00:00,1.3553314,4.9961243,280.701,102075.266,51.75,5.25
2024-02-28 14:00:00,1.6082153,5.396759,281.64172,102014.75,51.75,5.25
2024-02-28 15:00:00,2.0955963,5.6663666,282.1578,101968.83,51.75,5.25
2024-02-28 16:00:00,1.3477783,6.0559845,282.04422,101930.88,51.75,5.25
2024-02-28 17:00:00,1.1852722,6.723572,281.88315,101885.34,51.75,5.25
2024-02-28 18:00:00,1.9879761,7.160553,281.58215,101875.805,51.75,5.25
2024-02-28 19:00:00,2.8727722,7.4747925,281.4989,101826.28,51.75,5.25
2024-02-28 20:00:00,3.293274,7.7365265,281.32394,101793.08,51.75,5.25
2024-02-28 21:00:00,3.066986,8.025314,280.76666,101729.984,51.75,5.25
2024-02-28 22:00:00,3.2828827,8.43782,280.26935,101661.625,51.75,5.25
2024-02-28 23:00:00,2.9505005,8.548172,279.54486,101594.32,51.75,5.25
2024-02-29 00:00:00,2.3439026,9.330048,279.3459,101543.71,51.75,5.25
2024-02-29 01:00:00,2.1825104,9.749832,279.47012,101476.375,51.75,5.25
2024-02-29 02:00:00,2.189804,9.721725,279.67365,101388.94,51.75,5.25
2024-02-29 03:00:00,2.2572327,9.756775,279.9967,101301.984,51.75,5.25
2024-02-29 04:00:00,2.391922,9.6866,280.21545,101225.95,51.75,5.25
2024-02-29 05:00:00,2.5021667,9.605087,280.43054,101159.78,51.75,5.25
2024-02-29 06:00:00,2.5041962,9.49707,280.59656,101101.875,51.75,5.25
2024-02-29 07:00:00,2.3889313,9.384445,280.78583,101074.83,51.75,5.25
2024-02-29 08:00:00,2.141037,9.203079,280.98108,101039.33,51.75,5.25
2024-02-29 09:00:00,1.775711,9.03125,281.1546,101004.91,51.75,5.25
2024-02-29 10:00:00,1.4817047,7.602829,281.5338,100958.67,51.75,5.25
2024-02-29 11:00:00,1.0926514,8.051834,281.98474,100918.484,51.75,5.25
2024-02-29 12:00:00,0.9044342,8.389038,281.9682,100863.32,51.75,5.25
2024-02-29 13:00:00,0.7158203,8.393707,282.05273,100787.625,51.75,5.25
2024-02-29 14:00:00,0.61372375,8.359528,282.1037,100689.47,51.75,5.25
2024-02-29 15:00:00,0.66651917,8.203934,282.07086,100595.36,51.75,5.25
2024-02-29 16:00:00,0.49246216,8.187988,282.06262,100514.47,51.75,5.25
2024-02-29 17:00:00,0.044906616,8.494293,282.13287,100459.85,51.75,5.25
2024-02-29 18:00:00,0.04647827,8.707489,282.23962,100416.16,51.75,5.25
2024-02-29 19:00:00,0.43666077,8.742828,282.30972,100384.61,51.75,5.25
2024-02-29 20:00:00,0.5569,8.723724,282.41357,100319.67,51.75,5.25
2024-02-29 21:00:00,0.52949524,8.93045,282.29095,100259.52,51.75,5.25
2024-02-29 22:00:00,0.21855164,8.678452,282.4186,100203.0,51.75,5.25
2024-02-29 23:00:00,0.13018799,8.968842,282.36996,100133.33,51.75,5.25
2024-03-01 00:00:00,0.03036499,9.42189,282.39835,100079.266,51.75,5.25
2024-03-01 01:00:00,0.50683594,9.853027,282.29547,100046.94,51.75,5.25
2024-03-01 02:00:00,1.6422119,9.595108,282.1999,100004.7,51.75,5.25
2024-03-01 03:00:00,4.4012146,7.3416443,281.90228,99984.72,51.75,5.25
2024-03-01 04:00:00,7.25972,3.52417,281.01062,100045.484,51.75,5.25
2024-03-01 05:00:00,7.382126,1.6112366,279.6961,100147.086,51.75,5.25
2024-03-01 06:00:00,5.6997986,2.7558594,278.7179,100186.64,51.75,5.25
2024-03-01 07:00:00,4.3130646,5.319977,278.4759,100269.97,51.75,5.25
2024-03-01 08:00:00,2.1154633,6.8768005,278.96805,100257.5,51.75,5.25
2024-03-01 09:00:00,1.5965424,8.625458,279.87885,100252.875,51.75,5.25
2024-03-01 10:00:00,1.4259338,10.198624,280.61908,100252.44,51.75,5.25
2024-03-01 11:00:00,-0.9849396,11.135345,281.40466,100168.16,51.75,5.25
2024-03-01 12:00:00,-2.6828918,12.117996,282.115,100071.234,51.75,5.25
2024-03-01 13:00:00,-3.3865814,11.622635,282.64752,99999.836,51.75,5.25
2024-03-01 14:00:00,-2.3650818,10.965591,282.68118,99993.58,51.75,5.25
2024-03-01 15:00:00,-0.06298828,11.314468,282.58307,100011.36,51.75,5.25
2024-03-01 16:00:00,-0.47750854,10.753204,282.3182,99975.234,51.75,5.25
2024-03-01 17:00:00,-1.7836914,9.7752075,282.01224,99959.92,51.75,5.25
2024-03-01 18:00:00,-2.412674,9.447266,281.8781,99930.83,51.75,5.25
2024-03-01 19:00:00,-2.9316864,9.155579,281.67273,99936.336,51.75,5.25
2024-03-01 20:00:00,-3.2300415,9.578003,281.5095,99883.53,51.75,5.25
2024-03-01 21:00:00,-3.966339,10.129639,281.6634,99812.625,51.75,5.25
2024-03-01 22:00:00,-5.0939484,11.364868,282.28238,99747.23,51.75,5.25
2024-03-01 23:00:00,-3.8278809,11.961853,281.899,99705.12,51.75,5.25
2024-03-02 00:00:00,-0.9411621,11.9817505,281.83893,99753.39,51.75,5.25
2024-03-02 01:00:00,2.324829,9.561752,281.09964,99809.35,51.75,5.25
2024-03-02 02:00:00,2.5979156,7.6614685,280.67465,99854.32,51.75,5.25
2024-03-02 03:00:00,1.5684814,7.532242,280.4277,99858.14,51.75,5.25
2024-03-02 04:00:00,0.20335388,7.4854584,279.932,99860.516,51.75,5.25
2024-03-02 05:00:00,-0.11663818,7.862625,279.18033,99892.87,51.75,5.25
2024-03-02 06:00:00,-0.26890564,8.05925,278.8291,99934.125,51.75,5.25
2024-03-02 07:00:00,-0.7442169,8.042297,278.91583,99968.28,51.75,5.25
2024-03-02 08:00:00,-1.3493958,7.6983185,280.04092,100019.72,51.75,5.25
2024-03-02 09:00:00,-2.1643372,6.759491,281.21085,100023.71,51.75,5.25
2024-03-02 10:00:00,-1.7401886,8.137085,282.5396,100045.22,51.75,5.25
2024-03-02 11:00:00,-1.8397217,9.112549,283.5864,100018.016,51.75,5.25
2024-03-02 12:00:00,-1.9683228,9.124725,284.7817,99960.375,51.75,5.25
2024-03-02 13:00:00,-2.7047424,8.167114,285.09802,99924.84,51.75,5.25
2024-03-02 14:00:00,-3.584671,7.087448,285.36737,99873.84,51.75,5.25
2024-03-02 15:00:00,-5.4529724,6.151367,285.6142,99795.234,51.75,5.25
2024-03-02 16:00:00,-6.299164,6.3686066,285.57135,99765.8,51.75,5.25
2024-03-02 17:00:00,-6.973709,6.537216,284.98016,99762.88,51.75,5.25
2024-03-02 18:00:00,-7.296509,7.772522,284.51398,99773.13,51.75,5.25
2024-03-02 19:00:00,-6.60643,8.354874,284.36215,99809.95,51.75,5.25
2024-03-02 20:00:00,-7.0612946,7.396393,283.98978,99793.16,51.75,5.25
2024-03-02 21:00:00,-6.9609985,7.3180847,284.01947,99802.48,51.75,5.25
2024-03-02 22:00:00,-7.33284,7.8760834,283.91852,99781.195,51.75,5.25
2024-03-02 23:00:00,-6.3098755,8.43811,284.17493,99796.97,51.75,5.25
2024-03-03 00:00:00,-5.779999,7.285324,284.0227,99782.89,51.75,5.25
2024-03-03 01:00:00,-5.785034,6.620407,283.60852,99776.61,51.75,5.25
2024-03-03 02:00:00,-4.9796143,6.4123077,283.08588,99790.52,51.75,5.25
2024-03-03 03:00:00,-3.757904,5.9851074,282.49188,99791.414,51.75,5.25
2024-03-03 04:00:00,-3.3923035,5.1332703,281.573,99791.25,51.75,5.25
2024-03-03 05:00:00,-3.5500946,5.3902893,281.279,99843.84,51.75,5.25
2024-03-03 06:00:00,-2.8294678,5.53656,281.2981,99899.97,51.75,5.25
2024-03-03 07:00:00,-2.2246552,4.5114136,281.44913,99934.91,51.75,5.25
2024-03-03 08:00:00,-2.0829315,3.311905,282.2824,99962.34,51.75,5.25
2024-03-03 09:00:00,-3.5471802,1.9140778,283.16357,100012.516,51.75,5.25
2024-03-03 10:00:00,-2.607193,1.8301086,285.161,100029.2,51.75,5.25
2024-03-03 11:00:00,-2.3311615,1.0229492,285.8252,100037.266,51.75,5.25
2024-03-03 12:00:00,-1.7657776,0.7819061,287.12433,100014.75,51.75,5.25
2024-03-03 13:00:00,-0.8115845,0.7004547,288.00095,100017.41,51.75,5.25
2024-03-03 14:00:00,1.3262787,0.3236847,288.1749,100057.016,51.75,5.25
2024-03-03 15:00:00,3.3271332,-1.1726837,287.95718,100083.61,51.75,5.25
2024-03-03 16:00:00,5.2436676,-2.7874756,287.23666,100147.08,51.75,5.25
2024-03-03 17:00:00,6.1644745,-3.989685,285.54944,100204.88,51.75,5.25
2024-03-03 18:00:00,6.700119,-4.5492096,284.542,100305.0,51.75,5.25
2024-03-03 19:00:00,7.484482,-4.083954,283.41815,100413.94,51.75,5.25
2024-03-03 20:00:00,7.182205,-4.145172,282.19757,100491.73,51.75,5.25
2024-03-03 21:00:00,6.385727,-4.466873,281.5603,100537.88,51.75,5.25
2024-03-03 22:00:00,5.930496,-3.4573212,280.90656,100603.32,51.75,5.25
2024-03-03 23:00:00,6.583908,-3.153244,280.81177,100660.734,51.75,5.25
2024-03-04 00:00:00,6.816391,-3.3086395,280.86316,100697.67,51.75,5.25
2024-03-04 01:00:00,5.916458,-3.716568,280.9371,100771.7,51.75,5.25
2024-03-04 02:00:00,5.292862,-3.7062073,280.94077,100825.06,51.75,5.25
2024-03-04 03:00:00,5.194977,-3.485672,280.8368,100892.14,51.75,5.25
2024-03-04 04:00:00,4.8860626,-3.637085,280.6902,100951.79,51.75,5.25
2024-03-04 05:00:00,4.2942047,-3.3116608,280.604,100982.48,51.75,5.25
2024-03-04 06:00:00,4.055908,-2.7836761,280.20203,101035.11,51.75,5.25
2024-03-04 07:00:00,3.9380646,-2.3125458,279.82495,101100.45,51.75,5.25
2024-03-04 08:00:00,3.4167328,-2.2912598,280.32013,101130.0,51.75,5.25
2024-03-04 09:00:00,3.1253357,-3.1269379,281.13455,101155.28,51.75,5.25
2024-03-04 10:00:00,3.1653137,-1.5796509,281.67572,101173.84,51.75,5.25
2024-03-04 11:00:00,3.2695923,-1.0693665,282.61353,101205.67,51.75,5.25
2024-03-04 12:00:00,2.339096,-0.94514465,283.20258,101193.08,51.75,5.25
2024-03-04 13:00:00,1.9445801,-0.8237457,283.6565,101183.42,51.75,5.25
2024-03-04 14:00:00,1.2131348,-1.0267792,284.13745,101149.8,51.75,5.25
2024-03-04 15:00:00,0.78134155,-1.2467346,284.30533,101134.2,51.75,5.25
2024-03-04 16:00:00,0.6972809,-1.3372192,284.0487,101133.516,51.75,5.25
2024-03-04 17:00:00,0.28094482,-1.8118439,282.64484,101146.83,51.75,5.25
2024-03-04 18:00:00,-0.93989563,-2.3946838,280.84412,101177.22,51.75,5.25
2024-03-04 19:00:00,-2.6007233,-2.582962,279.0855,101196.44,51.75,5.25
2024-03-04 20:00:00,-3.8641815,-1.9092255,278.73764,101222.09,51.75,5.25
2024-03-04 21:00:00,-4.7197876,-0.98565674,278.77045,101221.445,51.75,5.25
2024-03-04 22:00:00,-5.2655487,0.8565521,278.46332,101205.266,51.75,5.25
2024-03-04 23:00:00,-4.4986267,1.6543121,277.51556,101200.03,51.75,5.25
2024-03-05 00:00:00,-3.8538055,2.2536316,277.0835,101201.66,51.75,5.25
2024-03-05 01:00:00,-3.0493927,2.8721619,277.6115,101236.39,51.75,5.25
2024-03-05 02:00:00,-2.790451,2.8810577,277.73462,101209.3,51.75,5.25
2024-03-05 03:00:00,-2.8190765,2.6141052,278.61243,101194.16,51.75,5.25
2024-03-05 04:00:00,-2.7864685,2.466217,279.12286,101195.26,51.75,5.25
2024-03-05 05:00:00,-2.7056274,2.4071655,279.32364,101213.125,51.75,5.25
2024-03-05 06:00:00,-2.483612,2.4437866,279.39484,101225.75,51.75,5.25
2024-03-05 07:00:00,-1.8951569,2.4121552,279.77985,101252.38,51.75,5.25
2024-03-05 08:00:00,-0.95018005,2.484558,280.0021,101280.625,51.75,5.25
2024-03-05 09:00:00,-0.3053589,1.8882751,280.77325,101308.97,51.75,5.25
2024-03-05 10:00:00,1.2492981,2.178299,280.51788,101334.19,51.75,5.25
2024-03-05 11:00:00,2.0288696,2.0597992,280.6999,101389.85,51.75,5.25
2024-03-05 12:00:00,2.8010254,1.9628296,281.09464,101400.94,51.75,5.25
2024-03-05 13:00:00,2.733673,1.5444641,281.67285,101410.94,51.75,5.25
2024-03-05 14:00:00,2.1266937,0.9034271,281.7995,101411.055,51.75,5.25
2024-03-05 15:00:00,1.7829895,0.30999756,281.78506,101432.05,51.75,5.25
2024-03-05 16:00:00,1.2233124,-0.30059814,281.7953,101463.234,51.75,5.25
2024-03-05 17:00:00,0.760849,-0.9584961,281.71432,101497.84,51.75,5.25
2024-03-05 18:00:00,0.16088867,-1.4605103,281.11517,101545.3,51.75,5.25
2024-03-05 19:00:00,-0.5133667,-1.4470062,280.57373,101563.7,51.75,5.25
2024-03-05 20:00:00,-0.9286194,-0.9688873,280.89526,101608.21,51.75,5.25
2024-03-05 21:00:00,-1.1699066,-0.44732666,280.36908,101626.14,51.75,5.25
2024-03-05 22:00:00,-1.2103119,0.9801636,279.2497,101689.55,51.75,5.25
2024-03-05 23:00:00,-0.72016907,1.7677612,278.67828,101698.445,51.75,5.25
2024-03-06 00:00:00,-0.025024414,1.9675903,278.71375,101722.61,51.75,5.25
2024-03-06 01:00:00,0.6046295,2.0366058,278.56366,101792.36,51.75,5.25
2024-03-06 02:00:00,0.78985596,1.1188507,277.85883,101813.74,51.75,5.25
2024-03-06 03:00:00,0.7789459,0.36610413,277.03802,101817.805,51.75,5.25
2024-03-06 04:00:00,0.36175537,0.54104614,276.32043,101855.33,51.75,5.25
2024-03-06 05:00:00,-0.3460083,1.0552979,276.21082,101905.76,51.75,5.25
2024-03-06 06:00:00,-1.0415802,1.3031464,276.1717,101963.14,51.75,5.25
2024-03-06 07:00:00,-1.3006134,2.2835388,276.6397,102029.36,51.75,5.25
2024-03-06 08:00:00,-0.5223541,2.3846436,278.1938,102112.83,51.75,5.25
2024-03-06 09:00:00,-0.2770996,2.0364075,279.9667,102167.125,51.75,5.25
2024-03-06 10:00:00,-0.30332947,1.3419037,281.79785,102215.89,51.75,5.25
2024-03-06 11:00:00,-0.6029358,1.2243958,282.53772,102253.08,51.75,5.25
2024-03-06 12:00:00,-0.6998291,0.83787537,283.749,102264.87,51.75,5.25
2024-03-06 13:00:00,-0.8404541,0.6155853,284.2027,102292.42,51.75,5.25
2024-03-06 14:00:00,-1.1499786,-0.048675537,284.4884,102291.59,51.75,5.25
2024-03-06 15:00:00,-1.5713196,-0.657959,284.5654,102317.98,51.75,5.25
2024-03-06 16:00:00,-2.012848,-0.89575195,284.09418,102325.75,51.75,5.25
2024-03-06 17:00:00,-2.8738708,-1.545227,282.7463,102375.484,51.75,5.25
2024-03-06 18:00:00,-4.144455,-1.9685669,280.95288,102417.12,51.75,5.25
2024-03-06 19:00:00,-5.2322845,-1.7575226,280.01636,102476.28,51.75,5.25
2024-03-06 20:00:00,-6.1546936,-1.4362946,279.1491,102493.89,51.75,5.25
2024-03-06 21:00:00,-6.6734314,-1.2350464,278.64337,102512.39,51.75,5.25
2024-03-06 22:00:00,-6.2517853,-1.084137,278.41238,102508.18,51.75,5.25
2024-03-06 23:00:00,-5.875183,-0.7119293,277.7795,102547.984,51.75,5.25
2024-03-07 00:00:00,-5.461899,-0.66744995,277.10675,102536.59,51.75,5.25
2024-03-07 01:00:00,-5.262268,-1.1593933,276.3574,102549.766,51.75,5.25
2024-03-07 02:00:00,-5.2474365,-1.7804871,276.06757,102519.81,51.75,5.25
2024-03-07 03:00:00,-5.631729,-2.273819,275.69525,102492.41,51.75,5.25
2024-03-07 04:00:00,-5.9480133,-2.3699646,275.71698,102449.12,51.75,5.25
2024-03-07 05:00:00,-6.099655,-2.2868195,275.74127,102427.26,51.75,5.25
2024-03-07 06:00:00,-6.1959534,-2.495514,275.57422,102430.89,51.75,5.25
2024-03-07 07:00:00,-6.4357605,-2.767334,276.22443,102427.78,51.75,5.25
2024-03-07 08:00:00,-6.305069,-2.5786133,277.59454,102431.734,51.75,5.25
2024-03-07 09:00:00,-6.312332,-2.0252686,278.86368,102409.43,51.75,5.25
2024-03-07 10:00:00,-6.762192,-1.3136749,279.9302,102363.664,51.75,5.25
2024-03-07 11:00:00,-7.2604523,-0.24317932,280.86774,102318.73,51.75,5.25
2024-03-07 12:00:00,-7.5410156,1.0034637,281.55603,102274.57,51.75,5.25
2024-03-07 13:00:00,-7.3816833,1.0085449,281.9162,102179.66,51.75,5.25
2024-03-07 14:00:00,-8.064194,0.89331055,282.117,102116.42,51.75,5.25
2024-03-07 15:00:00,-8.50589,0.1235199,282.00122,102067.36,51.75,5.25
2024-03-07 16:00:00,-8.49942,-0.8292694,281.46863,102002.25,51.75,5.25
2024-03-07 17:00:00,-8.905014,-1.2325897,280.84686,101977.64,51.75,5.25
2024-03-07 18:00:00,-9.119675,-1.3671417,279.97433,101961.734,51.75,5.25
2024-03-07 19:00:00,-9.253845,-1.2916718,279.52478,101963.09,51.75,5.25
2024-03-07 20:00:00,-9.214569,-0.8920746,278.85986,101926.61,51.75,5.25
2024-03-07 21:00:00,-9.036011,-0.47764587,278.1789,101929.266,51.75,5.25
2024-03-07 22:00:00,-9.169434,0.057052612,277.54083,101881.53,51.75,5.25
2024-03-07 23:00:00,-8.442642,0.038757324,277.2824,101826.84,51.75,5.25
2024-03-08 00:00:00,-8.283035,0.08041382,276.7775,101783.57,51.75,5.25
2024-03-08 01:00:00,-8.408661,0.14129639,276.33698,101739.55,51.75,5.25
2024-03-08 02:00:00,-8.545837,0.07131958,276.05017,101681.0,51.75,5.25
2024-03-08 03:00:00,-8.641815,0.21366882,275.52887,101616.97,51.75,5.25
2024-03-08 04:00:00,-8.678879,0.5350189,275.33572,101550.46,51.75,5.25
2024-03-08 05:00:00,-8.622269,0.91915894,275.0249,101533.08,51.75,5.25
2024-03-08 06:00:00,-8.580795,1.1166992,274.94977,101483.66,51.75,5.25
2024-03-08 07:00:00,-8.494232,1.0463257,275.12817,101456.58,51.75,5.25
2024-03-08 08:00:00,-8.208618,0.49017334,276.3751,101416.19,51.75,5.25
2024-03-08 09:00:00,-8.48172,0.7416992,277.886,101340.41,51.75,5.25
2024-03-08 10:00:00,-8.624329,1.4350128,279.46954,101233.3,51.75,5.25
2024-03-08 11:00:00,-9.001022,1.7184753,280.90744,101116.81,51.75,5.25
2024-03-08 12:00:00,-9.337769,2.37648,281.9893,101057.625,51.75,5.25
2024-03-08 13:00:00,-9.442368,2.6826172,282.85742,100969.78,51.75,5.25
2024-03-08 14:00:00,-9.743744,2.4034119,283.4572,100859.7,51.75,5.25
2024-03-08 15:00:00,-9.957886,2.4159393,283.58286,100776.37,51.75,5.25
2024-03-08 16:00:00,-9.607269,1.9050903,283.36578,100705.81,51.75,5.25
2024-03-08 17:00:00,-9.712204,1.9416809,282.48483,100653.25,51.75,5.25
2024-03-08 18:00:00,-9.687622,2.5239258,281.4251,100653.06,51.75,5.25
2024-03-08 19:00:00,-9.511887,2.8992004,280.59616,100640.9,51.75,5.25
2024-03-08 20:00:00,-9.125092,3.0418396,280.11465,100610.89,51.75,5.25
2024-03-08 21:00:00,-8.620712,3.1830597,279.58466,100577.61,51.75,5.25
2024-03-08 22:00:00,-9.189133,2.7673187,278.96695,100544.234,51.75,5.25
2024-03-08 23:00:00,-8.446869,3.3016663,278.57324,100513.61,51.75,5.25
2024-03-09 00:00:00,-7.6178284,3.767212,277.95328,100472.875,51.75,5.25
2024-03-09 01:00:00,-7.3820953,3.8279572,277.98306,100419.734,51.75,5.25
2024-03-09 02:00:00,-6.9318542,3.853302,277.67737,100355.0,51.75,5.25
2024-03-09 03:00:00,-6.600815,3.785431,277.77106,100312.46,51.75,5.25
2024-03-09 04:00:00,-6.6904907,3.4648132,277.50928,100264.34,51.75,5.25
2024-03-09 05:00:00,-7.0342407,2.7373352,277.49274,100229.46,51.75,5.25
2024-03-09 06:00:00,-7.462204,2.3571625,277.44955,100179.5,51.75,5.25
2024-03-09 07:00:00,-7.284561,2.9103699,277.9318,100189.84,51.75,5.25
2024-03-09 08:00:00,-7.21138,2.857956,279.09198,100209.64,51.75,5.25
2024-03-09 09:00:00,-6.008835,2.3810272,280.4184,100157.14,51.75,5.25
2024-03-09 10:00:00,-5.112747,2.2545013,282.04764,100136.22,51.75,5.25
2024-03-09 11:00:00,-5.632004,1.4451599,283.52386,100071.18,51.75,5.25
2024-03-09 12:00:00,-6.078171,1.0944366,284.82825,100022.3,51.75,5.25
2024-03-09 13:00:00,-6.817093,0.6448059,285.76428,99925.484,51.75,5.25
2024-03-09 14:00:00,-7.948456,1.1591492,286.38275,99884.984,51.75,5.25
2024-03-09 15:00:00,-8.499191,1.8425751,286.38513,99859.02,51.75,5.25
2024-03-09 16:00:00,-8.743851,1.8102264,285.87344,99807.74,51.75,5.25
2024-03-09 17:00:00,-8.890335,2.1567383,285.5,99812.14,51.75,5.25
2024-03-09 18:00:00,-8.828842,3.0669556,285.12463,99838.41,51.75,5.25
2024-03-09 19:00:00,-8.416183,3.64682,284.6886,99851.74,51.75,5.25
2024-03-09 20:00:00,-8.030563,3.6104126,284.17755,99815.84,51.75,5.25
2024-03-09 21:00:00,-8.184952,2.322815,283.96176,99836.87,51.75,5.25
2024-03-09 22:00:00,-8.024506,1.6880188,283.24957,99785.3,51.75,5.25
2024-03-09 23:00:00,-7.6905823,1.2010193,282.7339,99781.65,51.75,5.25
2024-03-10 00:00:00,-7.8722687,0.20947266,282.27164,99756.67,51.75,5.25
2024-03-10 01:00:00,-8.246094,-0.12509155,281.7617,99742.92,51.75,5.25
2024-03-10 02:00:00,-8.715347,-1.0031891,281.5613,99677.234,51.75,5.25
2024-03-10 03:00:00,-9.112122,-0.75779724,281.10046,99642.016,51.75,5.25
2024-03-10 04:00:00,-9.600494,-0.47172546,280.83725,99581.44,51.75,5.25
2024-03-10 05:00:00,-9.486237,-0.6491089,280.4904,99539.87,51.75,5.25
2024-03-10 06:00:00,-9.057892,-1.0139618,280.14447,99525.36,51.75,5.25
2024-03-10 07:00:00,-8.773941,-0.7882385,280.1488,99551.516,51.75,5.25
2024-03-10 08:00:00,-8.43808,0.12831116,280.62506,99606.195,51.75,5.25
2024-03-10 09:00:00,-7.4309387,-0.20999146,281.43372,99603.83,51.75,5.25
2024-03-10 10:00:00,-5.8329926,-0.9858856,282.39557,99568.64,51.75,5.25
2024-03-10 11:00:00,-5.483322,-0.6179962,283.41614,99587.945,51.75,5.25
2024-03-10 12:00:00,-5.8511047,-1.6422882,283.99908,99559.14,51.75,5.25
2024-03-10 13:00:00,-5.7048187,-1.4820709,285.38538,99522.195,51.75,5.25
2024-03-10 14:00:00,-5.889038,-1.1436005,285.72968,99500.47,51.75,5.25
2024-03-10 15:00:00,-5.4587097,-0.86009216,285.89777,99518.58,51.75,5.25
2024-03-10 16:00:00,-5.295807,-1.4698486,285.53143,99525.8,51.75,5.25
2024-03-10 17:00:00,-5.4720154,-1.8234863,284.7663,99560.43,51.75,5.25
2024-03-10 18:00:00,-5.5757294,-2.8249054,283.85474,99578.195,51.75,5.25
2024-03-10 19:00:00,-6.572891,-2.412445,283.52438,99624.67,51.75,5.25
2024-03-10 20:00:00,-7.0197296,-1.2889252,283.0352,99660.17,51.75,5.25
2024-03-10 21:00:00,-6.4523163,-0.9948883,282.5161,99674.39,51.75,5.25
2024-03-10 22:00:00,-4.506073,-0.69810486,282.02045,99720.234,51.75,5.25
2024-03-10 23:00:00,-3.2566528,-0.88009644,281.62207,99734.55,51.75,5.25
2024-03-11 00:00:00,-1.5640717,-1.5228577,281.59778,99739.34,51.75,5.25
2024-03-11 01:00:00,-1.6837921,-1.8688812,280.66486,99774.695,51.75,5.25
2024-03-11 02:00:00,-0.87976074,-1.481842,280.3431,99786.984,51.75,5.25
2024-03-11 03:00:00,-0.45845032,-2.3881226,280.3188,99768.17,51.75,5.25
2024-03-11 04:00:00,-1.1589813,-2.982605,280.28256,99779.32,51.75,5.25
2024-03-11 05:00:00,-0.51789856,-2.4784393,280.26654,99805.83,51.75,5.25
2024-03-11 06:00:00,-0.26712036,-2.3437042,280.20135,99852.15,51.75,5.25
2024-03-11 07:00:00,-0.23973083,-2.3721924,280.23804,99915.3,51.75,5.25
2024-03-11 08:00:00,0.40925598,-1.8856506,280.37695,99962.31,51.75,5.25
2024-03-11 09:00:00,1.2857819,-1.3703156,280.55173,100004.17,51.75,5.25
2024-03-11 10:00:00,0.5606384,-2.805313,280.4653,100053.59,51.75,5.25
2024-03-11 11:00:00,0.90226746,-3.6907501,280.63022,100122.39,51.75,5.25
2024-03-11 12:00:00,1.2901917,-3.9228058,281.01105,100155.67,51.75,5.25
2024-03-11 13:00:00,0.91007996,-3.4623413,281.05975,100199.97,51.75,5.25
2024-03-11 14:00:00,0.4517212,-2.8551178,281.08533,100249.57,51.75,5.25
2024-03-11 15:00:00,0.554245,-1.9625549,281.0974,100321.23,51.75,5.25
2024-03-11 16:00:00,0.9628296,-1.1452789,281.2124,100369.555,51.75,5.25
2024-03-11 17:00:00,2.1558228,-0.5507355,281.01904,100439.81,51.75,5.25
2024-03-11 18:00:00,3.316574,-0.29289246,280.66046,100510.12,51.75,5.25
2024-03-11 19:00:00,3.9003296,-0.5011902,280.61823,100567.43,51.75,5.25
2024-03-11 20:00:00,4.323883,-0.51460266,280.47623,100651.734,51.75,5.25
2024-03-11 21:00:00,4.9601135,-0.17721558,280.35388,100726.36,51.75,5.25
2024-03-11 22:00:00,4.612488,-0.5336914,280.36786,100804.766,51.75,5.25
2024-03-11 23:00:00,4.6364136,-0.18003845,280.31335,100868.31,51.75,5.25
2024-03-12 00:00:00,5.37735,0.013046265,280.16647,100902.71,51.75,5.25
2024-03-12 01:00:00,6.2556915,-0.20939636,280.21884,100978.55,51.75,5.25
2024-03-12 02:00:00,6.447403,-0.54763794,280.21442,101012.34,51.75,5.25
2024-03-12 03:00:00,6.4545746,-0.4086151,280.14026,101055.984,51.75,5.25
2024-03-12 04:00:00,6.5443726,-0.026062012,280.11325,101081.0,51.75,5.25
2024-03-12 05:00:00,6.2579956,0.65701294,280.1015,101167.31,51.75,5.25
2024-03-12 06:00:00,6.238846,1.3871155,280.1184,101229.96,51.75,5.25
2024-03-12 07:00:00,6.2698517,1.8841248,280.06107,101282.555,51.75,5.25
2024-03-12 08:00:00,7.5517273,2.121582,280.1126,101345.82,51.75,5.25
2024-03-12 09:00:00,6.961212,1.819519,280.15677,101366.28,51.75,5.25
2024-03-12 10:00:00,5.011429,2.5644531,281.53522,101401.17,51.75,5.25
2024-03-12 11:00:00,5.7710724,3.4975586,281.9803,101412.08,51.75,5.25
2024-03-12 12:00:00,4.3932953,4.1392365,282.70453,101411.42,51.75,5.25
2024-03-12 13:00:00,3.8070679,4.9088745,283.03577,101369.42,51.75,5.25
2024-03-12 14:00:00,2.8105927,5.3852997,283.0725,101337.03,51.75,5.25
2024-03-12 15:00:00,1.6186523,5.3956604,283.04395,101315.6,51.75,5.25
2024-03-12 16:00:00,1.3977509,5.7691956,282.8418,101300.26,51.75,5.25
2024-03-12 17:00:00,0.22930908,6.252594,282.3012,101260.31,51.75,5.25
2024-03-12 18:00:00,-0.8545227,6.846588,281.95627,101265.586,51.75,5.25
2024-03-12 19:00:00,-1.460495,7.180588,281.63626,101243.33,51.75,5.25
2024-03-12 20:00:00,-1.6715088,7.1791534,281.53217,101246.55,51.75,5.25
2024-03-12 21:00:00,-1.0661926,6.805481,281.40137,101229.234,51.75,5.25
2024-03-12 22:00:00,0.86709595,6.3226776,281.65994,101213.03,51.75,5.25
2024-03-12 23:00:00,3.138794,4.923874,281.77112,101221.75,51.75,5.25
2024-03-13 00:00:00,4.9344025,3.311203,282.11127,101217.91,51.75,5.25
2024-03-13 01:00:00,5.953537,1.8028564,282.63025,101228.6,51.75,5.25
2024-03-13 02:00:00,6.510391,1.392807,283.0762,101231.445,51.75,5.25
2024-03-13 03:00:00,7.0702515,1.4192047,283.33795,101247.6,51.75,5.25
2024-03-13 04:00:00,7.177017,1.4192505,283.4274,101251.82,51.75,5.25
2024-03-13 05:00:00,6.8739014,1.6961365,283.50903,101280.78,51.75,5.25
2024-03-13 06:00:00,6.3413696,2.496292,283.62503,101310.47,51.75,5.25
2024-03-13 07:00:00,6.179657,3.1741333,283.7636,101342.66,51.75,5.25
2024-03-13 08:00:00,6.1226044,3.3515167,283.81757,101390.72,51.75,5.25
2024-03-13 09:00:00,5.8925476,3.7529907,284.1131,101422.77,51.75,5.25
2024-03-13 10:00:00,6.3913727,3.9367828,284.84497,101471.03,51.75,5.25
2024-03-13 11:00:00,7.7634125,3.73703,285.47473,101477.59,51.75,5.25
2024-03-13 12:00:00,8.297928,3.473877,285.61636,101480.4,51.75,5.25
2024-03-13 13:00:00,7.710724,3.5655975,285.81442,101461.14,51.75,5.25
2024-03-13 14:00:00,7.9214325,4.264328,285.943,101459.63,51.75,5.25
2024-03-13 15:00:00,6.776825,4.342148,286.12247,101447.54,51.75,5.25
2024-03-13 16:00:00,6.897827,4.330353,285.93958,101443.69,51.75,5.25
2024-03-13 17:00:00,6.264145,4.144272,285.56134,101445.58,51.75,5.25
2024-03-13 18:00:00,5.5850983,4.576248,285.28284,101456.11,51.75,5.25
2024-03-13 19:00:00,5.293457,4.970886,285.1961,101464.586,51.75,5.25
2024-03-13 20:00:00,5.0467987,5.553467,284.8966,101457.02,51.75,5.25
2024-03-13 21:00:00,4.7908783,5.9478607,284.60712,101426.46,51.75,5.25
2024-03-13 22:00:00,5.5680237,5.5621643,284.40417,101401.19,51.75,5.25
2024-03-13 23:00:00,5.50531,5.3550415,284.14297,101409.23,51.75,5.25
2024-03-14 00:00:00,5.096176,5.6939087,283.8396,101404.55,51.75,5.25
2024-03-14 01:00:00,4.720978,6.0150604,283.48462,101401.15,51.75,5.25
2024-03-14 02:00:00,4.1528473,6.567688,283.2917,101353.97,51.75,5.25
2024-03-14 03:00:00,3.7421417,7.081436,282.80542,101298.05,51.75,5.25
2024-03-14 04:00:00,3.7613678,7.380722,282.14804,101262.984,51.75,5.25
2024-03-14 05:00:00,3.6565704,7.525879,281.77563,101262.44,51.75,5.25
2024-03-14 06:00:00,3.4042816,7.544693,281.40875,101249.086,51.75,5.25
2024-03-14 07:00:00,3.1224365,7.5229187,281.7602,101247.06,51.75,5.25
2024-03-14 08:00:00,2.7329865,7.6887665,283.45728,101239.0,51.75,5.25
2024-03-14 09:00:00,2.0917053,6.8862762,284.8518,101239.47,51.75,5.25
2024-03-14 10:00:00,1.5882416,6.328537,286.3181,101205.69,51.75,5.25
2024-03-14 11:00:00,1.878067,6.5073547,287.64227,101173.65,51.75,5.25
2024-03-14 12:00:00,1.8499603,6.3426056,288.7634,101110.41,51.75,5.25
2024-03-14 13:00:00,1.7086029,6.079376,289.57135,101032.336,51.75,5.25
2024-03-14 14:00:00,1.2685394,5.85614,290.08224,100964.16,51.75,5.25
2024-03-14 15:00:00,0.3203125,5.6503296,290.11255,100883.29,51.75,5.25
2024-03-14 16:00:00,0.10548401,5.3160095,289.9047,100829.94,51.75,5.25
2024-03-14 17:00:00,0.43693542,5.8302307,288.91144,100823.47,51.75,5.25
2024-03-14 18:00:00,0.69233704,6.6677094,287.8168,100807.016,51.75,5.25
2024-03-14 19:00:00,1.0347748,7.333954,287.46252,100796.53,51.75,5.25
2024-03-14 20:00:00,1.7926788,7.6463623,287.5747,100760.28,51.75,5.25
2024-03-14 21:00:00,2.6691895,7.4468994,287.29572,100729.55,51.75,5.25
2024-03-14 22:00:00,4.2830353,8.064972,286.7811,100723.555,51.75,5.25
2024-03-14 23:00:00,4.243454,7.4858704,285.9572,100686.516,51.75,5.25
2024-03-15 00:00:00,5.29895,7.326233,285.724,100669.06,51.75,5.25
2024-03-15 01:00:00,5.678665,7.091507,285.84918,100640.39,51.75,5.25
2024-03-15 02:00:00,6.161438,6.7124176,285.92773,100623.19,51.75,5.25
2024-03-15 03:00:00,5.9118347,6.2631683,285.76947,100620.016,51.75,5.25
2024-03-15 04:00:00,5.560547,6.6194153,285.67218,100618.47,51.75,5.25
2024-03-15 05:00:00,5.5915527,6.888336,285.64328,100622.45,51.75,5.25
2024-03-15 06:00:00,5.9999695,6.88826,285.4074,100630.875,51.75,5.25
2024-03-15 07:00:00,6.3006287,6.634552,285.65802,100654.35,51.75,5.25
2024-03-15 08:00:00,6.6296234,6.693527,286.03052,100685.59,51.75,5.25
2024-03-15 09:00:00,7.291046,6.6869507,286.7987,100711.92,51.75,5.25
2024-03-15 10:00:00,5.872513,5.7227173,287.37274,100724.58,51.75,5.25
2024-03-15 11:00:00,6.839676,6.5429077,287.59674,100741.99,51.75,5.25
2024-03-15 12:00:00,6.595047,6.4981995,287.92944,100674.91,51.75,5.25
2024-03-15 13:00:00,8.415024,5.91098,288.0721,100667.08,51.75,5.25
2024-03-15 14:00:00,6.895355,5.321884,287.05157,100689.34,51.75,5.25
2024-03-15 15:00:00,7.063278,5.6985626,286.2552,100692.62,51.75,5.25
2024-03-15 16:00:00,7.670517,5.568405,285.9188,100711.75,51.75,5.25
2024-03-15 17:00:00,6.6684875,5.397461,285.85846,100721.125,51.75,5.25
2024-03-15 18:00:00,6.988205,5.8101196,285.19928,100764.64,51.75,5.25
2024-03-15 19:00:00,7.020401,6.079071,284.82852,100797.984,51.75,5.25
2024-03-15 20:00:00,7.056244,6.1993866,284.4945,100831.11,51.75,5.25
2024-03-15 21:00:00,7.370682,6.0756836,284.297,100851.55,51.75,5.25
2024-03-15 22:00:00,7.458725,5.412369,284.54736,100889.06,51.75,5.25
2024-03-15 23:00:00,7.4177094,5.2155457,284.3,100921.44,51.75,5.25
2024-03-16 00:00:00,7.178604,5.36026,284.2785,100929.56,51.75,5.25
2024-03-16 01:00:00,7.73938,4.5292816,283.69556,100975.92,51.75,5.25
2024-03-16 02:00:00,8.119858,0.96235657,283.28796,101051.03,51.75,5.25
2024-03-16 03:00:00,7.1604004,-2.8731384,282.8534,101127.91,51.75,5.25
2024-03-16 04:00:00,6.0443573,-4.0453033,281.9271,101222.57,51.75,5.25
2024-03-16 05:00:00,5.754074,-4.6842804,281.11612,101347.14,51.75,5.25
2024-03-16 06:00:00,5.384384,-5.0625305,280.5835,101483.77,51.75,5.25
2024-03-16 07:00:00,5.0665436,-4.9051056,280.66013,101638.66,51.75,5.25
2024-03-16 08:00:00,4.5690765,-4.4624023,281.03528,101771.04,51.75,5.25
2024-03-16 09:00:00,4.4931793,-4.4469757,281.30804,101879.17,51.75,5.25
2024-03-16 10:00:00,4.3623657,-3.3661194,281.79883,101992.5,51.75,5.25
2024-03-16 11:00:00,4.5800476,-2.6112976,282.29565,102077.55,51.75,5.25
2024-03-16 12:00:00,5.3877563,-2.698227,282.40256,102136.16,51.75,5.25
2024-03-16 13:00:00,5.4045563,-2.589386,283.11127,102171.56,51.75,5.25
2024-03-16 14:00:00,5.1096954,-2.2900085,283.04932,102203.625,51.75,5.25
2024-03-16 15:00:00,4.868393,-1.9126892,283.0601,102217.33,51.75,5.25
2024-03-16 16:00:00,4.503372,-1.7953339,282.72858,102251.45,51.75,5.25
2024-03-16 17:00:00,3.367859,-1.8348999,281.937,102258.97,51.75,5.25
2024-03-16 18:00:00,2.7416534,-2.1630707,279.09998,102311.836,51.75,5.25
2024-03-16 19:00:00,1.8647156,-2.3394165,278.9043,102332.28,51.75,5.25
2024-03-16 20:00:00,0.6356659,-1.5827637,280.12817,102351.49,51.75,5.25
2024-03-16 21:00:00,-0.3818817,-0.38357544,279.39374,102350.74,51.75,5.25
2024-03-16 22:00:00,-1.1854553,2.3840485,277.12625,102348.04,51.75,5.25
2024-03-16 23:00:00,-1.5003052,4.3258057,277.9816,102317.8,51.75,5.25
2024-03-17 00:00:00,-0.9626312,5.331375,278.68652,102295.72,51.75,5.25
2024-03-17 01:00:00,-0.91116333,5.809204,278.7446,102268.234,51.75,5.25
2024-03-17 02:00:00,-1.1834717,6.2670593,278.54037,102205.95,51.75,5.25
2024-03-17 03:00:00,-1.1635284,6.3940735,278.8352,102158.05,51.75,5.25
2024-03-17 04:00:00,-1.6347809,6.2332153,278.95282,102123.55,51.75,5.25
2024-03-17 05:00:00,-2.5118408,6.140732,278.8759,102076.7,51.75,5.25
2024-03-17 06:00:00,-2.9765015,6.281555,278.5488,102085.41,51.75,5.25
2024-03-17 07:00:00,-3.024582,6.1571655,279.4878,102062.836,51.75,5.25
2024-03-17 08:00:00,-2.1819153,5.633072,280.9185,102095.56,51.75,5.25
2024-03-17 09:00:00,-2.1266632,4.984909,282.32755,102074.05,51.75,5.25
2024-03-17 10:00:00,-1.8284302,4.359543,283.91046,102034.05,51.75,5.25
2024-03-17 11:00:00,-2.2815857,4.32576,285.0012,101998.234,51.75,5.25
2024-03-17 12:00:00,-2.0986938,4.7936707,285.81396,101956.62,51.75,5.25
2024-03-17 13:00:00,-2.2946472,4.8506775,285.98303,101891.875,51.75,5.25
2024-03-17 14:00:00,-3.1909943,4.764633,286.2467,101831.33,51.75,5.25
2024-03-17 15:00:00,-3.9128113,4.9153595,285.9775,101764.77,51.75,5.25
2024-03-17 16:00:00,-4.111908,5.5345764,285.7343,101701.2,51.75,5.25
2024-03-17 17:00:00,-3.8662872,5.9825287,285.25507,101694.266,51.75,5.25
2024-03-17 18:00:00,-3.4991608,6.5628967,284.80234,101666.59,51.75,5.25
2024-03-17 19:00:00,-3.2283936,6.836014,284.61658,101656.42,51.75,5.25
2024-03-17 20:00:00,-2.4239044,7.069458,284.4986,101616.59,51.75,5.25
2024-03-17 21:00:00,-0.9739075,7.1879425,284.6065,101590.59,51.75,5.25
2024-03-17 22:00:00,-0.8610687,6.4655914,284.1059,101563.625,51.75,5.25
2024-03-17 23:00:00,1.7699432,6.148102,284.00012,101546.25,51.75,5.25
2024-03-18 00:00:00,3.4477234,4.8178406,284.0996,101508.766,51.75,5.25
2024-03-18 01:00:00,4.055649,3.9260101,284.08728,101490.64,51.75,5.25
2024-03-18 02:00:00,3.5827484,3.4858856,283.7682,101449.28,51.75,5.25
2024-03-18 03:00:00,3.6983948,3.3203125,283.43835,101411.3,51.75,5.25
2024-03-18 04:00:00,3.924286,2.7754517,283.41724,101421.516,51.75,5.25
2024-03-18 05:00:00,3.7857513,2.2806396,283.522,101433.33,51.75,5.25
2024-03-18 06:00:00,3.5044403,2.0427094,283.51984,101447.8,51.75,5.25
2024-03-18 07:00:00,3.1372375,1.9913177,283.47803,101461.58,51.75,5.25
2024-03-18 08:00:00,4.2433777,1.8843994,283.76184,101485.64,51.75,5.25
2024-03-18 09:00:00,5.288452,1.1955414,284.08542,101528.56,51.75,5.25
2024-03-18 10:00:00,4.361725,0.39822388,284.85226,101552.516,51.75,5.25
2024-03-18 11:00:00,4.337738,0.3527527,285.55075,101596.17,51.75,5.25
2024-03-18 12:00:00,4.1065063,-0.030822754,286.1174,101595.33,51.75,5.25
2024-03-18 13:00:00,4.2114563,-0.4479828,286.9098,101599.06,51.75,5.25
2024-03-18 14:00:00,4.6958466,-0.49084473,287.4029,101590.73,51.75,5.25
2024-03-18 15:00:00,4.6355133,-0.33358765,287.6258,101593.72,51.75,5.25
2024-03-18 16:00:00,4.176239,-0.6184082,287.35315,101572.55,51.75,5.25
2024-03-18 17:00:00,4.002777,-0.9651947,286.4041,101602.59,51.75,5.25
2024-03-18 18:00:00,3.5561829,-1.0851898,283.36682,101639.91,51.75,5.25
2024-03-18 19:00:00,2.9391632,-0.94548035,281.8693,101710.47,51.75,5.25
2024-03-18 20:00:00,1.8638611,-0.17024231,281.87463,101740.05,51.75,5.25
2024-03-18 21:00:00,0.97528076,0.910202,282.3236,101738.44,51.75,5.25
2024-03-18 22:00:00,2.2556,2.4397125,282.4496,101718.31,51.75,5.25
2024-03-18 23:00:00,2.0808258,3.075821,282.19778,101704.62,51.75,5.25
2024-03-19 00:00:00,1.7070007,4.2382812,282.46954,101682.664,51.75,5.25
2024-03-19 01:00:00,2.7225952,5.090988,282.6939,101689.28,51.75,5.25
2024-03-19 02:00:00,3.6150208,4.8419647,282.72815,101666.3,51.75,5.25
2024-03-19 03:00:00,4.235626,4.4727783,282.74017,101667.4,51.75,5.25
2024-03-19 04:00:00,4.3580017,4.2138367,282.8687,101674.836,51.75,5.25
2024-03-19 05:00:00,4.1322174,4.2049255,282.82956,101713.94,51.75,5.25
2024-03-19 06:00:00,3.4546967,4.4161224,282.8371,101726.22,51.75,5.25
2024-03-19 07:00:00,2.2452545,4.5917664,283.29987,101741.2,51.75,5.25
2024-03-19 08:00:00,1.3532867,4.3832245,284.16394,101771.84,51.75,5.25
2024-03-19 09:00:00,0.29393005,3.8491058,285.37006,101783.47,51.75,5.25
2024-03-19 10:00:00,-0.5128174,3.7700348,286.51672,101766.164,51.75,5.25
2024-03-19 11:00:00,-0.116989136,4.42659,287.6128,101752.53,51.75,5.25
2024-03-19 12:00:00,0.7751312,4.525177,288.26758,101741.47,51.75,5.25
2024-03-19 13:00:00,2.8207703,4.1772766,289.04578,101728.016,51.75,5.25
2024-03-19 14:00:00,4.1174316,3.0275116,289.17297,101716.75,51.75,5.25
2024-03-19 15:00:00,4.392441,2.062622,289.41132,101713.97,51.75,5.25
2024-03-19 16:00:00,3.8688965,0.80514526,289.02448,101725.59,51.75,5.25
2024-03-19 17:00:00,3.6068878,-0.73620605,287.7114,101764.375,51.75,5.25
2024-03-19 18:00:00,3.166031,-2.2269287,285.326,101821.98,51.75,5.25
2024-03-19 19:00:00,2.3374634,-3.0169373,283.9471,101869.69,51.75,5.25
2024-03-19 20:00:00,1.1977539,-2.8307037,283.51593,101891.25,51.75,5.25
2024-03-19 21:00:00,0.19213867,-2.126587,283.2154,101901.516,51.75,5.25
2024-03-19 22:00:00,-1.4860382,-1.7279816,282.34366,101876.81,51.75,5.25
2024-03-19 23:00:00,-1.3151245,-1.1691284,282.20612,101889.95,51.75,5.25
2024-03-20 00:00:00,-0.3421173,-0.5881958,282.40558,101888.07,51.75,5.25
2024-03-20 01:00:00,0.68696594,-0.35020447,282.1352,101889.81,51.75,5.25
2024-03-20 02:00:00,0.68200684,-0.1960907,281.6779,101838.91,51.75,5.25
2024-03-20 03:00:00,0.1999054,0.19720459,281.3855,101811.555,51.75,5.25
2024-03-20 04:00:00,0.1038208,0.33398438,280.78247,101819.59,51.75,5.25
2024-03-20 05:00:00,0.04951477,0.565979,280.2821,101851.02,51.75,5.25
2024-03-20 06:00:00,-0.27464294,0.91700745,280.1451,101852.914,51.75,5.25
2024-03-20 07:00:00,-0.41636658,1.3291626,281.20062,101860.49,51.75,5.25
2024-03-20 08:00:00,-0.33641052,1.4422913,283.7431,101895.94,51.75,5.25
2024-03-20 09:00:00,-0.16239929,1.0545807,285.80875,101922.99,51.75,5.25
2024-03-20 10:00:00,-0.32321167,0.7392578,287.74905,101909.94,51.75,5.25
2024-03-20 11:00:00,0.16230774,1.1177673,288.72592,101878.484,51.75,5.25
2024-03-20 12:00:00,0.9056244,1.1304169,289.87915,101863.516,51.75,5.25
2024-03-20 13:00:00,1.3944702,1.1380157,290.22968,101837.66,51.75,5.25
2024-03-20 14:00:00,2.2404327,1.664093,290.4602,101799.38,51.75,5.25
2024-03-20 15:00:00,2.2756042,1.0815125,290.55237,101790.54,51.75,5.25
2024-03-20 16:00:00,1.8200531,-0.049865723,290.20154,101772.08,51.75,5.25
2024-03-20 17:00:00,1.278656,-1.2913818,289.22104,101776.68,51.75,5.25
2024-03-20 18:00:00,0.6270752,-2.5412598,287.60333,101811.93,51.75,5.25
2024-03-20 19:00:00,0.118621826,-3.6538696,286.54553,101845.266,51.75,5.25
2024-03-20 20:00:00,0.011581421,-4.4660187,285.3888,101890.734,51.75,5.25
2024-03-20 21:00:00,0.3914032,-4.9996185,283.78802,101932.96,51.75,5.25
2024-03-20 22:00:00,1.8339386,-4.6928406,283.5024,101936.03,51.75,5.25
2024-03-20 23:00:00,1.7916107,-4.3899536,283.55646,101931.95,51.75,5.25
2024-03-21 00:00:00,2.5641632,-3.9610138,282.8355,101972.15,51.75,5.25
2024-03-21 01:00:00,4.1299744,-3.7739258,282.59875,102008.6,51.75,5.25
2024-03-21 02:00:00,4.979233,-4.1369476,282.91217,102012.31,51.75,5.25
2024-03-21 03:00:00,4.690277,-4.2014465,282.60773,102009.44,51.75,5.25
2024-03-21 04:00:00,4.761734,-5.4253845,282.22476,102106.06,51.75,5.25
2024-03-21 05:00:00,3.7747192,-5.5162964,281.57007,102189.71,51.75,5.25
2024-03-21 06:00:00,3.1610413,-5.4130554,281.51593,102280.31,51.75,5.25
2024-03-21 07:00:00,2.7845612,-4.9373474,281.3321,102338.59,51.75,5.25
2024-03-21 08:00:00,2.3131104,-3.945343,281.20105,102408.55,51.75,5.25
2024-03-21 09:00:00,2.4904327,-3.136963,281.4349,102486.91,51.75,5.25
2024-03-21 10:00:00,2.0984955,-1.7796173,282.39676,102525.266,51.75,5.25
2024-03-21 11:00:00,2.7163086,-1.0527191,282.72394,102561.75,51.75,5.25
2024-03-21 12:00:00,3.6830902,-0.42651367,283.3371,102562.04,51.75,5.25
2024-03-21 13:00:00,4.003357,0.034957886,283.68698,102544.64,51.75,5.25
2024-03-21 14:00:00,3.8979034,0.5306854,284.15952,102517.28,51.75,5.25
2024-03-21 15:00:00,4.1405334,1.2630615,284.48187,102483.516,51.75,5.25
2024-03-21 16:00:00,4.7680206,1.744873,284.54987,102433.12,51.75,5.25
2024-03-21 17:00:00,4.4821777,2.0286407,284.46765,102401.055,51.75,5.25
2024-03-21 18:00:00,4.7228394,2.3020935,284.27942,102419.86,51.75,5.25
2024-03-21 19:00:00,4.299881,3.041153,283.91656,102384.25,51.75,5.25
2024-03-21 20:00:00,4.107193,3.8308563,283.909,102334.72,51.75,5.25
2024-03-21 21:00:00,4.2207336,4.630234,283.68744,102288.125,51.75,5.25
2024-03-21 22:00:00,5.128357,5.0307465,283.82184,102205.88,51.75,5.25
2024-03-21 23:00:00,5.435028,4.6374054,284.26382,102184.33,51.75,5.25
2024-03-22 00:00:00,5.603592,4.798584,284.41046,102098.516,51.75,5.25
2024-03-22 01:00:00,6.3394775,4.5243683,284.4712,102039.03,51.75,5.25
2024-03-22 02:00:00,6.968643,4.1679535,284.0764,101975.125,51.75,5.25
2024-03-22 03:00:00,7.218704,4.0822906,283.83823,101902.8,51.75,5.25
2024-03-22 04:00:00,7.2799377,4.4175415,283.70782,101825.33,51.75,5.25
2024-03-22 05:00:00,7.8211975,4.056076,283.637,101798.33,51.75,5.25
2024-03-22 06:00:00,7.9251556,3.5400085,283.4265,101783.55,51.75,5.25
2024-03-22 07:00:00,7.771408,3.3173065,283.4457,101738.17,51.75,5.25
2024-03-22 08:00:00,6.8033752,3.5758514,283.77856,101737.53,51.75,5.25
2024-03-22 09:00:00,8.066864,3.134369,284.0501,101711.055,51.75,5.25
2024-03-22 10:00:00,7.5466614,2.3577728,284.07895,101695.484,51.75,5.25
2024-03-22 11:00:00,7.2167816,1.7095947,283.84534,101687.67,51.75,5.25
2024-03-22 12:00:00,7.0429535,1.0911407,283.49655,101651.82,51.75,5.25
2024-03-22 13:00:00,6.725296,0.5884247,282.96075,101586.125,51.75,5.25
2024-03-22 14:00:00,6.5426483,0.016555786,282.7962,101520.95,51.75,5.25
2024-03-22 15:00:00,5.455673,-0.74243164,282.59387,101455.234,51.75,5.25
2024-03-22 16:00:00,5.052719,-2.3032074,282.3711,101426.17,51.75,5.25
2024-03-22 17:00:00,3.797409,-3.1642914,282.05487,101395.5,51.75,5.25
2024-03-22 18:00:00,3.3322144,-3.4169312,281.76398,101370.016,51.75,5.25
2024-03-22 19:00:00,2.5058136,-2.7342377,281.3621,101353.56,51.75,5.25
2024-03-22 20:00:00,2.3868408,-1.7966156,281.0204,101316.61,51.75,5.25
2024-03-22 21:00:00,2.4171143,-0.9545746,280.69797,101273.125,51.75,5.25
2024-03-22 22:00:00,2.333496,-0.94262695,280.4087,101207.14,51.75,5.25
2024-03-22 23:00:00,2.6457825,0.17015076,280.1481,101157.15,51.75,5.25
2024-03-23 00:00:00,4.346176,0.10461426,279.75336,101115.63,51.75,5.25
2024-03-23 01:00:00,5.44783,-1.1185455,279.4809,101061.23,51.75,5.25
2024-03-23 02:00:00,5.670395,-1.1344299,278.91232,101004.28,51.75,5.25
2024-03-23 03:00:00,6.4872894,-0.59887695,278.5523,100960.03,51.75,5.25
2024-03-23 04:00:00,7.1452026,-0.68678284,278.1275,100956.28,51.75,5.25
2024-03-23 05:00:00,7.515045,-0.32333374,278.07678,100933.23,51.75,5.25
2024-03-23 06:00:00,8.138657,0.39471436,278.1672,100953.05,51.75,5.25
2024-03-23 07:00:00,8.196396,1.0840607,279.0872,100946.36,51.75,5.25
2024-03-23 08:00:00,9.251358,1.4324951,280.27448,100940.47,51.75,5.25
2024-03-23 09:00:00,9.402863,1.2879639,280.78888,100949.875,51.75,5.25
2024-03-23 10:00:00,10.302673,2.3244019,280.00012,100928.58,51.75,5.25
2024-03-23 11:00:00,9.692642,2.8697968,280.76276,100950.51,51.75,5.25
2024-03-23 12:00:00,9.503235,3.3605804,281.00342,100922.91,51.75,5.25
2024-03-23 13:00:00,10.5442505,3.12529,279.6856,100841.91,51.75,5.25
2024-03-23 14:00:00,9.861328,1.4807739,280.12915,100843.0,51.75,5.25
2024-03-23 15:00:00,9.322479,1.4459839,281.07123,100787.81,51.75,5.25
2024-03-23 16:00:00,8.239426,1.9386902,281.19702,100737.44,51.75,5.25
2024-03-23 17:00:00,8.140228,2.6265717,279.84164,100738.69,51.75,5.25
2024-03-23 18:00:00,7.758621,2.6881866,278.7386,100727.016,51.75,5.25
2024-03-23 19:00:00,7.088623,3.3851318,278.42603,100730.03,51.75,5.25
2024-03-23 20:00:00,6.626251,4.81221,278.14825,100685.766,51.75,5.25
2024-03-23 21:00:00,6.681488,5.4529114,277.746,100641.59,51.75,5.25
2024-03-23 22:00:00,7.525177,6.592285,277.92194,100581.75,51.75,5.25
2024-03-23 23:00:00,8.356049,5.8381042,278.07928,100527.414,51.75,5.25
2024-03-24 00:00:00,8.779236,5.368103,278.2445,100472.97,51.75,5.25
2024-03-24 01:00:00,9.264236,5.1510315,278.72986,100382.59,51.75,5.25
2024-03-24 02:00:00,10.673981,3.4497528,278.94165,100317.58,51.75,5.25
2024-03-24 03:00:00,11.098694,0.85183716,279.2267,100265.016,51.75,5.25
2024-03-24 04:00:00,10.275665,0.052124023,279.02695,100262.83,51.75,5.25
2024-03-24 05:00:00,9.704514,-0.014266968,279.01202,100244.016,51.75,5.25
2024-03-24 06:00:00,9.095459,-0.28529358,279.06757,100282.05,51.75,5.25
2024-03-24 07:00:00,9.041183,0.01637268,279.341,100304.25,51.75,5.25
2024-03-24 08:00:00,8.659393,0.83277893,280.3037,100340.56,51.75,5.25
2024-03-24 09:00:00,10.343002,0.12754822,280.95062,100360.5,51.75,5.25
2024-03-24 10:00:00,11.7439575,-1.8242645,281.03873,100404.11,51.75,5.25
2024-03-24 11:00:00,12.156235,-2.8627167,280.85138,100421.66,51.75,5.25
2024-03-24 12:00:00,11.723801,-2.3531494,281.14816,100440.16,51.75,5.25
2024-03-24 13:00:00,11.111725,-0.91163635,281.40662,100472.81,51.75,5.25
2024-03-24 14:00:00,11.745819,-0.9830017,281.338,100513.79,51.75,5.25
2024-03-24 15:00:00,12.528564,-3.681961,280.87885,100514.625,51.75,5.25
2024-03-24 16:00:00,11.558701,-4.0158844,281.18048,100555.72,51.75,5.25
2024-03-24 17:00:00,10.88475,-4.874832,280.60022,100592.42,51.75,5.25
2024-03-24 18:00:00,9.537796,-4.8154755,280.0956,100620.33,51.75,5.25
2024-03-24 19:00:00,8.8224945,-4.294464,279.58722,100698.02,51.75,5.25
2024-03-24 20:00:00,8.24881,-3.809616,279.1894,100727.86,51.75,5.25
2024-03-24 21:00:00,7.770233,-3.2618256,278.93298,100725.23,51.75,5.25
2024-03-24 22:00:00,6.498337,-3.8813477,278.477,100747.734,51.75,5.25
2024-03-24 23:00:00,6.311615,-2.8294067,278.23526,100735.75,51.75,5.25
2024-03-25 00:00:00,6.1996307,-1.7603302,277.45032,100753.66,51.75,5.25
2024-03-25 01:00:00,6.008499,-0.59854126,276.82648,100762.516,51.75,5.25
2024-03-25 02:00:00,6.023224,0.58229065,276.65686,100743.31,51.75,5.25
2024-03-25 03:00:00,5.919388,1.3825378,276.27737,100734.94,51.75,5.25
2024-03-25 04:00:00,5.1588745,1.1925507,276.01898,100734.91,51.75,5.25
2024-03-25 05:00:00,3.9093933,1.3039246,275.31488,100705.38,51.75,5.25
2024-03-25 06:00:00,3.4714813,2.507721,275.2042,100728.914,51.75,5.25
2024-03-25 07:00:00,2.5535889,3.5493927,276.88522,100725.17,51.75,5.25
2024-03-25 08:00:00,0.84225464,2.995636,279.25415,100735.61,51.75,5.25
2024-03-25 09:00:00,0.6212921,3.1783905,281.06073,100704.8,51.75,5.25
2024-03-25 10:00:00,0.13304138,3.2057495,282.11462,100645.92,51.75,5.25
2024-03-25 11:00:00,-0.43452454,3.2910767,283.38123,100601.61,51.75,5.25
2024-03-25 12:00:00,-0.8122711,3.7628021,284.03656,100517.16,51.75,5.25
2024-03-25 13:00:00,-0.83306885,4.115341,284.316,100448.63,51.75,5.25
2024-03-25 14:00:00,-1.6485748,3.9895325,284.6045,100357.2,51.75,5.25
2024-03-25 15:00:00,-3.2541351,3.5802307,284.67926,100241.914,51.75,5.25
2024-03-25 16:00:00,-4.264038,2.891037,284.50488,100176.7,51.75,5.25
2024-03-25 17:00:00,-5.184799,2.0427094,283.63452,100102.0,51.75,5.25
2024-03-25 18:00:00,-6.935211,1.2078705,282.409,100074.08,51.75,5.25
2024-03-25 19:00:00,-8.339386,1.2667542,281.27374,100029.21,51.75,5.25
2024-03-25 20:00:00,-8.660889,2.2023926,280.86133,99998.85,51.75,5.25
2024-03-25 21:00:00,-8.440781,2.8913727,280.57666,99956.836,51.75,5.25
2024-03-25 22:00:00,-7.723053,3.7908478,280.37796,99893.39,51.75,5.25
2024-03-25 23:00:00,-7.2007294,3.8305054,279.98547,99837.43,51.75,5.25
2024-03-26 00:00:00,-6.868515,3.8006287,279.57062,99774.11,51.75,5.25
2024-03-26 01:00:00,-6.985306,3.350586,279.10132,99705.44,51.75,5.25
2024-03-26 02:00:00,-7.7252045,3.0364685,278.74872,99605.92,51.75,5.25
2024-03-26 03:00:00,-7.626587,3.192337,278.54178,99519.04,51.75,5.25
2024-03-26 04:00:00,-7.61467,3.204773,278.30524,99441.44,51.75,5.25
2024-03-26 05:00:00,-7.3237915,3.5539703,277.76068,99391.16,51.75,5.25
2024-03-26 06:00:00,-6.810562,3.7853546,277.5737,99359.82,51.75,5.25
2024-03-26 07:00:00,-6.2013397,3.9219513,278.48462,99314.234,51.75,5.25
2024-03-26 08:00:00,-4.9044037,3.783432,279.73294,99275.8,51.75,5.25
2024-03-26 09:00:00,-3.8381805,4.171524,280.8344,99205.125,51.75,5.25
2024-03-26 10:00:00,-2.2572784,4.310486,282.47122,99166.82,51.75,5.25
2024-03-26 11:00:00,-1.8612671,4.5010223,283.57208,99098.76,51.75,5.25
2024-03-26 12:00:00,-1.9330597,5.503479,284.61615,99063.88,51.75,5.25
2024-03-26 13:00:00,-0.8244171,7.009262,285.5751,98993.336,51.75,5.25
2024-03-26 14:00:00,-0.36947632,6.0401306,286.01996,98904.234,51.75,5.25
2024-03-26 15:00:00,-1.0329895,5.1076202,286.4441,98832.984,51.75,5.25
2024-03-26 16:00:00,-2.1278076,3.7238464,286.4774,98772.25,51.75,5.25
2024-03-26 17:00:00,-3.8801575,2.4512482,285.93726,98696.34,51.75,5.25
2024-03-26 18:00:00,-5.466324,2.109314,285.41217,98675.195,51.75,5.25
2024-03-26 19:00:00,-6.3953705,2.9447327,284.80383,98646.7,51.75,5.25
2024-03-26 20:00:00,-5.9809723,4.920883,285.07574,98656.48,51.75,5.25
2024-03-26 21:00:00,-4.3193207,6.974243,284.94702,98600.83,51.75,5.25
2024-03-26 22:00:00,-3.0299988,7.16156,285.1848,98581.34,51.75,5.25
2024-03-26 23:00:00,-1.3296661,7.7451324,285.28857,98554.18,51.75,5.25
2024-03-27 00:00:00,-1.6529388,7.3685913,285.0194,98478.47,51.75,5.25
2024-03-27 01:00:00,-2.1419678,7.510666,284.65808,98448.19,51.75,5.25
2024-03-27 02:00:00,-2.3019867,8.51947,284.1568,98404.7,51.75,5.25
2024-03-27 03:00:00,-0.27871704,8.429489,283.5852,98387.69,51.75,5.25
2024-03-27 04:00:00,2.7239685,6.7420044,283.292,98372.16,51.75,5.25
2024-03-27 05:00:00,4.456421,3.9893036,282.89148,98406.11,51.75,5.25
2024-03-27 06:00:00,4.5476227,3.419342,282.66986,98447.375,51.75,5.25
2024-03-27 07:00:00,4.2912292,4.2123566,282.30554,98533.766,51.75,5.25
2024-03-27 08:00:00,3.3364563,4.5215607,281.83826,98586.9,51.75,5.25
2024-03-27 09:00:00,2.76857,4.8225403,281.82043,98599.97,51.75,5.25
2024-03-27 10:00:00,2.1396942,5.2693634,282.11255,98667.766,51.75,5.25
2024-03-27 11:00:00,2.185028,5.9888,282.19696,98717.92,51.75,5.25
2024-03-27 12:00:00,2.912384,5.7875214,283.0459,98707.68,51.75,5.25
2024-03-27 13:00:00,2.2806854,5.714386,284.19217,98694.77,51.75,5.25
2024-03-27 14:00:00,2.162323,5.9714203,284.58368,98671.6,51.75,5.25
2024-03-27 15:00:00,2.3838806,6.3595276,284.59393,98701.83,51.75,5.25
2024-03-27 16:00:00,1.5817566,5.8565216,284.48254,98705.33,51.75,5.25
2024-03-27 17:00:00,0.14302063,5.828659,284.3037,98712.39,51.75,5.25
2024-03-27 18:00:00,0.19161987,6.3966675,283.31052,98729.34,51.75,5.25
2024-03-27 19:00:00,0.40919495,6.6775055,282.7403,98758.89,51.75,5.25
2024-03-27 20:00:00,-0.5647278,6.604828,282.07306,98715.25,51.75,5.25
2024-03-27 21:00:00,-2.566803,6.975601,281.126,98673.19,51.75,5.25
2024-03-27 22:00:00,-2.3840332,7.723343,280.55017,98657.47,51.75,5.25
2024-03-27 23:00:00,-0.2902527,7.2526093,280.33636,98606.69,51.75,5.25
2024-03-28 00:00:00,-1.5115356,6.462143,280.27838,98580.64,51.75,5.25
2024-03-28 01:00:00,-3.3915253,6.5967255,280.3431,98491.89,51.75,5.25
2024-03-28 02:00:00,-4.3352356,6.610214,279.97314,98435.47,51.75,5.25
2024-03-28 03:00:00,-5.31958,6.18692,279.6972,98368.11,51.75,5.25
2024-03-28 04:00:00,-6.3180084,5.789093,279.68417,98268.02,51.75,5.25
2024-03-28 05:00:00,-5.7637024,6.837845,279.54083,98215.805,51.75,5.25
2024-03-28 06:00:00,-4.327011,8.000488,279.88544,98232.84,51.75,5.25
2024-03-28 07:00:00,-1.4016113,8.145996,280.94962,98217.914,51.75,5.25
2024-03-28 08:00:00,0.6837921,7.374649,280.91583,98233.08,51.75,5.25
2024-03-28 09:00:00,5.844284,6.7359314,280.24393,98300.17,51.75,5.25
2024-03-28 10:00:00,4.8841705,5.3421326,281.4779,98390.44,51.75,5.25
2024-03-28 11:00:00,6.1935425,6.0512695,282.84735,98492.97,51.75,5.25
2024-03-28 12:00:00,6.3311615,7.445938,283.64795,98576.04,51.75,5.25
2024-03-28 13:00:00,7.085556,8.225952,284.28186,98646.33,51.75,5.25
2024-03-28 14:00:00,7.324768,8.88681,284.83002,98694.83,51.75,5.25
2024-03-28 15:00:00,6.435089,9.044907,284.32803,98746.09,51.75,5.25
2024-03-28 16:00:00,3.884613,8.891083,283.93457,98761.18,51.75,5.25
2024-03-28 17:00:00,2.9154968,9.878662,284.31088,98788.734,51.75,5.25
2024-03-28 18:00:00,3.1283875,10.275314,284.26968,98780.83,51.75,5.25
2024-03-28 19:00:00,3.342514,11.241608,283.65094,98826.25,51.75,5.25
2024-03-28 20:00:00,5.012726,12.080215,283.5501,98953.81,51.75,5.25
2024-03-28 21:00:00,4.3593597,11.789612,283.4217,98964.1,51.75,5.25
2024-03-28 22:00:00,4.3993225,12.722137,283.1261,98991.37,51.75,5.25
2024-03-28 23:00:00,4.7740173,12.06221,282.69992,99027.03,51.75,5.25
2024-03-29 00:00:00,4.4240723,11.454529,282.49115,99020.28,51.75,5.25
2024-03-29 01:00:00,4.3841553,10.58316,282.19092,99024.48,51.75,5.25
2024-03-29 02:00:00,3.73938,10.430008,282.48212,99019.47,51.75,5.25
2024-03-29 03:00:00,2.5933838,10.075562,282.53125,99027.22,51.75,5.25
2024-03-29 04:00:00,1.3357849,9.3974,281.86945,99068.65,51.75,5.25
2024-03-29 05:00:00,0.56430054,8.840363,281.2259,99097.66,51.75,5.25
2024-03-29 06:00:00,-0.254364,8.264694,280.91797,99097.664,51.75,5.25
2024-03-29 07:00:00,-0.16836548,7.3146515,281.08267,99098.63,51.75,5.25
2024-03-29 08:00:00,0.7068634,7.297867,281.5617,99159.19,51.75,5.25
2024-03-29 09:00:00,2.7807922,7.3016357,282.47906,99206.0,51.75,5.25
2024-03-29 10:00:00,1.7074127,5.4412537,283.10815,99238.36,51.75,5.25
2024-03-29 11:00:00,4.195572,5.933319,284.51025,99269.71,51.75,5.25
2024-03-29 12:00:00,4.761505,6.7336884,286.17426,99284.38,51.75,5.25
2024-03-29 13:00:00,4.7177277,7.221161,287.2085,99324.266,51.75,5.25
2024-03-29 14:00:00,4.295212,6.663269,287.63718,99329.17,51.75,5.25
2024-03-29 15:00:00,3.919876,6.807663,287.47107,99362.31,51.75,5.25
2024-03-29 16:00:00,3.3495026,6.601486,287.1176,99376.2,51.75,5.25
2024-03-29 17:00:00,2.4297943,6.058365,286.54938,99410.96,51.75,5.25
2024-03-29 18:00:00,0.99513245,5.8037415,285.5329,99406.06,51.75,5.25
2024-03-29 19:00:00,0.4002533,7.139084,284.86127,99498.46,51.75,5.25
2024-03-29 20:00:00,0.4661255,6.5617523,284.7279,99512.42,51.75,5.25
2024-03-29 21:00:00,1.172821,7.1191864,284.62744,99586.42,51.75,5.25
2024-03-29 22:00:00,0.5570984,7.3682556,284.52753,99653.44,51.75,5.25
2024-03-29 23:00:00,0.98023987,6.9149933,284.25488,99708.75,51.75,5.25
2024-03-30 00:00:00,-0.7618103,7.0001373,283.6603,99649.86,51.75,5.25
2024-03-30 01:00:00,-0.4988098,6.2568665,283.04825,99623.0,51.75,5.25
2024-03-30 02:00:00,0.8112488,4.260025,282.38144,99615.33,51.75,5.25
2024-03-30 03:00:00,1.0484009,2.6030884,282.14746,99588.984,51.75,5.25
2024-03-30 04:00:00,0.5259857,0.5182953,281.93433,99553.234,51.75,5.25
2024-03-30 05:00:00,-0.41148376,-1.9803467,281.86487,99486.4,51.75,5.25
2024-03-30 06:00:00,-1.8394623,-3.604248,281.73273,99469.59,51.75,5.25
2024-03-30 07:00:00,-3.2416382,-3.9046173,281.96204,99430.1,51.75,5.25
2024-03-30 08:00:00,-3.3572235,-3.4416962,282.30957,99411.25,51.75,5.25
2024-03-30 09:00:00,-2.2802734,-1.8451691,282.87244,99383.484,51.75,5.25
2024-03-30 10:00:00,-1.7527618,1.7167053,283.9432,99304.25,51.75,5.25
2024-03-30 11:00:00,2.3773499,3.0178833,284.51495,99346.05,51.75,5.25
2024-03-30 12:00:00,4.209976,2.2127228,284.84332,99431.88,51.75,5.25
2024-03-30 13:00:00,5.3992615,1.7949371,284.56583,99587.67,51.75,5.25
2024-03-30 14:00:00,5.5118103,0.8905792,284.049,99646.484,51.75,5.25
2024-03-30 15:00:00,4.650833,0.8240967,283.9223,99747.516,51.75,5.25
2024-03-30 16:00:00,3.6549988,0.6786041,283.70703,99785.56,51.75,5.25
2024-03-30 17:00:00,2.5636444,0.16189575,283.20764,99809.18,51.75,5.25
2024-03-30 18:00:00,2.125473,-0.075164795,282.42035,99844.125,51.75,5.25
2024-03-30 19:00:00,1.639267,-0.30899048,282.05084,99887.84,51.75,5.25
2024-03-30 20:00:00,-0.862381,0.10479736,281.55762,99954.84,51.75,5.25
2024-03-30 21:00:00,-2.6566315,0.9644928,280.27368,99974.57,51.75,5.25
2024-03-30 22:00:00,-1.9052582,0.10310364,279.12494,99982.75,51.75,5.25
2024-03-30 23:00:00,-2.6941376,0.18074036,279.24725,100020.94,51.75,5.25
2024-03-31 00:00:00,-3.6242065,-1.1555939,278.73987,99949.08,51.75,5.25
2024-03-31 01:00:00,-4.472519,-1.5810394,278.88705,99882.58,51.75,5.25
2024-03-31 02:00:00,-5.0765686,0.39108276,279.09326,99932.336,51.75,5.25
2024-03-31 03:00:00,-5.5749817,-0.9565735,279.5923,99888.125,51.75,5.25
2024-03-31 04:00:00,-6.554825,-1.610199,279.9805,99829.3,51.75,5.25
2024-03-31 05:00:00,-7.437088,-0.96687317,280.33325,99817.59,51.75,5.25
2024-03-31 06:00:00,-7.8822784,-0.82310486,280.58484,99778.695,51.75,5.25
2024-03-31 07:00:00,-6.994705,-0.5128937,281.13962,99748.97,51.75,5.25
2024-03-31 08:00:00,-6.351364,0.6972656,282.16116,99736.25,51.75,5.25
2024-03-31 09:00:00,-5.5448303,2.134964,283.94476,99708.63,51.75,5.25
2024-03-31 10:00:00,-4.1936493,2.519104,286.4864,99670.64,51.75,5.25
2024-03-31 11:00:00,-3.632309,3.6691437,287.97458,99670.25,51.75,5.25
2024-03-31 12:00:00,-2.9224396,4.6951447,288.63248,99613.88,51.75,5.25
2024-03-31 13:00:00,-2.3228455,4.6888123,289.07648,99535.05,51.75,5.25
2024-03-31 14:00:00,-3.1031494,3.1015472,288.89383,99464.11,51.75,5.25
2024-03-31 15:00:00,-2.6524048,1.6155853,287.71115,99397.3,51.75,5.25
2024-03-31 16:00:00,-4.1173096,3.2806854,286.5747,99404.54,51.75,5.25
2024-03-31 17:00:00,-5.1973877,4.4935455,285.25366,99335.086,51.75,5.25
2024-03-31 18:00:00,-4.573181,5.1596375,284.5807,99305.0,51.75,5.25
2024-03-31 19:00:00,-3.717636,5.8423004,284.24258,99323.52,51.75,5.25
2024-03-31 20:00:00,-2.7501526,6.5660706,283.84494,99340.92,51.75,5.25
2024-03-31 21:00:00,-1.6818695,6.780548,283.57074,99336.73,51.75,5.25
2024-03-31 22:00:00,0.19114685,6.025238,283.30005,99295.195,51.75,5.25
2024-03-31 23:00:00,0.8400116,6.365814,282.96112,99312.375,51.75,5.25
2024-04-01 00:00:00,0.42227173,7.103485,282.4491,99332.78,51.75,5.25
2024-04-01 01:00:00,0.97525024,6.1896515,282.13943,99279.01,51.75,5.25
2024-04-01 02:00:00,1.7662506,5.315796,281.85028,99234.57,51.75,5.25
2024-04-01 03:00:00,1.7948608,5.6892853,281.39508,99289.6,51.75,5.25
2024-04-01 04:00:00,2.4617157,4.6271057,281.19202,99293.7,51.75,5.25
2024-04-01 05:00:00,2.9002533,3.9291992,281.04425,99271.7,51.75,5.25
2024-04-01 06:00:00,3.4352875,3.7608948,281.1517,99329.984,51.75,5.25
2024-04-01 07:00:00,4.540619,3.5631714,281.8123,99369.625,51.75,5.25
2024-04-01 08:00:00,5.0260925,3.266037,282.206,99443.79,51.75,5.25
2024-04-01 09:00:00,6.596695,2.9797058,282.5418,99489.13,51.75,5.25
2024-04-01 10:00:00,5.5780334,1.8330688,283.54034,99551.56,51.75,5.25
2024-04-01 11:00:00,6.7983856,2.3420563,283.87347,99633.64,51.75,5.25
2024-04-01 12:00:00,7.8552246,3.0932007,284.50244,99636.4,51.75,5.25
2024-04-01 13:00:00,8.487076,3.1591797,285.48203,99725.36,51.75,5.25
2024-04-01 14:00:00,7.452545,3.363205,286.57703,99733.266,51.75,5.25
2024-04-01 15:00:00,6.346634,3.8016815,287.08636,99759.2,51.75,5.25
2024-04-01 16:00:00,5.525772,3.8198853,287.03937,99740.86,51.75,5.25
2024-04-01 17:00:00,5.5058746,3.8379974,286.44617,99807.875,51.75,5.25
2024-04-01 18:00:00,5.4097137,4.1424255,284.96875,99806.31,51.75,5.25
2024-04-01 19:00:00,5.0188293,4.904251,283.61603,99923.17,51.75,5.25
2024-04-01 20:00:00,5.11467,5.016556,283.1088,99981.17,51.75,5.25
2024-04-01 21:00:00,5.855667,5.2928925,282.34308,99984.81,51.75,5.25
2024-04-01 22:00:00,6.2556458,6.068054,282.2089,100006.14,51.75,5.25
2024-04-01 23:00:00,6.6653137,5.967743,281.68637,100077.11,51.75,5.25
2024-04-02 00:00:00,6.5088654,5.8349,281.18903,100123.914,51.75,5.25
2024-04-02 01:00:00,6.4345245,5.870056,280.86584,100154.25,51.75,5.25
2024-04-02 02:00:00,6.3926544,5.736496,281.08136,100193.805,51.75,5.25
2024-04-02 03:00:00,6.010849,5.996353,280.92703,100233.58,51.75,5.25
2024-04-02 04:00:00,6.0838165,6.3249817,281.00293,100264.805,51.75,5.25
2024-04-02 05:00:00,5.994934,6.3235474,281.2804,100328.72,51.75,5.25
2024-04-02 06:00:00,5.724304,6.3798676,281.6684,100366.97,51.75,5.25
2024-04-02 07:00:00,5.1889343,6.4325104,282.28625,100418.5,51.75,5.25
2024-04-02 08:00:00,7.5131226,7.5802155,282.97073,100457.88,51.75,5.25
2024-04-02 09:00:00,8.347778,7.194031,283.63727,100532.64,51.75,5.25
2024-04-02 10:00:00,5.644989,6.244583,283.50195,100560.945,51.75,5.25
2024-04-02 11:00:00,5.13797,7.236908,283.58942,100542.74,51.75,5.25
2024-04-02 12:00:00,5.2644653,7.9046936,283.05743,100557.33,51.75,5.25
2024-04-02 13:00:00,5.467209,7.7790375,283.75592,100568.516,51.75,5.25
2024-04-02 14:00:00,6.390732,6.5374603,285.0584,100554.67,51.75,5.25
2024-04-02 15:00:00,8.534302,5.461624,285.02786,100565.11,51.75,5.25
2024-04-02 16:00:00,8.942764,4.0312347,284.4126,100593.55,51.75,5.25
2024-04-02 17:00:00,9.119339,2.7012634,284.65482,100624.87,51.75,5.25
2024-04-02 18:00:00,7.7978516,3.3707733,284.29553,100670.99,51.75,5.25
2024-04-02 19:00:00,6.797333,3.706787,283.6274,100729.67,51.75,5.25
2024-04-02 20:00:00,5.663025,3.9462433,283.1201,100729.625,51.75,5.25
2024-04-02 21:00:00,4.6804504,4.370453,282.70697,100717.1,51.75,5.25
2024-04-02 22:00:00,5.215317,4.079178,282.88278,100708.89,51.75,5.25
2024-04-02 23:00:00,5.040161,4.2267303,283.05762,100697.375,51.75,5.25
2024-04-03 00:00:00,4.5253143,4.779129,282.9967,100675.01,51.75,5.25
2024-04-03 01:00:00,3.2156982,5.231125,283.05673,100605.97,51.75,5.25
2024-04-03 02:00:00,1.1566467,6.0708923,283.0177,100526.945,51.75,5.25
2024-04-03 03:00:00,-0.027160645,6.7012787,282.92575,100462.56,51.75,5.25
2024-04-03 04:00:00,-0.27033997,6.9395294,282.9501,100385.36,51.75,5.25
2024-04-03 05:00:00,0.05670166,7.251648,282.92255,100340.25,51.75,5.25
2024-04-03 06:00:00,0.58044434,7.309082,282.99283,100315.75,51.75,5.25
2024-04-03 07:00:00,0.89360046,7.230728,283.27005,100279.54,51.75,5.25
2024-04-03 08:00:00,1.4815216,7.150223,283.5817,100273.664,51.75,5.25
2024-04-03 09:00:00,2.7786407,7.6650696,284.14053,100280.69,51.75,5.25
2024-04-03 10:00:00,1.0128021,6.0030365,284.42657,100265.61,51.75,5.25
2024-04-03 11:00:00,1.8898926,6.411316,284.58563,100263.766,51.75,5.25
2024-04-03 12:00:00,2.1751404,6.2356567,285.03043,100263.8,51.75,5.25
2024-04-03 13:00:00,2.2607574,6.250702,285.5978,100234.16,51.75,5.25
2024-04-03 14:00:00,1.7918701,5.977524,286.456,100241.66,51.75,5.25
2024-04-03 15:00:00,1.4729309,6.155487,287.48187,100233.04,51.75,5.25
2024-04-03 16:00:00,4.8290863,6.036438,286.57803,100241.0,51.75,5.25
2024-04-03 17:00:00,8.684509,4.681061,285.5829,100339.28,51.75,5.25
2024-04-03 18:00:00,9.207672,4.720566,284.92874,100417.55,51.75,5.25
2024-04-03 19:00:00,9.333389,5.540207,284.86954,100489.984,51.75,5.25
2024-04-03 20:00:00,9.025421,6.0156555,284.76544,100531.67,51.75,5.25
2024-04-03 21:00:00,8.66272,6.225296,284.29526,100573.92,51.75,5.25
2024-04-03 22:00:00,8.131805,5.946823,283.73965,100611.625,51.75,5.25
2024-04-03 23:00:00,7.6406097,6.05719,283.14893,100637.39,51.75,5.25
2024-04-04 00:00:00,6.6200867,6.424011,282.40802,100632.125,51.75,5.25
2024-04-04 01:00:00,5.093155,6.858261,282.5279,100570.63,51.75,5.25
2024-04-04 02:00:00,3.6559143,7.6502075,282.92764,100503.12,51.75,5.25
2024-04-04 03:00:00,2.5354156,8.232574,282.9328,100390.44,51.75,5.25
2024-04-04 04:00:00,2.0659332,9.298294,283.37668,100322.61,51.75,5.25
2024-04-04 05:00:00,4.0042877,9.873413,284.1228,100226.125,51.75,5.25
2024-04-04 06:00:00,6.136841,8.724838,284.46198,100160.64,51.75,5.25
2024-04-04 07:00:00,7.1379547,7.538864,284.8459,100160.42,51.75,5.25
2024-04-04 08:00:00,8.658951,6.930069,285.11304,100188.8,51.75,5.25
2024-04-04 09:00:00,9.874664,7.0306854,285.7705,100229.18,51.75,5.25
2024-04-04 10:00:00,7.4250336,6.3398285,286.61542,100267.81,51.75,5.25
2024-04-04 11:00:00,9.123779,6.542679,286.91583,100338.98,51.75,5.25
2024-04-04 12:00:00,8.8607025,6.5033875,286.53702,100398.64,51.75,5.25
2024-04-04 13:00:00,9.546997,6.456253,287.9045,100412.664,51.75,5.25
2024-04-04 14:00:00,11.077667,4.6214447,287.1679,100485.266,51.75,5.25
2024-04-04 15:00:00,11.060593,3.561966,286.43207,100548.88,51.75,5.25
2024-04-04 16:00:00,11.193237,2.6611023,287.26062,100607.44,51.75,5.25
2024-04-04 17:00:00,10.477509,2.7724,286.87912,100690.08,51.75,5.25
2024-04-04 18:00:00,8.948242,2.814087,286.4096,100768.9,51.75,5.25
2024-04-04 19:00:00,7.915802,3.709961,285.87622,100823.734,51.75,5.25
2024-04-04 20:00:00,7.120758,4.752228,285.486,100910.95,51.75,5.25
2024-04-04 21:00:00,6.3813324,5.5798035,285.1277,100902.89,51.75,5.25
2024-04-04 22:00:00,6.958191,6.2734222,284.69385,100935.36,51.75,5.25
2024-04-04 23:00:00,6.5519104,6.5304565,284.6897,100980.34,51.75,5.25
2024-04-05 00:00:00,5.237137,7.1254425,284.72363,100961.19,51.75,5.25
2024-04-05 01:00:00,4.3407135,7.4418335,284.74396,100925.36,51.75,5.25
2024-04-05 02:00:00,4.5420227,7.620285,285.24188,100912.33,51.75,5.25
2024-04-05 03:00:00,4.219574,7.7032623,285.26733,100891.25,51.75,5.25
2024-04-05 04:00:00,2.767517,8.054825,285.28156,100846.75,51.75,5.25
2024-04-05 05:00:00,1.098999,8.509644,285.101,100797.67,51.75,5.25
2024-04-05 06:00:00,0.028198242,9.25679,285.42865,100752.45,51.75,5.25
2024-04-05 07:00:00,-1.8141632,9.325012,286.06165,100649.34,51.75,5.25
2024-04-05 08:00:00,-2.2546997,10.032684,286.9096,100559.63,51.75,5.25
2024-04-05 09:00:00,2.5440063,11.722595,287.60205,100587.19,51.75,5.25
2024-04-05 10:00:00,4.588806,9.971481,287.93518,100570.58,51.75,5.25
2024-04-05 11:00:00,5.325119,9.825439,288.7127,100553.36,51.75,5.25
2024-04-05 12:00:00,8.595139,8.168961,288.18768,100644.52,51.75,5.25
2024-04-05 13:00:00,9.8452,6.8610077,288.86942,100678.72,51.75,5.25
2024-04-05 14:00:00,7.992981,5.8144684,290.04462,100718.06,51.75,5.25
2024-04-05 15:00:00,8.927872,6.362915,290.49475,100734.86,51.75,5.25
2024-04-05 16:00:00,8.544434,5.1362457,290.53503,100805.84,51.75,5.25
2024-04-05 17:00:00,7.5592194,4.5093994,289.92273,100880.69,51.75,5.25
2024-04-05 18:00:00,7.203415,4.131607,288.92566,100933.89,51.75,5.25
2024-04-05 19:00:00,6.871414,4.168045,287.9677,101016.97,51.75,5.25
2024-04-05 20:00:00,5.565384,4.091202,286.93793,101044.92,51.75,5.25
2024-04-05 21:00:00,4.215164,4.7771606,285.99915,101090.48,51.75,5.25
2024-04-05 22:00:00,3.0026093,6.4358673,285.9657,101056.73,51.75,5.25
2024-04-05 23:00:00,3.5557709,6.8025208,286.27734,101111.09,51.75,5.25
2024-04-06 00:00:00,4.090912,6.929123,286.75443,101113.09,51.75,5.25
2024-04-06 01:00:00,3.3185577,6.18692,286.69427,101099.99,51.75,5.25
2024-04-06 02:00:00,2.0429688,6.714203,286.64926,101095.41,51.75,5.25
2024-04-06 03:00:00,0.20092773,7.469269,286.5418,101055.39,51.75,5.25
2024-04-06 04:00:00,-1.516861,7.7633057,286.03625,100999.72,51.75,5.25
2024-04-06 05:00:00,-2.2285156,8.126938,286.0856,100965.66,51.75,5.25
2024-04-06 06:00:00,-2.3546753,8.808777,286.9546,100951.66,51.75,5.25
2024-04-06 07:00:00,-2.2839203,9.054474,288.68005,100918.7,51.75,5.25
2024-04-06 08:00:00,-1.9302521,9.347382,290.51807,100878.266,51.75,5.25
2024-04-06 09:00:00,-0.9186554,9.351852,291.9131,100856.59,51.75,5.25
2024-04-06 10:00:00,-1.7022552,9.514038,293.25336,100780.66,51.75,5.25
2024-04-06 11:00:00,-1.2177277,9.924591,294.7272,100720.97,51.75,5.25
2024-04-06 12:00:00,-0.07080078,10.421173,296.08887,100703.734,51.75,5.25
2024-04-06 13:00:00,1.8695221,10.676498,296.7723,100714.04,51.75,5.25
2024-04-06 14:00:00,2.9345703,10.185516,297.04633,100724.58,51.75,5.25
2024-04-06 15:00:00,4.268158,10.033951,296.78613,100741.82,51.75,5.25
2024-04-06 16:00:00,4.0978546,9.195206,296.2978,100742.16,51.75,5.25
2024-04-06 17:00:00,4.480789,8.06015,295.48718,100775.195,51.75,5.25
2024-04-06 18:00:00,3.8548737,7.150299,293.8312,100805.805,51.75,5.25
2024-04-06 19:00:00,2.5365143,6.9104614,292.1168,100823.95,51.75,5.25
2024-04-06 20:00:00,1.6455383,7.229019,291.42493,100808.61,51.75,5.25
2024-04-06 21:00:00,2.1960907,7.2272644,291.20636,100843.64,51.75,5.25
2024-04-06 22:00:00,3.335907,4.450409,290.0392,100796.91,51.75,5.25
2024-04-06 23:00:00,3.9733734,3.4162445,289.4309,100754.09,51.75,5.25
2024-04-07 00:00:00,7.558655,3.3043976,289.97675,100848.31,51.75,5.25
2024-04-07 01:00:00,8.745361,1.2988434,289.83243,100951.67,51.75,5.25
2024-04-07 02:00:00,8.314575,4.370117,289.1,101023.92,51.75,5.25
2024-04-07 03:00:00,8.440262,7.801117,288.5326,101103.19,51.75,5.25
2024-04-07 04:00:00,5.632492,8.6492,288.32773,101076.84,51.75,5.25
2024-04-07 05:00:00,5.7367706,8.369293,288.07324,101105.875,51.75,5.25
2024-04-07 06:00:00,6.0088806,7.4568787,287.8719,101241.29,51.75,5.25
2024-04-07 07:00:00,5.6976013,7.0303497,288.53333,101242.79,51.75,5.25
2024-04-07 08:00:00,5.063858,7.019745,289.39215,101333.16,51.75,5.25
2024-04-07 09:00:00,7.0416718,8.347916,290.2033,101337.16,51.75,5.25
2024-04-07 10:00:00,5.4113007,7.927292,290.78928,101388.42,51.75,5.25
2024-04-07 11:00:00,5.2604675,8.143677,291.7162,101355.41,51.75,5.25
2024-04-07 12:00:00,5.210327,8.426636,292.5766,101359.57,51.75,5.25
2024-04-07 13:00:00,5.457535,8.127029,293.13983,101326.87,51.75,5.25
2024-04-07 14:00:00,4.6033325,7.4593353,293.29993,101257.945,51.75,5.25
2024-04-07 15:00:00,3.8887787,7.9010773,293.29324,101221.77,51.75,5.25
2024-04-07 16:00:00,3.44458,7.8159027,292.0579,101190.766,51.75,5.25
2024-04-07 17:00:00,3.3648987,7.4782257,290.8829,101193.19,51.75,5.25
2024-04-07 18:00:00,2.7057648,6.8865204,289.63193,101169.0,51.75,5.25
2024-04-07 19:00:00,3.0733337,6.297531,289.12308,101200.31,51.75,5.25
2024-04-07 20:00:00,3.6730042,5.7528076,288.56265,101208.97,51.75,5.25
2024-04-07 21:00:00,4.0612183,5.049713,287.62555,101178.195,51.75,5.25
2024-04-07 22:00:00,4.179657,3.570465,287.162,101148.69,51.75,5.25
2024-04-07 23:00:00,4.043335,3.1344757,286.38397,101142.055,51.75,5.25
2024-04-08 00:00:00,2.5760956,3.5849152,286.0808,101125.0,51.75,5.25
2024-04-08 01:00:00,1.8890076,4.85907,285.9169,101098.61,51.75,5.25
2024-04-08 02:00:00,1.6508484,4.757004,285.74234,101079.44,51.75,5.25
2024-04-08 03:00:00,0.7341461,4.890442,285.40683,101003.0,51.75,5.25
2024-04-08 04:00:00,1.3376007,4.416046,285.10193,100988.39,51.75,5.25
2024-04-08 05:00:00,0.28520203,3.7971344,284.93646,100976.41,51.75,5.25
2024-04-08 06:00:00,0.78079224,4.2044983,285.13226,101019.055,51.75,5.25
2024-04-08 07:00:00,0.35198975,2.860733,286.097,101011.89,51.75,5.25
2024-04-08 08:00:00,-0.58932495,1.845459,286.84747,100974.77,51.75,5.25
2024-04-08 09:00:00,-0.4074402,2.489685,288.03107,100987.89,51.75,5.25
2024-04-08 10:00:00,-1.420639,2.9981995,289.35327,100913.64,51.75,5.25
2024-04-08 11:00:00,-0.6723175,3.888321,289.9787,100874.945,51.75,5.25
2024-04-08 12:00:00,-0.5127716,3.793335,290.0568,100822.234,51.75,5.25
2024-04-08 13:00:00,-1.6375427,2.5885773,290.45386,100758.59,51.75,5.25
2024-04-08 14:00:00,-2.8810577,2.532837,291.09613,100682.36,51.75,5.25
2024-04-08 15:00:00,-3.0743256,3.0020752,292.3265,100607.016,51.75,5.25
2024-04-08 16:00:00,-3.2066498,3.5599365,293.06622,100522.33,51.75,5.25
2024-04-08 17:00:00,-4.216812,2.2284393,292.6453,100467.266,51.75,5.25
2024-04-08 18:00:00,-5.3950653,1.4933167,291.4748,100393.78,51.75,5.25
2024-04-08 19:00:00,-6.6609344,1.4538422,290.2751,100341.22,51.75,5.25
2024-04-08 20:00:00,-6.8481445,3.0411987,289.84045,100311.64,51.75,5.25
2024-04-08 21:00:00,-5.336426,4.798828,289.08563,100275.984,51.75,5.25
2024-04-08 22:00:00,0.67575073,7.0738983,289.1586,100230.31,51.75,5.25
2024-04-08 23:00:00,4.210022,6.7082367,288.80725,100291.41,51.75,5.25
2024-04-09 00:00:00,5.3648224,5.1824493,288.263,100296.45,51.75,5.25
2024-04-09 01:00:00,5.64122,5.3954315,287.56158,100313.63,51.75,5.25
2024-04-09 02:00:00,5.271637,5.4409637,286.82443,100329.55,51.75,5.25
2024-04-09 03:00:00,6.0599365,4.4944916,286.7342,100361.83,51.75,5.25
2024-04-09 04:00:00,7.110306,4.953842,285.86816,100462.03,51.75,5.25
2024-04-09 05:00:00,6.617523,5.4643555,285.22995,100543.945,51.75,5.25
2024-04-09 06:00:00,5.9995117,7.2964478,284.614,100607.984,51.75,5.25
2024-04-09 07:00:00,6.9249573,8.998886,284.2766,100644.67,51.75,5.25
2024-04-09 08:00:00,7.3868713,9.336838,284.2343,100727.75,51.75,5.25
2024-04-09 09:00:00,7.412323,10.110794,284.55188,100761.86,51.75,5.25
2024-04-09 10:00:00,6.9495697,10.2391205,284.78378,100803.78,51.75,5.25
2024-04-09 11:00:00,7.306778,11.517288,285.38913,100905.984,51.75,5.25
2024-04-09 12:00:00,7.348831,11.289276,285.48746,100940.59,51.75,5.25
2024-04-09 13:00:00,8.645996,11.634506,285.38568,100963.66,51.75,5.25
2024-04-09 14:00:00,9.84494,10.256699,284.94714,101000.42,51.75,5.25
2024-04-09 15:00:00,11.33577,8.450729,284.70898,101079.17,51.75,5.25
2024-04-09 16:00:00,10.617645,6.4976654,284.1501,101140.47,51.75,5.25
2024-04-09 17:00:00,10.763641,5.9204254,284.07178,101231.54,51.75,5.25
2024-04-09 18:00:00,10.880508,5.1484985,283.68756,101378.305,51.75,5.25
2024-04-09 19:00:00,10.515747,4.2436066,283.57132,101490.445,51.75,5.25
2024-04-09 20:00:00,10.287521,3.9603577,283.3525,101608.94,51.75,5.25
2024-04-09 21:00:00,10.221909,3.1941833,283.1944,101689.984,51.75,5.25
2024-04-09 22:00:00,9.164505,3.8199768,283.08215,101785.44,51.75,5.25
2024-04-09 23:00:00,8.908783,3.2396393,282.72458,101870.7,51.75,5.25
2024-04-10 00:00:00,8.633636,2.025879,282.35025,101971.08,51.75,5.25
2024-04-10 01:00:00,8.002899,1.5153351,282.0946,102039.54,51.75,5.25
2024-04-10 02:00:00,7.7938843,0.99113464,281.76834,102122.91,51.75,5.25
2024-04-10 03:00:00,7.458435,0.19459534,281.63037,102220.75,51.75,5.25
2024-04-10 04:00:00,6.599289,0.21522522,281.3727,102284.53,51.75,5.25
2024-04-10 05:00:00,6.46521,0.41952515,280.73212,102405.266,51.75,5.25
2024-04-10 06:00:00,6.299164,0.12861633,281.13416,102572.25,51.75,5.25
2024-04-10 07:00:00,4.6536407,0.56588745,282.27698,102602.56,51.75,5.25
2024-04-10 08:00:00,5.120224,-0.36296082,283.52338,102698.375,51.75,5.25
2024-04-10 09:00:00,5.096451,1.0591888,284.47607,102747.34,51.75,5.25
2024-04-10 10:00:00,5.670395,2.032135,285.3636,102795.34,51.75,5.25
2024-04-10 11:00:00,5.8071747,2.230606,285.9931,102823.17,51.75,5.25
2024-04-10 12:00:00,5.479187,2.524643,286.80753,102836.79,51.75,5.25
2024-04-10 13:00:00,5.0727997,2.9873047,287.55408,102845.26,51.75,5.25
2024-04-10 14:00:00,4.97171,3.2409668,287.93246,102859.69,51.75,5.25
2024-04-10 15:00:00,4.976822,3.4588776,287.9273,102855.016,51.75,5.25
2024-04-10 16:00:00,4.862564,3.6786957,287.95538,102839.91,51.75,5.25
2024-04-10 17:00:00,3.8721924,3.948059,287.51266,102842.3,51.75,5.25
2024-04-10 18:00:00,3.3547363,4.895508,285.94537,102850.805,51.75,5.25
2024-04-10 19:00:00,2.9203186,6.1308136,284.89972,102852.695,51.75,5.25
2024-04-10 20:00:00,2.9817352,7.1343536,284.6875,102878.21,51.75,5.25
2024-04-10 21:00:00,2.7564545,8.10759,284.15915,102852.97,51.75,5.25
2024-04-10 22:00:00,3.8443146,9.183319,284.18488,102859.56,51.75,5.25
2024-04-10 23:00:00,4.2115936,9.277039,284.28345,102832.14,51.75,5.25
2024-04-11 00:00:00,4.6903687,9.210632,284.85202,102845.95,51.75,5.25
2024-04-11 01:00:00,5.534622,8.717743,285.10492,102841.086,51.75,5.25
2024-04-11 02:00:00,5.6805573,8.098328,285.28278,102815.2,51.75,5.25
2024-04-11 03:00:00,5.5702057,7.8644867,285.30353,102812.99,51.75,5.25
2024-04-11 04:00:00,5.505615,7.9188385,285.22052,102760.516,51.75,5.25
2024-04-11 05:00:00,5.6913147,7.3910217,284.9684,102786.7,51.75,5.25
2024-04-11 06:00:00,5.616104,6.4977264,284.80145,102819.74,51.75,5.25
2024-04-11 07:00:00,5.8304443,5.931244,285.0497,102862.39,51.75,5.25
2024-04-11 08:00:00,5.997589,5.5529175,285.49756,102939.47,51.75,5.25
2024-04-11 09:00:00,6.4601746,5.2397003,286.0978,102973.45,51.75,5.25
2024-04-11 10:00:00,8.106262,3.365036,286.52692,103045.31,51.75,5.25
2024-04-11 11:00:00,7.698166,3.1817474,287.06604,103075.734,51.75,5.25
2024-04-11 12:00:00,7.202057,3.2123718,287.07233,103110.39,51.75,5.25
2024-04-11 13:00:00,6.588272,3.45755,287.238,103116.19,51.75,5.25
2024-04-11 14:00:00,6.6091766,3.7644043,287.37708,103129.14,51.75,5.25
2024-04-11 15:00:00,6.2309113,3.591507,287.5465,103114.59,51.75,5.25
2024-04-11 16:00:00,5.6404266,3.051361,287.572,103094.414,51.75,5.25
2024-04-11 17:00:00,4.759964,2.3511658,287.4404,103126.39,51.75,5.25
2024-04-11 18:00:00,4.379959,2.410202,287.14447,103123.484,51.75,5.25
2024-04-11 19:00:00,3.9395294,2.690384,287.10974,103142.67,51.75,5.25
2024-04-11 20:00:00,3.2910767,3.345749,286.92584,103139.2,51.75,5.25
2024-04-11 21:00:00,3.6577911,3.704193,286.81604,103157.08,51.75,5.25
2024-04-11 22:00:00,3.9428406,3.74617,287.0448,103173.17,51.75,5.25
2024-04-11 23:00:00,3.9960632,4.446823,287.1177,103165.09,51.75,5.25
2024-04-12 00:00:00,4.5147705,4.2662354,287.02426,103160.28,51.75,5.25
2024-04-12 01:00:00,4.423538,5.034378,286.80542,103086.28,51.75,5.25
2024-04-12 02:00:00,4.765747,5.0634155,286.72754,103060.8,51.75,5.25
2024-04-12 03:00:00,4.5952606,5.31308,286.7453,103036.73,51.75,5.25
2024-04-12 04:00:00,4.4207916,5.728073,286.65256,103005.81,51.75,5.25
2024-04-12 05:00:00,4.6999207,5.8249817,286.5569,103005.91,51.75,5.25
2024-04-12 06:00:00,5.052475,5.7855988,286.87503,102998.04,51.75,5.25
2024-04-12 07:00:00,4.7641754,5.964432,287.56512,103017.08,51.75,5.25
2024-04-12 08:00:00,5.235672,5.70253,288.44577,103013.52,51.75,5.25
2024-04-12 09:00:00,7.243683,5.399353,289.55536,103020.06,51.75,5.25
2024-04-12 10:00:00,7.8782196,4.6663666,290.8363,103017.08,51.75,5.25
2024-04-12 11:00:00,7.915344,4.202469,291.94754,102993.58,51.75,5.25
2024-04-12 12:00:00,8.091522,4.132538,292.74988,102957.17,51.75,5.25
2024-04-12 13:00:00,8.727066,3.7743073,293.3367,102922.44,51.75,5.25
2024-04-12 14:00:00,8.379257,3.4949188,293.68152,102869.81,51.75,5.25
2024-04-12 15:00:00,7.804779,3.2776642,293.3314,102825.69,51.75,5.25
2024-04-12 16:00:00,7.191162,3.097702,292.987,102787.68,51.75,5.25
2024-04-12 17:00:00,7.410965,3.145935,292.26074,102764.53,51.75,5.25
2024-04-12 18:00:00,7.40213,3.1452942,291.14966,102764.53,51.75,5.25
2024-04-12 19:00:00,6.9468384,3.3587189,290.14194,102747.734,51.75,5.25
2024-04-12 20:00:00,6.629898,3.9275208,289.3474,102752.68,51.75,5.25
2024-04-12 21:00:00,6.668762,4.178955,288.93488,102737.95,51.75,5.25
2024-04-12 22:00:00,7.8200226,4.0185394,288.34543,102712.42,51.75,5.25
2024-04-12 23:00:00,7.941284,3.6786194,287.9795,102715.47,51.75,5.25
2024-04-13 00:00:00,7.853531,3.6600494,287.61356,102685.61,51.75,5.25
2024-04-13 01:00:00,7.613693,3.6983948,287.1408,102650.766,51.75,5.25
2024-04-13 02:00:00,7.0696106,3.7352753,286.6128,102610.6,51.75,5.25
2024-04-13 03:00:00,6.6501617,3.8821716,286.18378,102601.05,51.75,5.25
2024-04-13 04:00:00,6.324753,4.132126,285.53265,102580.13,51.75,5.25
2024-04-13 05:00:00,5.5951385,4.549774,284.94196,102568.72,51.75,5.25
2024-04-13 06:00:00,4.6888123,5.0200195,285.92844,102560.61,51.75,5.25
2024-04-13 07:00:00,4.1604767,5.2698517,287.6305,102546.914,51.75,5.25
2024-04-13 08:00:00,3.061798,4.9167175,289.33826,102508.09,51.75,5.25
2024-04-13 09:00:00,2.9407806,5.2709503,290.967,102447.99,51.75,5.25
2024-04-13 10:00:00,2.275879,5.6954193,292.42062,102396.266,51.75,5.25
2024-04-13 11:00:00,3.4163055,6.619644,293.7866,102320.71,51.75,5.25
2024-04-13 12:00:00,4.7780914,7.019455,294.87677,102237.67,51.75,5.25
2024-04-13 13:00:00,5.6969757,6.784195,295.65924,102134.984,51.75,5.25
2024-04-13 14:00:00,6.6129456,6.3062897,296.01,102047.89,51.75,5.25
2024-04-13 15:00:00,7.1046906,5.7817383,296.1645,101983.234,51.75,5.25
2024-04-13 16:00:00,7.1082916,5.1206512,295.76758,101906.58,51.75,5.25
2024-04-13 17:00:00,7.178726,4.607422,295.10596,101860.84,51.75,5.25
2024-04-13 18:00:00,7.7174683,4.0024414,293.68274,101819.375,51.75,5.25
2024-04-13 19:00:00,8.495422,3.4872437,292.25757,101826.86,51.75,5.25
2024-04-13 20:00:00,9.439148,3.1087952,291.0926,101863.5,51.75,5.25
2024-04-13 21:00:00,10.186874,2.0680695,289.74173,101875.59,51.75,5.25
2024-04-13 22:00:00,9.580627,0.6165161,288.71634,101910.48,51.75,5.25
2024-04-13 23:00:00,9.037643,-0.20887756,287.48206,101973.55,51.75,5.25
2024-04-14 00:00:00,7.9931793,-1.5920105,286.7068,101995.695,51.75,5.25
2024-04-14 01:00:00,6.7900696,-3.3538818,285.995,102022.82,51.75,5.25
2024-04-14 02:00:00,5.273102,-4.129898,285.4256,102061.75,51.75,5.25
2024-04-14 03:00:00,4.356537,-3.8811798,284.74573,102102.984,51.75,5.25
2024-04-14 04:00:00,4.0706024,-3.1670837,284.04956,102134.66,51.75,5.25
2024-04-14 05:00:00,4.206314,-2.5359344,283.53705,102181.11,51.75,5.25
2024-04-14 06:00:00,4.185089,-1.9948273,283.71103,102226.91,51.75,5.25
2024-04-14 07:00:00,4.1581573,-2.0141602,284.17816,102276.2,51.75,5.25
2024-04-14 08:00:00,4.3900146,-2.0874176,284.77582,102305.69,51.75,5.25
2024-04-14 09:00:00,4.7321014,-1.8945312,285.58987,102321.35,51.75,5.25
2024-04-14 10:00:00,4.793335,-1.027359,286.4273,102344.875,51.75,5.25
2024-04-14 11:00:00,5.582535,-0.8675232,287.06482,102320.54,51.75,5.25
2024-04-14 12:00:00,5.649185,-0.6436615,287.42603,102277.36,51.75,5.25
2024-04-14 13:00:00,5.3644714,-0.77879333,287.91052,102213.81,51.75,5.25
2024-04-14 14:00:00,5.0579987,-0.93011475,287.84314,102152.71,51.75,5.25
2024-04-14 15:00:00,4.8822174,-1.3187256,287.60938,102100.25,51.75,5.25
2024-04-14 16:00:00,4.234207,-2.2587433,286.92896,102057.64,51.75,5.25
2024-04-14 17:00:00,2.5670624,-3.2312927,286.13977,101991.44,51.75,5.25
2024-04-14 18:00:00,1.3065033,-3.7847443,285.03967,101902.69,51.75,5.25
2024-04-14 19:00:00,0.35076904,-3.505127,284.49896,101851.79,51.75,5.25
2024-04-14 20:00:00,0.25550842,-2.2584991,283.72748,101835.766,51.75,5.25
2024-04-14 21:00:00,0.6175232,-0.36294556,283.32855,101787.08,51.75,5.25
2024-04-14 22:00:00,2.5567017,2.5370026,283.00537,101696.45,51.75,5.25
2024-04-14 23:00:00,2.3921509,4.193054,282.22098,101615.92,51.75,5.25
2024-04-15 00:00:00,3.0666046,5.452408,281.29767,101550.63,51.75,5.25
2024-04-15 01:00:00,4.708267,5.1717987,281.2404,101437.94,51.75,5.25
2024-04-15 02:00:00,6.239914,4.538269,281.23828,101353.45,51.75,5.25
2024-04-15 03:00:00,6.856262,4.0542297,281.21484,101280.28,51.75,5.25
2024-04-15 04:00:00,6.4991302,4.2166595,280.95053,101200.375,51.75,5.25
2024-04-15 05:00:00,6.1006165,4.9609985,280.78833,101129.266,51.75,5.25
2024-04-15 06:00:00,5.9191437,6.0871887,281.22144,101061.81,51.75,5.25
2024-04-15 07:00:00,7.848816,6.6331177,282.2178,100972.62,51.75,5.25
2024-04-15 08:00:00,7.952423,6.9418945,283.18793,100820.94,51.75,5.25
2024-04-15 09:00:00,7.3076324,8.207352,283.93073,100688.44,51.75,5.25
2024-04-15 10:00:00,7.7540283,10.218002,284.18243,100532.266,51.75,5.25
2024-04-15 11:00:00,7.335129,10.7000885,283.667,100370.89,51.75,5.25
2024-04-15 12:00:00,7.987137,11.434525,283.39667,100201.5,51.75,5.25
2024-04-15 13:00:00,9.522949,9.716141,282.15277,100017.67,51.75,5.25
2024-04-15 14:00:00,14.709106,-0.98872375,280.09454,100106.82,51.75,5.25
2024-04-15 15:00:00,9.527466,-0.4337616,279.28577,100127.17,51.75,5.25
2024-04-15 16:00:00,10.578415,1.153595,279.8623,100141.484,51.75,5.25
2024-04-15 17:00:00,12.248596,0.13529968,280.7789,100156.95,51.75,5.25
2024-04-15 18:00:00,11.69603,0.4660797,280.32327,100179.03,51.75,5.25
2024-04-15 19:00:00,11.397812,0.81129456,279.50232,100225.16,51.75,5.25
2024-04-15 20:00:00,11.284637,1.1345673,279.65347,100276.95,51.75,5.25
2024-04-15 21:00:00,11.056015,0.80992126,279.85162,100292.97,51.75,5.25
2024-04-15 22:00:00,10.480682,2.7485657,279.7253,100225.06,51.75,5.25
2024-04-15 23:00:00,10.927643,2.1328278,279.71527,100212.5,51.75,5.25
2024-04-16 00:00:00,11.817383,1.2484741,280.02448,100213.375,51.75,5.25
2024-04-16 01:00:00,11.560486,1.3769836,279.4619,100136.29,51.75,5.25
2024-04-16 02:00:00,10.861923,1.7785492,278.9718,100108.98,51.75,5.25
2024-04-16 03:00:00,10.387283,3.2318573,279.14142,100028.41,51.75,5.25
2024-04-16 04:00:00,10.668533,4.1999664,279.307,99961.555,51.75,5.25
2024-04-16 05:00:00,11.5967865,3.8592834,279.7292,99867.11,51.75,5.25
2024-04-16 06:00:00,12.118729,-1.3241425,280.03906,99838.05,51.75,5.25
2024-04-16 07:00:00,11.524567,-5.0143585,280.54047,99913.08,51.75,5.25
2024-04-16 08:00:00,10.9832,-3.6629944,281.38437,99991.625,51.75,5.25
2024-04-16 09:00:00,10.776566,-3.8927155,282.4886,100068.59,51.75,5.25
2024-04-16 10:00:00,8.008209,-5.5301514,282.97998,100201.77,51.75,5.25
2024-04-16 11:00:00,7.1949005,-7.1471405,282.9762,100242.42,51.75,5.25
2024-04-16 12:00:00,6.9159393,-6.808853,283.44238,100323.36,51.75,5.25
2024-04-16 13:00:00,6.387039,-8.011902,283.59955,100419.5,51.75,5.25
2024-04-16 14:00:00,4.312729,-7.2494507,283.41882,100527.0,51.75,5.25
2024-04-16 15:00:00,4.0121155,-8.073715,283.02765,100557.61,51.75,5.25
2024-04-16 16:00:00,3.1295776,-7.5466003,282.0989,100652.734,51.75,5.25
2024-04-16 17:00:00,2.733841,-8.488373,281.9444,100713.83,51.75,5.25
2024-04-16 18:00:00,2.3015594,-8.321472,281.75964,100808.18,51.75,5.25
2024-04-16 19:00:00,2.5580292,-7.711502,281.10583,100900.86,51.75,5.25
2024-04-16 20:00:00,2.7792816,-7.2734375,280.1876,100994.375,51.75,5.25
2024-04-16 21:00:00,2.5759125,-7.011963,279.48785,101058.234,51.75,5.25
2024-04-16 22:00:00,1.9632263,-7.163788,278.7925,101092.555,51.75,5.25
2024-04-16 23:00:00,1.9475708,-5.782135,278.12305,101144.2,51.75,5.25
2024-04-17 00:00:00,3.2552185,-4.5194855,277.8802,101151.47,51.75,5.25
2024-04-17 01:00:00,4.295288,-3.694336,277.6302,101128.234,51.75,5.25
2024-04-17 02:00:00,5.169754,-3.2188416,277.83618,101116.66,51.75,5.25
2024-04-17 03:00:00,5.524582,-3.3354797,278.12665,101102.98,51.75,5.25
2024-04-17 04:00:00,5.2611237,-4.0650635,277.98413,101140.81,51.75,5.25
2024-04-17 05:00:00,4.4953766,-4.9432373,278.3114,101146.09,51.75,5.25
2024-04-17 06:00:00,4.1139526,-4.802719,278.91898,101153.836,51.75,5.25
2024-04-17 07:00:00,4.056488,-5.092819,279.8449,101187.55,51.75,5.25
2024-04-17 08:00:00,3.387268,-4.4822083,280.4707,101170.92,51.75,5.25
2024-04-17 09:00:00,2.9040985,-3.0270996,280.56265,101156.26,51.75,5.25
2024-04-17 10:00:00,3.8493958,-3.0137634,281.148,101148.47,51.75,5.25
2024-04-17 11:00:00,3.9912415,-2.0341187,280.45813,101180.58,51.75,5.25
2024-04-17 12:00:00,4.2150116,-1.265152,280.6748,101191.625,51.75,5.25
2024-04-17 13:00:00,3.0743103,-0.8463745,280.528,101181.41,51.75,5.25
2024-04-17 14:00:00,2.6398315,-1.1499939,280.4074,101145.49,51.75,5.25
2024-04-17 15:00:00,2.9858704,-2.371933,279.8659,101094.45,51.75,5.25
2024-04-17 16:00:00,2.7743378,-3.7927094,279.65033,101099.086,51.75,5.25
2024-04-17 17:00:00,2.9865417,-3.9174347,279.36487,101143.94,51.75,5.25
2024-04-17 18:00:00,2.9418793,-4.1406403,278.876,101130.41,51.75,5.25
2024-04-17 19:00:00,2.0372467,-3.968048,278.1845,101197.16,51.75,5.25
2024-04-17 20:00:00,0.8379364,-4.3402557,277.81586,101261.3,51.75,5.25
2024-04-17 21:00:00,-0.16474915,-4.249817,277.4406,101321.08,51.75,5.25
2024-04-17 22:00:00,-1.0447693,-3.5766602,277.05658,101344.59,51.75,5.25
2024-04-17 23:00:00,-1.2207184,-4.3086395,276.9012,101406.36,51.75,5.25
2024-04-18 00:00:00,-1.4204407,-4.4713745,276.78754,101482.94,51.75,5.25
2024-04-18 01:00:00,-0.714859,-4.574539,276.97137,101498.414,51.75,5.25
2024-04-18 02:00:00,-0.50897217,-5.335144,276.67337,101556.71,51.75,5.25
2024-04-18 03:00:00,-0.67440796,-5.5911713,276.34863,101604.3,51.75,5.25
2024-04-18 04:00:00,-0.6502991,-5.836212,276.21756,101657.05,51.75,5.25
2024-04-18 05:00:00,-0.15660095,-6.066437,275.95026,101734.13,51.75,5.25
2024-04-18 06:00:00,0.2503662,-5.454132,277.57556,101818.54,51.75,5.25
2024-04-18 07:00:00,0.6443329,-3.7622375,279.9287,101878.97,51.75,5.25
2024-04-18 08:00:00,0.794754,-4.494339,281.60388,101939.67,51.75,5.25
2024-04-18 09:00:00,1.4171143,-4.827408,282.45496,101984.664,51.75,5.25
2024-04-18 10:00:00,1.8297577,-3.683319,282.99878,102001.82,51.75,5.25
2024-04-18 11:00:00,2.7754974,-3.077179,283.495,102011.9,51.75,5.25
2024-04-18 12:00:00,3.8099976,-3.216034,283.5735,102018.125,51.75,5.25
2024-04-18 13:00:00,4.7771606,-2.9103699,284.3719,102010.14,51.75,5.25
2024-04-18 14:00:00,5.809494,-3.1835327,284.4914,101995.484,51.75,5.25
2024-04-18 15:00:00,6.2448425,-3.0253906,284.0973,101965.95,51.75,5.25
2024-04-18 16:00:00,6.5661774,-2.9580383,283.54846,101965.055,51.75,5.25
2024-04-18 17:00:00,6.3240356,-2.3299866,282.89005,101947.31,51.75,5.25
2024-04-18 18:00:00,6.3549805,-1.5231323,282.17474,101916.21,51.75,5.25
2024-04-18 19:00:00,6.078491,-0.23027039,281.2743,101904.18,51.75,5.25
2024-04-18 20:00:00,5.658966,1.9221344,280.89716,101855.78,51.75,5.25
2024-04-18 21:00:00,5.5213623,3.9241943,280.7435,101776.5,51.75,5.25
2024-04-18 22:00:00,7.0852966,5.2727814,280.52344,101677.84,51.75,5.25
2024-04-18 23:00:00,8.728302,4.762314,280.42957,101578.69,51.75,5.25
2024-04-19 00:00:00,9.29335,4.2590637,280.5505,101441.2,51.75,5.25
2024-04-19 01:00:00,9.728912,4.0166626,280.62018,101311.21,51.75,5.25
2024-04-19 02:00:00,9.96846,4.747223,280.461,101198.195,51.75,5.25
2024-04-19 03:00:00,10.5594635,4.653076,280.4119,101078.5,51.75,5.25
2024-04-19 04:00:00,10.676605,3.1738129,280.83447,100964.81,51.75,5.25
2024-04-19 05:00:00,10.278748,0.03805542,281.44824,100895.93,51.75,5.25
2024-04-19 06:00:00,9.959732,-3.3919983,281.97308,100867.78,51.75,5.25
2024-04-19 07:00:00,9.740585,-3.898285,282.42334,100856.89,51.75,5.25
2024-04-19 08:00:00,8.086029,-1.5032501,282.69678,100834.234,51.75,5.25
2024-04-19 09:00:00,8.295105,-2.7397766,282.59686,100803.65,51.75,5.25
2024-04-19 10:00:00,7.57753,-2.9674377,283.39493,100807.664,51.75,5.25
2024-04-19 11:00:00,9.159317,-4.847275,283.80756,100751.42,51.75,5.25
2024-04-19 12:00:00,8.625992,-7.3696594,283.51257,100829.97,51.75,5.25
2024-04-19 13:00:00,8.128937,-10.3107605,283.3969,100867.82,51.75,5.25
2024-04-19 14:00:00,7.580078,-10.554916,283.06177,100943.33,51.75,5.25
2024-04-19 15:00:00,8.094025,-10.116638,282.50305,100983.83,51.75,5.25
2024-04-19 16:00:00,8.033585,-10.508148,282.05225,101045.69,51.75,5.25
2024-04-19 17:00:00,7.7040863,-10.875427,281.3303,101125.766,51.75,5.25
2024-04-19 18:00:00,7.552368,-9.655014,280.4314,101188.195,51.75,5.25
2024-04-19 19:00:00,7.0826874,-10.334106,280.05487,101294.81,51.75,5.25
2024-04-19 20:00:00,6.1170654,-10.120361,279.78802,101374.86,51.75,5.25
2024-04-19 21:00:00,5.5201874,-9.809601,279.6052,101442.305,51.75,5.25
2024-04-19 22:00:00,4.645706,-8.929047,279.2541,101513.33,51.75,5.25
2024-04-19 23:00:00,4.255966,-8.33403,279.05438,101566.94,51.75,5.25
2024-04-20 00:00:00,4.166275,-7.6374817,278.93433,101632.59,51.75,5.25
2024-04-20 01:00:00,4.2002716,-7.3012238,279.08942,101644.0,51.75,5.25
2024-04-20 02:00:00,4.093338,-7.1402283,278.9475,101693.88,51.75,5.25
2024-04-20 03:00:00,3.8476105,-7.1737823,278.73926,101740.25,51.75,5.25
2024-04-20 04:00:00,3.590973,-7.299713,278.62305,101795.0,51.75,5.25
2024-04-20 05:00:00,3.447174,-7.285614,278.49365,101853.94,51.75,5.25
2024-04-20 06:00:00,3.3032837,-7.597534,278.86658,101944.36,51.75,5.25
2024-04-20 07:00:00,3.062149,-7.4934845,279.66483,102024.58,51.75,5.25
2024-04-20 08:00:00,3.2114105,-7.067795,280.58536,102101.375,51.75,5.25
2024-04-20 09:00:00,3.7222595,-6.280899,280.9366,102156.63,51.75,5.25
2024-04-20 10:00:00,4.15625,-5.2203827,281.34576,102222.55,51.75,5.25
2024-04-20 11:00:00,4.633835,-4.671921,282.12628,102193.34,51.75,5.25
2024-04-20 12:00:00,6.0194397,-4.9604187,282.67786,102217.375,51.75,5.25
2024-04-20 13:00:00,6.6379395,-5.272751,282.05518,102235.86,51.75,5.25
2024-04-20 14:00:00,6.348053,-5.2484283,282.508,102211.86,51.75,5.25
2024-04-20 15:00:00,5.865906,-6.7548523,282.6959,102184.81,51.75,5.25
2024-04-20 16:00:00,4.7108917,-9.164185,281.93024,102180.875,51.75,5.25
2024-04-20 17:00:00,3.861267,-9.504364,281.40643,102201.82,51.75,5.25
2024-04-20 18:00:00,3.5556793,-10.693756,280.4285,102245.05,51.75,5.25
2024-04-20 19:00:00,2.9817963,-10.439789,279.97382,102302.0,51.75,5.25
2024-04-20 20:00:00,3.0931091,-8.696686,279.44318,102325.9,51.75,5.25
2024-04-20 21:00:00,3.3568573,-7.524109,278.91418,102328.11,51.75,5.25
2024-04-20 22:00:00,3.3442535,-6.8906403,279.04434,102349.164,51.75,5.25
2024-04-20 23:00:00,3.569748,-6.2714844,278.09326,102314.72,51.75,5.25
2024-04-21 00:00:00,4.4386597,-5.990265,277.82242,102258.25,51.75,5.25
2024-04-21 01:00:00,4.808975,-6.547653,277.6101,102234.09,51.75,5.25
2024-04-21 02:00:00,5.7152405,-5.9809265,276.93558,102159.5,51.75,5.25
2024-04-21 03:00:00,6.5580444,-5.576233,277.06647,102067.2,51.75,5.25
2024-04-21 04:00:00,5.0549927,-6.793976,277.16315,102007.586,51.75,5.25
2024-04-21 05:00:00,1.1771393,-7.4929047,277.9179,102028.36,51.75,5.25
2024-04-21 06:00:00,-2.8616486,-7.406891,277.93866,102107.75,51.75,5.25
2024-04-21 07:00:00,-4.773285,-6.9665833,278.1641,102234.375,51.75,5.25
2024-04-21 08:00:00,-6.4017334,-6.9164886,278.70932,102332.375,51.75,5.25
2024-04-21 09:00:00,-6.2570343,-6.462738,279.70288,102399.27,51.75,5.25
2024-04-21 10:00:00,-4.4156494,-4.769577,280.4029,102475.28,51.75,5.25
2024-04-21 11:00:00,-3.667633,-4.4367676,281.31473,102493.53,51.75,5.25
2024-04-21 12:00:00,-2.4007416,-4.3858795,282.09726,102533.55,51.75,5.25
2024-04-21 13:00:00,-1.5031128,-4.803421,282.75714,102526.59,51.75,5.25
2024-04-21 14:00:00,-1.1800995,-5.1748962,283.24506,102503.95,51.75,5.25
2024-04-21 15:00:00,-1.0510101,-5.915085,282.88467,102505.89,51.75,5.25
2024-04-21 16:00:00,-1.8700256,-7.840683,282.5487,102546.625,51.75,5.25
2024-04-21 17:00:00,-3.3351593,-6.4450836,281.9646,102578.37,51.75,5.25
2024-04-21 18:00:00,-4.1032257,-5.3300934,280.76337,102584.625,51.75,5.25
2024-04-21 19:00:00,-3.64505,-5.2494354,279.9491,102624.19,51.75,5.25
2024-04-21 20:00:00,-3.125824,-5.8311768,278.96,102675.766,51.75,5.25
2024-04-21 21:00:00,-2.6331177,-6.2702637,278.07782,102696.914,51.75,5.25
2024-04-21 22:00:00,-3.1601257,-5.6115417,277.69785,102714.875,51.75,5.25
2024-04-21 23:00:00,-2.4552917,-5.8917847,277.35898,102711.33,51.75,5.25
2024-04-22 00:00:00,-1.9063263,-5.9314423,276.71283,102710.516,51.75,5.25
2024-04-22 01:00:00,-1.4789124,-6.0197144,276.52264,102676.336,51.75,5.25
2024-04-22 02:00:00,-1.2162476,-5.4762573,276.15424,102655.66,51.75,5.25
2024-04-22 03:00:00,-0.7690735,-5.020355,275.93115,102614.41,51.75,5.25
2024-04-22 04:00:00,-0.18667603,-4.9443665,275.6709,102600.914,51.75,5.25
2024-04-22 05:00:00,0.47442627,-5.053467,275.51245,102581.55,51.75,5.25
2024-04-22 06:00:00,0.80714417,-4.6974487,276.75616,102568.69,51.75,5.25
2024-04-22 07:00:00,0.89372253,-3.3614807,278.994,102546.89,51.75,5.25
2024-04-22 08:00:00,0.5092621,-3.877533,280.93283,102520.36,51.75,5.25
2024-04-22 09:00:00,-0.42686462,-5.001129,281.43927,102510.66,51.75,5.25
2024-04-22 10:00:00,-0.43955994,-4.5579834,281.593,102505.11,51.75,5.25
2024-04-22 11:00:00,-0.59646606,-4.6099854,281.61523,102465.29,51.75,5.25
2024-04-22 12:00:00,-0.8410797,-4.770996,281.79648,102420.836,51.75,5.25
2024-04-22 13:00:00,-1.3673859,-4.95459,281.9807,102377.086,51.75,5.25
2024-04-22 14:00:00,-2.041214,-5.3517,281.85327,102348.68,51.75,5.25
2024-04-22 15:00:00,-2.4492798,-6.012741,281.4333,102304.75,51.75,5.25
2024-04-22 16:00:00,-2.5528107,-6.6258545,281.4978,102279.39,51.75,5.25
2024-04-22 17:00:00,-2.8667297,-6.6903076,280.9569,102279.66,51.75,5.25
2024-04-22 18:00:00,-2.91391,-6.6640625,280.05566,102271.77,51.75,5.25
2024-04-22 19:00:00,-3.0960236,-6.5039825,278.81555,102331.945,51.75,5.25
2024-04-22 20:00:00,-3.071167,-6.13118,277.7435,102355.69,51.75,5.25
2024-04-22 21:00:00,-2.9926453,-5.84198,276.80627,102381.58,51.75,5.25
2024-04-22 22:00:00,-2.4395905,-5.4473267,276.03064,102354.65,51.75,5.25
2024-04-22 23:00:00,-2.3524933,-5.816391,275.47473,102356.42,51.75,5.25
2024-04-23 00:00:00,-2.673294,-5.693939,274.9453,102332.86,51.75,5.25
2024-04-23 01:00:00,-2.8703918,-5.3200684,274.33032,102295.06,51.75,5.25
2024-04-23 02:00:00,-3.2544708,-4.2971497,273.93338,102246.766,51.75,5.25
2024-04-23 03:00:00,-3.052536,-3.883957,273.4525,102211.07,51.75,5.25
2024-04-23 04:00:00,-2.782547,-4.177231,272.93976,102216.37,51.75,5.25
2024-04-23 05:00:00,-2.5609283,-3.3261871,272.86578,102185.45,51.75,5.25
2024-04-23 06:00:00,-1.8209076,-3.2179718,275.16113,102199.19,51.75,5.25
2024-04-23 07:00:00,-0.8614197,-2.2727356,278.05865,102206.234,51.75,5.25
2024-04-23 08:00:00,-0.4790802,-2.0739136,279.9843,102167.47,51.75,5.25
2024-04-23 09:00:00,-0.1897583,-1.8848724,280.95447,102140.195,51.75,5.25
2024-04-23 10:00:00,0.46955872,-1.4847107,281.61615,102072.555,51.75,5.25
2024-04-23 11:00:00,2.0945587,-1.6514893,282.21075,102008.516,51.75,5.25
2024-04-23 12:00:00,2.8126678,-2.1738281,282.33362,101965.984,51.75,5.25
2024-04-23 13:00:00,3.0889282,-2.3336182,282.86484,101899.67,51.75,5.25
2024-04-23 14:00:00,3.6068115,-2.2651978,283.2214,101817.56,51.75,5.25
2024-04-23 15:00:00,4.5455627,-2.572647,283.3702,101749.8,51.75,5.25
2024-04-23 16:00:00,5.4406586,-2.5986023,282.9488,101696.945,51.75,5.25
2024-04-23 17:00:00,5.8520966,-0.92323303,282.02325,101650.7,51.75,5.25
2024-04-23 18:00:00,6.503372,0.7390137,280.92072,101580.94,51.75,5.25
2024-04-23 19:00:00,6.2755585,-1.4451294,280.49106,101518.984,51.75,5.25
2024-04-23 20:00:00,4.8889923,-4.9971466,280.0412,101512.56,51.75,5.25
2024-04-23 21:00:00,4.034897,-5.8888855,279.5114,101479.55,51.75,5.25
2024-04-23 22:00:00,2.6119385,-5.6636353,278.61935,101482.59,51.75,5.25
2024-04-23 23:00:00,3.9100342,-3.8683624,278.2165,101418.8,51.75,5.25
2024-04-24 00:00:00,4.937149,-3.3367767,277.99756,101388.36,51.75,5.25
2024-04-24 01:00:00,5.3366547,-2.9221344,277.9828,101292.79,51.75,5.25
2024-04-24 02:00:00,5.778763,-2.660904,277.7777,101236.42,51.75,5.25
2024-04-24 03:00:00,5.8907166,-3.1930237,277.51117,101158.42,51.75,5.25
2024-04-24 04:00:00,6.019333,-3.6458435,277.43942,101115.05,51.75,5.25
2024-04-24 05:00:00,5.9494476,-3.7831726,277.59155,101085.21,51.75,5.25
2024-04-24 06:00:00,5.909256,-3.6714478,278.02173,101043.05,51.75,5.25
2024-04-24 07:00:00,5.9002533,-3.0533142,278.87585,101011.97,51.75,5.25
2024-04-24 08:00:00,6.562042,-4.47023,279.75085,100974.83,51.75,5.25
2024-04-24 09:00:00,6.822403,-3.986023,280.27032,100948.516,51.75,5.25
2024-04-24 10:00:00,6.3919983,-5.495102,280.85217,100946.92,51.75,5.25
2024-04-24 11:00:00,5.9645233,-4.9170685,281.2168,100912.72,51.75,5.25
2024-04-24 12:00:00,6.087784,-4.9645386,281.4631,100878.81,51.75,5.25
2024-04-24 13:00:00,6.285019,-5.522339,281.99658,100862.3,51.75,5.25
2024-04-24 14:00:00,6.80513,-7.418106,281.84113,100802.97,51.75,5.25
2024-04-24 15:00:00,6.4664764,-7.8161163,281.71472,100831.32,51.75,5.25
2024-04-24 16:00:00,6.1355743,-8.678772,281.26996,100797.47,51.75,5.25
2024-04-24 17:00:00,5.3329926,-8.502777,281.06256,100822.19,51.75,5.25
2024-04-24 18:00:00,4.968338,-7.43338,280.42676,100844.12,51.75,5.25
2024-04-24 19:00:00,4.7678833,-6.3514557,279.55017,100878.14,51.75,5.25
2024-04-24 20:00:00,4.4688873,-5.598831,278.84613,100915.95,51.75,5.25
2024-04-24 21:00:00,4.4561615,-4.887909,278.3775,100900.414,51.75,5.25
2024-04-24 22:00:00,4.7470856,-4.96109,277.6894,100843.16,51.75,5.25
2024-04-24 23:00:00,4.6700287,-4.2898865,277.3111,100908.45,51.75,5.25
2024-04-25 00:00:00,4.461685,-3.4286804,277.34113,100817.17,51.75,5.25
2024-04-25 01:00:00,4.722534,-2.5974274,277.29443,100802.91,51.75,5.25
2024-04-25 02:00:00,5.0459137,-1.6004333,276.98758,100766.52,51.75,5.25
2024-04-25 03:00:00,5.113144,-0.45040894,276.79688,100728.27,51.75,5.25
2024-04-25 04:00:00,5.2154694,0.66259766,276.91544,100682.68,51.75,5.25
2024-04-25 05:00:00,5.3312225,1.8191223,277.0509,100685.695,51.75,5.25
2024-04-25 06:00:00,5.033615,2.5157776,277.7787,100668.375,51.75,5.25
2024-04-25 07:00:00,4.3188934,2.677414,278.97446,100619.766,51.75,5.25
2024-04-25 08:00:00,4.826416,2.5378723,279.91476,100638.41,51.75,5.25
2024-04-25 09:00:00,4.559204,2.9490814,280.816,100575.72,51.75,5.25
2024-04-25 10:00:00,6.684723,3.2725372,281.0039,100546.875,51.75,5.25
2024-04-25 11:00:00,6.060257,3.3851166,281.31055,100510.26,51.75,5.25
2024-04-25 12:00:00,5.204727,3.9980164,281.75436,100465.28,51.75,5.25
2024-04-25 13:00:00,4.1531525,4.7578125,282.45074,100402.016,51.75,5.25
2024-04-25 14:00:00,3.9011078,5.5264435,282.8518,100330.5,51.75,5.25
2024-04-25 15:00:00,5.2189026,6.031708,282.58664,100276.06,51.75,5.25
2024-04-25 16:00:00,5.615555,6.1162415,281.25232,100261.69,51.75,5.25
2024-04-25 17:00:00,4.7395935,6.894104,280.76514,100201.984,51.75,5.25
2024-04-25 18:00:00,4.3556976,7.0138855,280.27383,100170.984,51.75,5.25
2024-04-25 19:00:00,4.868271,6.3461,279.98138,100184.77,51.75,5.25
2024-04-25 20:00:00,5.3222046,5.3283234,280.0254,100173.99,51.75,5.25
2024-04-25 21:00:00,5.045807,4.842987,279.88092,100169.945,51.75,5.25
2024-04-25 22:00:00,4.880722,2.9662476,280.14447,100161.03,51.75,5.25
2024-04-25 23:00:00,4.0510864,3.1295013,280.07468,100166.16,51.75,5.25
2024-04-26 00:00:00,3.5404053,3.252716,279.98926,100127.41,51.75,5.25
2024-04-26 01:00:00,3.5330658,3.407013,279.8391,100081.06,51.75,5.25
2024-04-26 02:00:00,3.853012,3.3809052,279.8084,100082.78,51.75,5.25
2024-04-26 03:00:00,4.089203,2.754486,279.53458,100093.02,51.75,5.25
2024-04-26 04:00:00,4.2199554,1.6397247,279.2364,100094.99,51.75,5.25
2024-04-26 05:00:00,4.146805,0.7307739,279.30807,100118.54,51.75,5.25
2024-04-26 06:00:00,3.7742615,0.47486877,279.74756,100159.44,51.75,5.25
2024-04-26 07:00:00,3.31073,0.64541626,280.09747,100229.72,51.75,5.25
2024-04-26 08:00:00,3.5561981,0.3475952,280.25604,100269.69,51.75,5.25
2024-04-26 09:00:00,4.0982666,0.42036438,280.72467,100300.0,51.75,5.25
2024-04-26 10:00:00,3.9248962,0.3216095,282.43665,100362.66,51.75,5.25
2024-04-26 11:00:00,4.065872,0.5014343,283.49548,100379.625,51.75,5.25
2024-04-26 12:00:00,4.034256,0.74394226,284.41766,100409.695,51.75,5.25
2024-04-26 13:00:00,3.8683472,0.8170929,285.18793,100439.65,51.75,5.25
2024-04-26 14:00:00,3.446762,0.7716217,285.46735,100451.28,51.75,5.25
2024-04-26 15:00:00,3.167282,1.0098724,285.45966,100433.8,51.75,5.25
2024-04-26 16:00:00,2.9177856,1.2481537,285.39075,100447.875,51.75,5.25
2024-04-26 17:00:00,2.5266113,0.29533386,285.05798,100469.7,51.75,5.25
2024-04-26 18:00:00,1.7624512,-1.6553345,284.10828,100474.84,51.75,5.25
2024-04-26 19:00:00,0.27365112,-2.6491241,283.4994,100531.055,51.75,5.25
2024-04-26 20:00:00,-1.4049683,-2.9225006,282.1463,100570.22,51.75,5.25
2024-04-26 21:00:00,-2.9232178,-2.356964,282.078,100567.984,51.75,5.25
2024-04-26 22:00:00,-3.5225067,-2.0827637,281.66858,100553.29,51.75,5.25
2024-04-26 23:00:00,-3.3361816,-1.4883423,281.28635,100572.875,51.75,5.25
2024-04-27 00:00:00,-4.360138,-1.3477173,280.97168,100533.28,51.75,5.25
2024-04-27 01:00:00,-5.680664,-0.40490723,280.7375,100477.016,51.75,5.25
2024-04-27 02:00:00,-6.0753937,1.0296631,280.4605,100450.05,51.75,5.25
2024-04-27 03:00:00,-5.8122864,2.5316467,280.33246,100438.17,51.75,5.25
2024-04-27 04:00:00,-5.0537567,4.1102295,280.31555,100408.78,51.75,5.25
2024-04-27 05:00:00,-4.2173004,5.1681976,280.58456,100413.94,51.75,5.25
2024-04-27 06:00:00,-3.4373474,5.599701,281.43494,100418.51,51.75,5.25
2024-04-27 07:00:00,-2.4537659,5.5392303,282.4917,100433.625,51.75,5.25
2024-04-27 08:00:00,-2.0740356,5.3614197,283.1969,100448.25,51.75,5.25
2024-04-27 09:00:00,-0.9807434,5.826889,284.4054,100459.414,51.75,5.25
2024-04-27 10:00:00,-1.2766113,4.648407,284.84644,100487.41,51.75,5.25
2024-04-27 11:00:00,-0.94555664,4.718094,286.23395,100512.34,51.75,5.25
2024-04-27 12:00:00,-0.8367615,4.5247345,287.6978,100495.32,51.75,5.25
2024-04-27 13:00:00,-1.4315491,4.4084625,288.72296,100443.75,51.75,5.25
2024-04-27 14:00:00,-1.3902283,4.6211395,289.51315,100451.7,51.75,5.25
2024-04-27 15:00:00,-2.2395935,4.3901978,289.47266,100440.3,51.75,5.25
2024-04-27 16:00:00,-2.9371643,3.5250092,288.9446,100415.234,51.75,5.25
2024-04-27 17:00:00,-3.7509766,3.100769,287.89786,100395.89,51.75,5.25
2024-04-27 18:00:00,-4.3335266,3.5336456,287.37762,100379.586,51.75,5.25
2024-04-27 19:00:00,-5.1123657,4.4446564,286.60992,100382.04,51.75,5.25
2024-04-27 20:00:00,-5.001404,6.2895966,286.68463,100393.375,51.75,5.25
2024-04-27 21:00:00,-3.7935486,7.594055,286.68524,100400.125,51.75,5.25
2024-04-27 22:00:00,-3.43721,9.896286,286.73425,100390.24,51.75,5.25
2024-04-27 23:00:00,-3.8550415,9.260132,286.87512,100391.16,51.75,5.25
2024-04-28 00:00:00,-4.462799,8.649063,286.89587,100333.65,51.75,5.25
2024-04-28 01:00:00,-4.974243,8.310287,287.39252,100281.19,51.75,5.25
2024-04-28 02:00:00,-5.907196,8.134659,287.6919,100216.8,51.75,5.25
2024-04-28 03:00:00,-5.289276,9.36467,287.44623,100212.93,51.75,5.25
2024-04-28 04:00:00,-2.7014008,9.885696,287.36218,100217.95,51.75,5.25
2024-04-28 05:00:00,-1.1607056,9.631165,287.22375,100223.75,51.75,5.25
2024-04-28 06:00:00,-0.059295654,9.685883,287.41827,100300.7,51.75,5.25
2024-04-28 07:00:00,0.70370483,9.316315,287.91388,100380.05,51.75,5.25
2024-04-28 08:00:00,2.063095,10.781677,288.5821,100428.86,51.75,5.25
2024-04-28 09:00:00,3.3758698,12.781845,288.67157,100485.92,51.75,5.25
2024-04-28 10:00:00,1.8219147,11.702316,288.44577,100538.695,51.75,5.25
2024-04-28 11:00:00,3.1902008,12.740799,288.43854,100586.484,51.75,5.25
2024-04-28 12:00:00,4.497711,12.874252,288.17102,100626.45,51.75,5.25
2024-04-28 13:00:00,5.6811523,12.5008545,287.74573,100750.36,51.75,5.25
2024-04-28 14:00:00,6.8893127,12.0464325,287.51685,100849.58,51.75,5.25
2024-04-28 15:00:00,8.247177,10.250153,287.37396,100964.875,51.75,5.25
2024-04-28 16:00:00,9.030746,7.6789093,286.82465,101077.91,51.75,5.25
2024-04-28 17:00:00,7.8576508,5.736313,286.29654,101164.76,51.75,5.25
2024-04-28 18:00:00,6.689392,4.800171,285.43842,101267.695,51.75,5.25
2024-04-28 19:00:00,5.1287537,4.172531,284.53375,101365.125,51.75,5.25
2024-04-28 20:00:00,3.959137,4.0877686,283.1242,101448.28,51.75,5.25
2024-04-28 21:00:00,3.5164185,4.4407043,281.6796,101510.09,51.75,5.25
2024-04-28 22:00:00,2.586731,2.9915009,281.12344,101564.11,51.75,5.25
2024-04-28 23:00:00,2.4133148,3.5003357,280.66058,101606.57,51.75,5.25
2024-04-29 00:00:00,2.3620758,4.372696,280.25183,101651.55,51.75,5.25
2024-04-29 01:00:00,2.1336975,4.6868744,279.75,101675.836,51.75,5.25
2024-04-29 02:00:00,1.7289734,5.5578156,279.67865,101717.21,51.75,5.25
2024-04-29 03:00:00,1.5405579,5.50235,279.92505,101761.56,51.75,5.25
2024-04-29 04:00:00,1.2945251,5.0802765,279.72324,101782.17,51.75,5.25
2024-04-29 05:00:00,0.54914856,5.503372,280.25916,101832.33,51.75,5.25
2024-04-29 06:00:00,0.306839,5.5365906,282.2838,101889.586,51.75,5.25
2024-04-29 07:00:00,0.46343994,4.2049713,284.30057,101913.516,51.75,5.25
2024-04-29 08:00:00,0.4961548,4.111389,285.979,101946.58,51.75,5.25
2024-04-29 09:00:00,0.6826935,5.115616,287.65854,101948.22,51.75,5.25
2024-04-29 10:00:00,-0.6611023,3.936554,289.05014,101946.586,51.75,5.25
2024-04-29 11:00:00,-0.504303,4.9609375,290.19473,101933.445,51.75,5.25
2024-04-29 12:00:00,-0.30081177,5.6983185,290.97327,101896.97,51.75,5.25
2024-04-29 13:00:00,-0.0023651123,5.9556427,291.63223,101856.78,51.75,5.25
2024-04-29 14:00:00,0.7841339,6.5893555,291.94684,101882.13,51.75,5.25
2024-04-29 15:00:00,0.58651733,5.4594727,292.17145,101818.94,51.75,5.25
2024-04-29 16:00:00,-0.06222534,4.231476,292.0658,101778.63,51.75,5.25
2024-04-29 17:00:00,-0.3087616,3.6106873,291.73682,101777.94,51.75,5.25
2024-04-29 18:00:00,-0.5828705,3.3742065,290.35797,101765.73,51.75,5.25
2024-04-29 19:00:00,-1.334549,3.291031,288.93533,101781.11,51.75,5.25
2024-04-29 20:00:00,-1.9646912,4.5433044,287.86884,101814.484,51.75,5.25
2024-04-29 21:00:00,-1.7553406,6.0997314,287.4145,101847.55,51.75,5.25
2024-04-29 22:00:00,0.6990967,4.8915253,287.15497,101805.03,51.75,5.25
2024-04-29 23:00:00,1.0947723,4.9364624,286.7254,101784.05,51.75,5.25
2024-04-30 00:00:00,0.7593689,5.3710938,286.42303,101789.84,51.75,5.25
2024-04-30 01:00:00,0.18495178,4.967209,286.4027,101749.65,51.75,5.25
2024-04-30 02:00:00,-0.8494568,5.509384,286.28888,101755.94,51.75,5.25
2024-04-30 03:00:00,-1.141159,5.7811737,286.18903,101711.72,51.75,5.25
2024-04-30 04:00:00,-0.88842773,5.600342,285.8766,101682.33,51.75,5.25
2024-04-30 05:00:00,-1.7061462,5.3566284,285.66937,101686.164,51.75,5.25
2024-04-30 06:00:00,-1.9934845,4.9120483,286.13016,101659.35,51.75,5.25
2024-04-30 07:00:00,-1.7169647,4.2895203,287.10425,101647.47,51.75,5.25
2024-04-30 08:00:00,-1.7166138,4.1171265,288.53265,101650.82,51.75,5.25
2024-04-30 09:00:00,-2.3031769,4.5757446,289.22482,101633.445,51.75,5.25
2024-04-30 10:00:00,-1.442337,4.0380554,291.01852,101597.92,51.75,5.25
2024-04-30 11:00:00,-1.7008514,3.9751434,292.2044,101537.3,51.75,5.25
2024-04-30 12:00:00,-0.7140503,4.2119904,293.36224,101474.69,51.75,5.25
2024-04-30 13:00:00,-1.2529297,2.759903,294.28882,101384.734,51.75,5.25
2024-04-30 14:00:00,-1.2516937,4.050949,294.59833,101383.3,51.75,5.25
2024-04-30 15:00:00,-1.2535095,3.408722,294.76685,101294.016,51.75,5.25
2024-04-30 16:00:00,-2.159912,2.123886,294.76187,101249.17,51.75,5.25
2024-04-30 17:00:00,-2.9084167,0.48365784,294.32492,101204.375,51.75,5.25
2024-04-30 18:00:00,-4.6252747,-0.46263123,293.45746,101154.3,51.75,5.25
2024-04-30 19:00:00,-5.9414062,-0.45521545,291.64398,101187.69,51.75,5.25
2024-04-30 20:00:00,-4.562668,0.24819946,290.04218,101178.11,51.75,5.25
2024-04-30 21:00:00,-0.55999756,1.1990967,288.91095,101203.09,51.75,5.25
2024-04-30 22:00:00,0.21592712,-1.3265991,288.7306,101136.67,51.75,5.25
2024-04-30 23:00:00,2.635849,-1.9663391,288.24878,101135.91,51.75,5.25
2024-05-01 00:00:00,5.7605286,-1.9999084,287.77383,101150.63,51.75,5.25
2024-05-01 01:00:00,6.8894653,-3.2209015,287.4911,101097.2,51.75,5.25
2024-05-01 02:00:00,6.438446,-4.523712,287.4417,101047.26,51.75,5.25
2024-05-01 03:00:00,4.725525,-5.653488,286.74173,101038.96,51.75,5.25
2024-05-01 04:00:00,4.0358887,-5.8861084,286.14337,101001.766,51.75,5.25
2024-05-01 05:00:00,3.9902344,-6.0974426,286.4435,100970.7,51.75,5.25
2024-05-01 06:00:00,3.1923523,-7.0783844,287.93036,100916.41,51.75,5.25
2024-05-01 07:00:00,0.6859741,-6.8693085,289.68658,100837.44,51.75,5.25
2024-05-01 08:00:00,-0.6471405,-5.033493,291.3095,100803.7,51.75,5.25
2024-05-01 09:00:00,-0.4536438,-3.41214,292.78967,100740.73,51.75,5.25
2024-05-01 10:00:00,-0.73535156,-3.5159607,294.01776,100692.33,51.75,5.25
2024-05-01 11:00:00,-0.9241333,-3.2311401,295.16284,100626.43,51.75,5.25
2024-05-01 12:00:00,-0.9244995,-3.4762268,296.13483,100552.484,51.75,5.25
2024-05-01 13:00:00,-1.1193542,-3.9751587,297.03918,100479.03,51.75,5.25
2024-05-01 14:00:00,-1.7902832,-4.472687,297.60895,100385.195,51.75,5.25
2024-05-01 15:00:00,-2.8571625,-4.658066,298.26416,100314.97,51.75,5.25
2024-05-01 16:00:00,-3.9786682,-4.610611,298.5688,100247.32,51.75,5.25
2024-05-01 17:00:00,-5.0536346,-4.3659363,298.06183,100209.39,51.75,5.25
2024-05-01 18:00:00,-5.6249847,-4.918808,296.2218,100164.836,51.75,5.25
2024-05-01 19:00:00,-7.054016,-5.465454,294.57227,100157.36,51.75,5.25
2024-05-01 20:00:00,-8.024124,-4.0539246,293.2212,100152.97,51.75,5.25
2024-05-01 21:00:00,-7.8232574,-3.0028381,292.3219,100126.37,51.75,5.25
2024-05-01 22:00:00,-8.075485,-1.5278015,291.44162,100078.44,51.75,5.25
2024-05-01 23:00:00,-7.725189,-1.0016785,290.81815,100016.875,51.75,5.25
2024-05-02 00:00:00,-7.3148804,-0.45922852,290.29843,99979.43,51.75,5.25
2024-05-02 01:00:00,-6.728882,-0.51986694,289.84055,99948.16,51.75,5.25
2024-05-02 02:00:00,-6.7512817,-1.0925751,289.14227,99914.28,51.75,5.25
2024-05-02 03:00:00,-7.1904144,-1.459198,288.68964,99873.625,51.75,5.25
2024-05-02 04:00:00,-7.3601227,-1.4940033,288.27112,99836.44,51.75,5.25
2024-05-02 05:00:00,-6.820038,-0.74645996,288.08356,99858.61,51.75,5.25
2024-05-02 06:00:00,-6.1990204,-0.34883118,289.42416,99861.125,51.75,5.25
2024-05-02 07:00:00,-5.0365143,-0.41371155,290.84552,99836.42,51.75,5.25
2024-05-02 08:00:00,-3.9547882,-0.092453,292.2353,99820.99,51.75,5.25
2024-05-02 09:00:00,-2.8118286,-0.04397583,293.5277,99825.56,51.75,5.25
2024-05-02 10:00:00,-1.7442017,-0.14633179,294.4865,99805.22,51.75,5.25
2024-05-02 11:00:00,-0.8332672,-0.023880005,295.3435,99804.64,51.75,5.25
2024-05-02 12:00:00,0.33125305,0.22502136,295.89032,99813.66,51.75,5.25
2024-05-02 13:00:00,2.1615448,1.2082825,296.13947,99841.41,51.75,5.25
2024-05-02 14:00:00,4.7230225,1.359436,296.14825,99884.81,51.75,5.25
2024-05-02 15:00:00,6.2423096,-1.5218201,294.22272,99878.08,51.75,5.25
2024-05-02 16:00:00,6.812149,-1.8009186,291.97626,99916.2,51.75,5.25
2024-05-02 17:00:00,6.6456604,-1.9326935,290.25958,100033.234,51.75,5.25
2024-05-02 18:00:00,7.112335,-0.7793579,289.05847,100104.0,51.75,5.25
2024-05-02 19:00:00,8.057571,-0.45466614,288.24353,100143.22,51.75,5.25
2024-05-02 20:00:00,8.041168,0.06942749,287.44354,100184.06,51.75,5.25
2024-05-02 21:00:00,7.836792,0.9333191,286.5771,100209.22,51.75,5.25
2024-05-02 22:00:00,5.9003143,0.92292786,286.46753,100272.78,51.75,5.25
2024-05-02 23:00:00,5.9361877,2.3719482,286.5337,100245.09,51.75,5.25
2024-05-03 00:00:00,6.4522247,3.2336426,286.61533,100280.94,51.75,5.25
2024-05-03 01:00:00,6.5540924,2.6201172,286.46643,100300.17,51.75,5.25
2024-05-03 02:00:00,6.2217407,2.6463165,286.3818,100317.73,51.75,5.25
2024-05-03 03:00:00,5.9127045,3.477188,286.12155,100345.945,51.75,5.25
2024-05-03 04:00:00,6.8444214,4.256607,285.7609,100373.17,51.75,5.25
2024-05-03 05:00:00,7.559967,4.8924255,285.375,100437.016,51.75,5.25
2024-05-03 06:00:00,8.241959,5.9174805,285.024,100506.73,51.75,5.25
2024-05-03 07:00:00,8.5392,6.5160065,284.66333,100546.8,51.75,5.25
2024-05-03 08:00:00,7.0998383,6.529312,284.4796,100618.13,51.75,5.25
2024-05-03 09:00:00,7.4065247,6.810364,284.1552,100702.58,51.75,5.25
2024-05-03 10:00:00,6.724945,6.463043,283.69708,100826.44,51.75,5.25
2024-05-03 11:00:00,6.5876923,6.8409576,283.6554,100902.06,51.75,5.25
2024-05-03 12:00:00,6.1065063,6.3669434,283.87823,100945.05,51.75,5.25
2024-05-03 13:00:00,6.821991,5.9295654,284.37787,101016.29,51.75,5.25
2024-05-03 14:00:00,6.6693115,5.1625977,285.44232,101100.11,51.75,5.25
2024-05-03 15:00:00,6.17424,4.7813873,285.8241,101142.516,51.75,5.25
2024-05-03 16:00:00,6.525955,4.603592,286.41882,101194.96,51.75,5.25
2024-05-03 17:00:00,6.0141754,3.6613617,286.7278,101223.586,51.75,5.25
2024-05-03 18:00:00,4.8980865,3.186615,286.52893,101233.8,51.75,5.25
2024-05-03 19:00:00,3.6606445,3.126709,284.96307,101262.94,51.75,5.25
2024-05-03 20:00:00,2.5701447,3.3676453,282.8147,101329.695,51.75,5.25
2024-05-03 21:00:00,1.4282379,3.921173,282.01385,101346.234,51.75,5.25
2024-05-03 22:00:00,1.0955658,5.5173187,281.44415,101381.266,51.75,5.25
2024-05-03 23:00:00,1.812439,5.546463,281.6682,101384.484,51.75,5.25
2024-05-04 00:00:00,2.2343597,5.707428,281.42932,101412.61,51.75,5.25
2024-05-04 01:00:00,2.2873535,5.319748,281.0536,101392.06,51.75,5.25
2024-05-04 02:00:00,2.2497406,5.270508,280.83612,101405.625,51.75,5.25
2024-05-04 03:00:00,2.0517273,5.0078278,280.42487,101411.22,51.75,5.25
2024-05-04 04:00:00,1.2028961,4.557419,280.32324,101388.484,51.75,5.25
2024-05-04 05:00:00,0.368927,5.091797,280.94653,101413.71,51.75,5.25
2024-05-04 06:00:00,-0.16947937,4.9970245,282.64856,101432.47,51.75,5.25
2024-05-04 07:00:00,-0.64378357,3.5555878,284.17468,101470.45,51.75,5.25
2024-05-04 08:00:00,-1.1781769,3.0961456,285.67902,101472.164,51.75,5.25
2024-05-04 09:00:00,-1.5913696,3.3248901,287.05978,101452.29,51.75,5.25
2024-05-04 10:00:00,-1.608963,3.6925201,287.92346,101429.72,51.75,5.25
2024-05-04 11:00:00,-1.9457855,4.1588593,288.63834,101377.72,51.75,5.25
2024-05-04 12:00:00,-2.585556,4.1587524,289.01456,101332.96,51.75,5.25
2024-05-04 13:00:00,-3.0735474,4.060623,288.95923,101261.19,51.75,5.25
2024-05-04 14:00:00,-3.3384705,3.6327362,288.9234,101191.11,51.75,5.25
2024-05-04 15:00:00,-3.2604523,3.1335144,288.833,101144.95,51.75,5.25
2024-05-04 16:00:00,-3.5000153,2.4836884,287.573,101082.84,51.75,5.25
2024-05-04 17:00:00,-3.2911987,2.6530151,286.56686,101065.61,51.75,5.25
2024-05-04 18:00:00,-3.2687378,3.4257507,285.45752,101028.56,51.75,5.25
2024-05-04 19:00:00,-3.282257,2.4544067,284.68307,100994.91,51.75,5.25
2024-05-04 20:00:00,-4.00354,1.083786,284.16418,100970.17,51.75,5.25
2024-05-04 21:00:00,-4.4266815,0.19197083,284.0394,100898.45,51.75,5.25
2024-05-04 22:00:00,-1.8042297,-3.4257507,284.5434,100875.56,51.75,5.25
2024-05-04 23:00:00,-1.3639069,-2.3947601,284.28177,100847.83,51.75,5.25
2024-05-05 00:00:00,-0.7791748,-1.3063507,284.09274,100825.57,51.75,5.25
2024-05-05 01:00:00,0.7918854,-1.0241547,283.49075,100773.45,51.75,5.25
2024-05-05 02:00:00,3.5849152,-0.03665161,283.3349,100781.72,51.75,5.25
2024-05-05 03:00:00,4.896225,0.24667358,283.17242,100806.23,51.75,5.25
2024-05-05 04:00:00,5.065506,0.4800415,282.93665,100819.89,51.75,5.25
2024-05-05 05:00:00,5.5443573,1.1743927,282.946,100869.64,51.75,5.25
2024-05-05 06:00:00,5.0687866,1.0233154,283.27496,100880.28,51.75,5.25
2024-05-05 07:00:00,4.916168,0.68807983,283.91388,100909.61,51.75,5.25
2024-05-05 08:00:00,4.9106903,0.5227814,284.9345,100931.92,51.75,5.25
2024-05-05 09:00:00,4.9311676,0.65400696,286.04004,100938.02,51.75,5.25
2024-05-05 10:00:00,3.5971832,0.95762634,287.01288,100965.61,51.75,5.25
2024-05-05 11:00:00,3.225113,1.3616486,287.8662,100968.35,51.75,5.25
2024-05-05 12:00:00,2.828003,1.7539368,288.57654,100973.64,51.75,5.25
2024-05-05 13:00:00,2.6699066,1.8389893,289.10797,100940.26,51.75,5.25
2024-05-05 14:00:00,2.3240204,1.581192,289.54077,100893.41,51.75,5.25
2024-05-05 15:00:00,2.1712952,1.5038757,289.69006,100887.69,51.75,5.25
2024-05-05 16:00:00,1.9337463,1.2561035,289.67468,100868.88,51.75,5.25
2024-05-05 17:00:00,1.0134277,0.56103516,289.4793,100838.25,51.75,5.25
2024-05-05 18:00:00,-0.013000488,-0.13941956,288.63586,100813.97,51.75,5.25
2024-05-05 19:00:00,-1.6333618,-1.0789642,286.7719,100807.95,51.75,5.25
2024-05-05 20:00:00,-3.7158356,-1.4668579,285.32648,100831.7,51.75,5.25
2024-05-05 21:00:00,-5.2013855,-1.1381073,284.8396,100837.73,51.75,5.25
2024-05-05 22:00:00,-5.923401,0.7910919,284.6585,100829.945,51.75,5.25
2024-05-05 23:00:00,-5.7299347,1.2817383,284.35187,100797.2,51.75,5.25
2024-05-06 00:00:00,-5.715515,1.1587067,284.26178,100770.03,51.75,5.25
2024-05-06 01:00:00,-5.2256317,1.3540802,284.08652,100734.02,51.75,5.25
2024-05-06 02:00:00,-5.371475,1.0855865,284.09796,100699.27,51.75,5.25
2024-05-06 03:00:00,-5.307358,0.41545105,283.91574,100680.23,51.75,5.25
2024-05-06 04:00:00,-5.762619,0.12414551,284.0786,100679.89,51.75,5.25
2024-05-06 05:00:00,-6.0480194,-0.09655762,284.52826,100685.055,51.75,5.25
2024-05-06 06:00:00,-5.6987762,-0.29893494,285.80402,100672.69,51.75,5.25
2024-05-06 07:00:00,-4.54068,-0.6501465,286.97217,100677.27,51.75,5.25
2024-05-06 08:00:00,-4.449112,-0.32261658,288.35834,100685.59,51.75,5.25
2024-05-06 09:00:00,-5.0940704,0.09059143,289.60828,100692.48,51.75,5.25
2024-05-06 10:00:00,-4.459366,-0.18667603,290.3648,100730.03,51.75,5.25
2024-05-06 11:00:00,-4.6953278,-0.13757324,290.7276,100726.69,51.75,5.25
2024-05-06 12:00:00,-4.2870483,-0.17138672,291.10553,100720.22,51.75,5.25
2024-05-06 13:00:00,-3.5182953,0.20794678,291.11835,100734.766,51.75,5.25
2024-05-06 14:00:00,-3.2007294,-0.20838928,290.46848,100719.734,51.75,5.25
2024-05-06 15:00:00,-2.1861572,0.21336365,290.18582,100785.4,51.75,5.25
2024-05-06 16:00:00,-1.6455841,-0.45664978,289.55374,100834.61,51.75,5.25
2024-05-06 17:00:00,-2.2931824,-1.1568756,289.17252,100883.23,51.75,5.25
2024-05-06 18:00:00,-2.3622131,-1.2935486,288.5602,100938.66,51.75,5.25
2024-05-06 19:00:00,-2.855362,-1.2907562,287.95905,101021.16,51.75,5.25
2024-05-06 20:00:00,-3.439621,-0.9801483,287.58792,101093.2,51.75,5.25
2024-05-06 21:00:00,-3.5015106,-0.77326965,287.44928,101132.914,51.75,5.25
2024-05-06 22:00:00,-2.26651,-3.357727,287.0906,101191.88,51.75,5.25
2024-05-06 23:00:00,-3.6992645,-3.1142578,287.12085,101223.67,51.75,5.25
2024-05-07 00:00:00,-4.156433,-2.923355,286.85303,101284.3,51.75,5.25
2024-05-07 01:00:00,-3.8984375,-2.7942352,286.53162,101321.625,51.75,5.25
2024-05-07 02:00:00,-3.5905762,-2.6361237,286.29663,101379.72,51.75,5.25
2024-05-07 03:00:00,-3.6095734,-2.9341278,286.03842,101406.14,51.75,5.25
2024-05-07 04:00:00,-3.8728027,-3.1079254,285.519,101469.0,51.75,5.25
2024-05-07 05:00:00,-3.3801117,-3.5268555,285.28497,101535.7,51.75,5.25
2024-05-07 06:00:00,-2.8942566,-3.753189,285.69983,101601.18,51.75,5.25
2024-05-07 07:00:00,-1.9594727,-2.9807892,286.23694,101682.64,51.75,5.25
2024-05-07 08:00:00,-1.4137573,-2.973877,287.3533,101746.22,51.75,5.25
2024-05-07 09:00:00,-0.9579315,-3.6686707,289.01318,101806.375,51.75,5.25
2024-05-07 10:00:00,-0.45394897,-3.7631378,290.18506,101834.42,51.75,5.25
2024-05-07 11:00:00,-1.1608429,-4.67955,290.5674,101877.92,51.75,5.25
2024-05-07 12:00:00,-1.4722443,-4.9914093,291.2257,101877.44,51.75,5.25
2024-05-07 13:00:00,-1.103302,-5.4096985,291.56976,101945.35,51.75,5.25
2024-05-07 14:00:00,-1.016098,-5.868759,292.0323,101976.17,51.75,5.25
2024-05-07 15:00:00,-0.460083,-6.172165,291.41415,102008.83,51.75,5.25
2024-05-07 16:00:00,0.57255554,-6.496399,291.0498,102070.516,51.75,5.25
2024-05-07 17:00:00,0.88420105,-6.708267,290.31238,102118.66,51.75,5.25
2024-05-07 18:00:00,0.66241455,-6.885086,289.25003,102175.19,51.75,5.25
2024-05-07 19:00:00,0.71606445,-7.109833,287.87378,102232.016,51.75,5.25
2024-05-07 20:00:00,0.73353577,-7.2077637,286.65082,102333.49,51.75,5.25
2024-05-07 21:00:00,0.41618347,-6.710373,285.56213,102377.56,51.75,5.25
2024-05-07 22:00:00,0.6881561,-6.7053223,284.47015,102415.41,51.75,5.25
2024-05-07 23:00:00,1.1737671,-6.659363,284.1157,102442.586,51.75,5.25
2024-05-08 00:00:00,1.0704498,-6.374756,284.0103,102479.984,51.75,5.25
2024-05-08 01:00:00,0.9430847,-6.215622,283.64526,102474.08,51.75,5.25
2024-05-08 02:00:00,1.0348969,-6.032318,283.31213,102492.125,51.75,5.25
2024-05-08 03:00:00,1.2853851,-5.8926697,283.10144,102522.125,51.75,5.25
2024-05-08 04:00:00,1.0709839,-5.4332733,283.00433,102584.28,51.75,5.25
2024-05-08 05:00:00,0.405838,-4.614456,283.2694,102603.125,51.75,5.25
2024-05-08 06:00:00,-0.192276,-3.8715363,284.16138,102634.945,51.75,5.25
2024-05-08 07:00:00,-0.7232208,-4.1006165,285.1479,102671.81,51.75,5.25
2024-05-08 08:00:00,-0.29431152,-3.8680573,285.65338,102688.1,51.75,5.25
2024-05-08 09:00:00,-0.12437439,-3.4210815,285.8247,102701.195,51.75,5.25
2024-05-08 10:00:00,0.6272583,-2.4506226,286.41122,102724.875,51.75,5.25
2024-05-08 11:00:00,0.65711975,-2.4196777,286.83014,102734.77,51.75,5.25
2024-05-08 12:00:00,0.5680542,-2.3212433,287.2266,102719.08,51.75,5.25
2024-05-08 13:00:00,0.81040955,-2.4603882,287.5981,102719.625,51.75,5.25
2024-05-08 14:00:00,1.1786804,-2.4292603,287.7561,102737.12,51.75,5.25
2024-05-08 15:00:00,1.0600891,-2.5030212,288.06555,102744.3,51.75,5.25
2024-05-08 16:00:00,0.7774811,-2.5857086,288.3884,102726.8,51.75,5.25
2024-05-08 17:00:00,0.8042145,-2.6663055,288.39017,102722.94,51.75,5.25
2024-05-08 18:00:00,1.1992645,-3.0711517,287.80234,102719.39,51.75,5.25
2024-05-08 19:00:00,1.2749634,-4.244629,286.89145,102767.03,51.75,5.25
2024-05-08 20:00:00,0.35653687,-5.0000153,285.04248,102809.37,51.75,5.25
2024-05-08 21:00:00,-0.6082916,-5.1015015,283.85184,102838.28,51.75,5.25
2024-05-08 22:00:00,-0.5545654,-4.400406,283.53616,102848.06,51.75,5.25
2024-05-08 23:00:00,-1.13414,-4.614273,282.82434,102858.17,51.75,5.25
2024-05-09 00:00:00,-1.86586,-4.135788,282.1014,102848.766,51.75,5.25
2024-05-09 01:00:00,-2.4837646,-3.454483,280.92938,102826.875,51.75,5.25
2024-05-09 02:00:00,-2.9589844,-2.7639313,280.14917,102810.92,51.75,5.25
2024-05-09 03:00:00,-2.849289,-2.1689453,280.08417,102791.72,51.75,5.25
2024-05-09 04:00:00,-2.5312653,-1.8416595,279.77838,102806.71,51.75,5.25
2024-05-09 05:00:00,-2.410019,-1.681839,280.51706,102801.12,51.75,5.25
2024-05-09 06:00:00,-1.6982574,-0.9752197,282.76392,102817.36,51.75,5.25
2024-05-09 07:00:00,-0.69807434,-0.47735596,284.75616,102833.32,51.75,5.25
2024-05-09 08:00:00,-0.27070618,-0.5313721,286.63977,102813.39,51.75,5.25
2024-05-09 09:00:00,-0.21180725,-0.57803345,288.462,102794.46,51.75,5.25
2024-05-09 10:00:00,0.0957489,0.022079468,289.98395,102764.125,51.75,5.25
2024-05-09 11:00:00,1.0918121,0.20199585,290.65564,102722.35,51.75,5.25
2024-05-09 12:00:00,1.7210846,-0.17033386,291.22708,102662.0,51.75,5.25
2024-05-09 13:00:00,1.8539734,-0.38981628,291.33615,102630.35,51.75,5.25
2024-05-09 14:00:00,1.8670197,-1.2394257,291.31546,102575.46,51.75,5.25
2024-05-09 15:00:00,1.9193115,-1.9396362,291.77286,102559.32,51.75,5.25
2024-05-09 16:00:00,1.7300873,-2.5505981,291.8177,102505.74,51.75,5.25
2024-05-09 17:00:00,1.234375,-3.2732239,291.36703,102468.69,51.75,5.25
2024-05-09 18:00:00,0.4792328,-3.9213562,290.4513,102448.4,51.75,5.25
2024-05-09 19:00:00,-0.124572754,-4.5956573,288.50635,102449.31,51.75,5.25
2024-05-09 20:00:00,-0.9532776,-4.995331,286.77164,102498.31,51.75,5.25
2024-05-09 21:00:00,-1.9741364,-4.4115906,285.4843,102504.99,51.75,5.25
2024-05-09 22:00:00,-2.9686737,-3.2074585,284.6062,102496.83,51.75,5.25
2024-05-09 23:00:00,-2.927887,-2.1746979,283.73532,102483.33,51.75,5.25
2024-05-10 00:00:00,-2.9616852,-1.6390381,283.0675,102473.34,51.75,5.25
2024-05-10 01:00:00,-2.5525665,-1.6022339,282.6161,102448.77,51.75,5.25
2024-05-10 02:00:00,-2.2585907,-1.7523346,282.00455,102406.92,51.75,5.25
2024-05-10 03:00:00,-1.9549866,-2.2118988,282.16064,102384.59,51.75,5.25
2024-05-10 04:00:00,-2.0470428,-2.7900085,282.1286,102396.41,51.75,5.25
2024-05-10 05:00:00,-2.2946014,-2.941864,282.54718,102377.17,51.75,5.25
2024-05-10 06:00:00,-2.219162,-2.3478394,284.72046,102415.5,51.75,5.25
2024-05-10 07:00:00,-1.3273773,-1.5792694,287.2151,102445.984,51.75,5.25
2024-05-10 08:00:00,-1.0761719,-1.5897369,289.31946,102442.9,51.75,5.25
2024-05-10 09:00:00,-1.0921783,-1.8713074,290.55164,102461.0,51.75,5.25
2024-05-10 10:00:00,-0.96243286,-1.8299103,291.75482,102427.59,51.75,5.25
2024-05-10 11:00:00,-1.4419098,-1.802002,292.46405,102413.19,51.75,5.25
2024-05-10 12:00:00,-1.8044434,-1.7738495,293.01147,102367.555,51.75,5.25
2024-05-10 13:00:00,-2.1085205,-1.670578,293.38867,102332.55,51.75,5.25
2024-05-10 14:00:00,-2.35318,-1.6808167,293.64993,102291.14,51.75,5.25
2024-05-10 15:00:00,-2.5254364,-1.7770996,293.8534,102257.38,51.75,5.25
2024-05-10 16:00:00,-2.5861511,-1.6754761,293.77917,102221.09,51.75,5.25
2024-05-10 17:00:00,-2.3610077,-2.1070404,293.6023,102206.72,51.75,5.25
2024-05-10 18:00:00,-2.2581177,-3.5300598,292.53345,102204.59,51.75,5.25
2024-05-10 19:00:00,-2.9751282,-5.2204742,290.40552,102220.72,51.75,5.25
2024-05-10 20:00:00,-4.249069,-5.9610596,289.036,102254.56,51.75,5.25
2024-05-10 21:00:00,-5.3214417,-5.562088,288.33722,102287.23,51.75,5.25
2024-05-10 22:00:00,-5.738907,-4.7371826,287.89743,102260.19,51.75,5.25
2024-05-10 23:00:00,-5.757324,-4.282135,287.0381,102211.51,51.75,5.25
2024-05-11 00:00:00,-5.78743,-4.0586853,286.57288,102291.67,51.75,5.25
2024-05-11 01:00:00,-5.9113007,-3.8488922,285.90216,102217.055,51.75,5.25
2024-05-11 02:00:00,-5.960129,-3.8551178,285.46698,102256.766,51.75,5.25
2024-05-11 03:00:00,-6.013611,-3.6805878,285.1159,102224.445,51.75,5.25
2024-05-11 04:00:00,-6.0394287,-3.3486328,284.64926,102248.58,51.75,5.25
2024-05-11 05:00:00,-6.1263885,-2.879364,284.84286,102281.19,51.75,5.25
2024-05-11 06:00:00,-5.3304596,-2.1643677,285.86136,102235.24,51.75,5.25
2024-05-11 07:00:00,-4.6804047,-1.7354279,287.2116,102300.625,51.75,5.25
2024-05-11 08:00:00,-4.4265137,-1.5728302,288.95813,102267.95,51.75,5.25
2024-05-11 09:00:00,-4.3484497,-1.4440765,290.70404,102262.47,51.75,5.25
2024-05-11 10:00:00,-4.1363373,-1.6520691,292.3656,102227.13,51.75,5.25
2024-05-11 11:00:00,-4.478012,-1.7705383,293.85773,102177.664,51.75,5.25
2024-05-11 12:00:00,-4.767502,-1.78125,294.7918,102141.4,51.75,5.25
2024-05-11 13:00:00,-4.907074,-1.6239624,295.56433,102112.74,51.75,5.25
2024-05-11 14:00:00,-5.0309296,-1.2322235,296.01263,102053.31,51.75,5.25
2024-05-11 15:00:00,-5.0767975,-0.967926,295.97928,102008.27,51.75,5.25
2024-05-11 16:00:00,-4.990814,-1.375885,295.84583,101982.52,51.75,5.25
2024-05-11 17:00:00,-5.1611023,-2.4302979,295.29144,101952.5,51.75,5.25
2024-05-11 18:00:00,-5.8490295,-3.4429321,294.18512,101931.625,51.75,5.25
2024-05-11 19:00:00,-6.704544,-3.7578278,292.9362,101938.27,51.75,5.25
2024-05-11 20:00:00,-7.6687164,-3.2649078,291.662,101973.32,51.75,5.25
2024-05-11 21:00:00,-8.297226,-2.2957153,290.86163,101964.97,51.75,5.25
2024-05-11 22:00:00,-9.110031,-1.7729645,289.6692,101952.125,51.75,5.25
2024-05-11 23:00:00,-8.9331665,-0.85324097,289.18427,101922.03,51.75,5.25
2024-05-12 00:00:00,-8.516617,0.101867676,288.69348,101889.09,51.75,5.25
2024-05-12 01:00:00,-8.362061,0.5550842,288.0879,101868.33,51.75,5.25
2024-05-12 02:00:00,-8.174789,0.86231995,287.45773,101836.08,51.75,5.25
2024-05-12 03:00:00,-7.733185,1.4221649,286.9065,101814.42,51.75,5.25
2024-05-12 04:00:00,-7.7792053,1.2275848,286.37805,101779.89,51.75,5.25
2024-05-12 05:00:00,-7.9019623,0.872879,287.03604,101741.56,51.75,5.25
2024-05-12 06:00:00,-7.475891,1.0681305,288.56537,101727.56,51.75,5.25
2024-05-12 07:00:00,-6.1634064,0.95513916,290.25604,101704.09,51.75,5.25
2024-05-12 08:00:00,-5.8916473,0.8907623,291.93805,101683.72,51.75,5.25
2024-05-12 09:00:00,-5.9154816,0.6164093,293.50107,101661.06,51.75,5.25
2024-05-12 10:00:00,-6.340088,-0.059768677,294.9265,101609.94,51.75,5.25
2024-05-12 11:00:00,-6.993042,-0.24363708,296.22186,101522.875,51.75,5.25
2024-05-12 12:00:00,-7.6710663,0.55033875,297.24466,101446.695,51.75,5.25
2024-05-12 13:00:00,-7.339325,2.606369,297.86633,101388.2,51.75,5.25
2024-05-12 14:00:00,-6.3449097,3.8935547,298.28442,101325.86,51.75,5.25
2024-05-12 15:00:00,-5.713562,3.911087,298.02008,101245.266,51.75,5.25
2024-05-12 16:00:00,-5.857193,3.3073883,297.95563,101191.875,51.75,5.25
2024-05-12 17:00:00,-6.227188,3.0417633,297.50906,101147.11,51.75,5.25
2024-05-12 18:00:00,-6.3400116,3.222458,296.10715,101155.234,51.75,5.25
2024-05-12 19:00:00,-6.7574615,3.7609406,294.6488,101166.09,51.75,5.25
2024-05-12 20:00:00,-7.0000763,4.4029846,293.30725,101180.03,51.75,5.25
2024-05-12 21:00:00,-6.689087,4.819275,292.50726,101152.47,51.75,5.25
2024-05-12 22:00:00,-1.6744843,5.8580475,291.8683,101146.555,51.75,5.25
2024-05-12 23:00:00,-0.21372986,6.102661,290.92474,101131.8,51.75,5.25
2024-05-13 00:00:00,0.6592102,6.0650177,290.31778,101120.234,51.75,5.25
2024-05-13 01:00:00,1.4582214,5.4496307,289.83377,101077.836,51.75,5.25
2024-05-13 02:00:00,2.0086212,4.869934,289.45654,101073.41,51.75,5.25
2024-05-13 03:00:00,1.1007233,4.300247,288.90814,101097.81,51.75,5.25
2024-05-13 04:00:00,0.17370605,3.856186,288.50323,101104.91,51.75,5.25
2024-05-13 05:00:00,0.14303589,4.160095,288.94507,101121.44,51.75,5.25
2024-05-13 06:00:00,0.3683319,4.2762604,290.4281,101131.75,51.75,5.25
2024-05-13 07:00:00,0.29655457,3.1746979,291.84122,101111.9,51.75,5.25
2024-05-13 08:00:00,0.015609741,2.973465,293.1277,101103.07,51.75,5.25
2024-05-13 09:00:00,-0.37783813,3.916214,294.20923,101090.22,51.75,5.25
2024-05-13 10:00:00,-0.11273193,3.5234985,295.0949,101083.03,51.75,5.25
2024-05-13 11:00:00,-0.5638275,4.2269135,295.5828,101040.92,51.75,5.25
2024-05-13 12:00:00,-0.79304504,4.6970825,295.92126,101001.88,51.75,5.25
2024-05-13 13:00:00,-0.4784851,4.6783905,296.1362,100948.95,51.75,5.25
2024-05-13 14:00:00,-0.099868774,4.53891,296.44257,100953.09,51.75,5.25
2024-05-13 15:00:00,-0.07614136,4.57547,295.27698,100871.96,51.75,5.25
2024-05-13 16:00:00,-0.58387756,4.014221,295.409,100859.81,51.75,5.25
2024-05-13 17:00:00,-2.223938,3.0710602,295.59213,100838.42,51.75,5.25
2024-05-13 18:00:00,-2.9999237,2.7008667,294.75702,100770.484,51.75,5.25
2024-05-13 19:00:00,-3.953247,3.0637054,293.47507,100783.234,51.75,5.25
2024-05-13 20:00:00,-4.794632,3.5444946,291.8238,100787.766,51.75,5.25
2024-05-13 21:00:00,-5.1424255,3.8395844,290.97186,100777.78,51.75,5.25
2024-05-13 22:00:00,-5.0732574,4.0637665,290.32202,100745.99,51.75,5.25
2024-05-13 23:00:00,-4.8340454,4.5902557,289.83502,100691.766,51.75,5.25
2024-05-14 00:00:00,-4.581604,5.1747894,289.54318,100640.82,51.75,5.25
2024-05-14 01:00:00,-4.884033,5.2016754,289.11603,100593.65,51.75,5.25
2024-05-14 02:00:00,-5.571762,4.839508,288.956,100546.33,51.75,5.25
2024-05-14 03:00:00,-6.069153,4.5246887,288.7839,100511.72,51.75,5.25
2024-05-14 04:00:00,-6.5991974,4.516159,288.53223,100508.31,51.75,5.25
2024-05-14 05:00:00,-6.8570404,4.829361,289.61523,100486.25,51.75,5.25
2024-05-14 06:00:00,-6.982559,5.260742,291.17456,100483.78,51.75,5.25
2024-05-14 07:00:00,-6.3122406,4.6797028,292.7945,100461.0,51.75,5.25
2024-05-14 08:00:00,-6.151169,4.6302032,294.46976,100446.445,51.75,5.25
2024-05-14 09:00:00,-5.8802032,5.0742493,296.01526,100411.63,51.75,5.25
2024-05-14 10:00:00,-5.784897,4.32724,297.69232,100376.55,51.75,5.25
2024-05-14 11:00:00,-5.2041473,6.1579437,298.44885,100349.22,51.75,5.25
2024-05-14 12:00:00,-5.0651703,6.4261627,299.07617,100327.08,51.75,5.25
2024-05-14 13:00:00,-4.932953,6.717682,299.33493,100323.805,51.75,5.25
2024-05-14 14:00:00,-4.708893,6.084503,299.57892,100309.11,51.75,5.25
2024-05-14 15:00:00,-4.7413177,5.8003387,299.87506,100309.79,51.75,5.25
2024-05-14 16:00:00,-4.8554077,5.5778656,298.98035,100323.61,51.75,5.25
2024-05-14 17:00:00,-2.9603882,6.1233063,296.5699,100315.64,51.75,5.25
2024-05-14 18:00:00,1.5555725,4.127487,294.0938,100393.914,51.75,5.25
2024-05-14 19:00:00,4.965561,1.4419556,292.61523,100442.78,51.75,5.25
2024-05-14 20:00:00,6.482437,-1.2177887,291.14474,100543.89,51.75,5.25
2024-05-14 21:00:00,5.3957214,-2.4434814,290.2628,100553.03,51.75,5.25
2024-05-14 22:00:00,2.8307648,-2.7270508,289.38196,100581.375,51.75,5.25
2024-05-14 23:00:00,1.7733307,-2.6725159,288.52252,100579.09,51.75,5.25
2024-05-15 00:00:00,1.8531799,-2.7264862,287.77295,100565.59,51.75,5.25
2024-05-15 01:00:00,1.3677216,-3.1408691,286.7544,100530.41,51.75,5.25
2024-05-15 02:00:00,0.40335083,-3.6313019,286.48706,100493.95,51.75,5.25
2024-05-15 03:00:00,0.31385803,-3.3018646,286.378,100502.37,51.75,5.25
2024-05-15 04:00:00,0.7230377,-2.849121,286.29764,100491.18,51.75,5.25
2024-05-15 05:00:00,1.1735382,-2.2714386,287.27542,100492.234,51.75,5.25
2024-05-15 06:00:00,2.1681519,-1.2072601,288.54138,100502.09,51.75,5.25
2024-05-15 07:00:00,2.3719788,-0.73965454,289.7321,100509.914,51.75,5.25
2024-05-15 08:00:00,2.057022,-0.562912,290.8615,100539.94,51.75,5.25
2024-05-15 09:00:00,1.9293518,-0.5376587,291.77618,100550.44,51.75,5.25
2024-05-15 10:00:00,2.0107117,-0.38609314,291.95358,100560.72,51.75,5.25
2024-05-15 11:00:00,1.9884033,0.57095337,292.05438,100574.734,51.75,5.25
2024-05-15 12:00:00,2.6834412,1.1008301,291.78278,100594.25,51.75,5.25
2024-05-15 13:00:00,2.8237762,1.1252899,291.73438,100612.41,51.75,5.25
2024-05-15 14:00:00,2.2124176,1.3546906,291.15472,100624.45,51.75,5.25
2024-05-15 15:00:00,1.8886719,0.59458923,290.5678,100623.25,51.75,5.25
2024-05-15 16:00:00,1.5176849,-0.22683716,290.0125,100626.97,51.75,5.25
2024-05-15 17:00:00,0.9770813,-0.46366882,289.4884,100626.914,51.75,5.25
2024-05-15 18:00:00,1.6898193,-1.2783966,289.25482,100620.61,51.75,5.25
2024-05-15 19:00:00,0.6638794,-2.5354462,289.2112,100616.09,51.75,5.25
2024-05-15 20:00:00,-0.82855225,-3.1960754,288.92688,100660.03,51.75,5.25
2024-05-15 21:00:00,-1.3198853,-2.835083,288.82733,100659.78,51.75,5.25
2024-05-15 22:00:00,-2.98172,-3.3350677,288.57565,100629.42,51.75,5.25
2024-05-15 23:00:00,-3.569336,-2.511078,288.40558,100626.2,51.75,5.25
2024-05-16 00:00:00,-3.8944397,-2.3426971,288.42227,100574.97,51.75,5.25
2024-05-16 01:00:00,-3.228119,-2.0339355,287.84534,100521.04,51.75,5.25
2024-05-16 02:00:00,-2.115158,-2.0567322,288.12134,100468.59,51.75,5.25
2024-05-16 03:00:00,-0.9392395,-2.3439026,288.03052,100400.03,51.75,5.25
2024-05-16 04:00:00,-1.122757,-2.8028717,287.93958,100367.18,51.75,5.25
2024-05-16 05:00:00,-1.2124329,-2.6170654,287.9805,100327.95,51.75,5.25
2024-05-16 06:00:00,-0.9981384,-2.0447998,288.2928,100291.69,51.75,5.25
2024-05-16 07:00:00,-2.3851776,0.63734436,288.63455,100290.56,51.75,5.25
2024-05-16 08:00:00,-2.9689178,3.277893,289.06104,100302.63,51.75,5.25
2024-05-16 09:00:00,-1.844284,4.6168823,289.54114,100278.84,51.75,5.25
2024-05-16 10:00:00,-0.20275879,4.7000732,290.33142,100299.91,51.75,5.25
2024-05-16 11:00:00,0.1820221,5.5764313,291.90674,100313.42,51.75,5.25
2024-05-16 12:00:00,1.3981781,6.2633514,292.44235,100365.266,51.75,5.25
2024-05-16 13:00:00,3.064865,5.2143707,292.57214,100390.266,51.75,5.25
2024-05-16 14:00:00,3.9649048,3.0148315,293.06,100420.72,51.75,5.25
2024-05-16 15:00:00,3.733078,1.3992767,292.94974,100431.78,51.75,5.25
2024-05-16 16:00:00,2.6793976,0.3735199,292.51804,100469.875,51.75,5.25
2024-05-16 17:00:00,2.4389038,-0.90345764,290.68524,100449.47,51.75,5.25
2024-05-16 18:00:00,2.0855408,-0.6270447,289.57446,100537.9,51.75,5.25
2024-05-16 19:00:00,2.0666351,-0.4188385,289.28394,100559.47,51.75,5.25
2024-05-16 20:00:00,1.9024811,-1.6384125,287.7704,100616.766,51.75,5.25
2024-05-16 21:00:00,1.2528687,-2.555252,287.5827,100637.43,51.75,5.25
2024-05-16 22:00:00,1.3225708,-4.2038727,287.18805,100658.03,51.75,5.25
2024-05-16 23:00:00,1.1224518,-4.547516,286.88898,100663.98,51.75,5.25
2024-05-17 00:00:00,1.1972504,-4.7440643,286.78146,100675.2,51.75,5.25
2024-05-17 01:00:00,1.9745178,-4.3194885,286.32974,100689.44,51.75,5.25
2024-05-17 02:00:00,2.3260498,-5.1436768,286.25293,100672.39,51.75,5.25
2024-05-17 03:00:00,2.1156769,-5.452072,286.0924,100664.67,51.75,5.25
2024-05-17 04:00:00,1.8528137,-4.8535614,286.02356,100726.06,51.75,5.25
2024-05-17 05:00:00,2.8025665,-5.1176147,286.27005,100720.58,51.75,5.25
2024-05-17 06:00:00,2.9599762,-4.9864044,286.4353,100722.55,51.75,5.25
2024-05-17 07:00:00,2.9063873,-4.239609,287.54437,100747.15,51.75,5.25
2024-05-17 08:00:00,3.3836975,-4.114258,288.81403,100745.47,51.75,5.25
2024-05-17 09:00:00,3.7572174,-4.3168945,289.89758,100751.09,51.75,5.25
2024-05-17 10:00:00,3.658081,-5.8715363,290.34662,100719.96,51.75,5.25
2024-05-17 11:00:00,3.35466,-6.154007,290.61996,100745.54,51.75,5.25
2024-05-17 12:00:00,2.8852997,-6.4972687,290.53046,100780.38,51.75,5.25
2024-05-17 13:00:00,3.1027527,-6.63208,290.0147,100755.24,51.75,5.25
2024-05-17 14:00:00,3.8667603,-6.0686493,289.82184,100748.03,51.75,5.25
2024-05-17 15:00:00,4.049408,-6.2213745,289.99005,100754.09,51.75,5.25
2024-05-17 16:00:00,3.96492,-6.344681,289.50327,100764.43,51.75,5.25
2024-05-17 17:00:00,3.344574,-6.7605743,289.1103,100767.59,51.75,5.25
2024-05-17 18:00:00,2.4714813,-6.88385,289.01135,100788.57,51.75,5.25
2024-05-17 19:00:00,1.508606,-7.1173553,288.7641,100819.805,51.75,5.25
2024-05-17 20:00:00,0.7274933,-6.933136,288.32388,100839.43,51.75,5.25
2024-05-17 21:00:00,0.028335571,-6.4316864,288.21362,100840.08,51.75,5.25
2024-05-17 22:00:00,2.0275574,-5.8572845,287.83337,100844.88,51.75,5.25
2024-05-17 23:00:00,2.212387,-5.8734283,287.39764,100857.14,51.75,5.25
2024-05-18 00:00:00,1.9849396,-5.4358215,287.39954,100879.35,51.75,5.25
2024-05-18 01:00:00,1.1874542,-5.016861,287.04517,100867.35,51.75,5.25
2024-05-18 02:00:00,0.4316101,-4.1997223,286.47266,100875.625,51.75,5.25
2024-05-18 03:00:00,0.18998718,-2.7277832,285.8307,100896.47,51.75,5.25
2024-05-18 04:00:00,0.04411316,-1.802536,285.68298,100915.75,51.75,5.25
2024-05-18 05:00:00,-0.2978058,-1.5770111,285.99774,100950.28,51.75,5.25
2024-05-18 06:00:00,-0.05458069,-1.4907532,287.40118,100990.766,51.75,5.25
2024-05-18 07:00:00,0.6357727,-1.1542358,288.50702,101010.39,51.75,5.25
2024-05-18 08:00:00,0.69636536,-1.3175201,289.87836,101018.4,51.75,5.25
2024-05-18 09:00:00,0.2396698,-1.6022797,291.40094,101037.59,51.75,5.25
2024-05-18 10:00:00,0.618042,-0.94155884,292.75836,101061.88,51.75,5.25
2024-05-18 11:00:00,0.5914917,-0.8622894,293.68378,101059.07,51.75,5.25
2024-05-18 12:00:00,0.35705566,-0.92341614,294.44385,101069.19,51.75,5.25
2024-05-18 13:00:00,0.2133789,-1.9787292,294.56406,101036.31,51.75,5.25
2024-05-18 14:00:00,-0.108551025,-3.3591156,293.70612,101011.24,51.75,5.25
2024-05-18 15:00:00,-0.66448975,-4.5342865,293.9613,100976.86,51.75,5.25
2024-05-18 16:00:00,-0.3461914,-4.498764,292.57477,101016.14,51.75,5.25
2024-05-18 17:00:00,0.2549286,-4.0812073,291.7,100999.64,51.75,5.25
2024-05-18 18:00:00,0.32862854,-3.4460297,291.04755,101005.49,51.75,5.25
2024-05-18 19:00:00,0.9243469,-2.9951477,289.32556,101029.09,51.75,5.25
2024-05-18 20:00:00,2.2442627,-2.7743378,288.48718,101053.37,51.75,5.25
2024-05-18 21:00:00,3.3874664,-3.3097534,288.27673,101053.84,51.75,5.25
2024-05-18 22:00:00,5.4830475,-3.5017853,287.65167,101057.61,51.75,5.25
2024-05-18 23:00:00,5.0178833,-3.2315216,287.39203,101066.0,51.75,5.25
2024-05-19 00:00:00,3.7846832,-4.3565063,287.19547,101030.16,51.75,5.25
2024-05-19 01:00:00,2.461258,-4.1906586,286.7826,101053.055,51.75,5.25
2024-05-19 02:00:00,2.8248596,-3.4323425,286.4934,101019.27,51.75,5.25
2024-05-19 03:00:00,2.663086,-3.5042114,286.2824,100985.95,51.75,5.25
2024-05-19 04:00:00,1.8346252,-3.275177,285.99573,101017.83,51.75,5.25
2024-05-19 05:00:00,1.2237091,-2.7481537,286.37927,101058.02,51.75,5.25
2024-05-19 06:00:00,1.191391,-2.0058594,287.40448,101089.266,51.75,5.25
2024-05-19 07:00:00,1.3543091,-1.6065063,288.4387,101120.21,51.75,5.25
2024-05-19 08:00:00,1.3881226,-1.6592865,289.7087,101127.83,51.75,5.25
2024-05-19 09:00:00,0.7724304,-2.075241,290.93542,101134.34,51.75,5.25
2024-05-19 10:00:00,1.3511963,-1.47995,291.79224,101134.88,51.75,5.25
2024-05-19 11:00:00,1.7572327,-1.3221893,292.5899,101130.58,51.75,5.25
2024-05-19 12:00:00,2.1590576,-2.2981873,293.13977,101087.06,51.75,5.25
2024-05-19 13:00:00,1.6126404,-4.0081635,293.08694,101061.78,51.75,5.25
2024-05-19 14:00:00,0.8553772,-4.720459,293.21722,101026.94,51.75,5.25
2024-05-19 15:00:00,1.0681,-4.6670685,293.38605,100992.375,51.75,5.25
2024-05-19 16:00:00,0.4895172,-5.670395,291.87738,100996.06,51.75,5.25
2024-05-19 17:00:00,-0.47169495,-4.8859406,291.15054,101005.67,51.75,5.25
2024-05-19 18:00:00,-0.19113159,-4.931198,290.56067,101017.05,51.75,5.25
2024-05-19 19:00:00,-0.023284912,-5.5119476,289.8375,101060.67,51.75,5.25
2024-05-19 20:00:00,0.028579712,-6.1757507,288.95096,101104.66,51.75,5.25
2024-05-19 21:00:00,-0.27468872,-6.8517914,288.16718,101133.13,51.75,5.25
2024-05-19 22:00:00,-0.7705078,-6.7662354,287.5467,101135.14,51.75,5.25
2024-05-19 23:00:00,-1.9663849,-5.8170776,287.23596,101154.484,51.75,5.25
2024-05-20 00:00:00,-1.140091,-5.098938,286.59836,101157.09,51.75,5.25
2024-05-20 01:00:00,0.42549133,-5.256439,286.49915,101129.29,51.75,5.25
2024-05-20 02:00:00,0.7430725,-5.6501007,286.2317,101116.5,51.75,5.25
2024-05-20 03:00:00,0.14506531,-5.6944885,286.3584,101122.72,51.75,5.25
2024-05-20 04:00:00,-0.1558075,-4.9977417,286.301,101114.94,51.75,5.25
2024-05-20 05:00:00,-0.5308533,-4.474869,286.73358,101120.17,51.75,5.25
2024-05-20 06:00:00,0.01878357,-3.2272491,287.4442,101149.91,51.75,5.25
2024-05-20 07:00:00,0.7790375,-3.699936,288.31952,101141.27,51.75,5.25
2024-05-20 08:00:00,0.66204834,-3.7917938,288.8135,101133.484,51.75,5.25
2024-05-20 09:00:00,0.26068115,-2.4745636,289.6472,101146.55,51.75,5.25
2024-05-20 10:00:00,-0.48620605,-2.3372192,290.15836,101148.734,51.75,5.25
2024-05-20 11:00:00,-0.96336365,-2.1566467,290.9469,101137.125,51.75,5.25
2024-05-20 12:00:00,-1.4177399,-1.5202637,292.0195,101119.23,51.75,5.25
2024-05-20 13:00:00,-1.5835571,-1.1195068,291.9781,101071.9,51.75,5.25
2024-05-20 14:00:00,-1.7236481,-1.0964813,292.0528,100999.016,51.75,5.25
2024-05-20 15:00:00,-1.2471619,-0.7950592,292.3001,100989.72,51.75,5.25
2024-05-20 16:00:00,-1.0051727,-1.0595856,292.36542,100946.25,51.75,5.25
2024-05-20 17:00:00,-1.3773346,-1.7314606,292.39075,100901.49,51.75,5.25
2024-05-20 18:00:00,-0.9844818,-2.6985016,291.4712,100921.05,51.75,5.25
2024-05-20 19:00:00,-2.0441895,-3.684082,290.4186,100969.59,51.75,5.25
2024-05-20 20:00:00,-3.3651733,-3.4710236,289.1422,100970.08,51.75,5.25
2024-05-20 21:00:00,-4.511215,-2.7799377,288.49554,100983.29,51.75,5.25
2024-05-20 22:00:00,-3.9798737,-1.6229706,286.86578,100971.07,51.75,5.25
2024-05-20 23:00:00,-4.2902527,-1.579956,286.59436,100957.53,51.75,5.25
2024-05-21 00:00:00,-4.743927,-1.6974487,286.39975,100926.05,51.75,5.25
2024-05-21 01:00:00,-4.798889,-2.108902,286.11182,100889.24,51.75,5.25
2024-05-21 02:00:00,-5.3550262,-2.2979736,286.12823,100877.02,51.75,5.25
2024-05-21 03:00:00,-5.810364,-1.7681732,285.85706,100813.42,51.75,5.25
2024-05-21 04:00:00,-5.642502,-0.9864197,285.9473,100789.17,51.75,5.25
2024-05-21 05:00:00,-5.4458923,-1.1416626,287.0175,100813.234,51.75,5.25
2024-05-21 06:00:00,-4.679184,-1.1355591,288.85034,100821.625,51.75,5.25
2024-05-21 07:00:00,-4.149231,-1.4274597,290.5327,100793.47,51.75,5.25
2024-05-21 08:00:00,-4.038971,-1.6257629,292.24127,100772.43,51.75,5.25
2024-05-21 09:00:00,-3.974472,-1.6906128,293.52875,100767.66,51.75,5.25
2024-05-21 10:00:00,-4.026535,-1.2212524,294.91473,100713.05,51.75,5.25
2024-05-21 11:00:00,-3.0316162,-0.6513977,295.43884,100695.5,51.75,5.25
2024-05-21 12:00:00,-1.9454346,-0.48153687,295.85962,100652.86,51.75,5.25
2024-05-21 13:00:00,-1.271347,-0.27453613,296.13324,100613.58,51.75,5.25
2024-05-21 14:00:00,-0.90693665,0.64401245,295.57806,100597.33,51.75,5.25
2024-05-21 15:00:00,1.140625,2.181305,292.8576,100606.06,51.75,5.25
2024-05-21 16:00:00,4.0897064,2.0108948,291.2218,100568.56,51.75,5.25
2024-05-21 17:00:00,5.4566956,-0.035125732,289.62982,100541.0,51.75,5.25
2024-05-21 18:00:00,4.7298126,-1.3436584,289.15045,100590.625,51.75,5.25
2024-05-21 19:00:00,3.9485016,-2.7772217,288.7293,100566.14,51.75,5.25
2024-05-21 20:00:00,2.6319427,-3.3227997,288.55316,100528.08,51.75,5.25
2024-05-21 21:00:00,1.0013123,-3.2598267,288.3106,100506.98,51.75,5.25
2024-05-21 22:00:00,4.131256,-3.9566498,288.34,100516.766,51.75,5.25
2024-05-21 23:00:00,4.3264923,-2.6301422,288.22675,100409.86,51.75,5.25
2024-05-22 00:00:00,3.4182281,-1.329895,288.2255,100493.15,51.75,5.25
2024-05-22 01:00:00,4.3483124,-0.5708313,287.91882,100405.86,51.75,5.25
2024-05-22 02:00:00,5.420624,0.62083435,287.62463,100406.17,51.75,5.25
2024-05-22 03:00:00,5.32283,3.1186829,287.52008,100344.53,51.75,5.25
2024-05-22 04:00:00,5.563858,4.4523926,287.3171,100415.96,51.75,5.25
2024-05-22 05:00:00,6.335663,5.5371857,287.3047,100436.75,51.75,5.25
2024-05-22 06:00:00,6.6181793,6.203491,287.53333,100482.4,51.75,5.25
2024-05-22 07:00:00,6.464447,6.1560516,287.8724,100581.89,51.75,5.25
2024-05-22 08:00:00,5.9522095,5.8539886,288.73688,100619.25,51.75,5.25
2024-05-22 09:00:00,5.6399536,6.3638,288.74066,100659.68,51.75,5.25
2024-05-22 10:00:00,6.1694946,5.81958,288.9048,100750.45,51.75,5.25
2024-05-22 11:00:00,5.2395325,5.623825,289.33228,100799.08,51.75,5.25
2024-05-22 12:00:00,4.8836823,5.801071,289.83908,100840.61,51.75,5.25
2024-05-22 13:00:00,4.4811096,5.5581207,290.77454,100865.734,51.75,5.25
2024-05-22 14:00:00,4.6119843,5.6941223,291.3757,100857.31,51.75,5.25
2024-05-22 15:00:00,4.555969,5.816086,291.36725,100863.164,51.75,5.25
2024-05-22 16:00:00,5.427948,6.11203,291.65094,100880.836,51.75,5.25
2024-05-22 17:00:00,6.1563416,5.142761,291.19635,100907.92,51.75,5.25
2024-05-22 18:00:00,5.350403,3.838974,290.52094,100965.5,51.75,5.25
2024-05-22 19:00:00,4.2710266,4.202133,289.69257,100985.664,51.75,5.25
2024-05-22 20:00:00,3.627304,5.0480957,288.424,101067.625,51.75,5.25
2024-05-22 21:00:00,3.6833038,5.56514,287.504,101133.0,51.75,5.25
2024-05-22 22:00:00,4.442734,5.9410706,286.89114,101149.95,51.75,5.25
2024-05-22 23:00:00,4.76651,6.0618134,286.5083,101184.664,51.75,5.25
2024-05-23 00:00:00,4.559021,6.353653,286.2564,101177.8,51.75,5.25
2024-05-23 01:00:00,4.6291656,6.843384,286.00348,101192.03,51.75,5.25
2024-05-23 02:00:00,4.8236237,6.7471466,285.67462,101196.45,51.75,5.25
2024-05-23 03:00:00,4.7269897,6.4638824,285.56628,101202.44,51.75,5.25
2024-05-23 04:00:00,4.503723,6.0957947,285.54285,101228.67,51.75,5.25
2024-05-23 05:00:00,4.2039795,5.7326355,286.11905,101262.305,51.75,5.25
2024-05-23 06:00:00,3.8025818,5.402069,287.0161,101312.984,51.75,5.25
2024-05-23 07:00:00,6.393036,5.0697327,287.6227,101341.7,51.75,5.25
2024-05-23 08:00:00,5.99086,4.174774,288.14832,101367.76,51.75,5.25
2024-05-23 09:00:00,5.710388,4.174301,288.98822,101391.56,51.75,5.25
2024-05-23 10:00:00,4.454956,3.3011932,290.34247,101428.54,51.75,5.25
2024-05-23 11:00:00,3.9053345,3.507431,291.17194,101439.17,51.75,5.25
2024-05-23 12:00:00,3.8816833,3.4633636,291.7002,101435.625,51.75,5.25
2024-05-23 13:00:00,3.915985,2.888214,292.23328,101408.17,51.75,5.25
2024-05-23 14:00:00,4.0272217,2.6090546,292.73907,101423.69,51.75,5.25
2024-05-23 15:00:00,4.0186615,2.2339172,292.8625,101436.41,51.75,5.25
2024-05-23 16:00:00,3.4562836,1.7141266,292.20435,101436.8,51.75,5.25
2024-05-23 17:00:00,3.5394592,0.70336914,290.37744,101472.72,51.75,5.25
2024-05-23 18:00:00,3.3563385,-1.3717194,289.9505,101533.586,51.75,5.25
2024-05-23 19:00:00,1.2621155,-1.1087341,289.04388,101565.03,51.75,5.25
2024-05-23 20:00:00,0.2316742,-0.2700348,287.51773,101620.44,51.75,5.25
2024-05-23 21:00:00,-0.7606659,0.35398865,285.99847,101669.03,51.75,5.25
2024-05-23 22:00:00,-2.4133453,1.0424652,285.42004,101685.734,51.75,5.25
2024-05-23 23:00:00,-2.3344421,1.4219818,285.27536,101700.0,51.75,5.25
2024-05-24 00:00:00,-1.8682556,1.3612823,284.9787,101708.56,51.75,5.25
2024-05-24 01:00:00,-1.9753418,1.3265533,284.69882,101694.03,51.75,5.25
2024-05-24 02:00:00,-2.3805695,1.4864349,284.25317,101692.4,51.75,5.25
2024-05-24 03:00:00,-2.4491272,1.6271362,284.4118,101702.85,51.75,5.25
2024-05-24 04:00:00,-2.2015076,1.5171051,284.5759,101709.2,51.75,5.25
2024-05-24 05:00:00,-1.4691925,1.2731934,285.9823,101743.66,51.75,5.25
2024-05-24 06:00:00,-0.3761902,0.40130615,287.4555,101791.5,51.75,5.25
2024-05-24 07:00:00,-0.014144897,-0.46136475,288.23718,101819.75,51.75,5.25
2024-05-24 08:00:00,-0.7194977,-0.541687,288.9997,101835.695,51.75,5.25
2024-05-24 09:00:00,-1.935669,-0.111068726,289.37164,101874.586,51.75,5.25
2024-05-24 10:00:00,-2.2398987,-0.73706055,289.14453,101898.766,51.75,5.25
2024-05-24 11:00:00,-1.3980865,-1.0980377,288.93304,101886.69,51.75,5.25
2024-05-24 12:00:00,-0.39639282,-1.7329254,288.6961,101863.33,51.75,5.25
2024-05-24 13:00:00,0.09291077,-2.6532745,288.82056,101829.12,51.75,5.25
2024-05-24 14:00:00,0.5578003,-3.4029388,289.29828,101812.766,51.75,5.25
2024-05-24 15:00:00,1.8227234,-4.3399506,289.11682,101771.75,51.75,5.25
2024-05-24 16:00:00,2.7047577,-4.7715454,288.77478,101742.93,51.75,5.25
2024-05-24 17:00:00,2.7487793,-5.407181,288.38242,101741.88,51.75,5.25
2024-05-24 18:00:00,2.2618713,-5.9203186,287.60632,101719.44,51.75,5.25
2024-05-24 19:00:00,1.22052,-5.6991425,287.5243,101682.64,51.75,5.25
2024-05-24 20:00:00,-0.5084839,-4.846344,287.42517,101655.14,51.75,5.25
2024-05-24 21:00:00,-1.6714172,-3.7937317,287.43976,101674.55,51.75,5.25
2024-05-24 22:00:00,-2.3883057,-4.651413,287.92358,101668.914,51.75,5.25
2024-05-24 23:00:00,-4.58374,-4.0538483,287.90015,101649.05,51.75,5.25
2024-05-25 00:00:00,-4.368393,-3.099701,287.7187,101628.03,51.75,5.25
2024-05-25 01:00:00,-3.6395721,-2.857132,287.82727,101596.33,51.75,5.25
2024-05-25 02:00:00,-3.2283936,-2.4407806,287.6454,101553.37,51.75,5.25
2024-05-25 03:00:00,-3.0692291,-1.5279541,287.54425,101517.734,51.75,5.25
2024-05-25 04:00:00,-2.8530731,-0.80300903,287.52448,101501.61,51.75,5.25
2024-05-25 05:00:00,-2.2436523,-0.3401184,287.47165,101485.92,51.75,5.25
2024-05-25 06:00:00,-1.6200867,-0.1598053,287.68842,101490.86,51.75,5.25
2024-05-25 07:00:00,-1.2750244,0.7214203,288.01587,101498.0,51.75,5.25
2024-05-25 08:00:00,-0.6366272,1.9024506,288.46185,101500.86,51.75,5.25
2024-05-25 09:00:00,0.32165527,2.8897095,288.4064,101540.55,51.75,5.25
2024-05-25 10:00:00,2.4028625,3.0196075,288.7079,101569.86,51.75,5.25
2024-05-25 11:00:00,3.3809814,2.940506,288.8711,101581.234,51.75,5.25
2024-05-25 12:00:00,4.774872,3.2685852,289.21307,101607.8,51.75,5.25
2024-05-25 13:00:00,5.2045746,2.69487,289.65308,101625.625,51.75,5.25
2024-05-25 14:00:00,4.3623047,2.5126648,289.92657,101620.67,51.75,5.25
2024-05-25 15:00:00,4.4463654,1.9532166,290.22266,101608.875,51.75,5.25
2024-05-25 16:00:00,4.5397034,1.3740692,290.42468,101626.5,51.75,5.25
2024-05-25 17:00:00,4.3569183,0.7905884,290.1123,101635.47,51.75,5.25
2024-05-25 18:00:00,3.192215,0.48168945,289.7126,101617.234,51.75,5.25
2024-05-25 19:00:00,1.7211914,0.9635773,288.87433,101630.74,51.75,5.25
2024-05-25 20:00:00,0.49658203,1.851471,287.15506,101654.04,51.75,5.25
2024-05-25 21:00:00,-0.23840332,2.8224945,285.56476,101685.555,51.75,5.25
2024-05-25 22:00:00,-2.4988098,3.821869,285.20306,101678.125,51.75,5.25
2024-05-25 23:00:00,-3.543106,4.192444,285.3503,101699.56,51.75,5.25
2024-05-26 00:00:00,-4.1144257,4.452423,285.40292,101652.516,51.75,5.25
2024-05-26 01:00:00,-4.103607,4.971817,285.42487,101629.25,51.75,5.25
2024-05-26 02:00:00,-4.42778,5.154541,285.3228,101603.31,51.75,5.25
2024-05-26 03:00:00,-4.6983643,4.8819885,285.46735,101568.09,51.75,5.25
2024-05-26 04:00:00,-5.068817,4.73378,285.46182,101524.66,51.75,5.25
2024-05-26 05:00:00,-5.4111023,4.667633,286.46002,101520.99,51.75,5.25
2024-05-26 06:00:00,-5.559265,4.4422455,288.1844,101510.67,51.75,5.25
2024-05-26 07:00:00,-4.8924866,3.8396149,289.5091,101493.92,51.75,5.25
2024-05-26 08:00:00,-4.515274,4.0130615,290.6543,101452.375,51.75,5.25
2024-05-26 09:00:00,-3.2578125,4.8164215,291.55832,101425.72,51.75,5.25
2024-05-26 10:00:00,-0.9076996,4.1639557,291.89618,101452.234,51.75,5.25
2024-05-26 11:00:00,-2.0066833,3.7844849,292.27277,101441.484,51.75,5.25
2024-05-26 12:00:00,-2.5000458,3.7032776,292.64502,101364.48,51.75,5.25
2024-05-26 13:00:00,-2.5050507,4.155487,293.33044,101287.78,51.75,5.25
2024-05-26 14:00:00,-1.7686462,4.9124756,293.8434,101237.26,51.75,5.25
2024-05-26 15:00:00,-1.6628418,4.940033,293.32483,101221.54,51.75,5.25
2024-05-26 16:00:00,-1.864563,4.8526,291.1441,101197.83,51.75,5.25
2024-05-26 17:00:00,1.5782013,6.5217743,289.3042,101251.234,51.75,5.25
2024-05-26 18:00:00,6.012909,3.8624725,288.6687,101342.95,51.75,5.25
2024-05-26 19:00:00,5.881653,2.2075958,288.55664,101375.86,51.75,5.25
2024-05-26 20:00:00,5.828369,2.4817963,287.60992,101427.72,51.75,5.25
2024-05-26 21:00:00,5.457428,2.6883545,286.78906,101473.164,51.75,5.25
2024-05-26 22:00:00,3.4602356,3.9346924,286.13672,101501.46,51.75,5.25
2024-05-26 23:00:00,3.4977112,4.9469757,285.96625,101512.67,51.75,5.25
2024-05-27 00:00:00,4.018753,5.153412,286.0413,101525.5,51.75,5.25
2024-05-27 01:00:00,5.042755,4.5018005,286.14142,101520.71,51.75,5.25
2024-05-27 02:00:00,5.6233673,3.9648895,286.08093,101533.94,51.75,5.25
2024-05-27 03:00:00,5.444809,3.614975,285.9304,101560.47,51.75,5.25
2024-05-27 04:00:00,5.181366,3.6871643,285.65985,101576.8,51.75,5.25
2024-05-27 05:00:00,4.831482,3.7703552,286.08112,101607.664,51.75,5.25
2024-05-27 06:00:00,3.7865143,3.5269928,286.86792,101637.3,51.75,5.25
2024-05-27 07:00:00,4.611847,3.2245636,287.6029,101686.25,51.75,5.25
2024-05-27 08:00:00,3.9283295,2.8613586,288.31747,101677.08,51.75,5.25
2024-05-27 09:00:00,3.2820435,2.7310944,288.92035,101698.52,51.75,5.25
2024-05-27 10:00:00,2.519394,3.0043945,290.34833,101695.47,51.75,5.25
2024-05-27 11:00:00,2.4928436,3.1603088,290.57617,101675.59,51.75,5.25
2024-05-27 12:00:00,2.7490234,2.9697723,291.01093,101644.695,51.75,5.25
2024-05-27 13:00:00,3.1476593,2.3250122,291.25113,101625.42,51.75,5.25
2024-05-27 14:00:00,3.0048218,1.8805542,291.2146,101615.695,51.75,5.25
2024-05-27 15:00:00,2.8746796,1.504364,290.1126,101579.05,51.75,5.25
2024-05-27 16:00:00,3.073166,0.7382355,288.69073,101574.625,51.75,5.25
2024-05-27 17:00:00,3.3012848,0.20852661,288.0713,101585.34,51.75,5.25
2024-05-27 18:00:00,4.2661743,1.1973419,287.36996,101631.56,51.75,5.25
2024-05-27 19:00:00,3.770279,1.224411,286.70578,101637.695,51.75,5.25
2024-05-27 20:00:00,3.1868744,0.9458313,286.1776,101682.35,51.75,5.25
2024-05-27 21:00:00,3.057907,1.2019348,285.95,101699.41,51.75,5.25
2024-05-27 22:00:00,2.9220276,2.9494934,285.15012,101721.7,51.75,5.25
2024-05-27 23:00:00,3.7673035,3.4443207,284.89505,101732.69,51.75,5.25
2024-05-28 00:00:00,3.8218079,3.5482788,284.4487,101730.516,51.75,5.25
2024-05-28 01:00:00,4.4017334,4.130142,284.05182,101736.234,51.75,5.25
2024-05-28 02:00:00,5.0463867,4.3671265,283.66467,101729.02,51.75,5.25
2024-05-28 03:00:00,5.1722107,4.326111,283.24377,101732.67,51.75,5.25
2024-05-28 04:00:00,4.8941345,4.44606,282.89502,101728.92,51.75,5.25
2024-05-28 05:00:00,4.425293,4.56427,283.50812,101750.484,51.75,5.25
2024-05-28 06:00:00,4.097473,4.3974,284.83203,101766.05,51.75,5.25
2024-05-28 07:00:00,4.612335,4.1996765,286.02957,101754.98,51.75,5.25
2024-05-28 08:00:00,4.563385,3.850708,287.5232,101746.2,51.75,5.25
2024-05-28 09:00:00,4.1021576,3.9766235,288.84467,101726.34,51.75,5.25
2024-05-28 10:00:00,2.4740448,3.7640839,289.7401,101748.47,51.75,5.25
2024-05-28 11:00:00,1.8886108,4.520355,291.1068,101664.92,51.75,5.25
2024-05-28 12:00:00,1.8447266,5.2017975,291.4362,101605.22,51.75,5.25
2024-05-28 13:00:00,1.6531525,5.5375214,290.1667,101571.47,51.75,5.25
2024-05-28 14:00:00,1.7279205,6.4706573,289.8614,101536.7,51.75,5.25
2024-05-28 15:00:00,2.1833496,7.568985,289.15683,101489.84,51.75,5.25
2024-05-28 16:00:00,1.8336792,8.225128,288.49445,101420.07,51.75,5.25
2024-05-28 17:00:00,2.6636658,8.004349,287.8579,101375.11,51.75,5.25
2024-05-28 18:00:00,3.4093018,7.8389587,287.50906,101338.83,51.75,5.25
2024-05-28 19:00:00,3.1407318,7.7767334,287.72668,101280.04,51.75,5.25
2024-05-28 20:00:00,4.215317,7.904251,287.9511,101261.484,51.75,5.25
2024-05-28 21:00:00,5.338196,7.7337036,288.0484,101246.03,51.75,5.25
2024-05-28 22:00:00,5.1529694,7.421921,288.2256,101226.266,51.75,5.25
2024-05-28 23:00:00,5.55809,7.1787415,288.0664,101182.805,51.75,5.25
2024-05-29 00:00:00,5.3683777,7.274124,287.99063,101121.234,51.75,5.25
2024-05-29 01:00:00,5.2778473,7.481064,287.88617,101043.625,51.75,5.25
2024-05-29 02:00:00,5.4414825,7.893738,287.93744,100957.58,51.75,5.25
2024-05-29 03:00:00,5.5616913,7.9908905,287.8546,100889.95,51.75,5.25
2024-05-29 04:00:00,6.6595917,7.8130035,287.73242,100857.16,51.75,5.25
2024-05-29 05:00:00,8.019241,6.751602,287.68216,100850.586,51.75,5.25
2024-05-29 06:00:00,8.995071,5.651306,287.8473,100868.39,51.75,5.25
2024-05-29 07:00:00,7.484192,4.8551636,287.73203,100877.49,51.75,5.25
2024-05-29 08:00:00,5.8055725,4.6797333,288.93597,100880.59,51.75,5.25
2024-05-29 09:00:00,5.080963,4.4716797,289.86072,100882.695,51.75,5.25
2024-05-29 10:00:00,6.839447,4.3249664,288.9999,100880.71,51.75,5.25
2024-05-29 11:00:00,6.483551,2.6860352,290.1092,100832.65,51.75,5.25
2024-05-29 12:00:00,6.714676,2.2341309,289.29688,100836.78,51.75,5.25
2024-05-29 13:00:00,6.825485,1.4137573,290.45605,100814.25,51.75,5.25
2024-05-29 14:00:00,7.0981903,1.1552277,290.73956,100777.81,51.75,5.25
2024-05-29 15:00:00,7.1287994,0.7759552,291.24646,100766.0,51.75,5.25
2024-05-29 16:00:00,6.6326904,0.13035583,291.56183,100750.016,51.75,5.25
2024-05-29 17:00:00,5.8227234,-0.46539307,291.56717,100719.22,51.75,5.25
2024-05-29 18:00:00,4.6274414,-0.62042236,291.32068,100727.19,51.75,5.25
2024-05-29 19:00:00,3.5483704,-0.47047424,289.85413,100716.64,51.75,5.25
2024-05-29 20:00:00,2.7338257,-0.08847046,287.30774,100732.2,51.75,5.25
2024-05-29 21:00:00,2.4274902,0.39396667,286.3476,100722.95,51.75,5.25
2024-05-29 22:00:00,2.789383,-0.47695923,285.42856,100680.664,51.75,5.25
2024-05-29 23:00:00,3.9325256,-0.42056274,284.66574,100690.37,51.75,5.25
2024-05-30 00:00:00,2.7594147,-0.18106079,284.33963,100660.87,51.75,5.25
2024-05-30 01:00:00,2.3705444,0.123306274,283.8889,100607.05,51.75,5.25
2024-05-30 02:00:00,3.364273,0.29866028,283.8733,100579.25,51.75,5.25
2024-05-30 03:00:00,4.0910187,0.29414368,283.88147,100550.2,51.75,5.25
2024-05-30 04:00:00,4.4674377,0.3541565,284.3502,100547.08,51.75,5.25
2024-05-30 05:00:00,4.283722,0.3976593,285.53357,100553.34,51.75,5.25
2024-05-30 06:00:00,3.4897156,0.6366272,286.92303,100554.625,51.75,5.25
2024-05-30 07:00:00,3.5917358,0.73365784,288.1235,100567.31,51.75,5.25
2024-05-30 08:00:00,3.77565,1.2580261,289.37125,100573.08,51.75,5.25
2024-05-30 09:00:00,3.8526,1.0246277,289.95227,100578.48,51.75,5.25
2024-05-30 10:00:00,5.014282,1.6205444,290.2793,100572.28,51.75,5.25
2024-05-30 11:00:00,4.9869385,0.38983154,290.24948,100658.66,51.75,5.25
2024-05-30 12:00:00,4.9661865,-0.90348816,289.87354,100639.97,51.75,5.25
2024-05-30 13:00:00,4.5609894,-1.9191742,288.84375,100629.88,51.75,5.25
2024-05-30 14:00:00,5.1806793,-3.2355347,289.45276,100618.734,51.75,5.25
2024-05-30 15:00:00,5.3490906,-4.120224,289.75665,100625.664,51.75,5.25
2024-05-30 16:00:00,5.002411,-4.843231,289.732,100670.81,51.75,5.25
2024-05-30 17:00:00,4.708664,-4.8907623,289.24506,100693.3,51.75,5.25
2024-05-30 18:00:00,4.6701202,-4.029022,288.11322,100751.55,51.75,5.25
2024-05-30 19:00:00,4.792877,-3.0280457,287.4879,100776.56,51.75,5.25
2024-05-30 20:00:00,4.6221924,-2.0926971,286.69806,100826.555,51.75,5.25
2024-05-30 21:00:00,4.843918,-1.3063049,285.95068,100858.44,51.75,5.25
2024-05-30 22:00:00,4.968811,0.021072388,285.78223,100857.984,51.75,5.25
2024-05-30 23:00:00,5.099289,-0.6368866,285.8772,100876.44,51.75,5.25
2024-05-31 00:00:00,4.375656,-1.198761,285.89612,100891.72,51.75,5.25
2024-05-31 01:00:00,4.3513794,-1.7539673,286.06497,100876.96,51.75,5.25
2024-05-31 02:00:00,4.894226,-2.833313,286.1357,100878.75,51.75,5.25
2024-05-31 03:00:00,4.9615173,-3.290924,286.17462,100879.734,51.75,5.25
2024-05-31 04:00:00,4.810135,-2.7111511,285.83203,100899.05,51.75,5.25
2024-05-31 05:00:00,4.520508,-1.5879364,286.26718,100913.266,51.75,5.25
2024-05-31 06:00:00,3.5650635,-1.1649475,286.60696,100955.41,51.75,5.25
2024-05-31 07:00:00,2.5739288,-0.41575623,287.10052,100982.73,51.75,5.25
2024-05-31 08:00:00,1.7298126,-0.17176819,287.667,101025.125,51.75,5.25
2024-05-31 09:00:00,0.59835815,-0.68437195,288.5778,101042.19,51.75,5.25
2024-05-31 10:00:00,0.33047485,-0.3683777,289.05017,101110.08,51.75,5.25
2024-05-31 11:00:00,-0.43545532,-1.5172577,289.50522,101124.27,51.75,5.25
2024-05-31 12:00:00,-0.40086365,-2.1900635,290.76477,101143.945,51.75,5.25
2024-05-31 13:00:00,-0.09111023,-2.884262,291.4455,101168.91,51.75,5.25
2024-05-31 14:00:00,0.66122437,-3.5778656,292.02026,101191.555,51.75,5.25
2024-05-31 15:00:00,0.25698853,-6.055023,292.338,101216.586,51.75,5.25
2024-05-31 16:00:00,0.4960785,-6.844269,290.77783,101261.98,51.75,5.25
2024-05-31 17:00:00,0.8657379,-7.3465424,290.42688,101283.83,51.75,5.25
2024-05-31 18:00:00,1.6941986,-7.689026,289.9168,101329.83,51.75,5.25
2024-05-31 19:00:00,2.07753,-7.746689,289.06732,101366.37,51.75,5.25
2024-05-31 20:00:00,2.6293182,-7.659027,288.45636,101418.445,51.75,5.25
2024-05-31 21:00:00,3.245224,-7.239685,287.80988,101458.195,51.75,5.25
2024-05-31 22:00:00,3.652649,-6.086975,287.3396,101500.29,51.75,5.25
2024-05-31 23:00:00,4.460907,-6.2397156,287.38324,101490.21,51.75,5.25
2024-06-01 00:00:00,4.3724823,-5.980057,287.39883,101465.4,51.75,5.25
2024-06-01 01:00:00,4.2895203,-5.845459,287.25775,101427.97,51.75,5.25
2024-06-01 02:00:00,3.8911438,-5.583023,287.2135,101427.08,51.75,5.25
2024-06-01 03:00:00,3.2492523,-5.7285614,287.24777,101405.875,51.75,5.25
2024-06-01 04:00:00,1.9846954,-6.2735596,287.42734,101412.74,51.75,5.25
2024-06-01 05:00:00,1.0522461,-6.097,287.602,101454.04,51.75,5.25
2024-06-01 06:00:00,0.64009094,-6.216202,287.9732,101526.484,51.75,5.25
2024-06-01 07:00:00,-0.014968872,-7.5313263,288.79822,101578.305,51.75,5.25
2024-06-01 08:00:00,-0.3985138,-8.085449,289.4623,101610.164,51.75,5.25
2024-06-01 09:00:00,0.15823364,-7.5269775,289.55847,101631.84,51.75,5.25
2024-06-01 10:00:00,0.5243225,-6.457306,289.5083,101683.99,51.75,5.25
2024-06-01 11:00:00,1.1799927,-6.9941254,289.9525,101719.06,51.75,5.25
2024-06-01 12:00:00,1.3152161,-7.050293,290.12048,101734.984,51.75,5.25
2024-06-01 13:00:00,1.7238922,-7.3611755,290.6597,101768.7,51.75,5.25
2024-06-01 14:00:00,2.2601013,-7.484192,290.70325,101789.734,51.75,5.25
2024-06-01 15:00:00,3.1718903,-7.0904694,290.35727,101807.37,51.75,5.25
2024-06-01 16:00:00,3.7913055,-7.0934753,290.08386,101830.625,51.75,5.25
2024-06-01 17:00:00,3.5304108,-7.7010956,289.47238,101867.77,51.75,5.25
2024-06-01 18:00:00,3.4004822,-7.7854767,289.0573,101911.72,51.75,5.25
2024-06-01 19:00:00,2.5857391,-8.188049,288.53375,101972.77,51.75,5.25
2024-06-01 20:00:00,1.9873047,-8.640472,288.14575,102066.37,51.75,5.25
2024-06-01 21:00:00,1.6970673,-8.399689,287.87854,102075.875,51.75,5.25
2024-06-01 22:00:00,1.3117218,-7.6973724,287.61932,102117.17,51.75,5.25
2024-06-01 23:00:00,1.5848999,-7.7259674,287.37875,102128.81,51.75,5.25
2024-06-02 00:00:00,1.3538513,-7.3726196,287.0932,102128.2,51.75,5.25
2024-06-02 01:00:00,1.3434753,-7.135498,286.8266,102146.93,51.75,5.25
2024-06-02 02:00:00,1.8255768,-7.580368,286.52707,102151.23,51.75,5.25
2024-06-02 03:00:00,1.7908173,-7.4532166,286.38684,102162.03,51.75,5.25
2024-06-02 04:00:00,1.6886139,-7.1711426,286.24146,102187.0,51.75,5.25
2024-06-02 05:00:00,1.464859,-6.458908,286.2669,102226.75,51.75,5.25
2024-06-02 06:00:00,0.62153625,-7.5951385,286.7456,102268.2,51.75,5.25
2024-06-02 07:00:00,0.23956299,-7.845413,287.18243,102303.266,51.75,5.25
2024-06-02 08:00:00,0.74842834,-6.99263,287.63617,102303.58,51.75,5.25
2024-06-02 09:00:00,1.144165,-6.599106,288.1441,102315.34,51.75,5.25
2024-06-02 10:00:00,1.4653168,-6.342697,288.46658,102322.086,51.75,5.25
2024-06-02 11:00:00,2.0096436,-6.335602,288.82526,102315.67,51.75,5.25
2024-06-02 12:00:00,2.2734375,-6.417099,289.2824,102309.48,51.75,5.25
2024-06-02 13:00:00,2.1173248,-6.5445557,289.68872,102298.0,51.75,5.25
2024-06-02 14:00:00,1.8979645,-6.437195,289.8507,102274.66,51.75,5.25
2024-06-02 15:00:00,1.846695,-6.390915,289.6172,102252.38,51.75,5.25
2024-06-02 16:00:00,1.7844391,-6.118561,289.36768,102242.3,51.75,5.25
2024-06-02 17:00:00,1.9290009,-6.155319,288.92456,102237.17,51.75,5.25
2024-06-02 18:00:00,1.9009552,-6.1861115,287.95377,102249.17,51.75,5.25
2024-06-02 19:00:00,1.6631317,-6.2336273,287.15598,102273.96,51.75,5.25
2024-06-02 20:00:00,1.1566467,-5.611862,286.48193,102302.73,51.75,5.25
2024-06-02 21:00:00,0.85987854,-4.5703583,286.1151,102285.46,51.75,5.25
2024-06-02 22:00:00,1.9237976,-3.5029144,285.45117,102289.85,51.75,5.25
2024-06-02 23:00:00,2.2888794,-3.0930786,284.69226,102233.48,51.75,5.25
2024-06-03 00:00:00,2.4344482,-2.7433777,284.19592,102198.35,51.75,5.25
2024-06-03 01:00:00,3.0041046,-2.8118896,283.6506,102171.61,51.75,5.25
2024-06-03 02:00:00,3.8279877,-3.2868195,283.78156,102154.484,51.75,5.25
2024-06-03 03:00:00,3.872818,-3.630951,284.19897,102097.9,51.75,5.25
2024-06-03 04:00:00,3.0885773,-3.1970367,284.36703,102118.71,51.75,5.25
2024-06-03 05:00:00,2.6585999,-2.8015747,284.77466,102121.78,51.75,5.25
2024-06-03 06:00:00,2.3922272,-2.1182861,285.47766,102104.81,51.75,5.25
2024-06-03 07:00:00,1.9198456,-2.1495667,286.17627,102102.484,51.75,5.25
2024-06-03 08:00:00,1.7832031,-1.921051,286.6813,102083.78,51.75,5.25
2024-06-03 09:00:00,1.8916168,-1.769455,287.1932,102080.516,51.75,5.25
2024-06-03 10:00:00,1.4798584,-0.8937073,287.73248,102075.375,51.75,5.25
2024-06-03 11:00:00,1.7198181,-0.882843,288.4342,102064.86,51.75,5.25
2024-06-03 12:00:00,1.8144989,-0.97665405,289.12433,102029.16,51.75,5.25
2024-06-03 13:00:00,1.7341003,-1.0923462,289.6619,101988.28,51.75,5.25
2024-06-03 14:00:00,1.5699158,-1.1288147,290.12863,101957.766,51.75,5.25
2024-06-03 15:00:00,1.610199,-1.2452698,290.47638,101923.55,51.75,5.25
2024-06-03 16:00:00,1.7838287,-1.5107117,290.4632,101893.92,51.75,5.25
2024-06-03 17:00:00,1.6936493,-1.449295,290.35675,101868.45,51.75,5.25
2024-06-03 18:00:00,1.6448059,-1.4067688,290.01324,101840.42,51.75,5.25
2024-06-03 19:00:00,1.7696075,-1.5050659,289.38177,101839.375,51.75,5.25
2024-06-03 20:00:00,1.884613,-1.3783875,288.51822,101809.22,51.75,5.25
2024-06-03 21:00:00,2.156311,-1.3549805,287.77625,101817.33,51.75,5.25
2024-06-03 22:00:00,2.1069489,-1.577591,287.7156,101775.484,51.75,5.25
2024-06-03 23:00:00,1.7102661,-1.1650848,287.23572,101754.375,51.75,5.25
2024-06-04 00:00:00,1.3887024,-0.036026,286.86502,101697.33,51.75,5.25
2024-06-04 01:00:00,1.4162292,1.0575867,286.87143,101661.88,51.75,5.25
2024-06-04 02:00:00,1.7702942,2.0283203,286.82855,101626.31,51.75,5.25
2024-06-04 03:00:00,2.2065887,2.6873474,286.61926,101576.89,51.75,5.25
2024-06-04 04:00:00,2.3365936,3.1785126,286.89398,101542.65,51.75,5.25
2024-06-04 05:00:00,2.0101624,3.5525055,287.5256,101513.39,51.75,5.25
2024-06-04 06:00:00,1.7870483,3.7240143,288.0794,101491.875,51.75,5.25
2024-06-04 07:00:00,1.6008453,3.5373688,288.91217,101472.695,51.75,5.25
2024-06-04 08:00:00,1.8586884,3.834793,289.68335,101429.08,51.75,5.25
2024-06-04 09:00:00,1.6270294,4.3361664,290.1939,101385.47,51.75,5.25
2024-06-04 10:00:00,1.7227173,4.7676697,291.05002,101347.58,51.75,5.25
2024-06-04 11:00:00,1.7627106,5.637192,292.47015,101286.61,51.75,5.25
2024-06-04 12:00:00,1.7964325,5.768173,292.86066,101199.36,51.75,5.25
2024-06-04 13:00:00,2.1835938,6.0186462,293.11505,101133.56,51.75,5.25
2024-06-04 14:00:00,2.5862885,6.307266,293.3687,101047.125,51.75,5.25
2024-06-04 15:00:00,2.9542542,6.201416,294.0807,100985.625,51.75,5.25
2024-06-04 16:00:00,3.1877747,6.3348694,294.01636,100897.28,51.75,5.25
2024-06-04 17:00:00,3.2095337,6.480896,293.40436,100839.83,51.75,5.25
2024-06-04 18:00:00,4.0414734,6.10437,292.1688,100801.91,51.75,5.25
2024-06-04 19:00:00,4.926193,4.964035,291.2848,100766.75,51.75,5.25
2024-06-04 20:00:00,6.0891876,3.8267517,290.5506,100752.445,51.75,5.25
2024-06-04 21:00:00,7.624008,3.1800232,289.95032,100760.15,51.75,5.25
2024-06-04 22:00:00,8.357315,3.5553894,289.04532,100747.17,51.75,5.25
2024-06-04 23:00:00,8.406799,3.8442535,288.1502,100778.6,51.75,5.25
2024-06-05 00:00:00,8.0021515,3.7870026,287.49487,100789.83,51.75,5.25
2024-06-05 01:00:00,7.872238,2.046585,286.91156,100820.25,51.75,5.25
2024-06-05 02:00:00,7.1683807,-1.6970367,286.37006,100879.53,51.75,5.25
2024-06-05 03:00:00,5.265625,-2.9736938,285.5171,100924.01,51.75,5.25
2024-06-05 04:00:00,4.341049,-2.2340088,284.65067,100972.2,51.75,5.25
2024-06-05 05:00:00,4.3427124,-1.090744,284.77454,101052.72,51.75,5.25
2024-06-05 06:00:00,4.716675,-0.631897,285.26135,101117.92,51.75,5.25
2024-06-05 07:00:00,4.8617554,-0.416687,286.02032,101183.48,51.75,5.25
2024-06-05 08:00:00,5.030319,0.24507141,287.01776,101212.92,51.75,5.25
2024-06-05 09:00:00,5.258209,0.8042755,287.87042,101255.94,51.75,5.25
2024-06-05 10:00:00,4.637863,1.200882,288.41455,101262.53,51.75,5.25
2024-06-05 11:00:00,5.0668793,1.3889313,289.11377,101264.84,51.75,5.25
2024-06-05 12:00:00,6.049164,0.87506104,289.99286,101275.67,51.75,5.25
2024-06-05 13:00:00,6.8417664,-0.09628296,289.95602,101306.59,51.75,5.25
2024-06-05 14:00:00,6.7937164,-0.8420868,289.90717,101343.445,51.75,5.25
2024-06-05 15:00:00,6.758499,-1.4295197,289.64716,101374.17,51.75,5.25
2024-06-05 16:00:00,6.272293,-1.8482513,288.96005,101402.63,51.75,5.25
2024-06-05 17:00:00,5.106598,-2.420578,288.5617,101401.5,51.75,5.25
2024-06-05 18:00:00,4.1050262,-2.2097473,287.87476,101424.234,51.75,5.25
2024-06-05 19:00:00,3.6934662,-1.6055756,286.52118,101484.28,51.75,5.25
2024-06-05 20:00:00,3.4654236,-0.83506775,284.31,101535.625,51.75,5.25
2024-06-05 21:00:00,2.961563,0.3414917,282.75055,101588.13,51.75,5.25
2024-06-05 22:00:00,1.3524017,0.8822174,281.838,101601.33,51.75,5.25
2024-06-05 23:00:00,1.254837,1.7538452,281.0171,101589.266,51.75,5.25
2024-06-06 00:00:00,1.7717133,2.5562592,281.2488,101596.414,51.75,5.25
2024-06-06 01:00:00,1.700882,3.1114655,281.1715,101582.13,51.75,5.25
2024-06-06 02:00:00,1.8585968,3.819336,280.82877,101582.79,51.75,5.25
2024-06-06 03:00:00,1.9264984,4.1662445,280.94608,101587.625,51.75,5.25
2024-06-06 04:00:00,1.9014435,4.3103333,281.3808,101581.89,51.75,5.25
2024-06-06 05:00:00,1.9246979,4.0533295,282.60773,101587.484,51.75,5.25
2024-06-06 06:00:00,1.772232,3.4035034,284.85266,101598.72,51.75,5.25
2024-06-06 07:00:00,1.4184418,2.5549164,286.84125,101613.44,51.75,5.25
2024-06-06 08:00:00,2.40271,2.3625946,288.42645,101602.64,51.75,5.25
2024-06-06 09:00:00,3.0782166,2.0240479,289.2129,101616.31,51.75,5.25
2024-06-06 10:00:00,2.967163,2.0852203,289.6135,101624.58,51.75,5.25
2024-06-06 11:00:00,4.554825,1.2168274,289.49408,101658.26,51.75,5.25
2024-06-06 12:00:00,5.063492,0.06434631,289.65802,101672.625,51.75,5.25
2024-06-06 13:00:00,4.9260864,-0.82414246,290.03925,101713.4,51.75,5.25
2024-06-06 14:00:00,4.6750183,-1.2276306,290.18243,101696.945,51.75,5.25
2024-06-06 15:00:00,4.4104767,-1.3650513,290.7234,101694.164,51.75,5.25
2024-06-06 16:00:00,3.9223938,-1.8624573,290.52594,101680.836,51.75,5.25
2024-06-06 17:00:00,3.3923035,-2.5857697,290.16418,101698.31,51.75,5.25
2024-06-06 18:00:00,2.7729034,-2.9882507,289.39783,101734.65,51.75,5.25
2024-06-06 19:00:00,2.1851654,-3.3826447,288.07892,101752.16,51.75,5.25
2024-06-06 20:00:00,1.382431,-3.7177887,285.88934,101795.92,51.75,5.25
2024-06-06 21:00:00,0.46141052,-3.6163025,284.8775,101814.19,51.75,5.25
2024-06-06 22:00:00,0.32470703,-3.5444183,284.15176,101826.63,51.75,5.25
2024-06-06 23:00:00,-0.43971252,-2.3308563,284.21893,101838.85,51.75,5.25
2024-06-07 00:00:00,-0.9018402,-0.90093994,283.81653,101850.07,51.75,5.25
2024-06-07 01:00:00,-0.79322815,0.37739563,282.5014,101841.16,51.75,5.25
2024-06-07 02:00:00,0.009307861,1.7093964,281.86853,101833.06,51.75,5.25
2024-06-07 03:00:00,1.2321472,2.716629,281.24045,101830.04,51.75,5.25
2024-06-07 04:00:00,2.6038208,3.3713226,281.11725,101802.555,51.75,5.25
2024-06-07 05:00:00,3.485672,3.5848236,283.28748,101802.086,51.75,5.25
2024-06-07 06:00:00,3.2028656,3.7131653,286.12054,101816.75,51.75,5.25
2024-06-07 07:00:00,2.8980865,3.597519,288.11652,101859.11,51.75,5.25
2024-06-07 08:00:00,3.6279907,3.664322,289.62152,101860.08,51.75,5.25
2024-06-07 09:00:00,4.5345,3.3661041,290.2439,101862.59,51.75,5.25
2024-06-07 10:00:00,4.065796,3.7097473,290.9014,101859.55,51.75,5.25
2024-06-07 11:00:00,4.8162994,3.573822,291.45322,101851.13,51.75,5.25
2024-06-07 12:00:00,5.6091614,3.123581,291.5124,101830.21,51.75,5.25
2024-06-07 13:00:00,5.8826447,2.3849487,291.862,101797.58,51.75,5.25
2024-06-07 14:00:00,6.1026154,1.8106232,292.31323,101749.266,51.75,5.25
2024-06-07 15:00:00,6.1233215,0.81895447,292.00854,101721.33,51.75,5.25
2024-06-07 16:00:00,5.4563446,-0.84924316,291.84412,101688.984,51.75,5.25
2024-06-07 17:00:00,4.440811,-1.7705841,291.54218,101656.09,51.75,5.25
2024-06-07 18:00:00,3.6160126,-1.9474335,290.66522,101650.69,51.75,5.25
2024-06-07 19:00:00,3.2376404,-1.6859131,289.26868,101637.484,51.75,5.25
2024-06-07 20:00:00,2.9248657,-0.83680725,287.0201,101661.71,51.75,5.25
2024-06-07 21:00:00,2.7880096,0.45239258,285.8064,101679.875,51.75,5.25
2024-06-07 22:00:00,3.7486572,1.4929199,284.67853,101658.06,51.75,5.25
2024-06-07 23:00:00,4.080963,2.0708008,283.3043,101621.234,51.75,5.25
2024-06-08 00:00:00,4.378372,3.0595245,283.00818,101571.734,51.75,5.25
2024-06-08 01:00:00,4.6489105,3.686798,283.136,101523.38,51.75,5.25
2024-06-08 02:00:00,4.6838684,3.9110565,283.08755,101445.125,51.75,5.25
2024-06-08 03:00:00,4.673233,4.1914825,283.05795,101389.66,51.75,5.25
2024-06-08 04:00:00,4.6515656,4.6452026,283.1764,101351.32,51.75,5.25
2024-06-08 05:00:00,4.4558105,4.635071,284.33002,101306.17,51.75,5.25
2024-06-08 06:00:00,3.8851166,4.099594,285.64948,101280.11,51.75,5.25
2024-06-08 07:00:00,4.1082916,3.7281036,287.01532,101277.41,51.75,5.25
2024-06-08 08:00:00,4.6256256,3.7140045,288.5149,101219.56,51.75,5.25
2024-06-08 09:00:00,5.354004,4.234604,289.7247,101147.36,51.75,5.25
2024-06-08 10:00:00,6.473404,3.3306732,290.64197,101133.91,51.75,5.25
2024-06-08 11:00:00,7.581558,1.9561615,290.717,101096.266,51.75,5.25
2024-06-08 12:00:00,7.5895233,1.4353333,290.84656,101087.86,51.75,5.25
2024-06-08 13:00:00,7.688492,1.1285095,291.00842,101064.79,51.75,5.25
2024-06-08 14:00:00,7.572113,0.36964417,291.56067,101051.56,51.75,5.25
2024-06-08 15:00:00,7.7207947,-0.21295166,291.735,101050.266,51.75,5.25
2024-06-08 16:00:00,7.8410034,-1.0266113,291.37115,101059.61,51.75,5.25
2024-06-08 17:00:00,7.7246857,-2.0660248,289.9815,101081.11,51.75,5.25
2024-06-08 18:00:00,6.723297,-3.4781647,288.39603,101118.984,51.75,5.25
2024-06-08 19:00:00,4.8519897,-4.3286133,287.60712,101157.875,51.75,5.25
2024-06-08 20:00:00,3.6919708,-3.938263,286.4223,101204.984,51.75,5.25
2024-06-08 21:00:00,3.365738,-3.5509186,285.2345,101270.9,51.75,5.25
2024-06-08 22:00:00,2.2541199,-3.0895996,283.79276,101298.59,51.75,5.25
2024-06-08 23:00:00,2.3588257,-2.2261658,282.08362,101305.09,51.75,5.25
2024-06-09 00:00:00,2.7691345,-0.8280029,281.58618,101310.09,51.75,5.25
2024-06-09 01:00:00,3.2321777,0.5736084,280.81622,101274.5,51.75,5.25
2024-06-09 02:00:00,3.8323364,1.7335663,280.2424,101225.63,51.75,5.25
2024-06-09 03:00:00,4.325943,3.0560913,280.7741,101183.45,51.75,5.25
2024-06-09 04:00:00,5.1221466,3.1608124,281.27023,101165.78,51.75,5.25
2024-06-09 05:00:00,5.373764,2.6608124,283.271,101149.03,51.75,5.25
2024-06-09 06:00:00,4.7368317,2.5297089,285.5637,101097.17,51.75,5.25
2024-06-09 07:00:00,4.6630707,1.820221,287.36438,101092.94,51.75,5.25
2024-06-09 08:00:00,6.05719,0.878006,288.57043,101078.164,51.75,5.25
2024-06-09 09:00:00,6.5606384,0.86372375,289.23822,101050.234,51.75,5.25
2024-06-09 10:00:00,5.6151886,-0.19216919,289.70276,101054.055,51.75,5.25
2024-06-09 11:00:00,5.889099,-0.6300659,290.26883,101022.695,51.75,5.25
2024-06-09 12:00:00,6.25296,-1.0895844,290.18036,100994.84,51.75,5.25
2024-06-09 13:00:00,6.784256,-1.5176544,290.2364,100983.02,51.75,5.25
2024-06-09 14:00:00,7.1716003,-1.8845062,290.0915,100968.125,51.75,5.25
2024-06-09 15:00:00,7.251236,-2.5814514,289.73053,100969.88,51.75,5.25
2024-06-09 16:00:00,6.742584,-3.359604,289.44647,100971.89,51.75,5.25
2024-06-09 17:00:00,5.983307,-3.227188,288.91476,100953.78,51.75,5.25
2024-06-09 18:00:00,5.408203,-2.8546753,288.31586,100946.89,51.75,5.25
2024-06-09 19:00:00,5.0707855,-2.4479523,287.40063,100946.78,51.75,5.25
2024-06-09 20:00:00,4.8002167,-1.8482513,285.88843,100958.56,51.75,5.25
2024-06-09 21:00:00,4.469818,-0.9220276,285.42743,100959.69,51.75,5.25
2024-06-09 22:00:00,3.806366,-0.29682922,284.98743,100942.22,51.75,5.25
2024-06-09 23:00:00,3.9136353,0.944046,284.6455,100916.34,51.75,5.25
2024-06-10 00:00:00,4.075836,1.7657776,284.57556,100894.64,51.75,5.25
2024-06-10 01:00:00,4.442993,2.2328644,284.91776,100838.0,51.75,5.25
2024-06-10 02:00:00,4.448227,2.5899048,284.7365,100784.06,51.75,5.25
2024-06-10 03:00:00,4.156723,3.21521,284.7387,100732.19,51.75,5.25
2024-06-10 04:00:00,3.5616455,3.9818115,284.59067,100668.78,51.75,5.25
2024-06-10 05:00:00,2.8032532,4.989395,284.66867,100615.55,51.75,5.25
2024-06-10 06:00:00,2.3268127,5.879608,284.5777,100577.64,51.75,5.25
2024-06-10 07:00:00,2.2420044,6.690735,284.70923,100531.78,51.75,5.25
2024-06-10 08:00:00,2.0709076,7.467331,284.9956,100492.375,51.75,5.25
2024-06-10 09:00:00,2.2991486,7.931259,285.4099,100426.89,51.75,5.25
2024-06-10 10:00:00,5.231064,7.944168,285.6563,100353.016,51.75,5.25
2024-06-10 11:00:00,6.112732,6.578186,286.11865,100316.67,51.75,5.25
2024-06-10 12:00:00,5.5745544,6.0620117,286.5027,100262.805,51.75,5.25
2024-06-10 13:00:00,6.602371,6.165344,286.2113,100227.47,51.75,5.25
2024-06-10 14:00:00,7.476944,5.829788,286.39304,100159.92,51.75,5.25
2024-06-10 15:00:00,10.609604,2.1400452,286.10004,100156.06,51.75,5.25
2024-06-10 16:00:00,12.386124,-7.3035583,284.86127,100315.38,51.75,5.25
2024-06-10 17:00:00,10.388199,-9.542786,283.67822,100544.99,51.75,5.25
2024-06-10 18:00:00,8.65004,-7.759308,283.24393,100719.53,51.75,5.25
2024-06-10 19:00:00,8.050858,-5.6194763,283.4195,100844.66,51.75,5.25
2024-06-10 20:00:00,7.8258057,-5.0751038,283.0903,100952.81,51.75,5.25
2024-06-10 21:00:00,6.8975983,-5.338455,283.24765,101053.16,51.75,5.25
2024-06-10 22:00:00,5.696106,-4.9120636,282.95526,101139.19,51.75,5.25
2024-06-10 23:00:00,5.9127197,-2.9887695,282.72357,101175.36,51.75,5.25
2024-06-11 00:00:00,6.753525,-1.2223206,282.54926,101221.53,51.75,5.25
2024-06-11 01:00:00,7.0591583,-1.2178345,282.14966,101234.81,51.75,5.25
2024-06-11 02:00:00,7.105713,-1.5523529,281.9027,101262.7,51.75,5.25
2024-06-11 03:00:00,6.9532623,-1.6761017,282.04315,101286.625,51.75,5.25
2024-06-11 04:00:00,6.720688,-1.637619,282.00174,101302.875,51.75,5.25
2024-06-11 05:00:00,6.605255,-1.3026733,282.91476,101340.625,51.75,5.25
2024-06-11 06:00:00,5.9669647,-0.4691925,284.44943,101385.28,51.75,5.25
2024-06-11 07:00:00,6.6407776,-0.9346771,285.59363,101429.83,51.75,5.25
2024-06-11 08:00:00,6.5680847,-0.34135437,286.59833,101473.42,51.75,5.25
2024-06-11 09:00:00,6.544693,0.15510559,287.15198,101488.0,51.75,5.25
2024-06-11 10:00:00,6.7739105,0.7206116,287.3095,101504.9,51.75,5.25
2024-06-11 11:00:00,7.701477,-0.7128906,286.48553,101597.36,51.75,5.25
2024-06-11 12:00:00,6.467499,-1.3322754,286.41907,101557.33,51.75,5.25
2024-06-11 13:00:00,6.286606,-1.4474487,287.3938,101547.39,51.75,5.25
2024-06-11 14:00:00,6.460083,-2.3865967,288.53918,101576.3,51.75,5.25
2024-06-11 15:00:00,6.2276154,-3.2582855,288.3849,101597.69,51.75,5.25
2024-06-11 16:00:00,6.069824,-3.818634,287.85834,101611.984,51.75,5.25
2024-06-11 17:00:00,5.860611,-3.949524,286.8284,101621.22,51.75,5.25
2024-06-11 18:00:00,5.606781,-3.847519,286.11914,101662.34,51.75,5.25
2024-06-11 19:00:00,5.362686,-3.3731842,285.44,101684.31,51.75,5.25
2024-06-11 20:00:00,5.3553925,-2.619522,284.17633,101737.39,51.75,5.25
2024-06-11 21:00:00,5.4073486,-2.2017975,283.7262,101794.734,51.75,5.25
2024-06-11 22:00:00,6.0700836,-1.1135864,282.82465,101827.44,51.75,5.25
2024-06-11 23:00:00,5.691147,-1.9792633,282.44727,101852.78,51.75,5.25
2024-06-12 00:00:00,5.2726135,-2.0359497,282.2699,101847.336,51.75,5.25
2024-06-12 01:00:00,5.0917053,-2.0993652,281.8593,101850.64,51.75,5.25
2024-06-12 02:00:00,5.0940704,-2.0717163,281.98328,101848.125,51.75,5.25
2024-06-12 03:00:00,5.099365,-1.9108887,282.0758,101857.586,51.75,5.25
2024-06-12 04:00:00,5.0503387,-1.7047424,282.31653,101879.75,51.75,5.25
2024-06-12 05:00:00,4.830017,-1.3410797,283.05045,101874.875,51.75,5.25
2024-06-12 06:00:00,4.250046,-0.93255615,284.31805,101911.555,51.75,5.25
2024-06-12 07:00:00,4.7871857,-2.7565613,285.26837,101945.11,51.75,5.25
2024-06-12 08:00:00,4.6848145,-2.6831055,285.68414,101943.68,51.75,5.25
2024-06-12 09:00:00,4.7624817,-2.8086395,286.06543,101938.805,51.75,5.25
2024-06-12 10:00:00,5.357483,-2.6408997,286.599,101952.36,51.75,5.25
2024-06-12 11:00:00,5.807678,-3.2998047,286.73062,101960.55,51.75,5.25
2024-06-12 12:00:00,5.8103943,-4.067734,286.77844,101960.55,51.75,5.25
2024-06-12 13:00:00,5.6412964,-4.3243713,286.91205,101970.54,51.75,5.25
2024-06-12 14:00:00,5.440857,-4.3529205,287.1291,101969.734,51.75,5.25
2024-06-12 15:00:00,5.17305,-4.3358,287.14734,101949.39,51.75,5.25
2024-06-12 16:00:00,4.7733154,-4.2425385,287.0652,101930.266,51.75,5.25
2024-06-12 17:00:00,4.1490326,-4.092285,286.77087,101918.984,51.75,5.25
2024-06-12 18:00:00,3.4653168,-3.5098877,286.08823,101917.94,51.75,5.25
2024-06-12 19:00:00,3.1229248,-3.1626892,285.57513,101927.766,51.75,5.25
2024-06-12 20:00:00,3.0917053,-2.7684326,284.06903,101953.84,51.75,5.25
2024-06-12 21:00:00,3.2002106,-2.300232,283.05624,101970.89,51.75,5.25
2024-06-12 22:00:00,3.8778381,-0.84965515,282.04938,101981.27,51.75,5.25
2024-06-12 23:00:00,3.7546234,0.02947998,281.87796,101939.26,51.75,5.25
2024-06-13 00:00:00,3.4555206,0.7455597,282.3507,101902.56,51.75,5.25
2024-06-13 01:00:00,3.1012573,1.661438,282.45087,101896.51,51.75,5.25
2024-06-13 02:00:00,2.740158,2.7975311,282.37524,101862.11,51.75,5.25
2024-06-13 03:00:00,2.3890686,3.9160614,282.22076,101835.75,51.75,5.25
2024-06-13 04:00:00,2.327942,4.841812,282.69666,101818.805,51.75,5.25
2024-06-13 05:00:00,2.1035004,5.2180634,283.2995,101787.695,51.75,5.25
2024-06-13 06:00:00,1.5078583,5.0196686,285.02008,101759.28,51.75,5.25
2024-06-13 07:00:00,1.4845428,4.7095184,286.80093,101754.91,51.75,5.25
2024-06-13 08:00:00,2.5814972,4.8317413,288.38144,101724.0,51.75,5.25
2024-06-13 09:00:00,3.5846558,4.899719,289.40305,101694.92,51.75,5.25
2024-06-13 10:00:00,3.312729,5.4372406,290.0305,101665.164,51.75,5.25
2024-06-13 11:00:00,3.7580109,5.9091034,289.9719,101595.45,51.75,5.25
2024-06-13 12:00:00,3.697464,6.0377197,290.64282,101532.836,51.75,5.25
2024-06-13 13:00:00,3.5672455,6.197357,291.23865,101471.84,51.75,5.25
2024-06-13 14:00:00,3.9112701,5.621109,291.77054,101444.56,51.75,5.25
2024-06-13 15:00:00,3.662796,4.787277,291.9063,101395.33,51.75,5.25
2024-06-13 16:00:00,2.8184052,4.3099213,291.79865,101304.22,51.75,5.25
2024-06-13 17:00:00,1.8991089,3.6828613,291.49344,101244.25,51.75,5.25
2024-06-13 18:00:00,1.9015808,3.610794,290.96863,101219.57,51.75,5.25
2024-06-13 19:00:00,1.6370392,3.3128357,289.79327,101208.625,51.75,5.25
2024-06-13 20:00:00,0.95932007,3.4996643,288.427,101170.31,51.75,5.25
2024-06-13 21:00:00,0.17947388,4.194519,287.84048,101130.25,51.75,5.25
2024-06-13 22:00:00,0.30212402,4.5773163,287.51654,101047.08,51.75,5.25
2024-06-13 23:00:00,0.045654297,5.2612305,287.3452,100973.7,51.75,5.25
2024-06-14 00:00:00,0.060272217,5.9633636,287.4381,100905.22,51.75,5.25
2024-06-14 01:00:00,0.5706177,6.741562,287.14392,100850.055,51.75,5.25
2024-06-14 02:00:00,1.4310455,7.0746307,286.89172,100790.34,51.75,5.25
2024-06-14 03:00:00,2.3061829,7.081497,286.53186,100757.97,51.75,5.25
2024-06-14 04:00:00,1.5757904,7.4783173,286.39743,100732.09,51.75,5.25
2024-06-14 05:00:00,0.5944519,7.9206543,286.48965,100684.22,51.75,5.25
2024-06-14 06:00:00,-0.15000916,7.67984,286.5122,100647.11,51.75,5.25
2024-06-14 07:00:00,-0.8714142,7.609833,287.24344,100630.414,51.75,5.25
2024-06-14 08:00:00,-0.65242004,7.846466,288.10785,100615.67,51.75,5.25
2024-06-14 09:00:00,-0.21148682,7.9723206,288.59387,100603.234,51.75,5.25
2024-06-14 10:00:00,1.7988739,7.820343,288.69254,100591.33,51.75,5.25
2024-06-14 11:00:00,1.8865967,7.0119476,289.56232,100592.53,51.75,5.25
2024-06-14 12:00:00,1.6569519,6.1758423,289.06305,100571.97,51.75,5.25
2024-06-14 13:00:00,3.0498505,6.0190277,289.32037,100574.95,51.75,5.25
2024-06-14 14:00:00,2.9354706,5.791443,290.2573,100557.29,51.75,5.25
2024-06-14 15:00:00,1.2813873,5.14946,290.5171,100508.96,51.75,5.25
2024-06-14 16:00:00,1.0382843,4.770111,291.30713,100450.45,51.75,5.25
2024-06-14 17:00:00,2.0917206,5.7043457,291.70673,100424.305,51.75,5.25
2024-06-14 18:00:00,-0.21974182,4.7183075,290.03027,100376.86,51.75,5.25
2024-06-14 19:00:00,-1.5124512,4.285507,289.403,100312.516,51.75,5.25
2024-06-14 20:00:00,-2.5101318,4.865738,288.60397,100288.69,51.75,5.25
2024-06-14 21:00:00,-3.0203552,5.5815277,288.08582,100236.0,51.75,5.25
2024-06-14 22:00:00,0.27320862,3.8642273,288.07855,100103.14,51.75,5.25
2024-06-14 23:00:00,0.9716644,5.37764,287.43024,100076.12,51.75,5.25
2024-06-15 00:00:00,2.7236328,6.609543,287.10226,99992.66,51.75,5.25
2024-06-15 01:00:00,4.5402374,6.6874084,286.88147,99971.94,51.75,5.25
2024-06-15 02:00:00,4.3046875,6.03714,286.3316,99933.58,51.75,5.25
2024-06-15 03:00:00,3.924118,6.944824,286.2929,99887.39,51.75,5.25
2024-06-15 04:00:00,4.938492,8.169327,286.43878,99950.805,51.75,5.25
2024-06-15 05:00:00,7.750351,9.00882,285.89417,99976.64,51.75,5.25
2024-06-15 06:00:00,8.449554,8.525787,285.6441,100069.81,51.75,5.25
2024-06-15 07:00:00,8.826111,8.846161,286.0616,100116.41,51.75,5.25
2024-06-15 08:00:00,10.791809,8.427246,286.75726,100202.81,51.75,5.25
2024-06-15 09:00:00,11.172821,7.749832,287.51666,100233.25,51.75,5.25
2024-06-15 10:00:00,7.9469757,7.26268,288.3786,100296.53,51.75,5.25
2024-06-15 11:00:00,7.592087,7.8743134,289.39737,100348.14,51.75,5.25
2024-06-15 12:00:00,7.814026,8.370819,290.1822,100367.66,51.75,5.25
2024-06-15 13:00:00,7.6845703,9.283997,290.28662,100389.86,51.75,5.25
2024-06-15 14:00:00,5.9953613,9.861191,290.24695,100394.76,51.75,5.25
2024-06-15 15:00:00,4.9644012,10.975815,290.6956,100338.766,51.75,5.25
2024-06-15 16:00:00,6.162384,9.892838,290.81354,100380.28,51.75,5.25
2024-06-15 17:00:00,6.0268555,9.449631,289.22827,100423.38,51.75,5.25
2024-06-15 18:00:00,5.116272,9.028397,288.35397,100421.29,51.75,5.25
2024-06-15 19:00:00,4.4426575,8.798355,287.85052,100441.805,51.75,5.25
2024-06-15 20:00:00,4.5895233,8.884445,287.64655,100466.42,51.75,5.25
2024-06-15 21:00:00,4.1875763,8.733368,287.36407,100509.94,51.75,5.25
2024-06-15 22:00:00,3.9013214,8.988373,287.24216,100492.69,51.75,5.25
2024-06-15 23:00:00,3.9617767,8.880737,286.86127,100498.7,51.75,5.25
2024-06-16 00:00:00,4.175003,8.135834,286.67474,100468.91,51.75,5.25
2024-06-16 01:00:00,3.8895416,7.731598,286.42276,100460.41,51.75,5.25
2024-06-16 02:00:00,3.7761383,7.4729156,286.30133,100468.375,51.75,5.25
2024-06-16 03:00:00,3.388916,7.408966,286.19467,100485.28,51.75,5.25
2024-06-16 04:00:00,2.3878784,7.797348,285.89087,100473.86,51.75,5.25
2024-06-16 05:00:00,2.1712952,7.831894,286.0673,100484.24,51.75,5.25
2024-06-16 06:00:00,2.325409,8.369812,286.80212,100481.76,51.75,5.25
2024-06-16 07:00:00,1.5464172,7.8636627,287.65747,100482.16,51.75,5.25
2024-06-16 08:00:00,1.4405823,7.8184204,288.25082,100489.016,51.75,5.25
2024-06-16 09:00:00,1.9722443,7.9927673,288.83838,100478.805,51.75,5.25
2024-06-16 10:00:00,4.0858,7.6305084,288.7625,100464.4,51.75,5.25
2024-06-16 11:00:00,2.9339447,7.4537354,289.835,100470.875,51.75,5.25
2024-06-16 12:00:00,3.3378448,8.52623,288.17905,100475.8,51.75,5.25
2024-06-16 13:00:00,2.9532623,7.622284,288.97546,100488.04,51.75,5.25
2024-06-16 14:00:00,2.7911072,7.092804,289.64767,100494.91,51.75,5.25
2024-06-16 15:00:00,4.231018,6.1602936,290.3725,100492.21,51.75,5.25
2024-06-16 16:00:00,4.847946,5.0503845,290.8673,100501.07,51.75,5.25
2024-06-16 17:00:00,5.223709,4.0091705,291.09354,100527.234,51.75,5.25
2024-06-16 18:00:00,5.020279,3.2730865,290.38116,100565.73,51.75,5.25
2024-06-16 19:00:00,4.0619965,3.1861115,289.66562,100631.625,51.75,5.25
2024-06-16 20:00:00,3.2129364,3.7797241,287.7937,100684.516,51.75,5.25
2024-06-16 21:00:00,2.8643951,4.412552,286.82697,100739.92,51.75,5.25
2024-06-16 22:00:00,2.9075317,4.4754333,286.41302,100761.72,51.75,5.25
2024-06-16 23:00:00,2.9194946,4.932678,286.67926,100787.56,51.75,5.25
2024-06-17 00:00:00,2.9572754,5.1740265,286.9254,100790.375,51.75,5.25
2024-06-17 01:00:00,3.4433746,5.2750397,286.65973,100816.914,51.75,5.25
2024-06-17 02:00:00,3.514328,5.2432556,286.6093,100803.125,51.75,5.25
2024-06-17 03:00:00,3.775528,5.4781647,286.25183,100828.8,51.75,5.25
2024-06-17 04:00:00,3.8460083,5.2736816,286.44653,100856.28,51.75,5.25
2024-06-17 05:00:00,3.5413208,4.5950623,286.94067,100885.06,51.75,5.25
2024-06-17 06:00:00,2.7632751,3.88974,287.8103,100919.05,51.75,5.25
2024-06-17 07:00:00,2.836914,3.5870972,288.54712,100964.33,51.75,5.25
2024-06-17 08:00:00,3.182663,3.52948,289.30524,101002.37,51.75,5.25
2024-06-17 09:00:00,3.6468353,3.3012238,289.69357,101032.59,51.75,5.25
2024-06-17 10:00:00,3.3082886,2.9292603,290.70715,101081.16,51.75,5.25
2024-06-17 11:00:00,3.9307861,2.79776,292.00146,101124.375,51.75,5.25
2024-06-17 12:00:00,4.4093933,2.2642517,292.46902,101125.09,51.75,5.25
2024-06-17 13:00:00,4.472763,1.9548187,292.87195,101155.484,51.75,5.25
2024-06-17 14:00:00,4.6589355,1.6840668,293.28693,101175.984,51.75,5.25
2024-06-17 15:00:00,4.9024963,1.0052185,293.49194,101197.055,51.75,5.25
2024-06-17 16:00:00,5.0404816,-0.33488464,293.37317,101201.67,51.75,5.25
2024-06-17 17:00:00,3.9053802,-0.9458008,293.16882,101211.49,51.75,5.25
2024-06-17 18:00:00,2.8026276,-1.1022186,292.63776,101246.69,51.75,5.25
2024-06-17 19:00:00,2.0379944,-0.90766907,291.45642,101275.22,51.75,5.25
2024-06-17 20:00:00,0.924881,-0.7898102,290.49307,101317.77,51.75,5.25
2024-06-17 21:00:00,-0.31983948,-0.22038269,288.19165,101364.85,51.75,5.25
2024-06-17 22:00:00,0.5340729,-0.28546143,287.44226,101383.266,51.75,5.25
2024-06-17 23:00:00,-0.0014953613,0.0566864,286.50824,101410.5,51.75,5.25
2024-06-18 00:00:00,-0.6248169,0.54963684,285.99203,101395.11,51.75,5.25
2024-06-18 01:00:00,-0.8529968,1.2028961,285.8364,101399.34,51.75,5.25
2024-06-18 02:00:00,-1.2658386,1.2008514,285.96072,101359.48,51.75,5.25
2024-06-18 03:00:00,-2.0981445,0.7271118,285.882,101331.8,51.75,5.25
2024-06-18 04:00:00,-2.799759,1.2032471,286.87497,101341.25,51.75,5.25
2024-06-18 05:00:00,-3.0601044,0.78274536,288.07568,101356.19,51.75,5.25
2024-06-18 06:00:00,-3.0793,-0.11639404,289.08228,101359.24,51.75,5.25
2024-06-18 07:00:00,-3.1799927,0.24468994,289.3335,101370.36,51.75,5.25
2024-06-18 08:00:00,-3.0761414,-0.28678894,290.40924,101353.234,51.75,5.25
2024-06-18 09:00:00,-2.8216553,-0.64053345,290.92365,101320.22,51.75,5.25
2024-06-18 10:00:00,-3.1150818,-1.9341431,289.86972,101325.09,51.75,5.25
2024-06-18 11:00:00,-3.0464935,-2.7095795,290.83893,101284.49,51.75,5.25
2024-06-18 12:00:00,-2.9458923,-3.4907227,290.4645,101248.72,51.75,5.25
2024-06-18 13:00:00,-2.804123,-4.518051,290.25067,101246.14,51.75,5.25
2024-06-18 14:00:00,-2.884781,-4.7240143,290.16284,101239.95,51.75,5.25
2024-06-18 15:00:00,-2.3686981,-4.8794556,289.67023,101279.94,51.75,5.25
2024-06-18 16:00:00,-2.4555511,-4.911484,289.63712,101257.484,51.75,5.25
2024-06-18 17:00:00,-2.3795624,-4.545471,289.4452,101272.53,51.75,5.25
2024-06-18 18:00:00,-2.3460999,-3.576355,289.36588,101285.555,51.75,5.25
2024-06-18 19:00:00,-2.3318787,-3.3169708,288.9806,101306.016,51.75,5.25
2024-06-18 20:00:00,-2.0552216,-3.6577911,288.4759,101325.58,51.75,5.25
2024-06-18 21:00:00,-2.0299988,-4.4714203,288.04166,101355.18,51.75,5.25
2024-06-18 22:00:00,-1.374939,-3.228485,288.08984,101389.31,51.75,5.25
2024-06-18 23:00:00,-0.97839355,-3.537796,287.73013,101453.28,51.75,5.25
2024-06-19 00:00:00,-1.4502258,-5.101074,287.42496,101437.31,51.75,5.25
2024-06-19 01:00:00,-0.84124756,-5.321823,287.13333,101484.74,51.75,5.25
2024-06-19 02:00:00,-1.0067749,-5.514038,286.95898,101468.125,51.75,5.25
2024-06-19 03:00:00,-1.245285,-6.210495,286.86017,101421.47,51.75,5.25
2024-06-19 04:00:00,-0.7541046,-5.7553406,286.75623,101568.31,51.75,5.25
2024-06-19 05:00:00,-1.8500519,-6.273697,287.09756,101627.695,51.75,5.25
2024-06-19 06:00:00,-3.0327148,-6.026764,287.59454,101651.83,51.75,5.25
2024-06-19 07:00:00,-3.4308472,-5.597824,288.44647,101688.734,51.75,5.25
2024-06-19 08:00:00,-3.0137177,-5.125931,289.30057,101772.92,51.75,5.25
2024-06-19 09:00:00,-2.7352905,-4.755295,290.3605,101834.55,51.75,5.25
2024-06-19 10:00:00,-2.6747437,-4.480789,290.7503,101844.32,51.75,5.25
2024-06-19 11:00:00,-2.1566925,-3.6095123,291.4651,101912.55,51.75,5.25
2024-06-19 12:00:00,-1.4837036,-3.9184418,292.05548,101910.45,51.75,5.25
2024-06-19 13:00:00,-0.86320496,-4.5193634,292.10828,101947.3,51.75,5.25
2024-06-19 14:00:00,-0.5120392,-4.435501,292.47095,102012.734,51.75,5.25
2024-06-19 15:00:00,-0.61494446,-5.202118,292.54785,101972.18,51.75,5.25
2024-06-19 16:00:00,-0.85939026,-4.728485,292.76822,101974.42,51.75,5.25
2024-06-19 17:00:00,-0.9741516,-4.7909393,292.46466,102008.2,51.75,5.25
2024-06-19 18:00:00,-1.1102905,-5.7248993,291.604,102043.49,51.75,5.25
2024-06-19 19:00:00,-1.6993866,-6.064972,290.46912,102100.26,51.75,5.25
2024-06-19 20:00:00,-2.3637238,-6.127838,288.57233,102145.91,51.75,5.25
2024-06-19 21:00:00,-2.8193512,-6.176712,287.04126,102195.516,51.75,5.25
2024-06-19 22:00:00,-3.5739746,-5.806061,286.13672,102194.23,51.75,5.25
2024-06-19 23:00:00,-4.838379,-4.835617,285.5553,102193.66,51.75,5.25
2024-06-20 00:00:00,-4.6440735,-3.231842,285.06256,102189.67,51.75,5.25
2024-06-20 01:00:00,-4.1615295,-2.6269226,284.4122,102196.984,51.75,5.25
2024-06-20 02:00:00,-5.187454,-2.1766663,284.16394,102162.05,51.75,5.25
2024-06-20 03:00:00,-5.6056976,-1.9310303,283.95068,102139.36,51.75,5.25
2024-06-20 04:00:00,-5.444977,-1.3934326,284.4035,102136.56,51.75,5.25
2024-06-20 05:00:00,-5.184326,-2.474594,285.5398,102091.7,51.75,5.25
2024-06-20 06:00:00,-4.9804688,-2.298935,286.5335,102030.69,51.75,5.25
2024-06-20 07:00:00,-3.7989044,-1.1314392,288.22906,102097.41,51.75,5.25
2024-06-20 08:00:00,-3.0381012,-1.8630066,289.69528,102088.08,51.75,5.25
2024-06-20 09:00:00,-3.3947754,-2.4606323,290.9514,102009.25,51.75,5.25
2024-06-20 10:00:00,-3.0882263,-2.3019867,292.50653,101936.22,51.75,5.25
2024-06-20 11:00:00,-3.4115753,-2.8585205,292.79196,101908.3,51.75,5.25
2024-06-20 12:00:00,-3.1472626,-3.3836975,292.8216,101881.85,51.75,5.25
2024-06-20 13:00:00,-3.7785034,-3.3940277,292.14062,101863.54,51.75,5.25
2024-06-20 14:00:00,-4.961029,-3.1936188,291.6139,101798.02,51.75,5.25
2024-06-20 15:00:00,-5.0434265,-2.462967,291.92642,101761.64,51.75,5.25
2024-06-20 16:00:00,-4.3573914,-3.2571106,291.75897,101678.875,51.75,5.25
2024-06-20 17:00:00,-4.0340424,-2.549408,291.53253,101682.03,51.75,5.25
2024-06-20 18:00:00,-2.8350372,-3.22052,291.34396,101650.46,51.75,5.25
2024-06-20 19:00:00,-2.579193,-4.0793304,291.20953,101601.69,51.75,5.25
2024-06-20 20:00:00,-2.6920166,-4.186569,290.69672,101576.266,51.75,5.25
2024-06-20 21:00:00,-2.5708923,-4.116989,290.0631,101585.52,51.75,5.25
2024-06-20 22:00:00,-3.2415771,-4.988388,289.49313,101585.94,51.75,5.25
2024-06-20 23:00:00,-3.5246277,-4.2073364,289.00583,101558.625,51.75,5.25
2024-06-21 00:00:00,-3.0102692,-4.1453247,288.74615,101502.125,51.75,5.25
2024-06-21 01:00:00,-2.2249908,-4.39624,288.7851,101479.42,51.75,5.25
2024-06-21 02:00:00,-2.7513885,-4.833145,288.6789,101405.7,51.75,5.25
2024-06-21 03:00:00,-2.7974243,-4.307846,288.48288,101337.97,51.75,5.25
2024-06-21 04:00:00,-2.5411682,-3.5529175,288.59302,101315.375,51.75,5.25
2024-06-21 05:00:00,-1.7463531,-3.9228363,288.88995,101304.06,51.75,5.25
2024-06-21 06:00:00,-1.3584595,-3.4675903,289.18164,101302.086,51.75,5.25
2024-06-21 07:00:00,-0.47914124,-3.1247559,289.42776,101290.7,51.75,5.25
2024-06-21 08:00:00,-1.1384583,-3.5546265,289.89282,101265.0,51.75,5.25
2024-06-21 09:00:00,-0.7355957,-3.5581818,290.29214,101214.73,51.75,5.25
2024-06-21 10:00:00,-0.752182,-2.3433228,289.9734,101189.57,51.75,5.25
2024-06-21 11:00:00,0.053009033,-2.9786835,290.38956,101182.18,51.75,5.25
2024-06-21 12:00:00,0.30348206,-4.3200684,289.9684,101112.95,51.75,5.25
2024-06-21 13:00:00,1.4090881,-4.6412354,289.94183,101077.13,51.75,5.25
2024-06-21 14:00:00,3.341217,-4.7842865,289.8093,101070.62,51.75,5.25
2024-06-21 15:00:00,5.3717804,-4.3918304,290.06677,101074.67,51.75,5.25
2024-06-21 16:00:00,6.517441,-3.0991821,289.65842,101067.42,51.75,5.25
2024-06-21 17:00:00,7.0314636,-2.0570374,289.23267,101080.516,51.75,5.25
2024-06-21 18:00:00,6.9398804,-1.0931854,288.89972,101079.83,51.75,5.25
2024-06-21 19:00:00,5.531128,-0.28642273,288.58517,101104.54,51.75,5.25
2024-06-21 20:00:00,4.988678,0.9635925,288.18393,101162.01,51.75,5.25
2024-06-21 21:00:00,4.47583,2.0944977,287.39282,101207.64,51.75,5.25
2024-06-21 22:00:00,4.1241302,4.11409,286.4317,101222.59,51.75,5.25
2024-06-21 23:00:00,4.074341,5.2072144,286.03116,101205.06,51.75,5.25
2024-06-22 00:00:00,5.70343,5.049057,286.1199,101141.11,51.75,5.25
2024-06-22 01:00:00,6.5350037,4.6089783,286.17474,101129.0,51.75,5.25
2024-06-22 02:00:00,6.270279,4.4030914,286.20435,101129.28,51.75,5.25
2024-06-22 03:00:00,6.486618,4.4227753,285.77783,101121.234,51.75,5.25
2024-06-22 04:00:00,6.4375,4.2529144,285.35513,101102.79,51.75,5.25
2024-06-22 05:00:00,6.024399,4.133774,286.19882,101122.61,51.75,5.25
2024-06-22 06:00:00,5.344406,3.8514252,287.44427,101146.1,51.75,5.25
2024-06-22 07:00:00,6.8093567,3.09552,288.4497,101170.016,51.75,5.25
2024-06-22 08:00:00,6.699463,2.6744232,289.74762,101200.92,51.75,5.25
2024-06-22 09:00:00,6.310791,2.0603333,290.56396,101202.63,51.75,5.25
2024-06-22 10:00:00,6.234543,1.5863495,291.43152,101255.05,51.75,5.25
2024-06-22 11:00:00,6.444458,0.96377563,291.93463,101268.56,51.75,5.25
2024-06-22 12:00:00,6.1207733,0.63313293,292.41028,101283.41,51.75,5.25
2024-06-22 13:00:00,5.4893036,0.35658264,292.50925,101302.44,51.75,5.25
2024-06-22 14:00:00,5.394745,0.22782898,292.75934,101347.44,51.75,5.25
2024-06-22 15:00:00,5.3462677,0.29066467,292.78918,101361.38,51.75,5.25
2024-06-22 16:00:00,4.892868,0.31114197,292.8562,101372.0,51.75,5.25
2024-06-22 17:00:00,4.143875,0.36973572,292.41547,101379.484,51.75,5.25
2024-06-22 18:00:00,3.6487732,0.3135376,292.2588,101428.445,51.75,5.25
2024-06-22 19:00:00,3.5514832,0.116363525,291.48712,101471.98,51.75,5.25
2024-06-22 20:00:00,3.413437,-0.13726807,289.94513,101515.91,51.75,5.25
2024-06-22 21:00:00,3.4217834,-0.5301819,288.76996,101573.305,51.75,5.25
2024-06-22 22:00:00,2.7686005,-1.2701569,287.45575,101608.234,51.75,5.25
2024-06-22 23:00:00,2.88385,-0.37503052,286.61267,101608.11,51.75,5.25
2024-06-23 00:00:00,3.6331177,0.4232025,285.8869,101657.19,51.75,5.25
2024-06-23 01:00:00,4.037964,1.1080627,285.58606,101683.6,51.75,5.25
2024-06-23 02:00:00,4.2642365,1.5588989,285.00946,101710.75,51.75,5.25
2024-06-23 03:00:00,4.1074677,1.8376465,285.2032,101724.66,51.75,5.25
2024-06-23 04:00:00,4.0494537,1.9839325,285.17023,101765.58,51.75,5.25
2024-06-23 05:00:00,4.066635,2.048233,287.08105,101783.266,51.75,5.25
2024-06-23 06:00:00,3.1083527,1.585434,288.94427,101825.61,51.75,5.25
2024-06-23 07:00:00,2.396103,1.3177643,290.69666,101862.03,51.75,5.25
2024-06-23 08:00:00,1.8557129,1.5462799,292.28262,101906.69,51.75,5.25
2024-06-23 09:00:00,1.7889557,1.7737885,293.66446,101909.234,51.75,5.25
2024-06-23 10:00:00,1.3958435,2.3925476,294.4115,101926.766,51.75,5.25
2024-06-23 11:00:00,2.0493011,1.7898102,295.2749,101930.72,51.75,5.25
2024-06-23 12:00:00,2.512497,0.9617462,296.09607,101932.09,51.75,5.25
2024-06-23 13:00:00,3.1658936,0.34519958,296.3103,101921.67,51.75,5.25
2024-06-23 14:00:00,3.5266724,-0.5030365,296.65192,101916.53,51.75,5.25
2024-06-23 15:00:00,3.6803284,-1.8188629,296.6637,101919.06,51.75,5.25
2024-06-23 16:00:00,3.733017,-3.2667084,296.33807,101938.09,51.75,5.25
2024-06-23 17:00:00,3.227829,-4.4633484,295.91144,101957.48,51.75,5.25
2024-06-23 18:00:00,2.2657166,-5.08284,294.96194,101991.34,51.75,5.25
2024-06-23 19:00:00,1.2538452,-5.0282288,293.81323,102010.625,51.75,5.25
2024-06-23 20:00:00,0.10076904,-4.7184296,291.0536,102052.56,51.75,5.25
2024-06-23 21:00:00,-0.9530029,-4.0957336,289.4707,102086.125,51.75,5.25
2024-06-23 22:00:00,-1.8259583,-3.6861267,287.77643,102087.28,51.75,5.25
2024-06-23 23:00:00,-2.1493683,-2.6637115,287.8803,102097.51,51.75,5.25
2024-06-24 00:00:00,-2.000702,-1.6060791,287.6762,102091.05,51.75,5.25
2024-06-24 01:00:00,-1.5687561,-1.3157654,287.64487,102079.08,51.75,5.25
2024-06-24 02:00:00,-1.1594543,-1.422699,285.64435,102075.45,51.75,5.25
2024-06-24 03:00:00,-1.007782,-1.5510254,284.82574,102061.59,51.75,5.25
2024-06-24 04:00:00,-0.9406433,-1.756134,285.31424,102057.42,51.75,5.25
2024-06-24 05:00:00,-1.0840912,-1.8247986,287.3898,102061.54,51.75,5.25
2024-06-24 06:00:00,-1.3308716,-1.6322174,289.87262,102078.234,51.75,5.25
2024-06-24 07:00:00,-1.0905304,-1.0150452,292.12885,102090.55,51.75,5.25
2024-06-24 08:00:00,-1.0618896,-1.0258331,293.85645,102084.42,51.75,5.25
2024-06-24 09:00:00,-1.0265808,-0.9331665,294.91046,102065.66,51.75,5.25
2024-06-24 10:00:00,-0.5281372,-0.7901764,295.95862,102020.92,51.75,5.25
2024-06-24 11:00:00,-0.3027649,-0.27719116,296.7376,102003.69,51.75,5.25
2024-06-24 12:00:00,-0.16003418,0.15118408,297.1261,101967.91,51.75,5.25
2024-06-24 13:00:00,-0.1612854,-0.52796936,297.5492,101921.6,51.75,5.25
2024-06-24 14:00:00,-0.9004669,-0.08822632,297.946,101885.22,51.75,5.25
2024-06-24 15:00:00,-1.4470673,0.013427734,298.18054,101834.19,51.75,5.25
2024-06-24 16:00:00,-1.6106262,-0.08073425,298.32816,101783.44,51.75,5.25
2024-06-24 17:00:00,-1.6332855,-0.7724457,298.28876,101769.61,51.75,5.25
2024-06-24 18:00:00,-1.7610626,-1.9203033,297.65448,101751.266,51.75,5.25
2024-06-24 19:00:00,-1.9163055,-3.2840576,296.47614,101748.83,51.75,5.25
2024-06-24 20:00:00,-2.621643,-4.122757,293.96063,101758.75,51.75,5.25
2024-06-24 21:00:00,-3.7850647,-4.1813354,292.52747,101784.125,51.75,5.25
2024-06-24 22:00:00,-5.5913696,-2.7640686,291.77255,101797.98,51.75,5.25
2024-06-24 23:00:00,-6.0043945,-2.0266876,291.46802,101765.5,51.75,5.25
2024-06-25 00:00:00,-6.2527313,-1.7923889,290.84738,101769.6,51.75,5.25
2024-06-25 01:00:00,-6.38501,-1.7768555,290.2213,101703.78,51.75,5.25
2024-06-25 02:00:00,-6.2237854,-1.5331726,289.74368,101674.875,51.75,5.25
2024-06-25 03:00:00,-6.0650177,-1.220047,289.28717,101669.72,51.75,5.25
2024-06-25 04:00:00,-5.8059387,-0.9582977,289.4139,101644.08,51.75,5.25
2024-06-25 05:00:00,-5.294876,-0.74102783,290.9657,101641.41,51.75,5.25
2024-06-25 06:00:00,-4.3446198,-0.7621765,292.7856,101636.5,51.75,5.25
2024-06-25 07:00:00,-3.2370605,-0.8959961,294.53262,101637.25,51.75,5.25
2024-06-25 08:00:00,-2.8159027,-1.1168365,296.30612,101619.83,51.75,5.25
2024-06-25 09:00:00,-2.6412506,-1.741394,297.71994,101606.73,51.75,5.25
2024-06-25 10:00:00,-2.7922974,-2.54628,298.77014,101571.19,51.75,5.25
2024-06-25 11:00:00,-3.5401,-2.6276855,299.51657,101542.45,51.75,5.25
2024-06-25 12:00:00,-4.0693665,-2.3333282,300.04114,101508.16,51.75,5.25
2024-06-25 13:00:00,-4.2710114,-2.0697632,300.48236,101457.97,51.75,5.25
2024-06-25 14:00:00,-4.3372498,-2.07695,300.74738,101414.625,51.75,5.25
2024-06-25 15:00:00,-4.4936676,-2.1098022,300.98044,101353.47,51.75,5.25
2024-06-25 16:00:00,-4.589813,-1.9798889,300.84094,101289.89,51.75,5.25
2024-06-25 17:00:00,-4.195587,-2.1517792,300.73587,101261.63,51.75,5.25
2024-06-25 18:00:00,-4.0871124,-2.6098633,299.85114,101235.42,51.75,5.25
2024-06-25 19:00:00,-4.1964417,-3.327896,298.56033,101242.83,51.75,5.25
2024-06-25 20:00:00,-4.690689,-3.3818665,296.12317,101261.25,51.75,5.25
2024-06-25 21:00:00,-4.996353,-3.2607727,294.54535,101309.375,51.75,5.25
2024-06-25 22:00:00,-5.468796,-3.597351,294.00494,101293.92,51.75,5.25
2024-06-25 23:00:00,-5.398529,-3.268692,293.205,101283.61,51.75,5.25
2024-06-26 00:00:00,-5.7004395,-2.6788788,292.57977,101269.28,51.75,5.25
2024-06-26 01:00:00,-5.8863525,-2.246582,291.93842,101249.03,51.75,5.25
2024-06-26 02:00:00,-5.938217,-1.833847,291.3479,101196.17,51.75,5.25
2024-06-26 03:00:00,-6.073654,-1.3002472,290.76874,101172.14,51.75,5.25
2024-06-26 04:00:00,-5.885071,-1.0542145,290.83417,101171.75,51.75,5.25
2024-06-26 05:00:00,-5.42424,-0.7015228,292.32013,101175.07,51.75,5.25
2024-06-26 06:00:00,-4.5020905,-0.5219574,294.36505,101183.375,51.75,5.25
2024-06-26 07:00:00,-3.0638428,-0.94467163,296.1045,101170.1,51.75,5.25
2024-06-26 08:00:00,-2.5766296,-1.4608765,297.55304,101149.45,51.75,5.25
2024-06-26 09:00:00,-2.3759308,-1.6969757,298.85297,101140.39,51.75,5.25
2024-06-26 10:00:00,-2.110855,-2.5797577,299.87143,101101.78,51.75,5.25
2024-06-26 11:00:00,-3.0539703,-1.7650604,300.61124,101082.95,51.75,5.25
2024-06-26 12:00:00,-3.0584106,-1.0869598,301.0429,101061.22,51.75,5.25
2024-06-26 13:00:00,-2.6004791,-1.0464935,301.6835,101006.984,51.75,5.25
2024-06-26 14:00:00,-2.1748657,-0.81611633,302.126,100945.11,51.75,5.25
2024-06-26 15:00:00,-1.7202148,-0.81303406,302.44662,100917.484,51.75,5.25
2024-06-26 16:00:00,-1.3967896,-1.1604156,302.3735,100876.49,51.75,5.25
2024-06-26 17:00:00,-1.1735687,-1.1410828,302.08643,100855.64,51.75,5.25
2024-06-26 18:00:00,-0.7568512,-1.0256653,301.35773,100843.2,51.75,5.25
2024-06-26 19:00:00,-0.6980133,-1.0045776,300.0312,100833.82,51.75,5.25
2024-06-26 20:00:00,-0.2390747,-1.1773834,297.55273,100859.48,51.75,5.25
2024-06-26 21:00:00,0.39237976,-1.7029877,295.6618,100864.19,51.75,5.25
2024-06-26 22:00:00,-0.65115356,-2.2428436,293.41565,100865.57,51.75,5.25
2024-06-26 23:00:00,-0.7059784,-1.8505554,292.50464,100842.875,51.75,5.25
2024-06-27 00:00:00,-0.12184143,-0.91052246,292.8175,100799.81,51.75,5.25
2024-06-27 01:00:00,0.54122925,0.41548157,292.30563,100821.625,51.75,5.25
2024-06-27 02:00:00,2.868988,1.1453552,291.26642,100789.92,51.75,5.25
2024-06-27 03:00:00,4.8945007,0.7904358,291.10977,100776.19,51.75,5.25
2024-06-27 04:00:00,5.736511,0.24707031,291.74323,100774.11,51.75,5.25
2024-06-27 05:00:00,5.4534454,-0.13604736,293.05997,100795.5,51.75,5.25
2024-06-27 06:00:00,4.5862274,-0.26257324,294.99158,100816.9,51.75,5.25
2024-06-27 07:00:00,3.2493896,0.039367676,296.6325,100828.7,51.75,5.25
2024-06-27 08:00:00,3.006424,0.5160675,298.21423,100827.59,51.75,5.25
2024-06-27 09:00:00,2.891327,1.4368744,299.42676,100842.64,51.75,5.25
2024-06-27 10:00:00,3.0525055,1.2599335,300.11136,100807.41,51.75,5.25
2024-06-27 11:00:00,5.0666656,1.5870361,300.66806,100799.375,51.75,5.25
2024-06-27 12:00:00,5.9250336,1.0203857,301.18942,100823.375,51.75,5.25
2024-06-27 13:00:00,5.1914825,0.5656738,301.4639,100800.25,51.75,5.25
2024-06-27 14:00:00,3.7260132,1.1920013,301.9141,100768.04,51.75,5.25
2024-06-27 15:00:00,3.6458893,2.3491821,301.70233,100740.53,51.75,5.25
2024-06-27 16:00:00,5.4764557,3.2299347,301.07883,100747.21,51.75,5.25
2024-06-27 17:00:00,5.168396,0.90844727,300.33044,100730.25,51.75,5.25
2024-06-27 18:00:00,5.822418,-0.8201904,298.11133,100752.05,51.75,5.25
2024-06-27 19:00:00,6.8505554,-1.6887512,296.52637,100835.78,51.75,5.25
2024-06-27 20:00:00,7.1914062,-1.4027557,294.84897,100922.484,51.75,5.25
2024-06-27 21:00:00,7.0615234,0.15696716,293.23743,100997.73,51.75,5.25
2024-06-27 22:00:00,6.3257904,1.8983765,291.6339,101063.875,51.75,5.25
2024-06-27 23:00:00,6.5893097,3.1761322,290.883,101034.516,51.75,5.25
2024-06-28 00:00:00,6.954071,3.9090576,290.15558,101092.055,51.75,5.25
2024-06-28 01:00:00,6.610718,3.7316742,289.3309,101131.03,51.75,5.25
2024-06-28 02:00:00,6.6425476,2.9653625,288.7798,101114.64,51.75,5.25
2024-06-28 03:00:00,6.3936005,2.917282,288.24704,101137.91,51.75,5.25
2024-06-28 04:00:00,6.442276,2.809967,288.22418,101183.98,51.75,5.25
2024-06-28 05:00:00,6.4219055,2.5167694,288.87524,101250.45,51.75,5.25
2024-06-28 06:00:00,6.587097,2.0947418,289.60913,101320.59,51.75,5.25
2024-06-28 07:00:00,7.2077026,1.6808167,290.43683,101387.234,51.75,5.25
2024-06-28 08:00:00,7.1707916,1.513916,291.09326,101456.64,51.75,5.25
2024-06-28 09:00:00,6.6541595,1.78656,291.51892,101496.38,51.75,5.25
2024-06-28 10:00:00,6.4229126,1.3564453,292.59113,101596.67,51.75,5.25
2024-06-28 11:00:00,6.650238,1.5296173,292.8006,101615.36,51.75,5.25
2024-06-28 12:00:00,5.9709015,1.7507629,293.4251,101638.47,51.75,5.25
2024-06-28 13:00:00,6.0510864,1.8351135,293.9178,101637.81,51.75,5.25
2024-06-28 14:00:00,6.5283966,2.0965729,294.149,101681.39,51.75,5.25
2024-06-28 15:00:00,6.4646606,1.4445648,293.78015,101671.59,51.75,5.25
2024-06-28 16:00:00,6.424576,0.27622986,293.81082,101669.03,51.75,5.25
2024-06-28 17:00:00,6.0507965,-0.41282654,293.39935,101696.01,51.75,5.25
2024-06-28 18:00:00,4.1962433,-1.8286896,292.78436,101703.39,51.75,5.25
2024-06-28 19:00:00,2.6310272,-2.662735,292.00552,101725.41,51.75,5.25
2024-06-28 20:00:00,1.4468536,-2.5526733,290.82104,101743.0,51.75,5.25
2024-06-28 21:00:00,0.50149536,-2.226883,289.12323,101795.234,51.75,5.25
2024-06-28 22:00:00,0.4413452,-2.1113586,288.45178,101805.72,51.75,5.25
2024-06-28 23:00:00,-0.08850098,-1.2197876,288.04794,101776.234,51.75,5.25
2024-06-29 00:00:00,-0.48516846,-0.6864319,286.43768,101721.36,51.75,5.25
2024-06-29 01:00:00,-0.25982666,0.7468262,285.29694,101736.586,51.75,5.25
2024-06-29 02:00:00,-0.7828827,0.9118042,284.82385,101718.03,51.75,5.25
2024-06-29 03:00:00,-1.6343994,1.3486786,284.81482,101720.07,51.75,5.25
2024-06-29 04:00:00,-1.8940582,1.056778,285.0127,101703.125,51.75,5.25
2024-06-29 05:00:00,-1.9129028,0.6022644,286.77478,101654.19,51.75,5.25
2024-06-29 06:00:00,-1.6800995,-0.15870667,289.2685,101635.086,51.75,5.25
2024-06-29 07:00:00,-1.4383698,-0.6687012,291.2519,101620.74,51.75,5.25
2024-06-29 08:00:00,-1.6625519,-0.6902008,292.73145,101571.09,51.75,5.25
2024-06-29 09:00:00,-1.6246338,-0.2888031,293.9555,101527.5,51.75,5.25
2024-06-29 10:00:00,-1.9763947,-1.1520233,295.08514,101426.79,51.75,5.25
2024-06-29 11:00:00,-1.7870331,-0.38035583,295.85712,101416.19,51.75,5.25
2024-06-29 12:00:00,-1.8887177,-0.78479004,296.6697,101335.55,51.75,5.25
2024-06-29 13:00:00,-1.9416046,-0.9700012,297.00085,101259.55,51.75,5.25
2024-06-29 14:00:00,-2.0479279,-1.8174438,297.44214,101164.14,51.75,5.25
2024-06-29 15:00:00,-2.5802765,-1.6109161,297.73065,101066.11,51.75,5.25
2024-06-29 16:00:00,-1.8568115,-0.81214905,297.4693,101070.46,51.75,5.25
2024-06-29 17:00:00,-0.3743286,-2.6987305,295.8454,101000.16,51.75,5.25
2024-06-29 18:00:00,-0.08621216,-4.814102,294.09085,100938.28,51.75,5.25
2024-06-29 19:00:00,-1.0749054,-5.155472,292.70505,100902.34,51.75,5.25
2024-06-29 20:00:00,-1.5199127,-5.8613434,291.91266,100850.66,51.75,5.25
2024-06-29 21:00:00,-1.7282562,-6.2239227,291.20624,100854.16,51.75,5.25
2024-06-29 22:00:00,0.07450867,-6.7739563,290.8493,100778.09,51.75,5.25
2024-06-29 23:00:00,-0.30178833,-5.3987427,290.10754,100782.09,51.75,5.25
2024-06-30 00:00:00,-0.3061676,-4.426071,290.00507,100732.92,51.75,5.25
2024-06-30 01:00:00,0.9207611,-4.660492,289.86343,100649.375,51.75,5.25
2024-06-30 02:00:00,1.3540039,-4.4825134,289.6883,100603.09,51.75,5.25
2024-06-30 03:00:00,1.7323151,-3.8653717,289.55243,100617.01,51.75,5.25
2024-06-30 04:00:00,2.704361,-3.7990875,289.45074,100647.17,51.75,5.25
2024-06-30 05:00:00,3.3451385,-4.5746307,289.49036,100680.56,51.75,5.25
2024-06-30 06:00:00,3.5121002,-5.6911163,289.87454,100735.15,51.75,5.25
2024-06-30 07:00:00,3.1598053,-6.314636,290.9082,100778.36,51.75,5.25
2024-06-30 08:00:00,3.17099,-5.3483276,292.1203,100800.82,51.75,5.25
2024-06-30 09:00:00,3.7073517,-4.5187073,293.23828,100845.25,51.75,5.25
2024-06-30 10:00:00,3.7148438,-4.4150085,293.67432,100916.914,51.75,5.25
2024-06-30 11:00:00,3.9378052,-4.1472626,293.85147,100958.56,51.75,5.25
2024-06-30 12:00:00,3.9764252,-3.8450928,293.53134,100972.28,51.75,5.25
2024-06-30 13:00:00,4.028717,-3.3495026,293.763,101016.61,51.75,5.25
2024-06-30 14:00:00,5.226013,-3.2659607,293.51532,101070.4,51.75,5.25
2024-06-30 15:00:00,5.8189697,-2.9165344,293.08072,101124.57,51.75,5.25
2024-06-30 16:00:00,5.462967,-2.5974426,292.07007,101147.58,51.75,5.25
2024-06-30 17:00:00,4.514618,-2.3640137,291.34177,101175.27,51.75,5.25
2024-06-30 18:00:00,3.7718048,-1.9777374,290.10663,101176.09,51.75,5.25
2024-06-30 19:00:00,3.9668732,-1.4565277,289.47107,101178.53,51.75,5.25
2024-06-30 20:00:00,4.561508,-1.3268738,288.83826,101234.53,51.75,5.25
2024-06-30 21:00:00,4.7626343,-1.4120331,288.36548,101266.125,51.75,5.25
2024-06-30 22:00:00,4.4604187,-1.9436798,287.9359,101298.79,51.75,5.25
2024-06-30 23:00:00,4.690506,-2.5696259,287.5141,101321.36,51.75,5.25
2024-07-01 00:00:00,4.72966,-2.5980682,286.91776,101347.445,51.75,5.25
2024-07-01 01:00:00,5.1744537,-2.6421661,286.4934,101352.234,51.75,5.25
2024-07-01 02:00:00,5.723465,-2.8815918,286.35974,101363.0,51.75,5.25
2024-07-01 03:00:00,5.8661194,-2.9254456,285.92834,101362.86,51.75,5.25
2024-07-01 04:00:00,5.6194916,-2.9826202,285.48846,101384.016,51.75,5.25
2024-07-01 05:00:00,5.2373505,-3.317627,286.35303,101422.14,51.75,5.25
2024-07-01 06:00:00,4.49823,-3.4956512,287.7597,101448.39,51.75,5.25
2024-07-01 07:00:00,4.413925,-4.020462,288.65094,101493.55,51.75,5.25
2024-07-01 08:00:00,4.355194,-3.401825,289.1716,101517.02,51.75,5.25
2024-07-01 09:00:00,4.4918823,-3.3261414,289.57166,101554.07,51.75,5.25
2024-07-01 10:00:00,4.151123,-2.640854,289.97607,101564.83,51.75,5.25
2024-07-01 11:00:00,4.511383,-2.2749176,290.38898,101582.67,51.75,5.25
2024-07-01 12:00:00,4.879669,-2.500229,291.21368,101588.89,51.75,5.25
2024-07-01 13:00:00,5.1360626,-2.8611908,291.3778,101593.53,51.75,5.25
2024-07-01 14:00:00,5.4540253,-2.8943634,291.29608,101587.67,51.75,5.25
2024-07-01 15:00:00,5.5773315,-2.8749542,291.05463,101572.875,51.75,5.25
2024-07-01 16:00:00,5.5047607,-2.6397552,291.51794,101574.37,51.75,5.25
2024-07-01 17:00:00,5.693817,-2.2245178,291.47095,101577.516,51.75,5.25
2024-07-01 18:00:00,5.6085205,-1.966629,290.9494,101586.18,51.75,5.25
2024-07-01 19:00:00,5.3867493,-1.3720703,290.32886,101609.78,51.75,5.25
2024-07-01 20:00:00,5.2249603,-0.44496155,289.10037,101598.72,51.75,5.25
2024-07-01 21:00:00,5.351059,0.60435486,288.6422,101603.85,51.75,5.25
2024-07-01 22:00:00,6.031845,1.5111084,288.19635,101577.17,51.75,5.25
2024-07-01 23:00:00,5.979721,1.6302032,288.14093,101577.58,51.75,5.25
2024-07-02 00:00:00,6.1753693,1.6906891,288.31104,101525.38,51.75,5.25
2024-07-02 01:00:00,5.874298,1.3692017,288.2621,101480.62,51.75,5.25
2024-07-02 02:00:00,5.8559113,1.3049164,288.2422,101439.52,51.75,5.25
2024-07-02 03:00:00,5.6046906,0.89656067,288.0547,101440.29,51.75,5.25
2024-07-02 04:00:00,5.6121826,0.33325195,287.87885,101403.76,51.75,5.25
2024-07-02 05:00:00,5.2763977,0.25584412,287.7177,101386.28,51.75,5.25
2024-07-02 06:00:00,5.4288483,-0.23384094,287.87067,101401.83,51.75,5.25
2024-07-02 07:00:00,4.9844666,-1.0781555,288.03925,101382.4,51.75,5.25
2024-07-02 08:00:00,4.573303,-2.8720703,288.17053,101409.21,51.75,5.25
2024-07-02 09:00:00,4.0642395,-4.041916,288.8305,101413.61,51.75,5.25
2024-07-02 10:00:00,2.290512,-6.1765747,288.9242,101407.16,51.75,5.25
2024-07-02 11:00:00,2.5924835,-5.5585938,288.76358,101438.86,51.75,5.25
2024-07-02 12:00:00,3.199768,-5.9595337,288.98,101452.02,51.75,5.25
2024-07-02 13:00:00,3.622284,-6.027054,289.20636,101471.6,51.75,5.25
2024-07-02 14:00:00,3.4796295,-5.6735687,289.7201,101459.92,51.75,5.25
2024-07-02 15:00:00,3.6758423,-5.188904,290.12042,101447.8,51.75,5.25
2024-07-02 16:00:00,3.7871857,-5.2108,289.97574,101432.266,51.75,5.25
2024-07-02 17:00:00,3.7936554,-5.4706726,289.93857,101426.03,51.75,5.25
2024-07-02 18:00:00,3.633957,-5.3261566,289.216,101433.19,51.75,5.25
2024-07-02 19:00:00,3.6465302,-4.7001953,288.4615,101454.2,51.75,5.25
2024-07-02 20:00:00,3.6224976,-4.157135,287.42224,101470.42,51.75,5.25
2024-07-02 21:00:00,3.3990173,-3.441925,286.31232,101463.33,51.75,5.25
2024-07-02 22:00:00,3.0931244,-2.361084,285.376,101428.08,51.75,5.25
2024-07-02 23:00:00,4.104355,-1.6620636,285.1634,101393.81,51.75,5.25
2024-07-03 00:00:00,4.592285,-1.1217957,284.75958,101343.44,51.75,5.25
2024-07-03 01:00:00,4.902466,-0.6293335,284.81885,101315.234,51.75,5.25
2024-07-03 02:00:00,4.7076416,-0.23275757,284.05438,101266.555,51.75,5.25
2024-07-03 03:00:00,4.4949646,0.6908722,283.78278,101222.75,51.75,5.25
2024-07-03 04:00:00,4.0175934,2.081482,284.37183,101172.195,51.75,5.25
2024-07-03 05:00:00,3.996643,2.881958,285.64426,101133.55,51.75,5.25
2024-07-03 06:00:00,3.6941223,3.3067932,286.40076,101110.2,51.75,5.25
2024-07-03 07:00:00,3.7373505,3.719696,286.62305,101090.945,51.75,5.25
2024-07-03 08:00:00,4.001465,4.139969,286.5088,101063.99,51.75,5.25
2024-07-03 09:00:00,4.3589935,3.936264,286.26306,101040.76,51.75,5.25
2024-07-03 10:00:00,6.3897247,2.7098236,286.1394,100989.14,51.75,5.25
2024-07-03 11:00:00,5.7599335,2.0218964,286.32892,100977.36,51.75,5.25
2024-07-03 12:00:00,4.675827,1.6721649,287.07483,100954.78,51.75,5.25
2024-07-03 13:00:00,3.9584045,1.7604675,287.80524,100919.875,51.75,5.25
2024-07-03 14:00:00,3.5902252,2.180008,288.85718,100879.45,51.75,5.25
2024-07-03 15:00:00,3.6006622,1.7449188,288.94916,100811.82,51.75,5.25
2024-07-03 16:00:00,3.7542114,1.8709412,289.7474,100799.88,51.75,5.25
2024-07-03 17:00:00,4.204178,2.3396149,288.9666,100766.984,51.75,5.25
2024-07-03 18:00:00,3.477005,3.9537964,287.91754,100762.336,51.75,5.25
2024-07-03 19:00:00,2.7234497,5.330551,287.74698,100700.53,51.75,5.25
2024-07-03 20:00:00,2.965561,6.570114,287.35297,100684.58,51.75,5.25
2024-07-03 21:00:00,3.4769592,7.133423,287.48944,100651.875,51.75,5.25
2024-07-03 22:00:00,4.712143,8.06691,287.3963,100585.75,51.75,5.25
2024-07-03 23:00:00,5.0634613,8.013336,287.50952,100528.3,51.75,5.25
2024-07-04 00:00:00,5.743805,8.292404,287.50314,100464.81,51.75,5.25
2024-07-04 01:00:00,6.238449,7.807785,287.6397,100398.414,51.75,5.25
2024-07-04 02:00:00,7.179489,6.830002,287.7094,100357.36,51.75,5.25
2024-07-04 03:00:00,7.9092407,5.376068,287.64774,100343.14,51.75,5.25
2024-07-04 04:00:00,8.113113,3.102356,287.84744,100358.805,51.75,5.25
2024-07-04 05:00:00,7.461624,1.2322693,288.04205,100400.97,51.75,5.25
2024-07-04 06:00:00,7.102249,-0.7320099,288.45996,100456.92,51.75,5.25
2024-07-04 07:00:00,7.191635,-2.5172882,288.36203,100517.92,51.75,5.25
2024-07-04 08:00:00,7.3591156,-3.0046692,288.4842,100596.66,51.75,5.25
2024-07-04 09:00:00,7.1430206,-2.759079,289.19205,100680.16,51.75,5.25
2024-07-04 10:00:00,7.6056366,-1.8318787,290.3305,100730.766,51.75,5.25
2024-07-04 11:00:00,7.8112335,-1.4887695,290.87952,100798.25,51.75,5.25
2024-07-04 12:00:00,7.8173065,-1.1459961,291.1084,100816.555,51.75,5.25
2024-07-04 13:00:00,7.5784454,-0.83906555,291.41983,100855.61,51.75,5.25
2024-07-04 14:00:00,7.748596,-0.5532379,291.41806,100872.38,51.75,5.25
2024-07-04 15:00:00,8.232834,-0.40376282,291.5586,100910.75,51.75,5.25
2024-07-04 16:00:00,8.300659,-0.2657776,291.2384,100924.35,51.75,5.25
2024-07-04 17:00:00,7.0816193,-0.38362122,291.00754,100937.2,51.75,5.25
2024-07-04 18:00:00,5.970566,0.39579773,290.35675,100947.08,51.75,5.25
2024-07-04 19:00:00,5.705307,2.1867065,289.62506,100964.31,51.75,5.25
2024-07-04 20:00:00,5.8530273,4.095566,288.67798,100990.47,51.75,5.25
2024-07-04 21:00:00,6.4361877,5.464447,287.80435,101004.8,51.75,5.25
2024-07-04 22:00:00,6.7384033,6.455368,287.47302,101017.98,51.75,5.25
2024-07-04 23:00:00,7.0196533,6.524185,287.31296,100987.625,51.75,5.25
2024-07-05 00:00:00,7.149246,5.915985,287.0067,100966.86,51.75,5.25
2024-07-05 01:00:00,7.2549286,5.06604,286.83112,100956.64,51.75,5.25
2024-07-05 02:00:00,6.9868774,4.96019,286.81274,100947.8,51.75,5.25
2024-07-05 03:00:00,6.673691,5.1950836,286.63657,100917.19,51.75,5.25
2024-07-05 04:00:00,6.461151,5.2117615,286.7774,100913.89,51.75,5.25
2024-07-05 05:00:00,6.3249207,5.210678,287.26788,100920.03,51.75,5.25
2024-07-05 06:00:00,6.2174377,5.3338776,287.9071,100914.8,51.75,5.25
2024-07-05 07:00:00,7.9253235,5.389023,288.3369,100914.03,51.75,5.25
2024-07-05 08:00:00,7.254135,5.3579407,288.94583,100927.28,51.75,5.25
2024-07-05 09:00:00,6.389267,5.755356,289.20474,100951.54,51.75,5.25
2024-07-05 10:00:00,5.954727,6.404022,289.54974,100947.875,51.75,5.25
2024-07-05 11:00:00,4.6800995,7.328064,289.40652,100952.36,51.75,5.25
2024-07-05 12:00:00,5.374008,8.060928,289.6883,100942.69,51.75,5.25
2024-07-05 13:00:00,6.1010284,7.9381714,289.66406,100919.91,51.75,5.25
2024-07-05 14:00:00,6.4016876,7.3343964,289.62643,100874.734,51.75,5.25
2024-07-05 15:00:00,4.6263123,6.4564667,289.7168,100855.01,51.75,5.25
2024-07-05 16:00:00,3.736145,6.295639,289.88556,100797.305,51.75,5.25
2024-07-05 17:00:00,3.3698578,6.840378,290.42706,100717.34,51.75,5.25
2024-07-05 18:00:00,4.1617126,6.126053,290.9538,100674.234,51.75,5.25
2024-07-05 19:00:00,3.9423828,5.4444885,291.0454,100639.06,51.75,5.25
2024-07-05 20:00:00,2.7499847,5.5560913,290.74445,100606.06,51.75,5.25
2024-07-05 21:00:00,1.7721405,5.880707,290.38782,100585.97,51.75,5.25
2024-07-05 22:00:00,1.2780609,5.961258,289.8609,100516.84,51.75,5.25
2024-07-05 23:00:00,0.8444824,5.9495544,289.5514,100417.13,51.75,5.25
2024-07-06 00:00:00,0.5829468,6.268875,289.32993,100339.68,51.75,5.25
2024-07-06 01:00:00,0.35325623,6.7273865,289.35376,100239.36,51.75,5.25
2024-07-06 02:00:00,0.5211792,7.0099945,289.48248,100141.125,51.75,5.25
2024-07-06 03:00:00,1.3770142,7.9204407,289.78058,100084.5,51.75,5.25
2024-07-06 04:00:00,2.1608887,8.3125305,289.767,100016.984,51.75,5.25
2024-07-06 05:00:00,2.6375427,8.05249,290.17242,99946.91,51.75,5.25
2024-07-06 06:00:00,2.5965424,7.7899475,291.1625,99906.164,51.75,5.25
2024-07-06 07:00:00,2.407318,8.019928,292.00858,99880.66,51.75,5.25
2024-07-06 08:00:00,4.3415833,9.194183,292.3698,99850.805,51.75,5.25
2024-07-06 09:00:00,7.133316,10.075745,292.346,99865.516,51.75,5.25
2024-07-06 10:00:00,7.742096,8.38179,291.9958,99892.02,51.75,5.25
2024-07-06 11:00:00,9.046097,8.487335,291.96014,99948.72,51.75,5.25
2024-07-06 12:00:00,11.006882,8.333588,292.03488,100005.38,51.75,5.25
2024-07-06 13:00:00,12.167877,8.13884,291.9828,100097.21,51.75,5.25
2024-07-06 14:00:00,12.334076,7.937256,291.94434,100204.12,51.75,5.25
2024-07-06 15:00:00,12.972168,6.70665,291.39362,100285.72,51.75,5.25
2024-07-06 16:00:00,12.969315,4.9076385,290.14398,100381.56,51.75,5.25
2024-07-06 17:00:00,11.884247,3.527954,289.48947,100447.82,51.75,5.25
2024-07-06 18:00:00,11.14743,3.1891785,289.32025,100519.97,51.75,5.25
2024-07-06 19:00:00,9.980408,3.6760254,288.7383,100573.34,51.75,5.25
2024-07-06 20:00:00,9.300903,4.1148834,287.90295,100649.39,51.75,5.25
2024-07-06 21:00:00,8.979675,3.90036,286.8448,100734.41,51.75,5.25
2024-07-06 22:00:00,8.655121,5.66362,286.186,100846.875,51.75,5.25
2024-07-06 23:00:00,8.671539,4.5447083,285.94403,100910.45,51.75,5.25
2024-07-07 00:00:00,7.6581116,4.530411,285.56055,100952.44,51.75,5.25
2024-07-07 01:00:00,7.109894,4.435623,285.33273,100965.234,51.75,5.25
2024-07-07 02:00:00,6.960449,3.8789062,284.8946,100979.125,51.75,5.25
2024-07-07 03:00:00,6.1217194,4.3493805,284.44684,101018.56,51.75,5.25
2024-07-07 04:00:00,4.9079742,5.35231,284.38544,101051.02,51.75,5.25
2024-07-07 05:00:00,4.1816864,6.219818,285.0891,101064.97,51.75,5.25
2024-07-07 06:00:00,3.5171814,6.0238495,286.42624,101086.695,51.75,5.25
2024-07-07 07:00:00,5.0880127,6.639267,287.9328,101129.31,51.75,5.25
2024-07-07 08:00:00,5.757599,6.4071045,289.06738,101146.56,51.75,5.25
2024-07-07 09:00:00,5.765518,6.5225525,289.97507,101165.84,51.75,5.25
2024-07-07 10:00:00,4.273117,5.72966,290.8047,101186.234,51.75,5.25
2024-07-07 11:00:00,3.938797,5.888489,290.99133,101195.08,51.75,5.25
2024-07-07 12:00:00,3.7576447,6.147873,291.4184,101202.0,51.75,5.25
2024-07-07 13:00:00,4.38208,5.9108734,291.1584,101239.88,51.75,5.25
2024-07-07 14:00:00,4.3144073,6.0120544,291.12534,101243.64,51.75,5.25
2024-07-07 15:00:00,4.0191345,5.524185,291.14008,101257.14,51.75,5.25
2024-07-07 16:00:00,3.3783875,5.1178436,291.4439,101251.92,51.75,5.25
2024-07-07 17:00:00,3.9106598,5.3701324,291.26453,101255.805,51.75,5.25
2024-07-07 18:00:00,3.6585846,3.7275085,290.2055,101287.09,51.75,5.25
2024-07-07 19:00:00,2.6588593,3.741562,289.56274,101293.91,51.75,5.25
2024-07-07 20:00:00,3.3244324,3.9624481,288.90063,101328.99,51.75,5.25
2024-07-07 21:00:00,3.5496674,4.1606293,288.37732,101381.3,51.75,5.25
2024-07-07 22:00:00,3.1580963,4.7620087,287.95996,101380.15,51.75,5.25
2024-07-07 23:00:00,4.4335785,3.1238556,287.12738,101420.97,51.75,5.25
2024-07-08 00:00:00,4.248871,3.2582092,286.33942,101448.67,51.75,5.25
2024-07-08 01:00:00,4.1738434,4.0315094,285.66623,101459.16,51.75,5.25
2024-07-08 02:00:00,4.3562927,4.1127777,285.39883,101456.06,51.75,5.25
2024-07-08 03:00:00,4.5340576,4.0745544,285.31137,101500.89,51.75,5.25
2024-07-08 04:00:00,4.305893,3.974228,285.42142,101535.33,51.75,5.25
2024-07-08 05:00:00,3.6468048,4.0602417,286.23975,101563.47,51.75,5.25
2024-07-08 06:00:00,2.6348267,3.7546844,287.93933,101626.11,51.75,5.25
2024-07-08 07:00:00,2.5183563,3.253067,289.53094,101662.125,51.75,5.25
2024-07-08 08:00:00,2.64888,3.0045776,290.73462,101699.8,51.75,5.25
2024-07-08 09:00:00,2.7359009,3.417221,291.37683,101708.836,51.75,5.25
2024-07-08 10:00:00,2.4276123,2.5595093,292.3355,101725.19,51.75,5.25
2024-07-08 11:00:00,2.9456635,3.088745,292.87952,101736.625,51.75,5.25
2024-07-08 12:00:00,2.8800201,3.1991272,293.52673,101718.11,51.75,5.25
2024-07-08 13:00:00,2.8900757,3.11055,293.71896,101713.64,51.75,5.25
2024-07-08 14:00:00,2.7796783,2.3380737,293.6123,101707.03,51.75,5.25
2024-07-08 15:00:00,2.6927643,0.7356262,293.6416,101698.76,51.75,5.25
2024-07-08 16:00:00,1.8208923,-0.9547119,293.24457,101704.69,51.75,5.25
2024-07-08 17:00:00,0.36753845,-1.7115936,292.6656,101714.375,51.75,5.25
2024-07-08 18:00:00,-0.8814087,-1.9943085,292.08643,101730.56,51.75,5.25
2024-07-08 19:00:00,-2.5621948,-2.2102966,291.3894,101746.484,51.75,5.25
2024-07-08 20:00:00,-4.1367493,-1.9252625,290.39624,101761.2,51.75,5.25
2024-07-08 21:00:00,-5.7089386,-1.4338379,290.22552,101755.2,51.75,5.25
2024-07-08 22:00:00,-7.1339264,-0.63098145,290.14923,101732.516,51.75,5.25
2024-07-08 23:00:00,-7.248932,-0.056137085,290.08185,101703.4,51.75,5.25
2024-07-09 00:00:00,-7.146759,0.41828918,289.93158,101635.99,51.75,5.25
2024-07-09 01:00:00,-6.6435394,0.8791809,289.63226,101621.35,51.75,5.25
2024-07-09 02:00:00,-7.28479,1.0831757,289.8192,101536.336,51.75,5.25
2024-07-09 03:00:00,-5.78154,2.20253,289.82678,101528.484,51.75,5.25
2024-07-09 04:00:00,-5.6720886,2.5796204,289.7215,101487.16,51.75,5.25
2024-07-09 05:00:00,-5.350815,3.0170898,290.0419,101448.25,51.75,5.25
2024-07-09 06:00:00,-5.2380676,3.3807983,291.69092,101410.7,51.75,5.25
2024-07-09 07:00:00,-4.270523,3.7438202,293.10883,101386.97,51.75,5.25
2024-07-09 08:00:00,-3.300171,3.3128357,294.7561,101377.016,51.75,5.25
2024-07-09 09:00:00,-3.2116394,3.506134,296.32068,101347.516,51.75,5.25
2024-07-09 10:00:00,-3.1076202,1.7975769,297.3582,101343.06,51.75,5.25
2024-07-09 11:00:00,-3.665741,1.9996643,299.16138,101289.64,51.75,5.25
2024-07-09 12:00:00,-4.1570587,2.319397,300.42236,101228.55,51.75,5.25
2024-07-09 13:00:00,-3.6370392,3.437149,301.0521,101151.734,51.75,5.25
2024-07-09 14:00:00,-2.7150574,3.3002777,301.32013,101090.43,51.75,5.25
2024-07-09 15:00:00,-3.5262146,1.983963,301.32697,100985.56,51.75,5.25
2024-07-09 16:00:00,-2.7172241,1.8858032,301.04535,100924.36,51.75,5.25
2024-07-09 17:00:00,-0.06251526,0.30589294,298.2497,100886.75,51.75,5.25
2024-07-09 18:00:00,3.0666504,-0.9276123,293.7412,100918.77,51.75,5.25
2024-07-09 19:00:00,0.71484375,0.47494507,292.16125,100975.766,51.75,5.25
2024-07-09 20:00:00,-1.5552673,3.3654022,291.47388,100966.99,51.75,5.25
2024-07-09 21:00:00,4.1384125,3.00531,290.8021,101046.0,51.75,5.25
2024-07-09 22:00:00,4.5432434,2.5946503,291.0326,101146.36,51.75,5.25
2024-07-09 23:00:00,5.873413,0.88856506,290.48328,101197.58,51.75,5.25
2024-07-10 00:00:00,5.609253,2.1430511,290.2804,101228.47,51.75,5.25
2024-07-10 01:00:00,4.8613434,3.3356934,289.77008,101273.41,51.75,5.25
2024-07-10 02:00:00,4.5148315,3.4974518,289.58655,101251.445,51.75,5.25
2024-07-10 03:00:00,3.5389404,4.207901,289.72894,101269.32,51.75,5.25
2024-07-10 04:00:00,2.197586,5.3605194,289.91034,101283.516,51.75,5.25
2024-07-10 05:00:00,1.1161957,5.995636,290.23212,101325.58,51.75,5.25
2024-07-10 06:00:00,0.54545593,6.302353,291.2712,101341.93,51.75,5.25
2024-07-10 07:00:00,1.1019745,6.455963,292.36218,101372.445,51.75,5.25
2024-07-10 08:00:00,2.8148346,6.1535187,293.22736,101398.28,51.75,5.25
2024-07-10 09:00:00,3.3344269,5.210266,294.06567,101374.36,51.75,5.25
2024-07-10 10:00:00,2.9973755,4.8237,295.25104,101387.21,51.75,5.25
2024-07-10 11:00:00,4.8554077,5.244446,295.65976,101405.984,51.75,5.25
2024-07-10 12:00:00,6.1357727,2.948059,294.90265,101395.3,51.75,5.25
2024-07-10 13:00:00,6.5062714,1.6357117,295.19086,101414.56,51.75,5.25
2024-07-10 14:00:00,6.402054,1.3182373,296.11523,101424.04,51.75,5.25
2024-07-10 15:00:00,6.3689423,1.1748505,296.21405,101421.8,51.75,5.25
2024-07-10 16:00:00,6.2920227,0.77197266,296.15332,101425.16,51.75,5.25
2024-07-10 17:00:00,6.098404,0.48394775,295.55353,101459.49,51.75,5.25
2024-07-10 18:00:00,5.435074,0.011398315,294.78223,101481.64,51.75,5.25
2024-07-10 19:00:00,4.5819244,-0.068374634,293.65732,101541.58,51.75,5.25
2024-07-10 20:00:00,3.5107117,0.33081055,291.65393,101571.32,51.75,5.25
2024-07-10 21:00:00,2.8072662,1.1879578,290.1533,101613.875,51.75,5.25
2024-07-10 22:00:00,2.5984955,2.7181854,289.00928,101616.625,51.75,5.25
2024-07-10 23:00:00,3.3646088,3.7651215,288.6399,101619.19,51.75,5.25
2024-07-11 00:00:00,4.205124,4.1364746,288.54175,101619.51,51.75,5.25
2024-07-11 01:00:00,4.629425,4.5192566,288.75726,101621.08,51.75,5.25
2024-07-11 02:00:00,5.2313385,4.364456,288.6194,101588.0,51.75,5.25
2024-07-11 03:00:00,5.6421356,4.1100006,288.27005,101584.766,51.75,5.25
2024-07-11 04:00:00,5.7279663,3.8641052,288.02927,101604.09,51.75,5.25
2024-07-11 05:00:00,5.3852234,3.4941406,288.17883,101618.17,51.75,5.25
2024-07-11 06:00:00,4.8750763,2.9103088,289.1645,101649.375,51.75,5.25
2024-07-11 07:00:00,5.83255,2.501358,290.39932,101682.09,51.75,5.25
2024-07-11 08:00:00,5.9956512,2.4446716,291.42575,101691.625,51.75,5.25
2024-07-11 09:00:00,6.263092,2.4443817,292.15137,101717.96,51.75,5.25
2024-07-11 10:00:00,5.235672,1.6964111,292.58936,101743.055,51.75,5.25
2024-07-11 11:00:00,5.354767,1.4754486,293.31497,101757.59,51.75,5.25
2024-07-11 12:00:00,5.3457184,1.1976929,293.37784,101736.89,51.75,5.25
2024-07-11 13:00:00,5.196686,0.5755768,293.78595,101737.41,51.75,5.25
2024-07-11 14:00:00,4.8207855,0.14479065,294.04474,101728.38,51.75,5.25
2024-07-11 15:00:00,4.9216614,-0.011428833,293.89935,101726.766,51.75,5.25
2024-07-11 16:00:00,4.8260345,-1.3468475,293.89874,101723.47,51.75,5.25
2024-07-11 17:00:00,3.7389832,-2.9775238,293.4041,101719.4,51.75,5.25
2024-07-11 18:00:00,2.5996857,-3.9167175,292.42267,101701.69,51.75,5.25
2024-07-11 19:00:00,1.3772888,-4.435074,291.16354,101704.3,51.75,5.25
2024-07-11 20:00:00,0.37696838,-4.4774475,289.1032,101695.984,51.75,5.25
2024-07-11 21:00:00,-0.6528473,-4.353836,288.25772,101713.39,51.75,5.25
2024-07-11 22:00:00,-1.1466522,-4.616089,287.8037,101687.06,51.75,5.25
2024-07-11 23:00:00,-2.423462,-3.9247742,287.60358,101651.086,51.75,5.25
2024-07-12 00:00:00,-3.0580292,-4.39328,287.40137,101599.72,51.75,5.25
2024-07-12 01:00:00,-3.506775,-4.4058533,287.44604,101535.125,51.75,5.25
2024-07-12 02:00:00,-3.72406,-4.4949493,287.23734,101490.516,51.75,5.25
2024-07-12 03:00:00,-4.494217,-5.1280365,287.2198,101430.24,51.75,5.25
2024-07-12 04:00:00,-4.143585,-5.86882,287.4895,101352.53,51.75,5.25
2024-07-12 05:00:00,-4.3594513,-6.3987274,287.80865,101310.11,51.75,5.25
2024-07-12 06:00:00,-4.2616425,-6.9410095,288.14532,101244.25,51.75,5.25
2024-07-12 07:00:00,-3.1172943,-7.113144,288.23004,101187.75,51.75,5.25
2024-07-12 08:00:00,-1.697464,-8.102478,288.01675,101164.766,51.75,5.25
2024-07-12 09:00:00,-1.2701111,-9.332153,287.51813,101139.625,51.75,5.25
2024-07-12 10:00:00,0.46199036,-9.810837,287.52087,101131.92,51.75,5.25
2024-07-12 11:00:00,2.1121368,-7.937271,287.4132,101131.516,51.75,5.25
2024-07-12 12:00:00,1.3684235,-7.41304,287.50702,101136.375,51.75,5.25
2024-07-12 13:00:00,1.4944458,-7.207947,287.28256,101129.94,51.75,5.25
2024-07-12 14:00:00,2.7242584,-6.654129,287.53595,101150.51,51.75,5.25
2024-07-12 15:00:00,4.2674713,-5.6758423,287.6249,101148.09,51.75,5.25
2024-07-12 16:00:00,5.5037384,-4.8946686,287.89026,101179.89,51.75,5.25
2024-07-12 17:00:00,5.282364,-3.9211426,287.85544,101189.69,51.75,5.25
2024-07-12 18:00:00,5.344345,-2.6419067,287.76868,101168.19,51.75,5.25
2024-07-12 19:00:00,5.713806,-1.7973938,287.5269,101195.195,51.75,5.25
2024-07-12 20:00:00,6.206558,-1.1206207,287.1375,101198.586,51.75,5.25
2024-07-12 21:00:00,6.1490326,-0.2097168,287.05518,101196.945,51.75,5.25
2024-07-12 22:00:00,5.791443,1.2170258,287.04773,101197.516,51.75,5.25
2024-07-12 23:00:00,5.785919,3.3065643,287.0455,101179.734,51.75,5.25
2024-07-13 00:00:00,6.3730164,3.9023895,287.04132,101130.54,51.75,5.25
2024-07-13 01:00:00,6.7218323,4.336731,286.83273,101109.14,51.75,5.25
2024-07-13 02:00:00,6.9637604,4.5650635,286.62195,101072.28,51.75,5.25
2024-07-13 03:00:00,7.4710693,4.858734,286.60062,101041.28,51.75,5.25
2024-07-13 04:00:00,7.219696,5.331558,286.55927,101002.62,51.75,5.25
2024-07-13 05:00:00,7.1002045,4.8503723,286.72827,101016.3,51.75,5.25
2024-07-13 06:00:00,7.2150116,3.8541107,286.92877,101045.64,51.75,5.25
2024-07-13 07:00:00,7.700577,3.3965912,286.99634,101067.625,51.75,5.25
2024-07-13 08:00:00,7.910431,3.1266327,287.338,101092.65,51.75,5.25
2024-07-13 09:00:00,6.698578,3.4928741,287.54163,101131.11,51.75,5.25
2024-07-13 10:00:00,7.2322235,3.6228333,288.24255,101123.71,51.75,5.25
2024-07-13 11:00:00,7.6155396,3.561142,289.19278,101181.16,51.75,5.25
2024-07-13 12:00:00,7.5664062,3.398117,289.598,101217.25,51.75,5.25
2024-07-13 13:00:00,7.5319214,3.2211304,289.9141,101208.055,51.75,5.25
2024-07-13 14:00:00,7.198517,2.1806946,290.28973,101211.375,51.75,5.25
2024-07-13 15:00:00,7.5173492,1.2524567,290.2502,101210.11,51.75,5.25
2024-07-13 16:00:00,7.5522614,1.2332458,290.02524,101225.32,51.75,5.25
2024-07-13 17:00:00,7.3104553,1.0854492,289.84116,101232.66,51.75,5.25
2024-07-13 18:00:00,6.2961426,0.91593933,289.42395,101235.06,51.75,5.25
2024-07-13 19:00:00,5.055176,1.0991364,288.91498,101229.56,51.75,5.25
2024-07-13 20:00:00,4.3261566,2.1580505,287.3424,101251.92,51.75,5.25
2024-07-13 21:00:00,4.144577,3.7302094,286.12836,101240.25,51.75,5.25
2024-07-13 22:00:00,4.7703247,5.1354523,285.68774,101250.78,51.75,5.25
2024-07-13 23:00:00,4.607376,4.9205475,285.21094,101258.484,51.75,5.25
2024-07-14 00:00:00,4.013916,4.7963257,284.97476,101241.016,51.75,5.25
2024-07-14 01:00:00,3.7769165,5.563507,284.68073,101217.29,51.75,5.25
2024-07-14 02:00:00,3.543335,5.6569977,284.57153,101194.875,51.75,5.25
2024-07-14 03:00:00,3.13208,5.907364,284.6455,101176.43,51.75,5.25
2024-07-14 04:00:00,3.493393,6.0883636,284.74033,101189.516,51.75,5.25
2024-07-14 05:00:00,3.9284515,5.8776245,285.96045,101218.67,51.75,5.25
2024-07-14 06:00:00,3.7889862,4.988678,287.37442,101198.35,51.75,5.25
2024-07-14 07:00:00,3.7173004,4.1876373,289.06512,101187.4,51.75,5.25
2024-07-14 08:00:00,4.143509,4.2705994,290.6266,101201.16,51.75,5.25
2024-07-14 09:00:00,4.8939667,4.372177,291.72607,101207.97,51.75,5.25
2024-07-14 10:00:00,4.7318115,4.7206116,292.63986,101190.55,51.75,5.25
2024-07-14 11:00:00,5.8733673,4.429001,293.33374,101184.266,51.75,5.25
2024-07-14 12:00:00,6.1493835,3.8809052,293.7801,101191.09,51.75,5.25
2024-07-14 13:00:00,6.028595,3.5398712,294.24918,101201.92,51.75,5.25
2024-07-14 14:00:00,5.9187775,2.874588,294.20413,101187.8,51.75,5.25
2024-07-14 15:00:00,5.8318787,2.433075,294.3011,101194.734,51.75,5.25
2024-07-14 16:00:00,5.4050903,2.2512054,293.88586,101164.516,51.75,5.25
2024-07-14 17:00:00,4.6060333,1.9646454,293.34198,101184.45,51.75,5.25
2024-07-14 18:00:00,4.134262,1.8523102,292.86603,101183.766,51.75,5.25
2024-07-14 19:00:00,4.0390472,1.6425629,291.86896,101213.83,51.75,5.25
2024-07-14 20:00:00,4.1278534,1.6069641,289.61633,101248.41,51.75,5.25
2024-07-14 21:00:00,4.0222015,1.7123718,287.81406,101268.555,51.75,5.25
2024-07-14 22:00:00,4.1632843,1.7361145,286.70563,101267.734,51.75,5.25
2024-07-14 23:00:00,3.8108215,2.516571,286.07596,101269.28,51.75,5.25
2024-07-15 00:00:00,3.3767395,3.0353851,285.62024,101256.32,51.75,5.25
2024-07-15 01:00:00,3.1132965,3.2592163,285.26852,101254.42,51.75,5.25
2024-07-15 02:00:00,2.6842957,3.8569489,285.04495,101249.43,51.75,5.25
2024-07-15 03:00:00,2.167572,4.4796295,284.9179,101236.56,51.75,5.25
2024-07-15 04:00:00,1.629776,4.608536,285.0861,101231.81,51.75,5.25
2024-07-15 05:00:00,0.9310913,4.6204224,286.74567,101225.14,51.75,5.25
2024-07-15 06:00:00,0.07028198,4.2324524,289.127,101210.47,51.75,5.25
2024-07-15 07:00:00,-0.117111206,3.203659,291.49756,101231.336,51.75,5.25
2024-07-15 08:00:00,-0.49908447,3.1029053,293.50018,101197.0,51.75,5.25
2024-07-15 09:00:00,-0.5548248,3.1278229,294.8613,101187.86,51.75,5.25
2024-07-15 10:00:00,-1.0471497,2.36763,295.78546,101135.33,51.75,5.25
2024-07-15 11:00:00,-1.3965302,2.0837097,296.53894,101114.05,51.75,5.25
2024-07-15 12:00:00,-2.3682709,1.7398987,297.2531,101043.86,51.75,5.25
2024-07-15 13:00:00,-3.1892548,1.8678284,297.58826,100996.58,51.75,5.25
2024-07-15 14:00:00,-4.404358,1.5469666,297.76855,100906.266,51.75,5.25
2024-07-15 15:00:00,-3.7723083,2.5277252,297.54254,100892.36,51.75,5.25
2024-07-15 16:00:00,-3.1931,2.4339447,297.22266,100842.94,51.75,5.25
2024-07-15 17:00:00,-3.2013245,1.0042572,296.2578,100763.57,51.75,5.25
2024-07-15 18:00:00,-2.6304626,0.9004669,295.60104,100729.336,51.75,5.25
2024-07-15 19:00:00,-2.231964,-0.6581726,294.09998,100748.266,51.75,5.25
2024-07-15 20:00:00,-4.21579,-2.4631653,292.78656,100657.28,51.75,5.25
2024-07-15 21:00:00,-5.641342,-1.9442902,292.20154,100613.22,51.75,5.25
2024-07-15 22:00:00,-3.1900787,2.82193,291.40955,100644.484,51.75,5.25
2024-07-15 23:00:00,-3.4988556,5.6250305,291.1889,100586.91,51.75,5.25
2024-07-16 00:00:00,0.28425598,8.262741,291.05753,100588.53,51.75,5.25
2024-07-16 01:00:00,5.207947,7.80896,291.2135,100582.766,51.75,5.25
2024-07-16 02:00:00,6.0924835,6.770294,291.0204,100602.08,51.75,5.25
2024-07-16 03:00:00,6.6310883,6.4816284,290.53537,100668.95,51.75,5.25
2024-07-16 04:00:00,6.983795,5.673691,290.06152,100750.78,51.75,5.25
2024-07-16 05:00:00,6.6541443,5.250702,289.76968,100823.2,51.75,5.25
2024-07-16 06:00:00,5.2319336,5.179138,290.39578,100854.94,51.75,5.25
2024-07-16 07:00:00,4.7553253,5.8659973,291.06348,100914.81,51.75,5.25
2024-07-16 08:00:00,5.5563507,6.948288,291.7827,100922.69,51.75,5.25
2024-07-16 09:00:00,5.9499207,7.3174286,292.55432,100936.57,51.75,5.25
2024-07-16 10:00:00,4.9507446,6.413086,293.05194,100959.7,51.75,5.25
2024-07-16 11:00:00,4.2224426,5.9406586,292.89038,100964.91,51.75,5.25
2024-07-16 12:00:00,6.25354,6.300293,293.31076,100963.14,51.75,5.25
2024-07-16 13:00:00,8.10788,5.704605,290.3194,101051.08,51.75,5.25
2024-07-16 14:00:00,6.764496,4.73114,290.93347,101075.19,51.75,5.25
2024-07-16 15:00:00,6.36145,4.376953,292.01245,101058.54,51.75,5.25
2024-07-16 16:00:00,6.723114,4.640091,292.70276,101097.414,51.75,5.25
2024-07-16 17:00:00,5.4835052,4.481308,292.2123,101115.37,51.75,5.25
2024-07-16 18:00:00,6.7914124,4.3029785,291.1148,101168.91,51.75,5.25
2024-07-16 19:00:00,6.455124,4.450653,290.95752,101231.57,51.75,5.25
2024-07-16 20:00:00,6.864685,4.276413,290.6363,101285.64,51.75,5.25
2024-07-16 21:00:00,7.1953735,3.8284607,290.27142,101334.04,51.75,5.25
2024-07-16 22:00:00,7.392334,3.2360992,289.89233,101356.39,51.75,5.25
2024-07-16 23:00:00,7.2729034,2.3903198,289.6454,101411.11,51.75,5.25
2024-07-17 00:00:00,7.006256,1.6398621,289.52643,101488.734,51.75,5.25
2024-07-17 01:00:00,6.644867,0.81414795,289.0705,101528.84,51.75,5.25
2024-07-17 02:00:00,6.1054077,0.5398865,288.9613,101561.67,51.75,5.25
2024-07-17 03:00:00,5.4756317,0.92097473,288.5481,101623.58,51.75,5.25
2024-07-17 04:00:00,4.840561,1.6975098,288.0761,101697.016,51.75,5.25
2024-07-17 05:00:00,4.3424683,2.2178955,288.7138,101753.516,51.75,5.25
2024-07-17 06:00:00,3.668579,2.5182495,289.50125,101815.17,51.75,5.25
2024-07-17 07:00:00,3.819809,2.3340912,290.51678,101861.36,51.75,5.25
2024-07-17 08:00:00,4.02594,2.2825928,291.69672,101904.734,51.75,5.25
2024-07-17 09:00:00,4.3922424,2.0113983,292.63846,101924.11,51.75,5.25
2024-07-17 10:00:00,4.9761353,1.8191223,293.38525,101985.03,51.75,5.25
2024-07-17 11:00:00,5.1663513,1.2659607,294.3902,102019.945,51.75,5.25
2024-07-17 12:00:00,5.192581,0.7607727,295.0387,102040.14,51.75,5.25
2024-07-17 13:00:00,5.333847,-0.007217407,295.3944,102042.33,51.75,5.25
2024-07-17 14:00:00,5.2721405,-1.0210876,295.61664,102071.61,51.75,5.25
2024-07-17 15:00:00,4.8449097,-2.0056763,295.53638,102098.56,51.75,5.25
2024-07-17 16:00:00,4.083313,-2.8287811,295.29144,102125.25,51.75,5.25
2024-07-17 17:00:00,2.7670898,-3.4078827,294.8285,102136.75,51.75,5.25
2024-07-17 18:00:00,1.3352814,-3.61232,294.0254,102165.17,51.75,5.25
2024-07-17 19:00:00,0.041915894,-3.627304,292.6068,102203.734,51.75,5.25
2024-07-17 20:00:00,-1.3168335,-3.3426666,290.5562,102218.41,51.75,5.25
2024-07-17 21:00:00,-2.2862701,-2.438034,289.17163,102244.06,51.75,5.25
2024-07-17 22:00:00,-2.8399048,-1.3422089,287.97046,102223.62,51.75,5.25
2024-07-17 23:00:00,-3.3772888,0.43139648,287.22644,102222.95,51.75,5.25
2024-07-18 00:00:00,-3.1098328,1.8195343,286.87628,102217.81,51.75,5.25
2024-07-18 01:00:00,-2.3151093,2.135025,286.80756,102221.48,51.75,5.25
2024-07-18 02:00:00,-1.4891052,2.1233978,286.351,102196.61,51.75,5.25
2024-07-18 03:00:00,-0.87405396,1.5973816,286.38223,102189.55,51.75,5.25
2024-07-18 04:00:00,-0.53186035,0.99443054,286.11182,102205.06,51.75,5.25
2024-07-18 05:00:00,-1.0296478,1.0132446,287.62695,102207.56,51.75,5.25
2024-07-18 06:00:00,-1.633194,1.4918823,289.6608,102225.51,51.75,5.25
2024-07-18 07:00:00,-1.7489471,1.5189514,291.81616,102256.29,51.75,5.25
2024-07-18 08:00:00,-1.6044769,0.75309753,293.9323,102249.61,51.75,5.25
2024-07-18 09:00:00,-1.6941681,0.8179474,295.74567,102233.375,51.75,5.25
2024-07-18 10:00:00,-2.2170105,0.36863708,297.3145,102219.055,51.75,5.25
2024-07-18 11:00:00,-1.4785309,1.3659058,298.13794,102175.21,51.75,5.25
2024-07-18 12:00:00,-0.4893341,1.7040405,298.98032,102135.72,51.75,5.25
2024-07-18 13:00:00,-0.21702576,1.3188629,299.552,102122.81,51.75,5.25
2024-07-18 14:00:00,-0.7563782,0.7251282,299.8069,102104.97,51.75,5.25
2024-07-18 15:00:00,-1.2783661,0.6005707,299.79532,102078.48,51.75,5.25
2024-07-18 16:00:00,-1.8027802,0.28482056,299.56342,102066.2,51.75,5.25
2024-07-18 17:00:00,-2.5401,-0.44041443,299.35068,102034.96,51.75,5.25
2024-07-18 18:00:00,-3.1977997,-0.94636536,298.14795,102023.84,51.75,5.25
2024-07-18 19:00:00,-3.9914093,-1.151062,296.88394,102038.31,51.75,5.25
2024-07-18 20:00:00,-4.8841248,-1.1672058,295.03442,102064.45,51.75,5.25
2024-07-18 21:00:00,-5.5933533,-1.1468811,293.70758,102086.4,51.75,5.25
2024-07-18 22:00:00,-6.680649,-1.8677063,292.65082,102077.02,51.75,5.25
2024-07-18 23:00:00,-6.8571777,-1.0057068,292.27588,102059.66,51.75,5.25
2024-07-19 00:00:00,-6.6838684,0.4337616,291.82672,102037.25,51.75,5.25
2024-07-19 01:00:00,-6.296585,1.6029358,291.43118,101988.0,51.75,5.25
2024-07-19 02:00:00,-5.582199,2.2032623,290.90222,101944.35,51.75,5.25
2024-07-19 03:00:00,-4.7474823,2.7391663,290.56128,101957.18,51.75,5.25
2024-07-19 04:00:00,-4.0287323,3.084793,290.82996,101953.84,51.75,5.25
2024-07-19 05:00:00,-3.4886017,2.9776917,291.45258,101936.16,51.75,5.25
2024-07-19 06:00:00,-3.1959991,2.426361,292.6117,101932.53,51.75,5.25
2024-07-19 07:00:00,-2.7400818,1.9118195,294.03857,101920.54,51.75,5.25
2024-07-19 08:00:00,-2.083313,1.6145325,295.64435,101905.97,51.75,5.25
2024-07-19 09:00:00,-2.401703,1.601181,297.18927,101875.66,51.75,5.25
2024-07-19 10:00:00,-2.0292969,1.630188,298.6057,101864.45,51.75,5.25
2024-07-19 11:00:00,-2.068222,1.9169312,300.03122,101835.234,51.75,5.25
2024-07-19 12:00:00,-1.9039764,2.3349152,301.02963,101783.94,51.75,5.25
2024-07-19 13:00:00,-1.7624664,2.5282745,301.42523,101753.31,51.75,5.25
2024-07-19 14:00:00,-1.7782593,2.300064,301.6413,101701.945,51.75,5.25
2024-07-19 15:00:00,-2.2911682,2.054184,301.67975,101665.23,51.75,5.25
2024-07-19 16:00:00,-3.0990448,2.0257568,301.3082,101599.41,51.75,5.25
2024-07-19 17:00:00,-3.4918213,2.0175934,300.84067,101570.36,51.75,5.25
2024-07-19 18:00:00,-3.593872,2.4257507,299.81894,101542.8,51.75,5.25
2024-07-19 19:00:00,-3.806839,2.9606934,297.91794,101506.94,51.75,5.25
2024-07-19 20:00:00,-3.9472656,3.6227417,295.60193,101503.92,51.75,5.25
2024-07-19 21:00:00,-3.8200378,3.8944092,293.99628,101497.14,51.75,5.25
2024-07-19 22:00:00,-4.7694397,4.167389,293.45685,101465.61,51.75,5.25
2024-07-19 23:00:00,-4.7045593,4.005188,292.77304,101437.695,51.75,5.25
2024-07-20 00:00:00,-4.589081,4.368561,292.38058,101393.5,51.75,5.25
2024-07-20 01:00:00,-4.1778107,4.4131317,291.6608,101305.54,51.75,5.25
2024-07-20 02:00:00,-3.554245,4.033188,291.26947,101258.33,51.75,5.25
2024-07-20 03:00:00,-3.3229523,3.6463623,290.73358,101198.2,51.75,5.25
2024-07-20 04:00:00,-3.1635284,3.4231262,290.32373,101171.57,51.75,5.25
2024-07-20 05:00:00,-2.9698486,2.8611603,291.44595,101122.81,51.75,5.25
2024-07-20 06:00:00,-3.2697144,2.360138,294.13458,101075.82,51.75,5.25
2024-07-20 07:00:00,-3.274231,1.5812073,295.56284,101061.56,51.75,5.25
2024-07-20 08:00:00,-2.8960571,1.2592621,298.0478,101026.97,51.75,5.25
2024-07-20 09:00:00,-2.897995,1.6766052,299.67358,100978.766,51.75,5.25
2024-07-20 10:00:00,-2.9663086,1.8511963,300.6192,100924.06,51.75,5.25
2024-07-20 11:00:00,-2.9430237,2.1279602,301.34747,100883.16,51.75,5.25
2024-07-20 12:00:00,-2.5443878,2.2916412,302.23572,100813.19,51.75,5.25
2024-07-20 13:00:00,-1.9480286,2.633484,302.8043,100755.28,51.75,5.25
2024-07-20 14:00:00,-1.3673859,2.5056915,303.024,100694.0,51.75,5.25
2024-07-20 15:00:00,-1.259964,2.1422272,303.33685,100608.2,51.75,5.25
2024-07-20 16:00:00,-0.98605347,2.9118958,303.27087,100590.29,51.75,5.25
2024-07-20 17:00:00,2.0653687,3.6949158,300.83694,100611.09,51.75,5.25
2024-07-20 18:00:00,2.4771576,0.82614136,298.52722,100554.84,51.75,5.25
2024-07-20 19:00:00,1.9529114,-0.9193115,296.8441,100561.82,51.75,5.25
2024-07-20 20:00:00,1.7861481,-2.161911,295.3272,100584.375,51.75,5.25
2024-07-20 21:00:00,2.0996246,-3.1036682,294.01532,100592.73,51.75,5.25
2024-07-20 22:00:00,-2.7011566,-1.8605652,293.1809,100606.234,51.75,5.25
2024-07-20 23:00:00,-4.3290405,2.149109,292.59598,100584.14,51.75,5.25
2024-07-21 00:00:00,-2.7905426,2.4401093,292.18646,100514.64,51.75,5.25
2024-07-21 01:00:00,-2.3822784,2.945282,292.09293,100477.625,51.75,5.25
2024-07-21 02:00:00,0.8267517,3.8085327,291.7906,100498.94,51.75,5.25
2024-07-21 03:00:00,2.0587463,3.9786987,292.0739,100542.0,51.75,5.25
2024-07-21 04:00:00,1.8742065,1.6003876,291.89368,100515.516,51.75,5.25
2024-07-21 05:00:00,2.3188019,-0.7783203,292.74243,100514.85,51.75,5.25
2024-07-21 06:00:00,2.445343,-0.6257019,293.3733,100577.305,51.75,5.25
2024-07-21 07:00:00,3.2677917,-0.36247253,294.28174,100637.45,51.75,5.25
2024-07-21 08:00:00,2.940628,-1.8703308,294.86804,100696.88,51.75,5.25
2024-07-21 09:00:00,2.1694946,-2.4618378,294.85443,100723.7,51.75,5.25
2024-07-21 10:00:00,1.870697,-3.5750732,294.3995,100788.75,51.75,5.25
2024-07-21 11:00:00,2.585144,-1.7593689,295.00146,100835.69,51.75,5.25
2024-07-21 12:00:00,3.7123566,-2.0194397,295.38367,100829.766,51.75,5.25
2024-07-21 13:00:00,4.5876923,-2.5001678,296.00583,100841.5,51.75,5.25
2024-07-21 14:00:00,4.880066,-2.6212006,295.81525,100873.81,51.75,5.25
2024-07-21 15:00:00,5.753662,-2.87648,295.80753,100909.56,51.75,5.25
2024-07-21 16:00:00,6.4737244,-3.3872528,295.1876,100966.94,51.75,5.25
2024-07-21 17:00:00,5.7108307,-3.7892303,294.61624,101008.17,51.75,5.25
2024-07-21 18:00:00,4.7524567,-3.4429016,293.83228,101029.08,51.75,5.25
2024-07-21 19:00:00,4.246277,-3.0134735,292.924,101114.14,51.75,5.25
2024-07-21 20:00:00,4.355072,-2.7755432,291.8958,101184.28,51.75,5.25
2024-07-21 21:00:00,4.266037,-2.550827,290.93753,101246.95,51.75,5.25
2024-07-21 22:00:00,3.962616,-3.7279205,290.25702,101297.766,51.75,5.25
2024-07-21 23:00:00,3.9339447,-2.3949127,289.80408,101364.13,51.75,5.25
2024-07-22 00:00:00,3.701126,-1.669281,289.05676,101400.51,51.75,5.25
2024-07-22 01:00:00,3.7736511,-1.4299011,288.41693,101408.71,51.75,5.25
2024-07-22 02:00:00,3.6066132,-1.0641174,287.73486,101420.7,51.75,5.25
2024-07-22 03:00:00,3.8101654,-0.63249207,287.26532,101437.97,51.75,5.25
2024-07-22 04:00:00,3.8237915,-0.10714722,286.85095,101469.984,51.75,5.25
2024-07-22 05:00:00,3.410614,0.8664551,287.87787,101485.06,51.75,5.25
2024-07-22 06:00:00,2.7721863,1.4366302,289.57544,101561.47,51.75,5.25
2024-07-22 07:00:00,2.2845154,1.993393,291.04352,101593.66,51.75,5.25
2024-07-22 08:00:00,2.1229248,2.6785278,292.45923,101597.875,51.75,5.25
2024-07-22 09:00:00,2.8535461,3.2939453,292.9827,101618.125,51.75,5.25
2024-07-22 10:00:00,4.1357117,3.6783142,293.16266,101664.31,51.75,5.25
2024-07-22 11:00:00,6.256134,3.1078644,293.8334,101687.35,51.75,5.25
2024-07-22 12:00:00,6.0485077,2.3220367,294.73056,101681.31,51.75,5.25
2024-07-22 13:00:00,5.1974335,2.7844543,295.5462,101677.38,51.75,5.25
2024-07-22 14:00:00,5.0628357,3.2612305,296.42212,101668.37,51.75,5.25
2024-07-22 15:00:00,5.4670258,3.3055115,296.46713,101646.28,51.75,5.25
2024-07-22 16:00:00,5.3247986,3.3106232,296.299,101627.83,51.75,5.25
2024-07-22 17:00:00,5.011429,3.5534668,295.97516,101614.97,51.75,5.25
2024-07-22 18:00:00,4.6020355,3.684494,295.16687,101631.25,51.75,5.25
2024-07-22 19:00:00,4.0125885,4.05809,294.52832,101641.875,51.75,5.25
2024-07-22 20:00:00,3.6293945,4.594269,293.28342,101676.88,51.75,5.25
2024-07-22 21:00:00,4.01091,5.051758,292.83804,101656.47,51.75,5.25
2024-07-22 22:00:00,4.042618,5.0443115,292.73358,101627.58,51.75,5.25
2024-07-22 23:00:00,4.6494293,5.000763,292.64447,101633.516,51.75,5.25
2024-07-23 00:00:00,5.0604706,5.148575,292.3961,101626.28,51.75,5.25
2024-07-23 01:00:00,5.4039,5.0751343,292.29272,101604.34,51.75,5.25
2024-07-23 02:00:00,4.920761,5.0280457,291.93915,101557.266,51.75,5.25
2024-07-23 03:00:00,4.6040497,4.977295,291.6763,101530.45,51.75,5.25
2024-07-23 04:00:00,4.398987,4.920944,291.5468,101506.58,51.75,5.25
2024-07-23 05:00:00,3.9794617,4.6978455,291.6706,101488.94,51.75,5.25
2024-07-23 06:00:00,3.5566406,4.425308,291.75595,101480.81,51.75,5.25
2024-07-23 07:00:00,3.644394,4.541443,291.362,101469.734,51.75,5.25
2024-07-23 08:00:00,4.4806366,4.593094,291.65973,101465.3,51.75,5.25
2024-07-23 09:00:00,4.868332,3.3536072,292.25995,101466.14,51.75,5.25
2024-07-23 10:00:00,5.1778717,1.7136993,292.9604,101482.45,51.75,5.25
2024-07-23 11:00:00,5.5628204,0.5449219,293.8194,101495.086,51.75,5.25
2024-07-23 12:00:00,5.1847534,0.5219269,293.90247,101491.61,51.75,5.25
2024-07-23 13:00:00,5.5229034,0.06359863,294.12952,101526.2,51.75,5.25
2024-07-23 14:00:00,5.756592,-1.1716461,294.39862,101554.64,51.75,5.25
2024-07-23 15:00:00,6.3584747,-2.584671,293.5902,101574.44,51.75,5.25
2024-07-23 16:00:00,5.659561,-3.656128,292.67822,101646.734,51.75,5.25
2024-07-23 17:00:00,5.829193,-4.50206,292.67715,101703.05,51.75,5.25
2024-07-23 18:00:00,5.8055725,-4.847229,291.9896,101755.95,51.75,5.25
2024-07-23 19:00:00,5.1292877,-4.7927094,290.96637,101783.45,51.75,5.25
2024-07-23 20:00:00,5.6184235,-4.197632,289.91443,101903.484,51.75,5.25
2024-07-23 21:00:00,5.1277466,-3.654953,289.58997,101906.734,51.75,5.25
2024-07-23 22:00:00,4.755768,-2.8595886,289.34308,101971.875,51.75,5.25
2024-07-23 23:00:00,5.1738586,-2.246872,289.4059,101992.61,51.75,5.25
2024-07-24 00:00:00,5.0493927,-2.3041992,289.36407,102008.84,51.75,5.25
2024-07-24 01:00:00,4.731659,-2.4825287,289.12552,102013.8,51.75,5.25
2024-07-24 02:00:00,4.5744324,-3.0701904,289.0358,102023.03,51.75,5.25
2024-07-24 03:00:00,4.389038,-3.968689,288.82288,102037.67,51.75,5.25
2024-07-24 04:00:00,3.8772888,-4.491287,288.87878,102055.94,51.75,5.25
2024-07-24 05:00:00,3.046341,-4.301544,289.1878,102056.266,51.75,5.25
2024-07-24 06:00:00,2.6319427,-4.159683,289.5171,102082.2,51.75,5.25
2024-07-24 07:00:00,1.9928894,-4.3661957,290.50787,102117.414,51.75,5.25
2024-07-24 08:00:00,2.1342926,-3.70195,291.161,102135.08,51.75,5.25
2024-07-24 09:00:00,2.2981567,-3.099121,291.9784,102152.17,51.75,5.25
2024-07-24 10:00:00,1.8289642,-2.217041,292.942,102155.1,51.75,5.25
2024-07-24 11:00:00,2.4065094,-2.2015686,293.43146,102140.73,51.75,5.25
2024-07-24 12:00:00,2.6776733,-2.381195,294.03668,102084.43,51.75,5.25
2024-07-24 13:00:00,2.715332,-2.6648102,294.5095,102054.94,51.75,5.25
2024-07-24 14:00:00,2.2471924,-3.09523,294.75446,102033.94,51.75,5.25
2024-07-24 15:00:00,2.0969086,-3.280548,294.9496,102000.4,51.75,5.25
2024-07-24 16:00:00,1.8989716,-3.5541992,294.65576,101958.27,51.75,5.25
2024-07-24 17:00:00,1.5202942,-3.8160095,294.25308,101934.91,51.75,5.25
2024-07-24 18:00:00,0.72883606,-3.775467,293.2875,101908.0,51.75,5.25
2024-07-24 19:00:00,-0.363739,-3.8190613,291.7552,101923.53,51.75,5.25
2024-07-24 20:00:00,-1.6363068,-3.2840729,289.23877,101920.57,51.75,5.25
2024-07-24 21:00:00,-2.664444,-2.2501373,288.07886,101899.92,51.75,5.25
2024-07-24 22:00:00,-3.0440369,0.012649536,286.86432,101863.7,51.75,5.25
2024-07-24 23:00:00,-2.6581879,1.7744751,286.55127,101830.67,51.75,5.25
2024-07-25 00:00:00,-2.2555237,3.3090515,286.951,101799.11,51.75,5.25
2024-07-25 01:00:00,-2.147705,3.857666,287.16122,101736.96,51.75,5.25
2024-07-25 02:00:00,-2.0131683,4.134552,287.78128,101682.914,51.75,5.25
2024-07-25 03:00:00,-2.1285248,4.7847443,287.94934,101648.234,51.75,5.25
2024-07-25 04:00:00,-1.3967438,5.4473267,288.32672,101621.68,51.75,5.25
2024-07-25 05:00:00,-0.49223328,5.565216,288.54376,101568.79,51.75,5.25
2024-07-25 06:00:00,0.38787842,5.8346405,289.60614,101550.375,51.75,5.25
2024-07-25 07:00:00,0.8696289,5.242447,290.88327,101529.8,51.75,5.25
2024-07-25 08:00:00,0.7437744,4.937088,292.27643,101491.66,51.75,5.25
2024-07-25 09:00:00,0.77256775,5.3784637,293.9843,101421.06,51.75,5.25
2024-07-25 10:00:00,0.754776,4.7476196,295.20636,101395.25,51.75,5.25
2024-07-25 11:00:00,0.7333069,5.2189026,296.16937,101306.18,51.75,5.25
2024-07-25 12:00:00,0.8193207,5.6078644,296.31824,101256.89,51.75,5.25
2024-07-25 13:00:00,1.2705994,5.4661865,296.9056,101239.95,51.75,5.25
2024-07-25 14:00:00,1.5232239,5.261963,297.046,101179.016,51.75,5.25
2024-07-25 15:00:00,1.7278748,4.399063,296.38367,101158.76,51.75,5.25
2024-07-25 16:00:00,1.5802612,3.4003448,295.39093,101107.71,51.75,5.25
2024-07-25 17:00:00,0.59690857,3.0179596,295.19928,101048.875,51.75,5.25
2024-07-25 18:00:00,0.51986694,2.9505005,294.58502,101008.7,51.75,5.25
2024-07-25 19:00:00,1.4707947,2.6515808,293.48596,101030.32,51.75,5.25
2024-07-25 20:00:00,1.690155,3.0445557,292.6768,101009.24,51.75,5.25
2024-07-25 21:00:00,1.9161987,4.6175995,292.49298,100983.234,51.75,5.25
2024-07-25 22:00:00,2.8763733,3.9362488,292.38806,100955.06,51.75,5.25
2024-07-25 23:00:00,2.9994965,4.15094,292.25916,100941.32,51.75,5.25
2024-07-26 00:00:00,2.4241638,4.646591,292.09634,100898.44,51.75,5.25
2024-07-26 01:00:00,2.630066,5.145172,291.94507,100851.19,51.75,5.25
2024-07-26 02:00:00,2.465393,5.3168335,291.81552,100829.83,51.75,5.25
2024-07-26 03:00:00,2.9776154,5.372452,291.86917,100808.19,51.75,5.25
2024-07-26 04:00:00,4.053833,4.9828796,291.8559,100798.56,51.75,5.25
2024-07-26 05:00:00,5.2287445,4.1453094,291.65808,100802.75,51.75,5.25
2024-07-26 06:00:00,5.7751465,3.3654785,291.75253,100831.03,51.75,5.25
2024-07-26 07:00:00,6.5050964,2.7857513,292.14044,100896.09,51.75,5.25
2024-07-26 08:00:00,6.8239594,1.9633179,292.58838,100949.11,51.75,5.25
2024-07-26 09:00:00,5.7861786,0.8227844,293.43915,100987.69,51.75,5.25
2024-07-26 10:00:00,6.597885,0.28967285,293.97083,101025.83,51.75,5.25
2024-07-26 11:00:00,6.2094727,0.19894409,294.4481,101063.78,51.75,5.25
2024-07-26 12:00:00,5.74205,0.1860199,294.9582,101101.7,51.75,5.25
2024-07-26 13:00:00,5.5351715,0.11955261,295.22565,101125.05,51.75,5.25
2024-07-26 14:00:00,5.2728424,0.2303772,295.65033,101137.62,51.75,5.25
2024-07-26 15:00:00,5.0955505,0.32310486,295.5567,101138.86,51.75,5.25
2024-07-26 16:00:00,5.119858,-0.003189087,294.8379,101162.266,51.75,5.25
2024-07-26 17:00:00,4.4102936,-0.90701294,294.13318,101179.05,51.75,5.25
2024-07-26 18:00:00,3.1036682,-1.7826538,293.29205,101165.31,51.75,5.25
2024-07-26 19:00:00,2.3896027,-2.345459,292.4395,101216.234,51.75,5.25
2024-07-26 20:00:00,1.1053925,-2.76857,290.9662,101239.39,51.75,5.25
2024-07-26 21:00:00,0.20783997,-2.3129883,289.9316,101269.81,51.75,5.25
2024-07-26 22:00:00,0.2724762,-2.1083832,290.05493,101302.3,51.75,5.25
2024-07-26 23:00:00,-0.1539917,-1.682251,289.53864,101247.03,51.75,5.25
2024-07-27 00:00:00,-0.39300537,-0.47958374,289.3039,101270.766,51.75,5.25
2024-07-27 01:00:00,-0.573761,0.37303162,288.64752,101269.59,51.75,5.25
2024-07-27 02:00:00,-1.1128235,0.73843384,288.07953,101249.13,51.75,5.25
2024-07-27 03:00:00,-1.2681885,0.6324768,287.29828,101221.7,51.75,5.25
2024-07-27 04:00:00,-1.3003693,0.6687317,287.21036,101245.84,51.75,5.25
2024-07-27 05:00:00,-1.4482117,1.0513763,288.02176,101280.99,51.75,5.25
2024-07-27 06:00:00,-1.0501099,1.3900299,289.8145,101285.55,51.75,5.25
2024-07-27 07:00:00,-0.85876465,1.1986542,291.39783,101332.97,51.75,5.25
2024-07-27 08:00:00,-0.8856659,0.7323456,292.66013,101333.55,51.75,5.25
2024-07-27 09:00:00,-0.6977997,0.8682251,293.68085,101331.61,51.75,5.25
2024-07-27 10:00:00,0.2694702,0.49778748,293.9145,101344.69,51.75,5.25
2024-07-27 11:00:00,0.6540375,1.0606384,294.53455,101351.1,51.75,5.25
2024-07-27 12:00:00,1.0657043,0.5993805,294.54956,101340.64,51.75,5.25
2024-07-27 13:00:00,1.4338379,0.5248413,294.63763,101347.414,51.75,5.25
2024-07-27 14:00:00,1.3214111,0.54107666,294.875,101341.96,51.75,5.25
2024-07-27 15:00:00,1.8714447,0.7258301,294.7494,101349.92,51.75,5.25
2024-07-27 16:00:00,2.90802,0.60243225,294.70245,101360.55,51.75,5.25
2024-07-27 17:00:00,4.1165466,-0.5550995,294.2295,101378.516,51.75,5.25
2024-07-27 18:00:00,4.6920776,-2.1020966,293.60736,101404.59,51.75,5.25
2024-07-27 19:00:00,4.90477,-2.8130035,292.82053,101491.72,51.75,5.25
2024-07-27 20:00:00,4.9996185,-3.228836,291.3011,101577.14,51.75,5.25
2024-07-27 21:00:00,4.949997,-3.337616,290.0522,101660.61,51.75,5.25
2024-07-27 22:00:00,5.82547,-3.1509552,288.98248,101731.31,51.75,5.25
2024-07-27 23:00:00,5.84639,-2.554428,288.51593,101781.625,51.75,5.25
2024-07-28 00:00:00,6.3055573,-2.3306274,288.25967,101844.33,51.75,5.25
2024-07-28 01:00:00,6.2434998,-3.3449402,287.9029,101950.836,51.75,5.25
2024-07-28 02:00:00,5.506851,-3.960266,287.58087,101990.36,51.75,5.25
2024-07-28 03:00:00,5.0787354,-4.0760803,287.1927,102068.664,51.75,5.25
2024-07-28 04:00:00,4.7985687,-3.8513947,286.81476,102153.02,51.75,5.25
2024-07-28 05:00:00,4.393753,-3.5371704,287.4081,102221.6,51.75,5.25
2024-07-28 06:00:00,4.235977,-2.7272491,289.2328,102327.734,51.75,5.25
2024-07-28 07:00:00,3.5830536,-2.1000214,291.11523,102412.664,51.75,5.25
2024-07-28 08:00:00,3.3296967,-2.3374481,292.46674,102466.19,51.75,5.25
2024-07-28 09:00:00,3.014618,-2.360077,293.71066,102500.195,51.75,5.25
2024-07-28 10:00:00,2.1176605,-2.2207794,294.61453,102521.89,51.75,5.25
2024-07-28 11:00:00,2.290985,-2.2329712,295.05554,102542.266,51.75,5.25
2024-07-28 12:00:00,2.423523,-2.599762,295.60504,102585.09,51.75,5.25
2024-07-28 13:00:00,2.1212616,-2.6523743,296.0357,102573.28,51.75,5.25
2024-07-28 14:00:00,1.8834381,-2.6379395,296.1918,102600.516,51.75,5.25
2024-07-28 15:00:00,1.4035797,-2.8201294,296.18304,102582.55,51.75,5.25
2024-07-28 16:00:00,0.79481506,-2.8703003,296.19128,102548.17,51.75,5.25
2024-07-28 17:00:00,0.25860596,-3.3116913,295.72705,102519.375,51.75,5.25
2024-07-28 18:00:00,-0.38542175,-4.078781,294.6915,102494.03,51.75,5.25
2024-07-28 19:00:00,-1.3488007,-4.9748993,293.06396,102532.0,51.75,5.25
2024-07-28 20:00:00,-2.8518066,-5.2489777,291.5177,102548.3,51.75,5.25
2024-07-28 21:00:00,-3.9311218,-4.627136,290.32593,102583.22,51.75,5.25
2024-07-28 22:00:00,-4.664917,-4.0017395,288.90228,102530.414,51.75,5.25
2024-07-28 23:00:00,-5.250656,-3.3608856,288.33008,102536.875,51.75,5.25
2024-07-29 00:00:00,-5.8582764,-1.7935791,287.65677,102567.3,51.75,5.25
2024-07-29 01:00:00,-6.1080627,-0.22828674,287.3452,102527.984,51.75,5.25
2024-07-29 02:00:00,-5.925873,0.82164,287.21594,102500.53,51.75,5.25
2024-07-29 03:00:00,-5.734848,1.358963,286.87018,102473.55,51.75,5.25
2024-07-29 04:00:00,-5.25206,1.493515,286.35187,102497.09,51.75,5.25
2024-07-29 05:00:00,-4.839035,1.595932,287.16986,102494.45,51.75,5.25
2024-07-29 06:00:00,-4.202133,1.5526123,289.67584,102491.305,51.75,5.25
2024-07-29 07:00:00,-3.200943,1.0752563,291.7945,102479.34,51.75,5.25
2024-07-29 08:00:00,-2.9835968,0.8334656,293.7095,102462.664,51.75,5.25
2024-07-29 09:00:00,-3.2800446,1.0024567,295.33008,102426.46,51.75,5.25
2024-07-29 10:00:00,-3.6839905,0.9633179,296.30548,102377.95,51.75,5.25
2024-07-29 11:00:00,-3.8786316,1.3265228,297.0368,102318.75,51.75,5.25
2024-07-29 12:00:00,-3.700592,1.4172974,297.797,102254.09,51.75,5.25
2024-07-29 13:00:00,-3.6132355,1.4522858,298.3556,102197.305,51.75,5.25
2024-07-29 14:00:00,-3.5708313,1.5639648,298.8677,102134.95,51.75,5.25
2024-07-29 15:00:00,-3.399887,1.7030945,299.24588,102064.42,51.75,5.25
2024-07-29 16:00:00,-3.2974854,1.778305,299.37766,102005.414,51.75,5.25
2024-07-29 17:00:00,-3.273117,0.99394226,299.1308,101941.734,51.75,5.25
2024-07-29 18:00:00,-3.953888,0.030319214,298.28128,101903.51,51.75,5.25
2024-07-29 19:00:00,-5.0369415,-0.17146301,296.66187,101880.695,51.75,5.25
2024-07-29 20:00:00,-5.840332,0.24067688,294.3338,101878.8,51.75,5.25
2024-07-29 21:00:00,-5.9091187,0.9645386,292.96954,101863.42,51.75,5.25
2024-07-29 22:00:00,-5.615967,1.4070129,292.20166,101838.79,51.75,5.25
2024-07-29 23:00:00,-4.864807,2.1468506,291.6203,101820.016,51.75,5.25
2024-07-30 00:00:00,-3.70932,3.2592163,291.29318,101813.57,51.75,5.25
2024-07-30 01:00:00,-2.8764648,3.6079254,290.62616,101772.36,51.75,5.25
2024-07-30 02:00:00,-2.1081238,3.6463928,290.28516,101721.67,51.75,5.25
2024-07-30 03:00:00,-1.3005219,3.8410187,289.72308,101718.54,51.75,5.25
2024-07-30 04:00:00,-1.0901794,3.144577,289.0914,101703.86,51.75,5.25
2024-07-30 05:00:00,-1.1055603,2.5708008,289.8191,101682.11,51.75,5.25
2024-07-30 06:00:00,-1.2478027,2.4674072,292.4593,101696.516,51.75,5.25
2024-07-30 07:00:00,-1.2154388,1.9857178,294.97647,101664.94,51.75,5.25
2024-07-30 08:00:00,-0.6285248,1.1233215,297.0244,101657.984,51.75,5.25
2024-07-30 09:00:00,-0.494812,0.42378235,298.84833,101653.45,51.75,5.25
2024-07-30 10:00:00,-0.09353638,-0.49917603,300.0947,101611.45,51.75,5.25
2024-07-30 11:00:00,0.08055115,-0.582016,300.90988,101600.7,51.75,5.25
2024-07-30 12:00:00,0.49482727,-1.0997925,301.72968,101571.875,51.75,5.25
2024-07-30 13:00:00,0.71839905,-1.8249207,302.24762,101567.47,51.75,5.25
2024-07-30 14:00:00,0.69184875,-2.32695,302.39606,101557.33,51.75,5.25
2024-07-30 15:00:00,0.95051575,-2.5411835,302.43042,101547.22,51.75,5.25
2024-07-30 16:00:00,0.88742065,-3.1143646,302.3204,101534.56,51.75,5.25
2024-07-30 17:00:00,0.50512695,-4.1528015,301.75967,101494.06,51.75,5.25
2024-07-30 18:00:00,0.40422058,-4.681427,300.5622,101492.36,51.75,5.25
2024-07-30 19:00:00,-0.4409027,-5.717346,298.26416,101503.375,51.75,5.25
2024-07-30 20:00:00,-1.7796631,-6.448517,296.0514,101518.984,51.75,5.25
2024-07-30 21:00:00,-2.8306122,-6.283615,294.80243,101549.35,51.75,5.25
2024-07-30 22:00:00,-4.252655,-5.7457123,293.79816,101533.08,51.75,5.25
2024-07-30 23:00:00,-5.067734,-5.002365,293.0828,101508.7,51.75,5.25
2024-07-31 00:00:00,-5.049347,-4.6258087,292.6555,101524.75,51.75,5.25
2024-07-31 01:00:00,-4.764908,-3.9817657,291.9636,101524.73,51.75,5.25
2024-07-31 02:00:00,-3.9436188,-3.6840363,291.59723,101567.94,51.75,5.25
2024-07-31 03:00:00,-3.738922,-4.170746,291.07037,101541.7,51.75,5.25
2024-07-31 04:00:00,-4.6184387,-4.1949005,290.73535,101498.72,51.75,5.25
2024-07-31 05:00:00,-5.1176453,-3.1621857,290.83035,101483.125,51.75,5.25
2024-07-31 06:00:00,-4.8779144,-2.0611877,291.6131,101481.16,51.75,5.25
2024-07-31 07:00:00,-3.7506409,-1.4199066,292.5655,101467.336,51.75,5.25
2024-07-31 08:00:00,-2.931839,-1.1706238,293.78265,101467.484,51.75,5.25
2024-07-31 09:00:00,-2.3957672,-1.6543274,294.18982,101492.12,51.75,5.25
2024-07-31 10:00:00,-2.367691,-2.4313354,293.90753,101505.83,51.75,5.25
2024-07-31 11:00:00,-2.6058502,-1.4951935,295.4605,101514.36,51.75,5.25
2024-07-31 12:00:00,-2.2722168,-1.4044647,295.88217,101510.79,51.75,5.25
2024-07-31 13:00:00,-1.9757843,-0.7169647,296.75183,101508.95,51.75,5.25
2024-07-31 14:00:00,-2.0531006,-1.1574402,297.38214,101447.3,51.75,5.25
2024-07-31 15:00:00,-2.2541351,-1.9700165,297.75696,101380.234,51.75,5.25
2024-07-31 16:00:00,-2.6408386,-1.9411316,298.1471,101346.75,51.75,5.25
2024-07-31 17:00:00,-2.440277,-1.4936676,298.1583,101349.89,51.75,5.25
2024-07-31 18:00:00,-3.4977264,-1.9296112,297.80338,101293.66,51.75,5.25
2024-07-31 19:00:00,-4.0443726,-1.8727722,296.10474,101330.08,51.75,5.25
2024-07-31 20:00:00,-4.1654663,-2.1152039,294.30157,101336.46,51.75,5.25
2024-07-31 21:00:00,-3.8322754,-2.3489838,293.72986,101367.555,51.75,5.25
2024-07-31 22:00:00,-3.5743256,-1.263443,292.6506,101326.3,51.75,5.25
2024-07-31 23:00:00,-4.0706635,-2.3947754,292.47778,101309.59,51.75,5.25
2024-08-01 00:00:00,-4.486389,-2.8670044,292.1184,101291.83,51.75,5.25
2024-08-01 01:00:00,-5.553192,-2.6752167,291.66187,101266.67,51.75,5.25
2024-08-01 02:00:00,-5.3640747,-2.510376,291.27182,101252.266,51.75,5.25
2024-08-01 03:00:00,-5.6039734,-3.5071259,290.88922,101214.79,51.75,5.25
2024-08-01 04:00:00,-5.403366,-3.0449982,290.68646,101180.125,51.75,5.25
2024-08-01 05:00:00,-4.9960938,-2.427948,290.71094,101205.69,51.75,5.25
2024-08-01 06:00:00,-4.7012024,-2.2885742,290.77103,101187.78,51.75,5.25
2024-08-01 07:00:00,-4.2351837,-1.9306946,291.16724,101170.28,51.75,5.25
2024-08-01 08:00:00,-3.216858,-1.4307098,291.48413,101162.11,51.75,5.25
2024-08-01 09:00:00,-2.801529,-1.4743347,292.06015,101141.69,51.75,5.25
2024-08-01 10:00:00,-1.0526428,-1.2481537,292.69055,101183.516,51.75,5.25
2024-08-01 11:00:00,-0.82540894,-1.8235016,293.14047,101191.375,51.75,5.25
2024-08-01 12:00:00,-1.1201782,-2.531723,293.47446,101218.57,51.75,5.25
2024-08-01 13:00:00,-0.775177,-2.8285675,293.56873,101176.64,51.75,5.25
2024-08-01 14:00:00,-0.89341736,-3.108841,293.61502,101160.85,51.75,5.25
2024-08-01 15:00:00,-1.6746063,-2.9372864,293.68683,101144.33,51.75,5.25
2024-08-01 16:00:00,-0.8244629,-3.213684,294.21136,101144.766,51.75,5.25
2024-08-01 17:00:00,-1.0729828,-3.3318481,294.51685,101162.68,51.75,5.25
2024-08-01 18:00:00,-1.2792053,-3.8366547,294.38895,101165.07,51.75,5.25
2024-08-01 19:00:00,-2.0752563,-4.3980255,293.59592,101213.625,51.75,5.25
2024-08-01 20:00:00,-2.4820404,-4.222168,292.6033,101259.44,51.75,5.25
2024-08-01 21:00:00,-2.8020172,-4.2734985,291.67038,101273.36,51.75,5.25
2024-08-01 22:00:00,-3.7469788,-2.2285461,290.48358,101298.9,51.75,5.25
2024-08-01 23:00:00,-4.588852,-1.7377319,289.76154,101299.06,51.75,5.25
2024-08-02 00:00:00,-4.4719696,-0.87965393,289.213,101318.7,51.75,5.25
2024-08-02 01:00:00,-3.4483185,-0.76031494,288.7785,101308.2,51.75,5.25
2024-08-02 02:00:00,-3.0091248,-1.1787262,288.57568,101261.2,51.75,5.25
2024-08-02 03:00:00,-2.6848907,-0.6050873,288.50952,101244.22,51.75,5.25
2024-08-02 04:00:00,-2.815689,-0.5744324,288.403,101250.42,51.75,5.25
2024-08-02 05:00:00,-2.9795837,-0.8153839,288.86276,101283.28,51.75,5.25
2024-08-02 06:00:00,-2.4146729,-0.87734985,289.5166,101287.28,51.75,5.25
2024-08-02 07:00:00,-2.067398,-0.32357788,290.7779,101291.36,51.75,5.25
2024-08-02 08:00:00,-1.7800903,0.11399841,291.8924,101283.56,51.75,5.25
2024-08-02 09:00:00,-1.2350311,0.36894226,293.05234,101281.28,51.75,5.25
2024-08-02 10:00:00,-0.22750854,-0.10835266,294.19556,101298.055,51.75,5.25
2024-08-02 11:00:00,0.21925354,-0.6151428,295.41614,101285.586,51.75,5.25
2024-08-02 12:00:00,-0.35871887,-0.85173035,296.2887,101234.3,51.75,5.25
2024-08-02 13:00:00,-0.6980896,-0.8867035,297.1908,101200.27,51.75,5.25
2024-08-02 14:00:00,-0.55963135,-0.63194275,297.81232,101149.28,51.75,5.25
2024-08-02 15:00:00,-0.09567261,-0.31336975,298.0658,101138.81,51.75,5.25
2024-08-02 16:00:00,-0.1642456,-0.7406311,298.30045,101090.31,51.75,5.25
2024-08-02 17:00:00,-0.2635193,-0.92355347,298.12845,101061.83,51.75,5.25
2024-08-02 18:00:00,-0.7320862,-0.816452,297.37335,101051.52,51.75,5.25
2024-08-02 19:00:00,-1.506485,-0.3157196,295.1576,101054.16,51.75,5.25
2024-08-02 20:00:00,-1.750473,0.2955017,292.6932,101094.03,51.75,5.25
2024-08-02 21:00:00,-1.6442108,1.1068726,291.62305,101104.9,51.75,5.25
2024-08-02 22:00:00,-1.7928314,3.628891,290.3233,101099.69,51.75,5.25
2024-08-02 23:00:00,0.018692017,3.47789,289.96475,101109.45,51.75,5.25
2024-08-03 00:00:00,1.1334076,3.2556305,289.87543,101094.18,51.75,5.25
2024-08-03 01:00:00,3.0836182,2.8509064,290.17847,101066.44,51.75,5.25
2024-08-03 02:00:00,4.717514,1.8838501,290.56952,101059.09,51.75,5.25
2024-08-03 03:00:00,4.4815674,0.99679565,290.7358,101045.9,51.75,5.25
2024-08-03 04:00:00,4.5825806,1.1714783,290.80252,101043.36,51.75,5.25
2024-08-03 05:00:00,4.5510864,1.8812256,291.0324,101064.64,51.75,5.25
2024-08-03 06:00:00,3.6247864,2.42984,291.65027,101062.016,51.75,5.25
2024-08-03 07:00:00,3.595993,2.6738434,292.52863,101082.625,51.75,5.25
2024-08-03 08:00:00,4.55748,2.6164246,293.38403,101129.06,51.75,5.25
2024-08-03 09:00:00,5.2733307,1.8896637,294.42383,101167.86,51.75,5.25
2024-08-03 10:00:00,4.25412,1.0216064,295.0292,101179.11,51.75,5.25
2024-08-03 11:00:00,4.1361237,1.4415283,295.56107,101169.914,51.75,5.25
2024-08-03 12:00:00,4.561157,1.5561981,295.94302,101144.75,51.75,5.25
2024-08-03 13:00:00,4.9955444,1.8121338,296.14343,101144.5,51.75,5.25
2024-08-03 14:00:00,5.7892303,2.225006,295.7547,101142.64,51.75,5.25
2024-08-03 15:00:00,6.2317657,2.5022278,295.3589,101143.484,51.75,5.25
2024-08-03 16:00:00,6.137741,2.3111725,295.18292,101144.19,51.75,5.25
2024-08-03 17:00:00,6.6248627,2.5513763,294.82214,101124.76,51.75,5.25
2024-08-03 18:00:00,6.097473,2.6687622,293.88373,101094.95,51.75,5.25
2024-08-03 19:00:00,6.1086273,2.9939728,293.40833,101098.84,51.75,5.25
2024-08-03 20:00:00,6.733124,3.0003052,292.67386,101183.81,51.75,5.25
2024-08-03 21:00:00,6.6507874,2.9956055,292.3364,101194.125,51.75,5.25
2024-08-03 22:00:00,7.0861664,1.4575653,292.07678,101214.516,51.75,5.25
2024-08-03 23:00:00,6.460907,1.7903442,291.65698,101203.484,51.75,5.25
2024-08-04 00:00:00,5.941437,1.2697144,291.30798,101217.875,51.75,5.25
2024-08-04 01:00:00,5.1224976,-0.0116119385,290.82196,101193.516,51.75,5.25
2024-08-04 02:00:00,4.8868713,-2.191101,290.0495,101210.62,51.75,5.25
2024-08-04 03:00:00,3.7227325,-4.013626,289.7401,101214.36,51.75,5.25
2024-08-04 04:00:00,2.5362244,-4.2078857,289.6786,101242.0,51.75,5.25
2024-08-04 05:00:00,2.2330627,-4.2808075,289.61328,101293.875,51.75,5.25
2024-08-04 06:00:00,1.8383636,-3.8499603,290.0839,101332.69,51.75,5.25
2024-08-04 07:00:00,1.7857819,-3.2405548,290.75714,101390.016,51.75,5.25
2024-08-04 08:00:00,1.6172943,-2.8491058,291.33105,101427.97,51.75,5.25
2024-08-04 09:00:00,1.9167023,-2.4166718,291.901,101471.14,51.75,5.25
2024-08-04 10:00:00,2.5920105,-1.4960632,292.367,101542.03,51.75,5.25
2024-08-04 11:00:00,3.517212,-1.8509979,292.6347,101549.95,51.75,5.25
2024-08-04 12:00:00,3.9602814,-2.0397491,292.7158,101554.39,51.75,5.25
2024-08-04 13:00:00,3.802475,-2.1572418,292.90216,101573.11,51.75,5.25
2024-08-04 14:00:00,3.3928375,-2.0816498,293.28513,101556.86,51.75,5.25
2024-08-04 15:00:00,3.2607422,-1.658493,293.42578,101542.484,51.75,5.25
2024-08-04 16:00:00,2.900589,-1.5117493,293.40216,101530.49,51.75,5.25
2024-08-04 17:00:00,2.6135254,-1.5154419,293.1911,101510.57,51.75,5.25
2024-08-04 18:00:00,1.8879395,-1.688034,292.58652,101501.28,51.75,5.25
2024-08-04 19:00:00,1.5248871,-1.8781433,291.0702,101520.484,51.75,5.25
2024-08-04 20:00:00,0.712204,-1.4810944,290.47888,101563.42,51.75,5.25
2024-08-04 21:00:00,-0.22775269,-0.57333374,290.10733,101556.53,51.75,5.25
2024-08-04 22:00:00,-0.5757599,1.3184814,290.5186,101553.8,51.75,5.25
2024-08-04 23:00:00,-0.68966675,1.9471436,289.65527,101546.086,51.75,5.25
2024-08-05 00:00:00,-0.77386475,2.87471,289.50162,101499.11,51.75,5.25
2024-08-05 01:00:00,-0.5236664,3.2817993,289.37827,101488.625,51.75,5.25
2024-08-05 02:00:00,-1.0310974,4.3404236,289.70947,101467.6,51.75,5.25
2024-08-05 03:00:00,-1.0738983,4.677765,289.7193,101407.19,51.75,5.25
2024-08-05 04:00:00,-0.3390503,4.8762054,289.84665,101389.984,51.75,5.25
2024-08-05 05:00:00,0.9528198,4.944092,289.39587,101399.6,51.75,5.25
2024-08-05 06:00:00,2.182663,4.2996216,290.69406,101409.234,51.75,5.25
2024-08-05 07:00:00,2.6633606,2.8672943,291.8692,101433.234,51.75,5.25
2024-08-05 08:00:00,2.658661,2.2057495,292.95062,101455.57,51.75,5.25
2024-08-05 09:00:00,2.5146484,2.5684967,293.80096,101456.98,51.75,5.25
2024-08-05 10:00:00,2.3143768,2.7093048,294.06018,101443.84,51.75,5.25
2024-08-05 11:00:00,2.7180023,2.8963928,294.9737,101429.64,51.75,5.25
2024-08-05 12:00:00,2.9637146,2.7117615,295.63666,101388.016,51.75,5.25
2024-08-05 13:00:00,3.178772,2.4958801,296.33893,101381.95,51.75,5.25
2024-08-05 14:00:00,3.2318726,2.0778656,296.71216,101374.625,51.75,5.25
2024-08-05 15:00:00,3.0790863,1.5979462,296.99786,101345.08,51.75,5.25
2024-08-05 16:00:00,2.7180328,1.165451,297.12958,101324.766,51.75,5.25
2024-08-05 17:00:00,1.9785156,0.9311676,296.86896,101291.336,51.75,5.25
2024-08-05 18:00:00,1.1273499,0.65159607,296.16016,101278.03,51.75,5.25
2024-08-05 19:00:00,0.272583,0.58322144,294.8555,101279.77,51.75,5.25
2024-08-05 20:00:00,-0.57910156,0.67385864,293.02637,101312.53,51.75,5.25
2024-08-05 21:00:00,-1.1864471,1.1450043,290.92883,101292.88,51.75,5.25
2024-08-05 22:00:00,-1.6344757,0.6012573,288.6915,101293.92,51.75,5.25
2024-08-05 23:00:00,-2.474121,1.7398682,288.2954,101276.24,51.75,5.25
2024-08-06 00:00:00,-3.0744324,3.088379,288.4082,101249.06,51.75,5.25
2024-08-06 01:00:00,-3.1428375,3.9745636,288.74774,101199.22,51.75,5.25
2024-08-06 02:00:00,-3.315033,4.553528,289.00098,101165.96,51.75,5.25
2024-08-06 03:00:00,-3.216339,4.8460693,288.5666,101123.47,51.75,5.25
2024-08-06 04:00:00,-2.9368439,4.999878,288.3242,101108.67,51.75,5.25
2024-08-06 05:00:00,-3.030182,5.146225,288.7975,101102.71,51.75,5.25
2024-08-06 06:00:00,-2.5592346,5.0229187,291.23453,101089.06,51.75,5.25
2024-08-06 07:00:00,-1.5836029,4.3108673,293.75378,101071.5,51.75,5.25
2024-08-06 08:00:00,-0.9461212,3.2839355,295.97244,101068.695,51.75,5.25
2024-08-06 09:00:00,-0.55081177,3.1564941,297.68332,101044.45,51.75,5.25
2024-08-06 10:00:00,-1.097702,3.0333405,299.10736,101035.34,51.75,5.25
2024-08-06 11:00:00,-0.7318878,3.5659485,300.21893,101021.92,51.75,5.25
2024-08-06 12:00:00,-0.12582397,4.0925446,300.77838,100959.875,51.75,5.25
2024-08-06 13:00:00,0.95703125,4.2978973,301.097,100943.836,51.75,5.25
2024-08-06 14:00:00,2.1605225,4.1125946,301.00757,100914.97,51.75,5.25
2024-08-06 15:00:00,2.9586487,3.3335266,300.87915,100890.92,51.75,5.25
2024-08-06 16:00:00,3.3932648,2.5077362,300.57346,100872.08,51.75,5.25
2024-08-06 17:00:00,3.796936,0.94244385,299.771,100867.61,51.75,5.25
2024-08-06 18:00:00,3.5175323,-1.0159302,298.526,100898.83,51.75,5.25
2024-08-06 19:00:00,2.377304,-2.6628876,296.30215,100899.7,51.75,5.25
2024-08-06 20:00:00,1.0501862,-3.5669556,294.31915,100954.3,51.75,5.25
2024-08-06 21:00:00,0.42097473,-3.431961,293.63354,100968.58,51.75,5.25
2024-08-06 22:00:00,1.2884979,-2.5161743,292.03308,100992.61,51.75,5.25
2024-08-06 23:00:00,2.3285522,-2.2604218,292.09534,100985.734,51.75,5.25
2024-08-07 00:00:00,3.3032074,-1.5975494,292.10947,100994.73,51.75,5.25
2024-08-07 01:00:00,4.5133667,-1.1538391,292.05994,100984.42,51.75,5.25
2024-08-07 02:00:00,5.1531677,-0.8748779,291.96686,100985.06,51.75,5.25
2024-08-07 03:00:00,5.1927643,-0.526886,291.54785,101012.83,51.75,5.25
2024-08-07 04:00:00,4.624771,-0.21452332,291.1988,101004.516,51.75,5.25
2024-08-07 05:00:00,4.213394,0.41952515,291.07904,101024.875,51.75,5.25
2024-08-07 06:00:00,4.1861725,0.58602905,291.2652,101057.08,51.75,5.25
2024-08-07 07:00:00,4.295883,0.3898468,291.65283,101077.21,51.75,5.25
2024-08-07 08:00:00,4.3448944,0.5959015,292.13803,101112.56,51.75,5.25
2024-08-07 09:00:00,4.579132,0.5990753,292.80054,101159.016,51.75,5.25
2024-08-07 10:00:00,4.3211975,-0.7175751,292.77222,101218.12,51.75,5.25
2024-08-07 11:00:00,4.260193,-1.3316193,293.43054,101237.69,51.75,5.25
2024-08-07 12:00:00,4.5768127,-1.3642273,294.1344,101245.234,51.75,5.25
2024-08-07 13:00:00,5.127289,-1.3760681,295.07462,101245.91,51.75,5.25
2024-08-07 14:00:00,5.6033325,-1.2466583,295.32825,101243.3,51.75,5.25
2024-08-07 15:00:00,5.7346497,-0.9227905,295.1886,101252.1,51.75,5.25
2024-08-07 16:00:00,5.0607605,-0.5671387,295.41107,101259.58,51.75,5.25
2024-08-07 17:00:00,3.8854218,-0.4745636,294.84918,101259.984,51.75,5.25
2024-08-07 18:00:00,3.4647827,-0.5954895,294.02307,101298.71,51.75,5.25
2024-08-07 19:00:00,3.6954803,-0.45765686,292.14374,101345.91,51.75,5.25
2024-08-07 20:00:00,3.8720856,-0.07527161,290.7437,101411.36,51.75,5.25
2024-08-07 21:00:00,4.5844727,0.8747711,290.45523,101430.28,51.75,5.25
2024-08-07 22:00:00,4.89122,0.9793091,290.16498,101454.86,51.75,5.25
2024-08-07 23:00:00,4.1597137,2.2138824,289.99115,101456.0,51.75,5.25
2024-08-08 00:00:00,4.1112213,3.0953064,289.9105,101432.75,51.75,5.25
2024-08-08 01:00:00,4.9709625,3.6718903,289.42014,101425.82,51.75,5.25
2024-08-08 02:00:00,5.59993,3.3742523,289.42273,101424.875,51.75,5.25
2024-08-08 03:00:00,5.527466,3.0718994,289.36407,101445.3,51.75,5.25
2024-08-08 04:00:00,5.160019,2.765335,289.3549,101464.63,51.75,5.25
2024-08-08 05:00:00,4.755142,2.6171112,289.18408,101492.42,51.75,5.25
2024-08-08 06:00:00,4.565338,2.5818634,289.98254,101545.59,51.75,5.25
2024-08-08 07:00:00,3.6868286,2.3099976,291.16266,101599.71,51.75,5.25
2024-08-08 08:00:00,3.6718292,1.6759949,292.43402,101599.734,51.75,5.25
2024-08-08 09:00:00,3.8407288,1.9441223,293.2729,101624.6,51.75,5.25
2024-08-08 10:00:00,3.6513672,1.9107513,294.21268,101663.125,51.75,5.25
2024-08-08 11:00:00,3.9034271,2.1774597,295.19818,101663.15,51.75,5.25
2024-08-08 12:00:00,3.7185059,2.2409363,295.5971,101639.734,51.75,5.25
2024-08-08 13:00:00,3.222046,2.7462158,296.4151,101639.516,51.75,5.25
2024-08-08 14:00:00,2.7769623,3.6519928,296.73065,101598.77,51.75,5.25
2024-08-08 15:00:00,2.7880096,4.433899,296.86923,101565.125,51.75,5.25
2024-08-08 16:00:00,3.0815887,4.6948547,296.35333,101548.766,51.75,5.25
2024-08-08 17:00:00,2.740036,4.920624,296.16473,101497.3,51.75,5.25
2024-08-08 18:00:00,2.2136078,5.222168,295.407,101504.5,51.75,5.25
2024-08-08 19:00:00,0.44404602,6.366272,294.1858,101450.94,51.75,5.25
2024-08-08 20:00:00,-0.4585266,7.632187,293.30066,101419.555,51.75,5.25
2024-08-08 21:00:00,0.7379608,8.022186,293.3529,101391.89,51.75,5.25
2024-08-08 22:00:00,3.4777374,8.331909,293.46222,101371.29,51.75,5.25
2024-08-08 23:00:00,5.0939484,6.990799,293.48373,101334.89,51.75,5.25
2024-08-09 00:00:00,5.7997437,6.536377,293.5698,101281.45,51.75,5.25
2024-08-09 01:00:00,6.2015533,6.7868958,293.70163,101252.25,51.75,5.25
2024-08-09 02:00:00,6.5150604,6.823105,293.38635,101229.92,51.75,5.25
2024-08-09 03:00:00,6.216812,7.4143066,293.63452,101188.0,51.75,5.25
2024-08-09 04:00:00,6.2654266,7.7953644,293.73685,101143.734,51.75,5.25
2024-08-09 05:00:00,7.066803,7.591629,293.64685,101148.44,51.75,5.25
2024-08-09 06:00:00,7.9592743,7.0530243,293.71002,101157.21,51.75,5.25
2024-08-09 07:00:00,8.36647,6.596054,293.74512,101204.07,51.75,5.25
2024-08-09 08:00:00,8.772858,6.136093,294.04675,101228.69,51.75,5.25
2024-08-09 09:00:00,8.498459,5.493042,293.69373,101274.7,51.75,5.25
2024-08-09 10:00:00,8.224274,4.6717224,293.33765,101300.234,51.75,5.25
2024-08-09 11:00:00,8.571136,4.1973267,293.36575,101355.56,51.75,5.25
2024-08-09 12:00:00,7.6359406,3.6646729,294.0987,101366.86,51.75,5.25
2024-08-09 13:00:00,7.9577484,2.8799133,295.78104,101398.234,51.75,5.25
2024-08-09 14:00:00,8.076218,2.0773468,296.59073,101411.84,51.75,5.25
2024-08-09 15:00:00,8.035431,1.0513153,296.93707,101438.89,51.75,5.25
2024-08-09 16:00:00,7.5263977,0.5205841,296.46994,101463.83,51.75,5.25
2024-08-09 17:00:00,7.144928,-0.4078369,296.08026,101524.05,51.75,5.25
2024-08-09 18:00:00,5.956314,-0.84085083,295.1848,101567.75,51.75,5.25
2024-08-09 19:00:00,4.9369965,-0.79981995,293.66788,101612.15,51.75,5.25
2024-08-09 20:00:00,4.234253,-0.33874512,291.60733,101683.59,51.75,5.25
2024-08-09 21:00:00,3.9807587,0.84573364,289.8423,101706.58,51.75,5.25
2024-08-09 22:00:00,4.85376,1.5117645,289.26248,101696.266,51.75,5.25
2024-08-09 23:00:00,5.4426575,2.5990295,289.23962,101735.6,51.75,5.25
2024-08-10 00:00:00,5.5504913,3.5942993,288.9018,101767.73,51.75,5.25
2024-08-10 01:00:00,5.2703857,3.939392,288.2483,101759.69,51.75,5.25
2024-08-10 02:00:00,4.981003,4.2222443,287.9817,101742.22,51.75,5.25
2024-08-10 03:00:00,5.129303,4.548935,287.8253,101775.71,51.75,5.25
2024-08-10 04:00:00,5.143036,4.7360687,287.8301,101805.09,51.75,5.25
2024-08-10 05:00:00,5.320877,4.734085,288.13815,101820.25,51.75,5.25
2024-08-10 06:00:00,5.64093,4.1938324,289.44403,101895.19,51.75,5.25
2024-08-10 07:00:00,6.181732,3.1564636,290.92303,101912.5,51.75,5.25
2024-08-10 08:00:00,6.2500305,2.379364,292.4776,101973.11,51.75,5.25
2024-08-10 09:00:00,6.173126,2.4820557,293.8329,101990.5,51.75,5.25
2024-08-10 10:00:00,5.069748,2.4583893,295.0128,102002.86,51.75,5.25
2024-08-10 11:00:00,5.13739,2.9804535,295.94705,101997.92,51.75,5.25
2024-08-10 12:00:00,5.306427,2.7996368,296.53906,101987.055,51.75,5.25
2024-08-10 13:00:00,5.3867645,2.3749237,297.14218,101971.92,51.75,5.25
2024-08-10 14:00:00,5.60553,2.2124176,297.44366,101996.09,51.75,5.25
2024-08-10 15:00:00,5.6926575,1.7499237,297.51788,102015.79,51.75,5.25
2024-08-10 16:00:00,5.260269,1.0225983,297.294,102021.0,51.75,5.25
2024-08-10 17:00:00,4.495819,-0.22288513,296.77243,102024.8,51.75,5.25
2024-08-10 18:00:00,3.9363708,-1.1060333,295.97476,102014.125,51.75,5.25
2024-08-10 19:00:00,3.4165497,-1.4005585,295.1269,102009.266,51.75,5.25
2024-08-10 20:00:00,3.2028656,-1.7696533,294.21405,102060.72,51.75,5.25
2024-08-10 21:00:00,2.8828888,-1.2636871,293.72504,102093.95,51.75,5.25
2024-08-10 22:00:00,2.9512024,-0.99098206,292.95712,102085.78,51.75,5.25
2024-08-10 23:00:00,3.171463,-0.36727905,292.0949,102104.14,51.75,5.25
2024-08-11 00:00:00,3.3681183,-0.13743591,291.23587,102096.65,51.75,5.25
2024-08-11 01:00:00,3.5394745,-0.6457367,290.6528,102091.234,51.75,5.25
2024-08-11 02:00:00,3.219986,-2.2007294,290.60626,102100.93,51.75,5.25
2024-08-11 03:00:00,1.962738,-2.730301,290.22296,102115.93,51.75,5.25
2024-08-11 04:00:00,0.6894531,-2.0399017,289.16165,102122.25,51.75,5.25
2024-08-11 05:00:00,-0.04475403,-0.969162,288.8848,102152.76,51.75,5.25
2024-08-11 06:00:00,-0.3282013,-0.3152771,291.3777,102214.55,51.75,5.25
2024-08-11 07:00:00,-0.46017456,0.060913086,293.7381,102236.484,51.75,5.25
2024-08-11 08:00:00,-0.6052246,0.4256134,295.21844,102233.516,51.75,5.25
2024-08-11 09:00:00,-0.50897217,0.69828796,296.37057,102221.016,51.75,5.25
2024-08-11 10:00:00,-0.9219513,0.21411133,297.1446,102199.88,51.75,5.25
2024-08-11 11:00:00,-1.4033508,-0.22949219,297.9243,102146.95,51.75,5.25
2024-08-11 12:00:00,-1.796875,-0.8601074,298.59805,102109.58,51.75,5.25
2024-08-11 13:00:00,-2.2700806,-1.5152283,299.16052,102092.0,51.75,5.25
2024-08-11 14:00:00,-2.725769,-1.4314117,299.45142,102033.55,51.75,5.25
2024-08-11 15:00:00,-2.9498596,-1.2345276,299.75345,101982.766,51.75,5.25
2024-08-11 16:00:00,-3.2874603,-1.483902,299.49426,101946.55,51.75,5.25
2024-08-11 17:00:00,-3.5657654,-1.9144135,299.0796,101880.484,51.75,5.25
2024-08-11 18:00:00,-4.1265564,-2.630539,297.9453,101863.88,51.75,5.25
2024-08-11 19:00:00,-5.002594,-3.361847,295.73074,101832.78,51.75,5.25
2024-08-11 20:00:00,-6.0072327,-3.717987,294.277,101822.086,51.75,5.25
2024-08-11 21:00:00,-6.801468,-3.104538,293.53564,101807.516,51.75,5.25
2024-08-11 22:00:00,-7.264038,-2.0118866,292.6228,101758.55,51.75,5.25
2024-08-11 23:00:00,-7.3351746,-0.9799652,292.12842,101721.266,51.75,5.25
2024-08-12 00:00:00,-7.559387,-0.38156128,291.6322,101664.66,51.75,5.25
2024-08-12 01:00:00,-7.7178955,-0.047561646,291.25842,101603.26,51.75,5.25
2024-08-12 02:00:00,-7.888687,0.0062561035,290.72278,101538.28,51.75,5.25
2024-08-12 03:00:00,-7.8529816,0.32800293,290.45135,101490.484,51.75,5.25
2024-08-12 04:00:00,-7.585541,0.9232788,290.1449,101455.86,51.75,5.25
2024-08-12 05:00:00,-7.3026276,1.1493683,290.26233,101422.73,51.75,5.25
2024-08-12 06:00:00,-7.1460876,0.9142914,291.60883,101377.4,51.75,5.25
2024-08-12 07:00:00,-6.1325073,0.47187805,293.5113,101344.08,51.75,5.25
2024-08-12 08:00:00,-5.7393036,0.6025543,295.38504,101257.375,51.75,5.25
2024-08-12 09:00:00,-5.5104675,1.006958,297.23294,101204.3,51.75,5.25
2024-08-12 10:00:00,-4.888443,0.7636566,298.79706,101141.61,51.75,5.25
2024-08-12 11:00:00,-4.7071075,0.86486816,300.37003,101085.66,51.75,5.25
2024-08-12 12:00:00,-4.798172,1.086029,301.66183,101027.46,51.75,5.25
2024-08-12 13:00:00,-4.687729,1.8590851,302.75415,100969.7,51.75,5.25
2024-08-12 14:00:00,-4.1039734,2.5262604,303.6648,100934.125,51.75,5.25
2024-08-12 15:00:00,-3.447052,2.4504395,304.24683,100896.875,51.75,5.25
2024-08-12 16:00:00,-2.9236908,1.9546967,304.54382,100848.2,51.75,5.25
2024-08-12 17:00:00,-2.5809174,1.3568573,304.34198,100812.05,51.75,5.25
2024-08-12 18:00:00,-3.330429,1.5619049,302.90063,100800.39,51.75,5.25
2024-08-12 19:00:00,-4.3935394,1.832962,299.7395,100772.8,51.75,5.25
2024-08-12 20:00:00,-4.474472,2.9229736,298.09457,100800.96,51.75,5.25
2024-08-12 21:00:00,-3.203888,4.2987366,297.5658,100802.51,51.75,5.25
2024-08-12 22:00:00,-4.5188446,3.2126617,297.09088,100781.46,51.75,5.25
2024-08-12 23:00:00,-3.0335999,3.923767,296.7931,100784.11,51.75,5.25
2024-08-13 00:00:00,1.0957489,3.9612885,296.85303,100783.16,51.75,5.25
2024-08-13 01:00:00,4.208191,2.57341,296.44003,100784.15,51.75,5.25
2024-08-13 02:00:00,4.014099,1.1725769,295.61066,100776.55,51.75,5.25
2024-08-13 03:00:00,4.1481476,1.5259247,294.9471,100812.36,51.75,5.25
2024-08-13 04:00:00,5.0413666,0.88838196,294.66693,100795.86,51.75,5.25
2024-08-13 05:00:00,4.555832,0.27064514,294.26404,100798.38,51.75,5.25
2024-08-13 06:00:00,2.4812012,1.3731232,295.28442,100799.766,51.75,5.25
2024-08-13 07:00:00,1.8213806,2.2318726,296.2683,100856.016,51.75,5.25
2024-08-13 08:00:00,3.131195,1.3357697,297.54083,100909.55,51.75,5.25
2024-08-13 09:00:00,2.953949,0.06690979,298.72525,100919.63,51.75,5.25
2024-08-13 10:00:00,2.7536316,-1.1600647,299.75348,100922.98,51.75,5.25
2024-08-13 11:00:00,2.0101318,-1.5818634,300.6286,100875.79,51.75,5.25
2024-08-13 12:00:00,0.9913788,0.0605011,301.46747,100876.05,51.75,5.25
2024-08-13 13:00:00,1.6998596,1.2682037,302.18454,100816.97,51.75,5.25
2024-08-13 14:00:00,4.670532,1.0481262,302.81592,100937.61,51.75,5.25
2024-08-13 15:00:00,2.840088,-4.334427,302.72668,100812.72,51.75,5.25
2024-08-13 16:00:00,3.3175201,-4.522156,301.75555,100853.22,51.75,5.25
2024-08-13 17:00:00,2.118393,-5.209152,299.76416,100901.41,51.75,5.25
2024-08-13 18:00:00,1.1791229,-3.307724,297.31927,100910.75,51.75,5.25
2024-08-13 19:00:00,1.2756042,-1.875473,295.81665,100966.11,51.75,5.25
2024-08-13 20:00:00,2.6673126,-1.6910553,294.98193,100987.56,51.75,5.25
2024-08-13 21:00:00,3.5299988,-2.394287,294.1313,100985.48,51.75,5.25
2024-08-13 22:00:00,-0.41497803,-2.4696045,293.38342,100915.25,51.75,5.25
2024-08-13 23:00:00,-0.42356873,-3.1078339,292.82596,100971.31,51.75,5.25
2024-08-14 00:00:00,-0.13916016,-3.3931122,292.52136,100978.61,51.75,5.25
2024-08-14 01:00:00,-0.6782074,-2.427887,292.0137,100950.78,51.75,5.25
2024-08-14 02:00:00,-2.6224365,-1.4479675,291.41544,100974.83,51.75,5.25
2024-08-14 03:00:00,-1.642807,-1.7059937,290.97366,101018.16,51.75,5.25
2024-08-14 04:00:00,-0.20559692,-2.520218,291.13177,101004.68,51.75,5.25
2024-08-14 05:00:00,0.9911499,-2.6674347,291.5505,101028.09,51.75,5.25
2024-08-14 06:00:00,1.8128052,-2.2526703,292.20932,101024.91,51.75,5.25
2024-08-14 07:00:00,1.9330292,-1.717514,293.3205,101022.91,51.75,5.25
2024-08-14 08:00:00,1.3488922,-1.326004,293.88904,101056.375,51.75,5.25
2024-08-14 09:00:00,0.41119385,-0.5201111,294.40228,101089.86,51.75,5.25
2024-08-14 10:00:00,1.0219574,-0.27722168,295.76965,101106.44,51.75,5.25
2024-08-14 11:00:00,1.3655396,0.49934387,296.46564,101150.06,51.75,5.25
2024-08-14 12:00:00,2.660614,1.516922,296.6715,101173.84,51.75,5.25
2024-08-14 13:00:00,4.0811462,1.2496338,295.2761,101184.266,51.75,5.25
2024-08-14 14:00:00,4.3987274,-0.5673981,295.21472,101209.516,51.75,5.25
2024-08-14 15:00:00,4.009445,-1.4841766,295.01715,101219.57,51.75,5.25
2024-08-14 16:00:00,3.1747742,-1.8618317,294.8424,101253.375,51.75,5.25
2024-08-14 17:00:00,2.487732,-1.0806427,294.41687,101276.445,51.75,5.25
2024-08-14 18:00:00,3.2327423,-0.8083496,293.9098,101264.445,51.75,5.25
2024-08-14 19:00:00,3.3560486,-0.5919647,293.2509,101297.734,51.75,5.25
2024-08-14 20:00:00,3.152542,-0.49925232,292.44666,101368.03,51.75,5.25
2024-08-14 21:00:00,3.1522522,-0.40631104,291.9032,101411.48,51.75,5.25
2024-08-14 22:00:00,4.2300415,0.84106445,291.7234,101440.375,51.75,5.25
2024-08-14 23:00:00,5.4132385,0.7796478,291.45807,101494.52,51.75,5.25
2024-08-15 00:00:00,5.558029,0.7841797,290.79773,101501.195,51.75,5.25
2024-08-15 01:00:00,5.9642334,0.35806274,290.51205,101527.48,51.75,5.25
2024-08-15 02:00:00,5.5961,-0.18315125,290.1687,101521.03,51.75,5.25
2024-08-15 03:00:00,4.7259216,-0.09687805,290.38846,101506.05,51.75,5.25
2024-08-15 04:00:00,4.717987,0.64611816,290.27686,101531.34,51.75,5.25
2024-08-15 05:00:00,4.9177246,1.0584564,290.5641,101565.8,51.75,5.25
2024-08-15 06:00:00,4.38739,1.6320648,291.05453,101618.984,51.75,5.25
2024-08-15 07:00:00,3.2615967,2.552246,291.48663,101652.766,51.75,5.25
2024-08-15 08:00:00,3.0135498,3.1349335,292.71625,101677.195,51.75,5.25
2024-08-15 09:00:00,3.3883514,3.4640045,294.50598,101669.87,51.75,5.25
2024-08-15 10:00:00,3.1053467,3.3533936,296.3683,101633.84,51.75,5.25
2024-08-15 11:00:00,3.6132507,4.392441,296.7566,101577.09,51.75,5.25
2024-08-15 12:00:00,5.093292,5.414505,297.28976,101561.125,51.75,5.25
2024-08-15 13:00:00,5.997101,5.7835236,297.78656,101550.97,51.75,5.25
2024-08-15 14:00:00,5.6719055,5.4554443,298.25507,101525.8,51.75,5.25
2024-08-15 15:00:00,5.30249,5.207123,298.49924,101495.66,51.75,5.25
2024-08-15 16:00:00,5.4181366,4.886032,298.35028,101442.33,51.75,5.25
2024-08-15 17:00:00,5.2829895,4.47641,297.83884,101395.55,51.75,5.25
2024-08-15 18:00:00,5.3904266,4.3709717,296.7592,101394.55,51.75,5.25
2024-08-15 19:00:00,6.1317444,3.5103302,294.9434,101433.234,51.75,5.25
2024-08-15 20:00:00,6.6516724,2.745041,293.66068,101494.2,51.75,5.25
2024-08-15 21:00:00,6.5857086,3.2207184,292.73782,101511.516,51.75,5.25
2024-08-15 22:00:00,6.606369,4.239456,292.67004,101514.96,51.75,5.25
2024-08-15 23:00:00,6.2959595,4.747116,292.36487,101502.15,51.75,5.25
2024-08-16 00:00:00,6.0937653,5.146698,292.3139,101489.875,51.75,5.25
2024-08-16 01:00:00,5.993805,5.3096924,292.3681,101467.484,51.75,5.25
2024-08-16 02:00:00,5.69252,5.5013123,292.3532,101444.78,51.75,5.25
2024-08-16 03:00:00,5.339676,5.6986847,292.4284,101386.945,51.75,5.25
2024-08-16 04:00:00,5.445404,5.5754547,292.2495,101364.8,51.75,5.25
2024-08-16 05:00:00,5.7243805,5.307251,292.31708,101346.55,51.75,5.25
2024-08-16 06:00:00,5.5466156,5.2175903,292.67276,101373.99,51.75,5.25
2024-08-16 07:00:00,4.9877167,5.3740387,292.74402,101399.75,51.75,5.25
2024-08-16 08:00:00,4.577179,5.783615,292.6234,101443.97,51.75,5.25
2024-08-16 09:00:00,4.643219,6.013962,292.8933,101451.95,51.75,5.25
2024-08-16 10:00:00,4.3773956,4.943222,292.58533,101457.58,51.75,5.25
2024-08-16 11:00:00,4.1782837,4.932007,292.49475,101488.17,51.75,5.25
2024-08-16 12:00:00,4.356598,4.3774567,293.16498,101494.74,51.75,5.25
2024-08-16 13:00:00,3.8286743,3.490326,293.56662,101458.34,51.75,5.25
2024-08-16 14:00:00,3.9236603,2.9733887,294.19757,101466.64,51.75,5.25
2024-08-16 15:00:00,3.4188843,2.0105896,294.85468,101441.484,51.75,5.25
2024-08-16 16:00:00,3.9339752,1.4027405,294.61157,101435.0,51.75,5.25
2024-08-16 17:00:00,4.1795654,0.5384369,293.9806,101384.445,51.75,5.25
2024-08-16 18:00:00,3.2707214,-0.6046295,293.13702,101383.72,51.75,5.25
2024-08-16 19:00:00,2.1881256,-1.2841644,292.54382,101385.914,51.75,5.25
2024-08-16 20:00:00,1.281662,-1.6724701,292.26282,101405.72,51.75,5.25
2024-08-16 21:00:00,0.658432,-1.9595337,291.72467,101387.22,51.75,5.25
2024-08-16 22:00:00,0.884079,-2.574112,291.5893,101378.6,51.75,5.25
2024-08-16 23:00:00,0.0861969,-2.4158325,291.45422,101373.65,51.75,5.25
2024-08-17 00:00:00,-0.5940094,-2.392807,291.17,101325.19,51.75,5.25
2024-08-17 01:00:00,-0.38500977,-2.9852905,290.92664,101277.75,51.75,5.25
2024-08-17 02:00:00,0.12408447,-3.7847595,290.58105,101273.94,51.75,5.25
2024-08-17 03:00:00,0.56552124,-4.473648,289.958,101278.875,51.75,5.25
2024-08-17 04:00:00,-0.11000061,-5.002365,289.59668,101281.95,51.75,5.25
2024-08-17 05:00:00,-0.65078735,-4.901581,289.32806,101272.1,51.75,5.25
2024-08-17 06:00:00,-0.6313782,-4.27861,289.66266,101303.14,51.75,5.25
2024-08-17 07:00:00,-0.6508179,-3.010971,290.74817,101333.97,51.75,5.25
2024-08-17 08:00:00,-0.5342102,-2.3581543,291.7154,101363.28,51.75,5.25
2024-08-17 09:00:00,-0.29943848,-2.1217346,292.81143,101392.94,51.75,5.25
2024-08-17 10:00:00,-0.48312378,-0.76771545,293.84857,101397.59,51.75,5.25
2024-08-17 11:00:00,0.20289612,-0.8921051,294.61844,101363.87,51.75,5.25
2024-08-17 12:00:00,0.6529541,-1.3454132,295.38593,101321.164,51.75,5.25
2024-08-17 13:00:00,0.5424347,-1.6510468,295.86902,101320.22,51.75,5.25
2024-08-17 14:00:00,-0.14038086,-1.8979187,296.2252,101275.2,51.75,5.25
2024-08-17 15:00:00,-0.67910767,-2.0013123,296.16998,101217.07,51.75,5.25
2024-08-17 16:00:00,-1.0334167,-1.7453766,295.68048,101208.17,51.75,5.25
2024-08-17 17:00:00,-1.5413055,-1.5473022,295.40265,101177.81,51.75,5.25
2024-08-17 18:00:00,-2.2726746,-1.7729645,294.2792,101144.64,51.75,5.25
2024-08-17 19:00:00,-3.2230835,-1.9738007,292.40192,101150.22,51.75,5.25
2024-08-17 20:00:00,-4.1129,-1.5966034,291.6427,101138.53,51.75,5.25
2024-08-17 21:00:00,-4.8246765,-0.7922058,291.18567,101148.555,51.75,5.25
2024-08-17 22:00:00,-3.5841064,-0.035491943,290.8861,101107.375,51.75,5.25
2024-08-17 23:00:00,-3.8787231,-0.3647766,290.21674,101070.39,51.75,5.25
2024-08-18 00:00:00,-4.4221344,-0.49267578,289.96542,101032.91,51.75,5.25
2024-08-18 01:00:00,-3.7513275,-0.44050598,289.52808,101011.484,51.75,5.25
2024-08-18 02:00:00,-3.1198425,-0.2912445,289.1799,100983.44,51.75,5.25
2024-08-18 03:00:00,-1.9202576,-0.2725067,289.33936,100965.46,51.75,5.25
2024-08-18 04:00:00,-1.4289398,-0.65641785,288.98688,100969.016,51.75,5.25
2024-08-18 05:00:00,-1.9093933,-0.49795532,288.76636,100975.695,51.75,5.25
2024-08-18 06:00:00,-2.3724213,-0.01852417,289.64777,101005.81,51.75,5.25
2024-08-18 07:00:00,-0.9286957,0.0337677,290.97815,101036.14,51.75,5.25
2024-08-18 08:00:00,0.7085571,-0.21166992,292.30457,101078.664,51.75,5.25
2024-08-18 09:00:00,1.6963654,-0.78692627,293.8426,101108.016,51.75,5.25
2024-08-18 10:00:00,1.5956879,-2.3329773,294.686,101120.7,51.75,5.25
2024-08-18 11:00:00,2.2303467,-3.1187744,294.92468,101154.9,51.75,5.25
2024-08-18 12:00:00,2.7453918,-3.496994,295.31134,101170.266,51.75,5.25
2024-08-18 13:00:00,3.2611084,-3.8242645,295.54944,101198.0,51.75,5.25
2024-08-18 14:00:00,3.6361084,-4.0077667,295.73572,101225.23,51.75,5.25
2024-08-18 15:00:00,4.032608,-4.1971283,295.22833,101269.766,51.75,5.25
2024-08-18 16:00:00,4.280533,-4.5487213,294.40817,101328.29,51.75,5.25
2024-08-18 17:00:00,4.5914764,-4.770645,293.5871,101385.94,51.75,5.25
2024-08-18 18:00:00,4.6324463,-4.7379303,292.40985,101444.79,51.75,5.25
2024-08-18 19:00:00,4.2137756,-4.263733,290.655,101551.74,51.75,5.25
2024-08-18 20:00:00,3.6305695,-3.6192627,289.10947,101608.45,51.75,5.25
2024-08-18 21:00:00,3.474533,-3.2948608,287.91418,101675.17,51.75,5.25
2024-08-18 22:00:00,2.4812164,-3.073349,287.88785,101695.45,51.75,5.25
2024-08-18 23:00:00,2.7326202,-2.3770142,286.451,101721.75,51.75,5.25
2024-08-19 00:00:00,2.7649078,-1.7273712,285.66357,101749.66,51.75,5.25
2024-08-19 01:00:00,2.7943268,-0.9748535,285.00073,101766.375,51.75,5.25
2024-08-19 02:00:00,2.5480804,-0.12315369,285.0919,101806.125,51.75,5.25
2024-08-19 03:00:00,2.2208252,0.92611694,285.36383,101755.875,51.75,5.25
2024-08-19 04:00:00,1.77594,1.8384705,284.3686,101770.83,51.75,5.25
2024-08-19 05:00:00,1.3769989,2.7006836,284.19882,101802.89,51.75,5.25
2024-08-19 06:00:00,1.2545929,3.118805,286.42065,101804.05,51.75,5.25
2024-08-19 07:00:00,0.8349304,2.4759674,289.03406,101852.766,51.75,5.25
2024-08-19 08:00:00,0.554657,2.74411,291.30844,101871.375,51.75,5.25
2024-08-19 09:00:00,0.35177612,3.3481903,292.56995,101856.87,51.75,5.25
2024-08-19 10:00:00,0.027038574,3.396408,293.59482,101865.74,51.75,5.25
2024-08-19 11:00:00,-0.1466217,3.062912,294.3043,101832.84,51.75,5.25
2024-08-19 12:00:00,-0.08381653,2.93602,294.97205,101817.766,51.75,5.25
2024-08-19 13:00:00,-0.3026886,2.6016083,295.3888,101771.39,51.75,5.25
2024-08-19 14:00:00,-0.3436432,2.6313477,295.7634,101756.16,51.75,5.25
2024-08-19 15:00:00,-0.3809967,2.8255463,295.81754,101648.54,51.75,5.25
2024-08-19 16:00:00,-0.9453125,3.4368744,295.5384,101631.43,51.75,5.25
2024-08-19 17:00:00,-0.9164276,3.6813354,294.84283,101564.1,51.75,5.25
2024-08-19 18:00:00,-1.0462494,3.7783356,293.5,101586.42,51.75,5.25
2024-08-19 19:00:00,-1.5751038,4.1383057,291.05957,101537.805,51.75,5.25
2024-08-19 20:00:00,-1.5053864,5.0000153,289.97656,101510.555,51.75,5.25
2024-08-19 21:00:00,-0.4676056,5.8320465,289.73257,101487.61,51.75,5.25
2024-08-19 22:00:00,1.1508636,5.8743286,289.14844,101461.99,51.75,5.25
2024-08-19 23:00:00,1.6700592,5.942871,289.10938,101428.52,51.75,5.25
2024-08-20 00:00:00,2.170456,5.886734,289.20865,101387.5,51.75,5.25
2024-08-20 01:00:00,2.1164398,5.9941406,288.833,101360.0,51.75,5.25
2024-08-20 02:00:00,1.280777,6.498398,288.6568,101307.28,51.75,5.25
2024-08-20 03:00:00,0.83644104,6.9793243,288.4251,101255.61,51.75,5.25
2024-08-20 04:00:00,1.0987091,7.093994,288.08612,101217.8,51.75,5.25
2024-08-20 05:00:00,1.205246,7.1601105,288.03015,101200.04,51.75,5.25
2024-08-20 06:00:00,1.1218872,7.0629425,288.69873,101188.664,51.75,5.25
2024-08-20 07:00:00,0.9565735,6.2976227,290.2783,101186.42,51.75,5.25
2024-08-20 08:00:00,1.366684,6.1220703,291.8816,101161.805,51.75,5.25
2024-08-20 09:00:00,2.0750122,6.0175323,293.52185,101136.94,51.75,5.25
2024-08-20 10:00:00,3.7795563,6.231827,294.77356,101119.42,51.75,5.25
2024-08-20 11:00:00,3.091919,6.169327,295.8462,101056.02,51.75,5.25
2024-08-20 12:00:00,2.994934,6.220291,296.3465,101001.45,51.75,5.25
2024-08-20 13:00:00,2.8707886,6.343933,296.68304,100963.484,51.75,5.25
2024-08-20 14:00:00,3.256256,5.369446,296.17206,100935.75,51.75,5.25
2024-08-20 15:00:00,4.854553,3.8226929,295.08533,100909.66,51.75,5.25
2024-08-20 16:00:00,5.8971863,3.1703644,294.4459,100921.484,51.75,5.25
2024-08-20 17:00:00,5.1279144,3.5169678,293.40128,100895.15,51.75,5.25
2024-08-20 18:00:00,4.88208,3.6447449,292.20636,100868.125,51.75,5.25
2024-08-20 19:00:00,5.870041,2.684494,291.22662,100889.75,51.75,5.25
2024-08-20 20:00:00,7.584915,2.0245972,291.06378,100932.67,51.75,5.25
2024-08-20 21:00:00,7.392105,1.7039337,290.41458,100949.914,51.75,5.25
2024-08-20 22:00:00,6.4842987,-1.6272736,289.57037,101031.67,51.75,5.25
2024-08-20 23:00:00,6.170334,-1.9072876,288.79535,101142.78,51.75,5.25
2024-08-21 00:00:00,5.385788,-1.477005,288.04407,101166.76,51.75,5.25
2024-08-21 01:00:00,5.8802185,-0.16667175,287.6214,101200.87,51.75,5.25
2024-08-21 02:00:00,6.4952545,1.3705902,287.03607,101247.89,51.75,5.25
2024-08-21 03:00:00,6.970703,1.7423248,286.82507,101295.61,51.75,5.25
2024-08-21 04:00:00,7.5987396,1.0334625,286.4049,101335.64,51.75,5.25
2024-08-21 05:00:00,7.7504883,0.457489,286.28256,101389.72,51.75,5.25
2024-08-21 06:00:00,7.397644,0.4560089,287.33392,101495.99,51.75,5.25
2024-08-21 07:00:00,6.3350677,1.2954712,288.85748,101517.38,51.75,5.25
2024-08-21 08:00:00,8.065079,0.24879456,289.85498,101606.55,51.75,5.25
2024-08-21 09:00:00,8.6714325,0.100479126,290.46423,101663.75,51.75,5.25
2024-08-21 10:00:00,7.7993317,0.18826294,291.25916,101672.77,51.75,5.25
2024-08-21 11:00:00,8.754669,0.12263489,291.54358,101733.97,51.75,5.25
2024-08-21 12:00:00,8.623474,0.6075134,291.69083,101747.53,51.75,5.25
2024-08-21 13:00:00,8.48465,1.2793121,292.24756,101754.03,51.75,5.25
2024-08-21 14:00:00,8.577911,1.5709381,292.28522,101775.14,51.75,5.25
2024-08-21 15:00:00,8.015305,1.744812,291.98843,101749.94,51.75,5.25
2024-08-21 16:00:00,7.4764557,1.3947601,291.6636,101715.34,51.75,5.25
2024-08-21 17:00:00,6.0541534,1.1646729,291.48575,101702.53,51.75,5.25
2024-08-21 18:00:00,4.442169,1.5964813,290.69965,101670.45,51.75,5.25
2024-08-21 19:00:00,3.278717,3.046341,288.83667,101658.94,51.75,5.25
2024-08-21 20:00:00,3.4103546,4.335373,287.84512,101662.5,51.75,5.25
2024-08-21 21:00:00,4.280365,4.8465576,287.52338,101632.74,51.75,5.25
2024-08-21 22:00:00,5.77742,5.2737885,287.30728,101603.086,51.75,5.25
2024-08-21 23:00:00,6.1108093,4.9624176,286.9001,101560.64,51.75,5.25
2024-08-22 00:00:00,5.7745514,4.7980194,286.7031,101525.45,51.75,5.25
2024-08-22 01:00:00,5.0513916,5.1604767,286.2771,101458.12,51.75,5.25
2024-08-22 02:00:00,4.2645416,6.066559,286.1648,101389.11,51.75,5.25
2024-08-22 03:00:00,4.0314026,6.735367,286.1093,101338.78,51.75,5.25
2024-08-22 04:00:00,3.7105408,7.441498,286.36713,101278.45,51.75,5.25
2024-08-22 05:00:00,3.7510986,7.7140045,286.4791,101231.93,51.75,5.25
2024-08-22 06:00:00,3.6732025,8.007446,287.15704,101201.84,51.75,5.25
2024-08-22 07:00:00,2.9669495,7.8771973,288.77655,101172.22,51.75,5.25
2024-08-22 08:00:00,3.7937927,8.033844,290.69952,101139.22,51.75,5.25
2024-08-22 09:00:00,4.9782257,8.711975,292.36285,101102.445,51.75,5.25
2024-08-22 10:00:00,4.93927,8.4183655,293.53854,101053.45,51.75,5.25
2024-08-22 11:00:00,5.195984,8.726196,294.3676,100983.0,51.75,5.25
2024-08-22 12:00:00,4.5103607,8.761444,294.8714,100925.58,51.75,5.25
2024-08-22 13:00:00,4.9231567,8.824387,295.57242,100895.18,51.75,5.25
2024-08-22 14:00:00,5.1231995,8.639435,295.80377,100842.75,51.75,5.25
2024-08-22 15:00:00,5.82341,7.5790405,295.71667,100815.09,51.75,5.25
2024-08-22 16:00:00,5.13472,7.2134094,295.7104,100766.0,51.75,5.25
2024-08-22 17:00:00,5.4125214,7.224869,295.4253,100729.81,51.75,5.25
2024-08-22 18:00:00,5.7833405,6.726364,295.07016,100740.695,51.75,5.25
2024-08-22 19:00:00,5.3473206,6.2148285,294.29333,100727.31,51.75,5.25
2024-08-22 20:00:00,4.521744,6.338089,293.61407,100745.64,51.75,5.25
2024-08-22 21:00:00,3.9448395,6.3776855,293.11154,100732.14,51.75,5.25
2024-08-22 22:00:00,3.4972382,7.271988,292.9171,100691.31,51.75,5.25
2024-08-22 23:00:00,3.7376251,7.7347107,292.6597,100637.49,51.75,5.25
2024-08-23 00:00:00,3.7084656,8.269699,292.5573,100594.39,51.75,5.25
2024-08-23 01:00:00,3.6300354,8.864365,292.3095,100542.97,51.75,5.25
2024-08-23 02:00:00,3.9514313,9.293091,292.12994,100480.71,51.75,5.25
2024-08-23 03:00:00,4.6763306,9.423416,291.76044,100436.84,51.75,5.25
2024-08-23 04:00:00,5.007889,9.66153,291.68805,100385.984,51.75,5.25
2024-08-23 05:00:00,4.6602783,9.86377,291.7851,100336.625,51.75,5.25
2024-08-23 06:00:00,4.875244,10.248016,291.9383,100326.56,51.75,5.25
2024-08-23 07:00:00,4.566986,10.371994,292.57642,100326.51,51.75,5.25
2024-08-23 08:00:00,4.9129944,10.825928,293.53888,100352.81,51.75,5.25
2024-08-23 09:00:00,9.833252,12.13295,294.11426,100385.0,51.75,5.25
2024-08-23 10:00:00,9.991699,10.019028,294.51382,100455.19,51.75,5.25
2024-08-23 11:00:00,9.579376,9.021317,294.193,100506.85,51.75,5.25
2024-08-23 12:00:00,9.793808,7.8927155,294.0005,100605.234,51.75,5.25
2024-08-23 13:00:00,9.629913,6.611038,294.16254,100681.266,51.75,5.25
2024-08-23 14:00:00,8.241409,6.1155396,294.8311,100711.91,51.75,5.25
2024-08-23 15:00:00,7.845169,5.180954,295.22464,100767.31,51.75,5.25
2024-08-23 16:00:00,7.7572327,4.0325623,295.22284,100815.17,51.75,5.25
2024-08-23 17:00:00,6.979492,2.8590698,294.8454,100831.0,51.75,5.25
2024-08-23 18:00:00,5.3891144,2.2488403,293.6657,100867.75,51.75,5.25
2024-08-23 19:00:00,3.9354095,2.721222,290.77606,100914.56,51.75,5.25
2024-08-23 20:00:00,3.6204681,3.768402,289.8222,100970.25,51.75,5.25
2024-08-23 21:00:00,3.5848236,4.638138,290.253,100981.0,51.75,5.25
2024-08-23 22:00:00,4.493408,4.710861,289.90063,100991.414,51.75,5.25
2024-08-23 23:00:00,4.607071,5.0450287,289.64886,100977.125,51.75,5.25
2024-08-24 00:00:00,3.8098907,5.729309,289.63995,100967.44,51.75,5.25
2024-08-24 01:00:00,3.0529938,6.0923157,289.23602,100948.91,51.75,5.25
2024-08-24 02:00:00,1.6254425,6.507538,288.9777,100892.125,51.75,5.25
2024-08-24 03:00:00,0.21925354,6.987808,289.3652,100852.57,51.75,5.25
2024-08-24 04:00:00,-0.8167267,6.853836,289.8731,100793.7,51.75,5.25
2024-08-24 05:00:00,-1.7076721,7.350586,290.5462,100733.3,51.75,5.25
2024-08-24 06:00:00,-1.0462646,8.584213,291.2965,100716.03,51.75,5.25
2024-08-24 07:00:00,-0.5969696,9.030869,292.49295,100663.97,51.75,5.25
2024-08-24 08:00:00,0.99557495,9.92514,293.95734,100647.266,51.75,5.25
2024-08-24 09:00:00,3.8419647,11.038788,295.27246,100616.16,51.75,5.25
2024-08-24 10:00:00,2.0498047,10.104782,296.7116,100569.0,51.75,5.25
2024-08-24 11:00:00,2.2092285,11.346619,297.59265,100476.56,51.75,5.25
2024-08-24 12:00:00,2.2333984,10.748291,298.84097,100407.586,51.75,5.25
2024-08-24 13:00:00,3.6602173,9.700989,299.808,100362.45,51.75,5.25
2024-08-24 14:00:00,4.337677,6.5617065,300.3669,100357.125,51.75,5.25
2024-08-24 15:00:00,4.087509,5.8392487,300.41272,100388.055,51.75,5.25
2024-08-24 16:00:00,2.0854034,4.31073,298.82828,100295.86,51.75,5.25
2024-08-24 17:00:00,3.5382538,5.1223755,294.48026,100283.04,51.75,5.25
2024-08-24 18:00:00,9.388046,4.4267426,292.10092,100372.266,51.75,5.25
2024-08-24 19:00:00,9.673538,0.15100098,290.72284,100472.3,51.75,5.25
2024-08-24 20:00:00,7.7163086,3.3739777,290.18097,100594.17,51.75,5.25
2024-08-24 21:00:00,6.4266357,7.570389,290.23706,100670.234,51.75,5.25
2024-08-24 22:00:00,8.666763,6.360428,289.35144,100772.82,51.75,5.25
2024-08-24 23:00:00,10.019272,3.1416779,289.3594,100890.68,51.75,5.25
2024-08-25 00:00:00,9.680908,2.1616058,289.3263,101066.66,51.75,5.25
2024-08-25 01:00:00,9.132416,1.7667084,288.63898,101166.766,51.75,5.25
2024-08-25 02:00:00,8.322159,1.9335175,287.8704,101283.016,51.75,5.25
2024-08-25 03:00:00,7.3539734,2.7559662,287.37317,101385.11,51.75,5.25
2024-08-25 04:00:00,6.886612,3.8279572,286.9853,101514.8,51.75,5.25
2024-08-25 05:00:00,7.0867767,4.0630646,286.5878,101611.44,51.75,5.25
2024-08-25 06:00:00,6.4541473,4.3274994,287.19614,101752.375,51.75,5.25
2024-08-25 07:00:00,6.2631683,4.5650024,288.43738,101829.03,51.75,5.25
2024-08-25 08:00:00,7.3449707,3.81781,289.71466,101906.17,51.75,5.25
2024-08-25 09:00:00,7.5953674,3.4308472,290.60236,101982.695,51.75,5.25
2024-08-25 10:00:00,5.609482,3.5582123,291.22556,102031.14,51.75,5.25
2024-08-25 11:00:00,5.3918,3.9891968,291.62476,102059.195,51.75,5.25
2024-08-25 12:00:00,5.424652,4.067154,292.48892,102066.914,51.75,5.25
2024-08-25 13:00:00,5.587265,4.035736,293.1101,102068.47,51.75,5.25
2024-08-25 14:00:00,5.5635376,4.090164,293.12802,102074.125,51.75,5.25
2024-08-25 15:00:00,5.2690277,4.183487,292.64648,102064.18,51.75,5.25
2024-08-25 16:00:00,4.953369,4.180084,292.5932,102061.375,51.75,5.25
2024-08-25 17:00:00,4.060547,4.10408,292.03848,102043.586,51.75,5.25
2024-08-25 18:00:00,3.564392,4.460037,291.00293,102035.016,51.75,5.25
2024-08-25 19:00:00,3.1996613,4.9795837,289.20312,102052.86,51.75,5.25
2024-08-25 20:00:00,3.138321,5.563217,288.01044,102070.39,51.75,5.25
2024-08-25 21:00:00,3.3358154,5.9884033,287.73712,102081.484,51.75,5.25
2024-08-25 22:00:00,4.573761,6.0049286,286.93274,102074.56,51.75,5.25
2024-08-25 23:00:00,4.954254,5.8788757,286.7301,102080.09,51.75,5.25
2024-08-26 00:00:00,4.89624,6.1273193,286.54846,102066.53,51.75,5.25
2024-08-26 01:00:00,4.6854706,6.3404083,286.49884,102068.19,51.75,5.25
2024-08-26 02:00:00,4.461899,6.460556,286.08698,102052.625,51.75,5.25
2024-08-26 03:00:00,4.3511963,6.3084564,285.85498,102036.67,51.75,5.25
2024-08-26 04:00:00,4.0635376,6.1574097,286.0733,102047.84,51.75,5.25
2024-08-26 05:00:00,3.796051,6.0051117,286.20822,102056.3,51.75,5.25
2024-08-26 06:00:00,3.9109192,5.7946625,286.99103,102081.03,51.75,5.25
2024-08-26 07:00:00,3.3311005,5.2909546,288.4834,102092.2,51.75,5.25
2024-08-26 08:00:00,3.8081512,5.1743164,289.81598,102120.48,51.75,5.25
2024-08-26 09:00:00,5.537674,4.859741,291.4427,102138.945,51.75,5.25
2024-08-26 10:00:00,5.535782,3.7175446,292.41434,102158.25,51.75,5.25
2024-08-26 11:00:00,4.82724,4.061722,293.07257,102143.086,51.75,5.25
2024-08-26 12:00:00,4.6828613,4.0001526,293.71506,102133.91,51.75,5.25
2024-08-26 13:00:00,4.8255005,3.9057922,293.97745,102143.67,51.75,5.25
2024-08-26 14:00:00,4.6216125,3.6579132,294.30817,102142.34,51.75,5.25
2024-08-26 15:00:00,4.3636475,3.7180023,294.27954,102118.766,51.75,5.25
2024-08-26 16:00:00,3.8604736,3.25177,294.22128,102120.37,51.75,5.25
2024-08-26 17:00:00,2.7183075,3.0601654,293.74768,102098.78,51.75,5.25
2024-08-26 18:00:00,1.5947113,3.4868622,292.49036,102106.28,51.75,5.25
2024-08-26 19:00:00,1.5001373,3.6233826,289.48767,102149.47,51.75,5.25
2024-08-26 20:00:00,1.4454193,3.618103,288.04956,102184.5,51.75,5.25
2024-08-26 21:00:00,1.122467,4.01178,288.1593,102205.58,51.75,5.25
2024-08-26 22:00:00,1.0436707,5.40448,287.4715,102200.2,51.75,5.25
2024-08-26 23:00:00,1.8301697,5.4960175,286.9669,102205.61,51.75,5.25
2024-08-27 00:00:00,2.758606,5.128067,286.59515,102216.88,51.75,5.25
2024-08-27 01:00:00,2.9670563,4.5226135,286.04333,102205.8,51.75,5.25
2024-08-27 02:00:00,2.600296,4.0296173,285.72327,102198.55,51.75,5.25
2024-08-27 03:00:00,2.0194702,3.6109314,285.36804,102184.5,51.75,5.25
2024-08-27 04:00:00,1.0143127,3.540512,285.169,102165.47,51.75,5.25
2024-08-27 05:00:00,-0.013549805,3.7567139,284.989,102164.734,51.75,5.25
2024-08-27 06:00:00,-0.7549896,3.881546,286.5423,102181.41,51.75,5.25
2024-08-27 07:00:00,-1.3127136,3.4595184,289.23334,102198.875,51.75,5.25
2024-08-27 08:00:00,-1.5272064,2.1452637,291.81577,102197.04,51.75,5.25
2024-08-27 09:00:00,-1.8095398,1.8927002,293.56897,102174.97,51.75,5.25
2024-08-27 10:00:00,-2.4031372,1.729248,294.8939,102146.75,51.75,5.25
2024-08-27 11:00:00,-2.3236237,2.4314728,295.8534,102101.47,51.75,5.25
2024-08-27 12:00:00,-1.9244537,2.9545898,296.7207,102048.36,51.75,5.25
2024-08-27 13:00:00,-1.6562195,2.984375,297.22995,102015.44,51.75,5.25
2024-08-27 14:00:00,-1.9878998,2.8827362,297.6772,101973.94,51.75,5.25
2024-08-27 15:00:00,-2.247223,2.7350311,297.8144,101893.28,51.75,5.25
2024-08-27 16:00:00,-2.3401337,2.427475,297.74258,101845.55,51.75,5.25
2024-08-27 17:00:00,-2.598114,1.6607666,297.0693,101802.125,51.75,5.25
2024-08-27 18:00:00,-3.4243317,1.0986176,295.18494,101771.55,51.75,5.25
2024-08-27 19:00:00,-4.2847443,1.1687164,291.91486,101801.52,51.75,5.25
2024-08-27 20:00:00,-4.878769,1.9071198,290.38348,101812.47,51.75,5.25
2024-08-27 21:00:00,-5.0746765,2.5904999,289.59167,101810.87,51.75,5.25
2024-08-27 22:00:00,-5.206787,2.267929,288.96906,101805.51,51.75,5.25
2024-08-27 23:00:00,-4.2830353,2.6526337,288.27655,101778.8,51.75,5.25
2024-08-28 00:00:00,-3.4129944,2.6133423,287.50098,101750.234,51.75,5.25
2024-08-28 01:00:00,-2.7713013,2.3153381,287.05292,101702.86,51.75,5.25
2024-08-28 02:00:00,-2.7252197,2.052475,286.6523,101666.58,51.75,5.25
2024-08-28 03:00:00,-3.1236572,2.2921295,286.61444,101643.11,51.75,5.25
2024-08-28 04:00:00,-3.7122498,2.3700562,286.46228,101603.17,51.75,5.25
2024-08-28 05:00:00,-4.2763977,2.6020813,286.23907,101592.05,51.75,5.25
2024-08-28 06:00:00,-4.1520996,2.5389404,288.4349,101614.75,51.75,5.25
2024-08-28 07:00:00,-3.7493591,1.9138641,291.5517,101609.31,51.75,5.25
2024-08-28 08:00:00,-3.357132,1.3089752,293.9088,101578.17,51.75,5.25
2024-08-28 09:00:00,-3.5016174,1.7027435,296.07428,101546.66,51.75,5.25
2024-08-28 10:00:00,-3.172226,1.4052429,297.85403,101513.51,51.75,5.25
2024-08-28 11:00:00,-3.0356598,1.8528442,299.31958,101473.47,51.75,5.25
2024-08-28 12:00:00,-2.612503,2.4520874,300.35367,101426.14,51.75,5.25
2024-08-28 13:00:00,-2.4784546,3.2153778,301.1479,101368.734,51.75,5.25
2024-08-28 14:00:00,-2.1952362,3.8469543,301.68243,101317.484,51.75,5.25
2024-08-28 15:00:00,-1.1269684,4.2694397,301.96045,101271.766,51.75,5.25
2024-08-28 16:00:00,-0.28424072,3.8307343,301.8236,101238.016,51.75,5.25
2024-08-28 17:00:00,0.16137695,3.5709229,301.20078,101221.055,51.75,5.25
2024-08-28 18:00:00,0.5261078,3.871048,298.76874,101210.56,51.75,5.25
2024-08-28 19:00:00,0.86279297,4.453949,295.2824,101231.03,51.75,5.25
2024-08-28 20:00:00,1.2401886,4.862137,293.93,101259.125,51.75,5.25
2024-08-28 21:00:00,1.4474945,5.142166,293.0396,101257.02,51.75,5.25
2024-08-28 22:00:00,1.0348663,5.403412,292.75568,101245.46,51.75,5.25
2024-08-28 23:00:00,1.3424988,5.9071655,292.5545,101245.89,51.75,5.25
2024-08-29 00:00:00,2.170044,6.0506287,292.17517,101271.81,51.75,5.25
2024-08-29 01:00:00,2.887558,5.7501984,291.72247,101275.44,51.75,5.25
2024-08-29 02:00:00,3.2965088,5.2148743,291.47015,101290.95,51.75,5.25
2024-08-29 03:00:00,3.7532654,4.553314,290.99963,101306.78,51.75,5.25
2024-08-29 04:00:00,4.381851,3.2877808,290.45316,101327.36,51.75,5.25
2024-08-29 05:00:00,4.250229,2.0215912,290.2594,101347.19,51.75,5.25
2024-08-29 06:00:00,4.1398926,1.6238861,291.62155,101407.92,51.75,5.25
2024-08-29 07:00:00,3.6822968,0.99720764,293.69254,101439.84,51.75,5.25
2024-08-29 08:00:00,3.4187775,0.3496704,295.42474,101485.07,51.75,5.25
2024-08-29 09:00:00,3.5543213,0.17010498,296.612,101540.516,51.75,5.25
2024-08-29 10:00:00,4.3493195,-0.736145,297.4811,101589.93,51.75,5.25
2024-08-29 11:00:00,4.5418243,-1.123169,298.14163,101604.14,51.75,5.25
2024-08-29 12:00:00,4.8606415,-1.3679199,298.38394,101628.31,51.75,5.25
2024-08-29 13:00:00,5.15361,-1.6814728,298.17737,101702.516,51.75,5.25
2024-08-29 14:00:00,5.0087433,-2.1672668,297.48212,101723.49,51.75,5.25
2024-08-29 15:00:00,4.996887,-2.890564,296.72168,101758.41,51.75,5.25
2024-08-29 16:00:00,4.478058,-3.1994019,296.05084,101794.52,51.75,5.25
2024-08-29 17:00:00,4.058655,-3.2822113,294.90265,101843.875,51.75,5.25
2024-08-29 18:00:00,4.034622,-3.4504242,293.4887,101895.5,51.75,5.25
2024-08-29 19:00:00,3.2627869,-4.041931,291.78027,101962.2,51.75,5.25
2024-08-29 20:00:00,2.1480713,-4.515991,290.60294,101986.01,51.75,5.25
2024-08-29 21:00:00,1.1743469,-4.661911,289.78174,101984.39,51.75,5.25
2024-08-29 22:00:00,0.0335083,-4.975586,289.36652,102002.53,51.75,5.25
2024-08-29 23:00:00,-0.7851105,-3.4326172,288.89557,102028.625,51.75,5.25
2024-08-30 00:00:00,-0.59713745,-2.6749725,288.57013,102060.984,51.75,5.25
2024-08-30 01:00:00,0.11846924,-2.755951,288.21793,102085.8,51.75,5.25
2024-08-30 02:00:00,-0.3625946,-2.8716583,288.21423,102119.71,51.75,5.25
2024-08-30 03:00:00,-2.0735626,-2.7126617,288.18457,102075.94,51.75,5.25
2024-08-30 04:00:00,-2.6204834,-2.107727,288.51086,102070.72,51.75,5.25
2024-08-30 05:00:00,-2.35701,-1.4412079,288.4411,102109.516,51.75,5.25
2024-08-30 06:00:00,-2.213501,-1.4717407,288.84412,102140.22,51.75,5.25
2024-08-30 07:00:00,-2.271637,-2.031845,289.70905,102163.266,51.75,5.25
2024-08-30 08:00:00,-1.7482605,-1.8158722,290.60123,102198.11,51.75,5.25
2024-08-30 09:00:00,-2.1108398,-2.5664978,291.2456,102210.266,51.75,5.25
2024-08-30 10:00:00,-3.1496735,-2.774063,292.69678,102228.44,51.75,5.25
2024-08-30 11:00:00,-3.1895294,-2.8440552,293.44836,102237.01,51.75,5.25
2024-08-30 12:00:00,-3.124771,-2.7708282,293.919,102233.61,51.75,5.25
2024-08-30 13:00:00,-3.0895233,-3.5919037,294.03906,102223.64,51.75,5.25
2024-08-30 14:00:00,-3.1747131,-3.9944,294.11365,102231.95,51.75,5.25
2024-08-30 15:00:00,-3.5164337,-4.434845,294.09412,102216.91,51.75,5.25
2024-08-30 16:00:00,-3.5274353,-4.877121,293.779,102210.375,51.75,5.25
2024-08-30 17:00:00,-3.872528,-4.8218384,293.1447,102197.0,51.75,5.25
2024-08-30 18:00:00,-4.1488495,-4.935318,292.0549,102219.14,51.75,5.25
2024-08-30 19:00:00,-4.5523376,-4.866379,291.07263,102274.36,51.75,5.25
2024-08-30 20:00:00,-5.117752,-5.0234985,290.45007,102320.7,51.75,5.25
2024-08-30 21:00:00,-5.847824,-5.133621,290.429,102318.16,51.75,5.25
2024-08-30 22:00:00,-6.048401,-3.874298,290.19916,102340.0,51.75,5.25
2024-08-30 23:00:00,-6.008896,-4.0904694,289.9218,102345.15,51.75,5.25
2024-08-31 00:00:00,-6.544403,-4.7763214,289.46576,102328.28,51.75,5.25
2024-08-31 01:00:00,-6.755844,-4.314331,289.1831,102354.78,51.75,5.25
2024-08-31 02:00:00,-7.2245026,-3.9151306,288.96024,102363.01,51.75,5.25
2024-08-31 03:00:00,-7.3847656,-4.5061646,288.6541,102331.89,51.75,5.25
2024-08-31 04:00:00,-7.3395386,-4.7871704,288.44965,102292.2,51.75,5.25
2024-08-31 05:00:00,-7.1822968,-4.655548,288.1869,102294.17,51.75,5.25
2024-08-31 06:00:00,-7.1891937,-4.1990814,288.43283,102340.82,51.75,5.25
2024-08-31 07:00:00,-6.859207,-4.2948303,289.31244,102327.14,51.75,5.25
2024-08-31 08:00:00,-7.4486084,-4.111786,290.40323,102307.81,51.75,5.25
2024-08-31 09:00:00,-7.5252686,-3.7000885,291.46313,102315.14,51.75,5.25
2024-08-31 10:00:00,-6.5858765,-4.0046234,292.04272,102261.125,51.75,5.25
2024-08-31 11:00:00,-6.153946,-3.8584595,293.4021,102214.02,51.75,5.25
2024-08-31 12:00:00,-6.659195,-3.480774,294.2898,102204.86,51.75,5.25
2024-08-31 13:00:00,-7.647705,-2.9072113,295.0047,102152.91,51.75,5.25
2024-08-31 14:00:00,-8.032608,-2.843689,295.16565,102089.92,51.75,5.25
2024-08-31 15:00:00,-7.782593,-2.5937195,295.41266,102035.125,51.75,5.25
2024-08-31 16:00:00,-7.673584,-2.9105835,295.0615,102005.99,51.75,5.25
2024-08-31 17:00:00,-7.0103455,-3.275711,294.7372,101987.6,51.75,5.25
2024-08-31 18:00:00,-6.9271393,-3.3672333,293.81842,101982.17,51.75,5.25
2024-08-31 19:00:00,-7.4609375,-3.251007,292.88812,102005.625,51.75,5.25
2024-08-31 20:00:00,-7.864624,-2.9866943,292.34534,102004.484,51.75,5.25
2024-08-31 21:00:00,-8.06839,-2.8145447,291.81763,101988.87,51.75,5.25
2024-08-31 22:00:00,-7.5266724,-2.956482,291.07578,101964.61,51.75,5.25
2024-08-31 23:00:00,-7.489853,-2.994873,290.61572,101913.43,51.75,5.25
2024-09-01 00:00:00,-7.7605286,-2.1557617,290.14526,101883.64,51.75,5.25
2024-09-01 01:00:00,-7.779236,-1.6905823,289.71948,101819.875,51.75,5.25
2024-09-01 02:00:00,-7.7565765,-1.2175598,289.39264,101763.984,51.75,5.25
2024-09-01 03:00:00,-7.55748,-0.64068604,289.1729,101731.32,51.75,5.25
2024-09-01 04:00:00,-7.5611115,-0.4296112,288.99335,101677.27,51.75,5.25
2024-09-01 05:00:00,-7.762665,-0.7207794,288.94424,101634.5,51.75,5.25
2024-09-01 06:00:00,-7.549774,-0.59906006,289.52042,101647.0,51.75,5.25
2024-09-01 07:00:00,-6.9496,-0.078186035,290.82086,101630.05,51.75,5.25
2024-09-01 08:00:00,-6.051758,0.28457642,292.46103,101605.89,51.75,5.25
2024-09-01 09:00:00,-5.804596,0.56907654,294.2265,101593.55,51.75,5.25
2024-09-01 10:00:00,-5.349243,0.19311523,296.73557,101546.984,51.75,5.25
2024-09-01 11:00:00,-5.4148865,0.14245605,298.48,101479.81,51.75,5.25
2024-09-01 12:00:00,-5.4190216,0.28833008,300.01874,101427.92,51.75,5.25
2024-09-01 13:00:00,-5.558487,0.14215088,301.13718,101379.734,51.75,5.25
2024-09-01 14:00:00,-5.980667,0.15988159,301.7945,101341.484,51.75,5.25
2024-09-01 15:00:00,-6.461899,0.4344635,302.13043,101297.05,51.75,5.25
2024-09-01 16:00:00,-6.5512543,-0.11538696,301.71878,101249.17,51.75,5.25
2024-09-01 17:00:00,-7.006195,-0.055633545,300.85663,101199.94,51.75,5.25
2024-09-01 18:00:00,-7.2850037,0.6617737,299.41653,101218.38,51.75,5.25
2024-09-01 19:00:00,-6.1201935,2.7795563,298.00253,101259.94,51.75,5.25
2024-09-01 20:00:00,-5.0212555,3.773346,297.2721,101276.09,51.75,5.25
2024-09-01 21:00:00,-4.183777,3.5037537,296.53833,101288.484,51.75,5.25
2024-09-01 22:00:00,-4.436844,3.8719025,295.25314,101244.86,51.75,5.25
2024-09-01 23:00:00,-2.6097565,4.537506,294.68927,101237.29,51.75,5.25
2024-09-02 00:00:00,-0.5538635,4.776169,294.21674,101198.55,51.75,5.25
2024-09-02 01:00:00,2.1230774,4.4960938,293.3304,101209.47,51.75,5.25
2024-09-02 02:00:00,3.8906097,2.7477417,292.46826,101181.09,51.75,5.25
2024-09-02 03:00:00,4.1257324,0.57522583,291.38486,101139.17,51.75,5.25
2024-09-02 04:00:00,4.286194,0.47769165,290.9301,101134.11,51.75,5.25
2024-09-02 05:00:00,4.8164673,0.96510315,291.13498,101161.375,51.75,5.25
2024-09-02 06:00:00,4.3364716,0.08595276,292.01672,101213.39,51.75,5.25
2024-09-02 07:00:00,3.1054993,-0.24510193,294.3777,101222.016,51.75,5.25
2024-09-02 08:00:00,2.1931305,0.08969116,296.22357,101244.375,51.75,5.25
2024-09-02 09:00:00,1.9228821,0.47053528,297.7261,101242.54,51.75,5.25
2024-09-02 10:00:00,1.4897156,0.62628174,299.05234,101221.59,51.75,5.25
2024-09-02 11:00:00,1.5187378,0.71865845,299.99054,101151.06,51.75,5.25
2024-09-02 12:00:00,1.4502258,1.4222412,300.64618,101145.766,51.75,5.25
2024-09-02 13:00:00,1.6729584,1.8656311,301.05307,101118.8,51.75,5.25
2024-09-02 14:00:00,2.0796814,1.8896484,301.0065,101047.91,51.75,5.25
2024-09-02 15:00:00,4.5765686,2.3212738,300.14062,101116.16,51.75,5.25
2024-09-02 16:00:00,3.4995117,1.533081,298.59415,101092.28,51.75,5.25
2024-09-02 17:00:00,2.3591309,0.81736755,295.9855,101103.16,51.75,5.25
2024-09-02 18:00:00,2.293335,-0.7941742,295.37848,101090.69,51.75,5.25
2024-09-02 19:00:00,1.6554413,-1.8515472,293.74878,101140.92,51.75,5.25
2024-09-02 20:00:00,0.51834106,-2.0088806,293.21338,101192.875,51.75,5.25
2024-09-02 21:00:00,0.1506195,-1.6707001,293.00925,101212.766,51.75,5.25
2024-09-02 22:00:00,0.33599854,-0.5879059,292.88254,101216.414,51.75,5.25
2024-09-02 23:00:00,1.5108185,-0.53182983,292.6251,101222.734,51.75,5.25
2024-09-03 00:00:00,2.015503,-0.97088623,292.0119,101210.17,51.75,5.25
2024-09-03 01:00:00,1.26828,-1.37677,291.8482,101208.336,51.75,5.25
2024-09-03 02:00:00,0.490036,-1.0368805,291.37546,101214.96,51.75,5.25
2024-09-03 03:00:00,0.43484497,-0.36521912,291.08252,101225.06,51.75,5.25
2024-09-03 04:00:00,0.43829346,0.14590454,291.11505,101212.87,51.75,5.25
2024-09-03 05:00:00,-0.19340515,1.1890564,290.9305,101246.33,51.75,5.25
2024-09-03 06:00:00,-0.27438354,2.1869354,291.87347,101270.34,51.75,5.25
2024-09-03 07:00:00,-0.092178345,3.0446472,292.9463,101298.266,51.75,5.25
2024-09-03 08:00:00,-0.5542908,2.8517456,294.0475,101317.96,51.75,5.25
2024-09-03 09:00:00,-0.09576416,3.0602722,295.23816,101330.875,51.75,5.25
2024-09-03 10:00:00,2.362381,2.7031708,296.17572,101352.914,51.75,5.25
2024-09-03 11:00:00,2.2166595,2.6874084,296.52243,101378.195,51.75,5.25
2024-09-03 12:00:00,2.6400146,2.6984863,296.34802,101366.55,51.75,5.25
2024-09-03 13:00:00,3.359909,2.514862,296.0047,101389.19,51.75,5.25
2024-09-03 14:00:00,3.190857,1.6965332,296.14178,101370.234,51.75,5.25
2024-09-03 15:00:00,3.2187958,0.73301697,295.99615,101379.66,51.75,5.25
2024-09-03 16:00:00,2.520523,0.22599792,295.5286,101372.375,51.75,5.25
2024-09-03 17:00:00,1.9510498,0.20283508,294.57452,101384.805,51.75,5.25
2024-09-03 18:00:00,1.0743561,0.52267456,293.46088,101402.92,51.75,5.25
2024-09-03 19:00:00,0.6482544,1.3961029,292.53912,101452.62,51.75,5.25
2024-09-03 20:00:00,1.3182983,2.3180237,292.4842,101480.305,51.75,5.25
2024-09-03 21:00:00,2.0080261,2.5182343,292.48273,101492.25,51.75,5.25
2024-09-03 22:00:00,2.9492645,1.1189575,292.17007,101510.55,51.75,5.25
2024-09-03 23:00:00,2.4526062,0.78704834,291.87756,101492.74,51.75,5.25
2024-09-04 00:00:00,2.6681213,1.4829559,291.53818,101473.516,51.75,5.25
2024-09-04 01:00:00,3.3320923,1.9053955,291.12006,101501.14,51.75,5.25
2024-09-04 02:00:00,3.4202728,1.4887848,290.9151,101515.266,51.75,5.25
2024-09-04 03:00:00,3.65831,1.3032074,290.7494,101502.21,51.75,5.25
2024-09-04 04:00:00,3.7194672,1.298523,290.55508,101498.11,51.75,5.25
2024-09-04 05:00:00,3.380722,0.98287964,290.39413,101526.07,51.75,5.25
2024-09-04 06:00:00,2.766098,0.8701935,290.47955,101554.35,51.75,5.25
2024-09-04 07:00:00,2.2822723,1.1949921,290.65503,101578.734,51.75,5.25
2024-09-04 08:00:00,2.0111542,1.5735626,290.8938,101596.94,51.75,5.25
2024-09-04 09:00:00,1.9181366,1.767395,291.36475,101642.234,51.75,5.25
2024-09-04 10:00:00,1.4945221,0.818161,291.8661,101632.64,51.75,5.25
2024-09-04 11:00:00,2.059723,0.58976746,292.37167,101606.97,51.75,5.25
2024-09-04 12:00:00,2.1521301,0.13165283,292.6762,101585.13,51.75,5.25
2024-09-04 13:00:00,1.8612366,0.24932861,292.9798,101575.625,51.75,5.25
2024-09-04 14:00:00,1.7483215,0.0960083,293.18918,101548.875,51.75,5.25
2024-09-04 15:00:00,1.6021729,-0.38304138,293.15723,101547.414,51.75,5.25
2024-09-04 16:00:00,1.2285614,-1.4506073,292.7981,101548.586,51.75,5.25
2024-09-04 17:00:00,0.6513977,-2.3555298,292.62238,101513.25,51.75,5.25
2024-09-04 18:00:00,-0.052627563,-3.0911865,292.07303,101533.55,51.75,5.25
2024-09-04 19:00:00,-0.9671173,-3.763214,291.20477,101572.65,51.75,5.25
2024-09-04 20:00:00,-2.0780487,-3.3931885,290.21518,101561.445,51.75,5.25
2024-09-04 21:00:00,-2.6091309,-2.8552399,289.81873,101536.39,51.75,5.25
2024-09-04 22:00:00,-3.389389,-0.41235352,289.43167,101564.69,51.75,5.25
2024-09-04 23:00:00,-3.2128296,-1.5740356,289.0263,101515.72,51.75,5.25
2024-09-05 00:00:00,-3.4740753,-3.6675415,288.65106,101473.42,51.75,5.25
2024-09-05 01:00:00,-3.867752,-4.2531433,288.7302,101450.875,51.75,5.25
2024-09-05 02:00:00,-3.7194824,-4.557785,288.9673,101429.17,51.75,5.25
2024-09-05 03:00:00,-3.3137665,-5.291916,289.1311,101362.92,51.75,5.25
2024-09-05 04:00:00,-2.9761353,-5.560257,289.3916,101309.66,51.75,5.25
2024-09-05 05:00:00,-3.2747345,-6.187912,289.64545,101226.3,51.75,5.25
2024-09-05 06:00:00,-4.8673553,-7.3431854,290.2644,101179.984,51.75,5.25
2024-09-05 07:00:00,-5.1308746,-7.088394,290.80725,101133.734,51.75,5.25
2024-09-05 08:00:00,-5.296234,-6.238083,291.26428,101091.19,51.75,5.25
2024-09-05 09:00:00,-5.9760284,-6.3121033,291.98892,101054.516,51.75,5.25
2024-09-05 10:00:00,-5.8510895,-4.5437927,293.07867,100953.31,51.75,5.25
2024-09-05 11:00:00,-7.3586426,-3.245041,294.28033,100874.125,51.75,5.25
2024-09-05 12:00:00,-7.433655,-1.8368683,295.80096,100830.83,51.75,5.25
2024-09-05 13:00:00,-7.266403,-1.117096,297.26733,100794.66,51.75,5.25
2024-09-05 14:00:00,-6.827469,-1.5817719,298.48962,100749.58,51.75,5.25
2024-09-05 15:00:00,-6.392029,-1.7224884,299.47604,100728.39,51.75,5.25
2024-09-05 16:00:00,-5.6345367,-1.2619171,299.75378,100757.17,51.75,5.25
2024-09-05 17:00:00,-5.513916,-1.7432251,299.3313,100752.15,51.75,5.25
2024-09-05 18:00:00,-5.936508,-2.1683655,298.15552,100784.78,51.75,5.25
2024-09-05 19:00:00,-5.345566,-1.251709,297.16312,100840.84,51.75,5.25
2024-09-05 20:00:00,-5.496811,-1.7727356,296.91803,100862.0,51.75,5.25
2024-09-05 21:00:00,-8.155609,-2.9256287,296.55072,100830.9,51.75,5.25
2024-09-05 22:00:00,-8.037659,-3.3247528,295.4986,100859.31,51.75,5.25
2024-09-05 23:00:00,-9.140686,-1.5032196,295.28522,100833.234,51.75,5.25
2024-09-06 00:00:00,-8.324158,-0.17303467,294.7016,100827.74,51.75,5.25
2024-09-06 01:00:00,-7.7658234,-1.1059723,293.99207,100826.54,51.75,5.25
2024-09-06 02:00:00,-7.898758,-1.7136993,293.1651,100814.484,51.75,5.25
2024-09-06 03:00:00,-7.532379,-1.3045654,292.69592,100802.18,51.75,5.25
2024-09-06 04:00:00,-7.086502,-0.06413269,292.1042,100824.22,51.75,5.25
2024-09-06 05:00:00,-6.1782227,0.8065338,291.76797,100822.83,51.75,5.25
2024-09-06 06:00:00,-5.697891,0.18608093,291.87976,100856.91,51.75,5.25
2024-09-06 07:00:00,-5.967804,0.07795715,293.0489,100866.47,51.75,5.25
2024-09-06 08:00:00,-5.2937927,0.54278564,294.18317,100884.39,51.75,5.25
2024-09-06 09:00:00,-5.1567535,1.8106384,294.9109,100923.45,51.75,5.25
2024-09-06 10:00:00,-0.6141815,3.0193787,295.409,100936.984,51.75,5.25
2024-09-06 11:00:00,-0.91885376,2.1194458,295.7818,100956.72,51.75,5.25
2024-09-06 12:00:00,-1.6646729,2.085083,296.32666,100971.42,51.75,5.25
2024-09-06 13:00:00,-2.0657654,2.7938232,296.51495,100972.81,51.75,5.25
2024-09-06 14:00:00,-1.5020905,3.7423706,295.96445,100990.9,51.75,5.25
2024-09-06 15:00:00,-1.3334045,2.544281,294.44937,101037.89,51.75,5.25
2024-09-06 16:00:00,-1.1077728,2.8848267,293.54633,101028.625,51.75,5.25
2024-09-06 17:00:00,-0.7108154,3.119339,293.02716,101053.35,51.75,5.25
2024-09-06 18:00:00,-0.46600342,3.0254517,292.4571,101090.234,51.75,5.25
2024-09-06 19:00:00,0.3179474,3.842514,292.04425,101165.836,51.75,5.25
2024-09-06 20:00:00,1.2801208,3.399353,292.05524,101185.25,51.75,5.25
2024-09-06 21:00:00,1.6604462,2.3743286,291.60568,101189.984,51.75,5.25
2024-09-06 22:00:00,1.7815704,1.8011322,291.46667,101177.0,51.75,5.25
2024-09-06 23:00:00,1.8357544,1.1612396,291.09946,101204.805,51.75,5.25
2024-09-07 00:00:00,1.4829865,1.0108032,290.0553,101223.9,51.75,5.25
2024-09-07 01:00:00,1.0083008,1.5774841,289.958,101205.69,51.75,5.25
2024-09-07 02:00:00,0.8559418,1.8700104,290.0642,101180.92,51.75,5.25
2024-09-07 03:00:00,0.26296997,1.728241,289.89716,101186.375,51.75,5.25
2024-09-07 04:00:00,-0.5626526,1.7271576,289.62473,101184.445,51.75,5.25
2024-09-07 05:00:00,-1.425415,1.721695,289.23755,101160.266,51.75,5.25
2024-09-07 06:00:00,-2.121994,1.5177307,289.49585,101188.04,51.75,5.25
2024-09-07 07:00:00,-2.7980804,1.6767883,290.2071,101178.31,51.75,5.25
2024-09-07 08:00:00,-3.8251038,2.1076202,291.46124,101162.47,51.75,5.25
2024-09-07 09:00:00,-3.668457,1.7635956,293.05518,101162.84,51.75,5.25
2024-09-07 10:00:00,-2.9561005,1.334198,294.43506,101146.49,51.75,5.25
2024-09-07 11:00:00,-3.1975403,1.0374603,295.81323,101116.586,51.75,5.25
2024-09-07 12:00:00,-3.40419,1.0527649,296.93,101059.77,51.75,5.25
2024-09-07 13:00:00,-3.4619598,1.3599701,297.98563,101010.72,51.75,5.25
2024-09-07 14:00:00,-3.5418243,1.7076416,298.8435,100981.375,51.75,5.25
2024-09-07 15:00:00,-3.8699493,1.5025787,299.11542,100906.625,51.75,5.25
2024-09-07 16:00:00,-3.7984772,1.7559509,299.02658,100930.484,51.75,5.25
2024-09-07 17:00:00,-3.9149475,1.917511,298.17242,100905.164,51.75,5.25
2024-09-07 18:00:00,-4.441513,2.2190552,296.64713,100882.63,51.75,5.25
2024-09-07 19:00:00,-4.9997406,2.2088165,295.6976,100896.81,51.75,5.25
2024-09-07 20:00:00,-6.2917633,1.1576538,295.21735,100830.77,51.75,5.25
2024-09-07 21:00:00,-6.290146,1.0306244,294.73083,100807.625,51.75,5.25
2024-09-07 22:00:00,-5.9860077,3.4418945,294.31152,100798.78,51.75,5.25
2024-09-07 23:00:00,-2.3666534,5.305664,294.1349,100820.17,51.75,5.25
2024-09-08 00:00:00,1.7751312,5.8326416,293.39874,100812.91,51.75,5.25
2024-09-08 01:00:00,1.4606628,5.1806183,292.57745,100787.25,51.75,5.25
2024-09-08 02:00:00,1.8910522,5.469162,292.28723,100780.82,51.75,5.25
2024-09-08 03:00:00,4.156082,5.6155243,292.19293,100785.836,51.75,5.25
2024-09-08 04:00:00,3.6132965,5.4396057,291.91663,100802.44,51.75,5.25
2024-09-08 05:00:00,3.5090027,5.999359,291.58374,100807.92,51.75,5.25
2024-09-08 06:00:00,3.2984161,6.117447,290.91324,100861.05,51.75,5.25
2024-09-08 07:00:00,3.1278992,6.2372437,290.9992,100862.9,51.75,5.25
2024-09-08 08:00:00,3.4575958,6.856888,291.3432,100899.836,51.75,5.25
2024-09-08 09:00:00,3.1938171,6.8652954,292.09155,100914.46,51.75,5.25
2024-09-08 10:00:00,1.412735,5.4158936,293.096,100898.4,51.75,5.25
2024-09-08 11:00:00,1.6840057,6.075485,293.46466,100848.84,51.75,5.25
2024-09-08 12:00:00,2.0748749,6.703842,293.97772,100809.58,51.75,5.25
2024-09-08 13:00:00,1.5587311,6.41304,294.22766,100802.375,51.75,5.25
2024-09-08 14:00:00,1.8499603,6.119934,294.39484,100722.516,51.75,5.25
2024-09-08 15:00:00,2.2790985,5.628418,294.2148,100700.19,51.75,5.25
2024-09-08 16:00:00,2.0354767,5.3263702,293.89142,100685.09,51.75,5.25
2024-09-08 17:00:00,1.2863007,5.3010406,293.23602,100646.58,51.75,5.25
2024-09-08 18:00:00,0.2687683,5.110504,291.8266,100621.61,51.75,5.25
2024-09-08 19:00:00,0.00035095215,5.617508,290.33752,100602.64,51.75,5.25
2024-09-08 20:00:00,-0.06892395,5.6009827,289.2665,100575.375,51.75,5.25
2024-09-08 21:00:00,-0.63357544,5.7592773,289.23297,100501.45,51.75,5.25
2024-09-08 22:00:00,0.25091553,6.2276,288.76904,100471.32,51.75,5.25
2024-09-08 23:00:00,-0.8808136,4.7731476,288.84274,100386.914,51.75,5.25
2024-09-09 00:00:00,-2.1023712,4.9530487,288.39664,100372.836,51.75,5.25
2024-09-09 01:00:00,-2.7968597,4.4736176,288.1577,100281.36,51.75,5.25
2024-09-09 02:00:00,-2.4239807,4.5706177,287.7707,100257.23,51.75,5.25
2024-09-09 03:00:00,-1.7430878,4.563324,287.7956,100241.47,51.75,5.25
2024-09-09 04:00:00,-1.7701721,3.7817688,287.59564,100205.16,51.75,5.25
2024-09-09 05:00:00,-1.6381531,2.2196198,287.73215,100194.61,51.75,5.25
2024-09-09 06:00:00,-1.2286835,0.49786377,288.3913,100192.31,51.75,5.25
2024-09-09 07:00:00,-0.6633301,-1.1438446,288.7771,100229.66,51.75,5.25
2024-09-09 08:00:00,0.39624023,-1.6117096,289.6291,100261.234,51.75,5.25
2024-09-09 09:00:00,1.9930725,-2.009079,290.43048,100315.28,51.75,5.25
2024-09-09 10:00:00,2.469101,-2.2307892,291.2718,100339.43,51.75,5.25
2024-09-09 11:00:00,3.6157074,-2.4929504,292.27698,100353.22,51.75,5.25
2024-09-09 12:00:00,4.4452515,-2.646225,293.0768,100388.7,51.75,5.25
2024-09-09 13:00:00,5.466263,-2.9904327,293.15076,100448.375,51.75,5.25
2024-09-09 14:00:00,5.0681,-2.6684723,291.7553,100478.76,51.75,5.25
2024-09-09 15:00:00,5.568115,-3.0828857,291.88205,100511.81,51.75,5.25
2024-09-09 16:00:00,5.6618958,-4.337555,291.85883,100584.59,51.75,5.25
2024-09-09 17:00:00,5.6660004,-6.5135345,290.90018,100639.15,51.75,5.25
2024-09-09 18:00:00,5.724411,-8.004486,289.8656,100751.08,51.75,5.25
2024-09-09 19:00:00,5.361435,-7.613617,289.1833,100872.78,51.75,5.25
2024-09-09 20:00:00,5.3741913,-6.9014893,288.58142,100952.08,51.75,5.25
2024-09-09 21:00:00,5.322281,-5.9641724,287.94373,101018.95,51.75,5.25
2024-09-09 22:00:00,5.20018,-4.5762177,287.21622,101071.555,51.75,5.25
2024-09-09 23:00:00,5.043335,-2.3575897,286.69928,101090.86,51.75,5.25
2024-09-10 00:00:00,5.0548096,0.25219727,286.122,101138.87,51.75,5.25
2024-09-10 01:00:00,5.019516,2.2796173,285.83862,101108.266,51.75,5.25
2024-09-10 02:00:00,5.3246613,2.9715118,286.39514,101118.22,51.75,5.25
2024-09-10 03:00:00,6.124954,2.776825,286.3806,101088.125,51.75,5.25
2024-09-10 04:00:00,6.126663,3.1195068,286.2887,101051.03,51.75,5.25
2024-09-10 05:00:00,6.15036,3.8131104,286.32904,101024.78,51.75,5.25
2024-09-10 06:00:00,6.0680237,4.7142487,286.7345,101036.68,51.75,5.25
2024-09-10 07:00:00,5.2421265,5.962921,287.6461,101016.234,51.75,5.25
2024-09-10 08:00:00,6.9476166,7.2942657,288.36658,100971.67,51.75,5.25
2024-09-10 09:00:00,9.615997,7.215103,289.21533,100948.484,51.75,5.25
2024-09-10 10:00:00,8.890717,6.8355255,289.52872,100890.21,51.75,5.25
2024-09-10 11:00:00,7.5615387,7.695999,289.77448,100859.45,51.75,5.25
2024-09-10 12:00:00,5.85849,8.620071,289.4158,100794.05,51.75,5.25
2024-09-10 13:00:00,8.720749,9.730072,289.0376,100762.586,51.75,5.25
2024-09-10 14:00:00,8.836243,10.363876,288.9646,100708.7,51.75,5.25
2024-09-10 15:00:00,8.310745,9.681076,288.98346,100648.91,51.75,5.25
2024-09-10 16:00:00,8.670258,8.718597,288.75635,100589.64,51.75,5.25
2024-09-10 17:00:00,8.772476,7.785095,288.43787,100526.36,51.75,5.25
2024-09-10 18:00:00,8.988113,6.945038,288.00122,100460.09,51.75,5.25
2024-09-10 19:00:00,9.366913,6.316452,287.56116,100443.83,51.75,5.25
2024-09-10 20:00:00,8.796082,5.9556885,287.38397,100400.55,51.75,5.25
2024-09-10 21:00:00,8.526535,6.629196,287.25272,100331.1,51.75,5.25
2024-09-10 22:00:00,8.337357,6.344803,287.11823,100278.33,51.75,5.25
2024-09-10 23:00:00,7.322891,3.3298798,286.64948,100195.37,51.75,5.25
2024-09-11 00:00:00,5.7129364,-0.82244873,285.88,100155.48,51.75,5.25
2024-09-11 01:00:00,4.0266724,-4.454315,284.41226,100152.984,51.75,5.25
2024-09-11 02:00:00,2.9977264,-4.728943,283.68088,100209.02,51.75,5.25
2024-09-11 03:00:00,4.9168396,-1.6613617,283.65387,100262.125,51.75,5.25
2024-09-11 04:00:00,7.2452393,0.13656616,283.46008,100326.15,51.75,5.25
2024-09-11 05:00:00,7.543518,0.602005,283.47214,100365.44,51.75,5.25
2024-09-11 06:00:00,7.579361,0.754776,283.91943,100390.45,51.75,5.25
2024-09-11 07:00:00,7.374634,1.3744354,284.72073,100421.41,51.75,5.25
2024-09-11 08:00:00,7.9493713,1.3087311,285.9452,100449.625,51.75,5.25
2024-09-11 09:00:00,8.597977,0.7097931,286.1896,100509.16,51.75,5.25
2024-09-11 10:00:00,9.223602,1.3166199,286.67078,100534.51,51.75,5.25
2024-09-11 11:00:00,9.678543,0.38983154,286.22803,100596.875,51.75,5.25
2024-09-11 12:00:00,9.008118,0.8158722,286.70633,100575.25,51.75,5.25
2024-09-11 13:00:00,9.942017,-0.19836426,286.99487,100601.09,51.75,5.25
2024-09-11 14:00:00,9.294968,-1.1300812,285.7397,100635.64,51.75,5.25
2024-09-11 15:00:00,8.451782,-0.858963,285.85855,100650.91,51.75,5.25
2024-09-11 16:00:00,7.7207184,-1.5247955,284.6172,100702.945,51.75,5.25
2024-09-11 17:00:00,5.4579315,-1.5787964,283.4591,100755.28,51.75,5.25
2024-09-11 18:00:00,5.627182,0.06741333,282.51022,100766.78,51.75,5.25
2024-09-11 19:00:00,5.445694,2.784668,282.40216,100783.11,51.75,5.25
2024-09-11 20:00:00,5.4786835,2.394867,282.02106,100828.53,51.75,5.25
2024-09-11 21:00:00,4.891342,1.9387665,281.90372,100864.22,51.75,5.25
2024-09-11 22:00:00,3.8174896,3.9603577,281.64764,100848.95,51.75,5.25
2024-09-11 23:00:00,4.3282776,5.5001526,281.61713,100822.25,51.75,5.25
2024-09-12 00:00:00,5.4242706,4.604141,281.40314,100835.13,51.75,5.25
2024-09-12 01:00:00,5.5886383,2.4946442,281.26605,100869.99,51.75,5.25
2024-09-12 02:00:00,5.4034576,2.175415,281.07867,100895.484,51.75,5.25
2024-09-12 03:00:00,5.472458,2.4291077,281.0171,100924.836,51.75,5.25
2024-09-12 04:00:00,5.59758,1.9240417,280.89374,100954.1,51.75,5.25
2024-09-12 05:00:00,5.2095947,1.2286224,280.6909,100988.85,51.75,5.25
2024-09-12 06:00:00,4.7056427,0.9593811,280.81952,101044.375,51.75,5.25
2024-09-12 07:00:00,3.8115997,1.1840363,282.11096,101075.44,51.75,5.25
2024-09-12 08:00:00,3.1147919,0.79974365,283.74295,101128.46,51.75,5.25
2024-09-12 09:00:00,3.420105,0.216156,284.89087,101173.57,51.75,5.25
2024-09-12 10:00:00,3.3065643,0.828949,285.74573,101185.336,51.75,5.25
2024-09-12 11:00:00,3.9562225,-0.59002686,286.13806,101231.48,51.75,5.25
2024-09-12 12:00:00,4.0170593,-2.3085938,286.53152,101314.766,51.75,5.25
2024-09-12 13:00:00,4.963135,-2.6959991,286.9065,101342.47,51.75,5.25
2024-09-12 14:00:00,4.200409,-2.596939,285.34137,101346.13,51.75,5.25
2024-09-12 15:00:00,3.97995,-2.471161,285.01636,101355.05,51.75,5.25
2024-09-12 16:00:00,3.00206,-3.032196,286.1339,101394.28,51.75,5.25
2024-09-12 17:00:00,2.5715942,-2.9256134,285.69653,101448.2,51.75,5.25
2024-09-12 18:00:00,2.719513,-2.9088898,283.58478,101490.09,51.75,5.25
2024-09-12 19:00:00,2.0075989,-3.026123,282.2846,101548.375,51.75,5.25
2024-09-12 20:00:00,1.4411926,-2.7454834,282.26447,101609.59,51.75,5.25
2024-09-12 21:00:00,1.2295532,-2.7549438,281.52234,101678.734,51.75,5.25
2024-09-12 22:00:00,1.3692169,-1.7965088,281.19894,101694.53,51.75,5.25
2024-09-12 23:00:00,2.3152313,-1.1626129,280.29282,101726.17,51.75,5.25
2024-09-13 00:00:00,3.448532,-2.9276733,280.40988,101795.875,51.75,5.25
2024-09-13 01:00:00,2.7534485,-3.505539,280.01328,101832.86,51.75,5.25
2024-09-13 02:00:00,2.0872345,-3.5473175,279.87524,101867.72,51.75,5.25
2024-09-13 03:00:00,1.3577576,-4.0280914,279.69983,101924.43,51.75,5.25
2024-09-13 04:00:00,1.245285,-4.628586,279.29974,102013.3,51.75,5.25
2024-09-13 05:00:00,1.32547,-4.6143036,279.8072,102067.36,51.75,5.25
2024-09-13 06:00:00,0.9747009,-4.752548,280.5334,102154.69,51.75,5.25
2024-09-13 07:00:00,1.0001984,-4.719269,283.18915,102217.055,51.75,5.25
2024-09-13 08:00:00,0.56173706,-4.257141,285.35367,102274.72,51.75,5.25
2024-09-13 09:00:00,-0.5525665,-5.508301,287.00256,102347.91,51.75,5.25
2024-09-13 10:00:00,0.0789032,-5.170761,288.2498,102391.34,51.75,5.25
2024-09-13 11:00:00,0.6576996,-5.2910614,288.67276,102436.36,51.75,5.25
2024-09-13 12:00:00,1.506012,-5.813324,288.7708,102498.5,51.75,5.25
2024-09-13 13:00:00,1.803009,-6.940796,288.69452,102491.72,51.75,5.25
2024-09-13 14:00:00,1.8101807,-7.6112213,288.87476,102519.39,51.75,5.25
2024-09-13 15:00:00,1.5207977,-6.9230194,289.21274,102562.89,51.75,5.25
2024-09-13 16:00:00,1.5455627,-6.4520264,288.65216,102617.02,51.75,5.25
2024-09-13 17:00:00,1.4778595,-6.516037,287.70325,102675.86,51.75,5.25
2024-09-13 18:00:00,1.2491913,-6.4668427,285.7313,102726.664,51.75,5.25
2024-09-13 19:00:00,1.1624756,-6.3434906,283.8615,102803.66,51.75,5.25
2024-09-13 20:00:00,0.8606262,-5.9188995,282.85895,102845.19,51.75,5.25
2024-09-13 21:00:00,0.41986084,-5.391617,281.76495,102912.66,51.75,5.25
2024-09-13 22:00:00,0.8532562,-5.547226,281.09784,102949.14,51.75,5.25
2024-09-13 23:00:00,0.9924927,-5.2913513,280.99112,102987.77,51.75,5.25
2024-09-14 00:00:00,1.0110321,-4.820755,280.58463,102945.28,51.75,5.25
2024-09-14 01:00:00,0.7780609,-4.319412,279.52258,102958.266,51.75,5.25
2024-09-14 02:00:00,0.85946655,-3.764328,279.34576,102968.0,51.75,5.25
2024-09-14 03:00:00,1.521759,-3.43956,279.4048,102969.95,51.75,5.25
2024-09-14 04:00:00,1.6720428,-2.970871,278.4485,103008.375,51.75,5.25
2024-09-14 05:00:00,1.6060791,-2.265091,278.02618,103019.19,51.75,5.25
2024-09-14 06:00:00,1.4215088,-1.4230652,278.98312,103038.16,51.75,5.25
2024-09-14 07:00:00,1.8541412,-1.1012421,282.46576,103065.055,51.75,5.25
2024-09-14 08:00:00,1.7332306,-0.3101654,285.71106,103073.28,51.75,5.25
2024-09-14 09:00:00,1.4341125,-0.66023254,287.45752,103098.164,51.75,5.25
2024-09-14 10:00:00,2.0827484,-2.5499878,288.8025,103074.67,51.75,5.25
2024-09-14 11:00:00,2.377594,-2.6997223,288.81122,103061.44,51.75,5.25
2024-09-14 12:00:00,2.4061432,-2.7703552,289.19632,103045.71,51.75,5.25
2024-09-14 13:00:00,2.2826385,-2.7391052,289.6048,103040.44,51.75,5.25
2024-09-14 14:00:00,2.0769958,-2.7021637,289.82294,102998.83,51.75,5.25
2024-09-14 15:00:00,2.0265808,-2.5322418,290.17773,102983.03,51.75,5.25
2024-09-14 16:00:00,1.3399963,-1.7405701,289.85168,102981.44,51.75,5.25
2024-09-14 17:00:00,1.1040344,-1.0073547,289.27283,102949.11,51.75,5.25
2024-09-14 18:00:00,1.8982086,-0.7401428,286.77917,102971.41,51.75,5.25
2024-09-14 19:00:00,2.9331055,-0.9622345,283.93695,102997.17,51.75,5.25
2024-09-14 20:00:00,3.4924774,-1.0589447,282.24463,102961.44,51.75,5.25
2024-09-14 21:00:00,3.4953308,-0.9455414,281.7627,102946.31,51.75,5.25
2024-09-14 22:00:00,3.5516357,-0.057052612,280.39557,102932.96,51.75,5.25
2024-09-14 23:00:00,3.2905426,0.16574097,280.43555,102924.34,51.75,5.25
2024-09-15 00:00:00,3.197586,0.6083679,280.40424,102913.836,51.75,5.25
2024-09-15 01:00:00,3.4564667,1.0770111,280.2109,102899.91,51.75,5.25
2024-09-15 02:00:00,4.1516876,1.7615814,279.97168,102873.79,51.75,5.25
2024-09-15 03:00:00,4.6638794,2.3775177,280.00983,102831.516,51.75,5.25
2024-09-15 04:00:00,4.96315,2.4651184,280.16797,102802.63,51.75,5.25
2024-09-15 05:00:00,5.2687836,2.3366547,280.3247,102775.68,51.75,5.25
2024-09-15 06:00:00,4.9795227,2.2310333,280.9303,102786.625,51.75,5.25
2024-09-15 07:00:00,4.311035,2.123108,283.47015,102771.89,51.75,5.25
2024-09-15 08:00:00,3.2455902,1.6835632,286.20004,102758.95,51.75,5.25
2024-09-15 09:00:00,2.9674683,1.5335999,288.69794,102759.81,51.75,5.25
2024-09-15 10:00:00,2.1792755,0.7158661,290.1925,102729.02,51.75,5.25
2024-09-15 11:00:00,2.0451965,-0.3703308,291.0966,102699.76,51.75,5.25
2024-09-15 12:00:00,2.0387726,-0.41690063,291.30536,102655.87,51.75,5.25
2024-09-15 13:00:00,2.1873627,-0.31430054,291.5959,102609.78,51.75,5.25
2024-09-15 14:00:00,2.515808,-0.17442322,291.74658,102581.72,51.75,5.25
2024-09-15 15:00:00,2.5875397,0.041778564,291.66144,102535.83,51.75,5.25
2024-09-15 16:00:00,3.4366608,-0.32066345,291.5348,102519.734,51.75,5.25
2024-09-15 17:00:00,4.691757,-1.1808319,290.41956,102497.125,51.75,5.25
2024-09-15 18:00:00,4.976959,-1.7476349,288.8003,102504.06,51.75,5.25
2024-09-15 19:00:00,4.227066,-1.6131744,287.8738,102490.625,51.75,5.25
2024-09-15 20:00:00,3.5125427,-1.8171844,287.09308,102496.72,51.75,5.25
2024-09-15 21:00:00,2.4623108,-1.1425781,286.57608,102487.34,51.75,5.25
2024-09-15 22:00:00,2.5060425,0.3047638,285.67084,102480.08,51.75,5.25
2024-09-15 23:00:00,2.932785,0.8450012,285.98077,102457.69,51.75,5.25
2024-09-16 00:00:00,4.568939,0.5316162,285.58612,102415.81,51.75,5.25
2024-09-16 01:00:00,4.9962616,-0.4827118,285.3042,102398.81,51.75,5.25
2024-09-16 02:00:00,3.7042084,-1.1467743,284.92834,102393.08,51.75,5.25
2024-09-16 03:00:00,2.9167023,-1.387146,284.63495,102371.66,51.75,5.25
2024-09-16 04:00:00,2.776886,-1.7949829,284.4857,102358.75,51.75,5.25
2024-09-16 05:00:00,2.5567322,-2.4091187,284.0904,102370.8,51.75,5.25
2024-09-16 06:00:00,2.7073975,-2.7663574,284.38312,102410.14,51.75,5.25
2024-09-16 07:00:00,2.557373,-2.7487335,286.44037,102440.22,51.75,5.25
2024-09-16 08:00:00,1.8271637,-2.151291,288.15097,102492.914,51.75,5.25
2024-09-16 09:00:00,1.3263092,-2.5067444,289.59686,102507.6,51.75,5.25
2024-09-16 10:00:00,1.1583405,-3.2785797,290.53156,102505.02,51.75,5.25
2024-09-16 11:00:00,0.76945496,-4.1230927,291.288,102520.05,51.75,5.25
2024-09-16 12:00:00,0.14707947,-5.214142,292.1311,102505.42,51.75,5.25
2024-09-16 13:00:00,-0.28407288,-6.283081,292.46185,102544.03,51.75,5.25
2024-09-16 14:00:00,-0.23242188,-6.689575,292.5149,102536.76,51.75,5.25
2024-09-16 15:00:00,-0.27549744,-7.396408,292.0271,102538.734,51.75,5.25
2024-09-16 16:00:00,-0.3214264,-7.63179,291.32657,102578.9,51.75,5.25
2024-09-16 17:00:00,-0.51838684,-7.7343597,290.31476,102637.984,51.75,5.25
2024-09-16 18:00:00,-0.787735,-7.893341,289.1363,102689.43,51.75,5.25
2024-09-16 19:00:00,-1.0655518,-7.7118073,288.08722,102702.98,51.75,5.25
2024-09-16 20:00:00,-1.1103516,-7.3801575,287.05383,102730.0,51.75,5.25
2024-09-16 21:00:00,-1.1734924,-7.3030396,286.39545,102750.92,51.75,5.25
2024-09-16 22:00:00,-2.066162,-7.239456,286.24136,102809.44,51.75,5.25
2024-09-16 23:00:00,-2.3854828,-7.0247345,286.05908,102784.36,51.75,5.25
2024-09-17 00:00:00,-2.9346619,-6.6768036,286.1427,102781.8,51.75,5.25
2024-09-17 01:00:00,-3.3664856,-6.4137726,286.34106,102761.28,51.75,5.25
2024-09-17 02:00:00,-3.1648712,-6.4486694,286.32538,102766.03,51.75,5.25
2024-09-17 03:00:00,-2.831955,-6.644516,286.7223,102804.47,51.75,5.25
2024-09-17 04:00:00,-3.0091248,-6.6896057,286.8933,102812.36,51.75,5.25
2024-09-17 05:00:00,-3.09552,-6.546692,287.17065,102815.17,51.75,5.25
2024-09-17 06:00:00,-3.2162018,-6.8134155,287.45538,102850.39,51.75,5.25
2024-09-17 07:00:00,-3.8872375,-7.4698944,288.4444,102874.83,51.75,5.25
2024-09-17 08:00:00,-5.7477417,-7.3498535,289.7354,102883.95,51.75,5.25
2024-09-17 09:00:00,-6.08786,-5.9868317,290.48044,102891.11,51.75,5.25
2024-09-17 10:00:00,-6.7217407,-4.325836,291.0874,102895.75,51.75,5.25
2024-09-17 11:00:00,-7.0634003,-5.050705,291.6042,102872.53,51.75,5.25
2024-09-17 12:00:00,-7.0433197,-5.3382263,291.76,102871.22,51.75,5.25
2024-09-17 13:00:00,-6.424591,-4.7449036,292.09906,102835.734,51.75,5.25
2024-09-17 14:00:00,-6.263794,-4.5691833,292.4884,102788.38,51.75,5.25
2024-09-17 15:00:00,-5.8385315,-4.762146,292.7055,102755.375,51.75,5.25
2024-09-17 16:00:00,-5.0623627,-5.2103577,292.50732,102748.695,51.75,5.25
2024-09-17 17:00:00,-4.7478485,-5.858017,291.27582,102755.734,51.75,5.25
2024-09-17 18:00:00,-5.242447,-6.2292023,289.86133,102772.2,51.75,5.25
2024-09-17 19:00:00,-5.8802185,-6.0389557,289.026,102803.12,51.75,5.25
2024-09-17 20:00:00,-6.4496155,-5.6185455,288.5902,102830.66,51.75,5.25
2024-09-17 21:00:00,-6.7020874,-5.128006,288.1467,102822.7,51.75,5.25
2024-09-17 22:00:00,-6.5229034,-4.3378296,287.86157,102849.02,51.75,5.25
2024-09-17 23:00:00,-6.1732025,-4.0950623,287.37848,102840.945,51.75,5.25
2024-09-18 00:00:00,-6.089218,-4.083557,286.81317,102818.234,51.75,5.25
2024-09-18 01:00:00,-6.1973267,-4.2226105,286.62878,102804.47,51.75,5.25
2024-09-18 02:00:00,-6.129257,-4.583481,286.53195,102771.25,51.75,5.25
2024-09-18 03:00:00,-6.0326996,-4.8582916,286.49866,102764.59,51.75,5.25
2024-09-18 04:00:00,-6.043091,-4.895279,286.6427,102742.19,51.75,5.25
2024-09-18 05:00:00,-5.99559,-4.8489227,286.80634,102731.18,51.75,5.25
2024-09-18 06:00:00,-6.1755524,-4.4864807,286.89563,102777.74,51.75,5.25
2024-09-18 07:00:00,-6.3250275,-3.7960358,287.2389,102787.16,51.75,5.25
2024-09-18 08:00:00,-6.363312,-3.2559357,287.67206,102796.17,51.75,5.25
2024-09-18 09:00:00,-5.783127,-3.0714417,288.36816,102792.53,51.75,5.25
2024-09-18 10:00:00,-6.26651,-3.5870209,290.13232,102780.484,51.75,5.25
2024-09-18 11:00:00,-6.911682,-3.3608856,291.4497,102736.484,51.75,5.25
2024-09-18 12:00:00,-6.2209473,-3.605713,292.9585,102701.586,51.75,5.25
2024-09-18 13:00:00,-6.425827,-4.081497,294.0075,102628.44,51.75,5.25
2024-09-18 14:00:00,-6.8277283,-4.3142853,294.71292,102572.83,51.75,5.25
2024-09-18 15:00:00,-6.820709,-4.6213684,294.8807,102532.83,51.75,5.25
2024-09-18 16:00:00,-6.80455,-4.933441,294.52966,102505.39,51.75,5.25
2024-09-18 17:00:00,-7.549011,-5.3000793,293.47437,102504.83,51.75,5.25
2024-09-18 18:00:00,-8.235794,-5.093521,292.1801,102544.94,51.75,5.25
2024-09-18 19:00:00,-8.427948,-4.623657,291.2984,102579.63,51.75,5.25
2024-09-18 20:00:00,-8.846985,-4.1082916,290.674,102601.17,51.75,5.25
2024-09-18 21:00:00,-9.249893,-3.1730652,290.27167,102629.27,51.75,5.25
2024-09-18 22:00:00,-9.225998,-2.054306,289.73267,102622.98,51.75,5.25
2024-09-18 23:00:00,-8.435593,-1.7351074,289.20795,102608.95,51.75,5.25
2024-09-19 00:00:00,-7.869156,-2.1651764,288.74442,102576.8,51.75,5.25
2024-09-19 01:00:00,-7.6502075,-2.6291656,288.29535,102546.34,51.75,5.25
2024-09-19 02:00:00,-7.437454,-3.1304932,287.9297,102518.92,51.75,5.25
2024-09-19 03:00:00,-7.332672,-3.2266693,287.76807,102488.17,51.75,5.25
2024-09-19 04:00:00,-7.1744385,-3.4538116,287.6593,102457.59,51.75,5.25
2024-09-19 05:00:00,-6.96611,-3.697174,287.5622,102465.1,51.75,5.25
2024-09-19 06:00:00,-7.0492096,-3.8347778,287.6466,102492.92,51.75,5.25
2024-09-19 07:00:00,-7.048004,-3.923584,288.56256,102516.2,51.75,5.25
2024-09-19 08:00:00,-6.426346,-3.2724,289.56445,102526.11,51.75,5.25
2024-09-19 09:00:00,-5.911789,-3.278717,290.7472,102519.35,51.75,5.25
2024-09-19 10:00:00,-5.8756104,-3.1458588,292.1919,102501.27,51.75,5.25
2024-09-19 11:00:00,-5.8453674,-3.3816223,293.31097,102432.47,51.75,5.25
2024-09-19 12:00:00,-5.921875,-3.7593842,294.2348,102399.41,51.75,5.25
2024-09-19 13:00:00,-5.9163055,-4.1696167,294.9851,102328.07,51.75,5.25
2024-09-19 14:00:00,-6.104538,-4.3807373,295.35217,102276.8,51.75,5.25
2024-09-19 15:00:00,-6.320816,-4.560669,295.16504,102237.336,51.75,5.25
2024-09-19 16:00:00,-6.5760193,-4.5937653,294.37854,102204.7,51.75,5.25
2024-09-19 17:00:00,-7.256485,-4.2447968,293.03952,102206.39,51.75,5.25
2024-09-19 18:00:00,-7.6764374,-3.970749,291.41333,102218.8,51.75,5.25
2024-09-19 19:00:00,-8.097397,-3.5156708,290.4575,102245.016,51.75,5.25
2024-09-19 20:00:00,-8.580887,-2.5555725,289.69452,102271.33,51.75,5.25
2024-09-19 21:00:00,-8.605164,-1.6136932,289.12497,102276.2,51.75,5.25
2024-09-19 22:00:00,-8.82283,-1.3520813,288.88232,102256.19,51.75,5.25
2024-09-19 23:00:00,-7.682144,-1.9072876,288.54068,102207.19,51.75,5.25
2024-09-20 00:00:00,-7.584091,-2.308197,288.25916,102187.61,51.75,5.25
2024-09-20 01:00:00,-7.6639557,-2.1853638,287.91193,102173.88,51.75,5.25
2024-09-20 02:00:00,-7.685501,-2.102539,287.69843,102155.03,51.75,5.25
2024-09-20 03:00:00,-7.494568,-2.302002,287.39374,102144.586,51.75,5.25
2024-09-20 04:00:00,-7.429352,-2.2885437,287.09323,102135.64,51.75,5.25
2024-09-20 05:00:00,-7.5416107,-1.9617767,286.82007,102128.61,51.75,5.25
2024-09-20 06:00:00,-7.650955,-1.666565,286.95374,102156.37,51.75,5.25
2024-09-20 07:00:00,-7.653839,-1.4623718,288.07648,102172.81,51.75,5.25
2024-09-20 08:00:00,-7.139862,-1.2297516,289.41333,102204.86,51.75,5.25
2024-09-20 09:00:00,-7.3043365,-0.9567108,290.8704,102188.75,51.75,5.25
2024-09-20 10:00:00,-6.858597,-1.243454,292.412,102151.92,51.75,5.25
2024-09-20 11:00:00,-6.793503,-1.1172333,293.6972,102131.484,51.75,5.25
2024-09-20 12:00:00,-6.625824,-1.0705719,294.90692,102095.16,51.75,5.25
2024-09-20 13:00:00,-6.744751,-1.2078857,295.5027,102062.766,51.75,5.25
2024-09-20 14:00:00,-6.939499,-1.0689087,295.77966,102010.984,51.75,5.25
2024-09-20 15:00:00,-6.9575195,-0.9875641,295.73444,101980.2,51.75,5.25
2024-09-20 16:00:00,-6.7881317,-1.4111023,295.19766,101966.35,51.75,5.25
2024-09-20 17:00:00,-7.1864624,-1.5976105,293.8566,101969.59,51.75,5.25
2024-09-20 18:00:00,-7.7062073,-1.4684143,291.71924,101989.85,51.75,5.25
2024-09-20 19:00:00,-7.99646,-1.1729584,290.6763,102009.47,51.75,5.25
2024-09-20 20:00:00,-8.122452,-0.6203613,289.94324,102022.516,51.75,5.25
2024-09-20 21:00:00,-7.955673,0.27444458,289.4673,102040.8,51.75,5.25
2024-09-20 22:00:00,-7.7574615,1.0177002,288.89142,102048.79,51.75,5.25
2024-09-20 23:00:00,-6.827881,1.7829437,288.2578,102038.484,51.75,5.25
2024-09-21 00:00:00,-6.261734,2.1170807,287.6446,102012.42,51.75,5.25
2024-09-21 01:00:00,-5.790207,2.1353302,287.00525,102015.92,51.75,5.25
2024-09-21 02:00:00,-5.7502747,1.7451782,286.4137,102007.07,51.75,5.25
2024-09-21 03:00:00,-5.6585083,1.6972809,285.87506,101996.734,51.75,5.25
2024-09-21 04:00:00,-5.0318604,2.1067963,285.52292,101994.516,51.75,5.25
2024-09-21 05:00:00,-4.6138306,2.3087769,285.0498,101978.19,51.75,5.25
2024-09-21 06:00:00,-4.5411224,2.1927338,285.0979,101984.53,51.75,5.25
2024-09-21 07:00:00,-4.3509064,1.7378235,287.5994,101996.09,51.75,5.25
2024-09-21 08:00:00,-3.2792969,0.9026184,289.8411,102004.95,51.75,5.25
2024-09-21 09:00:00,-3.1968536,0.44062805,291.89893,102007.74,51.75,5.25
2024-09-21 10:00:00,-3.5237427,0.14979553,293.4716,101975.75,51.75,5.25
2024-09-21 11:00:00,-3.4128723,0.61994934,294.94037,101919.66,51.75,5.25
2024-09-21 12:00:00,-3.3428345,0.9650116,296.00595,101886.055,51.75,5.25
2024-09-21 13:00:00,-3.3080902,1.2311554,296.66922,101845.94,51.75,5.25
2024-09-21 14:00:00,-3.0414276,1.1087799,296.95874,101786.53,51.75,5.25
2024-09-21 15:00:00,-2.9435577,0.72932434,296.9375,101763.22,51.75,5.25
2024-09-21 16:00:00,-3.7595673,-0.22557068,296.31537,101764.4,51.75,5.25
2024-09-21 17:00:00,-4.9635925,-0.8107147,294.58484,101750.95,51.75,5.25
2024-09-21 18:00:00,-5.8298492,-0.46287537,291.79767,101768.72,51.75,5.25
2024-09-21 19:00:00,-6.0134125,0.10121155,290.12244,101787.984,51.75,5.25
2024-09-21 20:00:00,-6.0218964,0.6314392,289.22528,101806.02,51.75,5.25
2024-09-21 21:00:00,-5.984207,0.92871094,288.51318,101779.16,51.75,5.25
2024-09-21 22:00:00,-5.7836,1.1057281,288.0475,101754.42,51.75,5.25
2024-09-21 23:00:00,-5.3639984,1.4260712,287.53738,101725.73,51.75,5.25
2024-09-22 00:00:00,-4.9973907,1.99617,287.1236,101726.81,51.75,5.25
2024-09-22 01:00:00,-4.384674,2.714737,286.5674,101703.76,51.75,5.25
2024-09-22 02:00:00,-4.1898346,2.6021576,286.32703,101658.55,51.75,5.25
2024-09-22 03:00:00,-3.907608,2.7188873,286.14774,101612.484,51.75,5.25
2024-09-22 04:00:00,-3.748581,2.8565063,285.79694,101573.875,51.75,5.25
2024-09-22 05:00:00,-3.5718536,2.9382477,285.7037,101563.42,51.75,5.25
2024-09-22 06:00:00,-3.6875458,2.7113953,285.932,101567.09,51.75,5.25
2024-09-22 07:00:00,-3.9152985,2.3418274,288.09824,101543.9,51.75,5.25
2024-09-22 08:00:00,-3.6152039,1.51474,290.39105,101528.03,51.75,5.25
2024-09-22 09:00:00,-3.0522919,1.0975952,292.62054,101512.86,51.75,5.25
2024-09-22 10:00:00,-2.661789,1.5960693,294.17557,101492.164,51.75,5.25
2024-09-22 11:00:00,-2.250229,1.8072357,295.5146,101434.375,51.75,5.25
2024-09-22 12:00:00,-2.212494,2.0404205,296.0339,101392.33,51.75,5.25
2024-09-22 13:00:00,-2.284134,2.3422241,295.73578,101331.64,51.75,5.25
2024-09-22 14:00:00,-2.2915955,1.9631958,295.75787,101297.22,51.75,5.25
2024-09-22 15:00:00,-2.4644928,1.0873413,295.14545,101241.08,51.75,5.25
2024-09-22 16:00:00,-3.3097687,0.6301117,294.40134,101198.734,51.75,5.25
2024-09-22 17:00:00,-3.8568268,1.583786,293.04364,101197.05,51.75,5.25
2024-09-22 18:00:00,-3.9734344,2.6503906,291.8474,101164.53,51.75,5.25
2024-09-22 19:00:00,-3.7880096,2.710144,291.24435,101147.14,51.75,5.25
2024-09-22 20:00:00,-3.4496918,3.1248474,290.79285,101112.016,51.75,5.25
2024-09-22 21:00:00,-2.591156,4.074692,290.68274,101095.58,51.75,5.25
2024-09-22 22:00:00,-1.764389,4.6507263,289.40775,101052.59,51.75,5.25
2024-09-22 23:00:00,-0.34410095,5.0085144,288.86533,101034.65,51.75,5.25
2024-09-23 00:00:00,0.154953,5.0989685,288.5791,100956.375,51.75,5.25
2024-09-23 01:00:00,0.0625,5.9452057,288.94037,100901.11,51.75,5.25
2024-09-23 02:00:00,-0.46894836,6.3249664,289.22797,100850.28,51.75,5.25
2024-09-23 03:00:00,-1.7569733,7.0579987,289.54456,100816.36,51.75,5.25
2024-09-23 04:00:00,-1.8870087,6.6834717,289.51697,100788.89,51.75,5.25
2024-09-23 05:00:00,-1.6717682,6.975281,289.32993,100756.734,51.75,5.25
2024-09-23 06:00:00,-1.0059509,7.1200714,289.3615,100752.94,51.75,5.25
2024-09-23 07:00:00,-0.40693665,6.8157043,289.6371,100768.67,51.75,5.25
2024-09-23 08:00:00,0.53263855,5.983841,290.61914,100779.586,51.75,5.25
2024-09-23 09:00:00,2.5248108,6.0688934,291.6543,100770.875,51.75,5.25
2024-09-23 10:00:00,1.4948578,4.6360474,292.404,100789.05,51.75,5.25
2024-09-23 11:00:00,1.565567,5.2085876,293.02704,100760.99,51.75,5.25
2024-09-23 12:00:00,1.4474182,5.295868,293.30627,100710.56,51.75,5.25
2024-09-23 13:00:00,0.9032898,5.2157745,293.547,100664.95,51.75,5.25
2024-09-23 14:00:00,1.6597137,5.8561096,293.21414,100642.83,51.75,5.25
2024-09-23 15:00:00,3.1152954,4.7425537,293.01736,100628.95,51.75,5.25
2024-09-23 16:00:00,2.063568,4.2554474,292.11893,100577.47,51.75,5.25
2024-09-23 17:00:00,1.4904633,4.9052124,291.02423,100560.625,51.75,5.25
2024-09-23 18:00:00,2.7892609,5.084259,289.32,100577.41,51.75,5.25
2024-09-23 19:00:00,2.9539032,4.5898743,288.65573,100584.164,51.75,5.25
2024-09-23 20:00:00,1.9727631,4.6004944,287.88385,100576.2,51.75,5.25
2024-09-23 21:00:00,1.4371185,5.2401886,287.39075,100561.55,51.75,5.25
2024-09-23 22:00:00,1.9328308,6.204376,286.59705,100542.836,51.75,5.25
2024-09-23 23:00:00,1.9006348,5.840683,286.21576,100511.0,51.75,5.25
2024-09-24 00:00:00,2.0045624,6.094467,286.02695,100475.56,51.75,5.25
2024-09-24 01:00:00,1.9289703,6.323181,285.72467,100403.94,51.75,5.25
2024-09-24 02:00:00,1.633194,6.1957703,285.5404,100390.89,51.75,5.25
2024-09-24 03:00:00,1.220993,6.2218323,285.42758,100344.3,51.75,5.25
2024-09-24 04:00:00,1.3951263,6.286957,285.44012,100302.516,51.75,5.25
2024-09-24 05:00:00,1.1516266,6.1636963,285.3204,100284.22,51.75,5.25
2024-09-24 06:00:00,0.6405029,6.125839,285.60284,100282.2,51.75,5.25
2024-09-24 07:00:00,0.6237488,6.063507,286.5556,100258.516,51.75,5.25
2024-09-24 08:00:00,1.8299103,6.0289154,287.7265,100241.92,51.75,5.25
2024-09-24 09:00:00,2.7200928,5.856781,288.68628,100217.46,51.75,5.25
2024-09-24 10:00:00,3.6495667,5.1920776,289.5817,100211.125,51.75,5.25
2024-09-24 11:00:00,4.019684,5.40773,290.45065,100200.33,51.75,5.25
2024-09-24 12:00:00,4.2084503,5.3731384,291.65802,100164.52,51.75,5.25
2024-09-24 13:00:00,4.307083,5.042572,292.08875,100127.95,51.75,5.25
2024-09-24 14:00:00,4.7781982,3.6257782,291.58722,100091.71,51.75,5.25
2024-09-24 15:00:00,5.997513,3.0518188,290.94678,100059.04,51.75,5.25
2024-09-24 16:00:00,6.0204773,1.0430908,289.9278,100110.47,51.75,5.25
2024-09-24 17:00:00,6.731491,-0.20845032,289.32013,100154.69,51.75,5.25
2024-09-24 18:00:00,7.066986,-1.0071716,288.75116,100218.484,51.75,5.25
2024-09-24 19:00:00,6.9363556,-0.5786896,288.1605,100278.58,51.75,5.25
2024-09-24 20:00:00,6.266281,0.71499634,287.52856,100341.336,51.75,5.25
2024-09-24 21:00:00,5.7092743,2.4510803,286.8048,100354.19,51.75,5.25
2024-09-24 22:00:00,5.426651,4.007599,287.02087,100378.36,51.75,5.25
2024-09-24 23:00:00,5.846863,4.5374146,287.2236,100375.72,51.75,5.25
2024-09-25 00:00:00,5.656433,4.628418,287.29822,100365.086,51.75,5.25
2024-09-25 01:00:00,5.5167084,4.69989,287.042,100365.62,51.75,5.25
2024-09-25 02:00:00,5.251068,4.3008575,287.11777,100352.93,51.75,5.25
2024-09-25 03:00:00,4.12442,5.1013947,287.08868,100304.94,51.75,5.25
2024-09-25 04:00:00,4.252487,5.7501984,287.1376,100300.73,51.75,5.25
2024-09-25 05:00:00,5.179001,6.292618,287.12567,100270.875,51.75,5.25
2024-09-25 06:00:00,5.5712433,6.6854095,287.031,100288.42,51.75,5.25
2024-09-25 07:00:00,5.521637,6.7898407,287.24835,100291.09,51.75,5.25
2024-09-25 08:00:00,5.0145874,6.278885,287.318,100326.8,51.75,5.25
2024-09-25 09:00:00,4.2187347,5.459656,287.54865,100321.484,51.75,5.25
2024-09-25 10:00:00,2.8114624,5.4374237,288.1959,100344.44,51.75,5.25
2024-09-25 11:00:00,2.2444458,5.488495,288.97046,100314.25,51.75,5.25
2024-09-25 12:00:00,1.5692902,5.0367737,289.66522,100277.86,51.75,5.25
2024-09-25 13:00:00,0.9880676,5.0700684,290.37793,100206.75,51.75,5.25
2024-09-25 14:00:00,0.93681335,5.7036285,290.54575,100127.93,51.75,5.25
2024-09-25 15:00:00,0.94721985,6.0469666,290.141,100070.2,51.75,5.25
2024-09-25 16:00:00,1.8349304,5.6049957,289.25256,100036.234,51.75,5.25
2024-09-25 17:00:00,0.75045776,5.0148163,288.54025,99971.516,51.75,5.25
2024-09-25 18:00:00,-0.12922668,5.7223663,288.10767,99904.41,51.75,5.25
2024-09-25 19:00:00,0.036987305,6.2717896,287.76566,99834.58,51.75,5.25
2024-09-25 20:00:00,0.09474182,6.8313904,287.49353,99772.17,51.75,5.25
2024-09-25 21:00:00,-0.38339233,6.640869,287.2743,99698.31,51.75,5.25
2024-09-25 22:00:00,-2.2984772,6.4813232,287.14526,99557.984,51.75,5.25
2024-09-25 23:00:00,-3.3761444,5.857376,287.0816,99411.16,51.75,5.25
2024-09-26 00:00:00,-3.9546661,5.9683228,287.1386,99226.33,51.75,5.25
2024-09-26 01:00:00,-3.5237732,7.033142,287.3777,99098.34,51.75,5.25
2024-09-26 02:00:00,-1.4371338,8.120209,287.66034,98901.09,51.75,5.25
2024-09-26 03:00:00,2.6818695,9.18634,288.0849,98813.28,51.75,5.25
2024-09-26 04:00:00,4.4495544,8.570572,288.392,98768.99,51.75,5.25
2024-09-26 05:00:00,5.891556,7.9673615,288.41617,98791.05,51.75,5.25
2024-09-26 06:00:00,6.4241486,7.405182,288.58704,98815.55,51.75,5.25
2024-09-26 07:00:00,6.963791,7.5742035,288.4781,98854.34,51.75,5.25
2024-09-26 08:00:00,6.848709,6.7526855,288.66876,98895.164,51.75,5.25
2024-09-26 09:00:00,6.3936005,7.72052,289.22095,98955.43,51.75,5.25
2024-09-26 10:00:00,5.9458313,7.175308,289.6332,99026.95,51.75,5.25
2024-09-26 11:00:00,4.472107,7.32193,290.32385,99076.41,51.75,5.25
2024-09-26 12:00:00,7.5324097,8.323578,291.55988,99046.94,51.75,5.25
2024-09-26 13:00:00,6.816757,6.3857117,292.24695,98977.45,51.75,5.25
2024-09-26 14:00:00,6.609268,7.176285,292.7006,98933.88,51.75,5.25
2024-09-26 15:00:00,4.422638,6.8406982,291.38306,98929.5,51.75,5.25
2024-09-26 16:00:00,3.318283,6.8118286,290.43793,98900.88,51.75,5.25
2024-09-26 17:00:00,2.7999268,7.468994,289.5574,98872.8,51.75,5.25
2024-09-26 18:00:00,3.7158508,8.506271,288.36835,98924.375,51.75,5.25
2024-09-26 19:00:00,4.9101257,9.006882,288.1643,98944.73,51.75,5.25
2024-09-26 20:00:00,7.0568695,9.8510895,288.08807,98975.34,51.75,5.25
2024-09-26 21:00:00,9.042114,10.46994,287.95816,99021.21,51.75,5.25
2024-09-26 22:00:00,8.308823,10.253571,287.51993,99077.33,51.75,5.25
2024-09-26 23:00:00,8.502029,10.705338,287.55383,99156.125,51.75,5.25
2024-09-27 00:00:00,8.90918,10.531189,287.3023,99176.55,51.75,5.25
2024-09-27 01:00:00,9.238358,10.833786,286.80786,99225.44,51.75,5.25
2024-09-27 02:00:00,8.960022,11.520752,286.52823,99241.8,51.75,5.25
2024-09-27 03:00:00,8.9328,11.672256,286.26404,99249.14,51.75,5.25
2024-09-27 04:00:00,8.533432,11.369339,285.85498,99239.91,51.75,5.25
2024-09-27 05:00:00,7.957489,11.59314,285.5772,99250.58,51.75,5.25
2024-09-27 06:00:00,7.5716248,11.789795,285.37357,99250.695,51.75,5.25
2024-09-27 07:00:00,7.6700897,11.810379,285.67395,99289.89,51.75,5.25
2024-09-27 08:00:00,6.8516235,11.135315,286.40115,99309.94,51.75,5.25
2024-09-27 09:00:00,8.325287,11.850327,286.91388,99356.945,51.75,5.25
2024-09-27 10:00:00,8.394409,10.250626,287.13983,99379.45,51.75,5.25
2024-09-27 11:00:00,9.722275,10.33783,287.2813,99419.69,51.75,5.25
2024-09-27 12:00:00,9.539108,10.296768,287.1554,99446.56,51.75,5.25
2024-09-27 13:00:00,12.199448,7.899994,286.58044,99496.05,51.75,5.25
2024-09-27 14:00:00,9.497238,1.452652,285.85822,99611.664,51.75,5.25
2024-09-27 15:00:00,7.2925873,-2.0664673,285.35187,99734.33,51.75,5.25
2024-09-27 16:00:00,6.0168,-2.3137207,285.51654,99865.68,51.75,5.25
2024-09-27 17:00:00,6.263077,-2.7991028,285.71204,100037.7,51.75,5.25
2024-09-27 18:00:00,6.3670197,-4.2986298,285.48383,100195.8,51.75,5.25
2024-09-27 19:00:00,6.3669434,-5.367462,285.12042,100363.836,51.75,5.25
2024-09-27 20:00:00,6.329605,-5.675415,284.78998,100501.31,51.75,5.25
2024-09-27 21:00:00,6.212387,-5.8056335,284.3285,100633.62,51.75,5.25
2024-09-27 22:00:00,5.1528473,-5.916107,283.9112,100798.625,51.75,5.25
2024-09-27 23:00:00,5.227646,-5.4862976,283.84882,100902.875,51.75,5.25
2024-09-28 00:00:00,4.854721,-5.185913,283.00543,100938.125,51.75,5.25
2024-09-28 01:00:00,5.296524,-4.4348907,282.68854,101153.5,51.75,5.25
2024-09-28 02:00:00,5.884262,-3.7135773,282.50174,101132.81,51.75,5.25
2024-09-28 03:00:00,6.220169,-3.1036377,282.3448,101271.305,51.75,5.25
2024-09-28 04:00:00,5.920761,-2.7813263,282.13092,101346.75,51.75,5.25
2024-09-28 05:00:00,5.6672363,-2.516327,281.95038,101460.05,51.75,5.25
2024-09-28 06:00:00,5.732422,-2.405655,282.2689,101563.38,51.75,5.25
2024-09-28 07:00:00,5.8257294,-2.0236206,283.00146,101675.03,51.75,5.25
2024-09-28 08:00:00,5.571823,-1.9182892,283.68732,101821.47,51.75,5.25
2024-09-28 09:00:00,4.7673035,-2.3031769,284.74042,101881.34,51.75,5.25
2024-09-28 10:00:00,4.434326,-1.653717,285.7411,101952.34,51.75,5.25
2024-09-28 11:00:00,5.3510284,-2.0305786,286.10083,102017.125,51.75,5.25
2024-09-28 12:00:00,5.605789,-3.067047,286.9122,102087.11,51.75,5.25
2024-09-28 13:00:00,5.646927,-3.887268,286.18817,102131.39,51.75,5.25
2024-09-28 14:00:00,6.2300873,-4.820709,285.732,102186.25,51.75,5.25
2024-09-28 15:00:00,5.742035,-4.528076,285.81946,102263.72,51.75,5.25
2024-09-28 16:00:00,5.118164,-3.9606476,285.38544,102309.164,51.75,5.25
2024-09-28 17:00:00,4.6697235,-3.2274628,284.47006,102391.805,51.75,5.25
2024-09-28 18:00:00,4.335266,-2.5463715,283.3451,102469.23,51.75,5.25
2024-09-28 19:00:00,4.143738,-1.8766327,282.60724,102525.53,51.75,5.25
2024-09-28 20:00:00,4.0051727,-1.4576874,281.50604,102587.34,51.75,5.25
2024-09-28 21:00:00,3.735321,-0.86491394,280.94843,102627.06,51.75,5.25
2024-09-28 22:00:00,3.4506073,0.17501831,280.09113,102684.73,51.75,5.25
2024-09-28 23:00:00,3.668869,0.93307495,279.97827,102736.54,51.75,5.25
2024-09-29 00:00:00,3.821106,1.7024841,280.14554,102739.39,51.75,5.25
2024-09-29 01:00:00,3.5309906,2.250412,279.3012,102754.45,51.75,5.25
2024-09-29 02:00:00,3.3434296,2.7423553,278.91632,102725.78,51.75,5.25
2024-09-29 03:00:00,3.2582397,2.7204742,278.52325,102704.14,51.75,5.25
2024-09-29 04:00:00,3.0984344,2.7670593,278.1407,102690.64,51.75,5.25
2024-09-29 05:00:00,2.3252106,3.1487427,278.00806,102692.25,51.75,5.25
2024-09-29 06:00:00,1.5740967,3.686264,278.05945,102734.32,51.75,5.25
2024-09-29 07:00:00,0.71209717,4.1607666,280.25992,102764.81,51.75,5.25
2024-09-29 08:00:00,0.13613892,3.3020935,282.82007,102773.19,51.75,5.25
2024-09-29 09:00:00,-0.37574768,2.9565277,284.90533,102778.23,51.75,5.25
2024-09-29 10:00:00,-1.5500488,2.8832092,285.9535,102717.09,51.75,5.25
2024-09-29 11:00:00,-2.0842743,4.1769257,286.56366,102675.94,51.75,5.25
2024-09-29 12:00:00,-2.3090973,4.685013,286.87946,102611.42,51.75,5.25
2024-09-29 13:00:00,-3.297577,4.2785797,286.8907,102519.13,51.75,5.25
2024-09-29 14:00:00,-3.8235474,4.177109,286.84192,102457.19,51.75,5.25
2024-09-29 15:00:00,-4.835785,3.4759064,286.4851,102363.08,51.75,5.25
2024-09-29 16:00:00,-5.7196503,3.1321564,285.97684,102275.31,51.75,5.25
2024-09-29 17:00:00,-6.183609,3.1166687,285.21802,102218.04,51.75,5.25
2024-09-29 18:00:00,-6.943222,3.3847046,284.20355,102152.81,51.75,5.25
2024-09-29 19:00:00,-7.4532623,4.324951,283.62936,102097.7,51.75,5.25
2024-09-29 20:00:00,-7.2743683,5.2734833,283.2342,102006.77,51.75,5.25
2024-09-29 21:00:00,-6.629257,5.594162,282.91235,101967.05,51.75,5.25
2024-09-29 22:00:00,-6.6605225,6.506836,282.52728,101852.78,51.75,5.25
2024-09-29 23:00:00,-5.7694244,6.06691,282.40997,101772.984,51.75,5.25
2024-09-30 00:00:00,-6.4578247,5.8012085,282.28094,101664.09,51.75,5.25
2024-09-30 01:00:00,-7.173004,5.421997,282.3357,101558.45,51.75,5.25
2024-09-30 02:00:00,-7.162369,5.5623474,282.46335,101431.06,51.75,5.25
2024-09-30 03:00:00,-6.956787,5.772644,282.31076,101391.586,51.75,5.25
2024-09-30 04:00:00,-7.3421326,6.0047913,282.35486,101280.47,51.75,5.25
2024-09-30 05:00:00,-6.824188,6.2789,282.29932,101200.7,51.75,5.25
2024-09-30 06:00:00,-6.4987183,6.5861053,282.6831,101155.7,51.75,5.25
2024-09-30 07:00:00,-6.255234,6.760376,283.2052,101092.586,51.75,5.25
2024-09-30 08:00:00,-5.9632874,6.893692,283.84012,101047.984,51.75,5.25
2024-09-30 09:00:00,-5.748871,6.505844,284.74792,101006.17,51.75,5.25
2024-09-30 10:00:00,-5.375885,6.0820923,286.04453,100949.75,51.75,5.25
2024-09-30 11:00:00,-5.3984528,6.4591827,285.68512,100892.14,51.75,5.25
2024-09-30 12:00:00,-5.4365845,7.1165924,286.03113,100806.58,51.75,5.25
2024-09-30 13:00:00,-3.8010254,8.120392,286.30725,100750.09,51.75,5.25
2024-09-30 14:00:00,-2.8513184,8.423737,286.81616,100657.33,51.75,5.25
2024-09-30 15:00:00,-2.8447113,9.175232,287.31146,100560.47,51.75,5.25
2024-09-30 16:00:00,-1.0779724,10.271332,287.6624,100482.6,51.75,5.25
2024-09-30 17:00:00,2.7659302,10.905029,287.7988,100452.61,51.75,5.25
2024-09-30 18:00:00,5.4704437,10.337082,287.8565,100462.33,51.75,5.25
2024-09-30 19:00:00,6.839081,9.525604,287.73663,100471.625,51.75,5.25
2024-09-30 20:00:00,6.883621,9.134949,287.57837,100496.016,51.75,5.25
2024-09-30 21:00:00,6.2332764,9.245895,287.59375,100483.875,51.75,5.25
2024-09-30 22:00:00,5.6730194,8.33934,287.31506,100436.41,51.75,5.25
2024-09-30 23:00:00,6.147278,8.7388,287.1428,100437.484,51.75,5.25
2024-10-01 00:00:00,6.321228,8.564056,286.92053,100436.67,51.75,5.25
2024-10-01 01:00:00,6.2083282,8.613907,286.7657,100436.766,51.75,5.25
2024-10-01 02:00:00,6.754471,8.595291,286.609,100433.305,51.75,5.25
2024-10-01 03:00:00,6.505142,8.613373,286.27124,100423.695,51.75,5.25
2024-10-01 04:00:00,5.9414825,8.89679,285.88165,100374.09,51.75,5.25
2024-10-01 05:00:00,5.595703,9.568192,285.6728,100370.25,51.75,5.25
2024-10-01 06:00:00,6.375046,9.931107,285.49088,100352.05,51.75,5.25
2024-10-01 07:00:00,8.359573,8.768356,285.1424,100349.83,51.75,5.25
2024-10-01 08:00:00,9.485199,7.102249,285.2602,100402.234,51.75,5.25
2024-10-01 09:00:00,9.383408,6.526428,285.78574,100449.25,51.75,5.25
2024-10-01 10:00:00,6.763565,7.6603394,286.26767,100528.97,51.75,5.25
2024-10-01 11:00:00,7.2723846,7.8480377,286.6584,100525.28,51.75,5.25
2024-10-01 12:00:00,7.380005,6.8089905,287.20493,100550.65,51.75,5.25
2024-10-01 13:00:00,7.0793915,6.121811,287.65265,100573.11,51.75,5.25
2024-10-01 14:00:00,5.583847,6.0291443,287.74402,100557.8,51.75,5.25
2024-10-01 15:00:00,4.238434,5.6509857,288.04193,100542.67,51.75,5.25
2024-10-01 16:00:00,3.7432709,5.595413,287.7197,100534.52,51.75,5.25
2024-10-01 17:00:00,2.9774628,5.189911,287.09967,100545.73,51.75,5.25
2024-10-01 18:00:00,2.2418213,5.011154,286.23193,100554.36,51.75,5.25
2024-10-01 19:00:00,1.3394623,4.457718,285.69586,100566.07,51.75,5.25
2024-10-01 20:00:00,0.565567,3.783905,284.823,100571.13,51.75,5.25
2024-10-01 21:00:00,0.35534668,3.3800964,284.43457,100600.44,51.75,5.25
2024-10-01 22:00:00,1.169632,2.9367828,284.4491,100600.33,51.75,5.25
2024-10-01 23:00:00,1.7922516,2.4894104,284.04214,100615.734,51.75,5.25
2024-10-02 00:00:00,2.3981476,1.8864746,283.7317,100656.41,51.75,5.25
2024-10-02 01:00:00,2.538437,0.58703613,282.7771,100686.375,51.75,5.25
2024-10-02 02:00:00,2.4201813,-1.0766144,282.71008,100702.266,51.75,5.25
2024-10-02 03:00:00,1.5345764,-3.0237122,282.08652,100717.625,51.75,5.25
2024-10-02 04:00:00,-0.023025513,-4.110672,281.4862,100750.15,51.75,5.25
2024-10-02 05:00:00,-1.4784851,-4.2276917,281.63058,100791.53,51.75,5.25
2024-10-02 06:00:00,-2.362915,-4.465988,282.28412,100849.11,51.75,5.25
2024-10-02 07:00:00,-2.763321,-4.9136047,283.34882,100926.484,51.75,5.25
2024-10-02 08:00:00,-3.9618988,-5.486908,284.3647,100994.09,51.75,5.25
2024-10-02 09:00:00,-3.9926453,-5.237976,284.6665,101046.08,51.75,5.25
2024-10-02 10:00:00,-3.7823334,-4.5356903,284.39478,101127.14,51.75,5.25
2024-10-02 11:00:00,-2.9425354,-4.2716217,284.35364,101155.84,51.75,5.25
2024-10-02 12:00:00,-2.5723724,-4.3992615,284.32,101180.914,51.75,5.25
2024-10-02 13:00:00,-3.073059,-4.6362305,284.31815,101220.14,51.75,5.25
2024-10-02 14:00:00,-4.185669,-4.850601,284.57715,101257.8,51.75,5.25
2024-10-02 15:00:00,-4.545868,-4.5809174,284.54068,101277.44,51.75,5.25
2024-10-02 16:00:00,-4.8848114,-4.5835266,284.49725,101307.42,51.75,5.25
2024-10-02 17:00:00,-5.032501,-4.5220947,284.39334,101371.56,51.75,5.25
2024-10-02 18:00:00,-5.602951,-4.6012726,284.24353,101447.14,51.75,5.25
2024-10-02 19:00:00,-6.142914,-4.678787,284.1468,101523.34,51.75,5.25
2024-10-02 20:00:00,-6.1450806,-4.5547485,284.06274,101591.266,51.75,5.25
2024-10-02 21:00:00,-5.870407,-4.6052704,283.56378,101627.09,51.75,5.25
2024-10-02 22:00:00,-5.7924194,-4.854416,283.2168,101671.22,51.75,5.25
2024-10-02 23:00:00,-5.4911346,-5.123764,282.53143,101700.5,51.75,5.25
2024-10-03 00:00:00,-5.7129974,-5.0356903,281.96738,101738.625,51.75,5.25
2024-10-03 01:00:00,-5.812973,-4.8255157,281.14587,101760.875,51.75,5.25
2024-10-03 02:00:00,-5.5045013,-4.519684,280.3617,101781.52,51.75,5.25
2024-10-03 03:00:00,-5.171036,-4.714447,279.4365,101790.49,51.75,5.25
2024-10-03 04:00:00,-4.798874,-4.900757,279.13135,101816.08,51.75,5.25
2024-10-03 05:00:00,-4.4681244,-5.170807,278.63568,101833.266,51.75,5.25
2024-10-03 06:00:00,-4.176239,-5.243332,278.3827,101864.625,51.75,5.25
2024-10-03 07:00:00,-3.5850677,-5.1131744,279.96002,101925.35,51.75,5.25
2024-10-03 08:00:00,-2.5637512,-4.5045624,282.29694,101979.16,51.75,5.25
2024-10-03 09:00:00,-2.826233,-4.4689636,284.28845,102017.484,51.75,5.25
2024-10-03 10:00:00,-4.23584,-4.645523,285.79645,102035.78,51.75,5.25
2024-10-03 11:00:00,-4.3599854,-4.45903,286.30713,102013.2,51.75,5.25
2024-10-03 12:00:00,-4.412384,-4.5780487,286.5969,101980.336,51.75,5.25
2024-10-03 13:00:00,-4.3884735,-4.969986,287.13422,101988.4,51.75,5.25
2024-10-03 14:00:00,-4.4777527,-5.3635864,287.36893,101954.31,51.75,5.25
2024-10-03 15:00:00,-4.1376343,-5.0099335,286.9934,101940.125,51.75,5.25
2024-10-03 16:00:00,-3.330124,-4.2072906,286.19,101955.41,51.75,5.25
2024-10-03 17:00:00,-2.8775177,-4.2345734,284.50818,101996.75,51.75,5.25
2024-10-03 18:00:00,-2.6911163,-4.681473,283.07184,102032.79,51.75,5.25
2024-10-03 19:00:00,-2.9046783,-4.9924164,282.59888,102066.266,51.75,5.25
2024-10-03 20:00:00,-3.3529816,-4.8055267,281.94336,102078.22,51.75,5.25
2024-10-03 21:00:00,-3.760254,-4.8060303,281.48486,102099.36,51.75,5.25
2024-10-03 22:00:00,-4.337448,-4.384552,281.3112,102120.58,51.75,5.25
2024-10-03 23:00:00,-4.2279663,-3.9549866,280.99573,102110.58,51.75,5.25
2024-10-04 00:00:00,-3.9627686,-3.723709,280.79733,102088.734,51.75,5.25
2024-10-04 01:00:00,-3.8060608,-3.5495453,279.93863,102060.8,51.75,5.25
2024-10-04 02:00:00,-3.4412994,-3.3025665,279.67114,102057.9,51.75,5.25
2024-10-04 03:00:00,-3.128662,-3.2539215,278.82767,102069.11,51.75,5.25
2024-10-04 04:00:00,-3.146988,-3.1722717,278.34875,102093.94,51.75,5.25
2024-10-04 05:00:00,-3.1667023,-3.0625305,277.56604,102106.42,51.75,5.25
2024-10-04 06:00:00,-3.4916687,-2.8992004,277.33313,102145.94,51.75,5.25
2024-10-04 07:00:00,-3.3611908,-2.9100342,278.65475,102175.83,51.75,5.25
2024-10-04 08:00:00,-2.5808868,-2.3156738,281.61426,102205.5,51.75,5.25
2024-10-04 09:00:00,-2.29451,-1.8492279,284.1621,102225.34,51.75,5.25
2024-10-04 10:00:00,-1.7412567,-1.1627197,285.94684,102206.3,51.75,5.25
2024-10-04 11:00:00,-2.9257507,-0.9340668,287.0365,102179.66,51.75,5.25
2024-10-04 12:00:00,-2.5870514,-0.9473419,287.66614,102160.37,51.75,5.25
2024-10-04 13:00:00,-2.6889648,-1.0723572,287.7766,102127.02,51.75,5.25
2024-10-04 14:00:00,-2.7060394,-1.2509155,287.71912,102089.5,51.75,5.25
2024-10-04 15:00:00,-2.5875244,-1.5010529,287.5003,102086.11,51.75,5.25
2024-10-04 16:00:00,-2.5469513,-1.9047852,287.0169,102089.68,51.75,5.25
2024-10-04 17:00:00,-3.2668762,-2.325119,284.97156,102100.75,51.75,5.25
2024-10-04 18:00:00,-3.8228302,-2.5565338,282.16544,102137.97,51.75,5.25
2024-10-04 19:00:00,-4.3371124,-2.4352875,281.50043,102145.82,51.75,5.25
2024-10-04 20:00:00,-4.9704742,-1.7227325,280.81808,102163.56,51.75,5.25
2024-10-04 21:00:00,-4.9826508,-0.8293457,279.16498,102139.05,51.75,5.25
2024-10-04 22:00:00,-4.6832733,-0.19944763,278.5254,102138.08,51.75,5.25
2024-10-04 23:00:00,-4.385971,0.35717773,277.40924,102105.33,51.75,5.25
2024-10-05 00:00:00,-3.9220734,0.93904114,277.17734,102089.59,51.75,5.25
2024-10-05 01:00:00,-3.2215118,0.9906769,276.97632,102077.234,51.75,5.25
2024-10-05 02:00:00,-2.8439026,1.0346985,276.6933,102045.0,51.75,5.25
2024-10-05 03:00:00,-3.106308,1.1427612,276.289,102048.984,51.75,5.25
2024-10-05 04:00:00,-3.3843994,1.4075012,275.5367,102040.78,51.75,5.25
2024-10-05 05:00:00,-3.1768646,1.6019135,275.04858,102007.66,51.75,5.25
2024-10-05 06:00:00,-3.3218384,1.6761475,275.1119,102019.1,51.75,5.25
2024-10-05 07:00:00,-3.2558746,1.6306152,278.19727,102015.99,51.75,5.25
2024-10-05 08:00:00,-2.6945648,1.2901611,281.64142,102024.89,51.75,5.25
2024-10-05 09:00:00,-2.2715454,0.746109,284.46494,101994.78,51.75,5.25
2024-10-05 10:00:00,-2.1160889,0.6920929,286.34106,101940.195,51.75,5.25
2024-10-05 11:00:00,-2.3006744,1.0148163,287.36975,101903.1,51.75,5.25
2024-10-05 12:00:00,-2.7557678,1.4231873,287.8946,101837.89,51.75,5.25
2024-10-05 13:00:00,-3.3382874,1.5381927,288.15277,101753.625,51.75,5.25
2024-10-05 14:00:00,-3.676178,1.7863464,288.1774,101671.61,51.75,5.25
2024-10-05 15:00:00,-3.6955414,1.8369141,287.92264,101631.516,51.75,5.25
2024-10-05 16:00:00,-4.0155945,1.5627441,287.17807,101573.03,51.75,5.25
2024-10-05 17:00:00,-4.566864,1.5317993,284.32806,101539.44,51.75,5.25
2024-10-05 18:00:00,-5.481308,1.8700104,282.34647,101540.875,51.75,5.25
2024-10-05 19:00:00,-7.021118,2.4726562,281.95233,101475.45,51.75,5.25
2024-10-05 20:00:00,-7.5944824,2.8206024,281.6631,101422.09,51.75,5.25
2024-10-05 21:00:00,-6.778549,3.4578247,281.29175,101392.94,51.75,5.25
2024-10-05 22:00:00,-5.1709595,4.5007477,280.695,101367.89,51.75,5.25
2024-10-05 23:00:00,-5.066864,4.9227905,280.3939,101303.91,51.75,5.25
2024-10-06 00:00:00,-5.0968475,5.6471405,280.39178,101245.21,51.75,5.25
2024-10-06 01:00:00,-4.1071625,6.2776337,280.23087,101224.445,51.75,5.25
2024-10-06 02:00:00,-3.9533997,5.8766174,280.01166,101155.84,51.75,5.25
2024-10-06 03:00:00,-4.58873,5.289337,279.78354,101106.79,51.75,5.25
2024-10-06 04:00:00,-5.8070984,4.9003754,279.55988,101049.984,51.75,5.25
2024-10-06 05:00:00,-6.412079,4.7256775,279.5736,100976.484,51.75,5.25
2024-10-06 06:00:00,-6.8242645,4.5209503,279.57275,100951.67,51.75,5.25
2024-10-06 07:00:00,-6.6167603,4.448059,280.67722,100933.49,51.75,5.25
2024-10-06 08:00:00,-6.025772,4.7822876,281.93732,100912.375,51.75,5.25
2024-10-06 09:00:00,-5.8006744,4.228134,283.3902,100854.05,51.75,5.25
2024-10-06 10:00:00,-5.3766785,3.2679138,284.65308,100757.125,51.75,5.25
2024-10-06 11:00:00,-5.551422,3.771988,286.06604,100666.63,51.75,5.25
2024-10-06 12:00:00,-5.8293,4.3273315,287.083,100557.36,51.75,5.25
2024-10-06 13:00:00,-6.0534515,5.005371,287.98563,100461.37,51.75,5.25
2024-10-06 14:00:00,-5.8661804,5.762207,288.53906,100388.93,51.75,5.25
2024-10-06 15:00:00,-5.1766815,6.1277313,288.72195,100326.055,51.75,5.25
2024-10-06 16:00:00,-4.938263,6.1312103,287.85138,100296.45,51.75,5.25
2024-10-06 17:00:00,-5.1036987,6.566025,286.58917,100266.54,51.75,5.25
2024-10-06 18:00:00,-4.2566223,7.0696716,286.06024,100245.58,51.75,5.25
2024-10-06 19:00:00,-3.9894562,7.4937897,286.2455,100176.05,51.75,5.25
2024-10-06 20:00:00,-3.030136,7.9869385,286.48666,100131.484,51.75,5.25
2024-10-06 21:00:00,-2.0388947,8.0915985,286.4624,100095.63,51.75,5.25
2024-10-06 22:00:00,-1.0285187,7.5954437,286.26587,100042.336,51.75,5.25
2024-10-06 23:00:00,0.34669495,7.396652,286.59903,99960.766,51.75,5.25
2024-10-07 00:00:00,1.4057617,7.764389,286.8744,99941.75,51.75,5.25
2024-10-07 01:00:00,2.1606903,8.122223,287.11536,99926.89,51.75,5.25
2024-10-07 02:00:00,3.4547424,8.460541,287.44202,99889.87,51.75,5.25
2024-10-07 03:00:00,4.7307434,8.445404,287.86523,99903.03,51.75,5.25
2024-10-07 04:00:00,6.1755524,7.5668488,287.71436,99945.484,51.75,5.25
2024-10-07 05:00:00,6.2401123,6.65683,287.58008,99960.625,51.75,5.25
2024-10-07 06:00:00,6.1741943,6.5214996,287.29865,100037.0,51.75,5.25
2024-10-07 07:00:00,5.709259,5.756378,287.14197,100083.41,51.75,5.25
2024-10-07 08:00:00,4.8539276,5.56929,288.18326,100140.234,51.75,5.25
2024-10-07 09:00:00,3.4646301,5.709427,289.2458,100215.266,51.75,5.25
2024-10-07 10:00:00,5.07901,4.8477325,290.0229,100260.516,51.75,5.25
2024-10-07 11:00:00,4.3421936,4.7135925,290.70627,100270.75,51.75,5.25
2024-10-07 12:00:00,3.4107056,4.851898,291.26416,100278.16,51.75,5.25
2024-10-07 13:00:00,2.7651215,4.5287323,291.55588,100234.8,51.75,5.25
2024-10-07 14:00:00,1.989151,4.1093903,291.7138,100204.61,51.75,5.25
2024-10-07 15:00:00,0.11856079,4.2411957,291.26413,100156.06,51.75,5.25
2024-10-07 16:00:00,-1.3505859,4.921219,290.26392,100133.97,51.75,5.25
2024-10-07 17:00:00,-2.4546814,5.003937,288.89954,100148.86,51.75,5.25
2024-10-07 18:00:00,-3.8197327,4.3302917,288.4196,100123.05,51.75,5.25
2024-10-07 19:00:00,-5.831726,3.64328,288.03333,100036.45,51.75,5.25
2024-10-07 20:00:00,-6.803543,4.2904053,287.9759,99963.266,51.75,5.25
2024-10-07 21:00:00,-6.7086487,4.8883057,287.77405,99904.75,51.75,5.25
2024-10-07 22:00:00,-6.3527527,4.641388,288.14648,99807.3,51.75,5.25
2024-10-07 23:00:00,-4.763794,5.6867523,288.14044,99738.08,51.75,5.25
2024-10-08 00:00:00,-2.8982697,7.391693,288.232,99712.33,51.75,5.25
2024-10-08 01:00:00,-0.11685181,8.063202,288.5755,99652.625,51.75,5.25
2024-10-08 02:00:00,0.8082123,8.499176,288.93317,99567.305,51.75,5.25
2024-10-08 03:00:00,3.704895,8.079727,289.1283,99586.16,51.75,5.25
2024-10-08 04:00:00,4.1188507,7.3082123,289.21558,99613.2,51.75,5.25
2024-10-08 05:00:00,4.3117676,6.9686737,288.99738,99667.59,51.75,5.25
2024-10-08 06:00:00,4.5906067,7.216858,288.66913,99721.92,51.75,5.25
2024-10-08 07:00:00,4.3956604,7.0564423,288.53305,99794.06,51.75,5.25
2024-10-08 08:00:00,4.57193,6.758713,288.83038,99823.89,51.75,5.25
2024-10-08 09:00:00,5.060547,7.0649414,289.23053,99835.92,51.75,5.25
2024-10-08 10:00:00,2.6970062,6.4400024,289.91064,99862.99,51.75,5.25
2024-10-08 11:00:00,2.9912415,6.0671844,290.46497,99789.14,51.75,5.25
2024-10-08 12:00:00,4.0079346,7.2145996,290.53363,99814.91,51.75,5.25
2024-10-08 13:00:00,3.4953003,6.7428436,290.61115,99824.06,51.75,5.25
2024-10-08 14:00:00,2.6763153,6.6964417,290.76114,99803.97,51.75,5.25
2024-10-08 15:00:00,2.4593048,6.385849,290.6397,99772.31,51.75,5.25
2024-10-08 16:00:00,1.0134583,6.636078,290.35657,99741.414,51.75,5.25
2024-10-08 17:00:00,0.16897583,7.394745,289.50946,99755.66,51.75,5.25
2024-10-08 18:00:00,-0.10450745,8.150757,288.7447,99762.66,51.75,5.25
2024-10-08 19:00:00,0.28181458,8.398254,288.5133,99751.27,51.75,5.25
2024-10-08 20:00:00,0.39707947,8.712723,288.05133,99713.34,51.75,5.25
2024-10-08 21:00:00,0.67489624,8.943481,287.69415,99686.484,51.75,5.25
2024-10-08 22:00:00,1.2867432,9.464951,287.6042,99617.266,51.75,5.25
2024-10-08 23:00:00,2.3719025,9.401474,287.562,99579.016,51.75,5.25
2024-10-09 00:00:00,2.3205261,9.116165,287.40833,99535.44,51.75,5.25
2024-10-09 01:00:00,1.2946472,9.284958,287.4585,99494.19,51.75,5.25
2024-10-09 02:00:00,1.4866791,9.413773,287.23257,99446.44,51.75,5.25
2024-10-09 03:00:00,1.4737549,9.19696,287.17346,99384.64,51.75,5.25
2024-10-09 04:00:00,1.07724,9.347733,286.831,99316.17,51.75,5.25
2024-10-09 05:00:00,1.1189117,9.180603,286.857,99235.8,51.75,5.25
2024-10-09 06:00:00,1.4016876,8.995697,287.37604,99213.25,51.75,5.25
2024-10-09 07:00:00,1.3966827,8.50647,287.48798,99173.39,51.75,5.25
2024-10-09 08:00:00,1.5041962,8.563553,287.94702,99125.45,51.75,5.25
2024-10-09 09:00:00,2.1950073,8.33046,288.76724,99050.125,51.75,5.25
2024-10-09 10:00:00,2.4861908,7.7955475,288.83862,98994.555,51.75,5.25
2024-10-09 11:00:00,0.857254,7.1100464,288.91507,98900.125,51.75,5.25
2024-10-09 12:00:00,0.03704834,6.7892914,288.65424,98854.375,51.75,5.25
2024-10-09 13:00:00,-1.0912018,6.001587,288.11386,98796.94,51.75,5.25
2024-10-09 14:00:00,-1.5792542,4.8878174,287.82513,98722.18,51.75,5.25
2024-10-09 15:00:00,-2.5008545,3.2793884,287.37292,98609.016,51.75,5.25
2024-10-09 16:00:00,-2.5356598,2.0800781,287.01477,98547.125,51.75,5.25
2024-10-09 17:00:00,-2.653885,0.8768921,286.6513,98462.55,51.75,5.25
2024-10-09 18:00:00,-1.883728,-1.6618652,286.35132,98412.46,51.75,5.25
2024-10-09 19:00:00,-0.8296814,-3.2203674,286.22623,98413.15,51.75,5.25
2024-10-09 20:00:00,-1.0044403,-4.461075,286.0768,98375.66,51.75,5.25
2024-10-09 21:00:00,0.022491455,-5.622635,285.91434,98380.51,51.75,5.25
2024-10-09 22:00:00,1.615921,-5.545166,285.79495,98376.53,51.75,5.25
2024-10-09 23:00:00,3.1172028,-4.9982605,285.78882,98418.266,51.75,5.25
2024-10-10 00:00:00,4.353424,-4.0548553,285.80386,98474.125,51.75,5.25
2024-10-10 01:00:00,6.044983,-3.0141907,285.78336,98577.61,51.75,5.25
2024-10-10 02:00:00,6.5941467,-1.844574,285.95123,98680.195,51.75,5.25
2024-10-10 03:00:00,6.8072357,-1.2920837,285.87036,98773.82,51.75,5.25
2024-10-10 04:00:00,6.8706512,-2.999817,285.95874,98901.16,51.75,5.25
2024-10-10 05:00:00,6.479141,-6.010559,286.1136,99050.91,51.75,5.25
2024-10-10 06:00:00,6.1744537,-7.1209106,286.25616,99249.85,51.75,5.25
2024-10-10 07:00:00,6.085266,-6.481964,286.04297,99448.63,51.75,5.25
2024-10-10 08:00:00,6.084976,-6.4830933,285.90405,99611.72,51.75,5.25
2024-10-10 09:00:00,5.669235,-6.84816,286.66516,99755.42,51.75,5.25
2024-10-10 10:00:00,4.433441,-6.2841797,286.9474,99895.58,51.75,5.25
2024-10-10 11:00:00,4.540451,-5.469055,287.023,100026.484,51.75,5.25
2024-10-10 12:00:00,4.649109,-5.4369965,287.14575,100126.63,51.75,5.25
2024-10-10 13:00:00,4.902176,-5.0759125,286.95288,100220.234,51.75,5.25
2024-10-10 14:00:00,4.7271576,-5.142685,286.48602,100320.36,51.75,5.25
2024-10-10 15:00:00,4.077408,-5.0092773,286.0884,100379.64,51.75,5.25
2024-10-10 16:00:00,4.041214,-4.8180084,285.20456,100457.88,51.75,5.25
2024-10-10 17:00:00,3.9159393,-5.1484222,284.2555,100544.8,51.75,5.25
2024-10-10 18:00:00,3.495224,-4.466522,283.6236,100623.97,51.75,5.25
2024-10-10 19:00:00,3.556549,-3.3137207,283.1163,100701.45,51.75,5.25
2024-10-10 20:00:00,3.7794037,-2.6822052,282.33295,100793.31,51.75,5.25
2024-10-10 21:00:00,4.2341156,-2.8009033,282.07562,100860.125,51.75,5.25
2024-10-10 22:00:00,3.6296387,-2.67836,281.91544,100942.875,51.75,5.25
2024-10-10 23:00:00,3.7443695,-2.436081,281.59552,101014.0,51.75,5.25
2024-10-11 00:00:00,3.776352,-2.098999,281.18695,101045.22,51.75,5.25
2024-10-11 01:00:00,3.9767609,-2.1489563,280.89386,101083.484,51.75,5.25
2024-10-11 02:00:00,4.2612,-1.9836884,280.4984,101138.92,51.75,5.25
2024-10-11 03:00:00,4.2972107,-1.5003662,280.1314,101207.89,51.75,5.25
2024-10-11 04:00:00,4.3760223,-1.0916595,279.80557,101263.42,51.75,5.25
2024-10-11 05:00:00,4.5413666,-0.8589783,279.54462,101299.625,51.75,5.25
2024-10-11 06:00:00,4.6167603,-0.6301727,279.5053,101380.86,51.75,5.25
2024-10-11 07:00:00,4.5036316,-0.50738525,280.21213,101467.39,51.75,5.25
2024-10-11 08:00:00,3.6712952,-0.0849762,282.0775,101550.766,51.75,5.25
2024-10-11 09:00:00,2.691803,0.33052063,283.61304,101623.83,51.75,5.25
2024-10-11 10:00:00,2.8527222,0.6994171,284.726,101689.734,51.75,5.25
2024-10-11 11:00:00,3.2901,0.97914124,285.05835,101698.414,51.75,5.25
2024-10-11 12:00:00,3.2246704,1.0763245,285.2956,101725.625,51.75,5.25
2024-10-11 13:00:00,3.066864,0.7415161,285.30478,101723.66,51.75,5.25
2024-10-11 14:00:00,3.0110626,0.3287964,285.47223,101752.66,51.75,5.25
2024-10-11 15:00:00,2.8907166,-0.009246826,285.41025,101758.49,51.75,5.25
2024-10-11 16:00:00,2.4171143,-0.23168945,284.67273,101785.625,51.75,5.25
2024-10-11 17:00:00,1.5302277,-0.62901306,282.71863,101791.83,51.75,5.25
2024-10-11 18:00:00,0.27252197,-0.5831909,281.17117,101779.8,51.75,5.25
2024-10-11 19:00:00,-0.8211975,-0.17448425,280.7542,101800.625,51.75,5.25
2024-10-11 20:00:00,-1.7865143,0.38676453,279.05316,101787.08,51.75,5.25
2024-10-11 21:00:00,-3.0929413,1.2529907,279.21265,101772.42,51.75,5.25
2024-10-11 22:00:00,-2.8338776,3.0689087,278.60315,101741.69,51.75,5.25
2024-10-11 23:00:00,-2.0993958,3.6889954,278.66528,101735.36,51.75,5.25
2024-10-12 00:00:00,-2.4510803,3.564392,278.83783,101693.68,51.75,5.25
2024-10-12 01:00:00,-3.1081696,3.5092773,278.46765,101628.95,51.75,5.25
2024-10-12 02:00:00,-3.1536407,4.069809,278.4848,101580.06,51.75,5.25
2024-10-12 03:00:00,-3.096115,4.858597,278.7024,101512.125,51.75,5.25
2024-10-12 04:00:00,-2.864273,5.1877747,278.79352,101478.56,51.75,5.25
2024-10-12 05:00:00,-2.8717499,5.4082336,278.94977,101411.67,51.75,5.25
2024-10-12 06:00:00,-3.5055084,5.423874,278.92853,101349.42,51.75,5.25
2024-10-12 07:00:00,-3.5381775,5.1506805,279.43518,101301.516,51.75,5.25
2024-10-12 08:00:00,-3.628708,4.705841,280.35944,101253.984,51.75,5.25
2024-10-12 09:00:00,-2.868576,4.5271606,281.60034,101221.35,51.75,5.25
2024-10-12 10:00:00,-1.7503815,4.4683075,282.60217,101167.3,51.75,5.25
2024-10-12 11:00:00,-1.2928925,4.8238373,283.602,101081.75,51.75,5.25
2024-10-12 12:00:00,-0.08816528,5.7968597,284.435,100988.6,51.75,5.25
2024-10-12 13:00:00,-0.07739258,6.0022583,284.8982,100891.28,51.75,5.25
2024-10-12 14:00:00,-1.2855682,5.105789,285.26483,100793.19,51.75,5.25
2024-10-12 15:00:00,-1.6934204,5.7790833,285.26022,100708.875,51.75,5.25
2024-10-12 16:00:00,-1.240097,6.786438,285.0053,100653.984,51.75,5.25
2024-10-12 17:00:00,-0.28637695,7.951477,284.61646,100610.31,51.75,5.25
2024-10-12 18:00:00,1.0242462,9.040436,284.62537,100564.266,51.75,5.25
2024-10-12 19:00:00,2.1234741,9.491089,284.70563,100490.016,51.75,5.25
2024-10-12 20:00:00,3.4802856,9.29071,284.86273,100417.59,51.75,5.25
2024-10-12 21:00:00,6.8427887,8.44458,284.81085,100369.62,51.75,5.25
2024-10-12 22:00:00,10.299652,4.754257,284.64093,100357.95,51.75,5.25
2024-10-12 23:00:00,11.026276,0.2288208,284.22202,100418.75,51.75,5.25
2024-10-13 00:00:00,10.60672,-0.98036194,283.75446,100539.9,51.75,5.25
2024-10-13 01:00:00,9.897293,-0.17150879,283.03497,100602.4,51.75,5.25
2024-10-13 02:00:00,10.925446,0.7622223,282.34933,100691.82,51.75,5.25
2024-10-13 03:00:00,11.903122,0.24594116,282.17892,100779.34,51.75,5.25
2024-10-13 04:00:00,11.835861,0.2746277,282.04968,100869.875,51.75,5.25
2024-10-13 05:00:00,11.389023,0.55506897,281.96378,100945.0,51.75,5.25
2024-10-13 06:00:00,10.930206,0.63822937,282.43997,101025.97,51.75,5.25
2024-10-13 07:00:00,10.737793,0.085739136,282.54245,101160.016,51.75,5.25
2024-10-13 08:00:00,10.192734,-0.7180939,283.24634,101282.81,51.75,5.25
2024-10-13 09:00:00,9.111618,-1.0082703,284.026,101403.92,51.75,5.25
2024-10-13 10:00:00,8.834442,-1.2253265,284.4979,101542.05,51.75,5.25
2024-10-13 11:00:00,9.015701,-1.7302246,284.8027,101635.55,51.75,5.25
2024-10-13 12:00:00,8.838455,-2.6981506,285.0772,101698.22,51.75,5.25
2024-10-13 13:00:00,8.436249,-2.5683594,285.09106,101781.85,51.75,5.25
2024-10-13 14:00:00,7.757736,-2.2687836,285.05426,101828.766,51.75,5.25
2024-10-13 15:00:00,7.1416016,-1.5017242,284.9853,101883.375,51.75,5.25
2024-10-13 16:00:00,5.608719,-0.67811584,284.29593,101895.41,51.75,5.25
2024-10-13 17:00:00,5.113434,0.38789368,282.93,101902.484,51.75,5.25
2024-10-13 18:00:00,5.8138885,0.9960022,281.91162,101979.516,51.75,5.25
2024-10-13 19:00:00,5.63443,1.1153564,281.46362,102008.03,51.75,5.25
2024-10-13 20:00:00,5.3624115,1.7371674,281.0871,102026.34,51.75,5.25
2024-10-13 21:00:00,4.7452087,2.59935,280.8396,102058.125,51.75,5.25
2024-10-13 22:00:00,4.027527,2.2421112,280.79993,102020.63,51.75,5.25
2024-10-13 23:00:00,3.239563,2.109665,280.67932,101996.58,51.75,5.25
2024-10-14 00:00:00,1.3463135,2.540802,280.33704,101938.61,51.75,5.25
2024-10-14 01:00:00,-0.09542847,2.1463165,280.19794,101889.78,51.75,5.25
2024-10-14 02:00:00,0.015335083,1.457077,279.6491,101880.664,51.75,5.25
2024-10-14 03:00:00,-1.1188507,1.6431885,279.33664,101829.16,51.75,5.25
2024-10-14 04:00:00,-2.5415802,2.8802948,279.57208,101789.91,51.75,5.25
2024-10-14 05:00:00,-4.085266,3.457489,279.8015,101707.96,51.75,5.25
2024-10-14 06:00:00,-4.3592834,3.1803284,279.89972,101698.766,51.75,5.25
2024-10-14 07:00:00,-4.570404,2.2588043,280.3231,101681.78,51.75,5.25
2024-10-14 08:00:00,-4.7119904,2.2607727,281.39087,101671.61,51.75,5.25
2024-10-14 09:00:00,-3.714035,1.7716522,282.08047,101679.234,51.75,5.25
2024-10-14 10:00:00,-2.3320312,0.8481903,282.11816,101719.17,51.75,5.25
2024-10-14 11:00:00,-3.1402283,-0.043289185,282.26993,101674.12,51.75,5.25
2024-10-14 12:00:00,-2.9187927,0.8905945,281.81647,101654.56,51.75,5.25
2024-10-14 13:00:00,-2.8447876,1.1197815,282.00958,101594.25,51.75,5.25
2024-10-14 14:00:00,-3.4579315,-0.4253235,282.46954,101606.78,51.75,5.25
2024-10-14 15:00:00,-2.9597778,-1.1095734,282.72314,101652.08,51.75,5.25
2024-10-14 16:00:00,-2.9605865,-0.9527893,282.5639,101715.484,51.75,5.25
2024-10-14 17:00:00,-3.656784,-1.3390198,280.95972,101777.234,51.75,5.25
2024-10-14 18:00:00,-4.385376,-1.5701752,280.3395,101834.04,51.75,5.25
2024-10-14 19:00:00,-4.9817047,-1.4616241,279.57443,101874.34,51.75,5.25
2024-10-14 20:00:00,-5.3147583,-0.8509064,279.39844,101930.2,51.75,5.25
2024-10-14 21:00:00,-5.6516724,-0.60028076,278.6615,101974.625,51.75,5.25
2024-10-14 22:00:00,-5.702545,-0.3327942,277.66864,102008.016,51.75,5.25
2024-10-14 23:00:00,-6.1793365,-0.2652588,277.56586,102024.6,51.75,5.25
2024-10-15 00:00:00,-6.7168884,-0.5900879,277.9883,102016.19,51.75,5.25
2024-10-15 01:00:00,-7.00235,0.13334656,278.02234,102012.97,51.75,5.25
2024-10-15 02:00:00,-6.873535,1.1178131,277.79974,101992.86,51.75,5.25
2024-10-15 03:00:00,-7.062027,1.1961975,278.18176,101980.97,51.75,5.25
2024-10-15 04:00:00,-7.4483643,0.8432007,278.19736,101979.875,51.75,5.25
2024-10-15 05:00:00,-7.448715,1.0970154,278.48532,101971.445,51.75,5.25
2024-10-15 06:00:00,-7.31044,1.2427368,278.748,101972.16,51.75,5.25
2024-10-15 07:00:00,-7.279648,1.0164337,279.60983,102010.94,51.75,5.25
2024-10-15 08:00:00,-7.521942,1.3418427,280.90762,102025.67,51.75,5.25
2024-10-15 09:00:00,-6.1345825,2.0015411,282.1274,102009.9,51.75,5.25
2024-10-15 10:00:00,-5.345749,1.6443176,283.41205,101950.59,51.75,5.25
2024-10-15 11:00:00,-5.2585754,1.6644897,284.7256,101904.58,51.75,5.25
2024-10-15 12:00:00,-5.4087067,2.1451263,285.86407,101890.58,51.75,5.25
2024-10-15 13:00:00,-5.503662,2.4692535,286.72516,101830.09,51.75,5.25
2024-10-15 14:00:00,-6.2539673,2.2847443,287.16797,101775.89,51.75,5.25
2024-10-15 15:00:00,-6.8511047,1.7336273,286.7317,101703.31,51.75,5.25
2024-10-15 16:00:00,-7.9119873,2.3225098,286.00702,101688.69,51.75,5.25
2024-10-15 17:00:00,-8.664246,2.9970703,285.15015,101665.04,51.75,5.25
2024-10-15 18:00:00,-9.004257,3.5430756,284.58502,101622.88,51.75,5.25
2024-10-15 19:00:00,-9.088196,4.125244,284.31964,101595.95,51.75,5.25
2024-10-15 20:00:00,-8.644791,4.6432343,283.95782,101537.78,51.75,5.25
2024-10-15 21:00:00,-8.587158,4.667618,283.78848,101504.55,51.75,5.25
2024-10-15 22:00:00,-8.923569,4.007492,283.7102,101394.09,51.75,5.25
2024-10-15 23:00:00,-8.339294,4.367386,283.92102,101366.82,51.75,5.25
2024-10-16 00:00:00,-8.251648,4.9426727,284.04092,101327.734,51.75,5.25
2024-10-16 01:00:00,-8.924835,4.921295,284.38104,101276.78,51.75,5.25
2024-10-16 02:00:00,-8.827621,5.603607,284.62402,101173.23,51.75,5.25
2024-10-16 03:00:00,-8.61702,6.4355164,284.7579,101132.734,51.75,5.25
2024-10-16 04:00:00,-8.434738,6.2980957,284.91034,101084.36,51.75,5.25
2024-10-16 05:00:00,-7.9426575,6.9066467,285.00977,101029.33,51.75,5.25
2024-10-16 06:00:00,-7.3067627,7.259964,285.09232,101005.23,51.75,5.25
2024-10-16 07:00:00,-6.7239075,7.4559784,285.52325,100975.61,51.75,5.25
2024-10-16 08:00:00,-5.639084,7.526718,286.7548,100983.47,51.75,5.25
2024-10-16 09:00:00,-4.910919,7.4464874,288.44562,100971.734,51.75,5.25
2024-10-16 10:00:00,-4.5905457,4.924057,290.49277,100960.61,51.75,5.25
2024-10-16 11:00:00,-4.0941315,5.9421844,291.77057,100928.94,51.75,5.25
2024-10-16 12:00:00,-3.3558655,6.5448303,292.88702,100901.44,51.75,5.25
2024-10-16 13:00:00,-3.3335419,5.742752,293.50592,100867.42,51.75,5.25
2024-10-16 14:00:00,-4.6883545,6.1553345,293.5991,100817.67,51.75,5.25
2024-10-16 15:00:00,-5.5503387,7.0948486,293.2399,100783.94,51.75,5.25
2024-10-16 16:00:00,-5.577591,7.6658936,292.62952,100764.39,51.75,5.25
2024-10-16 17:00:00,-5.836426,7.7795258,291.55463,100766.39,51.75,5.25
2024-10-16 18:00:00,-6.253601,7.989105,290.8247,100748.75,51.75,5.25
2024-10-16 19:00:00,-6.0019684,8.457062,290.28345,100759.03,51.75,5.25
2024-10-16 20:00:00,-5.766983,8.397781,289.8996,100749.19,51.75,5.25
2024-10-16 21:00:00,-5.4381866,8.531708,289.60583,100761.57,51.75,5.25
2024-10-16 22:00:00,-5.169174,7.541168,289.5612,100754.41,51.75,5.25
2024-10-16 23:00:00,-5.576599,7.7076416,289.0979,100719.84,51.75,5.25
2024-10-17 00:00:00,-4.830414,7.7389984,288.7055,100712.83,51.75,5.25
2024-10-17 01:00:00,-4.4628143,7.8870544,288.47906,100694.016,51.75,5.25
2024-10-17 02:00:00,-3.8013,8.160568,288.73523,100635.62,51.75,5.25
2024-10-17 03:00:00,-3.382782,8.801819,288.92163,100625.41,51.75,5.25
2024-10-17 04:00:00,-2.594986,9.083252,289.0147,100626.81,51.75,5.25
2024-10-17 05:00:00,-1.153244,8.991425,289.5713,100624.19,51.75,5.25
2024-10-17 06:00:00,0.2917633,8.932556,290.10876,100681.445,51.75,5.25
2024-10-17 07:00:00,2.3404083,8.597473,290.508,100749.27,51.75,5.25
2024-10-17 08:00:00,4.628952,7.975586,290.7436,100851.94,51.75,5.25
2024-10-17 09:00:00,6.8390656,6.72406,290.83478,100960.734,51.75,5.25
2024-10-17 10:00:00,5.397873,4.814804,291.1087,101065.64,51.75,5.25
2024-10-17 11:00:00,4.7993317,4.197281,291.79156,101101.74,51.75,5.25
2024-10-17 12:00:00,5.351364,3.705658,292.33002,101129.164,51.75,5.25
2024-10-17 13:00:00,4.154251,2.8777008,292.56622,101148.13,51.75,5.25
2024-10-17 14:00:00,2.1757355,2.9616547,292.76367,101166.445,51.75,5.25
2024-10-17 15:00:00,1.1453857,2.94812,292.55984,101199.7,51.75,5.25
2024-10-17 16:00:00,0.6194916,2.7106323,291.7909,101233.99,51.75,5.25
2024-10-17 17:00:00,-0.15530396,2.2159882,290.839,101272.33,51.75,5.25
2024-10-17 18:00:00,-0.79293823,2.036148,289.84424,101301.055,51.75,5.25
2024-10-17 19:00:00,-1.4047394,2.1268158,289.13684,101324.81,51.75,5.25
2024-10-17 20:00:00,-1.3462524,1.6932983,288.53134,101342.45,51.75,5.25
2024-10-17 21:00:00,-0.8725891,0.84484863,289.0614,101350.25,51.75,5.25
2024-10-17 22:00:00,-0.5413666,-1.3965912,288.2481,101348.336,51.75,5.25
2024-10-17 23:00:00,0.21574402,-2.4113617,288.4353,101362.45,51.75,5.25
2024-10-18 00:00:00,0.7863922,-3.7426758,288.31677,101361.516,51.75,5.25
2024-10-18 01:00:00,1.0036316,-4.5325165,288.38596,101378.7,51.75,5.25
2024-10-18 02:00:00,0.496109,-4.890381,288.1001,101377.266,51.75,5.25
2024-10-18 03:00:00,-0.86772156,-5.1194153,288.02472,101351.414,51.75,5.25
2024-10-18 04:00:00,-2.0917664,-5.1937714,288.05133,101324.57,51.75,5.25
2024-10-18 05:00:00,-2.676941,-4.0057373,287.9984,101335.58,51.75,5.25
2024-10-18 06:00:00,-2.0075378,-2.8635864,287.761,101404.16,51.75,5.25
2024-10-18 07:00:00,-0.069000244,-2.8964844,287.7131,101440.016,51.75,5.25
2024-10-18 08:00:00,0.931015,-2.3851776,288.4973,101452.61,51.75,5.25
2024-10-18 09:00:00,0.8702545,-2.192459,289.11664,101435.67,51.75,5.25
2024-10-18 10:00:00,1.2064514,-2.277649,289.33014,101421.875,51.75,5.25
2024-10-18 11:00:00,0.9141998,-2.3879547,289.92017,101345.48,51.75,5.25
2024-10-18 12:00:00,0.52401733,-2.1829376,290.30954,101286.95,51.75,5.25
2024-10-18 13:00:00,0.29196167,-1.0164337,290.7741,101299.305,51.75,5.25
2024-10-18 14:00:00,1.3500214,-1.4709625,290.89285,101309.125,51.75,5.25
2024-10-18 15:00:00,2.2243042,-2.3488922,290.87628,101283.89,51.75,5.25
2024-10-18 16:00:00,2.1017303,-3.09935,290.47388,101270.88,51.75,5.25
2024-10-18 17:00:00,1.3603973,-3.062912,289.56903,101296.266,51.75,5.25
2024-10-18 18:00:00,1.1224365,-3.1127472,289.33408,101328.78,51.75,5.25
2024-10-18 19:00:00,0.33976746,-2.9997253,288.9571,101323.17,51.75,5.25
2024-10-18 20:00:00,-0.47555542,-2.0019073,288.61884,101300.82,51.75,5.25
2024-10-18 21:00:00,-0.44296265,-0.82850647,288.25018,101272.92,51.75,5.25
2024-10-18 22:00:00,-0.3665924,0.963089,287.85437,101268.94,51.75,5.25
2024-10-18 23:00:00,1.3761444,1.0591431,287.90424,101252.02,51.75,5.25
2024-10-19 00:00:00,2.988617,0.27903748,288.07852,101254.66,51.75,5.25
2024-10-19 01:00:00,3.3244476,-0.36006165,288.04666,101263.09,51.75,5.25
2024-10-19 02:00:00,3.4404907,-0.62472534,287.8499,101243.82,51.75,5.25
2024-10-19 03:00:00,3.5981903,-0.63064575,287.5282,101233.71,51.75,5.25
2024-10-19 04:00:00,3.367096,-0.2805786,287.29413,101225.77,51.75,5.25
2024-10-19 05:00:00,2.9745483,0.96180725,287.13306,101232.91,51.75,5.25
2024-10-19 06:00:00,3.4496002,2.0380554,286.9279,101263.79,51.75,5.25
2024-10-19 07:00:00,3.846161,2.872223,286.62146,101325.81,51.75,5.25
2024-10-19 08:00:00,3.2793121,3.523056,286.81195,101345.25,51.75,5.25
2024-10-19 09:00:00,2.4041595,4.2441406,287.38135,101370.78,51.75,5.25
2024-10-19 10:00:00,0.83914185,4.878296,288.18338,101423.19,51.75,5.25
2024-10-19 11:00:00,2.506073,6.160843,288.75336,101412.26,51.75,5.25
2024-10-19 12:00:00,2.8732147,6.3398743,289.40475,101412.95,51.75,5.25
2024-10-19 13:00:00,2.8930206,6.8468475,289.3916,101425.3,51.75,5.25
2024-10-19 14:00:00,2.9672241,6.50235,289.2758,101436.25,51.75,5.25
2024-10-19 15:00:00,2.6371918,6.368454,289.07065,101484.72,51.75,5.25
2024-10-19 16:00:00,1.3618774,6.6162567,289.03687,101516.5,51.75,5.25
2024-10-19 17:00:00,1.0641022,7.1830597,288.7732,101561.016,51.75,5.25
2024-10-19 18:00:00,1.4682007,7.8485565,288.4086,101598.72,51.75,5.25
2024-10-19 19:00:00,1.7316132,8.125916,287.93225,101628.14,51.75,5.25
2024-10-19 20:00:00,2.3798523,7.527725,287.74258,101682.39,51.75,5.25
2024-10-19 21:00:00,2.3302307,7.258026,287.57983,101687.39,51.75,5.25
2024-10-19 22:00:00,2.0827026,6.879547,287.3456,101692.695,51.75,5.25
2024-10-19 23:00:00,2.6111298,6.586853,287.4073,101750.016,51.75,5.25
2024-10-20 00:00:00,2.0561676,6.047806,287.4282,101755.45,51.75,5.25
2024-10-20 01:00:00,1.2727051,5.970688,287.4284,101722.586,51.75,5.25
2024-10-20 02:00:00,1.9644623,5.9637756,287.2759,101750.64,51.75,5.25
2024-10-20 03:00:00,0.28234863,6.241745,287.13132,101686.945,51.75,5.25
2024-10-20 04:00:00,0.47627258,6.763962,287.1409,101698.14,51.75,5.25
2024-10-20 05:00:00,1.4251862,6.28537,286.9189,101778.67,51.75,5.25
2024-10-20 06:00:00,-0.5817566,7.0562744,286.89136,101678.33,51.75,5.25
2024-10-20 07:00:00,0.5746918,7.28067,287.04263,101748.53,51.75,5.25
2024-10-20 08:00:00,0.49189758,7.925583,287.40668,101719.34,51.75,5.25
2024-10-20 09:00:00,0.48721313,8.9782715,287.86484,101675.07,51.75,5.25
2024-10-20 10:00:00,1.5189514,8.799255,288.4798,101686.516,51.75,5.25
2024-10-20 11:00:00,1.7573547,9.562103,289.46918,101634.195,51.75,5.25
2024-10-20 12:00:00,0.9726715,10.156326,289.6911,101563.7,51.75,5.25
2024-10-20 13:00:00,0.6489105,11.219543,290.15924,101478.58,51.75,5.25
2024-10-20 14:00:00,0.92300415,11.251007,290.08292,101452.945,51.75,5.25
2024-10-20 15:00:00,2.5422668,11.350861,289.90707,101436.1,51.75,5.25
2024-10-20 16:00:00,3.5874634,11.689804,289.99255,101427.78,51.75,5.25
2024-10-20 17:00:00,4.1990814,11.454605,290.08954,101449.81,51.75,5.25
2024-10-20 18:00:00,4.6743317,10.722839,290.1825,101493.81,51.75,5.25
2024-10-20 19:00:00,4.6230164,10.782959,290.39276,101506.18,51.75,5.25
2024-10-20 20:00:00,4.900818,11.266525,290.73346,101531.22,51.75,5.25
2024-10-20 21:00:00,5.5175323,11.376801,290.82947,101558.5,51.75,5.25
2024-10-20 22:00:00,6.2960815,9.436295,290.4287,101592.625,51.75,5.25
2024-10-20 23:00:00,7.681793,7.6819916,290.14984,101666.47,51.75,5.25
2024-10-21 00:00:00,8.265762,5.9655304,289.67538,101721.06,51.75,5.25
2024-10-21 01:00:00,8.39679,4.6487427,289.10175,101798.11,51.75,5.25
2024-10-21 02:00:00,7.7682343,4.8761444,288.32504,101827.336,51.75,5.25
2024-10-21 03:00:00,7.346237,5.071396,287.5529,101881.305,51.75,5.25
2024-10-21 04:00:00,6.8174896,4.9550934,287.15436,101943.484,51.75,5.25
2024-10-21 05:00:00,5.8439484,5.479599,286.95282,101971.06,51.75,5.25
2024-10-21 06:00:00,5.8710175,5.0457306,286.97147,102034.43,51.75,5.25
2024-10-21 07:00:00,5.7927246,4.9097595,286.70773,102116.98,51.75,5.25
2024-10-21 08:00:00,6.292755,3.9735413,286.7165,102221.05,51.75,5.25
2024-10-21 09:00:00,6.4241943,3.088623,286.86884,102290.03,51.75,5.25
2024-10-21 10:00:00,4.4699707,1.85672,286.54044,102329.32,51.75,5.25
2024-10-21 11:00:00,3.8739777,2.856018,286.66937,102367.66,51.75,5.25
2024-10-21 12:00:00,2.8652344,3.0896912,287.12036,102383.42,51.75,5.25
2024-10-21 13:00:00,1.8110352,2.9190826,287.21112,102350.17,51.75,5.25
2024-10-21 14:00:00,0.9157562,2.8539429,287.11124,102316.375,51.75,5.25
2024-10-21 15:00:00,0.3309021,2.5342407,286.90216,102293.41,51.75,5.25
2024-10-21 16:00:00,0.2805786,1.1837769,286.5645,102284.47,51.75,5.25
2024-10-21 17:00:00,-0.99790955,0.35888672,286.3,102257.02,51.75,5.25
2024-10-21 18:00:00,-2.580536,0.31680298,286.05435,102191.0,51.75,5.25
2024-10-21 19:00:00,-2.640808,-1.3626862,285.88458,102121.92,51.75,5.25
2024-10-21 20:00:00,-2.1166534,-3.41568,285.87823,102099.44,51.75,5.25
2024-10-21 21:00:00,0.064453125,-5.421036,285.36115,102086.52,51.75,5.25
2024-10-21 22:00:00,2.6149292,-6.1617584,284.7345,102131.25,51.75,5.25
2024-10-21 23:00:00,2.6573029,-6.3395844,284.39197,102171.72,51.75,5.25
2024-10-22 00:00:00,1.8097839,-6.0538177,284.33096,102198.84,51.75,5.25
2024-10-22 01:00:00,2.4966583,-4.9234467,284.10083,102263.21,51.75,5.25
2024-10-22 02:00:00,2.740738,-3.4387054,283.93066,102334.55,51.75,5.25
2024-10-22 03:00:00,3.0667267,-1.4111023,283.43103,102400.61,51.75,5.25
2024-10-22 04:00:00,3.878006,1.1942444,282.36655,102483.09,51.75,5.25
2024-10-22 05:00:00,5.2999573,3.1512756,282.01416,102544.31,51.75,5.25
2024-10-22 06:00:00,5.9383545,3.7206268,282.07922,102597.375,51.75,5.25
2024-10-22 07:00:00,6.007263,3.8923492,282.69418,102676.67,51.75,5.25
2024-10-22 08:00:00,5.9614716,4.142868,283.53107,102744.45,51.75,5.25
2024-10-22 09:00:00,5.1456146,3.8894196,284.8612,102785.53,51.75,5.25
2024-10-22 10:00:00,5.902588,4.0578613,285.9691,102836.8,51.75,5.25
2024-10-22 11:00:00,6.0820007,3.4473724,287.07794,102873.92,51.75,5.25
2024-10-22 12:00:00,6.306259,2.7990723,287.71005,102889.95,51.75,5.25
2024-10-22 13:00:00,5.7045746,2.5161438,288.19403,102898.46,51.75,5.25
2024-10-22 14:00:00,5.109543,2.5918427,288.28256,102904.22,51.75,5.25
2024-10-22 15:00:00,4.471649,2.5764618,287.9666,102923.58,51.75,5.25
2024-10-22 16:00:00,4.4479065,2.7341614,286.80444,102970.42,51.75,5.25
2024-10-22 17:00:00,4.7922974,2.8298035,284.90686,103041.11,51.75,5.25
2024-10-22 18:00:00,4.969269,2.7501068,283.95886,103083.8,51.75,5.25
2024-10-22 19:00:00,4.9408264,2.5491943,283.9315,103140.31,51.75,5.25
2024-10-22 20:00:00,4.9217834,2.5011444,283.4279,103184.15,51.75,5.25
2024-10-22 21:00:00,4.9496613,2.348404,283.36115,103217.93,51.75,5.25
2024-10-22 22:00:00,5.1835175,1.7525787,283.15942,103242.77,51.75,5.25
2024-10-22 23:00:00,4.762329,1.7456207,282.93356,103258.59,51.75,5.25
2024-10-23 00:00:00,4.359009,1.8113251,282.66504,103276.84,51.75,5.25
2024-10-23 01:00:00,3.9360352,2.3290863,282.16425,103280.26,51.75,5.25
2024-10-23 02:00:00,4.068222,3.1548004,282.2641,103313.89,51.75,5.25
2024-10-23 03:00:00,3.706009,3.3371735,282.07874,103337.234,51.75,5.25
2024-10-23 04:00:00,2.9719543,3.3733063,282.17908,103339.516,51.75,5.25
2024-10-23 05:00:00,2.763153,3.353592,282.35693,103380.66,51.75,5.25
2024-10-23 06:00:00,2.6979675,3.362381,282.45734,103395.36,51.75,5.25
2024-10-23 07:00:00,2.0190582,3.8475494,282.2346,103421.66,51.75,5.25
2024-10-23 08:00:00,1.193924,4.489258,283.5022,103425.66,51.75,5.25
2024-10-23 09:00:00,0.716629,3.4119415,284.98993,103456.31,51.75,5.25
2024-10-23 10:00:00,0.9397583,3.2100677,286.95178,103469.49,51.75,5.25
2024-10-23 11:00:00,1.6539001,3.3990784,287.7014,103452.6,51.75,5.25
2024-10-23 12:00:00,1.864624,2.9738007,288.47375,103399.5,51.75,5.25
2024-10-23 13:00:00,1.3020935,2.8131256,288.66144,103369.484,51.75,5.25
2024-10-23 14:00:00,0.5991821,2.6226196,288.73132,103325.03,51.75,5.25
2024-10-23 15:00:00,-0.23139954,2.402069,288.352,103277.39,51.75,5.25
2024-10-23 16:00:00,-1.3236847,2.536499,286.97598,103249.7,51.75,5.25
2024-10-23 17:00:00,-2.447464,2.637909,284.50314,103232.97,51.75,5.25
2024-10-23 18:00:00,-3.4997559,2.923584,283.08832,103211.95,51.75,5.25
2024-10-23 19:00:00,-4.2799377,3.1409607,282.41327,103217.266,51.75,5.25
2024-10-23 20:00:00,-5.0850525,3.2083893,282.09766,103204.875,51.75,5.25
2024-10-23 21:00:00,-5.712372,3.2145386,282.17242,103172.22,51.75,5.25
2024-10-23 22:00:00,-5.833786,3.5844727,282.37878,103126.16,51.75,5.25
2024-10-23 23:00:00,-5.6033783,3.7418823,282.02795,103072.266,51.75,5.25
2024-10-24 00:00:00,-5.4733887,3.7986298,281.83133,103022.9,51.75,5.25
2024-10-24 01:00:00,-5.479309,3.7878265,281.34326,102949.14,51.75,5.25
2024-10-24 02:00:00,-5.2015686,4.195511,280.90295,102865.266,51.75,5.25
2024-10-24 03:00:00,-4.7230377,4.200821,280.52795,102802.61,51.75,5.25
2024-10-24 04:00:00,-4.671768,4.1383667,280.01993,102764.31,51.75,5.25
2024-10-24 05:00:00,-4.9198303,4.1529846,279.56635,102708.88,51.75,5.25
2024-10-24 06:00:00,-5.24881,3.9917755,279.56018,102641.8,51.75,5.25
2024-10-24 07:00:00,-5.3677216,4.2313232,279.98724,102624.42,51.75,5.25
2024-10-24 08:00:00,-4.885498,4.19841,281.1546,102635.42,51.75,5.25
2024-10-24 09:00:00,-3.7921448,3.4161987,283.06393,102583.336,51.75,5.25
2024-10-24 10:00:00,-2.8762817,3.0104065,284.65704,102529.75,51.75,5.25
2024-10-24 11:00:00,-2.4382477,3.3462067,285.5329,102456.484,51.75,5.25
2024-10-24 12:00:00,-2.6341095,3.7509003,286.34106,102367.93,51.75,5.25
2024-10-24 13:00:00,-2.7600555,4.1860657,286.88324,102266.64,51.75,5.25
2024-10-24 14:00:00,-2.9017792,4.234375,287.22986,102181.33,51.75,5.25
2024-10-24 15:00:00,-3.0034332,3.9805603,287.15564,102115.34,51.75,5.25
2024-10-24 16:00:00,-3.6907654,4.0373077,286.39075,102062.93,51.75,5.25
2024-10-24 17:00:00,-4.152191,4.977112,285.43375,102040.625,51.75,5.25
2024-10-24 18:00:00,-3.9809113,5.7307434,285.54657,102022.81,51.75,5.25
2024-10-24 19:00:00,-3.495285,5.666092,284.98898,101976.69,51.75,5.25
2024-10-24 20:00:00,-3.8592377,5.394272,284.83722,101928.91,51.75,5.25
2024-10-24 21:00:00,-3.9272614,5.3832855,284.51218,101889.66,51.75,5.25
2024-10-24 22:00:00,-3.9635162,5.443802,284.18594,101830.84,51.75,5.25
2024-10-24 23:00:00,-2.5795593,5.6505737,283.93256,101782.6,51.75,5.25
2024-10-25 00:00:00,-2.2151642,5.4898987,283.71344,101718.66,51.75,5.25
2024-10-25 01:00:00,-1.3317719,5.878235,283.59976,101701.88,51.75,5.25
2024-10-25 02:00:00,-0.6577301,5.6818695,283.68695,101649.19,51.75,5.25
2024-10-25 03:00:00,-0.24475098,5.460678,283.7174,101633.86,51.75,5.25
2024-10-25 04:00:00,-0.37280273,5.5645447,283.94324,101619.06,51.75,5.25
2024-10-25 05:00:00,-0.63648987,5.4229736,283.94287,101620.39,51.75,5.25
2024-10-25 06:00:00,-1.1161499,5.8035126,283.91772,101616.23,51.75,5.25
2024-10-25 07:00:00,-1.5079803,6.2335052,284.18784,101636.86,51.75,5.25
2024-10-25 08:00:00,-1.3085785,6.162262,285.8138,101679.836,51.75,5.25
2024-10-25 09:00:00,-0.89764404,5.4966125,287.29272,101687.445,51.75,5.25
2024-10-25 10:00:00,-0.852829,3.5980377,288.776,101717.17,51.75,5.25
2024-10-25 11:00:00,-1.0946503,3.7144012,289.96643,101720.984,51.75,5.25
2024-10-25 12:00:00,-1.2160492,3.8954315,291.039,101678.64,51.75,5.25
2024-10-25 13:00:00,-1.0191193,3.9730225,291.91833,101660.91,51.75,5.25
2024-10-25 14:00:00,-1.0443573,3.8713531,292.28116,101650.28,51.75,5.25
2024-10-25 15:00:00,-1.7352448,3.6965485,292.02835,101635.17,51.75,5.25
2024-10-25 16:00:00,-2.5579224,4.2830048,290.75928,101646.96,51.75,5.25
2024-10-25 17:00:00,-2.6690826,5.0091553,289.05035,101700.6,51.75,5.25
2024-10-25 18:00:00,-2.1703033,5.429611,288.0921,101733.07,51.75,5.25
2024-10-25 19:00:00,-1.7604218,5.2789917,287.16196,101761.055,51.75,5.25
2024-10-25 20:00:00,-1.36232,5.077194,286.68756,101780.14,51.75,5.25
2024-10-25 21:00:00,-1.0427246,4.864853,285.89236,101824.11,51.75,5.25
2024-10-25 22:00:00,-0.7662201,4.930588,284.68732,101813.13,51.75,5.25
2024-10-25 23:00:00,-0.044570923,4.144394,284.41702,101811.16,51.75,5.25
2024-10-26 00:00:00,0.17591858,3.8568878,284.14145,101806.61,51.75,5.25
2024-10-26 01:00:00,-0.15058899,2.9104004,284.10388,101795.33,51.75,5.25
2024-10-26 02:00:00,-0.9808502,2.1417694,283.89502,101744.19,51.75,5.25
2024-10-26 03:00:00,-1.6159973,3.437729,283.8358,101754.58,51.75,5.25
2024-10-26 04:00:00,-1.7266693,3.7346344,283.48334,101740.58,51.75,5.25
2024-10-26 05:00:00,-2.380005,2.9606934,283.6057,101697.984,51.75,5.25
2024-10-26 06:00:00,-3.4121857,3.0665436,283.72134,101695.23,51.75,5.25
2024-10-26 07:00:00,-4.0566406,3.5096283,283.69812,101694.25,51.75,5.25
2024-10-26 08:00:00,-4.120865,3.5622253,285.1532,101700.34,51.75,5.25
2024-10-26 09:00:00,-3.3022766,3.2706757,287.29813,101678.44,51.75,5.25
2024-10-26 10:00:00,-2.4961243,3.1452942,289.31082,101652.17,51.75,5.25
2024-10-26 11:00:00,-2.063034,3.1325989,290.9339,101608.89,51.75,5.25
2024-10-26 12:00:00,-1.7759705,3.6217651,292.2096,101553.3,51.75,5.25
2024-10-26 13:00:00,-1.565033,3.7197266,293.02783,101491.63,51.75,5.25
2024-10-26 14:00:00,-1.851181,3.602295,293.2556,101448.875,51.75,5.25
2024-10-26 15:00:00,-2.4394836,3.4436035,292.81012,101424.39,51.75,5.25
2024-10-26 16:00:00,-3.1274261,2.9893188,290.92773,101411.266,51.75,5.25
2024-10-26 17:00:00,-3.8796997,3.6876984,288.52335,101417.04,51.75,5.25
2024-10-26 18:00:00,-4.228119,4.722168,287.60022,101411.95,51.75,5.25
2024-10-26 19:00:00,-3.8761292,5.1303253,286.93085,101372.766,51.75,5.25
2024-10-26 20:00:00,-2.2272644,5.562271,286.61676,101394.89,51.75,5.25
2024-10-26 21:00:00,-0.28855896,5.4535675,286.02603,101399.96,51.75,5.25
2024-10-26 22:00:00,-1.364563,4.10672,285.91025,101355.3,51.75,5.25
2024-10-26 23:00:00,2.9283295,2.9494324,285.7495,101367.35,51.75,5.25
2024-10-27 00:00:00,5.8581543,-0.4041443,285.97894,101427.79,51.75,5.25
2024-10-27 01:00:00,5.3851013,-2.638733,286.44427,101443.02,51.75,5.25
2024-10-27 02:00:00,5.18396,-2.7662811,286.67035,101461.82,51.75,5.25
2024-10-27 03:00:00,4.9648895,-2.2046356,286.92737,101528.766,51.75,5.25
2024-10-27 04:00:00,4.8017426,-1.590683,286.83377,101605.89,51.75,5.25
2024-10-27 05:00:00,4.939987,-1.3939362,286.66583,101688.875,51.75,5.25
2024-10-27 06:00:00,4.6821747,-1.3847961,286.3714,101778.164,51.75,5.25
2024-10-27 07:00:00,4.3203278,-1.2000885,285.86206,101869.05,51.75,5.25
2024-10-27 08:00:00,3.9440308,-0.551651,286.25845,101942.984,51.75,5.25
2024-10-27 09:00:00,3.419571,-0.2863617,287.34064,102023.25,51.75,5.25
2024-10-27 10:00:00,3.4133606,-0.5644531,288.31714,102070.79,51.75,5.25
2024-10-27 11:00:00,3.632019,-0.3216095,288.85217,102110.94,51.75,5.25
2024-10-27 12:00:00,4.2652893,-0.5913696,289.18848,102144.3,51.75,5.25
2024-10-27 13:00:00,4.129944,-0.9248657,289.1577,102199.8,51.75,5.25
2024-10-27 14:00:00,3.4545288,-0.6880951,289.02673,102201.64,51.75,5.25
2024-10-27 15:00:00,2.9743805,0.10266113,288.68195,102211.97,51.75,5.25
2024-10-27 16:00:00,3.2219543,0.18585205,287.02042,102255.84,51.75,5.25
2024-10-27 17:00:00,3.6446075,-0.51420593,284.76343,102324.5,51.75,5.25
2024-10-27 18:00:00,3.6389008,-0.823822,283.33875,102383.18,51.75,5.25
2024-10-27 19:00:00,3.3336792,-0.41900635,282.4767,102416.62,51.75,5.25
2024-10-27 20:00:00,3.063324,0.035507202,281.7496,102443.516,51.75,5.25
2024-10-27 21:00:00,2.6460419,1.2595215,281.26453,102431.59,51.75,5.25
2024-10-27 22:00:00,3.6725922,2.3287354,280.2422,102444.67,51.75,5.25
2024-10-27 23:00:00,4.156616,3.201477,280.02808,102419.55,51.75,5.25
2024-10-28 00:00:00,4.186096,3.9610596,280.70163,102394.36,51.75,5.25
2024-10-28 01:00:00,4.115753,4.9321136,281.325,102383.3,51.75,5.25
2024-10-28 02:00:00,3.9366302,5.735962,281.73846,102340.78,51.75,5.25
2024-10-28 03:00:00,4.2549133,6.045227,282.20496,102293.625,51.75,5.25
2024-10-28 04:00:00,4.9503937,6.160202,282.44022,102266.61,51.75,5.25
2024-10-28 05:00:00,5.385956,6.02652,282.64163,102261.31,51.75,5.25
2024-10-28 06:00:00,5.6875153,5.864258,283.2521,102255.484,51.75,5.25
2024-10-28 07:00:00,5.7678223,6.149063,284.0946,102262.52,51.75,5.25
2024-10-28 08:00:00,5.896103,6.5305023,284.39728,102288.82,51.75,5.25
2024-10-28 09:00:00,5.677414,6.5709076,285.50354,102304.85,51.75,5.25
2024-10-28 10:00:00,6.8062897,5.796753,286.70395,102315.5,51.75,5.25
2024-10-28 11:00:00,6.0382843,5.5604706,287.36957,102294.79,51.75,5.25
2024-10-28 12:00:00,6.62529,5.871887,287.69272,102258.47,51.75,5.25
2024-10-28 13:00:00,8.455673,5.4243317,288.01392,102242.83,51.75,5.25
2024-10-28 14:00:00,7.176651,4.5940857,287.96194,102243.586,51.75,5.25
2024-10-28 15:00:00,5.9102325,4.6431274,287.66147,102216.805,51.75,5.25
2024-10-28 16:00:00,5.205185,4.787781,287.39313,102193.08,51.75,5.25
2024-10-28 17:00:00,5.0789795,4.709961,286.75824,102230.72,51.75,5.25
2024-10-28 18:00:00,4.763977,4.9450073,286.4161,102274.82,51.75,5.25
2024-10-28 19:00:00,5.2690277,4.5316772,286.24823,102311.11,51.75,5.25
2024-10-28 20:00:00,5.643036,4.921829,286.05707,102321.68,51.75,5.25
2024-10-28 21:00:00,5.4991302,4.8035583,286.0105,102315.38,51.75,5.25
2024-10-28 22:00:00,5.608139,4.687027,286.0869,102332.62,51.75,5.25
2024-10-28 23:00:00,5.3537903,4.940567,285.96948,102338.53,51.75,5.25
2024-10-29 00:00:00,5.397873,4.9280853,285.92633,102332.0,51.75,5.25
2024-10-29 01:00:00,5.3978424,5.016983,285.9761,102338.26,51.75,5.25
2024-10-29 02:00:00,5.2302856,5.0330505,285.92612,102309.88,51.75,5.25
2024-10-29 03:00:00,5.059311,5.0593414,285.97595,102310.35,51.75,5.25
2024-10-29 04:00:00,4.9673004,5.1995697,285.97742,102319.49,51.75,5.25
2024-10-29 05:00:00,4.894577,5.419388,285.9666,102325.59,51.75,5.25
2024-10-29 06:00:00,4.834854,5.5387573,285.9568,102336.016,51.75,5.25
2024-10-29 07:00:00,4.982361,5.5104675,285.98505,102372.445,51.75,5.25
2024-10-29 08:00:00,4.9768677,5.4488983,286.14615,102400.57,51.75,5.25
2024-10-29 09:00:00,5.0346985,5.2829742,286.37302,102413.88,51.75,5.25
2024-10-29 10:00:00,4.1497345,5.0509644,286.86667,102436.945,51.75,5.25
2024-10-29 11:00:00,4.6437683,4.8137207,287.09802,102424.41,51.75,5.25
2024-10-29 12:00:00,4.465912,4.299515,287.30634,102423.484,51.75,5.25
2024-10-29 13:00:00,3.7121582,4.0574036,287.05945,102381.08,51.75,5.25
2024-10-29 14:00:00,3.5442352,4.237137,286.88632,102378.766,51.75,5.25
2024-10-29 15:00:00,3.8880157,4.223297,286.70215,102397.67,51.75,5.25
2024-10-29 16:00:00,4.5211487,3.759735,286.54135,102394.09,51.75,5.25
2024-10-29 17:00:00,4.8446655,3.1827087,286.42606,102445.24,51.75,5.25
2024-10-29 18:00:00,4.809677,2.842453,286.3025,102462.05,51.75,5.25
2024-10-29 19:00:00,4.8090515,2.58844,286.13303,102500.58,51.75,5.25
2024-10-29 20:00:00,4.7438965,2.427536,285.91327,102506.85,51.75,5.25
2024-10-29 21:00:00,4.6679688,2.5473633,285.8015,102506.25,51.75,5.25
2024-10-29 22:00:00,4.760895,1.4575043,285.84357,102527.92,51.75,5.25
2024-10-29 23:00:00,4.452011,0.74082947,285.76898,102562.92,51.75,5.25
2024-10-30 00:00:00,4.1112366,0.39115906,285.77823,102573.55,51.75,5.25
2024-10-30 01:00:00,3.9371796,0.026382446,285.7456,102590.5,51.75,5.25
2024-10-30 02:00:00,3.458969,-0.24369812,285.71234,102605.19,51.75,5.25
2024-10-30 03:00:00,3.025879,-0.34733582,285.6281,102622.055,51.75,5.25
2024-10-30 04:00:00,2.870407,-0.4167633,285.61316,102624.984,51.75,5.25
2024-10-30 05:00:00,2.6674042,-0.55545044,285.4972,102660.97,51.75,5.25
2024-10-30 06:00:00,2.4259949,-0.416214,285.58008,102689.375,51.75,5.25
2024-10-30 07:00:00,2.3447723,-0.58332825,285.6505,102724.14,51.75,5.25
2024-10-30 08:00:00,1.8638153,-0.74134827,285.97824,102780.83,51.75,5.25
2024-10-30 09:00:00,1.4172668,-0.83595276,286.66467,102803.61,51.75,5.25
2024-10-30 10:00:00,0.15182495,-1.161911,286.85248,102837.56,51.75,5.25
2024-10-30 11:00:00,0.0066986084,-1.1515808,287.66763,102818.42,51.75,5.25
2024-10-30 12:00:00,0.13186646,-0.8398895,287.7423,102819.46,51.75,5.25
2024-10-30 13:00:00,0.025848389,-1.1733398,287.93884,102792.59,51.75,5.25
2024-10-30 14:00:00,-0.086502075,-1.6038666,287.67404,102788.17,51.75,5.25
2024-10-30 15:00:00,-0.31062317,-1.6277008,287.40378,102797.31,51.75,5.25
2024-10-30 16:00:00,-0.48417664,-1.3123779,287.07532,102794.59,51.75,5.25
2024-10-30 17:00:00,-0.7590637,-1.6092834,286.46732,102833.03,51.75,5.25
2024-10-30 18:00:00,-1.0266876,-1.3057556,286.24847,102847.33,51.75,5.25
2024-10-30 19:00:00,-1.0397034,-1.2104492,285.8725,102858.41,51.75,5.25
2024-10-30 20:00:00,-1.1671906,-1.2850189,285.7633,102863.8,51.75,5.25
2024-10-30 21:00:00,-1.4145508,-0.9021759,285.63336,102871.086,51.75,5.25
2024-10-30 22:00:00,-1.0617676,0.32633972,285.88074,102865.16,51.75,5.25
2024-10-30 23:00:00,-0.3454132,0.7357483,285.97583,102833.36,51.75,5.25
2024-10-31 00:00:00,0.4486847,0.68759155,285.80115,102836.13,51.75,5.25
2024-10-31 01:00:00,0.7083893,-0.08924866,285.41458,102852.02,51.75,5.25
2024-10-31 02:00:00,0.47114563,-0.11747742,285.38348,102846.5,51.75,5.25
2024-10-31 03:00:00,0.56025696,0.32696533,285.3211,102798.65,51.75,5.25
2024-10-31 04:00:00,0.6551361,0.26950073,285.4441,102799.125,51.75,5.25
2024-10-31 05:00:00,0.7853546,0.4960327,285.16028,102801.586,51.75,5.25
2024-10-31 06:00:00,0.6042023,0.70196533,285.24408,102803.19,51.75,5.25
2024-10-31 07:00:00,0.30618286,1.0369263,285.06555,102797.99,51.75,5.25
2024-10-31 08:00:00,0.20500183,1.7402191,285.31262,102816.13,51.75,5.25
2024-10-31 09:00:00,0.31880188,2.338211,285.82703,102809.14,51.75,5.25
2024-10-31 10:00:00,0.4507904,2.3254852,287.2932,102791.55,51.75,5.25
2024-10-31 11:00:00,1.3712769,2.3881989,287.87817,102764.38,51.75,5.25
2024-10-31 12:00:00,2.2966309,2.0506744,287.87827,102740.0,51.75,5.25
2024-10-31 13:00:00,2.3411407,1.544693,287.8231,102703.49,51.75,5.25
2024-10-31 14:00:00,2.3648682,1.4390869,287.6987,102661.93,51.75,5.25
2024-10-31 15:00:00,2.4203033,1.034256,287.4382,102623.19,51.75,5.25
2024-10-31 16:00:00,2.1924744,0.5025635,286.6551,102604.195,51.75,5.25
2024-10-31 17:00:00,2.1623993,0.93873596,285.30975,102577.305,51.75,5.25
2024-10-31 18:00:00,2.4950714,1.432373,283.64655,102566.33,51.75,5.25
2024-10-31 19:00:00,2.7879791,1.6337585,282.24445,102544.19,51.75,5.25
2024-10-31 20:00:00,2.9985657,2.1352692,281.74432,102533.74,51.75,5.25
2024-10-31 21:00:00,3.2475433,2.269989,280.85748,102535.97,51.75,5.25
2024-10-31 22:00:00,4.153656,1.412796,280.414,102502.664,51.75,5.25
2024-10-31 23:00:00,4.1829224,1.1766052,280.49695,102492.59,51.75,5.25
2024-11-01 00:00:00,4.235611,1.6533813,281.14703,102474.17,51.75,5.25
2024-11-01 01:00:00,4.320175,2.3014832,282.138,102439.875,51.75,5.25
2024-11-01 02:00:00,4.465851,2.86969,282.2553,102403.38,51.75,5.25
2024-11-01 03:00:00,4.681137,3.253189,282.75494,102387.2,51.75,5.25
2024-11-01 04:00:00,4.7377625,3.361786,283.03333,102376.84,51.75,5.25
2024-11-01 05:00:00,4.662277,3.6363525,283.07275,102338.51,51.75,5.25
2024-11-01 06:00:00,4.7419434,3.4578857,283.01178,102331.63,51.75,5.25
2024-11-01 07:00:00,4.8088837,3.7584076,282.84622,102354.78,51.75,5.25
2024-11-01 08:00:00,4.1884613,3.9594269,282.87836,102391.96,51.75,5.25
2024-11-01 09:00:00,3.9326782,3.6647491,283.32257,102387.41,51.75,5.25
2024-11-01 10:00:00,3.9830627,2.7522583,283.47546,102400.7,51.75,5.25
2024-11-01 11:00:00,3.5628357,3.1664734,283.74664,102410.97,51.75,5.25
2024-11-01 12:00:00,3.3212433,3.6379547,283.98346,102331.17,51.75,5.25
2024-11-01 13:00:00,3.7447662,3.5609589,284.16882,102342.19,51.75,5.25
2024-11-01 14:00:00,4.2687836,3.3257904,284.4749,102338.375,51.75,5.25
2024-11-01 15:00:00,4.465088,2.5486755,284.46,102351.234,51.75,5.25
2024-11-01 16:00:00,4.381485,1.8176422,284.5523,102385.17,51.75,5.25
2024-11-01 17:00:00,4.20784,0.8572235,284.52924,102448.71,51.75,5.25
2024-11-01 18:00:00,4.3616486,1.3689117,284.04663,102447.87,51.75,5.25
2024-11-01 19:00:00,4.4323883,0.98643494,284.1986,102511.26,51.75,5.25
2024-11-01 20:00:00,3.9931946,-0.5720825,284.24564,102591.97,51.75,5.25
2024-11-01 21:00:00,3.2225494,-1.275116,284.0771,102643.07,51.75,5.25
2024-11-01 22:00:00,1.5576782,-1.9686432,284.2763,102673.64,51.75,5.25
2024-11-01 23:00:00,1.5973663,-1.5312653,284.17035,102707.83,51.75,5.25
2024-11-02 00:00:00,1.6551819,-1.8168335,284.00958,102782.08,51.75,5.25
2024-11-02 01:00:00,1.4833069,-1.7570343,284.20844,102770.91,51.75,5.25
2024-11-02 02:00:00,1.330719,-1.5869293,284.2578,102790.72,51.75,5.25
2024-11-02 03:00:00,0.914505,-2.6614532,284.28943,102815.695,51.75,5.25
2024-11-02 04:00:00,-0.2775421,-3.5339355,284.40594,102862.16,51.75,5.25
2024-11-02 05:00:00,-1.4259186,-3.4777832,284.38934,102885.06,51.75,5.25
2024-11-02 06:00:00,-2.5213928,-3.8949585,284.35034,102920.58,51.75,5.25
2024-11-02 07:00:00,-3.6684723,-4.4373474,284.13736,103014.25,51.75,5.25
2024-11-02 08:00:00,-4.481659,-3.9857025,284.12268,103096.82,51.75,5.25
2024-11-02 09:00:00,-4.5605316,-2.8331146,284.3471,103143.76,51.75,5.25
2024-11-02 10:00:00,-4.2475433,-2.217865,284.79846,103178.414,51.75,5.25
2024-11-02 11:00:00,-3.944748,-1.7235413,284.946,103135.25,51.75,5.25
2024-11-02 12:00:00,-3.7266235,-1.5099487,285.24234,103118.836,51.75,5.25
2024-11-02 13:00:00,-3.5925293,-1.59906,285.2453,103085.67,51.75,5.25
2024-11-02 14:00:00,-3.7708282,-1.7959442,285.09943,103081.5,51.75,5.25
2024-11-02 15:00:00,-4.070465,-1.8320312,284.64496,103085.43,51.75,5.25
2024-11-02 16:00:00,-4.6006927,-1.5704651,283.86975,103111.86,51.75,5.25
2024-11-02 17:00:00,-5.0363007,-1.2444458,283.05667,103135.336,51.75,5.25
2024-11-02 18:00:00,-5.2800903,-1.1451874,282.4086,103150.95,51.75,5.25
2024-11-02 19:00:00,-5.338257,-1.007431,281.61554,103182.43,51.75,5.25
2024-11-02 20:00:00,-5.0762787,-0.46369934,280.61545,103176.734,51.75,5.25
2024-11-02 21:00:00,-4.828125,-0.46395874,279.6756,103182.484,51.75,5.25
2024-11-02 22:00:00,-5.071869,-0.73350525,279.41833,103171.67,51.75,5.25
2024-11-02 23:00:00,-4.7860107,-0.84924316,278.7504,103146.516,51.75,5.25
2024-11-03 00:00:00,-4.532379,-0.4822693,278.5984,103128.96,51.75,5.25
2024-11-03 01:00:00,-4.4052734,-0.030563354,278.6442,103115.016,51.75,5.25
2024-11-03 02:00:00,-4.2631836,0.64964294,278.23743,103077.95,51.75,5.25
2024-11-03 03:00:00,-3.9889526,0.8412628,277.9671,103022.516,51.75,5.25
2024-11-03 04:00:00,-3.8719025,0.82237244,278.0465,103011.125,51.75,5.25
2024-11-03 05:00:00,-3.721527,0.87265015,277.8932,103005.31,51.75,5.25
2024-11-03 06:00:00,-3.4826202,0.7214966,277.75052,102992.53,51.75,5.25
2024-11-03 07:00:00,-3.1282196,0.8597412,277.77264,103010.11,51.75,5.25
2024-11-03 08:00:00,-2.823288,1.088028,278.48865,103057.99,51.75,5.25
2024-11-03 09:00:00,-2.2096252,0.44213867,279.93866,103059.64,51.75,5.25
2024-11-03 10:00:00,-2.3055725,0.0630188,281.1853,103016.67,51.75,5.25
2024-11-03 11:00:00,-2.077896,0.38056946,282.44086,102983.34,51.75,5.25
2024-11-03 12:00:00,-2.206131,0.69088745,283.47345,102949.54,51.75,5.25
2024-11-03 13:00:00,-2.5463104,0.4558258,284.26764,102907.2,51.75,5.25
2024-11-03 14:00:00,-2.8451538,0.33332825,284.43866,102880.75,51.75,5.25
2024-11-03 15:00:00,-2.8666077,0.45295715,284.04358,102852.44,51.75,5.25
2024-11-03 16:00:00,-2.986267,0.48960876,282.39426,102853.61,51.75,5.25
2024-11-03 17:00:00,-3.3525696,0.7114868,280.64246,102861.33,51.75,5.25
2024-11-03 18:00:00,-3.3504944,0.8988037,279.76868,102883.56,51.75,5.25
2024-11-03 19:00:00,-3.8764343,0.37998962,279.30646,102894.28,51.75,5.25
2024-11-03 20:00:00,-4.5783997,0.002960205,278.8883,102885.28,51.75,5.25
2024-11-03 21:00:00,-4.7655945,0.08784485,278.8229,102896.56,51.75,5.25
2024-11-03 22:00:00,-4.973694,-0.13212585,278.57214,102899.84,51.75,5.25
2024-11-03 23:00:00,-5.2026215,0.022537231,278.43774,102888.016,51.75,5.25
2024-11-04 00:00:00,-5.2954254,0.52108765,278.1996,102902.04,51.75,5.25
2024-11-04 01:00:00,-4.984253,1.0253448,278.01263,102872.45,51.75,5.25
2024-11-04 02:00:00,-5.0402374,1.3770905,277.77753,102851.875,51.75,5.25
2024-11-04 03:00:00,-4.926758,1.4317322,277.49637,102841.516,51.75,5.25
2024-11-04 04:00:00,-4.5732727,1.5301361,277.3062,102822.76,51.75,5.25
2024-11-04 05:00:00,-4.3542786,1.1389008,277.3669,102826.875,51.75,5.25
2024-11-04 06:00:00,-4.7894745,0.7552643,277.26117,102831.7,51.75,5.25
2024-11-04 07:00:00,-5.316513,0.7583313,277.51486,102828.36,51.75,5.25
2024-11-04 08:00:00,-5.2487183,1.1523743,278.63727,102850.11,51.75,5.25
2024-11-04 09:00:00,-4.845398,1.3939819,280.1529,102835.05,51.75,5.25
2024-11-04 10:00:00,-4.5341187,0.92541504,282.0032,102791.29,51.75,5.25
2024-11-04 11:00:00,-4.2709656,0.5223999,283.32053,102740.805,51.75,5.25
2024-11-04 12:00:00,-4.304199,0.48487854,284.3404,102689.91,51.75,5.25
2024-11-04 13:00:00,-4.6023407,0.5631714,284.86044,102646.05,51.75,5.25
2024-11-04 14:00:00,-4.6981354,0.4645691,284.90808,102606.55,51.75,5.25
2024-11-04 15:00:00,-5.149185,0.61846924,284.34277,102566.22,51.75,5.25
2024-11-04 16:00:00,-6.057419,0.81370544,282.89417,102547.99,51.75,5.25
2024-11-04 17:00:00,-7.257736,0.97950745,281.68695,102544.77,51.75,5.25
2024-11-04 18:00:00,-7.9743805,1.4164581,281.27283,102524.27,51.75,5.25
2024-11-04 19:00:00,-7.7391815,2.173706,280.97272,102473.14,51.75,5.25
2024-11-04 20:00:00,-6.790222,3.0283203,280.41232,102469.8,51.75,5.25
2024-11-04 21:00:00,-5.9639893,3.4156342,279.81787,102468.375,51.75,5.25
2024-11-04 22:00:00,-6.230942,2.8680573,279.593,102414.06,51.75,5.25
2024-11-04 23:00:00,-5.8928375,3.4404297,279.0473,102374.45,51.75,5.25
2024-11-05 00:00:00,-5.1927643,3.8863068,278.46643,102383.07,51.75,5.25
2024-11-05 01:00:00,-4.542145,3.8902283,277.91614,102353.86,51.75,5.25
2024-11-05 02:00:00,-4.3171234,3.769577,277.2909,102347.28,51.75,5.25
2024-11-05 03:00:00,-4.1137238,3.9346466,276.69348,102315.125,51.75,5.25
2024-11-05 04:00:00,-3.7430115,4.149887,275.99057,102284.836,51.75,5.25
2024-11-05 05:00:00,-3.4431,4.14859,275.76514,102280.07,51.75,5.25
2024-11-05 06:00:00,-3.0053864,4.0632935,275.54474,102276.57,51.75,5.25
2024-11-05 07:00:00,-2.6204987,4.0894165,275.70728,102306.64,51.75,5.25
2024-11-05 08:00:00,-2.171585,3.8422089,277.079,102329.28,51.75,5.25
2024-11-05 09:00:00,-1.2762604,2.7826385,278.86676,102352.516,51.75,5.25
2024-11-05 10:00:00,-0.46318054,1.3362427,280.56494,102326.83,51.75,5.25
2024-11-05 11:00:00,0.088394165,1.1723785,281.6396,102325.305,51.75,5.25
2024-11-05 12:00:00,0.4116974,1.147583,282.39325,102305.14,51.75,5.25
2024-11-05 13:00:00,0.6017914,1.0700989,282.85733,102277.16,51.75,5.25
2024-11-05 14:00:00,0.53541565,1.1368866,283.01605,102289.08,51.75,5.25
2024-11-05 15:00:00,0.8944092,1.3827362,282.362,102300.67,51.75,5.25
2024-11-05 16:00:00,1.359909,1.5110016,280.45837,102338.61,51.75,5.25
2024-11-05 17:00:00,1.8161469,1.5414734,279.58826,102387.984,51.75,5.25
2024-11-05 18:00:00,2.8211517,1.293808,278.93155,102424.39,51.75,5.25
2024-11-05 19:00:00,3.304016,0.80122375,279.04736,102439.87,51.75,5.25
2024-11-05 20:00:00,3.0612946,0.4328003,279.12924,102473.86,51.75,5.25
2024-11-05 21:00:00,2.7320404,0.32414246,279.35248,102498.94,51.75,5.25
2024-11-05 22:00:00,1.8488159,0.13423157,279.5125,102551.445,51.75,5.25
2024-11-05 23:00:00,1.6378326,0.4297638,279.52087,102602.98,51.75,5.25
2024-11-06 00:00:00,1.5758514,0.7427368,279.48734,102643.17,51.75,5.25
2024-11-06 01:00:00,1.5704498,0.6044159,279.5714,102669.945,51.75,5.25
2024-11-06 02:00:00,1.3931274,0.37150574,279.60324,102672.51,51.75,5.25
2024-11-06 03:00:00,1.1728668,0.39379883,279.90533,102701.78,51.75,5.25
2024-11-06 04:00:00,0.77153015,0.5388489,280.06784,102734.875,51.75,5.25
2024-11-06 05:00:00,0.24946594,0.83651733,280.07135,102771.734,51.75,5.25
2024-11-06 06:00:00,-0.40605164,1.1333618,280.26135,102805.266,51.75,5.25
2024-11-06 07:00:00,-0.5807648,1.2928009,280.37518,102861.61,51.75,5.25
2024-11-06 08:00:00,-0.0014343262,1.026123,280.6371,102951.14,51.75,5.25
2024-11-06 09:00:00,-0.19396973,1.161972,281.0058,103003.12,51.75,5.25
2024-11-06 10:00:00,0.19314575,0.46697998,281.21332,103098.64,51.75,5.25
2024-11-06 11:00:00,0.48345947,0.10441589,281.64075,103120.78,51.75,5.25
2024-11-06 12:00:00,0.3360901,-0.08126831,281.92282,103121.4,51.75,5.25
2024-11-06 13:00:00,0.28053284,-0.27586365,282.20535,103116.86,51.75,5.25
2024-11-06 14:00:00,-0.33032227,-0.1388092,282.35803,103106.97,51.75,5.25
2024-11-06 15:00:00,-1.34758,0.2572174,282.31824,103080.59,51.75,5.25
2024-11-06 16:00:00,-1.5901337,0.42323303,281.79324,103093.2,51.75,5.25
2024-11-06 17:00:00,-1.4703674,0.34786987,281.73975,103148.234,51.75,5.25
2024-11-06 18:00:00,-1.4299316,0.63282776,281.47015,103195.734,51.75,5.25
2024-11-06 19:00:00,-1.3804932,0.73197937,281.39056,103235.17,51.75,5.25
2024-11-06 20:00:00,-1.3174438,0.59417725,281.3815,103272.59,51.75,5.25
2024-11-06 21:00:00,-1.7087097,0.3738556,281.30685,103305.76,51.75,5.25
2024-11-06 22:00:00,-2.5280762,0.97473145,281.04318,103294.016,51.75,5.25
2024-11-06 23:00:00,-2.7407532,0.87202454,280.95868,103274.97,51.75,5.25
2024-11-07 00:00:00,-3.0278625,0.81996155,280.74445,103274.25,51.75,5.25
2024-11-07 01:00:00,-2.9181824,0.82754517,280.46524,103272.125,51.75,5.25
2024-11-07 02:00:00,-3.0301666,0.46350098,280.1714,103262.28,51.75,5.25
2024-11-07 03:00:00,-2.9319763,-0.16679382,279.99664,103254.47,51.75,5.25
2024-11-07 04:00:00,-2.866562,-0.6409912,279.76627,103268.49,51.75,5.25
2024-11-07 05:00:00,-3.3581238,-0.9473572,279.7172,103262.59,51.75,5.25
2024-11-07 06:00:00,-3.6397095,-0.6260376,279.4411,103260.66,51.75,5.25
2024-11-07 07:00:00,-3.880249,-0.09236145,279.24707,103288.0,51.75,5.25
2024-11-07 08:00:00,-3.7497864,0.46923828,279.12967,103317.0,51.75,5.25
2024-11-07 09:00:00,-3.7274323,0.73931885,279.1057,103318.625,51.75,5.25
2024-11-07 10:00:00,-3.6888428,0.8607178,279.13995,103321.25,51.75,5.25
2024-11-07 11:00:00,-3.4592285,1.0668182,279.32513,103278.26,51.75,5.25
2024-11-07 12:00:00,-3.3868408,0.9698639,279.39648,103251.72,51.75,5.25
2024-11-07 13:00:00,-3.5449677,0.63238525,279.32568,103230.78,51.75,5.25
2024-11-07 14:00:00,-3.8233185,0.26785278,279.1596,103204.695,51.75,5.25
2024-11-07 15:00:00,-4.110916,0.041488647,278.94342,103185.625,51.75,5.25
2024-11-07 16:00:00,-4.45784,0.12182617,278.80176,103174.89,51.75,5.25
2024-11-07 17:00:00,-4.902954,0.39353943,278.76938,103179.62,51.75,5.25
2024-11-07 18:00:00,-5.2963867,0.6405487,278.77252,103181.164,51.75,5.25
2024-11-07 19:00:00,-5.4702606,0.8089447,278.65533,103186.56,51.75,5.25
2024-11-07 20:00:00,-5.497177,1.1676636,278.57825,103169.33,51.75,5.25
2024-11-07 21:00:00,-5.391464,1.1152344,278.5414,103177.83,51.75,5.25
2024-11-07 22:00:00,-5.103775,0.35250854,278.80087,103157.45,51.75,5.25
2024-11-07 23:00:00,-5.0445557,0.8089752,278.48224,103135.85,51.75,5.25
2024-11-08 00:00:00,-5.153061,0.9313507,278.5943,103098.24,51.75,5.25
2024-11-08 01:00:00,-5.2959595,0.6813965,278.60748,103071.195,51.75,5.25
2024-11-08 02:00:00,-5.303131,0.79029846,278.48264,103022.11,51.75,5.25
2024-11-08 03:00:00,-4.976288,0.63142395,278.4079,102949.08,51.75,5.25
2024-11-08 04:00:00,-5.126709,0.17514038,278.29785,102922.13,51.75,5.25
2024-11-08 05:00:00,-5.8620605,-0.18362427,278.23648,102897.24,51.75,5.25
2024-11-08 06:00:00,-5.8795776,0.16575623,278.09473,102877.84,51.75,5.25
2024-11-08 07:00:00,-5.697052,0.70944214,278.15033,102884.92,51.75,5.25
2024-11-08 08:00:00,-5.3283844,0.72647095,278.05487,102859.445,51.75,5.25
2024-11-08 09:00:00,-4.9272614,0.60891724,278.1136,102851.08,51.75,5.25
2024-11-08 10:00:00,-4.0761566,0.65934753,278.37927,102843.22,51.75,5.25
2024-11-08 11:00:00,-3.8766785,0.4706726,278.48657,102791.39,51.75,5.25
2024-11-08 12:00:00,-4.143265,0.3115387,278.62787,102738.75,51.75,5.25
2024-11-08 13:00:00,-4.255356,0.57528687,278.4148,102681.36,51.75,5.25
2024-11-08 14:00:00,-4.679886,0.8760681,278.3443,102617.836,51.75,5.25
2024-11-08 15:00:00,-4.974365,1.2001648,278.36426,102599.44,51.75,5.25
2024-11-08 16:00:00,-4.6023407,1.8735352,278.4491,102577.03,51.75,5.25
2024-11-08 17:00:00,-4.5400085,1.872818,278.61288,102574.875,51.75,5.25
2024-11-08 18:00:00,-4.46138,1.727417,278.84222,102568.7,51.75,5.25
2024-11-08 19:00:00,-4.025482,1.4433441,278.64276,102544.05,51.75,5.25
2024-11-08 20:00:00,-3.754837,1.2533569,278.54462,102528.64,51.75,5.25
2024-11-08 21:00:00,-3.859787,1.0676422,278.79767,102516.945,51.75,5.25
2024-11-08 22:00:00,-3.4533844,0.6651764,278.7518,102491.58,51.75,5.25
2024-11-08 23:00:00,-3.3057404,1.60495,278.7417,102497.55,51.75,5.25
2024-11-09 00:00:00,-2.7155151,1.6672058,278.6576,102470.2,51.75,5.25
2024-11-09 01:00:00,-2.1167297,2.0301514,278.76752,102470.47,51.75,5.25
2024-11-09 02:00:00,-1.9478455,1.8558502,278.89325,102461.52,51.75,5.25
2024-11-09 03:00:00,-2.193634,1.7001038,278.9024,102451.91,51.75,5.25
2024-11-09 04:00:00,-2.316101,1.7166748,278.95465,102437.78,51.75,5.25
2024-11-09 05:00:00,-2.3734589,1.8133545,279.0041,102423.91,51.75,5.25
2024-11-09 06:00:00,-2.366455,1.8382568,279.11346,102430.17,51.75,5.25
2024-11-09 07:00:00,-2.4232788,1.9199677,279.25177,102439.86,51.75,5.25
2024-11-09 08:00:00,-2.442398,1.759018,279.42352,102487.94,51.75,5.25
2024-11-09 09:00:00,-2.3821106,1.3883514,279.7263,102475.34,51.75,5.25
2024-11-09 10:00:00,-1.8550415,1.7896881,279.88013,102499.22,51.75,5.25
2024-11-09 11:00:00,-1.2475586,1.9568481,280.2227,102496.625,51.75,5.25
2024-11-09 12:00:00,-1.0731506,2.0750427,280.3703,102479.11,51.75,5.25
2024-11-09 13:00:00,-1.1261139,1.9959259,280.53775,102467.41,51.75,5.25
2024-11-09 14:00:00,-0.8777466,1.9785614,280.6952,102453.39,51.75,5.25
2024-11-09 15:00:00,-1.1735687,1.8467407,280.76074,102458.51,51.75,5.25
2024-11-09 16:00:00,-1.8047333,2.1182404,280.9002,102468.67,51.75,5.25
2024-11-09 17:00:00,-2.2848663,2.3205109,280.67096,102492.11,51.75,5.25
2024-11-09 18:00:00,-2.3670197,2.4713745,280.67615,102525.39,51.75,5.25
2024-11-09 19:00:00,-2.0283203,2.5723267,280.65488,102525.17,51.75,5.25
2024-11-09 20:00:00,-1.3229065,2.679184,280.88043,102520.95,51.75,5.25
2024-11-09 21:00:00,-0.6562805,2.7364655,280.98547,102539.484,51.75,5.25
2024-11-09 22:00:00,-0.253891,1.8595428,281.10693,102551.75,51.75,5.25
2024-11-09 23:00:00,-0.0023040771,1.7711487,281.0313,102564.05,51.75,5.25
2024-11-10 00:00:00,0.054336548,1.9055634,281.07422,102561.16,51.75,5.25
2024-11-10 01:00:00,0.5181122,1.8238373,281.12637,102574.3,51.75,5.25
2024-11-10 02:00:00,1.164917,1.6328583,281.0251,102579.805,51.75,5.25
2024-11-10 03:00:00,1.627533,1.3988342,280.92133,102564.91,51.75,5.25
2024-11-10 04:00:00,1.6391754,1.3579559,280.56458,102585.31,51.75,5.25
2024-11-10 05:00:00,1.4267426,1.7248993,280.58606,102598.57,51.75,5.25
2024-11-10 06:00:00,1.3147125,2.2295532,280.80637,102612.76,51.75,5.25
2024-11-10 07:00:00,1.3155518,2.634735,280.7127,102656.47,51.75,5.25
2024-11-10 08:00:00,1.2689056,2.7764893,281.22577,102682.9,51.75,5.25
2024-11-10 09:00:00,1.2696533,2.5676117,282.13,102702.14,51.75,5.25
2024-11-10 10:00:00,1.2466125,2.097168,282.4826,102736.96,51.75,5.25
2024-11-10 11:00:00,1.3081512,2.3269348,282.9591,102727.66,51.75,5.25
2024-11-10 12:00:00,1.6388397,2.6807098,283.45438,102723.875,51.75,5.25
2024-11-10 13:00:00,1.9196167,2.6619568,283.67523,102701.57,51.75,5.25
2024-11-10 14:00:00,2.3540955,2.807129,283.77826,102697.17,51.75,5.25
2024-11-10 15:00:00,2.386444,2.3950806,283.51932,102720.92,51.75,5.25
2024-11-10 16:00:00,2.7499237,2.1265259,283.0371,102744.516,51.75,5.25
2024-11-10 17:00:00,3.3857422,1.4101562,282.9119,102787.41,51.75,5.25
2024-11-10 18:00:00,3.9565277,0.47088623,282.7357,102835.51,51.75,5.25
2024-11-10 19:00:00,4.380142,-0.34300232,282.41888,102871.21,51.75,5.25
2024-11-10 20:00:00,4.684021,-0.7830353,282.323,102903.266,51.75,5.25
2024-11-10 21:00:00,4.7595673,-0.7267914,282.08344,102929.86,51.75,5.25
2024-11-10 22:00:00,4.574127,1.2028961,281.67688,102900.8,51.75,5.25
2024-11-10 23:00:00,4.6389008,2.3726654,280.9187,102884.98,51.75,5.25
2024-11-11 00:00:00,4.6795197,3.00885,281.055,102905.74,51.75,5.25
2024-11-11 01:00:00,4.219864,3.7442474,281.3988,102875.56,51.75,5.25
2024-11-11 02:00:00,4.3554688,4.368164,281.63318,102844.445,51.75,5.25
2024-11-11 03:00:00,4.6792297,5.0236664,281.7564,102793.11,51.75,5.25
2024-11-11 04:00:00,5.047516,5.0491486,281.9942,102779.23,51.75,5.25
2024-11-11 05:00:00,6.189316,3.7158966,282.44385,102761.586,51.75,5.25
2024-11-11 06:00:00,6.302246,-0.32492065,282.7948,102760.85,51.75,5.25
2024-11-11 07:00:00,5.1756134,-4.0052032,283.2097,102783.16,51.75,5.25
2024-11-11 08:00:00,4.395996,-5.7760773,283.68817,102824.56,51.75,5.25
2024-11-11 09:00:00,3.7328644,-6.4445496,284.40436,102871.68,51.75,5.25
2024-11-11 10:00:00,3.3145905,-5.87912,285.00616,102898.92,51.75,5.25
2024-11-11 11:00:00,3.8699188,-4.959427,285.54285,102894.58,51.75,5.25
2024-11-11 12:00:00,4.909958,-6.026535,285.5433,102896.83,51.75,5.25
2024-11-11 13:00:00,5.3535614,-6.698761,284.8915,102890.67,51.75,5.25
2024-11-11 14:00:00,5.438492,-7.565811,284.6067,102872.61,51.75,5.25
2024-11-11 15:00:00,5.0954437,-7.374008,283.71112,102868.016,51.75,5.25
2024-11-11 16:00:00,5.3142395,-7.024002,282.78345,102863.58,51.75,5.25
2024-11-11 17:00:00,5.4353027,-7.241272,282.2235,102867.86,51.75,5.25
2024-11-11 18:00:00,5.1064453,-7.8556213,282.24133,102847.55,51.75,5.25
2024-11-11 19:00:00,4.373886,-9.015808,282.35626,102868.03,51.75,5.25
2024-11-11 20:00:00,3.7573395,-9.913071,282.72183,102837.87,51.75,5.25
2024-11-11 21:00:00,2.8031921,-10.561493,282.828,102809.94,51.75,5.25
2024-11-11 22:00:00,0.41670227,-10.604233,282.8675,102779.08,51.75,5.25
2024-11-11 23:00:00,-0.53157043,-9.982422,282.5504,102765.28,51.75,5.25
2024-11-12 00:00:00,-1.3305206,-9.822388,282.46558,102788.91,51.75,5.25
2024-11-12 01:00:00,-2.5990295,-9.806503,282.59805,102817.64,51.75,5.25
2024-11-12 02:00:00,-3.2760468,-9.045837,282.39404,102848.91,51.75,5.25
2024-11-12 03:00:00,-3.841217,-8.190628,282.12378,102873.14,51.75,5.25
2024-11-12 04:00:00,-4.302063,-7.2517395,281.8819,102888.8,51.75,5.25
2024-11-12 05:00:00,-4.567795,-6.554062,281.80334,102934.78,51.75,5.25
2024-11-12 06:00:00,-4.439743,-6.239609,281.79977,103002.484,51.75,5.25
2024-11-12 07:00:00,-4.542572,-6.079727,281.78275,103060.7,51.75,5.25
2024-11-12 08:00:00,-4.9329376,-5.364746,281.89758,103135.78,51.75,5.25
2024-11-12 09:00:00,-5.8210754,-4.8923187,282.05835,103190.89,51.75,5.25
2024-11-12 10:00:00,-5.975464,-4.035721,282.5228,103241.5,51.75,5.25
2024-11-12 11:00:00,-5.7793427,-3.7144928,282.78098,103220.54,51.75,5.25
2024-11-12 12:00:00,-5.0506287,-3.9988708,282.98553,103235.234,51.75,5.25
2024-11-12 13:00:00,-4.749634,-4.7790833,283.04053,103255.8,51.75,5.25
2024-11-12 14:00:00,-4.798584,-5.4010925,282.73346,103288.84,51.75,5.25
2024-11-12 15:00:00,-5.0371704,-4.5390472,282.34814,103260.266,51.75,5.25
2024-11-12 16:00:00,-5.1909485,-3.900711,280.998,103272.055,51.75,5.25
2024-11-12 17:00:00,-5.013611,-4.6835785,280.91693,103339.78,51.75,5.25
2024-11-12 18:00:00,-4.840454,-5.0804596,280.23553,103365.09,51.75,5.25
2024-11-12 19:00:00,-4.8548584,-4.820923,280.38458,103389.19,51.75,5.25
2024-11-12 20:00:00,-4.8103333,-4.398758,279.90454,103384.08,51.75,5.25
2024-11-12 21:00:00,-4.715576,-4.2685394,279.66608,103416.0,51.75,5.25
2024-11-12 22:00:00,-4.3280334,-3.8544312,279.1778,103416.016,51.75,5.25
2024-11-12 23:00:00,-3.7238464,-4.0038605,278.8927,103407.58,51.75,5.25
2024-11-13 00:00:00,-3.123825,-3.5353546,278.6998,103374.75,51.75,5.25
2024-11-13 01:00:00,-2.7787018,-2.9659882,278.14813,103336.86,51.75,5.25
2024-11-13 02:00:00,-2.7001038,-3.307541,277.46555,103325.84,51.75,5.25
2024-11-13 03:00:00,-2.4086914,-3.510971,277.58005,103325.55,51.75,5.25
2024-11-13 04:00:00,-2.0661469,-2.9598541,277.7552,103313.41,51.75,5.25
2024-11-13 05:00:00,-1.5538483,-2.6651611,277.6462,103326.64,51.75,5.25
2024-11-13 06:00:00,-0.81430054,-2.463852,277.63962,103318.66,51.75,5.25
2024-11-13 07:00:00,0.23983765,-2.1986237,277.45322,103328.81,51.75,5.25
2024-11-13 08:00:00,1.3175354,-1.9333801,278.1419,103359.9,51.75,5.25
2024-11-13 09:00:00,2.2901154,-1.5031128,279.41663,103358.16,51.75,5.25
2024-11-13 10:00:00,2.7023468,-1.5337067,280.81738,103343.234,51.75,5.25
2024-11-13 11:00:00,3.076355,-1.0450287,281.87738,103279.86,51.75,5.25
2024-11-13 12:00:00,3.441681,-1.1166077,282.72937,103230.58,51.75,5.25
2024-11-13 13:00:00,2.8629608,-1.6302338,283.45422,103171.984,51.75,5.25
2024-11-13 14:00:00,2.4865112,-2.452591,283.81122,103170.19,51.75,5.25
2024-11-13 15:00:00,2.6221008,-2.69281,283.49585,103119.5,51.75,5.25
2024-11-13 16:00:00,3.1023407,-3.3360138,282.62463,103091.74,51.75,5.25
2024-11-13 17:00:00,3.4757385,-3.6069946,282.59045,103073.305,51.75,5.25
2024-11-13 18:00:00,3.7845001,-3.8202972,282.4743,103053.66,51.75,5.25
2024-11-13 19:00:00,4.0418854,-3.877716,282.1302,103053.695,51.75,5.25
2024-11-13 20:00:00,4.240082,-3.5952911,282.29608,103022.16,51.75,5.25
2024-11-13 21:00:00,4.2892303,-3.5573425,282.36682,102997.57,51.75,5.25
2024-11-13 22:00:00,3.6819458,-3.1937714,282.4454,102964.33,51.75,5.25
2024-11-13 23:00:00,4.3218536,-2.6538544,282.60016,102949.33,51.75,5.25
2024-11-14 00:00:00,4.3860626,-2.3006287,282.67792,102907.42,51.75,5.25
2024-11-14 01:00:00,4.839386,-1.4152069,282.6302,102835.945,51.75,5.25
2024-11-14 02:00:00,5.0138702,-1.4033966,282.6647,102793.7,51.75,5.25
2024-11-14 03:00:00,5.0486755,-2.286499,282.79718,102763.36,51.75,5.25
2024-11-14 04:00:00,4.5921936,-2.8799896,282.7402,102763.04,51.75,5.25
2024-11-14 05:00:00,3.6957855,-3.125229,282.84686,102740.47,51.75,5.25
2024-11-14 06:00:00,2.9899902,-3.4360352,283.08533,102719.484,51.75,5.25
2024-11-14 07:00:00,2.042282,-4.6483765,283.2028,102750.08,51.75,5.25
2024-11-14 08:00:00,1.1060333,-4.9899597,283.31903,102782.72,51.75,5.25
2024-11-14 09:00:00,1.2096558,-4.9069214,283.61627,102790.39,51.75,5.25
2024-11-14 10:00:00,1.388794,-4.371338,283.975,102826.25,51.75,5.25
2024-11-14 11:00:00,1.5646667,-4.774109,284.00934,102853.875,51.75,5.25
2024-11-14 12:00:00,1.6975403,-4.248352,283.89447,102845.88,51.75,5.25
2024-11-14 13:00:00,1.9148712,-4.3015594,283.73212,102799.92,51.75,5.25
2024-11-14 14:00:00,1.6701813,-5.1410675,283.63544,102800.76,51.75,5.25
2024-11-14 15:00:00,1.4228668,-4.4442444,283.44427,102787.69,51.75,5.25
2024-11-14 16:00:00,1.6705475,-3.8943176,282.72223,102792.72,51.75,5.25
2024-11-14 17:00:00,1.9264374,-3.8023071,282.43118,102833.66,51.75,5.25
2024-11-14 18:00:00,2.2389526,-3.732895,282.18274,102830.65,51.75,5.25
2024-11-14 19:00:00,2.1818542,-3.4014893,282.00604,102868.41,51.75,5.25
2024-11-14 20:00:00,2.157608,-3.2182312,281.88342,102875.58,51.75,5.25
2024-11-14 21:00:00,2.1088104,-3.1372833,281.6432,102878.59,51.75,5.25
2024-11-14 22:00:00,1.7826538,-3.153534,281.47803,102891.484,51.75,5.25
2024-11-14 23:00:00,1.7718964,-2.72023,281.3064,102889.414,51.75,5.25
2024-11-15 00:00:00,1.9149933,-2.4694824,281.31558,102856.81,51.75,5.25
2024-11-15 01:00:00,2.2402802,-2.3811188,280.66815,102821.8,51.75,5.25
2024-11-15 02:00:00,2.149231,-2.21109,280.99677,102818.14,51.75,5.25
2024-11-15 03:00:00,1.9933167,-2.0324097,280.69562,102803.54,51.75,5.25
2024-11-15 04:00:00,1.8566895,-2.0694275,281.02832,102788.24,51.75,5.25
2024-11-15 05:00:00,1.7036133,-1.7875977,280.8734,102775.15,51.75,5.25
2024-11-15 06:00:00,1.8307648,-1.1491852,280.94574,102760.74,51.75,5.25
2024-11-15 07:00:00,2.242813,-0.63957214,281.30304,102769.86,51.75,5.25
2024-11-15 08:00:00,2.762436,0.08369446,281.5284,102776.11,51.75,5.25
2024-11-15 09:00:00,2.9330444,0.93440247,281.88107,102760.02,51.75,5.25
2024-11-15 10:00:00,1.9965973,0.8447876,282.45117,102758.09,51.75,5.25
2024-11-15 11:00:00,2.3785706,1.5486603,282.65247,102756.87,51.75,5.25
2024-11-15 12:00:00,2.4526367,1.8155975,282.99084,102698.18,51.75,5.25
2024-11-15 13:00:00,2.5157776,2.1654816,283.107,102643.41,51.75,5.25
2024-11-15 14:00:00,2.160736,2.8532257,283.0147,102593.94,51.75,5.25
2024-11-15 15:00:00,2.155182,3.5746613,282.58853,102558.32,51.75,5.25
2024-11-15 16:00:00,2.325348,4.056061,282.49173,102528.72,51.75,5.25
2024-11-15 17:00:00,2.544098,4.4499817,282.20032,102526.89,51.75,5.25
2024-11-15 18:00:00,2.9461517,4.6042633,281.9262,102516.36,51.75,5.25
2024-11-15 19:00:00,3.1748962,4.712265,282.08258,102517.1,51.75,5.25
2024-11-15 20:00:00,3.3405762,4.9051514,281.97894,102473.125,51.75,5.25
2024-11-15 21:00:00,3.4990997,5.1930084,281.69016,102431.92,51.75,5.25
2024-11-15 22:00:00,3.3699493,5.4027557,281.9466,102361.81,51.75,5.25
2024-11-15 23:00:00,3.5001068,5.8415527,281.6189,102325.11,51.75,5.25
2024-11-16 00:00:00,3.874115,5.8685303,281.58252,102286.125,51.75,5.25
2024-11-16 01:00:00,4.1470337,6.142624,281.4603,102202.58,51.75,5.25
2024-11-16 02:00:00,4.271103,6.288986,281.23035,102149.86,51.75,5.25
2024-11-16 03:00:00,4.4016266,6.166046,281.14273,102078.68,51.75,5.25
2024-11-16 04:00:00,4.633148,6.1552124,281.08435,102038.25,51.75,5.25
2024-11-16 05:00:00,4.914612,6.245941,280.9213,102019.94,51.75,5.25
2024-11-16 06:00:00,5.125183,6.1167145,280.88766,101980.914,51.75,5.25
2024-11-16 07:00:00,5.338562,6.045456,280.6684,101959.49,51.75,5.25
2024-11-16 08:00:00,5.433426,6.0883026,280.5722,101952.484,51.75,5.25
2024-11-16 09:00:00,5.428299,6.5294495,280.67218,101917.79,51.75,5.25
2024-11-16 10:00:00,5.1449738,4.9895477,280.69696,101897.016,51.75,5.25
2024-11-16 11:00:00,5.36026,5.616928,280.9229,101842.17,51.75,5.25
2024-11-16 12:00:00,5.6108704,6.001343,281.1641,101771.91,51.75,5.25
2024-11-16 13:00:00,6.0600433,6.5319977,281.35315,101690.86,51.75,5.25
2024-11-16 14:00:00,6.02417,6.639862,281.3906,101621.766,51.75,5.25
2024-11-16 15:00:00,5.8624725,6.511856,281.2535,101591.44,51.75,5.25
2024-11-16 16:00:00,5.874893,6.5782623,281.2561,101539.59,51.75,5.25
2024-11-16 17:00:00,6.01593,6.351059,281.32654,101509.05,51.75,5.25
2024-11-16 18:00:00,6.163925,6.406555,281.40967,101458.42,51.75,5.25
2024-11-16 19:00:00,6.5109863,6.5370483,281.65274,101413.99,51.75,5.25
2024-11-16 20:00:00,6.8875275,6.2455444,281.7981,101359.59,51.75,5.25
2024-11-16 21:00:00,7.316574,5.7008667,281.89496,101292.45,51.75,5.25
2024-11-16 22:00:00,7.387039,4.2953644,281.91956,101255.875,51.75,5.25
2024-11-16 23:00:00,7.3776093,4.3044586,281.8926,101216.45,51.75,5.25
2024-11-17 00:00:00,7.209717,4.5563965,281.69708,101149.8,51.75,5.25
2024-11-17 01:00:00,7.5130005,3.6309052,281.70987,101112.766,51.75,5.25
2024-11-17 02:00:00,7.8758698,1.928482,281.89285,101090.07,51.75,5.25
2024-11-17 03:00:00,7.858734,0.8475189,281.88507,101059.4,51.75,5.25
2024-11-17 04:00:00,7.9743805,0.17201233,281.57837,101013.914,51.75,5.25
2024-11-17 05:00:00,8.301727,-0.5019226,281.38342,101008.94,51.75,5.25
2024-11-17 06:00:00,8.170471,-1.3106384,280.98773,101009.2,51.75,5.25
2024-11-17 07:00:00,7.8311157,-1.1915283,280.77576,101015.93,51.75,5.25
2024-11-17 08:00:00,7.7520447,-0.913208,280.74207,101075.484,51.75,5.25
2024-11-17 09:00:00,7.66864,-0.986145,281.27866,101079.72,51.75,5.25
2024-11-17 10:00:00,7.985077,-2.3281403,281.6363,101092.33,51.75,5.25
2024-11-17 11:00:00,8.203491,-3.2830048,282.38354,101101.15,51.75,5.25
2024-11-17 12:00:00,8.476578,-3.495514,282.16473,101112.39,51.75,5.25
2024-11-17 13:00:00,8.298355,-2.7819977,282.15546,101076.55,51.75,5.25
2024-11-17 14:00:00,8.405823,-2.4445648,281.92767,101078.66,51.75,5.25
2024-11-17 15:00:00,8.299515,-1.6747437,281.05417,101073.17,51.75,5.25
2024-11-17 16:00:00,8.509094,-1.3158875,279.7717,101077.78,51.75,5.25
2024-11-17 17:00:00,7.6935577,-0.88442993,279.66357,101100.09,51.75,5.25
2024-11-17 18:00:00,6.8212433,0.7392578,279.03265,101077.21,51.75,5.25
2024-11-17 19:00:00,6.520935,2.6349792,278.53583,101070.58,51.75,5.25
2024-11-17 20:00:00,7.104553,3.803238,278.67554,101038.62,51.75,5.25
2024-11-17 21:00:00,7.0885315,3.7336884,279.17017,101000.92,51.75,5.25
2024-11-17 22:00:00,5.816437,2.5115356,278.766,100953.82,51.75,5.25
2024-11-17 23:00:00,5.3147736,2.4629974,278.49207,100913.97,51.75,5.25
2024-11-18 00:00:00,5.811371,2.9178314,278.5562,100876.75,51.75,5.25
2024-11-18 01:00:00,6.814682,0.5832825,278.66727,100878.8,51.75,5.25
2024-11-18 02:00:00,6.3289948,-1.7160797,278.58182,100867.94,51.75,5.25
2024-11-18 03:00:00,6.063675,-2.0039368,278.31384,100894.305,51.75,5.25
2024-11-18 04:00:00,5.336441,-1.6269226,278.17578,100888.59,51.75,5.25
2024-11-18 05:00:00,5.2072144,-1.5116577,277.8985,100902.06,51.75,5.25
2024-11-18 06:00:00,5.0699615,-1.38974,277.70993,100919.65,51.75,5.25
2024-11-18 07:00:00,5.094742,-1.6251984,277.7166,100943.945,51.75,5.25
2024-11-18 08:00:00,4.821762,-1.7676239,277.87885,100997.75,51.75,5.25
2024-11-18 09:00:00,4.3154907,-1.3400421,278.8354,101040.75,51.75,5.25
2024-11-18 10:00:00,3.5618591,0.72242737,280.16663,101054.89,51.75,5.25
2024-11-18 11:00:00,3.6250916,1.1025391,280.89627,101053.89,51.75,5.25
2024-11-18 12:00:00,4.666458,-0.34840393,281.36304,101043.84,51.75,5.25
2024-11-18 13:00:00,4.4467163,-1.1019897,281.23618,101045.734,51.75,5.25
2024-11-18 14:00:00,3.641983,-0.18634033,280.73636,101027.016,51.75,5.25
2024-11-18 15:00:00,3.892456,-0.1730957,280.06348,101026.164,51.75,5.25
2024-11-18 16:00:00,3.3501434,0.32678223,278.83398,101007.1,51.75,5.25
2024-11-18 17:00:00,2.6610565,1.4103241,278.11395,100986.7,51.75,5.25
2024-11-18 18:00:00,2.3591309,2.6167908,277.60132,100944.55,51.75,5.25
2024-11-18 19:00:00,2.2484436,4.0177307,277.54242,100888.234,51.75,5.25
2024-11-18 20:00:00,1.935791,4.6129,277.59827,100821.33,51.75,5.25
2024-11-18 21:00:00,1.0718689,5.1510315,277.80792,100728.83,51.75,5.25
2024-11-18 22:00:00,-0.10800171,5.069809,278.19922,100631.94,51.75,5.25
2024-11-18 23:00:00,-1.2894592,5.0552826,278.46188,100469.55,51.75,5.25
2024-11-19 00:00:00,-1.980484,5.3884277,278.5191,100349.47,51.75,5.25
2024-11-19 01:00:00,-3.6543427,5.07428,278.47174,100134.516,51.75,5.25
2024-11-19 02:00:00,-5.861557,5.215225,278.39655,99860.48,51.75,5.25
2024-11-19 03:00:00,-4.7473755,6.956238,278.63324,99602.69,51.75,5.25
2024-11-19 04:00:00,-2.36438,7.843872,279.34894,99306.41,51.75,5.25
2024-11-19 05:00:00,6.126663,9.99382,280.42206,99048.08,51.75,5.25
2024-11-19 06:00:00,13.230988,7.229233,281.28912,98953.766,51.75,5.25
2024-11-19 07:00:00,11.636337,5.0732117,280.46362,98964.61,51.75,5.25
2024-11-19 08:00:00,10.292206,2.6295319,279.6624,99026.04,51.75,5.25
2024-11-19 09:00:00,7.5550995,0.07196045,278.30386,99075.06,51.75,5.25
2024-11-19 10:00:00,4.083481,-3.482315,280.1247,99091.81,51.75,5.25
2024-11-19 11:00:00,1.9052277,-5.271454,278.07758,99102.766,51.75,5.25
2024-11-19 12:00:00,0.4397583,-7.3610687,276.4693,99116.3,51.75,5.25
2024-11-19 13:00:00,0.20147705,-6.9237823,275.46283,99203.47,51.75,5.25
2024-11-19 14:00:00,0.7171478,-6.2890015,275.53046,99255.73,51.75,5.25
2024-11-19 15:00:00,1.6242828,-6.0080566,276.26154,99297.41,51.75,5.25
2024-11-19 16:00:00,2.3934784,-3.8153534,276.5667,99371.74,51.75,5.25
2024-11-19 17:00:00,3.1299286,-2.875763,276.61023,99433.88,51.75,5.25
2024-11-19 18:00:00,3.8533325,-2.622467,275.9914,99466.92,51.75,5.25
2024-11-19 19:00:00,3.9136047,-3.4161682,275.80505,99497.38,51.75,5.25
2024-11-19 20:00:00,3.9035797,-4.2613373,275.5318,99541.625,51.75,5.25
2024-11-19 21:00:00,3.9368286,-4.6053467,275.40613,99582.266,51.75,5.25
2024-11-19 22:00:00,2.3785553,-3.8699188,275.21112,99621.06,51.75,5.25
2024-11-19 23:00:00,3.838211,-1.4980621,275.04028,99684.12,51.75,5.25
2024-11-20 00:00:00,6.153137,0.021331787,275.70154,99738.375,51.75,5.25
2024-11-20 01:00:00,7.459488,0.7504883,276.06934,99746.24,51.75,5.25
2024-11-20 02:00:00,9.1548,-0.63775635,276.4026,99792.5,51.75,5.25
2024-11-20 03:00:00,9.6800995,-0.92640686,276.51373,99833.734,51.75,5.25
2024-11-20 04:00:00,10.174255,-0.32455444,276.48608,99833.27,51.75,5.25
2024-11-20 05:00:00,9.675888,-0.5163727,276.4254,99874.3,51.75,5.25
2024-11-20 06:00:00,8.894928,-1.1321716,276.387,99910.32,51.75,5.25
2024-11-20 07:00:00,8.246902,-1.4217834,276.14642,99977.625,51.75,5.25
2024-11-20 08:00:00,7.5565643,-1.8400421,276.08017,100056.97,51.75,5.25
2024-11-20 09:00:00,8.167236,-1.93396,276.1907,100110.34,51.75,5.25
2024-11-20 10:00:00,6.6517944,1.2155304,275.91577,100176.07,51.75,5.25
2024-11-20 11:00:00,8.243988,0.98750305,275.8379,100216.42,51.75,5.25
2024-11-20 12:00:00,8.662552,0.20877075,276.20834,100221.64,51.75,5.25
2024-11-20 13:00:00,9.073868,-0.61579895,276.4057,100210.945,51.75,5.25
2024-11-20 14:00:00,10.109192,-0.88446045,276.985,100199.92,51.75,5.25
2024-11-20 15:00:00,10.1866455,0.20013428,277.2256,100160.27,51.75,5.25
2024-11-20 16:00:00,10.066315,1.4524078,276.31683,100142.64,51.75,5.25
2024-11-20 17:00:00,8.518967,3.810852,275.98807,100111.47,51.75,5.25
2024-11-20 18:00:00,6.2322693,5.9637756,275.47687,100037.03,51.75,5.25
2024-11-20 19:00:00,5.4027863,4.5938873,275.06696,100031.03,51.75,5.25
2024-11-20 20:00:00,5.0979614,-0.41703796,274.9171,100084.14,51.75,5.25
2024-11-20 21:00:00,4.7020416,-4.5159607,275.09827,100155.484,51.75,5.25
2024-11-20 22:00:00,3.695633,-5.534134,274.78363,100252.21,51.75,5.25
2024-11-20 23:00:00,4.532089,-4.595459,274.98077,100362.484,51.75,5.25
2024-11-21 00:00:00,5.655319,-1.8928375,274.95306,100379.06,51.75,5.25
2024-11-21 01:00:00,7.300308,-0.5587921,275.27625,100390.5,51.75,5.25
2024-11-21 02:00:00,8.251602,-0.7359009,275.1691,100376.1,51.75,5.25
2024-11-21 03:00:00,7.734833,-0.65460205,274.73938,100322.78,51.75,5.25
2024-11-21 04:00:00,7.375473,0.3337555,274.30212,100242.37,51.75,5.25
2024-11-21 05:00:00,7.320999,2.22435,273.66315,100238.05,51.75,5.25
2024-11-21 06:00:00,7.9114075,3.9824982,273.51782,100166.11,51.75,5.25
2024-11-21 07:00:00,8.249222,4.734955,273.5005,100136.3,51.75,5.25
2024-11-21 08:00:00,8.320053,4.1810455,273.8072,100077.11,51.75,5.25
2024-11-21 09:00:00,7.75058,3.8620758,274.42206,100032.2,51.75,5.25
2024-11-21 10:00:00,7.07901,4.504898,275.4206,99921.55,51.75,5.25
2024-11-21 11:00:00,6.2402344,3.9600525,275.96478,99847.94,51.75,5.25
2024-11-21 12:00:00,5.656311,2.785736,276.1231,99720.12,51.75,5.25
2024-11-21 13:00:00,5.873825,1.3899231,276.2439,99621.86,51.75,5.25
2024-11-21 14:00:00,5.190628,0.2854309,275.89313,99517.05,51.75,5.25
2024-11-21 15:00:00,4.1186523,-1.0706177,275.18506,99444.11,51.75,5.25
2024-11-21 16:00:00,3.5453033,-1.9844055,273.90417,99395.58,51.75,5.25
2024-11-21 17:00:00,3.3805237,-2.3838654,273.22723,99406.19,51.75,5.25
2024-11-21 18:00:00,3.8447876,-2.2847137,272.75436,99420.3,51.75,5.25
2024-11-21 19:00:00,4.5389404,-1.9736328,272.60205,99433.14,51.75,5.25
2024-11-21 20:00:00,5.2310333,-1.2868347,271.8508,99471.61,51.75,5.25
2024-11-21 21:00:00,5.8972626,-0.17056274,272.1109,99521.234,51.75,5.25
2024-11-21 22:00:00,6.6125946,2.1773224,272.2156,99533.33,51.75,5.25
2024-11-21 23:00:00,7.204544,2.5671997,272.61743,99581.55,51.75,5.25
2024-11-22 00:00:00,7.5930176,2.497406,273.38498,99608.086,51.75,5.25
2024-11-22 01:00:00,8.337723,2.388794,273.5183,99647.25,51.75,5.25
2024-11-22 02:00:00,9.2379,2.3589783,273.9193,99682.53,51.75,5.25
2024-11-22 03:00:00,9.528519,2.6900177,274.2992,99710.445,51.75,5.25
2024-11-22 04:00:00,9.881531,3.186432,274.4972,99749.89,51.75,5.25
2024-11-22 05:00:00,10.106689,3.2573853,274.66888,99822.28,51.75,5.25
2024-11-22 06:00:00,9.695541,3.1699371,274.81354,99845.88,51.75,5.25
2024-11-22 07:00:00,9.371735,3.9411163,275.0694,99900.52,51.75,5.25
2024-11-22 08:00:00,9.230392,5.1622314,275.28625,99902.875,51.75,5.25
2024-11-22 09:00:00,9.48204,5.3262787,275.6599,99932.45,51.75,5.25
2024-11-22 10:00:00,9.674408,4.350128,276.03284,99966.6,51.75,5.25
2024-11-22 11:00:00,10.428635,3.912674,276.33557,99993.164,51.75,5.25
2024-11-22 12:00:00,11.339951,3.0092926,277.33215,100028.05,51.75,5.25
2024-11-22 13:00:00,12.266724,2.0834045,277.86115,100040.83,51.75,5.25
2024-11-22 14:00:00,12.913437,0.12055969,277.71234,100086.32,51.75,5.25
2024-11-22 15:00:00,12.005737,-2.2231903,277.4974,100224.89,51.75,5.25
2024-11-22 16:00:00,10.050552,-4.2817535,276.76453,100440.32,51.75,5.25
2024-11-22 17:00:00,8.291183,-4.8209686,276.86768,100684.61,51.75,5.25
2024-11-22 18:00:00,7.420212,-4.364212,276.74472,100857.3,51.75,5.25
2024-11-22 19:00:00,7.1580353,-2.904251,276.31848,101020.016,51.75,5.25
2024-11-22 20:00:00,7.7031403,-0.8641052,275.91034,101157.24,51.75,5.25
2024-11-22 21:00:00,7.932312,0.553772,275.71716,101299.87,51.75,5.25
2024-11-22 22:00:00,7.106308,3.1674957,275.4654,101375.71,51.75,5.25
2024-11-22 23:00:00,6.876251,3.8370514,275.07254,101465.266,51.75,5.25
2024-11-23 00:00:00,6.2818756,5.201538,274.65048,101483.055,51.75,5.25
2024-11-23 01:00:00,6.5994873,6.047516,274.3316,101575.25,51.75,5.25
2024-11-23 02:00:00,6.1141205,6.48143,274.29736,101576.53,51.75,5.25
2024-11-23 03:00:00,5.827347,6.803131,274.5352,101612.484,51.75,5.25
2024-11-23 04:00:00,4.762329,7.3058014,274.4581,101601.016,51.75,5.25
2024-11-23 05:00:00,3.8085938,7.4449005,274.51456,101638.07,51.75,5.25
2024-11-23 06:00:00,2.9805756,8.0607605,274.5769,101603.64,51.75,5.25
2024-11-23 07:00:00,2.4904327,8.907379,274.81598,101620.32,51.75,5.25
2024-11-23 08:00:00,2.6301727,9.261307,275.28943,101599.53,51.75,5.25
2024-11-23 09:00:00,2.458496,9.37471,276.0035,101552.44,51.75,5.25
2024-11-23 10:00:00,1.6080933,8.761063,277.0599,101550.875,51.75,5.25
2024-11-23 11:00:00,1.1142426,9.873108,277.61844,101455.0,51.75,5.25
2024-11-23 12:00:00,0.747818,11.023819,278.11176,101357.43,51.75,5.25
2024-11-23 13:00:00,0.2610321,12.182037,278.5461,101190.484,51.75,5.25
2024-11-23 14:00:00,0.07122803,12.926102,278.81995,101009.734,51.75,5.25
2024-11-23 15:00:00,0.9699249,13.20694,279.14777,100893.97,51.75,5.25
2024-11-23 16:00:00,1.9396515,13.396713,279.60355,100752.99,51.75,5.25
2024-11-23 17:00:00,2.835678,14.148087,279.15994,100633.05,51.75,5.25
2024-11-23 18:00:00,4.1287537,14.152756,278.5912,100577.53,51.75,5.25
2024-11-23 19:00:00,5.4197693,14.32428,279.05402,100540.234,51.75,5.25
2024-11-23 20:00:00,6.608383,13.908157,279.78113,100488.68,51.75,5.25
2024-11-23 21:00:00,7.088608,13.722733,280.76993,100444.516,51.75,5.25
2024-11-23 22:00:00,7.575226,11.9240265,281.8664,100390.9,51.75,5.25
2024-11-23 23:00:00,8.703033,11.954071,282.304,100421.664,51.75,5.25
2024-11-24 00:00:00,8.526779,11.936874,282.27094,100413.44,51.75,5.25
2024-11-24 01:00:00,8.190262,11.849655,282.67584,100485.555,51.75,5.25
2024-11-24 02:00:00,7.3970947,12.04715,283.35538,100474.875,51.75,5.25
2024-11-24 03:00:00,7.429962,12.04631,283.70972,100486.45,51.75,5.25
2024-11-24 04:00:00,7.0344543,12.179321,284.15912,100450.14,51.75,5.25
2024-11-24 05:00:00,6.931183,12.71965,284.55255,100453.55,51.75,5.25
2024-11-24 06:00:00,6.5807953,13.280762,284.73907,100418.25,51.75,5.25
2024-11-24 07:00:00,6.3610687,13.616577,285.12704,100448.016,51.75,5.25
2024-11-24 08:00:00,6.0100555,13.809387,285.72528,100462.34,51.75,5.25
2024-11-24 09:00:00,5.81044,14.185196,286.4379,100471.99,51.75,5.25
2024-11-24 10:00:00,5.143341,13.408478,287.45892,100486.38,51.75,5.25
2024-11-24 11:00:00,6.624588,13.637894,288.50916,100481.45,51.75,5.25
2024-11-24 12:00:00,6.9580383,13.176331,289.42822,100443.39,51.75,5.25
2024-11-24 13:00:00,6.116043,13.24469,290.00424,100423.625,51.75,5.25
2024-11-24 14:00:00,5.606415,14.145477,290.28568,100388.19,51.75,5.25
2024-11-24 15:00:00,5.295395,14.45694,290.21277,100399.67,51.75,5.25
2024-11-24 16:00:00,4.6129,14.440414,289.9475,100356.445,51.75,5.25
2024-11-24 17:00:00,4.759094,14.577377,289.77777,100378.7,51.75,5.25
2024-11-24 18:00:00,5.3554535,14.720261,289.69418,100375.9,51.75,5.25
2024-11-24 19:00:00,4.8562927,15.485413,289.79156,100339.0,51.75,5.25
2024-11-24 20:00:00,4.524231,15.663544,289.6796,100299.59,51.75,5.25
2024-11-24 21:00:00,4.481827,15.525757,289.58417,100258.56,51.75,5.25
2024-11-24 22:00:00,4.107895,15.958206,289.3985,100238.72,51.75,5.25
2024-11-24 23:00:00,4.4993896,15.159912,289.3733,100219.53,51.75,5.25
2024-11-25 00:00:00,4.27652,14.6957245,289.27295,100217.664,51.75,5.25
2024-11-25 01:00:00,3.9893494,14.392212,289.2409,100182.19,51.75,5.25
2024-11-25 02:00:00,4.334366,14.261658,288.95438,100120.625,51.75,5.25
2024-11-25 03:00:00,4.1493225,14.350937,288.8155,100088.68,51.75,5.25
2024-11-25 04:00:00,3.7461853,14.276566,289.05954,100041.09,51.75,5.25
2024-11-25 05:00:00,3.5353546,14.304565,289.19116,100028.39,51.75,5.25
2024-11-25 06:00:00,3.5451202,14.061844,289.36536,99989.72,51.75,5.25
2024-11-25 07:00:00,4.585144,13.121567,289.3304,99980.97,51.75,5.25
2024-11-25 08:00:00,5.7126923,12.081787,288.9527,100014.79,51.75,5.25
2024-11-25 09:00:00,5.157898,10.59343,288.0263,100031.734,51.75,5.25
2024-11-25 10:00:00,4.894699,7.27861,286.82562,100068.22,51.75,5.25
2024-11-25 11:00:00,7.362488,3.852539,286.1985,100117.57,51.75,5.25
2024-11-25 12:00:00,7.2326508,0.3116455,284.88495,100137.875,51.75,5.25
2024-11-25 13:00:00,6.0594788,1.5064087,283.37817,100214.61,51.75,5.25
2024-11-25 14:00:00,5.798401,4.037781,282.2901,100316.25,51.75,5.25
2024-11-25 15:00:00,5.884201,5.285263,282.3036,100387.64,51.75,5.25
2024-11-25 16:00:00,6.4732056,5.9654694,282.42346,100475.61,51.75,5.25
2024-11-25 17:00:00,6.84494,5.916565,282.51532,100577.54,51.75,5.25
2024-11-25 18:00:00,7.3405,4.996643,282.5496,100666.8,51.75,5.25
2024-11-25 19:00:00,7.5736694,4.8543243,282.5575,100771.16,51.75,5.25
2024-11-25 20:00:00,7.386627,5.141922,282.1574,100844.08,51.75,5.25
2024-11-25 21:00:00,7.3203278,5.3553467,281.7028,100919.266,51.75,5.25
2024-11-25 22:00:00,7.2661743,4.968506,281.17175,100974.36,51.75,5.25
2024-11-25 23:00:00,6.793686,5.679291,280.97403,101085.67,51.75,5.25
2024-11-26 00:00:00,6.701004,6.028885,280.7068,101156.59,51.75,5.25
2024-11-26 01:00:00,6.6531677,6.153244,280.60782,101199.11,51.75,5.25
2024-11-26 02:00:00,6.365616,6.3992157,280.49564,101272.47,51.75,5.25
2024-11-26 03:00:00,6.1242523,6.5310364,280.4166,101339.17,51.75,5.25
2024-11-26 04:00:00,5.7074738,6.546768,280.55383,101360.52,51.75,5.25
2024-11-26 05:00:00,5.2470093,6.8243256,280.5708,101410.51,51.75,5.25
2024-11-26 06:00:00,5.300827,7.232773,280.50354,101426.7,51.75,5.25
2024-11-26 07:00:00,5.6049957,6.818161,280.37573,101467.53,51.75,5.25
2024-11-26 08:00:00,5.726364,6.433731,280.4753,101533.19,51.75,5.25
2024-11-26 09:00:00,5.447235,6.274338,280.96252,101572.805,51.75,5.25
2024-11-26 10:00:00,5.1340027,6.0547028,281.98856,101590.69,51.75,5.25
2024-11-26 11:00:00,4.378662,6.1671295,282.62134,101604.836,51.75,5.25
2024-11-26 12:00:00,5.3942566,5.978882,282.82532,101596.75,51.75,5.25
2024-11-26 13:00:00,6.774658,5.294037,282.91382,101629.66,51.75,5.25
2024-11-26 14:00:00,7.302597,4.5446167,282.70178,101656.16,51.75,5.25
2024-11-26 15:00:00,7.034973,3.6072083,282.20108,101714.875,51.75,5.25
2024-11-26 16:00:00,6.621521,3.309967,281.25836,101765.92,51.75,5.25
2024-11-26 17:00:00,6.0330048,3.5839996,280.51953,101821.59,51.75,5.25
2024-11-26 18:00:00,5.8320312,3.5748749,279.80008,101850.22,51.75,5.25
2024-11-26 19:00:00,5.3815002,3.75737,279.01685,101878.48,51.75,5.25
2024-11-26 20:00:00,4.9091644,4.226776,278.312,101911.516,51.75,5.25
2024-11-26 21:00:00,4.576706,4.4538727,278.03186,101935.95,51.75,5.25
2024-11-26 22:00:00,4.1433716,3.768814,277.68274,101938.91,51.75,5.25
2024-11-26 23:00:00,3.5307465,4.569824,277.87964,101937.766,51.75,5.25
2024-11-27 00:00:00,3.2078552,4.612015,277.70258,101961.05,51.75,5.25
2024-11-27 01:00:00,1.8478394,4.3603973,277.76526,101930.61,51.75,5.25
2024-11-27 02:00:00,0.99687195,4.93219,278.36026,101899.64,51.75,5.25
2024-11-27 03:00:00,-0.42930603,5.3421783,278.57788,101850.5,51.75,5.25
2024-11-27 04:00:00,-1.6426849,5.6160126,279.25378,101766.05,51.75,5.25
2024-11-27 05:00:00,-2.9437103,6.180374,279.75626,101703.4,51.75,5.25
2024-11-27 06:00:00,-4.966446,6.3504944,279.99237,101573.99,51.75,5.25
2024-11-27 07:00:00,-6.176132,6.695587,280.41443,101462.0,51.75,5.25
2024-11-27 08:00:00,-5.8155823,8.312576,280.7685,101364.93,51.75,5.25
2024-11-27 09:00:00,-3.3058624,10.366119,281.37048,101233.516,51.75,5.25
2024-11-27 10:00:00,1.3291168,11.466812,282.91144,101099.0,51.75,5.25
2024-11-27 11:00:00,3.587738,12.184814,283.4867,100943.53,51.75,5.25
2024-11-27 12:00:00,4.3898163,13.093765,283.77023,100824.19,51.75,5.25
2024-11-27 13:00:00,5.017395,13.485352,284.22498,100730.18,51.75,5.25
2024-11-27 14:00:00,4.8181458,14.154617,284.33575,100593.39,51.75,5.25
2024-11-27 15:00:00,6.6793976,13.999893,284.07758,100473.0,51.75,5.25
2024-11-27 16:00:00,12.535034,8.887909,283.23315,100507.63,51.75,5.25
2024-11-27 17:00:00,14.710266,3.4414215,282.33496,100671.42,51.75,5.25
2024-11-27 18:00:00,14.909409,0.79330444,281.04034,100843.68,51.75,5.25
2024-11-27 19:00:00,14.5733185,-0.6540985,280.92053,101004.34,51.75,5.25
2024-11-27 20:00:00,13.708679,-2.074646,281.0653,101151.98,51.75,5.25
2024-11-27 21:00:00,12.2948,-2.8339996,281.0023,101287.84,51.75,5.25
2024-11-27 22:00:00,10.174133,-3.0057068,280.8685,101417.2,51.75,5.25
2024-11-27 23:00:00,9.53154,-3.2421722,280.63025,101532.48,51.75,5.25
2024-11-28 00:00:00,8.710449,-3.6669312,280.68762,101617.016,51.75,5.25
2024-11-28 01:00:00,8.620163,-3.7364502,280.42282,101716.94,51.75,5.25
2024-11-28 02:00:00,8.174744,-4.4179535,279.9286,101826.2,51.75,5.25
2024-11-28 03:00:00,7.768341,-4.750641,279.78082,101911.78,51.75,5.25
2024-11-28 04:00:00,7.282028,-4.990341,279.54926,101963.0,51.75,5.25
2024-11-28 05:00:00,6.8936768,-4.759659,279.28705,102059.625,51.75,5.25
2024-11-28 06:00:00,6.722885,-4.582794,279.44122,102129.24,51.75,5.25
2024-11-28 07:00:00,6.4602203,-4.799637,278.50076,102226.7,51.75,5.25
2024-11-28 08:00:00,6.0935516,-4.848572,278.7649,102311.95,51.75,5.25
2024-11-28 09:00:00,5.5359955,-4.637985,279.7646,102415.734,51.75,5.25
2024-11-28 10:00:00,4.8719635,-3.5514984,281.11304,102514.234,51.75,5.25
2024-11-28 11:00:00,5.017441,-2.7666779,282.06293,102562.734,51.75,5.25
2024-11-28 12:00:00,4.718994,-4.090988,282.33954,102580.05,51.75,5.25
2024-11-28 13:00:00,4.2041473,-4.757965,282.40515,102635.2,51.75,5.25
2024-11-28 14:00:00,3.759079,-4.8274994,281.9478,102707.28,51.75,5.25
2024-11-28 15:00:00,3.2129211,-4.4908752,281.1381,102744.875,51.75,5.25
2024-11-28 16:00:00,3.0971832,-3.8236847,279.76947,102774.97,51.75,5.25
2024-11-28 17:00:00,3.1074677,-3.4555817,279.31976,102845.734,51.75,5.25
2024-11-28 18:00:00,2.9487152,-3.1859589,278.12534,102913.22,51.75,5.25
2024-11-28 19:00:00,2.943634,-2.8818665,276.76788,103004.516,51.75,5.25
2024-11-28 20:00:00,2.4789124,-2.5546265,276.61224,103034.7,51.75,5.25
2024-11-28 21:00:00,1.855484,-2.052353,276.00552,103070.78,51.75,5.25
2024-11-28 22:00:00,0.6895447,-1.829773,276.2103,103114.58,51.75,5.25
2024-11-28 23:00:00,0.42138672,-1.0993042,275.76205,103131.52,51.75,5.25
2024-11-29 00:00:00,0.1749878,-0.2826233,275.19034,103141.414,51.75,5.25
2024-11-29 01:00:00,0.25982666,0.42359924,274.80856,103136.484,51.75,5.25
2024-11-29 02:00:00,-0.12643433,0.71977234,274.67023,103160.234,51.75,5.25
2024-11-29 03:00:00,-0.86460876,1.1338043,274.18735,103152.734,51.75,5.25
2024-11-29 04:00:00,-1.4222565,2.012207,273.347,103128.34,51.75,5.25
2024-11-29 05:00:00,-1.5248718,2.9174652,272.87714,103144.08,51.75,5.25
2024-11-29 06:00:00,-1.0046844,3.651291,273.65497,103157.56,51.75,5.25
2024-11-29 07:00:00,-0.7555237,4.0889893,273.4949,103186.086,51.75,5.25
2024-11-29 08:00:00,-1.0381012,4.200775,273.96222,103217.94,51.75,5.25
2024-11-29 09:00:00,-1.6182098,3.7502441,275.53745,103256.16,51.75,5.25
2024-11-29 10:00:00,-2.2301483,3.4027405,277.44073,103261.58,51.75,5.25
2024-11-29 11:00:00,-2.1928406,3.1303406,278.6739,103227.83,51.75,5.25
2024-11-29 12:00:00,-2.468399,2.9969788,279.43802,103145.39,51.75,5.25
2024-11-29 13:00:00,-3.0121765,3.1865387,279.59943,103101.81,51.75,5.25
2024-11-29 14:00:00,-3.747879,3.6619568,279.13043,103049.83,51.75,5.25
2024-11-29 15:00:00,-4.392868,4.4162903,278.44043,103026.34,51.75,5.25
2024-11-29 16:00:00,-4.803238,4.9996796,277.69574,103014.91,51.75,5.25
2024-11-29 17:00:00,-5.1350403,5.596634,277.61865,103006.84,51.75,5.25
2024-11-29 18:00:00,-5.242935,6.024597,277.3662,103008.914,51.75,5.25
2024-11-29 19:00:00,-5.1576843,6.3778076,276.91013,102995.58,51.75,5.25
2024-11-29 20:00:00,-4.0865784,6.666214,276.4033,102999.13,51.75,5.25
2024-11-29 21:00:00,-3.2686005,6.914856,276.0279,102964.836,51.75,5.25
2024-11-29 22:00:00,-3.311142,6.967102,275.3797,102927.11,51.75,5.25
2024-11-29 23:00:00,-3.0706482,7.1968536,275.1316,102883.266,51.75,5.25
2024-11-30 00:00:00,-2.9382935,7.3496704,274.66656,102860.17,51.75,5.25
2024-11-30 01:00:00,-2.6610107,7.095108,274.2159,102837.18,51.75,5.25
2024-11-30 02:00:00,-2.191986,6.955719,273.90344,102843.46,51.75,5.25
2024-11-30 03:00:00,-1.6188812,6.8694916,273.58832,102815.83,51.75,5.25
2024-11-30 04:00:00,-0.58750916,6.821335,273.44458,102798.125,51.75,5.25
2024-11-30 05:00:00,-0.8168335,7.043167,273.3476,102777.734,51.75,5.25
2024-11-30 06:00:00,-1.1093597,7.353607,273.3536,102753.91,51.75,5.25
2024-11-30 07:00:00,-0.64849854,7.3761444,273.5282,102766.06,51.75,5.25
2024-11-30 08:00:00,-0.2722931,7.364563,273.92145,102766.66,51.75,5.25
2024-11-30 09:00:00,0.5379791,6.870575,274.78845,102776.48,51.75,5.25
2024-11-30 10:00:00,0.7614441,5.325119,276.71082,102783.16,51.75,5.25
2024-11-30 11:00:00,1.1821747,4.6436005,278.05377,102755.91,51.75,5.25
2024-11-30 12:00:00,1.1965485,4.574646,278.97668,102707.6,51.75,5.25
2024-11-30 13:00:00,0.8184204,4.4717407,279.5932,102683.555,51.75,5.25
2024-11-30 14:00:00,0.5180969,4.6216125,279.37167,102640.08,51.75,5.25
2024-11-30 15:00:00,0.6055298,5.2585907,279.00446,102625.22,51.75,5.25
2024-11-30 16:00:00,1.1216888,5.46373,278.23767,102625.08,51.75,5.25
2024-11-30 17:00:00,1.4809418,5.4067535,278.2824,102633.58,51.75,5.25
2024-11-30 18:00:00,1.7413788,5.3123474,278.4314,102620.8,51.75,5.25
2024-11-30 19:00:00,1.5710907,5.3054504,278.44922,102612.69,51.75,5.25
2024-11-30 20:00:00,1.1958008,5.5961304,278.45496,102577.81,51.75,5.25
2024-11-30 21:00:00,1.1875305,5.8104706,278.8548,102559.76,51.75,5.25
2024-11-30 22:00:00,1.3647156,4.9204865,278.2453,102525.82,51.75,5.25
2024-11-30 23:00:00,1.4315033,4.966263,278.06363,102519.5,51.75,5.25
2024-12-01 00:00:00,1.0284882,5.231613,277.8663,102484.766,51.75,5.25
2024-12-01 01:00:00,0.5851898,5.6380463,277.69885,102429.36,51.75,5.25
2024-12-01 02:00:00,0.3983612,5.8940887,277.7428,102414.305,51.75,5.25
2024-12-01 03:00:00,0.033569336,6.190094,277.4497,102365.11,51.75,5.25
2024-12-01 04:00:00,-0.67678833,6.5575256,277.1325,102294.84,51.75,5.25
2024-12-01 05:00:00,-0.4781494,6.8554077,276.32947,102256.61,51.75,5.25
2024-12-01 06:00:00,-0.24485779,6.8846893,275.48694,102211.86,51.75,5.25
2024-12-01 07:00:00,-0.2513275,7.1506653,274.60773,102190.234,51.75,5.25
2024-12-01 08:00:00,-0.19657898,7.403427,274.42712,102151.28,51.75,5.25
2024-12-01 09:00:00,0.37454224,7.495529,275.352,102137.14,51.75,5.25
2024-12-01 10:00:00,-0.15846252,6.348984,277.30322,102059.41,51.75,5.25
2024-12-01 11:00:00,-0.06678772,7.037552,278.4273,101958.695,51.75,5.25
2024-12-01 12:00:00,-0.38978577,6.7393646,279.5084,101839.66,51.75,5.25
2024-12-01 13:00:00,0.0806427,7.684723,280.3753,101781.95,51.75,5.25
2024-12-01 14:00:00,0.3915863,8.055206,280.3059,101696.14,51.75,5.25
2024-12-01 15:00:00,0.9026947,8.283249,280.3786,101645.984,51.75,5.25
2024-12-01 16:00:00,2.3037262,8.636002,280.4289,101630.44,51.75,5.25
2024-12-01 17:00:00,3.5898438,8.944717,280.14856,101607.625,51.75,5.25
2024-12-01 18:00:00,4.3529053,8.81073,279.97397,101607.24,51.75,5.25
2024-12-01 19:00:00,4.7989044,8.612122,279.99963,101577.984,51.75,5.25
2024-12-01 20:00:00,5.2001038,8.523041,280.12732,101566.81,51.75,5.25
2024-12-01 21:00:00,5.5115204,8.275696,280.4439,101549.25,51.75,5.25
2024-12-01 22:00:00,5.4991302,7.458847,280.4833,101558.49,51.75,5.25
2024-12-01 23:00:00,4.9331055,7.781769,280.87415,101551.43,51.75,5.25
2024-12-02 00:00:00,3.9277496,8.195175,281.17477,101478.08,51.75,5.25
2024-12-02 01:00:00,3.538498,8.452789,281.5421,101460.81,51.75,5.25
2024-12-02 02:00:00,3.5299835,8.465805,281.88635,101420.69,51.75,5.25
2024-12-02 03:00:00,3.9131012,8.298752,282.102,101332.39,51.75,5.25
2024-12-02 04:00:00,4.3894043,7.8743896,282.66296,101277.73,51.75,5.25
2024-12-02 05:00:00,4.384918,7.6965485,283.02734,101237.8,51.75,5.25
2024-12-02 06:00:00,4.252533,7.606079,283.2974,101218.7,51.75,5.25
2024-12-02 07:00:00,4.396042,7.2667236,283.53656,101226.34,51.75,5.25
2024-12-02 08:00:00,4.07045,6.9197845,283.53442,101207.055,51.75,5.25
2024-12-02 09:00:00,4.0287933,6.9409637,283.68396,101210.914,51.75,5.25
2024-12-02 10:00:00,3.3000793,6.474304,284.1996,101170.34,51.75,5.25
2024-12-02 11:00:00,4.718872,7.102356,284.57034,101154.81,51.75,5.25
2024-12-02 12:00:00,6.4789124,6.4024353,284.3377,101056.39,51.75,5.25
2024-12-02 13:00:00,6.8753815,4.819641,284.33655,101043.734,51.75,5.25
2024-12-02 14:00:00,8.201004,4.015152,284.01215,101039.98,51.75,5.25
2024-12-02 15:00:00,7.594925,3.3909302,283.47534,101069.75,51.75,5.25
2024-12-02 16:00:00,7.256256,3.317688,282.2897,101093.48,51.75,5.25
2024-12-02 17:00:00,6.6559753,3.6519775,281.95813,101110.48,51.75,5.25
2024-12-02 18:00:00,6.3891144,4.2399445,281.4992,101127.96,51.75,5.25
2024-12-02 19:00:00,6.3617096,4.2741394,281.21497,101144.58,51.75,5.25
2024-12-02 20:00:00,6.783127,3.9503784,281.2625,101146.64,51.75,5.25
2024-12-02 21:00:00,6.8082275,4.0414886,281.21198,101158.17,51.75,5.25
2024-12-02 22:00:00,7.0171204,2.8143616,281.36554,101125.234,51.75,5.25
2024-12-02 23:00:00,6.7582703,3.1401825,281.2755,101194.22,51.75,5.25
2024-12-03 00:00:00,6.6161194,1.6830292,281.32733,101199.95,51.75,5.25
2024-12-03 01:00:00,6.394211,-2.0577393,280.9253,101242.69,51.75,5.25
2024-12-03 02:00:00,6.048233,-5.7704163,281.06366,101301.945,51.75,5.25
2024-12-03 03:00:00,5.4978485,-7.4890594,280.74023,101412.05,51.75,5.25
2024-12-03 04:00:00,4.8114166,-7.3102417,279.91437,101489.06,51.75,5.25
2024-12-03 05:00:00,4.1874084,-6.2984467,279.25726,101542.81,51.75,5.25
2024-12-03 06:00:00,4.612671,-5.6086273,278.63885,101611.83,51.75,5.25
2024-12-03 07:00:00,4.9233093,-5.5140686,278.1197,101709.984,51.75,5.25
2024-12-03 08:00:00,4.5053406,-5.24469,278.1059,101808.02,51.75,5.25
2024-12-03 09:00:00,4.0785522,-4.6059875,278.64368,101867.39,51.75,5.25
2024-12-03 10:00:00,3.1497192,-4.0318146,279.641,101930.91,51.75,5.25
2024-12-03 11:00:00,3.119522,-4.1937714,279.9087,101969.78,51.75,5.25
2024-12-03 12:00:00,3.0560608,-4.0542145,280.0047,101961.75,51.75,5.25
2024-12-03 13:00:00,2.7977142,-4.0244904,279.91418,101986.19,51.75,5.25
2024-12-03 14:00:00,3.0652466,-3.4878845,279.35202,101993.0,51.75,5.25
2024-12-03 15:00:00,3.5658264,-3.1853027,278.78442,102071.36,51.75,5.25
2024-12-03 16:00:00,4.212326,-2.8419342,277.78207,102100.9,51.75,5.25
2024-12-03 17:00:00,4.5204773,-2.2627716,277.41895,102117.65,51.75,5.25
2024-12-03 18:00:00,4.6008606,-1.9738007,276.966,102143.89,51.75,5.25
2024-12-03 19:00:00,4.940628,-1.8704376,276.30167,102166.05,51.75,5.25
2024-12-03 20:00:00,5.412735,-1.806427,275.96402,102224.91,51.75,5.25
2024-12-03 21:00:00,5.537842,-1.631424,276.13828,102248.78,51.75,5.25
2024-12-03 22:00:00,4.907425,-1.3603821,276.04947,102276.375,51.75,5.25
2024-12-03 23:00:00,4.9944763,-0.8846741,276.18164,102295.664,51.75,5.25
2024-12-04 00:00:00,5.182495,-0.40608215,276.07928,102281.42,51.75,5.25
2024-12-04 01:00:00,5.081085,-0.23852539,275.64178,102288.516,51.75,5.25
2024-12-04 02:00:00,5.417267,-0.18692017,275.34143,102313.31,51.75,5.25
2024-12-04 03:00:00,6.290924,-0.54019165,275.249,102369.09,51.75,5.25
2024-12-04 04:00:00,5.813797,-0.267807,275.65552,102373.17,51.75,5.25
2024-12-04 05:00:00,5.785187,-0.021484375,275.72913,102367.0,51.75,5.25
2024-12-04 06:00:00,5.831009,0.0874176,275.67328,102400.63,51.75,5.25
2024-12-04 07:00:00,5.8187866,0.20678711,276.52197,102445.84,51.75,5.25
2024-12-04 08:00:00,5.0109406,0.57676697,276.5772,102459.39,51.75,5.25
2024-12-04 09:00:00,4.3197937,1.0164948,277.1715,102492.41,51.75,5.25
2024-12-04 10:00:00,3.2589111,2.2341766,277.8848,102551.81,51.75,5.25
2024-12-04 11:00:00,4.295395,2.6573486,278.28897,102574.97,51.75,5.25
2024-12-04 12:00:00,4.3126984,2.5518646,278.5733,102556.78,51.75,5.25
2024-12-04 13:00:00,3.3605042,2.8444977,278.7354,102555.71,51.75,5.25
2024-12-04 14:00:00,2.8351746,3.1537628,278.67657,102540.95,51.75,5.25
2024-12-04 15:00:00,2.6096802,3.7688446,278.70612,102601.375,51.75,5.25
2024-12-04 16:00:00,2.077591,4.5035706,278.37598,102589.016,51.75,5.25
2024-12-04 17:00:00,1.764679,5.1102448,278.31378,102576.14,51.75,5.25
2024-12-04 18:00:00,2.4682312,5.199112,278.0213,102609.67,51.75,5.25
2024-12-04 19:00:00,2.8409882,5.4123993,277.5755,102592.69,51.75,5.25
2024-12-04 20:00:00,2.4825897,6.0112915,277.47122,102540.71,51.75,5.25
2024-12-04 21:00:00,3.184555,5.98851,277.31793,102536.625,51.75,5.25
2024-12-04 22:00:00,2.7910461,6.1396637,277.10254,102549.47,51.75,5.25
2024-12-04 23:00:00,2.0047913,6.875122,277.56918,102483.16,51.75,5.25
2024-12-05 00:00:00,2.1064758,7.8762817,277.92432,102429.39,51.75,5.25
2024-12-05 01:00:00,2.3704224,8.246719,278.25488,102368.3,51.75,5.25
2024-12-05 02:00:00,2.0231628,8.55304,278.4699,102274.234,51.75,5.25
2024-12-05 03:00:00,1.8418884,8.94516,278.70917,102161.9,51.75,5.25
2024-12-05 04:00:00,1.7269287,9.335571,278.69727,102065.99,51.75,5.25
2024-12-05 05:00:00,1.4087219,9.817093,278.61206,101980.8,51.75,5.25
2024-12-05 06:00:00,1.3833618,10.362152,278.6682,101884.7,51.75,5.25
2024-12-05 07:00:00,1.4959564,10.84729,278.70416,101776.56,51.75,5.25
2024-12-05 08:00:00,1.724762,11.396378,278.60846,101677.1,51.75,5.25
2024-12-05 09:00:00,1.0349426,12.198471,278.5008,101520.36,51.75,5.25
2024-12-05 10:00:00,0.8874359,11.710922,278.58533,101427.47,51.75,5.25
2024-12-05 11:00:00,2.5293274,11.975586,278.67432,101289.625,51.75,5.25
2024-12-05 12:00:00,4.069168,11.437027,278.89618,101165.59,51.75,5.25
2024-12-05 13:00:00,4.8565216,10.865616,279.25705,101094.664,51.75,5.25
2024-12-05 14:00:00,4.923065,10.376877,279.67432,100999.68,51.75,5.25
2024-12-05 15:00:00,4.5744934,10.178177,279.95624,100899.69,51.75,5.25
2024-12-05 16:00:00,5.175537,9.793304,280.13934,100839.09,51.75,5.25
2024-12-05 17:00:00,5.067734,9.748245,280.52295,100716.07,51.75,5.25
2024-12-05 18:00:00,4.5112305,9.766403,281.10364,100556.31,51.75,5.25
2024-12-05 19:00:00,4.104889,10.282471,281.4444,100439.62,51.75,5.25
2024-12-05 20:00:00,4.684738,11.359894,282.00018,100272.97,51.75,5.25
2024-12-05 21:00:00,4.118515,12.241089,282.37497,100029.78,51.75,5.25
2024-12-05 22:00:00,5.0991516,12.332184,282.7966,99783.734,51.75,5.25
2024-12-05 23:00:00,8.26741,12.242065,283.29327,99641.92,51.75,5.25
2024-12-06 00:00:00,11.937317,4.1191406,283.36853,99668.3,51.75,5.25
2024-12-06 01:00:00,12.972519,-1.6726837,282.51468,99788.97,51.75,5.25
2024-12-06 02:00:00,14.705917,-2.409851,281.8409,99933.89,51.75,5.25
2024-12-06 03:00:00,13.334106,-2.6651,281.77374,100015.99,51.75,5.25
2024-12-06 04:00:00,12.982285,-2.1748505,281.35876,100056.39,51.75,5.25
2024-12-06 05:00:00,13.310852,-3.2218018,281.34747,100192.4,51.75,5.25
2024-12-06 06:00:00,14.025864,-3.3869781,281.5818,100320.54,51.75,5.25
2024-12-06 07:00:00,14.765106,-3.44664,281.65573,100455.87,51.75,5.25
2024-12-06 08:00:00,15.616028,-4.13237,281.63354,100619.72,51.75,5.25
2024-12-06 09:00:00,15.247238,-5.250244,281.88757,100739.16,51.75,5.25
2024-12-06 10:00:00,14.085754,-5.1905823,282.01947,100927.92,51.75,5.25
2024-12-06 11:00:00,12.954422,-5.785675,282.09082,101038.69,51.75,5.25
2024-12-06 12:00:00,12.128571,-5.867569,282.11932,101148.25,51.75,5.25
2024-12-06 13:00:00,11.450333,-5.957962,282.29507,101265.445,51.75,5.25
2024-12-06 14:00:00,10.2139435,-5.2056274,282.33728,101368.13,51.75,5.25
2024-12-06 15:00:00,9.51413,-3.9950867,281.8759,101460.0,51.75,5.25
2024-12-06 16:00:00,8.759674,-2.5372467,281.38635,101518.41,51.75,5.25
2024-12-06 17:00:00,8.363541,-1.0752716,280.92603,101599.02,51.75,5.25
2024-12-06 18:00:00,7.049469,0.49195862,280.2152,101596.83,51.75,5.25
2024-12-06 19:00:00,6.2052917,2.7287445,279.2151,101591.65,51.75,5.25
2024-12-06 20:00:00,5.692581,4.9779663,278.5801,101553.47,51.75,5.25
2024-12-06 21:00:00,4.901474,6.3260803,278.43103,101455.34,51.75,5.25
2024-12-06 22:00:00,2.3674164,7.1729584,278.50818,101318.83,51.75,5.25
2024-12-06 23:00:00,1.5067291,8.262436,278.99054,101187.03,51.75,5.25
2024-12-07 00:00:00,1.7315369,9.844009,279.16168,101035.56,51.75,5.25
2024-12-07 01:00:00,0.782074,10.902191,279.54782,100789.69,51.75,5.25
2024-12-07 02:00:00,0.5987854,11.831619,279.76935,100574.74,51.75,5.25
2024-12-07 03:00:00,1.2798615,12.760254,280.19998,100329.12,51.75,5.25
2024-12-07 04:00:00,2.1025085,13.2276,280.52887,100088.47,51.75,5.25
2024-12-07 05:00:00,2.577301,13.729675,280.5483,99869.516,51.75,5.25
2024-12-07 06:00:00,3.7215729,13.31575,280.92957,99728.09,51.75,5.25
2024-12-07 07:00:00,4.891281,12.116531,281.46533,99594.25,51.75,5.25
2024-12-07 08:00:00,5.739441,10.815079,282.2908,99499.65,51.75,5.25
2024-12-07 09:00:00,6.4763947,10.267639,282.5771,99406.78,51.75,5.25
2024-12-07 10:00:00,4.8312836,10.40007,283.1529,99321.97,51.75,5.25
2024-12-07 11:00:00,5.024765,11.288452,283.51813,99204.3,51.75,5.25
2024-12-07 12:00:00,6.4089813,11.328552,283.1675,99114.2,51.75,5.25
2024-12-07 13:00:00,6.4907837,10.757874,282.597,99080.39,51.75,5.25
2024-12-07 14:00:00,5.7107544,10.694824,281.77777,99033.89,51.75,5.25
2024-12-07 15:00:00,4.6271667,11.36528,281.06912,99016.125,51.75,5.25
2024-12-07 16:00:00,4.2491455,11.784775,280.50504,99000.84,51.75,5.25
2024-12-07 17:00:00,3.9884338,11.87265,280.17285,99006.66,51.75,5.25
2024-12-07 18:00:00,3.6126251,11.814545,279.85706,98977.84,51.75,5.25
2024-12-07 19:00:00,3.2807617,11.021881,279.75568,99000.56,51.75,5.25
2024-12-07 20:00:00,3.072281,9.742493,279.94702,99007.45,51.75,5.25
2024-12-07 21:00:00,2.7776184,8.153793,280.14508,99035.03,51.75,5.25
2024-12-07 22:00:00,2.2264404,7.6744843,279.7459,99052.8,51.75,5.25
2024-12-07 23:00:00,0.9627228,6.936371,279.91492,99100.55,51.75,5.25
2024-12-08 00:00:00,-0.5322571,5.7876587,279.6521,99194.53,51.75,5.25
2024-12-08 01:00:00,-1.8388672,4.072586,279.42404,99277.05,51.75,5.25
2024-12-08 02:00:00,-3.8111267,1.8775482,279.19452,99420.03,51.75,5.25
2024-12-08 03:00:00,-5.376526,-0.02558899,279.5561,99539.73,51.75,5.25
2024-12-08 04:00:00,-5.578598,-1.4786987,279.80045,99688.97,51.75,5.25
2024-12-08 05:00:00,-5.4196625,-3.3698883,279.89505,99846.67,51.75,5.25
2024-12-08 06:00:00,-5.384613,-4.8665466,279.84753,100011.17,51.75,5.25
2024-12-08 07:00:00,-5.641449,-5.447708,279.74173,100178.86,51.75,5.25
2024-12-08 08:00:00,-5.653351,-5.587326,279.68942,100358.83,51.75,5.25
2024-12-08 09:00:00,-5.467575,-6.080078,279.74017,100526.055,51.75,5.25
2024-12-08 10:00:00,-4.7405396,-5.7174683,279.65314,100696.17,51.75,5.25
2024-12-08 11:00:00,-4.84198,-5.7881317,279.7292,100809.875,51.75,5.25
2024-12-08 12:00:00,-5.36232,-5.949051,279.85544,100942.3,51.75,5.25
2024-12-08 13:00:00,-5.8297424,-6.2198944,280.20343,101038.39,51.75,5.25
2024-12-08 14:00:00,-6.1227264,-6.1360474,280.41577,101154.734,51.75,5.25
2024-12-08 15:00:00,-6.8355103,-6.165329,280.16718,101272.9,51.75,5.25
2024-12-08 16:00:00,-7.4426575,-5.49646,279.8473,101418.516,51.75,5.25
2024-12-08 17:00:00,-7.245163,-5.3669434,279.52463,101539.54,51.75,5.25
2024-12-08 18:00:00,-6.4876404,-6.0084534,278.99005,101665.64,51.75,5.25
2024-12-08 19:00:00,-5.46286,-6.653656,278.7437,101793.66,51.75,5.25
2024-12-08 20:00:00,-4.8039246,-6.911606,278.7672,101902.24,51.75,5.25
2024-12-08 21:00:00,-4.452301,-7.194046,278.91833,101988.71,51.75,5.25
2024-12-08 22:00:00,-3.914505,-7.549835,279.57275,102068.984,51.75,5.25
2024-12-08 23:00:00,-4.4934387,-7.7628174,279.57544,102134.89,51.75,5.25
2024-12-09 00:00:00,-5.151123,-7.826935,279.3087,102205.336,51.75,5.25
2024-12-09 01:00:00,-5.6910553,-7.9605865,279.04358,102264.58,51.75,5.25
2024-12-09 02:00:00,-5.6331787,-7.762024,278.7713,102311.66,51.75,5.25
2024-12-09 03:00:00,-5.2019806,-7.815262,278.8251,102334.02,51.75,5.25
2024-12-09 04:00:00,-4.8790894,-8.230438,278.82892,102340.08,51.75,5.25
2024-12-09 05:00:00,-5.3010406,-8.589935,278.94772,102382.05,51.75,5.25
2024-12-09 06:00:00,-5.6279297,-8.396912,278.90283,102418.25,51.75,5.25
2024-12-09 07:00:00,-5.515625,-8.100723,278.87006,102462.086,51.75,5.25
2024-12-09 08:00:00,-5.344284,-8.097504,278.8916,102500.234,51.75,5.25
2024-12-09 09:00:00,-4.9858246,-8.126175,278.98712,102529.95,51.75,5.25
2024-12-09 10:00:00,-4.302231,-7.7036285,279.28156,102533.336,51.75,5.25
2024-12-09 11:00:00,-5.132599,-8.331924,279.40054,102525.88,51.75,5.25
2024-12-09 12:00:00,-5.8165283,-8.527084,279.56284,102494.92,51.75,5.25
2024-12-09 13:00:00,-7.7095947,-9.065216,279.7272,102486.28,51.75,5.25
2024-12-09 14:00:00,-8.042938,-8.31459,279.69495,102532.39,51.75,5.25
2024-12-09 15:00:00,-8.288116,-7.822876,279.5562,102622.8,51.75,5.25
2024-12-09 16:00:00,-7.9095306,-7.3790283,279.51257,102692.5,51.75,5.25
2024-12-09 17:00:00,-7.5342865,-6.9601135,279.35577,102753.305,51.75,5.25
2024-12-09 18:00:00,-7.1342773,-6.7588806,279.21848,102784.83,51.75,5.25
2024-12-09 19:00:00,-6.7991486,-6.690872,279.14954,102834.36,51.75,5.25
2024-12-09 20:00:00,-6.6254883,-6.637329,279.02765,102873.87,51.75,5.25
2024-12-09 21:00:00,-6.495453,-6.6757965,278.98346,102926.39,51.75,5.25
2024-12-09 22:00:00,-5.6720734,-6.189041,278.9591,102939.61,51.75,5.25
2024-12-09 23:00:00,-5.332901,-6.7153015,278.91205,102945.984,51.75,5.25
2024-12-10 00:00:00,-5.2753754,-6.8383026,278.8106,102946.75,51.75,5.25
2024-12-10 01:00:00,-5.272354,-7.2420197,278.76526,102954.41,51.75,5.25
2024-12-10 02:00:00,-5.4799805,-7.3973694,278.69806,102949.22,51.75,5.25
2024-12-10 03:00:00,-5.736511,-7.0503693,278.59418,102928.84,51.75,5.25
2024-12-10 04:00:00,-5.6746674,-6.7612305,278.54788,102916.625,51.75,5.25
2024-12-10 05:00:00,-5.9062805,-6.5909424,278.50772,102933.04,51.75,5.25
2024-12-10 06:00:00,-6.0473785,-6.254257,278.53824,102946.98,51.75,5.25
2024-12-10 07:00:00,-6.0043945,-6.1477966,278.50092,102960.31,51.75,5.25
2024-12-10 08:00:00,-6.0489197,-6.0700836,278.47452,102989.875,51.75,5.25
2024-12-10 09:00:00,-5.9394073,-6.128006,278.56656,103014.72,51.75,5.25
2024-12-10 10:00:00,-5.7069244,-6.120926,278.5614,103031.66,51.75,5.25
2024-12-10 11:00:00,-6.305847,-5.8847046,278.54105,103009.11,51.75,5.25
2024-12-10 12:00:00,-6.4696503,-5.024582,278.57092,102997.91,51.75,5.25
2024-12-10 13:00:00,-5.993637,-5.086685,278.5343,102980.266,51.75,5.25
2024-12-10 14:00:00,-5.37059,-5.0552826,278.4748,102970.664,51.75,5.25
2024-12-10 15:00:00,-5.630539,-4.9775543,278.31653,102971.3,51.75,5.25
2024-12-10 16:00:00,-5.7320557,-4.997177,278.24783,103002.586,51.75,5.25
2024-12-10 17:00:00,-6.093704,-4.565201,278.2114,103027.32,51.75,5.25
2024-12-10 18:00:00,-6.1451416,-4.1680756,278.17413,103028.7,51.75,5.25
2024-12-10 19:00:00,-5.996399,-3.953659,278.2366,103053.91,51.75,5.25
2024-12-10 20:00:00,-5.816742,-3.8959503,278.2042,103068.24,51.75,5.25
2024-12-10 21:00:00,-5.683716,-3.7124634,278.26874,103090.28,51.75,5.25
2024-12-10 22:00:00,-4.697937,-3.2835388,278.03705,103077.266,51.75,5.25
2024-12-10 23:00:00,-4.14122,-3.879013,278.06042,103081.8,51.75,5.25
2024-12-11 00:00:00,-4.019623,-4.335602,277.97604,103079.04,51.75,5.25
2024-12-11 01:00:00,-4.339615,-4.0040283,277.87613,103062.95,51.75,5.25
2024-12-11 02:00:00,-4.5908813,-3.3031006,277.74774,103061.62,51.75,5.25
2024-12-11 03:00:00,-4.661667,-3.0565186,277.7196,103076.38,51.75,5.25
2024-12-11 04:00:00,-4.3785553,-3.1434479,277.61685,103051.92,51.75,5.25
2024-12-11 05:00:00,-4.164139,-3.2283783,277.67438,103055.7,51.75,5.25
2024-12-11 06:00:00,-4.1065674,-3.306778,277.58057,103072.46,51.75,5.25
2024-12-11 07:00:00,-4.1297455,-3.2587433,277.3891,103090.16,51.75,5.25
2024-12-11 08:00:00,-4.084778,-2.7856598,277.35806,103127.875,51.75,5.25
2024-12-11 09:00:00,-4.4081573,-2.6486816,277.05783,103171.54,51.75,5.25
2024-12-11 10:00:00,-3.9983673,-2.478119,277.2,103205.75,51.75,5.25
2024-12-11 11:00:00,-3.077835,-2.6046143,277.10828,103183.414,51.75,5.25
2024-12-11 12:00:00,-2.8084564,-2.607071,276.94052,103162.97,51.75,5.25
2024-12-11 13:00:00,-2.8555145,-2.5222473,276.90002,103114.875,51.75,5.25
2024-12-11 14:00:00,-2.714447,-2.625122,276.74567,103129.15,51.75,5.25
2024-12-11 15:00:00,-2.6665802,-2.7933502,276.57437,103145.95,51.75,5.25
2024-12-11 16:00:00,-2.5863953,-3.0027466,276.45837,103143.52,51.75,5.25
2024-12-11 17:00:00,-2.5126495,-2.8684845,276.4436,103187.58,51.75,5.25
2024-12-11 18:00:00,-2.188797,-2.2886963,276.48413,103201.56,51.75,5.25
2024-12-11 19:00:00,-1.6815186,-1.2900848,276.51984,103227.766,51.75,5.25
2024-12-11 20:00:00,-1.7479401,-0.84155273,276.4342,103231.11,51.75,5.25
2024-12-11 21:00:00,-1.3854828,-0.42692566,276.04126,103244.95,51.75,5.25
2024-12-11 22:00:00,-1.2610321,0.06599426,276.19934,103229.945,51.75,5.25
2024-12-11 23:00:00,-0.6023102,-0.04573059,276.05957,103236.79,51.75,5.25
2024-12-12 00:00:00,0.22921753,-0.19364929,275.9013,103218.14,51.75,5.25
2024-12-12 01:00:00,0.4064331,-0.3111267,275.52808,103199.33,51.75,5.25
2024-12-12 02:00:00,0.36647034,-0.11494446,275.7669,103206.28,51.75,5.25
2024-12-12 03:00:00,0.5875244,0.850296,275.85382,103197.83,51.75,5.25
2024-12-12 04:00:00,1.1931,1.2976074,275.90057,103162.53,51.75,5.25
2024-12-12 05:00:00,1.6526184,1.4761963,275.97266,103167.53,51.75,5.25
2024-12-12 06:00:00,1.6884003,1.5803986,275.988,103154.11,51.75,5.25
2024-12-12 07:00:00,1.630249,1.4819946,275.9815,103155.31,51.75,5.25
2024-12-12 08:00:00,1.8886566,1.0631256,276.0023,103169.91,51.75,5.25
2024-12-12 09:00:00,2.0170288,0.6774292,276.13654,103169.17,51.75,5.25
2024-12-12 10:00:00,0.8211365,0.15357971,276.0713,103197.32,51.75,5.25
2024-12-12 11:00:00,0.68452454,0.29301453,276.28485,103142.41,51.75,5.25
2024-12-12 12:00:00,0.26979065,0.6730194,276.44766,103117.81,51.75,5.25
2024-12-12 13:00:00,0.081207275,0.64349365,276.6773,103100.56,51.75,5.25
2024-12-12 14:00:00,-0.1282196,0.12210083,276.84665,103073.0,51.75,5.25
2024-12-12 15:00:00,-0.80981445,-0.2373352,276.9674,103050.7,51.75,5.25
2024-12-12 16:00:00,-1.6494446,-0.48588562,277.13254,103046.16,51.75,5.25
2024-12-12 17:00:00,-2.2863617,-0.19111633,277.07562,103051.28,51.75,5.25
2024-12-12 18:00:00,-2.5525055,-0.07418823,277.00766,103057.445,51.75,5.25
2024-12-12 19:00:00,-2.8826752,-0.2886505,277.02637,103065.27,51.75,5.25
2024-12-12 20:00:00,-3.2848663,-0.35395813,276.91312,103062.64,51.75,5.25
2024-12-12 21:00:00,-3.6656036,-0.14666748,276.96265,103044.45,51.75,5.25
2024-12-12 22:00:00,-3.8265076,0.4440918,276.7826,103030.47,51.75,5.25
2024-12-12 23:00:00,-3.5659943,0.6257324,276.8542,103024.375,51.75,5.25
2024-12-13 00:00:00,-3.7847443,1.0892487,276.83667,103014.79,51.75,5.25
2024-12-13 01:00:00,-3.8995361,1.3381653,276.53046,102977.0,51.75,5.25
2024-12-13 02:00:00,-3.9059143,1.4203186,276.23413,102959.09,51.75,5.25
2024-12-13 03:00:00,-3.9093475,1.4743652,275.9517,102922.13,51.75,5.25
2024-12-13 04:00:00,-3.827835,1.2359619,275.6955,102892.336,51.75,5.25
2024-12-13 05:00:00,-3.9464722,1.3652954,275.52032,102871.89,51.75,5.25
2024-12-13 06:00:00,-4.032669,1.7283783,275.3669,102854.47,51.75,5.25
2024-12-13 07:00:00,-4.162155,1.9733734,275.16663,102838.75,51.75,5.25
2024-12-13 08:00:00,-3.9628296,2.1519775,274.79962,102849.11,51.75,5.25
2024-12-13 09:00:00,-3.4421387,2.37677,274.7055,102837.45,51.75,5.25
2024-12-13 10:00:00,-2.1549072,2.5510101,274.50714,102856.83,51.75,5.25
2024-12-13 11:00:00,-1.7017517,2.365738,274.45886,102808.53,51.75,5.25
2024-12-13 12:00:00,-1.5543365,2.424881,274.41467,102744.875,51.75,5.25
2024-12-13 13:00:00,-1.4190979,2.4872742,274.41116,102665.44,51.75,5.25
2024-12-13 14:00:00,-1.5073853,2.3704224,274.41113,102590.0,51.75,5.25
2024-12-13 15:00:00,-1.2692261,2.7677307,274.42917,102556.2,51.75,5.25
2024-12-13 16:00:00,-0.7842407,2.8469086,273.9058,102532.984,51.75,5.25
2024-12-13 17:00:00,-0.097976685,2.7296295,273.63397,102510.45,51.75,5.25
2024-12-13 18:00:00,0.9184265,2.832306,273.6079,102481.234,51.75,5.25
2024-12-13 19:00:00,1.6972961,3.0664673,273.4546,102442.06,51.75,5.25
2024-12-13 20:00:00,2.3081512,2.8693085,273.0506,102394.97,51.75,5.25
2024-12-13 21:00:00,2.8527832,2.0466003,273.49655,102336.86,51.75,5.25
2024-12-13 22:00:00,2.8357544,1.9598694,274.825,102290.16,51.75,5.25
2024-12-13 23:00:00,3.236206,2.298996,274.7677,102267.97,51.75,5.25
2024-12-14 00:00:00,3.3687897,2.4042053,274.68152,102210.47,51.75,5.25
2024-12-14 01:00:00,3.3866425,3.156021,274.5896,102125.66,51.75,5.25
2024-12-14 02:00:00,3.6314697,3.8793488,274.5306,102076.0,51.75,5.25
2024-12-14 03:00:00,3.832901,4.306961,274.42856,102028.09,51.75,5.25
2024-12-14 04:00:00,4.5733185,5.1686707,274.5453,101956.44,51.75,5.25
2024-12-14 05:00:00,5.2911987,5.4828796,274.71112,101922.67,51.75,5.25
2024-12-14 06:00:00,5.872467,5.4588623,274.97986,101904.375,51.75,5.25
2024-12-14 07:00:00,6.081604,5.5773315,275.25058,101888.125,51.75,5.25
2024-12-14 08:00:00,5.8544464,5.3121796,275.43463,101892.41,51.75,5.25
2024-12-14 09:00:00,6.341797,6.023407,275.6408,101888.81,51.75,5.25
2024-12-14 10:00:00,5.255188,5.3644714,276.11328,101896.15,51.75,5.25
2024-12-14 11:00:00,5.7073517,5.2275543,276.5516,101871.234,51.75,5.25
2024-12-14 12:00:00,6.0473175,5.2068634,276.97418,101829.74,51.75,5.25
2024-12-14 13:00:00,5.6437683,5.118698,277.34222,101795.69,51.75,5.25
2024-12-14 14:00:00,6.428894,5.292618,277.91882,101746.5,51.75,5.25
2024-12-14 15:00:00,7.1026,4.4642334,278.2555,101795.36,51.75,5.25
2024-12-14 16:00:00,7.3240967,3.6620178,278.4856,101796.84,51.75,5.25
2024-12-14 17:00:00,7.5853577,1.6752625,278.4781,101857.8,51.75,5.25
2024-12-14 18:00:00,7.362564,-1.2524719,278.5019,101918.28,51.75,5.25
2024-12-14 19:00:00,7.0591125,-2.453125,278.13104,101974.22,51.75,5.25
2024-12-14 20:00:00,7.135269,-1.8345032,277.7452,102019.3,51.75,5.25
2024-12-14 21:00:00,7.591278,-0.80371094,277.44217,102076.72,51.75,5.25
2024-12-14 22:00:00,7.310013,-0.009902954,277.25208,102126.16,51.75,5.25
2024-12-14 23:00:00,7.355377,0.86050415,276.91873,102161.234,51.75,5.25
2024-12-15 00:00:00,7.3157196,2.2126312,276.83618,102178.45,51.75,5.25
2024-12-15 01:00:00,7.349121,2.549652,276.77243,102210.016,51.75,5.25
2024-12-15 02:00:00,7.4120483,2.7936401,277.16013,102235.25,51.75,5.25
2024-12-15 03:00:00,7.254822,3.1561737,277.6765,102251.03,51.75,5.25
2024-12-15 04:00:00,7.2926025,3.130066,278.247,102280.16,51.75,5.25
2024-12-15 05:00:00,7.2817383,3.4840393,278.74194,102299.53,51.75,5.25
2024-12-15 06:00:00,7.3441315,4.4511414,278.86063,102317.336,51.75,5.25
2024-12-15 07:00:00,7.68132,4.558853,279.2435,102371.38,51.75,5.25
2024-12-15 08:00:00,7.947998,4.778305,279.40094,102431.11,51.75,5.25
2024-12-15 09:00:00,8.43074,4.8271637,279.62842,102473.484,51.75,5.25
2024-12-15 10:00:00,8.447922,4.662552,279.90402,102515.42,51.75,5.25
2024-12-15 11:00:00,8.878494,5.030487,280.34735,102517.164,51.75,5.25
2024-12-15 12:00:00,9.251053,4.4470825,281.03708,102515.17,51.75,5.25
2024-12-15 13:00:00,9.28479,4.006119,281.49078,102501.05,51.75,5.25
2024-12-15 14:00:00,9.431808,3.4737396,281.92868,102511.664,51.75,5.25
2024-12-15 15:00:00,9.502213,3.1731873,282.16882,102542.06,51.75,5.25
2024-12-15 16:00:00,9.475372,3.1647644,282.34363,102578.39,51.75,5.25
2024-12-15 17:00:00,9.348907,3.7176971,282.47137,102617.55,51.75,5.25
2024-12-15 18:00:00,9.409973,3.9264069,282.62457,102634.77,51.75,5.25
2024-12-15 19:00:00,9.669464,4.077408,282.86444,102666.99,51.75,5.25
2024-12-15 20:00:00,9.789734,4.3492584,283.03943,102682.99,51.75,5.25
2024-12-15 21:00:00,9.731857,4.3726807,283.2718,102711.984,51.75,5.25
2024-12-15 22:00:00,9.823013,4.116165,283.4511,102722.234,51.75,5.25
2024-12-15 23:00:00,9.936157,3.704773,283.6122,102754.41,51.75,5.25
2024-12-16 00:00:00,10.083084,3.8527222,283.67432,102759.45,51.75,5.25
2024-12-16 01:00:00,10.18782,3.973343,283.7281,102761.984,51.75,5.25
2024-12-16 02:00:00,10.471436,3.7809753,283.8473,102795.266,51.75,5.25
2024-12-16 03:00:00,10.559814,3.9730682,283.80847,102821.97,51.75,5.25
2024-12-16 04:00:00,10.387558,3.8182526,283.74457,102796.734,51.75,5.25
2024-12-16 05:00:00,10.099731,3.4926453,283.56158,102834.13,51.75,5.25
2024-12-16 06:00:00,10.0877075,3.392044,283.38947,102848.74,51.75,5.25
2024-12-16 07:00:00,10.620483,3.3210297,283.2956,102910.77,51.75,5.25
2024-12-16 08:00:00,10.672562,3.1577148,283.26685,102943.38,51.75,5.25
2024-12-16 09:00:00,10.477005,3.2637787,283.26312,102985.16,51.75,5.25
2024-12-16 10:00:00,9.2786255,3.1197052,283.41095,103029.7,51.75,5.25
2024-12-16 11:00:00,9.172775,3.3852692,283.4016,102990.07,51.75,5.25
2024-12-16 12:00:00,9.794067,3.684723,283.34467,102971.875,51.75,5.25
2024-12-16 13:00:00,9.848541,3.7829437,283.26395,102912.21,51.75,5.25
2024-12-16 14:00:00,9.582016,3.6643066,283.3161,102882.234,51.75,5.25
2024-12-16 15:00:00,9.673096,3.5248566,283.18262,102886.3,51.75,5.25
2024-12-16 16:00:00,10.062302,3.03833,283.03055,102891.68,51.75,5.25
2024-12-16 17:00:00,9.986786,2.5510254,282.8822,102902.91,51.75,5.25
2024-12-16 18:00:00,9.238937,2.81839,282.8783,102888.195,51.75,5.25
2024-12-16 19:00:00,9.116882,3.3565826,282.72235,102892.16,51.75,5.25
2024-12-16 20:00:00,9.341263,3.6013641,282.39728,102898.61,51.75,5.25
2024-12-16 21:00:00,9.291122,3.3961182,282.368,102911.2,51.75,5.25
2024-12-16 22:00:00,8.15834,3.3697357,282.04297,102904.375,51.75,5.25
2024-12-16 23:00:00,7.9115143,3.667694,282.02737,102894.336,51.75,5.25
2024-12-17 00:00:00,7.8507843,3.962387,281.9441,102814.97,51.75,5.25
2024-12-17 01:00:00,8.47435,3.1545715,281.35004,102859.75,51.75,5.25
2024-12-17 02:00:00,8.035782,3.4006195,280.95026,102856.11,51.75,5.25
2024-12-17 03:00:00,8.081863,3.416687,280.80307,102862.35,51.75,5.25
2024-12-17 04:00:00,7.706604,3.395218,280.41064,102840.336,51.75,5.25
2024-12-17 05:00:00,6.954895,4.118149,280.13486,102817.234,51.75,5.25
2024-12-17 06:00:00,6.7493286,4.911377,280.34155,102774.75,51.75,5.25
2024-12-17 07:00:00,7.0312653,4.958679,280.37122,102801.89,51.75,5.25
2024-12-17 08:00:00,7.2801056,4.295639,280.74115,102861.34,51.75,5.25
2024-12-17 09:00:00,6.4573364,3.8143768,281.21808,102872.81,51.75,5.25
2024-12-17 10:00:00,4.76828,4.0480194,281.58112,102867.0,51.75,5.25
2024-12-17 11:00:00,4.8473816,4.016098,281.97296,102801.86,51.75,5.25
2024-12-17 12:00:00,4.0710754,4.0666656,282.18658,102717.484,51.75,5.25
2024-12-17 13:00:00,3.3530426,4.976486,282.27277,102647.375,51.75,5.25
2024-12-17 14:00:00,1.7814026,5.2075653,282.1206,102588.69,51.75,5.25
2024-12-17 15:00:00,0.72250366,5.760605,281.96387,102537.67,51.75,5.25
2024-12-17 16:00:00,-0.09197998,6.5852814,281.597,102465.14,51.75,5.25
2024-12-17 17:00:00,0.33618164,7.2694244,281.4225,102410.44,51.75,5.25
2024-12-17 18:00:00,0.24337769,7.5756073,281.25018,102299.5,51.75,5.25
2024-12-17 19:00:00,0.18235779,7.8903503,281.0832,102204.99,51.75,5.25
2024-12-17 20:00:00,1.1985626,8.069397,280.72684,102109.1,51.75,5.25
2024-12-17 21:00:00,2.5087128,8.26152,280.3891,102009.7,51.75,5.25
2024-12-17 22:00:00,1.4123383,7.274597,280.5317,101914.45,51.75,5.25
2024-12-17 23:00:00,3.749115,7.843811,280.17572,101863.3,51.75,5.25
2024-12-18 00:00:00,4.6256866,7.8622894,280.01538,101791.45,51.75,5.25
2024-12-18 01:00:00,4.1762543,7.996048,279.97174,101695.28,51.75,5.25
2024-12-18 02:00:00,3.991806,9.039368,280.1667,101598.31,51.75,5.25
2024-12-18 03:00:00,4.862808,9.671997,280.47504,101517.56,51.75,5.25
2024-12-18 04:00:00,5.270645,9.952637,280.82083,101411.05,51.75,5.25
2024-12-18 05:00:00,5.7810516,10.142288,281.22284,101305.7,51.75,5.25
2024-12-18 06:00:00,6.5795593,10.453415,281.92157,101229.52,51.75,5.25
2024-12-18 07:00:00,6.9001617,10.76358,282.5409,101175.266,51.75,5.25
2024-12-18 08:00:00,7.2061157,10.988266,283.04645,101133.14,51.75,5.25
2024-12-18 09:00:00,7.55809,11.11261,283.47665,101099.36,51.75,5.25
2024-12-18 10:00:00,7.2844086,10.535782,284.11172,101063.5,51.75,5.25
2024-12-18 11:00:00,8.709244,11.137802,284.95297,101003.56,51.75,5.25
2024-12-18 12:00:00,10.12027,10.897491,285.31372,100922.61,51.75,5.25
2024-12-18 13:00:00,11.30455,9.802017,285.8988,100903.695,51.75,5.25
2024-12-18 14:00:00,12.168915,7.944046,286.08307,100938.375,51.75,5.25
2024-12-18 15:00:00,11.539963,7.1698303,286.25665,100945.35,51.75,5.25
2024-12-18 16:00:00,10.678558,7.1789856,286.06995,100943.875,51.75,5.25
2024-12-18 17:00:00,9.810043,6.825638,285.89597,100981.71,51.75,5.25
2024-12-18 18:00:00,8.461288,7.0802307,285.78528,100933.39,51.75,5.25
2024-12-18 19:00:00,6.8429565,8.397049,285.60706,100849.06,51.75,5.25
2024-12-18 20:00:00,6.355118,9.812378,285.48352,100781.41,51.75,5.25
2024-12-18 21:00:00,6.0648804,10.749603,285.73618,100640.625,51.75,5.25
2024-12-18 22:00:00,4.6090393,11.046295,285.6353,100478.92,51.75,5.25
2024-12-18 23:00:00,4.7624207,11.709427,285.35007,100288.7,51.75,5.25
2024-12-19 00:00:00,5.996811,12.683563,285.49252,100094.09,51.75,5.25
2024-12-19 01:00:00,7.6064453,12.278244,285.76373,99950.44,51.75,5.25
2024-12-19 02:00:00,7.5121307,12.804443,286.302,99777.5,51.75,5.25
2024-12-19 03:00:00,10.123001,12.899429,286.20544,99651.2,51.75,5.25
2024-12-19 04:00:00,10.908142,11.195877,285.93512,99542.4,51.75,5.25
2024-12-19 05:00:00,10.801437,11.062256,285.73468,99459.06,51.75,5.25
2024-12-19 06:00:00,11.458954,10.611404,285.2198,99416.53,51.75,5.25
2024-12-19 07:00:00,12.017242,6.86084,284.83658,99430.0,51.75,5.25
2024-12-19 08:00:00,10.346405,-0.5873108,282.9344,99517.69,51.75,5.25
2024-12-19 09:00:00,8.370422,-4.2390594,281.85748,99643.195,51.75,5.25
2024-12-19 10:00:00,8.5742035,-3.9819489,281.03955,99771.34,51.75,5.25
2024-12-19 11:00:00,9.281128,-4.750061,280.4718,99857.914,51.75,5.25
2024-12-19 12:00:00,8.82666,-6.024933,279.9687,99955.91,51.75,5.25
2024-12-19 13:00:00,7.8138885,-6.3831787,279.4847,100030.56,51.75,5.25
2024-12-19 14:00:00,8.101608,-5.997864,279.01398,100158.92,51.75,5.25
2024-12-19 15:00:00,8.45195,-6.577133,278.75964,100275.75,51.75,5.25
2024-12-19 16:00:00,8.181488,-5.4050446,278.58716,100391.414,51.75,5.25
2024-12-19 17:00:00,9.042618,-4.27977,278.35657,100530.17,51.75,5.25
2024-12-19 18:00:00,9.8572235,-3.967453,278.1181,100647.16,51.75,5.25
2024-12-19 19:00:00,10.115707,-3.6287537,278.23996,100787.375,51.75,5.25
2024-12-19 20:00:00,9.669571,-3.9506073,278.1516,100917.55,51.75,5.25
2024-12-19 21:00:00,9.549103,-3.8471985,278.12048,101039.5,51.75,5.25
2024-12-19 22:00:00,8.924225,-3.3819275,278.3225,101142.05,51.75,5.25
2024-12-19 23:00:00,8.94339,-3.6288452,278.34323,101236.55,51.75,5.25
2024-12-20 00:00:00,8.552795,-4.6058197,278.00232,101364.625,51.75,5.25
2024-12-20 01:00:00,8.344269,-4.137192,278.19965,101430.79,51.75,5.25
2024-12-20 02:00:00,8.582916,-3.7405243,277.9397,101525.984,51.75,5.25
2024-12-20 03:00:00,8.6732025,-3.4978485,277.7995,101603.44,51.75,5.25
2024-12-20 04:00:00,8.405502,-3.4295044,277.87762,101678.2,51.75,5.25
2024-12-20 05:00:00,7.978424,-2.9330597,277.62213,101709.09,51.75,5.25
2024-12-20 06:00:00,7.55896,-1.736496,277.46826,101750.97,51.75,5.25
2024-12-20 07:00:00,7.518341,-0.526886,277.1016,101828.28,51.75,5.25
2024-12-20 08:00:00,7.242325,0.83210754,276.9344,101878.16,51.75,5.25
2024-12-20 09:00:00,7.1539154,2.0917053,277.23886,101937.195,51.75,5.25
2024-12-20 10:00:00,6.095749,3.4761353,278.04657,101954.55,51.75,5.25
2024-12-20 11:00:00,5.888809,3.854309,278.89255,101946.2,51.75,5.25
2024-12-20 12:00:00,7.500519,3.7442627,279.5585,101902.72,51.75,5.25
2024-12-20 13:00:00,7.8007507,3.9072113,279.5608,101866.06,51.75,5.25
2024-12-20 14:00:00,6.941284,4.8739624,279.71228,101839.69,51.75,5.25
2024-12-20 15:00:00,5.9362793,6.016678,279.01102,101844.65,51.75,5.25
2024-12-20 16:00:00,5.5160522,6.795532,278.3316,101798.484,51.75,5.25
2024-12-20 17:00:00,5.241745,7.102783,278.33282,101767.03,51.75,5.25
2024-12-20 18:00:00,5.2974243,7.699478,278.5824,101722.75,51.75,5.25
2024-12-20 19:00:00,5.640793,8.239365,279.14484,101687.08,51.75,5.25
2024-12-20 20:00:00,6.0983734,8.337738,279.23505,101645.22,51.75,5.25
2024-12-20 21:00:00,6.145111,8.550476,279.36133,101604.58,51.75,5.25
2024-12-20 22:00:00,4.944824,8.577621,279.4031,101542.66,51.75,5.25
2024-12-20 23:00:00,6.121567,8.559357,279.34067,101504.234,51.75,5.25
2024-12-21 00:00:00,7.0460205,7.627594,279.85632,101474.12,51.75,5.25
2024-12-21 01:00:00,7.3296814,7.3819733,280.2113,101447.08,51.75,5.25
2024-12-21 02:00:00,7.41597,7.357834,280.25555,101451.98,51.75,5.25
2024-12-21 03:00:00,7.4660034,6.494629,280.23834,101451.67,51.75,5.25
2024-12-21 04:00:00,6.886139,5.151886,280.1624,101441.25,51.75,5.25
2024-12-21 05:00:00,6.2582245,4.847687,280.2011,101391.2,51.75,5.25
2024-12-21 06:00:00,6.640976,4.458542,280.3042,101395.19,51.75,5.25
2024-12-21 07:00:00,6.6421814,4.7114563,280.58514,101402.09,51.75,5.25
2024-12-21 08:00:00,7.2056274,4.945572,280.62793,101398.195,51.75,5.25
2024-12-21 09:00:00,7.0643005,5.848068,280.9458,101375.734,51.75,5.25
2024-12-21 10:00:00,6.358368,7.1469116,280.71347,101324.57,51.75,5.25
2024-12-21 11:00:00,7.728592,7.299225,280.83243,101246.81,51.75,5.25
2024-12-21 12:00:00,8.429504,7.5932007,281.1484,101129.984,51.75,5.25
2024-12-21 13:00:00,8.717056,8.338715,281.3454,101013.17,51.75,5.25
2024-12-21 14:00:00,8.815079,9.636108,281.33026,100886.58,51.75,5.25
2024-12-21 15:00:00,9.089539,9.7743225,281.4876,100781.95,51.75,5.25
2024-12-21 16:00:00,9.182877,9.084045,281.77673,100654.17,51.75,5.25
2024-12-21 17:00:00,9.087677,9.037613,281.9361,100553.16,51.75,5.25
2024-12-21 18:00:00,9.499115,8.289749,282.10086,100438.375,51.75,5.25
2024-12-21 19:00:00,9.969543,6.8744965,282.55405,100345.58,51.75,5.25
2024-12-21 20:00:00,10.882278,4.552826,283.15918,100267.39,51.75,5.25
2024-12-21 21:00:00,11.420807,2.490219,283.1054,100234.45,51.75,5.25
2024-12-21 22:00:00,10.934921,-0.113204956,282.73703,100248.7,51.75,5.25
2024-12-21 23:00:00,10.524643,1.4951782,282.0833,100183.055,51.75,5.25
2024-12-22 00:00:00,11.08754,2.2591858,281.89212,100118.61,51.75,5.25
2024-12-22 01:00:00,11.183472,2.2821045,281.59955,100074.33,51.75,5.25
2024-12-22 02:00:00,11.013123,2.2126312,280.6753,99994.984,51.75,5.25
2024-12-22 03:00:00,11.632553,1.8608246,280.6117,99931.07,51.75,5.25
2024-12-22 04:00:00,11.695465,1.2042236,279.87787,99849.95,51.75,5.25
2024-12-22 05:00:00,11.136566,1.4256439,279.70312,99779.39,51.75,5.25
2024-12-22 06:00:00,11.387344,0.57995605,279.3123,99749.414,51.75,5.25
2024-12-22 07:00:00,11.027298,0.3514862,278.63147,99735.72,51.75,5.25
2024-12-22 08:00:00,11.347992,-0.084228516,277.86096,99750.76,51.75,5.25
2024-12-22 09:00:00,10.859009,-0.6104584,277.28317,99792.03,51.75,5.25
2024-12-22 10:00:00,11.011185,-1.088089,277.99933,99828.33,51.75,5.25
2024-12-22 11:00:00,11.8307495,-1.2006531,278.37463,99856.914,51.75,5.25
2024-12-22 12:00:00,11.599289,-1.3649445,278.57043,99856.914,51.75,5.25
2024-12-22 13:00:00,11.385727,-2.5365295,278.81924,99907.2,51.75,5.25
2024-12-22 14:00:00,9.936295,-2.6192627,278.65292,99932.72,51.75,5.25
2024-12-22 15:00:00,8.944443,-1.9582367,277.55573,100010.74,51.75,5.25
2024-12-22 16:00:00,8.598831,-1.4895172,277.23944,100080.3,51.75,5.25
2024-12-22 17:00:00,8.179031,-0.5124054,277.05716,100156.2,51.75,5.25
2024-12-22 18:00:00,7.728897,0.8989563,276.93204,100192.734,51.75,5.25
2024-12-22 19:00:00,7.7113953,2.2399597,276.5692,100231.67,51.75,5.25
2024-12-22 20:00:00,7.3449097,3.1636353,276.9482,100231.72,51.75,5.25
2024-12-22 21:00:00,7.6706085,3.1885223,277.06097,100236.05,51.75,5.25
2024-12-22 22:00:00,7.269745,4.191147,277.1842,100213.58,51.75,5.25
2024-12-22 23:00:00,6.193512,0.8939209,277.50906,100189.66,51.75,5.25
2024-12-23 00:00:00,4.9001617,-4.85553,278.6521,100251.766,51.75,5.25
2024-12-23 01:00:00,5.350891,-8.833618,279.92206,100360.57,51.75,5.25
2024-12-23 02:00:00,5.5444336,-10.585571,280.0251,100534.5,51.75,5.25
2024-12-23 03:00:00,5.898575,-10.637161,279.4232,100673.39,51.75,5.25
2024-12-23 04:00:00,6.270569,-10.261612,279.30737,100789.02,51.75,5.25
2024-12-23 05:00:00,6.142395,-9.878357,279.18155,100912.92,51.75,5.25
2024-12-23 06:00:00,6.258667,-9.538635,279.2525,101055.086,51.75,5.25
2024-12-23 07:00:00,6.0012054,-9.24469,279.18845,101186.82,51.75,5.25
2024-12-23 08:00:00,5.836014,-8.655472,279.05603,101332.27,51.75,5.25
2024-12-23 09:00:00,5.8236237,-8.253174,279.38486,101430.99,51.75,5.25
2024-12-23 10:00:00,5.146866,-6.8358917,279.928,101538.88,51.75,5.25
2024-12-23 11:00:00,5.7567444,-6.349518,280.28033,101577.2,51.75,5.25
2024-12-23 12:00:00,5.94281,-6.825531,280.6781,101627.84,51.75,5.25
2024-12-23 13:00:00,6.2612457,-6.83165,280.73468,101637.95,51.75,5.25
2024-12-23 14:00:00,6.258194,-6.452606,280.35178,101702.484,51.75,5.25
2024-12-23 15:00:00,6.245468,-5.399933,279.92468,101769.586,51.75,5.25
2024-12-23 16:00:00,6.4344177,-5.071411,278.9409,101823.34,51.75,5.25
2024-12-23 17:00:00,6.3083344,-4.931717,278.46582,101913.414,51.75,5.25
2024-12-23 18:00:00,6.0014496,-4.749222,278.1416,101973.18,51.75,5.25
2024-12-23 19:00:00,5.7637024,-4.0789185,277.70673,102030.09,51.75,5.25
2024-12-23 20:00:00,5.786392,-3.690506,277.70947,102070.44,51.75,5.25
2024-12-23 21:00:00,5.9142303,-3.4763184,277.3225,102132.0,51.75,5.25
2024-12-23 22:00:00,5.925583,-2.2551422,277.24707,102177.27,51.75,5.25
2024-12-23 23:00:00,6.102997,-1.5090942,277.00177,102207.42,51.75,5.25
2024-12-24 00:00:00,5.700943,-1.3234711,276.93042,102295.016,51.75,5.25
2024-12-24 01:00:00,5.903885,-0.38238525,276.4692,102267.72,51.75,5.25
2024-12-24 02:00:00,5.7532043,-0.12649536,275.96667,102327.82,51.75,5.25
2024-12-24 03:00:00,5.018921,0.9050293,276.0251,102368.22,51.75,5.25
2024-12-24 04:00:00,5.6419067,2.4620361,276.48157,102372.05,51.75,5.25
2024-12-24 05:00:00,5.486862,3.2610931,276.8247,102406.94,51.75,5.25
2024-12-24 06:00:00,4.8471985,4.3968964,277.13464,102414.484,51.75,5.25
2024-12-24 07:00:00,4.272232,4.788742,277.2803,102460.164,51.75,5.25
2024-12-24 08:00:00,2.8878174,5.6502686,277.41077,102513.71,51.75,5.25
2024-12-24 09:00:00,2.1152039,6.518814,277.56122,102519.984,51.75,5.25
2024-12-24 10:00:00,1.7790985,6.718506,277.64374,102545.2,51.75,5.25
2024-12-24 11:00:00,2.8486938,6.925476,277.8961,102505.695,51.75,5.25
2024-12-24 12:00:00,3.2127686,6.782852,278.33237,102504.984,51.75,5.25
2024-12-24 13:00:00,2.9481354,6.7185364,278.61328,102531.92,51.75,5.25
2024-12-24 14:00:00,3.2879944,6.898773,278.88586,102549.24,51.75,5.25
2024-12-24 15:00:00,4.061035,6.5794525,279.02014,102560.055,51.75,5.25
2024-12-24 16:00:00,4.156082,5.718445,279.14062,102596.36,51.75,5.25
2024-12-24 17:00:00,4.507675,5.196533,279.29736,102655.82,51.75,5.25
2024-12-24 18:00:00,4.69075,4.7795563,279.54086,102688.58,51.75,5.25
2024-12-24 19:00:00,4.4821167,4.5452423,279.75455,102724.57,51.75,5.25
2024-12-24 20:00:00,4.4365387,4.187912,279.98523,102774.164,51.75,5.25
2024-12-24 21:00:00,4.4210815,3.7029572,280.2915,102823.76,51.75,5.25
2024-12-24 22:00:00,4.568161,3.650879,280.58344,102863.055,51.75,5.25
2024-12-24 23:00:00,4.3657074,2.963211,280.80066,102922.984,51.75,5.25
2024-12-25 00:00:00,4.268402,2.4506378,280.9973,102930.48,51.75,5.25
2024-12-25 01:00:00,4.134796,2.132782,281.1468,102981.37,51.75,5.25
2024-12-25 02:00:00,3.891449,2.125229,281.2577,103034.195,51.75,5.25
2024-12-25 03:00:00,3.9085083,2.2591248,281.37094,103039.78,51.75,5.25
2024-12-25 04:00:00,4.0101624,2.1371765,281.4834,103058.664,51.75,5.25
2024-12-25 05:00:00,3.788269,2.104248,281.5166,103086.516,51.75,5.25
2024-12-25 06:00:00,3.2815857,2.5394287,281.5432,103143.11,51.75,5.25
2024-12-25 07:00:00,3.0563965,3.1237793,281.55386,103218.78,51.75,5.25
2024-12-25 08:00:00,3.042923,3.2564392,281.5915,103266.77,51.75,5.25
2024-12-25 09:00:00,2.7053528,3.2626648,281.6996,103319.29,51.75,5.25
2024-12-25 10:00:00,2.5417633,3.2827911,281.891,103362.25,51.75,5.25
2024-12-25 11:00:00,2.4006653,3.3271484,282.04333,103387.84,51.75,5.25
2024-12-25 12:00:00,1.7219238,3.1574554,282.2201,103384.86,51.75,5.25
2024-12-25 13:00:00,1.20047,3.2062683,282.40067,103358.4,51.75,5.25
2024-12-25 14:00:00,1.1100006,3.4243927,282.48724,103373.51,51.75,5.25
2024-12-25 15:00:00,1.261734,3.731781,282.3435,103397.69,51.75,5.25
2024-12-25 16:00:00,1.3230286,3.7723236,282.24335,103430.89,51.75,5.25
2024-12-25 17:00:00,0.9700775,4.1571655,282.10886,103474.4,51.75,5.25
2024-12-25 18:00:00,0.9563446,4.5904083,282.03094,103473.78,51.75,5.25
2024-12-25 19:00:00,1.4225616,4.521469,281.949,103514.89,51.75,5.25
2024-12-25 20:00:00,2.0673065,3.9889832,281.84903,103506.38,51.75,5.25
2024-12-25 21:00:00,2.3707886,3.2926483,281.7965,103522.22,51.75,5.25
2024-12-25 22:00:00,1.6141968,2.7866974,281.59857,103521.5,51.75,5.25
2024-12-25 23:00:00,1.5588379,3.1677704,281.4097,103528.305,51.75,5.25
2024-12-26 00:00:00,1.4638824,3.3066864,281.2304,103531.75,51.75,5.25
2024-12-26 01:00:00,1.1374359,3.2625732,281.11795,103555.984,51.75,5.25
2024-12-26 02:00:00,0.71585083,3.2684174,280.97308,103562.59,51.75,5.25
2024-12-26 03:00:00,0.28164673,3.4084473,280.77094,103554.44,51.75,5.25
2024-12-26 04:00:00,-0.109558105,3.1838837,280.6543,103546.09,51.75,5.25
2024-12-26 05:00:00,-0.4140625,2.9568481,280.55695,103543.92,51.75,5.25
2024-12-26 06:00:00,-0.34436035,2.6461792,280.34714,103572.81,51.75,5.25
2024-12-26 07:00:00,-0.22940063,2.3736267,280.20776,103599.05,51.75,5.25
2024-12-26 08:00:00,-0.34370422,2.2425385,280.01428,103626.04,51.75,5.25
2024-12-26 09:00:00,-0.5131836,1.8229523,279.7759,103655.234,51.75,5.25
2024-12-26 10:00:00,-0.8108978,0.432724,279.60193,103678.47,51.75,5.25
2024-12-26 11:00:00,-1.0339508,0.1335907,279.53592,103684.805,51.75,5.25
2024-12-26 12:00:00,-1.2303009,0.5647583,279.47852,103612.125,51.75,5.25
2024-12-26 13:00:00,-1.803833,0.5925598,279.51532,103600.42,51.75,5.25
2024-12-26 14:00:00,-2.3530731,0.43769836,279.50952,103589.125,51.75,5.25
2024-12-26 15:00:00,-2.9019928,0.6836853,279.3628,103576.3,51.75,5.25
2024-12-26 16:00:00,-3.1933746,1.0262146,278.92688,103560.93,51.75,5.25
2024-12-26 17:00:00,-3.2664185,1.3743591,278.7682,103565.67,51.75,5.25
2024-12-26 18:00:00,-3.2098236,1.7615662,278.34998,103559.86,51.75,5.25
2024-12-26 19:00:00,-3.0235138,1.952301,277.66937,103592.945,51.75,5.25
2024-12-26 20:00:00,-3.1403046,1.9220734,277.58368,103572.34,51.75,5.25
2024-12-26 21:00:00,-3.1897736,1.8063965,276.93573,103573.41,51.75,5.25
2024-12-26 22:00:00,-3.1227875,1.3468628,277.48065,103555.984,51.75,5.25
2024-12-26 23:00:00,-2.7349243,0.9978943,276.94876,103520.125,51.75,5.25
2024-12-27 00:00:00,-2.728363,0.69047546,276.6009,103487.95,51.75,5.25
2024-12-27 01:00:00,-3.129074,0.8552704,276.32434,103479.3,51.75,5.25
2024-12-27 02:00:00,-3.4243011,1.1863861,275.93768,103479.8,51.75,5.25
2024-12-27 03:00:00,-3.1698608,1.3910065,275.7896,103452.81,51.75,5.25
2024-12-27 04:00:00,-2.722107,1.5121002,275.6939,103408.09,51.75,5.25
2024-12-27 05:00:00,-2.5448608,1.7182007,275.55997,103413.28,51.75,5.25
2024-12-27 06:00:00,-2.216507,1.860733,275.39255,103423.8,51.75,5.25
2024-12-27 07:00:00,-2.1016083,1.6388702,275.04736,103417.67,51.75,5.25
2024-12-27 08:00:00,-2.1805573,1.7405701,274.74945,103402.36,51.75,5.25
2024-12-27 09:00:00,-2.037674,1.9642639,274.50208,103424.984,51.75,5.25
2024-12-27 10:00:00,-1.1530304,0.7899475,275.21243,103413.92,51.75,5.25
2024-12-27 11:00:00,-0.67099,0.59210205,275.4229,103381.16,51.75,5.25
2024-12-27 12:00:00,-0.23094177,0.5433655,275.64246,103324.95,51.75,5.25
2024-12-27 13:00:00,0.006149292,0.4552002,275.789,103260.64,51.75,5.25
2024-12-27 14:00:00,0.13449097,0.2779541,275.84668,103231.266,51.75,5.25
2024-12-27 15:00:00,0.1927948,0.08300781,275.72836,103220.58,51.75,5.25
2024-12-27 16:00:00,-0.0103302,-0.14767456,275.2344,103218.42,51.75,5.25
2024-12-27 17:00:00,-0.2020874,-0.006713867,275.0354,103229.05,51.75,5.25
2024-12-27 18:00:00,-0.112091064,0.18190002,275.0398,103233.44,51.75,5.25
2024-12-27 19:00:00,0.24507141,0.59046936,274.98886,103240.59,51.75,5.25
2024-12-27 20:00:00,0.53193665,1.2069244,274.60425,103241.72,51.75,5.25
2024-12-27 21:00:00,0.9599457,1.8342285,274.6541,103220.86,51.75,5.25
2024-12-27 22:00:00,1.2691956,1.166687,274.38226,103198.47,51.75,5.25
2024-12-27 23:00:00,1.4624481,0.887558,274.23688,103179.63,51.75,5.25
2024-12-28 00:00:00,1.3074799,0.8993225,274.09058,103158.25,51.75,5.25
2024-12-28 01:00:00,1.1297607,0.9746399,273.95624,103123.8,51.75,5.25
2024-12-28 02:00:00,1.0878143,0.93963623,273.85455,103106.84,51.75,5.25
2024-12-28 03:00:00,1.087677,1.0559082,273.58408,103113.625,51.75,5.25
2024-12-28 04:00:00,1.1590881,1.090271,273.4415,103063.9,51.75,5.25
2024-12-28 05:00:00,1.0095367,1.1044617,273.20282,103042.11,51.75,5.25
2024-12-28 06:00:00,0.85220337,1.5743713,273.2117,103015.08,51.75,5.25
2024-12-28 07:00:00,0.6041107,2.059967,272.98697,103023.91,51.75,5.25
2024-12-28 08:00:00,0.50956726,2.2689667,272.99014,103028.31,51.75,5.25
2024-12-28 09:00:00,0.558136,2.3659668,272.99048,103047.69,51.75,5.25
2024-12-28 10:00:00,1.1437378,2.0164642,273.09232,103039.74,51.75,5.25
2024-12-28 11:00:00,1.2999573,1.8901978,273.60693,103007.2,51.75,5.25
2024-12-28 12:00:00,1.1650543,1.7124786,274.21747,102946.93,51.75,5.25
2024-12-28 13:00:00,1.0037689,1.6512909,274.82556,102889.3,51.75,5.25
2024-12-28 14:00:00,0.8885956,1.8164215,275.06064,102864.06,51.75,5.25
2024-12-28 15:00:00,0.9191742,2.2048645,275.0423,102858.55,51.75,5.25
2024-12-28 16:00:00,1.2137604,2.4977112,274.4289,102832.875,51.75,5.25
2024-12-28 17:00:00,1.8931732,2.6603699,274.33713,102841.38,51.75,5.25
2024-12-28 18:00:00,2.5545807,2.6864166,273.99506,102841.67,51.75,5.25
2024-12-28 19:00:00,3.1885986,2.6432343,273.8405,102856.34,51.75,5.25
2024-12-28 20:00:00,3.8114471,2.3770142,273.72186,102863.5,51.75,5.25
2024-12-28 21:00:00,4.2863007,2.1001434,273.77087,102867.59,51.75,5.25
2024-12-28 22:00:00,3.916504,1.3004456,273.8224,102843.625,51.75,5.25
2024-12-28 23:00:00,3.6205292,1.7912903,273.61676,102842.2,51.75,5.25
2024-12-29 00:00:00,3.2180023,2.6313171,273.71884,102817.31,51.75,5.25
2024-12-29 01:00:00,3.2947998,3.4029388,273.8083,102800.72,51.75,5.25
2024-12-29 02:00:00,3.5450592,3.623932,274.07312,102802.49,51.75,5.25
2024-12-29 03:00:00,3.6495361,3.8365784,274.07343,102817.75,51.75,5.25
2024-12-29 04:00:00,3.7204895,4.095413,274.18796,102799.18,51.75,5.25
2024-12-29 05:00:00,3.4665527,4.133316,274.2901,102795.09,51.75,5.25
2024-12-29 06:00:00,3.5200653,4.4806824,274.54492,102810.55,51.75,5.25
2024-12-29 07:00:00,3.8679962,4.332245,274.70004,102860.125,51.75,5.25
2024-12-29 08:00:00,4.1711273,4.1786194,274.87637,102894.36,51.75,5.25
2024-12-29 09:00:00,4.021179,4.25,274.9946,102943.375,51.75,5.25
2024-12-29 10:00:00,3.8597412,4.1003265,275.41815,102963.59,51.75,5.25
2024-12-29 11:00:00,3.6566467,4.1362305,275.65912,102963.83,51.75,5.25
2024-12-29 12:00:00,3.688568,4.312973,275.91986,102899.31,51.75,5.25
2024-12-29 13:00:00,3.601715,4.4391937,276.31155,102882.516,51.75,5.25
2024-12-29 14:00:00,3.940155,4.941101,276.6706,102848.55,51.75,5.25
2024-12-29 15:00:00,3.9079437,5.2407227,276.8896,102874.016,51.75,5.25
2024-12-29 16:00:00,4.416214,5.3975983,276.94476,102903.3,51.75,5.25
2024-12-29 17:00:00,4.8954926,5.550232,277.0395,102931.625,51.75,5.25
2024-12-29 18:00:00,5.1070404,5.949585,277.07098,102923.945,51.75,5.25
2024-12-29 19:00:00,5.340744,6.022354,277.10425,102934.57,51.75,5.25
2024-12-29 20:00:00,5.653412,5.665558,277.13834,102953.69,51.75,5.25
2024-12-29 21:00:00,5.8197784,5.719467,277.18112,102955.19,51.75,5.25
2024-12-29 22:00:00,5.4656067,6.190445,277.02536,102947.34,51.75,5.25
2024-12-29 23:00:00,5.428879,6.258362,277.01813,102953.59,51.75,5.25
2024-12-30 00:00:00,5.4812164,6.380707,277.08466,102942.42,51.75,5.25
2024-12-30 01:00:00,5.7113037,6.2230225,277.10406,102906.92,51.75,5.25
2024-12-30 02:00:00,5.749222,6.1628265,277.2959,102907.15,51.75,5.25
2024-12-30 03:00:00,5.7408447,6.303299,277.54272,102897.266,51.75,5.25
2024-12-30 04:00:00,5.7641144,6.1260834,277.7503,102854.73,51.75,5.25
2024-12-30 05:00:00,5.8439484,5.791794,277.89075,102822.7,51.75,5.25
2024-12-30 06:00:00,5.847946,5.7396545,278.20987,102820.86,51.75,5.25
2024-12-30 07:00:00,5.835037,5.635254,278.4055,102862.43,51.75,5.25
2024-12-30 08:00:00,5.7234344,6.1276245,278.5935,102842.734,51.75,5.25
2024-12-30 09:00:00,5.6086884,6.659973,278.81305,102847.97,51.75,5.25
2024-12-30 10:00:00,4.795685,6.4140015,279.01486,102854.47,51.75,5.25
2024-12-30 11:00:00,4.9492035,6.539734,279.19977,102826.31,51.75,5.25
2024-12-30 12:00:00,5.021988,6.622116,279.29617,102767.266,51.75,5.25
2024-12-30 13:00:00,5.2558594,6.5032806,279.64264,102714.84,51.75,5.25
2024-12-30 14:00:00,6.355896,6.595886,279.8271,102696.33,51.75,5.25
2024-12-30 15:00:00,6.1783752,6.2521057,279.74963,102691.984,51.75,5.25
2024-12-30 16:00:00,6.0106354,6.515442,279.6712,102687.35,51.75,5.25
2024-12-30 17:00:00,6.0235596,6.7591553,279.4292,102704.2,51.75,5.25
2024-12-30 18:00:00,6.1638947,7.026947,279.18417,102695.734,51.75,5.25
2024-12-30 19:00:00,6.213257,7.015091,279.0371,102702.336,51.75,5.25
2024-12-30 20:00:00,6.251877,6.809387,278.8415,102713.23,51.75,5.25
2024-12-30 21:00:00,6.250824,6.5772705,278.58472,102735.53,51.75,5.25
2024-12-30 22:00:00,4.8906403,6.569458,278.41437,102740.78,51.75,5.25
2024-12-30 23:00:00,4.874878,6.4078827,278.0708,102766.234,51.75,5.25
2024-12-31 00:00:00,4.6576843,6.566025,277.61896,102750.73,51.75,5.25
2024-12-31 01:00:00,4.8262177,6.931076,277.29285,102707.17,51.75,5.25
2024-12-31 02:00:00,4.689438,7.139908,276.936,102701.83,51.75,5.25
2024-12-31 03:00:00,4.2023163,7.2143097,276.50012,102689.67,51.75,5.25
2024-12-31 04:00:00,4.0504303,7.3329773,276.14374,102629.05,51.75,5.25
2024-12-31 05:00:00,3.917389,7.356888,275.71686,102606.84,51.75,5.25
2024-12-31 06:00:00,3.7189636,7.4320526,275.48383,102608.91,51.75,5.25
2024-12-31 07:00:00,3.5803223,7.8914795,275.38672,102596.664,51.75,5.25
2024-12-31 08:00:00,3.555832,8.091003,275.21234,102578.56,51.75,5.25
2024-12-31 09:00:00,3.5897217,8.260422,275.16772,102576.66,51.75,5.25
2024-12-31 10:00:00,2.8141632,7.7448273,275.26343,102577.625,51.75,5.25
2024-12-31 11:00:00,3.123886,8.205246,275.57162,102484.11,51.75,5.25
2024-12-31 12:00:00,4.6868744,8.8471985,276.0795,102435.52,51.75,5.25
2024-12-31 13:00:00,4.30986,8.441223,276.55408,102344.64,51.75,5.25
2024-12-31 14:00:00,3.5230408,9.285767,276.85464,102247.484,51.75,5.25
2024-12-31 15:00:00,4.559265,11.179428,277.12665,102178.67,51.75,5.25
2024-12-31 16:00:00,5.4011383,10.525726,277.28052,102125.91,51.75,5.25
2024-12-31 17:00:00,6.7575684,10.308121,277.3127,102105.19,51.75,5.25
2024-12-31 18:00:00,7.4290466,10.302994,277.5285,102038.05,51.75,5.25
2024-12-31 19:00:00,7.677536,10.399948,277.99884,102010.39,51.75,5.25
2024-12-31 20:00:00,7.9023895,10.913284,278.53262,101942.336,51.75,5.25
2024-12-31 21:00:00,8.437836,11.1137085,278.99316,101852.04,51.75,5.25
2024-12-31 22:00:00,7.6824493,10.723114,279.325,101841.04,51.75,5.25
2024-12-31 23:00:00,8.623093,11.391846,279.97122,101782.72,51.75,5.25
2025-01-01 00:00:00,9.302185,11.296188,280.55078,101720.95,51.75,5.25
2025-01-01 01:00:00,9.39743,11.240265,280.90704,101649.0,51.75,5.25
2025-01-01 02:00:00,9.493362,11.226791,281.08987,101621.94,51.75,5.25
2025-01-01 03:00:00,9.500473,11.66069,281.09152,101548.266,51.75,5.25
2025-01-01 04:00:00,10.046463,11.560806,280.8814,101470.25,51.75,5.25
2025-01-01 05:00:00,9.952759,11.470627,280.8283,101405.16,51.75,5.25
2025-01-01 06:00:00,9.656052,11.687866,280.9478,101304.41,51.75,5.25
2025-01-01 07:00:00,9.459518,11.842606,280.89844,101251.766,51.75,5.25
2025-01-01 08:00:00,8.997101,12.83107,280.919,101170.08,51.75,5.25
2025-01-01 09:00:00,8.967789,13.508881,281.0241,101138.9,51.75,5.25
2025-01-01 10:00:00,8.392349,12.070908,281.05536,101084.81,51.75,5.25
2025-01-01 11:00:00,8.320908,13.07225,281.3412,101004.55,51.75,5.25
2025-01-01 12:00:00,9.190826,13.528183,281.92697,100881.36,51.75,5.25
2025-01-01 13:00:00,9.421005,14.10762,282.27582,100776.945,51.75,5.25
2025-01-01 14:00:00,10.324066,15.0121,282.2602,100663.3,51.75,5.25
2025-01-01 15:00:00,11.905869,13.713852,282.0841,100550.89,51.75,5.25
2025-01-01 16:00:00,12.034241,12.640213,281.93347,100466.5,51.75,5.25
2025-01-01 17:00:00,12.155869,9.812881,281.7525,100484.95,51.75,5.25
2025-01-01 18:00:00,10.919678,3.728836,281.4004,100523.41,51.75,5.25
2025-01-01 19:00:00,9.681091,-0.6657562,279.94354,100652.9,51.75,5.25
2025-01-01 20:00:00,8.633438,-0.29969788,278.27002,100701.695,51.75,5.25
2025-01-01 21:00:00,8.479019,1.6282501,277.65784,100749.555,51.75,5.25
2025-01-01 22:00:00,9.012741,2.6976929,277.31628,100774.46,51.75,5.25
2025-01-01 23:00:00,9.775574,1.9859314,277.74603,100806.016,51.75,5.25
