valid_time,u100,v100,t2m,sp,latitude,longitude
2022-12-31 00:00:00,10.320999,7.642212,284.9004,100168.77,52.0,4.25
2022-12-31 01:00:00,8.88324,7.385788,284.45578,100196.29,52.0,4.25
2022-12-31 02:00:00,7.693802,8.018845,284.05493,100207.06,52.0,4.25
2022-12-31 03:00:00,7.516083,7.9291077,283.83807,100215.25,52.0,4.25
2022-12-31 04:00:00,6.710739,7.4677277,284.00635,100181.43,52.0,4.25
2022-12-31 05:00:00,5.85289,8.486954,284.4854,100160.72,52.0,4.25
2022-12-31 06:00:00,8.201889,10.015579,285.2964,100134.69,52.0,4.25
2022-12-31 07:00:00,11.919022,12.1026,285.9995,100155.914,52.0,4.25
2022-12-31 08:00:00,13.410263,12.7357025,286.53156,100203.875,52.0,4.25
2022-12-31 09:00:00,13.417801,12.10498,286.57367,100310.25,52.0,4.25
2022-12-31 10:00:00,13.845093,11.043182,286.8061,100379.16,52.0,4.25
2022-12-31 11:00:00,12.4579315,10.867676,286.88947,100414.95,52.0,4.25
2022-12-31 12:00:00,12.398834,11.447098,286.75073,100408.39,52.0,4.25
2022-12-31 13:00:00,11.638443,11.702927,286.591,100382.44,52.0,4.25
2022-12-31 14:00:00,11.629059,12.4010315,286.78192,100401.62,52.0,4.25
2022-12-31 15:00:00,10.999695,12.643768,287.11517,100408.555,52.0,4.25
2022-12-31 16:00:00,9.05426,13.5794525,287.12012,100379.97,52.0,4.25
2022-12-31 17:00:00,9.2864685,13.7140045,287.28284,100392.875,52.0,4.25
2022-12-31 18:00:00,8.822296,14.005615,287.5282,100356.95,52.0,4.25
2022-12-31 19:00:00,8.351791,14.38707,287.4973,100364.42,52.0,4.25
2022-12-31 20:00:00,9.730515,14.781784,287.6186,100380.91,52.0,4.25
2022-12-31 21:00:00,12.627762,14.842804,287.6508,100407.65,52.0,4.25
2022-12-31 22:00:00,12.625076,15.154388,287.46448,100479.5,52.0,4.25
2022-12-31 23:00:00,13.17482,13.751648,287.14307,100534.34,52.0,4.25
2023-01-01 00:00:00,12.802032,12.967682,286.8558,100603.13,52.0,4.25
2023-01-01 01:00:00,11.978241,12.441116,286.77087,100570.22,52.0,4.25
2023-01-01 02:00:00,12.834915,12.325653,286.35657,100640.91,52.0,4.25
2023-01-01 03:00:00,14.655502,11.208893,285.8614,100736.8,52.0,4.25
2023-01-01 04:00:00,13.063477,10.165741,284.99963,100763.36,52.0,4.25
2023-01-01 05:00:00,11.923492,9.973572,284.43292,100874.05,52.0,4.25
2023-01-01 06:00:00,11.320023,9.452332,284.05344,100937.47,52.0,4.25
2023-01-01 07:00:00,10.131363,9.327408,283.912,101012.76,52.0,4.25
2023-01-01 08:00:00,11.169037,9.188431,283.7466,101131.375,52.0,4.25
2023-01-01 09:00:00,11.182571,8.644424,283.91638,101210.89,52.0,4.25
2023-01-01 10:00:00,10.379318,7.8423004,284.295,101286.55,52.0,4.25
2023-01-01 11:00:00,9.285385,8.122131,284.65106,101343.94,52.0,4.25
2023-01-01 12:00:00,7.83107,8.385208,284.88116,101360.31,52.0,4.25
2023-01-01 13:00:00,6.7892,8.422394,284.92447,101318.2,52.0,4.25
2023-01-01 14:00:00,6.637039,7.4441833,284.6842,101354.92,52.0,4.25
2023-01-01 15:00:00,4.4292145,8.054016,284.42627,101324.234,52.0,4.25
2023-01-01 16:00:00,2.4484558,8.806595,284.29608,101315.016,52.0,4.25
2023-01-01 17:00:00,1.1433411,9.319687,284.15802,101256.72,52.0,4.25
2023-01-01 18:00:00,1.2516022,9.213211,284.03653,101196.53,52.0,4.25
2023-01-01 19:00:00,0.13452148,9.3367,283.64777,101156.06,52.0,4.25
2023-01-01 20:00:00,-0.31604004,8.427841,283.1277,101109.2,52.0,4.25
2023-01-01 21:00:00,-1.3943329,7.59787,282.69772,101026.055,52.0,4.25
2023-01-01 22:00:00,0.14494324,7.482559,283.31393,100949.4,52.0,4.25
2023-01-01 23:00:00,3.7475433,7.9611053,283.85004,100929.28,52.0,4.25
2023-01-02 00:00:00,4.70372,7.9660034,284.28207,100857.36,52.0,4.25
2023-01-02 01:00:00,4.8414764,7.8604736,284.46564,100804.55,52.0,4.25
2023-01-02 02:00:00,5.0459137,8.303101,284.74213,100774.19,52.0,4.25
2023-01-02 03:00:00,6.449829,8.204681,284.10382,100767.59,52.0,4.25
2023-01-02 04:00:00,8.59642,3.1925201,283.35083,100849.35,52.0,4.25
2023-01-02 05:00:00,7.272644,-1.0579681,282.51953,100993.33,52.0,4.25
2023-01-02 06:00:00,6.0988007,-0.32839966,281.945,101078.266,52.0,4.25
2023-01-02 07:00:00,7.7068634,2.394104,281.60376,101256.33,52.0,4.25
2023-01-02 08:00:00,8.462723,2.5270233,281.47003,101329.695,52.0,4.25
2023-01-02 09:00:00,7.821594,3.7836914,281.51788,101437.36,52.0,4.25
2023-01-02 10:00:00,6.9651184,3.4218292,281.93417,101519.055,52.0,4.25
2023-01-02 11:00:00,7.268738,3.8626404,282.476,101583.86,52.0,4.25
2023-01-02 12:00:00,7.5837097,3.4975128,282.38068,101601.58,52.0,4.25
2023-01-02 13:00:00,7.4276276,2.6456604,282.0346,101646.33,52.0,4.25
2023-01-02 14:00:00,7.642578,1.8138123,281.9439,101719.6,52.0,4.25
2023-01-02 15:00:00,7.5534973,1.1527252,281.78357,101806.59,52.0,4.25
2023-01-02 16:00:00,7.186493,0.71713257,281.16235,101923.92,52.0,4.25
2023-01-02 17:00:00,7.0859528,-0.29380798,280.2735,102025.22,52.0,4.25
2023-01-02 18:00:00,6.71611,-0.87323,279.85754,102103.61,52.0,4.25
2023-01-02 19:00:00,6.304352,-0.6457977,279.6893,102191.516,52.0,4.25
2023-01-02 20:00:00,6.129181,-0.16763306,279.33884,102280.4,52.0,4.25
2023-01-02 21:00:00,5.9303284,0.45846558,278.89087,102332.75,52.0,4.25
2023-01-02 22:00:00,6.404709,0.8194275,278.28735,102390.47,52.0,4.25
2023-01-02 23:00:00,6.277359,1.1414185,277.7117,102488.81,52.0,4.25
2023-01-03 00:00:00,5.56073,1.4670715,277.39178,102520.445,52.0,4.25
2023-01-03 01:00:00,4.9444885,2.0858765,277.10638,102518.79,52.0,4.25
2023-01-03 02:00:00,3.9128876,2.7096405,276.72327,102529.3,52.0,4.25
2023-01-03 03:00:00,2.3990479,4.4971924,276.17987,102552.46,52.0,4.25
2023-01-03 04:00:00,1.1823273,6.2244263,276.2804,102524.59,52.0,4.25
2023-01-03 05:00:00,-0.21534729,7.0828705,276.4504,102509.58,52.0,4.25
2023-01-03 06:00:00,-1.2418518,7.4874115,276.8976,102496.81,52.0,4.25
2023-01-03 07:00:00,-1.0429688,8.573303,277.7244,102474.22,52.0,4.25
2023-01-03 08:00:00,0.6511841,8.590668,278.52283,102484.47,52.0,4.25
2023-01-03 09:00:00,2.1075592,8.215866,279.32666,102496.625,52.0,4.25
2023-01-03 10:00:00,2.16156,8.963638,279.89624,102522.41,52.0,4.25
2023-01-03 11:00:00,3.3424683,9.515793,280.6676,102511.94,52.0,4.25
2023-01-03 12:00:00,4.528473,9.887085,281.14685,102460.1,52.0,4.25
2023-01-03 13:00:00,3.87352,9.685242,281.52704,102393.59,52.0,4.25
2023-01-03 14:00:00,3.2857666,10.530624,281.56146,102330.47,52.0,4.25
2023-01-03 15:00:00,2.9085999,11.060547,281.51825,102287.53,52.0,4.25
2023-01-03 16:00:00,2.6002655,11.913544,281.4583,102243.05,52.0,4.25
2023-01-03 17:00:00,2.8569489,12.658264,281.7669,102209.414,52.0,4.25
2023-01-03 18:00:00,3.138382,13.221619,281.94708,102147.72,52.0,4.25
2023-01-03 19:00:00,3.7212524,13.522232,282.03247,102116.97,52.0,4.25
2023-01-03 20:00:00,3.904129,14.018723,282.06097,101997.234,52.0,4.25
2023-01-03 21:00:00,4.294983,14.503204,282.24823,101891.234,52.0,4.25
2023-01-03 22:00:00,5.3349915,15.166473,282.5006,101821.44,52.0,4.25
2023-01-03 23:00:00,5.955475,16.05272,282.58755,101703.61,52.0,4.25
2023-01-04 00:00:00,7.622635,16.035324,282.42682,101599.45,52.0,4.25
2023-01-04 01:00:00,10.481445,14.920105,282.49792,101507.625,52.0,4.25
2023-01-04 02:00:00,11.942139,13.143875,283.24518,101462.266,52.0,4.25
2023-01-04 03:00:00,12.6783905,12.317902,283.85425,101443.516,52.0,4.25
2023-01-04 04:00:00,12.81015,11.974777,284.13754,101394.22,52.0,4.25
2023-01-04 05:00:00,12.77388,11.763336,284.28577,101355.71,52.0,4.25
2023-01-04 06:00:00,13.01796,11.954071,284.29742,101327.46,52.0,4.25
2023-01-04 07:00:00,12.88446,11.874695,284.42987,101263.69,52.0,4.25
2023-01-04 08:00:00,13.249832,11.637802,284.56055,101253.45,52.0,4.25
2023-01-04 09:00:00,14.267242,10.6141205,284.73288,101275.94,52.0,4.25
2023-01-04 10:00:00,14.033722,9.503738,284.76157,101291.45,52.0,4.25
2023-01-04 11:00:00,14.023804,8.841202,284.85266,101297.94,52.0,4.25
2023-01-04 12:00:00,14.340225,8.477356,285.05746,101277.016,52.0,4.25
2023-01-04 13:00:00,14.643051,7.795639,285.07654,101275.8,52.0,4.25
2023-01-04 14:00:00,14.6371,7.517685,285.02966,101256.81,52.0,4.25
2023-01-04 15:00:00,14.988113,7.022812,284.87457,101256.57,52.0,4.25
2023-01-04 16:00:00,14.949722,6.608078,284.8792,101241.59,52.0,4.25
2023-01-04 17:00:00,15.262512,5.976639,284.87897,101302.19,52.0,4.25
2023-01-04 18:00:00,15.551605,5.6732635,284.8476,101346.56,52.0,4.25
2023-01-04 19:00:00,15.501907,5.155792,284.79922,101364.55,52.0,4.25
2023-01-04 20:00:00,15.343475,4.5349426,284.7433,101407.04,52.0,4.25
2023-01-04 21:00:00,15.051865,4.137451,284.52826,101456.055,52.0,4.25
2023-01-04 22:00:00,14.742004,2.2421722,284.0549,101527.41,52.0,4.25
2023-01-04 23:00:00,14.136505,1.8206024,283.80588,101547.945,52.0,4.25
2023-01-05 00:00:00,13.442993,2.4545898,283.61,101589.28,52.0,4.25
2023-01-05 01:00:00,13.544357,2.7416534,283.47607,101617.19,52.0,4.25
2023-01-05 02:00:00,13.451553,2.184967,283.48828,101671.81,52.0,4.25
2023-01-05 03:00:00,13.332504,1.5830688,283.4942,101672.664,52.0,4.25
2023-01-05 04:00:00,13.160309,0.6368408,283.48828,101690.47,52.0,4.25
2023-01-05 05:00:00,12.659882,0.1976471,283.4974,101748.39,52.0,4.25
2023-01-05 06:00:00,12.153397,-0.05506897,283.40408,101794.47,52.0,4.25
2023-01-05 07:00:00,11.687256,-0.1690216,283.21115,101844.97,52.0,4.25
2023-01-05 08:00:00,11.190994,-0.3614502,283.0534,101908.76,52.0,4.25
2023-01-05 09:00:00,10.208557,-0.37864685,283.10846,101962.72,52.0,4.25
2023-01-05 10:00:00,8.607483,0.15512085,283.36096,102035.9,52.0,4.25
2023-01-05 11:00:00,7.832733,1.5593414,283.6106,102044.375,52.0,4.25
2023-01-05 12:00:00,7.200119,2.8573456,283.66522,102023.984,52.0,4.25
2023-01-05 13:00:00,7.2079315,4.068512,283.56244,102003.266,52.0,4.25
2023-01-05 14:00:00,6.9227448,5.2067566,283.46637,101973.39,52.0,4.25
2023-01-05 15:00:00,5.7901154,5.885315,283.43695,101944.86,52.0,4.25
2023-01-05 16:00:00,5.7619324,6.476837,283.48224,101910.3,52.0,4.25
2023-01-05 17:00:00,7.529648,6.641922,283.70776,101872.39,52.0,4.25
2023-01-05 18:00:00,8.269333,7.0195923,283.4933,101835.164,52.0,4.25
2023-01-05 19:00:00,8.8029175,7.504013,283.482,101815.305,52.0,4.25
2023-01-05 20:00:00,9.150375,7.9719696,283.5307,101823.59,52.0,4.25
2023-01-05 21:00:00,8.822403,8.364563,283.6625,101771.45,52.0,4.25
2023-01-05 22:00:00,8.411209,8.55484,283.67352,101729.66,52.0,4.25
2023-01-05 23:00:00,8.725189,8.9640045,283.72028,101698.414,52.0,4.25
2023-01-06 00:00:00,8.091827,9.466339,283.7026,101683.61,52.0,4.25
2023-01-06 01:00:00,7.731125,10.1879425,283.76028,101605.58,52.0,4.25
2023-01-06 02:00:00,7.6565857,10.673264,283.77582,101539.53,52.0,4.25
2023-01-06 03:00:00,7.8283234,11.346054,283.6657,101467.586,52.0,4.25
2023-01-06 04:00:00,8.791367,11.833466,283.71777,101395.414,52.0,4.25
2023-01-06 05:00:00,9.793549,11.861038,283.77032,101343.42,52.0,4.25
2023-01-06 06:00:00,12.668564,8.822464,283.70502,101356.64,52.0,4.25
2023-01-06 07:00:00,12.414505,2.8973236,283.38333,101460.59,52.0,4.25
2023-01-06 08:00:00,10.032745,2.2378998,282.82413,101530.875,52.0,4.25
2023-01-06 09:00:00,9.051147,3.4701996,282.58942,101616.016,52.0,4.25
2023-01-06 10:00:00,8.310959,3.3627167,282.849,101695.09,52.0,4.25
2023-01-06 11:00:00,7.727463,4.6884766,283.3265,101691.39,52.0,4.25
2023-01-06 12:00:00,7.469467,4.910324,283.37143,101686.05,52.0,4.25
2023-01-06 13:00:00,6.7631683,5.423126,283.41064,101657.555,52.0,4.25
2023-01-06 14:00:00,6.2427216,6.121216,283.2672,101637.875,52.0,4.25
2023-01-06 15:00:00,6.1964264,6.529236,283.00806,101631.14,52.0,4.25
2023-01-06 16:00:00,5.636688,6.5836945,282.76147,101624.875,52.0,4.25
2023-01-06 17:00:00,4.744934,7.2400055,282.8761,101579.85,52.0,4.25
2023-01-06 18:00:00,4.571106,8.042709,283.0224,101554.47,52.0,4.25
2023-01-06 19:00:00,5.3118896,8.495438,283.20514,101569.5,52.0,4.25
2023-01-06 20:00:00,6.133835,8.470779,283.35992,101521.97,52.0,4.25
2023-01-06 21:00:00,6.3672028,8.827026,283.701,101490.56,52.0,4.25
2023-01-06 22:00:00,6.9216003,9.661774,283.90906,101467.44,52.0,4.25
2023-01-06 23:00:00,7.380142,10.027481,284.14047,101466.95,52.0,4.25
2023-01-07 00:00:00,6.4938354,10.17395,284.09335,101429.12,52.0,4.25
2023-01-07 01:00:00,5.1743317,10.519943,283.8514,101368.78,52.0,4.25
2023-01-07 02:00:00,4.2568817,10.861191,283.55865,101324.05,52.0,4.25
2023-01-07 03:00:00,3.7241974,11.08931,283.34003,101303.234,52.0,4.25
2023-01-07 04:00:00,3.0134888,11.269043,283.20874,101219.55,52.0,4.25
2023-01-07 05:00:00,2.5962372,11.681168,283.16156,101160.41,52.0,4.25
2023-01-07 06:00:00,2.321518,12.320816,283.07648,101111.34,52.0,4.25
2023-01-07 07:00:00,1.7759857,12.78421,283.06882,101029.62,52.0,4.25
2023-01-07 08:00:00,1.8578339,13.010681,283.2113,101004.25,52.0,4.25
2023-01-07 09:00:00,1.2041016,13.072662,283.35236,100931.516,52.0,4.25
2023-01-07 10:00:00,0.12860107,13.127304,283.6162,100851.3,52.0,4.25
2023-01-07 11:00:00,-0.7196045,13.245117,283.8652,100741.08,52.0,4.25
2023-01-07 12:00:00,-1.9857178,12.262726,283.93973,100617.0,52.0,4.25
2023-01-07 13:00:00,-1.5635376,13.023209,283.82574,100482.03,52.0,4.25
2023-01-07 14:00:00,0.7347107,14.279266,283.6976,100398.3,52.0,4.25
2023-01-07 15:00:00,1.7852631,14.16774,283.2854,100361.95,52.0,4.25
2023-01-07 16:00:00,1.7878113,13.722214,282.9351,100301.945,52.0,4.25
2023-01-07 17:00:00,2.5270233,13.277878,282.52075,100256.86,52.0,4.25
2023-01-07 18:00:00,2.4628143,13.123001,282.67978,100185.62,52.0,4.25
2023-01-07 19:00:00,2.3928833,13.527588,282.8606,100157.94,52.0,4.25
2023-01-07 20:00:00,3.4492188,13.709763,283.09518,100148.42,52.0,4.25
2023-01-07 21:00:00,5.391632,13.235718,282.9441,100135.28,52.0,4.25
2023-01-07 22:00:00,7.541275,12.455368,282.98352,100120.45,52.0,4.25
2023-01-07 23:00:00,8.777313,10.626694,282.78708,100152.97,52.0,4.25
2023-01-08 00:00:00,7.651245,9.41243,282.44846,100141.34,52.0,4.25
2023-01-08 01:00:00,5.7382355,9.806976,281.98993,100102.984,52.0,4.25
2023-01-08 02:00:00,5.0616913,10.054581,281.61493,100108.16,52.0,4.25
2023-01-08 03:00:00,3.9785461,9.761932,281.34778,100045.0,52.0,4.25
2023-01-08 04:00:00,4.798462,10.406616,281.06342,100063.78,52.0,4.25
2023-01-08 05:00:00,6.117737,9.245178,280.80255,100040.25,52.0,4.25
2023-01-08 06:00:00,5.182144,8.955597,280.4192,100010.78,52.0,4.25
2023-01-08 07:00:00,4.1403656,9.614075,280.3731,99996.83,52.0,4.25
2023-01-08 08:00:00,3.3633728,10.027649,279.97186,99969.67,52.0,4.25
2023-01-08 09:00:00,3.098938,10.521606,280.48248,99926.43,52.0,4.25
2023-01-08 10:00:00,2.7528229,9.852066,281.1618,99930.21,52.0,4.25
2023-01-08 11:00:00,2.292221,9.623779,281.7728,99898.91,52.0,4.25
2023-01-08 12:00:00,2.496048,9.885788,282.23123,99810.125,52.0,4.25
2023-01-08 13:00:00,2.736267,10.121658,282.3911,99718.45,52.0,4.25
2023-01-08 14:00:00,3.1665192,10.877548,282.31998,99630.91,52.0,4.25
2023-01-08 15:00:00,2.3943634,10.879776,282.18808,99573.1,52.0,4.25
2023-01-08 16:00:00,1.7832794,11.426514,281.914,99516.92,52.0,4.25
2023-01-08 17:00:00,1.0580902,11.698456,281.85236,99455.08,52.0,4.25
2023-01-08 18:00:00,0.6794281,12.005692,281.70923,99380.89,52.0,4.25
2023-01-08 19:00:00,1.0653839,11.73584,281.4146,99295.83,52.0,4.25
2023-01-08 20:00:00,2.6984558,11.278091,281.08438,99270.3,52.0,4.25
2023-01-08 21:00:00,4.1819,10.580353,280.6988,99220.03,52.0,4.25
2023-01-08 22:00:00,9.188919,9.303513,280.78134,99222.03,52.0,4.25
2023-01-08 23:00:00,9.297272,6.6747437,280.5471,99195.7,52.0,4.25
2023-01-09 00:00:00,8.297653,6.9058228,280.10565,99259.58,52.0,4.25
2023-01-09 01:00:00,6.364624,8.1271515,279.72595,99279.516,52.0,4.25
2023-01-09 02:00:00,4.4710236,9.205078,279.2099,99274.625,52.0,4.25
2023-01-09 03:00:00,3.4360657,10.797714,279.0432,99251.28,52.0,4.25
2023-01-09 04:00:00,2.4002533,11.165527,279.35953,99221.25,52.0,4.25
2023-01-09 05:00:00,1.8141327,11.193985,279.62814,99185.75,52.0,4.25
2023-01-09 06:00:00,4.725296,9.737289,279.87848,99177.25,52.0,4.25
2023-01-09 07:00:00,8.885239,5.0345,280.2627,99227.47,52.0,4.25
2023-01-09 08:00:00,10.323639,0.82769775,280.35757,99336.33,52.0,4.25
2023-01-09 09:00:00,10.407059,-0.71699524,280.4646,99475.22,52.0,4.25
2023-01-09 10:00:00,9.399826,0.4950714,280.72083,99651.72,52.0,4.25
2023-01-09 11:00:00,10.107742,1.4130707,280.85654,99743.16,52.0,4.25
2023-01-09 12:00:00,10.491821,0.7491913,281.26498,99806.67,52.0,4.25
2023-01-09 13:00:00,9.6688385,0.7621155,281.26065,99839.09,52.0,4.25
2023-01-09 14:00:00,10.072723,0.27557373,281.1539,99950.125,52.0,4.25
2023-01-09 15:00:00,10.090179,-0.8024597,280.841,100076.44,52.0,4.25
2023-01-09 16:00:00,9.891815,-2.0315704,280.7259,100196.96,52.0,4.25
2023-01-09 17:00:00,10.033554,-2.7556152,280.79285,100323.69,52.0,4.25
2023-01-09 18:00:00,10.559036,-3.434433,280.84665,100456.18,52.0,4.25
2023-01-09 19:00:00,10.882782,-3.430359,280.8333,100599.03,52.0,4.25
2023-01-09 20:00:00,11.165344,-3.0749054,280.7857,100728.96,52.0,4.25
2023-01-09 21:00:00,10.47229,-2.5833893,280.41705,100809.84,52.0,4.25
2023-01-09 22:00:00,9.521622,-0.98651123,280.5067,100927.2,52.0,4.25
2023-01-09 23:00:00,10.191055,0.51153564,280.28757,101016.68,52.0,4.25
2023-01-10 00:00:00,11.176163,1.4019928,280.74585,101132.53,52.0,4.25
2023-01-10 01:00:00,11.323929,1.5714569,280.8053,101215.36,52.0,4.25
2023-01-10 02:00:00,11.114746,2.013565,280.89667,101283.78,52.0,4.25
2023-01-10 03:00:00,11.432236,1.5372314,280.7987,101332.08,52.0,4.25
2023-01-10 04:00:00,10.211395,2.080841,280.7857,101355.234,52.0,4.25
2023-01-10 05:00:00,9.826691,2.3220673,280.33295,101441.19,52.0,4.25
2023-01-10 06:00:00,8.311249,3.130539,279.89874,101495.78,52.0,4.25
2023-01-10 07:00:00,7.5875854,5.2519073,279.9192,101549.99,52.0,4.25
2023-01-10 08:00:00,6.447647,6.7910156,279.8419,101589.02,52.0,4.25
2023-01-10 09:00:00,4.8355865,7.8685455,279.74054,101575.89,52.0,4.25
2023-01-10 10:00:00,3.693161,9.339462,279.24567,101573.46,52.0,4.25
2023-01-10 11:00:00,2.9515839,10.842636,279.35376,101494.38,52.0,4.25
2023-01-10 12:00:00,2.5232239,10.966904,279.82327,101419.55,52.0,4.25
2023-01-10 13:00:00,2.8057556,12.760315,280.0456,101294.48,52.0,4.25
2023-01-10 14:00:00,0.57914734,14.216064,279.85205,101100.5,52.0,4.25
2023-01-10 15:00:00,0.7649994,15.347443,279.81396,100981.81,52.0,4.25
2023-01-10 16:00:00,2.0945587,15.629044,280.0208,100867.24,52.0,4.25
2023-01-10 17:00:00,4.314575,14.98732,280.73804,100778.89,52.0,4.25
2023-01-10 18:00:00,5.9999847,13.604095,281.3783,100694.86,52.0,4.25
2023-01-10 19:00:00,7.2682037,13.20842,282.03607,100652.14,52.0,4.25
2023-01-10 20:00:00,8.608795,12.893814,282.616,100609.75,52.0,4.25
2023-01-10 21:00:00,8.727341,12.985092,283.08548,100562.984,52.0,4.25
2023-01-10 22:00:00,8.877029,13.887482,283.8399,100492.86,52.0,4.25
2023-01-10 23:00:00,9.454941,13.345245,284.139,100431.09,52.0,4.25
2023-01-11 00:00:00,10.793671,12.789413,284.33215,100410.26,52.0,4.25
2023-01-11 01:00:00,12.297256,11.632614,284.3443,100401.7,52.0,4.25
2023-01-11 02:00:00,12.5737,9.176712,284.40198,100448.33,52.0,4.25
2023-01-11 03:00:00,12.430435,6.865158,284.311,100489.97,52.0,4.25
2023-01-11 04:00:00,12.797668,3.8143616,283.91614,100537.22,52.0,4.25
2023-01-11 05:00:00,12.485352,1.7801514,283.35883,100614.23,52.0,4.25
2023-01-11 06:00:00,11.594315,1.5436401,282.9115,100676.86,52.0,4.25
2023-01-11 07:00:00,11.084106,1.9107819,282.713,100754.625,52.0,4.25
2023-01-11 08:00:00,10.971268,2.4785004,282.4826,100850.195,52.0,4.25
2023-01-11 09:00:00,10.5854645,3.597412,282.3549,100908.375,52.0,4.25
2023-01-11 10:00:00,10.305023,4.344269,282.8213,100969.47,52.0,4.25
2023-01-11 11:00:00,10.398315,5.46579,283.03864,101002.02,52.0,4.25
2023-01-11 12:00:00,10.488037,5.9409637,283.12537,101025.86,52.0,4.25
2023-01-11 13:00:00,10.701889,6.5934906,283.05328,100994.695,52.0,4.25
2023-01-11 14:00:00,11.391006,7.3824005,283.04987,100984.86,52.0,4.25
2023-01-11 15:00:00,10.752396,8.28537,282.74088,100961.234,52.0,4.25
2023-01-11 16:00:00,10.707169,9.522827,282.43616,100937.234,52.0,4.25
2023-01-11 17:00:00,11.346756,10.069733,282.61932,100948.0,52.0,4.25
2023-01-11 18:00:00,10.881851,11.148941,282.53827,100889.81,52.0,4.25
2023-01-11 19:00:00,12.021057,11.169479,282.43787,100818.086,52.0,4.25
2023-01-11 20:00:00,14.041153,9.705032,282.29132,100795.445,52.0,4.25
2023-01-11 21:00:00,13.771545,7.9651184,282.04294,100807.44,52.0,4.25
2023-01-11 22:00:00,14.061417,6.2329865,282.5146,100811.125,52.0,4.25
2023-01-11 23:00:00,13.763336,7.1549377,282.6209,100818.625,52.0,4.25
2023-01-12 00:00:00,12.767044,8.190796,282.85538,100801.35,52.0,4.25
2023-01-12 01:00:00,11.653336,9.334808,282.86456,100716.72,52.0,4.25
2023-01-12 02:00:00,11.171326,11.330811,282.65997,100615.44,52.0,4.25
2023-01-12 03:00:00,10.514618,13.847855,282.84012,100444.47,52.0,4.25
2023-01-12 04:00:00,11.49855,14.914505,282.75287,100260.97,52.0,4.25
2023-01-12 05:00:00,14.721558,12.510483,283.02863,100215.89,52.0,4.25
2023-01-12 06:00:00,16.596237,9.942413,283.73065,100196.54,52.0,4.25
2023-01-12 07:00:00,16.576797,8.790573,284.06967,100213.336,52.0,4.25
2023-01-12 08:00:00,16.849014,7.813965,284.20447,100274.89,52.0,4.25
2023-01-12 09:00:00,16.16043,7.1644897,284.2293,100334.84,52.0,4.25
2023-01-12 10:00:00,14.316315,7.060425,284.2597,100397.42,52.0,4.25
2023-01-12 11:00:00,13.913544,7.2703094,284.2761,100428.61,52.0,4.25
2023-01-12 12:00:00,13.59523,8.378586,284.2483,100384.375,52.0,4.25
2023-01-12 13:00:00,12.653259,9.662796,284.06906,100322.9,52.0,4.25
2023-01-12 14:00:00,12.16893,10.911407,284.02106,100277.28,52.0,4.25
2023-01-12 15:00:00,13.046326,11.072708,284.04306,100236.09,52.0,4.25
2023-01-12 16:00:00,13.178116,10.382416,283.96887,100228.2,52.0,4.25
2023-01-12 17:00:00,12.308762,11.020081,283.983,100216.97,52.0,4.25
2023-01-12 18:00:00,12.491669,11.259247,284.1018,100215.2,52.0,4.25
2023-01-12 19:00:00,12.890808,10.443344,284.04898,100208.84,52.0,4.25
2023-01-12 20:00:00,13.686981,8.599625,283.82507,100201.19,52.0,4.25
2023-01-12 21:00:00,13.619171,7.0626526,283.2893,100181.664,52.0,4.25
2023-01-12 22:00:00,13.361465,6.5066376,283.08685,100221.61,52.0,4.25
2023-01-12 23:00:00,13.426056,7.3262024,282.59442,100271.19,52.0,4.25
2023-01-13 00:00:00,12.986237,8.466995,282.17218,100223.78,52.0,4.25
2023-01-13 01:00:00,12.970917,9.345367,282.0362,100199.78,52.0,4.25
2023-01-13 02:00:00,12.793961,10.117264,282.04077,100155.81,52.0,4.25
2023-01-13 03:00:00,13.001938,9.424774,282.05948,100151.36,52.0,4.25
2023-01-13 04:00:00,13.861435,8.468887,281.86188,100130.64,52.0,4.25
2023-01-13 05:00:00,14.718369,8.379013,281.85007,100134.8,52.0,4.25
2023-01-13 06:00:00,14.83992,8.461884,281.74606,100155.516,52.0,4.25
2023-01-13 07:00:00,15.3594055,7.7556305,281.8229,100194.08,52.0,4.25
2023-01-13 08:00:00,15.71225,7.0680237,281.92957,100255.11,52.0,4.25
2023-01-13 09:00:00,16.263474,5.9730377,282.0531,100316.66,52.0,4.25
2023-01-13 10:00:00,17.1288,4.249405,281.8108,100426.8,52.0,4.25
2023-01-13 11:00:00,16.265396,3.6137085,282.0154,100487.64,52.0,4.25
2023-01-13 12:00:00,16.414963,3.5371857,282.2115,100557.33,52.0,4.25
2023-01-13 13:00:00,16.183334,3.882248,282.28857,100634.11,52.0,4.25
2023-01-13 14:00:00,16.08754,3.5992126,282.26138,100737.21,52.0,4.25
2023-01-13 15:00:00,15.582321,3.3600616,282.326,100827.97,52.0,4.25
2023-01-13 16:00:00,14.582291,2.6368103,282.2041,100911.89,52.0,4.25
2023-01-13 17:00:00,14.04985,1.9842529,282.1682,101002.94,52.0,4.25
2023-01-13 18:00:00,13.81221,1.6333008,282.23474,101087.64,52.0,4.25
2023-01-13 19:00:00,13.524414,1.8230438,282.1333,101172.14,52.0,4.25
2023-01-13 20:00:00,13.899261,1.3939972,282.0132,101249.73,52.0,4.25
2023-01-13 21:00:00,13.219803,1.032959,281.98334,101329.66,52.0,4.25
2023-01-13 22:00:00,12.3311615,1.2438202,281.66733,101364.86,52.0,4.25
2023-01-13 23:00:00,11.241684,2.5714417,281.37634,101372.94,52.0,4.25
2023-01-14 00:00:00,10.751785,4.1669464,281.05756,101374.28,52.0,4.25
2023-01-14 01:00:00,9.200989,4.8758545,280.62683,101373.61,52.0,4.25
2023-01-14 02:00:00,6.958435,6.6089325,280.00763,101296.89,52.0,4.25
2023-01-14 03:00:00,5.66362,8.816086,279.44955,101232.91,52.0,4.25
2023-01-14 04:00:00,4.2899475,9.959106,279.55164,101124.14,52.0,4.25
2023-01-14 05:00:00,3.130188,10.920639,279.97095,100993.91,52.0,4.25
2023-01-14 06:00:00,2.063202,12.09874,280.30078,100822.56,52.0,4.25
2023-01-14 07:00:00,2.099701,12.691345,280.18665,100701.234,52.0,4.25
2023-01-14 08:00:00,0.7113037,13.546249,280.34424,100436.86,52.0,4.25
2023-01-14 09:00:00,3.9329834,14.7434845,281.02182,100253.33,52.0,4.25
2023-01-14 10:00:00,5.6016083,15.835327,281.96606,100076.19,52.0,4.25
2023-01-14 11:00:00,7.558304,15.996918,282.36102,99908.234,52.0,4.25
2023-01-14 12:00:00,9.39859,15.058365,282.95392,99733.39,52.0,4.25
2023-01-14 13:00:00,11.025513,13.942749,283.54657,99604.19,52.0,4.25
2023-01-14 14:00:00,11.598648,13.338959,283.82437,99512.47,52.0,4.25
2023-01-14 15:00:00,11.886108,12.642838,284.0124,99426.234,52.0,4.25
2023-01-14 16:00:00,12.901657,10.736664,284.08948,99422.766,52.0,4.25
2023-01-14 17:00:00,14.207504,6.2027283,284.01566,99460.81,52.0,4.25
2023-01-14 18:00:00,13.427734,1.5617065,283.47314,99528.59,52.0,4.25
2023-01-14 19:00:00,12.392181,1.5177155,282.5534,99618.0,52.0,4.25
2023-01-14 20:00:00,13.593491,2.4863434,281.79315,99696.83,52.0,4.25
2023-01-14 21:00:00,13.257797,3.1338196,281.51074,99728.375,52.0,4.25
2023-01-14 22:00:00,13.430954,3.2954712,281.3005,99776.25,52.0,4.25
2023-01-14 23:00:00,13.254929,3.3325653,281.0774,99732.9,52.0,4.25
2023-01-15 00:00:00,13.263199,4.1586914,281.02264,99743.164,52.0,4.25
2023-01-15 01:00:00,13.463699,5.048813,280.94073,99767.91,52.0,4.25
2023-01-15 02:00:00,12.741562,5.6726074,280.80145,99726.766,52.0,4.25
2023-01-15 03:00:00,13.142044,5.921417,280.58392,99747.45,52.0,4.25
2023-01-15 04:00:00,13.477264,5.635437,280.47485,99722.945,52.0,4.25
2023-01-15 05:00:00,14.200943,5.585129,280.21133,99697.84,52.0,4.25
2023-01-15 06:00:00,14.102127,6.2430267,279.79715,99686.22,52.0,4.25
2023-01-15 07:00:00,14.069885,7.356064,279.73657,99696.16,52.0,4.25
2023-01-15 08:00:00,14.20433,8.147659,279.5987,99722.516,52.0,4.25
2023-01-15 09:00:00,14.552795,8.872223,279.75037,99735.305,52.0,4.25
2023-01-15 10:00:00,16.337982,8.71109,280.0125,99753.766,52.0,4.25
2023-01-15 11:00:00,15.427383,8.524185,280.23102,99753.984,52.0,4.25
2023-01-15 12:00:00,15.3437805,7.5820007,280.4269,99752.81,52.0,4.25
2023-01-15 13:00:00,15.783218,6.849762,280.50238,99777.36,52.0,4.25
2023-01-15 14:00:00,14.786118,6.4452972,280.33368,99817.45,52.0,4.25
2023-01-15 15:00:00,13.358582,5.630844,280.13782,99845.89,52.0,4.25
2023-01-15 16:00:00,11.737213,5.8739624,279.83344,99878.53,52.0,4.25
2023-01-15 17:00:00,10.479752,7.0647736,279.482,99877.984,52.0,4.25
2023-01-15 18:00:00,8.839996,7.87294,279.0218,99878.73,52.0,4.25
2023-01-15 19:00:00,7.236511,8.050827,278.91876,99826.484,52.0,4.25
2023-01-15 20:00:00,5.8709564,7.9695587,278.59723,99780.22,52.0,4.25
2023-01-15 21:00:00,5.060974,7.642868,278.15137,99692.09,52.0,4.25
2023-01-15 22:00:00,4.658264,6.4199524,277.9323,99630.6,52.0,4.25
2023-01-15 23:00:00,4.6022034,5.784973,277.82608,99555.734,52.0,4.25
2023-01-16 00:00:00,3.246109,6.680954,277.7561,99499.0,52.0,4.25
2023-01-16 01:00:00,1.9259491,8.63176,277.5558,99348.34,52.0,4.25
2023-01-16 02:00:00,1.124176,9.323257,277.16296,99221.3,52.0,4.25
2023-01-16 03:00:00,0.23062134,9.2651825,277.02118,99109.19,52.0,4.25
2023-01-16 04:00:00,-2.9955444,7.4486847,276.95105,98912.61,52.0,4.25
2023-01-16 05:00:00,-6.4065094,6.8486786,277.34662,98669.4,52.0,4.25
2023-01-16 06:00:00,-7.5500183,7.0599823,277.54416,98528.81,52.0,4.25
2023-01-16 07:00:00,-9.4207,6.0926666,277.12152,98334.25,52.0,4.25
2023-01-16 08:00:00,-10.512695,4.427643,276.38892,98157.42,52.0,4.25
2023-01-16 09:00:00,-10.371765,5.0637817,276.47937,98000.41,52.0,4.25
2023-01-16 10:00:00,-6.0773773,5.915634,276.49762,97945.914,52.0,4.25
2023-01-16 11:00:00,-2.5842285,7.0082855,276.83115,97890.91,52.0,4.25
2023-01-16 12:00:00,0.4365692,7.2491913,277.52206,97779.91,52.0,4.25
2023-01-16 13:00:00,1.7940063,6.382431,278.38474,97711.89,52.0,4.25
2023-01-16 14:00:00,3.7067566,3.123993,278.72156,97671.01,52.0,4.25
2023-01-16 15:00:00,5.04628,-3.5300446,278.1594,97698.25,52.0,4.25
2023-01-16 16:00:00,5.72139,-8.520142,277.0899,97774.55,52.0,4.25
2023-01-16 17:00:00,6.153549,-9.146347,277.3246,97880.34,52.0,4.25
2023-01-16 18:00:00,7.3904877,-8.180908,277.81903,97938.914,52.0,4.25
2023-01-16 19:00:00,8.280884,-8.105774,277.97296,98012.11,52.0,4.25
2023-01-16 20:00:00,8.36026,-9.748489,277.76205,98081.695,52.0,4.25
2023-01-16 21:00:00,7.892273,-10.621872,277.4201,98174.016,52.0,4.25
2023-01-16 22:00:00,8.129288,-9.200485,277.17148,98272.28,52.0,4.25
2023-01-16 23:00:00,8.018066,-7.728821,276.86795,98361.09,52.0,4.25
2023-01-17 00:00:00,8.309036,-5.8407135,276.55164,98463.836,52.0,4.25
2023-01-17 01:00:00,8.312958,-4.940262,276.21664,98522.44,52.0,4.25
2023-01-17 02:00:00,7.698883,-4.1548767,276.38663,98559.984,52.0,4.25
2023-01-17 03:00:00,7.4653015,-2.913147,276.10895,98595.734,52.0,4.25
2023-01-17 04:00:00,7.4506073,-2.214981,275.80945,98628.05,52.0,4.25
2023-01-17 05:00:00,6.706787,-1.7279358,275.664,98626.37,52.0,4.25
2023-01-17 06:00:00,6.09671,-1.1798706,275.27142,98638.06,52.0,4.25
2023-01-17 07:00:00,5.604828,-0.003189087,275.05237,98667.875,52.0,4.25
2023-01-17 08:00:00,5.1450043,0.68803406,274.39014,98680.15,52.0,4.25
2023-01-17 09:00:00,4.6924744,0.6481476,275.1034,98707.42,52.0,4.25
2023-01-17 10:00:00,4.9441986,0.5415497,276.17725,98756.32,52.0,4.25
2023-01-17 11:00:00,4.7171783,0.50289917,277.13864,98779.55,52.0,4.25
2023-01-17 12:00:00,4.8594513,0.050079346,277.995,98734.8,52.0,4.25
2023-01-17 13:00:00,4.7145844,0.20004272,278.0282,98741.66,52.0,4.25
2023-01-17 14:00:00,4.312042,0.6498413,277.99457,98753.375,52.0,4.25
2023-01-17 15:00:00,4.332733,0.5647888,277.3007,98779.18,52.0,4.25
2023-01-17 16:00:00,4.732315,-0.69392395,274.47662,98776.664,52.0,4.25
2023-01-17 17:00:00,4.719101,-1.6636658,273.34644,98825.48,52.0,4.25
2023-01-17 18:00:00,4.374649,-0.70903015,272.69733,98886.13,52.0,4.25
2023-01-17 19:00:00,4.412262,0.86117554,272.47302,98989.34,52.0,4.25
2023-01-17 20:00:00,4.3995056,1.0062866,272.8303,99001.84,52.0,4.25
2023-01-17 21:00:00,4.662857,0.96954346,272.95346,99026.7,52.0,4.25
2023-01-17 22:00:00,5.9796906,1.0632782,272.81177,99055.64,52.0,4.25
2023-01-17 23:00:00,7.0294037,0.6696625,273.42426,99087.586,52.0,4.25
2023-01-18 00:00:00,7.7015076,-0.36836243,273.97577,99081.36,52.0,4.25
2023-01-18 01:00:00,7.836197,-1.3181,274.0443,99089.65,52.0,4.25
2023-01-18 02:00:00,7.4903564,-1.2639618,274.04993,99097.625,52.0,4.25
2023-01-18 03:00:00,7.288498,-0.52412415,273.99652,99129.164,52.0,4.25
2023-01-18 04:00:00,7.361435,0.32936096,273.96674,99142.766,52.0,4.25
2023-01-18 05:00:00,7.4022064,1.3131866,273.9712,99171.766,52.0,4.25
2023-01-18 06:00:00,7.208252,2.6759796,274.16605,99222.586,52.0,4.25
2023-01-18 07:00:00,7.1573334,3.9632416,274.17853,99273.66,52.0,4.25
2023-01-18 08:00:00,7.022888,5.106659,274.53717,99343.85,52.0,4.25
2023-01-18 09:00:00,7.192688,5.5074463,275.35455,99401.16,52.0,4.25
2023-01-18 10:00:00,8.164658,5.5210876,276.52405,99445.766,52.0,4.25
2023-01-18 11:00:00,8.566513,5.3968353,277.55444,99500.56,52.0,4.25
2023-01-18 12:00:00,9.4436035,5.078583,278.07117,99500.44,52.0,4.25
2023-01-18 13:00:00,10.432083,4.6964874,278.3778,99527.8,52.0,4.25
2023-01-18 14:00:00,9.472061,4.9019623,278.52148,99547.875,52.0,4.25
2023-01-18 15:00:00,9.999741,5.014618,278.28177,99613.125,52.0,4.25
2023-01-18 16:00:00,10.235931,4.5345917,278.12396,99658.16,52.0,4.25
2023-01-18 17:00:00,10.087753,3.3664398,278.16037,99708.49,52.0,4.25
2023-01-18 18:00:00,10.095963,1.9237671,278.36664,99761.66,52.0,4.25
2023-01-18 19:00:00,10.0233,1.17453,278.3781,99834.14,52.0,4.25
2023-01-18 20:00:00,10.319519,0.25022888,278.07812,99865.78,52.0,4.25
2023-01-18 21:00:00,10.613159,-0.66223145,277.9406,99920.4,52.0,4.25
2023-01-18 22:00:00,11.272324,-0.25128174,278.021,99938.09,52.0,4.25
2023-01-18 23:00:00,11.877609,-0.8310852,277.74768,99977.75,52.0,4.25
2023-01-19 00:00:00,12.453751,-2.3335114,277.34875,99985.54,52.0,4.25
2023-01-19 01:00:00,11.680954,-4.2379456,277.3526,100038.69,52.0,4.25
2023-01-19 02:00:00,10.900726,-5.5369415,277.43018,100098.69,52.0,4.25
2023-01-19 03:00:00,9.354965,-5.6535645,277.138,100188.81,52.0,4.25
2023-01-19 04:00:00,8.743347,-5.2626953,277.05353,100210.05,52.0,4.25
2023-01-19 05:00:00,8.81221,-4.7031097,277.01636,100260.36,52.0,4.25
2023-01-19 06:00:00,8.646698,-3.944519,277.0915,100297.016,52.0,4.25
2023-01-19 07:00:00,8.317902,-3.8351288,277.29077,100348.53,52.0,4.25
2023-01-19 08:00:00,7.654129,-3.410965,277.16565,100417.61,52.0,4.25
2023-01-19 09:00:00,7.235718,-2.6026154,277.1109,100476.61,52.0,4.25
2023-01-19 10:00:00,8.336426,-1.9831696,277.87158,100480.484,52.0,4.25
2023-01-19 11:00:00,7.6612854,-1.6872559,278.16968,100518.19,52.0,4.25
2023-01-19 12:00:00,7.440155,-1.11203,278.1094,100548.836,52.0,4.25
2023-01-19 13:00:00,7.26857,-1.0434418,278.06238,100520.086,52.0,4.25
2023-01-19 14:00:00,6.659073,-1.098938,277.92926,100534.0,52.0,4.25
2023-01-19 15:00:00,6.353958,-1.3346252,277.38715,100599.78,52.0,4.25
2023-01-19 16:00:00,6.347809,-1.490387,276.63037,100596.766,52.0,4.25
2023-01-19 17:00:00,6.120392,-1.4209595,276.30664,100726.53,52.0,4.25
2023-01-19 18:00:00,5.6690216,-1.1491241,275.9853,100725.31,52.0,4.25
2023-01-19 19:00:00,5.500763,-0.9963684,275.5212,100761.82,52.0,4.25
2023-01-19 20:00:00,5.3011627,-1.0196991,274.85526,100857.59,52.0,4.25
2023-01-19 21:00:00,4.974869,-0.573349,274.79156,100879.484,52.0,4.25
2023-01-19 22:00:00,4.6768494,1.6356201,275.00336,100943.84,52.0,4.25
2023-01-19 23:00:00,5.312332,2.3542175,275.102,100959.91,52.0,4.25
2023-01-20 00:00:00,5.5779266,2.6733093,275.29797,101008.61,52.0,4.25
2023-01-20 01:00:00,5.373886,2.793579,275.57516,101027.27,52.0,4.25
2023-01-20 02:00:00,5.003525,3.092514,275.48322,101068.97,52.0,4.25
2023-01-20 03:00:00,4.840225,3.1272278,275.83997,101071.54,52.0,4.25
2023-01-20 04:00:00,5.089081,3.5375977,275.81195,101060.98,52.0,4.25
2023-01-20 05:00:00,5.4401855,3.3315735,276.13275,101055.414,52.0,4.25
2023-01-20 06:00:00,6.321991,2.383606,276.4405,101068.516,52.0,4.25
2023-01-20 07:00:00,7.1746674,-0.10548401,276.68665,101095.01,52.0,4.25
2023-01-20 08:00:00,7.307602,-2.4307098,277.1504,101145.33,52.0,4.25
2023-01-20 09:00:00,7.0446625,-3.6963196,277.4428,101187.41,52.0,4.25
2023-01-20 10:00:00,5.454773,-3.7782593,277.51776,101245.99,52.0,4.25
2023-01-20 11:00:00,4.555786,-3.2710571,277.67535,101265.22,52.0,4.25
2023-01-20 12:00:00,4.282074,-3.6581573,277.66724,101262.31,52.0,4.25
2023-01-20 13:00:00,3.5993347,-2.7700348,277.6668,101278.53,52.0,4.25
2023-01-20 14:00:00,1.8609009,-2.4946747,277.80988,101294.36,52.0,4.25
2023-01-20 15:00:00,-2.1577911,-1.8781433,277.6102,101387.53,52.0,4.25
2023-01-20 16:00:00,-6.7947235,-1.1147308,276.77502,101540.03,52.0,4.25
2023-01-20 17:00:00,-8.788101,-0.48695374,275.73416,101722.484,52.0,4.25
2023-01-20 18:00:00,-9.035599,-1.5283813,274.94766,101890.14,52.0,4.25
2023-01-20 19:00:00,-8.78392,-1.9451447,274.79996,102047.305,52.0,4.25
2023-01-20 20:00:00,-8.292862,-2.361023,274.51877,102178.555,52.0,4.25
2023-01-20 21:00:00,-7.7367706,-3.5052795,274.1336,102331.516,52.0,4.25
2023-01-20 22:00:00,-6.220566,-3.715149,274.37537,102466.734,52.0,4.25
2023-01-20 23:00:00,-5.783066,-4.759369,273.96967,102568.766,52.0,4.25
2023-01-21 00:00:00,-5.822296,-4.9844666,273.66537,102634.19,52.0,4.25
2023-01-21 01:00:00,-5.780258,-4.7542877,273.5808,102714.56,52.0,4.25
2023-01-21 02:00:00,-5.608307,-4.5170746,273.3977,102787.734,52.0,4.25
2023-01-21 03:00:00,-5.8672485,-4.061493,273.20627,102879.984,52.0,4.25
2023-01-21 04:00:00,-5.908539,-3.1825104,272.88965,102921.84,52.0,4.25
2023-01-21 05:00:00,-5.4266815,-2.8690033,272.55994,102971.78,52.0,4.25
2023-01-21 06:00:00,-4.7195435,-2.8689423,272.31927,103020.766,52.0,4.25
2023-01-21 07:00:00,-4.128998,-2.7708893,272.09073,103075.14,52.0,4.25
2023-01-21 08:00:00,-4.099594,-2.3048553,271.99387,103175.95,52.0,4.25
2023-01-21 09:00:00,-4.056427,-1.4976044,273.13666,103236.08,52.0,4.25
2023-01-21 10:00:00,-3.8805847,-0.6375885,274.0138,103310.875,52.0,4.25
2023-01-21 11:00:00,-3.2135162,-0.72206116,274.636,103359.21,52.0,4.25
2023-01-21 12:00:00,-3.811432,-1.0118103,275.40997,103334.766,52.0,4.25
2023-01-21 13:00:00,-4.4631805,-1.9125519,275.34335,103326.84,52.0,4.25
2023-01-21 14:00:00,-4.2278748,-2.384552,275.74353,103330.15,52.0,4.25
2023-01-21 15:00:00,-3.481964,-2.5877075,275.4642,103364.51,52.0,4.25
2023-01-21 16:00:00,-3.4266357,-2.8717651,274.73233,103412.28,52.0,4.25
2023-01-21 17:00:00,-4.1260834,-2.8988342,274.13916,103435.84,52.0,4.25
2023-01-21 18:00:00,-4.335968,-2.806427,273.81076,103464.34,52.0,4.25
2023-01-21 19:00:00,-4.217972,-3.1984253,273.38086,103488.78,52.0,4.25
2023-01-21 20:00:00,-3.735672,-4.0442505,272.84814,103497.555,52.0,4.25
2023-01-21 21:00:00,-3.6323395,-4.4238434,272.56274,103507.195,52.0,4.25
2023-01-21 22:00:00,-3.9103394,-3.9422302,273.14346,103523.0,52.0,4.25
2023-01-21 23:00:00,-3.383545,-4.0729065,273.1129,103508.11,52.0,4.25
2023-01-22 00:00:00,-3.2601929,-4.417206,273.23682,103487.06,52.0,4.25
2023-01-22 01:00:00,-3.3146362,-4.9385376,273.27466,103465.0,52.0,4.25
2023-01-22 02:00:00,-3.057724,-5.4243774,273.98285,103413.164,52.0,4.25
2023-01-22 03:00:00,-3.207489,-5.675644,274.25717,103397.94,52.0,4.25
2023-01-22 04:00:00,-3.4300385,-5.823059,274.62073,103375.125,52.0,4.25
2023-01-22 05:00:00,-3.9212189,-6.0646057,274.52536,103355.41,52.0,4.25
2023-01-22 06:00:00,-4.9338684,-5.6055756,274.5603,103349.33,52.0,4.25
2023-01-22 07:00:00,-5.409256,-5.150345,274.43842,103349.67,52.0,4.25
2023-01-22 08:00:00,-5.6469727,-4.734848,274.30597,103402.29,52.0,4.25
2023-01-22 09:00:00,-5.351364,-4.3816223,274.1767,103451.81,52.0,4.25
2023-01-22 10:00:00,-4.6229706,-4.403595,274.54865,103467.945,52.0,4.25
2023-01-22 11:00:00,-3.6552277,-4.7885284,274.76288,103458.94,52.0,4.25
2023-01-22 12:00:00,-3.341858,-5.3177795,274.89456,103436.13,52.0,4.25
2023-01-22 13:00:00,-3.4698334,-5.257065,275.14624,103389.625,52.0,4.25
2023-01-22 14:00:00,-3.120346,-5.1161957,275.27548,103397.375,52.0,4.25
2023-01-22 15:00:00,-2.9134064,-5.244034,275.25427,103411.2,52.0,4.25
2023-01-22 16:00:00,-3.221695,-5.288437,275.27606,103440.89,52.0,4.25
2023-01-22 17:00:00,-3.5342102,-5.3558044,275.2861,103463.3,52.0,4.25
2023-01-22 18:00:00,-4.1252136,-5.0434875,275.27167,103468.64,52.0,4.25
2023-01-22 19:00:00,-4.8168335,-4.207535,275.39514,103486.766,52.0,4.25
2023-01-22 20:00:00,-4.4617157,-3.861618,275.37628,103531.6,52.0,4.25
2023-01-22 21:00:00,-3.9157257,-3.7930145,275.45197,103551.58,52.0,4.25
2023-01-22 22:00:00,-3.397049,-2.96904,275.41425,103562.56,52.0,4.25
2023-01-22 23:00:00,-3.1223907,-2.9141083,275.50323,103591.06,52.0,4.25
2023-01-23 00:00:00,-2.9989777,-2.986023,275.6234,103571.43,52.0,4.25
2023-01-23 01:00:00,-3.2200317,-3.2050476,275.6277,103579.53,52.0,4.25
2023-01-23 02:00:00,-3.9500732,-2.9706573,275.69946,103582.734,52.0,4.25
2023-01-23 03:00:00,-3.9138641,-3.222931,275.74765,103581.16,52.0,4.25
2023-01-23 04:00:00,-4.141205,-3.5014954,275.9121,103610.84,52.0,4.25
2023-01-23 05:00:00,-4.7299957,-3.1405792,275.84296,103620.95,52.0,4.25
2023-01-23 06:00:00,-5.4913025,-2.105072,275.66025,103622.74,52.0,4.25
2023-01-23 07:00:00,-5.5225067,-1.2053833,275.53314,103668.18,52.0,4.25
2023-01-23 08:00:00,-5.049759,-0.89907837,275.47995,103734.375,52.0,4.25
2023-01-23 09:00:00,-4.589035,-0.58439636,275.5094,103758.13,52.0,4.25
2023-01-23 10:00:00,-3.3513489,-0.6210785,276.1916,103792.09,52.0,4.25
2023-01-23 11:00:00,-2.9590912,-1.1600494,276.64868,103780.26,52.0,4.25
2023-01-23 12:00:00,-3.1795502,-1.9850464,276.93372,103781.984,52.0,4.25
2023-01-23 13:00:00,-3.949997,-2.0996552,276.9985,103771.35,52.0,4.25
2023-01-23 14:00:00,-4.734329,-1.676117,277.01428,103778.234,52.0,4.25
2023-01-23 15:00:00,-5.1478424,-0.7154083,276.79327,103741.64,52.0,4.25
2023-01-23 16:00:00,-4.658432,-0.86042786,276.49762,103738.09,52.0,4.25
2023-01-23 17:00:00,-3.9992676,-1.934372,276.3661,103801.336,52.0,4.25
2023-01-23 18:00:00,-4.302841,-2.3313904,276.48602,103838.05,52.0,4.25
2023-01-23 19:00:00,-5.044937,-1.5538177,276.2768,103840.53,52.0,4.25
2023-01-23 20:00:00,-4.935257,-1.6150513,276.2533,103871.36,52.0,4.25
2023-01-23 21:00:00,-4.5894623,-2.1580353,276.17007,103905.17,52.0,4.25
2023-01-23 22:00:00,-4.4128113,-2.1282806,276.48566,103883.34,52.0,4.25
2023-01-23 23:00:00,-4.67894,-1.9992981,276.53357,103896.05,52.0,4.25
2023-01-24 00:00:00,-5.0059357,-1.6346436,276.41135,103896.34,52.0,4.25
2023-01-24 01:00:00,-4.885208,-1.1660767,276.08392,103873.04,52.0,4.25
2023-01-24 02:00:00,-4.854843,-1.5505676,275.98248,103852.9,52.0,4.25
2023-01-24 03:00:00,-4.929764,-1.996048,275.8,103852.734,52.0,4.25
2023-01-24 04:00:00,-5.0693817,-1.8848419,275.75876,103860.25,52.0,4.25
2023-01-24 05:00:00,-5.1049805,-1.753952,275.77234,103866.56,52.0,4.25
2023-01-24 06:00:00,-5.091034,-1.5998535,275.55005,103890.39,52.0,4.25
2023-01-24 07:00:00,-4.9214783,-1.5797577,275.47858,103907.68,52.0,4.25
2023-01-24 08:00:00,-4.73201,-1.7119141,275.3499,103961.94,52.0,4.25
2023-01-24 09:00:00,-4.7402344,-1.5635529,275.16565,103997.11,52.0,4.25
2023-01-24 10:00:00,-3.5671997,-0.97839355,274.99182,104005.41,52.0,4.25
2023-01-24 11:00:00,-3.3933716,-1.2015839,274.91217,104007.914,52.0,4.25
2023-01-24 12:00:00,-3.411255,-1.0311127,274.8816,103964.22,52.0,4.25
2023-01-24 13:00:00,-3.315918,-0.91630554,274.87683,103881.984,52.0,4.25
2023-01-24 14:00:00,-3.4347382,-0.52593994,274.8593,103861.22,52.0,4.25
2023-01-24 15:00:00,-3.3968353,-0.05128479,274.82928,103857.22,52.0,4.25
2023-01-24 16:00:00,-3.3153992,0.088012695,274.9254,103871.06,52.0,4.25
2023-01-24 17:00:00,-2.9859924,0.42655945,274.95917,103870.836,52.0,4.25
2023-01-24 18:00:00,-2.7707214,0.57514954,275.03253,103884.31,52.0,4.25
2023-01-24 19:00:00,-2.5913239,0.6020813,274.7544,103891.78,52.0,4.25
2023-01-24 20:00:00,-2.2508087,0.70150757,274.7391,103900.07,52.0,4.25
2023-01-24 21:00:00,-1.7318115,0.5278473,274.63385,103892.84,52.0,4.25
2023-01-24 22:00:00,-1.4770203,0.6003876,274.21912,103863.766,52.0,4.25
2023-01-24 23:00:00,-1.4973755,0.7845001,274.17334,103855.42,52.0,4.25
2023-01-25 00:00:00,-1.0735321,0.89097595,274.23682,103805.34,52.0,4.25
2023-01-25 01:00:00,-0.70606995,0.7201996,274.06128,103772.32,52.0,4.25
2023-01-25 02:00:00,-0.5380707,1.0814972,274.03363,103728.734,52.0,4.25
2023-01-25 03:00:00,-0.34913635,1.3995667,273.95215,103687.05,52.0,4.25
2023-01-25 04:00:00,0.26441956,1.3759003,273.80774,103641.53,52.0,4.25
2023-01-25 05:00:00,0.56474304,1.4013519,273.70575,103617.78,52.0,4.25
2023-01-25 06:00:00,0.82724,1.7596741,273.6002,103581.96,52.0,4.25
2023-01-25 07:00:00,1.3263702,1.933136,273.6324,103584.7,52.0,4.25
2023-01-25 08:00:00,1.5906067,1.9424896,273.74054,103555.625,52.0,4.25
2023-01-25 09:00:00,1.62854,2.1601105,273.74402,103521.984,52.0,4.25
2023-01-25 10:00:00,1.8958435,2.4386597,273.84116,103460.08,52.0,4.25
2023-01-25 11:00:00,2.4208984,2.5641022,274.15576,103371.43,52.0,4.25
2023-01-25 12:00:00,2.4337769,2.8822784,274.4646,103260.42,52.0,4.25
2023-01-25 13:00:00,2.7006226,3.0481415,274.4449,103103.28,52.0,4.25
2023-01-25 14:00:00,3.454132,2.3620758,274.61038,103074.125,52.0,4.25
2023-01-25 15:00:00,3.9927216,1.9864197,275.0296,103019.45,52.0,4.25
2023-01-25 16:00:00,4.3178253,2.2460327,275.42474,102951.516,52.0,4.25
2023-01-25 17:00:00,3.3729095,3.7643433,275.49365,102873.586,52.0,4.25
2023-01-25 18:00:00,2.1774292,5.531616,275.5252,102764.58,52.0,4.25
2023-01-25 19:00:00,2.227539,6.029602,275.49503,102703.36,52.0,4.25
2023-01-25 20:00:00,2.9165497,5.758713,275.7431,102650.7,52.0,4.25
2023-01-25 21:00:00,3.1738129,5.577194,276.05078,102598.39,52.0,4.25
2023-01-25 22:00:00,2.527832,3.2102814,275.42804,102556.7,52.0,4.25
2023-01-25 23:00:00,1.4938354,3.6786652,275.48395,102501.22,52.0,4.25
2023-01-26 00:00:00,1.0561371,4.477371,275.37228,102469.164,52.0,4.25
2023-01-26 01:00:00,1.3309174,4.0131683,275.1934,102429.34,52.0,4.25
2023-01-26 02:00:00,1.7552643,1.8934479,275.22897,102441.14,52.0,4.25
2023-01-26 03:00:00,0.691864,-2.425171,275.62598,102426.586,52.0,4.25
2023-01-26 04:00:00,-1.2745209,-6.5159607,276.52216,102432.8,52.0,4.25
2023-01-26 05:00:00,-2.6803284,-9.022018,277.59387,102426.53,52.0,4.25
2023-01-26 06:00:00,-3.3482666,-9.210159,278.1249,102443.83,52.0,4.25
2023-01-26 07:00:00,-2.9815063,-9.000656,278.49902,102490.484,52.0,4.25
2023-01-26 08:00:00,-2.3133392,-9.157074,278.4807,102563.69,52.0,4.25
2023-01-26 09:00:00,-2.3127594,-8.708023,278.83136,102579.13,52.0,4.25
2023-01-26 10:00:00,-2.990509,-7.8644714,279.76978,102627.78,52.0,4.25
2023-01-26 11:00:00,-2.844162,-8.355103,280.38,102650.67,52.0,4.25
2023-01-26 12:00:00,-2.6135101,-8.150055,280.57416,102661.97,52.0,4.25
2023-01-26 13:00:00,-2.3183136,-8.100235,280.69562,102579.18,52.0,4.25
2023-01-26 14:00:00,-1.2365265,-7.9861603,280.72638,102572.7,52.0,4.25
2023-01-26 15:00:00,-0.9976196,-9.1501465,280.4795,102593.664,52.0,4.25
2023-01-26 16:00:00,-0.99964905,-10.316254,280.37006,102615.0,52.0,4.25
2023-01-26 17:00:00,-1.306427,-10.830978,280.07684,102640.14,52.0,4.25
2023-01-26 18:00:00,-1.5967712,-10.808716,280.1782,102627.72,52.0,4.25
2023-01-26 19:00:00,-1.8631287,-10.603348,279.95255,102631.67,52.0,4.25
2023-01-26 20:00:00,-2.2335052,-10.191269,279.84033,102628.555,52.0,4.25
2023-01-26 21:00:00,-2.6056366,-9.444916,279.64124,102614.14,52.0,4.25
2023-01-26 22:00:00,-3.2873535,-9.14061,279.42697,102618.56,52.0,4.25
2023-01-26 23:00:00,-2.9706116,-8.838928,279.45178,102621.44,52.0,4.25
2023-01-27 00:00:00,-3.1128387,-8.699463,279.47046,102605.36,52.0,4.25
2023-01-27 01:00:00,-3.7624054,-7.9963074,279.33136,102585.5,52.0,4.25
2023-01-27 02:00:00,-4.5507965,-7.311203,278.87598,102606.984,52.0,4.25
2023-01-27 03:00:00,-5.0419006,-6.670532,278.54956,102625.0,52.0,4.25
2023-01-27 04:00:00,-5.3925476,-6.0378113,277.99127,102670.51,52.0,4.25
2023-01-27 05:00:00,-5.736557,-5.692856,277.3777,102709.42,52.0,4.25
2023-01-27 06:00:00,-6.1913757,-5.5689087,277.14056,102741.53,52.0,4.25
2023-01-27 07:00:00,-6.5066223,-5.2693634,277.15054,102797.266,52.0,4.25
2023-01-27 08:00:00,-6.2529144,-5.0765076,277.0788,102814.8,52.0,4.25
2023-01-27 09:00:00,-6.708893,-5.2071533,277.33487,102875.19,52.0,4.25
2023-01-27 10:00:00,-4.640808,-5.0199585,277.58124,102893.59,52.0,4.25
2023-01-27 11:00:00,-5.053528,-4.99617,277.96823,102911.45,52.0,4.25
2023-01-27 12:00:00,-5.0018463,-4.7965546,278.1194,102895.02,52.0,4.25
2023-01-27 13:00:00,-4.550415,-4.471115,277.88156,102837.85,52.0,4.25
2023-01-27 14:00:00,-3.9369202,-4.738144,277.8275,102834.234,52.0,4.25
2023-01-27 15:00:00,-3.4761505,-4.894516,277.63165,102855.61,52.0,4.25
2023-01-27 16:00:00,-3.4595947,-5.238846,277.4281,102889.164,52.0,4.25
2023-01-27 17:00:00,-3.5571594,-5.506241,277.31943,102929.31,52.0,4.25
2023-01-27 18:00:00,-3.7556152,-5.4060516,277.39124,102955.28,52.0,4.25
2023-01-27 19:00:00,-4.069977,-4.9523926,277.3247,103007.18,52.0,4.25
2023-01-27 20:00:00,-4.0404663,-4.209793,277.153,103034.164,52.0,4.25
2023-01-27 21:00:00,-3.8960876,-3.624298,277.15344,103025.125,52.0,4.25
2023-01-27 22:00:00,-3.3906708,-3.3074799,276.9595,103032.53,52.0,4.25
2023-01-27 23:00:00,-3.1485138,-3.212494,276.4928,102993.23,52.0,4.25
2023-01-28 00:00:00,-2.5531616,-3.1065369,276.63437,103005.34,52.0,4.25
2023-01-28 01:00:00,-2.5955505,-3.1210785,276.63226,103025.08,52.0,4.25
2023-01-28 02:00:00,-2.5978394,-2.878128,276.10895,102990.3,52.0,4.25
2023-01-28 03:00:00,-2.3477173,-2.8368378,276.19727,103024.31,52.0,4.25
2023-01-28 04:00:00,-1.8983612,-2.8601685,275.8697,103042.85,52.0,4.25
2023-01-28 05:00:00,-1.517395,-2.8065643,275.6276,103037.08,52.0,4.25
2023-01-28 06:00:00,-1.3717651,-2.5048523,275.5399,103031.89,52.0,4.25
2023-01-28 07:00:00,-1.1009369,-2.354126,275.80078,103051.57,52.0,4.25
2023-01-28 08:00:00,-1.126648,-2.4344025,275.62305,103105.445,52.0,4.25
2023-01-28 09:00:00,-1.3401337,-2.2907104,276.0224,103146.516,52.0,4.25
2023-01-28 10:00:00,-1.1420593,-3.0061035,276.89105,103190.734,52.0,4.25
2023-01-28 11:00:00,-1.3768005,-3.0529938,277.3426,103155.68,52.0,4.25
2023-01-28 12:00:00,-1.3882599,-1.4568634,277.7422,103093.875,52.0,4.25
2023-01-28 13:00:00,-0.79263306,-0.7215729,278.16895,103052.2,52.0,4.25
2023-01-28 14:00:00,0.0640564,-0.19795227,278.38647,102997.22,52.0,4.25
2023-01-28 15:00:00,1.1313171,-1.2160645,278.15466,103057.68,52.0,4.25
2023-01-28 16:00:00,1.3843842,-0.46183777,277.58203,103091.92,52.0,4.25
2023-01-28 17:00:00,1.8062744,0.81170654,276.96008,103063.31,52.0,4.25
2023-01-28 18:00:00,2.6176453,1.8445435,277.08792,103065.4,52.0,4.25
2023-01-28 19:00:00,3.1066742,2.0514526,276.93808,103132.16,52.0,4.25
2023-01-28 20:00:00,3.49617,2.6535492,276.43732,103116.25,52.0,4.25
2023-01-28 21:00:00,3.6808777,3.1869965,276.33472,103107.72,52.0,4.25
2023-01-28 22:00:00,4.556061,2.9436798,276.16156,103099.125,52.0,4.25
2023-01-28 23:00:00,4.846817,3.3206482,276.10443,103057.625,52.0,4.25
2023-01-29 00:00:00,5.139923,3.68898,276.22546,103007.28,52.0,4.25
2023-01-29 01:00:00,5.7130737,3.1344757,276.61655,102993.766,52.0,4.25
2023-01-29 02:00:00,5.780899,3.3852234,276.49286,102958.97,52.0,4.25
2023-01-29 03:00:00,5.6131744,3.6792145,276.75458,102953.97,52.0,4.25
2023-01-29 04:00:00,5.5907288,4.3780975,276.9479,102903.84,52.0,4.25
2023-01-29 05:00:00,5.648651,4.4032135,276.98428,102859.08,52.0,4.25
2023-01-29 06:00:00,5.5919495,4.7027893,277.0819,102819.766,52.0,4.25
2023-01-29 07:00:00,5.4219513,5.7221375,277.41464,102782.22,52.0,4.25
2023-01-29 08:00:00,5.4906006,6.2286224,277.53033,102791.06,52.0,4.25
2023-01-29 09:00:00,5.854294,6.8567657,277.80573,102735.54,52.0,4.25
2023-01-29 10:00:00,5.9732666,6.856613,277.6106,102715.97,52.0,4.25
2023-01-29 11:00:00,6.4851837,6.788101,277.859,102665.14,52.0,4.25
2023-01-29 12:00:00,7.1346283,6.402191,278.21182,102575.04,52.0,4.25
2023-01-29 13:00:00,8.726303,5.8953705,278.37866,102448.09,52.0,4.25
2023-01-29 14:00:00,9.269974,5.6373444,278.61597,102348.5,52.0,4.25
2023-01-29 15:00:00,9.588821,5.271927,278.88943,102288.5,52.0,4.25
2023-01-29 16:00:00,8.915466,5.644409,279.02637,102243.71,52.0,4.25
2023-01-29 17:00:00,8.799637,5.8901825,279.1088,102211.516,52.0,4.25
2023-01-29 18:00:00,9.136093,6.163742,279.21332,102140.47,52.0,4.25
2023-01-29 19:00:00,9.544357,6.044571,279.37576,102055.71,52.0,4.25
2023-01-29 20:00:00,11.011414,4.397888,279.2885,102016.32,52.0,4.25
2023-01-29 21:00:00,11.539932,3.0944214,279.60205,101969.44,52.0,4.25
2023-01-29 22:00:00,12.035629,2.7142944,280.27414,101915.305,52.0,4.25
2023-01-29 23:00:00,12.327179,3.6039429,280.1895,101837.414,52.0,4.25
2023-01-30 00:00:00,13.06102,2.8276215,280.16705,101773.17,52.0,4.25
2023-01-30 01:00:00,13.259766,1.9472351,280.375,101721.5,52.0,4.25
2023-01-30 02:00:00,13.326141,1.9053497,280.52045,101665.41,52.0,4.25
2023-01-30 03:00:00,13.893204,0.3295288,280.94708,101623.125,52.0,4.25
2023-01-30 04:00:00,14.554642,-3.3777313,281.46228,101635.75,52.0,4.25
2023-01-30 05:00:00,13.434097,-5.636139,281.36285,101643.59,52.0,4.25
2023-01-30 06:00:00,12.958618,-6.2117004,280.70117,101668.08,52.0,4.25
2023-01-30 07:00:00,13.330185,-4.9326324,280.04858,101707.58,52.0,4.25
2023-01-30 08:00:00,14.049866,-3.6548004,280.2334,101762.91,52.0,4.25
2023-01-30 09:00:00,14.5634,-3.6157684,280.56677,101828.42,52.0,4.25
2023-01-30 10:00:00,12.994598,-4.924286,280.92645,101902.28,52.0,4.25
2023-01-30 11:00:00,13.221466,-5.6660004,280.96854,101932.23,52.0,4.25
2023-01-30 12:00:00,12.758713,-6.3795013,281.13736,101965.64,52.0,4.25
2023-01-30 13:00:00,11.768112,-7.828369,281.28772,101993.516,52.0,4.25
2023-01-30 14:00:00,10.134811,-7.9729004,281.28745,102072.14,52.0,4.25
2023-01-30 15:00:00,9.517151,-8.759705,281.09412,102155.04,52.0,4.25
2023-01-30 16:00:00,8.36879,-8.877487,280.63257,102246.55,52.0,4.25
2023-01-30 17:00:00,7.136856,-8.856674,280.30035,102347.4,52.0,4.25
2023-01-30 18:00:00,6.256958,-8.095337,279.9668,102413.55,52.0,4.25
2023-01-30 19:00:00,5.6090546,-6.9076996,279.5582,102489.32,52.0,4.25
2023-01-30 20:00:00,5.5384827,-5.6601257,279.16455,102546.39,52.0,4.25
2023-01-30 21:00:00,5.8993683,-4.0057373,278.87317,102552.89,52.0,4.25
2023-01-30 22:00:00,6.762558,-2.2611237,278.20813,102555.3,52.0,4.25
2023-01-30 23:00:00,8.125671,-0.1084137,278.23285,102524.78,52.0,4.25
2023-01-31 00:00:00,8.525345,1.4416199,278.40198,102454.36,52.0,4.25
2023-01-31 01:00:00,8.776978,2.3008118,278.3973,102409.06,52.0,4.25
2023-01-31 02:00:00,8.908676,2.9688873,278.68704,102374.91,52.0,4.25
2023-01-31 03:00:00,9.641037,3.8178406,278.85565,102360.734,52.0,4.25
2023-01-31 04:00:00,10.246719,4.270874,279.033,102308.67,52.0,4.25
2023-01-31 05:00:00,11.006699,4.1635284,279.38293,102262.29,52.0,4.25
2023-01-31 06:00:00,11.381958,3.9509125,279.69427,102210.57,52.0,4.25
2023-01-31 07:00:00,11.223419,4.13266,279.81256,102171.34,52.0,4.25
2023-01-31 08:00:00,11.563263,3.9652405,279.83774,102142.62,52.0,4.25
2023-01-31 09:00:00,12.003952,3.7747498,280.0464,102085.7,52.0,4.25
2023-01-31 10:00:00,12.380066,2.8711853,280.73627,102087.25,52.0,4.25
2023-01-31 11:00:00,13.636658,1.8049316,281.056,102068.445,52.0,4.25
2023-01-31 12:00:00,13.076874,0.22813416,281.15308,102053.33,52.0,4.25
2023-01-31 13:00:00,11.653076,0.84684753,281.11554,102005.41,52.0,4.25
2023-01-31 14:00:00,12.21907,0.46421814,281.69272,102028.66,52.0,4.25
2023-01-31 15:00:00,13.117615,-1.6521149,281.6665,102072.875,52.0,4.25
2023-01-31 16:00:00,11.9142,-3.5052185,281.49094,102114.67,52.0,4.25
2023-01-31 17:00:00,10.725998,-3.3252869,281.01965,102149.625,52.0,4.25
2023-01-31 18:00:00,10.552765,-1.9745483,280.68573,102116.11,52.0,4.25
2023-01-31 19:00:00,11.250748,-2.3208313,280.4478,102169.71,52.0,4.25
2023-01-31 20:00:00,11.027222,-1.6407318,279.98694,102145.92,52.0,4.25
2023-01-31 21:00:00,11.16304,-0.68995667,279.86926,102118.2,52.0,4.25
2023-01-31 22:00:00,11.929779,-0.42852783,280.0066,102096.97,52.0,4.25
2023-01-31 23:00:00,13.072861,-0.5977936,280.26437,102079.08,52.0,4.25
2023-02-01 00:00:00,13.733459,-0.7308502,280.34845,102026.95,52.0,4.25
2023-02-01 01:00:00,14.362122,-1.8684998,280.20093,102001.91,52.0,4.25
2023-02-01 02:00:00,14.926651,-1.3167267,280.12402,101966.78,52.0,4.25
2023-02-01 03:00:00,15.243759,-0.42819214,280.23163,101940.45,52.0,4.25
2023-02-01 04:00:00,15.113358,0.54615784,280.1875,101912.96,52.0,4.25
2023-02-01 05:00:00,14.985458,0.69999695,280.18097,101918.836,52.0,4.25
2023-02-01 06:00:00,15.04245,0.093673706,280.08344,101938.02,52.0,4.25
2023-02-01 07:00:00,14.392456,0.8308716,280.17676,101937.42,52.0,4.25
2023-02-01 08:00:00,14.509369,1.9551392,280.0802,101967.85,52.0,4.25
2023-02-01 09:00:00,14.418747,2.951065,280.3803,101914.62,52.0,4.25
2023-02-01 10:00:00,13.69017,2.7123566,280.55444,101952.086,52.0,4.25
2023-02-01 11:00:00,15.570038,2.3595886,280.9306,101928.91,52.0,4.25
2023-02-01 12:00:00,15.452744,2.1649628,280.95276,101903.484,52.0,4.25
2023-02-01 13:00:00,16.094193,0.97036743,281.28815,101876.625,52.0,4.25
2023-02-01 14:00:00,15.533447,-0.41149902,281.3996,101898.31,52.0,4.25
2023-02-01 15:00:00,14.94664,-0.97662354,281.38168,101911.58,52.0,4.25
2023-02-01 16:00:00,14.428284,-1.1414032,281.34283,101935.89,52.0,4.25
2023-02-01 17:00:00,13.979095,-1.9689789,281.75458,101984.875,52.0,4.25
2023-02-01 18:00:00,13.336685,-2.8294373,281.64618,102028.125,52.0,4.25
2023-02-01 19:00:00,12.884354,-3.1618042,281.6111,102042.63,52.0,4.25
2023-02-01 20:00:00,12.846909,-3.0614166,281.3844,102071.02,52.0,4.25
2023-02-01 21:00:00,12.658493,-3.159851,281.46173,102089.61,52.0,4.25
2023-02-01 22:00:00,12.181076,-4.8164062,281.6526,102132.625,52.0,4.25
2023-02-01 23:00:00,11.589706,-3.8214722,281.64575,102149.266,52.0,4.25
2023-02-02 00:00:00,11.579407,-2.9918518,281.6491,102156.03,52.0,4.25
2023-02-02 01:00:00,11.375473,-2.3126984,281.51294,102181.59,52.0,4.25
2023-02-02 02:00:00,11.508911,-1.5519104,281.49164,102172.65,52.0,4.25
2023-02-02 03:00:00,12.46991,-1.4798279,281.59756,102191.41,52.0,4.25
2023-02-02 04:00:00,13.194611,-2.34198,281.53265,102212.57,52.0,4.25
2023-02-02 05:00:00,12.614578,-2.6645355,281.60364,102216.08,52.0,4.25
2023-02-02 06:00:00,12.001755,-2.1949005,281.60117,102195.44,52.0,4.25
2023-02-02 07:00:00,12.336502,-2.374405,281.5718,102273.92,52.0,4.25
2023-02-02 08:00:00,11.893417,-2.5433197,281.4829,102327.08,52.0,4.25
2023-02-02 09:00:00,11.213501,-1.9208527,281.5088,102352.21,52.0,4.25
2023-02-02 10:00:00,9.442032,-1.4198303,281.73886,102442.94,52.0,4.25
2023-02-02 11:00:00,9.415726,-0.14730835,281.95367,102473.03,52.0,4.25
2023-02-02 12:00:00,9.752396,0.96836853,281.4913,102454.98,52.0,4.25
2023-02-02 13:00:00,10.457428,1.316803,281.34888,102410.26,52.0,4.25
2023-02-02 14:00:00,10.90097,1.2917175,281.36896,102445.016,52.0,4.25
2023-02-02 15:00:00,11.266205,1.4184265,281.41034,102442.6,52.0,4.25
2023-02-02 16:00:00,11.26442,1.7393646,281.50098,102482.375,52.0,4.25
2023-02-02 17:00:00,11.104919,1.6343842,281.86005,102506.516,52.0,4.25
2023-02-02 18:00:00,10.888977,2.0934143,282.05798,102510.59,52.0,4.25
2023-02-02 19:00:00,10.909683,3.144333,282.18127,102498.266,52.0,4.25
2023-02-02 20:00:00,11.734924,3.1986694,282.2492,102506.75,52.0,4.25
2023-02-02 21:00:00,12.750381,2.2197266,282.15784,102545.06,52.0,4.25
2023-02-02 22:00:00,13.02034,2.1113434,282.16272,102527.83,52.0,4.25
2023-02-02 23:00:00,12.789917,2.9092255,281.89276,102479.73,52.0,4.25
2023-02-03 00:00:00,12.947464,3.4646301,281.88498,102465.97,52.0,4.25
2023-02-03 01:00:00,13.600311,2.232666,282.08115,102501.04,52.0,4.25
2023-02-03 02:00:00,13.540604,1.9423828,282.37036,102490.836,52.0,4.25
2023-02-03 03:00:00,13.417114,2.4279938,282.28876,102453.47,52.0,4.25
2023-02-03 04:00:00,13.722931,2.073532,282.2544,102451.66,52.0,4.25
2023-02-03 05:00:00,13.768143,1.7754822,282.1493,102486.45,52.0,4.25
2023-02-03 06:00:00,13.645569,1.343338,282.01898,102473.64,52.0,4.25
2023-02-03 07:00:00,13.468384,0.70303345,282.09125,102504.72,52.0,4.25
2023-02-03 08:00:00,13.620529,0.048919678,282.29138,102541.98,52.0,4.25
2023-02-03 09:00:00,13.617615,-0.5171051,282.4438,102603.68,52.0,4.25
2023-02-03 10:00:00,13.13504,-1.8574219,282.55524,102677.734,52.0,4.25
2023-02-03 11:00:00,12.436386,-2.706314,282.5949,102720.67,52.0,4.25
2023-02-03 12:00:00,11.5238495,-3.4135895,282.64087,102749.39,52.0,4.25
2023-02-03 13:00:00,10.823776,-4.024765,282.62933,102756.09,52.0,4.25
2023-02-03 14:00:00,10.252106,-4.927719,282.5901,102797.82,52.0,4.25
2023-02-03 15:00:00,8.6762085,-5.885208,282.45923,102830.516,52.0,4.25
2023-02-03 16:00:00,6.864685,-6.1452484,282.22186,102852.625,52.0,4.25
2023-02-03 17:00:00,5.807144,-5.6383514,281.82812,102961.08,52.0,4.25
2023-02-03 18:00:00,4.64946,-5.334366,281.68707,103041.55,52.0,4.25
2023-02-03 19:00:00,3.7198792,-5.0618896,281.7334,103116.14,52.0,4.25
2023-02-03 20:00:00,3.665451,-4.3573,281.5678,103171.445,52.0,4.25
2023-02-03 21:00:00,4.013794,-3.4785156,281.27744,103173.836,52.0,4.25
2023-02-03 22:00:00,4.1452484,-4.095459,281.02322,103213.63,52.0,4.25
2023-02-03 23:00:00,4.3118134,-4.187973,280.77185,103262.47,52.0,4.25
2023-02-04 00:00:00,3.8148499,-4.4078674,280.92032,103336.98,52.0,4.25
2023-02-04 01:00:00,3.017746,-4.546219,280.7175,103335.69,52.0,4.25
2023-02-04 02:00:00,2.21875,-4.466156,280.51688,103376.67,52.0,4.25
2023-02-04 03:00:00,1.5749664,-3.9776764,280.49118,103415.125,52.0,4.25
2023-02-04 04:00:00,1.3581238,-3.2765503,280.33215,103423.69,52.0,4.25
2023-02-04 05:00:00,1.3572235,-2.5467072,279.96976,103471.06,52.0,4.25
2023-02-04 06:00:00,1.5676727,-1.7675781,280.1137,103482.33,52.0,4.25
2023-02-04 07:00:00,1.5758972,-1.1426697,280.00928,103527.61,52.0,4.25
2023-02-04 08:00:00,1.311203,-0.7170868,280.28955,103576.72,52.0,4.25
2023-02-04 09:00:00,0.72976685,-0.3058014,280.76364,103639.016,52.0,4.25
2023-02-04 10:00:00,0.5430908,-0.33790588,281.183,103682.38,52.0,4.25
2023-02-04 11:00:00,0.73521423,-0.17304993,281.61667,103697.24,52.0,4.25
2023-02-04 12:00:00,1.0700684,0.049575806,281.83087,103697.59,52.0,4.25
2023-02-04 13:00:00,1.6016083,0.3122406,281.9124,103694.09,52.0,4.25
2023-02-04 14:00:00,2.285141,0.24949646,282.12738,103678.61,52.0,4.25
2023-02-04 15:00:00,2.753769,-0.029006958,281.95963,103674.05,52.0,4.25
2023-02-04 16:00:00,3.2745361,-0.17971802,281.38727,103701.69,52.0,4.25
2023-02-04 17:00:00,4.1052856,-0.5765991,281.13464,103754.1,52.0,4.25
2023-02-04 18:00:00,4.628418,-0.6538391,280.5392,103780.39,52.0,4.25
2023-02-04 19:00:00,4.9957886,-0.5727997,280.2543,103778.96,52.0,4.25
2023-02-04 20:00:00,5.3358307,-0.8248749,280.25916,103797.36,52.0,4.25
2023-02-04 21:00:00,5.0219116,-0.95591736,280.41302,103774.25,52.0,4.25
2023-02-04 22:00:00,6.0360565,-1.5229645,280.76135,103795.03,52.0,4.25
2023-02-04 23:00:00,5.9924164,-2.7053833,280.95544,103794.21,52.0,4.25
2023-02-05 00:00:00,5.5196075,-2.0524902,281.1726,103728.484,52.0,4.25
2023-02-05 01:00:00,6.4360504,-1.7600555,281.1526,103702.26,52.0,4.25
2023-02-05 02:00:00,7.0102844,-0.82432556,281.00836,103671.92,52.0,4.25
2023-02-05 03:00:00,8.016449,-0.5566559,280.60828,103644.41,52.0,4.25
2023-02-05 04:00:00,8.360123,-4.885559,280.90695,103685.83,52.0,4.25
2023-02-05 05:00:00,3.7326355,-11.807739,280.7482,103707.484,52.0,4.25
2023-02-05 06:00:00,2.6383362,-13.288528,279.92828,103821.99,52.0,4.25
2023-02-05 07:00:00,3.3608856,-12.9483795,279.69653,103896.586,52.0,4.25
2023-02-05 08:00:00,3.455719,-12.786667,279.826,104009.93,52.0,4.25
2023-02-05 09:00:00,2.874405,-12.892044,280.3858,104065.55,52.0,4.25
2023-02-05 10:00:00,1.588089,-12.476898,280.5802,104099.586,52.0,4.25
2023-02-05 11:00:00,1.3530426,-12.62117,280.96945,104108.125,52.0,4.25
2023-02-05 12:00:00,0.76930237,-12.21463,281.06714,104139.36,52.0,4.25
2023-02-05 13:00:00,0.3308258,-11.394516,281.1483,104098.85,52.0,4.25
2023-02-05 14:00:00,0.2373352,-11.917969,280.97363,104165.86,52.0,4.25
2023-02-05 15:00:00,0.07324219,-11.201462,280.74857,104176.19,52.0,4.25
2023-02-05 16:00:00,-0.16915894,-10.645248,280.2226,104223.45,52.0,4.25
2023-02-05 17:00:00,-1.1355896,-9.9045105,279.6786,104296.7,52.0,4.25
2023-02-05 18:00:00,-1.7045746,-8.637131,279.35333,104295.53,52.0,4.25
2023-02-05 19:00:00,-1.6082458,-8.663712,279.07446,104356.51,52.0,4.25
2023-02-05 20:00:00,-2.3467712,-8.007065,278.66397,104366.14,52.0,4.25
2023-02-05 21:00:00,-2.7374115,-7.232666,278.0976,104364.92,52.0,4.25
2023-02-05 22:00:00,-2.9923553,-6.224518,277.6616,104401.91,52.0,4.25
2023-02-05 23:00:00,-2.871933,-5.9264984,277.64697,104399.68,52.0,4.25
2023-02-06 00:00:00,-2.2838593,-5.587158,277.4121,104385.56,52.0,4.25
2023-02-06 01:00:00,-1.8505096,-5.422531,277.13303,104386.41,52.0,4.25
2023-02-06 02:00:00,-2.08992,-4.465988,276.2428,104382.92,52.0,4.25
2023-02-06 03:00:00,-2.2979736,-3.5480194,275.7351,104331.7,52.0,4.25
2023-02-06 04:00:00,-1.9079895,-3.3641968,275.81683,104327.86,52.0,4.25
2023-02-06 05:00:00,-1.3305359,-3.7269287,275.53525,104358.69,52.0,4.25
2023-02-06 06:00:00,-1.311615,-3.5592804,275.36673,104326.75,52.0,4.25
2023-02-06 07:00:00,-1.6301117,-2.6486206,275.75836,104320.2,52.0,4.25
2023-02-06 08:00:00,-0.8317261,-1.9636688,276.21512,104290.62,52.0,4.25
2023-02-06 09:00:00,-0.005218506,-1.5990753,277.24228,104249.78,52.0,4.25
2023-02-06 10:00:00,0.6079407,-1.2415161,279.238,104226.516,52.0,4.25
2023-02-06 11:00:00,0.59684753,-0.96539307,280.22385,104205.59,52.0,4.25
2023-02-06 12:00:00,-0.46731567,-1.4629211,280.7635,104180.33,52.0,4.25
2023-02-06 13:00:00,-1.3764648,-1.6185303,280.9482,104121.19,52.0,4.25
2023-02-06 14:00:00,-1.4828339,-1.8552399,280.94702,104068.86,52.0,4.25
2023-02-06 15:00:00,-2.0962982,-1.7758636,280.61774,104075.94,52.0,4.25
2023-02-06 16:00:00,-3.022766,-1.1704865,279.75934,104070.56,52.0,4.25
2023-02-06 17:00:00,-3.384674,-0.42276,278.3611,104092.78,52.0,4.25
2023-02-06 18:00:00,-3.0035858,0.41012573,276.98645,104073.56,52.0,4.25
2023-02-06 19:00:00,-3.417511,1.3914642,276.0246,104066.98,52.0,4.25
2023-02-06 20:00:00,-3.1892242,2.0647278,275.23535,104031.805,52.0,4.25
2023-02-06 21:00:00,-2.4409485,1.7987823,275.28485,104000.92,52.0,4.25
2023-02-06 22:00:00,-2.0148773,2.3067017,274.58954,104018.35,52.0,4.25
2023-02-06 23:00:00,-1.2398224,1.4718018,275.26794,104004.14,52.0,4.25
2023-02-07 00:00:00,-0.39950562,0.10758972,273.8376,103989.83,52.0,4.25
2023-02-07 01:00:00,-1.4272308,-0.7850342,272.93982,103972.78,52.0,4.25
2023-02-07 02:00:00,-3.401184,0.22421265,273.3035,103981.86,52.0,4.25
2023-02-07 03:00:00,-3.8960114,1.6487427,273.7292,103974.914,52.0,4.25
2023-02-07 04:00:00,-3.7170105,2.437027,273.5102,103950.42,52.0,4.25
2023-02-07 05:00:00,-3.5382233,2.6007538,273.5713,103958.36,52.0,4.25
2023-02-07 06:00:00,-3.2291565,2.6212769,273.34827,103976.85,52.0,4.25
2023-02-07 07:00:00,-3.1064453,3.004593,272.85352,103989.53,52.0,4.25
2023-02-07 08:00:00,-2.7685394,3.1076355,272.56836,104029.48,52.0,4.25
2023-02-07 09:00:00,-2.170807,2.967453,273.47803,104054.266,52.0,4.25
2023-02-07 10:00:00,-1.6074066,2.68779,274.4135,104034.734,52.0,4.25
2023-02-07 11:00:00,-1.2055054,2.0949402,275.4936,104039.06,52.0,4.25
2023-02-07 12:00:00,-0.6645508,1.3379822,276.44476,104043.36,52.0,4.25
2023-02-07 13:00:00,-0.7243042,0.5950775,277.27698,103953.44,52.0,4.25
2023-02-07 14:00:00,-1.3557129,0.76649475,277.84665,103938.016,52.0,4.25
2023-02-07 15:00:00,-2.048584,1.2575378,277.99622,103945.53,52.0,4.25
2023-02-07 16:00:00,-2.2389374,1.5366058,277.47186,103933.516,52.0,4.25
2023-02-07 17:00:00,-2.0950928,1.3311005,275.9483,103936.734,52.0,4.25
2023-02-07 18:00:00,-2.4528809,1.5289001,274.59265,103955.69,52.0,4.25
2023-02-07 19:00:00,-3.2617493,2.4615936,273.89346,103975.41,52.0,4.25
2023-02-07 20:00:00,-3.377777,3.1221924,273.45013,103967.86,52.0,4.25
2023-02-07 21:00:00,-2.5567932,2.8726196,272.60413,103957.016,52.0,4.25
2023-02-07 22:00:00,-1.8993988,2.0394287,272.2309,103919.78,52.0,4.25
2023-02-07 23:00:00,-1.5520325,1.5224152,271.70142,103908.17,52.0,4.25
2023-02-08 00:00:00,-1.9260864,1.4042664,271.60284,103895.95,52.0,4.25
2023-02-08 01:00:00,-2.4842987,1.3159485,271.498,103880.375,52.0,4.25
2023-02-08 02:00:00,-3.0361633,1.9083557,271.55573,103858.72,52.0,4.25
2023-02-08 03:00:00,-2.8965302,2.6375275,271.3476,103830.234,52.0,4.25
2023-02-08 04:00:00,-2.4825897,2.8862915,270.97028,103840.33,52.0,4.25
2023-02-08 05:00:00,-2.09375,2.8791504,270.76215,103805.66,52.0,4.25
2023-02-08 06:00:00,-2.3656464,3.2936401,270.96033,103761.44,52.0,4.25
2023-02-08 07:00:00,-2.9013367,4.0959625,270.81033,103788.66,52.0,4.25
2023-02-08 08:00:00,-2.457199,4.343933,271.164,103780.97,52.0,4.25
2023-02-08 09:00:00,-1.819046,4.2426453,273.03394,103760.44,52.0,4.25
2023-02-08 10:00:00,-1.148529,3.7319336,275.02295,103753.92,52.0,4.25
2023-02-08 11:00:00,-0.9771881,3.8530273,276.69427,103735.63,52.0,4.25
2023-02-08 12:00:00,-1.088974,4.021042,278.08673,103711.83,52.0,4.25
2023-02-08 13:00:00,-1.1901398,3.9364471,279.18634,103603.33,52.0,4.25
2023-02-08 14:00:00,-0.959198,3.7987213,279.66785,103518.875,52.0,4.25
2023-02-08 15:00:00,-1.1525726,4.0616913,279.89148,103463.89,52.0,4.25
2023-02-08 16:00:00,-1.7354431,4.990738,279.21942,103370.984,52.0,4.25
2023-02-08 17:00:00,-1.7820587,5.641617,277.71576,103382.65,52.0,4.25
2023-02-08 18:00:00,-1.5247192,6.4319305,276.37045,103313.99,52.0,4.25
2023-02-08 19:00:00,-1.1407471,7.2764435,275.57257,103269.734,52.0,4.25
2023-02-08 20:00:00,-0.08337402,7.12912,274.94,103278.94,52.0,4.25
2023-02-08 21:00:00,0.98420715,6.8217163,274.4868,103291.2,52.0,4.25
2023-02-08 22:00:00,1.782074,7.0232544,273.909,103192.27,52.0,4.25
2023-02-08 23:00:00,2.7953033,7.133316,273.78104,103153.69,52.0,4.25
2023-02-09 00:00:00,3.666275,7.3697357,273.987,103142.88,52.0,4.25
2023-02-09 01:00:00,3.8815918,7.8862305,273.745,103117.68,52.0,4.25
2023-02-09 02:00:00,3.8802643,8.312836,273.73322,103068.78,52.0,4.25
2023-02-09 03:00:00,3.915802,8.53331,273.7375,103039.1,52.0,4.25
2023-02-09 04:00:00,4.3191223,8.101898,273.5975,102993.41,52.0,4.25
2023-02-09 05:00:00,4.924362,7.300583,273.58868,103012.86,52.0,4.25
2023-02-09 06:00:00,5.1140137,6.559799,273.5329,103029.71,52.0,4.25
2023-02-09 07:00:00,5.1081543,6.238968,273.70087,103049.35,52.0,4.25
2023-02-09 08:00:00,5.17424,5.9742584,274.03436,103088.31,52.0,4.25
2023-02-09 09:00:00,5.226898,5.423294,275.21536,103093.67,52.0,4.25
2023-02-09 10:00:00,5.734619,2.9259644,276.9491,103112.67,52.0,4.25
2023-02-09 11:00:00,5.6480713,1.7203369,278.315,103145.58,52.0,4.25
2023-02-09 12:00:00,5.8511047,0.33953857,279.39963,103150.91,52.0,4.25
2023-02-09 13:00:00,5.444641,-0.7943115,279.62708,103132.61,52.0,4.25
2023-02-09 14:00:00,4.78981,-0.95591736,279.45627,103136.45,52.0,4.25
2023-02-09 15:00:00,4.9385376,-1.4705658,279.51697,103185.06,52.0,4.25
2023-02-09 16:00:00,4.798767,-1.5456848,279.54327,103242.88,52.0,4.25
2023-02-09 17:00:00,4.8046875,-1.7997894,279.37152,103308.14,52.0,4.25
2023-02-09 18:00:00,4.8915253,-2.007248,278.5011,103387.69,52.0,4.25
2023-02-09 19:00:00,4.6894836,-1.3881683,276.85944,103423.61,52.0,4.25
2023-02-09 20:00:00,5.0387726,-0.6844635,275.84,103494.11,52.0,4.25
2023-02-09 21:00:00,5.507843,0.021438599,275.9366,103506.766,52.0,4.25
2023-02-09 22:00:00,6.689804,0.38754272,275.73593,103538.805,52.0,4.25
2023-02-09 23:00:00,6.99765,0.75683594,275.6416,103542.49,52.0,4.25
2023-02-10 00:00:00,7.068512,1.2731628,275.28937,103557.72,52.0,4.25
2023-02-10 01:00:00,6.8008575,2.0015106,275.3783,103532.5,52.0,4.25
2023-02-10 02:00:00,6.624939,2.0217743,275.07745,103560.16,52.0,4.25
2023-02-10 03:00:00,6.5520325,1.9356537,274.82492,103591.93,52.0,4.25
2023-02-10 04:00:00,6.198639,2.280136,274.94382,103589.09,52.0,4.25
2023-02-10 05:00:00,5.8047943,3.1906738,275.1129,103574.2,52.0,4.25
2023-02-10 06:00:00,5.8587646,3.5698395,275.16504,103602.34,52.0,4.25
2023-02-10 07:00:00,5.7243195,3.8394623,275.3252,103602.625,52.0,4.25
2023-02-10 08:00:00,5.6513367,4.2816772,275.60718,103646.875,52.0,4.25
2023-02-10 09:00:00,5.162796,4.5569305,276.21536,103658.16,52.0,4.25
2023-02-10 10:00:00,4.5391083,4.5399323,277.21512,103685.29,52.0,4.25
2023-02-10 11:00:00,5.2318726,4.957733,278.43124,103651.625,52.0,4.25
2023-02-10 12:00:00,6.088623,4.814987,279.77567,103636.8,52.0,4.25
2023-02-10 13:00:00,7.850403,4.6720276,280.62262,103585.984,52.0,4.25
2023-02-10 14:00:00,8.960602,4.753479,280.7879,103542.11,52.0,4.25
2023-02-10 15:00:00,7.857132,4.6122284,280.49805,103512.8,52.0,4.25
2023-02-10 16:00:00,7.9860077,5.604126,280.08594,103490.94,52.0,4.25
2023-02-10 17:00:00,8.41922,6.214966,279.76547,103455.36,52.0,4.25
2023-02-10 18:00:00,9.303696,5.8216248,280.0092,103468.625,52.0,4.25
2023-02-10 19:00:00,9.931915,5.1573486,280.30884,103458.56,52.0,4.25
2023-02-10 20:00:00,10.065292,4.126053,280.2706,103464.195,52.0,4.25
2023-02-10 21:00:00,9.688644,3.563568,280.13477,103471.46,52.0,4.25
2023-02-10 22:00:00,9.477341,2.651245,280.10303,103472.86,52.0,4.25
2023-02-10 23:00:00,9.211853,2.6800842,280.0412,103453.36,52.0,4.25
2023-02-11 00:00:00,8.850647,2.8311157,280.21893,103412.0,52.0,4.25
2023-02-11 01:00:00,8.758865,2.5364227,280.0769,103388.27,52.0,4.25
2023-02-11 02:00:00,8.548538,1.9767303,280.07156,103390.805,52.0,4.25
2023-02-11 03:00:00,8.207275,2.1415863,280.18,103359.0,52.0,4.25
2023-02-11 04:00:00,8.155609,2.1388702,280.00742,103327.195,52.0,4.25
2023-02-11 05:00:00,8.281937,1.5799713,280.07983,103364.39,52.0,4.25
2023-02-11 06:00:00,8.3606415,0.9784088,280.09717,103360.45,52.0,4.25
2023-02-11 07:00:00,8.275986,0.8587494,280.02707,103356.91,52.0,4.25
2023-02-11 08:00:00,8.2341,0.7715759,280.22974,103420.28,52.0,4.25
2023-02-11 09:00:00,8.250336,0.29434204,280.8911,103455.14,52.0,4.25
2023-02-11 10:00:00,8.052856,-1.2857361,281.4972,103497.14,52.0,4.25
2023-02-11 11:00:00,7.0773773,-1.6647491,281.83014,103557.03,52.0,4.25
2023-02-11 12:00:00,6.4424896,-1.7465668,281.8966,103592.92,52.0,4.25
2023-02-11 13:00:00,6.072647,-1.8026886,281.87622,103568.54,52.0,4.25
2023-02-11 14:00:00,5.530197,-1.4265289,281.8723,103561.01,52.0,4.25
2023-02-11 15:00:00,5.1834564,-1.209671,281.62457,103564.57,52.0,4.25
2023-02-11 16:00:00,5.2738037,-0.65963745,281.10577,103596.46,52.0,4.25
2023-02-11 17:00:00,5.654831,-0.28227234,280.3963,103618.2,52.0,4.25
2023-02-11 18:00:00,5.8114014,-0.07824707,280.06226,103661.43,52.0,4.25
2023-02-11 19:00:00,5.72818,-0.07424927,279.72324,103727.24,52.0,4.25
2023-02-11 20:00:00,5.5994263,-0.08987427,279.6037,103763.75,52.0,4.25
2023-02-11 21:00:00,5.172104,-0.05317688,279.76483,103789.36,52.0,4.25
2023-02-11 22:00:00,3.8042145,-0.5735779,280.09277,103837.72,52.0,4.25
2023-02-11 23:00:00,3.3239594,-0.09246826,279.70667,103842.53,52.0,4.25
2023-02-12 00:00:00,3.216278,-0.085113525,279.73328,103843.87,52.0,4.25
2023-02-12 01:00:00,3.15654,-0.2544403,279.2144,103848.7,52.0,4.25
2023-02-12 02:00:00,3.0466614,-0.40852356,279.56177,103847.92,52.0,4.25
2023-02-12 03:00:00,3.0180511,-0.6047821,279.4206,103819.375,52.0,4.25
2023-02-12 04:00:00,2.835144,-0.61938477,279.3592,103814.734,52.0,4.25
2023-02-12 05:00:00,2.7509613,-0.2618103,279.4572,103845.66,52.0,4.25
2023-02-12 06:00:00,3.0036774,-0.25453186,279.8361,103853.43,52.0,4.25
2023-02-12 07:00:00,2.9418793,-0.41104126,279.93253,103875.38,52.0,4.25
2023-02-12 08:00:00,2.6896057,-0.5765991,280.05865,103917.78,52.0,4.25
2023-02-12 09:00:00,2.074707,-0.5840912,280.52188,103939.58,52.0,4.25
2023-02-12 10:00:00,0.71051025,-0.14804077,280.837,103974.53,52.0,4.25
2023-02-12 11:00:00,0.033599854,0.24597168,281.15326,103959.664,52.0,4.25
2023-02-12 12:00:00,-0.12005615,0.8438721,281.45883,103952.07,52.0,4.25
2023-02-12 13:00:00,-0.078063965,1.4964905,281.69067,103894.766,52.0,4.25
2023-02-12 14:00:00,-0.06265259,1.6796265,281.53418,103865.54,52.0,4.25
2023-02-12 15:00:00,-0.048217773,1.6028595,281.32306,103826.266,52.0,4.25
2023-02-12 16:00:00,-0.13999939,1.14711,281.07874,103809.3,52.0,4.25
2023-02-12 17:00:00,-0.44924927,0.82785034,281.35638,103813.97,52.0,4.25
2023-02-12 18:00:00,-0.9741211,0.43348694,281.06552,103824.08,52.0,4.25
2023-02-12 19:00:00,-1.7641754,0.102005005,280.826,103827.42,52.0,4.25
2023-02-12 20:00:00,-2.4515076,-0.23617554,280.79633,103821.914,52.0,4.25
2023-02-12 21:00:00,-2.8777313,-0.5168762,280.40024,103846.08,52.0,4.25
2023-02-12 22:00:00,-3.1783142,-0.7445679,280.34235,103820.61,52.0,4.25
2023-02-12 23:00:00,-3.872757,-0.45393372,280.23453,103793.36,52.0,4.25
2023-02-13 00:00:00,-4.4694824,-0.19117737,280.24902,103758.83,52.0,4.25
2023-02-13 01:00:00,-4.6432495,0.1398468,280.0393,103732.58,52.0,4.25
2023-02-13 02:00:00,-4.8339386,0.7762909,279.72864,103725.375,52.0,4.25
2023-02-13 03:00:00,-4.794235,1.476593,279.37323,103674.66,52.0,4.25
2023-02-13 04:00:00,-4.5420837,2.3487396,279.0376,103667.82,52.0,4.25
2023-02-13 05:00:00,-4.1677246,3.197754,278.872,103652.25,52.0,4.25
2023-02-13 06:00:00,-3.472641,3.872284,278.57526,103632.36,52.0,4.25
2023-02-13 07:00:00,-2.8497314,4.0481873,278.17444,103664.0,52.0,4.25
2023-02-13 08:00:00,-2.3403168,4.0956116,277.68964,103697.67,52.0,4.25
2023-02-13 09:00:00,-1.8013458,3.7822113,278.76288,103683.95,52.0,4.25
2023-02-13 10:00:00,-2.2121735,2.3675537,280.12524,103698.55,52.0,4.25
2023-02-13 11:00:00,-2.213562,2.241684,281.37494,103665.625,52.0,4.25
2023-02-13 12:00:00,-2.3943024,2.341034,282.27142,103639.72,52.0,4.25
2023-02-13 13:00:00,-2.4763947,2.5086517,282.96503,103574.03,52.0,4.25
2023-02-13 14:00:00,-2.4388275,2.549881,283.4569,103531.54,52.0,4.25
2023-02-13 15:00:00,-2.3446045,2.7567291,283.68774,103485.266,52.0,4.25
2023-02-13 16:00:00,-2.6119537,2.9924316,283.38153,103476.88,52.0,4.25
2023-02-13 17:00:00,-2.949295,3.7579498,281.91577,103468.664,52.0,4.25
2023-02-13 18:00:00,-2.9714355,4.4696198,280.16437,103484.29,52.0,4.25
2023-02-13 19:00:00,-2.5070038,4.97847,279.20062,103496.305,52.0,4.25
2023-02-13 20:00:00,-1.9534149,5.14534,278.35318,103485.96,52.0,4.25
2023-02-13 21:00:00,-1.4288177,5.085602,277.47632,103491.98,52.0,4.25
2023-02-13 22:00:00,-1.1822052,4.505234,276.49692,103481.92,52.0,4.25
2023-02-13 23:00:00,-0.64694214,4.319931,276.1027,103460.984,52.0,4.25
2023-02-14 00:00:00,0.16627502,4.4014435,275.91595,103442.66,52.0,4.25
2023-02-14 01:00:00,0.91615295,4.5426025,275.5113,103412.39,52.0,4.25
2023-02-14 02:00:00,1.2709503,4.5058746,275.43097,103398.15,52.0,4.25
2023-02-14 03:00:00,1.3935394,4.5196075,275.127,103365.16,52.0,4.25
2023-02-14 04:00:00,1.1927643,4.5854645,274.8797,103364.125,52.0,4.25
2023-02-14 05:00:00,0.7142639,4.9104004,274.98413,103345.56,52.0,4.25
2023-02-14 06:00:00,0.6086731,5.2584534,274.7378,103340.3,52.0,4.25
2023-02-14 07:00:00,0.99134827,5.3812866,274.71118,103356.96,52.0,4.25
2023-02-14 08:00:00,1.3550262,5.1801453,275.18427,103375.48,52.0,4.25
2023-02-14 09:00:00,1.0867615,4.4980774,277.4289,103352.266,52.0,4.25
2023-02-14 10:00:00,0.4413452,3.4218903,279.69073,103343.84,52.0,4.25
2023-02-14 11:00:00,0.42720032,2.9422455,281.43262,103320.766,52.0,4.25
2023-02-14 12:00:00,0.36479187,2.5207062,282.74152,103267.734,52.0,4.25
2023-02-14 13:00:00,0.7079315,2.1721954,283.514,103191.97,52.0,4.25
2023-02-14 14:00:00,1.2714233,1.5553436,283.85837,103155.664,52.0,4.25
2023-02-14 15:00:00,1.2158661,0.9347992,283.7176,103133.44,52.0,4.25
2023-02-14 16:00:00,0.3981018,0.85697937,283.3073,103095.695,52.0,4.25
2023-02-14 17:00:00,-0.48814392,1.373764,282.45996,103071.28,52.0,4.25
2023-02-14 18:00:00,-0.9633789,2.0628662,279.8715,103081.336,52.0,4.25
2023-02-14 19:00:00,-1.049408,2.4911346,277.9533,103060.4,52.0,4.25
2023-02-14 20:00:00,-0.9432678,2.8322754,276.70667,103031.0,52.0,4.25
2023-02-14 21:00:00,-0.86335754,3.010086,275.81714,103002.06,52.0,4.25
2023-02-14 22:00:00,-0.6988983,2.0913086,274.97845,102961.13,52.0,4.25
2023-02-14 23:00:00,-0.6605835,2.051834,274.30548,102922.24,52.0,4.25
2023-02-15 00:00:00,-1.0300598,2.3590698,273.83752,102902.63,52.0,4.25
2023-02-15 01:00:00,-1.1427002,2.7592926,273.8719,102849.016,52.0,4.25
2023-02-15 02:00:00,-1.0962524,3.1433105,273.57825,102806.64,52.0,4.25
2023-02-15 03:00:00,-1.2391968,3.6568756,273.5741,102739.92,52.0,4.25
2023-02-15 04:00:00,-1.3750763,4.3665466,273.78705,102675.39,52.0,4.25
2023-02-15 05:00:00,-1.6037903,5.2422943,273.63055,102645.39,52.0,4.25
2023-02-15 06:00:00,-1.5956726,6.0173492,273.9591,102600.055,52.0,4.25
2023-02-15 07:00:00,-0.93655396,6.6337433,273.911,102604.08,52.0,4.25
2023-02-15 08:00:00,-0.17915344,6.8365326,274.80444,102577.97,52.0,4.25
2023-02-15 09:00:00,0.8362732,6.716751,276.6704,102555.86,52.0,4.25
2023-02-15 10:00:00,1.5309906,5.9312134,279.0945,102544.28,52.0,4.25
2023-02-15 11:00:00,2.0331116,5.5738525,280.8274,102519.95,52.0,4.25
2023-02-15 12:00:00,2.8867645,5.189575,282.23047,102490.94,52.0,4.25
2023-02-15 13:00:00,3.5531158,4.6690216,282.89835,102427.836,52.0,4.25
2023-02-15 14:00:00,3.6202698,4.6120453,283.09076,102395.53,52.0,4.25
2023-02-15 15:00:00,3.3290558,5.3848114,283.0241,102363.45,52.0,4.25
2023-02-15 16:00:00,3.3013916,6.453308,282.497,102349.97,52.0,4.25
2023-02-15 17:00:00,4.1027527,6.8813934,281.97214,102344.54,52.0,4.25
2023-02-15 18:00:00,4.819397,7.046753,281.11426,102363.55,52.0,4.25
2023-02-15 19:00:00,5.408661,7.199707,280.93637,102348.125,52.0,4.25
2023-02-15 20:00:00,6.4485626,6.9948883,280.62256,102360.15,52.0,4.25
2023-02-15 21:00:00,6.861603,6.8542023,280.28192,102356.6,52.0,4.25
2023-02-15 22:00:00,7.2465515,7.226288,280.13507,102343.016,52.0,4.25
2023-02-15 23:00:00,7.2514496,7.0786133,279.8216,102317.0,52.0,4.25
2023-02-16 00:00:00,7.4276733,6.8148804,279.78873,102313.64,52.0,4.25
2023-02-16 01:00:00,7.519409,6.2411804,279.63074,102322.336,52.0,4.25
2023-02-16 02:00:00,7.1661377,5.8873596,279.54916,102274.984,52.0,4.25
2023-02-16 03:00:00,6.3300476,6.1576996,279.9929,102223.05,52.0,4.25
2023-02-16 04:00:00,6.136429,6.2189636,280.2737,102206.0,52.0,4.25
2023-02-16 05:00:00,6.121765,5.9538116,280.3169,102198.92,52.0,4.25
2023-02-16 06:00:00,6.1120605,5.77359,280.37982,102216.02,52.0,4.25
2023-02-16 07:00:00,5.57724,6.1340637,280.47455,102215.484,52.0,4.25
2023-02-16 08:00:00,4.806534,6.344162,280.5927,102243.26,52.0,4.25
2023-02-16 09:00:00,4.60672,6.6443787,280.8313,102219.5,52.0,4.25
2023-02-16 10:00:00,3.6685333,6.4705353,281.0091,102242.99,52.0,4.25
2023-02-16 11:00:00,3.085083,7.217285,281.53876,102238.09,52.0,4.25
2023-02-16 12:00:00,2.7412415,7.53244,282.47717,102188.47,52.0,4.25
2023-02-16 13:00:00,3.908554,8.5807495,283.08313,102115.33,52.0,4.25
2023-02-16 14:00:00,5.7356415,8.802734,283.339,102057.45,52.0,4.25
2023-02-16 15:00:00,6.6558533,8.772263,283.19568,101979.93,52.0,4.25
2023-02-16 16:00:00,7.5225983,8.500473,282.7901,101993.734,52.0,4.25
2023-02-16 17:00:00,8.067017,8.395233,282.55957,101941.375,52.0,4.25
2023-02-16 18:00:00,8.767899,8.107788,282.54675,101931.53,52.0,4.25
2023-02-16 19:00:00,9.282883,7.32428,282.61707,101914.86,52.0,4.25
2023-02-16 20:00:00,9.47403,6.7382965,282.71295,101930.65,52.0,4.25
2023-02-16 21:00:00,9.666336,6.5212097,282.90564,101907.766,52.0,4.25
2023-02-16 22:00:00,10.393753,5.3105316,282.76025,101918.67,52.0,4.25
2023-02-16 23:00:00,10.65892,5.098419,282.7641,101894.7,52.0,4.25
2023-02-17 00:00:00,10.3476715,5.598938,282.66327,101900.47,52.0,4.25
2023-02-17 01:00:00,10.601486,6.2675934,282.5661,101861.03,52.0,4.25
2023-02-17 02:00:00,11.097519,6.2326202,282.36993,101849.12,52.0,4.25
2023-02-17 03:00:00,10.8845825,6.6410522,282.4281,101792.22,52.0,4.25
2023-02-17 04:00:00,11.495773,6.6512604,282.5532,101735.55,52.0,4.25
2023-02-17 05:00:00,12.097443,6.3650208,282.7563,101744.84,52.0,4.25
2023-02-17 06:00:00,12.3446045,6.888138,282.94376,101701.87,52.0,4.25
2023-02-17 07:00:00,12.662735,7.129776,283.07648,101681.43,52.0,4.25
2023-02-17 08:00:00,13.158081,7.393326,283.17743,101710.51,52.0,4.25
2023-02-17 09:00:00,13.547165,7.540344,283.16907,101727.35,52.0,4.25
2023-02-17 10:00:00,13.279312,6.751709,283.6643,101783.66,52.0,4.25
2023-02-17 11:00:00,13.5156555,6.6367035,283.568,101832.11,52.0,4.25
2023-02-17 12:00:00,14.120499,6.0331573,283.70377,101879.375,52.0,4.25
2023-02-17 13:00:00,13.462952,5.4661255,283.70087,101896.664,52.0,4.25
2023-02-17 14:00:00,13.978958,5.3085785,283.99988,101937.56,52.0,4.25
2023-02-17 15:00:00,14.545822,4.9217224,283.98502,101951.33,52.0,4.25
2023-02-17 16:00:00,13.924316,4.2583923,283.8416,102018.94,52.0,4.25
2023-02-17 17:00:00,13.120331,3.4869995,283.578,102067.555,52.0,4.25
2023-02-17 18:00:00,12.293915,2.7797546,283.36566,102139.945,52.0,4.25
2023-02-17 19:00:00,11.632431,1.8694763,283.1449,102222.125,52.0,4.25
2023-02-17 20:00:00,10.595825,1.6443481,283.02515,102262.11,52.0,4.25
2023-02-17 21:00:00,9.771194,1.9669037,282.7528,102254.58,52.0,4.25
2023-02-17 22:00:00,8.951218,2.30513,282.69458,102299.91,52.0,4.25
2023-02-17 23:00:00,8.782715,2.77359,282.73627,102267.0,52.0,4.25
2023-02-18 00:00:00,9.188141,3.7901459,282.7339,102197.516,52.0,4.25
2023-02-18 01:00:00,9.663071,4.504669,282.90674,102129.89,52.0,4.25
2023-02-18 02:00:00,10.352539,5.234909,282.87018,102080.53,52.0,4.25
2023-02-18 03:00:00,10.732544,6.0489044,282.78754,101962.016,52.0,4.25
2023-02-18 04:00:00,11.365067,6.6026764,282.8261,101886.8,52.0,4.25
2023-02-18 05:00:00,12.798492,5.895523,282.96558,101839.8,52.0,4.25
2023-02-18 06:00:00,13.9062805,5.3818054,282.88187,101784.99,52.0,4.25
2023-02-18 07:00:00,14.47139,5.8422394,282.6317,101799.85,52.0,4.25
2023-02-18 08:00:00,14.416016,6.00029,282.67773,101787.57,52.0,4.25
2023-02-18 09:00:00,14.517807,4.9103394,282.74698,101823.11,52.0,4.25
2023-02-18 10:00:00,13.248413,3.2626038,282.8609,101865.16,52.0,4.25
2023-02-18 11:00:00,13.345627,3.5776215,283.3723,101906.625,52.0,4.25
2023-02-18 12:00:00,13.095322,3.7872772,283.72705,101902.375,52.0,4.25
2023-02-18 13:00:00,12.623886,3.65625,284.05682,101890.914,52.0,4.25
2023-02-18 14:00:00,11.906311,3.2947235,283.91455,101906.78,52.0,4.25
2023-02-18 15:00:00,12.334991,3.285675,283.83112,101879.01,52.0,4.25
2023-02-18 16:00:00,11.6082,3.4324493,283.27066,101874.04,52.0,4.25
2023-02-18 17:00:00,11.361664,3.771469,282.82825,101884.44,52.0,4.25
2023-02-18 18:00:00,10.958191,4.202759,282.7599,101872.0,52.0,4.25
2023-02-18 19:00:00,10.787064,4.270111,282.74927,101873.0,52.0,4.25
2023-02-18 20:00:00,10.952911,3.9109192,282.7959,101811.06,52.0,4.25
2023-02-18 21:00:00,11.409882,2.9187317,282.69583,101804.2,52.0,4.25
2023-02-18 22:00:00,11.633804,1.8949127,282.7738,101792.3,52.0,4.25
2023-02-18 23:00:00,12.147766,0.28611755,282.6093,101793.95,52.0,4.25
2023-02-19 00:00:00,11.173294,-0.58758545,282.6449,101802.836,52.0,4.25
2023-02-19 01:00:00,11.826675,-1.190155,282.43988,101810.08,52.0,4.25
2023-02-19 02:00:00,12.050186,-1.9786224,282.44507,101848.95,52.0,4.25
2023-02-19 03:00:00,12.096146,-2.3833618,282.34735,101887.91,52.0,4.25
2023-02-19 04:00:00,11.767929,-2.4458618,282.35315,101913.586,52.0,4.25
2023-02-19 05:00:00,11.203629,-3.069641,282.15674,101985.36,52.0,4.25
2023-02-19 06:00:00,10.748398,-4.0839996,281.88724,102062.16,52.0,4.25
2023-02-19 07:00:00,9.583679,-4.7532043,281.65643,102132.53,52.0,4.25
2023-02-19 08:00:00,7.2906494,-4.9109497,281.43823,102217.13,52.0,4.25
2023-02-19 09:00:00,6.004944,-5.183075,281.42368,102335.45,52.0,4.25
2023-02-19 10:00:00,4.81015,-4.510269,281.7967,102389.68,52.0,4.25
2023-02-19 11:00:00,4.13002,-4.1017,281.86215,102476.44,52.0,4.25
2023-02-19 12:00:00,4.836334,-3.4324036,281.7094,102478.695,52.0,4.25
2023-02-19 13:00:00,5.4460907,-4.4679413,281.45966,102565.58,52.0,4.25
2023-02-19 14:00:00,5.078888,-3.9624176,280.9928,102595.09,52.0,4.25
2023-02-19 15:00:00,5.724777,-2.9907227,280.76465,102567.555,52.0,4.25
2023-02-19 16:00:00,5.8596344,-2.893692,280.3378,102643.414,52.0,4.25
2023-02-19 17:00:00,5.797699,-1.6001282,279.71484,102665.94,52.0,4.25
2023-02-19 18:00:00,5.7772217,0.8474579,279.2116,102624.27,52.0,4.25
2023-02-19 19:00:00,5.397827,2.973297,278.79584,102650.81,52.0,4.25
2023-02-19 20:00:00,6.0950775,4.793442,278.87506,102648.03,52.0,4.25
2023-02-19 21:00:00,6.7953186,5.887665,279.18933,102595.39,52.0,4.25
2023-02-19 22:00:00,7.995163,6.494156,279.40768,102577.82,52.0,4.25
2023-02-19 23:00:00,8.590485,6.6266785,279.80176,102553.09,52.0,4.25
2023-02-20 00:00:00,8.891052,6.8213654,280.20557,102480.6,52.0,4.25
2023-02-20 01:00:00,9.452347,6.8040466,280.0221,102404.0,52.0,4.25
2023-02-20 02:00:00,10.289429,6.329956,280.0644,102357.92,52.0,4.25
2023-02-20 03:00:00,10.634842,5.701996,280.27542,102299.77,52.0,4.25
2023-02-20 04:00:00,11.097763,4.8786316,280.71667,102273.25,52.0,4.25
2023-02-20 05:00:00,11.599487,4.287262,280.8669,102277.016,52.0,4.25
2023-02-20 06:00:00,11.914795,4.1025085,280.9729,102270.03,52.0,4.25
2023-02-20 07:00:00,11.916916,4.210312,281.00546,102253.98,52.0,4.25
2023-02-20 08:00:00,11.734985,4.817993,281.1577,102274.95,52.0,4.25
2023-02-20 09:00:00,12.344742,5.5982513,281.46796,102243.97,52.0,4.25
2023-02-20 10:00:00,11.647476,5.2798157,281.5514,102280.03,52.0,4.25
2023-02-20 11:00:00,11.7304535,5.987961,281.60083,102273.375,52.0,4.25
2023-02-20 12:00:00,11.301331,6.1836853,281.70987,102220.72,52.0,4.25
2023-02-20 13:00:00,11.264023,6.1164856,281.76495,102191.75,52.0,4.25
2023-02-20 14:00:00,10.8741455,5.7295837,281.8097,102162.38,52.0,4.25
2023-02-20 15:00:00,10.523041,5.385803,281.80035,102114.05,52.0,4.25
2023-02-20 16:00:00,10.425186,5.5192413,281.74173,102103.71,52.0,4.25
2023-02-20 17:00:00,10.244324,5.7021027,281.66132,102093.2,52.0,4.25
2023-02-20 18:00:00,9.981995,5.9507904,281.69635,102094.82,52.0,4.25
2023-02-20 19:00:00,9.901566,5.744995,281.8432,102092.17,52.0,4.25
2023-02-20 20:00:00,10.087784,5.28183,281.90103,102083.91,52.0,4.25
2023-02-20 21:00:00,10.2057495,4.7388,281.8073,102069.11,52.0,4.25
2023-02-20 22:00:00,9.912048,3.9249878,281.64728,102040.52,52.0,4.25
2023-02-20 23:00:00,9.725952,3.4255524,281.72797,102048.484,52.0,4.25
2023-02-21 00:00:00,9.355423,3.0061798,281.7337,102044.984,52.0,4.25
2023-02-21 01:00:00,9.116653,2.4541168,281.75433,102036.91,52.0,4.25
2023-02-21 02:00:00,8.515823,1.9116516,281.51526,102017.95,52.0,4.25
2023-02-21 03:00:00,7.863373,2.0379028,281.4827,101981.06,52.0,4.25
2023-02-21 04:00:00,7.329361,2.3204193,281.38654,101972.5,52.0,4.25
2023-02-21 05:00:00,7.0124817,2.4640656,281.26788,101959.77,52.0,4.25
2023-02-21 06:00:00,6.5024567,2.430313,281.17938,101946.47,52.0,4.25
2023-02-21 07:00:00,5.8635254,2.351715,281.15402,101949.31,52.0,4.25
2023-02-21 08:00:00,5.1964874,2.4504242,281.18146,101971.414,52.0,4.25
2023-02-21 09:00:00,4.4686127,2.4022522,281.31613,101965.0,52.0,4.25
2023-02-21 10:00:00,4.760605,2.43898,281.3961,101968.16,52.0,4.25
2023-02-21 11:00:00,4.81546,2.854538,281.3,101949.63,52.0,4.25
2023-02-21 12:00:00,4.662552,2.9777832,281.2362,101917.14,52.0,4.25
2023-02-21 13:00:00,4.5456085,3.1557617,280.90067,101864.766,52.0,4.25
2023-02-21 14:00:00,3.971634,2.9090881,280.71014,101840.27,52.0,4.25
2023-02-21 15:00:00,3.0724335,2.615509,280.6187,101779.78,52.0,4.25
2023-02-21 16:00:00,2.615158,2.9205322,280.41406,101763.52,52.0,4.25
2023-02-21 17:00:00,2.28331,3.0118866,280.6621,101749.055,52.0,4.25
2023-02-21 18:00:00,1.4488983,3.0050354,280.74414,101725.68,52.0,4.25
2023-02-21 19:00:00,0.5925751,3.2154236,280.80466,101707.484,52.0,4.25
2023-02-21 20:00:00,-0.027938843,3.6638184,280.6563,101672.266,52.0,4.25
2023-02-21 21:00:00,-0.8604584,3.761139,280.39038,101632.766,52.0,4.25
2023-02-21 22:00:00,-1.837265,3.7539062,279.66327,101603.03,52.0,4.25
2023-02-21 23:00:00,-2.4028168,3.7130737,279.3124,101545.91,52.0,4.25
2023-02-22 00:00:00,-2.1725616,4.4436493,279.1673,101541.66,52.0,4.25
2023-02-22 01:00:00,-1.8536835,5.011963,279.11365,101483.36,52.0,4.25
2023-02-22 02:00:00,-2.1746979,4.8933716,278.84467,101417.22,52.0,4.25
2023-02-22 03:00:00,-2.439911,4.6391754,278.43036,101349.28,52.0,4.25
2023-02-22 04:00:00,-2.9092407,4.80542,278.2401,101283.945,52.0,4.25
2023-02-22 05:00:00,-2.7989655,5.00531,278.00278,101240.83,52.0,4.25
2023-02-22 06:00:00,-3.2058868,5.616455,277.8593,101168.805,52.0,4.25
2023-02-22 07:00:00,-2.446869,5.307831,277.75482,101119.5,52.0,4.25
2023-02-22 08:00:00,-1.0317078,4.4388275,277.7795,101165.82,52.0,4.25
2023-02-22 09:00:00,-0.16616821,3.9096985,278.17944,101170.34,52.0,4.25
2023-02-22 10:00:00,-0.34713745,4.142227,279.21912,101130.65,52.0,4.25
2023-02-22 11:00:00,0.79600525,4.354965,280.83087,101109.945,52.0,4.25
2023-02-22 12:00:00,2.4373322,3.8246918,281.97705,101071.25,52.0,4.25
2023-02-22 13:00:00,3.974945,3.5071106,282.52704,101059.766,52.0,4.25
2023-02-22 14:00:00,5.133713,3.4385223,282.42468,101070.18,52.0,4.25
2023-02-22 15:00:00,6.143158,2.4960022,281.8588,101101.04,52.0,4.25
2023-02-22 16:00:00,5.988083,1.2276764,281.19037,101129.91,52.0,4.25
2023-02-22 17:00:00,5.2363434,0.5756378,280.5609,101168.47,52.0,4.25
2023-02-22 18:00:00,4.6145325,0.34802246,280.2721,101200.69,52.0,4.25
2023-02-22 19:00:00,3.9733887,0.12535095,280.26758,101204.336,52.0,4.25
2023-02-22 20:00:00,3.7427216,0.011016846,280.24268,101210.19,52.0,4.25
2023-02-22 21:00:00,3.2924652,0.26106262,280.24023,101230.74,52.0,4.25
2023-02-22 22:00:00,3.4614105,-1.4598999,280.05368,101268.625,52.0,4.25
2023-02-22 23:00:00,2.4830933,-1.8388519,279.9776,101267.44,52.0,4.25
2023-02-23 00:00:00,2.4684143,-2.0664673,280.01514,101272.125,52.0,4.25
2023-02-23 01:00:00,2.6836395,-2.4124298,280.07788,101298.125,52.0,4.25
2023-02-23 02:00:00,1.9953308,-2.2843628,280.14215,101306.016,52.0,4.25
2023-02-23 03:00:00,1.4911346,-2.159958,280.13284,101301.64,52.0,4.25
2023-02-23 04:00:00,1.3134308,-2.399994,280.17743,101314.81,52.0,4.25
2023-02-23 05:00:00,1.6770782,-2.485962,280.18237,101351.914,52.0,4.25
2023-02-23 06:00:00,1.8081207,-2.8059082,280.01425,101371.64,52.0,4.25
2023-02-23 07:00:00,1.6325531,-3.61792,280.13538,101425.88,52.0,4.25
2023-02-23 08:00:00,1.4355927,-4.305023,280.357,101520.695,52.0,4.25
2023-02-23 09:00:00,0.94898987,-4.359009,280.4898,101562.09,52.0,4.25
2023-02-23 10:00:00,0.34805298,-4.0492096,281.1862,101629.94,52.0,4.25
2023-02-23 11:00:00,0.9319458,-3.953247,281.37402,101661.58,52.0,4.25
2023-02-23 12:00:00,1.2261353,-4.412918,281.48285,101674.79,52.0,4.25
2023-02-23 13:00:00,0.95536804,-5.2591553,281.65533,101662.29,52.0,4.25
2023-02-23 14:00:00,0.29711914,-6.229706,281.32108,101665.984,52.0,4.25
2023-02-23 15:00:00,-0.17372131,-6.742157,281.05106,101679.484,52.0,4.25
2023-02-23 16:00:00,-0.7398834,-7.770981,280.53644,101707.7,52.0,4.25
2023-02-23 17:00:00,-1.7644958,-8.274551,280.03418,101750.28,52.0,4.25
2023-02-23 18:00:00,-2.1739807,-7.745346,279.63617,101795.5,52.0,4.25
2023-02-23 19:00:00,-2.0637512,-6.650543,278.97156,101804.65,52.0,4.25
2023-02-23 20:00:00,-1.4360962,-6.1656647,278.1344,101814.555,52.0,4.25
2023-02-23 21:00:00,-0.9941406,-5.214981,277.45697,101793.02,52.0,4.25
2023-02-23 22:00:00,0.4328308,-4.6169586,276.59634,101807.984,52.0,4.25
2023-02-23 23:00:00,1.5380707,-4.4141083,276.09558,101749.734,52.0,4.25
2023-02-24 00:00:00,2.699295,-3.717331,276.16003,101690.0,52.0,4.25
2023-02-24 01:00:00,3.6271515,-2.1643372,276.08844,101614.836,52.0,4.25
2023-02-24 02:00:00,4.9892273,-1.1625366,276.56836,101514.3,52.0,4.25
2023-02-24 03:00:00,6.6879272,-0.5905762,277.28253,101424.945,52.0,4.25
2023-02-24 04:00:00,7.4232483,-1.090271,277.48956,101347.61,52.0,4.25
2023-02-24 05:00:00,7.5691986,-0.65042114,277.54242,101259.29,52.0,4.25
2023-02-24 06:00:00,7.9951935,0.48135376,277.68256,101170.37,52.0,4.25
2023-02-24 07:00:00,8.588562,1.383667,277.9578,101079.29,52.0,4.25
2023-02-24 08:00:00,9.338135,1.4887543,278.46725,101045.42,52.0,4.25
2023-02-24 09:00:00,9.98941,0.48646545,278.9345,100950.15,52.0,4.25
2023-02-24 10:00:00,10.184113,-1.0135651,279.7256,100895.66,52.0,4.25
2023-02-24 11:00:00,10.256241,-3.504715,279.98596,100847.83,52.0,4.25
2023-02-24 12:00:00,8.053101,-5.554245,280.6357,100793.336,52.0,4.25
2023-02-24 13:00:00,6.7554626,-6.4624023,281.0619,100717.33,52.0,4.25
2023-02-24 14:00:00,6.40213,-8.459335,280.76428,100693.625,52.0,4.25
2023-02-24 15:00:00,6.0519867,-9.817764,280.36386,100682.875,52.0,4.25
2023-02-24 16:00:00,4.8372955,-10.101181,279.807,100671.1,52.0,4.25
2023-02-24 17:00:00,3.9662323,-10.040375,279.3305,100703.8,52.0,4.25
2023-02-24 18:00:00,3.6851654,-9.626663,279.18845,100741.19,52.0,4.25
2023-02-24 19:00:00,3.33992,-9.857864,278.86655,100787.4,52.0,4.25
2023-02-24 20:00:00,3.1260223,-10.093323,278.76498,100814.84,52.0,4.25
2023-02-24 21:00:00,3.3803558,-10.19664,278.63965,100835.42,52.0,4.25
2023-02-24 22:00:00,3.340973,-10.671204,278.35605,100889.98,52.0,4.25
2023-02-24 23:00:00,3.6304321,-10.532471,278.3038,100894.03,52.0,4.25
2023-02-25 00:00:00,3.1136627,-10.56192,278.27875,100934.78,52.0,4.25
2023-02-25 01:00:00,2.9391937,-10.349091,278.25748,100954.34,52.0,4.25
2023-02-25 02:00:00,3.0373688,-10.365509,278.38614,100925.28,52.0,4.25
2023-02-25 03:00:00,2.604538,-10.758591,278.55197,100957.19,52.0,4.25
2023-02-25 04:00:00,2.0327606,-11.166763,278.62708,100969.586,52.0,4.25
2023-02-25 05:00:00,1.5572968,-10.688217,278.44122,101002.67,52.0,4.25
2023-02-25 06:00:00,1.3918152,-10.796814,278.3173,101006.625,52.0,4.25
2023-02-25 07:00:00,0.91192627,-11.138611,278.24606,101049.086,52.0,4.25
2023-02-25 08:00:00,0.5207672,-10.91571,278.47357,101100.766,52.0,4.25
2023-02-25 09:00:00,-0.5758972,-11.2951355,279.02875,101144.51,52.0,4.25
2023-02-25 10:00:00,-2.1630096,-9.833298,279.3392,101219.45,52.0,4.25
2023-02-25 11:00:00,-3.218216,-8.185394,279.454,101281.92,52.0,4.25
2023-02-25 12:00:00,-3.608673,-7.4260864,279.4348,101298.81,52.0,4.25
2023-02-25 13:00:00,-4.1989136,-8.264099,279.677,101370.72,52.0,4.25
2023-02-25 14:00:00,-4.042053,-8.148407,279.32657,101384.4,52.0,4.25
2023-02-25 15:00:00,-3.778061,-8.333939,279.10223,101431.8,52.0,4.25
2023-02-25 16:00:00,-3.8168335,-8.787247,278.6839,101529.39,52.0,4.25
2023-02-25 17:00:00,-3.8195496,-8.483337,277.94385,101600.56,52.0,4.25
2023-02-25 18:00:00,-4.1336365,-8.026703,277.38892,101666.53,52.0,4.25
2023-02-25 19:00:00,-4.251358,-7.1908417,276.83557,101730.97,52.0,4.25
2023-02-25 20:00:00,-3.980667,-6.3552856,276.5426,101787.53,52.0,4.25
2023-02-25 21:00:00,-3.6332397,-5.6266937,275.70328,101848.0,52.0,4.25
2023-02-25 22:00:00,-2.0739288,-5.199173,274.90018,101892.55,52.0,4.25
2023-02-25 23:00:00,-2.4617615,-5.99823,275.01184,101923.625,52.0,4.25
2023-02-26 00:00:00,-3.6213074,-6.1376343,275.00888,101966.47,52.0,4.25
2023-02-26 01:00:00,-5.489395,-5.9725647,275.42908,102029.3,52.0,4.25
2023-02-26 02:00:00,-6.2082977,-5.6153564,275.50372,102047.58,52.0,4.25
2023-02-26 03:00:00,-6.163498,-6.0541687,275.24835,102111.02,52.0,4.25
2023-02-26 04:00:00,-6.1114044,-6.277252,275.08667,102166.14,52.0,4.25
2023-02-26 05:00:00,-6.249466,-5.994583,275.00525,102246.28,52.0,4.25
2023-02-26 06:00:00,-6.396469,-5.7245026,274.84637,102295.875,52.0,4.25
2023-02-26 07:00:00,-6.4739227,-5.2432556,274.58725,102387.56,52.0,4.25
2023-02-26 08:00:00,-6.4223175,-4.850586,275.47983,102484.25,52.0,4.25
2023-02-26 09:00:00,-5.7861023,-4.3215637,276.45532,102548.01,52.0,4.25
2023-02-26 10:00:00,-5.3343506,-3.6609192,277.2685,102628.69,52.0,4.25
2023-02-26 11:00:00,-5.882721,-4.700241,277.84012,102671.58,52.0,4.25
2023-02-26 12:00:00,-7.291855,-6.980774,278.39203,102686.016,52.0,4.25
2023-02-26 13:00:00,-7.246521,-7.5608673,278.72424,102677.89,52.0,4.25
2023-02-26 14:00:00,-6.947937,-7.4068604,279.02576,102685.75,52.0,4.25
2023-02-26 15:00:00,-6.265671,-7.1039886,278.95544,102694.97,52.0,4.25
2023-02-26 16:00:00,-5.295227,-7.307602,278.7178,102700.234,52.0,4.25
2023-02-26 17:00:00,-4.8155823,-7.937805,278.1104,102746.8,52.0,4.25
2023-02-26 18:00:00,-4.899475,-8.070084,277.40567,102790.586,52.0,4.25
2023-02-26 19:00:00,-5.4055023,-7.8425293,276.97507,102828.445,52.0,4.25
2023-02-26 20:00:00,-5.931076,-6.855789,276.67795,102864.72,52.0,4.25
2023-02-26 21:00:00,-6.1545105,-5.376297,276.60123,102893.19,52.0,4.25
2023-02-26 22:00:00,-6.222046,-4.068039,275.93768,102933.09,52.0,4.25
2023-02-26 23:00:00,-5.8208466,-3.3625946,275.70337,102933.72,52.0,4.25
2023-02-27 00:00:00,-5.3766327,-2.9659119,274.8526,102957.75,52.0,4.25
2023-02-27 01:00:00,-5.0477753,-2.6689606,274.4646,102959.11,52.0,4.25
2023-02-27 02:00:00,-4.7502747,-2.47995,273.88208,102954.28,52.0,4.25
2023-02-27 03:00:00,-4.3950195,-2.9098816,273.586,102953.375,52.0,4.25
2023-02-27 04:00:00,-4.10408,-3.0889282,273.27527,102974.56,52.0,4.25
2023-02-27 05:00:00,-3.9814148,-3.3504028,273.36993,102983.7,52.0,4.25
2023-02-27 06:00:00,-4.1621857,-3.5233307,273.47644,103017.65,52.0,4.25
2023-02-27 07:00:00,-4.401581,-3.1630402,273.1903,103061.64,52.0,4.25
2023-02-27 08:00:00,-4.45105,-2.8120422,275.3238,103118.4,52.0,4.25
2023-02-27 09:00:00,-3.7833405,-2.4114838,276.95673,103140.625,52.0,4.25
2023-02-27 10:00:00,-4.0482025,-2.6512299,277.98157,103152.55,52.0,4.25
2023-02-27 11:00:00,-4.4783936,-3.047699,278.78238,103148.08,52.0,4.25
2023-02-27 12:00:00,-5.58255,-3.9493866,279.08258,103109.81,52.0,4.25
2023-02-27 13:00:00,-5.511017,-4.4181213,279.41852,103066.484,52.0,4.25
2023-02-27 14:00:00,-5.706909,-4.8687286,279.4435,103039.88,52.0,4.25
2023-02-27 15:00:00,-6.4850464,-5.258148,279.33444,103044.29,52.0,4.25
2023-02-27 16:00:00,-6.6726685,-4.983124,279.24603,103052.516,52.0,4.25
2023-02-27 17:00:00,-6.5309753,-5.0186462,278.79456,103059.39,52.0,4.25
2023-02-27 18:00:00,-6.175247,-5.048172,277.83447,103088.28,52.0,4.25
2023-02-27 19:00:00,-6.0331116,-4.9716034,276.99475,103128.84,52.0,4.25
2023-02-27 20:00:00,-5.890854,-4.641678,276.531,103159.516,52.0,4.25
2023-02-27 21:00:00,-5.7036743,-4.0619965,275.99033,103170.086,52.0,4.25
2023-02-27 22:00:00,-5.649399,-3.9729004,275.68732,103164.195,52.0,4.25
2023-02-27 23:00:00,-5.357605,-3.632141,274.94495,103180.74,52.0,4.25
2023-02-28 00:00:00,-5.141388,-3.4989014,275.04584,103198.13,52.0,4.25
2023-02-28 01:00:00,-4.7451324,-3.070877,275.1169,103188.875,52.0,4.25
2023-02-28 02:00:00,-4.4430695,-2.7093048,275.5726,103182.734,52.0,4.25
2023-02-28 03:00:00,-4.013443,-2.5753784,275.82083,103152.87,52.0,4.25
2023-02-28 04:00:00,-3.5859528,-2.505249,276.0088,103151.72,52.0,4.25
2023-02-28 05:00:00,-3.1571503,-2.3451843,276.03247,103143.84,52.0,4.25
2023-02-28 06:00:00,-3.3109894,-1.868927,275.726,103135.54,52.0,4.25
2023-02-28 07:00:00,-3.8016663,-0.7806854,275.8141,103171.06,52.0,4.25
2023-02-28 08:00:00,-4.0263977,0.54519653,275.816,103179.83,52.0,4.25
2023-02-28 09:00:00,-3.6788483,1.2080231,275.84787,103203.22,52.0,4.25
2023-02-28 10:00:00,-3.384552,1.5341644,275.60376,103194.05,52.0,4.25
2023-02-28 11:00:00,-3.3043976,1.4507599,276.06305,103202.22,52.0,4.25
2023-02-28 12:00:00,-3.0432434,0.64811707,276.8669,103176.01,52.0,4.25
2023-02-28 13:00:00,-3.3047943,-0.34594727,277.73608,103107.516,52.0,4.25
2023-02-28 14:00:00,-4.203903,-0.8436737,278.56732,103086.25,52.0,4.25
2023-02-28 15:00:00,-4.8284607,-1.0428925,278.74292,103072.125,52.0,4.25
2023-02-28 16:00:00,-4.9852295,-1.3328247,278.38635,103056.0,52.0,4.25
2023-02-28 17:00:00,-5.002533,-1.639267,277.4924,103093.08,52.0,4.25
2023-02-28 18:00:00,-4.8113556,-2.0253906,275.8299,103136.51,52.0,4.25
2023-02-28 19:00:00,-4.588669,-2.5152283,274.92432,103182.484,52.0,4.25
2023-02-28 20:00:00,-4.377884,-2.8894043,274.0279,103198.766,52.0,4.25
2023-02-28 21:00:00,-4.3082733,-3.4233704,273.69446,103221.016,52.0,4.25
2023-02-28 22:00:00,-4.7798615,-4.2126617,273.6775,103222.65,52.0,4.25
2023-02-28 23:00:00,-4.61882,-4.523346,273.37518,103207.37,52.0,4.25
2023-03-01 00:00:00,-4.4175415,-4.502411,273.08875,103215.66,52.0,4.25
2023-03-01 01:00:00,-4.3865356,-4.527893,272.9629,103204.04,52.0,4.25
2023-03-01 02:00:00,-4.305832,-4.599457,272.34045,103149.84,52.0,4.25
2023-03-01 03:00:00,-4.6761017,-4.1799774,272.50696,103115.29,52.0,4.25
2023-03-01 04:00:00,-4.909561,-3.652649,272.44177,103068.13,52.0,4.25
2023-03-01 05:00:00,-5.223526,-3.173462,272.29254,103034.62,52.0,4.25
2023-03-01 06:00:00,-5.0806885,-3.1699677,272.00714,103005.42,52.0,4.25
2023-03-01 07:00:00,-5.0684204,-3.3390045,271.85892,102992.336,52.0,4.25
2023-03-01 08:00:00,-4.9879303,-2.8343048,274.002,103007.5,52.0,4.25
2023-03-01 09:00:00,-4.0613556,-2.3542175,275.96515,102993.55,52.0,4.25
2023-03-01 10:00:00,-3.623825,-3.2098236,277.59058,102942.81,52.0,4.25
2023-03-01 11:00:00,-3.9949036,-3.9903564,278.54102,102881.92,52.0,4.25
2023-03-01 12:00:00,-4.7194824,-4.102539,279.00452,102834.67,52.0,4.25
2023-03-01 13:00:00,-5.352051,-3.846054,279.44128,102759.38,52.0,4.25
2023-03-01 14:00:00,-5.720993,-3.5909882,279.69635,102695.05,52.0,4.25
2023-03-01 15:00:00,-5.835861,-3.5564575,279.76874,102624.125,52.0,4.25
2023-03-01 16:00:00,-5.7229767,-3.3579712,279.44373,102556.086,52.0,4.25
2023-03-01 17:00:00,-6.2147675,-3.4778595,278.83215,102556.39,52.0,4.25
2023-03-01 18:00:00,-6.7975006,-3.3770447,277.24008,102594.06,52.0,4.25
2023-03-01 19:00:00,-7.2354126,-2.6345978,276.37616,102609.17,52.0,4.25
2023-03-01 20:00:00,-7.4131317,-2.2817688,275.80737,102606.7,52.0,4.25
2023-03-01 21:00:00,-7.4777527,-3.0215912,275.50446,102627.016,52.0,4.25
2023-03-01 22:00:00,-7.5385284,-4.4584045,275.11902,102593.2,52.0,4.25
2023-03-01 23:00:00,-7.4593506,-4.400528,274.9389,102582.67,52.0,4.25
2023-03-02 00:00:00,-7.3437805,-3.8721313,274.7115,102582.47,52.0,4.25
2023-03-02 01:00:00,-7.3224792,-3.5765076,274.40085,102569.06,52.0,4.25
2023-03-02 02:00:00,-7.314636,-3.7153168,274.0537,102543.31,52.0,4.25
2023-03-02 03:00:00,-7.297516,-4.071167,273.9088,102497.36,52.0,4.25
2023-03-02 04:00:00,-7.349594,-4.235733,273.88742,102475.96,52.0,4.25
2023-03-02 05:00:00,-7.4307556,-4.231369,273.77136,102482.625,52.0,4.25
2023-03-02 06:00:00,-7.3101654,-4.3110504,273.58783,102486.08,52.0,4.25
2023-03-02 07:00:00,-7.0912323,-4.288971,273.6527,102506.36,52.0,4.25
2023-03-02 08:00:00,-6.6079407,-3.8899536,274.4065,102510.52,52.0,4.25
2023-03-02 09:00:00,-6.355484,-3.2262573,275.53204,102530.01,52.0,4.25
2023-03-02 10:00:00,-5.580002,-3.3623962,276.7166,102492.48,52.0,4.25
2023-03-02 11:00:00,-5.3566284,-3.959137,277.7824,102498.25,52.0,4.25
2023-03-02 12:00:00,-5.090317,-4.411743,278.60074,102460.625,52.0,4.25
2023-03-02 13:00:00,-4.9431458,-4.726822,279.7119,102411.11,52.0,4.25
2023-03-02 14:00:00,-4.688568,-5.245468,280.26746,102348.99,52.0,4.25
2023-03-02 15:00:00,-4.526535,-5.8627014,280.27625,102317.53,52.0,4.25
2023-03-02 16:00:00,-4.352051,-6.5060577,279.92776,102315.56,52.0,4.25
2023-03-02 17:00:00,-4.9334564,-7.1754456,279.15857,102373.8,52.0,4.25
2023-03-02 18:00:00,-5.68454,-7.2534027,278.40247,102422.03,52.0,4.25
2023-03-02 19:00:00,-6.2444305,-6.3507996,277.88962,102485.25,52.0,4.25
2023-03-02 20:00:00,-6.2566376,-5.2801666,277.19604,102511.03,52.0,4.25
2023-03-02 21:00:00,-6.0027924,-4.9927673,276.51678,102545.83,52.0,4.25
2023-03-02 22:00:00,-5.3667603,-5.5970154,275.97235,102544.72,52.0,4.25
2023-03-02 23:00:00,-5.2952423,-5.849594,275.59457,102553.984,52.0,4.25
2023-03-03 00:00:00,-5.62204,-5.6348114,275.27573,102567.125,52.0,4.25
2023-03-03 01:00:00,-5.4931793,-5.298874,274.9903,102564.0,52.0,4.25
2023-03-03 02:00:00,-5.3938904,-5.086746,275.05634,102585.03,52.0,4.25
2023-03-03 03:00:00,-5.0953674,-4.7641754,274.84692,102584.375,52.0,4.25
2023-03-03 04:00:00,-4.66066,-4.5264587,275.08038,102604.03,52.0,4.25
2023-03-03 05:00:00,-4.4312897,-4.552124,275.08194,102607.53,52.0,4.25
2023-03-03 06:00:00,-4.2246704,-4.587982,274.96625,102611.0,52.0,4.25
2023-03-03 07:00:00,-4.3767853,-4.412964,275.26593,102649.625,52.0,4.25
2023-03-03 08:00:00,-4.0970764,-3.638916,276.40186,102702.64,52.0,4.25
2023-03-03 09:00:00,-3.956955,-3.398407,277.66675,102733.44,52.0,4.25
2023-03-03 10:00:00,-3.7279053,-3.1144104,278.43753,102766.91,52.0,4.25
2023-03-03 11:00:00,-2.9653168,-3.4351807,279.49365,102768.94,52.0,4.25
2023-03-03 12:00:00,-2.1976929,-3.7393188,280.09723,102753.84,52.0,4.25
2023-03-03 13:00:00,-1.4690704,-4.2866364,280.4339,102702.92,52.0,4.25
2023-03-03 14:00:00,-0.8625488,-5.0359497,280.57812,102692.55,52.0,4.25
2023-03-03 15:00:00,-0.3847351,-5.6990814,280.45624,102682.875,52.0,4.25
2023-03-03 16:00:00,0.018600464,-5.9148407,280.1314,102644.28,52.0,4.25
2023-03-03 17:00:00,0.38191223,-6.1189575,279.59567,102650.53,52.0,4.25
2023-03-03 18:00:00,0.51408386,-6.56723,279.4646,102692.39,52.0,4.25
2023-03-03 19:00:00,0.15429688,-6.86438,279.3161,102710.25,52.0,4.25
2023-03-03 20:00:00,-0.29437256,-6.7383423,279.58783,102734.19,52.0,4.25
2023-03-03 21:00:00,-0.6702728,-6.3855743,279.75992,102743.39,52.0,4.25
2023-03-03 22:00:00,-0.38171387,-5.8932343,279.67044,102769.234,52.0,4.25
2023-03-03 23:00:00,0.08735657,-6.0811462,279.8625,102765.69,52.0,4.25
2023-03-04 00:00:00,0.2581787,-6.4169617,279.93134,102760.54,52.0,4.25
2023-03-04 01:00:00,0.5703125,-6.343979,279.81696,102748.375,52.0,4.25
2023-03-04 02:00:00,0.7581787,-6.4908447,279.7037,102708.31,52.0,4.25
2023-03-04 03:00:00,0.8419647,-6.273758,279.53882,102675.53,52.0,4.25
2023-03-04 04:00:00,1.2167053,-5.892334,279.5362,102656.26,52.0,4.25
2023-03-04 05:00:00,1.4397888,-6.398346,279.55292,102660.67,52.0,4.25
2023-03-04 06:00:00,1.3476562,-6.456238,279.39954,102654.61,52.0,4.25
2023-03-04 07:00:00,1.8934326,-6.1287994,279.37964,102677.45,52.0,4.25
2023-03-04 08:00:00,2.4876862,-6.1370087,279.66144,102723.99,52.0,4.25
2023-03-04 09:00:00,2.9888458,-6.0203247,279.98016,102726.42,52.0,4.25
2023-03-04 10:00:00,2.1846313,-7.230713,280.4077,102703.56,52.0,4.25
2023-03-04 11:00:00,2.1015167,-7.958542,280.42474,102705.484,52.0,4.25
2023-03-04 12:00:00,1.9384613,-7.919052,280.7152,102647.06,52.0,4.25
2023-03-04 13:00:00,1.673111,-7.785492,280.79913,102598.516,52.0,4.25
2023-03-04 14:00:00,1.7325897,-7.6273346,280.67047,102556.14,52.0,4.25
2023-03-04 15:00:00,1.6379852,-7.5016174,280.2069,102521.61,52.0,4.25
2023-03-04 16:00:00,1.5625916,-6.719925,279.8029,102468.46,52.0,4.25
2023-03-04 17:00:00,1.3719025,-6.5426025,279.44162,102484.516,52.0,4.25
2023-03-04 18:00:00,1.3130798,-6.1944733,279.28674,102474.91,52.0,4.25
2023-03-04 19:00:00,1.2697754,-5.9223633,278.95395,102486.336,52.0,4.25
2023-03-04 20:00:00,1.3977509,-5.758972,278.66614,102477.14,52.0,4.25
2023-03-04 21:00:00,1.5320282,-5.6243134,278.35037,102447.16,52.0,4.25
2023-03-04 22:00:00,1.5433044,-5.4842834,278.15094,102441.09,52.0,4.25
2023-03-04 23:00:00,1.8957214,-5.217087,277.74756,102396.77,52.0,4.25
2023-03-05 00:00:00,2.1611023,-5.043335,277.7133,102352.516,52.0,4.25
2023-03-05 01:00:00,2.3791504,-4.551407,277.3051,102269.52,52.0,4.25
2023-03-05 02:00:00,2.8017578,-4.545227,277.01666,102205.0,52.0,4.25
2023-03-05 03:00:00,3.2283173,-4.1752014,276.97705,102149.12,52.0,4.25
2023-03-05 04:00:00,3.5157013,-3.789688,277.11627,102055.28,52.0,4.25
2023-03-05 05:00:00,3.6515503,-3.8478699,277.25702,102004.25,52.0,4.25
2023-03-05 06:00:00,3.6394348,-4.181259,277.34625,101960.39,52.0,4.25
2023-03-05 07:00:00,3.3434906,-4.258774,277.4947,101932.39,52.0,4.25
2023-03-05 08:00:00,2.7896729,-4.3605957,277.8978,101910.19,52.0,4.25
2023-03-05 09:00:00,2.1692047,-4.1809387,278.3775,101870.25,52.0,4.25
2023-03-05 10:00:00,1.6090546,-3.5325012,278.37512,101842.98,52.0,4.25
2023-03-05 11:00:00,2.001999,-2.8266296,278.47897,101789.65,52.0,4.25
2023-03-05 12:00:00,2.501175,-2.2889862,278.5088,101735.33,52.0,4.25
2023-03-05 13:00:00,3.0339203,-1.946701,278.5111,101626.766,52.0,4.25
2023-03-05 14:00:00,3.5459595,-2.0355072,278.46454,101537.04,52.0,4.25
2023-03-05 15:00:00,4.0281525,-2.4459686,278.1147,101461.44,52.0,4.25
2023-03-05 16:00:00,4.2852783,-2.720993,277.7861,101381.016,52.0,4.25
2023-03-05 17:00:00,4.34256,-3.2061768,277.4235,101321.51,52.0,4.25
2023-03-05 18:00:00,3.7950134,-2.9358215,277.19055,101281.31,52.0,4.25
2023-03-05 19:00:00,3.3679047,-2.403366,277.05365,101226.516,52.0,4.25
2023-03-05 20:00:00,3.2377472,-1.8642731,276.73663,101192.87,52.0,4.25
2023-03-05 21:00:00,3.2403717,-1.5497437,276.42725,101118.266,52.0,4.25
2023-03-05 22:00:00,3.9005585,-2.5999603,276.5103,101065.75,52.0,4.25
2023-03-05 23:00:00,3.6122284,-2.513153,276.1182,100977.19,52.0,4.25
2023-03-06 00:00:00,3.7943573,-2.7332306,275.9139,100920.234,52.0,4.25
2023-03-06 01:00:00,4.4496155,-2.9802094,275.74524,100874.11,52.0,4.25
2023-03-06 02:00:00,4.7969513,-3.2342682,275.7367,100824.84,52.0,4.25
2023-03-06 03:00:00,5.1017303,-3.523468,276.09576,100767.7,52.0,4.25
2023-03-06 04:00:00,5.102585,-4.3398743,276.57007,100721.91,52.0,4.25
2023-03-06 05:00:00,4.4058228,-4.690567,276.61096,100649.734,52.0,4.25
2023-03-06 06:00:00,3.4119263,-4.342087,276.92966,100635.875,52.0,4.25
2023-03-06 07:00:00,3.1281128,-3.4101105,276.81744,100636.03,52.0,4.25
2023-03-06 08:00:00,2.954132,-2.3390198,277.80908,100626.34,52.0,4.25
2023-03-06 09:00:00,3.150772,-1.6436768,278.20157,100623.07,52.0,4.25
2023-03-06 10:00:00,4.3545074,0.4655304,278.41364,100630.77,52.0,4.25
2023-03-06 11:00:00,5.7053375,1.6878052,278.79312,100622.31,52.0,4.25
2023-03-06 12:00:00,6.4342194,3.0451965,278.8153,100562.41,52.0,4.25
2023-03-06 13:00:00,7.0730133,4.311203,279.1204,100483.34,52.0,4.25
2023-03-06 14:00:00,7.41597,5.6845093,279.16815,100405.97,52.0,4.25
2023-03-06 15:00:00,7.8018646,6.9514923,278.7801,100337.64,52.0,4.25
2023-03-06 16:00:00,7.4881134,7.1813507,278.40384,100264.44,52.0,4.25
2023-03-06 17:00:00,7.014267,7.1316986,278.3103,100170.83,52.0,4.25
2023-03-06 18:00:00,7.1423645,7.2061157,278.33142,100095.8,52.0,4.25
2023-03-06 19:00:00,9.261383,5.385437,278.40854,100029.02,52.0,4.25
2023-03-06 20:00:00,10.598663,2.742279,278.84143,99954.0,52.0,4.25
2023-03-06 21:00:00,11.570923,0.97416687,278.8881,99902.52,52.0,4.25
2023-03-06 22:00:00,10.803558,-1.005188,278.90085,99901.99,52.0,4.25
2023-03-06 23:00:00,9.917191,-0.7071533,278.81396,99868.25,52.0,4.25
2023-03-07 00:00:00,10.011917,-0.740921,278.6403,99843.875,52.0,4.25
2023-03-07 01:00:00,9.79364,-1.5826874,278.31406,99838.8,52.0,4.25
2023-03-07 02:00:00,8.849167,-1.9506378,278.10107,99798.805,52.0,4.25
2023-03-07 03:00:00,7.997818,-1.8109436,277.98364,99744.88,52.0,4.25
2023-03-07 04:00:00,7.4940643,-2.3777008,277.79947,99720.8,52.0,4.25
2023-03-07 05:00:00,6.514267,-3.9121094,277.18634,99702.125,52.0,4.25
2023-03-07 06:00:00,4.9053345,-3.820633,276.5221,99687.59,52.0,4.25
2023-03-07 07:00:00,4.3739014,-3.3775024,275.8683,99712.61,52.0,4.25
2023-03-07 08:00:00,4.414032,-3.1614838,275.5473,99737.56,52.0,4.25
2023-03-07 09:00:00,4.33342,-2.216156,275.8144,99748.234,52.0,4.25
2023-03-07 10:00:00,4.647766,-2.386963,276.88443,99763.84,52.0,4.25
2023-03-07 11:00:00,5.242096,-2.655716,277.15808,99762.19,52.0,4.25
2023-03-07 12:00:00,5.5855713,-3.4464264,277.12415,99787.98,52.0,4.25
2023-03-07 13:00:00,5.557434,-4.253952,276.91016,99798.016,52.0,4.25
2023-03-07 14:00:00,5.394745,-3.991562,276.89838,99819.77,52.0,4.25
2023-03-07 15:00:00,5.4487457,-3.3984833,276.7123,99852.42,52.0,4.25
2023-03-07 16:00:00,5.665085,-3.0570679,276.4682,99863.66,52.0,4.25
2023-03-07 17:00:00,5.868881,-3.31221,276.21487,99891.33,52.0,4.25
2023-03-07 18:00:00,5.277542,-3.6416626,275.78192,99958.164,52.0,4.25
2023-03-07 19:00:00,4.775589,-3.3848572,275.2298,99998.41,52.0,4.25
2023-03-07 20:00:00,4.492462,-2.7026367,274.9328,100036.47,52.0,4.25
2023-03-07 21:00:00,4.437393,-1.8446503,274.1861,100032.0,52.0,4.25
2023-03-07 22:00:00,5.2210083,-0.7898407,273.24353,100078.07,52.0,4.25
2023-03-07 23:00:00,4.8270416,-1.2189026,272.63925,100066.984,52.0,4.25
2023-03-08 00:00:00,3.711609,-1.435318,272.4014,100056.74,52.0,4.25
2023-03-08 01:00:00,2.1544037,-0.64138794,272.17517,99987.18,52.0,4.25
2023-03-08 02:00:00,0.8726349,0.70625305,272.18143,99922.375,52.0,4.25
2023-03-08 03:00:00,-0.44291687,1.712738,272.60962,99863.53,52.0,4.25
2023-03-08 04:00:00,-2.3821259,2.2977142,272.84683,99764.17,52.0,4.25
2023-03-08 05:00:00,-4.143402,2.543213,273.03296,99677.99,52.0,4.25
2023-03-08 06:00:00,-5.386841,2.2484589,272.957,99579.81,52.0,4.25
2023-03-08 07:00:00,-6.136795,2.1224976,272.9837,99545.58,52.0,4.25
2023-03-08 08:00:00,-6.6363373,1.4954529,273.1612,99510.59,52.0,4.25
2023-03-08 09:00:00,-7.0733337,0.7289429,273.729,99456.0,52.0,4.25
2023-03-08 10:00:00,-7.3895874,0.24876404,274.4843,99420.87,52.0,4.25
2023-03-08 11:00:00,-8.030823,-0.7071228,275.1588,99352.56,52.0,4.25
2023-03-08 12:00:00,-7.870468,-1.2604523,275.64767,99339.52,52.0,4.25
2023-03-08 13:00:00,-7.7955933,-1.6135254,275.85168,99314.09,52.0,4.25
2023-03-08 14:00:00,-7.962967,-2.1656342,276.0918,99297.81,52.0,4.25
2023-03-08 15:00:00,-7.8625793,-2.2118835,275.6952,99248.2,52.0,4.25
2023-03-08 16:00:00,-7.4542084,-2.2888947,275.5192,99251.69,52.0,4.25
2023-03-08 17:00:00,-7.9263306,-2.2422943,275.1062,99219.88,52.0,4.25
2023-03-08 18:00:00,-8.145828,-2.1615448,274.73914,99212.94,52.0,4.25
2023-03-08 19:00:00,-8.397705,-1.7147522,274.50415,99202.92,52.0,4.25
2023-03-08 20:00:00,-8.69104,-1.73349,274.51013,99177.76,52.0,4.25
2023-03-08 21:00:00,-8.260803,-2.128662,274.48126,99152.336,52.0,4.25
2023-03-08 22:00:00,-8.105225,-3.5628967,274.0032,99191.67,52.0,4.25
2023-03-08 23:00:00,-8.05365,-3.7775116,273.91333,99166.83,52.0,4.25
2023-03-09 00:00:00,-7.5404205,-3.8978271,273.92767,99171.734,52.0,4.25
2023-03-09 01:00:00,-6.453583,-3.7530823,274.05267,99235.484,52.0,4.25
2023-03-09 02:00:00,-6.008728,-3.256012,274.1103,99298.11,52.0,4.25
2023-03-09 03:00:00,-5.8546143,-3.3893585,273.92368,99311.53,52.0,4.25
2023-03-09 04:00:00,-5.263916,-3.4150543,273.86768,99403.3,52.0,4.25
2023-03-09 05:00:00,-5.0410004,-3.2445068,274.0575,99476.69,52.0,4.25
2023-03-09 06:00:00,-5.0477905,-2.7097015,273.91968,99532.1,52.0,4.25
2023-03-09 07:00:00,-4.5155487,-1.8607635,274.1748,99632.67,52.0,4.25
2023-03-09 08:00:00,-4.477585,-1.3176422,274.55023,99683.195,52.0,4.25
2023-03-09 09:00:00,-3.8559723,-0.09158325,274.81818,99765.89,52.0,4.25
2023-03-09 10:00:00,-4.03598,0.36668396,275.2776,99797.16,52.0,4.25
2023-03-09 11:00:00,-3.6534882,0.640625,275.5145,99789.94,52.0,4.25
2023-03-09 12:00:00,-4.2980804,0.9750366,275.77734,99787.16,52.0,4.25
2023-03-09 13:00:00,-5.0416107,0.7362671,275.32852,99710.3,52.0,4.25
2023-03-09 14:00:00,-5.733719,0.81492615,274.80362,99656.734,52.0,4.25
2023-03-09 15:00:00,-6.1677246,1.461731,275.09616,99573.1,52.0,4.25
2023-03-09 16:00:00,-6.6445465,1.1786957,275.28317,99478.2,52.0,4.25
2023-03-09 17:00:00,-7.0233,0.7736969,275.5907,99385.266,52.0,4.25
2023-03-09 18:00:00,-7.4053497,0.5408478,275.6208,99318.125,52.0,4.25
2023-03-09 19:00:00,-8.106552,0.6267853,275.79886,99230.55,52.0,4.25
2023-03-09 20:00:00,-8.05365,0.31185913,275.91776,99106.47,52.0,4.25
2023-03-09 21:00:00,-8.341431,-0.0028839111,275.8037,98989.39,52.0,4.25
2023-03-09 22:00:00,-6.919632,-0.506485,276.06775,98900.08,52.0,4.25
2023-03-09 23:00:00,-5.718399,0.045074463,276.0995,98813.73,52.0,4.25
2023-03-10 00:00:00,-3.4744873,0.59498596,276.05585,98765.18,52.0,4.25
2023-03-10 01:00:00,-1.767746,0.79678345,276.13287,98722.81,52.0,4.25
2023-03-10 02:00:00,-1.739624,0.94807434,276.27185,98677.18,52.0,4.25
2023-03-10 03:00:00,-2.3785248,0.67456055,276.25098,98628.01,52.0,4.25
2023-03-10 04:00:00,-3.9825592,-0.51716614,276.3211,98590.64,52.0,4.25
2023-03-10 05:00:00,-5.5728607,-1.1101685,276.20938,98543.44,52.0,4.25
2023-03-10 06:00:00,-6.310013,-0.72369385,276.17377,98532.61,52.0,4.25
2023-03-10 07:00:00,-6.4563446,0.25576782,276.0511,98567.266,52.0,4.25
2023-03-10 08:00:00,-5.606003,0.79060364,276.09906,98577.516,52.0,4.25
2023-03-10 09:00:00,-5.712265,-0.1497345,276.1644,98613.234,52.0,4.25
2023-03-10 10:00:00,-5.376297,-3.655304,277.1341,98664.266,52.0,4.25
2023-03-10 11:00:00,-7.2118073,-7.1665344,276.81912,98712.34,52.0,4.25
2023-03-10 12:00:00,-6.4147034,-9.786972,275.95056,98818.64,52.0,4.25
2023-03-10 13:00:00,-2.1409454,-14.162964,274.78424,98995.28,52.0,4.25
2023-03-10 14:00:00,1.1332397,-17.414902,274.6754,99390.08,52.0,4.25
2023-03-10 15:00:00,2.381607,-15.759613,274.60077,99625.625,52.0,4.25
2023-03-10 16:00:00,4.598343,-14.909439,274.99854,99836.555,52.0,4.25
2023-03-10 17:00:00,6.1134186,-12.799652,275.0204,100039.21,52.0,4.25
2023-03-10 18:00:00,6.852997,-11.73233,275.10138,100237.38,52.0,4.25
2023-03-10 19:00:00,5.957672,-11.208923,275.40396,100363.77,52.0,4.25
2023-03-10 20:00:00,4.921097,-10.906876,275.82086,100446.766,52.0,4.25
2023-03-10 21:00:00,4.447342,-9.682251,275.43484,100527.61,52.0,4.25
2023-03-10 22:00:00,3.8195038,-8.239624,275.80396,100639.34,52.0,4.25
2023-03-10 23:00:00,3.760025,-7.9043884,275.91614,100686.766,52.0,4.25
2023-03-11 00:00:00,3.6113434,-7.7690735,275.7913,100755.64,52.0,4.25
2023-03-11 01:00:00,3.3603516,-7.8399506,275.9496,100776.336,52.0,4.25
2023-03-11 02:00:00,2.8301544,-7.5595703,275.7079,100808.59,52.0,4.25
2023-03-11 03:00:00,2.430313,-6.838318,274.7257,100841.234,52.0,4.25
2023-03-11 04:00:00,1.3704681,-6.2260895,273.07587,100881.016,52.0,4.25
2023-03-11 05:00:00,0.50086975,-5.402542,272.89966,100919.44,52.0,4.25
2023-03-11 06:00:00,-0.42367554,-4.440216,273.47565,100953.125,52.0,4.25
2023-03-11 07:00:00,-0.980011,-2.8329926,274.05975,101003.625,52.0,4.25
2023-03-11 08:00:00,-0.2932434,-1.1065979,275.5098,101098.08,52.0,4.25
2023-03-11 09:00:00,-0.096847534,0.7483368,276.6197,101114.58,52.0,4.25
2023-03-11 10:00:00,0.8792114,1.8095703,277.45374,101155.41,52.0,4.25
2023-03-11 11:00:00,1.7957153,2.1871643,277.6869,101178.66,52.0,4.25
2023-03-11 12:00:00,2.8063965,2.0364227,278.98364,101176.98,52.0,4.25
2023-03-11 13:00:00,3.0671082,1.8838043,279.4878,101144.19,52.0,4.25
2023-03-11 14:00:00,3.6527557,1.5540314,279.4676,101149.664,52.0,4.25
2023-03-11 15:00:00,3.7282867,1.0858002,279.44904,101180.33,52.0,4.25
2023-03-11 16:00:00,2.8123016,0.77941895,279.0821,101155.17,52.0,4.25
2023-03-11 17:00:00,2.142334,0.7137909,278.00427,101155.5,52.0,4.25
2023-03-11 18:00:00,1.4078522,0.8296356,277.6122,101176.375,52.0,4.25
2023-03-11 19:00:00,0.32662964,1.3583679,277.4798,101190.64,52.0,4.25
2023-03-11 20:00:00,-0.8390503,2.1549683,274.81168,101189.375,52.0,4.25
2023-03-11 21:00:00,-1.6259308,3.2607117,275.3888,101173.234,52.0,4.25
2023-03-11 22:00:00,-2.965088,4.3864594,276.01178,101142.55,52.0,4.25
2023-03-11 23:00:00,-2.9296722,6.083359,276.0332,101099.266,52.0,4.25
2023-03-12 00:00:00,-2.4720764,7.218384,276.42636,101052.83,52.0,4.25
2023-03-12 01:00:00,-2.010086,7.1712036,276.55365,101003.625,52.0,4.25
2023-03-12 02:00:00,-1.8066406,7.788986,276.43427,100932.7,52.0,4.25
2023-03-12 03:00:00,-1.8777161,8.385803,275.90463,100854.56,52.0,4.25
2023-03-12 04:00:00,-2.2024689,8.604523,275.52148,100762.78,52.0,4.25
2023-03-12 05:00:00,-2.025589,8.977158,275.39276,100698.52,52.0,4.25
2023-03-12 06:00:00,0.5374298,9.160614,275.83398,100640.555,52.0,4.25
2023-03-12 07:00:00,4.2136383,8.187561,277.14764,100638.95,52.0,4.25
2023-03-12 08:00:00,8.360596,5.3934937,279.40802,100615.94,52.0,4.25
2023-03-12 09:00:00,11.580551,2.3496857,281.0816,100674.51,52.0,4.25
2023-03-12 10:00:00,10.485519,1.9799805,281.8608,100729.02,52.0,4.25
2023-03-12 11:00:00,9.472931,3.5403442,282.0775,100753.07,52.0,4.25
2023-03-12 12:00:00,10.108551,4.791916,282.90027,100745.95,52.0,4.25
2023-03-12 13:00:00,10.843948,5.8574066,283.16605,100659.61,52.0,4.25
2023-03-12 14:00:00,11.802032,5.8159027,283.22107,100724.61,52.0,4.25
2023-03-12 15:00:00,10.585495,5.4832153,283.1603,100708.14,52.0,4.25
2023-03-12 16:00:00,10.460587,6.15596,283.12115,100664.05,52.0,4.25
2023-03-12 17:00:00,10.899094,6.7908783,282.6503,100659.24,52.0,4.25
2023-03-12 18:00:00,10.375412,7.579788,282.44144,100632.06,52.0,4.25
2023-03-12 19:00:00,9.583649,8.619537,282.35815,100582.52,52.0,4.25
2023-03-12 20:00:00,9.366928,8.844788,282.24445,100539.25,52.0,4.25
2023-03-12 21:00:00,7.9546204,9.11911,282.41516,100463.21,52.0,4.25
2023-03-12 22:00:00,5.8032837,11.043121,282.70844,100362.23,52.0,4.25
2023-03-12 23:00:00,4.9077454,11.685394,282.7387,100199.84,52.0,4.25
2023-03-13 00:00:00,4.8794403,12.598221,282.8014,100031.05,52.0,4.25
2023-03-13 01:00:00,7.2599335,13.117691,283.10883,99870.125,52.0,4.25
2023-03-13 02:00:00,9.178604,12.057266,283.61847,99766.67,52.0,4.25
2023-03-13 03:00:00,11.296326,11.726547,284.27228,99674.92,52.0,4.25
2023-03-13 04:00:00,12.089462,11.957153,284.75793,99636.02,52.0,4.25
2023-03-13 05:00:00,12.182266,12.619293,285.18332,99570.46,52.0,4.25
2023-03-13 06:00:00,12.547928,12.726425,285.42365,99532.95,52.0,4.25
2023-03-13 07:00:00,13.021225,12.410507,285.1882,99525.77,52.0,4.25
2023-03-13 08:00:00,13.412491,12.417755,285.36313,99496.05,52.0,4.25
2023-03-13 09:00:00,13.364105,13.178284,286.00983,99442.34,52.0,4.25
2023-03-13 10:00:00,10.918243,12.694687,287.05466,99380.97,52.0,4.25
2023-03-13 11:00:00,13.123886,13.75119,287.25412,99348.28,52.0,4.25
2023-03-13 12:00:00,14.370239,13.590683,287.01978,99332.84,52.0,4.25
2023-03-13 13:00:00,13.920013,12.950012,286.64404,99276.85,52.0,4.25
2023-03-13 14:00:00,13.736725,12.12619,286.50195,99239.66,52.0,4.25
2023-03-13 15:00:00,12.752563,10.696533,286.32288,99183.89,52.0,4.25
2023-03-13 16:00:00,13.413437,11.178406,286.12714,99112.7,52.0,4.25
2023-03-13 17:00:00,12.824661,10.559174,285.3797,99036.33,52.0,4.25
2023-03-13 18:00:00,11.438431,9.924118,284.75778,99000.67,52.0,4.25
2023-03-13 19:00:00,9.96666,9.628281,284.05463,98964.02,52.0,4.25
2023-03-13 20:00:00,9.024445,9.006363,283.77423,98913.375,52.0,4.25
2023-03-13 21:00:00,8.693008,8.510376,283.61606,98869.22,52.0,4.25
2023-03-13 22:00:00,9.713318,8.542023,283.78625,98842.766,52.0,4.25
2023-03-13 23:00:00,10.017609,8.41571,283.674,98820.33,52.0,4.25
2023-03-14 00:00:00,9.975937,8.965576,283.3471,98780.84,52.0,4.25
2023-03-14 01:00:00,10.13028,9.409973,282.96838,98776.83,52.0,4.25
2023-03-14 02:00:00,9.9951935,9.17131,282.65573,98782.69,52.0,4.25
2023-03-14 03:00:00,9.43277,9.166092,282.39056,98754.75,52.0,4.25
2023-03-14 04:00:00,9.152527,8.974167,282.38504,98719.5,52.0,4.25
2023-03-14 05:00:00,10.685013,6.179291,282.15323,98747.82,52.0,4.25
2023-03-14 06:00:00,10.266815,-3.7228546,281.17487,98804.83,52.0,4.25
2023-03-14 07:00:00,6.0714264,-8.492844,279.7991,99003.52,52.0,4.25
2023-03-14 08:00:00,3.168274,-10.339355,278.96375,99243.875,52.0,4.25
2023-03-14 09:00:00,1.9582672,-11.332947,279.20135,99497.016,52.0,4.25
2023-03-14 10:00:00,2.1075897,-10.875656,279.3287,99772.06,52.0,4.25
2023-03-14 11:00:00,2.6717682,-10.463211,279.53244,99976.75,52.0,4.25
2023-03-14 12:00:00,3.4484253,-9.584778,279.75586,100152.52,52.0,4.25
2023-03-14 13:00:00,4.5614777,-8.821411,280.11438,100291.72,52.0,4.25
2023-03-14 14:00:00,5.9434967,-8.036926,279.9084,100452.75,52.0,4.25
2023-03-14 15:00:00,6.85968,-6.5001984,279.64575,100564.9,52.0,4.25
2023-03-14 16:00:00,7.875931,-5.2240753,279.2886,100683.05,52.0,4.25
2023-03-14 17:00:00,7.9060516,-3.2892761,278.99957,100751.84,52.0,4.25
2023-03-14 18:00:00,8.848953,-2.5587158,278.52325,100864.14,52.0,4.25
2023-03-14 19:00:00,9.447159,-1.7912903,278.14746,100944.47,52.0,4.25
2023-03-14 20:00:00,9.110046,-0.44621277,277.9309,101004.78,52.0,4.25
2023-03-14 21:00:00,9.25589,-0.37800598,277.62195,101049.516,52.0,4.25
2023-03-14 22:00:00,8.411942,-2.488968,276.9959,101121.83,52.0,4.25
2023-03-14 23:00:00,7.5281525,-2.3111725,276.1736,101168.51,52.0,4.25
2023-03-15 00:00:00,6.078598,-2.3828888,276.03424,101178.53,52.0,4.25
2023-03-15 01:00:00,5.7948303,-2.5510712,276.20303,101206.42,52.0,4.25
2023-03-15 02:00:00,5.785843,-3.5337067,276.07022,101291.66,52.0,4.25
2023-03-15 03:00:00,5.219208,-4.4750977,275.81558,101372.875,52.0,4.25
2023-03-15 04:00:00,3.96344,-5.2422485,275.78955,101435.164,52.0,4.25
2023-03-15 05:00:00,2.5046844,-5.12883,275.51065,101519.28,52.0,4.25
2023-03-15 06:00:00,0.6394348,-3.8253326,274.471,101553.05,52.0,4.25
2023-03-15 07:00:00,0.27902222,-2.3765411,275.86597,101674.445,52.0,4.25
2023-03-15 08:00:00,0.39230347,-0.83317566,277.73358,101764.75,52.0,4.25
2023-03-15 09:00:00,0.36825562,0.27626038,278.65527,101786.03,52.0,4.25
2023-03-15 10:00:00,0.50894165,1.8939362,279.2907,101831.78,52.0,4.25
2023-03-15 11:00:00,1.5506134,2.6407166,280.031,101875.92,52.0,4.25
2023-03-15 12:00:00,2.5038757,3.2167816,280.52448,101885.81,52.0,4.25
2023-03-15 13:00:00,2.8911438,3.4271088,281.05597,101867.2,52.0,4.25
2023-03-15 14:00:00,3.1198273,3.9814148,281.30777,101866.555,52.0,4.25
2023-03-15 15:00:00,3.1835632,4.591919,281.12012,101846.44,52.0,4.25
2023-03-15 16:00:00,2.9910583,4.3041687,280.838,101822.19,52.0,4.25
2023-03-15 17:00:00,2.2616577,4.016876,280.494,101820.8,52.0,4.25
2023-03-15 18:00:00,1.0106812,4.780365,279.88638,101814.42,52.0,4.25
2023-03-15 19:00:00,-1.0457153,6.1320343,279.13434,101816.36,52.0,4.25
2023-03-15 20:00:00,-2.363205,7.1448364,278.87012,101778.28,52.0,4.25
2023-03-15 21:00:00,-2.760559,8.164322,278.80798,101760.45,52.0,4.25
2023-03-15 22:00:00,-2.0232391,8.926392,278.83612,101713.305,52.0,4.25
2023-03-15 23:00:00,-0.36697388,9.272339,278.7298,101686.52,52.0,4.25
2023-03-16 00:00:00,0.27627563,9.151901,278.87442,101643.484,52.0,4.25
2023-03-16 01:00:00,0.25473022,9.520309,278.99,101588.64,52.0,4.25
2023-03-16 02:00:00,0.3040924,9.704269,279.0011,101531.3,52.0,4.25
2023-03-16 03:00:00,-0.20962524,10.016754,279.06244,101461.95,52.0,4.25
2023-03-16 04:00:00,-1.0867157,10.395386,279.08185,101384.32,52.0,4.25
2023-03-16 05:00:00,-1.2261658,11.052597,279.16116,101321.56,52.0,4.25
2023-03-16 06:00:00,-1.1440582,11.762375,279.1197,101305.914,52.0,4.25
2023-03-16 07:00:00,-1.2774658,11.8142395,279.3747,101271.05,52.0,4.25
2023-03-16 08:00:00,-1.3586578,11.696182,279.90527,101271.266,52.0,4.25
2023-03-16 09:00:00,-0.8783417,11.565628,280.91223,101234.016,52.0,4.25
2023-03-16 10:00:00,-0.7571106,10.5850525,282.01398,101228.68,52.0,4.25
2023-03-16 11:00:00,-0.09008789,10.686981,282.91058,101168.516,52.0,4.25
2023-03-16 12:00:00,0.011993408,10.4361725,283.98297,101142.47,52.0,4.25
2023-03-16 13:00:00,-0.16729736,10.261093,284.7821,101040.22,52.0,4.25
2023-03-16 14:00:00,-0.055221558,10.236511,285.65417,100999.78,52.0,4.25
2023-03-16 15:00:00,-0.14782715,10.207901,286.0874,100906.48,52.0,4.25
2023-03-16 16:00:00,-0.2606659,9.956589,286.0576,100861.8,52.0,4.25
2023-03-16 17:00:00,0.21858215,10.285919,285.37695,100850.81,52.0,4.25
2023-03-16 18:00:00,-0.35179138,10.599442,284.28937,100809.66,52.0,4.25
2023-03-16 19:00:00,-0.6759186,10.967712,283.61023,100780.41,52.0,4.25
2023-03-16 20:00:00,-0.39450073,11.005783,283.35028,100766.0,52.0,4.25
2023-03-16 21:00:00,-0.17611694,10.755005,283.04605,100707.97,52.0,4.25
2023-03-16 22:00:00,0.026519775,10.782623,282.69128,100694.086,52.0,4.25
2023-03-16 23:00:00,1.0942383,10.836182,282.7313,100671.34,52.0,4.25
2023-03-17 00:00:00,1.3293152,10.466843,282.61652,100643.92,52.0,4.25
2023-03-17 01:00:00,1.4947968,9.44046,282.375,100645.69,52.0,4.25
2023-03-17 02:00:00,1.7374115,9.194962,282.1705,100610.56,52.0,4.25
2023-03-17 03:00:00,1.8879242,9.190582,281.8246,100585.766,52.0,4.25
2023-03-17 04:00:00,3.0436401,8.721664,281.5078,100650.06,52.0,4.25
2023-03-17 05:00:00,2.91185,7.316345,281.3769,100624.5,52.0,4.25
2023-03-17 06:00:00,1.8213348,7.868683,281.18652,100591.64,52.0,4.25
2023-03-17 07:00:00,1.5940247,7.9944153,281.4732,100613.56,52.0,4.25
2023-03-17 08:00:00,1.1487885,7.579895,282.45752,100628.875,52.0,4.25
2023-03-17 09:00:00,1.179306,6.670868,283.7183,100636.69,52.0,4.25
2023-03-17 10:00:00,1.9790039,5.773361,285.32492,100695.2,52.0,4.25
2023-03-17 11:00:00,1.5589294,3.9199524,286.14258,100669.3,52.0,4.25
2023-03-17 12:00:00,1.8391266,3.7519836,286.5038,100657.14,52.0,4.25
2023-03-17 13:00:00,2.3633118,2.41539,286.97662,100656.12,52.0,4.25
2023-03-17 14:00:00,0.19898987,1.2971344,287.3966,100582.33,52.0,4.25
2023-03-17 15:00:00,-1.7705231,1.9884644,287.71252,100564.62,52.0,4.25
2023-03-17 16:00:00,-1.9673767,3.723755,287.34943,100553.08,52.0,4.25
2023-03-17 17:00:00,-0.9368439,4.276596,286.61536,100551.53,52.0,4.25
2023-03-17 18:00:00,0.97262573,3.933548,285.7782,100588.33,52.0,4.25
2023-03-17 19:00:00,2.9676971,3.751892,284.74524,100600.41,52.0,4.25
2023-03-17 20:00:00,4.715866,3.8800507,284.01392,100639.914,52.0,4.25
2023-03-17 21:00:00,6.2366943,4.1220703,283.47357,100669.82,52.0,4.25
2023-03-17 22:00:00,6.3863983,3.7660065,283.33954,100714.25,52.0,4.25
2023-03-17 23:00:00,6.1853485,3.3837433,282.61816,100734.71,52.0,4.25
2023-03-18 00:00:00,5.1397247,3.3466492,282.25458,100740.97,52.0,4.25
2023-03-18 01:00:00,4.5967255,4.5915527,281.93567,100751.21,52.0,4.25
2023-03-18 02:00:00,4.379074,5.1279297,281.7633,100769.664,52.0,4.25
2023-03-18 03:00:00,4.0368958,4.95076,281.92853,100772.07,52.0,4.25
2023-03-18 04:00:00,2.9025574,5.069168,282.25366,100815.06,52.0,4.25
2023-03-18 05:00:00,2.2067566,5.481491,281.77707,100823.88,52.0,4.25
2023-03-18 06:00:00,1.8657837,6.1798706,281.51532,100837.23,52.0,4.25
2023-03-18 07:00:00,2.2157898,6.4795837,282.02515,100896.78,52.0,4.25
2023-03-18 08:00:00,2.0906372,5.8871765,283.26346,100953.61,52.0,4.25
2023-03-18 09:00:00,1.3406525,5.287323,284.48944,100961.516,52.0,4.25
2023-03-18 10:00:00,0.52233887,4.577606,285.34134,101007.2,52.0,4.25
2023-03-18 11:00:00,-0.20518494,4.8462067,286.0774,100988.4,52.0,4.25
2023-03-18 12:00:00,-0.25361633,6.2603455,286.7105,100997.234,52.0,4.25
2023-03-18 13:00:00,-0.012496948,6.5717773,287.33517,100951.03,52.0,4.25
2023-03-18 14:00:00,-0.2288208,6.7047424,287.41714,100904.63,52.0,4.25
2023-03-18 15:00:00,-1.9381866,6.9817505,287.18182,100869.25,52.0,4.25
2023-03-18 16:00:00,-1.8113098,7.377548,286.30542,100835.07,52.0,4.25
2023-03-18 17:00:00,-0.19190979,8.305527,285.4203,100848.72,52.0,4.25
2023-03-18 18:00:00,1.2324371,8.238251,284.6321,100886.95,52.0,4.25
2023-03-18 19:00:00,1.7045746,8.197952,284.0047,100918.32,52.0,4.25
2023-03-18 20:00:00,2.1266785,8.170074,283.96896,100956.57,52.0,4.25
2023-03-18 21:00:00,2.868515,7.751404,283.9406,100975.0,52.0,4.25
2023-03-18 22:00:00,3.1253967,7.284134,283.68195,100967.56,52.0,4.25
2023-03-18 23:00:00,4.1221313,7.0959015,283.16843,100973.0,52.0,4.25
2023-03-19 00:00:00,4.5183563,6.1479187,282.8562,100976.8,52.0,4.25
2023-03-19 01:00:00,4.6322174,5.9811554,282.53882,101013.125,52.0,4.25
2023-03-19 02:00:00,5.4546356,5.439987,281.93448,101035.65,52.0,4.25
2023-03-19 03:00:00,5.5904694,4.6226807,281.52887,101045.09,52.0,4.25
2023-03-19 04:00:00,4.569229,4.687607,281.05954,101055.586,52.0,4.25
2023-03-19 05:00:00,3.858368,5.154831,280.90546,101096.414,52.0,4.25
2023-03-19 06:00:00,3.925888,5.296707,280.77454,101142.72,52.0,4.25
2023-03-19 07:00:00,4.03627,4.8601837,280.96097,101207.87,52.0,4.25
2023-03-19 08:00:00,4.160263,3.7588348,281.53088,101271.59,52.0,4.25
2023-03-19 09:00:00,4.1671906,2.4660034,281.82208,101327.89,52.0,4.25
2023-03-19 10:00:00,3.6771545,1.051178,282.46448,101370.08,52.0,4.25
2023-03-19 11:00:00,2.8648987,-0.4660797,282.81488,101428.45,52.0,4.25
2023-03-19 12:00:00,2.2181396,-0.5199585,282.95282,101475.36,52.0,4.25
2023-03-19 13:00:00,3.0779114,-0.7263794,283.25714,101501.17,52.0,4.25
2023-03-19 14:00:00,4.3759766,-2.214386,282.93686,101573.625,52.0,4.25
2023-03-19 15:00:00,4.175522,-2.631836,282.3467,101590.375,52.0,4.25
2023-03-19 16:00:00,4.2588654,-2.2602234,281.70944,101609.44,52.0,4.25
2023-03-19 17:00:00,5.0706787,-2.6339111,281.24146,101720.84,52.0,4.25
2023-03-19 18:00:00,4.81575,-2.0048218,281.0603,101796.83,52.0,4.25
2023-03-19 19:00:00,4.8391113,-0.7840271,280.3614,101851.2,52.0,4.25
2023-03-19 20:00:00,4.7765045,0.687973,280.1938,101919.47,52.0,4.25
2023-03-19 21:00:00,4.6981964,2.2422333,280.12216,101894.25,52.0,4.25
2023-03-19 22:00:00,5.7605133,2.7703247,280.50775,101944.91,52.0,4.25
2023-03-19 23:00:00,5.3053284,3.8731232,280.16193,101936.05,52.0,4.25
2023-03-20 00:00:00,4.929138,4.6752014,280.03552,101917.31,52.0,4.25
2023-03-20 01:00:00,5.097824,5.5222473,279.78082,101930.51,52.0,4.25
2023-03-20 02:00:00,5.323593,6.134506,279.86176,101907.516,52.0,4.25
2023-03-20 03:00:00,5.9364014,5.8775177,279.91464,101887.56,52.0,4.25
2023-03-20 04:00:00,5.6878815,6.5581512,280.03418,101824.875,52.0,4.25
2023-03-20 05:00:00,5.9106445,6.70636,280.09088,101786.59,52.0,4.25
2023-03-20 06:00:00,5.9867096,6.6998444,280.18066,101808.72,52.0,4.25
2023-03-20 07:00:00,6.065033,6.8481903,280.31714,101818.59,52.0,4.25
2023-03-20 08:00:00,6.159363,7.146332,280.57074,101837.234,52.0,4.25
2023-03-20 09:00:00,6.123001,7.254654,280.56326,101843.33,52.0,4.25
2023-03-20 10:00:00,4.8753357,8.111084,281.20615,101820.56,52.0,4.25
2023-03-20 11:00:00,5.7131042,8.046356,281.67114,101810.08,52.0,4.25
2023-03-20 12:00:00,5.572891,7.6670685,281.8901,101785.2,52.0,4.25
2023-03-20 13:00:00,7.450714,8.251236,282.182,101734.664,52.0,4.25
2023-03-20 14:00:00,7.1960754,6.9229584,282.4835,101707.336,52.0,4.25
2023-03-20 15:00:00,7.7091675,6.131134,282.6265,101677.49,52.0,4.25
2023-03-20 16:00:00,8.020905,5.462494,282.79416,101663.36,52.0,4.25
2023-03-20 17:00:00,8.136444,5.334427,282.77557,101636.46,52.0,4.25
2023-03-20 18:00:00,8.19368,5.1641083,282.67578,101664.28,52.0,4.25
2023-03-20 19:00:00,7.8812256,5.0942993,282.5573,101685.36,52.0,4.25
2023-03-20 20:00:00,7.465271,5.156784,282.4909,101671.31,52.0,4.25
2023-03-20 21:00:00,7.1121063,5.4549103,282.401,101657.53,52.0,4.25
2023-03-20 22:00:00,7.217911,5.933197,282.17816,101635.25,52.0,4.25
2023-03-20 23:00:00,6.890274,6.0288086,282.09625,101610.83,52.0,4.25
2023-03-21 00:00:00,6.6416473,5.9239655,282.07407,101573.8,52.0,4.25
2023-03-21 01:00:00,5.847687,6.1275024,282.05,101503.11,52.0,4.25
2023-03-21 02:00:00,5.0722656,6.1016235,282.09607,101455.05,52.0,4.25
2023-03-21 03:00:00,4.4743195,6.641464,282.19,101387.7,52.0,4.25
2023-03-21 04:00:00,4.010269,7.4614563,282.27335,101357.02,52.0,4.25
2023-03-21 05:00:00,4.028824,7.618164,282.3997,101329.3,52.0,4.25
2023-03-21 06:00:00,2.9965515,7.76503,282.26303,101310.84,52.0,4.25
2023-03-21 07:00:00,2.2719727,8.158295,282.26312,101273.08,52.0,4.25
2023-03-21 08:00:00,2.1328583,8.1731415,282.7108,101267.375,52.0,4.25
2023-03-21 09:00:00,3.1789246,7.897934,283.16797,101233.02,52.0,4.25
2023-03-21 10:00:00,5.7784424,8.209854,283.86673,101207.914,52.0,4.25
2023-03-21 11:00:00,6.556366,7.431732,283.85492,101187.55,52.0,4.25
2023-03-21 12:00:00,7.3866425,7.6968384,284.14893,101170.195,52.0,4.25
2023-03-21 13:00:00,7.246216,7.9109344,284.65906,101107.22,52.0,4.25
2023-03-21 14:00:00,6.7958374,7.9146576,284.31662,101070.73,52.0,4.25
2023-03-21 15:00:00,6.5434113,8.246445,284.22327,101021.375,52.0,4.25
2023-03-21 16:00:00,7.53743,8.701813,284.23154,101033.375,52.0,4.25
2023-03-21 17:00:00,7.404663,8.98494,284.0307,100998.81,52.0,4.25
2023-03-21 18:00:00,7.2976685,8.717667,283.653,100978.445,52.0,4.25
2023-03-21 19:00:00,8.052307,8.628769,283.2977,101002.5,52.0,4.25
2023-03-21 20:00:00,8.0933075,8.679718,283.00513,100977.22,52.0,4.25
2023-03-21 21:00:00,7.844879,8.846863,282.64297,100935.11,52.0,4.25
2023-03-21 22:00:00,8.584671,9.705475,282.57138,100904.7,52.0,4.25
2023-03-21 23:00:00,8.120834,9.420944,282.25986,100876.22,52.0,4.25
2023-03-22 00:00:00,6.463684,9.389954,282.19888,100840.69,52.0,4.25
2023-03-22 01:00:00,4.4375763,9.746902,282.3158,100754.6,52.0,4.25
2023-03-22 02:00:00,4.2458954,10.507782,282.47543,100661.6,52.0,4.25
2023-03-22 03:00:00,5.5359955,10.43515,282.99857,100576.53,52.0,4.25
2023-03-22 04:00:00,6.3692017,10.129425,283.09134,100539.33,52.0,4.25
2023-03-22 05:00:00,5.976837,10.598618,282.7814,100487.08,52.0,4.25
2023-03-22 06:00:00,6.4398346,11.351044,282.64084,100470.08,52.0,4.25
2023-03-22 07:00:00,6.8148804,11.363312,282.82233,100481.64,52.0,4.25
2023-03-22 08:00:00,6.4078217,11.795776,283.0888,100464.66,52.0,4.25
2023-03-22 09:00:00,6.393448,12.19075,283.23254,100468.94,52.0,4.25
2023-03-22 10:00:00,6.982254,11.8671875,283.0457,100450.875,52.0,4.25
2023-03-22 11:00:00,7.3943176,11.739624,283.36075,100454.984,52.0,4.25
2023-03-22 12:00:00,6.8471375,11.351746,283.76947,100456.06,52.0,4.25
2023-03-22 13:00:00,6.3455353,11.205154,284.15118,100426.35,52.0,4.25
2023-03-22 14:00:00,6.640259,11.444794,284.25464,100432.39,52.0,4.25
2023-03-22 15:00:00,5.960434,11.414429,284.20645,100368.08,52.0,4.25
2023-03-22 16:00:00,5.6015625,11.469177,284.01376,100318.914,52.0,4.25
2023-03-22 17:00:00,6.0655975,11.327881,283.9773,100320.125,52.0,4.25
2023-03-22 18:00:00,6.4376526,10.658752,284.0558,100289.79,52.0,4.25
2023-03-22 19:00:00,5.7392273,10.662842,284.24023,100264.45,52.0,4.25
2023-03-22 20:00:00,5.3542175,11.318069,284.4582,100224.09,52.0,4.25
2023-03-22 21:00:00,5.895645,11.70343,284.6391,100171.02,52.0,4.25
2023-03-22 22:00:00,6.203247,11.660919,284.70523,100112.08,52.0,4.25
2023-03-22 23:00:00,7.7892,11.2482605,284.68036,100094.555,52.0,4.25
2023-03-23 00:00:00,7.120102,11.396866,284.7013,100041.03,52.0,4.25
2023-03-23 01:00:00,7.7176514,11.746323,284.86877,99990.11,52.0,4.25
2023-03-23 02:00:00,8.700531,11.777145,284.72937,99953.414,52.0,4.25
2023-03-23 03:00:00,10.852493,10.901764,284.79803,99951.22,52.0,4.25
2023-03-23 04:00:00,11.511642,9.602692,284.66458,99966.82,52.0,4.25
2023-03-23 05:00:00,10.970093,8.97641,284.168,100026.266,52.0,4.25
2023-03-23 06:00:00,10.175476,8.487457,283.76245,100082.63,52.0,4.25
2023-03-23 07:00:00,9.307632,7.8835907,283.4248,100113.62,52.0,4.25
2023-03-23 08:00:00,8.57106,7.934372,283.50394,100146.81,52.0,4.25
2023-03-23 09:00:00,8.965912,8.544601,284.09076,100193.01,52.0,4.25
2023-03-23 10:00:00,8.418411,7.8788147,285.15814,100239.61,52.0,4.25
2023-03-23 11:00:00,8.246536,8.561478,285.5332,100276.195,52.0,4.25
2023-03-23 12:00:00,8.132156,8.380936,285.6863,100264.266,52.0,4.25
2023-03-23 13:00:00,8.378052,8.061325,285.96417,100252.61,52.0,4.25
2023-03-23 14:00:00,7.5273895,7.221283,286.2668,100257.39,52.0,4.25
2023-03-23 15:00:00,5.524704,7.592758,286.2111,100133.19,52.0,4.25
2023-03-23 16:00:00,5.92894,7.896179,286.12057,100123.44,52.0,4.25
2023-03-23 17:00:00,6.341797,8.519485,285.88226,100092.266,52.0,4.25
2023-03-23 18:00:00,4.395508,9.076157,285.55347,100051.06,52.0,4.25
2023-03-23 19:00:00,3.6358643,10.035858,285.18762,100052.02,52.0,4.25
2023-03-23 20:00:00,3.835678,10.834488,284.75226,99970.54,52.0,4.25
2023-03-23 21:00:00,4.2275085,11.816193,284.71945,99861.43,52.0,4.25
2023-03-23 22:00:00,5.502289,13.823807,284.9683,99791.125,52.0,4.25
2023-03-23 23:00:00,5.9250946,14.151825,284.9596,99642.33,52.0,4.25
2023-03-24 00:00:00,8.060181,14.398987,285.09656,99551.36,52.0,4.25
2023-03-24 01:00:00,10.44072,12.236069,284.9853,99564.234,52.0,4.25
2023-03-24 02:00:00,13.578079,7.482239,284.38773,99611.766,52.0,4.25
2023-03-24 03:00:00,12.977997,5.472351,283.22003,99696.41,52.0,4.25
2023-03-24 04:00:00,12.00235,6.301071,282.43066,99774.4,52.0,4.25
2023-03-24 05:00:00,11.132309,7.485214,282.19202,99829.67,52.0,4.25
2023-03-24 06:00:00,10.65509,7.9658966,282.41663,99916.95,52.0,4.25
2023-03-24 07:00:00,11.265549,7.8832245,282.78186,99966.875,52.0,4.25
2023-03-24 08:00:00,9.675583,7.1415863,283.3294,100052.734,52.0,4.25
2023-03-24 09:00:00,9.563049,7.0955048,283.8379,100090.625,52.0,4.25
2023-03-24 10:00:00,9.701736,6.4428406,283.99042,100153.66,52.0,4.25
2023-03-24 11:00:00,10.187393,6.1837463,284.1875,100164.56,52.0,4.25
2023-03-24 12:00:00,9.736252,7.416916,284.45374,100162.87,52.0,4.25
2023-03-24 13:00:00,9.894241,7.9731445,284.3625,100152.3,52.0,4.25
2023-03-24 14:00:00,10.425735,7.3632507,283.99588,100126.83,52.0,4.25
2023-03-24 15:00:00,9.357422,8.732239,284.52155,100076.9,52.0,4.25
2023-03-24 16:00:00,9.744675,8.63797,284.8988,100016.61,52.0,4.25
2023-03-24 17:00:00,10.195328,9.824448,284.54208,100023.5,52.0,4.25
2023-03-24 18:00:00,9.412491,10.330994,284.0299,100045.375,52.0,4.25
2023-03-24 19:00:00,9.875748,10.222092,283.44504,100043.96,52.0,4.25
2023-03-24 20:00:00,10.132202,10.262711,283.2446,100042.016,52.0,4.25
2023-03-24 21:00:00,10.568726,10.172256,282.78564,100016.125,52.0,4.25
2023-03-24 22:00:00,12.546982,8.637436,282.67072,99988.7,52.0,4.25
2023-03-24 23:00:00,11.525131,8.670441,282.5961,100014.34,52.0,4.25
2023-03-25 00:00:00,11.224503,9.240036,282.38174,100035.484,52.0,4.25
2023-03-25 01:00:00,11.22406,9.583176,282.22614,100015.41,52.0,4.25
2023-03-25 02:00:00,11.090271,9.447815,282.02505,99995.16,52.0,4.25
2023-03-25 03:00:00,11.514236,9.14917,282.00592,99962.9,52.0,4.25
2023-03-25 04:00:00,11.968796,8.483154,281.6836,99973.766,52.0,4.25
2023-03-25 05:00:00,12.627441,7.7968445,281.5226,99977.75,52.0,4.25
2023-03-25 06:00:00,12.771469,7.40744,281.50412,100022.11,52.0,4.25
2023-03-25 07:00:00,13.781403,7.4101257,281.94086,100057.6,52.0,4.25
2023-03-25 08:00:00,14.935333,7.2506104,282.16766,100100.734,52.0,4.25
2023-03-25 09:00:00,13.785812,6.8711853,282.74396,100125.56,52.0,4.25
2023-03-25 10:00:00,13.900513,5.910919,282.99866,100177.51,52.0,4.25
2023-03-25 11:00:00,14.743683,6.196945,283.25604,100214.58,52.0,4.25
2023-03-25 12:00:00,15.114105,6.238785,283.23987,100259.516,52.0,4.25
2023-03-25 13:00:00,15.639725,4.8380127,283.72958,100288.93,52.0,4.25
2023-03-25 14:00:00,15.697266,3.5034332,284.03433,100314.516,52.0,4.25
2023-03-25 15:00:00,14.557068,2.6599274,284.0506,100365.47,52.0,4.25
2023-03-25 16:00:00,12.876953,2.230072,283.74646,100407.14,52.0,4.25
2023-03-25 17:00:00,12.291473,2.3577423,282.9997,100469.33,52.0,4.25
2023-03-25 18:00:00,11.414337,1.1404114,282.44153,100546.734,52.0,4.25
2023-03-25 19:00:00,9.7061,0.5545349,282.3379,100609.74,52.0,4.25
2023-03-25 20:00:00,8.50621,0.84399414,281.83804,100627.1,52.0,4.25
2023-03-25 21:00:00,7.717697,1.3786163,281.45178,100612.14,52.0,4.25
2023-03-25 22:00:00,6.77124,1.147049,281.43243,100673.56,52.0,4.25
2023-03-25 23:00:00,7.085678,2.7446594,281.40375,100703.625,52.0,4.25
2023-03-26 00:00:00,6.3828735,2.8594208,281.36322,100665.3,52.0,4.25
2023-03-26 01:00:00,4.8825836,2.91951,281.05682,100611.81,52.0,4.25
2023-03-26 02:00:00,3.1647186,3.823166,280.50134,100521.18,52.0,4.25
2023-03-26 03:00:00,2.5253296,4.53479,280.4439,100471.8,52.0,4.25
2023-03-26 04:00:00,0.81159973,4.0235443,280.36945,100374.516,52.0,4.25
2023-03-26 05:00:00,-1.2864685,3.4880066,280.48334,100274.67,52.0,4.25
2023-03-26 06:00:00,-3.240387,2.191101,280.30865,100226.89,52.0,4.25
2023-03-26 07:00:00,-4.9894867,0.13250732,280.46616,100184.97,52.0,4.25
2023-03-26 08:00:00,-6.1114655,-1.94487,280.83063,100190.02,52.0,4.25
2023-03-26 09:00:00,-6.457321,-3.1840973,281.03354,100192.805,52.0,4.25
2023-03-26 10:00:00,-4.5392303,-3.7653809,280.76343,100252.61,52.0,4.25
2023-03-26 11:00:00,-4.5210724,-5.45726,280.98413,100306.95,52.0,4.25
2023-03-26 12:00:00,-4.2308655,-7.3378296,281.42792,100378.04,52.0,4.25
2023-03-26 13:00:00,-4.054016,-8.577759,281.49414,100446.586,52.0,4.25
2023-03-26 14:00:00,-3.557129,-9.442749,281.42914,100520.91,52.0,4.25
2023-03-26 15:00:00,-3.0919342,-10.037735,281.05392,100613.445,52.0,4.25
2023-03-26 16:00:00,-2.5657806,-10.406494,280.56396,100711.95,52.0,4.25
2023-03-26 17:00:00,-2.3147278,-10.538162,280.02832,100853.56,52.0,4.25
2023-03-26 18:00:00,-2.3360748,-10.489822,279.49786,100978.6,52.0,4.25
2023-03-26 19:00:00,-2.2486267,-10.310272,279.27087,101120.51,52.0,4.25
2023-03-26 20:00:00,-1.9008636,-10.026001,279.03525,101221.86,52.0,4.25
2023-03-26 21:00:00,-1.451477,-9.3311,278.89294,101309.625,52.0,4.25
2023-03-26 22:00:00,-0.70622253,-8.31041,278.85364,101420.84,52.0,4.25
2023-03-26 23:00:00,0.25756836,-7.633789,278.41922,101512.36,52.0,4.25
2023-03-27 00:00:00,1.3217621,-7.317459,278.35635,101599.85,52.0,4.25
2023-03-27 01:00:00,2.1490936,-7.303711,277.83148,101672.22,52.0,4.25
2023-03-27 02:00:00,2.5206604,-7.7035065,277.66464,101735.87,52.0,4.25
2023-03-27 03:00:00,2.8912659,-8.465347,277.54608,101802.78,52.0,4.25
2023-03-27 04:00:00,3.0525208,-8.778152,277.53183,101873.76,52.0,4.25
2023-03-27 05:00:00,3.3798065,-8.632004,277.31552,101933.03,52.0,4.25
2023-03-27 06:00:00,3.883789,-8.292435,277.20575,102013.88,52.0,4.25
2023-03-27 07:00:00,4.19664,-8.090439,277.60938,102076.766,52.0,4.25
2023-03-27 08:00:00,4.722748,-8.68129,278.26382,102149.17,52.0,4.25
2023-03-27 09:00:00,5.029434,-8.535721,278.39227,102216.88,52.0,4.25
2023-03-27 10:00:00,5.1910553,-7.5926666,279.0232,102287.766,52.0,4.25
2023-03-27 11:00:00,5.4197235,-7.21521,279.50998,102325.55,52.0,4.25
2023-03-27 12:00:00,5.780075,-7.049515,279.55103,102386.86,52.0,4.25
2023-03-27 13:00:00,6.048691,-7.154434,279.69965,102421.8,52.0,4.25
2023-03-27 14:00:00,5.9300995,-7.4370728,279.50574,102454.414,52.0,4.25
2023-03-27 15:00:00,5.938431,-7.5737305,279.76154,102494.0,52.0,4.25
2023-03-27 16:00:00,6.103058,-7.585724,279.46146,102522.625,52.0,4.25
2023-03-27 17:00:00,5.6401825,-7.2496033,278.9024,102564.45,52.0,4.25
2023-03-27 18:00:00,5.0214996,-6.960617,278.16956,102584.64,52.0,4.25
2023-03-27 19:00:00,4.2168274,-6.690262,277.71057,102628.99,52.0,4.25
2023-03-27 20:00:00,3.6062164,-6.1201324,277.1753,102639.36,52.0,4.25
2023-03-27 21:00:00,3.2985992,-5.1759796,276.39502,102654.19,52.0,4.25
2023-03-27 22:00:00,3.0684967,-4.151779,275.67865,102676.84,52.0,4.25
2023-03-27 23:00:00,3.079239,-2.930832,275.02643,102686.42,52.0,4.25
2023-03-28 00:00:00,3.1094513,-1.6273346,274.7857,102681.11,52.0,4.25
2023-03-28 01:00:00,3.259369,-0.4343109,273.87885,102670.59,52.0,4.25
2023-03-28 02:00:00,3.9282227,0.9291382,273.78513,102657.7,52.0,4.25
2023-03-28 03:00:00,4.2033997,2.373993,273.85495,102625.76,52.0,4.25
2023-03-28 04:00:00,3.612793,3.3547058,274.06146,102592.66,52.0,4.25
2023-03-28 05:00:00,3.099884,4.528,274.17902,102602.84,52.0,4.25
2023-03-28 06:00:00,2.714035,5.551468,274.22888,102623.164,52.0,4.25
2023-03-28 07:00:00,1.7291107,6.0619507,275.89917,102613.836,52.0,4.25
2023-03-28 08:00:00,0.4085846,5.874283,277.42596,102604.664,52.0,4.25
2023-03-28 09:00:00,-0.23297119,6.735092,278.40488,102558.08,52.0,4.25
2023-03-28 10:00:00,-0.47872925,7.7263336,279.2312,102525.22,52.0,4.25
2023-03-28 11:00:00,0.16175842,8.481247,279.77457,102442.0,52.0,4.25
2023-03-28 12:00:00,0.5790863,8.593475,280.01395,102358.305,52.0,4.25
2023-03-28 13:00:00,1.2722473,8.481873,279.86377,102277.96,52.0,4.25
2023-03-28 14:00:00,1.999054,8.221664,279.6206,102200.63,52.0,4.25
2023-03-28 15:00:00,2.7194366,7.153549,279.9428,102127.875,52.0,4.25
2023-03-28 16:00:00,3.583023,6.861603,280.08636,102036.03,52.0,4.25
2023-03-28 17:00:00,2.933487,7.3168335,280.07114,101973.89,52.0,4.25
2023-03-28 18:00:00,0.8646698,8.501495,279.97754,101890.914,52.0,4.25
2023-03-28 19:00:00,0.6204529,10.097366,279.63715,101857.234,52.0,4.25
2023-03-28 20:00:00,0.46913147,10.343735,279.52972,101809.61,52.0,4.25
2023-03-28 21:00:00,0.8255005,9.734192,279.46832,101751.51,52.0,4.25
2023-03-28 22:00:00,0.3620453,9.534943,279.15936,101683.55,52.0,4.25
2023-03-28 23:00:00,1.8922424,8.798248,279.35138,101632.16,52.0,4.25
2023-03-29 00:00:00,3.5840607,8.180862,279.6601,101572.984,52.0,4.25
2023-03-29 01:00:00,4.924759,7.2229004,280.0453,101505.56,52.0,4.25
2023-03-29 02:00:00,5.7943726,6.312805,280.41418,101450.72,52.0,4.25
2023-03-29 03:00:00,5.860489,5.9915924,280.6645,101411.516,52.0,4.25
2023-03-29 04:00:00,5.862091,5.6345825,280.60052,101372.695,52.0,4.25
2023-03-29 05:00:00,5.375412,5.5164795,280.60486,101343.14,52.0,4.25
2023-03-29 06:00:00,5.347595,5.669113,281.17557,101352.3,52.0,4.25
2023-03-29 07:00:00,5.2755737,5.4236603,281.67172,101359.91,52.0,4.25
2023-03-29 08:00:00,4.5138245,5.158676,282.53244,101371.62,52.0,4.25
2023-03-29 09:00:00,4.9470367,5.2894287,283.1478,101372.625,52.0,4.25
2023-03-29 10:00:00,5.1142273,4.3653107,283.82135,101356.125,52.0,4.25
2023-03-29 11:00:00,5.135849,4.8654785,284.44412,101334.05,52.0,4.25
2023-03-29 12:00:00,5.829468,5.8891754,284.85715,101302.07,52.0,4.25
2023-03-29 13:00:00,5.1878204,6.5389404,285.31616,101253.27,52.0,4.25
2023-03-29 14:00:00,3.5946655,7.3018494,285.80786,101143.81,52.0,4.25
2023-03-29 15:00:00,2.7504883,7.7116394,285.98328,101072.09,52.0,4.25
2023-03-29 16:00:00,1.9118347,8.358887,286.54028,100960.266,52.0,4.25
2023-03-29 17:00:00,1.8891144,8.876923,286.88342,100886.69,52.0,4.25
2023-03-29 18:00:00,1.9073334,9.511505,286.50342,100814.266,52.0,4.25
2023-03-29 19:00:00,1.5630646,9.959503,286.10248,100745.58,52.0,4.25
2023-03-29 20:00:00,1.9228821,10.248123,285.97003,100679.69,52.0,4.25
2023-03-29 21:00:00,3.3724365,10.319153,286.052,100580.14,52.0,4.25
2023-03-29 22:00:00,6.749405,10.121033,286.29605,100531.64,52.0,4.25
2023-03-29 23:00:00,8.628525,9.1228485,286.72546,100489.45,52.0,4.25
2023-03-30 00:00:00,10.545898,8.326889,286.81427,100460.46,52.0,4.25
2023-03-30 01:00:00,10.723755,7.979889,286.31042,100419.1,52.0,4.25
2023-03-30 02:00:00,10.302322,8.431732,285.8805,100382.914,52.0,4.25
2023-03-30 03:00:00,10.406738,8.630875,285.7851,100372.86,52.0,4.25
2023-03-30 04:00:00,10.269348,8.1194,285.32782,100340.92,52.0,4.25
2023-03-30 05:00:00,10.176025,8.632187,284.94745,100317.16,52.0,4.25
2023-03-30 06:00:00,10.876801,8.912888,284.65576,100358.06,52.0,4.25
2023-03-30 07:00:00,11.972763,8.226349,284.42438,100415.97,52.0,4.25
2023-03-30 08:00:00,12.200882,7.388321,284.74823,100461.016,52.0,4.25
2023-03-30 09:00:00,14.06282,7.1039734,285.2152,100518.625,52.0,4.25
2023-03-30 10:00:00,11.843338,6.196335,285.518,100580.2,52.0,4.25
2023-03-30 11:00:00,13.081131,6.520584,285.682,100607.84,52.0,4.25
2023-03-30 12:00:00,12.771088,6.1759796,285.60132,100603.82,52.0,4.25
2023-03-30 13:00:00,13.281265,7.1947937,286.01218,100594.45,52.0,4.25
2023-03-30 14:00:00,13.021561,7.2679443,285.95752,100599.7,52.0,4.25
2023-03-30 15:00:00,12.870361,6.6067963,286.02042,100569.08,52.0,4.25
2023-03-30 16:00:00,10.898651,6.6980133,286.04843,100552.484,52.0,4.25
2023-03-30 17:00:00,10.535843,7.3959045,285.59558,100556.97,52.0,4.25
2023-03-30 18:00:00,10.121002,7.384552,284.9276,100552.27,52.0,4.25
2023-03-30 19:00:00,9.568039,7.6404877,284.32153,100558.52,52.0,4.25
2023-03-30 20:00:00,8.950531,8.03215,283.90863,100533.305,52.0,4.25
2023-03-30 21:00:00,8.523743,7.919586,283.63297,100505.42,52.0,4.25
2023-03-30 22:00:00,7.2183075,7.397812,283.5647,100414.2,52.0,4.25
2023-03-30 23:00:00,5.15773,8.024231,283.52783,100334.16,52.0,4.25
2023-03-31 00:00:00,3.236084,9.260239,283.47232,100199.1,52.0,4.25
2023-03-31 01:00:00,3.7206573,10.099167,283.37524,100099.91,52.0,4.25
2023-03-31 02:00:00,2.619934,10.07605,283.52942,99943.83,52.0,4.25
2023-03-31 03:00:00,-0.58413696,10.026581,283.63184,99750.35,52.0,4.25
2023-03-31 04:00:00,-0.011505127,11.492722,283.35052,99590.06,52.0,4.25
2023-03-31 05:00:00,3.2184448,11.246445,283.31067,99455.0,52.0,4.25
2023-03-31 06:00:00,3.6174927,10.118271,283.32117,99377.086,52.0,4.25
2023-03-31 07:00:00,3.5244293,10.608337,283.54886,99313.47,52.0,4.25
2023-03-31 08:00:00,3.8905945,11.508118,283.71808,99254.34,52.0,4.25
2023-03-31 09:00:00,5.246292,11.483948,284.25253,99207.37,52.0,4.25
2023-03-31 10:00:00,3.37294,10.065277,284.32114,99153.0,52.0,4.25
2023-03-31 11:00:00,2.3610535,10.025665,284.6222,99090.92,52.0,4.25
2023-03-31 12:00:00,3.2746277,11.2478485,284.49243,98987.555,52.0,4.25
2023-03-31 13:00:00,6.4858856,11.703506,283.82837,98943.53,52.0,4.25
2023-03-31 14:00:00,6.6624756,11.409363,283.99017,98897.945,52.0,4.25
2023-03-31 15:00:00,7.6669617,10.803345,283.5115,98852.79,52.0,4.25
2023-03-31 16:00:00,7.457321,10.510971,283.36725,98813.26,52.0,4.25
2023-03-31 17:00:00,8.687164,10.26889,283.3192,98813.22,52.0,4.25
2023-03-31 18:00:00,9.031616,8.789978,283.21063,98780.55,52.0,4.25
2023-03-31 19:00:00,9.40477,7.8454285,282.98663,98825.234,52.0,4.25
2023-03-31 20:00:00,9.227737,6.997345,282.88092,98852.06,52.0,4.25
2023-03-31 21:00:00,8.486618,5.7229156,282.78424,98820.625,52.0,4.25
2023-03-31 22:00:00,7.537277,1.3325653,282.47815,98927.64,52.0,4.25
2023-03-31 23:00:00,7.137558,-0.60087585,282.00916,99009.625,52.0,4.25
2023-04-01 00:00:00,7.337845,-1.6699829,281.73026,99071.34,52.0,4.25
2023-04-01 01:00:00,7.5490875,-2.4052734,281.7808,99134.03,52.0,4.25
2023-04-01 02:00:00,7.389557,-3.4936676,281.987,99198.47,52.0,4.25
2023-04-01 03:00:00,7.1873016,-5.087631,282.09763,99273.25,52.0,4.25
2023-04-01 04:00:00,6.899063,-6.3378906,282.0777,99362.73,52.0,4.25
2023-04-01 05:00:00,6.5670776,-7.009369,281.91605,99448.83,52.0,4.25
2023-04-01 06:00:00,6.4094543,-7.1348877,281.82007,99533.41,52.0,4.25
2023-04-01 07:00:00,6.224411,-7.155899,281.9154,99631.21,52.0,4.25
2023-04-01 08:00:00,6.0397034,-7.140747,282.08966,99701.414,52.0,4.25
2023-04-01 09:00:00,6.092209,-7.5957794,282.26007,99800.41,52.0,4.25
2023-04-01 10:00:00,5.216629,-7.191452,282.41068,99879.19,52.0,4.25
2023-04-01 11:00:00,4.82518,-7.121704,282.54108,99939.984,52.0,4.25
2023-04-01 12:00:00,4.37323,-6.3180695,282.22772,99991.87,52.0,4.25
2023-04-01 13:00:00,4.191864,-7.0529633,282.16183,100073.2,52.0,4.25
2023-04-01 14:00:00,3.123764,-7.74736,282.07422,100128.984,52.0,4.25
2023-04-01 15:00:00,1.274765,-8.524353,281.94666,100215.25,52.0,4.25
2023-04-01 16:00:00,-0.35253906,-9.048828,282.05182,100299.49,52.0,4.25
2023-04-01 17:00:00,-1.2734833,-8.834396,281.98572,100409.34,52.0,4.25
2023-04-01 18:00:00,-2.1531677,-9.3741455,281.887,100531.5,52.0,4.25
2023-04-01 19:00:00,-2.9683685,-9.496262,281.60406,100673.51,52.0,4.25
2023-04-01 20:00:00,-3.2492065,-9.39949,281.18167,100802.67,52.0,4.25
2023-04-01 21:00:00,-3.7101288,-9.522324,280.81152,100927.35,52.0,4.25
2023-04-01 22:00:00,-4.154648,-8.420517,280.6644,101052.97,52.0,4.25
2023-04-01 23:00:00,-4.6247253,-8.459259,280.37033,101160.11,52.0,4.25
2023-04-02 00:00:00,-4.7360687,-8.016266,280.16022,101244.55,52.0,4.25
2023-04-02 01:00:00,-4.7268677,-7.8412933,279.8596,101345.65,52.0,4.25
2023-04-02 02:00:00,-4.8882294,-7.619568,279.62994,101432.64,52.0,4.25
2023-04-02 03:00:00,-5.318985,-7.3463593,279.17053,101535.11,52.0,4.25
2023-04-02 04:00:00,-5.7627563,-7.0767517,278.6776,101654.83,52.0,4.25
2023-04-02 05:00:00,-6.3405457,-6.872162,277.98685,101770.03,52.0,4.25
2023-04-02 06:00:00,-6.7500916,-6.463318,277.30542,101906.79,52.0,4.25
2023-04-02 07:00:00,-6.8527985,-6.059555,276.94904,102030.45,52.0,4.25
2023-04-02 08:00:00,-6.912445,-5.8851776,277.157,102134.984,52.0,4.25
2023-04-02 09:00:00,-6.5385895,-5.90152,277.71228,102252.734,52.0,4.25
2023-04-02 10:00:00,-5.421829,-5.1230927,278.2662,102325.41,52.0,4.25
2023-04-02 11:00:00,-5.3187714,-5.6474457,279.31726,102400.64,52.0,4.25
2023-04-02 12:00:00,-5.527603,-5.6356506,279.95532,102452.37,52.0,4.25
2023-04-02 13:00:00,-5.624008,-5.310196,280.65228,102514.08,52.0,4.25
2023-04-02 14:00:00,-5.725418,-4.923126,281.1562,102556.12,52.0,4.25
2023-04-02 15:00:00,-5.6605988,-4.516922,281.6211,102585.28,52.0,4.25
2023-04-02 16:00:00,-5.485306,-4.383499,281.72192,102622.484,52.0,4.25
2023-04-02 17:00:00,-5.594635,-4.3700104,281.47455,102693.68,52.0,4.25
2023-04-02 18:00:00,-5.2029724,-4.274185,280.48022,102775.72,52.0,4.25
2023-04-02 19:00:00,-4.83342,-4.828827,279.10852,102847.17,52.0,4.25
2023-04-02 20:00:00,-5.047333,-5.2382507,278.43127,102920.0,52.0,4.25
2023-04-02 21:00:00,-5.531601,-5.302353,277.8294,102956.55,52.0,4.25
2023-04-02 22:00:00,-6.3786774,-4.094574,277.42285,103014.58,52.0,4.25
2023-04-02 23:00:00,-6.554123,-2.9855194,276.82504,103030.82,52.0,4.25
2023-04-03 00:00:00,-6.646866,-1.9450836,276.23862,103042.64,52.0,4.25
2023-04-03 01:00:00,-6.4681244,-1.2371216,275.84637,103072.555,52.0,4.25
2023-04-03 02:00:00,-6.4890594,-1.0808411,275.32947,103083.81,52.0,4.25
2023-04-03 03:00:00,-6.2474365,-1.187973,274.87543,103110.3,52.0,4.25
2023-04-03 04:00:00,-6.3589325,-1.3562317,274.5006,103137.81,52.0,4.25
2023-04-03 05:00:00,-6.6876373,-1.2054749,273.9445,103141.1,52.0,4.25
2023-04-03 06:00:00,-6.9024506,-1.1015015,274.53864,103170.56,52.0,4.25
2023-04-03 07:00:00,-6.5430603,-1.0365753,276.16168,103214.7,52.0,4.25
2023-04-03 08:00:00,-6.3918304,-0.9778137,277.74728,103253.74,52.0,4.25
2023-04-03 09:00:00,-6.489868,-1.2056122,279.0133,103260.07,52.0,4.25
2023-04-03 10:00:00,-6.6375885,-1.0098724,280.4332,103254.05,52.0,4.25
2023-04-03 11:00:00,-7.0642853,-0.6913605,281.0647,103204.08,52.0,4.25
2023-04-03 12:00:00,-7.199341,-0.92645264,281.61035,103157.17,52.0,4.25
2023-04-03 13:00:00,-7.332138,-1.1421204,281.99573,103101.086,52.0,4.25
2023-04-03 14:00:00,-7.376404,-1.0901642,282.2753,103064.43,52.0,4.25
2023-04-03 15:00:00,-7.5608673,-1.4536743,282.3697,103025.22,52.0,4.25
2023-04-03 16:00:00,-7.769226,-1.4127197,282.13916,103002.88,52.0,4.25
2023-04-03 17:00:00,-7.5743713,-1.3092804,281.55615,102997.766,52.0,4.25
2023-04-03 18:00:00,-7.474701,-1.6492767,280.4159,103018.78,52.0,4.25
2023-04-03 19:00:00,-7.5966797,-2.0330048,278.9674,103036.95,52.0,4.25
2023-04-03 20:00:00,-7.6267548,-1.6869965,278.08838,103065.61,52.0,4.25
2023-04-03 21:00:00,-7.424515,-1.2085266,277.4116,103058.05,52.0,4.25
2023-04-03 22:00:00,-7.2789917,-0.32113647,276.5982,103049.945,52.0,4.25
2023-04-03 23:00:00,-6.5650177,0.2908783,275.9416,103045.66,52.0,4.25
2023-04-04 00:00:00,-6.2792206,0.3566742,275.6615,103031.5,52.0,4.25
2023-04-04 01:00:00,-6.2324677,0.32815552,275.02368,103028.22,52.0,4.25
2023-04-04 02:00:00,-5.776581,0.8335571,274.5,102992.83,52.0,4.25
2023-04-04 03:00:00,-5.362015,0.6164398,274.02527,102991.12,52.0,4.25
2023-04-04 04:00:00,-5.285782,0.20288086,273.466,102980.02,52.0,4.25
2023-04-04 05:00:00,-4.961838,0.15208435,273.09595,103005.99,52.0,4.25
2023-04-04 06:00:00,-4.614456,0.03604126,273.61026,102999.234,52.0,4.25
2023-04-04 07:00:00,-4.1833954,-0.009338379,276.28577,103023.86,52.0,4.25
2023-04-04 08:00:00,-3.034607,-0.0126953125,278.26654,103040.375,52.0,4.25
2023-04-04 09:00:00,-3.2407532,0.16157532,279.55234,102999.92,52.0,4.25
2023-04-04 10:00:00,-3.093811,-0.042999268,280.4347,103005.53,52.0,4.25
2023-04-04 11:00:00,-3.087677,-0.1893158,281.0385,102974.086,52.0,4.25
2023-04-04 12:00:00,-2.9765472,-0.46287537,281.60284,102920.586,52.0,4.25
2023-04-04 13:00:00,-2.669281,-0.864563,282.0927,102854.766,52.0,4.25
2023-04-04 14:00:00,-2.022766,-1.378006,282.40366,102785.66,52.0,4.25
2023-04-04 15:00:00,-1.4775238,-2.2636719,282.51392,102731.42,52.0,4.25
2023-04-04 16:00:00,-1.3237,-3.3527832,282.2142,102690.35,52.0,4.25
2023-04-04 17:00:00,-1.5612488,-4.271469,281.67432,102664.92,52.0,4.25
2023-04-04 18:00:00,-1.9996338,-5.173294,281.16132,102644.61,52.0,4.25
2023-04-04 19:00:00,-2.9792786,-5.541931,280.13928,102668.5,52.0,4.25
2023-04-04 20:00:00,-4.2246246,-4.6578217,279.52585,102655.266,52.0,4.25
2023-04-04 21:00:00,-4.9524384,-3.61409,278.67673,102645.66,52.0,4.25
2023-04-04 22:00:00,-5.0422974,-1.9844971,277.48993,102612.305,52.0,4.25
2023-04-04 23:00:00,-4.8358917,-1.4518738,276.46478,102585.92,52.0,4.25
2023-04-05 00:00:00,-4.6089935,-0.9838257,275.64587,102560.42,52.0,4.25
2023-04-05 01:00:00,-4.2785797,-0.04736328,274.51257,102519.38,52.0,4.25
2023-04-05 02:00:00,-3.590683,0.83088684,273.70877,102471.58,52.0,4.25
2023-04-05 03:00:00,-2.6682281,1.4590912,273.3432,102417.34,52.0,4.25
2023-04-05 04:00:00,-2.0646362,1.6230316,272.82846,102385.56,52.0,4.25
2023-04-05 05:00:00,-1.5453796,1.5192566,272.67017,102376.53,52.0,4.25
2023-04-05 06:00:00,-0.7999115,1.1899109,273.62738,102384.26,52.0,4.25
2023-04-05 07:00:00,-0.56988525,0.9717102,276.65527,102388.31,52.0,4.25
2023-04-05 08:00:00,-0.7905121,0.90478516,279.0594,102361.08,52.0,4.25
2023-04-05 09:00:00,-0.8312683,0.7773285,280.9021,102340.76,52.0,4.25
2023-04-05 10:00:00,-0.13194275,0.65322876,281.91797,102328.89,52.0,4.25
2023-04-05 11:00:00,0.0982666,0.7214508,282.5648,102284.02,52.0,4.25
2023-04-05 12:00:00,0.38449097,0.63687134,282.99774,102236.375,52.0,4.25
2023-04-05 13:00:00,0.5944824,0.44302368,283.44604,102181.75,52.0,4.25
2023-04-05 14:00:00,0.9088898,0.21411133,283.64276,102129.55,52.0,4.25
2023-04-05 15:00:00,1.4405518,-0.13504028,283.57635,102061.125,52.0,4.25
2023-04-05 16:00:00,1.5857239,-0.6424103,283.29285,102017.09,52.0,4.25
2023-04-05 17:00:00,0.9543152,-1.4022369,282.3927,101987.96,52.0,4.25
2023-04-05 18:00:00,-0.24130249,-1.860199,280.4427,101967.99,52.0,4.25
2023-04-05 19:00:00,-1.5296783,-1.4535675,278.9391,101977.43,52.0,4.25
2023-04-05 20:00:00,-2.5385132,-0.2881317,278.0581,101976.64,52.0,4.25
2023-04-05 21:00:00,-3.156021,1.2762756,277.68393,101927.16,52.0,4.25
2023-04-05 22:00:00,-3.992096,1.9953156,278.38934,101887.78,52.0,4.25
2023-04-05 23:00:00,-3.8621826,4.889557,278.5246,101839.03,52.0,4.25
2023-04-06 00:00:00,-3.1344147,6.7497406,278.6817,101770.7,52.0,4.25
2023-04-06 01:00:00,-2.4408722,7.6608276,278.6143,101716.62,52.0,4.25
2023-04-06 02:00:00,-1.6584778,7.971512,278.83374,101640.32,52.0,4.25
2023-04-06 03:00:00,-0.7129669,7.906433,279.0844,101583.81,52.0,4.25
2023-04-06 04:00:00,0.17346191,7.4135895,278.9879,101559.42,52.0,4.25
2023-04-06 05:00:00,1.2223206,7.0281677,279.14804,101537.2,52.0,4.25
2023-04-06 06:00:00,2.1343079,6.7633057,279.40198,101527.75,52.0,4.25
2023-04-06 07:00:00,2.163681,6.9677887,279.78586,101504.42,52.0,4.25
2023-04-06 08:00:00,1.2103577,7.634964,280.3514,101490.195,52.0,4.25
2023-04-06 09:00:00,-0.15141296,8.277115,280.60303,101455.58,52.0,4.25
2023-04-06 10:00:00,-0.5665436,9.817108,280.76993,101460.21,52.0,4.25
2023-04-06 11:00:00,-1.2493286,9.79599,280.97162,101387.84,52.0,4.25
2023-04-06 12:00:00,-0.7260132,10.752396,281.02795,101337.66,52.0,4.25
2023-04-06 13:00:00,-0.29663086,10.63298,281.15637,101303.33,52.0,4.25
2023-04-06 14:00:00,0.5599365,9.564011,281.28552,101270.68,52.0,4.25
2023-04-06 15:00:00,1.2907104,9.100067,281.44107,101241.28,52.0,4.25
2023-04-06 16:00:00,2.209198,7.475052,281.82892,101234.89,52.0,4.25
2023-04-06 17:00:00,3.5359955,5.0822144,281.98502,101239.266,52.0,4.25
2023-04-06 18:00:00,5.3516083,1.938858,282.302,101270.664,52.0,4.25
2023-04-06 19:00:00,6.5082703,-1.46521,282.23114,101316.94,52.0,4.25
2023-04-06 20:00:00,6.555832,-4.0266876,282.30472,101382.28,52.0,4.25
2023-04-06 21:00:00,5.7225494,-4.6840057,282.03955,101397.27,52.0,4.25
2023-04-06 22:00:00,5.2546387,-3.530777,281.44833,101462.31,52.0,4.25
2023-04-06 23:00:00,5.1693573,-3.6960144,281.1289,101504.63,52.0,4.25
2023-04-07 00:00:00,5.141968,-3.6907806,281.23145,101515.02,52.0,4.25
2023-04-07 01:00:00,5.19722,-3.9257507,280.9934,101538.06,52.0,4.25
2023-04-07 02:00:00,5.1683197,-4.2680817,280.7046,101536.016,52.0,4.25
2023-04-07 03:00:00,5.111847,-4.4664307,280.77124,101559.125,52.0,4.25
2023-04-07 04:00:00,4.931778,-5.3377533,280.7992,101569.91,52.0,4.25
2023-04-07 05:00:00,4.4606323,-6.089386,280.82825,101602.195,52.0,4.25
2023-04-07 06:00:00,4.024414,-6.2361298,281.16437,101622.88,52.0,4.25
2023-04-07 07:00:00,4.0798187,-5.977768,281.3224,101685.125,52.0,4.25
2023-04-07 08:00:00,4.577957,-5.87204,281.4052,101746.83,52.0,4.25
2023-04-07 09:00:00,4.8802032,-6.3822327,281.56018,101791.734,52.0,4.25
2023-04-07 10:00:00,5.421402,-5.819504,281.38397,101846.2,52.0,4.25
2023-04-07 11:00:00,5.6554565,-6.455536,281.435,101867.15,52.0,4.25
2023-04-07 12:00:00,5.445984,-6.6257477,281.6926,101919.89,52.0,4.25
2023-04-07 13:00:00,4.924347,-6.5843353,281.47284,101938.14,52.0,4.25
2023-04-07 14:00:00,4.588669,-6.7024384,281.87662,101971.78,52.0,4.25
2023-04-07 15:00:00,4.467987,-6.4846497,281.63345,101979.016,52.0,4.25
2023-04-07 16:00:00,4.42041,-6.4649963,281.40604,101993.35,52.0,4.25
2023-04-07 17:00:00,3.8795776,-6.5130463,281.48148,102031.74,52.0,4.25
2023-04-07 18:00:00,3.1851044,-6.2750244,281.43588,102081.45,52.0,4.25
2023-04-07 19:00:00,2.3296509,-5.859207,281.4157,102142.54,52.0,4.25
2023-04-07 20:00:00,1.6000977,-5.103714,281.51538,102193.17,52.0,4.25
2023-04-07 21:00:00,1.2963257,-4.4086,281.04395,102191.984,52.0,4.25
2023-04-07 22:00:00,0.65771484,-3.9855652,280.59802,102245.95,52.0,4.25
2023-04-07 23:00:00,-0.2097168,-3.2744598,280.5636,102291.266,52.0,4.25
2023-04-08 00:00:00,-0.24906921,-2.444519,280.64972,102310.984,52.0,4.25
2023-04-08 01:00:00,-0.2532196,-1.9473877,280.5401,102300.375,52.0,4.25
2023-04-08 02:00:00,-0.16777039,-1.7168274,280.2428,102317.31,52.0,4.25
2023-04-08 03:00:00,-0.24528503,-1.5088959,280.27606,102345.28,52.0,4.25
2023-04-08 04:00:00,-0.02458191,-1.4945984,280.48837,102358.61,52.0,4.25
2023-04-08 05:00:00,0.48512268,-1.8539276,280.26053,102405.875,52.0,4.25
2023-04-08 06:00:00,0.034698486,-2.4705353,280.31842,102445.36,52.0,4.25
2023-04-08 07:00:00,-0.71528625,-2.3331604,281.09888,102520.33,52.0,4.25
2023-04-08 08:00:00,-0.79818726,-2.4293518,281.65936,102557.24,52.0,4.25
2023-04-08 09:00:00,-0.9521179,-2.525116,282.63458,102590.8,52.0,4.25
2023-04-08 10:00:00,-1.5139618,-2.2746582,283.48407,102634.06,52.0,4.25
2023-04-08 11:00:00,-1.7084961,-2.1018372,284.3338,102613.77,52.0,4.25
2023-04-08 12:00:00,-1.5568542,-2.196701,284.85455,102615.78,52.0,4.25
2023-04-08 13:00:00,-1.3469696,-2.9614258,285.24594,102615.84,52.0,4.25
2023-04-08 14:00:00,-1.4144592,-3.658371,285.33118,102599.26,52.0,4.25
2023-04-08 15:00:00,-1.4476166,-4.1204376,285.18384,102572.766,52.0,4.25
2023-04-08 16:00:00,-1.7348633,-4.251251,284.51227,102563.78,52.0,4.25
2023-04-08 17:00:00,-1.7710724,-4.5071564,283.69037,102563.125,52.0,4.25
2023-04-08 18:00:00,-2.0263062,-5.3848114,282.53366,102575.98,52.0,4.25
2023-04-08 19:00:00,-2.4780273,-5.919922,281.35168,102617.84,52.0,4.25
2023-04-08 20:00:00,-3.1462708,-5.535263,280.54425,102638.53,52.0,4.25
2023-04-08 21:00:00,-4.154129,-4.3497314,280.09644,102645.63,52.0,4.25
2023-04-08 22:00:00,-5.202591,-2.2877808,280.09332,102639.53,52.0,4.25
2023-04-08 23:00:00,-5.731369,-0.6813812,280.01404,102609.03,52.0,4.25
2023-04-09 00:00:00,-5.9081116,0.7219238,280.15997,102590.62,52.0,4.25
2023-04-09 01:00:00,-5.740738,1.8136292,279.7937,102559.22,52.0,4.25
2023-04-09 02:00:00,-5.1093597,2.5285645,279.69556,102541.43,52.0,4.25
2023-04-09 03:00:00,-4.3231506,2.8733215,279.56192,102528.2,52.0,4.25
2023-04-09 04:00:00,-3.8914948,2.7724762,279.69727,102494.81,52.0,4.25
2023-04-09 05:00:00,-3.8539124,2.5294952,279.6494,102473.78,52.0,4.25
2023-04-09 06:00:00,-3.6050568,2.2165222,280.1717,102503.125,52.0,4.25
2023-04-09 07:00:00,-2.719513,1.6647034,281.42078,102508.555,52.0,4.25
2023-04-09 08:00:00,-2.424347,1.4168854,282.26733,102528.22,52.0,4.25
2023-04-09 09:00:00,-2.8085022,1.5808258,283.35324,102514.375,52.0,4.25
2023-04-09 10:00:00,-2.458023,1.0735168,284.00897,102476.67,52.0,4.25
2023-04-09 11:00:00,-2.2049255,2.1851044,285.27344,102414.89,52.0,4.25
2023-04-09 12:00:00,-1.4372406,2.5197754,286.46735,102387.86,52.0,4.25
2023-04-09 13:00:00,-1.157196,2.2095032,287.16565,102364.63,52.0,4.25
2023-04-09 14:00:00,-1.7187958,2.0007477,287.28067,102312.64,52.0,4.25
2023-04-09 15:00:00,-2.5679169,2.8423767,287.4712,102231.234,52.0,4.25
2023-04-09 16:00:00,-1.8818359,3.500122,287.60638,102208.94,52.0,4.25
2023-04-09 17:00:00,-2.1026,3.278061,287.2322,102171.44,52.0,4.25
2023-04-09 18:00:00,-2.1210785,3.5332336,285.80856,102158.0,52.0,4.25
2023-04-09 19:00:00,-1.9724426,4.0050964,284.05096,102179.16,52.0,4.25
2023-04-09 20:00:00,-2.49115,4.6388397,283.3509,102153.08,52.0,4.25
2023-04-09 21:00:00,-2.4297485,5.0084534,283.39667,102129.45,52.0,4.25
2023-04-09 22:00:00,-3.3319244,5.268997,282.99258,102090.56,52.0,4.25
2023-04-09 23:00:00,-3.2452545,6.4984436,282.8745,102061.36,52.0,4.25
2023-04-10 00:00:00,-3.1723175,7.506592,282.97705,101988.65,52.0,4.25
2023-04-10 01:00:00,-1.9524536,8.283112,282.88568,101934.44,52.0,4.25
2023-04-10 02:00:00,-1.1264496,8.804108,282.53253,101851.72,52.0,4.25
2023-04-10 03:00:00,-0.9710846,9.168304,282.34296,101846.11,52.0,4.25
2023-04-10 04:00:00,-1.407547,9.799561,282.0692,101790.97,52.0,4.25
2023-04-10 05:00:00,-2.009491,10.033127,282.0769,101742.58,52.0,4.25
2023-04-10 06:00:00,-2.410553,9.884766,282.30872,101711.92,52.0,4.25
2023-04-10 07:00:00,-3.0872345,9.802048,282.84055,101634.66,52.0,4.25
2023-04-10 08:00:00,-3.2594757,10.118866,283.6162,101549.53,52.0,4.25
2023-04-10 09:00:00,-2.487091,9.676361,284.3405,101476.58,52.0,4.25
2023-04-10 10:00:00,-1.2276611,9.649002,285.92532,101420.94,52.0,4.25
2023-04-10 11:00:00,0.058044434,11.0372925,287.2467,101260.53,52.0,4.25
2023-04-10 12:00:00,0.5877838,11.784576,286.98642,101190.3,52.0,4.25
2023-04-10 13:00:00,2.2618103,12.797256,286.18448,101099.164,52.0,4.25
2023-04-10 14:00:00,2.901184,13.238647,285.39307,101003.66,52.0,4.25
2023-04-10 15:00:00,4.9663544,13.155716,284.9231,100980.37,52.0,4.25
2023-04-10 16:00:00,6.1281586,12.638382,284.63162,100892.96,52.0,4.25
2023-04-10 17:00:00,7.4756927,11.162796,284.39603,100844.61,52.0,4.25
2023-04-10 18:00:00,8.349609,10.014816,284.0412,100825.24,52.0,4.25
2023-04-10 19:00:00,8.907639,9.153641,283.72693,100799.55,52.0,4.25
2023-04-10 20:00:00,9.726913,8.446274,283.34143,100785.42,52.0,4.25
2023-04-10 21:00:00,10.825241,6.3911133,282.86893,100797.5,52.0,4.25
2023-04-10 22:00:00,11.847565,3.7981567,282.5918,100775.64,52.0,4.25
2023-04-10 23:00:00,11.745972,4.019333,282.42984,100797.78,52.0,4.25
2023-04-11 00:00:00,12.567276,4.788986,282.46567,100823.56,52.0,4.25
2023-04-11 01:00:00,13.326065,3.225357,282.26416,100827.19,52.0,4.25
2023-04-11 02:00:00,13.146484,1.4062958,282.14417,100868.55,52.0,4.25
2023-04-11 03:00:00,13.095764,0.66825867,281.99088,100915.42,52.0,4.25
2023-04-11 04:00:00,12.918777,0.64549255,281.82928,100960.586,52.0,4.25
2023-04-11 05:00:00,12.695465,1.0921326,281.5837,101016.63,52.0,4.25
2023-04-11 06:00:00,12.885284,1.0890045,281.69672,101087.25,52.0,4.25
2023-04-11 07:00:00,12.304596,1.2833252,282.3346,101164.64,52.0,4.25
2023-04-11 08:00:00,12.266968,1.4165802,282.51904,101217.91,52.0,4.25
2023-04-11 09:00:00,12.13649,1.4620514,282.79236,101271.86,52.0,4.25
2023-04-11 10:00:00,10.902267,1.8164215,283.22217,101330.875,52.0,4.25
2023-04-11 11:00:00,10.27916,2.474121,283.5354,101324.484,52.0,4.25
2023-04-11 12:00:00,10.154022,3.3326263,283.91827,101361.98,52.0,4.25
2023-04-11 13:00:00,9.095245,3.8031616,284.32175,101347.89,52.0,4.25
2023-04-11 14:00:00,7.6397552,4.1053314,284.72327,101306.63,52.0,4.25
2023-04-11 15:00:00,6.4523163,4.9302826,284.87625,101238.91,52.0,4.25
2023-04-11 16:00:00,5.7780914,5.669098,284.852,101158.86,52.0,4.25
2023-04-11 17:00:00,5.4128876,5.7084503,284.57562,101127.984,52.0,4.25
2023-04-11 18:00:00,4.1637573,6.4963837,284.00635,101001.28,52.0,4.25
2023-04-11 19:00:00,2.9063416,7.744293,283.28232,100955.516,52.0,4.25
2023-04-11 20:00:00,0.9725952,9.093063,282.63998,100863.36,52.0,4.25
2023-04-11 21:00:00,-0.20141602,10.2161255,282.36374,100732.44,52.0,4.25
2023-04-11 22:00:00,-0.69821167,11.166748,282.2984,100612.7,52.0,4.25
2023-04-11 23:00:00,-0.45829773,12.978775,281.96814,100475.22,52.0,4.25
2023-04-12 00:00:00,-1.2174683,13.413666,281.66278,100323.0,52.0,4.25
2023-04-12 01:00:00,-2.286255,13.636566,281.44012,100097.34,52.0,4.25
2023-04-12 02:00:00,-2.0196075,13.647995,281.46155,99920.47,52.0,4.25
2023-04-12 03:00:00,0.093551636,13.063736,281.62915,99826.8,52.0,4.25
2023-04-12 04:00:00,3.4254608,10.590073,281.8201,99765.79,52.0,4.25
2023-04-12 05:00:00,6.280243,6.5304413,281.88538,99736.06,52.0,4.25
2023-04-12 06:00:00,6.2021484,4.0776367,281.7607,99712.695,52.0,4.25
2023-04-12 07:00:00,7.8618164,2.8884277,282.14612,99738.11,52.0,4.25
2023-04-12 08:00:00,8.2703705,1.6005096,282.71893,99727.125,52.0,4.25
2023-04-12 09:00:00,7.3819733,1.7810822,283.52374,99732.22,52.0,4.25
2023-04-12 10:00:00,6.9292145,2.8259125,283.52368,99688.28,52.0,4.25
2023-04-12 11:00:00,7.961563,4.593704,283.6975,99739.9,52.0,4.25
2023-04-12 12:00:00,7.5281677,5.7639313,283.763,99755.61,52.0,4.25
2023-04-12 13:00:00,7.2157288,6.8550262,282.12915,99739.86,52.0,4.25
2023-04-12 14:00:00,7.483368,7.5014954,283.22458,99697.54,52.0,4.25
2023-04-12 15:00:00,6.980194,7.4358826,283.23663,99678.06,52.0,4.25
2023-04-12 16:00:00,6.417511,7.276764,283.05945,99663.45,52.0,4.25
2023-04-12 17:00:00,5.305313,7.7979736,283.28955,99628.86,52.0,4.25
2023-04-12 18:00:00,1.2485657,9.588333,282.51492,99539.66,52.0,4.25
2023-04-12 19:00:00,-0.8088379,10.65329,281.59076,99514.16,52.0,4.25
2023-04-12 20:00:00,-0.74250793,11.64151,281.01758,99465.86,52.0,4.25
2023-04-12 21:00:00,0.27278137,12.4760895,280.85565,99385.95,52.0,4.25
2023-04-12 22:00:00,1.2246857,11.802368,280.29468,99263.97,52.0,4.25
2023-04-12 23:00:00,3.197052,12.394043,279.7825,99191.22,52.0,4.25
2023-04-13 00:00:00,6.538925,9.846664,279.8511,99175.66,52.0,4.25
2023-04-13 01:00:00,10.069214,5.5483856,280.3183,99205.41,52.0,4.25
2023-04-13 02:00:00,11.484955,3.133957,280.45276,99332.14,52.0,4.25
2023-04-13 03:00:00,11.2267,3.3479156,280.12582,99417.24,52.0,4.25
2023-04-13 04:00:00,11.811707,3.9541168,280.20416,99489.016,52.0,4.25
2023-04-13 05:00:00,12.507629,3.0806732,280.2301,99559.39,52.0,4.25
2023-04-13 06:00:00,12.594971,1.8345947,280.7964,99649.2,52.0,4.25
2023-04-13 07:00:00,13.336197,1.2428741,281.33136,99746.38,52.0,4.25
2023-04-13 08:00:00,12.720551,2.6438293,281.6675,99871.06,52.0,4.25
2023-04-13 09:00:00,12.907867,3.7123566,282.03143,99981.234,52.0,4.25
2023-04-13 10:00:00,12.619186,3.7386017,282.46356,100081.836,52.0,4.25
2023-04-13 11:00:00,11.906891,3.9051056,282.71375,100185.3,52.0,4.25
2023-04-13 12:00:00,11.01416,4.0677795,283.2177,100281.555,52.0,4.25
2023-04-13 13:00:00,10.474945,4.36528,283.33316,100328.17,52.0,4.25
2023-04-13 14:00:00,9.697403,4.597534,283.9239,100367.44,52.0,4.25
2023-04-13 15:00:00,9.1141205,4.7929688,284.43036,100407.76,52.0,4.25
2023-04-13 16:00:00,8.898224,5.1418304,284.4768,100442.234,52.0,4.25
2023-04-13 17:00:00,8.3871,4.6848755,283.91745,100470.3,52.0,4.25
2023-04-13 18:00:00,7.5474854,4.9815216,282.96692,100531.234,52.0,4.25
2023-04-13 19:00:00,6.3875732,5.364151,281.7704,100621.69,52.0,4.25
2023-04-13 20:00:00,5.388199,5.74852,280.74973,100683.9,52.0,4.25
2023-04-13 21:00:00,5.4862213,6.290283,280.37177,100732.24,52.0,4.25
2023-04-13 22:00:00,4.9747467,6.1260376,279.88196,100778.625,52.0,4.25
2023-04-13 23:00:00,4.811722,6.003296,279.4644,100766.2,52.0,4.25
2023-04-14 00:00:00,4.222641,6.108658,279.08893,100772.39,52.0,4.25
2023-04-14 01:00:00,4.0088806,6.0449524,278.63382,100780.16,52.0,4.25
2023-04-14 02:00:00,3.727478,5.730484,278.27002,100802.91,52.0,4.25
2023-04-14 03:00:00,2.7094116,5.7200165,277.8333,100839.07,52.0,4.25
2023-04-14 04:00:00,1.1679688,6.0188904,277.42212,100839.17,52.0,4.25
2023-04-14 05:00:00,-0.6578369,6.578415,277.32224,100844.55,52.0,4.25
2023-04-14 06:00:00,-2.0136719,6.8068695,278.14496,100868.06,52.0,4.25
2023-04-14 07:00:00,-2.368393,5.845001,279.98764,100857.375,52.0,4.25
2023-04-14 08:00:00,-2.630066,5.5364532,281.78632,100848.25,52.0,4.25
2023-04-14 09:00:00,-3.0581665,6.1631775,283.16766,100831.92,52.0,4.25
2023-04-14 10:00:00,-2.9777985,5.974121,284.3251,100787.04,52.0,4.25
2023-04-14 11:00:00,-2.79776,5.8033905,285.03745,100771.945,52.0,4.25
2023-04-14 12:00:00,-2.7565155,5.3413544,285.81982,100744.33,52.0,4.25
2023-04-14 13:00:00,-2.5917969,5.000946,286.08453,100725.13,52.0,4.25
2023-04-14 14:00:00,-2.7127838,4.4450226,286.35846,100678.05,52.0,4.25
2023-04-14 15:00:00,-3.2112732,3.8686981,286.46674,100645.48,52.0,4.25
2023-04-14 16:00:00,-3.9430847,3.551773,286.32,100625.43,52.0,4.25
2023-04-14 17:00:00,-3.868866,2.9375763,285.84955,100667.03,52.0,4.25
2023-04-14 18:00:00,-3.6544037,2.3433075,284.76273,100697.41,52.0,4.25
2023-04-14 19:00:00,-3.9792023,1.6551971,283.90884,100724.67,52.0,4.25
2023-04-14 20:00:00,-4.978119,1.0759735,283.31827,100774.27,52.0,4.25
2023-04-14 21:00:00,-5.861252,0.6499176,282.83746,100780.664,52.0,4.25
2023-04-14 22:00:00,-6.035431,0.69766235,281.7343,100770.08,52.0,4.25
2023-04-14 23:00:00,-6.561386,-0.28018188,281.65088,100794.94,52.0,4.25
2023-04-15 00:00:00,-6.823761,-1.0652924,281.59753,100821.016,52.0,4.25
2023-04-15 01:00:00,-7.1595764,-1.2070312,281.2353,100817.45,52.0,4.25
2023-04-15 02:00:00,-7.628418,-1.0122375,281.04355,100832.67,52.0,4.25
2023-04-15 03:00:00,-7.7899017,-1.1790314,280.70105,100870.03,52.0,4.25
2023-04-15 04:00:00,-7.6353455,-1.6135559,280.35382,100936.46,52.0,4.25
2023-04-15 05:00:00,-7.5311737,-2.575058,280.05237,101014.56,52.0,4.25
2023-04-15 06:00:00,-7.2229767,-3.2437744,280.62082,101131.75,52.0,4.25
2023-04-15 07:00:00,-6.243088,-3.4444122,281.95398,101232.125,52.0,4.25
2023-04-15 08:00:00,-5.51355,-3.9550323,283.37976,101333.78,52.0,4.25
2023-04-15 09:00:00,-4.84787,-5.223938,284.3371,101428.34,52.0,4.25
2023-04-15 10:00:00,-3.1905518,-6.184952,284.91772,101529.016,52.0,4.25
2023-04-15 11:00:00,-2.227951,-7.680023,285.03784,101606.35,52.0,4.25
2023-04-15 12:00:00,-1.6097717,-8.914734,285.133,101656.53,52.0,4.25
2023-04-15 13:00:00,-1.4915161,-9.500381,284.83948,101753.67,52.0,4.25
2023-04-15 14:00:00,-1.160675,-9.764847,284.40936,101824.41,52.0,4.25
2023-04-15 15:00:00,-0.37182617,-10.078903,283.56583,101892.54,52.0,4.25
2023-04-15 16:00:00,-0.02949524,-10.270264,282.75586,101979.53,52.0,4.25
2023-04-15 17:00:00,0.17355347,-9.893677,281.96924,102043.35,52.0,4.25
2023-04-15 18:00:00,0.19551086,-9.650116,281.51053,102103.5,52.0,4.25
2023-04-15 19:00:00,0.022857666,-9.750793,281.23288,102162.36,52.0,4.25
2023-04-15 20:00:00,-0.17854309,-9.684937,281.16223,102213.3,52.0,4.25
2023-04-15 21:00:00,-0.17829895,-9.459732,281.1515,102231.82,52.0,4.25
2023-04-15 22:00:00,0.3393097,-8.45665,281.11874,102308.33,52.0,4.25
2023-04-15 23:00:00,0.88557434,-8.591858,281.12457,102321.05,52.0,4.25
2023-04-16 00:00:00,0.69447327,-8.631851,281.0981,102338.92,52.0,4.25
2023-04-16 01:00:00,0.65245056,-8.285904,281.22076,102329.46,52.0,4.25
2023-04-16 02:00:00,1.1027985,-8.1562805,281.32315,102360.22,52.0,4.25
2023-04-16 03:00:00,1.7023163,-8.329727,281.33136,102359.69,52.0,4.25
2023-04-16 04:00:00,2.1275482,-8.563339,281.2458,102367.46,52.0,4.25
2023-04-16 05:00:00,1.8148499,-8.773315,281.20416,102396.42,52.0,4.25
2023-04-16 06:00:00,1.4251404,-8.5967865,281.1833,102432.89,52.0,4.25
2023-04-16 07:00:00,0.8759918,-8.174637,281.32248,102459.44,52.0,4.25
2023-04-16 08:00:00,0.11930847,-8.76741,281.47623,102507.58,52.0,4.25
2023-04-16 09:00:00,-0.2185669,-8.253433,281.74347,102539.92,52.0,4.25
2023-04-16 10:00:00,0.7836914,-7.3225403,281.60742,102600.83,52.0,4.25
2023-04-16 11:00:00,0.9077301,-6.858673,281.6371,102617.29,52.0,4.25
2023-04-16 12:00:00,1.0197906,-6.7427673,281.96155,102620.44,52.0,4.25
2023-04-16 13:00:00,0.90625,-6.62619,282.22067,102635.625,52.0,4.25
2023-04-16 14:00:00,0.42704773,-5.9588776,282.19482,102627.22,52.0,4.25
2023-04-16 15:00:00,0.96850586,-5.8090363,282.28766,102622.31,52.0,4.25
2023-04-16 16:00:00,0.82810974,-5.570526,282.44522,102625.06,52.0,4.25
2023-04-16 17:00:00,0.69970703,-5.4718933,282.4688,102631.12,52.0,4.25
2023-04-16 18:00:00,0.72753906,-5.628586,282.18,102657.516,52.0,4.25
2023-04-16 19:00:00,0.25880432,-5.694702,281.99188,102683.25,52.0,4.25
2023-04-16 20:00:00,-0.3171997,-5.8489532,281.70203,102696.734,52.0,4.25
2023-04-16 21:00:00,-1.4168091,-5.609192,281.55368,102696.21,52.0,4.25
2023-04-16 22:00:00,-2.0986633,-4.083069,281.19757,102697.2,52.0,4.25
2023-04-16 23:00:00,-1.8560791,-4.151993,281.06415,102689.96,52.0,4.25
2023-04-17 00:00:00,-1.6600952,-4.401291,281.00842,102697.86,52.0,4.25
2023-04-17 01:00:00,-1.330307,-4.632889,281.0055,102682.31,52.0,4.25
2023-04-17 02:00:00,-0.90249634,-5.162735,281.1068,102700.06,52.0,4.25
2023-04-17 03:00:00,-1.280716,-5.51799,281.078,102688.25,52.0,4.25
2023-04-17 04:00:00,-1.9381104,-5.4885864,281.2333,102680.2,52.0,4.25
2023-04-17 05:00:00,-2.2620087,-5.4491577,281.35825,102694.78,52.0,4.25
2023-04-17 06:00:00,-3.4062958,-6.070999,281.39758,102720.58,52.0,4.25
2023-04-17 07:00:00,-4.0701447,-5.437805,281.5403,102780.2,52.0,4.25
2023-04-17 08:00:00,-4.3271484,-4.4748993,281.71445,102787.78,52.0,4.25
2023-04-17 09:00:00,-4.5573273,-3.981369,282.2467,102826.375,52.0,4.25
2023-04-17 10:00:00,-3.8613892,-3.7747803,282.79163,102850.34,52.0,4.25
2023-04-17 11:00:00,-4.3871307,-3.7344055,283.934,102841.27,52.0,4.25
2023-04-17 12:00:00,-4.41098,-4.089035,285.05862,102835.78,52.0,4.25
2023-04-17 13:00:00,-4.002304,-4.5595245,285.59442,102826.92,52.0,4.25
2023-04-17 14:00:00,-3.7289124,-5.0793915,286.1019,102795.86,52.0,4.25
2023-04-17 15:00:00,-3.0995178,-5.963516,286.10596,102772.484,52.0,4.25
2023-04-17 16:00:00,-2.1718445,-6.9195404,285.68427,102747.9,52.0,4.25
2023-04-17 17:00:00,-1.9650879,-7.776947,284.9671,102740.266,52.0,4.25
2023-04-17 18:00:00,-2.8028107,-8.13591,283.98853,102763.59,52.0,4.25
2023-04-17 19:00:00,-3.712967,-7.939087,282.85266,102773.61,52.0,4.25
2023-04-17 20:00:00,-4.225754,-7.635605,281.94092,102802.21,52.0,4.25
2023-04-17 21:00:00,-4.5582733,-7.2331543,281.53052,102792.9,52.0,4.25
2023-04-17 22:00:00,-4.759964,-7.028595,281.24585,102785.93,52.0,4.25
2023-04-17 23:00:00,-5.4165955,-6.6675873,280.9886,102794.84,52.0,4.25
2023-04-18 00:00:00,-6.683853,-5.972122,280.9635,102761.69,52.0,4.25
2023-04-18 01:00:00,-7.0170746,-5.2948303,280.54358,102740.64,52.0,4.25
2023-04-18 02:00:00,-7.155014,-5.61586,280.04663,102722.05,52.0,4.25
2023-04-18 03:00:00,-7.507553,-5.7930603,279.61935,102712.734,52.0,4.25
2023-04-18 04:00:00,-7.6623383,-5.6282654,279.2868,102718.5,52.0,4.25
2023-04-18 05:00:00,-7.784088,-5.5724792,279.0223,102734.234,52.0,4.25
2023-04-18 06:00:00,-8.225632,-5.3901978,279.49347,102751.11,52.0,4.25
2023-04-18 07:00:00,-8.3910675,-4.6997223,280.26093,102782.625,52.0,4.25
2023-04-18 08:00:00,-10.006348,-3.5813599,281.28464,102782.92,52.0,4.25
2023-04-18 09:00:00,-9.876434,-3.0995483,282.0735,102773.11,52.0,4.25
2023-04-18 10:00:00,-9.702728,-3.2842712,282.79962,102753.44,52.0,4.25
2023-04-18 11:00:00,-9.634552,-2.6085205,283.20367,102730.734,52.0,4.25
2023-04-18 12:00:00,-9.306732,-2.0633545,284.0296,102695.44,52.0,4.25
2023-04-18 13:00:00,-9.035141,-1.4234314,284.6364,102691.34,52.0,4.25
2023-04-18 14:00:00,-9.19664,-0.58154297,285.11847,102681.39,52.0,4.25
2023-04-18 15:00:00,-8.839157,-0.038757324,285.51477,102664.016,52.0,4.25
2023-04-18 16:00:00,-8.039627,-0.12132263,285.81744,102660.75,52.0,4.25
2023-04-18 17:00:00,-8.088257,-0.31362915,285.59558,102643.516,52.0,4.25
2023-04-18 18:00:00,-7.6861267,-0.82603455,285.2113,102648.39,52.0,4.25
2023-04-18 19:00:00,-7.512268,-1.2256012,284.1086,102680.86,52.0,4.25
2023-04-18 20:00:00,-7.5229797,-1.7636261,283.32208,102723.7,52.0,4.25
2023-04-18 21:00:00,-8.293274,-2.340454,282.76544,102745.59,52.0,4.25
2023-04-18 22:00:00,-9.8133545,-2.1212006,282.43762,102737.14,52.0,4.25
2023-04-18 23:00:00,-9.920532,-1.5806274,282.16565,102739.97,52.0,4.25
2023-04-19 00:00:00,-9.800522,-1.0845184,281.6526,102747.24,52.0,4.25
2023-04-19 01:00:00,-9.34787,-0.56741333,281.1972,102725.83,52.0,4.25
2023-04-19 02:00:00,-9.098648,-1.2218475,281.11218,102693.27,52.0,4.25
2023-04-19 03:00:00,-9.21402,-2.3146057,281.42517,102697.19,52.0,4.25
2023-04-19 04:00:00,-9.178467,-2.4390106,281.72256,102708.64,52.0,4.25
2023-04-19 05:00:00,-9.360718,-2.4753265,281.80457,102712.484,52.0,4.25
2023-04-19 06:00:00,-9.308319,-2.6660767,282.23145,102728.266,52.0,4.25
2023-04-19 07:00:00,-8.652924,-2.8962402,282.85156,102739.78,52.0,4.25
2023-04-19 08:00:00,-9.195953,-2.8828888,283.4845,102752.84,52.0,4.25
2023-04-19 09:00:00,-8.839798,-2.7317657,284.19934,102761.375,52.0,4.25
2023-04-19 10:00:00,-8.446594,-3.2145386,285.10904,102709.695,52.0,4.25
2023-04-19 11:00:00,-8.974365,-3.5112457,285.70752,102689.19,52.0,4.25
2023-04-19 12:00:00,-9.072113,-3.8984222,286.3872,102641.83,52.0,4.25
2023-04-19 13:00:00,-8.861008,-4.5866547,286.7259,102582.52,52.0,4.25
2023-04-19 14:00:00,-8.841537,-5.1993256,286.97803,102525.664,52.0,4.25
2023-04-19 15:00:00,-8.716003,-5.8198395,286.9203,102467.16,52.0,4.25
2023-04-19 16:00:00,-8.470673,-6.5680237,286.48822,102436.84,52.0,4.25
2023-04-19 17:00:00,-7.5232697,-6.919922,285.75665,102409.97,52.0,4.25
2023-04-19 18:00:00,-7.5786743,-7.0806274,284.65802,102398.0,52.0,4.25
2023-04-19 19:00:00,-8.072998,-6.8070374,283.52557,102429.18,52.0,4.25
2023-04-19 20:00:00,-9.004135,-6.1907196,282.91937,102447.61,52.0,4.25
2023-04-19 21:00:00,-9.664749,-5.457779,282.45752,102491.83,52.0,4.25
2023-04-19 22:00:00,-10.151611,-4.270294,281.54944,102492.75,52.0,4.25
2023-04-19 23:00:00,-9.656906,-3.6908875,280.9061,102478.82,52.0,4.25
2023-04-20 00:00:00,-8.812241,-4.132309,280.3664,102444.05,52.0,4.25
2023-04-20 01:00:00,-7.8318176,-5.004593,279.65756,102387.36,52.0,4.25
2023-04-20 02:00:00,-6.63266,-5.9412994,279.23798,102329.61,52.0,4.25
2023-04-20 03:00:00,-5.3185577,-7.480545,279.4823,102256.72,52.0,4.25
2023-04-20 04:00:00,-5.0992584,-8.44931,280.4889,102190.31,52.0,4.25
2023-04-20 05:00:00,-5.2487946,-8.417725,281.30225,102136.125,52.0,4.25
2023-04-20 06:00:00,-5.8317413,-8.144821,282.01843,102105.734,52.0,4.25
2023-04-20 07:00:00,-6.5368958,-7.5607452,281.75433,102063.62,52.0,4.25
2023-04-20 08:00:00,-7.7243805,-6.734741,281.04004,102032.305,52.0,4.25
2023-04-20 09:00:00,-8.19191,-6.287628,280.62195,102009.266,52.0,4.25
2023-04-20 10:00:00,-7.1895905,-4.1189575,281.2096,101989.64,52.0,4.25
2023-04-20 11:00:00,-8.059341,-4.524811,281.17987,101919.016,52.0,4.25
2023-04-20 12:00:00,-8.651718,-3.9503784,281.32004,101870.83,52.0,4.25
2023-04-20 13:00:00,-9.292831,-3.1983795,281.92285,101838.25,52.0,4.25
2023-04-20 14:00:00,-9.57135,-2.9709167,282.56104,101805.44,52.0,4.25
2023-04-20 15:00:00,-9.185501,-2.7548065,283.0866,101750.86,52.0,4.25
2023-04-20 16:00:00,-9.545395,-2.089981,283.39404,101738.03,52.0,4.25
2023-04-20 17:00:00,-8.414841,-1.760086,283.67896,101740.516,52.0,4.25
2023-04-20 18:00:00,-7.811905,-2.9039001,283.11072,101739.41,52.0,4.25
2023-04-20 19:00:00,-8.291962,-3.651825,282.21533,101753.21,52.0,4.25
2023-04-20 20:00:00,-8.740265,-3.51857,281.73682,101767.41,52.0,4.25
2023-04-20 21:00:00,-8.691742,-2.9887085,281.6102,101761.97,52.0,4.25
2023-04-20 22:00:00,-8.02858,-4.0166626,281.05203,101743.05,52.0,4.25
2023-04-20 23:00:00,-7.5545044,-2.9608612,280.86697,101687.03,52.0,4.25
2023-04-21 00:00:00,-6.790329,-3.4106903,280.52032,101597.18,52.0,4.25
2023-04-21 01:00:00,-7.499405,-2.2645264,280.26767,101553.35,52.0,4.25
2023-04-21 02:00:00,-6.6447144,-0.86039734,280.47934,101508.53,52.0,4.25
2023-04-21 03:00:00,-5.500946,-0.53778076,280.58722,101457.34,52.0,4.25
2023-04-21 04:00:00,-4.6184845,-0.5476837,280.59393,101423.3,52.0,4.25
2023-04-21 05:00:00,-4.6148224,-0.62324524,280.5755,101399.79,52.0,4.25
2023-04-21 06:00:00,-5.507721,0.35409546,280.82983,101401.85,52.0,4.25
2023-04-21 07:00:00,-6.061676,2.0855255,281.50928,101406.19,52.0,4.25
2023-04-21 08:00:00,-6.136093,3.3949585,282.45837,101398.89,52.0,4.25
2023-04-21 09:00:00,-6.294586,3.7657318,283.11298,101425.22,52.0,4.25
2023-04-21 10:00:00,-4.951828,1.1197968,284.68665,101405.99,52.0,4.25
2023-04-21 11:00:00,-5.5350647,0.7241516,285.8261,101345.97,52.0,4.25
2023-04-21 12:00:00,-5.9591827,-0.23197937,286.62305,101274.484,52.0,4.25
2023-04-21 13:00:00,-6.2828827,-0.74064636,287.02237,101209.59,52.0,4.25
2023-04-21 14:00:00,-6.456482,-0.34768677,287.7361,101131.14,52.0,4.25
2023-04-21 15:00:00,-5.9433594,0.3581848,288.34485,101069.69,52.0,4.25
2023-04-21 16:00:00,-4.4906616,0.6457825,288.08594,100985.87,52.0,4.25
2023-04-21 17:00:00,-3.8297882,-0.36260986,287.20648,100906.06,52.0,4.25
2023-04-21 18:00:00,-4.979721,-1.6403809,285.91895,100860.29,52.0,4.25
2023-04-21 19:00:00,-6.7349854,-1.3285675,283.49567,100859.516,52.0,4.25
2023-04-21 20:00:00,-6.940445,0.479599,283.08084,100859.516,52.0,4.25
2023-04-21 21:00:00,-4.8096924,3.6272888,282.76575,100839.25,52.0,4.25
2023-04-21 22:00:00,-1.8171692,5.107254,282.08456,100822.08,52.0,4.25
2023-04-21 23:00:00,-1.6981201,5.7602386,281.1659,100832.54,52.0,4.25
2023-04-22 00:00:00,-0.78019714,5.9232635,280.3499,100827.83,52.0,4.25
2023-04-22 01:00:00,0.3460083,6.098831,279.76416,100809.95,52.0,4.25
2023-04-22 02:00:00,0.9998932,5.5265045,279.3941,100760.88,52.0,4.25
2023-04-22 03:00:00,1.1749878,5.2957764,279.25745,100763.96,52.0,4.25
2023-04-22 04:00:00,0.90571594,4.359955,279.38678,100732.81,52.0,4.25
2023-04-22 05:00:00,0.42332458,3.2522736,279.31985,100709.66,52.0,4.25
2023-04-22 06:00:00,-0.3763733,2.2595825,280.07437,100716.11,52.0,4.25
2023-04-22 07:00:00,-1.2953644,1.6232452,281.30463,100707.08,52.0,4.25
2023-04-22 08:00:00,-1.6488953,1.1329193,282.97162,100687.92,52.0,4.25
2023-04-22 09:00:00,-1.3228607,0.3909607,284.4414,100653.234,52.0,4.25
2023-04-22 10:00:00,1.6319427,-0.31303406,284.67285,100647.81,52.0,4.25
2023-04-22 11:00:00,2.5810242,-1.370758,283.70978,100646.86,52.0,4.25
2023-04-22 12:00:00,2.634674,-1.5549927,282.4812,100672.54,52.0,4.25
2023-04-22 13:00:00,2.5218048,-2.506607,281.8087,100672.164,52.0,4.25
2023-04-22 14:00:00,2.3317566,-2.2130127,281.75494,100660.05,52.0,4.25
2023-04-22 15:00:00,2.7882538,-1.1786041,281.9727,100701.91,52.0,4.25
2023-04-22 16:00:00,3.0643616,-0.024154663,281.81665,100735.61,52.0,4.25
2023-04-22 17:00:00,2.9983673,0.9415741,282.32867,100729.63,52.0,4.25
2023-04-22 18:00:00,3.1118011,2.0569,282.31287,100728.93,52.0,4.25
2023-04-22 19:00:00,2.8626251,3.5509949,281.859,100753.38,52.0,4.25
2023-04-22 20:00:00,1.6273193,4.837845,280.84497,100766.45,52.0,4.25
2023-04-22 21:00:00,0.8970337,6.2153473,280.57843,100727.03,52.0,4.25
2023-04-22 22:00:00,1.2615662,6.658127,280.3559,100748.59,52.0,4.25
2023-04-22 23:00:00,0.71699524,7.25177,280.7008,100732.58,52.0,4.25
2023-04-23 00:00:00,0.34632874,7.5597534,280.77643,100693.664,52.0,4.25
2023-04-23 01:00:00,0.2037201,7.927582,281.0878,100626.68,52.0,4.25
2023-04-23 02:00:00,0.9114227,8.578766,281.66867,100582.016,52.0,4.25
2023-04-23 03:00:00,2.227478,8.223633,281.75797,100563.65,52.0,4.25
2023-04-23 04:00:00,3.0178833,7.7114716,281.8354,100556.016,52.0,4.25
2023-04-23 05:00:00,2.6398163,7.999527,281.95944,100535.305,52.0,4.25
2023-04-23 06:00:00,2.4043274,8.4015045,282.78937,100527.734,52.0,4.25
2023-04-23 07:00:00,1.9801941,8.11142,284.21954,100492.51,52.0,4.25
2023-04-23 08:00:00,2.1134796,7.9674377,285.71512,100480.766,52.0,4.25
2023-04-23 09:00:00,3.0681,8.699997,286.51282,100444.2,52.0,4.25
2023-04-23 10:00:00,1.9347382,7.008026,287.07812,100441.39,52.0,4.25
2023-04-23 11:00:00,1.5742798,6.7442474,287.45142,100385.94,52.0,4.25
2023-04-23 12:00:00,1.0205841,6.9506226,287.91418,100327.69,52.0,4.25
2023-04-23 13:00:00,0.543396,6.7453156,287.7059,100240.92,52.0,4.25
2023-04-23 14:00:00,-0.14317322,6.50795,286.53162,100183.4,52.0,4.25
2023-04-23 15:00:00,-1.6372681,5.4376526,285.18396,100089.32,52.0,4.25
2023-04-23 16:00:00,-3.3040009,5.3974915,285.0283,100032.43,52.0,4.25
2023-04-23 17:00:00,-4.5717926,4.463852,284.73785,99933.83,52.0,4.25
2023-04-23 18:00:00,-5.4654083,3.777481,284.14795,99813.25,52.0,4.25
2023-04-23 19:00:00,-5.7353363,4.0635834,283.74783,99765.39,52.0,4.25
2023-04-23 20:00:00,-1.9045563,4.2749786,283.68445,99758.42,52.0,4.25
2023-04-23 21:00:00,5.5549774,2.9643402,283.0445,99773.44,52.0,4.25
2023-04-23 22:00:00,10.083588,0.9449158,283.00226,99814.8,52.0,4.25
2023-04-23 23:00:00,11.038315,0.018218994,282.74164,99888.086,52.0,4.25
2023-04-24 00:00:00,9.252441,-0.023422241,282.64526,99918.58,52.0,4.25
2023-04-24 01:00:00,7.370697,0.14881897,282.5561,99925.05,52.0,4.25
2023-04-24 02:00:00,6.9716644,-0.838562,282.37628,99925.625,52.0,4.25
2023-04-24 03:00:00,7.964432,-3.8094177,282.20813,99963.59,52.0,4.25
2023-04-24 04:00:00,7.945343,-7.488983,281.964,99999.01,52.0,4.25
2023-04-24 05:00:00,8.539124,-8.405914,281.7682,100095.95,52.0,4.25
2023-04-24 06:00:00,9.767548,-8.07962,281.50403,100251.766,52.0,4.25
2023-04-24 07:00:00,10.121033,-7.2051544,281.46765,100381.38,52.0,4.25
2023-04-24 08:00:00,10.095795,-5.6120605,281.9718,100508.81,52.0,4.25
2023-04-24 09:00:00,10.382355,-4.593292,282.45203,100614.12,52.0,4.25
2023-04-24 10:00:00,10.05098,-3.8044586,282.18243,100691.16,52.0,4.25
2023-04-24 11:00:00,10.169907,-3.5514526,282.2155,100761.336,52.0,4.25
2023-04-24 12:00:00,10.358871,-3.4767914,282.20767,100841.17,52.0,4.25
2023-04-24 13:00:00,10.584488,-3.1480103,282.28406,100887.34,52.0,4.25
2023-04-24 14:00:00,10.483978,-3.0595703,282.33234,100933.984,52.0,4.25
2023-04-24 15:00:00,9.886856,-3.4464111,282.53604,100941.09,52.0,4.25
2023-04-24 16:00:00,9.09346,-3.791916,282.01624,100955.08,52.0,4.25
2023-04-24 17:00:00,8.228363,-3.9121094,281.79208,100985.914,52.0,4.25
2023-04-24 18:00:00,7.287445,-4.223984,281.31262,100987.36,52.0,4.25
2023-04-24 19:00:00,6.4641113,-4.8870087,280.8882,101042.016,52.0,4.25
2023-04-24 20:00:00,5.422928,-5.2621307,280.74637,101108.02,52.0,4.25
2023-04-24 21:00:00,4.3032837,-5.7471466,280.515,101114.09,52.0,4.25
2023-04-24 22:00:00,2.9810486,-6.94722,279.901,101119.27,52.0,4.25
2023-04-24 23:00:00,2.5765228,-6.8948975,279.87555,101126.6,52.0,4.25
2023-04-25 00:00:00,2.1633453,-6.758148,279.42886,101155.55,52.0,4.25
2023-04-25 01:00:00,2.1562805,-6.247986,279.03073,101158.016,52.0,4.25
2023-04-25 02:00:00,2.7375183,-5.6782074,278.96283,101212.34,52.0,4.25
2023-04-25 03:00:00,3.0347443,-5.89653,278.8926,101236.516,52.0,4.25
2023-04-25 04:00:00,2.6891937,-6.6139526,279.00763,101253.65,52.0,4.25
2023-04-25 05:00:00,2.2199097,-6.8949585,278.97125,101292.984,52.0,4.25
2023-04-25 06:00:00,2.3155975,-6.6963654,279.48798,101364.96,52.0,4.25
2023-04-25 07:00:00,2.5751648,-6.889862,279.9931,101432.1,52.0,4.25
2023-04-25 08:00:00,3.0236511,-6.9178467,280.51016,101483.56,52.0,4.25
2023-04-25 09:00:00,3.626175,-7.030548,280.92548,101574.57,52.0,4.25
2023-04-25 10:00:00,3.8916016,-5.729645,281.21353,101664.66,52.0,4.25
2023-04-25 11:00:00,4.314926,-5.934326,281.37976,101706.13,52.0,4.25
2023-04-25 12:00:00,4.297699,-6.1305084,281.48883,101737.16,52.0,4.25
2023-04-25 13:00:00,4.2906036,-6.2920074,281.47922,101752.74,52.0,4.25
2023-04-25 14:00:00,4.335388,-6.476059,281.71124,101775.33,52.0,4.25
2023-04-25 15:00:00,4.284256,-6.550705,281.62607,101815.64,52.0,4.25
2023-04-25 16:00:00,4.1503143,-6.520584,281.48242,101837.3,52.0,4.25
2023-04-25 17:00:00,3.877777,-6.6911774,281.0103,101864.19,52.0,4.25
2023-04-25 18:00:00,3.15065,-6.3269806,280.56366,101873.53,52.0,4.25
2023-04-25 19:00:00,2.7947388,-6.0226135,279.48785,101916.06,52.0,4.25
2023-04-25 20:00:00,2.252472,-5.7876434,279.01648,101960.734,52.0,4.25
2023-04-25 21:00:00,1.9009094,-5.41098,278.50763,101955.43,52.0,4.25
2023-04-25 22:00:00,1.7328949,-4.671631,277.82523,101987.28,52.0,4.25
2023-04-25 23:00:00,1.6448517,-4.216507,276.96576,101991.6,52.0,4.25
2023-04-26 00:00:00,1.5793152,-3.4502106,276.41818,101964.164,52.0,4.25
2023-04-26 01:00:00,1.9800415,-2.7474823,275.6921,101975.78,52.0,4.25
2023-04-26 02:00:00,2.4674377,-2.6566925,275.15915,101979.27,52.0,4.25
2023-04-26 03:00:00,2.632965,-2.6553497,275.20544,101959.836,52.0,4.25
2023-04-26 04:00:00,2.4213867,-2.6701508,275.59247,101930.766,52.0,4.25
2023-04-26 05:00:00,2.158493,-2.4028168,276.21326,101933.875,52.0,4.25
2023-04-26 06:00:00,2.041031,-1.9346771,277.99884,101963.33,52.0,4.25
2023-04-26 07:00:00,1.8778381,-1.358902,279.61005,101999.84,52.0,4.25
2023-04-26 08:00:00,2.127594,-2.178772,280.34708,102017.02,52.0,4.25
2023-04-26 09:00:00,1.9345703,-2.636963,280.57788,102004.19,52.0,4.25
2023-04-26 10:00:00,1.5934143,-1.9777527,281.19598,102027.78,52.0,4.25
2023-04-26 11:00:00,1.8193359,-2.0804443,281.58667,101999.55,52.0,4.25
2023-04-26 12:00:00,2.1135254,-2.5295715,281.8387,101984.8,52.0,4.25
2023-04-26 13:00:00,2.0375671,-3.1322784,281.98325,101993.15,52.0,4.25
2023-04-26 14:00:00,1.6489868,-3.5768738,282.23407,101999.01,52.0,4.25
2023-04-26 15:00:00,0.92858887,-3.877777,282.1723,101983.03,52.0,4.25
2023-04-26 16:00:00,0.24876404,-3.9591827,282.05502,101969.914,52.0,4.25
2023-04-26 17:00:00,-0.4345703,-4.13385,281.77283,101977.766,52.0,4.25
2023-04-26 18:00:00,-1.0135345,-4.0614014,281.1756,101995.03,52.0,4.25
2023-04-26 19:00:00,-1.7844543,-3.7044525,279.6855,102024.54,52.0,4.25
2023-04-26 20:00:00,-2.7667847,-2.8616333,278.8129,102055.39,52.0,4.25
2023-04-26 21:00:00,-3.4430542,-2.0433502,277.93286,102041.914,52.0,4.25
2023-04-26 22:00:00,-4.2589417,-1.1360779,276.90186,102069.97,52.0,4.25
2023-04-26 23:00:00,-4.3204193,-0.5176544,276.2749,102083.25,52.0,4.25
2023-04-27 00:00:00,-4.0213165,-0.13626099,275.70056,102112.875,52.0,4.25
2023-04-27 01:00:00,-4.3125763,0.46429443,275.34662,102125.734,52.0,4.25
2023-04-27 02:00:00,-5.308258,1.1811981,275.40204,102064.53,52.0,4.25
2023-04-27 03:00:00,-5.4632263,1.8891144,275.5101,102053.36,52.0,4.25
2023-04-27 04:00:00,-4.571869,2.5182648,275.57425,102094.94,52.0,4.25
2023-04-27 05:00:00,-4.910324,3.3490906,275.72,102103.34,52.0,4.25
2023-04-27 06:00:00,-4.9192657,3.9076538,277.53992,102084.72,52.0,4.25
2023-04-27 07:00:00,-3.8079681,3.4711304,279.6544,102113.484,52.0,4.25
2023-04-27 08:00:00,-3.5675812,3.5986023,281.07788,102103.28,52.0,4.25
2023-04-27 09:00:00,-3.3752441,3.6531525,282.13934,102115.45,52.0,4.25
2023-04-27 10:00:00,-3.063614,3.8246155,283.6167,102092.33,52.0,4.25
2023-04-27 11:00:00,-3.4115753,3.328308,284.41736,102046.42,52.0,4.25
2023-04-27 12:00:00,-3.6733398,2.7155762,285.1377,102004.65,52.0,4.25
2023-04-27 13:00:00,-3.9475708,2.1581573,285.3653,101956.31,52.0,4.25
2023-04-27 14:00:00,-4.5468445,1.4932098,285.26788,101897.71,52.0,4.25
2023-04-27 15:00:00,-5.4955597,1.7148438,285.217,101832.36,52.0,4.25
2023-04-27 16:00:00,-6.296997,1.70784,284.9357,101762.734,52.0,4.25
2023-04-27 17:00:00,-5.9390717,1.3656006,284.55368,101736.31,52.0,4.25
2023-04-27 18:00:00,-6.6786804,1.1725159,284.02966,101693.53,52.0,4.25
2023-04-27 19:00:00,-7.09816,1.2845764,283.63022,101656.19,52.0,4.25
2023-04-27 20:00:00,-7.4791565,1.284729,283.1676,101677.875,52.0,4.25
2023-04-27 21:00:00,-8.426041,2.062622,282.6947,101590.08,52.0,4.25
2023-04-27 22:00:00,-8.868607,1.9906616,282.43695,101501.05,52.0,4.25
2023-04-27 23:00:00,-9.211319,3.431778,282.31207,101420.56,52.0,4.25
2023-04-28 00:00:00,-8.061371,3.212265,281.95367,101369.06,52.0,4.25
2023-04-28 01:00:00,-7.8436737,3.0151215,281.42932,101265.97,52.0,4.25
2023-04-28 02:00:00,-8.061111,2.3068695,281.36725,101190.59,52.0,4.25
2023-04-28 03:00:00,-7.5133057,2.7804718,280.99857,101113.42,52.0,4.25
2023-04-28 04:00:00,-7.162628,3.4821625,281.01175,101032.086,52.0,4.25
2023-04-28 05:00:00,-6.2619324,3.8479614,281.22998,100993.15,52.0,4.25
2023-04-28 06:00:00,-5.0989227,4.870636,281.61124,100970.766,52.0,4.25
2023-04-28 07:00:00,-2.6587982,5.478897,282.5244,100962.58,52.0,4.25
2023-04-28 08:00:00,0.74905396,4.8027954,283.67767,100926.44,52.0,4.25
2023-04-28 09:00:00,4.3363037,4.137512,284.80884,100927.164,52.0,4.25
2023-04-28 10:00:00,7.9660187,4.5372925,284.96857,100989.79,52.0,4.25
2023-04-28 11:00:00,9.738098,3.1815338,285.2398,100991.83,52.0,4.25
2023-04-28 12:00:00,10.059143,2.165741,285.38925,101018.58,52.0,4.25
2023-04-28 13:00:00,9.689117,1.7383423,285.12653,101055.555,52.0,4.25
2023-04-28 14:00:00,10.250519,1.4607086,285.31976,101085.555,52.0,4.25
2023-04-28 15:00:00,8.8259735,1.154129,285.258,101078.61,52.0,4.25
2023-04-28 16:00:00,7.8825073,-0.00021362305,284.90845,101115.75,52.0,4.25
2023-04-28 17:00:00,7.0070343,-1.842102,284.32526,101150.18,52.0,4.25
2023-04-28 18:00:00,6.2951965,-2.9805145,283.73895,101206.24,52.0,4.25
2023-04-28 19:00:00,6.1415863,-3.9686584,283.03174,101264.81,52.0,4.25
2023-04-28 20:00:00,5.6157227,-4.9657593,282.42044,101368.516,52.0,4.25
2023-04-28 21:00:00,4.363083,-5.7181854,282.10242,101430.54,52.0,4.25
2023-04-28 22:00:00,1.7587128,-5.8651123,281.94156,101486.414,52.0,4.25
2023-04-28 23:00:00,1.7684326,-5.7091827,281.83813,101533.55,52.0,4.25
2023-04-29 00:00:00,2.0999146,-5.9843903,281.91797,101584.22,52.0,4.25
2023-04-29 01:00:00,2.0923157,-6.20784,281.9358,101623.484,52.0,4.25
2023-04-29 02:00:00,1.7874603,-6.645096,281.95032,101670.484,52.0,4.25
2023-04-29 03:00:00,1.0384521,-6.796173,281.94525,101712.55,52.0,4.25
2023-04-29 04:00:00,0.33015442,-6.7141876,281.83057,101757.31,52.0,4.25
2023-04-29 05:00:00,-0.16340637,-6.3101807,281.72092,101809.34,52.0,4.25
2023-04-29 06:00:00,-0.56703186,-5.815613,282.3155,101879.59,52.0,4.25
2023-04-29 07:00:00,-1.4981842,-5.6571503,283.06772,101959.28,52.0,4.25
2023-04-29 08:00:00,-1.3529968,-4.625168,283.7495,102013.73,52.0,4.25
2023-04-29 09:00:00,-1.3166199,-4.325119,284.40137,102051.61,52.0,4.25
2023-04-29 10:00:00,-0.73202515,-4.3519135,285.0738,102089.555,52.0,4.25
2023-04-29 11:00:00,-0.59936523,-4.3672028,285.76788,102105.85,52.0,4.25
2023-04-29 12:00:00,-0.38414,-4.2491302,286.35712,102125.02,52.0,4.25
2023-04-29 13:00:00,0.26333618,-4.2804565,286.37088,102138.836,52.0,4.25
2023-04-29 14:00:00,1.0519104,-4.8200073,286.5504,102170.39,52.0,4.25
2023-04-29 15:00:00,1.2446289,-5.4403534,286.5735,102192.195,52.0,4.25
2023-04-29 16:00:00,0.95344543,-5.877411,286.045,102218.25,52.0,4.25
2023-04-29 17:00:00,0.19630432,-5.968292,285.51135,102231.875,52.0,4.25
2023-04-29 18:00:00,-0.89097595,-5.9778137,284.54254,102239.49,52.0,4.25
2023-04-29 19:00:00,-2.3146515,-5.9174347,283.2936,102254.734,52.0,4.25
2023-04-29 20:00:00,-3.582962,-5.0905457,282.02246,102308.61,52.0,4.25
2023-04-29 21:00:00,-4.0910034,-4.0058594,281.16583,102340.61,52.0,4.25
2023-04-29 22:00:00,-4.241394,-3.2751617,280.32126,102356.09,52.0,4.25
2023-04-29 23:00:00,-4.699234,-2.3833618,279.81378,102375.17,52.0,4.25
2023-04-30 00:00:00,-5.204956,-1.439331,279.49292,102378.97,52.0,4.25
2023-04-30 01:00:00,-5.182144,-0.23208618,279.1903,102378.66,52.0,4.25
2023-04-30 02:00:00,-4.8766785,0.68540955,278.4651,102387.91,52.0,4.25
2023-04-30 03:00:00,-4.769211,1.0671234,278.62372,102374.53,52.0,4.25
2023-04-30 04:00:00,-4.7713013,1.178421,278.27258,102371.34,52.0,4.25
2023-04-30 05:00:00,-4.8052216,1.4171295,278.57312,102382.945,52.0,4.25
2023-04-30 06:00:00,-4.504074,1.4876709,280.79736,102379.34,52.0,4.25
2023-04-30 07:00:00,-3.6984406,1.3647308,282.6037,102396.234,52.0,4.25
2023-04-30 08:00:00,-3.4432068,1.3076782,284.09717,102421.04,52.0,4.25
2023-04-30 09:00:00,-3.5302734,1.189682,285.5815,102407.31,52.0,4.25
2023-04-30 10:00:00,-3.4481812,0.76597595,286.8022,102371.58,52.0,4.25
2023-04-30 11:00:00,-3.473175,0.28871155,287.58484,102329.69,52.0,4.25
2023-04-30 12:00:00,-3.9607239,-0.10256958,288.45187,102270.36,52.0,4.25
2023-04-30 13:00:00,-4.1568756,-0.28718567,288.9856,102218.28,52.0,4.25
2023-04-30 14:00:00,-4.086212,-0.27046204,289.25275,102161.98,52.0,4.25
2023-04-30 15:00:00,-4.0068054,0.046524048,289.38373,102116.484,52.0,4.25
2023-04-30 16:00:00,-4.209656,0.15527344,289.25955,102071.57,52.0,4.25
2023-04-30 17:00:00,-4.48645,-0.1563263,288.8191,102029.695,52.0,4.25
2023-04-30 18:00:00,-4.809555,0.046783447,287.8935,101976.71,52.0,4.25
2023-04-30 19:00:00,-5.116165,0.41885376,286.69766,101962.305,52.0,4.25
2023-04-30 20:00:00,-5.8592987,0.7900543,285.40094,101978.3,52.0,4.25
2023-04-30 21:00:00,-6.5126343,1.2943573,284.62994,101938.8,52.0,4.25
2023-04-30 22:00:00,-6.920105,1.7862701,284.6186,101899.39,52.0,4.25
2023-04-30 23:00:00,-6.2624664,2.631897,283.93378,101870.55,52.0,4.25
2023-05-01 00:00:00,-5.4091187,3.0055084,283.526,101828.42,52.0,4.25
2023-05-01 01:00:00,-4.8204803,2.9135284,283.20258,101744.83,52.0,4.25
2023-05-01 02:00:00,-4.4121246,2.47612,282.97723,101669.96,52.0,4.25
2023-05-01 03:00:00,-3.832016,2.0335388,282.47406,101598.48,52.0,4.25
2023-05-01 04:00:00,-3.0496063,1.9288788,282.02203,101577.17,52.0,4.25
2023-05-01 05:00:00,-1.9775238,1.9611969,282.59045,101557.43,52.0,4.25
2023-05-01 06:00:00,-0.7289734,1.6649017,283.25897,101547.17,52.0,4.25
2023-05-01 07:00:00,0.72114563,0.7672577,284.2165,101541.71,52.0,4.25
2023-05-01 08:00:00,1.6694183,-0.48968506,285.46173,101554.8,52.0,4.25
2023-05-01 09:00:00,2.1907806,-1.50914,286.3355,101555.93,52.0,4.25
2023-05-01 10:00:00,2.7855682,-3.0049286,286.45972,101606.734,52.0,4.25
2023-05-01 11:00:00,2.309372,-3.1936798,286.88165,101640.92,52.0,4.25
2023-05-01 12:00:00,2.360794,-2.6688385,287.391,101635.47,52.0,4.25
2023-05-01 13:00:00,3.3137207,-2.3106537,287.52188,101632.94,52.0,4.25
2023-05-01 14:00:00,4.784317,-3.044342,287.50195,101645.91,52.0,4.25
2023-05-01 15:00:00,5.2944946,-3.681549,287.07837,101668.8,52.0,4.25
2023-05-01 16:00:00,4.79451,-3.4737396,286.72015,101688.016,52.0,4.25
2023-05-01 17:00:00,4.949234,-3.5602875,286.259,101714.2,52.0,4.25
2023-05-01 18:00:00,4.9272766,-3.3748932,285.19836,101774.016,52.0,4.25
2023-05-01 19:00:00,4.4697266,-3.7006683,283.9668,101832.09,52.0,4.25
2023-05-01 20:00:00,4.254013,-4.4317017,283.708,101889.51,52.0,4.25
2023-05-01 21:00:00,3.905014,-5.173828,283.74792,101933.01,52.0,4.25
2023-05-01 22:00:00,3.9237976,-5.0894775,283.6855,101987.2,52.0,4.25
2023-05-01 23:00:00,4.177902,-5.634018,283.80228,102046.32,52.0,4.25
2023-05-02 00:00:00,3.8336945,-6.4254,283.745,102104.63,52.0,4.25
2023-05-02 01:00:00,2.905243,-6.509369,283.51965,102147.67,52.0,4.25
2023-05-02 02:00:00,2.0037994,-6.8811493,282.94897,102176.22,52.0,4.25
2023-05-02 03:00:00,1.0100403,-7.2704315,282.4146,102241.66,52.0,4.25
2023-05-02 04:00:00,-0.066604614,-7.4254913,282.10022,102316.16,52.0,4.25
2023-05-02 05:00:00,-0.807251,-7.162201,281.90222,102384.86,52.0,4.25
2023-05-02 06:00:00,-1.3898163,-6.928116,282.11517,102465.42,52.0,4.25
2023-05-02 07:00:00,-1.4955902,-6.4385834,282.53134,102546.51,52.0,4.25
2023-05-02 08:00:00,-0.92440796,-5.9960327,282.95837,102615.375,52.0,4.25
2023-05-02 09:00:00,-0.73928833,-5.6896667,283.61963,102673.19,52.0,4.25
2023-05-02 10:00:00,-1.8034973,-4.78421,283.9165,102720.1,52.0,4.25
2023-05-02 11:00:00,-1.4051819,-4.129486,284.2459,102735.7,52.0,4.25
2023-05-02 12:00:00,-0.77111816,-3.9760742,284.3995,102767.41,52.0,4.25
2023-05-02 13:00:00,-0.13764954,-4.249222,284.52777,102813.625,52.0,4.25
2023-05-02 14:00:00,0.15820312,-4.7471313,284.5951,102851.195,52.0,4.25
2023-05-02 15:00:00,-0.009475708,-5.075531,284.297,102847.84,52.0,4.25
2023-05-02 16:00:00,-0.5245209,-5.727829,283.85663,102851.33,52.0,4.25
2023-05-02 17:00:00,-1.3524628,-5.955139,283.59283,102845.65,52.0,4.25
2023-05-02 18:00:00,-1.7748871,-5.848938,282.88736,102877.8,52.0,4.25
2023-05-02 19:00:00,-2.5644226,-5.6983337,281.6777,102909.305,52.0,4.25
2023-05-02 20:00:00,-3.7159576,-5.0381165,280.52686,102933.91,52.0,4.25
2023-05-02 21:00:00,-4.648224,-4.2244263,279.81516,102962.17,52.0,4.25
2023-05-02 22:00:00,-5.2998505,-3.3951874,279.27567,102946.78,52.0,4.25
2023-05-02 23:00:00,-5.3352203,-2.4634705,278.85565,102963.92,52.0,4.25
2023-05-03 00:00:00,-5.260376,-2.1077576,278.36884,102983.71,52.0,4.25
2023-05-03 01:00:00,-5.3638916,-2.034546,277.6867,102966.55,52.0,4.25
2023-05-03 02:00:00,-5.8600006,-1.7106934,277.47717,102932.016,52.0,4.25
2023-05-03 03:00:00,-5.8459473,-1.3049927,277.36264,102938.66,52.0,4.25
2023-05-03 04:00:00,-5.4241486,-1.0773468,276.79565,102955.7,52.0,4.25
2023-05-03 05:00:00,-5.899338,-0.3653412,277.43982,102966.78,52.0,4.25
2023-05-03 06:00:00,-5.96286,0.16619873,279.55914,102975.98,52.0,4.25
2023-05-03 07:00:00,-5.4930725,0.045639038,281.14386,102955.72,52.0,4.25
2023-05-03 08:00:00,-6.072464,-0.17338562,282.23355,102947.72,52.0,4.25
2023-05-03 09:00:00,-5.724869,-0.37898254,283.2885,102941.97,52.0,4.25
2023-05-03 10:00:00,-5.2178497,-0.625412,284.15332,102940.08,52.0,4.25
2023-05-03 11:00:00,-4.739517,-0.70262146,284.81018,102900.18,52.0,4.25
2023-05-03 12:00:00,-4.617035,-1.106781,285.62006,102844.25,52.0,4.25
2023-05-03 13:00:00,-4.982361,-1.7224731,286.16425,102756.86,52.0,4.25
2023-05-03 14:00:00,-5.36763,-2.1869965,286.62262,102680.41,52.0,4.25
2023-05-03 15:00:00,-5.69162,-2.4339142,286.85223,102612.734,52.0,4.25
2023-05-03 16:00:00,-6.05217,-2.4695282,286.90076,102563.25,52.0,4.25
2023-05-03 17:00:00,-6.458023,-2.3746185,286.48676,102545.69,52.0,4.25
2023-05-03 18:00:00,-6.3395844,-2.747406,285.83685,102514.43,52.0,4.25
2023-05-03 19:00:00,-7.067642,-3.36055,284.91885,102521.34,52.0,4.25
2023-05-03 20:00:00,-8.097076,-3.4687805,283.89307,102508.945,52.0,4.25
2023-05-03 21:00:00,-8.74408,-3.100998,283.37567,102487.16,52.0,4.25
2023-05-03 22:00:00,-9.185532,-2.949234,282.78052,102444.45,52.0,4.25
2023-05-03 23:00:00,-9.30043,-1.9541931,282.31396,102386.11,52.0,4.25
2023-05-04 00:00:00,-9.155563,-1.2692108,281.84198,102357.97,52.0,4.25
2023-05-04 01:00:00,-8.9878235,-1.1608734,281.37634,102300.42,52.0,4.25
2023-05-04 02:00:00,-8.945175,-1.0891418,280.9825,102258.33,52.0,4.25
2023-05-04 03:00:00,-8.87413,-0.7763214,280.6277,102213.305,52.0,4.25
2023-05-04 04:00:00,-8.663712,-0.44857788,280.21002,102178.64,52.0,4.25
2023-05-04 05:00:00,-8.3654785,-0.32987976,280.263,102152.14,52.0,4.25
2023-05-04 06:00:00,-8.189331,-0.49534607,281.2638,102135.75,52.0,4.25
2023-05-04 07:00:00,-7.458481,-0.4439087,282.80255,102107.13,52.0,4.25
2023-05-04 08:00:00,-7.2569885,-0.03665161,284.53583,102030.266,52.0,4.25
2023-05-04 09:00:00,-6.9851227,0.41859436,286.47964,101990.66,52.0,4.25
2023-05-04 10:00:00,-6.894562,0.69711304,288.47107,101921.23,52.0,4.25
2023-05-04 11:00:00,-6.903656,0.46792603,290.12244,101826.19,52.0,4.25
2023-05-04 12:00:00,-7.3345184,0.28938293,291.62384,101717.47,52.0,4.25
2023-05-04 13:00:00,-7.7474365,0.80841064,292.48303,101643.16,52.0,4.25
2023-05-04 14:00:00,-8.114975,1.6167603,293.1415,101554.22,52.0,4.25
2023-05-04 15:00:00,-7.9979706,2.3991241,293.58105,101467.22,52.0,4.25
2023-05-04 16:00:00,-6.9189606,3.0790253,293.70648,101443.85,52.0,4.25
2023-05-04 17:00:00,-6.6457214,2.403534,293.54004,101410.5,52.0,4.25
2023-05-04 18:00:00,-7.589798,2.074707,292.69617,101367.62,52.0,4.25
2023-05-04 19:00:00,-8.055374,2.648468,291.50128,101381.56,52.0,4.25
2023-05-04 20:00:00,-7.4304657,4.2595825,290.46613,101387.9,52.0,4.25
2023-05-04 21:00:00,-3.595398,6.015106,289.23993,101387.92,52.0,4.25
2023-05-04 22:00:00,1.8228607,5.157715,288.5446,101399.12,52.0,4.25
2023-05-04 23:00:00,7.1164703,1.3957214,287.63913,101463.83,52.0,4.25
2023-05-05 00:00:00,6.2733917,-0.97143555,286.8968,101461.47,52.0,4.25
2023-05-05 01:00:00,6.912796,0.5270386,286.28476,101470.36,52.0,4.25
2023-05-05 02:00:00,7.60968,1.2720947,285.69342,101464.664,52.0,4.25
2023-05-05 03:00:00,7.95076,2.0006256,285.1624,101487.234,52.0,4.25
2023-05-05 04:00:00,7.797882,2.7099915,284.9576,101505.61,52.0,4.25
2023-05-05 05:00:00,6.834366,2.438797,284.81058,101516.55,52.0,4.25
2023-05-05 06:00:00,6.102005,3.2312775,286.57056,101580.97,52.0,4.25
2023-05-05 07:00:00,5.2170715,3.018631,287.81262,101630.09,52.0,4.25
2023-05-05 08:00:00,4.803421,2.7309418,288.55194,101645.25,52.0,4.25
2023-05-05 09:00:00,4.585373,3.067047,288.4426,101676.64,52.0,4.25
2023-05-05 10:00:00,4.4391937,2.1456604,288.1949,101682.45,52.0,4.25
2023-05-05 11:00:00,4.8042145,2.1859283,287.81766,101689.59,52.0,4.25
2023-05-05 12:00:00,4.0842133,1.9579163,287.55466,101658.19,52.0,4.25
2023-05-05 13:00:00,2.4086456,2.1117554,286.64624,101655.45,52.0,4.25
2023-05-05 14:00:00,1.7830658,2.1711578,286.2011,101632.66,52.0,4.25
2023-05-05 15:00:00,2.6835175,2.0851746,287.0526,101612.95,52.0,4.25
2023-05-05 16:00:00,3.0554657,1.595993,287.7397,101589.82,52.0,4.25
2023-05-05 17:00:00,2.3343506,1.393219,288.27042,101595.69,52.0,4.25
2023-05-05 18:00:00,2.3909912,2.9654694,288.11688,101598.34,52.0,4.25
2023-05-05 19:00:00,0.6266937,3.1552582,286.16556,101615.27,52.0,4.25
2023-05-05 20:00:00,-0.018127441,3.7421417,285.00568,101647.0,52.0,4.25
2023-05-05 21:00:00,0.13600159,4.715988,285.0371,101657.22,52.0,4.25
2023-05-05 22:00:00,-0.016311646,6.1881256,285.33502,101648.7,52.0,4.25
2023-05-05 23:00:00,1.2157135,5.9913483,284.86142,101634.02,52.0,4.25
2023-05-06 00:00:00,1.9971466,5.2411957,284.48608,101601.875,52.0,4.25
2023-05-06 01:00:00,2.464264,4.88797,284.06348,101584.836,52.0,4.25
2023-05-06 02:00:00,2.717682,4.063141,283.57977,101580.19,52.0,4.25
2023-05-06 03:00:00,2.5088348,3.1332703,282.84894,101592.7,52.0,4.25
2023-05-06 04:00:00,2.044693,2.4812164,282.44174,101598.45,52.0,4.25
2023-05-06 05:00:00,1.1029816,2.1644135,282.6585,101615.08,52.0,4.25
2023-05-06 06:00:00,0.40553284,2.810196,284.4599,101646.625,52.0,4.25
2023-05-06 07:00:00,0.36297607,3.1335907,286.0423,101675.82,52.0,4.25
2023-05-06 08:00:00,0.07901001,2.6567078,287.56543,101686.06,52.0,4.25
2023-05-06 09:00:00,-0.5125122,2.5113373,288.76715,101671.89,52.0,4.25
2023-05-06 10:00:00,-0.6999817,2.4913025,289.9942,101665.336,52.0,4.25
2023-05-06 11:00:00,-0.38224792,2.9709778,290.55682,101610.05,52.0,4.25
2023-05-06 12:00:00,0.4308014,3.1367798,291.2135,101592.25,52.0,4.25
2023-05-06 13:00:00,1.3008881,2.2695618,291.47437,101614.2,52.0,4.25
2023-05-06 14:00:00,1.195694,0.92807007,291.36542,101591.56,52.0,4.25
2023-05-06 15:00:00,1.3445587,0.11361694,291.10205,101578.48,52.0,4.25
2023-05-06 16:00:00,1.1387482,-1.0619049,290.3496,101593.11,52.0,4.25
2023-05-06 17:00:00,1.0957794,-1.4307404,289.10742,101626.47,52.0,4.25
2023-05-06 18:00:00,0.058395386,-1.020462,287.91925,101593.375,52.0,4.25
2023-05-06 19:00:00,-1.9086761,-0.7899475,287.4008,101585.05,52.0,4.25
2023-05-06 20:00:00,-2.818985,-0.13310242,287.01202,101602.41,52.0,4.25
2023-05-06 21:00:00,-3.3102264,0.754303,287.0862,101603.44,52.0,4.25
2023-05-06 22:00:00,-2.7843475,1.7766113,286.7854,101612.516,52.0,4.25
2023-05-06 23:00:00,-3.2582855,2.3619843,286.51666,101614.19,52.0,4.25
2023-05-07 00:00:00,-3.483017,3.0636444,286.49335,101605.67,52.0,4.25
2023-05-07 01:00:00,-2.9239502,3.4308624,286.29968,101597.625,52.0,4.25
2023-05-07 02:00:00,-3.093811,3.9833832,286.1897,101553.97,52.0,4.25
2023-05-07 03:00:00,-3.1963348,4.6641083,285.904,101563.055,52.0,4.25
2023-05-07 04:00:00,-2.7806244,4.830536,285.86557,101568.61,52.0,4.25
2023-05-07 05:00:00,-1.6490173,4.5466003,286.1082,101594.35,52.0,4.25
2023-05-07 06:00:00,-0.6668091,3.8514862,286.64386,101627.66,52.0,4.25
2023-05-07 07:00:00,-0.5305786,2.7761993,287.27728,101646.14,52.0,4.25
2023-05-07 08:00:00,-0.522583,2.236084,288.18842,101669.06,52.0,4.25
2023-05-07 09:00:00,-0.92736816,2.066925,289.07855,101698.45,52.0,4.25
2023-05-07 10:00:00,-0.07316589,1.0994415,289.92957,101727.58,52.0,4.25
2023-05-07 11:00:00,-0.74835205,1.3291473,290.42633,101743.91,52.0,4.25
2023-05-07 12:00:00,-0.42227173,2.4538116,290.8477,101765.664,52.0,4.25
2023-05-07 13:00:00,1.7846375,1.7838593,290.80493,101793.17,52.0,4.25
2023-05-07 14:00:00,3.7766113,0.3097992,290.49945,101811.67,52.0,4.25
2023-05-07 15:00:00,3.2378693,-1.9781494,289.95352,101869.7,52.0,4.25
2023-05-07 16:00:00,1.8194275,-1.7052917,288.6181,101873.016,52.0,4.25
2023-05-07 17:00:00,1.5985718,-1.8800201,288.4056,101890.375,52.0,4.25
2023-05-07 18:00:00,0.42570496,-2.4909668,288.29163,101908.89,52.0,4.25
2023-05-07 19:00:00,-0.13819885,-2.1344604,288.17413,101946.16,52.0,4.25
2023-05-07 20:00:00,-0.43833923,-1.3081818,286.67987,102025.39,52.0,4.25
2023-05-07 21:00:00,0.7299957,-0.7937622,287.8932,102058.48,52.0,4.25
2023-05-07 22:00:00,2.5619965,-1.7745667,284.8978,102091.375,52.0,4.25
2023-05-07 23:00:00,2.4717102,-1.5787354,284.16238,102094.68,52.0,4.25
2023-05-08 00:00:00,2.724701,-1.8433228,284.31036,102102.734,52.0,4.25
2023-05-08 01:00:00,2.8729248,-2.1390991,283.95258,102103.39,52.0,4.25
2023-05-08 02:00:00,2.4627533,-1.9295654,283.78766,102079.95,52.0,4.25
2023-05-08 03:00:00,1.5025024,-1.3252106,283.64502,102071.21,52.0,4.25
2023-05-08 04:00:00,1.2580719,-1.0458832,283.69394,102056.84,52.0,4.25
2023-05-08 05:00:00,1.5173187,-0.51579285,284.10245,102106.19,52.0,4.25
2023-05-08 06:00:00,1.0983124,0.3334961,284.7119,102172.58,52.0,4.25
2023-05-08 07:00:00,0.411438,1.2641144,285.2746,102161.5,52.0,4.25
2023-05-08 08:00:00,0.3704834,2.8516846,285.87512,102141.74,52.0,4.25
2023-05-08 09:00:00,2.027237,3.6650543,286.91333,102141.41,52.0,4.25
2023-05-08 10:00:00,2.7783356,2.9035187,288.16602,102160.22,52.0,4.25
2023-05-08 11:00:00,3.3315735,3.2047577,288.79105,102148.7,52.0,4.25
2023-05-08 12:00:00,3.933487,3.0767822,289.14008,102110.61,52.0,4.25
2023-05-08 13:00:00,3.8912354,2.8389435,289.2115,102080.625,52.0,4.25
2023-05-08 14:00:00,4.0021667,2.8638153,289.0695,102068.14,52.0,4.25
2023-05-08 15:00:00,4.5500946,2.4928284,288.55252,102051.72,52.0,4.25
2023-05-08 16:00:00,4.6568756,2.1868286,288.08566,102002.01,52.0,4.25
2023-05-08 17:00:00,4.1338196,2.0575104,287.29645,101991.945,52.0,4.25
2023-05-08 18:00:00,4.314102,2.0110931,286.81665,101987.28,52.0,4.25
2023-05-08 19:00:00,3.2434845,2.519455,286.70654,101977.06,52.0,4.25
2023-05-08 20:00:00,2.5575562,3.3626862,286.42352,101979.56,52.0,4.25
2023-05-08 21:00:00,1.8618927,4.1803284,286.14084,101941.47,52.0,4.25
2023-05-08 22:00:00,0.056411743,4.780319,286.62604,101868.08,52.0,4.25
2023-05-08 23:00:00,-0.41744995,5.684677,286.63354,101795.59,52.0,4.25
2023-05-09 00:00:00,-0.1386261,6.7326355,286.57037,101745.914,52.0,4.25
2023-05-09 01:00:00,-0.06411743,6.8609924,286.6607,101662.305,52.0,4.25
2023-05-09 02:00:00,-0.11123657,7.277298,286.57816,101582.61,52.0,4.25
2023-05-09 03:00:00,-0.34240723,7.3265076,286.52658,101534.2,52.0,4.25
2023-05-09 04:00:00,-0.4189453,7.456238,286.5903,101459.3,52.0,4.25
2023-05-09 05:00:00,-0.1541748,7.8745728,286.6136,101403.484,52.0,4.25
2023-05-09 06:00:00,-0.21458435,8.167923,286.65918,101348.33,52.0,4.25
2023-05-09 07:00:00,-0.37242126,7.9926453,286.70996,101264.93,52.0,4.25
2023-05-09 08:00:00,-0.6145172,8.07132,286.7835,101195.67,52.0,4.25
2023-05-09 09:00:00,0.49542236,8.162445,286.97662,101146.71,52.0,4.25
2023-05-09 10:00:00,0.9999695,7.2198944,286.9251,101112.58,52.0,4.25
2023-05-09 11:00:00,1.1820526,7.6585846,286.9392,101063.56,52.0,4.25
2023-05-09 12:00:00,1.9099731,7.988678,287.0229,101004.78,52.0,4.25
2023-05-09 13:00:00,3.4380798,7.566101,286.6399,100974.92,52.0,4.25
2023-05-09 14:00:00,5.188141,5.829254,286.46982,100936.766,52.0,4.25
2023-05-09 15:00:00,5.7976837,2.923172,286.2442,100905.484,52.0,4.25
2023-05-09 16:00:00,5.247925,0.97058105,286.15942,100852.14,52.0,4.25
2023-05-09 17:00:00,4.762314,0.088378906,286.0916,100845.14,52.0,4.25
2023-05-09 18:00:00,4.2275085,0.19355774,286.06586,100834.625,52.0,4.25
2023-05-09 19:00:00,4.732422,-0.11035156,285.7495,100859.06,52.0,4.25
2023-05-09 20:00:00,5.3619995,-0.4482422,285.3676,100878.83,52.0,4.25
2023-05-09 21:00:00,5.2669067,-0.8321533,285.05994,100887.484,52.0,4.25
2023-05-09 22:00:00,4.634552,-0.69558716,284.89044,100862.96,52.0,4.25
2023-05-09 23:00:00,5.0667877,0.011383057,284.4095,100836.4,52.0,4.25
2023-05-10 00:00:00,4.155075,-0.096954346,283.8568,100826.89,52.0,4.25
2023-05-10 01:00:00,4.2627563,0.29992676,284.20657,100841.83,52.0,4.25
2023-05-10 02:00:00,4.866562,0.112091064,284.55115,100848.234,52.0,4.25
2023-05-10 03:00:00,5.0463104,-0.06477356,284.73248,100886.0,52.0,4.25
2023-05-10 04:00:00,4.6490784,-0.60424805,284.58038,100914.164,52.0,4.25
2023-05-10 05:00:00,4.4302826,-1.0185547,284.50848,100941.05,52.0,4.25
2023-05-10 06:00:00,4.1420593,-0.93107605,284.60916,100983.72,52.0,4.25
2023-05-10 07:00:00,3.8955688,-0.6932831,284.82703,101036.945,52.0,4.25
2023-05-10 08:00:00,3.13768,-0.43502808,285.15295,101048.0,52.0,4.25
2023-05-10 09:00:00,3.0655365,-0.41966248,286.02734,101099.59,52.0,4.25
2023-05-10 10:00:00,3.599533,0.45796204,286.27026,101172.34,52.0,4.25
2023-05-10 11:00:00,4.6451416,-0.034973145,286.6073,101196.12,52.0,4.25
2023-05-10 12:00:00,5.3495636,-1.187027,286.34604,101228.94,52.0,4.25
2023-05-10 13:00:00,4.774582,-1.8735962,286.77258,101266.31,52.0,4.25
2023-05-10 14:00:00,4.030533,-1.9038391,285.6402,101282.39,52.0,4.25
2023-05-10 15:00:00,3.4129486,-1.0357208,285.78262,101296.945,52.0,4.25
2023-05-10 16:00:00,3.6779785,-1.1549683,286.02698,101290.78,52.0,4.25
2023-05-10 17:00:00,2.8811646,-1.1924896,285.60565,101305.7,52.0,4.25
2023-05-10 18:00:00,2.555008,-0.7494507,285.3415,101363.07,52.0,4.25
2023-05-10 19:00:00,2.8292847,-0.72831726,284.935,101386.66,52.0,4.25
2023-05-10 20:00:00,1.5823822,-0.5754852,284.21085,101428.05,52.0,4.25
2023-05-10 21:00:00,1.518692,0.0016784668,284.243,101437.24,52.0,4.25
2023-05-10 22:00:00,2.5731506,0.56040955,284.733,101406.09,52.0,4.25
2023-05-10 23:00:00,2.0153503,0.88423157,284.40036,101437.484,52.0,4.25
2023-05-11 00:00:00,1.5440674,0.6230469,283.91257,101449.31,52.0,4.25
2023-05-11 01:00:00,0.9955292,0.99368286,284.0611,101442.95,52.0,4.25
2023-05-11 02:00:00,0.885437,1.4751892,283.95682,101423.125,52.0,4.25
2023-05-11 03:00:00,1.021347,1.6388092,283.54947,101448.67,52.0,4.25
2023-05-11 04:00:00,0.65475464,1.2569122,283.37415,101450.72,52.0,4.25
2023-05-11 05:00:00,0.3099823,1.1510162,284.11475,101456.4,52.0,4.25
2023-05-11 06:00:00,0.17874146,1.2017822,284.57208,101518.055,52.0,4.25
2023-05-11 07:00:00,0.1424408,1.230133,285.26096,101528.28,52.0,4.25
2023-05-11 08:00:00,0.6787567,1.1108704,286.107,101563.16,52.0,4.25
2023-05-11 09:00:00,0.7645874,0.378479,286.6481,101577.82,52.0,4.25
2023-05-11 10:00:00,1.590683,-2.4575653,286.56473,101576.74,52.0,4.25
2023-05-11 11:00:00,0.9901581,-3.5644226,286.9287,101604.52,52.0,4.25
2023-05-11 12:00:00,0.2554016,-3.9700928,287.2942,101600.86,52.0,4.25
2023-05-11 13:00:00,-0.26986694,-4.241638,287.64343,101612.65,52.0,4.25
2023-05-11 14:00:00,-0.4189453,-3.6507416,287.70294,101609.15,52.0,4.25
2023-05-11 15:00:00,-0.18473816,-4.6302795,287.84363,101595.125,52.0,4.25
2023-05-11 16:00:00,-0.587265,-4.9109344,287.90155,101598.32,52.0,4.25
2023-05-11 17:00:00,-0.97792053,-5.9833984,287.10962,101587.47,52.0,4.25
2023-05-11 18:00:00,-2.3170776,-6.036789,286.8075,101624.516,52.0,4.25
2023-05-11 19:00:00,-3.3046875,-5.90419,286.449,101645.34,52.0,4.25
2023-05-11 20:00:00,-3.4246674,-6.030319,286.1582,101706.0,52.0,4.25
2023-05-11 21:00:00,-3.5683594,-6.2776947,286.03705,101733.04,52.0,4.25
2023-05-11 22:00:00,-2.7025146,-6.879257,285.39923,101760.47,52.0,4.25
2023-05-11 23:00:00,-2.7929688,-7.1717987,285.1255,101753.8,52.0,4.25
2023-05-12 00:00:00,-2.7173615,-7.336853,284.79504,101770.19,52.0,4.25
2023-05-12 01:00:00,-2.570465,-7.615448,284.42865,101753.0,52.0,4.25
2023-05-12 02:00:00,-2.1688538,-8.266266,284.26575,101736.6,52.0,4.25
2023-05-12 03:00:00,-1.4049377,-8.137268,284.07608,101723.61,52.0,4.25
2023-05-12 04:00:00,-0.2035675,-9.153702,284.004,101698.1,52.0,4.25
2023-05-12 05:00:00,-0.8482666,-9.718155,284.14386,101674.42,52.0,4.25
2023-05-12 06:00:00,-2.7561188,-9.100204,284.25494,101707.39,52.0,4.25
2023-05-12 07:00:00,-5.350281,-7.695755,284.72125,101700.69,52.0,4.25
2023-05-12 08:00:00,-7.869873,-5.963394,285.95178,101735.74,52.0,4.25
2023-05-12 09:00:00,-8.431168,-4.021942,287.68048,101760.56,52.0,4.25
2023-05-12 10:00:00,-7.900406,-2.9646301,289.35513,101804.53,52.0,4.25
2023-05-12 11:00:00,-6.8688507,-3.3988037,290.2784,101820.5,52.0,4.25
2023-05-12 12:00:00,-6.3956604,-3.5328064,290.77386,101851.32,52.0,4.25
2023-05-12 13:00:00,-6.025772,-4.1332703,291.16547,101890.34,52.0,4.25
2023-05-12 14:00:00,-5.5645294,-5.064743,291.32782,101892.55,52.0,4.25
2023-05-12 15:00:00,-4.747864,-5.976639,291.5232,101903.91,52.0,4.25
2023-05-12 16:00:00,-3.5294037,-6.8544617,291.04834,101933.234,52.0,4.25
2023-05-12 17:00:00,-4.086548,-7.411499,289.83554,101963.03,52.0,4.25
2023-05-12 18:00:00,-4.654068,-6.624634,289.3808,102005.07,52.0,4.25
2023-05-12 19:00:00,-4.530121,-6.6907196,289.09644,102032.125,52.0,4.25
2023-05-12 20:00:00,-4.604004,-7.1719513,288.33472,102098.25,52.0,4.25
2023-05-12 21:00:00,-4.6970367,-7.503433,287.92627,102129.06,52.0,4.25
2023-05-12 22:00:00,-4.4605255,-7.1625214,287.25787,102187.7,52.0,4.25
2023-05-12 23:00:00,-4.754837,-6.640167,287.03235,102218.125,52.0,4.25
2023-05-13 00:00:00,-4.3176727,-6.7205505,286.6162,102207.766,52.0,4.25
2023-05-13 01:00:00,-3.583603,-7.4986267,286.10132,102195.84,52.0,4.25
2023-05-13 02:00:00,-3.089569,-8.531494,285.6254,102184.73,52.0,4.25
2023-05-13 03:00:00,-2.9797058,-9.107056,285.31418,102184.69,52.0,4.25
2023-05-13 04:00:00,-3.228485,-9.110352,285.07275,102207.34,52.0,4.25
2023-05-13 05:00:00,-3.579193,-8.630753,285.4673,102220.68,52.0,4.25
2023-05-13 06:00:00,-3.609558,-7.9820404,286.4715,102255.53,52.0,4.25
2023-05-13 07:00:00,-2.9375153,-7.2595215,287.623,102258.016,52.0,4.25
2023-05-13 08:00:00,-2.429535,-7.430435,288.61456,102280.805,52.0,4.25
2023-05-13 09:00:00,-2.0369873,-7.9353027,289.30786,102271.61,52.0,4.25
2023-05-13 10:00:00,-1.8867188,-8.123322,289.7151,102285.125,52.0,4.25
2023-05-13 11:00:00,-1.8525391,-8.250702,290.18536,102245.57,52.0,4.25
2023-05-13 12:00:00,-1.910553,-7.981064,290.51797,102218.016,52.0,4.25
2023-05-13 13:00:00,-1.6523743,-7.768631,290.88318,102217.914,52.0,4.25
2023-05-13 14:00:00,-1.3186798,-7.612564,290.90134,102203.39,52.0,4.25
2023-05-13 15:00:00,-0.8031006,-7.8487244,290.87555,102174.28,52.0,4.25
2023-05-13 16:00:00,-0.6032715,-8.5529785,290.72864,102152.664,52.0,4.25
2023-05-13 17:00:00,-0.9289856,-8.672058,289.76947,102118.88,52.0,4.25
2023-05-13 18:00:00,-1.5347748,-8.936523,288.61432,102130.42,52.0,4.25
2023-05-13 19:00:00,-2.1304474,-8.863525,287.41345,102157.09,52.0,4.25
2023-05-13 20:00:00,-2.7631989,-8.557007,286.24524,102184.9,52.0,4.25
2023-05-13 21:00:00,-2.9724426,-8.409607,285.53946,102178.586,52.0,4.25
2023-05-13 22:00:00,-1.990036,-8.083237,284.96033,102192.36,52.0,4.25
2023-05-13 23:00:00,-2.284027,-7.700165,284.68506,102170.31,52.0,4.25
2023-05-14 00:00:00,-2.3100586,-7.1902466,284.52975,102126.2,52.0,4.25
2023-05-14 01:00:00,-2.014267,-6.8020477,284.25195,102089.69,52.0,4.25
2023-05-14 02:00:00,-1.318222,-7.021164,283.97827,102037.81,52.0,4.25
2023-05-14 03:00:00,-0.73553467,-7.2441406,283.82373,102023.66,52.0,4.25
2023-05-14 04:00:00,-0.70440674,-7.2003784,283.88824,102000.695,52.0,4.25
2023-05-14 05:00:00,-0.4943695,-7.279953,283.982,101990.87,52.0,4.25
2023-05-14 06:00:00,-0.29936218,-7.3682404,284.82867,102025.7,52.0,4.25
2023-05-14 07:00:00,-0.3883667,-6.937454,285.2966,102024.75,52.0,4.25
2023-05-14 08:00:00,-0.7413025,-6.281006,285.91858,102021.3,52.0,4.25
2023-05-14 09:00:00,-0.8720856,-5.4577637,286.5963,101986.47,52.0,4.25
2023-05-14 10:00:00,-0.30610657,-4.681183,287.4651,101965.16,52.0,4.25
2023-05-14 11:00:00,0.65444946,-4.440216,288.2451,101921.38,52.0,4.25
2023-05-14 12:00:00,1.7792053,-4.697174,288.8039,101894.89,52.0,4.25
2023-05-14 13:00:00,2.9647827,-5.20282,288.6161,101860.29,52.0,4.25
2023-05-14 14:00:00,3.8062134,-5.8772125,287.58768,101838.39,52.0,4.25
2023-05-14 15:00:00,3.727707,-6.440048,286.32996,101824.125,52.0,4.25
2023-05-14 16:00:00,3.1157227,-6.358078,285.6651,101801.95,52.0,4.25
2023-05-14 17:00:00,2.2122803,-6.013397,285.19977,101785.24,52.0,4.25
2023-05-14 18:00:00,1.3398285,-5.302704,284.61456,101781.2,52.0,4.25
2023-05-14 19:00:00,0.5038452,-4.5811005,283.88348,101775.72,52.0,4.25
2023-05-14 20:00:00,0.12055969,-4.0681915,283.19702,101774.27,52.0,4.25
2023-05-14 21:00:00,0.49049377,-3.7453308,282.42432,101767.11,52.0,4.25
2023-05-14 22:00:00,1.2171783,-3.9163666,282.18613,101738.14,52.0,4.25
2023-05-14 23:00:00,1.379242,-3.1954498,281.58923,101711.8,52.0,4.25
2023-05-15 00:00:00,2.302948,-2.762085,281.32883,101663.59,52.0,4.25
2023-05-15 01:00:00,3.7950745,-2.9794464,281.49774,101613.25,52.0,4.25
2023-05-15 02:00:00,4.1612244,-3.2276459,281.56396,101593.47,52.0,4.25
2023-05-15 03:00:00,3.8863678,-3.2778168,281.48102,101587.195,52.0,4.25
2023-05-15 04:00:00,3.2372742,-3.0753784,281.53693,101571.445,52.0,4.25
2023-05-15 05:00:00,2.8551483,-2.6827087,282.63354,101562.016,52.0,4.25
2023-05-15 06:00:00,2.3540802,-1.9869537,283.4978,101540.74,52.0,4.25
2023-05-15 07:00:00,2.5574493,-1.6261444,284.2936,101542.05,52.0,4.25
2023-05-15 08:00:00,2.8868256,-2.0955963,285.12677,101556.44,52.0,4.25
2023-05-15 09:00:00,3.0845337,-3.4203186,285.1916,101570.97,52.0,4.25
2023-05-15 10:00:00,3.6674194,-4.983658,284.22772,101619.25,52.0,4.25
2023-05-15 11:00:00,3.2802124,-5.5205536,284.10687,101638.47,52.0,4.25
2023-05-15 12:00:00,3.5788727,-5.4815216,284.65387,101625.58,52.0,4.25
2023-05-15 13:00:00,4.9055634,-6.528534,284.97076,101655.69,52.0,4.25
2023-05-15 14:00:00,5.6096954,-7.6650085,284.83752,101688.41,52.0,4.25
2023-05-15 15:00:00,5.190689,-9.054337,284.4928,101695.45,52.0,4.25
2023-05-15 16:00:00,4.739792,-10.160034,284.2021,101716.41,52.0,4.25
2023-05-15 17:00:00,4.1868744,-11.373306,283.92273,101760.06,52.0,4.25
2023-05-15 18:00:00,3.414322,-11.928207,283.47607,101826.73,52.0,4.25
2023-05-15 19:00:00,2.3439941,-12.076218,283.20944,101877.75,52.0,4.25
2023-05-15 20:00:00,1.7700958,-11.536041,282.85693,101944.266,52.0,4.25
2023-05-15 21:00:00,1.5436554,-10.70372,282.62222,101973.17,52.0,4.25
2023-05-15 22:00:00,0.7029724,-9.429337,282.26535,102042.05,52.0,4.25
2023-05-15 23:00:00,0.68544006,-8.82579,281.84488,102054.49,52.0,4.25
2023-05-16 00:00:00,0.88191223,-8.38533,281.54898,102073.48,52.0,4.25
2023-05-16 01:00:00,1.4643707,-8.124527,281.16644,102078.72,52.0,4.25
2023-05-16 02:00:00,1.8453674,-7.8695526,280.9145,102080.17,52.0,4.25
2023-05-16 03:00:00,2.3057098,-7.3698883,280.7531,102112.99,52.0,4.25
2023-05-16 04:00:00,2.9127502,-6.944702,280.87897,102140.83,52.0,4.25
2023-05-16 05:00:00,3.22435,-6.9516907,281.78912,102162.94,52.0,4.25
2023-05-16 06:00:00,3.0834045,-7.422409,283.0711,102189.03,52.0,4.25
2023-05-16 07:00:00,2.8928833,-8.122086,283.74496,102222.81,52.0,4.25
2023-05-16 08:00:00,2.7808838,-7.5093994,284.0758,102262.51,52.0,4.25
2023-05-16 09:00:00,3.0231018,-6.705414,284.76965,102283.945,52.0,4.25
2023-05-16 10:00:00,3.5067291,-5.895462,285.40692,102289.86,52.0,4.25
2023-05-16 11:00:00,4.2311096,-5.379608,285.7865,102287.81,52.0,4.25
2023-05-16 12:00:00,4.8224335,-4.7852325,285.9028,102309.45,52.0,4.25
2023-05-16 13:00:00,5.4752502,-4.295456,286.0751,102320.22,52.0,4.25
2023-05-16 14:00:00,6.0360413,-4.390259,285.94904,102325.94,52.0,4.25
2023-05-16 15:00:00,6.1427765,-4.7964783,285.87125,102326.99,52.0,4.25
2023-05-16 16:00:00,5.4799957,-5.5975037,285.3922,102363.57,52.0,4.25
2023-05-16 17:00:00,4.2479706,-5.7255096,284.98505,102379.66,52.0,4.25
2023-05-16 18:00:00,3.3471527,-5.4369965,284.3921,102404.625,52.0,4.25
2023-05-16 19:00:00,2.8708038,-5.331894,283.7543,102438.41,52.0,4.25
2023-05-16 20:00:00,2.6004791,-5.2914276,282.99487,102489.94,52.0,4.25
2023-05-16 21:00:00,2.861206,-5.0904083,282.42383,102508.88,52.0,4.25
2023-05-16 22:00:00,3.266327,-4.6813354,281.98035,102539.45,52.0,4.25
2023-05-16 23:00:00,3.9487762,-4.4981537,281.7813,102550.62,52.0,4.25
2023-05-17 00:00:00,4.2213287,-5.1843414,282.005,102566.51,52.0,4.25
2023-05-17 01:00:00,3.811966,-5.86528,282.02783,102559.08,52.0,4.25
2023-05-17 02:00:00,3.2340546,-6.354233,282.11768,102557.664,52.0,4.25
2023-05-17 03:00:00,2.7100067,-6.399338,281.9726,102579.21,52.0,4.25
2023-05-17 04:00:00,2.236023,-6.1432953,282.14758,102624.59,52.0,4.25
2023-05-17 05:00:00,1.7312775,-5.836197,282.59412,102682.59,52.0,4.25
2023-05-17 06:00:00,1.0204773,-5.7727356,283.76505,102756.75,52.0,4.25
2023-05-17 07:00:00,0.27438354,-5.71904,284.46786,102803.22,52.0,4.25
2023-05-17 08:00:00,-0.2396698,-5.6638947,284.8624,102853.88,52.0,4.25
2023-05-17 09:00:00,-0.6263275,-5.7873077,285.4105,102888.66,52.0,4.25
2023-05-17 10:00:00,-1.0486908,-5.4883423,285.96497,102901.234,52.0,4.25
2023-05-17 11:00:00,-0.71481323,-5.633316,286.0567,102895.56,52.0,4.25
2023-05-17 12:00:00,-0.37644958,-6.0891266,286.3076,102881.67,52.0,4.25
2023-05-17 13:00:00,-0.19142151,-6.4039917,286.41168,102885.45,52.0,4.25
2023-05-17 14:00:00,-0.22111511,-6.6296997,286.42227,102869.89,52.0,4.25
2023-05-17 15:00:00,-0.49577332,-7.0233765,286.02383,102876.92,52.0,4.25
2023-05-17 16:00:00,-1.0712128,-6.678879,285.83954,102876.67,52.0,4.25
2023-05-17 17:00:00,-1.4691467,-6.2664795,285.2471,102871.05,52.0,4.25
2023-05-17 18:00:00,-2.0066986,-5.922226,284.54163,102878.47,52.0,4.25
2023-05-17 19:00:00,-2.4900055,-5.605362,283.39435,102888.66,52.0,4.25
2023-05-17 20:00:00,-3.2311401,-5.309799,282.19818,102912.32,52.0,4.25
2023-05-17 21:00:00,-3.4818726,-5.134796,281.56427,102921.516,52.0,4.25
2023-05-17 22:00:00,-3.8930054,-4.0262146,280.58725,102921.22,52.0,4.25
2023-05-17 23:00:00,-4.0453796,-3.4580994,280.18912,102898.375,52.0,4.25
2023-05-18 00:00:00,-4.4657288,-3.0313263,279.82602,102892.09,52.0,4.25
2023-05-18 01:00:00,-4.798462,-2.3660126,279.55957,102905.0,52.0,4.25
2023-05-18 02:00:00,-5.0469055,-1.7565918,279.31262,102899.47,52.0,4.25
2023-05-18 03:00:00,-5.009201,-1.1350098,279.19598,102885.84,52.0,4.25
2023-05-18 04:00:00,-4.78096,-0.91934204,279.0728,102894.625,52.0,4.25
2023-05-18 05:00:00,-4.5771637,-0.9760895,279.6561,102927.58,52.0,4.25
2023-05-18 06:00:00,-3.7650146,-1.204483,281.02158,102940.01,52.0,4.25
2023-05-18 07:00:00,-3.423645,-1.7066956,282.19812,102967.83,52.0,4.25
2023-05-18 08:00:00,-3.7384796,-1.842926,283.1693,102985.22,52.0,4.25
2023-05-18 09:00:00,-4.0090485,-1.9466705,283.73373,102973.33,52.0,4.25
2023-05-18 10:00:00,-3.8734589,-2.4796753,284.75647,102952.46,52.0,4.25
2023-05-18 11:00:00,-3.943344,-2.6176147,285.20346,102902.51,52.0,4.25
2023-05-18 12:00:00,-4.0019836,-2.5939941,285.6668,102882.31,52.0,4.25
2023-05-18 13:00:00,-4.220703,-2.41362,286.15576,102856.695,52.0,4.25
2023-05-18 14:00:00,-4.323181,-2.251236,286.49792,102799.52,52.0,4.25
2023-05-18 15:00:00,-4.02359,-2.341919,286.84668,102770.76,52.0,4.25
2023-05-18 16:00:00,-3.7388763,-2.7726593,286.76154,102759.266,52.0,4.25
2023-05-18 17:00:00,-3.8350677,-3.3268433,286.6324,102740.516,52.0,4.25
2023-05-18 18:00:00,-3.7557526,-3.7703247,286.22357,102744.38,52.0,4.25
2023-05-18 19:00:00,-3.6082458,-4.2359467,285.36072,102760.34,52.0,4.25
2023-05-18 20:00:00,-3.8075256,-4.57605,283.94556,102781.44,52.0,4.25
2023-05-18 21:00:00,-4.1461487,-4.62352,283.27246,102801.64,52.0,4.25
2023-05-18 22:00:00,-4.9438477,-4.0072784,282.7343,102826.39,52.0,4.25
2023-05-18 23:00:00,-5.0631866,-3.7130737,282.2965,102807.47,52.0,4.25
2023-05-19 00:00:00,-5.214859,-3.4232025,281.9809,102786.375,52.0,4.25
2023-05-19 01:00:00,-5.112961,-3.5485687,281.52734,102764.61,52.0,4.25
2023-05-19 02:00:00,-5.39917,-3.5706635,281.00366,102754.17,52.0,4.25
2023-05-19 03:00:00,-5.8315887,-3.1468658,280.64758,102703.04,52.0,4.25
2023-05-19 04:00:00,-5.9204865,-2.7332764,280.4252,102690.14,52.0,4.25
2023-05-19 05:00:00,-5.6161346,-2.2718353,281.24274,102731.64,52.0,4.25
2023-05-19 06:00:00,-4.368988,-2.1966095,283.00296,102736.055,52.0,4.25
2023-05-19 07:00:00,-3.8470306,-2.072113,284.61133,102734.22,52.0,4.25
2023-05-19 08:00:00,-3.661789,-2.1005707,286.2334,102728.01,52.0,4.25
2023-05-19 09:00:00,-3.3721924,-2.6123962,287.61804,102682.734,52.0,4.25
2023-05-19 10:00:00,-3.4820251,-3.3434296,288.4922,102661.84,52.0,4.25
2023-05-19 11:00:00,-4.0224,-3.411087,289.18408,102634.22,52.0,4.25
2023-05-19 12:00:00,-4.0560913,-3.9308472,289.5315,102610.14,52.0,4.25
2023-05-19 13:00:00,-3.7662506,-4.807434,289.6906,102579.89,52.0,4.25
2023-05-19 14:00:00,-3.8142853,-5.562729,289.99103,102547.14,52.0,4.25
2023-05-19 15:00:00,-3.900116,-5.9553833,290.09674,102508.95,52.0,4.25
2023-05-19 16:00:00,-3.0673676,-6.771347,289.8685,102513.61,52.0,4.25
2023-05-19 17:00:00,-2.2108307,-7.760132,289.1803,102487.25,52.0,4.25
2023-05-19 18:00:00,-2.3145752,-8.924759,288.3319,102486.25,52.0,4.25
2023-05-19 19:00:00,-3.1427155,-9.203461,287.3246,102526.32,52.0,4.25
2023-05-19 20:00:00,-4.3302307,-9.138657,286.28308,102565.11,52.0,4.25
2023-05-19 21:00:00,-5.499634,-8.435303,285.63605,102569.06,52.0,4.25
2023-05-19 22:00:00,-7.105667,-7.5174103,285.5209,102575.86,52.0,4.25
2023-05-19 23:00:00,-7.3871307,-6.3483124,285.34387,102578.8,52.0,4.25
2023-05-20 00:00:00,-7.5356445,-5.676712,284.95868,102570.33,52.0,4.25
2023-05-20 01:00:00,-7.5199738,-5.2214355,284.64642,102539.76,52.0,4.25
2023-05-20 02:00:00,-7.2504883,-5.119934,284.40674,102510.125,52.0,4.25
2023-05-20 03:00:00,-7.000412,-5.303131,283.96085,102504.83,52.0,4.25
2023-05-20 04:00:00,-6.912628,-5.4289093,283.80432,102480.17,52.0,4.25
2023-05-20 05:00:00,-6.9669952,-5.281204,284.49344,102474.445,52.0,4.25
2023-05-20 06:00:00,-6.77153,-5.3584137,286.02417,102470.625,52.0,4.25
2023-05-20 07:00:00,-6.2212067,-5.080429,287.2624,102446.6,52.0,4.25
2023-05-20 08:00:00,-6.0598755,-5.200897,288.42065,102419.91,52.0,4.25
2023-05-20 09:00:00,-6.0217743,-5.353592,289.30243,102404.5,52.0,4.25
2023-05-20 10:00:00,-6.2102356,-5.588135,290.35266,102348.14,52.0,4.25
2023-05-20 11:00:00,-6.186249,-5.9013367,290.8292,102305.0,52.0,4.25
2023-05-20 12:00:00,-6.2700806,-6.148773,291.20187,102248.89,52.0,4.25
2023-05-20 13:00:00,-6.966263,-5.4956665,291.32874,102217.06,52.0,4.25
2023-05-20 14:00:00,-6.2162323,-6.137039,291.505,102163.695,52.0,4.25
2023-05-20 15:00:00,-5.0923615,-7.447937,291.2964,102118.92,52.0,4.25
2023-05-20 16:00:00,-4.580551,-7.8004456,290.96918,102108.74,52.0,4.25
2023-05-20 17:00:00,-5.0457153,-7.567276,290.315,102070.55,52.0,4.25
2023-05-20 18:00:00,-5.9957733,-7.019455,289.8021,102091.6,52.0,4.25
2023-05-20 19:00:00,-6.109131,-6.218933,289.24057,102105.766,52.0,4.25
2023-05-20 20:00:00,-5.920044,-5.9232483,288.37796,102120.734,52.0,4.25
2023-05-20 21:00:00,-5.87648,-5.401657,287.8604,102109.99,52.0,4.25
2023-05-20 22:00:00,-5.8484344,-5.991333,286.80927,102068.81,52.0,4.25
2023-05-20 23:00:00,-5.9529114,-5.5316772,286.37152,102023.2,52.0,4.25
2023-05-21 00:00:00,-5.914795,-4.6434937,286.40472,102001.31,52.0,4.25
2023-05-21 01:00:00,-5.595764,-4.0137634,286.01794,101986.43,52.0,4.25
2023-05-21 02:00:00,-5.0169373,-4.576477,285.95563,101948.484,52.0,4.25
2023-05-21 03:00:00,-4.3947754,-5.176712,285.7372,101954.734,52.0,4.25
2023-05-21 04:00:00,-3.7517548,-5.918106,285.75134,101935.125,52.0,4.25
2023-05-21 05:00:00,-3.7900238,-6.196167,286.307,101941.2,52.0,4.25
2023-05-21 06:00:00,-3.6453857,-5.7741547,286.90662,101938.125,52.0,4.25
2023-05-21 07:00:00,-3.295639,-5.6402435,287.5841,101919.984,52.0,4.25
2023-05-21 08:00:00,-2.9715576,-5.9761505,288.21454,101922.92,52.0,4.25
2023-05-21 09:00:00,-2.9676208,-6.4645844,288.68506,101902.625,52.0,4.25
2023-05-21 10:00:00,-2.327652,-6.7746735,290.2322,101889.75,52.0,4.25
2023-05-21 11:00:00,-2.3254547,-7.708435,290.67853,101859.59,52.0,4.25
2023-05-21 12:00:00,-2.1616974,-8.401367,290.5652,101830.34,52.0,4.25
2023-05-21 13:00:00,-2.024475,-8.388092,290.1184,101808.81,52.0,4.25
2023-05-21 14:00:00,-2.4583893,-7.955673,290.38168,101768.92,52.0,4.25
2023-05-21 15:00:00,-2.523285,-7.3436584,290.6264,101742.83,52.0,4.25
2023-05-21 16:00:00,-2.0800629,-6.5745087,290.6763,101749.516,52.0,4.25
2023-05-21 17:00:00,-1.1640778,-6.355545,289.78912,101723.05,52.0,4.25
2023-05-21 18:00:00,0.017425537,-6.9040833,288.6526,101718.2,52.0,4.25
2023-05-21 19:00:00,0.18865967,-7.7722473,287.70557,101716.81,52.0,4.25
2023-05-21 20:00:00,-0.34039307,-7.6437683,286.76147,101733.36,52.0,4.25
2023-05-21 21:00:00,-0.6813202,-6.987137,286.34973,101710.83,52.0,4.25
2023-05-21 22:00:00,0.8756714,-6.1093445,285.76593,101727.766,52.0,4.25
2023-05-21 23:00:00,2.0298004,-6.2074738,285.595,101703.5,52.0,4.25
2023-05-22 00:00:00,1.2676849,-6.18338,285.46332,101700.59,52.0,4.25
2023-05-22 01:00:00,0.8811798,-5.6249084,285.43906,101657.67,52.0,4.25
2023-05-22 02:00:00,1.4975891,-5.310974,285.2895,101591.75,52.0,4.25
2023-05-22 03:00:00,2.1559143,-4.497055,285.4256,101576.06,52.0,4.25
2023-05-22 04:00:00,2.4699707,-4.5230865,285.40576,101547.375,52.0,4.25
2023-05-22 05:00:00,2.2182007,-4.4594116,285.7676,101543.59,52.0,4.25
2023-05-22 06:00:00,1.9320679,-3.2592163,286.34375,101567.62,52.0,4.25
2023-05-22 07:00:00,2.2826233,-2.4591064,287.1056,101597.06,52.0,4.25
2023-05-22 08:00:00,2.7315369,-2.1391144,288.0074,101619.95,52.0,4.25
2023-05-22 09:00:00,3.189804,-1.8612976,288.43515,101622.53,52.0,4.25
2023-05-22 10:00:00,2.0631561,-3.2562866,289.2028,101649.055,52.0,4.25
2023-05-22 11:00:00,3.080658,-2.6811981,289.8307,101639.73,52.0,4.25
2023-05-22 12:00:00,4.3304596,-3.182602,289.57727,101631.03,52.0,4.25
2023-05-22 13:00:00,4.5128784,-4.2695465,289.7107,101651.35,52.0,4.25
2023-05-22 14:00:00,3.9185333,-5.4952087,290.4375,101669.66,52.0,4.25
2023-05-22 15:00:00,3.037506,-7.0386505,290.30542,101681.92,52.0,4.25
2023-05-22 16:00:00,1.6977539,-7.6128693,289.5514,101695.36,52.0,4.25
2023-05-22 17:00:00,1.0093689,-6.9418945,288.98218,101697.53,52.0,4.25
2023-05-22 18:00:00,1.5746918,-6.1949005,288.33905,101743.84,52.0,4.25
2023-05-22 19:00:00,3.2061462,-7.101303,287.11072,101829.97,52.0,4.25
2023-05-22 20:00:00,3.3222504,-8.373764,285.90762,101898.3,52.0,4.25
2023-05-22 21:00:00,2.8822937,-9.257919,285.6159,101946.89,52.0,4.25
2023-05-22 22:00:00,2.401947,-8.9700775,285.8269,102036.98,52.0,4.25
2023-05-22 23:00:00,2.1681976,-8.963272,285.74655,102062.45,52.0,4.25
2023-05-23 00:00:00,2.5838776,-9.161087,285.74435,102072.42,52.0,4.25
2023-05-23 01:00:00,2.448822,-9.635284,285.74255,102080.38,52.0,4.25
2023-05-23 02:00:00,2.383133,-9.896698,285.65497,102110.32,52.0,4.25
2023-05-23 03:00:00,2.3387146,-10.081268,285.40424,102143.03,52.0,4.25
2023-05-23 04:00:00,2.3398285,-10.358459,284.941,102168.55,52.0,4.25
2023-05-23 05:00:00,1.8664703,-10.471268,284.94904,102228.69,52.0,4.25
2023-05-23 06:00:00,1.2232971,-11.041748,284.9053,102293.06,52.0,4.25
2023-05-23 07:00:00,0.42321777,-11.067017,284.9381,102345.47,52.0,4.25
2023-05-23 08:00:00,-0.17219543,-10.761002,285.4193,102368.86,52.0,4.25
2023-05-23 09:00:00,-0.24189758,-10.372665,285.9666,102409.28,52.0,4.25
2023-05-23 10:00:00,-1.0258789,-9.488037,286.4752,102461.266,52.0,4.25
2023-05-23 11:00:00,-0.5831909,-8.515472,286.5365,102465.08,52.0,4.25
2023-05-23 12:00:00,0.23069763,-8.2276,286.8471,102482.72,52.0,4.25
2023-05-23 13:00:00,0.85079956,-8.51973,286.73907,102506.2,52.0,4.25
2023-05-23 14:00:00,0.8003998,-8.372482,286.66522,102520.09,52.0,4.25
2023-05-23 15:00:00,0.7089081,-8.500351,286.51544,102515.36,52.0,4.25
2023-05-23 16:00:00,0.4398651,-8.789398,286.22467,102539.41,52.0,4.25
2023-05-23 17:00:00,0.012802124,-8.635117,285.64764,102531.73,52.0,4.25
2023-05-23 18:00:00,-0.25309753,-8.116852,285.20667,102508.16,52.0,4.25
2023-05-23 19:00:00,-0.33692932,-7.7578278,284.41168,102541.19,52.0,4.25
2023-05-23 20:00:00,-0.7332306,-7.240204,283.59808,102571.484,52.0,4.25
2023-05-23 21:00:00,-1.097702,-6.437958,282.92212,102590.17,52.0,4.25
2023-05-23 22:00:00,-1.2239075,-5.7605286,281.9779,102600.11,52.0,4.25
2023-05-23 23:00:00,-0.84768677,-5.038788,281.2856,102584.5,52.0,4.25
2023-05-24 00:00:00,-0.69885254,-3.9549866,280.4077,102549.56,52.0,4.25
2023-05-24 01:00:00,0.21737671,-2.7028503,280.19376,102514.195,52.0,4.25
2023-05-24 02:00:00,1.1991425,-2.7182922,279.54608,102526.68,52.0,4.25
2023-05-24 03:00:00,1.5424805,-3.1351929,279.7505,102518.44,52.0,4.25
2023-05-24 04:00:00,1.7547913,-3.2614288,279.9469,102497.086,52.0,4.25
2023-05-24 05:00:00,2.2145844,-3.4996948,281.67493,102509.81,52.0,4.25
2023-05-24 06:00:00,2.0506134,-3.0838928,284.00873,102492.22,52.0,4.25
2023-05-24 07:00:00,1.6329956,-3.63208,285.04697,102519.32,52.0,4.25
2023-05-24 08:00:00,0.9082031,-3.9883728,285.89874,102547.2,52.0,4.25
2023-05-24 09:00:00,0.55682373,-4.310562,286.5437,102548.91,52.0,4.25
2023-05-24 10:00:00,0.6055298,-4.101776,287.38083,102542.61,52.0,4.25
2023-05-24 11:00:00,0.10734558,-4.269226,287.81238,102534.32,52.0,4.25
2023-05-24 12:00:00,-0.028762817,-4.4254913,288.0461,102526.17,52.0,4.25
2023-05-24 13:00:00,-0.0028839111,-4.7555237,288.35638,102512.016,52.0,4.25
2023-05-24 14:00:00,-0.2127533,-5.0660095,288.41058,102494.26,52.0,4.25
2023-05-24 15:00:00,-0.8833771,-5.3482056,288.0276,102506.09,52.0,4.25
2023-05-24 16:00:00,-1.0818634,-5.6439667,287.70337,102510.07,52.0,4.25
2023-05-24 17:00:00,-1.0242462,-6.1378326,287.3354,102489.75,52.0,4.25
2023-05-24 18:00:00,-1.1063385,-6.2802887,286.92584,102505.62,52.0,4.25
2023-05-24 19:00:00,-1.7579956,-6.322174,285.99994,102524.95,52.0,4.25
2023-05-24 20:00:00,-2.2905273,-6.3374176,284.94476,102576.19,52.0,4.25
2023-05-24 21:00:00,-2.7546692,-5.9980316,284.0934,102606.414,52.0,4.25
2023-05-24 22:00:00,-3.0571136,-5.5878754,283.54272,102650.15,52.0,4.25
2023-05-24 23:00:00,-2.9633179,-5.0978546,283.14792,102670.06,52.0,4.25
2023-05-25 00:00:00,-3.1605225,-4.8277893,282.92972,102669.88,52.0,4.25
2023-05-25 01:00:00,-3.2936249,-4.487564,282.4763,102667.28,52.0,4.25
2023-05-25 02:00:00,-3.4343567,-4.178314,282.1601,102691.48,52.0,4.25
2023-05-25 03:00:00,-3.5825806,-4.1566772,282.1898,102697.33,52.0,4.25
2023-05-25 04:00:00,-3.8048096,-3.75354,282.09448,102716.67,52.0,4.25
2023-05-25 05:00:00,-3.8691406,-3.109192,283.44983,102758.95,52.0,4.25
2023-05-25 06:00:00,-3.0471191,-2.8565063,285.34564,102812.31,52.0,4.25
2023-05-25 07:00:00,-3.9671936,-3.249527,286.38214,102847.26,52.0,4.25
2023-05-25 08:00:00,-3.969513,-3.3763275,287.21735,102893.195,52.0,4.25
2023-05-25 09:00:00,-3.8804474,-4.4482117,287.6687,102928.266,52.0,4.25
2023-05-25 10:00:00,-4.0687714,-4.896759,288.20465,102938.58,52.0,4.25
2023-05-25 11:00:00,-3.8756256,-5.592621,288.4237,102947.76,52.0,4.25
2023-05-25 12:00:00,-3.7214508,-6.0107117,288.44257,102951.164,52.0,4.25
2023-05-25 13:00:00,-3.6433563,-6.2357635,288.64368,102918.44,52.0,4.25
2023-05-25 14:00:00,-3.6007996,-6.1761475,288.6648,102897.336,52.0,4.25
2023-05-25 15:00:00,-3.3380585,-6.358597,288.685,102890.69,52.0,4.25
2023-05-25 16:00:00,-3.0364685,-7.3160553,288.30292,102902.33,52.0,4.25
2023-05-25 17:00:00,-3.127777,-7.968231,287.59668,102887.95,52.0,4.25
2023-05-25 18:00:00,-3.2412415,-8.094955,286.7542,102913.94,52.0,4.25
2023-05-25 19:00:00,-3.9346313,-8.286423,285.56555,102924.664,52.0,4.25
2023-05-25 20:00:00,-4.7913513,-7.9940033,284.46,102969.61,52.0,4.25
2023-05-25 21:00:00,-5.508423,-7.275284,283.90344,103002.63,52.0,4.25
2023-05-25 22:00:00,-5.909363,-6.9798126,283.21027,103022.38,52.0,4.25
2023-05-25 23:00:00,-6.3829346,-5.9888306,282.84335,103008.75,52.0,4.25
2023-05-26 00:00:00,-6.5166473,-5.2065887,282.46802,103020.89,52.0,4.25
2023-05-26 01:00:00,-6.3378143,-4.818222,282.06546,103050.02,52.0,4.25
2023-05-26 02:00:00,-6.3220367,-4.811966,281.80396,103047.91,52.0,4.25
2023-05-26 03:00:00,-6.3330383,-4.866562,281.5841,103055.74,52.0,4.25
2023-05-26 04:00:00,-6.398834,-4.9575195,281.5937,103067.17,52.0,4.25
2023-05-26 05:00:00,-6.4631042,-4.7613373,282.4178,103098.52,52.0,4.25
2023-05-26 06:00:00,-6.714157,-4.707443,283.6623,103143.984,52.0,4.25
2023-05-26 07:00:00,-6.616379,-4.6446075,284.59015,103165.57,52.0,4.25
2023-05-26 08:00:00,-6.1481323,-4.64447,285.59357,103180.67,52.0,4.25
2023-05-26 09:00:00,-5.879822,-4.633621,286.61584,103168.47,52.0,4.25
2023-05-26 10:00:00,-4.730072,-4.166458,287.4809,103168.56,52.0,4.25
2023-05-26 11:00:00,-4.651703,-4.705826,288.3352,103153.234,52.0,4.25
2023-05-26 12:00:00,-4.780136,-5.3624573,289.05936,103141.92,52.0,4.25
2023-05-26 13:00:00,-4.843033,-5.897949,289.4795,103111.28,52.0,4.25
2023-05-26 14:00:00,-4.8637543,-6.4306946,289.7655,103073.29,52.0,4.25
2023-05-26 15:00:00,-4.9701843,-6.9792786,289.59,103068.53,52.0,4.25
2023-05-26 16:00:00,-5.257599,-7.575592,289.2667,103051.516,52.0,4.25
2023-05-26 17:00:00,-5.583084,-8.042053,288.5368,103026.22,52.0,4.25
2023-05-26 18:00:00,-5.713135,-7.976898,287.64743,103040.2,52.0,4.25
2023-05-26 19:00:00,-6.1550293,-7.702774,286.64856,103053.09,52.0,4.25
2023-05-26 20:00:00,-6.488449,-7.1994324,285.44604,103082.67,52.0,4.25
2023-05-26 21:00:00,-6.784027,-6.352066,284.71603,103109.875,52.0,4.25
2023-05-26 22:00:00,-6.4934387,-5.6050262,283.78195,103070.28,52.0,4.25
2023-05-26 23:00:00,-6.6464386,-4.966339,283.1801,103059.36,52.0,4.25
2023-05-27 00:00:00,-6.8143616,-4.126587,282.54196,103024.695,52.0,4.25
2023-05-27 01:00:00,-6.8414154,-3.5779724,282.0987,103014.78,52.0,4.25
2023-05-27 02:00:00,-6.8701477,-3.2563782,281.65875,102977.734,52.0,4.25
2023-05-27 03:00:00,-6.961197,-2.879486,281.2555,102975.12,52.0,4.25
2023-05-27 04:00:00,-6.922577,-2.4164581,280.92523,102956.234,52.0,4.25
2023-05-27 05:00:00,-6.753372,-1.9792023,281.87488,102919.83,52.0,4.25
2023-05-27 06:00:00,-5.9244995,-1.7272644,283.12946,102902.19,52.0,4.25
2023-05-27 07:00:00,-5.4095764,-1.7840424,284.4631,102871.14,52.0,4.25
2023-05-27 08:00:00,-4.8719025,-1.786087,285.8765,102827.234,52.0,4.25
2023-05-27 09:00:00,-4.647583,-1.7575684,287.18018,102780.39,52.0,4.25
2023-05-27 10:00:00,-4.14032,-1.5183868,288.60492,102721.42,52.0,4.25
2023-05-27 11:00:00,-3.7127075,-2.043106,289.68097,102652.14,52.0,4.25
2023-05-27 12:00:00,-3.4381866,-2.5871735,290.4813,102567.55,52.0,4.25
2023-05-27 13:00:00,-3.1862183,-3.1882782,291.2887,102517.16,52.0,4.25
2023-05-27 14:00:00,-3.2026215,-3.726593,291.74805,102436.22,52.0,4.25
2023-05-27 15:00:00,-3.320755,-4.1053925,291.9947,102381.97,52.0,4.25
2023-05-27 16:00:00,-3.2771454,-4.506775,292.00293,102344.0,52.0,4.25
2023-05-27 17:00:00,-3.119278,-4.769577,291.695,102284.47,52.0,4.25
2023-05-27 18:00:00,-3.117035,-5.0009155,290.97183,102264.83,52.0,4.25
2023-05-27 19:00:00,-3.1918335,-5.6819,290.05835,102267.83,52.0,4.25
2023-05-27 20:00:00,-3.6170502,-6.1844025,288.37085,102290.09,52.0,4.25
2023-05-27 21:00:00,-4.2668915,-5.78743,287.01172,102281.555,52.0,4.25
2023-05-27 22:00:00,-4.028534,-6.410095,286.3346,102264.0,52.0,4.25
2023-05-27 23:00:00,-3.9388428,-6.1567383,285.84955,102240.0,52.0,4.25
2023-05-28 00:00:00,-3.785736,-6.328079,285.47998,102210.875,52.0,4.25
2023-05-28 01:00:00,-4.192627,-6.051834,285.25153,102177.195,52.0,4.25
2023-05-28 02:00:00,-4.523819,-5.5667877,285.00616,102157.27,52.0,4.25
2023-05-28 03:00:00,-4.639206,-5.4505005,284.75305,102153.82,52.0,4.25
2023-05-28 04:00:00,-4.6390076,-5.223755,284.62677,102175.05,52.0,4.25
2023-05-28 05:00:00,-4.504059,-5.0653687,285.52185,102178.14,52.0,4.25
2023-05-28 06:00:00,-4.1110992,-4.322571,286.84113,102197.42,52.0,4.25
2023-05-28 07:00:00,-3.9619904,-3.705124,288.3244,102214.6,52.0,4.25
2023-05-28 08:00:00,-3.7408142,-3.7501373,289.6976,102215.33,52.0,4.25
2023-05-28 09:00:00,-3.737381,-4.465317,290.66824,102204.64,52.0,4.25
2023-05-28 10:00:00,-3.9526367,-5.566742,291.43213,102219.6,52.0,4.25
2023-05-28 11:00:00,-4.0691833,-6.315933,291.79306,102214.08,52.0,4.25
2023-05-28 12:00:00,-4.1112823,-6.9316864,292.1949,102230.61,52.0,4.25
2023-05-28 13:00:00,-4.1230774,-7.4192505,292.4081,102212.41,52.0,4.25
2023-05-28 14:00:00,-3.9599152,-7.873642,292.3902,102196.766,52.0,4.25
2023-05-28 15:00:00,-3.6952972,-8.815109,292.06,102192.336,52.0,4.25
2023-05-28 16:00:00,-3.8040466,-9.651352,291.35254,102201.83,52.0,4.25
2023-05-28 17:00:00,-4.09169,-10.136902,290.43567,102201.414,52.0,4.25
2023-05-28 18:00:00,-4.5838013,-10.067261,289.2489,102250.83,52.0,4.25
2023-05-28 19:00:00,-5.617218,-9.973068,288.09195,102304.24,52.0,4.25
2023-05-28 20:00:00,-6.0204926,-9.568726,286.8792,102370.03,52.0,4.25
2023-05-28 21:00:00,-6.1899414,-9.174393,286.1236,102417.34,52.0,4.25
2023-05-28 22:00:00,-5.97171,-9.082855,285.30026,102418.09,52.0,4.25
2023-05-28 23:00:00,-5.911255,-9.079468,284.7539,102448.0,52.0,4.25
2023-05-29 00:00:00,-6.0848694,-8.396805,284.25845,102474.36,52.0,4.25
2023-05-29 01:00:00,-6.088501,-7.800308,283.79184,102518.26,52.0,4.25
2023-05-29 02:00:00,-6.172806,-7.424713,283.51318,102531.375,52.0,4.25
2023-05-29 03:00:00,-6.212097,-7.384796,283.13385,102531.05,52.0,4.25
2023-05-29 04:00:00,-6.222122,-7.023987,283.029,102542.89,52.0,4.25
2023-05-29 05:00:00,-5.8951874,-6.254242,283.59036,102576.08,52.0,4.25
2023-05-29 06:00:00,-5.8167114,-6.3412933,284.47684,102604.11,52.0,4.25
2023-05-29 07:00:00,-5.730133,-6.6000366,285.17676,102646.89,52.0,4.25
2023-05-29 08:00:00,-5.372757,-6.7044525,285.90256,102652.17,52.0,4.25
2023-05-29 09:00:00,-5.2565155,-7.0952606,286.35608,102689.3,52.0,4.25
2023-05-29 10:00:00,-5.4490356,-6.5680237,287.10693,102700.86,52.0,4.25
2023-05-29 11:00:00,-4.8650055,-6.56633,287.6936,102684.59,52.0,4.25
2023-05-29 12:00:00,-4.566818,-7.084732,288.05927,102679.33,52.0,4.25
2023-05-29 13:00:00,-4.520294,-7.524826,288.4754,102662.99,52.0,4.25
2023-05-29 14:00:00,-4.5506744,-7.8894043,288.68384,102660.9,52.0,4.25
2023-05-29 15:00:00,-4.6580963,-8.292328,288.64377,102655.75,52.0,4.25
2023-05-29 16:00:00,-4.70018,-8.734879,288.34756,102658.516,52.0,4.25
2023-05-29 17:00:00,-4.805191,-9.0451355,287.69397,102672.18,52.0,4.25
2023-05-29 18:00:00,-4.7448273,-9.081055,286.91498,102676.625,52.0,4.25
2023-05-29 19:00:00,-5.1368713,-9.240753,285.84106,102678.05,52.0,4.25
2023-05-29 20:00:00,-5.7025604,-9.073395,284.9303,102716.52,52.0,4.25
2023-05-29 21:00:00,-6.0980225,-8.529495,284.46942,102763.75,52.0,4.25
2023-05-29 22:00:00,-5.52507,-7.673401,284.02917,102752.61,52.0,4.25
2023-05-29 23:00:00,-5.767563,-7.4408417,283.78073,102770.78,52.0,4.25
2023-05-30 00:00:00,-5.8976746,-6.812866,283.6727,102784.46,52.0,4.25
2023-05-30 01:00:00,-5.7310486,-6.105942,283.56024,102798.28,52.0,4.25
2023-05-30 02:00:00,-5.461075,-5.6479187,283.25174,102819.35,52.0,4.25
2023-05-30 03:00:00,-5.2979126,-5.71434,283.40717,102842.57,52.0,4.25
2023-05-30 04:00:00,-5.053604,-5.9412537,283.73047,102847.516,52.0,4.25
2023-05-30 05:00:00,-4.766922,-5.936325,284.2047,102864.69,52.0,4.25
2023-05-30 06:00:00,-4.888687,-5.958191,284.72607,102889.67,52.0,4.25
2023-05-30 07:00:00,-4.40361,-6.0229187,285.2646,102885.75,52.0,4.25
2023-05-30 08:00:00,-4.074646,-6.1202393,285.9358,102901.69,52.0,4.25
2023-05-30 09:00:00,-3.828247,-6.0568085,286.59418,102875.28,52.0,4.25
2023-05-30 10:00:00,-3.5954742,-5.906296,287.14886,102853.55,52.0,4.25
2023-05-30 11:00:00,-3.4204865,-6.517639,287.6865,102838.53,52.0,4.25
2023-05-30 12:00:00,-3.4835052,-6.908371,287.8901,102812.516,52.0,4.25
2023-05-30 13:00:00,-3.5150146,-7.0355835,288.0468,102803.2,52.0,4.25
2023-05-30 14:00:00,-3.329193,-6.9636383,288.06894,102766.484,52.0,4.25
2023-05-30 15:00:00,-3.4188843,-6.7621155,287.9195,102745.55,52.0,4.25
2023-05-30 16:00:00,-3.6210632,-6.4968567,287.71048,102723.71,52.0,4.25
2023-05-30 17:00:00,-3.7532806,-6.5741577,287.30334,102711.76,52.0,4.25
2023-05-30 18:00:00,-3.9863281,-6.8977356,286.86285,102705.3,52.0,4.25
2023-05-30 19:00:00,-4.302353,-6.863144,286.346,102719.89,52.0,4.25
2023-05-30 20:00:00,-4.841614,-6.558258,285.88068,102725.98,52.0,4.25
2023-05-30 21:00:00,-4.8828583,-6.4474792,285.55646,102719.375,52.0,4.25
2023-05-30 22:00:00,-5.725601,-6.832794,285.17853,102710.34,52.0,4.25
2023-05-30 23:00:00,-5.9171295,-5.7256927,285.01105,102713.0,52.0,4.25
2023-05-31 00:00:00,-6.000641,-4.8343353,284.6934,102709.99,52.0,4.25
2023-05-31 01:00:00,-6.2126617,-4.1610565,284.3189,102708.59,52.0,4.25
2023-05-31 02:00:00,-6.285202,-3.8794556,284.00146,102697.35,52.0,4.25
2023-05-31 03:00:00,-5.9753265,-4.0959015,283.73267,102692.875,52.0,4.25
2023-05-31 04:00:00,-5.7164764,-4.4763184,283.76404,102685.69,52.0,4.25
2023-05-31 05:00:00,-5.5622864,-4.953644,284.65585,102687.77,52.0,4.25
2023-05-31 06:00:00,-5.2043,-5.0610046,285.96628,102717.375,52.0,4.25
2023-05-31 07:00:00,-5.2173157,-4.8309174,287.35458,102708.28,52.0,4.25
2023-05-31 08:00:00,-5.0053253,-4.619568,288.77734,102706.016,52.0,4.25
2023-05-31 09:00:00,-4.8537445,-4.9522247,290.027,102670.56,52.0,4.25
2023-05-31 10:00:00,-4.8750305,-5.5336304,291.14117,102641.36,52.0,4.25
2023-05-31 11:00:00,-4.8184357,-6.0260315,291.94458,102590.44,52.0,4.25
2023-05-31 12:00:00,-4.655716,-6.3148346,292.4784,102557.94,52.0,4.25
2023-05-31 13:00:00,-4.5431366,-6.622879,292.81012,102514.16,52.0,4.25
2023-05-31 14:00:00,-4.3400116,-7.2476044,292.8366,102468.06,52.0,4.25
2023-05-31 15:00:00,-4.107956,-8.079361,292.4579,102435.92,52.0,4.25
2023-05-31 16:00:00,-3.994995,-8.595428,291.65277,102434.45,52.0,4.25
2023-05-31 17:00:00,-3.8632812,-8.869064,290.34814,102404.42,52.0,4.25
2023-05-31 18:00:00,-3.7406006,-8.876526,288.89893,102389.57,52.0,4.25
2023-05-31 19:00:00,-4.313568,-9.145325,287.50415,102392.016,52.0,4.25
2023-05-31 20:00:00,-4.6996155,-8.904419,286.12286,102429.83,52.0,4.25
2023-05-31 21:00:00,-5.0518646,-8.26059,285.40784,102462.99,52.0,4.25
2023-05-31 22:00:00,-4.757248,-7.9586945,284.6685,102471.234,52.0,4.25
2023-05-31 23:00:00,-4.890152,-7.420105,284.3705,102477.64,52.0,4.25
2023-06-01 00:00:00,-4.920456,-6.9671783,284.1104,102471.45,52.0,4.25
2023-06-01 01:00:00,-4.9516907,-6.6395264,283.94574,102474.67,52.0,4.25
2023-06-01 02:00:00,-4.854843,-6.408371,284.0489,102455.49,52.0,4.25
2023-06-01 03:00:00,-4.828644,-6.2261353,284.11255,102434.41,52.0,4.25
2023-06-01 04:00:00,-4.6807404,-5.994751,284.08673,102450.41,52.0,4.25
2023-06-01 05:00:00,-4.4335327,-5.710312,284.28888,102442.266,52.0,4.25
2023-06-01 06:00:00,-4.256027,-5.7850037,284.68982,102452.734,52.0,4.25
2023-06-01 07:00:00,-4.0162964,-5.7796936,285.13492,102458.46,52.0,4.25
2023-06-01 08:00:00,-3.4682312,-5.85791,285.99973,102474.72,52.0,4.25
2023-06-01 09:00:00,-2.9019318,-6.0887604,286.60992,102466.945,52.0,4.25
2023-06-01 10:00:00,-2.700714,-5.9983826,287.32968,102448.47,52.0,4.25
2023-06-01 11:00:00,-1.8942108,-6.336746,287.77917,102412.01,52.0,4.25
2023-06-01 12:00:00,-1.1430817,-6.8546753,287.82532,102417.16,52.0,4.25
2023-06-01 13:00:00,-0.73031616,-7.42305,287.72125,102400.31,52.0,4.25
2023-06-01 14:00:00,-0.62908936,-7.9177246,287.49103,102390.01,52.0,4.25
2023-06-01 15:00:00,-0.8792877,-8.269104,287.12793,102370.94,52.0,4.25
2023-06-01 16:00:00,-1.2448883,-8.398392,286.73798,102347.766,52.0,4.25
2023-06-01 17:00:00,-1.6116943,-8.452698,286.18625,102306.836,52.0,4.25
2023-06-01 18:00:00,-2.0264282,-8.791336,285.7013,102287.14,52.0,4.25
2023-06-01 19:00:00,-2.6603851,-9.116486,285.14166,102286.95,52.0,4.25
2023-06-01 20:00:00,-3.274063,-8.980377,284.95093,102288.53,52.0,4.25
2023-06-01 21:00:00,-3.47612,-8.6454315,284.79016,102301.8,52.0,4.25
2023-06-01 22:00:00,-2.2869263,-6.7348633,284.64136,102311.53,52.0,4.25
2023-06-01 23:00:00,-2.2633057,-7.1391144,284.53625,102317.06,52.0,4.25
2023-06-02 00:00:00,-2.544281,-7.5911713,284.49335,102318.28,52.0,4.25
2023-06-02 01:00:00,-2.6499786,-7.649994,284.3943,102309.95,52.0,4.25
2023-06-02 02:00:00,-2.742508,-7.536438,284.21756,102300.67,52.0,4.25
2023-06-02 03:00:00,-2.8962097,-7.4661255,284.03833,102283.19,52.0,4.25
2023-06-02 04:00:00,-2.7835846,-6.9507904,283.98663,102290.55,52.0,4.25
2023-06-02 05:00:00,-2.8296814,-6.761841,283.9549,102312.36,52.0,4.25
2023-06-02 06:00:00,-2.831253,-6.5716553,284.095,102333.44,52.0,4.25
2023-06-02 07:00:00,-3.0676575,-6.4576874,284.4594,102307.86,52.0,4.25
2023-06-02 08:00:00,-3.576004,-5.95903,284.9229,102322.8,52.0,4.25
2023-06-02 09:00:00,-3.7805328,-5.0822296,285.67416,102312.95,52.0,4.25
2023-06-02 10:00:00,-3.5612793,-4.5366974,286.30557,102315.7,52.0,4.25
2023-06-02 11:00:00,-3.400177,-4.7560425,287.12198,102319.61,52.0,4.25
2023-06-02 12:00:00,-3.482132,-4.933655,288.0289,102299.51,52.0,4.25
2023-06-02 13:00:00,-3.2779388,-5.1769104,288.96698,102293.89,52.0,4.25
2023-06-02 14:00:00,-2.825882,-5.879318,289.37115,102277.875,52.0,4.25
2023-06-02 15:00:00,-2.7212982,-6.717407,289.38358,102268.77,52.0,4.25
2023-06-02 16:00:00,-2.296402,-7.5032806,289.03467,102227.08,52.0,4.25
2023-06-02 17:00:00,-2.1158752,-8.131378,288.9085,102208.75,52.0,4.25
2023-06-02 18:00:00,-2.5169678,-8.046082,288.47522,102206.77,52.0,4.25
2023-06-02 19:00:00,-3.266983,-7.899048,287.71753,102205.2,52.0,4.25
2023-06-02 20:00:00,-4.0992126,-7.741287,286.48407,102216.67,52.0,4.25
2023-06-02 21:00:00,-4.653595,-7.3230896,285.92828,102233.92,52.0,4.25
2023-06-02 22:00:00,-4.7322235,-6.9574127,285.71362,102228.84,52.0,4.25
2023-06-02 23:00:00,-5.2869873,-5.7921906,285.4851,102221.31,52.0,4.25
2023-06-03 00:00:00,-5.660904,-4.5854187,285.61987,102235.94,52.0,4.25
2023-06-03 01:00:00,-5.8796234,-3.4070587,285.47998,102224.086,52.0,4.25
2023-06-03 02:00:00,-6.2500305,-2.7378693,285.22662,102211.43,52.0,4.25
2023-06-03 03:00:00,-6.412033,-2.4931488,285.169,102209.57,52.0,4.25
2023-06-03 04:00:00,-6.4910583,-2.190445,285.2391,102211.62,52.0,4.25
2023-06-03 05:00:00,-6.3706665,-1.7759552,286.00238,102223.36,52.0,4.25
2023-06-03 06:00:00,-5.821808,-1.6608429,287.3216,102248.63,52.0,4.25
2023-06-03 07:00:00,-5.048294,-1.9399872,288.71082,102252.11,52.0,4.25
2023-06-03 08:00:00,-4.714264,-2.580719,290.22522,102270.266,52.0,4.25
2023-06-03 09:00:00,-5.1948395,-3.142807,291.33307,102280.766,52.0,4.25
2023-06-03 10:00:00,-5.6004944,-3.495285,292.0651,102250.89,52.0,4.25
2023-06-03 11:00:00,-5.757721,-3.8572388,292.34265,102266.31,52.0,4.25
2023-06-03 12:00:00,-5.654022,-4.291275,292.74487,102252.36,52.0,4.25
2023-06-03 13:00:00,-5.5170135,-4.5952606,292.93762,102243.31,52.0,4.25
2023-06-03 14:00:00,-5.2613525,-5.0225677,293.04572,102204.12,52.0,4.25
2023-06-03 15:00:00,-5.010193,-5.5906525,293.06686,102187.36,52.0,4.25
2023-06-03 16:00:00,-4.6651764,-6.3134613,292.83148,102176.14,52.0,4.25
2023-06-03 17:00:00,-4.1125183,-7.01445,292.18994,102161.36,52.0,4.25
2023-06-03 18:00:00,-4.0937347,-7.7729187,291.29514,102142.0,52.0,4.25
2023-06-03 19:00:00,-4.7618866,-8.119003,290.13568,102182.9,52.0,4.25
2023-06-03 20:00:00,-5.7351837,-8.0086975,288.61658,102197.836,52.0,4.25
2023-06-03 21:00:00,-6.53154,-7.199356,287.72882,102253.336,52.0,4.25
2023-06-03 22:00:00,-6.8645935,-6.5044556,286.99374,102265.125,52.0,4.25
2023-06-03 23:00:00,-7.0223694,-5.4158936,286.39246,102276.75,52.0,4.25
2023-06-04 00:00:00,-6.937729,-4.700638,285.7102,102270.5,52.0,4.25
2023-06-04 01:00:00,-6.798935,-4.1951447,285.00226,102278.34,52.0,4.25
2023-06-04 02:00:00,-6.5021515,-4.038498,284.4947,102272.95,52.0,4.25
2023-06-04 03:00:00,-6.131851,-4.2646484,284.12842,102269.1,52.0,4.25
2023-06-04 04:00:00,-5.864868,-4.475998,283.78418,102268.3,52.0,4.25
2023-06-04 05:00:00,-5.5270996,-4.3944855,285.149,102272.94,52.0,4.25
2023-06-04 06:00:00,-4.7319794,-3.9165192,286.6183,102300.016,52.0,4.25
2023-06-04 07:00:00,-4.4882507,-3.480011,288.06238,102312.78,52.0,4.25
2023-06-04 08:00:00,-4.0919037,-3.4197845,289.5273,102338.766,52.0,4.25
2023-06-04 09:00:00,-3.784134,-3.8184357,290.7317,102345.06,52.0,4.25
2023-06-04 10:00:00,-3.5734406,-3.6473236,291.63745,102363.54,52.0,4.25
2023-06-04 11:00:00,-3.441101,-4.249542,292.09753,102362.125,52.0,4.25
2023-06-04 12:00:00,-3.0843353,-5.2144012,292.37256,102344.625,52.0,4.25
2023-06-04 13:00:00,-2.8125305,-6.1486053,292.33005,102325.66,52.0,4.25
2023-06-04 14:00:00,-2.6349182,-7.1311493,292.26605,102325.28,52.0,4.25
2023-06-04 15:00:00,-2.4871826,-8.16069,291.7497,102306.84,52.0,4.25
2023-06-04 16:00:00,-2.4315338,-8.997314,290.95554,102299.336,52.0,4.25
2023-06-04 17:00:00,-2.6852875,-9.305588,289.81805,102279.28,52.0,4.25
2023-06-04 18:00:00,-3.0201416,-9.057144,288.73114,102269.7,52.0,4.25
2023-06-04 19:00:00,-3.5703888,-8.690979,287.6781,102298.31,52.0,4.25
2023-06-04 20:00:00,-4.435318,-8.405563,286.54105,102337.266,52.0,4.25
2023-06-04 21:00:00,-5.1607056,-7.720688,285.823,102368.4,52.0,4.25
2023-06-04 22:00:00,-5.5632935,-6.828583,285.3945,102397.375,52.0,4.25
2023-06-04 23:00:00,-5.35318,-6.4298553,285.01807,102400.21,52.0,4.25
2023-06-05 00:00:00,-5.092392,-6.3244476,284.56113,102408.47,52.0,4.25
2023-06-05 01:00:00,-4.9815674,-6.101425,284.12073,102396.56,52.0,4.25
2023-06-05 02:00:00,-5.0622406,-5.842453,283.8421,102374.16,52.0,4.25
2023-06-05 03:00:00,-4.8674927,-5.8854065,283.65518,102341.73,52.0,4.25
2023-06-05 04:00:00,-4.6089935,-6.193527,283.8029,102329.91,52.0,4.25
2023-06-05 05:00:00,-4.381317,-6.1048584,284.49127,102342.1,52.0,4.25
2023-06-05 06:00:00,-4.2846985,-5.6642303,285.4239,102342.8,52.0,4.25
2023-06-05 07:00:00,-4.1679993,-5.5005035,286.36493,102363.31,52.0,4.25
2023-06-05 08:00:00,-3.9347076,-5.283142,287.42242,102373.67,52.0,4.25
2023-06-05 09:00:00,-3.492447,-5.179596,288.41248,102354.11,52.0,4.25
2023-06-05 10:00:00,-2.5729065,-4.837616,289.3944,102357.64,52.0,4.25
2023-06-05 11:00:00,-1.6881256,-5.5166626,289.92584,102343.72,52.0,4.25
2023-06-05 12:00:00,-1.0421753,-6.5608063,290.12823,102311.266,52.0,4.25
2023-06-05 13:00:00,-0.78019714,-7.495285,289.9567,102284.64,52.0,4.25
2023-06-05 14:00:00,-0.99523926,-8.054001,289.68683,102259.78,52.0,4.25
2023-06-05 15:00:00,-1.3895111,-8.072632,289.25922,102235.08,52.0,4.25
2023-06-05 16:00:00,-1.7484894,-7.93808,288.7895,102225.41,52.0,4.25
2023-06-05 17:00:00,-2.1687622,-7.64476,288.17395,102208.36,52.0,4.25
2023-06-05 18:00:00,-2.2800446,-7.419632,287.42514,102185.28,52.0,4.25
2023-06-05 19:00:00,-2.1508636,-7.399338,286.52924,102180.055,52.0,4.25
2023-06-05 20:00:00,-2.6193542,-7.7853546,285.42538,102188.5,52.0,4.25
2023-06-05 21:00:00,-3.1471405,-7.8520966,285.0039,102228.39,52.0,4.25
2023-06-05 22:00:00,-4.0660706,-7.683777,284.7416,102233.42,52.0,4.25
2023-06-05 23:00:00,-4.1831512,-6.944351,284.58295,102241.875,52.0,4.25
2023-06-06 00:00:00,-3.8822021,-6.7435303,284.31326,102226.234,52.0,4.25
2023-06-06 01:00:00,-3.7812653,-6.7182617,284.09213,102246.35,52.0,4.25
2023-06-06 02:00:00,-3.917038,-6.665497,283.92493,102242.17,52.0,4.25
2023-06-06 03:00:00,-3.99823,-6.5243073,283.8576,102222.95,52.0,4.25
2023-06-06 04:00:00,-3.970108,-6.197098,283.909,102218.12,52.0,4.25
2023-06-06 05:00:00,-3.7086792,-5.594467,284.67822,102230.55,52.0,4.25
2023-06-06 06:00:00,-3.6476135,-5.421768,285.78046,102230.9,52.0,4.25
2023-06-06 07:00:00,-3.640274,-5.244995,286.90015,102231.516,52.0,4.25
2023-06-06 08:00:00,-3.4763489,-5.2866364,287.896,102228.164,52.0,4.25
2023-06-06 09:00:00,-3.3611755,-5.4457703,289.03613,102222.24,52.0,4.25
2023-06-06 10:00:00,-3.642395,-4.745285,289.87927,102212.51,52.0,4.25
2023-06-06 11:00:00,-2.983841,-4.9199066,290.62662,102204.414,52.0,4.25
2023-06-06 12:00:00,-2.4969025,-6.137848,291.06445,102179.83,52.0,4.25
2023-06-06 13:00:00,-2.2519836,-7.366806,291.11224,102152.92,52.0,4.25
2023-06-06 14:00:00,-2.2771301,-8.287674,291.02045,102147.47,52.0,4.25
2023-06-06 15:00:00,-2.52388,-8.715073,290.89374,102134.05,52.0,4.25
2023-06-06 16:00:00,-2.9056244,-8.4605255,290.41736,102120.25,52.0,4.25
2023-06-06 17:00:00,-3.157318,-8.055969,289.86404,102114.5,52.0,4.25
2023-06-06 18:00:00,-3.1807556,-7.8908844,289.16605,102114.38,52.0,4.25
2023-06-06 19:00:00,-3.318924,-7.9428253,288.1416,102130.8,52.0,4.25
2023-06-06 20:00:00,-4.209564,-8.132034,287.0813,102154.97,52.0,4.25
2023-06-06 21:00:00,-4.7381897,-7.679611,286.34723,102181.44,52.0,4.25
2023-06-06 22:00:00,-4.721878,-7.572632,285.71558,102193.125,52.0,4.25
2023-06-06 23:00:00,-4.867874,-6.591614,285.48383,102207.26,52.0,4.25
2023-06-07 00:00:00,-4.357132,-6.156296,285.14154,102187.02,52.0,4.25
2023-06-07 01:00:00,-3.7536774,-6.229187,284.77722,102182.86,52.0,4.25
2023-06-07 02:00:00,-4.1904755,-6.190445,284.43597,102179.3,52.0,4.25
2023-06-07 03:00:00,-4.6008453,-6.079254,284.37125,102169.1,52.0,4.25
2023-06-07 04:00:00,-4.441086,-6.3644257,284.48553,102162.25,52.0,4.25
2023-06-07 05:00:00,-4.2296753,-6.1378784,284.88995,102156.58,52.0,4.25
2023-06-07 06:00:00,-4.1954956,-5.6392517,285.57956,102178.06,52.0,4.25
2023-06-07 07:00:00,-4.0463867,-5.1326447,286.4357,102201.766,52.0,4.25
2023-06-07 08:00:00,-3.9015198,-4.732788,287.65814,102205.95,52.0,4.25
2023-06-07 09:00:00,-3.9085388,-4.5255585,288.91855,102204.26,52.0,4.25
2023-06-07 10:00:00,-3.3437653,-3.7819061,289.91052,102198.18,52.0,4.25
2023-06-07 11:00:00,-2.9697723,-4.0552216,290.83972,102176.5,52.0,4.25
2023-06-07 12:00:00,-2.564148,-4.528305,291.261,102138.15,52.0,4.25
2023-06-07 13:00:00,-2.573761,-4.8492584,291.72803,102122.92,52.0,4.25
2023-06-07 14:00:00,-2.3065338,-5.747864,291.7655,102071.734,52.0,4.25
2023-06-07 15:00:00,-2.3742523,-6.485214,291.62292,102049.06,52.0,4.25
2023-06-07 16:00:00,-2.402298,-7.296631,291.13474,102005.8,52.0,4.25
2023-06-07 17:00:00,-2.789154,-7.5675354,290.57736,102001.08,52.0,4.25
2023-06-07 18:00:00,-3.0639496,-7.5892334,289.79544,101991.61,52.0,4.25
2023-06-07 19:00:00,-3.4037476,-7.7832336,288.63104,101999.81,52.0,4.25
2023-06-07 20:00:00,-4.3562927,-7.787094,287.31238,101997.34,52.0,4.25
2023-06-07 21:00:00,-5.1931915,-7.1363373,286.53888,102046.8,52.0,4.25
2023-06-07 22:00:00,-4.8056946,-6.8569183,286.2196,102063.19,52.0,4.25
2023-06-07 23:00:00,-4.4180756,-6.4324646,285.72275,102053.586,52.0,4.25
2023-06-08 00:00:00,-4.377701,-6.518265,285.2912,102004.94,52.0,4.25
2023-06-08 01:00:00,-4.923401,-6.4741364,284.97314,101972.64,52.0,4.25
2023-06-08 02:00:00,-5.434265,-5.960861,284.61285,101947.4,52.0,4.25
2023-06-08 03:00:00,-5.6858673,-5.479782,284.39453,101928.375,52.0,4.25
2023-06-08 04:00:00,-5.6081085,-4.9583282,284.4348,101919.016,52.0,4.25
2023-06-08 05:00:00,-4.7481537,-4.7640533,284.99463,101914.47,52.0,4.25
2023-06-08 06:00:00,-3.906021,-4.726837,285.91736,101912.016,52.0,4.25
2023-06-08 07:00:00,-3.6051025,-4.717331,287.2221,101911.64,52.0,4.25
2023-06-08 08:00:00,-3.640396,-4.826004,288.41174,101901.65,52.0,4.25
2023-06-08 09:00:00,-3.7075806,-5.165985,289.44727,101896.7,52.0,4.25
2023-06-08 10:00:00,-4.180771,-4.0311737,291.01028,101858.945,52.0,4.25
2023-06-08 11:00:00,-4.020157,-4.656418,292.29706,101837.625,52.0,4.25
2023-06-08 12:00:00,-4.0750732,-5.280594,293.3838,101785.14,52.0,4.25
2023-06-08 13:00:00,-4.1151733,-5.7848206,294.07132,101729.43,52.0,4.25
2023-06-08 14:00:00,-4.322098,-6.43927,294.68945,101670.98,52.0,4.25
2023-06-08 15:00:00,-4.742035,-7.0385437,294.77924,101633.016,52.0,4.25
2023-06-08 16:00:00,-5.123535,-7.306839,294.55737,101587.11,52.0,4.25
2023-06-08 17:00:00,-5.2619476,-7.6633606,293.9569,101532.35,52.0,4.25
2023-06-08 18:00:00,-5.579422,-7.5595856,293.11868,101536.5,52.0,4.25
2023-06-08 19:00:00,-6.541855,-7.174774,291.89624,101559.85,52.0,4.25
2023-06-08 20:00:00,-7.322571,-7.0977936,290.4121,101589.03,52.0,4.25
2023-06-08 21:00:00,-8.188263,-6.171219,289.48108,101633.47,52.0,4.25
2023-06-08 22:00:00,-8.057114,-5.4533997,288.87915,101623.52,52.0,4.25
2023-06-08 23:00:00,-7.812668,-4.606247,288.19458,101590.58,52.0,4.25
2023-06-09 00:00:00,-7.576248,-4.1860657,287.69797,101598.94,52.0,4.25
2023-06-09 01:00:00,-7.567215,-4.1713715,287.16714,101572.3,52.0,4.25
2023-06-09 02:00:00,-7.712433,-4.2532654,286.83606,101529.85,52.0,4.25
2023-06-09 03:00:00,-7.8509216,-3.984909,286.71613,101508.67,52.0,4.25
2023-06-09 04:00:00,-7.6883545,-3.4307404,286.5548,101523.44,52.0,4.25
2023-06-09 05:00:00,-7.699463,-3.0366516,287.14185,101507.56,52.0,4.25
2023-06-09 06:00:00,-7.070755,-1.9506836,288.50665,101525.97,52.0,4.25
2023-06-09 07:00:00,-6.280792,-1.023056,290.36777,101531.69,52.0,4.25
2023-06-09 08:00:00,-5.6069946,-0.81288147,292.22498,101536.97,52.0,4.25
2023-06-09 09:00:00,-5.2742767,-1.0096893,294.15283,101522.15,52.0,4.25
2023-06-09 10:00:00,-4.936554,-0.73091125,295.47748,101505.9,52.0,4.25
2023-06-09 11:00:00,-4.978592,-1.0261536,296.79773,101479.89,52.0,4.25
2023-06-09 12:00:00,-5.4806824,-1.6118011,298.13034,101423.71,52.0,4.25
2023-06-09 13:00:00,-6.2518463,-1.6702423,298.7274,101380.22,52.0,4.25
2023-06-09 14:00:00,-6.615265,-1.4633942,299.4084,101353.984,52.0,4.25
2023-06-09 15:00:00,-6.706253,-1.4535217,299.4308,101295.16,52.0,4.25
2023-06-09 16:00:00,-6.657715,-1.8060303,299.5064,101264.66,52.0,4.25
2023-06-09 17:00:00,-6.611313,-2.5051422,299.2146,101247.45,52.0,4.25
2023-06-09 18:00:00,-7.3919525,-2.1509857,298.4841,101257.516,52.0,4.25
2023-06-09 19:00:00,-8.023407,-1.588028,297.58853,101287.23,52.0,4.25
2023-06-09 20:00:00,-9.05336,-1.3795776,295.98193,101357.625,52.0,4.25
2023-06-09 21:00:00,-9.941727,-0.7897644,294.9765,101396.16,52.0,4.25
2023-06-09 22:00:00,-10.074951,-0.80470276,294.32635,101410.76,52.0,4.25
2023-06-09 23:00:00,-9.92926,0.4197235,293.66956,101426.52,52.0,4.25
2023-06-10 00:00:00,-9.52829,1.0267792,292.86304,101437.82,52.0,4.25
2023-06-10 01:00:00,-9.19519,1.2197723,292.19525,101456.445,52.0,4.25
2023-06-10 02:00:00,-9.03241,1.1080933,291.69543,101448.14,52.0,4.25
2023-06-10 03:00:00,-9.094299,0.64785767,291.1408,101460.59,52.0,4.25
2023-06-10 04:00:00,-9.224503,0.39759827,291.01392,101494.39,52.0,4.25
2023-06-10 05:00:00,-9.0920105,0.57940674,291.74057,101503.08,52.0,4.25
2023-06-10 06:00:00,-8.593231,0.60583496,292.86304,101533.47,52.0,4.25
2023-06-10 07:00:00,-7.513275,0.58547974,294.46606,101541.1,52.0,4.25
2023-06-10 08:00:00,-6.9392548,0.45118713,295.97015,101565.64,52.0,4.25
2023-06-10 09:00:00,-6.538101,0.18032837,297.37695,101560.73,52.0,4.25
2023-06-10 10:00:00,-6.324066,0.0049743652,298.636,101580.22,52.0,4.25
2023-06-10 11:00:00,-6.2808228,-0.543396,299.5871,101564.445,52.0,4.25
2023-06-10 12:00:00,-6.4166718,-0.44084167,300.2285,101516.516,52.0,4.25
2023-06-10 13:00:00,-6.097748,0.026779175,300.6808,101498.44,52.0,4.25
2023-06-10 14:00:00,-5.673691,-0.14808655,300.68695,101455.695,52.0,4.25
2023-06-10 15:00:00,-5.6899414,-1.1133423,300.4329,101452.5,52.0,4.25
2023-06-10 16:00:00,-5.9595184,-2.698761,300.26556,101432.5,52.0,4.25
2023-06-10 17:00:00,-6.379532,-4.4761505,299.68628,101405.484,52.0,4.25
2023-06-10 18:00:00,-7.15419,-5.1496124,298.66464,101429.016,52.0,4.25
2023-06-10 19:00:00,-8.047897,-5.034485,297.477,101442.67,52.0,4.25
2023-06-10 20:00:00,-9.154755,-4.1645355,295.72067,101509.08,52.0,4.25
2023-06-10 21:00:00,-9.54306,-2.6606293,294.42303,101547.27,52.0,4.25
2023-06-10 22:00:00,-9.380264,-2.1484833,293.904,101575.44,52.0,4.25
2023-06-10 23:00:00,-8.920105,-0.7164459,293.2278,101532.81,52.0,4.25
2023-06-11 00:00:00,-8.488632,0.43772888,292.53638,101535.11,52.0,4.25
2023-06-11 01:00:00,-8.149536,1.2510681,291.83423,101505.42,52.0,4.25
2023-06-11 02:00:00,-7.547394,2.012085,291.32593,101495.97,52.0,4.25
2023-06-11 03:00:00,-7.061966,2.7239532,290.94238,101495.83,52.0,4.25
2023-06-11 04:00:00,-7.0225983,3.0365906,291.0575,101509.03,52.0,4.25
2023-06-11 05:00:00,-6.5726166,3.3248749,292.32257,101518.25,52.0,4.25
2023-06-11 06:00:00,-5.679962,3.1572113,293.9776,101538.05,52.0,4.25
2023-06-11 07:00:00,-4.756958,2.3848877,295.6046,101542.95,52.0,4.25
2023-06-11 08:00:00,-4.603668,1.6260529,297.04962,101533.77,52.0,4.25
2023-06-11 09:00:00,-4.888153,1.0290985,298.4551,101529.484,52.0,4.25
2023-06-11 10:00:00,-4.8148804,0.6795502,299.78998,101531.9,52.0,4.25
2023-06-11 11:00:00,-5.12706,1.114212,300.46286,101532.516,52.0,4.25
2023-06-11 12:00:00,-4.6710205,1.5697937,301.0775,101501.984,52.0,4.25
2023-06-11 13:00:00,-4.2420807,1.5710297,301.07617,101476.33,52.0,4.25
2023-06-11 14:00:00,-3.9177094,1.6664581,301.44067,101455.27,52.0,4.25
2023-06-11 15:00:00,-3.7402954,1.56073,301.38538,101448.41,52.0,4.25
2023-06-11 16:00:00,-4.0003204,1.2520599,301.27838,101408.53,52.0,4.25
2023-06-11 17:00:00,-4.493393,0.79922485,300.57123,101401.11,52.0,4.25
2023-06-11 18:00:00,-5.2586823,0.24317932,299.6752,101378.44,52.0,4.25
2023-06-11 19:00:00,-6.3212585,0.69285583,298.2594,101416.19,52.0,4.25
2023-06-11 20:00:00,-7.339264,1.8744965,296.95285,101445.69,52.0,4.25
2023-06-11 21:00:00,-7.92128,2.9557495,296.30914,101463.44,52.0,4.25
2023-06-11 22:00:00,-8.285706,2.9714813,295.84473,101489.33,52.0,4.25
2023-06-11 23:00:00,-8.3485565,3.1532898,295.1715,101493.516,52.0,4.25
2023-06-12 00:00:00,-8.273392,3.7326202,294.53174,101510.17,52.0,4.25
2023-06-12 01:00:00,-7.4550323,4.3354034,293.78687,101529.5,52.0,4.25
2023-06-12 02:00:00,-6.9542847,4.400482,292.7265,101515.64,52.0,4.25
2023-06-12 03:00:00,-6.7108917,4.184555,292.09436,101519.3,52.0,4.25
2023-06-12 04:00:00,-6.524643,3.676117,291.67938,101544.99,52.0,4.25
2023-06-12 05:00:00,-6.5625305,3.0063477,292.45758,101563.33,52.0,4.25
2023-06-12 06:00:00,-6.677643,2.2470398,294.15738,101577.766,52.0,4.25
2023-06-12 07:00:00,-6.0815735,1.5677185,295.62158,101598.97,52.0,4.25
2023-06-12 08:00:00,-5.5704956,0.9156952,297.22906,101604.06,52.0,4.25
2023-06-12 09:00:00,-5.340866,0.005279541,298.31564,101590.5,52.0,4.25
2023-06-12 10:00:00,-6.035507,-0.70002747,299.26923,101615.49,52.0,4.25
2023-06-12 11:00:00,-5.795944,-2.0802917,299.71375,101593.266,52.0,4.25
2023-06-12 12:00:00,-5.4851837,-3.3465118,299.77545,101550.67,52.0,4.25
2023-06-12 13:00:00,-5.1049347,-4.13562,300.01547,101535.28,52.0,4.25
2023-06-12 14:00:00,-4.57782,-4.811386,300.2071,101501.42,52.0,4.25
2023-06-12 15:00:00,-4.11615,-5.8848114,300.06787,101462.5,52.0,4.25
2023-06-12 16:00:00,-3.5508575,-7.5770264,299.80835,101433.94,52.0,4.25
2023-06-12 17:00:00,-3.6246033,-9.057175,298.95624,101383.25,52.0,4.25
2023-06-12 18:00:00,-4.352844,-9.756287,297.93442,101374.55,52.0,4.25
2023-06-12 19:00:00,-5.2642517,-8.537827,296.5654,101357.38,52.0,4.25
2023-06-12 20:00:00,-6.824951,-5.649719,295.04102,101381.734,52.0,4.25
2023-06-12 21:00:00,-8.137299,-1.356842,294.21307,101404.734,52.0,4.25
2023-06-12 22:00:00,-8.977295,1.0945129,294.21365,101415.016,52.0,4.25
2023-06-12 23:00:00,-9.213989,2.1715546,293.8729,101422.164,52.0,4.25
2023-06-13 00:00:00,-9.103439,2.2697144,293.42932,101425.78,52.0,4.25
2023-06-13 01:00:00,-8.939972,1.7664032,292.37155,101408.41,52.0,4.25
2023-06-13 02:00:00,-8.397324,1.2767029,291.54584,101414.664,52.0,4.25
2023-06-13 03:00:00,-7.7404785,0.6109619,290.6587,101421.34,52.0,4.25
2023-06-13 04:00:00,-7.8040314,-0.7445984,290.38416,101413.1,52.0,4.25
2023-06-13 05:00:00,-8.135025,-1.6496582,291.19293,101435.02,52.0,4.25
2023-06-13 06:00:00,-7.7206573,-1.2929077,292.74957,101482.16,52.0,4.25
2023-06-13 07:00:00,-7.087631,-1.0115662,294.1706,101486.06,52.0,4.25
2023-06-13 08:00:00,-6.763153,-1.4124146,295.60522,101483.36,52.0,4.25
2023-06-13 09:00:00,-6.942215,-2.0773468,296.81717,101472.164,52.0,4.25
2023-06-13 10:00:00,-7.626602,-2.1475067,297.8135,101463.29,52.0,4.25
2023-06-13 11:00:00,-7.9401093,-1.736084,298.35004,101444.31,52.0,4.25
2023-06-13 12:00:00,-7.149048,-1.9669037,298.65723,101424.57,52.0,4.25
2023-06-13 13:00:00,-6.4201202,-2.579071,298.7451,101396.64,52.0,4.25
2023-06-13 14:00:00,-5.881851,-3.6715088,298.62555,101390.05,52.0,4.25
2023-06-13 15:00:00,-5.4458923,-4.956604,298.32324,101353.234,52.0,4.25
2023-06-13 16:00:00,-5.0798187,-6.73526,297.83173,101343.42,52.0,4.25
2023-06-13 17:00:00,-4.8544464,-7.806183,296.86444,101343.83,52.0,4.25
2023-06-13 18:00:00,-5.099777,-8.244843,295.88885,101357.86,52.0,4.25
2023-06-13 19:00:00,-6.038254,-8.070129,294.93124,101365.94,52.0,4.25
2023-06-13 20:00:00,-6.980713,-7.496826,293.72864,101440.31,52.0,4.25
2023-06-13 21:00:00,-7.7967987,-6.487854,292.82556,101474.81,52.0,4.25
2023-06-13 22:00:00,-7.667328,-4.662323,291.9407,101496.57,52.0,4.25
2023-06-13 23:00:00,-7.8618164,-3.4895172,291.46234,101526.91,52.0,4.25
2023-06-14 00:00:00,-8.00499,-2.6176605,290.78717,101542.05,52.0,4.25
2023-06-14 01:00:00,-8.232666,-1.7209015,289.94366,101539.05,52.0,4.25
2023-06-14 02:00:00,-8.389374,-1.0998077,289.3697,101540.625,52.0,4.25
2023-06-14 03:00:00,-8.225037,-0.7138519,288.80304,101566.625,52.0,4.25
2023-06-14 04:00:00,-7.916519,-0.38981628,288.57297,101590.875,52.0,4.25
2023-06-14 05:00:00,-7.335434,-0.4237671,289.5249,101614.24,52.0,4.25
2023-06-14 06:00:00,-6.508209,-0.8012085,291.1303,101651.69,52.0,4.25
2023-06-14 07:00:00,-6.1692657,-1.0596771,292.65036,101675.78,52.0,4.25
2023-06-14 08:00:00,-6.1315765,-1.2194977,294.24988,101719.67,52.0,4.25
2023-06-14 09:00:00,-6.3443604,-0.9831085,295.51,101741.45,52.0,4.25
2023-06-14 10:00:00,-6.273163,-0.49845886,296.2163,101761.47,52.0,4.25
2023-06-14 11:00:00,-5.9725037,-1.1080627,296.79645,101768.31,52.0,4.25
2023-06-14 12:00:00,-5.4720154,-2.2253418,297.031,101748.83,52.0,4.25
2023-06-14 13:00:00,-5.29982,-3.3238983,297.24078,101748.59,52.0,4.25
2023-06-14 14:00:00,-5.394821,-3.989975,297.25806,101754.67,52.0,4.25
2023-06-14 15:00:00,-5.439575,-4.077835,297.05566,101744.41,52.0,4.25
2023-06-14 16:00:00,-5.53537,-3.8660583,296.83264,101732.27,52.0,4.25
2023-06-14 17:00:00,-5.0571747,-3.8048553,296.56537,101724.92,52.0,4.25
2023-06-14 18:00:00,-3.605774,-4.934662,296.07825,101739.16,52.0,4.25
2023-06-14 19:00:00,-3.4160004,-6.414276,294.74268,101755.2,52.0,4.25
2023-06-14 20:00:00,-4.57489,-6.808502,292.9837,101802.984,52.0,4.25
2023-06-14 21:00:00,-6.7169037,-4.7145233,291.55756,101837.0,52.0,4.25
2023-06-14 22:00:00,-7.1371765,-1.6427917,291.17108,101875.14,52.0,4.25
2023-06-14 23:00:00,-7.031494,0.25196838,290.85492,101906.91,52.0,4.25
2023-06-15 00:00:00,-6.550232,-0.040985107,290.1899,101938.1,52.0,4.25
2023-06-15 01:00:00,-6.62236,-0.7007141,289.13666,101945.33,52.0,4.25
2023-06-15 02:00:00,-6.913086,-1.0463867,288.50623,101945.875,52.0,4.25
2023-06-15 03:00:00,-6.871887,-0.7009735,288.10666,101957.11,52.0,4.25
2023-06-15 04:00:00,-6.463669,-0.23820496,287.92212,101973.41,52.0,4.25
2023-06-15 05:00:00,-5.6173706,0.35269165,289.5465,101993.54,52.0,4.25
2023-06-15 06:00:00,-4.0091553,0.3322754,291.47107,102012.84,52.0,4.25
2023-06-15 07:00:00,-2.914093,-0.13197327,293.50085,102013.66,52.0,4.25
2023-06-15 08:00:00,-2.6063995,-0.9981079,294.78882,102038.44,52.0,4.25
2023-06-15 09:00:00,-2.853897,-1.7628021,295.63837,102032.5,52.0,4.25
2023-06-15 10:00:00,-1.8221436,-1.948883,296.4465,102055.57,52.0,4.25
2023-06-15 11:00:00,-1.8217773,-3.0955353,296.57404,102056.375,52.0,4.25
2023-06-15 12:00:00,-1.5899048,-4.1913147,296.76852,102036.375,52.0,4.25
2023-06-15 13:00:00,-1.3322144,-4.751358,296.78436,102020.95,52.0,4.25
2023-06-15 14:00:00,-1.2201538,-5.8316345,296.67514,101996.89,52.0,4.25
2023-06-15 15:00:00,-1.4464569,-6.8482056,296.26288,101988.61,52.0,4.25
2023-06-15 16:00:00,-1.8553619,-7.3495636,295.7853,101979.38,52.0,4.25
2023-06-15 17:00:00,-2.1049042,-6.9327393,295.057,101964.945,52.0,4.25
2023-06-15 18:00:00,-1.958847,-5.907608,294.27887,101976.43,52.0,4.25
2023-06-15 19:00:00,-1.9509277,-5.65567,292.79352,101983.86,52.0,4.25
2023-06-15 20:00:00,-2.2232513,-5.6702576,290.8952,101996.25,52.0,4.25
2023-06-15 21:00:00,-2.7582703,-5.4961853,289.47803,102004.484,52.0,4.25
2023-06-15 22:00:00,-3.2862244,-4.2511597,289.06174,102003.766,52.0,4.25
2023-06-15 23:00:00,-3.2670593,-3.5076141,288.4516,102005.78,52.0,4.25
2023-06-16 00:00:00,-3.2728271,-2.7809753,287.74817,101965.266,52.0,4.25
2023-06-16 01:00:00,-3.336197,-2.4331512,287.25134,101945.26,52.0,4.25
2023-06-16 02:00:00,-3.9662476,-2.403122,287.05405,101932.266,52.0,4.25
2023-06-16 03:00:00,-4.525299,-2.2198792,286.75778,101923.73,52.0,4.25
2023-06-16 04:00:00,-4.6274567,-1.9046783,286.78455,101939.8,52.0,4.25
2023-06-16 05:00:00,-4.2868347,-1.3839722,288.5776,101956.34,52.0,4.25
2023-06-16 06:00:00,-3.317154,-0.9896393,290.94037,101975.08,52.0,4.25
2023-06-16 07:00:00,-2.9030762,-0.6152191,292.921,101982.86,52.0,4.25
2023-06-16 08:00:00,-2.3267975,-0.2727356,294.14902,101986.67,52.0,4.25
2023-06-16 09:00:00,-1.5058746,-0.2250061,295.1225,101982.24,52.0,4.25
2023-06-16 10:00:00,-0.4223175,-0.2657013,296.10077,101997.31,52.0,4.25
2023-06-16 11:00:00,-0.13279724,-1.4513702,296.53952,101968.84,52.0,4.25
2023-06-16 12:00:00,0.02784729,-2.9194794,296.76944,101938.67,52.0,4.25
2023-06-16 13:00:00,0.07597351,-4.472748,296.8153,101915.05,52.0,4.25
2023-06-16 14:00:00,-0.3645172,-5.817459,296.48618,101892.45,52.0,4.25
2023-06-16 15:00:00,-1.2023468,-6.52977,296.18353,101858.72,52.0,4.25
2023-06-16 16:00:00,-1.861145,-6.5233917,295.77515,101847.74,52.0,4.25
2023-06-16 17:00:00,-2.2585602,-6.066101,295.26736,101801.83,52.0,4.25
2023-06-16 18:00:00,-2.5498047,-5.3153534,294.29004,101788.61,52.0,4.25
2023-06-16 19:00:00,-2.7659912,-4.8236084,293.0747,101801.8,52.0,4.25
2023-06-16 20:00:00,-3.1080933,-4.5608215,291.07037,101798.9,52.0,4.25
2023-06-16 21:00:00,-3.3127441,-4.2096405,289.50134,101802.02,52.0,4.25
2023-06-16 22:00:00,-2.9909668,-3.7124786,288.40698,101817.695,52.0,4.25
2023-06-16 23:00:00,-2.6770477,-3.0924225,287.14758,101803.17,52.0,4.25
2023-06-17 00:00:00,-1.9300385,-2.2467346,286.02216,101759.92,52.0,4.25
2023-06-17 01:00:00,-1.2670898,-1.9676819,285.26758,101731.17,52.0,4.25
2023-06-17 02:00:00,-1.257721,-2.1131592,284.8635,101719.46,52.0,4.25
2023-06-17 03:00:00,-0.8876648,-1.895752,284.60608,101683.07,52.0,4.25
2023-06-17 04:00:00,-0.9416199,-1.997757,284.64014,101675.35,52.0,4.25
2023-06-17 05:00:00,-1.2368927,-1.9858246,287.09894,101668.83,52.0,4.25
2023-06-17 06:00:00,-1.3247528,-1.4631805,289.70062,101649.95,52.0,4.25
2023-06-17 07:00:00,-1.3052368,-1.0554047,291.77423,101657.02,52.0,4.25
2023-06-17 08:00:00,-1.4099274,-1.2686768,293.4895,101673.95,52.0,4.25
2023-06-17 09:00:00,-1.8165131,-1.607727,294.631,101647.734,52.0,4.25
2023-06-17 10:00:00,-1.3064728,-0.91619873,295.62402,101649.18,52.0,4.25
2023-06-17 11:00:00,-1.4345703,-0.6774597,296.50497,101603.56,52.0,4.25
2023-06-17 12:00:00,-1.4445496,-0.6259613,297.03537,101544.08,52.0,4.25
2023-06-17 13:00:00,-1.3965759,-0.597702,297.54443,101513.19,52.0,4.25
2023-06-17 14:00:00,-1.3028564,-0.77001953,297.27832,101476.375,52.0,4.25
2023-06-17 15:00:00,-1.4225922,-1.561615,297.34875,101437.53,52.0,4.25
2023-06-17 16:00:00,-1.6206512,-1.8064575,297.42957,101396.29,52.0,4.25
2023-06-17 17:00:00,-2.050354,-2.120636,297.04605,101358.13,52.0,4.25
2023-06-17 18:00:00,-2.6532745,-2.4703827,296.3744,101361.805,52.0,4.25
2023-06-17 19:00:00,-3.6265106,-2.5420685,295.38394,101359.97,52.0,4.25
2023-06-17 20:00:00,-4.7177887,-2.0350952,294.17966,101365.3,52.0,4.25
2023-06-17 21:00:00,-5.109436,-0.9455261,293.27173,101375.266,52.0,4.25
2023-06-17 22:00:00,-4.749817,2.0397644,292.15857,101348.54,52.0,4.25
2023-06-17 23:00:00,-4.379364,1.2592926,291.95337,101352.84,52.0,4.25
2023-06-18 00:00:00,-5.450302,0.9410095,291.70898,101311.09,52.0,4.25
2023-06-18 01:00:00,-5.829376,2.1631775,291.32928,101308.516,52.0,4.25
2023-06-18 02:00:00,-6.083252,2.3947449,290.85593,101268.31,52.0,4.25
2023-06-18 03:00:00,-5.737076,2.909607,290.68362,101220.66,52.0,4.25
2023-06-18 04:00:00,-4.6559906,4.00235,290.79877,101250.984,52.0,4.25
2023-06-18 05:00:00,-2.8906555,5.0752106,291.4712,101260.97,52.0,4.25
2023-06-18 06:00:00,-0.9176941,5.7915955,292.69403,101288.984,52.0,4.25
2023-06-18 07:00:00,-0.045822144,4.962204,293.91278,101279.07,52.0,4.25
2023-06-18 08:00:00,-0.32702637,3.6592865,295.02542,101295.88,52.0,4.25
2023-06-18 09:00:00,-1.9670563,2.4581146,295.9723,101320.016,52.0,4.25
2023-06-18 10:00:00,-3.9903107,1.5034637,293.4682,101224.266,52.0,4.25
2023-06-18 11:00:00,-5.1409607,2.6999664,294.316,101177.766,52.0,4.25
2023-06-18 12:00:00,-4.707016,3.5169983,295.49384,101149.45,52.0,4.25
2023-06-18 13:00:00,-4.845825,2.7726593,296.115,101143.11,52.0,4.25
2023-06-18 14:00:00,-4.7591705,2.8136597,296.24466,101118.84,52.0,4.25
2023-06-18 15:00:00,-5.328888,2.717636,296.63614,101074.766,52.0,4.25
2023-06-18 16:00:00,-5.6027527,3.2167358,296.13458,101025.91,52.0,4.25
2023-06-18 17:00:00,-5.8000793,2.951828,295.66574,100964.625,52.0,4.25
2023-06-18 18:00:00,-5.279007,2.9042358,295.315,100943.586,52.0,4.25
2023-06-18 19:00:00,-5.9714813,2.9936066,294.95886,100923.78,52.0,4.25
2023-06-18 20:00:00,-7.143112,3.352188,294.1548,100894.32,52.0,4.25
2023-06-18 21:00:00,-7.7030334,4.015732,293.56308,100916.67,52.0,4.25
2023-06-18 22:00:00,-7.7546844,4.1322327,293.18707,100704.74,52.0,4.25
2023-06-18 23:00:00,-3.5789185,7.846573,293.07147,100737.84,52.0,4.25
2023-06-19 00:00:00,2.626648,9.491074,292.6927,100741.234,52.0,4.25
2023-06-19 01:00:00,4.625244,8.377045,292.6188,100723.61,52.0,4.25
2023-06-19 02:00:00,6.3908844,7.9697113,292.67627,100770.625,52.0,4.25
2023-06-19 03:00:00,8.18454,7.440201,291.60748,100840.586,52.0,4.25
2023-06-19 04:00:00,9.07193,6.959915,290.6033,100925.266,52.0,4.25
2023-06-19 05:00:00,8.412674,6.5243225,290.3734,101007.2,52.0,4.25
2023-06-19 06:00:00,8.8581085,6.0607147,290.67044,101055.875,52.0,4.25
2023-06-19 07:00:00,9.558853,5.132736,291.27045,101141.914,52.0,4.25
2023-06-19 08:00:00,8.772003,4.4671783,291.9571,101204.15,52.0,4.25
2023-06-19 09:00:00,7.62973,4.1844025,292.5216,101284.74,52.0,4.25
2023-06-19 10:00:00,6.049225,3.1811676,292.25452,101320.42,52.0,4.25
2023-06-19 11:00:00,5.7877655,3.7707825,292.8891,101349.586,52.0,4.25
2023-06-19 12:00:00,5.384308,3.274292,293.84683,101361.734,52.0,4.25
2023-06-19 13:00:00,4.6409454,2.7121887,294.41934,101340.52,52.0,4.25
2023-06-19 14:00:00,4.066391,2.2606049,294.60486,101316.87,52.0,4.25
2023-06-19 15:00:00,3.4001617,1.3036957,294.72,101296.91,52.0,4.25
2023-06-19 16:00:00,2.3576202,0.26504517,294.6261,101275.766,52.0,4.25
2023-06-19 17:00:00,0.785202,-0.7259674,294.27563,101251.72,52.0,4.25
2023-06-19 18:00:00,-0.6077728,-1.3504181,293.7786,101246.53,52.0,4.25
2023-06-19 19:00:00,-1.7435303,-1.8941193,293.13092,101238.42,52.0,4.25
2023-06-19 20:00:00,-3.0158234,-1.7353516,292.16983,101261.94,52.0,4.25
2023-06-19 21:00:00,-4.5502625,-0.96183777,291.83887,101293.766,52.0,4.25
2023-06-19 22:00:00,-5.8004456,-1.4438629,291.97723,101279.43,52.0,4.25
2023-06-19 23:00:00,-6.2078857,-0.14471436,292.28918,101288.09,52.0,4.25
2023-06-20 00:00:00,-6.754257,0.27955627,292.5937,101235.016,52.0,4.25
2023-06-20 01:00:00,-7.118973,0.9599762,292.5229,101179.36,52.0,4.25
2023-06-20 02:00:00,-6.970749,2.180893,292.22906,101151.56,52.0,4.25
2023-06-20 03:00:00,-6.4141846,2.904129,291.90616,101133.33,52.0,4.25
2023-06-20 04:00:00,-6.4161377,3.0293732,291.76343,101112.42,52.0,4.25
2023-06-20 05:00:00,-5.56723,3.346466,292.4348,101123.45,52.0,4.25
2023-06-20 06:00:00,-5.2117767,3.1097107,293.48767,101089.08,52.0,4.25
2023-06-20 07:00:00,-4.2469788,3.4124298,294.72522,101051.42,52.0,4.25
2023-06-20 08:00:00,-3.716034,3.6296387,295.80664,101035.44,52.0,4.25
2023-06-20 09:00:00,-3.7300568,4.272888,297.03534,101004.43,52.0,4.25
2023-06-20 10:00:00,-2.3700867,3.6519318,298.80493,100979.234,52.0,4.25
2023-06-20 11:00:00,-2.2900085,3.47258,299.51056,100933.19,52.0,4.25
2023-06-20 12:00:00,-1.5872955,3.511261,299.76782,100897.28,52.0,4.25
2023-06-20 13:00:00,0.4979248,3.6269836,299.46045,100887.1,52.0,4.25
2023-06-20 14:00:00,2.4059296,2.2092438,297.88748,100885.95,52.0,4.25
2023-06-20 15:00:00,4.3051453,1.5346222,294.23572,100936.06,52.0,4.25
2023-06-20 16:00:00,3.069931,2.242157,292.1388,100964.516,52.0,4.25
2023-06-20 17:00:00,2.055725,1.9566193,292.117,100915.31,52.0,4.25
2023-06-20 18:00:00,3.4344482,2.6704407,292.46875,100919.14,52.0,4.25
2023-06-20 19:00:00,4.5674744,3.4464417,292.44907,100999.266,52.0,4.25
2023-06-20 20:00:00,5.141037,3.6007538,292.1364,101039.94,52.0,4.25
2023-06-20 21:00:00,5.210388,4.1170654,292.03088,101096.0,52.0,4.25
2023-06-20 22:00:00,6.3876038,5.8702393,291.3185,101120.58,52.0,4.25
2023-06-20 23:00:00,6.5427856,5.551285,290.86813,101150.3,52.0,4.25
2023-06-21 00:00:00,6.7107697,4.7219086,290.55066,101183.37,52.0,4.25
2023-06-21 01:00:00,6.2276,3.9170532,290.35223,101207.03,52.0,4.25
2023-06-21 02:00:00,6.005951,3.8807678,290.03058,101267.734,52.0,4.25
2023-06-21 03:00:00,5.618225,3.9626007,289.88873,101319.16,52.0,4.25
2023-06-21 04:00:00,5.5404053,3.84758,289.88577,101360.36,52.0,4.25
2023-06-21 05:00:00,5.710251,3.7427368,290.284,101431.0,52.0,4.25
2023-06-21 06:00:00,5.588516,3.0139008,291.0768,101467.08,52.0,4.25
2023-06-21 07:00:00,5.580612,2.8449707,291.83487,101537.17,52.0,4.25
2023-06-21 08:00:00,5.709549,2.8328552,292.5785,101589.516,52.0,4.25
2023-06-21 09:00:00,5.8512726,2.865219,293.2409,101640.17,52.0,4.25
2023-06-21 10:00:00,5.999954,1.9616241,293.69464,101701.58,52.0,4.25
2023-06-21 11:00:00,6.4001465,2.0108795,293.65448,101753.77,52.0,4.25
2023-06-21 12:00:00,6.6947327,1.6131287,293.48642,101798.22,52.0,4.25
2023-06-21 13:00:00,6.277817,1.2680206,293.73602,101834.52,52.0,4.25
2023-06-21 14:00:00,5.089432,1.2012177,293.87,101866.19,52.0,4.25
2023-06-21 15:00:00,4.3806,0.9525604,294.02185,101872.06,52.0,4.25
2023-06-21 16:00:00,4.046631,0.6836548,294.17108,101890.78,52.0,4.25
2023-06-21 17:00:00,3.7597198,0.49848938,294.02966,101881.484,52.0,4.25
2023-06-21 18:00:00,3.1327515,-0.17732239,293.50018,101872.68,52.0,4.25
2023-06-21 19:00:00,2.3789978,-1.2333679,292.50403,101848.61,52.0,4.25
2023-06-21 20:00:00,1.6265869,-1.1859589,290.71024,101890.91,52.0,4.25
2023-06-21 21:00:00,0.27505493,-1.2637177,290.18024,101937.95,52.0,4.25
2023-06-21 22:00:00,-1.2627258,-0.99142456,289.06,101929.56,52.0,4.25
2023-06-21 23:00:00,-2.8973846,-0.18534851,288.67743,101963.6,52.0,4.25
2023-06-22 00:00:00,-3.5476685,0.7381592,288.31427,101977.83,52.0,4.25
2023-06-22 01:00:00,-3.3592377,0.31330872,287.76337,101962.08,52.0,4.25
2023-06-22 02:00:00,-3.735733,-0.19485474,287.59464,101925.69,52.0,4.25
2023-06-22 03:00:00,-3.9351196,-0.31266785,287.4687,101901.56,52.0,4.25
2023-06-22 04:00:00,-3.5438995,-0.8481293,287.82358,101918.2,52.0,4.25
2023-06-22 05:00:00,-3.568039,-1.9011383,289.33405,101888.43,52.0,4.25
2023-06-22 06:00:00,-3.1096802,-2.625824,291.2221,101872.83,52.0,4.25
2023-06-22 07:00:00,-2.9460907,-2.5435486,292.74066,101853.24,52.0,4.25
2023-06-22 08:00:00,-3.4659882,-2.895752,293.89514,101803.89,52.0,4.25
2023-06-22 09:00:00,-3.5411377,-3.4460144,294.4669,101793.69,52.0,4.25
2023-06-22 10:00:00,-2.206955,-4.7261963,294.85056,101780.85,52.0,4.25
2023-06-22 11:00:00,-2.5920715,-5.058075,294.75067,101772.63,52.0,4.25
2023-06-22 12:00:00,-2.6270752,-4.9302063,294.05518,101739.0,52.0,4.25
2023-06-22 13:00:00,-2.409134,-5.151657,293.63687,101701.195,52.0,4.25
2023-06-22 14:00:00,-2.737152,-5.443924,292.72565,101689.77,52.0,4.25
2023-06-22 15:00:00,-2.858139,-7.016556,292.13446,101648.484,52.0,4.25
2023-06-22 16:00:00,-2.8484192,-7.2005463,291.8711,101628.875,52.0,4.25
2023-06-22 17:00:00,-2.1076813,-6.4663696,291.75238,101674.21,52.0,4.25
2023-06-22 18:00:00,-1.3877258,-7.4950714,291.68155,101706.49,52.0,4.25
2023-06-22 19:00:00,-0.706192,-8.042496,291.50247,101743.984,52.0,4.25
2023-06-22 20:00:00,-0.505249,-7.866287,291.0128,101802.94,52.0,4.25
2023-06-22 21:00:00,-0.6940613,-7.4496,290.4759,101869.16,52.0,4.25
2023-06-22 22:00:00,-0.2616272,-8.137878,290.13327,101903.61,52.0,4.25
2023-06-22 23:00:00,0.5194397,-7.140854,289.71744,101956.16,52.0,4.25
2023-06-23 00:00:00,1.8146362,-6.470978,289.07947,101998.34,52.0,4.25
2023-06-23 01:00:00,3.0946198,-6.139923,288.91138,102023.39,52.0,4.25
2023-06-23 02:00:00,3.3874054,-5.550293,288.5821,102090.266,52.0,4.25
2023-06-23 03:00:00,3.1851654,-5.318283,288.4796,102118.11,52.0,4.25
2023-06-23 04:00:00,3.0141144,-5.154114,288.4095,102178.39,52.0,4.25
2023-06-23 05:00:00,2.914032,-4.9017944,289.37155,102226.36,52.0,4.25
2023-06-23 06:00:00,2.4456177,-4.053894,290.3606,102261.39,52.0,4.25
2023-06-23 07:00:00,2.7200928,-3.4332886,291.52393,102325.08,52.0,4.25
2023-06-23 08:00:00,2.5784912,-2.8202515,292.38034,102347.83,52.0,4.25
2023-06-23 09:00:00,2.4698792,-2.241928,293.28592,102393.22,52.0,4.25
2023-06-23 10:00:00,2.3323212,-2.187622,294.27304,102442.16,52.0,4.25
2023-06-23 11:00:00,3.2075195,-1.4845123,294.95505,102459.96,52.0,4.25
2023-06-23 12:00:00,3.8390503,-1.4243774,295.42426,102468.11,52.0,4.25
2023-06-23 13:00:00,3.6262665,-1.6490631,295.54837,102457.56,52.0,4.25
2023-06-23 14:00:00,3.2228394,-1.5101471,295.71082,102453.59,52.0,4.25
2023-06-23 15:00:00,2.717163,-1.2632599,296.0208,102461.43,52.0,4.25
2023-06-23 16:00:00,2.4885712,-1.0465393,296.15414,102448.56,52.0,4.25
2023-06-23 17:00:00,1.388092,-0.6892395,296.11688,102433.2,52.0,4.25
2023-06-23 18:00:00,0.3224182,-0.42970276,295.93503,102434.36,52.0,4.25
2023-06-23 19:00:00,-0.122039795,-0.106552124,295.16418,102430.48,52.0,4.25
2023-06-23 20:00:00,-0.2591095,0.8055725,293.56647,102450.98,52.0,4.25
2023-06-23 21:00:00,0.08784485,1.8353729,291.4803,102448.984,52.0,4.25
2023-06-23 22:00:00,1.7700958,2.458252,290.98953,102456.08,52.0,4.25
2023-06-23 23:00:00,3.29187,2.851822,290.24542,102442.92,52.0,4.25
2023-06-24 00:00:00,4.551117,2.8851929,289.98297,102438.14,52.0,4.25
2023-06-24 01:00:00,5.0035706,2.717453,289.49103,102443.164,52.0,4.25
2023-06-24 02:00:00,5.05101,2.6992035,289.04944,102428.59,52.0,4.25
2023-06-24 03:00:00,4.8789825,3.0561523,288.66852,102402.734,52.0,4.25
2023-06-24 04:00:00,4.58519,3.4594727,288.61353,102415.21,52.0,4.25
2023-06-24 05:00:00,4.029831,3.6606293,289.81317,102432.03,52.0,4.25
2023-06-24 06:00:00,3.5493927,3.206253,291.31213,102436.734,52.0,4.25
2023-06-24 07:00:00,3.543213,2.9154205,292.63815,102466.516,52.0,4.25
2023-06-24 08:00:00,3.523117,2.7498322,293.64984,102481.47,52.0,4.25
2023-06-24 09:00:00,3.5089874,2.466507,294.58685,102472.0,52.0,4.25
2023-06-24 10:00:00,3.6033173,2.0186462,295.51532,102466.07,52.0,4.25
2023-06-24 11:00:00,3.9629211,1.4654388,295.97394,102439.875,52.0,4.25
2023-06-24 12:00:00,4.124954,0.87416077,296.209,102417.3,52.0,4.25
2023-06-24 13:00:00,4.1406555,0.008117676,296.11505,102388.555,52.0,4.25
2023-06-24 14:00:00,3.9328766,-0.91459656,296.08795,102372.16,52.0,4.25
2023-06-24 15:00:00,3.202942,-1.7482605,295.9976,102338.484,52.0,4.25
2023-06-24 16:00:00,2.4733887,-2.2919006,295.83124,102300.86,52.0,4.25
2023-06-24 17:00:00,1.6070862,-2.567627,295.45514,102268.734,52.0,4.25
2023-06-24 18:00:00,0.66252136,-2.6269379,294.97052,102226.95,52.0,4.25
2023-06-24 19:00:00,-0.25576782,-2.9156647,294.18942,102208.09,52.0,4.25
2023-06-24 20:00:00,-1.4441986,-3.0916138,292.41412,102189.28,52.0,4.25
2023-06-24 21:00:00,-2.7777405,-2.999237,291.136,102199.234,52.0,4.25
2023-06-24 22:00:00,-3.5521393,-2.1655579,290.62042,102146.46,52.0,4.25
2023-06-24 23:00:00,-4.4273224,-1.3928223,290.21536,102132.16,52.0,4.25
2023-06-25 00:00:00,-5.239868,-0.39704895,290.03235,102093.19,52.0,4.25
2023-06-25 01:00:00,-5.8368073,0.58447266,289.93323,102011.28,52.0,4.25
2023-06-25 02:00:00,-5.716049,1.5630951,289.93365,101947.02,52.0,4.25
2023-06-25 03:00:00,-4.8777313,2.542633,289.90247,101895.016,52.0,4.25
2023-06-25 04:00:00,-3.627594,3.1742249,289.85007,101870.56,52.0,4.25
2023-06-25 05:00:00,-2.6996307,3.4528656,291.15778,101867.266,52.0,4.25
2023-06-25 06:00:00,-2.0091248,3.166748,293.24536,101851.55,52.0,4.25
2023-06-25 07:00:00,-1.5962067,2.497757,295.21863,101822.0,52.0,4.25
2023-06-25 08:00:00,-1.288147,2.460968,297.20703,101792.57,52.0,4.25
2023-06-25 09:00:00,-0.8160095,2.6445618,298.66147,101760.914,52.0,4.25
2023-06-25 10:00:00,-0.3991394,3.686554,300.03564,101730.766,52.0,4.25
2023-06-25 11:00:00,0.38249207,3.9628448,300.6709,101681.53,52.0,4.25
2023-06-25 12:00:00,0.99375916,3.7864227,301.30045,101629.266,52.0,4.25
2023-06-25 13:00:00,1.2021942,3.5926666,301.76062,101568.67,52.0,4.25
2023-06-25 14:00:00,1.0641937,3.5283966,302.18967,101513.03,52.0,4.25
2023-06-25 15:00:00,1.0055084,3.7070465,302.26334,101451.19,52.0,4.25
2023-06-25 16:00:00,0.9279785,3.9911346,302.52277,101389.85,52.0,4.25
2023-06-25 17:00:00,0.51052856,4.335327,302.41934,101334.66,52.0,4.25
2023-06-25 18:00:00,-0.13925171,5.273651,301.74423,101290.08,52.0,4.25
2023-06-25 19:00:00,-0.26983643,6.8193665,300.88858,101269.86,52.0,4.25
2023-06-25 20:00:00,-0.45599365,8.434647,299.09525,101240.37,52.0,4.25
2023-06-25 21:00:00,0.35525513,9.524353,297.4754,101250.92,52.0,4.25
2023-06-25 22:00:00,4.5479126,8.673019,296.5506,101245.98,52.0,4.25
2023-06-25 23:00:00,8.613129,5.412216,294.80957,101265.28,52.0,4.25
2023-06-26 00:00:00,10.172089,3.8986511,293.3097,101272.6,52.0,4.25
2023-06-26 01:00:00,10.199829,2.9229279,292.52042,101279.09,52.0,4.25
2023-06-26 02:00:00,9.573044,0.9837189,292.4137,101286.44,52.0,4.25
2023-06-26 03:00:00,9.020386,-1.6708374,291.80646,101335.945,52.0,4.25
2023-06-26 04:00:00,8.557404,-3.4657745,291.27518,101404.5,52.0,4.25
2023-06-26 05:00:00,8.206436,-3.220108,291.22742,101472.73,52.0,4.25
2023-06-26 06:00:00,8.903091,-3.08786,291.37515,101559.055,52.0,4.25
2023-06-26 07:00:00,8.90506,-2.6285553,291.49133,101632.805,52.0,4.25
2023-06-26 08:00:00,8.611938,-2.3424225,291.64206,101709.09,52.0,4.25
2023-06-26 09:00:00,8.317169,-1.9601135,291.95834,101764.67,52.0,4.25
2023-06-26 10:00:00,8.303879,-1.9073486,292.1008,101834.92,52.0,4.25
2023-06-26 11:00:00,8.074936,-1.8017426,292.31448,101907.17,52.0,4.25
2023-06-26 12:00:00,7.87883,-1.8748322,292.36545,101958.25,52.0,4.25
2023-06-26 13:00:00,7.402405,-1.9729309,292.52753,101986.87,52.0,4.25
2023-06-26 14:00:00,7.1565247,-1.6404877,293.06366,102013.875,52.0,4.25
2023-06-26 15:00:00,6.604889,-1.3075714,293.01422,102013.41,52.0,4.25
2023-06-26 16:00:00,6.067459,-1.043808,292.8774,101997.51,52.0,4.25
2023-06-26 17:00:00,5.690689,-0.6995697,292.6709,102000.766,52.0,4.25
2023-06-26 18:00:00,5.1457825,-0.1835022,292.57913,102005.64,52.0,4.25
2023-06-26 19:00:00,4.3824005,0.8478546,291.82138,102016.0,52.0,4.25
2023-06-26 20:00:00,4.6799164,1.9547119,290.65167,102039.81,52.0,4.25
2023-06-26 21:00:00,5.5717773,2.5396423,289.7997,102061.1,52.0,4.25
2023-06-26 22:00:00,6.0679626,2.7011566,289.32745,102062.36,52.0,4.25
2023-06-26 23:00:00,5.889374,1.2928314,288.77972,102036.81,52.0,4.25
2023-06-27 00:00:00,5.65506,0.05821228,288.50446,102021.31,52.0,4.25
2023-06-27 01:00:00,5.356888,-0.99664307,288.29926,102026.31,52.0,4.25
2023-06-27 02:00:00,5.449341,-1.997055,287.86322,102039.17,52.0,4.25
2023-06-27 03:00:00,4.939926,-3.145401,288.02048,102022.836,52.0,4.25
2023-06-27 04:00:00,4.594803,-3.862381,288.05225,102041.81,52.0,4.25
2023-06-27 05:00:00,3.767334,-3.7981262,289.1775,102041.69,52.0,4.25
2023-06-27 06:00:00,3.089569,-3.1932983,290.6391,102059.06,52.0,4.25
2023-06-27 07:00:00,3.1812744,-2.9095306,291.65033,102079.58,52.0,4.25
2023-06-27 08:00:00,3.6831207,-2.1738892,292.1012,102074.55,52.0,4.25
2023-06-27 09:00:00,4.2924957,-1.7407684,292.22137,102092.53,52.0,4.25
2023-06-27 10:00:00,5.0226593,-2.4259338,292.5415,102127.31,52.0,4.25
2023-06-27 11:00:00,5.4070435,-2.355362,292.43268,102122.984,52.0,4.25
2023-06-27 12:00:00,5.675598,-2.3471832,292.74207,102119.14,52.0,4.25
2023-06-27 13:00:00,5.6289825,-1.9762726,292.64868,102097.06,52.0,4.25
2023-06-27 14:00:00,5.827881,-1.7868195,292.85205,102095.945,52.0,4.25
2023-06-27 15:00:00,5.582611,-1.1626129,292.35178,102031.44,52.0,4.25
2023-06-27 16:00:00,5.6092834,-1.1473389,292.0852,102014.38,52.0,4.25
2023-06-27 17:00:00,4.5719147,-1.2783508,291.73944,101979.96,52.0,4.25
2023-06-27 18:00:00,3.1190948,-1.1457825,291.3018,101964.14,52.0,4.25
2023-06-27 19:00:00,2.1098633,-0.95025635,290.9257,101985.266,52.0,4.25
2023-06-27 20:00:00,1.8890381,-0.25054932,290.42883,101991.59,52.0,4.25
2023-06-27 21:00:00,1.8598175,0.7579346,289.69086,101982.32,52.0,4.25
2023-06-27 22:00:00,1.0361786,1.7002411,289.2637,101973.34,52.0,4.25
2023-06-27 23:00:00,0.6148529,3.0030975,288.71533,101930.81,52.0,4.25
2023-06-28 00:00:00,0.47332764,4.3231964,288.50287,101896.44,52.0,4.25
2023-06-28 01:00:00,1.2228088,4.9179535,288.55127,101887.82,52.0,4.25
2023-06-28 02:00:00,2.3591156,5.1845703,288.65594,101860.81,52.0,4.25
2023-06-28 03:00:00,3.0261993,5.184189,288.80795,101813.06,52.0,4.25
2023-06-28 04:00:00,3.2921295,5.008713,289.177,101793.984,52.0,4.25
2023-06-28 05:00:00,3.2940216,4.976715,289.53278,101764.44,52.0,4.25
2023-06-28 06:00:00,3.1923218,4.9777527,289.94812,101765.36,52.0,4.25
2023-06-28 07:00:00,3.5802002,4.6032867,290.4912,101771.59,52.0,4.25
2023-06-28 08:00:00,4.8950043,3.797287,291.1833,101778.766,52.0,4.25
2023-06-28 09:00:00,5.0546265,2.845337,292.11493,101787.83,52.0,4.25
2023-06-28 10:00:00,5.1432953,2.3213654,292.7312,101785.12,52.0,4.25
2023-06-28 11:00:00,5.328949,2.1291962,293.63397,101789.734,52.0,4.25
2023-06-28 12:00:00,5.8410187,2.3995972,294.35925,101778.57,52.0,4.25
2023-06-28 13:00:00,6.201462,2.0435486,294.35553,101780.05,52.0,4.25
2023-06-28 14:00:00,5.843506,1.43573,294.04105,101767.86,52.0,4.25
2023-06-28 15:00:00,5.4867706,1.6795349,293.85406,101744.56,52.0,4.25
2023-06-28 16:00:00,5.271179,1.7425232,293.79437,101734.41,52.0,4.25
2023-06-28 17:00:00,4.853195,1.6746979,293.7123,101692.33,52.0,4.25
2023-06-28 18:00:00,4.0211945,1.6987,293.36606,101698.055,52.0,4.25
2023-06-28 19:00:00,3.377533,2.0875854,292.893,101689.03,52.0,4.25
2023-06-28 20:00:00,3.005661,2.6703796,292.4005,101682.984,52.0,4.25
2023-06-28 21:00:00,2.5549316,3.2231293,292.33832,101686.95,52.0,4.25
2023-06-28 22:00:00,2.2355042,4.5375977,292.0041,101675.375,52.0,4.25
2023-06-28 23:00:00,2.2290192,4.590515,291.72495,101628.28,52.0,4.25
2023-06-29 00:00:00,3.072876,5.3011017,291.6593,101602.516,52.0,4.25
2023-06-29 01:00:00,4.01239,5.1239777,291.82703,101583.31,52.0,4.25
2023-06-29 02:00:00,4.040039,5.0732727,291.99072,101530.28,52.0,4.25
2023-06-29 03:00:00,3.92128,5.3437347,291.8973,101487.84,52.0,4.25
2023-06-29 04:00:00,4.1138153,5.328003,291.6445,101462.43,52.0,4.25
2023-06-29 05:00:00,4.4164276,5.2199097,291.47723,101437.016,52.0,4.25
2023-06-29 06:00:00,5.3242493,4.936615,291.67493,101430.305,52.0,4.25
2023-06-29 07:00:00,6.4367523,4.5290375,292.16467,101427.17,52.0,4.25
2023-06-29 08:00:00,6.675476,3.8852844,292.89313,101417.81,52.0,4.25
2023-06-29 09:00:00,6.638397,3.252594,293.237,101411.92,52.0,4.25
2023-06-29 10:00:00,8.001846,2.0355682,293.44125,101407.83,52.0,4.25
2023-06-29 11:00:00,7.5400543,1.6300659,293.18628,101392.0,52.0,4.25
2023-06-29 12:00:00,7.136093,0.3902893,292.66412,101410.34,52.0,4.25
2023-06-29 13:00:00,5.985199,-2.9613342,292.05945,101434.45,52.0,4.25
2023-06-29 14:00:00,4.342636,-5.878723,291.56073,101457.414,52.0,4.25
2023-06-29 15:00:00,4.0898743,-7.555176,290.3796,101485.375,52.0,4.25
2023-06-29 16:00:00,3.5647736,-7.918686,289.69122,101502.19,52.0,4.25
2023-06-29 17:00:00,2.756424,-7.323181,289.05878,101492.125,52.0,4.25
2023-06-29 18:00:00,2.6109467,-6.6764374,288.86646,101524.09,52.0,4.25
2023-06-29 19:00:00,1.968216,-5.417404,288.99658,101529.69,52.0,4.25
2023-06-29 20:00:00,1.717453,-4.5331116,288.7657,101554.85,52.0,4.25
2023-06-29 21:00:00,1.8847351,-3.8166199,287.9407,101567.2,52.0,4.25
2023-06-29 22:00:00,2.2409973,-3.4813538,286.39203,101576.09,52.0,4.25
2023-06-29 23:00:00,2.246338,-2.9698334,285.3211,101554.45,52.0,4.25
2023-06-30 00:00:00,3.099945,-2.2114716,285.12973,101551.44,52.0,4.25
2023-06-30 01:00:00,4.315262,-1.8368073,284.77313,101529.59,52.0,4.25
2023-06-30 02:00:00,4.8077393,-1.5097809,284.9065,101495.14,52.0,4.25
2023-06-30 03:00:00,4.71579,-0.1914978,284.72107,101499.8,52.0,4.25
2023-06-30 04:00:00,5.265274,0.76701355,284.92963,101497.43,52.0,4.25
2023-06-30 05:00:00,5.5339203,1.0134277,286.8834,101469.72,52.0,4.25
2023-06-30 06:00:00,4.8874817,1.3875122,289.1682,101487.81,52.0,4.25
2023-06-30 07:00:00,4.724182,2.1744843,290.6416,101462.195,52.0,4.25
2023-06-30 08:00:00,4.5454865,3.0239563,291.75317,101462.56,52.0,4.25
2023-06-30 09:00:00,5.117035,3.3426208,292.2088,101419.19,52.0,4.25
2023-06-30 10:00:00,5.036911,4.806366,292.51157,101401.17,52.0,4.25
2023-06-30 11:00:00,5.9185486,4.9879456,293.24542,101348.516,52.0,4.25
2023-06-30 12:00:00,6.4822083,5.2858124,293.96246,101299.875,52.0,4.25
2023-06-30 13:00:00,7.3912506,5.3882294,293.97223,101265.39,52.0,4.25
2023-06-30 14:00:00,8.682098,4.6494293,293.59714,101229.17,52.0,4.25
2023-06-30 15:00:00,8.576309,3.9542847,293.23187,101181.68,52.0,4.25
2023-06-30 16:00:00,8.242996,4.17453,292.71228,101141.516,52.0,4.25
2023-06-30 17:00:00,8.63501,4.2046356,292.22308,101088.47,52.0,4.25
2023-06-30 18:00:00,8.32225,4.3084106,291.63916,101063.47,52.0,4.25
2023-06-30 19:00:00,7.173706,5.513855,291.19354,101020.86,52.0,4.25
2023-06-30 20:00:00,6.9834595,6.879242,290.98267,100973.97,52.0,4.25
2023-06-30 21:00:00,6.268402,7.745102,290.86255,100899.77,52.0,4.25
2023-06-30 22:00:00,5.6295776,9.079193,290.45493,100804.47,52.0,4.25
2023-06-30 23:00:00,5.9907074,9.263611,290.1575,100723.734,52.0,4.25
2023-07-01 00:00:00,5.8605804,9.25795,289.9751,100654.83,52.0,4.25
2023-07-01 01:00:00,6.182068,9.615189,289.72992,100566.8,52.0,4.25
2023-07-01 02:00:00,6.985428,9.236267,289.36438,100502.375,52.0,4.25
2023-07-01 03:00:00,7.730438,8.5364685,289.46844,100454.55,52.0,4.25
2023-07-01 04:00:00,8.063416,7.4056396,289.50623,100398.35,52.0,4.25
2023-07-01 05:00:00,7.484253,6.9210052,289.66324,100347.625,52.0,4.25
2023-07-01 06:00:00,7.6625214,6.8328247,289.78534,100338.125,52.0,4.25
2023-07-01 07:00:00,7.9993744,6.2990723,290.01212,100311.69,52.0,4.25
2023-07-01 08:00:00,9.507523,5.4289093,290.39728,100308.44,52.0,4.25
2023-07-01 09:00:00,8.851959,3.4150085,290.58313,100313.64,52.0,4.25
2023-07-01 10:00:00,10.178772,-0.05886841,291.2501,100322.72,52.0,4.25
2023-07-01 11:00:00,9.221725,-2.703125,291.4284,100330.484,52.0,4.25
2023-07-01 12:00:00,8.448608,-3.116928,291.19287,100377.766,52.0,4.25
2023-07-01 13:00:00,8.18338,-2.1448364,291.27783,100451.67,52.0,4.25
2023-07-01 14:00:00,8.227737,-1.6999512,291.91382,100475.61,52.0,4.25
2023-07-01 15:00:00,7.813278,-0.7706146,291.9635,100484.7,52.0,4.25
2023-07-01 16:00:00,8.018127,-0.41630554,291.86176,100520.59,52.0,4.25
2023-07-01 17:00:00,7.6783295,-0.21456909,291.47174,100539.53,52.0,4.25
2023-07-01 18:00:00,7.139328,0.43363953,291.34747,100556.14,52.0,4.25
2023-07-01 19:00:00,7.082062,1.4399261,291.13867,100596.64,52.0,4.25
2023-07-01 20:00:00,7.649521,2.0101166,290.96637,100625.44,52.0,4.25
2023-07-01 21:00:00,8.10907,1.6465759,290.82587,100680.25,52.0,4.25
2023-07-01 22:00:00,8.142181,2.4152527,290.7702,100691.28,52.0,4.25
2023-07-01 23:00:00,8.102814,-0.2518921,290.16696,100717.85,52.0,4.25
2023-07-02 00:00:00,7.8685455,-3.2970123,289.66876,100727.516,52.0,4.25
2023-07-02 01:00:00,7.894409,-4.1863556,289.19968,100754.47,52.0,4.25
2023-07-02 02:00:00,8.591919,-3.652954,288.7674,100772.36,52.0,4.25
2023-07-02 03:00:00,9.134445,-2.9759064,288.49005,100796.06,52.0,4.25
2023-07-02 04:00:00,9.637482,-2.5834045,288.15152,100836.695,52.0,4.25
2023-07-02 05:00:00,9.874863,-2.2734375,288.72037,100867.266,52.0,4.25
2023-07-02 06:00:00,10.423584,-2.1309814,289.20074,100912.59,52.0,4.25
2023-07-02 07:00:00,10.670944,-1.5795135,289.6656,100971.16,52.0,4.25
2023-07-02 08:00:00,10.894623,-0.84916687,289.9662,101002.484,52.0,4.25
2023-07-02 09:00:00,10.669067,-0.07635498,290.19907,101044.42,52.0,4.25
2023-07-02 10:00:00,10.138214,-0.4371338,290.71393,101095.78,52.0,4.25
2023-07-02 11:00:00,9.885162,0.47576904,291.12646,101120.42,52.0,4.25
2023-07-02 12:00:00,9.972656,1.3033752,291.60693,101130.31,52.0,4.25
2023-07-02 13:00:00,10.205185,1.9806976,292.0675,101151.13,52.0,4.25
2023-07-02 14:00:00,10.232452,2.595581,292.45624,101142.78,52.0,4.25
2023-07-02 15:00:00,9.537018,2.886673,292.616,101120.54,52.0,4.25
2023-07-02 16:00:00,9.353806,3.257492,292.44403,101089.64,52.0,4.25
2023-07-02 17:00:00,10.0585785,3.9005127,292.0448,101068.92,52.0,4.25
2023-07-02 18:00:00,9.974686,4.285187,291.6845,101026.19,52.0,4.25
2023-07-02 19:00:00,9.81134,4.265396,291.04913,101026.22,52.0,4.25
2023-07-02 20:00:00,9.562408,4.0771027,290.71225,101020.266,52.0,4.25
2023-07-02 21:00:00,8.707306,4.0966644,290.31824,101024.91,52.0,4.25
2023-07-02 22:00:00,8.137283,5.3618164,289.65247,101006.984,52.0,4.25
2023-07-02 23:00:00,8.67836,4.730362,289.46484,100973.71,52.0,4.25
2023-07-03 00:00:00,9.410126,3.7370758,289.2508,100947.664,52.0,4.25
2023-07-03 01:00:00,10.054962,2.6011505,289.1296,100926.69,52.0,4.25
2023-07-03 02:00:00,10.584854,1.10289,289.28577,100916.55,52.0,4.25
2023-07-03 03:00:00,10.099731,-0.12678528,289.05588,100905.42,52.0,4.25
2023-07-03 04:00:00,9.282608,-0.3243103,288.92413,100914.13,52.0,4.25
2023-07-03 05:00:00,8.628952,0.3411255,288.94983,100922.51,52.0,4.25
2023-07-03 06:00:00,8.989273,0.84690857,289.19443,100941.03,52.0,4.25
2023-07-03 07:00:00,9.951019,0.91867065,289.64047,100974.64,52.0,4.25
2023-07-03 08:00:00,10.0746,1.7612762,289.88837,100986.69,52.0,4.25
2023-07-03 09:00:00,10.397156,2.8016357,289.9568,101008.41,52.0,4.25
2023-07-03 10:00:00,10.840622,2.7103424,290.34888,101050.38,52.0,4.25
2023-07-03 11:00:00,11.5355835,3.697342,290.8777,101070.04,52.0,4.25
2023-07-03 12:00:00,12.314758,4.0023193,291.27698,101089.484,52.0,4.25
2023-07-03 13:00:00,12.3953705,4.1046753,291.08624,101083.29,52.0,4.25
2023-07-03 14:00:00,11.603088,4.6109314,291.8982,101045.81,52.0,4.25
2023-07-03 15:00:00,11.328918,5.5915833,291.832,101016.766,52.0,4.25
2023-07-03 16:00:00,11.173691,6.50441,291.38177,100971.47,52.0,4.25
2023-07-03 17:00:00,12.083206,7.068634,291.04456,100935.25,52.0,4.25
2023-07-03 18:00:00,12.46637,7.282837,290.33087,100933.6,52.0,4.25
2023-07-03 19:00:00,11.832611,7.549988,289.98398,100909.89,52.0,4.25
2023-07-03 20:00:00,12.51973,6.2519836,289.25714,100924.81,52.0,4.25
2023-07-03 21:00:00,12.545197,4.123581,288.692,100984.63,52.0,4.25
2023-07-03 22:00:00,11.876068,2.6273346,288.38092,101017.21,52.0,4.25
2023-07-03 23:00:00,9.810226,2.4713287,288.7766,101016.53,52.0,4.25
2023-07-04 00:00:00,9.483734,2.790741,288.63245,101033.41,52.0,4.25
2023-07-04 01:00:00,9.393616,1.0558014,288.65045,101053.04,52.0,4.25
2023-07-04 02:00:00,9.110458,0.44413757,288.4386,101059.555,52.0,4.25
2023-07-04 03:00:00,8.51857,1.0242462,288.0383,101061.2,52.0,4.25
2023-07-04 04:00:00,8.220886,1.6403656,287.88123,101050.9,52.0,4.25
2023-07-04 05:00:00,8.105713,1.7822876,288.14728,101065.61,52.0,4.25
2023-07-04 06:00:00,8.324783,1.4449158,288.4264,101112.875,52.0,4.25
2023-07-04 07:00:00,8.206284,1.4842072,289.14478,101148.58,52.0,4.25
2023-07-04 08:00:00,8.187424,1.9825897,289.59692,101178.57,52.0,4.25
2023-07-04 09:00:00,8.349091,2.5395966,289.98895,101212.08,52.0,4.25
2023-07-04 10:00:00,8.930832,3.0760956,290.55298,101285.06,52.0,4.25
2023-07-04 11:00:00,8.6974945,3.9816132,291.21857,101268.82,52.0,4.25
2023-07-04 12:00:00,8.745972,3.6029053,291.69098,101275.83,52.0,4.25
2023-07-04 13:00:00,7.996063,3.2880707,292.20587,101282.22,52.0,4.25
2023-07-04 14:00:00,7.18602,3.4061737,292.06683,101249.59,52.0,4.25
2023-07-04 15:00:00,5.6891785,2.7101593,291.53,101202.53,52.0,4.25
2023-07-04 16:00:00,4.3063354,2.2450714,291.2652,101150.75,52.0,4.25
2023-07-04 17:00:00,2.676117,1.6725159,290.9887,101095.86,52.0,4.25
2023-07-04 18:00:00,0.3201599,1.034256,290.59955,101031.08,52.0,4.25
2023-07-04 19:00:00,-3.0664978,0.13578796,289.6707,100916.5,52.0,4.25
2023-07-04 20:00:00,-5.966812,1.0276337,289.00128,100848.22,52.0,4.25
2023-07-04 21:00:00,-7.922409,3.0521698,288.5836,100731.734,52.0,4.25
2023-07-04 22:00:00,-9.559509,3.7005157,288.7348,100623.59,52.0,4.25
2023-07-04 23:00:00,-8.838898,6.5686035,288.71326,100442.0,52.0,4.25
2023-07-05 00:00:00,-7.4322357,9.763275,288.71268,100233.805,52.0,4.25
2023-07-05 01:00:00,-0.8357849,13.704834,288.6209,100085.37,52.0,4.25
2023-07-05 02:00:00,9.256165,11.453278,288.64648,100081.31,52.0,4.25
2023-07-05 03:00:00,10.311127,11.060516,288.0839,100095.64,52.0,4.25
2023-07-05 04:00:00,10.50676,11.578308,287.12787,100100.39,52.0,4.25
2023-07-05 05:00:00,11.625687,11.350357,287.04517,100075.78,52.0,4.25
2023-07-05 06:00:00,16.353317,6.9172516,286.9938,100064.305,52.0,4.25
2023-07-05 07:00:00,21.686264,-0.053970337,286.2772,100206.25,52.0,4.25
2023-07-05 08:00:00,19.953735,0.88508606,286.5111,100434.914,52.0,4.25
2023-07-05 09:00:00,17.680527,1.0332336,287.35175,100639.94,52.0,4.25
2023-07-05 10:00:00,14.60199,0.9520874,288.0637,100759.54,52.0,4.25
2023-07-05 11:00:00,14.014587,1.9913483,289.19257,100893.516,52.0,4.25
2023-07-05 12:00:00,13.642838,1.4740753,289.9056,100975.28,52.0,4.25
2023-07-05 13:00:00,12.227814,0.9011383,290.49393,101059.984,52.0,4.25
2023-07-05 14:00:00,11.1006775,0.25482178,290.9859,101128.19,52.0,4.25
2023-07-05 15:00:00,11.321701,-0.5059662,290.5891,101194.68,52.0,4.25
2023-07-05 16:00:00,9.074814,-0.10328674,290.51733,101264.03,52.0,4.25
2023-07-05 17:00:00,7.8309784,0.6577759,290.3833,101265.05,52.0,4.25
2023-07-05 18:00:00,6.702423,1.3262482,289.55963,101299.44,52.0,4.25
2023-07-05 19:00:00,6.5844727,2.0447998,288.52408,101335.89,52.0,4.25
2023-07-05 20:00:00,6.285843,2.1099243,287.76257,101387.16,52.0,4.25
2023-07-05 21:00:00,5.781784,2.1724548,287.54852,101435.836,52.0,4.25
2023-07-05 22:00:00,5.2741394,4.340439,287.35333,101470.66,52.0,4.25
2023-07-05 23:00:00,5.6440887,5.0205383,287.3374,101461.61,52.0,4.25
2023-07-06 00:00:00,6.1945496,5.13089,287.3291,101488.125,52.0,4.25
2023-07-06 01:00:00,6.0141296,4.91362,287.3803,101498.164,52.0,4.25
2023-07-06 02:00:00,5.976288,4.6511993,287.32858,101488.445,52.0,4.25
2023-07-06 03:00:00,5.986618,4.270218,287.1801,101503.6,52.0,4.25
2023-07-06 04:00:00,5.7745667,3.8538666,287.13092,101520.45,52.0,4.25
2023-07-06 05:00:00,5.14711,3.6217651,287.6998,101537.89,52.0,4.25
2023-07-06 06:00:00,4.4117737,3.5420837,288.97327,101586.234,52.0,4.25
2023-07-06 07:00:00,4.6144714,3.5355377,290.11572,101633.766,52.0,4.25
2023-07-06 08:00:00,4.770706,3.7802734,290.7193,101664.65,52.0,4.25
2023-07-06 09:00:00,5.279068,3.5589447,291.07904,101710.234,52.0,4.25
2023-07-06 10:00:00,6.0696106,2.9648132,291.2778,101756.42,52.0,4.25
2023-07-06 11:00:00,6.003601,2.531601,291.8553,101799.43,52.0,4.25
2023-07-06 12:00:00,6.0398407,2.3894348,292.21005,101805.5,52.0,4.25
2023-07-06 13:00:00,5.9512634,1.9854736,292.58554,101827.97,52.0,4.25
2023-07-06 14:00:00,5.3136597,1.8400574,292.67407,101827.61,52.0,4.25
2023-07-06 15:00:00,4.27594,2.532074,292.6107,101805.56,52.0,4.25
2023-07-06 16:00:00,3.6086273,2.8618774,292.4723,101782.28,52.0,4.25
2023-07-06 17:00:00,3.1380157,2.4257507,292.4704,101754.6,52.0,4.25
2023-07-06 18:00:00,2.2934875,1.7440491,292.12115,101776.63,52.0,4.25
2023-07-06 19:00:00,1.4424591,1.3267365,291.22165,101794.94,52.0,4.25
2023-07-06 20:00:00,0.19778442,1.282486,290.34027,101828.516,52.0,4.25
2023-07-06 21:00:00,-1.305954,2.0893097,287.5697,101872.69,52.0,4.25
2023-07-06 22:00:00,-2.6313477,2.082367,287.0376,101903.78,52.0,4.25
2023-07-06 23:00:00,-3.189499,3.617279,286.87674,101892.38,52.0,4.25
2023-07-07 00:00:00,-3.418457,5.046097,286.79272,101862.914,52.0,4.25
2023-07-07 01:00:00,-3.4819794,6.490326,286.45074,101865.2,52.0,4.25
2023-07-07 02:00:00,-3.3815918,7.2605133,286.63675,101844.34,52.0,4.25
2023-07-07 03:00:00,-3.7434692,7.5289307,286.58664,101846.79,52.0,4.25
2023-07-07 04:00:00,-4.3719025,7.9119873,286.67404,101848.39,52.0,4.25
2023-07-07 05:00:00,-4.414383,7.766281,288.31378,101861.48,52.0,4.25
2023-07-07 06:00:00,-4.273346,7.279068,290.76578,101893.586,52.0,4.25
2023-07-07 07:00:00,-3.9733276,6.5038757,292.9772,101913.75,52.0,4.25
2023-07-07 08:00:00,-3.8725739,5.7165985,295.10556,101935.97,52.0,4.25
2023-07-07 09:00:00,-4.0493164,5.458069,296.52112,101946.555,52.0,4.25
2023-07-07 10:00:00,-4.479248,4.457199,297.69495,101964.05,52.0,4.25
2023-07-07 11:00:00,-4.339447,3.7150574,298.31592,101938.02,52.0,4.25
2023-07-07 12:00:00,-4.470398,3.2828674,298.76465,101909.31,52.0,4.25
2023-07-07 13:00:00,-4.5812836,2.9985962,299.3054,101872.75,52.0,4.25
2023-07-07 14:00:00,-4.5598755,2.741928,299.69476,101858.875,52.0,4.25
2023-07-07 15:00:00,-4.6038666,2.4273376,299.88956,101824.03,52.0,4.25
2023-07-07 16:00:00,-4.556473,2.3815613,299.83163,101777.54,52.0,4.25
2023-07-07 17:00:00,-4.62442,1.5080261,299.643,101749.16,52.0,4.25
2023-07-07 18:00:00,-5.51474,0.23052979,298.95233,101732.29,52.0,4.25
2023-07-07 19:00:00,-6.9799805,-0.17189026,297.4273,101726.664,52.0,4.25
2023-07-07 20:00:00,-8.261551,0.29815674,295.51385,101731.36,52.0,4.25
2023-07-07 21:00:00,-9.270065,1.0165558,294.28693,101754.08,52.0,4.25
2023-07-07 22:00:00,-9.790253,-0.14471436,293.3949,101761.93,52.0,4.25
2023-07-07 23:00:00,-10.004929,0.23492432,292.9356,101740.4,52.0,4.25
2023-07-08 00:00:00,-9.929367,0.80740356,292.482,101710.16,52.0,4.25
2023-07-08 01:00:00,-9.683487,1.1642761,291.58014,101682.375,52.0,4.25
2023-07-08 02:00:00,-9.289978,1.3244171,291.15485,101638.81,52.0,4.25
2023-07-08 03:00:00,-8.828323,1.5974579,290.41522,101626.84,52.0,4.25
2023-07-08 04:00:00,-8.557373,1.6893616,290.2257,101622.6,52.0,4.25
2023-07-08 05:00:00,-7.854492,1.75914,291.0939,101612.54,52.0,4.25
2023-07-08 06:00:00,-7.022354,1.8881531,292.73245,101612.44,52.0,4.25
2023-07-08 07:00:00,-5.6185303,1.7819366,294.52917,101604.55,52.0,4.25
2023-07-08 08:00:00,-4.4176025,2.0421448,296.36807,101611.57,52.0,4.25
2023-07-08 09:00:00,-3.995285,2.049652,297.99408,101629.664,52.0,4.25
2023-07-08 10:00:00,-3.3153381,1.1452026,299.8961,101635.54,52.0,4.25
2023-07-08 11:00:00,-2.9189606,0.8101196,300.97067,101638.41,52.0,4.25
2023-07-08 12:00:00,-2.4951782,0.5919342,301.8722,101608.25,52.0,4.25
2023-07-08 13:00:00,-2.3331757,0.32453918,302.4287,101610.3,52.0,4.25
2023-07-08 14:00:00,-1.4871521,0.1273346,303.00745,101607.266,52.0,4.25
2023-07-08 15:00:00,-0.6143799,-0.29421997,303.3706,101598.26,52.0,4.25
2023-07-08 16:00:00,0.6687317,-1.5720978,302.6928,101591.07,52.0,4.25
2023-07-08 17:00:00,0.38609314,-3.6174622,302.06003,101561.555,52.0,4.25
2023-07-08 18:00:00,-1.0100403,-3.8176117,301.04297,101571.25,52.0,4.25
2023-07-08 19:00:00,-1.4457245,-2.9759521,299.02118,101602.75,52.0,4.25
2023-07-08 20:00:00,-1.5421448,-1.8702393,295.8816,101626.625,52.0,4.25
2023-07-08 21:00:00,-1.2478027,-0.5439606,294.19067,101664.66,52.0,4.25
2023-07-08 22:00:00,1.15448,0.94140625,294.98334,101709.44,52.0,4.25
2023-07-08 23:00:00,3.158142,1.0882568,293.3416,101724.375,52.0,4.25
2023-07-09 00:00:00,3.6917114,0.4737091,292.92584,101722.47,52.0,4.25
2023-07-09 01:00:00,2.926712,-0.2505951,293.0006,101733.69,52.0,4.25
2023-07-09 02:00:00,1.7453918,-0.7884674,292.37988,101752.03,52.0,4.25
2023-07-09 03:00:00,0.934906,-0.98220825,292.44647,101751.734,52.0,4.25
2023-07-09 04:00:00,0.45924377,-0.87350464,292.76807,101758.45,52.0,4.25
2023-07-09 05:00:00,0.19784546,-0.7063751,293.17163,101770.94,52.0,4.25
2023-07-09 06:00:00,1.4528961,-0.4503479,294.53394,101793.375,52.0,4.25
2023-07-09 07:00:00,2.324829,-1.6191559,295.2484,101833.59,52.0,4.25
2023-07-09 08:00:00,1.512085,-2.8559113,295.89667,101812.875,52.0,4.25
2023-07-09 09:00:00,0.48545837,-2.6903076,296.9656,101813.03,52.0,4.25
2023-07-09 10:00:00,2.294281,-4.1230316,296.752,101856.62,52.0,4.25
2023-07-09 11:00:00,4.5709076,-4.2808075,296.8474,101907.78,52.0,4.25
2023-07-09 12:00:00,5.519867,-3.659958,296.73026,101975.94,52.0,4.25
2023-07-09 13:00:00,3.885315,-3.5534668,295.1904,101984.7,52.0,4.25
2023-07-09 14:00:00,2.5850067,-3.4743195,293.86328,101940.75,52.0,4.25
2023-07-09 15:00:00,2.6235046,-3.332489,293.08405,101957.23,52.0,4.25
2023-07-09 16:00:00,4.52536,-3.4186401,293.08725,101975.5,52.0,4.25
2023-07-09 17:00:00,5.4812775,-2.978485,292.8863,101988.75,52.0,4.25
2023-07-09 18:00:00,4.0481567,-2.6280823,292.28748,101997.945,52.0,4.25
2023-07-09 19:00:00,2.5059357,-2.3535767,291.91815,101992.555,52.0,4.25
2023-07-09 20:00:00,1.8373871,-1.7532043,291.47223,102018.74,52.0,4.25
2023-07-09 21:00:00,2.5496826,-0.64186096,291.1297,102076.516,52.0,4.25
2023-07-09 22:00:00,4.722748,-2.1004944,290.37537,102104.11,52.0,4.25
2023-07-09 23:00:00,4.821121,-1.1705322,290.05994,102106.85,52.0,4.25
2023-07-10 00:00:00,3.7457275,0.21835327,289.54254,102097.41,52.0,4.25
2023-07-10 01:00:00,5.037323,2.1789856,289.70532,102083.555,52.0,4.25
2023-07-10 02:00:00,6.028061,2.5330048,289.60757,102078.75,52.0,4.25
2023-07-10 03:00:00,6.0140686,2.1645966,289.35593,102060.11,52.0,4.25
2023-07-10 04:00:00,6.378662,2.1331177,289.26376,102082.76,52.0,4.25
2023-07-10 05:00:00,6.47348,2.1007538,290.01855,102105.71,52.0,4.25
2023-07-10 06:00:00,6.151123,1.8543243,291.49298,102121.516,52.0,4.25
2023-07-10 07:00:00,6.4440002,1.5499878,292.49408,102153.29,52.0,4.25
2023-07-10 08:00:00,6.1811523,1.5464172,293.33224,102166.2,52.0,4.25
2023-07-10 09:00:00,6.060669,1.5485077,293.7931,102173.95,52.0,4.25
2023-07-10 10:00:00,5.539093,1.569046,294.29794,102205.55,52.0,4.25
2023-07-10 11:00:00,5.947342,1.96698,294.40897,102212.1,52.0,4.25
2023-07-10 12:00:00,5.776428,1.2736206,294.87097,102181.53,52.0,4.25
2023-07-10 13:00:00,4.892868,0.9343872,294.98764,102138.39,52.0,4.25
2023-07-10 14:00:00,4.0454407,0.6006775,295.28888,102104.41,52.0,4.25
2023-07-10 15:00:00,2.861786,0.59902954,295.65244,102066.93,52.0,4.25
2023-07-10 16:00:00,2.188919,0.91944885,295.66122,102014.0,52.0,4.25
2023-07-10 17:00:00,1.1452789,0.66064453,295.57983,101967.06,52.0,4.25
2023-07-10 18:00:00,-0.28987122,-0.42303467,294.9946,101909.586,52.0,4.25
2023-07-10 19:00:00,-1.5895538,-1.0378113,294.24786,101866.55,52.0,4.25
2023-07-10 20:00:00,-1.4091644,-0.40925598,292.74536,101837.39,52.0,4.25
2023-07-10 21:00:00,-0.002609253,0.6052551,292.13083,101810.67,52.0,4.25
2023-07-10 22:00:00,2.7946167,-0.3118286,291.19696,101810.55,52.0,4.25
2023-07-10 23:00:00,1.0700378,0.73960876,291.62363,101732.91,52.0,4.25
2023-07-11 00:00:00,-0.07032776,1.5320892,289.44464,101677.195,52.0,4.25
2023-07-11 01:00:00,-0.6636963,2.2195587,289.4403,101637.12,52.0,4.25
2023-07-11 02:00:00,-1.2787781,3.2065125,289.1927,101543.086,52.0,4.25
2023-07-11 03:00:00,-2.138626,5.06929,289.2414,101456.5,52.0,4.25
2023-07-11 04:00:00,-2.1436768,7.232193,289.5303,101379.75,52.0,4.25
2023-07-11 05:00:00,-0.79551697,8.932892,290.90848,101319.66,52.0,4.25
2023-07-11 06:00:00,1.926712,9.338837,292.8075,101268.0,52.0,4.25
2023-07-11 07:00:00,4.429657,7.4670105,294.8123,101268.125,52.0,4.25
2023-07-11 08:00:00,6.6825714,6.403061,295.55643,101244.72,52.0,4.25
2023-07-11 09:00:00,6.7872467,6.030716,295.82495,101220.72,52.0,4.25
2023-07-11 10:00:00,7.080078,5.6414185,296.4685,101207.22,52.0,4.25
2023-07-11 11:00:00,8.5273285,6.041931,297.00345,101175.46,52.0,4.25
2023-07-11 12:00:00,8.383728,4.5959015,296.96716,101161.85,52.0,4.25
2023-07-11 13:00:00,7.7380066,3.0082855,296.69897,101173.09,52.0,4.25
2023-07-11 14:00:00,7.052124,2.2184448,295.9279,101056.234,52.0,4.25
2023-07-11 15:00:00,7.2100067,1.4883118,295.7412,101022.87,52.0,4.25
2023-07-11 16:00:00,7.781296,1.2007904,295.55096,101011.8,52.0,4.25
2023-07-11 17:00:00,6.535202,1.3751373,295.79984,100961.64,52.0,4.25
2023-07-11 18:00:00,5.341873,1.8943329,294.92316,100911.38,52.0,4.25
2023-07-11 19:00:00,5.3398285,3.391327,293.73724,100942.4,52.0,4.25
2023-07-11 20:00:00,5.8055725,4.3110046,292.58093,100933.64,52.0,4.25
2023-07-11 21:00:00,6.55365,4.125046,291.74048,100932.21,52.0,4.25
2023-07-11 22:00:00,7.600342,3.210678,290.41565,100892.516,52.0,4.25
2023-07-11 23:00:00,7.330246,3.609436,290.22687,100898.09,52.0,4.25
2023-07-12 00:00:00,7.4515533,4.047333,290.20996,100871.6,52.0,4.25
2023-07-12 01:00:00,7.77063,4.357712,289.87125,100874.41,52.0,4.25
2023-07-12 02:00:00,8.020203,5.149109,289.4796,100841.91,52.0,4.25
2023-07-12 03:00:00,10.547485,5.2577972,289.2364,100858.92,52.0,4.25
2023-07-12 04:00:00,9.636749,4.105301,289.3012,100879.3,52.0,4.25
2023-07-12 05:00:00,8.645538,3.769638,289.27325,100897.07,52.0,4.25
2023-07-12 06:00:00,8.07103,3.4769287,289.81702,100947.86,52.0,4.25
2023-07-12 07:00:00,8.262756,2.5825806,290.2862,101015.125,52.0,4.25
2023-07-12 08:00:00,7.8047028,1.9770508,291.08453,101069.984,52.0,4.25
2023-07-12 09:00:00,7.346527,2.3026123,291.578,101119.45,52.0,4.25
2023-07-12 10:00:00,7.528885,2.7182465,292.07608,101169.05,52.0,4.25
2023-07-12 11:00:00,8.528671,2.7227478,292.59198,101197.14,52.0,4.25
2023-07-12 12:00:00,8.817871,2.6785126,293.06354,101212.78,52.0,4.25
2023-07-12 13:00:00,8.83522,2.6353302,293.0072,101222.41,52.0,4.25
2023-07-12 14:00:00,9.05098,2.9490204,293.40002,101239.09,52.0,4.25
2023-07-12 15:00:00,9.459244,3.2683258,293.469,101264.78,52.0,4.25
2023-07-12 16:00:00,9.30835,3.6519775,293.3275,101269.01,52.0,4.25
2023-07-12 17:00:00,8.843506,4.2387543,292.93903,101268.766,52.0,4.25
2023-07-12 18:00:00,8.735107,4.8440094,292.6589,101257.34,52.0,4.25
2023-07-12 19:00:00,9.205414,5.1299133,291.80322,101276.586,52.0,4.25
2023-07-12 20:00:00,8.995544,4.73201,290.80573,101294.71,52.0,4.25
2023-07-12 21:00:00,8.283173,4.786957,290.3299,101322.97,52.0,4.25
2023-07-12 22:00:00,8.878143,5.020279,289.6399,101341.984,52.0,4.25
2023-07-12 23:00:00,8.336945,5.2278137,289.74612,101346.19,52.0,4.25
2023-07-13 00:00:00,9.19635,4.351242,289.32733,101351.92,52.0,4.25
2023-07-13 01:00:00,9.062439,3.7666168,289.1051,101350.33,52.0,4.25
2023-07-13 02:00:00,8.41243,2.7883759,288.98355,101337.72,52.0,4.25
2023-07-13 03:00:00,7.587311,2.5243073,288.8401,101367.08,52.0,4.25
2023-07-13 04:00:00,6.722275,2.4250946,288.95056,101407.06,52.0,4.25
2023-07-13 05:00:00,6.1124573,2.452835,289.34485,101452.21,52.0,4.25
2023-07-13 06:00:00,5.8270264,2.6090393,289.99237,101501.11,52.0,4.25
2023-07-13 07:00:00,6.449417,2.7054443,290.5384,101556.11,52.0,4.25
2023-07-13 08:00:00,6.6371155,3.0690613,291.0116,101589.92,52.0,4.25
2023-07-13 09:00:00,7.093033,3.2551575,290.7979,101621.19,52.0,4.25
2023-07-13 10:00:00,9.003998,2.5715485,291.99243,101643.375,52.0,4.25
2023-07-13 11:00:00,8.77655,2.6616516,292.2534,101686.5,52.0,4.25
2023-07-13 12:00:00,9.1050415,2.3033142,292.39838,101712.625,52.0,4.25
2023-07-13 13:00:00,8.404526,1.9116211,292.29346,101721.91,52.0,4.25
2023-07-13 14:00:00,7.873001,2.2704926,292.76532,101725.9,52.0,4.25
2023-07-13 15:00:00,7.7445526,2.3921509,293.12903,101728.36,52.0,4.25
2023-07-13 16:00:00,7.614975,2.4569702,293.10886,101729.45,52.0,4.25
2023-07-13 17:00:00,7.481842,2.2996216,293.098,101718.67,52.0,4.25
2023-07-13 18:00:00,6.808365,2.0948029,292.61517,101715.78,52.0,4.25
2023-07-13 19:00:00,5.971924,2.525406,291.904,101728.86,52.0,4.25
2023-07-13 20:00:00,5.239151,3.449524,291.26874,101752.45,52.0,4.25
2023-07-13 21:00:00,4.8195343,4.3328857,290.29263,101757.17,52.0,4.25
2023-07-13 22:00:00,4.8902283,5.085129,289.62787,101759.67,52.0,4.25
2023-07-13 23:00:00,5.192444,5.665619,289.22705,101744.91,52.0,4.25
2023-07-14 00:00:00,5.0817566,5.836441,288.80255,101722.58,52.0,4.25
2023-07-14 01:00:00,4.6256866,5.998886,288.51166,101686.03,52.0,4.25
2023-07-14 02:00:00,4.408066,5.8552094,288.1968,101652.39,52.0,4.25
2023-07-14 03:00:00,4.3325653,5.425827,287.6806,101631.01,52.0,4.25
2023-07-14 04:00:00,3.4979248,5.2504272,287.60352,101603.55,52.0,4.25
2023-07-14 05:00:00,2.9413757,5.5898285,288.26575,101596.35,52.0,4.25
2023-07-14 06:00:00,2.8629303,5.408249,289.23752,101580.27,52.0,4.25
2023-07-14 07:00:00,3.7137604,5.429535,290.26846,101547.59,52.0,4.25
2023-07-14 08:00:00,3.413742,5.204178,291.23853,101509.84,52.0,4.25
2023-07-14 09:00:00,2.280899,5.0715485,292.1972,101489.17,52.0,4.25
2023-07-14 10:00:00,2.7664795,4.080124,293.05325,101460.24,52.0,4.25
2023-07-14 11:00:00,1.6589508,3.6450195,293.69113,101385.766,52.0,4.25
2023-07-14 12:00:00,0.289505,3.9012756,294.58395,101304.43,52.0,4.25
2023-07-14 13:00:00,-0.19007874,4.659439,295.4906,101227.016,52.0,4.25
2023-07-14 14:00:00,-1.0246582,5.377228,295.8051,101108.11,52.0,4.25
2023-07-14 15:00:00,-1.3587189,5.8958435,295.02,101004.734,52.0,4.25
2023-07-14 16:00:00,-2.0603027,4.588211,295.23468,100903.32,52.0,4.25
2023-07-14 17:00:00,-4.088913,4.843094,295.64252,100797.28,52.0,4.25
2023-07-14 18:00:00,-5.5391235,4.665802,295.66266,100705.02,52.0,4.25
2023-07-14 19:00:00,-6.9459534,5.0681305,295.31128,100604.55,52.0,4.25
2023-07-14 20:00:00,-7.1891785,5.155548,294.94745,100553.17,52.0,4.25
2023-07-14 21:00:00,-7.2959595,5.396179,294.30984,100475.375,52.0,4.25
2023-07-14 22:00:00,-7.8642273,5.6350403,293.82886,100362.82,52.0,4.25
2023-07-14 23:00:00,-0.039276123,9.249786,294.35034,100339.22,52.0,4.25
2023-07-15 00:00:00,5.9895935,7.592682,294.19867,100324.5,52.0,4.25
2023-07-15 01:00:00,7.335312,6.836975,293.47913,100373.95,52.0,4.25
2023-07-15 02:00:00,6.720993,7.4556427,292.64996,100363.92,52.0,4.25
2023-07-15 03:00:00,6.4310303,7.4628906,292.06668,100351.766,52.0,4.25
2023-07-15 04:00:00,5.9127655,7.4338684,291.60675,100366.69,52.0,4.25
2023-07-15 05:00:00,5.820587,6.7490234,291.73047,100388.41,52.0,4.25
2023-07-15 06:00:00,5.478531,6.0001526,292.00372,100427.55,52.0,4.25
2023-07-15 07:00:00,4.854477,5.8263397,292.4148,100446.016,52.0,4.25
2023-07-15 08:00:00,4.89299,6.7013702,293.35223,100454.375,52.0,4.25
2023-07-15 09:00:00,5.465561,7.629715,293.9591,100464.5,52.0,4.25
2023-07-15 10:00:00,4.640564,6.129196,295.07233,100486.93,52.0,4.25
2023-07-15 11:00:00,3.4477844,8.165802,296.0829,100463.85,52.0,4.25
2023-07-15 12:00:00,3.6881409,7.963379,296.68475,100351.79,52.0,4.25
2023-07-15 13:00:00,5.5341644,8.911621,296.1359,100367.055,52.0,4.25
2023-07-15 14:00:00,6.7773895,8.746185,295.51376,100369.805,52.0,4.25
2023-07-15 15:00:00,6.812805,8.264664,294.7777,100349.945,52.0,4.25
2023-07-15 16:00:00,9.2013855,7.52771,292.37476,100417.72,52.0,4.25
2023-07-15 17:00:00,7.6904755,7.0028687,292.2569,100457.19,52.0,4.25
2023-07-15 18:00:00,7.3007507,7.626526,292.57855,100481.81,52.0,4.25
2023-07-15 19:00:00,8.341827,8.117584,292.02002,100516.97,52.0,4.25
2023-07-15 20:00:00,8.0347595,8.404587,290.98013,100582.51,52.0,4.25
2023-07-15 21:00:00,7.710907,8.87822,290.49304,100630.125,52.0,4.25
2023-07-15 22:00:00,8.845261,9.020691,290.22095,100654.25,52.0,4.25
2023-07-15 23:00:00,9.053192,10.232971,290.03665,100680.02,52.0,4.25
2023-07-16 00:00:00,9.580566,11.383743,289.87515,100707.09,52.0,4.25
2023-07-16 01:00:00,8.82341,11.881699,289.7021,100714.46,52.0,4.25
2023-07-16 02:00:00,8.970108,11.729797,289.45544,100719.56,52.0,4.25
2023-07-16 03:00:00,9.41423,11.77182,289.2693,100732.39,52.0,4.25
2023-07-16 04:00:00,9.484619,11.424454,289.1059,100787.58,52.0,4.25
2023-07-16 05:00:00,9.284561,11.022736,289.43262,100832.94,52.0,4.25
2023-07-16 06:00:00,8.79808,10.801147,289.92633,100884.97,52.0,4.25
2023-07-16 07:00:00,10.354248,11.38382,290.4903,100945.56,52.0,4.25
2023-07-16 08:00:00,11.078659,11.094391,291.015,100981.69,52.0,4.25
2023-07-16 09:00:00,11.440323,10.844101,291.86206,101059.5,52.0,4.25
2023-07-16 10:00:00,10.26767,8.727142,292.51056,101134.25,52.0,4.25
2023-07-16 11:00:00,10.264343,8.8629,292.8017,101187.9,52.0,4.25
2023-07-16 12:00:00,10.496063,8.743805,293.12534,101226.42,52.0,4.25
2023-07-16 13:00:00,10.587357,8.159851,293.3739,101272.91,52.0,4.25
2023-07-16 14:00:00,10.198898,7.6198273,293.3787,101301.77,52.0,4.25
2023-07-16 15:00:00,9.757004,7.5136414,293.07825,101321.72,52.0,4.25
2023-07-16 16:00:00,9.215607,7.1978607,293.1524,101335.22,52.0,4.25
2023-07-16 17:00:00,8.339798,6.63266,292.82837,101336.06,52.0,4.25
2023-07-16 18:00:00,7.8856964,5.857666,292.53387,101361.805,52.0,4.25
2023-07-16 19:00:00,7.265518,6.64151,291.8528,101385.66,52.0,4.25
2023-07-16 20:00:00,6.138443,6.772705,291.11035,101405.9,52.0,4.25
2023-07-16 21:00:00,6.4275055,6.6775055,290.695,101443.01,52.0,4.25
2023-07-16 22:00:00,7.756317,6.915207,290.3587,101438.91,52.0,4.25
2023-07-16 23:00:00,8.404648,7.530136,289.94748,101444.03,52.0,4.25
2023-07-17 00:00:00,8.787415,7.2591248,289.43915,101467.34,52.0,4.25
2023-07-17 01:00:00,8.788055,6.944031,288.91095,101470.86,52.0,4.25
2023-07-17 02:00:00,9.261826,6.133026,288.6026,101498.16,52.0,4.25
2023-07-17 03:00:00,9.213303,5.412857,288.21637,101504.9,52.0,4.25
2023-07-17 04:00:00,8.964432,4.72731,287.892,101554.4,52.0,4.25
2023-07-17 05:00:00,8.663132,4.186783,288.0769,101572.3,52.0,4.25
2023-07-17 06:00:00,8.958572,4.007263,288.9316,101637.91,52.0,4.25
2023-07-17 07:00:00,8.72789,4.086441,289.9353,101684.17,52.0,4.25
2023-07-17 08:00:00,8.805695,4.2834473,290.82443,101739.61,52.0,4.25
2023-07-17 09:00:00,8.870987,4.4518585,291.02612,101783.28,52.0,4.25
2023-07-17 10:00:00,8.937103,4.182266,291.27838,101815.03,52.0,4.25
2023-07-17 11:00:00,8.942368,4.293274,291.66113,101837.41,52.0,4.25
2023-07-17 12:00:00,8.894089,4.305588,291.54926,101857.91,52.0,4.25
2023-07-17 13:00:00,8.836899,3.959671,291.0556,101889.81,52.0,4.25
2023-07-17 14:00:00,9.101181,3.541397,292.0761,101891.98,52.0,4.25
2023-07-17 15:00:00,9.710785,3.155014,292.15942,101902.15,52.0,4.25
2023-07-17 16:00:00,9.740662,2.824585,292.41266,101900.766,52.0,4.25
2023-07-17 17:00:00,9.6054535,2.2855072,292.64938,101933.66,52.0,4.25
2023-07-17 18:00:00,8.02359,2.6115112,292.28842,101952.81,52.0,4.25
2023-07-17 19:00:00,7.5758514,3.4564667,291.64923,101992.67,52.0,4.25
2023-07-17 20:00:00,7.8567505,4.1402893,290.56924,102038.58,52.0,4.25
2023-07-17 21:00:00,7.751068,3.8734436,289.68982,102079.61,52.0,4.25
2023-07-17 22:00:00,6.6894226,3.6079865,289.4051,102102.125,52.0,4.25
2023-07-17 23:00:00,5.995346,3.099228,288.9803,102115.45,52.0,4.25
2023-07-18 00:00:00,5.3314514,3.3240356,288.51483,102096.766,52.0,4.25
2023-07-18 01:00:00,4.6743164,3.6486816,288.1922,102068.09,52.0,4.25
2023-07-18 02:00:00,4.2115326,4.019211,287.76483,102053.3,52.0,4.25
2023-07-18 03:00:00,3.8237457,4.083725,287.51425,102030.22,52.0,4.25
2023-07-18 04:00:00,3.4230347,4.713455,287.27368,102022.28,52.0,4.25
2023-07-18 05:00:00,2.8808136,5.3601837,287.8125,102005.53,52.0,4.25
2023-07-18 06:00:00,2.6660156,4.6379547,289.15765,102006.42,52.0,4.25
2023-07-18 07:00:00,2.8495026,3.8934937,290.54053,102022.53,52.0,4.25
2023-07-18 08:00:00,3.200592,3.5927582,291.81158,102009.5,52.0,4.25
2023-07-18 09:00:00,3.3257751,3.3775177,292.49847,101982.14,52.0,4.25
2023-07-18 10:00:00,4.4172974,1.5512085,293.30978,101943.03,52.0,4.25
2023-07-18 11:00:00,3.750946,1.2046051,293.81787,101920.25,52.0,4.25
2023-07-18 12:00:00,3.715332,0.7501526,294.11096,101844.98,52.0,4.25
2023-07-18 13:00:00,3.7920074,0.94143677,294.1466,101838.28,52.0,4.25
2023-07-18 14:00:00,3.7930298,0.090286255,294.24078,101766.81,52.0,4.25
2023-07-18 15:00:00,4.301361,-0.75813293,293.81873,101742.84,52.0,4.25
2023-07-18 16:00:00,3.676941,-1.9534149,293.41498,101693.43,52.0,4.25
2023-07-18 17:00:00,2.808487,-3.0345306,292.88776,101635.266,52.0,4.25
2023-07-18 18:00:00,1.5601501,-3.1645966,292.1176,101619.26,52.0,4.25
2023-07-18 19:00:00,-0.42182922,-2.4648438,291.50464,101570.36,52.0,4.25
2023-07-18 20:00:00,-1.3601837,-1.2784271,291.3717,101562.8,52.0,4.25
2023-07-18 21:00:00,-1.3466339,-0.28500366,290.69937,101550.375,52.0,4.25
2023-07-18 22:00:00,1.1975098,0.7018738,289.14178,101531.31,52.0,4.25
2023-07-18 23:00:00,1.9116364,0.93559265,288.52716,101502.74,52.0,4.25
2023-07-19 00:00:00,2.2105103,1.2563934,288.78668,101463.67,52.0,4.25
2023-07-19 01:00:00,2.9724274,1.4850922,288.9925,101431.75,52.0,4.25
2023-07-19 02:00:00,4.2968903,1.7862549,288.27652,101419.164,52.0,4.25
2023-07-19 03:00:00,4.692444,1.7885437,288.38882,101397.0,52.0,4.25
2023-07-19 04:00:00,4.801056,1.4619598,288.76047,101376.414,52.0,4.25
2023-07-19 05:00:00,4.589859,1.2726288,289.42203,101357.99,52.0,4.25
2023-07-19 06:00:00,4.012726,1.0818939,290.37402,101375.16,52.0,4.25
2023-07-19 07:00:00,4.5194855,0.96591187,291.38916,101376.02,52.0,4.25
2023-07-19 08:00:00,5.3539886,0.62849426,291.84857,101388.98,52.0,4.25
2023-07-19 09:00:00,5.3601074,0.0035247803,292.1034,101381.14,52.0,4.25
2023-07-19 10:00:00,6.047638,-0.43521118,292.44684,101424.31,52.0,4.25
2023-07-19 11:00:00,5.7416534,-1.2139587,292.70944,101433.82,52.0,4.25
2023-07-19 12:00:00,5.909195,-1.7544556,292.76068,101422.8,52.0,4.25
2023-07-19 13:00:00,5.9752655,-2.1483917,292.4367,101461.66,52.0,4.25
2023-07-19 14:00:00,5.6702423,-2.2294464,292.53998,101426.22,52.0,4.25
2023-07-19 15:00:00,5.272217,-1.7339325,292.03992,101424.83,52.0,4.25
2023-07-19 16:00:00,5.520874,-1.6222687,291.99802,101439.67,52.0,4.25
2023-07-19 17:00:00,5.4854584,-2.1264343,291.76718,101422.52,52.0,4.25
2023-07-19 18:00:00,5.0578766,-2.573349,291.27243,101427.3,52.0,4.25
2023-07-19 19:00:00,3.7112732,-2.948761,290.4215,101436.46,52.0,4.25
2023-07-19 20:00:00,2.07193,-2.8279266,289.90784,101448.22,52.0,4.25
2023-07-19 21:00:00,0.9576111,-2.8840637,289.24847,101473.49,52.0,4.25
2023-07-19 22:00:00,1.0355835,-4.531723,288.66943,101473.92,52.0,4.25
2023-07-19 23:00:00,1.3448181,-5.33786,288.3609,101505.16,52.0,4.25
2023-07-20 00:00:00,1.1955414,-5.6069336,288.18637,101516.95,52.0,4.25
2023-07-20 01:00:00,0.9214325,-5.550125,287.516,101516.56,52.0,4.25
2023-07-20 02:00:00,0.52493286,-5.0942383,287.1036,101533.09,52.0,4.25
2023-07-20 03:00:00,0.39208984,-4.4328156,286.5456,101533.95,52.0,4.25
2023-07-20 04:00:00,0.59365845,-3.8172913,286.49255,101561.52,52.0,4.25
2023-07-20 05:00:00,0.65193176,-3.2971497,287.29257,101565.62,52.0,4.25
2023-07-20 06:00:00,0.37998962,-2.4819183,288.87427,101594.3,52.0,4.25
2023-07-20 07:00:00,0.1346283,-1.7982483,289.84308,101609.97,52.0,4.25
2023-07-20 08:00:00,0.2919922,-1.092514,290.2964,101616.54,52.0,4.25
2023-07-20 09:00:00,0.7163391,-0.6676178,291.0466,101628.61,52.0,4.25
2023-07-20 10:00:00,2.1695862,-0.8201599,291.78543,101632.16,52.0,4.25
2023-07-20 11:00:00,2.660675,-1.248169,292.1135,101617.39,52.0,4.25
2023-07-20 12:00:00,2.5733795,-1.8273468,292.2577,101569.28,52.0,4.25
2023-07-20 13:00:00,2.7402496,-1.8758087,292.58435,101560.37,52.0,4.25
2023-07-20 14:00:00,2.6426697,-1.7654419,292.59613,101515.78,52.0,4.25
2023-07-20 15:00:00,2.3408203,-1.9546051,292.32397,101485.97,52.0,4.25
2023-07-20 16:00:00,2.1969604,-2.5643616,292.104,101458.53,52.0,4.25
2023-07-20 17:00:00,1.6551208,-2.7702484,291.49347,101432.305,52.0,4.25
2023-07-20 18:00:00,0.85261536,-2.4770966,291.0645,101397.22,52.0,4.25
2023-07-20 19:00:00,0.0017852783,-2.1502686,290.1756,101376.45,52.0,4.25
2023-07-20 20:00:00,-0.45687866,-2.1839294,288.76318,101389.7,52.0,4.25
2023-07-20 21:00:00,-0.64967346,-2.1015778,287.5783,101404.164,52.0,4.25
2023-07-20 22:00:00,0.70799255,-2.7157745,286.42236,101370.836,52.0,4.25
2023-07-20 23:00:00,0.88360596,-3.0808105,286.0121,101354.53,52.0,4.25
2023-07-21 00:00:00,0.3219452,-2.9229736,286.14557,101320.39,52.0,4.25
2023-07-21 01:00:00,-0.043289185,-2.0472107,286.80426,101295.3,52.0,4.25
2023-07-21 02:00:00,-0.040023804,-0.7545166,286.5417,101252.72,52.0,4.25
2023-07-21 03:00:00,0.10592651,0.23326111,286.3297,101204.984,52.0,4.25
2023-07-21 04:00:00,0.4453888,0.7172394,285.89777,101183.87,52.0,4.25
2023-07-21 05:00:00,1.0994568,1.2116699,285.95,101171.93,52.0,4.25
2023-07-21 06:00:00,1.6735382,1.6841431,288.28613,101159.22,52.0,4.25
2023-07-21 07:00:00,2.3593445,1.9517212,289.83203,101143.05,52.0,4.25
2023-07-21 08:00:00,3.8054352,1.6579742,290.2821,101146.37,52.0,4.25
2023-07-21 09:00:00,5.143524,0.61761475,290.79565,101152.36,52.0,4.25
2023-07-21 10:00:00,5.81723,-1.4877167,290.734,101168.34,52.0,4.25
2023-07-21 11:00:00,5.267105,-1.3549652,290.82996,101197.04,52.0,4.25
2023-07-21 12:00:00,6.4176636,-2.2124023,291.1211,101200.86,52.0,4.25
2023-07-21 13:00:00,7.1918335,-3.1504517,291.2339,101232.13,52.0,4.25
2023-07-21 14:00:00,7.6011505,-3.527069,291.32648,101256.06,52.0,4.25
2023-07-21 15:00:00,7.0080566,-3.0724945,291.43445,101264.09,52.0,4.25
2023-07-21 16:00:00,6.948044,-2.3923492,291.1513,101305.95,52.0,4.25
2023-07-21 17:00:00,7.2419586,-2.0920105,291.02722,101319.78,52.0,4.25
2023-07-21 18:00:00,6.504257,-1.5715332,290.4979,101334.67,52.0,4.25
2023-07-21 19:00:00,5.224457,-0.65130615,289.66626,101333.31,52.0,4.25
2023-07-21 20:00:00,4.695648,0.26423645,288.94235,101343.08,52.0,4.25
2023-07-21 21:00:00,4.5828247,0.9856415,288.35333,101408.67,52.0,4.25
2023-07-21 22:00:00,4.803833,1.0980072,288.41016,101406.67,52.0,4.25
2023-07-21 23:00:00,5.0017548,1.7314453,287.87842,101411.914,52.0,4.25
2023-07-22 00:00:00,5.776184,1.763031,287.56384,101390.7,52.0,4.25
2023-07-22 01:00:00,5.950165,1.6959076,287.32874,101376.83,52.0,4.25
2023-07-22 02:00:00,5.5331573,2.205536,287.21234,101342.45,52.0,4.25
2023-07-22 03:00:00,5.1383514,3.0577087,287.16083,101307.7,52.0,4.25
2023-07-22 04:00:00,5.2060394,3.2100677,287.31763,101308.83,52.0,4.25
2023-07-22 05:00:00,4.5030365,3.8741455,287.86935,101288.21,52.0,4.25
2023-07-22 06:00:00,4.821884,4.6731415,288.65997,101290.04,52.0,4.25
2023-07-22 07:00:00,5.052353,4.823517,289.16486,101305.586,52.0,4.25
2023-07-22 08:00:00,5.026657,5.309204,289.5172,101269.016,52.0,4.25
2023-07-22 09:00:00,6.1558075,5.7248535,289.65588,101295.68,52.0,4.25
2023-07-22 10:00:00,6.9572296,4.939316,290.64148,101283.3,52.0,4.25
2023-07-22 11:00:00,7.959076,4.453659,291.15143,101280.39,52.0,4.25
2023-07-22 12:00:00,8.238846,4.0139008,291.62686,101272.19,52.0,4.25
2023-07-22 13:00:00,8.444763,3.0419617,291.27466,101266.75,52.0,4.25
2023-07-22 14:00:00,7.5013733,3.1396637,291.69284,101213.7,52.0,4.25
2023-07-22 15:00:00,7.3304443,4.5368195,291.86676,101180.36,52.0,4.25
2023-07-22 16:00:00,8.370041,5.519821,291.52484,101167.086,52.0,4.25
2023-07-22 17:00:00,6.7624817,5.240967,290.74805,101116.67,52.0,4.25
2023-07-22 18:00:00,6.79834,6.580826,289.7547,101087.06,52.0,4.25
2023-07-22 19:00:00,6.3619995,7.520111,289.04984,101035.62,52.0,4.25
2023-07-22 20:00:00,5.9199677,8.036621,288.30542,101001.164,52.0,4.25
2023-07-22 21:00:00,5.365097,8.701324,288.18573,100967.67,52.0,4.25
2023-07-22 22:00:00,5.575165,9.671509,288.36237,100901.67,52.0,4.25
2023-07-22 23:00:00,4.750595,9.813583,288.38898,100849.86,52.0,4.25
2023-07-23 00:00:00,3.5842743,9.644638,288.44177,100821.19,52.0,4.25
2023-07-23 01:00:00,2.8688507,9.650925,288.69553,100742.47,52.0,4.25
2023-07-23 02:00:00,2.1283264,9.80719,288.8316,100645.54,52.0,4.25
2023-07-23 03:00:00,2.731369,9.75325,289.1379,100546.8,52.0,4.25
2023-07-23 04:00:00,4.705368,9.937744,289.29022,100506.41,52.0,4.25
2023-07-23 05:00:00,5.8989716,10.157166,289.2589,100472.54,52.0,4.25
2023-07-23 06:00:00,5.9150085,10.792419,289.0702,100445.52,52.0,4.25
2023-07-23 07:00:00,5.9996643,11.238693,289.03317,100440.97,52.0,4.25
2023-07-23 08:00:00,6.6390533,11.474686,289.1895,100420.72,52.0,4.25
2023-07-23 09:00:00,6.4821625,10.873871,289.8463,100420.875,52.0,4.25
2023-07-23 10:00:00,8.589996,10.29715,290.93567,100457.72,52.0,4.25
2023-07-23 11:00:00,10.892929,8.802612,292.37256,100459.25,52.0,4.25
2023-07-23 12:00:00,11.124527,7.3797455,293.3272,100460.84,52.0,4.25
2023-07-23 13:00:00,11.491638,7.629425,293.94232,100487.266,52.0,4.25
2023-07-23 14:00:00,11.940811,7.7107697,294.00146,100493.6,52.0,4.25
2023-07-23 15:00:00,10.870834,6.5954742,293.98383,100473.08,52.0,4.25
2023-07-23 16:00:00,10.238907,6.094574,293.8802,100463.266,52.0,4.25
2023-07-23 17:00:00,9.450348,5.7647705,293.57956,100433.42,52.0,4.25
2023-07-23 18:00:00,8.90033,6.1364594,293.07123,100418.44,52.0,4.25
2023-07-23 19:00:00,8.608261,6.5593567,292.28427,100417.06,52.0,4.25
2023-07-23 20:00:00,7.888855,6.948761,291.62207,100431.19,52.0,4.25
2023-07-23 21:00:00,7.6667633,7.0908966,291.28723,100456.586,52.0,4.25
2023-07-23 22:00:00,7.4005585,6.7181396,291.0767,100461.13,52.0,4.25
2023-07-23 23:00:00,6.976364,6.3852234,290.97803,100417.51,52.0,4.25
2023-07-24 00:00:00,6.397537,6.5855713,290.45923,100381.55,52.0,4.25
2023-07-24 01:00:00,6.7060547,5.861923,290.30164,100351.44,52.0,4.25
2023-07-24 02:00:00,6.6302032,4.881073,290.13382,100287.09,52.0,4.25
2023-07-24 03:00:00,7.017395,4.46756,289.8434,100275.93,52.0,4.25
2023-07-24 04:00:00,6.8327637,3.9744873,289.5467,100253.664,52.0,4.25
2023-07-24 05:00:00,6.4954987,4.430847,289.58008,100248.45,52.0,4.25
2023-07-24 06:00:00,6.064209,5.2820587,290.27585,100272.25,52.0,4.25
2023-07-24 07:00:00,6.3587646,4.9579163,291.16727,100270.67,52.0,4.25
2023-07-24 08:00:00,6.9180756,4.070923,291.6881,100266.58,52.0,4.25
2023-07-24 09:00:00,7.7109375,3.2012024,291.6631,100238.32,52.0,4.25
2023-07-24 10:00:00,7.229004,-0.69470215,291.59192,100217.44,52.0,4.25
2023-07-24 11:00:00,7.1306305,-1.385025,292.3744,100236.9,52.0,4.25
2023-07-24 12:00:00,6.0745087,-2.345993,291.27332,100295.48,52.0,4.25
2023-07-24 13:00:00,5.296982,-6.2256775,292.23895,100285.68,52.0,4.25
2023-07-24 14:00:00,3.2949982,-7.7262573,291.80115,100371.17,52.0,4.25
2023-07-24 15:00:00,2.9687042,-8.850235,290.3529,100408.516,52.0,4.25
2023-07-24 16:00:00,2.8212128,-9.331863,289.96722,100458.8,52.0,4.25
2023-07-24 17:00:00,2.6082153,-8.591202,289.8625,100515.234,52.0,4.25
2023-07-24 18:00:00,2.2731476,-7.6843567,289.55426,100560.66,52.0,4.25
2023-07-24 19:00:00,1.8953705,-6.964752,289.0642,100617.484,52.0,4.25
2023-07-24 20:00:00,1.6609344,-6.3589478,288.4049,100678.49,52.0,4.25
2023-07-24 21:00:00,1.7114258,-5.8690796,287.8955,100712.63,52.0,4.25
2023-07-24 22:00:00,0.95202637,-4.9163055,287.29895,100740.445,52.0,4.25
2023-07-24 23:00:00,1.278656,-4.9435425,286.90515,100745.125,52.0,4.25
2023-07-25 00:00:00,1.3600616,-4.81514,286.45145,100757.42,52.0,4.25
2023-07-25 01:00:00,1.5745392,-4.7723846,286.54626,100749.25,52.0,4.25
2023-07-25 02:00:00,1.6940002,-4.7490845,286.34656,100712.72,52.0,4.25
2023-07-25 03:00:00,1.6902313,-4.890045,286.40353,100705.336,52.0,4.25
2023-07-25 04:00:00,1.6581268,-5.065979,286.50116,100703.53,52.0,4.25
2023-07-25 05:00:00,1.5381317,-5.30954,287.0042,100710.92,52.0,4.25
2023-07-25 06:00:00,1.5168304,-5.2561493,288.0775,100739.3,52.0,4.25
2023-07-25 07:00:00,1.5547485,-5.8497467,288.76678,100766.71,52.0,4.25
2023-07-25 08:00:00,1.8812714,-5.660202,289.36313,100793.53,52.0,4.25
2023-07-25 09:00:00,2.3869781,-5.792984,289.7506,100830.33,52.0,4.25
2023-07-25 10:00:00,2.8868713,-6.7716064,289.95517,100878.92,52.0,4.25
2023-07-25 11:00:00,3.2400818,-6.366806,290.26224,100905.19,52.0,4.25
2023-07-25 12:00:00,3.9715881,-6.162918,290.60645,100928.49,52.0,4.25
2023-07-25 13:00:00,4.6517944,-6.0518494,290.552,100957.84,52.0,4.25
2023-07-25 14:00:00,5.0920258,-5.5902405,290.32727,100978.1,52.0,4.25
2023-07-25 15:00:00,5.245636,-4.73201,290.6124,100992.21,52.0,4.25
2023-07-25 16:00:00,5.45697,-3.723999,290.57953,101022.86,52.0,4.25
2023-07-25 17:00:00,5.5691833,-2.7815704,290.1856,101023.16,52.0,4.25
2023-07-25 18:00:00,5.522644,-1.9531708,289.64804,101018.7,52.0,4.25
2023-07-25 19:00:00,5.9770813,-1.1588745,288.6222,101057.66,52.0,4.25
2023-07-25 20:00:00,6.3673096,-0.40763855,287.81934,101117.266,52.0,4.25
2023-07-25 21:00:00,5.888855,0.39143372,287.6686,101145.86,52.0,4.25
2023-07-25 22:00:00,6.768036,-0.88150024,287.43195,101136.67,52.0,4.25
2023-07-25 23:00:00,5.4587708,-0.030929565,287.0706,101148.66,52.0,4.25
2023-07-26 00:00:00,4.855606,-0.20848083,286.7564,101134.234,52.0,4.25
2023-07-26 01:00:00,4.377121,0.1299591,286.1883,101100.34,52.0,4.25
2023-07-26 02:00:00,5.299713,0.1923523,285.77094,101127.266,52.0,4.25
2023-07-26 03:00:00,5.7348175,0.04145813,285.58417,101118.62,52.0,4.25
2023-07-26 04:00:00,5.430374,0.5299072,286.3607,101097.56,52.0,4.25
2023-07-26 05:00:00,5.812973,0.13244629,287.2979,101129.31,52.0,4.25
2023-07-26 06:00:00,5.7051697,-0.93055725,288.32623,101163.086,52.0,4.25
2023-07-26 07:00:00,5.2086487,-1.1803436,289.0875,101208.83,52.0,4.25
2023-07-26 08:00:00,5.4316406,-1.0131836,289.97913,101235.984,52.0,4.25
2023-07-26 09:00:00,5.7880096,-0.68421936,290.484,101253.72,52.0,4.25
2023-07-26 10:00:00,6.6913757,-0.9648285,291.00705,101274.31,52.0,4.25
2023-07-26 11:00:00,7.2457886,-0.80374146,291.39514,101279.83,52.0,4.25
2023-07-26 12:00:00,7.569412,-0.6329346,291.6651,101306.72,52.0,4.25
2023-07-26 13:00:00,7.3298492,-0.2716217,291.97992,101317.77,52.0,4.25
2023-07-26 14:00:00,6.886688,0.010513306,292.19556,101321.05,52.0,4.25
2023-07-26 15:00:00,6.371643,0.39204407,292.45932,101306.14,52.0,4.25
2023-07-26 16:00:00,4.9787445,0.748703,292.50308,101262.67,52.0,4.25
2023-07-26 17:00:00,3.788086,1.0881042,292.3382,101228.984,52.0,4.25
2023-07-26 18:00:00,2.9544678,1.7411499,291.81018,101185.055,52.0,4.25
2023-07-26 19:00:00,2.6542969,2.6798859,290.82904,101180.0,52.0,4.25
2023-07-26 20:00:00,2.3150787,3.9547424,289.66464,101150.31,52.0,4.25
2023-07-26 21:00:00,2.8955536,5.1581116,289.36285,101105.34,52.0,4.25
2023-07-26 22:00:00,4.590851,4.905487,289.25842,101076.89,52.0,4.25
2023-07-26 23:00:00,4.099701,5.463669,288.57648,100998.33,52.0,4.25
2023-07-27 00:00:00,2.4939575,6.521744,288.10236,100921.41,52.0,4.25
2023-07-27 01:00:00,1.5787048,7.5004425,287.74765,100836.18,52.0,4.25
2023-07-27 02:00:00,0.85362244,8.449982,287.73352,100704.64,52.0,4.25
2023-07-27 03:00:00,0.75401306,9.149399,287.91412,100578.61,52.0,4.25
2023-07-27 04:00:00,2.0567322,9.564224,288.59772,100480.25,52.0,4.25
2023-07-27 05:00:00,4.234543,9.656143,289.10483,100398.5,52.0,4.25
2023-07-27 06:00:00,6.823578,8.0820465,289.58752,100343.93,52.0,4.25
2023-07-27 07:00:00,8.217621,6.3690643,290.05542,100325.24,52.0,4.25
2023-07-27 08:00:00,9.007278,5.3435974,290.46222,100306.89,52.0,4.25
2023-07-27 09:00:00,9.752426,5.25618,291.32562,100283.016,52.0,4.25
2023-07-27 10:00:00,8.887497,4.3927307,291.6519,100304.36,52.0,4.25
2023-07-27 11:00:00,10.305557,4.4793396,292.0921,100298.66,52.0,4.25
2023-07-27 12:00:00,11.030685,3.916565,292.20654,100295.48,52.0,4.25
2023-07-27 13:00:00,11.497833,3.7860718,292.03183,100304.42,52.0,4.25
2023-07-27 14:00:00,10.647919,4.4193115,292.01764,100341.47,52.0,4.25
2023-07-27 15:00:00,10.221252,4.9540405,292.0114,100341.16,52.0,4.25
2023-07-27 16:00:00,9.432297,5.5449677,291.80524,100345.96,52.0,4.25
2023-07-27 17:00:00,10.678772,5.7405396,291.7611,100344.55,52.0,4.25
2023-07-27 18:00:00,10.46788,5.549637,291.58514,100336.516,52.0,4.25
2023-07-27 19:00:00,9.987946,5.4387207,291.4071,100371.96,52.0,4.25
2023-07-27 20:00:00,9.60466,5.5258636,291.31598,100394.3,52.0,4.25
2023-07-27 21:00:00,9.388763,5.612198,291.38788,100394.82,52.0,4.25
2023-07-27 22:00:00,8.986801,3.859192,291.70398,100418.47,52.0,4.25
2023-07-27 23:00:00,8.053192,3.7321777,291.63687,100417.51,52.0,4.25
2023-07-28 00:00:00,7.581024,3.4813995,291.6581,100436.53,52.0,4.25
2023-07-28 01:00:00,7.6632233,3.557434,291.636,100441.25,52.0,4.25
2023-07-28 02:00:00,7.569641,3.3419647,291.58252,100464.48,52.0,4.25
2023-07-28 03:00:00,7.1770325,3.353363,291.47086,100470.27,52.0,4.25
2023-07-28 04:00:00,6.814163,3.5046082,291.3814,100480.83,52.0,4.25
2023-07-28 05:00:00,6.3618164,3.6217651,291.58374,100503.5,52.0,4.25
2023-07-28 06:00:00,6.573395,4.12764,291.76886,100538.414,52.0,4.25
2023-07-28 07:00:00,6.6636047,3.7634888,292.14224,100596.3,52.0,4.25
2023-07-28 08:00:00,6.4345856,3.3658295,292.4958,100623.7,52.0,4.25
2023-07-28 09:00:00,6.3071136,3.2285156,292.86105,100661.94,52.0,4.25
2023-07-28 10:00:00,5.5225677,2.9436035,293.08984,100699.97,52.0,4.25
2023-07-28 11:00:00,5.8993835,2.9873352,293.4309,100716.64,52.0,4.25
2023-07-28 12:00:00,6.5158386,2.9432068,293.74133,100725.766,52.0,4.25
2023-07-28 13:00:00,6.53714,2.4854584,294.09918,100749.55,52.0,4.25
2023-07-28 14:00:00,6.3611298,2.600998,294.46313,100764.94,52.0,4.25
2023-07-28 15:00:00,6.2471924,2.8508606,294.20538,100757.98,52.0,4.25
2023-07-28 16:00:00,5.728607,2.7748413,293.95187,100731.5,52.0,4.25
2023-07-28 17:00:00,4.9162903,2.795166,293.90973,100695.56,52.0,4.25
2023-07-28 18:00:00,4.547653,3.2249298,293.6504,100690.164,52.0,4.25
2023-07-28 19:00:00,4.3687134,3.5576172,293.04285,100704.25,52.0,4.25
2023-07-28 20:00:00,4.4512634,3.9254303,291.92242,100721.58,52.0,4.25
2023-07-28 21:00:00,4.505356,4.5901184,291.41238,100720.67,52.0,4.25
2023-07-28 22:00:00,5.98024,4.7729187,290.8555,100718.55,52.0,4.25
2023-07-28 23:00:00,6.80925,4.4421844,290.5468,100715.16,52.0,4.25
2023-07-29 00:00:00,6.6431274,4.646576,290.35645,100695.05,52.0,4.25
2023-07-29 01:00:00,6.147705,4.9035645,290.0921,100655.3,52.0,4.25
2023-07-29 02:00:00,6.158127,5.008011,289.9145,100635.14,52.0,4.25
2023-07-29 03:00:00,6.6810303,5.4330597,289.7456,100607.69,52.0,4.25
2023-07-29 04:00:00,7.331772,5.614746,289.80206,100606.266,52.0,4.25
2023-07-29 05:00:00,7.535904,5.404114,290.18884,100618.07,52.0,4.25
2023-07-29 06:00:00,8.215012,5.1459045,290.84668,100615.73,52.0,4.25
2023-07-29 07:00:00,8.292236,4.8132324,291.6974,100647.79,52.0,4.25
2023-07-29 08:00:00,7.300308,4.8490906,292.15277,100649.72,52.0,4.25
2023-07-29 09:00:00,6.8603363,4.816742,291.83826,100667.445,52.0,4.25
2023-07-29 10:00:00,7.324646,4.0386505,292.487,100694.61,52.0,4.25
2023-07-29 11:00:00,6.8432465,4.7475433,292.10382,100702.03,52.0,4.25
2023-07-29 12:00:00,6.44133,4.802643,292.69324,100689.73,52.0,4.25
2023-07-29 13:00:00,6.736847,5.0190125,293.39862,100705.14,52.0,4.25
2023-07-29 14:00:00,7.0399475,4.838318,293.76215,100693.53,52.0,4.25
2023-07-29 15:00:00,8.054016,4.020462,294.03607,100672.28,52.0,4.25
2023-07-29 16:00:00,8.521194,4.323044,294.07715,100677.61,52.0,4.25
2023-07-29 17:00:00,8.952484,3.9804077,294.03726,100676.84,52.0,4.25
2023-07-29 18:00:00,8.693008,3.755783,293.6018,100709.29,52.0,4.25
2023-07-29 19:00:00,8.351547,4.463669,292.48285,100731.195,52.0,4.25
2023-07-29 20:00:00,8.327591,5.101242,291.5547,100772.56,52.0,4.25
2023-07-29 21:00:00,8.453796,5.3959656,290.905,100785.016,52.0,4.25
2023-07-29 22:00:00,9.166397,5.4233856,290.42255,100787.92,52.0,4.25
2023-07-29 23:00:00,8.549942,5.383316,289.96808,100820.75,52.0,4.25
2023-07-30 00:00:00,8.32988,5.1163177,289.97333,100845.61,52.0,4.25
2023-07-30 01:00:00,8.631241,4.7327423,290.1012,100859.64,52.0,4.25
2023-07-30 02:00:00,8.805878,4.039215,290.15976,100898.84,52.0,4.25
2023-07-30 03:00:00,8.254654,3.808136,289.92725,100887.24,52.0,4.25
2023-07-30 04:00:00,7.868271,4.2854156,289.74792,100882.7,52.0,4.25
2023-07-30 05:00:00,8.981293,4.3062134,289.6984,100906.97,52.0,4.25
2023-07-30 06:00:00,8.950729,4.128525,289.87024,100932.34,52.0,4.25
2023-07-30 07:00:00,9.217697,4.421875,290.3364,100942.92,52.0,4.25
2023-07-30 08:00:00,10.283447,4.191345,290.68683,100976.73,52.0,4.25
2023-07-30 09:00:00,10.455231,4.211548,290.91193,100994.86,52.0,4.25
2023-07-30 10:00:00,11.641983,2.8218231,291.76263,101017.53,52.0,4.25
2023-07-30 11:00:00,11.762894,2.905487,292.11514,101054.72,52.0,4.25
2023-07-30 12:00:00,11.4991,3.2016296,292.4048,101109.65,52.0,4.25
2023-07-30 13:00:00,11.403412,4.024109,292.85117,101138.01,52.0,4.25
2023-07-30 14:00:00,11.612198,4.564575,292.9931,101146.734,52.0,4.25
2023-07-30 15:00:00,12.690552,5.3009186,292.75424,101147.305,52.0,4.25
2023-07-30 16:00:00,12.600708,6.426178,292.0609,101134.016,52.0,4.25
2023-07-30 17:00:00,9.574905,7.2325745,291.058,101092.69,52.0,4.25
2023-07-30 18:00:00,8.743759,7.473892,290.27362,101056.55,52.0,4.25
2023-07-30 19:00:00,9.687973,5.5863953,290.18427,101043.66,52.0,4.25
2023-07-30 20:00:00,10.855652,3.3896332,290.24115,101044.84,52.0,4.25
2023-07-30 21:00:00,12.709503,2.8843231,290.00104,101012.99,52.0,4.25
2023-07-30 22:00:00,11.490463,4.1277924,289.9078,101012.86,52.0,4.25
2023-07-30 23:00:00,12.417038,4.7272797,289.95715,100965.8,52.0,4.25
2023-07-31 00:00:00,12.121948,5.2457123,290.17548,100944.15,52.0,4.25
2023-07-31 01:00:00,11.985214,5.9840393,289.98715,100931.69,52.0,4.25
2023-07-31 02:00:00,12.083542,6.828476,289.95197,100882.41,52.0,4.25
2023-07-31 03:00:00,11.518204,7.332535,289.94037,100806.984,52.0,4.25
2023-07-31 04:00:00,10.831116,7.6489105,290.00555,100745.08,52.0,4.25
2023-07-31 05:00:00,9.841843,8.367157,289.9115,100681.78,52.0,4.25
2023-07-31 06:00:00,10.245865,8.428986,289.90787,100644.11,52.0,4.25
2023-07-31 07:00:00,11.269379,7.7134705,290.524,100603.15,52.0,4.25
2023-07-31 08:00:00,12.269165,7.1438904,291.16177,100572.37,52.0,4.25
2023-07-31 09:00:00,11.769974,6.8062134,291.6493,100563.05,52.0,4.25
2023-07-31 10:00:00,10.327423,5.645355,291.94382,100545.57,52.0,4.25
2023-07-31 11:00:00,11.069046,6.4471283,292.17047,100527.84,52.0,4.25
2023-07-31 12:00:00,9.877411,7.777359,292.35144,100491.91,52.0,4.25
2023-07-31 13:00:00,10.047348,8.696869,292.3941,100454.5,52.0,4.25
2023-07-31 14:00:00,10.330078,9.295761,291.85724,100402.33,52.0,4.25
2023-07-31 15:00:00,9.7092285,9.532806,291.55945,100331.84,52.0,4.25
2023-07-31 16:00:00,9.71817,8.872299,291.4049,100272.81,52.0,4.25
2023-07-31 17:00:00,11.625641,7.0853577,291.3307,100212.7,52.0,4.25
2023-07-31 18:00:00,10.815826,5.9166565,291.23993,100165.484,52.0,4.25
2023-07-31 19:00:00,9.7668,5.6765137,291.1159,100112.58,52.0,4.25
2023-07-31 20:00:00,9.645325,5.9192047,290.64032,100099.5,52.0,4.25
2023-07-31 21:00:00,9.369247,5.288086,290.43283,100051.86,52.0,4.25
2023-07-31 22:00:00,9.563034,3.1704407,289.9945,99969.91,52.0,4.25
2023-07-31 23:00:00,8.803879,1.4401398,289.67255,99892.375,52.0,4.25
2023-08-01 00:00:00,9.530045,0.22610474,289.65723,99887.47,52.0,4.25
2023-08-01 01:00:00,8.959503,0.3534851,289.4995,99841.25,52.0,4.25
2023-08-01 02:00:00,9.5086975,0.3419037,289.32642,99814.11,52.0,4.25
2023-08-01 03:00:00,10.425888,0.28237915,289.28583,99828.42,52.0,4.25
2023-08-01 04:00:00,10.892944,0.9576874,289.35168,99833.625,52.0,4.25
2023-08-01 05:00:00,11.731689,0.7644501,289.4981,99833.21,52.0,4.25
2023-08-01 06:00:00,10.196762,0.76660156,289.8199,99861.93,52.0,4.25
2023-08-01 07:00:00,9.852158,0.64234924,290.16345,99891.54,52.0,4.25
2023-08-01 08:00:00,10.359512,0.67300415,290.33813,99930.266,52.0,4.25
2023-08-01 09:00:00,10.818665,0.21707153,290.48074,99960.69,52.0,4.25
2023-08-01 10:00:00,11.542908,-2.084961,290.96658,99985.67,52.0,4.25
2023-08-01 11:00:00,10.94368,-0.66259766,291.243,100013.26,52.0,4.25
2023-08-01 12:00:00,11.227951,0.8348541,291.62457,100067.72,52.0,4.25
2023-08-01 13:00:00,11.867142,1.4470825,291.7447,100100.58,52.0,4.25
2023-08-01 14:00:00,12.451294,0.8032532,291.6026,100145.125,52.0,4.25
2023-08-01 15:00:00,11.696396,-0.09251404,291.55505,100143.21,52.0,4.25
2023-08-01 16:00:00,10.366638,-0.2313385,291.5655,100186.22,52.0,4.25
2023-08-01 17:00:00,8.661972,0.006729126,291.46417,100187.55,52.0,4.25
2023-08-01 18:00:00,7.3404846,0.8261566,291.4613,100186.03,52.0,4.25
2023-08-01 19:00:00,6.2250214,1.9095306,291.00885,100210.89,52.0,4.25
2023-08-01 20:00:00,4.895447,3.5307465,290.1181,100214.55,52.0,4.25
2023-08-01 21:00:00,4.2950134,5.4506226,289.65173,100173.875,52.0,4.25
2023-08-01 22:00:00,4.6918335,6.7123413,289.6125,100162.75,52.0,4.25
2023-08-01 23:00:00,4.74469,7.097702,289.41995,100087.81,52.0,4.25
2023-08-02 00:00:00,3.8453827,7.9742737,289.13007,99992.94,52.0,4.25
2023-08-02 01:00:00,3.8095398,8.112076,288.96582,99968.195,52.0,4.25
2023-08-02 02:00:00,1.9772949,8.535889,288.99152,99862.445,52.0,4.25
2023-08-02 03:00:00,-0.19299316,8.2847595,288.75598,99724.516,52.0,4.25
2023-08-02 04:00:00,-2.1156464,8.109177,288.64444,99577.86,52.0,4.25
2023-08-02 05:00:00,-3.6895294,8.0242,288.56564,99447.91,52.0,4.25
2023-08-02 06:00:00,-4.97583,8.370605,288.66544,99288.44,52.0,4.25
2023-08-02 07:00:00,-5.2155304,8.743759,288.97076,99116.28,52.0,4.25
2023-08-02 08:00:00,-2.9330902,9.894501,289.47272,98983.88,52.0,4.25
2023-08-02 09:00:00,3.7443237,10.524612,291.39117,98922.734,52.0,4.25
2023-08-02 10:00:00,11.309509,7.8059387,292.9787,98882.266,52.0,4.25
2023-08-02 11:00:00,10.862473,7.170395,293.24646,98858.7,52.0,4.25
2023-08-02 12:00:00,10.2313385,7.270447,293.76138,98843.18,52.0,4.25
2023-08-02 13:00:00,11.303604,7.322296,293.60693,98864.36,52.0,4.25
2023-08-02 14:00:00,12.234131,7.1369324,292.9239,98853.6,52.0,4.25
2023-08-02 15:00:00,10.73317,7.0960083,292.52765,98875.67,52.0,4.25
2023-08-02 16:00:00,9.5914,8.131134,291.84772,98867.28,52.0,4.25
2023-08-02 17:00:00,7.9599,9.043777,290.72943,98853.55,52.0,4.25
2023-08-02 18:00:00,4.8786316,10.216843,290.0406,98793.0,52.0,4.25
2023-08-02 19:00:00,3.8613281,11.487305,289.8697,98728.41,52.0,4.25
2023-08-02 20:00:00,6.0417633,12.034088,289.75012,98721.09,52.0,4.25
2023-08-02 21:00:00,7.241745,11.317459,289.6371,98726.36,52.0,4.25
2023-08-02 22:00:00,8.351303,8.417435,289.86633,98662.97,52.0,4.25
2023-08-02 23:00:00,10.66687,1.0067902,289.92993,98756.57,52.0,4.25
2023-08-03 00:00:00,11.016922,0.8807678,290.335,98862.625,52.0,4.25
2023-08-03 01:00:00,11.377869,3.2167206,290.40552,98929.99,52.0,4.25
2023-08-03 02:00:00,11.638794,3.0292664,290.26764,98976.22,52.0,4.25
2023-08-03 03:00:00,11.940292,1.1286926,289.91443,99031.945,52.0,4.25
2023-08-03 04:00:00,12.264023,0.06913757,289.98456,99106.25,52.0,4.25
2023-08-03 05:00:00,12.150055,-1.9811249,289.8672,99191.64,52.0,4.25
2023-08-03 06:00:00,11.177078,-4.388397,290.12622,99305.15,52.0,4.25
2023-08-03 07:00:00,9.146713,-5.0074615,290.42242,99459.56,52.0,4.25
2023-08-03 08:00:00,8.452209,-5.3936768,290.90417,99601.266,52.0,4.25
2023-08-03 09:00:00,8.047287,-6.8180847,291.16302,99750.625,52.0,4.25
2023-08-03 10:00:00,7.419525,-9.847763,290.6018,99880.06,52.0,4.25
2023-08-03 11:00:00,7.177887,-9.098892,290.2392,100059.91,52.0,4.25
2023-08-03 12:00:00,8.201324,-9.442169,289.87927,100175.83,52.0,4.25
2023-08-03 13:00:00,7.2217865,-8.905685,290.38385,100313.42,52.0,4.25
2023-08-03 14:00:00,6.8349457,-7.7135773,290.7687,100425.47,52.0,4.25
2023-08-03 15:00:00,6.953186,-6.835205,290.77277,100533.5,52.0,4.25
2023-08-03 16:00:00,6.8442993,-6.5175934,290.64264,100600.26,52.0,4.25
2023-08-03 17:00:00,6.2138977,-6.4188232,290.46826,100659.38,52.0,4.25
2023-08-03 18:00:00,5.495117,-5.981659,290.25098,100731.69,52.0,4.25
2023-08-03 19:00:00,4.830017,-5.2730713,289.72635,100806.58,52.0,4.25
2023-08-03 20:00:00,4.5366974,-4.6492157,289.37683,100866.22,52.0,4.25
2023-08-03 21:00:00,4.683914,-4.258484,289.18787,100930.625,52.0,4.25
2023-08-03 22:00:00,4.9988403,-4.351181,288.85202,101002.2,52.0,4.25
2023-08-03 23:00:00,4.961426,-4.403122,288.73975,101026.47,52.0,4.25
2023-08-04 00:00:00,5.0874176,-4.3247986,288.7542,101045.11,52.0,4.25
2023-08-04 01:00:00,5.0456085,-4.184799,288.45618,101074.43,52.0,4.25
2023-08-04 02:00:00,4.824417,-4.2967834,288.4842,101090.66,52.0,4.25
2023-08-04 03:00:00,4.481613,-4.108673,288.77563,101122.42,52.0,4.25
2023-08-04 04:00:00,4.436371,-4.535202,288.72748,101156.14,52.0,4.25
2023-08-04 05:00:00,4.2963867,-4.840164,288.73642,101202.39,52.0,4.25
2023-08-04 06:00:00,3.8676453,-4.919922,289.13928,101250.516,52.0,4.25
2023-08-04 07:00:00,3.258957,-4.3849792,289.6781,101332.17,52.0,4.25
2023-08-04 08:00:00,3.0716858,-4.196121,290.25845,101373.67,52.0,4.25
2023-08-04 09:00:00,3.2845917,-3.9994507,290.57605,101426.91,52.0,4.25
2023-08-04 10:00:00,3.6490784,-4.5871124,290.89038,101468.41,52.0,4.25
2023-08-04 11:00:00,3.8335876,-5.100174,291.11713,101507.92,52.0,4.25
2023-08-04 12:00:00,4.2457733,-5.3405457,291.07214,101540.05,52.0,4.25
2023-08-04 13:00:00,4.291168,-5.641815,291.95807,101580.42,52.0,4.25
2023-08-04 14:00:00,4.090866,-5.811081,291.75604,101605.25,52.0,4.25
2023-08-04 15:00:00,4.1853333,-5.9391327,291.43695,101623.086,52.0,4.25
2023-08-04 16:00:00,3.775467,-5.7395935,291.74493,101651.734,52.0,4.25
2023-08-04 17:00:00,3.1642456,-5.389862,291.39923,101656.03,52.0,4.25
2023-08-04 18:00:00,2.4253693,-4.697983,290.83765,101662.83,52.0,4.25
2023-08-04 19:00:00,2.2089233,-4.0690765,289.92554,101735.19,52.0,4.25
2023-08-04 20:00:00,1.7390442,-3.6889343,288.9027,101756.875,52.0,4.25
2023-08-04 21:00:00,1.2764435,-3.1450348,287.41742,101790.516,52.0,4.25
2023-08-04 22:00:00,2.169159,-0.75938416,287.8152,101799.31,52.0,4.25
2023-08-04 23:00:00,2.3343964,-0.48609924,288.35193,101757.82,52.0,4.25
2023-08-05 00:00:00,1.5496826,0.28253174,287.03787,101672.34,52.0,4.25
2023-08-05 01:00:00,1.5309143,1.5494537,286.8366,101669.4,52.0,4.25
2023-08-05 02:00:00,1.4083557,2.688858,287.3381,101627.06,52.0,4.25
2023-08-05 03:00:00,1.0360107,3.7414856,287.51035,101544.8,52.0,4.25
2023-08-05 04:00:00,0.18666077,5.1440887,287.67413,101471.55,52.0,4.25
2023-08-05 05:00:00,-0.58132935,6.150482,287.64926,101408.86,52.0,4.25
2023-08-05 06:00:00,-0.63816833,6.727127,288.13794,101360.05,52.0,4.25
2023-08-05 07:00:00,-0.4121399,7.093384,288.99677,101308.08,52.0,4.25
2023-08-05 08:00:00,0.5362091,8.0767975,289.63806,101250.79,52.0,4.25
2023-08-05 09:00:00,0.6568451,7.8566284,290.01855,101175.82,52.0,4.25
2023-08-05 10:00:00,3.6388702,7.2901764,290.2323,101089.19,52.0,4.25
2023-08-05 11:00:00,2.680542,7.1016235,289.94794,101067.586,52.0,4.25
2023-08-05 12:00:00,2.8562622,7.5859833,288.92145,100990.29,52.0,4.25
2023-08-05 13:00:00,1.795105,7.528885,288.27588,100929.53,52.0,4.25
2023-08-05 14:00:00,0.7686615,7.6372375,288.24634,100859.375,52.0,4.25
2023-08-05 15:00:00,-0.3788452,7.6834717,288.66296,100762.016,52.0,4.25
2023-08-05 16:00:00,-1.459671,7.247711,288.77957,100667.25,52.0,4.25
2023-08-05 17:00:00,-2.8183136,6.1584015,288.70276,100566.41,52.0,4.25
2023-08-05 18:00:00,-4.250366,4.94635,288.42975,100512.45,52.0,4.25
2023-08-05 19:00:00,-5.0483704,4.194168,288.18707,100479.28,52.0,4.25
2023-08-05 20:00:00,-5.5179596,3.5770721,288.08392,100466.85,52.0,4.25
2023-08-05 21:00:00,-5.819397,2.6427155,288.0457,100453.58,52.0,4.25
2023-08-05 22:00:00,-7.125168,1.4552765,287.9683,100408.87,52.0,4.25
2023-08-05 23:00:00,-6.1336365,0.3269348,287.92316,100399.45,52.0,4.25
2023-08-06 00:00:00,-5.137909,-0.07369995,287.86957,100399.84,52.0,4.25
2023-08-06 01:00:00,-3.6886444,-1.1247559,287.7446,100410.47,52.0,4.25
2023-08-06 02:00:00,-1.8065338,-3.142395,287.61304,100444.08,52.0,4.25
2023-08-06 03:00:00,0.5844116,-6.272293,287.60388,100461.61,52.0,4.25
2023-08-06 04:00:00,2.7722168,-8.423477,287.8717,100490.45,52.0,4.25
2023-08-06 05:00:00,5.1006775,-9.741547,288.08923,100541.41,52.0,4.25
2023-08-06 06:00:00,6.624054,-9.405777,288.36542,100611.87,52.0,4.25
2023-08-06 07:00:00,6.387375,-8.381973,288.7577,100689.7,52.0,4.25
2023-08-06 08:00:00,5.328232,-7.2210083,289.1679,100738.484,52.0,4.25
2023-08-06 09:00:00,4.9308624,-6.35347,289.4745,100790.45,52.0,4.25
2023-08-06 10:00:00,6.1360626,-5.7572174,288.74252,100822.67,52.0,4.25
2023-08-06 11:00:00,7.3203735,-6.3447876,288.792,100849.77,52.0,4.25
2023-08-06 12:00:00,7.9960785,-7.4877777,288.8897,100886.66,52.0,4.25
2023-08-06 13:00:00,8.865051,-9.38736,288.87808,100940.78,52.0,4.25
2023-08-06 14:00:00,9.940994,-11.9331665,288.56082,101014.08,52.0,4.25
2023-08-06 15:00:00,10.478409,-11.890259,288.6339,101121.15,52.0,4.25
2023-08-06 16:00:00,10.66655,-10.87207,288.27728,101216.016,52.0,4.25
2023-08-06 17:00:00,10.693054,-10.130585,288.33618,101267.39,52.0,4.25
2023-08-06 18:00:00,11.186554,-9.895035,288.2066,101305.32,52.0,4.25
2023-08-06 19:00:00,10.963211,-9.498535,287.86237,101348.33,52.0,4.25
2023-08-06 20:00:00,10.826157,-9.229996,287.60773,101383.67,52.0,4.25
2023-08-06 21:00:00,10.858154,-8.994537,287.52167,101395.11,52.0,4.25
2023-08-06 22:00:00,9.921097,-10.233337,287.90924,101426.22,52.0,4.25
2023-08-06 23:00:00,9.981018,-10.002274,287.92627,101435.41,52.0,4.25
2023-08-07 00:00:00,10.166763,-9.484482,287.86215,101451.31,52.0,4.25
2023-08-07 01:00:00,10.398361,-9.478867,287.78143,101449.09,52.0,4.25
2023-08-07 02:00:00,10.036362,-9.459808,287.90503,101462.445,52.0,4.25
2023-08-07 03:00:00,9.464462,-9.503021,287.93457,101468.586,52.0,4.25
2023-08-07 04:00:00,8.993347,-9.431976,287.98093,101462.58,52.0,4.25
2023-08-07 05:00:00,8.692993,-9.097076,288.07867,101508.94,52.0,4.25
2023-08-07 06:00:00,8.950607,-8.7009735,288.0487,101552.88,52.0,4.25
2023-08-07 07:00:00,9.209366,-7.939392,288.74786,101584.72,52.0,4.25
2023-08-07 08:00:00,9.27536,-7.2936096,289.28516,101623.55,52.0,4.25
2023-08-07 09:00:00,9.384827,-6.237091,289.87997,101691.83,52.0,4.25
2023-08-07 10:00:00,7.779236,-6.0334015,290.1198,101737.414,52.0,4.25
2023-08-07 11:00:00,8.012711,-4.7805634,290.31253,101764.58,52.0,4.25
2023-08-07 12:00:00,8.30751,-4.087036,290.5998,101769.56,52.0,4.25
2023-08-07 13:00:00,8.49202,-3.526062,290.6964,101769.24,52.0,4.25
2023-08-07 14:00:00,8.8749695,-2.9850616,290.87042,101776.91,52.0,4.25
2023-08-07 15:00:00,8.950012,-2.46109,290.70972,101782.56,52.0,4.25
2023-08-07 16:00:00,8.727798,-2.1366425,290.70734,101773.44,52.0,4.25
2023-08-07 17:00:00,7.9800873,-1.6323395,290.7034,101739.125,52.0,4.25
2023-08-07 18:00:00,6.9920044,-0.36636353,290.2215,101695.21,52.0,4.25
2023-08-07 19:00:00,6.4734344,0.80670166,289.59644,101661.03,52.0,4.25
2023-08-07 20:00:00,6.062668,2.170639,288.71515,101630.62,52.0,4.25
2023-08-07 21:00:00,6.097809,3.6504974,288.35895,101586.39,52.0,4.25
2023-08-07 22:00:00,7.542572,4.2024536,288.5948,101524.39,52.0,4.25
2023-08-07 23:00:00,8.480377,1.985672,288.54907,101477.94,52.0,4.25
2023-08-08 00:00:00,8.955887,-0.29534912,288.4604,101457.375,52.0,4.25
2023-08-08 01:00:00,8.452805,-2.143692,288.6597,101436.0,52.0,4.25
2023-08-08 02:00:00,7.804901,-3.0597076,288.85834,101419.62,52.0,4.25
2023-08-08 03:00:00,7.354645,-3.1234436,288.42224,101380.59,52.0,4.25
2023-08-08 04:00:00,7.5220184,-2.685852,288.0831,101357.31,52.0,4.25
2023-08-08 05:00:00,7.8184204,-2.2038116,288.01556,101348.41,52.0,4.25
2023-08-08 06:00:00,8.077362,-1.6333466,288.96393,101363.44,52.0,4.25
2023-08-08 07:00:00,8.282135,-1.0621338,289.71536,101372.06,52.0,4.25
2023-08-08 08:00:00,9.104233,-0.67033386,289.93738,101361.62,52.0,4.25
2023-08-08 09:00:00,9.763016,-0.18089294,290.15436,101371.51,52.0,4.25
2023-08-08 10:00:00,10.045258,0.0683136,290.3302,101390.56,52.0,4.25
2023-08-08 11:00:00,9.989349,1.0713959,290.63507,101385.94,52.0,4.25
2023-08-08 12:00:00,10.437592,1.8773956,291.02228,101376.14,52.0,4.25
2023-08-08 13:00:00,11.006638,1.8934937,291.3711,101384.87,52.0,4.25
2023-08-08 14:00:00,10.313202,2.0318146,290.88458,101387.47,52.0,4.25
2023-08-08 15:00:00,10.477188,1.9567261,290.48267,101398.4,52.0,4.25
2023-08-08 16:00:00,9.239029,1.6643982,290.08447,101390.59,52.0,4.25
2023-08-08 17:00:00,8.223816,0.9958801,289.51724,101348.73,52.0,4.25
2023-08-08 18:00:00,7.4858856,-0.11946106,288.62927,101320.89,52.0,4.25
2023-08-08 19:00:00,6.0092316,-0.17744446,288.44107,101267.18,52.0,4.25
2023-08-08 20:00:00,5.1596375,-0.7010193,288.332,101265.47,52.0,4.25
2023-08-08 21:00:00,4.0857086,-2.085968,288.41876,101233.75,52.0,4.25
2023-08-08 22:00:00,2.7126923,-4.14447,288.3114,101244.78,52.0,4.25
2023-08-08 23:00:00,1.5358734,-3.8313751,287.722,101242.91,52.0,4.25
2023-08-09 00:00:00,1.3612213,-3.0950165,287.18176,101260.06,52.0,4.25
2023-08-09 01:00:00,1.2662506,-2.2818298,286.53354,101282.2,52.0,4.25
2023-08-09 02:00:00,1.4962921,-1.3730927,285.978,101300.47,52.0,4.25
2023-08-09 03:00:00,2.2210236,-0.9814911,285.70056,101357.3,52.0,4.25
2023-08-09 04:00:00,2.9199371,-0.55818176,285.45352,101383.6,52.0,4.25
2023-08-09 05:00:00,3.2493134,-0.054901123,286.40686,101437.17,52.0,4.25
2023-08-09 06:00:00,3.4344635,0.29606628,288.01987,101467.86,52.0,4.25
2023-08-09 07:00:00,3.3552094,0.30566406,289.60944,101505.91,52.0,4.25
2023-08-09 08:00:00,4.468231,-0.40522766,290.44598,101562.12,52.0,4.25
2023-08-09 09:00:00,5.607895,-1.1894379,291.0904,101617.39,52.0,4.25
2023-08-09 10:00:00,6.541443,-1.8180847,291.6197,101666.54,52.0,4.25
2023-08-09 11:00:00,6.7055206,-2.4794922,291.78796,101715.375,52.0,4.25
2023-08-09 12:00:00,6.44281,-2.7995605,291.85303,101762.016,52.0,4.25
2023-08-09 13:00:00,6.263733,-2.8229065,291.91855,101817.31,52.0,4.25
2023-08-09 14:00:00,6.499405,-2.9401245,291.78903,101868.484,52.0,4.25
2023-08-09 15:00:00,6.3128967,-3.3721466,291.6221,101910.42,52.0,4.25
2023-08-09 16:00:00,6.0066223,-3.657257,291.35773,101945.18,52.0,4.25
2023-08-09 17:00:00,5.1602173,-3.6237183,291.05078,101956.48,52.0,4.25
2023-08-09 18:00:00,3.8735962,-2.6764374,290.5938,101969.36,52.0,4.25
2023-08-09 19:00:00,3.1236725,-1.6993408,289.15024,102005.86,52.0,4.25
2023-08-09 20:00:00,2.859253,-1.0142822,287.80627,102040.24,52.0,4.25
2023-08-09 21:00:00,2.622345,-0.44830322,287.0053,102058.984,52.0,4.25
2023-08-09 22:00:00,1.6374512,0.07901001,286.66913,102075.53,52.0,4.25
2023-08-09 23:00:00,1.6473236,0.8505554,286.29117,102078.41,52.0,4.25
2023-08-10 00:00:00,1.8429871,1.6847839,286.47333,102117.77,52.0,4.25
2023-08-10 01:00:00,2.170807,2.4908142,286.87967,102119.97,52.0,4.25
2023-08-10 02:00:00,2.3906555,2.8264618,286.8142,102098.3,52.0,4.25
2023-08-10 03:00:00,2.5287323,3.1326904,286.9364,102125.59,52.0,4.25
2023-08-10 04:00:00,2.1975403,3.5744934,287.02747,102121.55,52.0,4.25
2023-08-10 05:00:00,1.8081818,4.3464203,287.31683,102127.86,52.0,4.25
2023-08-10 06:00:00,1.456604,4.814026,288.6883,102146.41,52.0,4.25
2023-08-10 07:00:00,1.2573853,4.6402283,290.02917,102125.75,52.0,4.25
2023-08-10 08:00:00,1.4378815,4.519409,291.2071,102152.234,52.0,4.25
2023-08-10 09:00:00,1.3575134,4.0953064,292.20813,102149.33,52.0,4.25
2023-08-10 10:00:00,1.5861816,3.637024,293.1559,102131.03,52.0,4.25
2023-08-10 11:00:00,1.3065948,3.0705414,294.05695,102120.43,52.0,4.25
2023-08-10 12:00:00,1.4072266,3.1010742,295.04996,102118.71,52.0,4.25
2023-08-10 13:00:00,1.9668579,3.0486908,295.59668,102113.48,52.0,4.25
2023-08-10 14:00:00,1.6721344,2.6653442,295.86218,102085.52,52.0,4.25
2023-08-10 15:00:00,0.67362976,2.081253,296.09558,102046.086,52.0,4.25
2023-08-10 16:00:00,0.35765076,1.7909088,296.23474,102043.234,52.0,4.25
2023-08-10 17:00:00,-0.0605011,1.3907623,296.28522,102011.75,52.0,4.25
2023-08-10 18:00:00,-0.9361572,1.0644836,296.0323,102016.49,52.0,4.25
2023-08-10 19:00:00,-2.4468231,1.5325317,293.88226,102006.92,52.0,4.25
2023-08-10 20:00:00,-4.021988,2.5791016,292.21652,102035.92,52.0,4.25
2023-08-10 21:00:00,-4.642029,3.9300232,291.04282,102045.91,52.0,4.25
2023-08-10 22:00:00,-5.5915375,4.9357758,290.94153,102036.26,52.0,4.25
2023-08-10 23:00:00,-4.50972,6.0480957,290.70322,102018.44,52.0,4.25
2023-08-11 00:00:00,-3.8495483,6.8292847,290.39355,101995.68,52.0,4.25
2023-08-11 01:00:00,-3.316864,7.269104,290.0817,101962.76,52.0,4.25
2023-08-11 02:00:00,-2.134491,7.462219,289.73615,101931.17,52.0,4.25
2023-08-11 03:00:00,-1.2888031,7.476425,289.48282,101918.58,52.0,4.25
2023-08-11 04:00:00,-0.4275818,7.447525,289.2151,101880.13,52.0,4.25
2023-08-11 05:00:00,0.3209076,7.404541,289.39484,101843.58,52.0,4.25
2023-08-11 06:00:00,1.2868805,6.912796,291.01697,101856.11,52.0,4.25
2023-08-11 07:00:00,2.4622345,5.903961,293.04898,101852.56,52.0,4.25
2023-08-11 08:00:00,3.3163147,4.616791,294.6812,101887.016,52.0,4.25
2023-08-11 09:00:00,4.261078,3.8121185,295.67838,101910.64,52.0,4.25
2023-08-11 10:00:00,4.341751,2.9307098,296.2862,101909.58,52.0,4.25
2023-08-11 11:00:00,5.0603943,2.6525116,296.56836,101920.95,52.0,4.25
2023-08-11 12:00:00,5.6193695,2.3919525,296.5774,101929.58,52.0,4.25
2023-08-11 13:00:00,5.9878387,2.9213867,296.15787,101925.97,52.0,4.25
2023-08-11 14:00:00,6.324814,3.3599548,295.89117,101922.016,52.0,4.25
2023-08-11 15:00:00,6.1422577,2.6997986,295.31012,101882.125,52.0,4.25
2023-08-11 16:00:00,6.5516205,2.409958,294.74472,101884.78,52.0,4.25
2023-08-11 17:00:00,6.6290283,2.5945282,294.19308,101853.875,52.0,4.25
2023-08-11 18:00:00,6.288971,3.370697,293.81284,101826.18,52.0,4.25
2023-08-11 19:00:00,5.593384,3.8316345,293.47467,101811.97,52.0,4.25
2023-08-11 20:00:00,4.671463,4.406555,292.93555,101824.5,52.0,4.25
2023-08-11 21:00:00,4.180649,4.8915863,292.61188,101799.45,52.0,4.25
2023-08-11 22:00:00,2.7769928,6.568939,292.71198,101765.516,52.0,4.25
2023-08-11 23:00:00,2.5364075,7.2340546,292.6819,101739.39,52.0,4.25
2023-08-12 00:00:00,2.8162842,6.9904327,292.40485,101705.75,52.0,4.25
2023-08-12 01:00:00,3.0758667,6.5769196,292.00952,101666.234,52.0,4.25
2023-08-12 02:00:00,2.7625732,6.4276733,291.7681,101628.8,52.0,4.25
2023-08-12 03:00:00,1.769516,6.1899414,291.79266,101552.51,52.0,4.25
2023-08-12 04:00:00,1.4846649,5.831009,291.83224,101516.85,52.0,4.25
2023-08-12 05:00:00,2.4571533,4.4350586,291.81586,101465.17,52.0,4.25
2023-08-12 06:00:00,3.760498,3.2174377,291.91507,101458.79,52.0,4.25
2023-08-12 07:00:00,4.263672,2.5772552,291.63187,101455.53,52.0,4.25
2023-08-12 08:00:00,5.831955,2.599472,291.1273,101460.39,52.0,4.25
2023-08-12 09:00:00,6.8342896,2.3402252,291.2669,101511.33,52.0,4.25
2023-08-12 10:00:00,6.4338074,1.4301758,292.5411,101535.2,52.0,4.25
2023-08-12 11:00:00,6.800827,1.9173584,292.98413,101541.5,52.0,4.25
2023-08-12 12:00:00,7.2651825,2.6006165,293.31653,101542.67,52.0,4.25
2023-08-12 13:00:00,8.332672,3.3395996,293.5731,101576.06,52.0,4.25
2023-08-12 14:00:00,8.125702,3.8710175,293.8037,101582.72,52.0,4.25
2023-08-12 15:00:00,8.115021,4.6570435,293.9604,101576.6,52.0,4.25
2023-08-12 16:00:00,8.533737,5.193634,294.03107,101564.84,52.0,4.25
2023-08-12 17:00:00,8.260712,5.009308,293.86145,101539.55,52.0,4.25
2023-08-12 18:00:00,8.461884,5.289337,293.01453,101557.47,52.0,4.25
2023-08-12 19:00:00,8.449936,5.7677917,292.10455,101567.34,52.0,4.25
2023-08-12 20:00:00,7.6177063,6.4483337,291.17978,101601.484,52.0,4.25
2023-08-12 21:00:00,6.9335327,6.8759613,290.67087,101602.41,52.0,4.25
2023-08-12 22:00:00,6.516464,7.6343994,290.45526,101621.8,52.0,4.25
2023-08-12 23:00:00,7.033081,7.4879303,290.2146,101617.234,52.0,4.25
2023-08-13 00:00:00,7.0735016,7.583206,290.1372,101608.97,52.0,4.25
2023-08-13 01:00:00,7.4161987,7.5519867,290.0584,101608.93,52.0,4.25
2023-08-13 02:00:00,7.0942535,7.0466766,289.83087,101593.99,52.0,4.25
2023-08-13 03:00:00,6.344452,6.8776245,289.57373,101576.516,52.0,4.25
2023-08-13 04:00:00,5.788315,6.8399963,289.50183,101590.64,52.0,4.25
2023-08-13 05:00:00,5.4078674,6.718338,289.5999,101581.81,52.0,4.25
2023-08-13 06:00:00,5.0430603,6.647461,290.25806,101595.25,52.0,4.25
2023-08-13 07:00:00,6.243454,7.0972443,290.9363,101619.734,52.0,4.25
2023-08-13 08:00:00,5.9476166,6.7918854,291.49664,101618.44,52.0,4.25
2023-08-13 09:00:00,5.503067,6.800873,292.32974,101605.37,52.0,4.25
2023-08-13 10:00:00,5.157486,5.3783264,293.1019,101581.03,52.0,4.25
2023-08-13 11:00:00,5.2413635,5.74469,293.60287,101563.05,52.0,4.25
2023-08-13 12:00:00,5.527359,5.515457,293.95187,101554.89,52.0,4.25
2023-08-13 13:00:00,5.6256714,4.9372253,293.89203,101552.125,52.0,4.25
2023-08-13 14:00:00,5.7257996,4.355652,293.94095,101541.69,52.0,4.25
2023-08-13 15:00:00,6.0106964,3.7902222,294.25446,101535.3,52.0,4.25
2023-08-13 16:00:00,5.98732,3.817627,293.82065,101529.89,52.0,4.25
2023-08-13 17:00:00,5.677536,3.5550232,293.65298,101505.95,52.0,4.25
2023-08-13 18:00:00,5.131729,3.5550537,293.00177,101505.84,52.0,4.25
2023-08-13 19:00:00,4.8337708,3.7706451,291.9792,101530.984,52.0,4.25
2023-08-13 20:00:00,4.4236145,4.429138,290.5666,101550.375,52.0,4.25
2023-08-13 21:00:00,3.7943878,5.245682,289.80817,101562.09,52.0,4.25
2023-08-13 22:00:00,3.9830017,6.1398926,289.42645,101572.91,52.0,4.25
2023-08-13 23:00:00,4.0141296,5.8097076,289.21436,101569.89,52.0,4.25
2023-08-14 00:00:00,4.0517883,6.1815796,288.7656,101574.914,52.0,4.25
2023-08-14 01:00:00,3.4943237,5.850052,288.38422,101505.195,52.0,4.25
2023-08-14 02:00:00,2.3862457,5.7927856,288.17404,101475.64,52.0,4.25
2023-08-14 03:00:00,1.7679443,5.752182,288.09937,101435.09,52.0,4.25
2023-08-14 04:00:00,1.111618,6.042816,287.94476,101448.25,52.0,4.25
2023-08-14 05:00:00,0.3712921,5.835434,288.14685,101422.09,52.0,4.25
2023-08-14 06:00:00,-0.6022339,6.1442566,289.09375,101426.84,52.0,4.25
2023-08-14 07:00:00,-1.5010071,6.47641,290.5949,101431.79,52.0,4.25
2023-08-14 08:00:00,-1.1702576,6.08255,292.6702,101437.766,52.0,4.25
2023-08-14 09:00:00,-1.1529999,5.959488,294.687,101391.27,52.0,4.25
2023-08-14 10:00:00,-0.9209595,6.2148285,295.9685,101355.62,52.0,4.25
2023-08-14 11:00:00,0.061431885,6.594574,296.62018,101338.914,52.0,4.25
2023-08-14 12:00:00,0.22865295,6.3881073,297.2771,101305.47,52.0,4.25
2023-08-14 13:00:00,-0.27789307,5.584549,297.67114,101268.13,52.0,4.25
2023-08-14 14:00:00,0.03353882,5.017288,298.0396,101213.92,52.0,4.25
2023-08-14 15:00:00,0.90141296,4.655716,297.87723,101204.79,52.0,4.25
2023-08-14 16:00:00,0.65786743,4.399124,297.78867,101183.234,52.0,4.25
2023-08-14 17:00:00,0.018295288,4.3404236,297.50845,101166.484,52.0,4.25
2023-08-14 18:00:00,-0.24710083,3.9533691,296.68695,101186.36,52.0,4.25
2023-08-14 19:00:00,0.047195435,3.7384949,294.0322,101168.81,52.0,4.25
2023-08-14 20:00:00,2.4174347,2.8207855,292.53113,101225.875,52.0,4.25
2023-08-14 21:00:00,5.6503296,1.2809448,291.84088,101247.305,52.0,4.25
2023-08-14 22:00:00,6.5135803,0.034744263,291.87463,101279.14,52.0,4.25
2023-08-14 23:00:00,5.5033417,-0.02607727,291.1687,101255.875,52.0,4.25
2023-08-15 00:00:00,4.821823,1.0321198,290.8894,101235.19,52.0,4.25
2023-08-15 01:00:00,5.043701,2.0711975,290.84747,101235.305,52.0,4.25
2023-08-15 02:00:00,6.161194,2.6840668,290.58557,101268.59,52.0,4.25
2023-08-15 03:00:00,5.4741516,2.5620117,290.617,101262.71,52.0,4.25
2023-08-15 04:00:00,4.7544403,3.8266144,290.1652,101300.75,52.0,4.25
2023-08-15 05:00:00,4.72139,4.478195,289.9956,101347.59,52.0,4.25
2023-08-15 06:00:00,5.006912,4.7650146,291.02606,101402.266,52.0,4.25
2023-08-15 07:00:00,5.612213,4.4524994,291.89633,101437.78,52.0,4.25
2023-08-15 08:00:00,5.901123,3.701416,292.30298,101490.77,52.0,4.25
2023-08-15 09:00:00,5.375702,2.5674286,292.53186,101557.766,52.0,4.25
2023-08-15 10:00:00,5.231888,1.6154327,292.98505,101580.09,52.0,4.25
2023-08-15 11:00:00,5.3395844,1.1988983,293.32617,101642.9,52.0,4.25
2023-08-15 12:00:00,4.770706,0.6362457,293.688,101655.56,52.0,4.25
2023-08-15 13:00:00,4.6668243,0.35292053,294.0695,101692.44,52.0,4.25
2023-08-15 14:00:00,5.2030334,-0.60643005,294.1465,101698.87,52.0,4.25
2023-08-15 15:00:00,5.3939056,-1.6827087,294.03915,101734.81,52.0,4.25
2023-08-15 16:00:00,4.442276,-2.3097992,293.65326,101757.72,52.0,4.25
2023-08-15 17:00:00,3.2644196,-2.2310028,293.15097,101777.586,52.0,4.25
2023-08-15 18:00:00,2.079956,-2.0017242,292.44003,101826.42,52.0,4.25
2023-08-15 19:00:00,0.8493042,-1.5262451,291.40363,101840.234,52.0,4.25
2023-08-15 20:00:00,-0.41384888,-0.9157257,290.35748,101915.32,52.0,4.25
2023-08-15 21:00:00,-1.0903168,-0.26541138,289.62827,101946.08,52.0,4.25
2023-08-15 22:00:00,-0.86938477,-1.8016815,289.1756,101992.86,52.0,4.25
2023-08-15 23:00:00,-1.4034729,-0.9808655,288.73993,102005.18,52.0,4.25
2023-08-16 00:00:00,-1.6206665,-0.659256,288.18817,101978.945,52.0,4.25
2023-08-16 01:00:00,-2.1721954,-0.16265869,287.83612,101993.64,52.0,4.25
2023-08-16 02:00:00,-2.184906,0.21922302,287.26144,102038.7,52.0,4.25
2023-08-16 03:00:00,-1.6497955,-0.072769165,287.28497,102034.71,52.0,4.25
2023-08-16 04:00:00,-1.4087677,-0.6349182,286.27515,102035.11,52.0,4.25
2023-08-16 05:00:00,-1.6309814,-1.3692017,285.57715,102060.67,52.0,4.25
2023-08-16 06:00:00,-2.6953583,-1.7941895,287.70776,102082.19,52.0,4.25
2023-08-16 07:00:00,-3.2256317,-1.4050598,289.71765,102116.19,52.0,4.25
2023-08-16 08:00:00,-3.1378937,-0.9473877,291.2146,102141.97,52.0,4.25
2023-08-16 09:00:00,-3.6576843,-1.1032715,292.38962,102169.11,52.0,4.25
2023-08-16 10:00:00,-4.1439514,-0.61634827,293.90717,102171.11,52.0,4.25
2023-08-16 11:00:00,-3.7216644,-1.2571411,294.66925,102176.72,52.0,4.25
2023-08-16 12:00:00,-3.8890228,-2.5238037,295.19342,102138.91,52.0,4.25
2023-08-16 13:00:00,-4.2243195,-3.0195007,295.45398,102125.234,52.0,4.25
2023-08-16 14:00:00,-4.1920166,-3.653244,295.6224,102112.266,52.0,4.25
2023-08-16 15:00:00,-4.7924194,-4.286621,295.55527,102102.34,52.0,4.25
2023-08-16 16:00:00,-4.8810577,-4.133209,295.36725,102107.516,52.0,4.25
2023-08-16 17:00:00,-4.45697,-4.99559,294.7293,102067.734,52.0,4.25
2023-08-16 18:00:00,-5.0326843,-5.9011536,293.92993,102063.56,52.0,4.25
2023-08-16 19:00:00,-5.694504,-6.2621307,292.91943,102103.08,52.0,4.25
2023-08-16 20:00:00,-6.3347473,-6.4183655,291.97934,102138.63,52.0,4.25
2023-08-16 21:00:00,-6.5611115,-6.2072754,291.48938,102139.945,52.0,4.25
2023-08-16 22:00:00,-6.6000214,-5.7518463,291.06247,102147.19,52.0,4.25
2023-08-16 23:00:00,-6.975128,-5.1118774,290.592,102144.83,52.0,4.25
2023-08-17 00:00:00,-6.6908875,-5.4424896,290.25067,102112.61,52.0,4.25
2023-08-17 01:00:00,-6.6401825,-5.2813873,289.948,102101.83,52.0,4.25
2023-08-17 02:00:00,-6.502487,-4.843445,289.4975,102117.09,52.0,4.25
2023-08-17 03:00:00,-6.3279114,-4.9715576,289.21228,102098.984,52.0,4.25
2023-08-17 04:00:00,-6.305832,-5.154434,289.06998,102066.22,52.0,4.25
2023-08-17 05:00:00,-5.9263306,-5.0888824,289.11826,102075.56,52.0,4.25
2023-08-17 06:00:00,-5.7048492,-5.2640686,289.71198,102089.29,52.0,4.25
2023-08-17 07:00:00,-5.6565247,-4.946823,290.4741,102097.88,52.0,4.25
2023-08-17 08:00:00,-6.1970825,-4.4250946,291.35696,102110.5,52.0,4.25
2023-08-17 09:00:00,-6.4236145,-4.201523,292.1314,102086.74,52.0,4.25
2023-08-17 10:00:00,-5.793442,-3.4101715,292.11902,102062.16,52.0,4.25
2023-08-17 11:00:00,-5.2268066,-3.6535187,292.55444,102017.266,52.0,4.25
2023-08-17 12:00:00,-5.8525696,-3.5590515,292.72498,102007.88,52.0,4.25
2023-08-17 13:00:00,-5.7839966,-3.548767,292.81134,102004.92,52.0,4.25
2023-08-17 14:00:00,-5.7691803,-3.7928772,292.75006,101975.2,52.0,4.25
2023-08-17 15:00:00,-5.9965057,-3.4543915,292.5157,101915.33,52.0,4.25
2023-08-17 16:00:00,-6.3019257,-3.0512695,292.46854,101900.34,52.0,4.25
2023-08-17 17:00:00,-6.483658,-2.8021698,292.31183,101844.06,52.0,4.25
2023-08-17 18:00:00,-6.749008,-2.1011047,292.2495,101852.22,52.0,4.25
2023-08-17 19:00:00,-5.955719,-0.9641571,292.21423,101872.4,52.0,4.25
2023-08-17 20:00:00,-5.2731934,-0.22914124,292.27173,101924.14,52.0,4.25
2023-08-17 21:00:00,-5.0820923,-0.3026123,292.22537,101906.78,52.0,4.25
2023-08-17 22:00:00,-5.29599,-1.0658569,291.53687,101898.34,52.0,4.25
2023-08-17 23:00:00,-5.5493317,-1.958664,291.45184,101881.91,52.0,4.25
2023-08-18 00:00:00,-6.1051636,-2.5689545,291.10242,101835.5,52.0,4.25
2023-08-18 01:00:00,-6.3064423,-2.1628723,290.89716,101799.516,52.0,4.25
2023-08-18 02:00:00,-6.0520782,-1.5065155,290.63104,101779.94,52.0,4.25
2023-08-18 03:00:00,-6.21933,-1.2484741,290.45322,101728.14,52.0,4.25
2023-08-18 04:00:00,-5.899048,-1.1530762,290.25153,101728.09,52.0,4.25
2023-08-18 05:00:00,-5.7395782,-1.072464,290.2256,101716.59,52.0,4.25
2023-08-18 06:00:00,-5.815262,-0.7439575,290.14233,101707.66,52.0,4.25
2023-08-18 07:00:00,-5.302994,-0.13554382,290.44644,101705.69,52.0,4.25
2023-08-18 08:00:00,-5.015686,0.007843018,291.15186,101698.945,52.0,4.25
2023-08-18 09:00:00,-5.2375946,0.33544922,291.83795,101681.94,52.0,4.25
2023-08-18 10:00:00,-4.682968,0.067230225,292.83728,101659.53,52.0,4.25
2023-08-18 11:00:00,-5.227463,0.24386597,293.7083,101591.56,52.0,4.25
2023-08-18 12:00:00,-4.9424896,0.9250488,294.82678,101553.75,52.0,4.25
2023-08-18 13:00:00,-4.0237274,1.7621155,296.1557,101561.234,52.0,4.25
2023-08-18 14:00:00,-3.729721,2.4098663,296.86823,101507.25,52.0,4.25
2023-08-18 15:00:00,-3.5249176,2.6684418,297.101,101439.47,52.0,4.25
2023-08-18 16:00:00,-3.2411041,2.5827026,297.07135,101448.914,52.0,4.25
2023-08-18 17:00:00,-4.184082,2.6621704,296.90576,101347.17,52.0,4.25
2023-08-18 18:00:00,-4.645813,2.497284,296.71347,101352.33,52.0,4.25
2023-08-18 19:00:00,-4.70343,2.0125885,295.66486,101324.72,52.0,4.25
2023-08-18 20:00:00,-5.9528046,1.5143433,294.91132,101365.06,52.0,4.25
2023-08-18 21:00:00,-7.232132,1.712677,295.00323,101321.625,52.0,4.25
2023-08-18 22:00:00,-7.7252045,2.5680084,294.76178,101256.91,52.0,4.25
2023-08-18 23:00:00,-7.7092133,4.476364,294.8717,101200.5,52.0,4.25
2023-08-19 00:00:00,-6.6207733,6.428833,294.89697,101145.89,52.0,4.25
2023-08-19 01:00:00,-5.9812317,7.355301,295.09595,101115.72,52.0,4.25
2023-08-19 02:00:00,-5.0637817,7.472885,295.3586,101054.016,52.0,4.25
2023-08-19 03:00:00,-3.2208862,7.807266,295.58783,101035.09,52.0,4.25
2023-08-19 04:00:00,-0.773468,7.456726,295.6819,101055.78,52.0,4.25
2023-08-19 05:00:00,-1.4135742,6.9936523,295.70178,101045.96,52.0,4.25
2023-08-19 06:00:00,0.7785797,7.3054504,295.92484,101085.734,52.0,4.25
2023-08-19 07:00:00,4.5242004,5.6185913,296.42712,101149.05,52.0,4.25
2023-08-19 08:00:00,8.225861,2.6784363,296.45593,101220.52,52.0,4.25
2023-08-19 09:00:00,9.71991,1.0242767,295.94153,101336.516,52.0,4.25
2023-08-19 10:00:00,8.406738,1.332901,295.29382,101435.04,52.0,4.25
2023-08-19 11:00:00,8.596298,2.713623,294.75314,101566.516,52.0,4.25
2023-08-19 12:00:00,8.299805,3.7290802,293.88605,101668.516,52.0,4.25
2023-08-19 13:00:00,8.217056,4.3663025,293.51242,101738.984,52.0,4.25
2023-08-19 14:00:00,8.295319,4.951874,293.74234,101772.875,52.0,4.25
2023-08-19 15:00:00,7.9734955,4.575653,294.26587,101777.52,52.0,4.25
2023-08-19 16:00:00,7.41214,3.6504211,294.6152,101808.81,52.0,4.25
2023-08-19 17:00:00,6.972748,2.8683624,294.38812,101821.89,52.0,4.25
2023-08-19 18:00:00,6.816345,2.5835266,293.7613,101877.31,52.0,4.25
2023-08-19 19:00:00,6.5026093,2.6976318,292.34088,101912.195,52.0,4.25
2023-08-19 20:00:00,6.076706,3.0471344,291.45938,101986.766,52.0,4.25
2023-08-19 21:00:00,5.736969,3.312683,291.10266,102007.875,52.0,4.25
2023-08-19 22:00:00,4.9436035,4.508377,290.49146,102007.75,52.0,4.25
2023-08-19 23:00:00,4.8870544,4.7061462,290.19708,102026.91,52.0,4.25
2023-08-20 00:00:00,5.021805,4.0019836,289.8677,102036.91,52.0,4.25
2023-08-20 01:00:00,5.277939,3.335907,289.92377,102098.195,52.0,4.25
2023-08-20 02:00:00,4.5910034,2.943222,289.48953,102109.2,52.0,4.25
2023-08-20 03:00:00,4.1854095,2.9773865,288.8479,102111.72,52.0,4.25
2023-08-20 04:00:00,3.8935394,2.9648438,288.3559,102148.09,52.0,4.25
2023-08-20 05:00:00,3.6785583,3.1330872,288.13577,102174.59,52.0,4.25
2023-08-20 06:00:00,3.4046173,3.2398224,290.1261,102204.45,52.0,4.25
2023-08-20 07:00:00,3.2051697,2.829071,292.17023,102229.44,52.0,4.25
2023-08-20 08:00:00,3.7665863,2.541397,293.4524,102254.984,52.0,4.25
2023-08-20 09:00:00,4.2137146,2.193573,294.4168,102293.586,52.0,4.25
2023-08-20 10:00:00,4.0115967,0.99298096,295.02277,102309.336,52.0,4.25
2023-08-20 11:00:00,4.1310425,0.558136,295.5035,102304.56,52.0,4.25
2023-08-20 12:00:00,4.2010803,-0.21939087,295.75073,102296.53,52.0,4.25
2023-08-20 13:00:00,3.8250427,-0.80584717,295.81415,102306.24,52.0,4.25
2023-08-20 14:00:00,3.3563995,-1.1696777,295.52472,102308.94,52.0,4.25
2023-08-20 15:00:00,2.4394226,-1.3297119,295.17932,102286.69,52.0,4.25
2023-08-20 16:00:00,1.6266174,-1.0513611,294.8598,102275.69,52.0,4.25
2023-08-20 17:00:00,1.2247314,-1.1108093,294.56757,102257.91,52.0,4.25
2023-08-20 18:00:00,1.1308594,-1.423584,293.70996,102251.08,52.0,4.25
2023-08-20 19:00:00,1.0390167,-1.3595123,292.04187,102274.06,52.0,4.25
2023-08-20 20:00:00,1.1807098,-0.7726898,292.04004,102345.59,52.0,4.25
2023-08-20 21:00:00,1.3514099,0.056625366,290.92038,102352.734,52.0,4.25
2023-08-20 22:00:00,0.70184326,0.3872223,290.6161,102354.47,52.0,4.25
2023-08-20 23:00:00,0.83358765,1.028717,289.48453,102341.875,52.0,4.25
2023-08-21 00:00:00,0.90060425,1.8211212,288.39566,102333.484,52.0,4.25
2023-08-21 01:00:00,1.5812988,2.35112,287.858,102344.33,52.0,4.25
2023-08-21 02:00:00,2.5973816,2.6340332,287.50525,102351.234,52.0,4.25
2023-08-21 03:00:00,2.9935913,2.7763367,287.53094,102336.49,52.0,4.25
2023-08-21 04:00:00,3.5141602,2.6665497,287.9059,102344.21,52.0,4.25
2023-08-21 05:00:00,4.4214478,2.1076508,288.38538,102343.83,52.0,4.25
2023-08-21 06:00:00,4.4695587,1.4429474,290.18057,102353.83,52.0,4.25
2023-08-21 07:00:00,3.6541748,0.91256714,292.41003,102390.05,52.0,4.25
2023-08-21 08:00:00,3.4798584,0.63119507,293.61334,102401.86,52.0,4.25
2023-08-21 09:00:00,3.5557709,0.65371704,294.39627,102409.92,52.0,4.25
2023-08-21 10:00:00,3.34581,0.16981506,295.06348,102415.734,52.0,4.25
2023-08-21 11:00:00,3.7477722,-0.16438293,295.41708,102396.41,52.0,4.25
2023-08-21 12:00:00,4.1401367,-0.5564728,295.48773,102395.734,52.0,4.25
2023-08-21 13:00:00,4.104828,-0.81466675,295.4544,102389.86,52.0,4.25
2023-08-21 14:00:00,3.932602,-0.75120544,295.06946,102373.96,52.0,4.25
2023-08-21 15:00:00,3.3441772,-0.8207855,294.9355,102316.68,52.0,4.25
2023-08-21 16:00:00,3.073288,-0.9857178,294.64606,102283.47,52.0,4.25
2023-08-21 17:00:00,2.6368408,-0.94081116,294.03204,102238.61,52.0,4.25
2023-08-21 18:00:00,1.9074402,-0.6658783,293.28558,102225.41,52.0,4.25
2023-08-21 19:00:00,1.7683868,-0.33010864,291.2292,102220.07,52.0,4.25
2023-08-21 20:00:00,1.2200165,0.2917633,290.69324,102253.98,52.0,4.25
2023-08-21 21:00:00,0.6278839,1.566864,289.5244,102212.2,52.0,4.25
2023-08-21 22:00:00,2.052353,1.327713,288.73624,102219.38,52.0,4.25
2023-08-21 23:00:00,1.898529,2.0950623,288.50085,102163.74,52.0,4.25
2023-08-22 00:00:00,1.7583313,3.3068848,288.5054,102111.67,52.0,4.25
2023-08-22 01:00:00,2.3143158,4.178787,288.35773,102091.7,52.0,4.25
2023-08-22 02:00:00,3.1073914,4.218994,288.6012,102062.22,52.0,4.25
2023-08-22 03:00:00,3.4959106,4.319153,288.599,102023.44,52.0,4.25
2023-08-22 04:00:00,3.791565,4.3372498,288.79654,102006.7,52.0,4.25
2023-08-22 05:00:00,4.7752686,4.062973,288.81015,102012.55,52.0,4.25
2023-08-22 06:00:00,5.098526,3.8410492,290.27155,102019.99,52.0,4.25
2023-08-22 07:00:00,5.2626495,2.9196625,292.0346,102050.29,52.0,4.25
2023-08-22 08:00:00,5.846283,2.185379,292.76172,102067.19,52.0,4.25
2023-08-22 09:00:00,5.794754,1.6428986,293.06714,102086.98,52.0,4.25
2023-08-22 10:00:00,5.3850555,1.2496948,293.53265,102099.14,52.0,4.25
2023-08-22 11:00:00,5.605942,1.9364014,293.66412,102131.06,52.0,4.25
2023-08-22 12:00:00,5.9479218,1.8591614,293.84988,102131.1,52.0,4.25
2023-08-22 13:00:00,5.591446,1.4453888,293.83817,102117.93,52.0,4.25
2023-08-22 14:00:00,5.6106873,1.2919159,293.81232,102090.79,52.0,4.25
2023-08-22 15:00:00,5.7131195,1.1065216,293.92883,102092.06,52.0,4.25
2023-08-22 16:00:00,5.389328,0.94984436,293.91693,102077.76,52.0,4.25
2023-08-22 17:00:00,4.579773,0.7949219,293.7393,102050.06,52.0,4.25
2023-08-22 18:00:00,3.4128418,0.86387634,293.1225,102061.055,52.0,4.25
2023-08-22 19:00:00,2.6836243,1.4939117,290.69504,102056.0,52.0,4.25
2023-08-22 20:00:00,2.4383392,2.1177826,289.28033,102098.734,52.0,4.25
2023-08-22 21:00:00,2.6460266,2.647171,288.5666,102080.41,52.0,4.25
2023-08-22 22:00:00,3.1661987,2.8736725,288.2046,102090.266,52.0,4.25
2023-08-22 23:00:00,3.8414917,2.902771,288.18848,102079.81,52.0,4.25
2023-08-23 00:00:00,4.3249054,2.8702087,288.53278,102044.734,52.0,4.25
2023-08-23 01:00:00,4.2174225,2.6938019,288.37057,102025.625,52.0,4.25
2023-08-23 02:00:00,3.989746,2.5777588,288.42563,101998.14,52.0,4.25
2023-08-23 03:00:00,4.08107,2.5728607,288.517,101988.34,52.0,4.25
2023-08-23 04:00:00,3.9236298,2.355301,288.40216,101973.22,52.0,4.25
2023-08-23 05:00:00,3.678955,2.3906555,288.3308,101982.34,52.0,4.25
2023-08-23 06:00:00,3.2553253,2.4799042,289.57715,102001.41,52.0,4.25
2023-08-23 07:00:00,2.3595428,2.1038208,291.3815,102017.445,52.0,4.25
2023-08-23 08:00:00,2.4921875,1.7754364,292.84592,102046.39,52.0,4.25
2023-08-23 09:00:00,2.528534,1.5611725,293.97357,102058.984,52.0,4.25
2023-08-23 10:00:00,2.9915924,0.93510437,295.3688,102058.91,52.0,4.25
2023-08-23 11:00:00,3.3153076,0.78544617,295.98486,102039.766,52.0,4.25
2023-08-23 12:00:00,3.9952698,-0.11608887,296.2602,102045.58,52.0,4.25
2023-08-23 13:00:00,4.3999176,-0.982666,296.114,102040.234,52.0,4.25
2023-08-23 14:00:00,4.034073,-1.2043304,295.9928,102017.305,52.0,4.25
2023-08-23 15:00:00,3.5325928,-2.1984863,295.58105,101991.78,52.0,4.25
2023-08-23 16:00:00,2.4699402,-3.0486908,295.10004,101986.09,52.0,4.25
2023-08-23 17:00:00,1.5390778,-3.441391,294.18015,101951.17,52.0,4.25
2023-08-23 18:00:00,0.56300354,-3.3583221,293.30292,101962.72,52.0,4.25
2023-08-23 19:00:00,-1.1216125,-3.8210754,291.64557,101956.2,52.0,4.25
2023-08-23 20:00:00,-2.8588257,-3.7826385,290.7732,101946.91,52.0,4.25
2023-08-23 21:00:00,-4.0570526,-3.1534576,290.05615,101945.17,52.0,4.25
2023-08-23 22:00:00,-4.7194214,-2.0711823,289.34247,101931.88,52.0,4.25
2023-08-23 23:00:00,-5.354599,-0.8763428,289.12018,101891.195,52.0,4.25
2023-08-24 00:00:00,-5.8632355,0.2789917,289.11545,101842.61,52.0,4.25
2023-08-24 01:00:00,-5.4878845,2.027298,289.63657,101798.45,52.0,4.25
2023-08-24 02:00:00,-5.85585,2.6419525,289.84134,101724.06,52.0,4.25
2023-08-24 03:00:00,-5.4643555,2.490799,289.7439,101681.27,52.0,4.25
2023-08-24 04:00:00,-6.133484,2.4871063,289.43152,101613.09,52.0,4.25
2023-08-24 05:00:00,-6.6245575,3.070053,289.27325,101549.65,52.0,4.25
2023-08-24 06:00:00,-6.290558,3.522583,290.76166,101508.336,52.0,4.25
2023-08-24 07:00:00,-4.9863586,3.3797607,292.1187,101493.336,52.0,4.25
2023-08-24 08:00:00,-4.5499115,2.7202148,293.27472,101408.32,52.0,4.25
2023-08-24 09:00:00,-3.4670563,3.0022736,294.19617,101384.164,52.0,4.25
2023-08-24 10:00:00,-0.45921326,3.4295807,294.3772,101418.266,52.0,4.25
2023-08-24 11:00:00,-1.1219482,2.4701843,294.4369,101350.94,52.0,4.25
2023-08-24 12:00:00,-1.8644257,2.1223907,295.02368,101220.336,52.0,4.25
2023-08-24 13:00:00,-0.15859985,3.2282257,295.46033,101203.78,52.0,4.25
2023-08-24 14:00:00,1.0426788,4.272049,295.24078,101127.67,52.0,4.25
2023-08-24 15:00:00,1.6778564,5.4043884,295.67252,101094.0,52.0,4.25
2023-08-24 16:00:00,2.4056396,5.054016,295.68622,101048.81,52.0,4.25
2023-08-24 17:00:00,3.9875793,4.579483,295.3332,100981.125,52.0,4.25
2023-08-24 18:00:00,4.6605835,2.955368,294.6993,100957.53,52.0,4.25
2023-08-24 19:00:00,4.4641266,2.0210114,293.6003,100910.586,52.0,4.25
2023-08-24 20:00:00,4.091049,2.562622,292.82867,100942.945,52.0,4.25
2023-08-24 21:00:00,3.159439,3.4257202,292.4095,100913.914,52.0,4.25
2023-08-24 22:00:00,5.760269,3.050537,292.2026,100982.125,52.0,4.25
2023-08-24 23:00:00,5.2473907,2.0469666,291.58466,100936.555,52.0,4.25
2023-08-25 00:00:00,4.502777,1.3841095,291.14484,100957.3,52.0,4.25
2023-08-25 01:00:00,4.735611,0.41693115,291.01657,100922.984,52.0,4.25
2023-08-25 02:00:00,3.9075928,-0.27622986,290.77075,100873.09,52.0,4.25
2023-08-25 03:00:00,2.6619263,0.22540283,290.88776,100844.08,52.0,4.25
2023-08-25 04:00:00,2.0957336,-0.45396423,290.74603,100824.56,52.0,4.25
2023-08-25 05:00:00,1.6479492,-1.4239502,290.57797,100784.53,52.0,4.25
2023-08-25 06:00:00,1.3190155,-1.5324707,291.40814,100786.19,52.0,4.25
2023-08-25 07:00:00,1.4686584,-1.3845978,292.14905,100783.516,52.0,4.25
2023-08-25 08:00:00,1.4292908,-1.2649384,292.6772,100770.19,52.0,4.25
2023-08-25 09:00:00,1.3164368,-0.8419342,293.11078,100793.81,52.0,4.25
2023-08-25 10:00:00,1.919754,-0.7012787,293.71622,100810.56,52.0,4.25
2023-08-25 11:00:00,3.0336761,-1.6220093,294.07132,100806.99,52.0,4.25
2023-08-25 12:00:00,3.0422516,-3.0633087,293.7693,100807.08,52.0,4.25
2023-08-25 13:00:00,2.9228363,-3.664154,293.43793,100803.35,52.0,4.25
2023-08-25 14:00:00,3.1968994,-3.3937073,293.05328,100824.07,52.0,4.25
2023-08-25 15:00:00,4.048752,-3.2198944,292.588,100850.92,52.0,4.25
2023-08-25 16:00:00,3.2115936,-3.1235504,292.0804,100836.19,52.0,4.25
2023-08-25 17:00:00,2.151413,-2.3280945,291.71332,100825.97,52.0,4.25
2023-08-25 18:00:00,2.9038239,-1.0160522,291.05457,100848.875,52.0,4.25
2023-08-25 19:00:00,4.126953,-0.4265747,290.1343,100900.555,52.0,4.25
2023-08-25 20:00:00,4.702118,-0.019638062,289.63757,100935.234,52.0,4.25
2023-08-25 21:00:00,4.689392,0.60357666,289.23462,100936.5,52.0,4.25
2023-08-25 22:00:00,4.6686707,2.3893127,289.0419,100919.734,52.0,4.25
2023-08-25 23:00:00,5.170059,4.099411,288.68826,100902.36,52.0,4.25
2023-08-26 00:00:00,5.1316376,4.026413,288.55872,100877.33,52.0,4.25
2023-08-26 01:00:00,5.706665,4.081604,288.4889,100857.484,52.0,4.25
2023-08-26 02:00:00,5.833679,4.60466,287.80328,100861.125,52.0,4.25
2023-08-26 03:00:00,5.578354,5.017746,287.5642,100866.34,52.0,4.25
2023-08-26 04:00:00,5.8633423,5.5072174,287.4312,100875.914,52.0,4.25
2023-08-26 05:00:00,5.717514,6.256714,287.1153,100884.34,52.0,4.25
2023-08-26 06:00:00,5.794449,6.7462463,287.60895,100918.14,52.0,4.25
2023-08-26 07:00:00,5.811493,7.0706787,288.43698,100914.766,52.0,4.25
2023-08-26 08:00:00,6.2190247,7.2384796,289.24042,100923.266,52.0,4.25
2023-08-26 09:00:00,6.7218018,7.109909,289.78973,100958.37,52.0,4.25
2023-08-26 10:00:00,5.6755066,5.836197,290.70282,100967.945,52.0,4.25
2023-08-26 11:00:00,5.987961,5.682419,291.2741,100972.61,52.0,4.25
2023-08-26 12:00:00,5.8914948,5.228485,291.41113,100977.67,52.0,4.25
2023-08-26 13:00:00,5.4766235,4.5591583,291.24295,100987.555,52.0,4.25
2023-08-26 14:00:00,5.444641,4.152466,291.29584,101004.445,52.0,4.25
2023-08-26 15:00:00,5.7575836,3.8404846,291.42853,100993.81,52.0,4.25
2023-08-26 16:00:00,5.4119415,3.2435455,290.02252,100999.64,52.0,4.25
2023-08-26 17:00:00,4.7031403,2.7791748,290.51575,100953.805,52.0,4.25
2023-08-26 18:00:00,3.9604797,3.1382904,290.41357,100971.33,52.0,4.25
2023-08-26 19:00:00,3.379181,3.5516052,288.89258,100998.05,52.0,4.25
2023-08-26 20:00:00,2.9070892,4.1527405,288.30817,101008.57,52.0,4.25
2023-08-26 21:00:00,2.78096,4.8156433,287.72656,101007.125,52.0,4.25
2023-08-26 22:00:00,1.6405487,4.7169952,287.27243,100969.53,52.0,4.25
2023-08-26 23:00:00,2.369217,5.32547,287.20364,100971.64,52.0,4.25
2023-08-27 00:00:00,2.4824066,5.3230133,287.46228,100913.61,52.0,4.25
2023-08-27 01:00:00,3.1401215,5.6345367,287.65024,100872.73,52.0,4.25
2023-08-27 02:00:00,4.2121887,5.261841,287.37906,100825.17,52.0,4.25
2023-08-27 03:00:00,4.542053,4.975113,287.25897,100823.375,52.0,4.25
2023-08-27 04:00:00,5.00502,4.688339,286.9895,100809.36,52.0,4.25
2023-08-27 05:00:00,4.9801636,4.691437,286.81458,100820.48,52.0,4.25
2023-08-27 06:00:00,5.389633,4.736511,287.25082,100824.945,52.0,4.25
2023-08-27 07:00:00,5.964432,4.627777,287.99268,100798.516,52.0,4.25
2023-08-27 08:00:00,6.3479156,4.5148315,288.8832,100794.53,52.0,4.25
2023-08-27 09:00:00,6.2868195,4.0730286,289.59528,100798.22,52.0,4.25
2023-08-27 10:00:00,8.445114,2.0948792,289.41248,100793.01,52.0,4.25
2023-08-27 11:00:00,8.244644,-0.0071868896,288.924,100832.336,52.0,4.25
2023-08-27 12:00:00,7.6110992,-0.48188782,288.55402,100889.64,52.0,4.25
2023-08-27 13:00:00,6.1639404,0.9160919,288.98633,100882.336,52.0,4.25
2023-08-27 14:00:00,7.7637634,0.5983124,289.438,100908.4,52.0,4.25
2023-08-27 15:00:00,8.13118,-0.013122559,289.84778,100929.266,52.0,4.25
2023-08-27 16:00:00,7.595459,-0.513855,289.92496,100958.22,52.0,4.25
2023-08-27 17:00:00,7.3407745,-1.003128,290.0046,100973.26,52.0,4.25
2023-08-27 18:00:00,6.8369293,-1.4404755,289.47,100987.016,52.0,4.25
2023-08-27 19:00:00,5.9232635,-0.9603729,288.90076,101024.17,52.0,4.25
2023-08-27 20:00:00,5.8730774,-0.0690918,288.16718,101080.11,52.0,4.25
2023-08-27 21:00:00,6.012085,0.5966034,287.91425,101116.02,52.0,4.25
2023-08-27 22:00:00,7.0980835,-0.311203,287.7916,101153.57,52.0,4.25
2023-08-27 23:00:00,6.163101,-0.49046326,287.5279,101162.266,52.0,4.25
2023-08-28 00:00:00,5.681061,-0.9090729,287.27875,101142.11,52.0,4.25
2023-08-28 01:00:00,5.22287,-0.7501831,287.3374,101162.766,52.0,4.25
2023-08-28 02:00:00,4.8670807,-1.8123016,286.8478,101127.66,52.0,4.25
2023-08-28 03:00:00,3.8552551,-2.8259735,286.54364,101120.125,52.0,4.25
2023-08-28 04:00:00,2.5404663,-2.7639465,286.32086,101153.5,52.0,4.25
2023-08-28 05:00:00,1.9897919,-2.229187,286.73114,101163.0,52.0,4.25
2023-08-28 06:00:00,2.109665,-1.9777985,287.37964,101210.67,52.0,4.25
2023-08-28 07:00:00,1.7577515,-1.5904541,289.18146,101224.66,52.0,4.25
2023-08-28 08:00:00,1.3428345,-1.158371,290.41882,101237.26,52.0,4.25
2023-08-28 09:00:00,1.3127136,-1.0224762,290.91003,101257.59,52.0,4.25
2023-08-28 10:00:00,1.1763,-2.0897827,291.31604,101268.234,52.0,4.25
2023-08-28 11:00:00,1.5045624,-2.1547546,291.59747,101291.83,52.0,4.25
2023-08-28 12:00:00,2.2464142,-2.8760223,291.9723,101276.69,52.0,4.25
2023-08-28 13:00:00,2.6155243,-3.3057709,292.02057,101278.734,52.0,4.25
2023-08-28 14:00:00,2.6098175,-3.483902,292.00388,101303.8,52.0,4.25
2023-08-28 15:00:00,2.6983185,-4.1641083,291.8736,101321.39,52.0,4.25
2023-08-28 16:00:00,2.6669617,-4.722885,291.89014,101333.25,52.0,4.25
2023-08-28 17:00:00,1.9872589,-5.1215363,291.36423,101333.93,52.0,4.25
2023-08-28 18:00:00,1.3166962,-5.1157227,290.64923,101347.11,52.0,4.25
2023-08-28 19:00:00,0.5689697,-5.0000916,289.51703,101389.97,52.0,4.25
2023-08-28 20:00:00,-0.26649475,-4.3454742,288.12122,101409.85,52.0,4.25
2023-08-28 21:00:00,-0.6043854,-3.4235077,287.3924,101403.98,52.0,4.25
2023-08-28 22:00:00,-1.2017212,-2.8804932,287.0903,101408.54,52.0,4.25
2023-08-28 23:00:00,-0.6272125,-2.2227478,287.89566,101378.91,52.0,4.25
2023-08-29 00:00:00,0.14064026,-1.6761475,286.61954,101345.17,52.0,4.25
2023-08-29 01:00:00,1.0448151,-1.5789948,286.14572,101300.375,52.0,4.25
2023-08-29 02:00:00,1.1503906,-1.0771179,285.50116,101286.66,52.0,4.25
2023-08-29 03:00:00,1.2640381,-0.19625854,285.69315,101309.59,52.0,4.25
2023-08-29 04:00:00,2.016449,-0.07745361,285.565,101310.875,52.0,4.25
2023-08-29 05:00:00,2.2102509,0.17434692,285.34174,101270.44,52.0,4.25
2023-08-29 06:00:00,2.383438,0.76208496,286.698,101245.25,52.0,4.25
2023-08-29 07:00:00,2.400711,1.0198975,288.41504,101233.39,52.0,4.25
2023-08-29 08:00:00,3.0215302,0.7325592,289.64758,101227.81,52.0,4.25
2023-08-29 09:00:00,3.0068054,0.96032715,290.44794,101205.09,52.0,4.25
2023-08-29 10:00:00,2.9124756,2.0515442,291.36444,101193.02,52.0,4.25
2023-08-29 11:00:00,4.091278,1.430542,291.7489,101186.836,52.0,4.25
2023-08-29 12:00:00,4.3726807,0.5872345,291.40933,101176.84,52.0,4.25
2023-08-29 13:00:00,5.0371094,-0.5987854,291.2525,101151.64,52.0,4.25
2023-08-29 14:00:00,5.0453033,-0.90896606,291.3848,101112.95,52.0,4.25
2023-08-29 15:00:00,4.917801,-0.5086975,291.16925,101093.98,52.0,4.25
2023-08-29 16:00:00,5.322983,-0.10620117,290.9555,101089.19,52.0,4.25
2023-08-29 17:00:00,5.3897247,0.17910767,290.37323,101060.53,52.0,4.25
2023-08-29 18:00:00,4.9108887,0.57502747,289.29974,101070.97,52.0,4.25
2023-08-29 19:00:00,4.607971,1.307373,287.7121,101044.84,52.0,4.25
2023-08-29 20:00:00,4.157547,2.1736145,286.89407,101025.58,52.0,4.25
2023-08-29 21:00:00,4.0182037,3.1756134,286.621,100995.41,52.0,4.25
2023-08-29 22:00:00,3.8802948,4.4036713,286.47858,100952.96,52.0,4.25
2023-08-29 23:00:00,3.6140747,5.6187897,286.67163,100878.09,52.0,4.25
2023-08-30 00:00:00,3.8596191,6.4220886,286.98987,100823.3,52.0,4.25
2023-08-30 01:00:00,3.9712982,6.2476807,286.9912,100780.8,52.0,4.25
2023-08-30 02:00:00,3.2901917,6.1333313,287.18576,100718.56,52.0,4.25
2023-08-30 03:00:00,2.0525055,6.7127533,287.23035,100678.16,52.0,4.25
2023-08-30 04:00:00,1.2132263,7.4718018,287.35962,100617.94,52.0,4.25
2023-08-30 05:00:00,1.2829285,7.989395,287.12048,100552.84,52.0,4.25
2023-08-30 06:00:00,1.4111786,7.8208466,287.02106,100503.914,52.0,4.25
2023-08-30 07:00:00,2.4094696,6.7316437,286.91647,100471.4,52.0,4.25
2023-08-30 08:00:00,4.1755066,2.6830292,287.30225,100451.33,52.0,4.25
2023-08-30 09:00:00,6.083084,-1.7596588,287.99835,100475.08,52.0,4.25
2023-08-30 10:00:00,6.1120605,-3.458786,289.2704,100505.47,52.0,4.25
2023-08-30 11:00:00,6.900711,-3.5524445,289.46573,100534.65,52.0,4.25
2023-08-30 12:00:00,7.7635345,-3.118454,289.59888,100580.41,52.0,4.25
2023-08-30 13:00:00,7.9966125,-2.93161,289.8169,100614.414,52.0,4.25
2023-08-30 14:00:00,8.016281,-3.0401306,289.80038,100635.88,52.0,4.25
2023-08-30 15:00:00,7.6184387,-3.0987244,290.0277,100651.35,52.0,4.25
2023-08-30 16:00:00,6.823456,-2.9017487,290.0991,100680.13,52.0,4.25
2023-08-30 17:00:00,6.769928,-2.3743439,289.99518,100692.55,52.0,4.25
2023-08-30 18:00:00,6.963501,-1.3600769,288.74127,100724.56,52.0,4.25
2023-08-30 19:00:00,6.7031403,-0.18083191,287.62198,100751.59,52.0,4.25
2023-08-30 20:00:00,6.605835,0.2781067,286.7146,100785.875,52.0,4.25
2023-08-30 21:00:00,6.4461975,0.129776,286.2989,100809.9,52.0,4.25
2023-08-30 22:00:00,6.3502045,1.0070801,285.48196,100790.305,52.0,4.25
2023-08-30 23:00:00,5.4947815,1.7501068,285.3221,100801.62,52.0,4.25
2023-08-31 00:00:00,6.2841187,0.8246002,285.5078,100812.336,52.0,4.25
2023-08-31 01:00:00,6.390793,0.46992493,285.81964,100819.01,52.0,4.25
2023-08-31 02:00:00,7.1750946,0.08106995,286.02716,100814.67,52.0,4.25
2023-08-31 03:00:00,7.080307,-0.4132843,286.5407,100804.06,52.0,4.25
2023-08-31 04:00:00,7.040344,-0.8600769,286.4707,100829.69,52.0,4.25
2023-08-31 05:00:00,6.6954803,-1.3496857,286.36642,100858.58,52.0,4.25
2023-08-31 06:00:00,6.284729,-1.3245697,286.98605,100913.45,52.0,4.25
2023-08-31 07:00:00,5.8520813,-0.9075012,288.24817,100955.445,52.0,4.25
2023-08-31 08:00:00,5.8717194,-0.7843628,289.34122,100992.47,52.0,4.25
2023-08-31 09:00:00,6.1963196,-0.6391754,290.33856,101023.09,52.0,4.25
2023-08-31 10:00:00,7.2369385,-1.4945221,290.79855,101062.87,52.0,4.25
2023-08-31 11:00:00,6.8267975,-0.926178,290.9423,101056.99,52.0,4.25
2023-08-31 12:00:00,6.073807,-0.6647949,290.99902,101076.9,52.0,4.25
2023-08-31 13:00:00,5.361191,-0.318573,291.27197,101095.484,52.0,4.25
2023-08-31 14:00:00,4.633194,-0.26652527,291.47858,101079.84,52.0,4.25
2023-08-31 15:00:00,3.947876,-0.5459137,291.5703,101085.5,52.0,4.25
2023-08-31 16:00:00,2.9329987,-0.82180786,291.27728,101103.266,52.0,4.25
2023-08-31 17:00:00,2.0314636,-0.43763733,290.88647,101092.41,52.0,4.25
2023-08-31 18:00:00,1.4666595,0.29711914,290.1336,101115.05,52.0,4.25
2023-08-31 19:00:00,0.99360657,1.4693298,288.77966,101125.75,52.0,4.25
2023-08-31 20:00:00,1.0549774,3.0375366,287.495,101156.72,52.0,4.25
2023-08-31 21:00:00,0.9549103,3.4855652,286.90955,101164.875,52.0,4.25
2023-08-31 22:00:00,0.6768646,2.1781921,287.70694,101164.55,52.0,4.25
2023-08-31 23:00:00,-0.057937622,3.4980469,287.41428,101132.3,52.0,4.25
2023-09-01 00:00:00,-0.55693054,3.6471863,287.3245,101135.97,52.0,4.25
2023-09-01 01:00:00,-0.82458496,3.7947998,287.70978,101143.47,52.0,4.25
2023-09-01 02:00:00,-1.5924377,3.760147,287.49762,101114.69,52.0,4.25
2023-09-01 03:00:00,-2.6176453,3.613037,287.42346,101103.7,52.0,4.25
2023-09-01 04:00:00,-3.2614899,3.491562,287.46252,101084.61,52.0,4.25
2023-09-01 05:00:00,-3.5214386,3.152588,287.46942,101047.734,52.0,4.25
2023-09-01 06:00:00,-3.6100006,2.8063354,287.67804,101085.21,52.0,4.25
2023-09-01 07:00:00,-2.703827,2.7141113,288.16284,101116.28,52.0,4.25
2023-09-01 08:00:00,-2.2642517,2.408615,288.49487,101115.19,52.0,4.25
2023-09-01 09:00:00,-2.4535522,1.6881561,289.02435,101170.59,52.0,4.25
2023-09-01 10:00:00,-2.112442,1.7082825,289.6275,101192.72,52.0,4.25
2023-09-01 11:00:00,-1.1682892,2.7096558,290.00388,101201.836,52.0,4.25
2023-09-01 12:00:00,-0.2008667,2.1453857,290.662,101213.08,52.0,4.25
2023-09-01 13:00:00,0.49180603,1.3219452,291.90936,101279.89,52.0,4.25
2023-09-01 14:00:00,0.758728,0.9551544,292.4071,101291.42,52.0,4.25
2023-09-01 15:00:00,0.6576538,0.81448364,292.97357,101289.92,52.0,4.25
2023-09-01 16:00:00,0.42636108,0.45358276,293.03528,101318.836,52.0,4.25
2023-09-01 17:00:00,-0.386261,-0.22216797,292.69543,101317.016,52.0,4.25
2023-09-01 18:00:00,-1.572052,-0.63726807,291.68988,101368.875,52.0,4.25
2023-09-01 19:00:00,-1.9965515,0.7386627,290.63882,101468.36,52.0,4.25
2023-09-01 20:00:00,-1.9507294,1.5549927,290.88376,101507.06,52.0,4.25
2023-09-01 21:00:00,-2.577362,1.5459442,290.653,101543.34,52.0,4.25
2023-09-01 22:00:00,-2.7536163,0.53227234,290.02667,101578.56,52.0,4.25
2023-09-01 23:00:00,-2.1785889,1.9087677,289.78284,101619.83,52.0,4.25
2023-09-02 00:00:00,-1.1469727,2.383728,289.86414,101640.44,52.0,4.25
2023-09-02 01:00:00,-0.7812805,1.9613495,289.30066,101654.88,52.0,4.25
2023-09-02 02:00:00,-0.51872253,1.357193,289.1032,101683.734,52.0,4.25
2023-09-02 03:00:00,-0.714447,0.7467499,288.68158,101713.73,52.0,4.25
2023-09-02 04:00:00,-1.2455444,0.07878113,288.63794,101730.4,52.0,4.25
2023-09-02 05:00:00,-1.878418,-0.63604736,288.89175,101748.15,52.0,4.25
2023-09-02 06:00:00,-2.1406708,-0.5844116,288.88828,101828.52,52.0,4.25
2023-09-02 07:00:00,-1.7610779,-0.48257446,289.7638,101894.625,52.0,4.25
2023-09-02 08:00:00,-1.9936066,-0.7313843,290.53967,101963.47,52.0,4.25
2023-09-02 09:00:00,-2.3742523,-0.9629059,291.39014,102004.04,52.0,4.25
2023-09-02 10:00:00,-1.5962219,-1.3999786,292.8249,102094.14,52.0,4.25
2023-09-02 11:00:00,-1.3105164,-2.6443634,293.3762,102149.67,52.0,4.25
2023-09-02 12:00:00,-1.873703,-3.7802887,293.8299,102174.17,52.0,4.25
2023-09-02 13:00:00,-1.8472595,-3.833191,293.88263,102217.24,52.0,4.25
2023-09-02 14:00:00,-1.8699646,-3.1398773,294.1464,102213.22,52.0,4.25
2023-09-02 15:00:00,-1.6668549,-3.575058,294.1946,102211.08,52.0,4.25
2023-09-02 16:00:00,-1.6988678,-4.946686,293.96527,102254.21,52.0,4.25
2023-09-02 17:00:00,-2.5480347,-5.2041626,293.17975,102302.266,52.0,4.25
2023-09-02 18:00:00,-3.4603424,-5.007553,291.98944,102340.984,52.0,4.25
2023-09-02 19:00:00,-4.09906,-4.963272,290.6585,102420.72,52.0,4.25
2023-09-02 20:00:00,-4.4806824,-3.9135895,289.6145,102458.19,52.0,4.25
2023-09-02 21:00:00,-4.488495,-3.5288544,289.02768,102520.305,52.0,4.25
2023-09-02 22:00:00,-4.7381744,-3.4970856,288.35568,102579.81,52.0,4.25
2023-09-02 23:00:00,-4.6421204,-2.6096954,287.8573,102592.625,52.0,4.25
2023-09-03 00:00:00,-4.3712463,-2.5993042,287.53113,102623.484,52.0,4.25
2023-09-03 01:00:00,-4.580475,-1.8442688,286.78424,102613.61,52.0,4.25
2023-09-03 02:00:00,-4.742859,-1.1474762,286.58325,102617.04,52.0,4.25
2023-09-03 03:00:00,-4.53154,-0.29096985,286.23474,102628.53,52.0,4.25
2023-09-03 04:00:00,-3.3320007,1.3498688,285.6314,102625.88,52.0,4.25
2023-09-03 05:00:00,-2.5919342,1.2187653,285.51202,102682.3,52.0,4.25
2023-09-03 06:00:00,-2.5484772,1.2489624,286.45374,102740.984,52.0,4.25
2023-09-03 07:00:00,-2.3112488,1.6911316,288.28864,102781.16,52.0,4.25
2023-09-03 08:00:00,-1.7787628,1.282898,290.3715,102817.89,52.0,4.25
2023-09-03 09:00:00,-1.8238678,0.9478607,292.27753,102840.91,52.0,4.25
2023-09-03 10:00:00,-2.2756195,1.3105316,293.7423,102830.97,52.0,4.25
2023-09-03 11:00:00,-2.1850739,1.0110779,294.6203,102828.16,52.0,4.25
2023-09-03 12:00:00,-1.5454254,0.5613251,295.21057,102831.17,52.0,4.25
2023-09-03 13:00:00,-1.142334,-0.1328888,295.63086,102856.516,52.0,4.25
2023-09-03 14:00:00,-1.390976,-0.85150146,295.60596,102826.96,52.0,4.25
2023-09-03 15:00:00,-1.6576385,-1.04216,295.38318,102822.84,52.0,4.25
2023-09-03 16:00:00,-2.101181,-1.1416473,294.8634,102802.91,52.0,4.25
2023-09-03 17:00:00,-2.790329,-1.2643433,294.10245,102780.22,52.0,4.25
2023-09-03 18:00:00,-4.123871,-0.9511719,293.01434,102760.41,52.0,4.25
2023-09-03 19:00:00,-5.419235,-0.026809692,291.2472,102750.48,52.0,4.25
2023-09-03 20:00:00,-6.0905914,1.3444977,290.2535,102744.06,52.0,4.25
2023-09-03 21:00:00,-6.1107025,2.3805847,289.64893,102746.76,52.0,4.25
2023-09-03 22:00:00,-5.67865,2.7311401,289.0277,102772.01,52.0,4.25
2023-09-03 23:00:00,-5.2742767,2.8383942,288.59875,102784.125,52.0,4.25
2023-09-04 00:00:00,-4.8665924,3.0058289,288.05597,102774.516,52.0,4.25
2023-09-04 01:00:00,-4.8302307,2.781723,287.56454,102746.28,52.0,4.25
2023-09-04 02:00:00,-5.418579,2.399643,287.1457,102736.91,52.0,4.25
2023-09-04 03:00:00,-5.7546997,2.0856476,286.66113,102698.09,52.0,4.25
2023-09-04 04:00:00,-5.5973053,2.0289917,286.22528,102673.7,52.0,4.25
2023-09-04 05:00:00,-5.3518677,2.23732,286.04492,102653.44,52.0,4.25
2023-09-04 06:00:00,-5.359192,2.2671967,287.05923,102651.66,52.0,4.25
2023-09-04 07:00:00,-5.12735,2.0734406,289.3902,102656.34,52.0,4.25
2023-09-04 08:00:00,-4.4515533,1.7076416,291.24005,102644.41,52.0,4.25
2023-09-04 09:00:00,-4.275894,1.6895142,292.86533,102631.25,52.0,4.25
2023-09-04 10:00:00,-4.241562,2.3196106,294.6245,102607.61,52.0,4.25
2023-09-04 11:00:00,-4.0181274,2.3295288,295.7014,102532.36,52.0,4.25
2023-09-04 12:00:00,-3.8147888,1.9242554,296.63422,102529.34,52.0,4.25
2023-09-04 13:00:00,-3.9480133,1.5530853,297.2694,102416.81,52.0,4.25
2023-09-04 14:00:00,-4.4310303,1.0614929,297.55975,102393.11,52.0,4.25
2023-09-04 15:00:00,-5.170639,0.59840393,297.56424,102299.84,52.0,4.25
2023-09-04 16:00:00,-5.723633,0.03489685,297.06915,102303.414,52.0,4.25
2023-09-04 17:00:00,-6.6695404,-0.22555542,296.02432,102215.02,52.0,4.25
2023-09-04 18:00:00,-7.98555,0.56036377,294.43738,102160.2,52.0,4.25
2023-09-04 19:00:00,-8.5336,1.230484,292.77005,102161.766,52.0,4.25
2023-09-04 20:00:00,-8.087616,1.1316681,291.71967,102134.97,52.0,4.25
2023-09-04 21:00:00,-7.0978546,0.62594604,290.82217,102136.05,52.0,4.25
2023-09-04 22:00:00,-6.2599335,-0.14801025,290.23483,102121.86,52.0,4.25
2023-09-04 23:00:00,-6.13678,-0.45085144,290.0286,102094.99,52.0,4.25
2023-09-05 00:00:00,-6.434555,-0.44377136,289.6714,102065.97,52.0,4.25
2023-09-05 01:00:00,-6.8342133,-0.13031006,289.38434,102038.73,52.0,4.25
2023-09-05 02:00:00,-7.30954,0.5083313,289.11774,101987.36,52.0,4.25
2023-09-05 03:00:00,-7.48349,1.527771,288.87628,101954.51,52.0,4.25
2023-09-05 04:00:00,-7.294403,2.6217499,288.80176,101923.11,52.0,4.25
2023-09-05 05:00:00,-6.5385437,3.5390167,288.66565,101905.39,52.0,4.25
2023-09-05 06:00:00,-5.645233,3.9894104,289.71637,101923.39,52.0,4.25
2023-09-05 07:00:00,-5.0504,3.7295074,292.07782,101931.16,52.0,4.25
2023-09-05 08:00:00,-4.257187,2.9776306,293.94107,101926.08,52.0,4.25
2023-09-05 09:00:00,-3.812027,2.7661743,295.64798,101923.39,52.0,4.25
2023-09-05 10:00:00,-3.498169,2.6214294,297.44177,101916.9,52.0,4.25
2023-09-05 11:00:00,-3.7081451,2.497757,298.56784,101880.36,52.0,4.25
2023-09-05 12:00:00,-3.8423157,2.4508057,299.4035,101845.53,52.0,4.25
2023-09-05 13:00:00,-3.8690948,2.4752045,300.20447,101803.2,52.0,4.25
2023-09-05 14:00:00,-3.9934082,2.223404,300.65656,101774.734,52.0,4.25
2023-09-05 15:00:00,-4.445862,1.9504852,300.81622,101743.516,52.0,4.25
2023-09-05 16:00:00,-4.809555,1.6399841,300.57996,101715.28,52.0,4.25
2023-09-05 17:00:00,-5.025223,1.7704773,299.66895,101721.516,52.0,4.25
2023-09-05 18:00:00,-5.6415253,2.2531738,297.70306,101736.33,52.0,4.25
2023-09-05 19:00:00,-6.227829,3.119934,296.03442,101781.42,52.0,4.25
2023-09-05 20:00:00,-6.2029724,4.1397095,294.8996,101796.28,52.0,4.25
2023-09-05 21:00:00,-5.4135437,4.7891083,294.08963,101822.33,52.0,4.25
2023-09-05 22:00:00,-4.4232635,4.888382,293.14624,101804.66,52.0,4.25
2023-09-05 23:00:00,-3.6325226,5.1726685,292.8621,101823.68,52.0,4.25
2023-09-06 00:00:00,-2.8316193,5.6514435,292.4884,101841.81,52.0,4.25
2023-09-06 01:00:00,-1.5098572,5.885208,291.83972,101841.45,52.0,4.25
2023-09-06 02:00:00,-0.3264618,5.665436,291.2824,101840.67,52.0,4.25
2023-09-06 03:00:00,0.44236755,5.0922394,290.99573,101847.86,52.0,4.25
2023-09-06 04:00:00,0.536499,4.4752045,290.69513,101864.09,52.0,4.25
2023-09-06 05:00:00,0.11155701,3.960556,290.3889,101878.75,52.0,4.25
2023-09-06 06:00:00,-0.83491516,3.7519684,291.29837,101899.75,52.0,4.25
2023-09-06 07:00:00,-1.6536407,3.778885,293.50867,101935.64,52.0,4.25
2023-09-06 08:00:00,-1.763092,3.0266113,295.40808,101987.32,52.0,4.25
2023-09-06 09:00:00,-1.8292236,2.5849152,297.00623,101994.32,52.0,4.25
2023-09-06 10:00:00,-2.091156,1.9803314,298.4822,101985.266,52.0,4.25
2023-09-06 11:00:00,-2.3120575,2.1405792,299.44983,101983.945,52.0,4.25
2023-09-06 12:00:00,-1.9583588,1.8267517,300.51035,101956.53,52.0,4.25
2023-09-06 13:00:00,-1.7775116,1.1325378,301.04724,101950.67,52.0,4.25
2023-09-06 14:00:00,-2.0782166,0.35466003,301.2473,101918.586,52.0,4.25
2023-09-06 15:00:00,-2.617447,0.06796265,301.27615,101907.78,52.0,4.25
2023-09-06 16:00:00,-3.3009338,-0.1802826,300.936,101899.25,52.0,4.25
2023-09-06 17:00:00,-4.241501,-0.16349792,300.0954,101880.31,52.0,4.25
2023-09-06 18:00:00,-5.2049103,0.051727295,298.15973,101883.75,52.0,4.25
2023-09-06 19:00:00,-6.0428314,0.52381897,295.28915,101926.36,52.0,4.25
2023-09-06 20:00:00,-6.53067,1.4247131,294.0434,101954.61,52.0,4.25
2023-09-06 21:00:00,-6.4430847,2.214676,293.12097,101977.95,52.0,4.25
2023-09-06 22:00:00,-6.926071,2.0459442,292.59845,101976.305,52.0,4.25
2023-09-06 23:00:00,-6.514221,2.505844,291.91443,101963.516,52.0,4.25
2023-09-07 00:00:00,-6.4091797,2.7258759,291.52365,101931.86,52.0,4.25
2023-09-07 01:00:00,-6.2776184,2.9642792,291.2193,101912.48,52.0,4.25
2023-09-07 02:00:00,-6.0032806,3.2582092,290.7353,101886.3,52.0,4.25
2023-09-07 03:00:00,-5.853241,3.3834991,290.44882,101880.53,52.0,4.25
2023-09-07 04:00:00,-5.3616943,3.396347,290.03745,101895.57,52.0,4.25
2023-09-07 05:00:00,-4.8112183,3.1558533,289.69104,101919.414,52.0,4.25
2023-09-07 06:00:00,-4.981842,2.8648834,290.50775,101943.484,52.0,4.25
2023-09-07 07:00:00,-5.533478,2.4247437,292.86984,101949.67,52.0,4.25
2023-09-07 08:00:00,-5.1499634,1.9113922,294.95218,101934.35,52.0,4.25
2023-09-07 09:00:00,-4.728607,1.728836,296.77762,101918.22,52.0,4.25
2023-09-07 10:00:00,-4.556076,1.6932678,298.29932,101901.18,52.0,4.25
2023-09-07 11:00:00,-4.487976,1.3675537,299.4345,101863.42,52.0,4.25
2023-09-07 12:00:00,-4.8653107,1.0618439,300.18918,101830.88,52.0,4.25
2023-09-07 13:00:00,-5.447235,1.3195801,300.7512,101781.516,52.0,4.25
2023-09-07 14:00:00,-5.7822266,1.9272919,301.0763,101734.89,52.0,4.25
2023-09-07 15:00:00,-5.82695,2.4414673,301.0766,101701.97,52.0,4.25
2023-09-07 16:00:00,-5.5390778,2.5909882,300.68512,101695.516,52.0,4.25
2023-09-07 17:00:00,-5.4127197,2.6168213,299.92725,101678.54,52.0,4.25
2023-09-07 18:00:00,-5.8387604,2.6648712,298.06207,101692.234,52.0,4.25
2023-09-07 19:00:00,-6.3345337,3.1087341,295.64062,101717.34,52.0,4.25
2023-09-07 20:00:00,-6.249756,3.8826447,294.22702,101711.5,52.0,4.25
2023-09-07 21:00:00,-5.5281067,4.485901,293.77905,101722.086,52.0,4.25
2023-09-07 22:00:00,-4.2570953,4.7677,293.1053,101689.84,52.0,4.25
2023-09-07 23:00:00,-3.1083221,5.1794434,292.50446,101675.55,52.0,4.25
2023-09-08 00:00:00,-1.7231445,5.350815,291.9324,101674.96,52.0,4.25
2023-09-08 01:00:00,-0.42893982,5.1644745,291.42194,101669.81,52.0,4.25
2023-09-08 02:00:00,0.36386108,4.675705,290.8796,101656.445,52.0,4.25
2023-09-08 03:00:00,0.43501282,4.1328125,290.48267,101652.09,52.0,4.25
2023-09-08 04:00:00,0.041885376,3.757248,290.2516,101632.94,52.0,4.25
2023-09-08 05:00:00,0.00090026855,3.6261902,289.92932,101626.555,52.0,4.25
2023-09-08 06:00:00,0.060699463,3.7397614,290.76227,101653.03,52.0,4.25
2023-09-08 07:00:00,0.08692932,3.650299,293.07483,101679.2,52.0,4.25
2023-09-08 08:00:00,-0.17980957,2.8142242,295.03668,101688.66,52.0,4.25
2023-09-08 09:00:00,-0.2666626,2.2423553,296.9906,101698.375,52.0,4.25
2023-09-08 10:00:00,-0.1452179,1.8810577,298.6153,101697.38,52.0,4.25
2023-09-08 11:00:00,0.45671082,1.7914734,299.59662,101687.48,52.0,4.25
2023-09-08 12:00:00,1.2250977,1.6590271,300.2317,101691.68,52.0,4.25
2023-09-08 13:00:00,1.9079285,1.1387482,300.48843,101673.17,52.0,4.25
2023-09-08 14:00:00,2.5824127,0.28512573,300.39056,101637.57,52.0,4.25
2023-09-08 15:00:00,2.7444763,-0.43922424,299.8659,101639.93,52.0,4.25
2023-09-08 16:00:00,2.506424,-0.90000916,298.88385,101623.8,52.0,4.25
2023-09-08 17:00:00,2.528366,-1.4055023,297.29175,101611.91,52.0,4.25
2023-09-08 18:00:00,2.5271301,-1.9063568,295.2105,101639.59,52.0,4.25
2023-09-08 19:00:00,2.248703,-2.1405945,292.91846,101671.016,52.0,4.25
2023-09-08 20:00:00,1.8170166,-2.0593414,291.68878,101680.95,52.0,4.25
2023-09-08 21:00:00,1.2224731,-1.77742,291.08047,101676.97,52.0,4.25
2023-09-08 22:00:00,0.99909973,-1.8673706,291.2765,101668.64,52.0,4.25
2023-09-08 23:00:00,1.1392212,-1.4772949,290.83353,101668.31,52.0,4.25
2023-09-09 00:00:00,1.3949127,-1.0684967,290.29877,101657.36,52.0,4.25
2023-09-09 01:00:00,1.8882294,-1.0520477,290.0244,101650.33,52.0,4.25
2023-09-09 02:00:00,2.2281342,-1.0523682,289.90002,101626.984,52.0,4.25
2023-09-09 03:00:00,2.1605072,-0.9181671,289.96454,101615.04,52.0,4.25
2023-09-09 04:00:00,2.1068726,-0.5991974,290.0961,101616.56,52.0,4.25
2023-09-09 05:00:00,1.9162292,-0.22227478,289.98883,101620.234,52.0,4.25
2023-09-09 06:00:00,1.7344971,-0.045440674,289.22726,101645.82,52.0,4.25
2023-09-09 07:00:00,1.0709381,0.13890076,291.44162,101679.45,52.0,4.25
2023-09-09 08:00:00,0.16279602,0.6074524,294.1175,101706.375,52.0,4.25
2023-09-09 09:00:00,-0.5750427,1.0118713,296.43344,101744.17,52.0,4.25
2023-09-09 10:00:00,-1.0050049,0.94044495,297.29016,101744.53,52.0,4.25
2023-09-09 11:00:00,-1.1083527,0.96632385,298.69385,101734.63,52.0,4.25
2023-09-09 12:00:00,-1.2607727,0.73428345,299.67178,101720.78,52.0,4.25
2023-09-09 13:00:00,-1.6270905,0.5712433,300.41913,101703.71,52.0,4.25
2023-09-09 14:00:00,-1.9314575,0.51135254,300.84497,101667.484,52.0,4.25
2023-09-09 15:00:00,-1.9884338,0.53738403,300.9889,101653.8,52.0,4.25
2023-09-09 16:00:00,-2.0019684,0.76213074,300.81033,101650.21,52.0,4.25
2023-09-09 17:00:00,-2.3923492,0.85723877,299.71725,101645.08,52.0,4.25
2023-09-09 18:00:00,-3.2146912,1.1929016,297.3769,101660.69,52.0,4.25
2023-09-09 19:00:00,-3.9158173,1.5761261,295.60815,101693.78,52.0,4.25
2023-09-09 20:00:00,-4.3730927,1.9874725,294.62366,101723.69,52.0,4.25
2023-09-09 21:00:00,-4.659851,2.3126984,294.29794,101735.84,52.0,4.25
2023-09-09 22:00:00,-4.847885,2.011383,293.85516,101706.555,52.0,4.25
2023-09-09 23:00:00,-4.8365326,2.2113953,293.48096,101699.53,52.0,4.25
2023-09-10 00:00:00,-4.6934814,2.3796387,293.25693,101708.76,52.0,4.25
2023-09-10 01:00:00,-4.717865,2.7545624,293.0246,101716.58,52.0,4.25
2023-09-10 02:00:00,-4.5873413,3.1211853,292.81573,101693.61,52.0,4.25
2023-09-10 03:00:00,-4.5731964,3.8073425,292.7371,101694.17,52.0,4.25
2023-09-10 04:00:00,-4.3740845,4.445572,292.5056,101681.19,52.0,4.25
2023-09-10 05:00:00,-3.8894196,4.8927917,292.31934,101674.66,52.0,4.25
2023-09-10 06:00:00,-3.264038,5.079132,292.76636,101691.64,52.0,4.25
2023-09-10 07:00:00,-2.395691,4.821289,294.6973,101720.984,52.0,4.25
2023-09-10 08:00:00,-1.6224976,3.9084625,296.69354,101733.67,52.0,4.25
2023-09-10 09:00:00,-1.1600952,3.6773987,298.61783,101740.336,52.0,4.25
2023-09-10 10:00:00,-0.40245056,3.3011627,300.05127,101709.36,52.0,4.25
2023-09-10 11:00:00,0.5971985,3.4269562,301.39886,101683.85,52.0,4.25
2023-09-10 12:00:00,1.4202881,3.0451508,302.3212,101677.35,52.0,4.25
2023-09-10 13:00:00,1.343689,2.7618256,302.94925,101632.25,52.0,4.25
2023-09-10 14:00:00,0.77098083,2.8285522,303.22064,101596.2,52.0,4.25
2023-09-10 15:00:00,0.12942505,3.1110992,303.37976,101563.0,52.0,4.25
2023-09-10 16:00:00,-0.5904541,3.4517365,303.09106,101532.22,52.0,4.25
2023-09-10 17:00:00,-1.6316681,4.017441,302.1289,101490.69,52.0,4.25
2023-09-10 18:00:00,-2.4736023,5.071228,300.12415,101480.01,52.0,4.25
2023-09-10 19:00:00,-2.6195526,6.1469116,298.12015,101494.44,52.0,4.25
2023-09-10 20:00:00,-3.0937042,7.03125,297.21902,101483.664,52.0,4.25
2023-09-10 21:00:00,-3.6478424,7.584076,296.90787,101452.72,52.0,4.25
2023-09-10 22:00:00,-4.08461,6.7611694,296.19067,101400.766,52.0,4.25
2023-09-10 23:00:00,-3.6783905,7.6087494,296.07568,101377.67,52.0,4.25
2023-09-11 00:00:00,-2.2984772,8.08815,295.575,101363.56,52.0,4.25
2023-09-11 01:00:00,-0.7145691,7.9139557,294.77216,101322.484,52.0,4.25
2023-09-11 02:00:00,0.8056183,7.443329,293.9369,101284.94,52.0,4.25
2023-09-11 03:00:00,1.6987305,6.8145447,293.32376,101254.68,52.0,4.25
2023-09-11 04:00:00,2.8123474,5.94841,292.90186,101231.08,52.0,4.25
2023-09-11 05:00:00,4.6699066,4.392273,292.91257,101219.36,52.0,4.25
2023-09-11 06:00:00,5.8578033,2.5865936,293.24072,101276.0,52.0,4.25
2023-09-11 07:00:00,5.564728,1.2699127,294.48157,101295.625,52.0,4.25
2023-09-11 08:00:00,5.1178436,0.78834534,295.52472,101306.31,52.0,4.25
2023-09-11 09:00:00,5.100296,0.7459259,296.25153,101338.95,52.0,4.25
2023-09-11 10:00:00,4.9783783,0.08097839,296.64886,101350.25,52.0,4.25
2023-09-11 11:00:00,5.8550415,0.2037201,296.5205,101356.17,52.0,4.25
2023-09-11 12:00:00,5.7361298,-0.39575195,296.03918,101366.5,52.0,4.25
2023-09-11 13:00:00,5.3560486,0.09591675,295.5822,101374.41,52.0,4.25
2023-09-11 14:00:00,4.674469,1.074295,295.09296,101391.19,52.0,4.25
2023-09-11 15:00:00,4.359497,1.5688934,294.3101,101356.28,52.0,4.25
2023-09-11 16:00:00,4.0943756,0.5138092,293.56378,101336.39,52.0,4.25
2023-09-11 17:00:00,3.4113312,-0.5357208,293.00928,101300.234,52.0,4.25
2023-09-11 18:00:00,2.6057587,-0.33410645,292.54782,101311.58,52.0,4.25
2023-09-11 19:00:00,1.7315979,0.50704956,291.81006,101331.84,52.0,4.25
2023-09-11 20:00:00,1.323761,1.8156586,291.99414,101350.86,52.0,4.25
2023-09-11 21:00:00,1.6289368,2.4882965,292.3556,101357.26,52.0,4.25
2023-09-11 22:00:00,3.2930145,1.4403992,291.81595,101380.27,52.0,4.25
2023-09-11 23:00:00,2.4394836,1.1286621,291.2302,101349.06,52.0,4.25
2023-09-12 00:00:00,2.6452484,1.8198547,290.9879,101317.19,52.0,4.25
2023-09-12 01:00:00,3.375824,3.622467,290.61536,101304.59,52.0,4.25
2023-09-12 02:00:00,3.3825836,3.941452,290.68967,101281.51,52.0,4.25
2023-09-12 03:00:00,3.412323,3.4633942,290.77484,101281.336,52.0,4.25
2023-09-12 04:00:00,3.7132568,2.7099457,290.8947,101262.89,52.0,4.25
2023-09-12 05:00:00,3.4920502,1.7105713,290.79883,101234.7,52.0,4.25
2023-09-12 06:00:00,2.5537567,1.7658539,290.94928,101265.62,52.0,4.25
2023-09-12 07:00:00,1.8213959,2.2744446,291.87003,101302.55,52.0,4.25
2023-09-12 08:00:00,1.558136,2.3628693,292.98807,101324.375,52.0,4.25
2023-09-12 09:00:00,1.5010071,1.881897,293.91565,101359.58,52.0,4.25
2023-09-12 10:00:00,2.0338593,-0.20710754,294.1477,101359.55,52.0,4.25
2023-09-12 11:00:00,1.9608002,-0.7256012,294.28018,101371.66,52.0,4.25
2023-09-12 12:00:00,1.9852448,-0.8282013,294.54224,101392.266,52.0,4.25
2023-09-12 13:00:00,2.6784363,-1.1819153,294.79077,101338.984,52.0,4.25
2023-09-12 14:00:00,2.189972,-0.990036,295.1043,101295.31,52.0,4.25
2023-09-12 15:00:00,1.7433167,-1.6349792,294.80206,101278.805,52.0,4.25
2023-09-12 16:00:00,1.2423401,-2.1214905,294.4466,101264.09,52.0,4.25
2023-09-12 17:00:00,1.0976257,-2.4821777,293.71286,101294.734,52.0,4.25
2023-09-12 18:00:00,0.56637573,-2.4335938,292.83502,101329.44,52.0,4.25
2023-09-12 19:00:00,0.4227295,-2.02977,292.59363,101356.695,52.0,4.25
2023-09-12 20:00:00,0.7154083,-1.8953094,292.11124,101357.27,52.0,4.25
2023-09-12 21:00:00,1.3440704,-1.6404877,291.58725,101364.92,52.0,4.25
2023-09-12 22:00:00,3.8445587,-3.2667236,291.6093,101353.305,52.0,4.25
2023-09-12 23:00:00,2.716217,-3.0159454,291.523,101337.78,52.0,4.25
2023-09-13 00:00:00,2.1540375,-2.4721527,291.2605,101349.3,52.0,4.25
2023-09-13 01:00:00,2.8600464,-1.4055023,290.75452,101347.58,52.0,4.25
2023-09-13 02:00:00,4.626343,-0.62338257,291.1137,101341.59,52.0,4.25
2023-09-13 03:00:00,5.5707703,-0.42462158,291.04117,101361.16,52.0,4.25
2023-09-13 04:00:00,5.6262207,-1.2909241,290.7981,101373.25,52.0,4.25
2023-09-13 05:00:00,2.5121307,-7.7049103,290.24756,101389.28,52.0,4.25
2023-09-13 06:00:00,-2.8453217,-11.570847,290.10565,101479.94,52.0,4.25
2023-09-13 07:00:00,-4.8131866,-10.918152,290.10803,101598.51,52.0,4.25
2023-09-13 08:00:00,-4.2664948,-9.8871765,290.22122,101735.58,52.0,4.25
2023-09-13 09:00:00,-4.067917,-9.123352,290.51642,101837.18,52.0,4.25
2023-09-13 10:00:00,-3.599884,-7.4615173,291.3083,101924.3,52.0,4.25
2023-09-13 11:00:00,-3.0441437,-6.7144775,291.81287,101963.22,52.0,4.25
2023-09-13 12:00:00,-1.8172455,-6.2243805,292.22873,102059.53,52.0,4.25
2023-09-13 13:00:00,-1.3516846,-6.28154,292.44833,102084.61,52.0,4.25
2023-09-13 14:00:00,-1.1276398,-6.226486,292.211,102134.19,52.0,4.25
2023-09-13 15:00:00,-1.6125488,-6.2370453,291.88745,102089.81,52.0,4.25
2023-09-13 16:00:00,-2.000946,-5.6060486,291.5331,102146.81,52.0,4.25
2023-09-13 17:00:00,-1.8869476,-5.3196106,291.14453,102144.22,52.0,4.25
2023-09-13 18:00:00,-2.4258575,-5.137787,289.8598,102197.78,52.0,4.25
2023-09-13 19:00:00,-3.4506836,-4.375656,288.83746,102224.9,52.0,4.25
2023-09-13 20:00:00,-4.164261,-3.2622375,288.29932,102257.125,52.0,4.25
2023-09-13 21:00:00,-4.534561,-1.9620972,287.54205,102272.97,52.0,4.25
2023-09-13 22:00:00,-3.6078644,-0.8122406,286.60532,102299.2,52.0,4.25
2023-09-13 23:00:00,-3.6428528,0.11218262,286.04266,102314.805,52.0,4.25
2023-09-14 00:00:00,-3.8536224,0.9449158,285.56653,102308.13,52.0,4.25
2023-09-14 01:00:00,-3.4044037,1.307251,285.37805,102300.56,52.0,4.25
2023-09-14 02:00:00,-3.6069489,2.2601013,284.87323,102279.766,52.0,4.25
2023-09-14 03:00:00,-3.2894897,2.7053833,284.44458,102255.56,52.0,4.25
2023-09-14 04:00:00,-2.6940308,2.9275208,284.07166,102261.59,52.0,4.25
2023-09-14 05:00:00,-2.3745728,3.161209,283.94153,102252.97,52.0,4.25
2023-09-14 06:00:00,-2.1346893,3.3259583,284.30966,102285.15,52.0,4.25
2023-09-14 07:00:00,-1.8554688,3.2596436,286.70694,102302.75,52.0,4.25
2023-09-14 08:00:00,-1.4340515,2.987503,288.78387,102283.39,52.0,4.25
2023-09-14 09:00:00,-0.8873596,2.7905426,290.53015,102302.59,52.0,4.25
2023-09-14 10:00:00,-0.97135925,2.6756287,291.84003,102295.125,52.0,4.25
2023-09-14 11:00:00,-0.48121643,2.5894928,292.52725,102258.14,52.0,4.25
2023-09-14 12:00:00,0.13388062,2.1650085,293.3196,102212.91,52.0,4.25
2023-09-14 13:00:00,0.3540039,2.2392426,293.7611,102200.836,52.0,4.25
2023-09-14 14:00:00,0.5986786,1.7519684,294.01837,102155.16,52.0,4.25
2023-09-14 15:00:00,0.32998657,1.4354401,294.09143,102121.34,52.0,4.25
2023-09-14 16:00:00,-0.10832214,1.299469,293.93753,102092.89,52.0,4.25
2023-09-14 17:00:00,-0.8308563,0.8223114,293.0336,102078.41,52.0,4.25
2023-09-14 18:00:00,-2.3076324,0.6959381,290.1945,102069.61,52.0,4.25
2023-09-14 19:00:00,-3.783554,1.6288605,288.93158,102069.234,52.0,4.25
2023-09-14 20:00:00,-4.6280975,2.8228607,288.16943,102087.05,52.0,4.25
2023-09-14 21:00:00,-4.5584564,3.7597504,287.96085,102069.14,52.0,4.25
2023-09-14 22:00:00,-4.374222,4.9100647,287.5585,102044.99,52.0,4.25
2023-09-14 23:00:00,-3.84169,5.07341,287.22333,102020.484,52.0,4.25
2023-09-15 00:00:00,-3.3044586,5.2046356,287.02087,102011.05,52.0,4.25
2023-09-15 01:00:00,-3.0042114,5.0986023,286.33643,101973.98,52.0,4.25
2023-09-15 02:00:00,-2.929245,5.0971527,285.92215,101935.89,52.0,4.25
2023-09-15 03:00:00,-2.749817,4.8398895,285.6247,101906.41,52.0,4.25
2023-09-15 04:00:00,-2.7832794,4.4579315,285.2575,101887.53,52.0,4.25
2023-09-15 05:00:00,-3.1030579,4.386841,284.97565,101858.56,52.0,4.25
2023-09-15 06:00:00,-3.5902557,4.375183,285.14496,101890.42,52.0,4.25
2023-09-15 07:00:00,-3.9167786,3.9365387,287.19467,101882.33,52.0,4.25
2023-09-15 08:00:00,-3.5887756,2.9454346,289.18723,101851.086,52.0,4.25
2023-09-15 09:00:00,-3.6366425,2.707016,291.14746,101835.53,52.0,4.25
2023-09-15 10:00:00,-3.9028473,2.3897095,293.36096,101814.36,52.0,4.25
2023-09-15 11:00:00,-3.7460327,2.5909271,294.13632,101769.75,52.0,4.25
2023-09-15 12:00:00,-3.2888489,2.5062408,294.65915,101724.375,52.0,4.25
2023-09-15 13:00:00,-3.0015411,2.0894318,294.9852,101685.695,52.0,4.25
2023-09-15 14:00:00,-2.8447113,1.7869263,295.19012,101606.516,52.0,4.25
2023-09-15 15:00:00,-2.8632812,1.7234802,295.2539,101564.2,52.0,4.25
2023-09-15 16:00:00,-3.16951,1.254776,294.8388,101537.77,52.0,4.25
2023-09-15 17:00:00,-4.3932037,0.266037,293.96637,101510.195,52.0,4.25
2023-09-15 18:00:00,-5.5910187,0.048049927,292.25507,101520.83,52.0,4.25
2023-09-15 19:00:00,-6.3768616,0.70954895,290.4953,101512.36,52.0,4.25
2023-09-15 20:00:00,-6.373184,1.8411865,289.62384,101541.98,52.0,4.25
2023-09-15 21:00:00,-5.8475037,2.7773438,289.21344,101533.17,52.0,4.25
2023-09-15 22:00:00,-4.4542694,3.220871,288.82825,101512.58,52.0,4.25
2023-09-15 23:00:00,-4.2557526,3.2211456,288.35602,101475.92,52.0,4.25
2023-09-16 00:00:00,-4.394623,3.5899048,287.90247,101423.75,52.0,4.25
2023-09-16 01:00:00,-4.131363,4.376663,287.3653,101418.4,52.0,4.25
2023-09-16 02:00:00,-2.9976044,4.678299,286.7887,101397.16,52.0,4.25
2023-09-16 03:00:00,-2.518982,3.8665009,286.2556,101406.53,52.0,4.25
2023-09-16 04:00:00,-2.6531067,2.499527,286.13684,101372.09,52.0,4.25
2023-09-16 05:00:00,-3.0713348,1.51828,285.76367,101344.38,52.0,4.25
2023-09-16 06:00:00,-3.6789703,0.9058075,286.11603,101363.84,52.0,4.25
2023-09-16 07:00:00,-4.150635,0.7007141,289.16632,101396.81,52.0,4.25
2023-09-16 08:00:00,-4.162216,0.29231262,291.56613,101412.945,52.0,4.25
2023-09-16 09:00:00,-3.8499146,-0.20838928,293.41718,101439.55,52.0,4.25
2023-09-16 10:00:00,-3.4611359,0.15863037,295.79266,101463.766,52.0,4.25
2023-09-16 11:00:00,-4.009079,-0.56578064,296.70038,101451.0,52.0,4.25
2023-09-16 12:00:00,-4.215683,-1.3001404,297.3145,101413.97,52.0,4.25
2023-09-16 13:00:00,-3.9933624,-1.9188995,297.4143,101401.69,52.0,4.25
2023-09-16 14:00:00,-4.0137787,-2.0842285,297.30768,101376.72,52.0,4.25
2023-09-16 15:00:00,-4.383209,-2.6152954,296.71497,101376.8,52.0,4.25
2023-09-16 16:00:00,-4.794998,-3.4801788,296.03244,101370.734,52.0,4.25
2023-09-16 17:00:00,-5.4641266,-4.344101,295.07678,101366.734,52.0,4.25
2023-09-16 18:00:00,-5.8486023,-4.4901733,294.1142,101418.11,52.0,4.25
2023-09-16 19:00:00,-6.114441,-4.935684,293.34134,101469.08,52.0,4.25
2023-09-16 20:00:00,-6.457794,-5.2273407,292.57574,101489.42,52.0,4.25
2023-09-16 21:00:00,-6.5157166,-5.230896,292.19897,101484.52,52.0,4.25
2023-09-16 22:00:00,-7.025406,-3.147522,291.8491,101498.3,52.0,4.25
2023-09-16 23:00:00,-7.081421,-2.5486298,291.2932,101485.72,52.0,4.25
2023-09-17 00:00:00,-7.256897,-2.735199,290.68665,101467.33,52.0,4.25
2023-09-17 01:00:00,-7.31192,-2.8667908,290.13794,101415.7,52.0,4.25
2023-09-17 02:00:00,-6.7981873,-2.957199,289.7787,101402.47,52.0,4.25
2023-09-17 03:00:00,-6.1901245,-3.710434,289.53278,101361.484,52.0,4.25
2023-09-17 04:00:00,-6.6107483,-4.783905,289.40643,101350.47,52.0,4.25
2023-09-17 05:00:00,-6.1391144,-5.001892,289.36447,101328.85,52.0,4.25
2023-09-17 06:00:00,-6.2050476,-5.692154,289.13794,101341.35,52.0,4.25
2023-09-17 07:00:00,-6.1065216,-6.1450653,289.00714,101334.234,52.0,4.25
2023-09-17 08:00:00,-5.9205475,-5.714676,288.75632,101324.84,52.0,4.25
2023-09-17 09:00:00,-5.558136,-4.449997,288.86176,101336.39,52.0,4.25
2023-09-17 10:00:00,-5.765457,-4.186157,288.96387,101318.52,52.0,4.25
2023-09-17 11:00:00,-5.0875244,-2.348816,289.82928,101269.84,52.0,4.25
2023-09-17 12:00:00,-2.8839874,0.33969116,290.5471,101258.86,52.0,4.25
2023-09-17 13:00:00,-0.7062378,2.3805084,291.58777,101245.78,52.0,4.25
2023-09-17 14:00:00,0.8562622,2.847702,292.29968,101206.375,52.0,4.25
2023-09-17 15:00:00,1.7668304,2.8112488,292.53787,101147.54,52.0,4.25
2023-09-17 16:00:00,1.0037842,1.8387909,292.5996,101134.91,52.0,4.25
2023-09-17 17:00:00,-1.6339111,0.7467499,292.3291,101037.22,52.0,4.25
2023-09-17 18:00:00,-4.483597,1.216568,290.9543,100979.14,52.0,4.25
2023-09-17 19:00:00,-5.50029,2.7502594,290.70886,100966.16,52.0,4.25
2023-09-17 20:00:00,-6.0739746,3.3345184,290.74255,100906.25,52.0,4.25
2023-09-17 21:00:00,-6.176544,3.7245789,290.9626,100843.11,52.0,4.25
2023-09-17 22:00:00,-6.0964813,4.1675262,291.43546,100776.32,52.0,4.25
2023-09-17 23:00:00,-5.768509,3.2894592,291.75208,100668.92,52.0,4.25
2023-09-18 00:00:00,-6.836136,3.7439117,292.0606,100566.62,52.0,4.25
2023-09-18 01:00:00,-6.3738403,5.4529114,292.1551,100464.58,52.0,4.25
2023-09-18 02:00:00,-3.2608948,7.878067,292.33862,100422.68,52.0,4.25
2023-09-18 03:00:00,1.1992493,8.91304,292.11835,100373.64,52.0,4.25
2023-09-18 04:00:00,2.7138214,7.359787,291.97406,100338.53,52.0,4.25
2023-09-18 05:00:00,3.002945,6.915329,292.0087,100253.61,52.0,4.25
2023-09-18 06:00:00,3.5473022,7.8076477,291.8858,100242.3,52.0,4.25
2023-09-18 07:00:00,4.615204,8.409271,292.04822,100252.22,52.0,4.25
2023-09-18 08:00:00,6.933304,9.358002,292.51147,100277.22,52.0,4.25
2023-09-18 09:00:00,7.424408,8.322937,292.68884,100279.97,52.0,4.25
2023-09-18 10:00:00,6.6883545,7.713684,293.45,100280.66,52.0,4.25
2023-09-18 11:00:00,6.3445587,8.025833,293.74588,100311.35,52.0,4.25
2023-09-18 12:00:00,5.585205,8.689667,294.38196,100255.86,52.0,4.25
2023-09-18 13:00:00,4.4275055,9.381622,294.54468,100221.62,52.0,4.25
2023-09-18 14:00:00,4.2960663,9.491943,293.14755,100117.3,52.0,4.25
2023-09-18 15:00:00,5.2223816,12.777374,291.70734,100104.23,52.0,4.25
2023-09-18 16:00:00,9.740952,12.2144165,291.75525,100114.22,52.0,4.25
2023-09-18 17:00:00,11.816559,10.00676,290.82895,100112.66,52.0,4.25
2023-09-18 18:00:00,13.444672,7.9906464,290.53796,100193.06,52.0,4.25
2023-09-18 19:00:00,12.544052,5.2597504,290.31842,100305.78,52.0,4.25
2023-09-18 20:00:00,11.7009735,3.177597,290.0736,100420.64,52.0,4.25
2023-09-18 21:00:00,11.210037,2.4068909,289.19476,100479.65,52.0,4.25
2023-09-18 22:00:00,12.169098,1.1277008,288.73077,100540.83,52.0,4.25
2023-09-18 23:00:00,11.333206,0.6188965,288.3981,100592.41,52.0,4.25
2023-09-19 00:00:00,11.398071,1.556961,288.48938,100687.34,52.0,4.25
2023-09-19 01:00:00,11.265854,3.6934052,288.24527,100716.766,52.0,4.25
2023-09-19 02:00:00,10.952606,4.809723,288.1695,100742.67,52.0,4.25
2023-09-19 03:00:00,10.471924,5.9033203,288.32404,100741.266,52.0,4.25
2023-09-19 04:00:00,10.431519,6.3552246,288.26514,100763.516,52.0,4.25
2023-09-19 05:00:00,10.749222,6.0009613,288.2401,100774.16,52.0,4.25
2023-09-19 06:00:00,10.499908,6.3374786,288.41022,100801.58,52.0,4.25
2023-09-19 07:00:00,10.021637,7.15921,288.73492,100825.44,52.0,4.25
2023-09-19 08:00:00,8.926437,8.213898,289.4355,100803.625,52.0,4.25
2023-09-19 09:00:00,9.149872,10.889847,289.9912,100780.8,52.0,4.25
2023-09-19 10:00:00,9.809143,12.712189,290.64133,100772.734,52.0,4.25
2023-09-19 11:00:00,10.325409,12.729706,291.36517,100724.27,52.0,4.25
2023-09-19 12:00:00,11.789963,13.217712,291.91528,100676.42,52.0,4.25
2023-09-19 13:00:00,12.401184,13.362427,291.97986,100688.664,52.0,4.25
2023-09-19 14:00:00,13.989929,12.926514,291.5454,100682.375,52.0,4.25
2023-09-19 15:00:00,13.19426,12.119949,291.49933,100674.836,52.0,4.25
2023-09-19 16:00:00,11.698868,11.584213,290.9015,100688.05,52.0,4.25
2023-09-19 17:00:00,10.502426,12.248657,290.5481,100679.83,52.0,4.25
2023-09-19 18:00:00,10.453339,12.213181,290.43225,100669.2,52.0,4.25
2023-09-19 19:00:00,10.807434,11.573151,290.36713,100704.17,52.0,4.25
2023-09-19 20:00:00,10.85585,11.192825,290.6234,100696.81,52.0,4.25
2023-09-19 21:00:00,10.505371,10.869827,290.85388,100687.875,52.0,4.25
2023-09-19 22:00:00,10.45784,10.712585,290.93558,100693.58,52.0,4.25
2023-09-19 23:00:00,10.711929,10.415298,290.9479,100698.61,52.0,4.25
2023-09-20 00:00:00,9.411621,10.255081,290.96204,100695.08,52.0,4.25
2023-09-20 01:00:00,8.288773,10.445267,290.80878,100695.45,52.0,4.25
2023-09-20 02:00:00,7.250763,10.820419,290.77515,100652.125,52.0,4.25
2023-09-20 03:00:00,6.492279,11.060135,290.6333,100609.89,52.0,4.25
2023-09-20 04:00:00,5.671936,11.231201,290.45068,100563.8,52.0,4.25
2023-09-20 05:00:00,5.353256,11.0924225,290.38403,100516.69,52.0,4.25
2023-09-20 06:00:00,4.7673035,11.300995,290.2458,100493.84,52.0,4.25
2023-09-20 07:00:00,4.1517944,11.956528,290.44904,100489.484,52.0,4.25
2023-09-20 08:00:00,3.5396423,11.580597,290.7196,100490.8,52.0,4.25
2023-09-20 09:00:00,6.6316833,13.276993,291.08902,100514.625,52.0,4.25
2023-09-20 10:00:00,6.5770874,13.040405,291.8751,100487.78,52.0,4.25
2023-09-20 11:00:00,7.076416,12.759369,292.5069,100470.766,52.0,4.25
2023-09-20 12:00:00,5.4467926,12.084488,293.27908,100408.39,52.0,4.25
2023-09-20 13:00:00,5.6478424,12.746033,293.93735,100349.39,52.0,4.25
2023-09-20 14:00:00,4.76622,12.144302,294.19852,100270.34,52.0,4.25
2023-09-20 15:00:00,3.5877228,11.953873,294.23175,100256.5,52.0,4.25
2023-09-20 16:00:00,2.3099365,11.7157135,294.03745,100207.44,52.0,4.25
2023-09-20 17:00:00,1.7849579,11.760803,293.51782,100133.04,52.0,4.25
2023-09-20 18:00:00,1.8080902,11.860794,293.14606,100101.6,52.0,4.25
2023-09-20 19:00:00,1.9612579,12.007156,292.67346,100099.55,52.0,4.25
2023-09-20 20:00:00,1.0756836,12.053986,292.6168,100040.16,52.0,4.25
2023-09-20 21:00:00,-0.13795471,12.420013,292.3651,99934.97,52.0,4.25
2023-09-20 22:00:00,1.7689819,14.491577,292.2616,99842.234,52.0,4.25
2023-09-20 23:00:00,3.6128387,14.2548065,292.60132,99770.56,52.0,4.25
2023-09-21 00:00:00,4.773041,13.222473,292.92862,99733.41,52.0,4.25
2023-09-21 01:00:00,6.2477264,12.240494,292.62854,99706.95,52.0,4.25
2023-09-21 02:00:00,5.9654083,11.619003,291.54822,99670.805,52.0,4.25
2023-09-21 03:00:00,5.568634,10.50502,290.60275,99652.17,52.0,4.25
2023-09-21 04:00:00,4.9468994,8.768936,290.2087,99636.56,52.0,4.25
2023-09-21 05:00:00,3.8049316,6.9470367,289.30566,99580.87,52.0,4.25
2023-09-21 06:00:00,4.889923,4.871399,288.5699,99627.38,52.0,4.25
2023-09-21 07:00:00,7.1502533,-0.23500061,288.0456,99685.01,52.0,4.25
2023-09-21 08:00:00,2.4227142,-2.191513,287.7602,99701.55,52.0,4.25
2023-09-21 09:00:00,0.6330414,-0.006149292,288.00418,99772.94,52.0,4.25
2023-09-21 10:00:00,-0.59983826,1.291275,288.0144,99833.66,52.0,4.25
2023-09-21 11:00:00,-0.7514038,1.546051,288.33276,99793.09,52.0,4.25
2023-09-21 12:00:00,-1.9824066,1.5691528,288.49628,99728.97,52.0,4.25
2023-09-21 13:00:00,-3.0473175,3.3511505,288.1969,99689.62,52.0,4.25
2023-09-21 14:00:00,-2.53154,3.946991,288.4035,99644.42,52.0,4.25
2023-09-21 15:00:00,-2.3647919,4.3490143,288.4088,99604.86,52.0,4.25
2023-09-21 16:00:00,-2.0801392,4.852112,288.3237,99575.74,52.0,4.25
2023-09-21 17:00:00,-1.4045563,5.134247,288.15265,99547.36,52.0,4.25
2023-09-21 18:00:00,0.59425354,6.142639,287.82208,99599.18,52.0,4.25
2023-09-21 19:00:00,1.7601776,5.9082336,287.46112,99620.18,52.0,4.25
2023-09-21 20:00:00,2.4680939,5.051178,287.32397,99660.66,52.0,4.25
2023-09-21 21:00:00,2.969696,4.154892,287.14212,99675.6,52.0,4.25
2023-09-21 22:00:00,6.2998657,2.8329315,287.0994,99710.45,52.0,4.25
2023-09-21 23:00:00,5.8921356,3.0740204,287.2411,99730.8,52.0,4.25
2023-09-22 00:00:00,4.87059,4.414734,287.12762,99765.87,52.0,4.25
2023-09-22 01:00:00,3.545456,5.851761,286.85214,99769.79,52.0,4.25
2023-09-22 02:00:00,2.572342,6.7727814,286.34326,99739.01,52.0,4.25
2023-09-22 03:00:00,1.9276733,7.9274445,286.21454,99739.0,52.0,4.25
2023-09-22 04:00:00,2.6559143,8.676773,286.16412,99759.88,52.0,4.25
2023-09-22 05:00:00,3.8296204,8.338852,285.89536,99751.22,52.0,4.25
2023-09-22 06:00:00,4.1992493,8.632034,285.87994,99774.69,52.0,4.25
2023-09-22 07:00:00,4.614853,9.035629,286.35605,99831.92,52.0,4.25
2023-09-22 08:00:00,5.6581573,8.871857,286.99115,99901.67,52.0,4.25
2023-09-22 09:00:00,5.595581,7.894745,287.61078,99973.22,52.0,4.25
2023-09-22 10:00:00,6.034485,5.8068237,288.06165,100023.42,52.0,4.25
2023-09-22 11:00:00,5.822464,5.0026245,288.34137,100038.734,52.0,4.25
2023-09-22 12:00:00,5.329956,4.414963,288.42798,100089.75,52.0,4.25
2023-09-22 13:00:00,4.747696,3.8782806,288.26984,100136.21,52.0,4.25
2023-09-22 14:00:00,4.2725525,3.2231903,288.0783,100176.44,52.0,4.25
2023-09-22 15:00:00,4.696411,1.9340973,287.11334,100180.71,52.0,4.25
2023-09-22 16:00:00,4.5342255,0.84143066,286.9708,100225.37,52.0,4.25
2023-09-22 17:00:00,3.9218903,1.1677856,286.71466,100274.97,52.0,4.25
2023-09-22 18:00:00,3.9403076,1.4252625,286.32056,100339.66,52.0,4.25
2023-09-22 19:00:00,4.258499,1.5841522,285.91602,100426.65,52.0,4.25
2023-09-22 20:00:00,4.67334,2.1643982,285.94525,100475.25,52.0,4.25
2023-09-22 21:00:00,5.8627625,3.1024933,285.90878,100529.23,52.0,4.25
2023-09-22 22:00:00,6.290161,3.948883,285.82776,100562.06,52.0,4.25
2023-09-22 23:00:00,6.19516,3.6715698,285.9522,100586.9,52.0,4.25
2023-09-23 00:00:00,6.4193726,4.16893,285.75507,100641.75,52.0,4.25
2023-09-23 01:00:00,6.819763,3.7507477,285.59955,100677.08,52.0,4.25
2023-09-23 02:00:00,6.652054,2.9426117,285.78668,100727.2,52.0,4.25
2023-09-23 03:00:00,6.4921265,2.6071014,285.91943,100744.14,52.0,4.25
2023-09-23 04:00:00,6.6250916,2.7530518,285.90924,100815.96,52.0,4.25
2023-09-23 05:00:00,6.950363,2.1736145,286.1006,100864.234,52.0,4.25
2023-09-23 06:00:00,6.8492737,1.4641266,286.0849,100985.016,52.0,4.25
2023-09-23 07:00:00,6.8391876,0.5592804,286.87936,101078.484,52.0,4.25
2023-09-23 08:00:00,6.799576,0.47019958,287.45294,101137.11,52.0,4.25
2023-09-23 09:00:00,7.220413,0.6053772,288.00665,101274.81,52.0,4.25
2023-09-23 10:00:00,7.7242584,-0.52352905,288.3418,101325.66,52.0,4.25
2023-09-23 11:00:00,6.27063,-1.1481934,288.31244,101413.03,52.0,4.25
2023-09-23 12:00:00,6.1467896,-0.8195648,288.946,101506.39,52.0,4.25
2023-09-23 13:00:00,6.504135,-1.0020752,289.2234,101595.19,52.0,4.25
2023-09-23 14:00:00,6.785446,-1.1728668,289.1477,101641.0,52.0,4.25
2023-09-23 15:00:00,6.5079346,-0.94233704,289.1823,101704.47,52.0,4.25
2023-09-23 16:00:00,6.4032288,-0.72239685,289.22366,101793.87,52.0,4.25
2023-09-23 17:00:00,6.240265,-0.67614746,288.8471,101856.67,52.0,4.25
2023-09-23 18:00:00,5.450119,-0.37139893,288.06726,101933.49,52.0,4.25
2023-09-23 19:00:00,4.6703033,0.3885193,286.92282,102005.664,52.0,4.25
2023-09-23 20:00:00,4.2140045,1.5512238,286.08496,102071.49,52.0,4.25
2023-09-23 21:00:00,3.5950623,2.754013,285.74615,102112.16,52.0,4.25
2023-09-23 22:00:00,4.037369,4.714203,285.69775,102172.734,52.0,4.25
2023-09-23 23:00:00,4.822525,5.700989,285.6178,102182.08,52.0,4.25
2023-09-24 00:00:00,5.576126,5.8195953,285.62024,102212.19,52.0,4.25
2023-09-24 01:00:00,4.97171,6.04393,285.61954,102223.32,52.0,4.25
2023-09-24 02:00:00,4.41243,6.6822205,285.18048,102243.37,52.0,4.25
2023-09-24 03:00:00,3.96521,7.1245728,284.6205,102263.11,52.0,4.25
2023-09-24 04:00:00,3.2755737,7.518387,284.24432,102280.47,52.0,4.25
2023-09-24 05:00:00,2.5003967,7.899521,284.12964,102288.484,52.0,4.25
2023-09-24 06:00:00,1.6661377,8.223724,284.35834,102336.14,52.0,4.25
2023-09-24 07:00:00,0.9971161,8.561798,285.17273,102388.83,52.0,4.25
2023-09-24 08:00:00,0.34179688,8.42218,286.72186,102405.87,52.0,4.25
2023-09-24 09:00:00,0.047683716,8.74025,288.3269,102418.2,52.0,4.25
2023-09-24 10:00:00,0.18847656,8.800461,289.92712,102388.375,52.0,4.25
2023-09-24 11:00:00,0.59654236,8.975357,290.77814,102359.14,52.0,4.25
2023-09-24 12:00:00,1.514801,8.8914795,291.646,102338.74,52.0,4.25
2023-09-24 13:00:00,1.7722168,8.468735,292.10144,102298.695,52.0,4.25
2023-09-24 14:00:00,1.3208771,7.993271,292.3755,102259.914,52.0,4.25
2023-09-24 15:00:00,0.29110718,7.9380646,292.34637,102211.34,52.0,4.25
2023-09-24 16:00:00,-0.55259705,7.6540833,292.12268,102190.53,52.0,4.25
2023-09-24 17:00:00,-1.8059692,7.859146,291.21594,102169.766,52.0,4.25
2023-09-24 18:00:00,-2.9920807,8.665497,289.6074,102143.09,52.0,4.25
2023-09-24 19:00:00,-2.8881989,9.294983,289.2042,102145.25,52.0,4.25
2023-09-24 20:00:00,-2.0632477,9.643951,288.61713,102147.375,52.0,4.25
2023-09-24 21:00:00,-2.3791962,10.128571,288.32288,102084.47,52.0,4.25
2023-09-24 22:00:00,-1.900589,11.032532,287.83148,102046.92,52.0,4.25
2023-09-24 23:00:00,-0.32505798,10.934677,287.4339,102010.805,52.0,4.25
2023-09-25 00:00:00,0.61849976,10.598373,287.18256,102014.7,52.0,4.25
2023-09-25 01:00:00,0.96759033,10.420288,286.7992,101988.81,52.0,4.25
2023-09-25 02:00:00,0.96817017,10.282166,286.54584,101964.21,52.0,4.25
2023-09-25 03:00:00,0.41455078,10.123093,286.36078,101942.06,52.0,4.25
2023-09-25 04:00:00,0.4963684,9.928467,286.2775,101970.08,52.0,4.25
2023-09-25 05:00:00,0.3575592,9.895737,286.17657,101996.62,52.0,4.25
2023-09-25 06:00:00,0.73464966,9.635483,286.13617,102029.82,52.0,4.25
2023-09-25 07:00:00,1.1795502,9.101929,286.68506,102050.52,52.0,4.25
2023-09-25 08:00:00,1.1773376,8.250458,288.0401,102038.94,52.0,4.25
2023-09-25 09:00:00,1.6871033,7.186325,289.26672,102074.16,52.0,4.25
2023-09-25 10:00:00,1.8891602,5.9956512,290.8337,102090.31,52.0,4.25
2023-09-25 11:00:00,2.2077484,5.616928,291.82056,102112.266,52.0,4.25
2023-09-25 12:00:00,2.3618927,5.3555756,292.43146,102158.695,52.0,4.25
2023-09-25 13:00:00,2.011734,5.063553,292.85046,102163.7,52.0,4.25
2023-09-25 14:00:00,1.7161102,4.6022644,292.80267,102144.95,52.0,4.25
2023-09-25 15:00:00,1.7622681,4.118561,292.94705,102161.32,52.0,4.25
2023-09-25 16:00:00,1.4616699,3.746582,292.74667,102180.05,52.0,4.25
2023-09-25 17:00:00,1.0769653,3.8542786,292.15924,102189.86,52.0,4.25
2023-09-25 18:00:00,0.9851837,4.150696,290.23737,102213.54,52.0,4.25
2023-09-25 19:00:00,0.98223877,4.3617554,289.32086,102226.914,52.0,4.25
2023-09-25 20:00:00,0.80955505,4.5845947,288.61243,102232.97,52.0,4.25
2023-09-25 21:00:00,0.8561859,4.4575653,288.07062,102237.37,52.0,4.25
2023-09-25 22:00:00,1.1154022,4.5080566,287.46988,102209.39,52.0,4.25
2023-09-25 23:00:00,1.4180603,4.089096,287.62506,102196.84,52.0,4.25
2023-09-26 00:00:00,1.1834412,4.11763,287.74896,102193.17,52.0,4.25
2023-09-26 01:00:00,0.7885742,4.3699036,287.5263,102167.31,52.0,4.25
2023-09-26 02:00:00,0.57359314,4.55307,287.33054,102137.125,52.0,4.25
2023-09-26 03:00:00,0.1756134,4.663788,287.1025,102102.69,52.0,4.25
2023-09-26 04:00:00,-0.6309204,4.667923,286.90234,102077.91,52.0,4.25
2023-09-26 05:00:00,-1.2292938,4.8967133,287.06442,102023.69,52.0,4.25
2023-09-26 06:00:00,-1.718689,5.2198944,287.29068,102021.586,52.0,4.25
2023-09-26 07:00:00,-1.945755,5.4620667,288.1952,102038.91,52.0,4.25
2023-09-26 08:00:00,-2.102295,5.373703,289.3966,102011.55,52.0,4.25
2023-09-26 09:00:00,-2.204544,4.871048,290.66183,102008.23,52.0,4.25
2023-09-26 10:00:00,-1.5066986,4.9675293,291.99408,101976.94,52.0,4.25
2023-09-26 11:00:00,-0.82369995,5.396759,293.21826,101932.58,52.0,4.25
2023-09-26 12:00:00,-0.111465454,5.7621,294.1595,101904.48,52.0,4.25
2023-09-26 13:00:00,0.06555176,5.639633,294.5207,101868.58,52.0,4.25
2023-09-26 14:00:00,0.014755249,5.7201385,294.5135,101842.164,52.0,4.25
2023-09-26 15:00:00,-0.3057251,5.8401184,294.31137,101809.85,52.0,4.25
2023-09-26 16:00:00,-0.79533386,6.232437,293.93726,101801.91,52.0,4.25
2023-09-26 17:00:00,-0.28842163,6.5950623,292.92212,101805.74,52.0,4.25
2023-09-26 18:00:00,0.67303467,7.048462,291.68616,101857.25,52.0,4.25
2023-09-26 19:00:00,1.1918945,7.434784,290.7558,101879.266,52.0,4.25
2023-09-26 20:00:00,2.228836,7.08609,290.2954,101891.81,52.0,4.25
2023-09-26 21:00:00,3.3141785,6.269165,289.6972,101905.83,52.0,4.25
2023-09-26 22:00:00,4.6488953,5.7642365,289.3872,101921.86,52.0,4.25
2023-09-26 23:00:00,5.1274414,4.484207,288.9687,101930.03,52.0,4.25
2023-09-27 00:00:00,5.028427,3.0404968,288.37494,101961.69,52.0,4.25
2023-09-27 01:00:00,4.8250275,2.6875305,287.98184,101964.016,52.0,4.25
2023-09-27 02:00:00,3.907013,2.2129822,287.96072,101941.5,52.0,4.25
2023-09-27 03:00:00,4.6881714,1.0100403,287.77963,101977.03,52.0,4.25
2023-09-27 04:00:00,3.7169342,0.32659912,287.3559,101973.92,52.0,4.25
2023-09-27 05:00:00,1.9915466,0.53189087,286.76306,101920.34,52.0,4.25
2023-09-27 06:00:00,-0.26507568,1.5953369,286.94336,101932.05,52.0,4.25
2023-09-27 07:00:00,-1.1277466,3.3226166,288.23578,101959.96,52.0,4.25
2023-09-27 08:00:00,-0.89411926,3.561966,289.70477,101987.625,52.0,4.25
2023-09-27 09:00:00,-1.7204742,2.9981384,290.9051,101969.72,52.0,4.25
2023-09-27 10:00:00,-2.518982,2.7659607,291.65106,101928.83,52.0,4.25
2023-09-27 11:00:00,-3.3607788,3.1380157,293.05927,101844.05,52.0,4.25
2023-09-27 12:00:00,-3.9003296,3.745987,294.17316,101763.42,52.0,4.25
2023-09-27 13:00:00,-2.948639,4.4935303,294.91107,101669.8,52.0,4.25
2023-09-27 14:00:00,-2.895462,4.735733,295.10254,101607.734,52.0,4.25
2023-09-27 15:00:00,-3.8491974,5.3780212,294.70358,101516.65,52.0,4.25
2023-09-27 16:00:00,-4.4205475,6.1924896,293.96796,101445.38,52.0,4.25
2023-09-27 17:00:00,-4.300232,7.244644,293.3314,101401.39,52.0,4.25
2023-09-27 18:00:00,-3.7526398,8.056808,292.798,101355.81,52.0,4.25
2023-09-27 19:00:00,-4.036392,8.886581,292.76727,101290.8,52.0,4.25
2023-09-27 20:00:00,-4.1671295,10.150909,292.911,101216.85,52.0,4.25
2023-09-27 21:00:00,-2.1616516,10.764664,293.05426,101171.69,52.0,4.25
2023-09-27 22:00:00,1.8878632,10.847855,292.91687,101177.34,52.0,4.25
2023-09-27 23:00:00,5.418579,10.024536,292.60974,101179.85,52.0,4.25
2023-09-28 00:00:00,8.166931,7.9836426,292.53528,101211.125,52.0,4.25
2023-09-28 01:00:00,8.801712,7.2349396,291.8463,101246.89,52.0,4.25
2023-09-28 02:00:00,9.536789,7.063385,290.75623,101291.16,52.0,4.25
2023-09-28 03:00:00,9.292984,6.807846,289.88678,101355.42,52.0,4.25
2023-09-28 04:00:00,8.326492,6.4278564,289.3777,101381.516,52.0,4.25
2023-09-28 05:00:00,7.8918,6.21402,289.44843,101437.57,52.0,4.25
2023-09-28 06:00:00,7.548416,6.1242676,289.37823,101496.234,52.0,4.25
2023-09-28 07:00:00,7.2396393,5.95607,289.9309,101563.31,52.0,4.25
2023-09-28 08:00:00,6.616806,5.7733307,290.70197,101601.42,52.0,4.25
2023-09-28 09:00:00,7.9149323,5.5417175,291.09296,101643.05,52.0,4.25
2023-09-28 10:00:00,7.0597687,4.1145477,291.3957,101683.37,52.0,4.25
2023-09-28 11:00:00,6.337921,4.394394,291.65894,101697.68,52.0,4.25
2023-09-28 12:00:00,5.839035,3.9440155,292.0266,101726.78,52.0,4.25
2023-09-28 13:00:00,5.381119,4.4129486,292.20947,101690.44,52.0,4.25
2023-09-28 14:00:00,4.628174,4.5453796,292.3288,101678.67,52.0,4.25
2023-09-28 15:00:00,3.3525085,4.168396,292.10068,101643.17,52.0,4.25
2023-09-28 16:00:00,1.7970428,4.5699463,291.79993,101600.016,52.0,4.25
2023-09-28 17:00:00,1.9898987,5.6548157,291.14453,101578.625,52.0,4.25
2023-09-28 18:00:00,3.105484,5.6529236,290.1731,101621.625,52.0,4.25
2023-09-28 19:00:00,2.0102081,6.113617,289.25092,101584.44,52.0,4.25
2023-09-28 20:00:00,1.5197449,6.9956512,288.72684,101557.305,52.0,4.25
2023-09-28 21:00:00,1.6333313,7.194931,288.45844,101545.75,52.0,4.25
2023-09-28 22:00:00,1.2061615,7.7934875,288.92596,101494.47,52.0,4.25
2023-09-28 23:00:00,0.8877106,8.314041,289.1103,101461.516,52.0,4.25
2023-09-29 00:00:00,0.4388733,9.384125,289.53754,101419.65,52.0,4.25
2023-09-29 01:00:00,0.933548,10.293915,289.95526,101372.36,52.0,4.25
2023-09-29 02:00:00,2.07901,10.335693,290.17163,101326.02,52.0,4.25
2023-09-29 03:00:00,1.8572693,10.555923,290.6363,101245.95,52.0,4.25
2023-09-29 04:00:00,2.246811,10.432129,291.1081,101216.19,52.0,4.25
2023-09-29 05:00:00,2.9060059,10.191666,291.4019,101181.33,52.0,4.25
2023-09-29 06:00:00,4.1349792,9.431381,291.51874,101192.81,52.0,4.25
2023-09-29 07:00:00,5.2341614,8.385025,291.90897,101226.98,52.0,4.25
2023-09-29 08:00:00,5.935486,7.1056976,292.57202,101263.664,52.0,4.25
2023-09-29 09:00:00,7.7819977,5.737625,292.50232,101328.75,52.0,4.25
2023-09-29 10:00:00,8.676743,-0.5855255,291.91504,101435.555,52.0,4.25
2023-09-29 11:00:00,7.2434387,-7.022354,291.21283,101572.25,52.0,4.25
2023-09-29 12:00:00,5.6948853,-6.4359436,290.70154,101695.87,52.0,4.25
2023-09-29 13:00:00,6.472748,-5.0951843,290.7929,101797.266,52.0,4.25
2023-09-29 14:00:00,7.131027,-4.6104584,290.9148,101906.19,52.0,4.25
2023-09-29 15:00:00,7.6280212,-4.4465637,290.53333,102020.234,52.0,4.25
2023-09-29 16:00:00,7.2523346,-3.7229004,290.22028,102107.8,52.0,4.25
2023-09-29 17:00:00,6.579605,-2.5931854,289.53278,102184.47,52.0,4.25
2023-09-29 18:00:00,6.232437,-1.7183075,288.13318,102271.08,52.0,4.25
2023-09-29 19:00:00,5.9296875,-0.66867065,287.23505,102329.15,52.0,4.25
2023-09-29 20:00:00,5.381424,0.083114624,286.45667,102379.31,52.0,4.25
2023-09-29 21:00:00,5.586609,0.9143219,286.51376,102387.78,52.0,4.25
2023-09-29 22:00:00,4.8635864,0.8976135,286.323,102432.0,52.0,4.25
2023-09-29 23:00:00,4.8302307,1.8580933,286.37164,102443.84,52.0,4.25
2023-09-30 00:00:00,4.457718,2.8514557,286.7588,102443.61,52.0,4.25
2023-09-30 01:00:00,4.9730377,3.39534,286.63434,102491.45,52.0,4.25
2023-09-30 02:00:00,4.7448883,3.2639465,286.44202,102519.34,52.0,4.25
2023-09-30 03:00:00,4.478195,3.3971252,286.6104,102484.39,52.0,4.25
2023-09-30 04:00:00,3.9901428,3.7493591,286.5346,102481.195,52.0,4.25
2023-09-30 05:00:00,3.7787476,3.9503632,286.3429,102500.06,52.0,4.25
2023-09-30 06:00:00,3.4209595,3.954956,285.88452,102534.24,52.0,4.25
2023-09-30 07:00:00,3.190979,4.117279,287.32507,102578.47,52.0,4.25
2023-09-30 08:00:00,2.8052979,3.917862,288.76416,102607.016,52.0,4.25
2023-09-30 09:00:00,3.7383118,4.0305634,289.98352,102632.88,52.0,4.25
2023-09-30 10:00:00,4.047653,3.3541565,290.62396,102674.34,52.0,4.25
2023-09-30 11:00:00,4.034195,3.3237,291.18036,102616.375,52.0,4.25
2023-09-30 12:00:00,4.6646576,3.0589447,291.48593,102620.516,52.0,4.25
2023-09-30 13:00:00,4.3329773,2.9041595,291.40686,102588.31,52.0,4.25
2023-09-30 14:00:00,4.006317,2.9321442,291.4491,102560.03,52.0,4.25
2023-09-30 15:00:00,3.6427612,3.0743866,291.1347,102512.97,52.0,4.25
2023-09-30 16:00:00,3.4896545,2.803238,290.7112,102496.375,52.0,4.25
2023-09-30 17:00:00,2.8342285,3.1435394,289.87308,102483.5,52.0,4.25
2023-09-30 18:00:00,1.5822601,4.2279816,289.06726,102473.46,52.0,4.25
2023-09-30 19:00:00,1.2758331,4.2848206,288.50653,102498.36,52.0,4.25
2023-09-30 20:00:00,0.86738586,6.213089,288.23218,102474.14,52.0,4.25
2023-09-30 21:00:00,1.5651093,6.634857,287.9128,102466.84,52.0,4.25
2023-09-30 22:00:00,2.0477448,6.1945343,287.9511,102445.34,52.0,4.25
2023-09-30 23:00:00,2.7621307,6.588501,288.06894,102395.25,52.0,4.25
2023-10-01 00:00:00,3.1753235,7.126297,287.8779,102340.48,52.0,4.25
2023-10-01 01:00:00,3.6582947,7.623932,287.62518,102318.734,52.0,4.25
2023-10-01 02:00:00,4.2233887,7.6845703,287.57117,102288.08,52.0,4.25
2023-10-01 03:00:00,4.874283,7.8335266,287.7227,102241.13,52.0,4.25
2023-10-01 04:00:00,5.3518677,7.430893,287.7964,102237.23,52.0,4.25
2023-10-01 05:00:00,5.252075,7.4043274,287.97235,102213.984,52.0,4.25
2023-10-01 06:00:00,5.083435,7.5330505,288.1656,102228.086,52.0,4.25
2023-10-01 07:00:00,4.626816,7.356079,288.98175,102251.91,52.0,4.25
2023-10-01 08:00:00,4.058502,6.76976,290.2705,102252.766,52.0,4.25
2023-10-01 09:00:00,4.1095886,6.246338,291.55234,102265.36,52.0,4.25
2023-10-01 10:00:00,3.5078888,6.1094666,292.71228,102268.375,52.0,4.25
2023-10-01 11:00:00,3.9608765,6.1246033,293.7643,102237.39,52.0,4.25
2023-10-01 12:00:00,4.294342,5.9615326,294.4856,102206.39,52.0,4.25
2023-10-01 13:00:00,4.73909,5.6112213,294.85367,102169.82,52.0,4.25
2023-10-01 14:00:00,4.8426514,5.233368,294.87164,102135.38,52.0,4.25
2023-10-01 15:00:00,4.376297,4.668747,294.71143,102099.03,52.0,4.25
2023-10-01 16:00:00,3.7552795,4.242508,294.41354,102071.625,52.0,4.25
2023-10-01 17:00:00,3.1564636,4.4366913,293.17798,102061.41,52.0,4.25
2023-10-01 18:00:00,2.341507,5.002762,290.8435,102060.18,52.0,4.25
2023-10-01 19:00:00,2.077591,5.856369,290.4193,102047.79,52.0,4.25
2023-10-01 20:00:00,2.377365,6.4277344,289.99884,102043.78,52.0,4.25
2023-10-01 21:00:00,3.0009918,6.576584,289.8385,102007.85,52.0,4.25
2023-10-01 22:00:00,4.5230103,6.8109283,289.81934,102005.11,52.0,4.25
2023-10-01 23:00:00,5.284973,6.150009,290.06757,101991.78,52.0,4.25
2023-10-02 00:00:00,5.4030457,5.68396,290.2497,101976.25,52.0,4.25
2023-10-02 01:00:00,5.2948914,5.2227783,289.90045,101981.92,52.0,4.25
2023-10-02 02:00:00,5.160248,4.9857025,289.64258,101946.77,52.0,4.25
2023-10-02 03:00:00,5.010681,4.840439,289.4416,101920.2,52.0,4.25
2023-10-02 04:00:00,5.030136,4.485901,289.29855,101916.86,52.0,4.25
2023-10-02 05:00:00,5.004654,4.1679993,289.1906,101904.3,52.0,4.25
2023-10-02 06:00:00,4.7402496,3.7000275,289.30096,101927.984,52.0,4.25
2023-10-02 07:00:00,4.32283,3.178955,290.03912,101954.36,52.0,4.25
2023-10-02 08:00:00,3.6645355,2.694168,291.3706,101970.5,52.0,4.25
2023-10-02 09:00:00,2.8521423,2.5521393,292.09634,101943.34,52.0,4.25
2023-10-02 10:00:00,2.1025543,2.460785,293.14133,101938.08,52.0,4.25
2023-10-02 11:00:00,2.077301,2.7425537,293.67627,101916.54,52.0,4.25
2023-10-02 12:00:00,1.5605316,3.1496582,294.29706,101889.84,52.0,4.25
2023-10-02 13:00:00,0.5405426,3.4155579,295.19455,101792.22,52.0,4.25
2023-10-02 14:00:00,0.58296204,3.392273,295.70816,101727.805,52.0,4.25
2023-10-02 15:00:00,1.677597,1.5646057,295.60175,101677.25,52.0,4.25
2023-10-02 16:00:00,-0.2887268,0.9737091,295.43478,101587.5,52.0,4.25
2023-10-02 17:00:00,-2.066269,2.2092896,293.99756,101542.33,52.0,4.25
2023-10-02 18:00:00,-3.5130615,3.5667572,292.2685,101496.64,52.0,4.25
2023-10-02 19:00:00,-3.6573792,4.934967,291.3534,101421.875,52.0,4.25
2023-10-02 20:00:00,-2.3726044,5.878601,291.25357,101366.516,52.0,4.25
2023-10-02 21:00:00,-1.9958344,7.096649,291.65848,101250.89,52.0,4.25
2023-10-02 22:00:00,-1.023407,8.960739,291.59274,101137.29,52.0,4.25
2023-10-02 23:00:00,0.4521942,10.067764,291.70703,101007.84,52.0,4.25
2023-10-03 00:00:00,2.6996002,10.88707,292.07098,100877.45,52.0,4.25
2023-10-03 01:00:00,6.077301,11.023483,292.74365,100787.83,52.0,4.25
2023-10-03 02:00:00,10.280579,9.880783,293.22397,100747.44,52.0,4.25
2023-10-03 03:00:00,12.530609,9.438522,292.75818,100731.59,52.0,4.25
2023-10-03 04:00:00,13.061813,8.993011,291.28745,100766.266,52.0,4.25
2023-10-03 05:00:00,12.45166,4.690338,291.18332,100799.19,52.0,4.25
2023-10-03 06:00:00,10.017746,-0.08961487,290.92255,100903.33,52.0,4.25
2023-10-03 07:00:00,9.139603,-3.8316498,289.90338,101043.45,52.0,4.25
2023-10-03 08:00:00,8.109436,-5.9477844,288.98035,101198.305,52.0,4.25
2023-10-03 09:00:00,7.1527405,-5.7739563,288.61115,101361.5,52.0,4.25
2023-10-03 10:00:00,6.7518616,-6.025284,288.52637,101439.86,52.0,4.25
2023-10-03 11:00:00,8.13121,-5.420044,288.0441,101566.46,52.0,4.25
2023-10-03 12:00:00,9.290161,-4.293701,287.44473,101675.11,52.0,4.25
2023-10-03 13:00:00,10.436264,-2.2617645,288.50665,101742.41,52.0,4.25
2023-10-03 14:00:00,11.362579,-0.9332886,289.83554,101825.21,52.0,4.25
2023-10-03 15:00:00,11.762451,-0.3314972,290.15976,101906.08,52.0,4.25
2023-10-03 16:00:00,11.539383,0.27648926,290.02045,101968.336,52.0,4.25
2023-10-03 17:00:00,11.068359,0.5640564,289.66385,102030.68,52.0,4.25
2023-10-03 18:00:00,10.93779,0.49336243,289.14935,102120.016,52.0,4.25
2023-10-03 19:00:00,11.438751,-0.26982117,289.14282,102202.31,52.0,4.25
2023-10-03 20:00:00,11.592514,-1.0830688,289.09265,102278.08,52.0,4.25
2023-10-03 21:00:00,10.8984375,-1.5993347,289.05518,102322.3,52.0,4.25
2023-10-03 22:00:00,11.562607,-0.5470886,288.71613,102366.016,52.0,4.25
2023-10-03 23:00:00,11.021942,-0.57785034,288.78992,102395.44,52.0,4.25
2023-10-04 00:00:00,10.230774,-1.161972,288.29047,102421.11,52.0,4.25
2023-10-04 01:00:00,9.72139,-1.23909,287.8664,102463.11,52.0,4.25
2023-10-04 02:00:00,9.254395,-1.2763824,287.82034,102483.84,52.0,4.25
2023-10-04 03:00:00,8.842163,-1.3173523,287.25433,102479.875,52.0,4.25
2023-10-04 04:00:00,7.623947,-0.4874115,286.71368,102467.03,52.0,4.25
2023-10-04 05:00:00,7.504425,0.3540039,286.45807,102509.36,52.0,4.25
2023-10-04 06:00:00,7.415497,1.4447174,286.41455,102522.44,52.0,4.25
2023-10-04 07:00:00,7.256912,3.006134,287.1125,102561.05,52.0,4.25
2023-10-04 08:00:00,6.8506927,3.6903381,288.19318,102577.36,52.0,4.25
2023-10-04 09:00:00,8.980484,3.7787476,289.2146,102614.98,52.0,4.25
2023-10-04 10:00:00,8.26828,3.537445,289.62988,102629.7,52.0,4.25
2023-10-04 11:00:00,8.722122,4.2997437,289.72696,102599.28,52.0,4.25
2023-10-04 12:00:00,9.179855,4.4185486,289.6928,102571.234,52.0,4.25
2023-10-04 13:00:00,9.379089,4.3171997,289.55267,102563.805,52.0,4.25
2023-10-04 14:00:00,9.500183,4.1836243,289.655,102525.48,52.0,4.25
2023-10-04 15:00:00,9.476242,4.0183716,289.877,102476.484,52.0,4.25
2023-10-04 16:00:00,9.203369,3.8459778,289.6004,102458.16,52.0,4.25
2023-10-04 17:00:00,9.076157,3.9351807,289.07416,102441.9,52.0,4.25
2023-10-04 18:00:00,9.037201,4.1321564,288.8344,102447.34,52.0,4.25
2023-10-04 19:00:00,9.121185,4.0625,288.6178,102416.28,52.0,4.25
2023-10-04 20:00:00,9.504456,3.6887512,288.5176,102417.234,52.0,4.25
2023-10-04 21:00:00,9.877838,3.3569336,288.49963,102365.234,52.0,4.25
2023-10-04 22:00:00,10.251846,3.7361145,288.75363,102331.2,52.0,4.25
2023-10-04 23:00:00,10.476395,3.2618103,288.79376,102283.4,52.0,4.25
2023-10-05 00:00:00,10.94017,2.3722687,288.75763,102278.42,52.0,4.25
2023-10-05 01:00:00,11.0282135,1.7541504,288.75357,102250.53,52.0,4.25
2023-10-05 02:00:00,11.078766,0.68852234,288.58612,102271.14,52.0,4.25
2023-10-05 03:00:00,10.334412,0.086120605,288.553,102243.234,52.0,4.25
2023-10-05 04:00:00,9.531342,0.4353485,288.2275,102227.33,52.0,4.25
2023-10-05 05:00:00,9.079758,0.79026794,288.05737,102234.39,52.0,4.25
2023-10-05 06:00:00,8.712357,0.2902527,288.0154,102256.81,52.0,4.25
2023-10-05 07:00:00,8.255447,-0.12591553,288.42773,102327.88,52.0,4.25
2023-10-05 08:00:00,7.60614,0.043014526,288.9947,102367.984,52.0,4.25
2023-10-05 09:00:00,6.7158203,0.43865967,289.448,102446.945,52.0,4.25
2023-10-05 10:00:00,5.084091,0.49717712,289.45456,102487.875,52.0,4.25
2023-10-05 11:00:00,6.2057495,0.29193115,290.3465,102481.48,52.0,4.25
2023-10-05 12:00:00,6.7780304,1.0970764,290.6675,102477.56,52.0,4.25
2023-10-05 13:00:00,7.3276215,1.7935944,290.68958,102482.91,52.0,4.25
2023-10-05 14:00:00,7.251465,2.3286438,290.71246,102488.11,52.0,4.25
2023-10-05 15:00:00,6.093979,3.368164,290.56323,102432.805,52.0,4.25
2023-10-05 16:00:00,5.7190094,4.2604675,289.99963,102436.92,52.0,4.25
2023-10-05 17:00:00,5.9650116,4.6435547,289.19208,102454.2,52.0,4.25
2023-10-05 18:00:00,5.7835083,4.6382446,288.76495,102470.69,52.0,4.25
2023-10-05 19:00:00,5.4719696,4.8721466,288.48602,102479.664,52.0,4.25
2023-10-05 20:00:00,5.1990356,5.857071,288.23438,102464.01,52.0,4.25
2023-10-05 21:00:00,5.282593,6.7269897,288.24475,102441.19,52.0,4.25
2023-10-05 22:00:00,6.580719,7.2640076,287.96616,102445.61,52.0,4.25
2023-10-05 23:00:00,7.933365,7.039261,288.14804,102434.2,52.0,4.25
2023-10-06 00:00:00,8.071991,6.9742737,288.24973,102399.47,52.0,4.25
2023-10-06 01:00:00,7.8656464,7.349777,288.1634,102368.09,52.0,4.25
2023-10-06 02:00:00,7.991989,7.4502106,287.9093,102347.28,52.0,4.25
2023-10-06 03:00:00,7.7637177,7.4259033,287.68018,102313.0,52.0,4.25
2023-10-06 04:00:00,7.5250244,7.715088,287.49854,102278.625,52.0,4.25
2023-10-06 05:00:00,7.358536,8.07843,287.53018,102245.22,52.0,4.25
2023-10-06 06:00:00,7.5720367,8.163254,287.62637,102243.33,52.0,4.25
2023-10-06 07:00:00,7.855484,8.121689,288.13,102273.734,52.0,4.25
2023-10-06 08:00:00,7.658783,8.154556,289.08282,102282.8,52.0,4.25
2023-10-06 09:00:00,9.120453,7.4955597,289.96597,102284.84,52.0,4.25
2023-10-06 10:00:00,11.093353,5.1341705,290.99866,102308.22,52.0,4.25
2023-10-06 11:00:00,10.641586,5.6671143,291.51154,102280.41,52.0,4.25
2023-10-06 12:00:00,9.595367,6.500061,291.96106,102246.85,52.0,4.25
2023-10-06 13:00:00,9.743973,6.8909607,292.27856,102220.03,52.0,4.25
2023-10-06 14:00:00,10.110962,6.806183,292.44305,102197.41,52.0,4.25
2023-10-06 15:00:00,9.624908,6.492691,292.12427,102165.66,52.0,4.25
2023-10-06 16:00:00,9.614853,6.288849,291.7372,102168.74,52.0,4.25
2023-10-06 17:00:00,10.079437,6.4211273,291.11603,102169.195,52.0,4.25
2023-10-06 18:00:00,10.686218,6.278076,290.43127,102162.016,52.0,4.25
2023-10-06 19:00:00,10.496399,5.820053,290.02817,102166.45,52.0,4.25
2023-10-06 20:00:00,9.960846,5.956482,289.92767,102152.92,52.0,4.25
2023-10-06 21:00:00,10.190781,5.5701904,289.85165,102146.96,52.0,4.25
2023-10-06 22:00:00,10.680084,4.80896,289.79486,102174.2,52.0,4.25
2023-10-06 23:00:00,10.589279,4.422531,290.09235,102135.97,52.0,4.25
2023-10-07 00:00:00,10.724426,4.08638,290.48468,102113.305,52.0,4.25
2023-10-07 01:00:00,11.130005,3.042038,290.73218,102101.18,52.0,4.25
2023-10-07 02:00:00,11.268753,1.982193,290.9186,102080.52,52.0,4.25
2023-10-07 03:00:00,9.803757,2.3890991,290.94583,102060.36,52.0,4.25
2023-10-07 04:00:00,10.421265,3.0366974,290.86188,102054.17,52.0,4.25
2023-10-07 05:00:00,9.765198,3.4651184,290.67548,102047.3,52.0,4.25
2023-10-07 06:00:00,9.567108,4.4783173,290.55737,102036.76,52.0,4.25
2023-10-07 07:00:00,9.405701,5.5740204,290.6001,102052.28,52.0,4.25
2023-10-07 08:00:00,9.733795,4.796463,291.0686,102100.97,52.0,4.25
2023-10-07 09:00:00,10.379074,4.4942474,291.72467,102107.0,52.0,4.25
2023-10-07 10:00:00,11.30336,3.0533752,291.8556,102138.52,52.0,4.25
2023-10-07 11:00:00,10.687561,2.5959778,292.08994,102148.29,52.0,4.25
2023-10-07 12:00:00,11.55748,2.3751068,292.2188,102177.09,52.0,4.25
2023-10-07 13:00:00,10.675598,2.9696655,292.3873,102150.36,52.0,4.25
2023-10-07 14:00:00,10.453842,4.1559753,292.3844,102141.76,52.0,4.25
2023-10-07 15:00:00,10.53804,4.6739807,292.4602,102106.914,52.0,4.25
2023-10-07 16:00:00,11.332748,4.718521,292.4571,102110.81,52.0,4.25
2023-10-07 17:00:00,11.3667755,5.258148,292.11902,102096.81,52.0,4.25
2023-10-07 18:00:00,11.528885,3.7962189,291.91476,102129.89,52.0,4.25
2023-10-07 19:00:00,11.752121,2.7219543,292.0127,102173.586,52.0,4.25
2023-10-07 20:00:00,11.111359,2.1761322,292.03186,102174.81,52.0,4.25
2023-10-07 21:00:00,10.0468445,0.672699,292.16156,102210.734,52.0,4.25
2023-10-07 22:00:00,10.244644,-0.44604492,291.87714,102229.14,52.0,4.25
2023-10-07 23:00:00,9.043884,-2.3303375,291.70325,102272.2,52.0,4.25
2023-10-08 00:00:00,6.72316,-3.5064392,291.41107,102292.12,52.0,4.25
2023-10-08 01:00:00,4.8373566,-3.5045166,290.59772,102301.09,52.0,4.25
2023-10-08 02:00:00,3.8085938,-2.8770447,289.7567,102303.17,52.0,4.25
2023-10-08 03:00:00,1.9917755,-4.417633,288.81506,102356.16,52.0,4.25
2023-10-08 04:00:00,-0.4344635,-3.7115173,288.45166,102412.836,52.0,4.25
2023-10-08 05:00:00,-2.0988312,-1.723465,288.43073,102395.92,52.0,4.25
2023-10-08 06:00:00,-3.208023,-2.2047424,288.0595,102425.67,52.0,4.25
2023-10-08 07:00:00,-4.2517853,-2.4407043,287.6301,102497.61,52.0,4.25
2023-10-08 08:00:00,-4.5509796,-0.94641113,288.31842,102556.61,52.0,4.25
2023-10-08 09:00:00,-4.674713,0.1431427,289.25055,102588.125,52.0,4.25
2023-10-08 10:00:00,-4.4043427,1.6869507,290.45715,102594.28,52.0,4.25
2023-10-08 11:00:00,-3.0487518,2.4279175,291.31238,102575.0,52.0,4.25
2023-10-08 12:00:00,-1.7294769,3.4198303,292.05157,102533.56,52.0,4.25
2023-10-08 13:00:00,-0.55696106,2.978119,292.86374,102489.266,52.0,4.25
2023-10-08 14:00:00,-0.097854614,2.5451508,293.13367,102436.17,52.0,4.25
2023-10-08 15:00:00,0.9782257,2.825592,293.0062,102369.36,52.0,4.25
2023-10-08 16:00:00,1.5699615,2.823349,292.29877,102341.32,52.0,4.25
2023-10-08 17:00:00,1.7276459,3.1106873,290.83978,102326.44,52.0,4.25
2023-10-08 18:00:00,2.1168976,3.4707642,290.02362,102269.06,52.0,4.25
2023-10-08 19:00:00,3.09169,3.930725,289.44855,102241.766,52.0,4.25
2023-10-08 20:00:00,4.672867,4.1966095,288.75992,102180.83,52.0,4.25
2023-10-08 21:00:00,6.3666687,3.500534,288.32742,102170.45,52.0,4.25
2023-10-08 22:00:00,8.080627,2.9871063,288.294,102137.81,52.0,4.25
2023-10-08 23:00:00,8.688293,1.888092,288.87747,102103.59,52.0,4.25
2023-10-09 00:00:00,9.210541,1.9819794,289.57803,102021.42,52.0,4.25
2023-10-09 01:00:00,9.798599,-0.24299622,290.3695,102014.88,52.0,4.25
2023-10-09 02:00:00,8.72316,-0.49726868,290.7127,101972.3,52.0,4.25
2023-10-09 03:00:00,8.575958,0.10725403,290.74545,101931.59,52.0,4.25
2023-10-09 04:00:00,8.653717,0.8382416,290.66364,101921.52,52.0,4.25
2023-10-09 05:00:00,9.144211,-0.48872375,290.51892,101952.66,52.0,4.25
2023-10-09 06:00:00,8.295715,-1.4085083,290.46252,101971.25,52.0,4.25
2023-10-09 07:00:00,6.3501587,0.95477295,290.53928,101931.75,52.0,4.25
2023-10-09 08:00:00,8.006317,1.197586,291.2141,101974.33,52.0,4.25
2023-10-09 09:00:00,8.039902,-1.1799927,291.73593,102056.86,52.0,4.25
2023-10-09 10:00:00,5.9705963,-2.0914764,292.11676,102065.91,52.0,4.25
2023-10-09 11:00:00,5.90123,-2.0800629,292.33435,102089.47,52.0,4.25
2023-10-09 12:00:00,5.7220764,-2.3243256,292.22742,102087.625,52.0,4.25
2023-10-09 13:00:00,5.0385284,-2.7265778,292.0808,102077.51,52.0,4.25
2023-10-09 14:00:00,4.666641,-2.5853882,292.00262,102065.97,52.0,4.25
2023-10-09 15:00:00,4.625412,-2.6440582,291.9184,102063.23,52.0,4.25
2023-10-09 16:00:00,4.0706787,-1.8562012,291.53268,102068.305,52.0,4.25
2023-10-09 17:00:00,3.9183044,-1.664444,290.80405,102088.77,52.0,4.25
2023-10-09 18:00:00,3.689331,-1.2024689,289.6374,102111.89,52.0,4.25
2023-10-09 19:00:00,3.804245,-0.40971375,288.87158,102116.875,52.0,4.25
2023-10-09 20:00:00,3.645401,0.41340637,288.5515,102104.0,52.0,4.25
2023-10-09 21:00:00,3.2334595,0.55778503,288.66412,102120.91,52.0,4.25
2023-10-09 22:00:00,3.0118866,0.79725647,287.66748,102139.78,52.0,4.25
2023-10-09 23:00:00,2.8848114,1.8153687,287.24884,102086.445,52.0,4.25
2023-10-10 00:00:00,2.686615,3.451233,287.3496,102061.47,52.0,4.25
2023-10-10 01:00:00,2.548111,4.944229,287.12003,102015.14,52.0,4.25
2023-10-10 02:00:00,2.8024597,5.5582123,287.08838,101977.81,52.0,4.25
2023-10-10 03:00:00,3.0713654,5.8627167,287.11646,101944.74,52.0,4.25
2023-10-10 04:00:00,3.0134735,6.379837,287.16455,101893.78,52.0,4.25
2023-10-10 05:00:00,3.3205566,6.8800507,286.987,101843.47,52.0,4.25
2023-10-10 06:00:00,3.8355408,6.92836,286.78183,101810.08,52.0,4.25
2023-10-10 07:00:00,4.3701935,6.6061554,287.2269,101794.34,52.0,4.25
2023-10-10 08:00:00,5.2445984,5.865494,288.29758,101808.18,52.0,4.25
2023-10-10 09:00:00,5.3668976,4.7302856,289.90683,101813.69,52.0,4.25
2023-10-10 10:00:00,5.11644,4.2634583,291.90527,101804.84,52.0,4.25
2023-10-10 11:00:00,5.3832703,4.5969086,293.08057,101776.36,52.0,4.25
2023-10-10 12:00:00,4.8984222,4.8006744,293.873,101738.09,52.0,4.25
2023-10-10 13:00:00,4.96138,5.762863,294.3228,101682.11,52.0,4.25
2023-10-10 14:00:00,4.86026,6.4397736,294.5451,101643.7,52.0,4.25
2023-10-10 15:00:00,4.4891815,7.170868,294.43262,101576.984,52.0,4.25
2023-10-10 16:00:00,5.0105133,8.27124,294.03412,101526.79,52.0,4.25
2023-10-10 17:00:00,6.1481323,8.625351,292.8946,101481.08,52.0,4.25
2023-10-10 18:00:00,7.8967896,7.941971,292.13248,101480.66,52.0,4.25
2023-10-10 19:00:00,9.31337,7.146225,291.2749,101462.11,52.0,4.25
2023-10-10 20:00:00,9.794418,6.6418915,290.7356,101452.84,52.0,4.25
2023-10-10 21:00:00,9.825348,6.4819183,290.22473,101439.78,52.0,4.25
2023-10-10 22:00:00,10.028076,6.466522,289.9134,101430.016,52.0,4.25
2023-10-10 23:00:00,9.791122,6.999817,289.75528,101397.56,52.0,4.25
2023-10-11 00:00:00,9.640518,7.074646,289.63464,101393.625,52.0,4.25
2023-10-11 01:00:00,10.230301,6.509659,289.5738,101386.41,52.0,4.25
2023-10-11 02:00:00,9.898163,6.4091644,289.47598,101321.58,52.0,4.25
2023-10-11 03:00:00,9.439865,6.508545,289.29968,101276.516,52.0,4.25
2023-10-11 04:00:00,9.845215,6.171402,289.3175,101262.914,52.0,4.25
2023-10-11 05:00:00,10.241959,5.952362,289.59045,101247.46,52.0,4.25
2023-10-11 06:00:00,10.579712,5.971573,289.78006,101246.625,52.0,4.25
2023-10-11 07:00:00,11.03746,5.698532,290.268,101269.06,52.0,4.25
2023-10-11 08:00:00,12.133972,5.1454315,290.69934,101310.05,52.0,4.25
2023-10-11 09:00:00,12.215668,5.0270996,291.05853,101316.0,52.0,4.25
2023-10-11 10:00:00,12.825592,4.9553833,291.11145,101356.39,52.0,4.25
2023-10-11 11:00:00,11.707535,5.748001,291.448,101321.5,52.0,4.25
2023-10-11 12:00:00,10.657639,7.005905,291.6444,101299.234,52.0,4.25
2023-10-11 13:00:00,9.61586,7.7185516,292.1516,101242.2,52.0,4.25
2023-10-11 14:00:00,7.962372,7.329193,292.4122,101194.5,52.0,4.25
2023-10-11 15:00:00,7.377121,6.571762,292.1076,101127.695,52.0,4.25
2023-10-11 16:00:00,9.196106,6.0625153,291.71692,101116.26,52.0,4.25
2023-10-11 17:00:00,9.617203,5.7240906,291.4406,101114.97,52.0,4.25
2023-10-11 18:00:00,10.144348,5.694046,291.47443,101110.516,52.0,4.25
2023-10-11 19:00:00,9.500946,5.906418,291.34772,101080.78,52.0,4.25
2023-10-11 20:00:00,10.486359,6.0477753,290.99634,101078.56,52.0,4.25
2023-10-11 21:00:00,10.88884,4.969101,290.52774,101068.805,52.0,4.25
2023-10-11 22:00:00,9.975388,2.070755,290.47363,101102.56,52.0,4.25
2023-10-11 23:00:00,9.678253,0.41427612,290.3683,101141.766,52.0,4.25
2023-10-12 00:00:00,8.148331,-0.5104065,289.5487,101171.94,52.0,4.25
2023-10-12 01:00:00,6.0146484,-0.91503906,288.82635,101206.44,52.0,4.25
2023-10-12 02:00:00,3.628128,-0.4910431,288.17822,101190.58,52.0,4.25
2023-10-12 03:00:00,2.3410187,0.15016174,287.74103,101177.016,52.0,4.25
2023-10-12 04:00:00,3.1200256,0.9423218,287.5495,101220.86,52.0,4.25
2023-10-12 05:00:00,3.481079,1.5189667,287.5553,101233.516,52.0,4.25
2023-10-12 06:00:00,2.6244812,1.333664,287.4727,101252.37,52.0,4.25
2023-10-12 07:00:00,1.4136963,0.47169495,287.3711,101319.266,52.0,4.25
2023-10-12 08:00:00,-0.48545837,1.184967,287.4423,101344.836,52.0,4.25
2023-10-12 09:00:00,-1.2081299,2.636917,287.68408,101314.69,52.0,4.25
2023-10-12 10:00:00,0.22705078,4.994156,289.02875,101326.76,52.0,4.25
2023-10-12 11:00:00,2.019394,5.100357,289.2743,101281.07,52.0,4.25
2023-10-12 12:00:00,3.3188934,5.7086945,289.44196,101242.47,52.0,4.25
2023-10-12 13:00:00,4.2702637,5.5200195,289.51727,101206.83,52.0,4.25
2023-10-12 14:00:00,4.960144,5.1732635,289.3841,101183.31,52.0,4.25
2023-10-12 15:00:00,5.618469,4.3888855,289.50696,101159.2,52.0,4.25
2023-10-12 16:00:00,5.9598083,3.774994,289.7439,101139.89,52.0,4.25
2023-10-12 17:00:00,6.5310974,3.3518372,289.8042,101148.64,52.0,4.25
2023-10-12 18:00:00,7.0260468,2.95224,289.7235,101181.17,52.0,4.25
2023-10-12 19:00:00,6.9267883,2.7996979,289.81018,101196.34,52.0,4.25
2023-10-12 20:00:00,6.769226,3.4866638,289.98886,101201.16,52.0,4.25
2023-10-12 21:00:00,6.656662,4.4592743,290.12592,101161.41,52.0,4.25
2023-10-12 22:00:00,6.4898987,5.880005,290.06253,101134.016,52.0,4.25
2023-10-12 23:00:00,7.385666,6.827408,289.98956,101090.86,52.0,4.25
2023-10-13 00:00:00,6.9781036,7.2769165,289.97498,101085.055,52.0,4.25
2023-10-13 01:00:00,6.3249054,8.0299835,289.91077,101013.26,52.0,4.25
2023-10-13 02:00:00,5.24321,7.463455,289.75262,100913.38,52.0,4.25
2023-10-13 03:00:00,3.0611115,7.981537,289.67273,100805.28,52.0,4.25
2023-10-13 04:00:00,3.0608673,11.204681,289.72708,100654.69,52.0,4.25
2023-10-13 05:00:00,8.534637,10.549789,290.62665,100569.21,52.0,4.25
2023-10-13 06:00:00,7.6697083,9.870331,291.05536,100497.2,52.0,4.25
2023-10-13 07:00:00,5.3634033,12.885117,291.21863,100382.59,52.0,4.25
2023-10-13 08:00:00,6.6138916,13.712997,291.8422,100325.83,52.0,4.25
2023-10-13 09:00:00,8.451553,13.432495,292.3901,100284.3,52.0,4.25
2023-10-13 10:00:00,9.985748,13.474533,292.60938,100218.19,52.0,4.25
2023-10-13 11:00:00,11.352798,12.421692,292.0588,100179.83,52.0,4.25
2023-10-13 12:00:00,12.449432,12.184158,293.3074,100160.72,52.0,4.25
2023-10-13 13:00:00,13.39183,11.23111,293.51904,100114.08,52.0,4.25
2023-10-13 14:00:00,13.29451,10.988068,292.7232,100113.89,52.0,4.25
2023-10-13 15:00:00,12.732025,10.741241,292.3661,100054.016,52.0,4.25
2023-10-13 16:00:00,11.968628,10.451996,292.24158,100002.95,52.0,4.25
2023-10-13 17:00:00,11.550476,10.39743,291.7829,99974.04,52.0,4.25
2023-10-13 18:00:00,11.176193,10.337967,291.3153,99951.016,52.0,4.25
2023-10-13 19:00:00,11.301254,10.396866,290.96472,99924.79,52.0,4.25
2023-10-13 20:00:00,12.513184,10.473236,290.7531,99891.65,52.0,4.25
2023-10-13 21:00:00,14.2430725,6.195053,290.60718,99870.516,52.0,4.25
2023-10-13 22:00:00,8.549072,-6.8765106,287.98926,99957.7,52.0,4.25
2023-10-13 23:00:00,4.860672,-8.507645,286.67395,100113.8,52.0,4.25
2023-10-14 00:00:00,7.8392944,-6.878067,286.75793,100240.36,52.0,4.25
2023-10-14 01:00:00,9.014511,-7.0417786,286.55408,100366.56,52.0,4.25
2023-10-14 02:00:00,9.576202,-6.46109,285.99323,100509.07,52.0,4.25
2023-10-14 03:00:00,9.980698,-5.876831,285.64093,100640.41,52.0,4.25
2023-10-14 04:00:00,9.791367,-5.1948547,285.37805,100770.86,52.0,4.25
2023-10-14 05:00:00,9.787323,-4.1880493,285.04572,100854.84,52.0,4.25
2023-10-14 06:00:00,10.0867,-3.4210205,284.78687,100950.14,52.0,4.25
2023-10-14 07:00:00,10.393066,-3.1145782,285.10928,101082.38,52.0,4.25
2023-10-14 08:00:00,10.612518,-3.098877,285.77393,101170.87,52.0,4.25
2023-10-14 09:00:00,10.665817,-3.2687378,286.14496,101249.65,52.0,4.25
2023-10-14 10:00:00,9.731415,-3.1240692,286.5755,101347.67,52.0,4.25
2023-10-14 11:00:00,9.572159,-2.9242554,286.28595,101397.78,52.0,4.25
2023-10-14 12:00:00,9.90657,-3.2142944,286.1516,101437.9,52.0,4.25
2023-10-14 13:00:00,10.2066345,-3.770523,286.01953,101495.19,52.0,4.25
2023-10-14 14:00:00,10.268188,-4.850525,285.91296,101546.53,52.0,4.25
2023-10-14 15:00:00,9.740021,-5.406418,285.52667,101564.86,52.0,4.25
2023-10-14 16:00:00,8.7908325,-6.0298004,285.09534,101641.78,52.0,4.25
2023-10-14 17:00:00,7.8426666,-5.9614105,284.29642,101691.516,52.0,4.25
2023-10-14 18:00:00,7.070587,-5.280014,283.9745,101746.08,52.0,4.25
2023-10-14 19:00:00,6.740143,-4.0928802,283.53787,101785.984,52.0,4.25
2023-10-14 20:00:00,7.2782745,-2.4631195,283.12042,101785.59,52.0,4.25
2023-10-14 21:00:00,8.004303,-1.9720917,283.09418,101829.2,52.0,4.25
2023-10-14 22:00:00,7.5711823,-0.0025177002,282.8944,101825.36,52.0,4.25
2023-10-14 23:00:00,7.7072906,-0.74964905,282.46716,101807.64,52.0,4.25
2023-10-15 00:00:00,7.7914734,-2.3900146,281.93433,101822.91,52.0,4.25
2023-10-15 01:00:00,7.7131653,-3.7314606,281.89038,101810.79,52.0,4.25
2023-10-15 02:00:00,7.522003,-4.927063,281.69556,101848.16,52.0,4.25
2023-10-15 03:00:00,6.9754486,-5.404358,281.7303,101856.55,52.0,4.25
2023-10-15 04:00:00,7.1550446,-6.3515625,281.43732,101872.625,52.0,4.25
2023-10-15 05:00:00,6.864029,-7.693329,281.3391,101903.234,52.0,4.25
2023-10-15 06:00:00,6.0455475,-8.091217,281.39856,101912.17,52.0,4.25
2023-10-15 07:00:00,5.1227264,-7.958359,281.76624,101991.234,52.0,4.25
2023-10-15 08:00:00,4.198059,-7.407791,282.1181,102055.15,52.0,4.25
2023-10-15 09:00:00,3.626419,-7.0943146,282.54785,102143.64,52.0,4.25
2023-10-15 10:00:00,3.1168365,-6.0926666,283.27777,102204.41,52.0,4.25
2023-10-15 11:00:00,3.5764923,-6.0637665,283.50613,102254.125,52.0,4.25
2023-10-15 12:00:00,4.1204224,-6.638626,283.82806,102277.34,52.0,4.25
2023-10-15 13:00:00,3.7098846,-6.8749695,283.9253,102310.734,52.0,4.25
2023-10-15 14:00:00,3.3640137,-6.7920227,283.59665,102343.28,52.0,4.25
2023-10-15 15:00:00,3.4570007,-6.5998383,283.9024,102364.3,52.0,4.25
2023-10-15 16:00:00,3.2125854,-6.4546814,283.4225,102364.36,52.0,4.25
2023-10-15 17:00:00,2.5827942,-5.7541656,282.3924,102399.41,52.0,4.25
2023-10-15 18:00:00,2.3996582,-5.0054626,281.6219,102434.14,52.0,4.25
2023-10-15 19:00:00,2.157013,-4.3818817,281.7575,102457.56,52.0,4.25
2023-10-15 20:00:00,2.3725128,-3.7334442,282.13638,102484.42,52.0,4.25
2023-10-15 21:00:00,2.3935394,-3.3671722,281.76825,102493.02,52.0,4.25
2023-10-15 22:00:00,1.8100739,-2.1291199,280.87415,102474.805,52.0,4.25
2023-10-15 23:00:00,1.7771912,-1.1903534,281.09692,102432.67,52.0,4.25
2023-10-16 00:00:00,2.3960266,-0.44654846,280.60443,102433.22,52.0,4.25
2023-10-16 01:00:00,3.0169678,-0.17500305,281.1723,102407.19,52.0,4.25
2023-10-16 02:00:00,3.0590668,-0.4678192,280.7879,102379.15,52.0,4.25
2023-10-16 03:00:00,2.9073029,-1.1140442,280.3663,102357.125,52.0,4.25
2023-10-16 04:00:00,2.1916199,-1.3966217,280.53516,102348.17,52.0,4.25
2023-10-16 05:00:00,1.5983582,-1.2543793,280.5647,102312.17,52.0,4.25
2023-10-16 06:00:00,1.3237915,-0.8749237,280.83887,102285.06,52.0,4.25
2023-10-16 07:00:00,0.74713135,-0.5578003,281.48285,102303.56,52.0,4.25
2023-10-16 08:00:00,0.4598999,0.10992432,282.79654,102311.766,52.0,4.25
2023-10-16 09:00:00,0.068099976,0.50523376,283.9982,102319.81,52.0,4.25
2023-10-16 10:00:00,-0.89201355,0.7582855,285.44498,102331.43,52.0,4.25
2023-10-16 11:00:00,-1.2157745,0.8376465,286.00134,102280.3,52.0,4.25
2023-10-16 12:00:00,-1.5911102,0.8095398,285.98083,102259.59,52.0,4.25
2023-10-16 13:00:00,-1.861145,0.31062317,286.2403,102213.73,52.0,4.25
2023-10-16 14:00:00,-2.418579,-0.28697205,286.14896,102194.96,52.0,4.25
2023-10-16 15:00:00,-3.041092,-0.5979614,285.90942,102137.13,52.0,4.25
2023-10-16 16:00:00,-3.6417694,-0.6361542,285.25287,102140.03,52.0,4.25
2023-10-16 17:00:00,-4.4620514,-0.6177368,284.08337,102130.61,52.0,4.25
2023-10-16 18:00:00,-5.4213104,-0.4484558,283.24683,102130.83,52.0,4.25
2023-10-16 19:00:00,-6.0375366,-0.19328308,282.78424,102123.94,52.0,4.25
2023-10-16 20:00:00,-5.9304504,-0.11616516,282.5465,102138.03,52.0,4.25
2023-10-16 21:00:00,-6.2618103,-0.302063,282.1992,102154.32,52.0,4.25
2023-10-16 22:00:00,-6.542938,0.11294556,281.57062,102140.83,52.0,4.25
2023-10-16 23:00:00,-6.5144806,-0.17834473,281.3332,102121.516,52.0,4.25
2023-10-17 00:00:00,-6.614258,0.034805298,281.33566,102102.445,52.0,4.25
2023-10-17 01:00:00,-6.573822,0.2796173,281.27643,102078.89,52.0,4.25
2023-10-17 02:00:00,-6.766098,0.03779602,281.24124,102014.11,52.0,4.25
2023-10-17 03:00:00,-6.780182,-0.4245453,281.10715,102006.38,52.0,4.25
2023-10-17 04:00:00,-7.1616974,-0.599823,281.0332,102006.14,52.0,4.25
2023-10-17 05:00:00,-7.614044,-0.480484,280.66653,101972.42,52.0,4.25
2023-10-17 06:00:00,-8.046387,-0.40367126,280.47852,101967.8,52.0,4.25
2023-10-17 07:00:00,-8.377792,-0.20028687,280.47137,101980.17,52.0,4.25
2023-10-17 08:00:00,-8.077942,-0.07254028,281.78604,101998.33,52.0,4.25
2023-10-17 09:00:00,-7.673752,0.5040436,283.04898,101975.85,52.0,4.25
2023-10-17 10:00:00,-7.1399536,0.5115509,284.1853,101983.86,52.0,4.25
2023-10-17 11:00:00,-8.331985,0.9194031,284.94562,101927.625,52.0,4.25
2023-10-17 12:00:00,-9.097931,0.7404938,285.42102,101855.36,52.0,4.25
2023-10-17 13:00:00,-9.245895,0.43850708,285.6971,101773.72,52.0,4.25
2023-10-17 14:00:00,-9.086044,0.41177368,285.69812,101717.11,52.0,4.25
2023-10-17 15:00:00,-8.984604,0.30589294,285.42175,101663.836,52.0,4.25
2023-10-17 16:00:00,-9.268753,-0.1492157,284.6927,101646.2,52.0,4.25
2023-10-17 17:00:00,-9.887985,-0.30093384,283.4034,101644.53,52.0,4.25
2023-10-17 18:00:00,-10.088562,-0.057495117,282.73438,101631.28,52.0,4.25
2023-10-17 19:00:00,-10.18335,0.28019714,282.26852,101592.734,52.0,4.25
2023-10-17 20:00:00,-10.26207,0.7671509,281.8684,101542.266,52.0,4.25
2023-10-17 21:00:00,-10.202103,1.1098938,281.50616,101490.625,52.0,4.25
2023-10-17 22:00:00,-10.185013,1.0929871,280.97363,101437.09,52.0,4.25
2023-10-17 23:00:00,-9.966827,1.4017029,280.67395,101355.25,52.0,4.25
2023-10-18 00:00:00,-9.889252,1.8348389,280.44293,101296.58,52.0,4.25
2023-10-18 01:00:00,-9.886414,1.9562225,280.19516,101228.875,52.0,4.25
2023-10-18 02:00:00,-10.191025,1.7714539,280.03394,101160.3,52.0,4.25
2023-10-18 03:00:00,-10.577942,1.5697021,279.9886,101069.19,52.0,4.25
2023-10-18 04:00:00,-10.833038,2.046463,279.9583,101003.92,52.0,4.25
2023-10-18 05:00:00,-11.145981,2.282669,279.9684,100909.0,52.0,4.25
2023-10-18 06:00:00,-11.336548,2.326645,279.9405,100828.78,52.0,4.25
2023-10-18 07:00:00,-11.297379,2.7324371,280.09302,100795.99,52.0,4.25
2023-10-18 08:00:00,-11.091232,3.1491852,280.68213,100711.83,52.0,4.25
2023-10-18 09:00:00,-10.42688,3.0814514,281.6716,100634.3,52.0,4.25
2023-10-18 10:00:00,-9.693741,3.036087,283.14645,100539.31,52.0,4.25
2023-10-18 11:00:00,-9.677948,2.7404175,284.27252,100416.95,52.0,4.25
2023-10-18 12:00:00,-9.789154,2.8574982,285.38446,100292.66,52.0,4.25
2023-10-18 13:00:00,-10.112808,2.606964,286.0863,100139.266,52.0,4.25
2023-10-18 14:00:00,-10.481415,2.6032715,286.23047,100014.28,52.0,4.25
2023-10-18 15:00:00,-11.609634,3.7077637,285.9746,99894.72,52.0,4.25
2023-10-18 16:00:00,-11.435715,4.3728485,285.73566,99797.96,52.0,4.25
2023-10-18 17:00:00,-11.232208,5.1952667,285.61206,99707.164,52.0,4.25
2023-10-18 18:00:00,-10.636383,5.8968964,285.4429,99627.88,52.0,4.25
2023-10-18 19:00:00,-11.186859,5.8439484,284.87274,99487.1,52.0,4.25
2023-10-18 20:00:00,-11.3407135,6.3497925,284.00073,99406.234,52.0,4.25
2023-10-18 21:00:00,-11.261978,7.029709,283.99963,99268.66,52.0,4.25
2023-10-18 22:00:00,-10.151535,7.5388184,284.53455,99197.91,52.0,4.25
2023-10-18 23:00:00,-7.000412,8.731796,285.4831,99124.05,52.0,4.25
2023-10-19 00:00:00,-1.9092712,9.217621,287.04053,99112.78,52.0,4.25
2023-10-19 01:00:00,2.2433472,9.539566,288.11414,99092.766,52.0,4.25
2023-10-19 02:00:00,4.7324066,10.017319,288.5287,99096.05,52.0,4.25
2023-10-19 03:00:00,4.6816254,9.775085,288.3629,99064.91,52.0,4.25
2023-10-19 04:00:00,3.526657,9.584656,287.88043,99046.86,52.0,4.25
2023-10-19 05:00:00,2.721405,9.483231,287.50748,99062.09,52.0,4.25
2023-10-19 06:00:00,2.2937775,9.308456,287.3876,99093.734,52.0,4.25
2023-10-19 07:00:00,1.488739,8.753693,287.39175,99126.1,52.0,4.25
2023-10-19 08:00:00,-0.34291077,7.848175,287.81372,99117.79,52.0,4.25
2023-10-19 09:00:00,-1.0028534,7.290573,288.5217,99097.164,52.0,4.25
2023-10-19 10:00:00,-0.06187439,8.360519,289.26093,99089.41,52.0,4.25
2023-10-19 11:00:00,-1.2864685,7.8858337,289.9225,99040.86,52.0,4.25
2023-10-19 12:00:00,-2.215866,7.841934,290.1548,99019.83,52.0,4.25
2023-10-19 13:00:00,-3.9142914,6.9681244,289.61664,98951.25,52.0,4.25
2023-10-19 14:00:00,-5.232712,7.046875,289.19592,98903.73,52.0,4.25
2023-10-19 15:00:00,-5.5494537,6.9535675,289.10834,98828.92,52.0,4.25
2023-10-19 16:00:00,-4.92395,7.069641,289.48193,98802.11,52.0,4.25
2023-10-19 17:00:00,-5.328659,6.7064514,289.20392,98810.74,52.0,4.25
2023-10-19 18:00:00,-5.9076385,6.2968903,288.7659,98790.28,52.0,4.25
2023-10-19 19:00:00,-6.2526855,5.140625,288.28052,98716.234,52.0,4.25
2023-10-19 20:00:00,-6.7531586,4.923889,288.06546,98675.39,52.0,4.25
2023-10-19 21:00:00,-7.0068817,4.3135834,287.78583,98650.09,52.0,4.25
2023-10-19 22:00:00,-7.7624664,3.5359344,287.46277,98596.19,52.0,4.25
2023-10-19 23:00:00,-8.229385,3.4298706,287.42377,98547.47,52.0,4.25
2023-10-20 00:00:00,-9.885437,2.5360413,287.31747,98464.81,52.0,4.25
2023-10-20 01:00:00,-9.671555,2.7607422,287.12933,98402.14,52.0,4.25
2023-10-20 02:00:00,-9.298248,2.028122,287.02448,98298.94,52.0,4.25
2023-10-20 03:00:00,-9.788559,1.5770721,286.7544,98233.91,52.0,4.25
2023-10-20 04:00:00,-10.948639,0.19985962,286.55103,98085.586,52.0,4.25
2023-10-20 05:00:00,-10.928436,-0.57432556,286.51248,97999.16,52.0,4.25
2023-10-20 06:00:00,-11.36026,-0.16113281,286.46942,97962.95,52.0,4.25
2023-10-20 07:00:00,-10.951569,0.1462555,286.2762,97959.766,52.0,4.25
2023-10-20 08:00:00,-11.167435,-1.2893829,285.94336,97882.3,52.0,4.25
2023-10-20 09:00:00,-11.935959,-0.82666016,285.49713,97845.52,52.0,4.25
2023-10-20 10:00:00,-12.048813,-1.2277985,284.71045,97830.164,52.0,4.25
2023-10-20 11:00:00,-12.39476,-0.41119385,284.47754,97743.55,52.0,4.25
2023-10-20 12:00:00,-10.059708,1.435379,285.24042,97725.31,52.0,4.25
2023-10-20 13:00:00,-7.5592194,2.3784943,285.39044,97660.25,52.0,4.25
2023-10-20 14:00:00,-4.8960876,4.961609,285.84283,97706.734,52.0,4.25
2023-10-20 15:00:00,-0.35749817,7.333069,286.38635,97692.625,52.0,4.25
2023-10-20 16:00:00,3.065155,7.953125,287.03864,97701.17,52.0,4.25
2023-10-20 17:00:00,4.1636505,8.913879,287.51495,97761.266,52.0,4.25
2023-10-20 18:00:00,4.5538025,9.413742,287.66238,97816.04,52.0,4.25
2023-10-20 19:00:00,4.844116,9.247955,287.55597,97891.3,52.0,4.25
2023-10-20 20:00:00,4.186966,9.280518,287.03253,97936.95,52.0,4.25
2023-10-20 21:00:00,2.80365,9.882065,286.66565,98020.54,52.0,4.25
2023-10-20 22:00:00,3.088791,10.084091,286.6716,98080.3,52.0,4.25
2023-10-20 23:00:00,2.357895,9.602158,286.57623,98126.516,52.0,4.25
2023-10-21 00:00:00,1.4792633,9.790527,286.23193,98196.19,52.0,4.25
2023-10-21 01:00:00,1.791748,9.57605,286.16528,98253.0,52.0,4.25
2023-10-21 02:00:00,1.5124207,9.363571,286.02972,98315.914,52.0,4.25
2023-10-21 03:00:00,0.8538666,9.557144,285.97177,98386.81,52.0,4.25
2023-10-21 04:00:00,0.5730133,10.043243,285.93585,98447.31,52.0,4.25
2023-10-21 05:00:00,0.6029358,10.431503,286.25488,98508.72,52.0,4.25
2023-10-21 06:00:00,1.1966248,10.725296,286.44873,98605.14,52.0,4.25
2023-10-21 07:00:00,2.142456,10.954086,286.6717,98731.18,52.0,4.25
2023-10-21 08:00:00,2.840149,11.621902,286.73242,98829.03,52.0,4.25
2023-10-21 09:00:00,2.489151,12.14151,286.8173,98953.36,52.0,4.25
2023-10-21 10:00:00,2.6798553,11.687653,287.02356,99005.945,52.0,4.25
2023-10-21 11:00:00,2.3820648,12.19043,287.5879,99070.016,52.0,4.25
2023-10-21 12:00:00,1.5269012,12.312927,287.65414,99082.24,52.0,4.25
2023-10-21 13:00:00,0.080062866,11.981003,287.88135,99112.98,52.0,4.25
2023-10-21 14:00:00,-0.9048462,11.8582,286.88553,99121.84,52.0,4.25
2023-10-21 15:00:00,0.8546753,12.446182,285.6505,99152.625,52.0,4.25
2023-10-21 16:00:00,0.49002075,12.581604,285.84924,99163.92,52.0,4.25
2023-10-21 17:00:00,-0.13749695,12.761185,286.14047,99193.21,52.0,4.25
2023-10-21 18:00:00,-0.15068054,12.819412,286.55087,99235.42,52.0,4.25
2023-10-21 19:00:00,-0.007522583,13.136765,286.7923,99257.61,52.0,4.25
2023-10-21 20:00:00,-0.14056396,12.936493,286.61453,99282.09,52.0,4.25
2023-10-21 21:00:00,0.08303833,12.812271,286.43237,99277.586,52.0,4.25
2023-10-21 22:00:00,0.19642639,12.254074,286.39508,99292.88,52.0,4.25
2023-10-21 23:00:00,2.898941,12.238083,285.99197,99316.09,52.0,4.25
2023-10-22 00:00:00,5.5804443,10.085358,286.01328,99362.97,52.0,4.25
2023-10-22 01:00:00,9.499588,6.4794006,286.49014,99453.74,52.0,4.25
2023-10-22 02:00:00,11.899307,3.2028046,286.32776,99622.08,52.0,4.25
2023-10-22 03:00:00,12.067383,2.4936066,285.68872,99792.555,52.0,4.25
2023-10-22 04:00:00,10.836563,2.9506683,285.40305,99958.7,52.0,4.25
2023-10-22 05:00:00,9.645309,3.1175232,285.28906,100062.66,52.0,4.25
2023-10-22 06:00:00,8.266037,3.120346,284.85278,100171.2,52.0,4.25
2023-10-22 07:00:00,7.3831024,3.3345032,284.93768,100276.62,52.0,4.25
2023-10-22 08:00:00,6.620285,3.5042267,285.3106,100367.016,52.0,4.25
2023-10-22 09:00:00,6.302017,3.6162567,285.91522,100444.02,52.0,4.25
2023-10-22 10:00:00,5.970581,2.6531677,286.62695,100521.2,52.0,4.25
2023-10-22 11:00:00,6.75943,2.6231232,287.1814,100593.08,52.0,4.25
2023-10-22 12:00:00,6.6676025,2.8173523,287.37982,100640.36,52.0,4.25
2023-10-22 13:00:00,6.601959,3.0072784,287.51764,100701.77,52.0,4.25
2023-10-22 14:00:00,6.4154816,2.8351898,287.42392,100779.88,52.0,4.25
2023-10-22 15:00:00,5.7780914,2.2894592,287.3817,100809.94,52.0,4.25
2023-10-22 16:00:00,5.2872314,1.6926727,286.656,100855.73,52.0,4.25
2023-10-22 17:00:00,4.9926453,1.5670319,285.24734,100935.39,52.0,4.25
2023-10-22 18:00:00,4.6458282,1.6469727,284.26172,101007.445,52.0,4.25
2023-10-22 19:00:00,4.315216,1.9590607,283.8064,101067.875,52.0,4.25
2023-10-22 20:00:00,3.9525452,2.3696442,283.5467,101115.84,52.0,4.25
2023-10-22 21:00:00,3.4924011,2.6706848,283.30344,101147.45,52.0,4.25
2023-10-22 22:00:00,3.2525787,2.3052826,283.187,101171.05,52.0,4.25
2023-10-22 23:00:00,2.701645,2.7222595,283.4427,101180.9,52.0,4.25
2023-10-23 00:00:00,2.1656036,3.1996307,282.81497,101242.97,52.0,4.25
2023-10-23 01:00:00,1.5665741,3.49794,282.45398,101242.47,52.0,4.25
2023-10-23 02:00:00,1.0791168,3.9050598,282.2741,101247.51,52.0,4.25
2023-10-23 03:00:00,0.8175049,4.4958496,281.84943,101295.01,52.0,4.25
2023-10-23 04:00:00,0.31463623,4.445389,281.75043,101288.89,52.0,4.25
2023-10-23 05:00:00,-0.26771545,4.361313,281.9949,101281.22,52.0,4.25
2023-10-23 06:00:00,-1.0300903,4.3124084,281.62912,101284.47,52.0,4.25
2023-10-23 07:00:00,-2.1765137,3.9770813,281.75006,101296.72,52.0,4.25
2023-10-23 08:00:00,-3.2240906,3.5756378,282.44342,101280.92,52.0,4.25
2023-10-23 09:00:00,-3.468689,2.9098663,283.3651,101274.8,52.0,4.25
2023-10-23 10:00:00,-3.7286987,2.9163513,284.12393,101276.03,52.0,4.25
2023-10-23 11:00:00,-4.649582,2.8082733,285.1801,101210.555,52.0,4.25
2023-10-23 12:00:00,-5.8198547,2.5925903,286.02527,101142.875,52.0,4.25
2023-10-23 13:00:00,-6.9429626,1.7537231,286.3103,101038.484,52.0,4.25
2023-10-23 14:00:00,-7.903244,1.131546,286.2276,100976.94,52.0,4.25
2023-10-23 15:00:00,-7.8869476,0.74710083,285.9873,100902.16,52.0,4.25
2023-10-23 16:00:00,-8.468033,-0.44360352,285.60846,100807.32,52.0,4.25
2023-10-23 17:00:00,-8.685959,-0.66282654,285.3506,100741.16,52.0,4.25
2023-10-23 18:00:00,-9.016846,-0.16378784,285.37183,100701.36,52.0,4.25
2023-10-23 19:00:00,-9.236771,-0.8289337,285.19904,100642.02,52.0,4.25
2023-10-23 20:00:00,-9.786285,-1.0284729,284.97888,100555.125,52.0,4.25
2023-10-23 21:00:00,-10.131531,-0.8004608,284.58844,100460.43,52.0,4.25
2023-10-23 22:00:00,-9.822052,0.17810059,284.74356,100336.64,52.0,4.25
2023-10-23 23:00:00,-8.434021,2.1183472,284.61874,100214.31,52.0,4.25
2023-10-24 00:00:00,-6.0554504,4.2340546,284.76233,100178.61,52.0,4.25
2023-10-24 01:00:00,-2.6128845,5.924408,284.88,100123.11,52.0,4.25
2023-10-24 02:00:00,1.3121338,6.8446198,285.037,100105.4,52.0,4.25
2023-10-24 03:00:00,3.770172,6.620102,285.12616,100069.484,52.0,4.25
2023-10-24 04:00:00,3.7724457,7.49704,285.13983,100080.08,52.0,4.25
2023-10-24 05:00:00,3.9079437,8.286697,284.9754,100079.26,52.0,4.25
2023-10-24 06:00:00,4.8307343,8.080154,284.7958,100055.8,52.0,4.25
2023-10-24 07:00:00,5.2326202,8.002045,284.99365,100052.984,52.0,4.25
2023-10-24 08:00:00,5.330826,8.520081,285.26196,100095.766,52.0,4.25
2023-10-24 09:00:00,5.4460754,8.213043,285.64517,100092.34,52.0,4.25
2023-10-24 10:00:00,5.619522,8.585358,285.26007,100090.72,52.0,4.25
2023-10-24 11:00:00,6.156296,8.841019,284.96436,100083.81,52.0,4.25
2023-10-24 12:00:00,5.8844147,6.5149536,285.30432,100060.28,52.0,4.25
2023-10-24 13:00:00,5.749695,5.525818,285.88483,100020.336,52.0,4.25
2023-10-24 14:00:00,6.8482513,5.3881683,286.38504,100044.63,52.0,4.25
2023-10-24 15:00:00,8.643616,5.138748,286.10992,100027.28,52.0,4.25
2023-10-24 16:00:00,8.512451,5.285248,285.85138,100033.48,52.0,4.25
2023-10-24 17:00:00,8.692352,5.8014984,285.40274,100078.17,52.0,4.25
2023-10-24 18:00:00,8.22934,6.2243958,285.3613,100092.28,52.0,4.25
2023-10-24 19:00:00,7.616867,6.2912903,285.32886,100108.336,52.0,4.25
2023-10-24 20:00:00,7.169754,6.5468445,284.89624,100098.35,52.0,4.25
2023-10-24 21:00:00,6.7871704,6.5440063,284.48505,100119.64,52.0,4.25
2023-10-24 22:00:00,6.718582,6.728363,284.12207,100100.81,52.0,4.25
2023-10-24 23:00:00,6.2188263,6.648346,283.90393,100111.36,52.0,4.25
2023-10-25 00:00:00,5.078018,6.225769,283.36414,100095.2,52.0,4.25
2023-10-25 01:00:00,4.0063934,6.068619,282.96423,100059.55,52.0,4.25
2023-10-25 02:00:00,2.7555542,6.034912,282.75995,100002.984,52.0,4.25
2023-10-25 03:00:00,1.087265,6.044647,282.4367,99941.69,52.0,4.25
2023-10-25 04:00:00,-0.32273865,6.750229,282.17676,99882.54,52.0,4.25
2023-10-25 05:00:00,-1.4301453,6.8639374,282.1068,99842.58,52.0,4.25
2023-10-25 06:00:00,-2.66951,6.2133636,282.31595,99781.3,52.0,4.25
2023-10-25 07:00:00,-3.8843384,5.4046173,282.49097,99724.5,52.0,4.25
2023-10-25 08:00:00,-4.6284027,4.6175537,282.74628,99670.92,52.0,4.25
2023-10-25 09:00:00,-5.501709,3.781845,283.19357,99619.39,52.0,4.25
2023-10-25 10:00:00,-5.0924835,1.4449921,283.79724,99557.26,52.0,4.25
2023-10-25 11:00:00,-5.778305,-0.36740112,283.99182,99484.31,52.0,4.25
2023-10-25 12:00:00,-6.1960907,-1.9286652,284.26257,99432.625,52.0,4.25
2023-10-25 13:00:00,-6.521759,-2.9525604,284.09637,99372.24,52.0,4.25
2023-10-25 14:00:00,-5.799103,-3.5874634,283.96896,99358.91,52.0,4.25
2023-10-25 15:00:00,-4.7582397,-4.525772,284.00757,99338.625,52.0,4.25
2023-10-25 16:00:00,-4.0715027,-5.775055,284.03314,99365.47,52.0,4.25
2023-10-25 17:00:00,-2.9708862,-6.663849,284.0144,99387.83,52.0,4.25
2023-10-25 18:00:00,-2.1210327,-6.8928833,284.08426,99437.766,52.0,4.25
2023-10-25 19:00:00,-1.8451843,-6.649597,284.083,99493.36,52.0,4.25
2023-10-25 20:00:00,-1.8290863,-5.803482,284.1114,99535.34,52.0,4.25
2023-10-25 21:00:00,-2.0009918,-4.763214,283.88846,99584.55,52.0,4.25
2023-10-25 22:00:00,-1.6797028,-1.963501,282.29355,99641.67,52.0,4.25
2023-10-25 23:00:00,-1.2159424,-1.1151581,282.75452,99662.35,52.0,4.25
2023-10-26 00:00:00,0.21444702,0.26385498,282.75885,99717.46,52.0,4.25
2023-10-26 01:00:00,0.94117737,1.1791229,282.5985,99718.3,52.0,4.25
2023-10-26 02:00:00,0.5086975,1.279953,282.7397,99689.94,52.0,4.25
2023-10-26 03:00:00,-0.33921814,1.3672485,281.30038,99664.5,52.0,4.25
2023-10-26 04:00:00,-0.94873047,2.381134,280.56577,99634.99,52.0,4.25
2023-10-26 05:00:00,-1.5510864,3.3355408,280.93036,99611.72,52.0,4.25
2023-10-26 06:00:00,-2.4642334,3.5750122,281.19077,99598.55,52.0,4.25
2023-10-26 07:00:00,-3.4469604,3.5800629,281.22577,99584.8,52.0,4.25
2023-10-26 08:00:00,-3.7773895,3.6871643,281.42654,99578.78,52.0,4.25
2023-10-26 09:00:00,-3.5208893,3.3709412,281.8435,99592.0,52.0,4.25
2023-10-26 10:00:00,-3.9349365,3.900055,282.83344,99580.14,52.0,4.25
2023-10-26 11:00:00,-5.0422363,3.327362,283.6405,99538.17,52.0,4.25
2023-10-26 12:00:00,-4.8480835,4.262451,284.2543,99530.58,52.0,4.25
2023-10-26 13:00:00,-5.1972046,4.4024353,284.47382,99508.22,52.0,4.25
2023-10-26 14:00:00,-5.5845337,4.2138977,284.50964,99420.875,52.0,4.25
2023-10-26 15:00:00,-5.752716,4.6967163,283.89,99364.86,52.0,4.25
2023-10-26 16:00:00,-4.987549,5.903549,283.72162,99379.805,52.0,4.25
2023-10-26 17:00:00,-5.487961,5.4734497,283.59262,99327.67,52.0,4.25
2023-10-26 18:00:00,-5.4907074,5.448654,283.56958,99340.16,52.0,4.25
2023-10-26 19:00:00,-5.3729553,5.1403046,283.52814,99287.734,52.0,4.25
2023-10-26 20:00:00,-4.348282,5.4895477,283.46014,99282.59,52.0,4.25
2023-10-26 21:00:00,-2.9515076,5.4345703,283.62054,99252.266,52.0,4.25
2023-10-26 22:00:00,-1.8507385,4.298523,283.7915,99204.984,52.0,4.25
2023-10-26 23:00:00,-3.157486,3.6101837,283.7563,99197.67,52.0,4.25
2023-10-27 00:00:00,-4.3479004,3.6783905,283.54626,99169.67,52.0,4.25
2023-10-27 01:00:00,-4.415329,3.8946838,283.39883,99134.125,52.0,4.25
2023-10-27 02:00:00,-3.7362366,4.2183075,283.2427,99109.79,52.0,4.25
2023-10-27 03:00:00,-2.9664001,4.017029,283.10138,99090.45,52.0,4.25
2023-10-27 04:00:00,-2.3266296,3.5598755,283.00064,99068.51,52.0,4.25
2023-10-27 05:00:00,-1.7641602,2.9522858,282.9429,99058.36,52.0,4.25
2023-10-27 06:00:00,-1.4201202,2.4641113,282.8571,99044.27,52.0,4.25
2023-10-27 07:00:00,-1.2289124,2.6966248,282.973,99048.484,52.0,4.25
2023-10-27 08:00:00,-0.18348694,3.2141113,283.3483,99085.29,52.0,4.25
2023-10-27 09:00:00,1.2300568,3.8336487,284.22516,99113.055,52.0,4.25
2023-10-27 10:00:00,-0.3872223,3.4402924,284.83575,99152.78,52.0,4.25
2023-10-27 11:00:00,0.89126587,4.237549,285.34204,99140.42,52.0,4.25
2023-10-27 12:00:00,2.062912,4.5916595,285.59796,99138.43,52.0,4.25
2023-10-27 13:00:00,3.5124054,4.936371,285.7804,99148.17,52.0,4.25
2023-10-27 14:00:00,5.1387634,5.0102997,285.63663,99171.81,52.0,4.25
2023-10-27 15:00:00,7.188614,3.9166412,285.54993,99165.625,52.0,4.25
2023-10-27 16:00:00,6.7441254,4.04364,285.23166,99210.18,52.0,4.25
2023-10-27 17:00:00,6.113388,4.6092224,284.97498,99230.05,52.0,4.25
2023-10-27 18:00:00,5.1963654,4.8204803,284.7298,99257.81,52.0,4.25
2023-10-27 19:00:00,4.2061005,5.8554535,284.3686,99286.58,52.0,4.25
2023-10-27 20:00:00,3.7590332,6.4558105,283.78973,99305.02,52.0,4.25
2023-10-27 21:00:00,3.5114899,6.775635,283.3036,99335.58,52.0,4.25
2023-10-27 22:00:00,4.5950165,7.2366333,283.8379,99333.734,52.0,4.25
2023-10-27 23:00:00,4.239853,7.3648224,283.7883,99349.03,52.0,4.25
2023-10-28 00:00:00,3.4335022,7.616394,283.5908,99382.55,52.0,4.25
2023-10-28 01:00:00,3.0810242,8.14563,283.46808,99351.94,52.0,4.25
2023-10-28 02:00:00,1.962204,8.3389435,283.46228,99345.84,52.0,4.25
2023-10-28 03:00:00,0.94192505,8.944138,283.3844,99320.484,52.0,4.25
2023-10-28 04:00:00,0.43423462,9.543182,283.13965,99308.04,52.0,4.25
2023-10-28 05:00:00,0.47743225,10.011429,283.23645,99273.3,52.0,4.25
2023-10-28 06:00:00,0.60388184,10.102921,283.45447,99275.29,52.0,4.25
2023-10-28 07:00:00,0.9436035,10.273163,283.969,99286.53,52.0,4.25
2023-10-28 08:00:00,2.1130066,10.496582,284.69458,99323.42,52.0,4.25
2023-10-28 09:00:00,3.134964,10.66069,285.25015,99374.836,52.0,4.25
2023-10-28 10:00:00,3.6033478,10.125687,285.22113,99383.125,52.0,4.25
2023-10-28 11:00:00,4.5616913,10.306976,285.74326,99413.89,52.0,4.25
2023-10-28 12:00:00,4.9235535,10.020767,285.8573,99406.4,52.0,4.25
2023-10-28 13:00:00,4.0078125,9.062653,286.14832,99435.08,52.0,4.25
2023-10-28 14:00:00,4.0825195,8.797943,286.52777,99431.8,52.0,4.25
2023-10-28 15:00:00,2.3778229,8.583069,286.72778,99428.01,52.0,4.25
2023-10-28 16:00:00,0.31144714,8.607697,286.11084,99329.086,52.0,4.25
2023-10-28 17:00:00,-0.8048401,9.638779,285.3576,99408.12,52.0,4.25
2023-10-28 18:00:00,-1.9284058,9.886673,285.26886,99330.08,52.0,4.25
2023-10-28 19:00:00,-2.671814,10.063919,285.21136,99283.41,52.0,4.25
2023-10-28 20:00:00,-4.5250397,9.585739,285.44098,99226.67,52.0,4.25
2023-10-28 21:00:00,-6.4608154,9.724182,285.4428,99045.016,52.0,4.25
2023-10-28 22:00:00,-4.2588196,10.673309,285.3999,98944.75,52.0,4.25
2023-10-28 23:00:00,0.56085205,13.227097,286.2517,98847.69,52.0,4.25
2023-10-29 00:00:00,3.21286,14.211716,286.84805,98792.73,52.0,4.25
2023-10-29 01:00:00,2.69693,14.489288,286.8821,98736.17,52.0,4.25
2023-10-29 02:00:00,2.4245453,15.371506,287.13315,98645.516,52.0,4.25
2023-10-29 03:00:00,4.728409,15.621155,286.9149,98670.91,52.0,4.25
2023-10-29 04:00:00,9.2131195,15.11702,286.62842,98681.375,52.0,4.25
2023-10-29 05:00:00,11.316437,13.108398,285.9156,98741.42,52.0,4.25
2023-10-29 06:00:00,9.715378,12.681778,285.9829,98817.484,52.0,4.25
2023-10-29 07:00:00,8.542328,12.594391,285.6944,98945.56,52.0,4.25
2023-10-29 08:00:00,7.8690033,12.944153,285.82397,99054.03,52.0,4.25
2023-10-29 09:00:00,7.363022,12.668976,286.0849,99140.56,52.0,4.25
2023-10-29 10:00:00,6.3826447,10.987579,286.43668,99187.36,52.0,4.25
2023-10-29 11:00:00,6.870697,10.531158,286.78082,99200.32,52.0,4.25
2023-10-29 12:00:00,5.200241,10.239548,287.0937,99163.36,52.0,4.25
2023-10-29 13:00:00,3.397171,10.132248,286.9621,99118.46,52.0,4.25
2023-10-29 14:00:00,1.9206543,10.142456,286.39224,99052.08,52.0,4.25
2023-10-29 15:00:00,4.9450226,11.467926,286.22028,99005.08,52.0,4.25
2023-10-29 16:00:00,8.340759,10.9375305,285.77545,99051.57,52.0,4.25
2023-10-29 17:00:00,10.730301,10.030579,285.2328,99128.61,52.0,4.25
2023-10-29 18:00:00,11.537857,9.26091,284.9902,99246.44,52.0,4.25
2023-10-29 19:00:00,10.8446045,8.907349,284.87805,99357.16,52.0,4.25
2023-10-29 20:00:00,10.042038,9.299057,284.95004,99450.42,52.0,4.25
2023-10-29 21:00:00,9.048325,9.732544,284.8354,99544.42,52.0,4.25
2023-10-29 22:00:00,8.787964,9.662994,284.78036,99585.734,52.0,4.25
2023-10-29 23:00:00,8.625641,8.896851,284.6153,99645.47,52.0,4.25
2023-10-30 00:00:00,7.374054,8.757828,284.33356,99661.78,52.0,4.25
2023-10-30 01:00:00,6.351166,9.380081,284.08508,99720.25,52.0,4.25
2023-10-30 02:00:00,4.973236,9.997528,283.7298,99751.05,52.0,4.25
2023-10-30 03:00:00,3.9597168,10.032166,283.61795,99764.83,52.0,4.25
2023-10-30 04:00:00,3.4572144,10.330338,283.55096,99770.945,52.0,4.25
2023-10-30 05:00:00,3.5638275,10.684525,283.5697,99786.14,52.0,4.25
2023-10-30 06:00:00,3.4530487,10.502167,283.65775,99787.56,52.0,4.25
2023-10-30 07:00:00,3.5654297,10.284973,283.7517,99827.945,52.0,4.25
2023-10-30 08:00:00,3.5490417,9.555786,284.4983,99870.625,52.0,4.25
2023-10-30 09:00:00,3.6759033,8.860184,285.03564,99891.66,52.0,4.25
2023-10-30 10:00:00,3.3720093,8.727173,285.258,99885.19,52.0,4.25
2023-10-30 11:00:00,3.5392609,7.9624023,285.78412,99872.59,52.0,4.25
2023-10-30 12:00:00,2.6469421,6.3900146,285.90738,99816.69,52.0,4.25
2023-10-30 13:00:00,1.1780853,5.532959,285.81433,99756.984,52.0,4.25
2023-10-30 14:00:00,0.19743347,4.673889,285.60236,99705.59,52.0,4.25
2023-10-30 15:00:00,-0.98005676,3.9281769,285.47296,99641.875,52.0,4.25
2023-10-30 16:00:00,-1.4638977,3.6832123,284.97742,99609.99,52.0,4.25
2023-10-30 17:00:00,-1.1243439,2.7607574,284.65997,99585.81,52.0,4.25
2023-10-30 18:00:00,-0.39219666,1.3547668,284.10522,99608.17,52.0,4.25
2023-10-30 19:00:00,0.48947144,0.17324829,283.96417,99613.44,52.0,4.25
2023-10-30 20:00:00,0.7131195,-1.6402435,283.94055,99594.984,52.0,4.25
2023-10-30 21:00:00,2.6782227,-2.624237,284.08417,99583.84,52.0,4.25
2023-10-30 22:00:00,5.435852,-2.5023956,284.39514,99621.5,52.0,4.25
2023-10-30 23:00:00,5.5051575,-2.1335907,284.37943,99619.516,52.0,4.25
2023-10-31 00:00:00,5.121765,-1.3269653,284.31085,99654.734,52.0,4.25
2023-10-31 01:00:00,5.8764343,0.11114502,284.37177,99706.78,52.0,4.25
2023-10-31 02:00:00,7.015915,0.45318604,284.37836,99731.73,52.0,4.25
2023-10-31 03:00:00,7.34993,0.2396698,284.4646,99801.93,52.0,4.25
2023-10-31 04:00:00,6.971298,-0.2842865,284.3825,99826.555,52.0,4.25
2023-10-31 05:00:00,6.430649,0.24125671,284.14728,99879.92,52.0,4.25
2023-10-31 06:00:00,6.8373566,1.2053986,283.92786,99935.82,52.0,4.25
2023-10-31 07:00:00,6.9078217,1.6537018,283.81326,99998.125,52.0,4.25
2023-10-31 08:00:00,6.2910004,1.8384857,284.64844,100062.59,52.0,4.25
2023-10-31 09:00:00,5.391571,1.8658752,285.4995,100119.95,52.0,4.25
2023-10-31 10:00:00,5.063797,1.0542297,285.40088,100169.016,52.0,4.25
2023-10-31 11:00:00,4.155487,1.2378998,285.58105,100211.14,52.0,4.25
2023-10-31 12:00:00,3.779602,2.010147,285.69275,100229.84,52.0,4.25
2023-10-31 13:00:00,3.5733337,2.7662354,285.06683,100246.09,52.0,4.25
2023-10-31 14:00:00,3.7888794,5.1931305,285.28967,100285.89,52.0,4.25
2023-10-31 15:00:00,4.209564,6.090744,284.67343,100295.47,52.0,4.25
2023-10-31 16:00:00,3.2398071,5.599472,284.6033,100304.33,52.0,4.25
2023-10-31 17:00:00,3.026062,6.028122,284.56525,100311.75,52.0,4.25
2023-10-31 18:00:00,4.899521,6.366287,284.86502,100330.86,52.0,4.25
2023-10-31 19:00:00,6.79274,5.623398,284.86435,100336.805,52.0,4.25
2023-10-31 20:00:00,6.6885223,5.5630035,284.90753,100325.71,52.0,4.25
2023-10-31 21:00:00,6.4340363,6.1997375,284.78366,100324.89,52.0,4.25
2023-10-31 22:00:00,5.331192,6.9359283,285.03265,100312.36,52.0,4.25
2023-10-31 23:00:00,5.1969757,7.4751587,284.99594,100311.266,52.0,4.25
2023-11-01 00:00:00,4.490616,8.051788,284.80392,100263.195,52.0,4.25
2023-11-01 01:00:00,3.2809143,8.44165,284.62454,100188.58,52.0,4.25
2023-11-01 02:00:00,2.1508331,8.744431,284.59872,100132.64,52.0,4.25
2023-11-01 03:00:00,1.2367859,8.6922455,284.59872,100052.59,52.0,4.25
2023-11-01 04:00:00,2.339447,8.202866,284.81567,100010.7,52.0,4.25
2023-11-01 05:00:00,3.415741,8.438812,285.4697,99929.64,52.0,4.25
2023-11-01 06:00:00,5.539459,9.24614,286.1278,99889.516,52.0,4.25
2023-11-01 07:00:00,5.439392,10.157867,286.1032,99896.125,52.0,4.25
2023-11-01 08:00:00,3.166809,10.455551,286.01794,99861.734,52.0,4.25
2023-11-01 09:00:00,1.7556915,11.105377,286.17413,99811.72,52.0,4.25
2023-11-01 10:00:00,0.84225464,10.60733,286.97675,99766.61,52.0,4.25
2023-11-01 11:00:00,0.39883423,11.258835,287.13428,99693.81,52.0,4.25
2023-11-01 12:00:00,1.6676636,12.890457,287.3659,99607.95,52.0,4.25
2023-11-01 13:00:00,1.1991119,12.310806,287.45892,99481.2,52.0,4.25
2023-11-01 14:00:00,1.9769745,13.659531,286.9745,99436.22,52.0,4.25
2023-11-01 15:00:00,3.3211975,13.082962,285.99664,99376.266,52.0,4.25
2023-11-01 16:00:00,3.6862335,12.30629,285.49817,99312.8,52.0,4.25
2023-11-01 17:00:00,5.421753,12.50502,285.25244,99301.46,52.0,4.25
2023-11-01 18:00:00,6.8299255,11.684677,284.84772,99317.14,52.0,4.25
2023-11-01 19:00:00,6.686554,11.1315155,284.42694,99328.67,52.0,4.25
2023-11-01 20:00:00,5.159317,10.9496155,283.96902,99295.11,52.0,4.25
2023-11-01 21:00:00,2.6772156,11.186462,283.66006,99230.29,52.0,4.25
2023-11-01 22:00:00,0.07116699,10.772324,283.43958,99106.336,52.0,4.25
2023-11-01 23:00:00,-2.2359314,11.300369,283.39838,98988.03,52.0,4.25
2023-11-02 00:00:00,-3.5765686,12.044296,283.48093,98836.53,52.0,4.25
2023-11-02 01:00:00,-4.749481,12.4817505,283.87274,98633.266,52.0,4.25
2023-11-02 02:00:00,-6.8131866,12.136993,284.26877,98334.234,52.0,4.25
2023-11-02 03:00:00,-6.8654633,13.100082,284.2431,98129.17,52.0,4.25
2023-11-02 04:00:00,-8.3564,12.278244,284.27136,97820.234,52.0,4.25
2023-11-02 05:00:00,-8.968124,12.818192,284.19788,97561.125,52.0,4.25
2023-11-02 06:00:00,-6.595398,15.055557,284.50162,97346.22,52.0,4.25
2023-11-02 07:00:00,-2.439499,16.44371,285.15738,97185.31,52.0,4.25
2023-11-02 08:00:00,-1.3285217,18.786835,285.4745,97073.28,52.0,4.25
2023-11-02 09:00:00,-0.99331665,19.270859,285.73096,96970.41,52.0,4.25
2023-11-02 10:00:00,-0.0765686,17.635452,285.7091,96886.05,52.0,4.25
2023-11-02 11:00:00,-0.16700745,19.386642,285.25317,96831.05,52.0,4.25
2023-11-02 12:00:00,1.3970795,22.444656,284.88678,96781.695,52.0,4.25
2023-11-02 13:00:00,2.6551056,22.240204,283.93478,96711.86,52.0,4.25
2023-11-02 14:00:00,4.596039,21.852692,283.567,96709.92,52.0,4.25
2023-11-02 15:00:00,7.2190704,21.008606,283.17548,96760.5,52.0,4.25
2023-11-02 16:00:00,7.403595,20.431412,283.19534,96862.39,52.0,4.25
2023-11-02 17:00:00,7.409958,19.776672,283.26868,96964.16,52.0,4.25
2023-11-02 18:00:00,7.1245728,18.934326,283.6829,97051.57,52.0,4.25
2023-11-02 19:00:00,6.454468,17.578857,283.6504,97101.34,52.0,4.25
2023-11-02 20:00:00,6.4654083,15.617645,283.07553,97144.0,52.0,4.25
2023-11-02 21:00:00,9.175232,12.372879,282.68323,97208.06,52.0,4.25
2023-11-02 22:00:00,11.304031,10.743042,282.9743,97271.3,52.0,4.25
2023-11-02 23:00:00,11.890106,10.240295,283.06378,97333.375,52.0,4.25
2023-11-03 00:00:00,12.649109,10.283707,282.98175,97413.67,52.0,4.25
2023-11-03 01:00:00,13.2157135,10.103165,282.96057,97462.92,52.0,4.25
2023-11-03 02:00:00,13.972626,8.442078,283.11487,97531.7,52.0,4.25
2023-11-03 03:00:00,14.492432,6.951599,283.2165,97602.984,52.0,4.25
2023-11-03 04:00:00,14.414642,6.9457397,283.2802,97696.75,52.0,4.25
2023-11-03 05:00:00,13.6041565,7.5138855,283.2341,97759.32,52.0,4.25
2023-11-03 06:00:00,12.941727,7.912613,283.1928,97840.445,52.0,4.25
2023-11-03 07:00:00,12.414185,7.7925262,283.2001,97965.31,52.0,4.25
2023-11-03 08:00:00,11.858215,7.444641,283.3003,98049.29,52.0,4.25
2023-11-03 09:00:00,11.324509,7.7302704,283.90845,98151.33,52.0,4.25
2023-11-03 10:00:00,10.251846,6.319229,284.64862,98207.984,52.0,4.25
2023-11-03 11:00:00,10.065353,7.3843994,285.0725,98239.39,52.0,4.25
2023-11-03 12:00:00,9.751312,8.649643,285.14832,98297.61,52.0,4.25
2023-11-03 13:00:00,8.986908,10.169006,285.3614,98345.266,52.0,4.25
2023-11-03 14:00:00,8.533203,11.26976,285.0419,98396.97,52.0,4.25
2023-11-03 15:00:00,8.49028,11.607376,284.81012,98445.78,52.0,4.25
2023-11-03 16:00:00,8.164597,11.756668,284.121,98491.96,52.0,4.25
2023-11-03 17:00:00,7.7419586,11.863495,283.6209,98524.61,52.0,4.25
2023-11-03 18:00:00,7.312439,12.111313,283.33203,98532.37,52.0,4.25
2023-11-03 19:00:00,6.631027,12.016235,282.9309,98537.7,52.0,4.25
2023-11-03 20:00:00,5.9565277,11.679672,282.65485,98523.484,52.0,4.25
2023-11-03 21:00:00,5.260803,11.443756,282.2447,98502.086,52.0,4.25
2023-11-03 22:00:00,4.0930634,12.058868,281.95502,98467.625,52.0,4.25
2023-11-03 23:00:00,4.412033,11.798355,281.88403,98430.69,52.0,4.25
2023-11-04 00:00:00,4.573883,11.165192,282.12286,98411.11,52.0,4.25
2023-11-04 01:00:00,5.0859528,9.698608,282.45532,98372.92,52.0,4.25
2023-11-04 02:00:00,5.3307037,8.693451,282.92767,98368.91,52.0,4.25
2023-11-04 03:00:00,5.421585,8.106277,282.96155,98351.18,52.0,4.25
2023-11-04 04:00:00,4.1553802,8.64447,282.67538,98277.125,52.0,4.25
2023-11-04 05:00:00,2.4047546,9.814575,282.27548,98223.39,52.0,4.25
2023-11-04 06:00:00,1.5643921,10.747055,281.78558,98161.875,52.0,4.25
2023-11-04 07:00:00,0.7238312,10.993927,281.52545,98115.414,52.0,4.25
2023-11-04 08:00:00,-0.71180725,11.226883,281.76056,98021.56,52.0,4.25
2023-11-04 09:00:00,-2.0284271,11.482376,282.28088,97913.66,52.0,4.25
2023-11-04 10:00:00,-2.2199402,12.084717,282.7663,97789.23,52.0,4.25
2023-11-04 11:00:00,-4.0385284,10.250839,282.8812,97594.23,52.0,4.25
2023-11-04 12:00:00,-6.2824554,10.100739,282.45258,97389.24,52.0,4.25
2023-11-04 13:00:00,-7.161865,11.707687,282.20312,97179.91,52.0,4.25
2023-11-04 14:00:00,-5.3073425,11.954056,282.35638,97097.94,52.0,4.25
2023-11-04 15:00:00,-1.9475708,11.50061,283.07135,96990.28,52.0,4.25
2023-11-04 16:00:00,1.0123291,10.857956,283.55292,96953.016,52.0,4.25
2023-11-04 17:00:00,3.548706,10.396088,283.76312,96950.984,52.0,4.25
2023-11-04 18:00:00,5.3540497,10.178741,283.72125,96959.83,52.0,4.25
2023-11-04 19:00:00,5.164734,10.265167,283.65097,96983.625,52.0,4.25
2023-11-04 20:00:00,3.9816895,10.402451,283.31488,97002.42,52.0,4.25
2023-11-04 21:00:00,2.6767883,10.497833,283.26007,96999.44,52.0,4.25
2023-11-04 22:00:00,2.264389,10.432404,283.28198,96994.914,52.0,4.25
2023-11-04 23:00:00,1.6396027,10.36882,283.15186,96996.92,52.0,4.25
2023-11-05 00:00:00,0.5960083,10.132172,282.82358,96942.9,52.0,4.25
2023-11-05 01:00:00,0.29429626,10.06366,282.61612,96899.34,52.0,4.25
2023-11-05 02:00:00,0.067092896,9.185547,282.63992,96898.59,52.0,4.25
2023-11-05 03:00:00,-0.2263794,8.357788,282.62994,96876.53,52.0,4.25
2023-11-05 04:00:00,0.14134216,7.8011017,282.7812,96883.414,52.0,4.25
2023-11-05 05:00:00,0.8601837,7.6084747,282.64514,96902.74,52.0,4.25
2023-11-05 06:00:00,1.9616394,7.3530884,282.93597,96928.59,52.0,4.25
2023-11-05 07:00:00,3.410843,7.512039,283.09744,97026.23,52.0,4.25
2023-11-05 08:00:00,4.811905,6.455246,283.60577,97097.92,52.0,4.25
2023-11-05 09:00:00,6.610901,4.491394,284.41315,97236.75,52.0,4.25
2023-11-05 10:00:00,9.533997,-0.56993103,284.73755,97420.734,52.0,4.25
2023-11-05 11:00:00,10.331055,0.29231262,284.69458,97575.984,52.0,4.25
2023-11-05 12:00:00,11.794769,1.4259644,284.71085,97724.305,52.0,4.25
2023-11-05 13:00:00,15.7118225,-0.10479736,284.77478,97832.31,52.0,4.25
2023-11-05 14:00:00,16.289108,0.037521362,284.9155,98050.64,52.0,4.25
2023-11-05 15:00:00,15.732346,0.17224121,285.09576,98228.08,52.0,4.25
2023-11-05 16:00:00,14.946365,0.27522278,285.26257,98407.75,52.0,4.25
2023-11-05 17:00:00,13.839401,0.9090271,285.24316,98555.51,52.0,4.25
2023-11-05 18:00:00,12.829254,1.8832397,285.13818,98699.03,52.0,4.25
2023-11-05 19:00:00,11.944733,2.7426453,284.74435,98818.06,52.0,4.25
2023-11-05 20:00:00,10.812271,3.7122955,284.61633,98921.92,52.0,4.25
2023-11-05 21:00:00,9.768814,5.267166,284.24316,99031.27,52.0,4.25
2023-11-05 22:00:00,9.11705,5.288849,283.37766,99100.52,52.0,4.25
2023-11-05 23:00:00,8.889923,5.3024597,283.33453,99169.44,52.0,4.25
2023-11-06 00:00:00,8.722717,5.320999,283.21567,99245.34,52.0,4.25
2023-11-06 01:00:00,8.902893,6.00383,283.35767,99274.53,52.0,4.25
2023-11-06 02:00:00,9.00528,6.8121033,283.36255,99380.484,52.0,4.25
2023-11-06 03:00:00,9.15921,6.7906494,283.0765,99422.234,52.0,4.25
2023-11-06 04:00:00,9.322586,7.4268494,282.79266,99476.78,52.0,4.25
2023-11-06 05:00:00,9.382797,8.181122,282.63806,99508.01,52.0,4.25
2023-11-06 06:00:00,9.057861,8.801285,282.39737,99542.4,52.0,4.25
2023-11-06 07:00:00,8.676697,9.762985,282.44247,99625.375,52.0,4.25
2023-11-06 08:00:00,8.194946,10.739792,282.76898,99671.88,52.0,4.25
2023-11-06 09:00:00,8.293808,11.161163,283.2042,99725.516,52.0,4.25
2023-11-06 10:00:00,7.686661,10.784775,283.77704,99805.055,52.0,4.25
2023-11-06 11:00:00,10.39949,9.555283,283.93018,99841.53,52.0,4.25
2023-11-06 12:00:00,10.792404,7.241989,283.98047,99888.63,52.0,4.25
2023-11-06 13:00:00,8.896851,5.8319855,284.50952,99930.055,52.0,4.25
2023-11-06 14:00:00,8.622009,5.136032,284.60397,99972.86,52.0,4.25
2023-11-06 15:00:00,9.4678955,4.673996,284.45386,99994.05,52.0,4.25
2023-11-06 16:00:00,9.43045,4.800934,284.07355,100051.63,52.0,4.25
2023-11-06 17:00:00,9.023209,5.506134,283.79697,100125.27,52.0,4.25
2023-11-06 18:00:00,8.291,6.220276,283.5542,100186.2,52.0,4.25
2023-11-06 19:00:00,7.3478546,7.222519,283.56314,100250.59,52.0,4.25
2023-11-06 20:00:00,7.2455597,7.857834,283.33557,100302.77,52.0,4.25
2023-11-06 21:00:00,7.690918,7.7559967,282.94708,100353.94,52.0,4.25
2023-11-06 22:00:00,8.939392,6.8098297,283.34363,100389.47,52.0,4.25
2023-11-06 23:00:00,8.934326,5.4516144,283.3282,100424.44,52.0,4.25
2023-11-07 00:00:00,8.682434,5.6328735,283.2243,100485.76,52.0,4.25
2023-11-07 01:00:00,8.35881,6.008972,282.95682,100505.336,52.0,4.25
2023-11-07 02:00:00,7.8874054,6.561661,282.8074,100565.06,52.0,4.25
2023-11-07 03:00:00,6.914032,6.7282257,282.73236,100557.14,52.0,4.25
2023-11-07 04:00:00,6.503708,6.7171326,282.46948,100575.72,52.0,4.25
2023-11-07 05:00:00,6.643219,6.942398,282.26465,100594.32,52.0,4.25
2023-11-07 06:00:00,6.416809,6.9374847,281.9048,100603.914,52.0,4.25
2023-11-07 07:00:00,6.5829773,6.7756653,281.80505,100646.11,52.0,4.25
2023-11-07 08:00:00,6.674057,6.732498,282.13318,100674.69,52.0,4.25
2023-11-07 09:00:00,7.7277527,7.091797,282.72986,100710.64,52.0,4.25
2023-11-07 10:00:00,6.8510437,5.732376,284.076,100785.3,52.0,4.25
2023-11-07 11:00:00,7.77005,5.7052155,284.7061,100794.766,52.0,4.25
2023-11-07 12:00:00,7.9500732,6.3248596,284.9343,100803.4,52.0,4.25
2023-11-07 13:00:00,8.843826,6.3599243,284.94208,100786.5,52.0,4.25
2023-11-07 14:00:00,8.413574,6.758133,284.719,100812.06,52.0,4.25
2023-11-07 15:00:00,9.06662,6.5910034,284.4267,100807.59,52.0,4.25
2023-11-07 16:00:00,8.803741,5.9617157,283.70218,100813.56,52.0,4.25
2023-11-07 17:00:00,9.03186,5.511841,283.0649,100811.75,52.0,4.25
2023-11-07 18:00:00,9.263214,5.028183,282.80975,100840.51,52.0,4.25
2023-11-07 19:00:00,9.632248,4.4781494,282.77316,100871.74,52.0,4.25
2023-11-07 20:00:00,9.8285675,4.072174,282.76965,100894.484,52.0,4.25
2023-11-07 21:00:00,9.677307,3.6736908,282.88477,100920.31,52.0,4.25
2023-11-07 22:00:00,8.781738,3.4532776,283.06995,100949.53,52.0,4.25
2023-11-07 23:00:00,8.636459,3.981842,283.11273,100979.055,52.0,4.25
2023-11-08 00:00:00,7.9464874,4.370819,283.13196,100979.836,52.0,4.25
2023-11-08 01:00:00,8.765228,3.8728333,282.9829,101030.26,52.0,4.25
2023-11-08 02:00:00,8.8342285,3.5964966,282.9597,101051.31,52.0,4.25
2023-11-08 03:00:00,8.270706,4.359024,282.80405,101042.25,52.0,4.25
2023-11-08 04:00:00,7.4842987,5.998703,282.69162,101008.16,52.0,4.25
2023-11-08 05:00:00,7.368454,6.969406,282.59393,101045.7,52.0,4.25
2023-11-08 06:00:00,6.9789124,7.7424164,282.2888,101049.76,52.0,4.25
2023-11-08 07:00:00,6.123825,8.831192,282.11386,101057.945,52.0,4.25
2023-11-08 08:00:00,5.6309204,9.69371,282.18417,101051.5,52.0,4.25
2023-11-08 09:00:00,5.5322266,10.300552,282.56796,101050.55,52.0,4.25
2023-11-08 10:00:00,2.8365173,10.243027,282.76093,101000.61,52.0,4.25
2023-11-08 11:00:00,2.519638,11.520096,282.98575,100934.266,52.0,4.25
2023-11-08 12:00:00,2.5083923,12.712143,283.36945,100843.15,52.0,4.25
2023-11-08 13:00:00,3.5167236,14.430359,283.37054,100719.914,52.0,4.25
2023-11-08 14:00:00,3.6484528,14.718414,283.0326,100632.19,52.0,4.25
2023-11-08 15:00:00,3.9183502,14.915009,282.85712,100535.766,52.0,4.25
2023-11-08 16:00:00,5.200485,14.860855,283.0321,100452.375,52.0,4.25
2023-11-08 17:00:00,5.5144806,14.543457,283.34637,100409.19,52.0,4.25
2023-11-08 18:00:00,5.8337097,14.411011,283.50836,100361.7,52.0,4.25
2023-11-08 19:00:00,5.8097076,14.270782,283.72766,100330.81,52.0,4.25
2023-11-08 20:00:00,5.492035,13.515167,283.8649,100265.72,52.0,4.25
2023-11-08 21:00:00,5.107147,12.859512,283.9183,100212.19,52.0,4.25
2023-11-08 22:00:00,6.859894,11.741638,284.1109,100160.17,52.0,4.25
2023-11-08 23:00:00,5.966156,9.784882,284.16437,100096.72,52.0,4.25
2023-11-09 00:00:00,5.00531,8.8710785,284.15814,100069.23,52.0,4.25
2023-11-09 01:00:00,4.9243317,6.707062,283.9809,99982.6,52.0,4.25
2023-11-09 02:00:00,5.1200104,3.074768,283.69125,99951.08,52.0,4.25
2023-11-09 03:00:00,6.7763214,-1.1472626,283.34308,99966.766,52.0,4.25
2023-11-09 04:00:00,6.672699,-3.026001,282.87375,99995.39,52.0,4.25
2023-11-09 05:00:00,6.6805115,-0.85246277,282.4227,100030.78,52.0,4.25
2023-11-09 06:00:00,7.0730133,1.5515442,282.3042,100055.19,52.0,4.25
2023-11-09 07:00:00,6.920349,3.211258,281.8609,100078.72,52.0,4.25
2023-11-09 08:00:00,5.515976,4.8621674,282.33203,100107.8,52.0,4.25
2023-11-09 09:00:00,3.7139282,6.9867554,283.13684,100089.3,52.0,4.25
2023-11-09 10:00:00,3.2198944,8.075546,283.3708,100054.67,52.0,4.25
2023-11-09 11:00:00,2.9647522,8.896866,283.66434,100013.33,52.0,4.25
2023-11-09 12:00:00,2.3936615,9.92218,283.99448,99914.92,52.0,4.25
2023-11-09 13:00:00,2.6626587,11.273682,283.74948,99834.34,52.0,4.25
2023-11-09 14:00:00,5.9269257,12.584076,283.39536,99742.5,52.0,4.25
2023-11-09 15:00:00,8.040466,10.300568,282.71863,99701.31,52.0,4.25
2023-11-09 16:00:00,7.1214905,8.817154,282.37292,99640.21,52.0,4.25
2023-11-09 17:00:00,6.333893,8.774658,281.86615,99634.9,52.0,4.25
2023-11-09 18:00:00,6.9711456,8.345795,281.52563,99636.28,52.0,4.25
2023-11-09 19:00:00,6.942398,7.984909,281.3034,99590.07,52.0,4.25
2023-11-09 20:00:00,6.372284,8.846405,281.13446,99557.34,52.0,4.25
2023-11-09 21:00:00,5.8161774,9.950684,281.21573,99539.05,52.0,4.25
2023-11-09 22:00:00,5.7251434,10.475128,280.8142,99497.11,52.0,4.25
2023-11-09 23:00:00,6.058319,10.451202,280.68524,99473.76,52.0,4.25
2023-11-10 00:00:00,6.523224,9.595444,280.84888,99446.28,52.0,4.25
2023-11-10 01:00:00,7.468643,8.893402,280.95392,99388.59,52.0,4.25
2023-11-10 02:00:00,8.540298,7.8552246,281.0573,99381.84,52.0,4.25
2023-11-10 03:00:00,8.928146,7.1239624,281.0829,99404.95,52.0,4.25
2023-11-10 04:00:00,8.412415,7.20813,281.23236,99374.58,52.0,4.25
2023-11-10 05:00:00,7.3267975,7.991928,281.1177,99386.5,52.0,4.25
2023-11-10 06:00:00,6.538254,9.548553,281.00757,99388.24,52.0,4.25
2023-11-10 07:00:00,5.5904846,10.157669,280.89563,99391.72,52.0,4.25
2023-11-10 08:00:00,4.788437,10.440353,280.88098,99382.69,52.0,4.25
2023-11-10 09:00:00,4.739334,10.286621,280.96094,99385.72,52.0,4.25
2023-11-10 10:00:00,2.9741364,9.20845,281.25012,99357.61,52.0,4.25
2023-11-10 11:00:00,4.883301,8.332718,281.69397,99346.99,52.0,4.25
2023-11-10 12:00:00,6.9294434,6.34317,281.857,99351.44,52.0,4.25
2023-11-10 13:00:00,6.5414886,4.5483246,281.97867,99389.17,52.0,4.25
2023-11-10 14:00:00,6.8196716,3.8820496,282.01367,99426.266,52.0,4.25
2023-11-10 15:00:00,6.1383514,3.3574524,281.85822,99509.91,52.0,4.25
2023-11-10 16:00:00,5.356903,1.9963989,281.6056,99544.61,52.0,4.25
2023-11-10 17:00:00,4.734619,-0.6606293,281.3862,99599.28,52.0,4.25
2023-11-10 18:00:00,3.9365692,-3.7492676,281.31793,99637.34,52.0,4.25
2023-11-10 19:00:00,3.8208618,-6.356781,281.32968,99674.09,52.0,4.25
2023-11-10 20:00:00,4.441025,-7.6589966,281.47977,99739.25,52.0,4.25
2023-11-10 21:00:00,5.1428986,-7.7252045,281.5863,99835.0,52.0,4.25
2023-11-10 22:00:00,6.8780212,-6.326782,281.5749,99887.17,52.0,4.25
2023-11-10 23:00:00,7.7845154,-7.000946,281.3602,99972.05,52.0,4.25
2023-11-11 00:00:00,7.573517,-6.46196,281.0569,100026.61,52.0,4.25
2023-11-11 01:00:00,8.199631,-5.2111206,280.9447,100084.234,52.0,4.25
2023-11-11 02:00:00,7.652008,-4.266205,280.8114,100129.46,52.0,4.25
2023-11-11 03:00:00,7.825943,-3.4118195,280.70224,100169.03,52.0,4.25
2023-11-11 04:00:00,8.529419,-3.3972015,280.76178,100191.58,52.0,4.25
2023-11-11 05:00:00,8.49678,-3.526886,280.64142,100257.04,52.0,4.25
2023-11-11 06:00:00,8.026947,-3.5496216,280.87067,100283.95,52.0,4.25
2023-11-11 07:00:00,7.571228,-3.3503265,281.08914,100336.31,52.0,4.25
2023-11-11 08:00:00,7.3175964,-3.1056824,281.34906,100382.12,52.0,4.25
2023-11-11 09:00:00,6.977829,-2.5302734,282.00177,100426.055,52.0,4.25
2023-11-11 10:00:00,6.558731,-2.2897644,282.55157,100454.41,52.0,4.25
2023-11-11 11:00:00,6.3681335,-1.9658356,282.9697,100476.07,52.0,4.25
2023-11-11 12:00:00,6.512619,-1.7271881,283.0293,100493.86,52.0,4.25
2023-11-11 13:00:00,6.9360504,-1.5365295,282.92346,100493.53,52.0,4.25
2023-11-11 14:00:00,7.301193,-1.4875183,282.82098,100534.45,52.0,4.25
2023-11-11 15:00:00,7.2726135,-1.078598,282.79398,100564.34,52.0,4.25
2023-11-11 16:00:00,7.2006683,-1.122879,282.45636,100593.26,52.0,4.25
2023-11-11 17:00:00,6.5003967,-1.5544128,282.22278,100631.914,52.0,4.25
2023-11-11 18:00:00,5.623062,-1.7644958,282.3252,100629.34,52.0,4.25
2023-11-11 19:00:00,4.716217,-1.5878906,281.69788,100637.42,52.0,4.25
2023-11-11 20:00:00,3.8411255,-0.97769165,281.0551,100620.42,52.0,4.25
2023-11-11 21:00:00,3.6044922,-0.01373291,281.04358,100603.7,52.0,4.25
2023-11-11 22:00:00,3.3397217,-0.32453918,280.6795,100578.7,52.0,4.25
2023-11-11 23:00:00,2.875595,0.38186646,280.57,100546.5,52.0,4.25
2023-11-12 00:00:00,2.3279572,1.0582886,279.69406,100534.68,52.0,4.25
2023-11-12 01:00:00,2.679596,2.1161804,279.4176,100498.016,52.0,4.25
2023-11-12 02:00:00,3.1130066,2.9923248,279.336,100481.875,52.0,4.25
2023-11-12 03:00:00,3.3631287,3.46875,279.6386,100485.39,52.0,4.25
2023-11-12 04:00:00,3.459259,3.7960968,279.5095,100472.945,52.0,4.25
2023-11-12 05:00:00,3.0870972,3.6768951,278.87067,100479.92,52.0,4.25
2023-11-12 06:00:00,2.8605652,3.962494,278.68115,100491.19,52.0,4.25
2023-11-12 07:00:00,2.2953796,4.311142,278.33582,100516.56,52.0,4.25
2023-11-12 08:00:00,1.5711823,4.759445,278.61456,100558.31,52.0,4.25
2023-11-12 09:00:00,0.70783997,4.7093353,279.08157,100604.1,52.0,4.25
2023-11-12 10:00:00,1.400116,4.1443176,280.18768,100622.125,52.0,4.25
2023-11-12 11:00:00,1.6321106,4.197891,280.75586,100660.266,52.0,4.25
2023-11-12 12:00:00,1.1211853,3.9105225,281.06366,100665.266,52.0,4.25
2023-11-12 13:00:00,0.33432007,3.5802917,281.05472,100644.03,52.0,4.25
2023-11-12 14:00:00,-0.4690857,3.6521301,281.11273,100657.35,52.0,4.25
2023-11-12 15:00:00,-0.494339,4.6141815,281.0066,100706.25,52.0,4.25
2023-11-12 16:00:00,-0.74287415,5.1774597,280.8305,100691.55,52.0,4.25
2023-11-12 17:00:00,-0.2761078,5.6755524,280.55225,100728.09,52.0,4.25
2023-11-12 18:00:00,0.26994324,6.0529175,280.2501,100764.67,52.0,4.25
2023-11-12 19:00:00,-0.31706238,5.852783,279.9653,100745.875,52.0,4.25
2023-11-12 20:00:00,-0.31269836,6.4578094,279.9452,100736.22,52.0,4.25
2023-11-12 21:00:00,-0.7392273,6.0321503,279.89267,100763.41,52.0,4.25
2023-11-12 22:00:00,-1.4402161,6.135025,279.77795,100788.516,52.0,4.25
2023-11-12 23:00:00,-2.3647614,5.9697113,279.60022,100740.09,52.0,4.25
2023-11-13 00:00:00,-2.7943726,5.875778,279.45953,100661.95,52.0,4.25
2023-11-13 01:00:00,-2.9936981,5.7616425,279.33154,100624.76,52.0,4.25
2023-11-13 02:00:00,-2.5999298,7.020752,279.49036,100557.63,52.0,4.25
2023-11-13 03:00:00,-1.4468079,6.1220703,279.82587,100571.24,52.0,4.25
2023-11-13 04:00:00,-1.1765137,6.3867188,280.311,100486.2,52.0,4.25
2023-11-13 05:00:00,-0.19563293,6.9101257,281.07745,100407.016,52.0,4.25
2023-11-13 06:00:00,0.78211975,7.5342255,281.9533,100342.59,52.0,4.25
2023-11-13 07:00:00,0.20303345,8.554993,282.48956,100250.91,52.0,4.25
2023-11-13 08:00:00,-1.8659363,9.322739,282.85913,100113.625,52.0,4.25
2023-11-13 09:00:00,-3.0436401,11.222092,283.5476,99936.89,52.0,4.25
2023-11-13 10:00:00,0.3665924,12.171799,283.93762,99821.5,52.0,4.25
2023-11-13 11:00:00,6.171036,13.260956,285.2788,99624.97,52.0,4.25
2023-11-13 12:00:00,9.82547,12.879608,286.3731,99508.08,52.0,4.25
2023-11-13 13:00:00,14.070709,10.6577,287.72778,99474.125,52.0,4.25
2023-11-13 14:00:00,15.343674,8.430603,287.97247,99484.336,52.0,4.25
2023-11-13 15:00:00,15.50853,7.3117676,287.37677,99526.22,52.0,4.25
2023-11-13 16:00:00,15.821182,6.9464874,286.75476,99577.28,52.0,4.25
2023-11-13 17:00:00,16.56276,7.244461,286.63116,99682.15,52.0,4.25
2023-11-13 18:00:00,17.086868,7.435211,286.62354,99743.55,52.0,4.25
2023-11-13 19:00:00,16.997635,7.672867,286.49603,99791.98,52.0,4.25
2023-11-13 20:00:00,17.077927,7.7157745,286.3746,99848.22,52.0,4.25
2023-11-13 21:00:00,17.042282,7.784134,286.29242,99909.41,52.0,4.25
2023-11-13 22:00:00,17.726486,6.10614,286.24826,99952.734,52.0,4.25
2023-11-13 23:00:00,16.853836,6.036392,286.2271,99953.55,52.0,4.25
2023-11-14 00:00:00,16.84085,6.3388367,286.06494,99983.09,52.0,4.25
2023-11-14 01:00:00,17.452454,5.9387665,285.9608,100009.234,52.0,4.25
2023-11-14 02:00:00,17.768265,5.5905304,286.02304,100093.39,52.0,4.25
2023-11-14 03:00:00,17.127625,5.393814,285.9723,100103.97,52.0,4.25
2023-11-14 04:00:00,16.47844,4.3856964,285.784,100121.61,52.0,4.25
2023-11-14 05:00:00,15.754349,4.8925323,285.79205,100185.61,52.0,4.25
2023-11-14 06:00:00,15.215012,5.2097015,285.80322,100209.73,52.0,4.25
2023-11-14 07:00:00,14.161789,5.275299,285.56567,100236.34,52.0,4.25
2023-11-14 08:00:00,13.58432,5.4095764,285.71704,100271.414,52.0,4.25
2023-11-14 09:00:00,12.586639,4.890854,285.85794,100262.8,52.0,4.25
2023-11-14 10:00:00,12.645126,3.396103,286.3275,100293.12,52.0,4.25
2023-11-14 11:00:00,10.392334,4.41333,286.49338,100242.445,52.0,4.25
2023-11-14 12:00:00,9.20874,5.9937897,285.4927,100167.484,52.0,4.25
2023-11-14 13:00:00,11.123337,6.178406,285.30615,100148.41,52.0,4.25
2023-11-14 14:00:00,11.175003,5.5308075,284.82715,100087.17,52.0,4.25
2023-11-14 15:00:00,9.36087,4.9458466,284.31195,100032.484,52.0,4.25
2023-11-14 16:00:00,8.21022,2.7384949,283.91,100020.79,52.0,4.25
2023-11-14 17:00:00,8.816345,-0.9948273,283.8567,100058.61,52.0,4.25
2023-11-14 18:00:00,9.621658,-4.2574005,284.0653,100146.09,52.0,4.25
2023-11-14 19:00:00,9.858444,-5.152542,284.03973,100260.445,52.0,4.25
2023-11-14 20:00:00,10.233429,-4.6131134,284.0771,100372.28,52.0,4.25
2023-11-14 21:00:00,10.516724,-3.5485535,284.1457,100491.34,52.0,4.25
2023-11-14 22:00:00,9.661255,-3.8859863,284.2286,100589.91,52.0,4.25
2023-11-14 23:00:00,10.432922,-2.9600067,284.19156,100708.7,52.0,4.25
2023-11-15 00:00:00,10.87088,-2.2356873,284.33228,100801.14,52.0,4.25
2023-11-15 01:00:00,11.156708,-2.420578,284.31665,100850.99,52.0,4.25
2023-11-15 02:00:00,11.43544,-2.268982,284.4063,100944.52,52.0,4.25
2023-11-15 03:00:00,10.814697,-1.1965942,284.42374,101001.85,52.0,4.25
2023-11-15 04:00:00,10.922134,-1.1439972,284.25815,101038.33,52.0,4.25
2023-11-15 05:00:00,9.95311,-0.6612396,284.167,101100.91,52.0,4.25
2023-11-15 06:00:00,9.637329,-0.51319885,284.03253,101156.73,52.0,4.25
2023-11-15 07:00:00,10.269974,-0.34301758,284.12024,101194.195,52.0,4.25
2023-11-15 08:00:00,10.606949,0.2690735,284.07812,101264.93,52.0,4.25
2023-11-15 09:00:00,10.491364,0.9624481,284.33038,101322.56,52.0,4.25
2023-11-15 10:00:00,10.375458,1.3360443,284.7843,101337.516,52.0,4.25
2023-11-15 11:00:00,11.310913,1.4017944,285.12616,101345.28,52.0,4.25
2023-11-15 12:00:00,12.269028,0.97831726,284.87445,101352.266,52.0,4.25
2023-11-15 13:00:00,12.047348,1.0857239,284.97852,101379.67,52.0,4.25
2023-11-15 14:00:00,12.033768,1.5079803,284.8457,101410.7,52.0,4.25
2023-11-15 15:00:00,12.3450775,1.4866028,284.48047,101461.13,52.0,4.25
2023-11-15 16:00:00,11.545227,1.0625763,284.09122,101444.47,52.0,4.25
2023-11-15 17:00:00,12.240631,0.66230774,283.912,101488.83,52.0,4.25
2023-11-15 18:00:00,12.4097595,0.43626404,283.90875,101523.414,52.0,4.25
2023-11-15 19:00:00,12.308838,-0.1083374,284.01648,101510.03,52.0,4.25
2023-11-15 20:00:00,12.234726,-0.3735962,283.96002,101510.53,52.0,4.25
2023-11-15 21:00:00,12.004425,-0.59181213,283.70834,101513.91,52.0,4.25
2023-11-15 22:00:00,11.098679,-0.2952118,284.01837,101548.28,52.0,4.25
2023-11-15 23:00:00,10.458542,-0.36065674,283.73752,101556.84,52.0,4.25
2023-11-16 00:00:00,9.72374,-1.4932861,283.18585,101579.86,52.0,4.25
2023-11-16 01:00:00,8.737259,-3.0167236,283.036,101583.266,52.0,4.25
2023-11-16 02:00:00,6.5313873,-4.029022,282.569,101561.34,52.0,4.25
2023-11-16 03:00:00,4.1810913,-3.6388092,282.15338,101565.81,52.0,4.25
2023-11-16 04:00:00,2.077423,-2.881485,281.29184,101534.9,52.0,4.25
2023-11-16 05:00:00,0.4381256,-1.7048645,281.4427,101502.125,52.0,4.25
2023-11-16 06:00:00,-0.95558167,-0.060302734,280.4132,101460.39,52.0,4.25
2023-11-16 07:00:00,-2.2730408,1.4559784,280.50067,101391.39,52.0,4.25
2023-11-16 08:00:00,-3.1670227,2.4873962,280.66736,101343.305,52.0,4.25
2023-11-16 09:00:00,-2.720871,2.9507904,280.9832,101342.92,52.0,4.25
2023-11-16 10:00:00,-3.0509796,1.5257263,281.32007,101321.9,52.0,4.25
2023-11-16 11:00:00,-4.075638,1.3895874,281.51294,101238.266,52.0,4.25
2023-11-16 12:00:00,-5.305298,0.81533813,281.62683,101147.35,52.0,4.25
2023-11-16 13:00:00,-6.150055,-0.45846558,281.61212,101067.75,52.0,4.25
2023-11-16 14:00:00,-6.2197266,-0.8277893,281.474,101060.17,52.0,4.25
2023-11-16 15:00:00,-5.895706,-1.2389679,281.27292,101104.55,52.0,4.25
2023-11-16 16:00:00,-5.6108093,-2.028366,280.75333,101141.11,52.0,4.25
2023-11-16 17:00:00,-5.1990967,-2.878128,280.39508,101190.08,52.0,4.25
2023-11-16 18:00:00,-4.439682,-3.2773895,280.17654,101280.234,52.0,4.25
2023-11-16 19:00:00,-3.9647675,-3.239746,279.9926,101327.59,52.0,4.25
2023-11-16 20:00:00,-3.259262,-2.6472626,279.56506,101384.14,52.0,4.25
2023-11-16 21:00:00,-2.4823456,-1.7830963,278.67917,101434.07,52.0,4.25
2023-11-16 22:00:00,-1.5683289,-1.1792755,279.50757,101509.09,52.0,4.25
2023-11-16 23:00:00,-0.5523529,0.017791748,279.3719,101585.28,52.0,4.25
2023-11-17 00:00:00,-0.40248108,0.6874237,279.1035,101626.76,52.0,4.25
2023-11-17 01:00:00,-0.14872742,1.4810333,278.48804,101644.05,52.0,4.25
2023-11-17 02:00:00,1.1127777,2.2408295,279.17102,101690.95,52.0,4.25
2023-11-17 03:00:00,1.7642212,2.758957,279.03006,101711.4,52.0,4.25
2023-11-17 04:00:00,1.8868866,3.1716614,278.6673,101684.46,52.0,4.25
2023-11-17 05:00:00,1.4915314,3.03891,278.63998,101698.18,52.0,4.25
2023-11-17 06:00:00,1.7026215,2.74852,278.1442,101743.34,52.0,4.25
2023-11-17 07:00:00,1.511673,2.9747772,278.2154,101784.53,52.0,4.25
2023-11-17 08:00:00,1.3648682,3.4611053,278.43237,101826.66,52.0,4.25
2023-11-17 09:00:00,0.97117615,3.6372986,279.30334,101854.44,52.0,4.25
2023-11-17 10:00:00,1.0845947,2.962677,280.6568,101938.75,52.0,4.25
2023-11-17 11:00:00,1.028244,3.0259094,281.53412,101955.71,52.0,4.25
2023-11-17 12:00:00,1.6929932,3.039032,282.2079,101983.11,52.0,4.25
2023-11-17 13:00:00,2.2822418,2.9225311,282.71808,101992.11,52.0,4.25
2023-11-17 14:00:00,2.5595398,2.5337524,282.8175,102027.56,52.0,4.25
2023-11-17 15:00:00,2.9065552,2.0864868,282.42255,102093.83,52.0,4.25
2023-11-17 16:00:00,2.3769379,2.1393433,280.74286,102086.17,52.0,4.25
2023-11-17 17:00:00,2.8185425,2.2021332,280.00653,102143.42,52.0,4.25
2023-11-17 18:00:00,3.0060425,1.9089203,279.67685,102198.54,52.0,4.25
2023-11-17 19:00:00,2.5379333,2.366516,279.50507,102230.83,52.0,4.25
2023-11-17 20:00:00,3.146988,2.8250885,279.80597,102262.89,52.0,4.25
2023-11-17 21:00:00,2.9649963,3.409729,279.65384,102270.0,52.0,4.25
2023-11-17 22:00:00,3.102768,4.1769257,279.8188,102292.05,52.0,4.25
2023-11-17 23:00:00,2.2609406,4.970764,280.0502,102291.19,52.0,4.25
2023-11-18 00:00:00,1.9273529,6.225815,279.86954,102282.67,52.0,4.25
2023-11-18 01:00:00,1.8855133,6.3455353,279.60638,102272.06,52.0,4.25
2023-11-18 02:00:00,1.0683441,6.9931946,279.84552,102294.83,52.0,4.25
2023-11-18 03:00:00,0.09164429,7.789978,279.76114,102212.58,52.0,4.25
2023-11-18 04:00:00,-0.38961792,8.177155,279.62704,102151.44,52.0,4.25
2023-11-18 05:00:00,-0.9627228,8.485565,279.82422,102076.55,52.0,4.25
2023-11-18 06:00:00,-1.2986145,8.571503,279.96207,102000.72,52.0,4.25
2023-11-18 07:00:00,-1.9341431,8.70018,280.11172,101964.484,52.0,4.25
2023-11-18 08:00:00,-2.7235718,9.990524,280.34018,101901.89,52.0,4.25
2023-11-18 09:00:00,-2.4942627,10.28981,280.5908,101832.09,52.0,4.25
2023-11-18 10:00:00,-2.2760315,10.931305,280.7871,101736.37,52.0,4.25
2023-11-18 11:00:00,-3.0323944,12.038208,281.142,101581.04,52.0,4.25
2023-11-18 12:00:00,-2.2833557,13.158432,281.378,101391.0,52.0,4.25
2023-11-18 13:00:00,-0.77456665,13.0903015,281.424,101278.0,52.0,4.25
2023-11-18 14:00:00,0.91059875,12.109268,282.08014,101150.78,52.0,4.25
2023-11-18 15:00:00,2.699646,11.6171875,282.9437,101026.87,52.0,4.25
2023-11-18 16:00:00,5.0045776,10.901566,283.73267,100924.34,52.0,4.25
2023-11-18 17:00:00,7.5868225,9.540543,284.25772,100897.58,52.0,4.25
2023-11-18 18:00:00,8.9687805,8.091385,284.97662,100891.984,52.0,4.25
2023-11-18 19:00:00,10.030502,6.7921143,285.82855,100897.39,52.0,4.25
2023-11-18 20:00:00,10.250153,6.8778534,286.1784,100856.47,52.0,4.25
2023-11-18 21:00:00,10.537582,7.2144012,286.2508,100837.25,52.0,4.25
2023-11-18 22:00:00,11.74234,6.933319,286.53488,100807.26,52.0,4.25
2023-11-18 23:00:00,12.045776,6.6204376,286.65863,100781.734,52.0,4.25
2023-11-19 00:00:00,12.176147,5.752411,286.63904,100769.97,52.0,4.25
2023-11-19 01:00:00,12.308105,5.9223785,286.3895,100744.17,52.0,4.25
2023-11-19 02:00:00,12.710556,6.1800537,286.14066,100732.586,52.0,4.25
2023-11-19 03:00:00,13.005493,5.689743,285.71658,100717.09,52.0,4.25
2023-11-19 04:00:00,13.556839,5.3855896,285.62537,100727.22,52.0,4.25
2023-11-19 05:00:00,13.217194,5.406357,285.37152,100732.89,52.0,4.25
2023-11-19 06:00:00,13.07608,5.9828033,285.27777,100719.66,52.0,4.25
2023-11-19 07:00:00,13.325851,6.284622,285.20923,100735.76,52.0,4.25
2023-11-19 08:00:00,13.061813,6.407425,285.402,100759.875,52.0,4.25
2023-11-19 09:00:00,12.630356,6.700119,286.00342,100768.375,52.0,4.25
2023-11-19 10:00:00,12.578049,5.485977,286.37833,100788.34,52.0,4.25
2023-11-19 11:00:00,12.590561,5.8222046,286.57074,100762.695,52.0,4.25
2023-11-19 12:00:00,12.074188,6.2461395,286.69803,100730.21,52.0,4.25
2023-11-19 13:00:00,11.991669,6.7799835,286.09436,100703.06,52.0,4.25
2023-11-19 14:00:00,12.223145,7.4888,286.06927,100668.2,52.0,4.25
2023-11-19 15:00:00,11.571503,8.134323,285.9546,100600.76,52.0,4.25
2023-11-19 16:00:00,12.430801,8.103394,285.61157,100627.67,52.0,4.25
2023-11-19 17:00:00,12.631882,8.4599,285.36017,100598.55,52.0,4.25
2023-11-19 18:00:00,14.314194,7.433304,285.82422,100580.84,52.0,4.25
2023-11-19 19:00:00,14.697235,6.2942657,285.75305,100600.26,52.0,4.25
2023-11-19 20:00:00,14.842331,5.2767487,285.888,100617.71,52.0,4.25
2023-11-19 21:00:00,14.534363,4.6467133,285.8669,100643.32,52.0,4.25
2023-11-19 22:00:00,14.665573,3.964386,285.8144,100661.25,52.0,4.25
2023-11-19 23:00:00,14.079895,3.6460571,285.67383,100699.67,52.0,4.25
2023-11-20 00:00:00,13.509415,3.877655,285.54956,100726.98,52.0,4.25
2023-11-20 01:00:00,13.41098,4.0133667,285.34967,100757.67,52.0,4.25
2023-11-20 02:00:00,13.280075,3.1598969,285.12903,100792.86,52.0,4.25
2023-11-20 03:00:00,12.722733,2.3271942,284.89984,100775.836,52.0,4.25
2023-11-20 04:00:00,12.192123,1.9598083,284.57343,100781.164,52.0,4.25
2023-11-20 05:00:00,11.71579,1.7189941,284.20663,100802.17,52.0,4.25
2023-11-20 06:00:00,10.688049,1.9692383,283.89508,100809.76,52.0,4.25
2023-11-20 07:00:00,9.898163,2.6415405,283.78546,100823.17,52.0,4.25
2023-11-20 08:00:00,9.165695,3.2085266,283.7804,100844.19,52.0,4.25
2023-11-20 09:00:00,8.82753,3.6215668,283.8125,100862.17,52.0,4.25
2023-11-20 10:00:00,7.615982,2.935379,284.3191,100841.04,52.0,4.25
2023-11-20 11:00:00,6.483658,2.572342,284.61795,100816.34,52.0,4.25
2023-11-20 12:00:00,5.368698,2.9036713,284.578,100789.8,52.0,4.25
2023-11-20 13:00:00,5.269989,3.105774,284.00354,100736.3,52.0,4.25
2023-11-20 14:00:00,4.7143555,2.427063,283.8344,100740.61,52.0,4.25
2023-11-20 15:00:00,4.0125427,1.7530518,283.38513,100728.91,52.0,4.25
2023-11-20 16:00:00,3.3500671,0.74531555,282.62952,100750.59,52.0,4.25
2023-11-20 17:00:00,3.1990356,-0.60357666,281.65253,100775.375,52.0,4.25
2023-11-20 18:00:00,3.2516937,-1.5896912,281.12488,100823.59,52.0,4.25
2023-11-20 19:00:00,3.405838,-2.0927582,280.364,100876.84,52.0,4.25
2023-11-20 20:00:00,3.5660553,-1.8990021,280.32672,100912.14,52.0,4.25
2023-11-20 21:00:00,3.6850586,-1.6091309,281.43045,100932.016,52.0,4.25
2023-11-20 22:00:00,3.3202362,-2.6688385,281.92328,101025.22,52.0,4.25
2023-11-20 23:00:00,2.7545013,-2.4695587,282.3988,101049.055,52.0,4.25
2023-11-21 00:00:00,2.049118,-2.458374,282.47217,101080.16,52.0,4.25
2023-11-21 01:00:00,1.4984131,-2.3688354,282.55652,101096.58,52.0,4.25
2023-11-21 02:00:00,1.0901947,-2.9604797,283.172,101152.586,52.0,4.25
2023-11-21 03:00:00,0.78556824,-3.4639893,283.56427,101188.75,52.0,4.25
2023-11-21 04:00:00,0.49572754,-4.099869,282.98102,101225.11,52.0,4.25
2023-11-21 05:00:00,-0.12631226,-5.1144867,282.7243,101288.73,52.0,4.25
2023-11-21 06:00:00,-0.77809143,-5.732376,282.87173,101374.67,52.0,4.25
2023-11-21 07:00:00,-1.2812347,-6.390854,282.8495,101450.45,52.0,4.25
2023-11-21 08:00:00,-1.8463898,-6.74205,283.29608,101553.484,52.0,4.25
2023-11-21 09:00:00,-2.4844666,-6.120941,283.5789,101620.445,52.0,4.25
2023-11-21 10:00:00,-2.39328,-6.2777863,284.0597,101763.16,52.0,4.25
2023-11-21 11:00:00,-2.4767456,-6.347275,283.89035,101819.42,52.0,4.25
2023-11-21 12:00:00,-2.9519958,-6.200165,283.6972,101882.57,52.0,4.25
2023-11-21 13:00:00,-2.9836273,-5.328064,283.60217,101925.19,52.0,4.25
2023-11-21 14:00:00,-3.4604645,-5.255844,283.29358,101998.4,52.0,4.25
2023-11-21 15:00:00,-4.6832733,-5.679947,282.92743,102072.76,52.0,4.25
2023-11-21 16:00:00,-4.9134064,-6.116333,282.5356,102200.04,52.0,4.25
2023-11-21 17:00:00,-5.308914,-6.2444,282.14874,102316.266,52.0,4.25
2023-11-21 18:00:00,-5.577667,-5.7098846,281.5365,102431.164,52.0,4.25
2023-11-21 19:00:00,-5.243576,-5.1995544,280.87396,102534.08,52.0,4.25
2023-11-21 20:00:00,-4.831253,-4.6547394,280.33423,102622.88,52.0,4.25
2023-11-21 21:00:00,-4.6613464,-4.25531,279.91446,102681.516,52.0,4.25
2023-11-21 22:00:00,-4.371399,-4.408966,279.0722,102760.95,52.0,4.25
2023-11-21 23:00:00,-4.3056335,-3.9410248,278.50586,102816.18,52.0,4.25
2023-11-22 00:00:00,-4.427307,-3.010437,278.19553,102824.42,52.0,4.25
2023-11-22 01:00:00,-3.6913452,-2.574234,277.5548,102852.95,52.0,4.25
2023-11-22 02:00:00,-3.2628937,-2.0132294,276.51996,102884.84,52.0,4.25
2023-11-22 03:00:00,-2.7118835,-1.5794067,275.70306,102932.42,52.0,4.25
2023-11-22 04:00:00,-3.0947723,-0.6053467,275.62967,102955.31,52.0,4.25
2023-11-22 05:00:00,-2.2339935,0.90838623,275.79202,102920.586,52.0,4.25
2023-11-22 06:00:00,-1.9580994,0.79985046,276.002,103026.43,52.0,4.25
2023-11-22 07:00:00,-1.8909912,2.6700134,276.27286,102986.79,52.0,4.25
2023-11-22 08:00:00,-0.6082001,3.4964905,276.57547,103047.77,52.0,4.25
2023-11-22 09:00:00,0.6613312,3.7767487,277.47086,103084.24,52.0,4.25
2023-11-22 10:00:00,0.7928314,5.0546875,278.63965,103062.42,52.0,4.25
2023-11-22 11:00:00,2.0523376,5.6393433,279.51773,103013.28,52.0,4.25
2023-11-22 12:00:00,2.9460144,5.982788,280.21954,102960.945,52.0,4.25
2023-11-22 13:00:00,3.9497986,6.4495544,280.5036,102870.18,52.0,4.25
2023-11-22 14:00:00,4.4710846,6.267334,280.76318,102807.61,52.0,4.25
2023-11-22 15:00:00,5.7981567,6.2725677,280.99475,102781.76,52.0,4.25
2023-11-22 16:00:00,6.777298,6.4764557,281.372,102725.195,52.0,4.25
2023-11-22 17:00:00,7.216156,6.635849,281.64236,102670.766,52.0,4.25
2023-11-22 18:00:00,8.460602,5.7372894,281.9685,102641.18,52.0,4.25
2023-11-22 19:00:00,9.211609,4.859497,282.4502,102594.34,52.0,4.25
2023-11-22 20:00:00,9.165115,3.4774475,283.20914,102543.35,52.0,4.25
2023-11-22 21:00:00,9.524582,1.7041016,283.9046,102499.625,52.0,4.25
2023-11-22 22:00:00,10.504501,0.9838867,284.13098,102463.516,52.0,4.25
2023-11-22 23:00:00,10.771423,0.9347992,284.2806,102447.94,52.0,4.25
2023-11-23 00:00:00,11.037949,1.044281,284.2724,102432.12,52.0,4.25
2023-11-23 01:00:00,11.323593,0.7219696,284.27106,102379.11,52.0,4.25
2023-11-23 02:00:00,10.622345,0.39183044,284.16315,102365.09,52.0,4.25
2023-11-23 03:00:00,10.76564,0.4815979,283.9953,102363.97,52.0,4.25
2023-11-23 04:00:00,11.446869,0.11456299,283.9358,102328.93,52.0,4.25
2023-11-23 05:00:00,11.639542,-0.03401184,283.92456,102302.2,52.0,4.25
2023-11-23 06:00:00,11.666977,0.2905426,283.9206,102257.59,52.0,4.25
2023-11-23 07:00:00,11.972778,0.2020874,283.98734,102243.75,52.0,4.25
2023-11-23 08:00:00,12.173462,0.5695801,284.4469,102234.06,52.0,4.25
2023-11-23 09:00:00,12.151138,1.7369995,285.10065,102158.87,52.0,4.25
2023-11-23 10:00:00,11.859955,1.2307129,285.84497,102160.55,52.0,4.25
2023-11-23 11:00:00,13.559235,1.529129,285.99493,102090.5,52.0,4.25
2023-11-23 12:00:00,14.130249,2.0261383,285.849,102002.16,52.0,4.25
2023-11-23 13:00:00,13.844666,2.281479,285.91052,101905.164,52.0,4.25
2023-11-23 14:00:00,14.937866,0.9115143,285.8968,101823.234,52.0,4.25
2023-11-23 15:00:00,14.368027,-0.038406372,285.83215,101782.164,52.0,4.25
2023-11-23 16:00:00,13.976578,-0.82884216,285.6384,101722.8,52.0,4.25
2023-11-23 17:00:00,13.954605,-2.1628113,285.51028,101667.17,52.0,4.25
2023-11-23 18:00:00,14.457474,-3.8418274,285.92938,101649.14,52.0,4.25
2023-11-23 19:00:00,15.053879,-4.610443,285.6927,101612.49,52.0,4.25
2023-11-23 20:00:00,14.548935,-6.1768494,285.3321,101556.36,52.0,4.25
2023-11-23 21:00:00,12.600967,-8.789703,284.79645,101548.91,52.0,4.25
2023-11-23 22:00:00,9.273117,-10.4700775,284.7448,101547.625,52.0,4.25
2023-11-23 23:00:00,8.515579,-10.255112,283.96454,101558.16,52.0,4.25
2023-11-24 00:00:00,8.934952,-10.094879,282.99228,101587.44,52.0,4.25
2023-11-24 01:00:00,9.098999,-9.853683,282.32227,101587.86,52.0,4.25
2023-11-24 02:00:00,9.103851,-9.475739,281.97662,101551.86,52.0,4.25
2023-11-24 03:00:00,9.123459,-9.210205,281.8704,101501.305,52.0,4.25
2023-11-24 04:00:00,9.039368,-9.058014,281.55658,101455.39,52.0,4.25
2023-11-24 05:00:00,9.3949585,-9.23555,281.16315,101384.53,52.0,4.25
2023-11-24 06:00:00,9.896774,-10.147232,280.90143,101384.73,52.0,4.25
2023-11-24 07:00:00,9.304123,-11.099304,280.30255,101381.95,52.0,4.25
2023-11-24 08:00:00,7.74646,-12.006546,280.1032,101391.0,52.0,4.25
2023-11-24 09:00:00,7.0613556,-12.627686,279.9925,101355.83,52.0,4.25
2023-11-24 10:00:00,7.226822,-10.525421,280.3459,101331.984,52.0,4.25
2023-11-24 11:00:00,9.064972,-11.553619,280.29834,101304.34,52.0,4.25
2023-11-24 12:00:00,8.314468,-12.423264,280.648,101217.77,52.0,4.25
2023-11-24 13:00:00,7.905945,-13.180252,280.34033,101198.234,52.0,4.25
2023-11-24 14:00:00,8.904678,-15.92746,280.5799,101175.625,52.0,4.25
2023-11-24 15:00:00,8.799057,-16.250488,280.51886,101192.41,52.0,4.25
2023-11-24 16:00:00,9.342987,-16.21582,280.33612,101188.53,52.0,4.25
2023-11-24 17:00:00,9.181,-16.170609,280.09058,101188.7,52.0,4.25
2023-11-24 18:00:00,8.913483,-15.806656,279.94144,101194.61,52.0,4.25
2023-11-24 19:00:00,7.3234406,-16.084,280.19998,101242.305,52.0,4.25
2023-11-24 20:00:00,4.801132,-16.428238,280.0523,101275.84,52.0,4.25
2023-11-24 21:00:00,3.1798859,-15.592194,279.81897,101317.33,52.0,4.25
2023-11-24 22:00:00,3.407837,-12.35466,280.3208,101364.7,52.0,4.25
2023-11-24 23:00:00,2.449768,-12.682068,279.969,101380.08,52.0,4.25
2023-11-25 00:00:00,1.9344788,-12.117538,279.79272,101429.89,52.0,4.25
2023-11-25 01:00:00,2.3794556,-11.213852,279.7448,101455.984,52.0,4.25
2023-11-25 02:00:00,3.1228485,-10.571533,279.5926,101470.16,52.0,4.25
2023-11-25 03:00:00,3.6865082,-9.943878,279.23663,101446.86,52.0,4.25
2023-11-25 04:00:00,5.371414,-10.181732,279.1134,101441.24,52.0,4.25
2023-11-25 05:00:00,6.8101654,-11.032608,279.24088,101425.2,52.0,4.25
2023-11-25 06:00:00,7.4019775,-10.787628,279.34387,101407.84,52.0,4.25
2023-11-25 07:00:00,7.8168335,-10.848724,279.63116,101369.61,52.0,4.25
2023-11-25 08:00:00,6.4717865,-11.230011,280.00964,101387.7,52.0,4.25
2023-11-25 09:00:00,4.92334,-11.265839,280.4154,101369.53,52.0,4.25
2023-11-25 10:00:00,4.470825,-11.338699,280.9107,101393.75,52.0,4.25
2023-11-25 11:00:00,5.0896454,-11.726242,281.23523,101384.34,52.0,4.25
2023-11-25 12:00:00,5.27652,-12.037582,281.31818,101383.2,52.0,4.25
2023-11-25 13:00:00,5.158905,-12.141556,281.23663,101369.31,52.0,4.25
2023-11-25 14:00:00,4.856186,-11.483841,281.20856,101372.88,52.0,4.25
2023-11-25 15:00:00,4.775131,-11.296295,280.8806,101394.14,52.0,4.25
2023-11-25 16:00:00,4.157379,-11.326965,280.57916,101402.945,52.0,4.25
2023-11-25 17:00:00,3.378662,-11.1002655,280.51678,101451.516,52.0,4.25
2023-11-25 18:00:00,2.4484558,-10.638702,280.32297,101486.86,52.0,4.25
2023-11-25 19:00:00,1.6175385,-9.912857,280.17688,101532.055,52.0,4.25
2023-11-25 20:00:00,1.111908,-8.900894,279.9407,101548.34,52.0,4.25
2023-11-25 21:00:00,0.767807,-7.843689,279.55826,101576.164,52.0,4.25
2023-11-25 22:00:00,1.5573883,-6.83667,279.60397,101594.67,52.0,4.25
2023-11-25 23:00:00,1.8297424,-6.19458,279.44864,101590.43,52.0,4.25
2023-11-26 00:00:00,1.8226471,-6.0003815,278.9424,101605.875,52.0,4.25
2023-11-26 01:00:00,2.154251,-5.491974,278.5517,101611.05,52.0,4.25
2023-11-26 02:00:00,2.7453156,-5.058502,278.9028,101616.01,52.0,4.25
2023-11-26 03:00:00,3.171173,-4.521057,278.6859,101617.66,52.0,4.25
2023-11-26 04:00:00,3.4045563,-4.45166,279.2304,101620.05,52.0,4.25
2023-11-26 05:00:00,3.268753,-4.495041,279.68292,101609.336,52.0,4.25
2023-11-26 06:00:00,3.1433105,-4.385788,279.94388,101621.43,52.0,4.25
2023-11-26 07:00:00,3.1434784,-3.9213562,279.86035,101606.164,52.0,4.25
2023-11-26 08:00:00,3.2487946,-3.21492,279.9455,101606.55,52.0,4.25
2023-11-26 09:00:00,3.2778015,-2.2313232,280.35547,101595.41,52.0,4.25
2023-11-26 10:00:00,3.888626,-1.5707855,280.81647,101615.484,52.0,4.25
2023-11-26 11:00:00,4.404785,-1.0181122,281.06732,101571.94,52.0,4.25
2023-11-26 12:00:00,5.310547,-0.8026581,281.10165,101537.87,52.0,4.25
2023-11-26 13:00:00,5.920212,-0.3645935,281.17145,101493.9,52.0,4.25
2023-11-26 14:00:00,6.607239,0.28120422,280.97504,101447.42,52.0,4.25
2023-11-26 15:00:00,7.304764,1.0946045,280.73035,101414.055,52.0,4.25
2023-11-26 16:00:00,7.384552,1.9035034,280.45102,101385.59,52.0,4.25
2023-11-26 17:00:00,6.68042,2.7931519,280.03235,101332.42,52.0,4.25
2023-11-26 18:00:00,6.0370483,3.8174133,279.95276,101277.5,52.0,4.25
2023-11-26 19:00:00,5.3601837,4.5139923,279.70392,101249.766,52.0,4.25
2023-11-26 20:00:00,4.0061646,5.8304443,279.57922,101167.055,52.0,4.25
2023-11-26 21:00:00,3.3520813,7.4712677,279.5381,101089.234,52.0,4.25
2023-11-26 22:00:00,4.4418945,8.942123,279.63272,100990.94,52.0,4.25
2023-11-26 23:00:00,5.808029,9.323334,279.71692,100860.78,52.0,4.25
2023-11-27 00:00:00,5.827469,9.64386,279.50244,100771.125,52.0,4.25
2023-11-27 01:00:00,5.0646515,10.115829,279.0447,100662.62,52.0,4.25
2023-11-27 02:00:00,4.225754,10.275436,278.62036,100560.29,52.0,4.25
2023-11-27 03:00:00,2.7312775,10.278107,278.3766,100418.53,52.0,4.25
2023-11-27 04:00:00,1.4780426,9.965408,278.24307,100295.766,52.0,4.25
2023-11-27 05:00:00,0.69091797,9.643723,278.09265,100122.484,52.0,4.25
2023-11-27 06:00:00,1.3329163,8.570496,278.19965,99978.664,52.0,4.25
2023-11-27 07:00:00,2.1987152,6.604294,278.47336,99877.11,52.0,4.25
2023-11-27 08:00:00,1.9525604,5.0627747,279.06195,99794.32,52.0,4.25
2023-11-27 09:00:00,1.7491913,4.585144,279.70428,99707.47,52.0,4.25
2023-11-27 10:00:00,0.7299042,2.6110535,280.737,99659.95,52.0,4.25
2023-11-27 11:00:00,-0.8899994,1.6793213,280.94574,99560.5,52.0,4.25
2023-11-27 12:00:00,-1.562439,0.54441833,280.99884,99480.64,52.0,4.25
2023-11-27 13:00:00,-2.6073303,-1.4532776,280.776,99389.1,52.0,4.25
2023-11-27 14:00:00,-3.712799,-3.4400024,280.15564,99339.016,52.0,4.25
2023-11-27 15:00:00,-4.440399,-5.4695587,279.36353,99334.84,52.0,4.25
2023-11-27 16:00:00,-4.889023,-6.8403625,278.50595,99349.58,52.0,4.25
2023-11-27 17:00:00,-4.60878,-7.2690735,277.87415,99384.38,52.0,4.25
2023-11-27 18:00:00,-4.708542,-7.8485413,277.5308,99432.08,52.0,4.25
2023-11-27 19:00:00,-4.8791504,-7.6901245,277.25006,99502.36,52.0,4.25
2023-11-27 20:00:00,-5.722336,-8.096802,276.97162,99533.31,52.0,4.25
2023-11-27 21:00:00,-6.555069,-8.55426,276.68283,99613.16,52.0,4.25
2023-11-27 22:00:00,-6.606827,-8.284546,276.97748,99730.72,52.0,4.25
2023-11-27 23:00:00,-6.9335175,-8.591583,277.02966,99853.13,52.0,4.25
2023-11-28 00:00:00,-6.542282,-8.494141,276.86877,99936.06,52.0,4.25
2023-11-28 01:00:00,-6.3309326,-8.507645,276.58423,100066.39,52.0,4.25
2023-11-28 02:00:00,-6.6333466,-8.515762,276.50568,100185.87,52.0,4.25
2023-11-28 03:00:00,-6.9217987,-8.099228,276.3802,100294.03,52.0,4.25
2023-11-28 04:00:00,-6.587921,-7.258713,276.10477,100367.29,52.0,4.25
2023-11-28 05:00:00,-6.066223,-6.8156586,275.9127,100442.22,52.0,4.25
2023-11-28 06:00:00,-5.615326,-6.3878326,275.4398,100540.78,52.0,4.25
2023-11-28 07:00:00,-5.075836,-5.447174,275.0893,100619.44,52.0,4.25
2023-11-28 08:00:00,-4.2872925,-4.20636,274.78607,100710.81,52.0,4.25
2023-11-28 09:00:00,-2.9234009,-2.7840729,275.68085,100765.72,52.0,4.25
2023-11-28 10:00:00,-1.6077728,-0.6201477,276.64642,100844.016,52.0,4.25
2023-11-28 11:00:00,-0.081085205,0.3075714,277.38354,100840.85,52.0,4.25
2023-11-28 12:00:00,1.8997803,0.09750366,277.88538,100836.23,52.0,4.25
2023-11-28 13:00:00,3.3418121,-0.6709442,278.27545,100819.64,52.0,4.25
2023-11-28 14:00:00,3.8470001,0.49905396,278.04596,100819.83,52.0,4.25
2023-11-28 15:00:00,4.825882,1.9492188,277.4467,100804.77,52.0,4.25
2023-11-28 16:00:00,5.908432,2.856308,277.01813,100784.84,52.0,4.25
2023-11-28 17:00:00,6.7530518,3.4690094,276.92383,100746.875,52.0,4.25
2023-11-28 18:00:00,7.6510315,3.814148,276.8805,100679.54,52.0,4.25
2023-11-28 19:00:00,8.490616,3.0740356,277.12482,100634.5,52.0,4.25
2023-11-28 20:00:00,8.790817,1.8764191,277.21814,100590.48,52.0,4.25
2023-11-28 21:00:00,9.018417,0.2453003,277.51596,100534.89,52.0,4.25
2023-11-28 22:00:00,8.703323,-2.932129,277.9455,100474.81,52.0,4.25
2023-11-28 23:00:00,9.562225,-1.2638245,277.6411,100423.15,52.0,4.25
2023-11-29 00:00:00,10.705948,-0.12438965,277.5677,100346.39,52.0,4.25
2023-11-29 01:00:00,11.393463,-0.032211304,277.81113,100270.25,52.0,4.25
2023-11-29 02:00:00,11.979599,-0.7568207,278.0644,100176.81,52.0,4.25
2023-11-29 03:00:00,12.134766,-3.0649261,278.02924,100126.16,52.0,4.25
2023-11-29 04:00:00,11.696396,-5.155243,277.97375,100082.805,52.0,4.25
2023-11-29 05:00:00,9.491837,-6.8518677,277.6356,100078.94,52.0,4.25
2023-11-29 06:00:00,6.292282,-7.516693,277.51538,100092.266,52.0,4.25
2023-11-29 07:00:00,4.196045,-7.007843,277.18347,100140.92,52.0,4.25
2023-11-29 08:00:00,2.8535004,-6.2514343,276.96454,100213.914,52.0,4.25
2023-11-29 09:00:00,1.9904175,-5.6937256,277.06635,100249.81,52.0,4.25
2023-11-29 10:00:00,1.1610107,-4.6789856,277.54285,100337.05,52.0,4.25
2023-11-29 11:00:00,1.3258057,-3.3013458,278.0009,100311.88,52.0,4.25
2023-11-29 12:00:00,2.246872,-2.1822052,277.65405,100302.625,52.0,4.25
2023-11-29 13:00:00,2.791687,-1.6428375,277.45496,100319.625,52.0,4.25
2023-11-29 14:00:00,3.1719666,-1.2015076,277.4478,100286.05,52.0,4.25
2023-11-29 15:00:00,3.4486084,-1.2824097,276.75378,100273.59,52.0,4.25
2023-11-29 16:00:00,3.4683228,-1.0239105,276.47202,100282.81,52.0,4.25
2023-11-29 17:00:00,3.3858185,-0.79315186,274.97684,100292.49,52.0,4.25
2023-11-29 18:00:00,2.98909,-0.55926514,274.4604,100294.19,52.0,4.25
2023-11-29 19:00:00,2.3667755,-0.40853882,274.4376,100309.625,52.0,4.25
2023-11-29 20:00:00,1.7982941,-0.3491211,275.1792,100316.3,52.0,4.25
2023-11-29 21:00:00,0.8528595,-0.30947876,275.18732,100313.53,52.0,4.25
2023-11-29 22:00:00,0.5685272,-0.7841797,275.95947,100271.89,52.0,4.25
2023-11-29 23:00:00,-0.119628906,-0.27186584,274.966,100258.67,52.0,4.25
2023-11-30 00:00:00,-0.46923828,0.7108154,274.0534,100279.61,52.0,4.25
2023-11-30 01:00:00,-0.762619,0.97106934,274.0971,100222.875,52.0,4.25
2023-11-30 02:00:00,-1.767868,0.44384766,274.03625,100189.86,52.0,4.25
2023-11-30 03:00:00,-2.6681519,0.79304504,273.6864,100179.2,52.0,4.25
2023-11-30 04:00:00,-3.0594025,1.1661835,273.00964,100198.3,52.0,4.25
2023-11-30 05:00:00,-3.7739105,0.3078308,272.64624,100167.84,52.0,4.25
2023-11-30 06:00:00,-4.3821106,-0.39974976,272.57516,100172.53,52.0,4.25
2023-11-30 07:00:00,-4.416443,-0.3737793,272.63147,100212.45,52.0,4.25
2023-11-30 08:00:00,-4.4767,-1.0620422,272.4975,100224.02,52.0,4.25
2023-11-30 09:00:00,-4.0724792,-1.4759369,272.9375,100230.14,52.0,4.25
2023-11-30 10:00:00,-2.8366241,-1.5455627,274.3339,100252.47,52.0,4.25
2023-11-30 11:00:00,-2.168457,-1.7912598,274.95334,100242.39,52.0,4.25
2023-11-30 12:00:00,-1.4481812,-1.8973236,275.67468,100223.33,52.0,4.25
2023-11-30 13:00:00,-1.3640594,-2.2430878,275.93317,100213.39,52.0,4.25
2023-11-30 14:00:00,-1.36586,-2.3552094,275.90997,100208.03,52.0,4.25
2023-11-30 15:00:00,-1.2216797,-2.0888672,275.06604,100215.09,52.0,4.25
2023-11-30 16:00:00,-1.0043793,-2.2919312,273.89856,100234.73,52.0,4.25
2023-11-30 17:00:00,-1.0618896,-2.0653992,273.227,100249.78,52.0,4.25
2023-11-30 18:00:00,-0.9339905,-1.4905243,273.09186,100249.66,52.0,4.25
2023-11-30 19:00:00,-0.75735474,-0.7924652,273.60754,100271.3,52.0,4.25
2023-11-30 20:00:00,-0.60266113,0.28103638,273.59442,100294.0,52.0,4.25
2023-11-30 21:00:00,-0.3956604,1.3717346,273.51605,100314.016,52.0,4.25
2023-11-30 22:00:00,-1.7839813,2.5157318,271.95233,100352.45,52.0,4.25
2023-11-30 23:00:00,-2.3823853,2.945465,271.74323,100376.78,52.0,4.25
2023-12-01 00:00:00,-2.865509,2.652542,271.70703,100403.69,52.0,4.25
2023-12-01 01:00:00,-3.8370667,1.7706909,272.18423,100437.54,52.0,4.25
2023-12-01 02:00:00,-4.7611237,1.8104401,271.8907,100503.14,52.0,4.25
2023-12-01 03:00:00,-5.3586884,1.0852509,271.8683,100539.65,52.0,4.25
2023-12-01 04:00:00,-5.562195,-0.32130432,272.04944,100559.55,52.0,4.25
2023-12-01 05:00:00,-5.5935516,-0.64775085,272.28564,100604.55,52.0,4.25
2023-12-01 06:00:00,-5.380432,-0.32289124,272.30948,100657.74,52.0,4.25
2023-12-01 07:00:00,-5.2547913,-0.50035095,272.5532,100695.72,52.0,4.25
2023-12-01 08:00:00,-4.7481384,-0.5269928,272.6878,100744.305,52.0,4.25
2023-12-01 09:00:00,-4.573578,-0.12315369,272.8301,100800.66,52.0,4.25
2023-12-01 10:00:00,-3.907196,-0.28286743,272.5885,100847.8,52.0,4.25
2023-12-01 11:00:00,-3.7321777,-0.6877899,272.73877,100857.24,52.0,4.25
2023-12-01 12:00:00,-3.672882,-1.6223145,273.01266,100841.03,52.0,4.25
2023-12-01 13:00:00,-3.8448944,-1.9238434,273.4121,100848.234,52.0,4.25
2023-12-01 14:00:00,-3.9504395,-1.9273682,273.3195,100845.484,52.0,4.25
2023-12-01 15:00:00,-4.139862,-1.7510834,273.0095,100863.69,52.0,4.25
2023-12-01 16:00:00,-4.467636,-1.948883,272.393,100899.91,52.0,4.25
2023-12-01 17:00:00,-4.6832275,-1.8106842,271.9834,100943.58,52.0,4.25
2023-12-01 18:00:00,-4.706909,-1.3246002,271.86963,100991.31,52.0,4.25
2023-12-01 19:00:00,-4.6486053,-1.1728516,271.66486,101019.2,52.0,4.25
2023-12-01 20:00:00,-4.3108215,-1.4545593,271.19708,101060.17,52.0,4.25
2023-12-01 21:00:00,-3.9316864,-1.7830505,270.29364,101067.17,52.0,4.25
2023-12-01 22:00:00,-2.1038055,-0.022155762,270.89954,101086.68,52.0,4.25
2023-12-01 23:00:00,-1.6071167,0.4210968,270.67828,101094.94,52.0,4.25
2023-12-02 00:00:00,-0.8612213,0.7452545,270.43146,101123.2,52.0,4.25
2023-12-02 01:00:00,-0.24198914,0.6748047,270.9131,101092.55,52.0,4.25
2023-12-02 02:00:00,0.046325684,0.60739136,270.37405,101099.086,52.0,4.25
2023-12-02 03:00:00,0.2574463,0.9874878,270.49884,101119.81,52.0,4.25
2023-12-02 04:00:00,0.35758972,1.5209656,270.4762,101124.734,52.0,4.25
2023-12-02 05:00:00,0.36238098,2.1908112,270.33716,101148.69,52.0,4.25
2023-12-02 06:00:00,0.51834106,3.1871185,270.5588,101203.66,52.0,4.25
2023-12-02 07:00:00,1.049057,4.171829,270.8843,101252.19,52.0,4.25
2023-12-02 08:00:00,1.8947449,4.676544,271.26422,101306.54,52.0,4.25
2023-12-02 09:00:00,2.79393,4.467285,272.09894,101375.75,52.0,4.25
2023-12-02 10:00:00,2.785263,3.9918823,273.4083,101412.78,52.0,4.25
2023-12-02 11:00:00,3.7318573,3.0071259,274.66217,101427.625,52.0,4.25
2023-12-02 12:00:00,3.8960724,2.2239227,275.54572,101416.65,52.0,4.25
2023-12-02 13:00:00,3.8151093,1.7387085,276.11487,101440.39,52.0,4.25
2023-12-02 14:00:00,3.7984467,1.3821106,276.02356,101470.875,52.0,4.25
2023-12-02 15:00:00,3.9082336,1.72966,274.88818,101520.375,52.0,4.25
2023-12-02 16:00:00,4.012329,2.1818237,274.3335,101578.3,52.0,4.25
2023-12-02 17:00:00,3.9527435,2.49263,274.3516,101646.48,52.0,4.25
2023-12-02 18:00:00,4.052887,2.5986023,274.46423,101681.75,52.0,4.25
2023-12-02 19:00:00,4.1212463,2.556839,274.2384,101708.266,52.0,4.25
2023-12-02 20:00:00,4.2152405,2.4049835,274.2523,101733.84,52.0,4.25
2023-12-02 21:00:00,4.5863495,2.35466,274.26733,101755.266,52.0,4.25
2023-12-02 22:00:00,5.277359,2.6741028,274.57697,101784.71,52.0,4.25
2023-12-02 23:00:00,5.2506104,2.927719,275.10657,101832.73,52.0,4.25
2023-12-03 00:00:00,5.484131,3.1819458,275.2765,101853.97,52.0,4.25
2023-12-03 01:00:00,5.310074,3.257553,275.39117,101856.06,52.0,4.25
2023-12-03 02:00:00,3.937378,4.3494263,275.24182,101855.14,52.0,4.25
2023-12-03 03:00:00,2.669281,6.2456665,274.63177,101873.625,52.0,4.25
2023-12-03 04:00:00,2.5316467,7.315933,273.92334,101867.58,52.0,4.25
2023-12-03 05:00:00,2.6146545,7.731537,273.30643,101899.91,52.0,4.25
2023-12-03 06:00:00,1.6582642,8.009079,273.04092,101874.875,52.0,4.25
2023-12-03 07:00:00,0.7195587,8.503555,272.95306,101885.945,52.0,4.25
2023-12-03 08:00:00,0.22695923,9.297043,272.83353,101889.34,52.0,4.25
2023-12-03 09:00:00,0.8209686,10.076187,273.53912,101903.375,52.0,4.25
2023-12-03 10:00:00,0.32962036,10.178589,274.03683,101885.85,52.0,4.25
2023-12-03 11:00:00,0.09953308,11.16069,274.3839,101842.83,52.0,4.25
2023-12-03 12:00:00,-0.00036621094,10.465256,274.56555,101788.25,52.0,4.25
2023-12-03 13:00:00,-0.2998352,10.929657,274.71173,101755.04,52.0,4.25
2023-12-03 14:00:00,-0.90971375,11.472122,274.5271,101687.266,52.0,4.25
2023-12-03 15:00:00,-2.0560913,11.048462,274.36816,101645.266,52.0,4.25
2023-12-03 16:00:00,-3.0727997,10.737549,274.09738,101593.59,52.0,4.25
2023-12-03 17:00:00,-3.600357,10.095139,273.8581,101517.91,52.0,4.25
2023-12-03 18:00:00,-3.6177063,10.031189,273.59708,101466.18,52.0,4.25
2023-12-03 19:00:00,-3.2602234,10.040512,273.6939,101412.58,52.0,4.25
2023-12-03 20:00:00,-2.4550476,9.756622,274.4015,101349.984,52.0,4.25
2023-12-03 21:00:00,-1.6761475,9.740128,274.81006,101280.766,52.0,4.25
2023-12-03 22:00:00,-1.4133301,9.446442,274.8183,101225.65,52.0,4.25
2023-12-03 23:00:00,-0.65019226,9.670532,275.0815,101162.19,52.0,4.25
2023-12-04 00:00:00,0.06625366,10.004684,275.2337,101118.12,52.0,4.25
2023-12-04 01:00:00,-0.27394104,9.916046,275.25647,101047.31,52.0,4.25
2023-12-04 02:00:00,-1.3601227,9.795273,275.30325,100957.89,52.0,4.25
2023-12-04 03:00:00,-2.408783,10.01889,275.15833,100900.56,52.0,4.25
2023-12-04 04:00:00,-2.9998016,9.841492,275.01065,100825.34,52.0,4.25
2023-12-04 05:00:00,-3.2304077,9.669708,274.93207,100760.77,52.0,4.25
2023-12-04 06:00:00,-3.970047,9.491699,274.79333,100701.16,52.0,4.25
2023-12-04 07:00:00,-5.0437927,9.524811,274.81677,100633.31,52.0,4.25
2023-12-04 08:00:00,-5.786026,9.413879,275.1092,100582.92,52.0,4.25
2023-12-04 09:00:00,-5.3802032,9.571213,275.3032,100546.36,52.0,4.25
2023-12-04 10:00:00,-5.6749725,8.399048,276.2152,100513.72,52.0,4.25
2023-12-04 11:00:00,-6.2439575,8.068329,276.32648,100435.17,52.0,4.25
2023-12-04 12:00:00,-6.3791656,7.1620483,276.35785,100348.25,52.0,4.25
2023-12-04 13:00:00,-6.902054,6.862335,276.3073,100268.625,52.0,4.25
2023-12-04 14:00:00,-7.6465454,6.869217,276.07748,100172.16,52.0,4.25
2023-12-04 15:00:00,-7.968704,6.300293,275.50024,100134.46,52.0,4.25
2023-12-04 16:00:00,-8.263306,5.248703,274.90326,100088.17,52.0,4.25
2023-12-04 17:00:00,-8.853806,4.2919464,274.9737,100042.94,52.0,4.25
2023-12-04 18:00:00,-9.185959,3.4152985,275.128,99994.11,52.0,4.25
2023-12-04 19:00:00,-9.222992,2.9051514,275.2893,99950.086,52.0,4.25
2023-12-04 20:00:00,-9.347427,2.2797089,275.47607,99925.27,52.0,4.25
2023-12-04 21:00:00,-9.166809,1.7857819,275.7242,99879.42,52.0,4.25
2023-12-04 22:00:00,-9.040756,0.65415955,275.46588,99871.54,52.0,4.25
2023-12-04 23:00:00,-7.805832,-0.60014343,275.5865,99888.88,52.0,4.25
2023-12-05 00:00:00,-7.5778046,-2.1904297,275.67584,99884.53,52.0,4.25
2023-12-05 01:00:00,-7.3670044,-2.976822,275.7204,99880.266,52.0,4.25
2023-12-05 02:00:00,-7.1320496,-3.4003754,275.73444,99881.2,52.0,4.25
2023-12-05 03:00:00,-6.8476257,-3.7977295,275.73688,99911.92,52.0,4.25
2023-12-05 04:00:00,-6.164734,-4.2061462,275.64282,99923.234,52.0,4.25
2023-12-05 05:00:00,-5.7708435,-4.324066,275.597,99946.5,52.0,4.25
2023-12-05 06:00:00,-5.2040405,-4.4843597,275.5145,99994.78,52.0,4.25
2023-12-05 07:00:00,-3.9431305,-5.5349274,275.492,100056.75,52.0,4.25
2023-12-05 08:00:00,-3.4316864,-6.4374237,275.52216,100153.1,52.0,4.25
2023-12-05 09:00:00,-3.373886,-6.1360016,275.59927,100233.984,52.0,4.25
2023-12-05 10:00:00,-3.351532,-5.471985,275.77686,100332.09,52.0,4.25
2023-12-05 11:00:00,-2.4616394,-5.173523,275.99664,100383.695,52.0,4.25
2023-12-05 12:00:00,-1.5491943,-5.1039276,276.37396,100416.984,52.0,4.25
2023-12-05 13:00:00,-1.0216827,-5.2582703,276.6836,100471.734,52.0,4.25
2023-12-05 14:00:00,-0.72135925,-5.3875275,276.78278,100522.16,52.0,4.25
2023-12-05 15:00:00,-0.50260925,-5.6053925,276.94043,100598.516,52.0,4.25
2023-12-05 16:00:00,-0.58169556,-5.830185,277.05338,100666.375,52.0,4.25
2023-12-05 17:00:00,-0.6210327,-5.9773865,277.20697,100729.71,52.0,4.25
2023-12-05 18:00:00,-0.8565521,-6.163208,277.22086,100781.64,52.0,4.25
2023-12-05 19:00:00,-1.073883,-6.276932,277.25195,100854.05,52.0,4.25
2023-12-05 20:00:00,-1.0075378,-6.324707,277.35535,100912.05,52.0,4.25
2023-12-05 21:00:00,-1.1043549,-6.544464,277.48325,100957.16,52.0,4.25
2023-12-05 22:00:00,-1.6464844,-6.6803894,277.6072,101019.07,52.0,4.25
2023-12-05 23:00:00,-1.0943909,-6.500122,277.83423,101081.08,52.0,4.25
2023-12-06 00:00:00,-0.41619873,-6.704788,278.06723,101130.695,52.0,4.25
2023-12-06 01:00:00,0.24035645,-7.0824738,278.149,101173.88,52.0,4.25
2023-12-06 02:00:00,0.99560547,-7.392975,278.26227,101207.875,52.0,4.25
2023-12-06 03:00:00,1.6504822,-7.750305,278.61285,101260.945,52.0,4.25
2023-12-06 04:00:00,2.159668,-7.883133,278.62982,101289.17,52.0,4.25
2023-12-06 05:00:00,2.1536713,-7.663315,278.73694,101322.96,52.0,4.25
2023-12-06 06:00:00,1.8625946,-7.338684,278.6714,101358.72,52.0,4.25
2023-12-06 07:00:00,1.7826691,-6.7697906,278.16776,101393.875,52.0,4.25
2023-12-06 08:00:00,2.1363983,-6.1894073,278.03894,101460.86,52.0,4.25
2023-12-06 09:00:00,2.4536896,-5.643097,278.65042,101509.664,52.0,4.25
2023-12-06 10:00:00,3.3771515,-5.1959686,279.27066,101544.516,52.0,4.25
2023-12-06 11:00:00,3.6172485,-5.3226776,279.638,101585.18,52.0,4.25
2023-12-06 12:00:00,3.649353,-5.117279,279.72577,101596.47,52.0,4.25
2023-12-06 13:00:00,3.4196625,-4.589691,279.8194,101585.81,52.0,4.25
2023-12-06 14:00:00,3.5035553,-4.1713104,279.5119,101600.42,52.0,4.25
2023-12-06 15:00:00,3.9255219,-4.0229034,278.9411,101653.25,52.0,4.25
2023-12-06 16:00:00,4.0823364,-4.0305023,278.27127,101710.06,52.0,4.25
2023-12-06 17:00:00,3.4183044,-3.7963867,277.22815,101764.02,52.0,4.25
2023-12-06 18:00:00,2.7066193,-3.3467865,276.36972,101793.42,52.0,4.25
2023-12-06 19:00:00,1.6098022,-2.938202,275.9342,101817.94,52.0,4.25
2023-12-06 20:00:00,1.583435,-1.8223419,275.6466,101861.74,52.0,4.25
2023-12-06 21:00:00,1.9143829,-0.58462524,276.54718,101896.17,52.0,4.25
2023-12-06 22:00:00,1.9845428,1.2048492,275.1377,101910.96,52.0,4.25
2023-12-06 23:00:00,2.66362,2.468399,274.98834,101955.48,52.0,4.25
2023-12-07 00:00:00,2.7014923,3.6151123,275.31793,101945.66,52.0,4.25
2023-12-07 01:00:00,2.5316315,4.501526,275.29785,101919.32,52.0,4.25
2023-12-07 02:00:00,2.6646729,5.001526,275.3012,101938.766,52.0,4.25
2023-12-07 03:00:00,2.2571716,5.5773315,275.36874,101932.875,52.0,4.25
2023-12-07 04:00:00,2.120102,6.1993866,275.32648,101938.72,52.0,4.25
2023-12-07 05:00:00,1.1299286,6.5289,275.2513,101907.53,52.0,4.25
2023-12-07 06:00:00,-0.31632996,6.7297516,274.9201,101882.53,52.0,4.25
2023-12-07 07:00:00,-1.2509613,6.682556,274.79712,101867.25,52.0,4.25
2023-12-07 08:00:00,-2.2974396,6.770279,274.84058,101862.59,52.0,4.25
2023-12-07 09:00:00,-2.8872986,7.0246277,275.07266,101836.19,52.0,4.25
2023-12-07 10:00:00,-2.529129,6.6345825,275.15747,101819.234,52.0,4.25
2023-12-07 11:00:00,-3.2470245,6.6050873,275.67847,101717.625,52.0,4.25
2023-12-07 12:00:00,-3.923645,6.726425,276.01138,101638.68,52.0,4.25
2023-12-07 13:00:00,-5.2078094,6.6778564,276.07538,101503.0,52.0,4.25
2023-12-07 14:00:00,-5.5204773,6.937683,276.15405,101404.84,52.0,4.25
2023-12-07 15:00:00,-6.874283,6.5073853,276.18274,101356.06,52.0,4.25
2023-12-07 16:00:00,-8.397156,6.9105988,276.24673,101224.81,52.0,4.25
2023-12-07 17:00:00,-8.698059,7.6531525,276.4538,101132.83,52.0,4.25
2023-12-07 18:00:00,-8.515579,7.965973,276.66626,101071.52,52.0,4.25
2023-12-07 19:00:00,-8.199997,7.9942474,276.81567,100996.92,52.0,4.25
2023-12-07 20:00:00,-8.319046,7.7729034,276.84494,100913.18,52.0,4.25
2023-12-07 21:00:00,-8.126999,7.4996643,276.781,100836.26,52.0,4.25
2023-12-07 22:00:00,-6.898819,6.77182,276.4593,100754.234,52.0,4.25
2023-12-07 23:00:00,-6.50618,6.9507446,276.24536,100712.16,52.0,4.25
2023-12-08 00:00:00,-6.9774933,6.645172,276.01123,100652.28,52.0,4.25
2023-12-08 01:00:00,-6.46669,6.8417206,275.61215,100564.72,52.0,4.25
2023-12-08 02:00:00,-4.8747406,7.284973,275.49725,100552.01,52.0,4.25
2023-12-08 03:00:00,-3.7084656,7.2855225,275.81555,100524.2,52.0,4.25
2023-12-08 04:00:00,-2.7753906,7.146744,276.11346,100451.07,52.0,4.25
2023-12-08 05:00:00,-1.6818695,6.941757,276.42664,100438.625,52.0,4.25
2023-12-08 06:00:00,-0.9758148,6.2915497,276.75037,100435.96,52.0,4.25
2023-12-08 07:00:00,0.16848755,6.090393,277.17676,100458.1,52.0,4.25
2023-12-08 08:00:00,1.5668182,6.0931854,277.78802,100514.26,52.0,4.25
2023-12-08 09:00:00,3.3939362,5.8003387,278.67374,100553.83,52.0,4.25
2023-12-08 10:00:00,4.0502167,5.2128754,279.67728,100595.47,52.0,4.25
2023-12-08 11:00:00,4.9073486,5.460846,280.59927,100613.42,52.0,4.25
2023-12-08 12:00:00,5.8283386,5.755615,281.26074,100628.664,52.0,4.25
2023-12-08 13:00:00,6.342209,5.81221,281.8277,100649.51,52.0,4.25
2023-12-08 14:00:00,5.967636,5.9225006,282.10715,100688.016,52.0,4.25
2023-12-08 15:00:00,5.7434845,6.474167,282.0352,100746.83,52.0,4.25
2023-12-08 16:00:00,5.266983,7.191162,281.8371,100754.67,52.0,4.25
2023-12-08 17:00:00,4.92453,8.12529,281.26196,100784.22,52.0,4.25
2023-12-08 18:00:00,4.9202423,8.904419,281.24048,100794.586,52.0,4.25
2023-12-08 19:00:00,5.2069397,9.125549,281.1128,100824.6,52.0,4.25
2023-12-08 20:00:00,5.669861,9.066223,281.2906,100839.19,52.0,4.25
2023-12-08 21:00:00,6.05249,9.028366,281.39258,100857.14,52.0,4.25
2023-12-08 22:00:00,7.6922913,8.187973,281.05258,100871.72,52.0,4.25
2023-12-08 23:00:00,7.272873,7.957138,281.01254,100900.34,52.0,4.25
2023-12-09 00:00:00,6.7386627,8.507767,281.00174,100918.64,52.0,4.25
2023-12-09 01:00:00,5.3795776,9.261765,281.01593,100870.91,52.0,4.25
2023-12-09 02:00:00,4.2145386,9.506027,280.976,100842.05,52.0,4.25
2023-12-09 03:00:00,3.6204224,10.261658,280.64154,100819.41,52.0,4.25
2023-12-09 04:00:00,2.0187683,10.304092,280.3519,100709.49,52.0,4.25
2023-12-09 05:00:00,2.0556335,10.581238,279.94492,100697.45,52.0,4.25
2023-12-09 06:00:00,1.1662903,10.774246,279.7505,100609.67,52.0,4.25
2023-12-09 07:00:00,0.40086365,11.192917,279.87216,100491.61,52.0,4.25
2023-12-09 08:00:00,-0.24728394,11.429245,280.08624,100407.11,52.0,4.25
2023-12-09 09:00:00,-0.41757202,11.9969635,280.50833,100310.05,52.0,4.25
2023-12-09 10:00:00,-2.0024261,11.636887,281.08563,100132.7,52.0,4.25
2023-12-09 11:00:00,-2.45607,12.790268,281.3727,99896.836,52.0,4.25
2023-12-09 12:00:00,-3.641449,13.490067,281.3893,99645.97,52.0,4.25
2023-12-09 13:00:00,-4.5315094,14.873489,281.10724,99365.85,52.0,4.25
2023-12-09 14:00:00,-2.5733185,15.207199,280.83234,99128.62,52.0,4.25
2023-12-09 15:00:00,1.1884766,13.830978,281.05124,98981.34,52.0,4.25
2023-12-09 16:00:00,7.325287,10.807144,283.1795,98947.164,52.0,4.25
2023-12-09 17:00:00,12.557922,6.4736633,284.17798,98984.94,52.0,4.25
2023-12-09 18:00:00,15.481613,2.5404968,283.8844,99050.08,52.0,4.25
2023-12-09 19:00:00,14.697281,0.8280792,283.47552,99186.19,52.0,4.25
2023-12-09 20:00:00,13.79451,2.0374146,283.56146,99325.69,52.0,4.25
2023-12-09 21:00:00,13.986893,3.131775,283.74564,99440.92,52.0,4.25
2023-12-09 22:00:00,14.991287,3.6457214,283.35022,99501.42,52.0,4.25
2023-12-09 23:00:00,16.366394,5.5569305,283.57526,99587.09,52.0,4.25
2023-12-10 00:00:00,17.496017,6.5408936,283.2936,99640.516,52.0,4.25
2023-12-10 01:00:00,17.970856,6.6948547,283.2437,99644.68,52.0,4.25
2023-12-10 02:00:00,19.681671,5.674591,283.12515,99746.086,52.0,4.25
2023-12-10 03:00:00,20.309616,3.9335632,283.17383,99849.69,52.0,4.25
2023-12-10 04:00:00,19.241394,2.7332916,283.34875,99916.83,52.0,4.25
2023-12-10 05:00:00,19.356522,2.6110077,283.47095,100059.71,52.0,4.25
2023-12-10 06:00:00,18.846664,1.4584808,283.43677,100201.74,52.0,4.25
2023-12-10 07:00:00,17.224426,0.98851013,283.1867,100322.73,52.0,4.25
2023-12-10 08:00:00,16.179382,2.31073,282.96103,100452.66,52.0,4.25
2023-12-10 09:00:00,15.278381,2.6593933,282.7934,100512.16,52.0,4.25
2023-12-10 10:00:00,12.3064575,1.9954681,282.80554,100561.31,52.0,4.25
2023-12-10 11:00:00,10.29184,4.034439,282.9479,100506.8,52.0,4.25
2023-12-10 12:00:00,8.999588,5.456238,283.1384,100494.875,52.0,4.25
2023-12-10 13:00:00,7.658188,6.137909,283.2921,100415.54,52.0,4.25
2023-12-10 14:00:00,6.3792267,7.703369,283.26587,100311.66,52.0,4.25
2023-12-10 15:00:00,6.0375366,10.858398,282.97858,100148.586,52.0,4.25
2023-12-10 16:00:00,3.153839,11.407288,282.1642,99957.53,52.0,4.25
2023-12-10 17:00:00,1.5237579,12.833023,281.77798,99744.28,52.0,4.25
2023-12-10 18:00:00,10.367783,12.406494,282.82007,99579.14,52.0,4.25
2023-12-10 19:00:00,17.467224,5.41481,284.2832,99616.46,52.0,4.25
2023-12-10 20:00:00,16.263824,4.2499084,284.2401,99721.34,52.0,4.25
2023-12-10 21:00:00,14.011917,4.6056976,284.00635,99799.086,52.0,4.25
2023-12-10 22:00:00,12.727463,5.498642,283.72723,99815.766,52.0,4.25
2023-12-10 23:00:00,12.397171,6.8405304,283.5426,99807.06,52.0,4.25
2023-12-11 00:00:00,11.941589,7.570175,283.54108,99786.29,52.0,4.25
2023-12-11 01:00:00,13.226105,7.875061,283.8521,99719.92,52.0,4.25
2023-12-11 02:00:00,13.885651,7.8400726,283.95148,99664.33,52.0,4.25
2023-12-11 03:00:00,13.880066,8.425812,283.91254,99604.34,52.0,4.25
2023-12-11 04:00:00,14.452759,8.643921,283.85657,99567.36,52.0,4.25
2023-12-11 05:00:00,15.580246,7.623703,283.71408,99523.39,52.0,4.25
2023-12-11 06:00:00,16.697937,6.3132324,283.47656,99537.88,52.0,4.25
2023-12-11 07:00:00,18.332321,2.957138,283.40424,99583.19,52.0,4.25
2023-12-11 08:00:00,17.758545,-1.1093903,283.37012,99742.61,52.0,4.25
2023-12-11 09:00:00,16.043457,-2.837326,283.14713,99913.53,52.0,4.25
2023-12-11 10:00:00,12.319199,-3.350891,282.81073,100106.92,52.0,4.25
2023-12-11 11:00:00,11.477249,-2.266449,282.59607,100212.09,52.0,4.25
2023-12-11 12:00:00,11.084351,-1.7693176,282.4427,100269.84,52.0,4.25
2023-12-11 13:00:00,10.300537,-1.9224548,282.49472,100312.04,52.0,4.25
2023-12-11 14:00:00,9.509323,-1.6264038,282.66626,100378.11,52.0,4.25
2023-12-11 15:00:00,9.056992,-0.9233093,282.59778,100435.92,52.0,4.25
2023-12-11 16:00:00,9.047913,-0.083465576,282.4422,100488.74,52.0,4.25
2023-12-11 17:00:00,9.206604,-0.111831665,282.41174,100553.8,52.0,4.25
2023-12-11 18:00:00,9.091034,-0.029571533,282.13568,100603.05,52.0,4.25
2023-12-11 19:00:00,8.851883,0.2275238,281.9761,100652.96,52.0,4.25
2023-12-11 20:00:00,8.639496,0.5184326,282.0919,100688.5,52.0,4.25
2023-12-11 21:00:00,8.288422,0.9955139,281.7428,100728.125,52.0,4.25
2023-12-11 22:00:00,7.025696,1.9069824,282.18976,100780.055,52.0,4.25
2023-12-11 23:00:00,6.499344,2.1448212,281.96518,100767.414,52.0,4.25
2023-12-12 00:00:00,5.995743,2.4285583,281.16278,100776.34,52.0,4.25
2023-12-12 01:00:00,4.7012024,3.043518,280.5472,100735.74,52.0,4.25
2023-12-12 02:00:00,3.319992,3.847763,279.77948,100700.3,52.0,4.25
2023-12-12 03:00:00,2.088501,4.9930267,279.48822,100681.9,52.0,4.25
2023-12-12 04:00:00,0.71585083,5.432617,279.17822,100620.34,52.0,4.25
2023-12-12 05:00:00,-0.6700287,5.886963,279.20477,100560.266,52.0,4.25
2023-12-12 06:00:00,-1.8665619,6.6538086,279.3794,100507.83,52.0,4.25
2023-12-12 07:00:00,-2.2982483,7.747772,279.7281,100453.664,52.0,4.25
2023-12-12 08:00:00,-2.26622,8.553329,280.10995,100399.42,52.0,4.25
2023-12-12 09:00:00,-1.9450989,8.709976,280.85535,100329.47,52.0,4.25
2023-12-12 10:00:00,-0.5033264,8.618011,281.6481,100265.14,52.0,4.25
2023-12-12 11:00:00,-0.60298157,8.350739,282.3284,100152.56,52.0,4.25
2023-12-12 12:00:00,-0.49847412,8.32753,282.45465,100064.03,52.0,4.25
2023-12-12 13:00:00,0.5053406,8.490341,282.75525,99931.42,52.0,4.25
2023-12-12 14:00:00,2.6461487,8.287994,283.08862,99892.19,52.0,4.25
2023-12-12 15:00:00,4.508316,7.4712067,283.2842,99807.414,52.0,4.25
2023-12-12 16:00:00,5.7734985,7.2137604,283.17468,99764.84,52.0,4.25
2023-12-12 17:00:00,4.7780914,7.109421,282.7488,99711.3,52.0,4.25
2023-12-12 18:00:00,3.505066,7.7977905,282.34323,99657.734,52.0,4.25
2023-12-12 19:00:00,3.9328918,8.126801,281.93317,99643.07,52.0,4.25
2023-12-12 20:00:00,4.693466,7.672409,281.74432,99614.625,52.0,4.25
2023-12-12 21:00:00,5.136261,7.6636047,281.80078,99600.09,52.0,4.25
2023-12-12 22:00:00,5.0032043,7.164551,281.91998,99577.92,52.0,4.25
2023-12-12 23:00:00,4.5242004,7.5042114,281.78732,99579.33,52.0,4.25
2023-12-13 00:00:00,4.656418,7.2888794,281.75623,99528.734,52.0,4.25
2023-12-13 01:00:00,4.629486,6.8526154,281.79828,99513.42,52.0,4.25
2023-12-13 02:00:00,4.032135,6.4772186,281.8186,99511.1,52.0,4.25
2023-12-13 03:00:00,3.7048035,6.1588135,281.60834,99509.375,52.0,4.25
2023-12-13 04:00:00,3.4586945,5.8298035,281.56967,99482.5,52.0,4.25
2023-12-13 05:00:00,3.4477234,5.560562,281.62256,99467.17,52.0,4.25
2023-12-13 06:00:00,3.292984,5.407501,281.69177,99472.95,52.0,4.25
2023-12-13 07:00:00,3.0400696,5.000992,281.6819,99475.05,52.0,4.25
2023-12-13 08:00:00,2.6994781,4.6686096,281.63287,99507.89,52.0,4.25
2023-12-13 09:00:00,2.3519745,4.218033,281.67804,99553.95,52.0,4.25
2023-12-13 10:00:00,0.9174652,2.230835,281.94226,99636.6,52.0,4.25
2023-12-13 11:00:00,0.36306763,1.351532,281.99963,99680.01,52.0,4.25
2023-12-13 12:00:00,-0.4291687,-0.43138123,282.11362,99711.305,52.0,4.25
2023-12-13 13:00:00,-1.3618469,-1.324234,282.2662,99734.91,52.0,4.25
2023-12-13 14:00:00,-2.2988892,-2.3258514,282.10742,99826.05,52.0,4.25
2023-12-13 15:00:00,-2.9698334,-3.389862,281.88702,99906.375,52.0,4.25
2023-12-13 16:00:00,-2.950348,-4.6277924,281.52032,100002.17,52.0,4.25
2023-12-13 17:00:00,-3.3338776,-5.7134247,281.42178,100122.086,52.0,4.25
2023-12-13 18:00:00,-3.8355865,-6.2038116,281.55048,100238.125,52.0,4.25
2023-12-13 19:00:00,-4.016571,-6.297287,281.29425,100368.875,52.0,4.25
2023-12-13 20:00:00,-3.522461,-6.636261,281.07327,100515.19,52.0,4.25
2023-12-13 21:00:00,-3.3071136,-7.0763397,280.68433,100632.95,52.0,4.25
2023-12-13 22:00:00,-3.2383575,-6.6298676,280.54205,100784.5,52.0,4.25
2023-12-13 23:00:00,-2.2178802,-6.8137207,280.07178,100907.2,52.0,4.25
2023-12-14 00:00:00,-1.9574127,-7.4361725,279.71283,101031.07,52.0,4.25
2023-12-14 01:00:00,-2.528778,-7.355667,279.4176,101138.484,52.0,4.25
2023-12-14 02:00:00,-2.4838257,-6.9626007,279.28674,101236.734,52.0,4.25
2023-12-14 03:00:00,-3.1839142,-6.0035553,279.13226,101307.66,52.0,4.25
2023-12-14 04:00:00,-2.1388092,-5.376663,278.88287,101391.53,52.0,4.25
2023-12-14 05:00:00,-1.2431488,-5.008728,278.84506,101505.734,52.0,4.25
2023-12-14 06:00:00,-1.1499329,-4.3517456,278.625,101583.02,52.0,4.25
2023-12-14 07:00:00,-0.71810913,-3.5228577,278.04193,101666.484,52.0,4.25
2023-12-14 08:00:00,-0.043029785,-2.9358826,277.85364,101764.8,52.0,4.25
2023-12-14 09:00:00,0.53552246,-1.8773804,279.0159,101842.734,52.0,4.25
2023-12-14 10:00:00,1.5392609,-0.81648254,279.40094,101932.984,52.0,4.25
2023-12-14 11:00:00,2.588684,-0.47366333,280.00952,102001.375,52.0,4.25
2023-12-14 12:00:00,3.2563019,-0.44966125,280.19495,102028.97,52.0,4.25
2023-12-14 13:00:00,3.8763428,-0.4564972,280.32962,102033.03,52.0,4.25
2023-12-14 14:00:00,4.8022614,-0.6324158,280.3371,102094.65,52.0,4.25
2023-12-14 15:00:00,5.4967194,-0.58717346,280.43494,102163.69,52.0,4.25
2023-12-14 16:00:00,5.845688,-0.13175964,280.15985,102231.59,52.0,4.25
2023-12-14 17:00:00,5.838516,1.0486603,280.21115,102305.92,52.0,4.25
2023-12-14 18:00:00,5.7472687,2.431717,280.2132,102354.65,52.0,4.25
2023-12-14 19:00:00,5.655838,3.3612518,280.07,102427.23,52.0,4.25
2023-12-14 20:00:00,5.499542,3.9454803,280.19507,102459.2,52.0,4.25
2023-12-14 21:00:00,5.2996063,3.6514435,280.4312,102510.08,52.0,4.25
2023-12-14 22:00:00,4.7471313,3.3063812,280.78522,102570.016,52.0,4.25
2023-12-14 23:00:00,5.194412,2.4390106,280.84906,102635.59,52.0,4.25
2023-12-15 00:00:00,5.614029,1.4800568,280.9179,102694.69,52.0,4.25
2023-12-15 01:00:00,6.05542,0.22296143,280.93286,102733.09,52.0,4.25
2023-12-15 02:00:00,6.044113,-0.7679138,280.9911,102806.26,52.0,4.25
2023-12-15 03:00:00,6.10585,-1.3371277,281.00763,102879.45,52.0,4.25
2023-12-15 04:00:00,6.3431396,-1.8751373,280.9872,102966.11,52.0,4.25
2023-12-15 05:00:00,6.101242,-1.8081665,281.28583,103016.86,52.0,4.25
2023-12-15 06:00:00,6.002014,-1.404129,281.25024,103059.83,52.0,4.25
2023-12-15 07:00:00,6.3466644,-1.5205841,281.46008,103157.09,52.0,4.25
2023-12-15 08:00:00,6.2869415,-1.1109924,281.3636,103200.664,52.0,4.25
2023-12-15 09:00:00,6.6656036,-1.5862274,281.8911,103329.57,52.0,4.25
2023-12-15 10:00:00,6.742798,-1.7967529,282.71085,103430.68,52.0,4.25
2023-12-15 11:00:00,7.0221863,-1.9998169,282.89856,103512.516,52.0,4.25
2023-12-15 12:00:00,6.4458466,-0.9068146,282.98627,103494.67,52.0,4.25
2023-12-15 13:00:00,7.2860107,-0.5248108,282.90848,103546.66,52.0,4.25
2023-12-15 14:00:00,7.828491,-0.05429077,282.6533,103569.71,52.0,4.25
2023-12-15 15:00:00,8.115128,0.09008789,282.23822,103589.81,52.0,4.25
2023-12-15 16:00:00,7.9270325,-0.11999512,281.93445,103651.75,52.0,4.25
2023-12-15 17:00:00,8.013657,0.334198,281.76083,103701.86,52.0,4.25
2023-12-15 18:00:00,7.8058167,0.8413849,281.802,103724.64,52.0,4.25
2023-12-15 19:00:00,7.738617,1.3935242,281.9032,103754.34,52.0,4.25
2023-12-15 20:00:00,7.769516,1.8269501,282.11896,103791.39,52.0,4.25
2023-12-15 21:00:00,7.5433197,2.5405579,282.14777,103821.4,52.0,4.25
2023-12-15 22:00:00,7.5477753,3.2797089,282.06995,103826.7,52.0,4.25
2023-12-15 23:00:00,7.565277,3.7715302,282.00336,103835.92,52.0,4.25
2023-12-16 00:00:00,7.6276703,4.79541,282.0065,103831.69,52.0,4.25
2023-12-16 01:00:00,7.7987213,5.213867,281.7649,103814.61,52.0,4.25
2023-12-16 02:00:00,8.155365,5.3600006,281.65295,103794.06,52.0,4.25
2023-12-16 03:00:00,8.322815,5.3215027,281.67017,103774.8,52.0,4.25
2023-12-16 04:00:00,8.600632,4.708618,281.64688,103772.99,52.0,4.25
2023-12-16 05:00:00,8.833466,3.8718872,281.84412,103783.6,52.0,4.25
2023-12-16 06:00:00,8.894089,3.201767,282.03046,103780.69,52.0,4.25
2023-12-16 07:00:00,8.446381,3.2055511,282.30264,103791.69,52.0,4.25
2023-12-16 08:00:00,8.136063,3.5227356,282.61066,103830.64,52.0,4.25
2023-12-16 09:00:00,8.230438,3.7589417,283.14038,103864.836,52.0,4.25
2023-12-16 10:00:00,8.942017,3.2450562,282.92505,103917.59,52.0,4.25
2023-12-16 11:00:00,9.221542,2.934204,282.97745,103907.65,52.0,4.25
2023-12-16 12:00:00,8.944565,3.1992798,282.91516,103813.14,52.0,4.25
2023-12-16 13:00:00,9.677673,3.9301453,282.93256,103783.06,52.0,4.25
2023-12-16 14:00:00,8.533707,4.5307007,282.75995,103739.16,52.0,4.25
2023-12-16 15:00:00,8.416351,5.2809143,282.668,103710.39,52.0,4.25
2023-12-16 16:00:00,8.87999,5.4413147,282.76453,103701.69,52.0,4.25
2023-12-16 17:00:00,9.342621,5.1469116,283.0398,103715.53,52.0,4.25
2023-12-16 18:00:00,9.619003,5.708145,283.2343,103697.84,52.0,4.25
2023-12-16 19:00:00,10.056992,5.4751434,283.4117,103710.73,52.0,4.25
2023-12-16 20:00:00,10.526367,3.9126587,283.35117,103761.84,52.0,4.25
2023-12-16 21:00:00,10.41272,2.3342896,283.34384,103785.97,52.0,4.25
2023-12-16 22:00:00,9.374298,2.6666565,283.3977,103751.99,52.0,4.25
2023-12-16 23:00:00,9.332306,3.4264069,283.26996,103755.97,52.0,4.25
2023-12-17 00:00:00,9.581177,3.538391,283.07245,103729.08,52.0,4.25
2023-12-17 01:00:00,9.511978,3.8070831,283.11398,103698.14,52.0,4.25
2023-12-17 02:00:00,9.277725,4.1965637,282.94263,103691.266,52.0,4.25
2023-12-17 03:00:00,8.900284,4.2757416,282.95428,103663.69,52.0,4.25
2023-12-17 04:00:00,8.119873,4.7676086,282.86197,103617.69,52.0,4.25
2023-12-17 05:00:00,7.4663696,5.72612,282.8532,103591.16,52.0,4.25
2023-12-17 06:00:00,7.1022034,6.5549316,282.91107,103582.8,52.0,4.25
2023-12-17 07:00:00,6.9275208,7.3011627,282.75977,103597.58,52.0,4.25
2023-12-17 08:00:00,6.847046,8.085587,282.32397,103595.39,52.0,4.25
2023-12-17 09:00:00,6.765579,8.664734,281.5141,103595.8,52.0,4.25
2023-12-17 10:00:00,5.5430145,8.318924,281.36743,103623.625,52.0,4.25
2023-12-17 11:00:00,6.0990753,8.685822,281.54712,103580.89,52.0,4.25
2023-12-17 12:00:00,6.592163,8.660309,281.9486,103477.15,52.0,4.25
2023-12-17 13:00:00,6.9660797,8.5651245,282.3728,103424.125,52.0,4.25
2023-12-17 14:00:00,8.038025,8.743546,282.43494,103342.15,52.0,4.25
2023-12-17 15:00:00,8.266464,8.612091,282.02823,103310.65,52.0,4.25
2023-12-17 16:00:00,8.180542,8.712784,281.29126,103267.28,52.0,4.25
2023-12-17 17:00:00,8.31073,8.344009,280.93506,103266.17,52.0,4.25
2023-12-17 18:00:00,8.713669,7.662857,280.7971,103252.69,52.0,4.25
2023-12-17 19:00:00,8.640518,7.300293,280.628,103263.7,52.0,4.25
2023-12-17 20:00:00,8.637283,7.12706,280.77933,103243.83,52.0,4.25
2023-12-17 21:00:00,8.837265,6.7601776,281.15295,103254.57,52.0,4.25
2023-12-17 22:00:00,8.850052,6.4097137,280.9986,103215.47,52.0,4.25
2023-12-17 23:00:00,8.584564,6.13414,281.25427,103214.78,52.0,4.25
2023-12-18 00:00:00,8.482193,5.469116,281.41806,103189.03,52.0,4.25
2023-12-18 01:00:00,8.285477,5.07753,281.84937,103184.75,52.0,4.25
2023-12-18 02:00:00,7.476883,6.7832184,281.98056,103114.84,52.0,4.25
2023-12-18 03:00:00,7.649643,6.8388824,281.7528,103102.69,52.0,4.25
2023-12-18 04:00:00,7.6314545,6.695572,281.53925,103079.64,52.0,4.25
2023-12-18 05:00:00,7.479065,6.8043365,281.39417,103073.17,52.0,4.25
2023-12-18 06:00:00,7.4186707,7.285248,281.27087,103065.06,52.0,4.25
2023-12-18 07:00:00,7.727951,7.336334,281.22888,103059.72,52.0,4.25
2023-12-18 08:00:00,7.8125916,7.6692657,281.22223,103070.14,52.0,4.25
2023-12-18 09:00:00,7.691742,8.155304,281.38632,103025.7,52.0,4.25
2023-12-18 10:00:00,7.224945,8.029373,281.7802,103038.97,52.0,4.25
2023-12-18 11:00:00,7.326477,8.306763,281.87747,102957.266,52.0,4.25
2023-12-18 12:00:00,8.074783,8.41011,282.0224,102908.25,52.0,4.25
2023-12-18 13:00:00,7.475113,8.384247,281.91895,102846.43,52.0,4.25
2023-12-18 14:00:00,7.2852936,9.262695,281.76633,102809.38,52.0,4.25
2023-12-18 15:00:00,7.764206,9.4722595,281.5456,102751.8,52.0,4.25
2023-12-18 16:00:00,8.581726,9.079498,281.15417,102748.73,52.0,4.25
2023-12-18 17:00:00,8.289398,9.9544525,281.1162,102678.39,52.0,4.25
2023-12-18 18:00:00,8.083588,10.033356,281.01813,102613.05,52.0,4.25
2023-12-18 19:00:00,9.011902,9.346176,281.05316,102642.3,52.0,4.25
2023-12-18 20:00:00,9.24736,9.178513,281.56604,102602.625,52.0,4.25
2023-12-18 21:00:00,8.975647,9.046036,281.74445,102525.42,52.0,4.25
2023-12-18 22:00:00,8.741455,7.7241974,281.77118,102517.34,52.0,4.25
2023-12-18 23:00:00,8.150116,8.346527,281.8419,102466.33,52.0,4.25
2023-12-19 00:00:00,8.216141,8.551056,281.80487,102417.51,52.0,4.25
2023-12-19 01:00:00,8.524796,8.765152,281.86328,102331.16,52.0,4.25
2023-12-19 02:00:00,8.535294,8.895676,282.0437,102266.15,52.0,4.25
2023-12-19 03:00:00,8.871811,9.2630005,282.07068,102185.22,52.0,4.25
2023-12-19 04:00:00,9.8098755,9.463669,282.1493,102101.03,52.0,4.25
2023-12-19 05:00:00,10.390335,9.280624,282.34656,102022.56,52.0,4.25
2023-12-19 06:00:00,10.65657,9.116745,282.5352,101969.93,52.0,4.25
2023-12-19 07:00:00,11.243881,8.650482,282.5901,101929.9,52.0,4.25
2023-12-19 08:00:00,11.209366,8.191727,282.69913,101867.22,52.0,4.25
2023-12-19 09:00:00,11.362518,7.5843506,282.69458,101845.77,52.0,4.25
2023-12-19 10:00:00,10.507721,7.110611,282.76987,101816.3,52.0,4.25
2023-12-19 11:00:00,10.504517,6.2843323,282.8144,101724.17,52.0,4.25
2023-12-19 12:00:00,9.644333,5.484909,282.82172,101645.25,52.0,4.25
2023-12-19 13:00:00,9.256485,3.6045227,282.767,101596.18,52.0,4.25
2023-12-19 14:00:00,7.423996,-1.8362579,282.79102,101569.984,52.0,4.25
2023-12-19 15:00:00,4.6907806,-6.640732,282.50842,101562.88,52.0,4.25
2023-12-19 16:00:00,3.306839,-5.9980164,282.3164,101568.31,52.0,4.25
2023-12-19 17:00:00,4.2963715,-3.4047546,282.09906,101577.86,52.0,4.25
2023-12-19 18:00:00,6.625183,-3.0042725,281.89206,101603.34,52.0,4.25
2023-12-19 19:00:00,7.849045,-4.453064,281.6043,101643.08,52.0,4.25
2023-12-19 20:00:00,7.8741455,-4.9138336,281.3875,101654.766,52.0,4.25
2023-12-19 21:00:00,8.2686615,-4.350952,280.84506,101660.65,52.0,4.25
2023-12-19 22:00:00,8.904602,-3.9712067,280.64294,101654.91,52.0,4.25
2023-12-19 23:00:00,9.944366,-3.3817596,280.41205,101657.125,52.0,4.25
2023-12-20 00:00:00,10.608078,-2.9465637,280.48587,101626.95,52.0,4.25
2023-12-20 01:00:00,11.359985,-2.4355774,280.54013,101610.31,52.0,4.25
2023-12-20 02:00:00,12.746658,-2.8338928,280.64124,101604.12,52.0,4.25
2023-12-20 03:00:00,13.079437,-2.16185,280.7703,101575.914,52.0,4.25
2023-12-20 04:00:00,13.562119,-1.6282501,280.75836,101566.34,52.0,4.25
2023-12-20 05:00:00,13.731857,-0.99705505,280.86316,101543.47,52.0,4.25
2023-12-20 06:00:00,13.909668,-0.80592346,281.06818,101530.45,52.0,4.25
2023-12-20 07:00:00,13.78653,-0.1441803,281.10803,101513.03,52.0,4.25
2023-12-20 08:00:00,14.185593,0.10333252,281.40704,101506.55,52.0,4.25
2023-12-20 09:00:00,15.004959,-1.0769501,281.8446,101528.44,52.0,4.25
2023-12-20 10:00:00,12.76767,-1.5046997,282.0312,101550.95,52.0,4.25
2023-12-20 11:00:00,13.143539,-1.1825256,282.25064,101495.67,52.0,4.25
2023-12-20 12:00:00,13.946289,-1.6240234,282.08432,101472.19,52.0,4.25
2023-12-20 13:00:00,13.755051,-1.785202,282.20297,101381.8,52.0,4.25
2023-12-20 14:00:00,13.101135,-0.2472992,282.37427,101311.55,52.0,4.25
2023-12-20 15:00:00,13.177673,0.670105,282.49365,101286.39,52.0,4.25
2023-12-20 16:00:00,13.337158,2.5467377,282.5427,101227.69,52.0,4.25
2023-12-20 17:00:00,14.189331,3.738968,282.5755,101141.305,52.0,4.25
2023-12-20 18:00:00,15.073898,3.90773,282.80994,101048.09,52.0,4.25
2023-12-20 19:00:00,15.155731,3.0856323,283.02997,100998.14,52.0,4.25
2023-12-20 20:00:00,15.08049,1.9816742,283.05557,100954.445,52.0,4.25
2023-12-20 21:00:00,14.948883,0.93118286,283.23062,100926.02,52.0,4.25
2023-12-20 22:00:00,14.385941,-0.13723755,283.32465,100859.91,52.0,4.25
2023-12-20 23:00:00,14.070801,0.27766418,283.39832,100824.42,52.0,4.25
2023-12-21 00:00:00,13.761719,1.0346069,283.5024,100711.234,52.0,4.25
2023-12-21 01:00:00,13.466446,1.4878998,283.4564,100605.78,52.0,4.25
2023-12-21 02:00:00,13.998245,1.4275513,283.46985,100542.33,52.0,4.25
2023-12-21 03:00:00,13.68158,2.3922272,283.55585,100428.97,52.0,4.25
2023-12-21 04:00:00,14.816895,3.3240662,283.6303,100273.836,52.0,4.25
2023-12-21 05:00:00,15.860443,2.3939514,283.8278,100193.19,52.0,4.25
2023-12-21 06:00:00,15.530182,2.82341,283.852,100073.22,52.0,4.25
2023-12-21 07:00:00,16.155304,3.107788,284.0719,99961.375,52.0,4.25
2023-12-21 08:00:00,17.639114,1.1841125,284.1234,99898.6,52.0,4.25
2023-12-21 09:00:00,19.206955,0.19351196,284.36664,99827.92,52.0,4.25
2023-12-21 10:00:00,19.063126,-1.054245,284.52515,99842.36,52.0,4.25
2023-12-21 11:00:00,18.067017,-1.8262177,284.2343,99810.75,52.0,4.25
2023-12-21 12:00:00,17.957764,-2.2891998,284.45685,99769.64,52.0,4.25
2023-12-21 13:00:00,18.036224,-3.0476837,284.6339,99730.97,52.0,4.25
2023-12-21 14:00:00,18.022324,-5.5816193,284.80176,99756.85,52.0,4.25
2023-12-21 15:00:00,17.379196,-6.670044,284.72125,99794.27,52.0,4.25
2023-12-21 16:00:00,16.726547,-7.579544,283.95093,99840.19,52.0,4.25
2023-12-21 17:00:00,16.33789,-8.934952,283.08963,99916.75,52.0,4.25
2023-12-21 18:00:00,15.783859,-9.863358,282.45483,100007.07,52.0,4.25
2023-12-21 19:00:00,15.421951,-10.1197815,282.20862,100076.26,52.0,4.25
2023-12-21 20:00:00,15.388275,-10.317383,282.08545,100158.05,52.0,4.25
2023-12-21 21:00:00,14.927277,-9.956192,281.74756,100227.62,52.0,4.25
2023-12-21 22:00:00,12.75029,-9.050949,281.6756,100275.6,52.0,4.25
2023-12-21 23:00:00,13.486801,-8.674576,281.8496,100361.31,52.0,4.25
2023-12-22 00:00:00,14.625137,-8.254578,281.963,100342.305,52.0,4.25
2023-12-22 01:00:00,15.696426,-7.6420746,281.8189,100397.36,52.0,4.25
2023-12-22 02:00:00,15.9704895,-7.5950317,281.77493,100417.47,52.0,4.25
2023-12-22 03:00:00,15.833588,-8.07724,281.68372,100408.07,52.0,4.25
2023-12-22 04:00:00,15.187851,-8.008682,282.01868,100447.76,52.0,4.25
2023-12-22 05:00:00,14.633774,-6.755432,282.1405,100429.38,52.0,4.25
2023-12-22 06:00:00,14.702576,-5.3270416,282.1519,100426.92,52.0,4.25
2023-12-22 07:00:00,14.895203,-3.7492676,282.35748,100426.09,52.0,4.25
2023-12-22 08:00:00,14.701843,-2.89711,282.5675,100428.914,52.0,4.25
2023-12-22 09:00:00,14.979904,-2.438614,282.73676,100416.86,52.0,4.25
2023-12-22 10:00:00,14.953232,-3.4703064,283.31247,100446.66,52.0,4.25
2023-12-22 11:00:00,15.98732,-3.9871063,283.51172,100429.875,52.0,4.25
2023-12-22 12:00:00,16.447754,-4.1740417,283.81793,100404.81,52.0,4.25
2023-12-22 13:00:00,16.83725,-4.2961884,283.70056,100372.85,52.0,4.25
2023-12-22 14:00:00,17.377121,-5.328232,283.7468,100417.86,52.0,4.25
2023-12-22 15:00:00,16.76094,-5.410843,283.5217,100439.47,52.0,4.25
2023-12-22 16:00:00,17.076508,-6.252411,283.46326,100523.92,52.0,4.25
2023-12-22 17:00:00,16.94432,-7.311035,283.42328,100590.29,52.0,4.25
2023-12-22 18:00:00,16.15384,-7.525528,283.3761,100614.31,52.0,4.25
2023-12-22 19:00:00,15.87854,-9.301849,282.6751,100724.45,52.0,4.25
2023-12-22 20:00:00,13.649307,-9.813339,282.34262,100837.93,52.0,4.25
2023-12-22 21:00:00,12.182343,-8.856186,281.94324,100901.625,52.0,4.25
2023-12-22 22:00:00,10.351471,-7.223709,282.04486,100957.07,52.0,4.25
2023-12-22 23:00:00,11.71489,-6.2263336,281.9671,101004.0,52.0,4.25
2023-12-23 00:00:00,12.601364,-5.3806763,282.03107,101015.57,52.0,4.25
2023-12-23 01:00:00,13.212036,-3.747635,282.46866,100996.52,52.0,4.25
2023-12-23 02:00:00,14.177216,0.0368042,282.84973,100887.086,52.0,4.25
2023-12-23 03:00:00,16.223022,2.2684937,283.255,100836.83,52.0,4.25
2023-12-23 04:00:00,17.559235,1.922287,283.33157,100810.66,52.0,4.25
2023-12-23 05:00:00,18.125107,0.9706116,283.52417,100757.25,52.0,4.25
2023-12-23 06:00:00,17.933228,0.021408081,283.60904,100753.016,52.0,4.25
2023-12-23 07:00:00,17.472992,-0.83200073,283.63,100752.88,52.0,4.25
2023-12-23 08:00:00,16.83667,-1.2067413,283.6194,100791.28,52.0,4.25
2023-12-23 09:00:00,16.471207,-1.072998,283.72287,100803.37,52.0,4.25
2023-12-23 10:00:00,15.433182,-1.7843628,283.95142,100860.58,52.0,4.25
2023-12-23 11:00:00,15.593658,-0.86665344,284.11374,100861.72,52.0,4.25
2023-12-23 12:00:00,14.790009,0.2735901,284.1686,100835.84,52.0,4.25
2023-12-23 13:00:00,14.602325,0.10412598,284.1256,100860.3,52.0,4.25
2023-12-23 14:00:00,14.28624,0.008148193,283.9478,100866.66,52.0,4.25
2023-12-23 15:00:00,13.995758,0.7783203,283.8308,100877.44,52.0,4.25
2023-12-23 16:00:00,13.996368,1.4754791,283.72406,100940.25,52.0,4.25
2023-12-23 17:00:00,14.083801,2.3921661,283.65024,100931.86,52.0,4.25
2023-12-23 18:00:00,14.100632,3.3918762,283.66492,100938.8,52.0,4.25
2023-12-23 19:00:00,13.777466,4.3735657,283.5451,100918.28,52.0,4.25
2023-12-23 20:00:00,13.556366,5.244339,283.4936,100904.32,52.0,4.25
2023-12-23 21:00:00,13.521957,6.1077423,283.37268,100845.11,52.0,4.25
2023-12-23 22:00:00,13.399292,5.8144226,283.18314,100790.95,52.0,4.25
2023-12-23 23:00:00,13.424744,6.30986,283.12747,100754.664,52.0,4.25
2023-12-24 00:00:00,13.928558,6.920883,283.3558,100721.54,52.0,4.25
2023-12-24 01:00:00,14.578339,7.073654,283.4511,100644.28,52.0,4.25
2023-12-24 02:00:00,14.56044,7.1803894,283.19077,100567.91,52.0,4.25
2023-12-24 03:00:00,14.708847,7.0333557,283.2591,100531.14,52.0,4.25
2023-12-24 04:00:00,14.926041,6.2200623,283.51648,100459.83,52.0,4.25
2023-12-24 05:00:00,14.637939,5.3728485,283.85553,100423.14,52.0,4.25
2023-12-24 06:00:00,14.161835,5.0322876,284.08673,100398.5,52.0,4.25
2023-12-24 07:00:00,14.463455,4.836258,284.29327,100387.55,52.0,4.25
2023-12-24 08:00:00,14.631744,4.7733154,284.48328,100381.69,52.0,4.25
2023-12-24 09:00:00,14.115921,6.1336823,284.64886,100364.414,52.0,4.25
2023-12-24 10:00:00,14.159119,6.7280273,284.73477,100337.49,52.0,4.25
2023-12-24 11:00:00,14.640884,7.223831,284.9439,100274.4,52.0,4.25
2023-12-24 12:00:00,15.744766,7.400055,285.11996,100262.734,52.0,4.25
2023-12-24 13:00:00,16.414307,7.5131836,285.18842,100207.39,52.0,4.25
2023-12-24 14:00:00,16.118805,8.080505,285.0022,100171.875,52.0,4.25
2023-12-24 15:00:00,16.597656,7.842087,284.97083,100149.56,52.0,4.25
2023-12-24 16:00:00,17.2117,6.9072113,285.31372,100164.33,52.0,4.25
2023-12-24 17:00:00,17.002548,6.71611,285.35577,100200.59,52.0,4.25
2023-12-24 18:00:00,17.03064,6.0295563,285.36212,100275.77,52.0,4.25
2023-12-24 19:00:00,16.42192,5.313217,285.2837,100368.7,52.0,4.25
2023-12-24 20:00:00,15.575058,5.313385,285.24774,100409.61,52.0,4.25
2023-12-24 21:00:00,14.740204,5.7083435,285.16675,100444.914,52.0,4.25
2023-12-24 22:00:00,14.619003,6.4322815,284.98065,100464.68,52.0,4.25
2023-12-24 23:00:00,15.053925,6.024994,284.94366,100465.34,52.0,4.25
2023-12-25 00:00:00,15.163391,5.5776978,284.9132,100473.92,52.0,4.25
2023-12-25 01:00:00,15.171005,4.9210052,284.88574,100505.086,52.0,4.25
2023-12-25 02:00:00,14.242844,4.55307,284.86084,100523.21,52.0,4.25
2023-12-25 03:00:00,13.627594,4.690155,284.78693,100573.016,52.0,4.25
2023-12-25 04:00:00,13.5793,4.1569977,284.7597,100563.17,52.0,4.25
2023-12-25 05:00:00,12.734207,3.4984283,284.53616,100562.41,52.0,4.25
2023-12-25 06:00:00,11.772339,2.8544617,284.28943,100572.27,52.0,4.25
2023-12-25 07:00:00,11.278046,2.2063751,284.0771,100583.14,52.0,4.25
2023-12-25 08:00:00,10.99292,1.7711487,283.97305,100620.75,52.0,4.25
2023-12-25 09:00:00,10.8485565,1.4360809,283.9807,100681.625,52.0,4.25
2023-12-25 10:00:00,10.410477,0.86442566,284.37073,100738.56,52.0,4.25
2023-12-25 11:00:00,10.525635,1.6802216,284.51038,100753.91,52.0,4.25
2023-12-25 12:00:00,11.109116,1.8549805,284.5619,100748.0,52.0,4.25
2023-12-25 13:00:00,11.044373,3.2842407,284.4981,100708.3,52.0,4.25
2023-12-25 14:00:00,12.056564,4.3709106,284.51978,100699.66,52.0,4.25
2023-12-25 15:00:00,11.741241,4.8845367,284.5309,100697.78,52.0,4.25
2023-12-25 16:00:00,11.286896,5.8083344,284.4856,100657.06,52.0,4.25
2023-12-25 17:00:00,10.895447,6.1454773,284.27838,100657.33,52.0,4.25
2023-12-25 18:00:00,10.831345,6.192856,284.14618,100644.14,52.0,4.25
2023-12-25 19:00:00,10.864685,6.4405365,283.99942,100594.57,52.0,4.25
2023-12-25 20:00:00,11.302856,7.4062195,283.91708,100542.91,52.0,4.25
2023-12-25 21:00:00,13.119263,8.477127,284.1786,100473.86,52.0,4.25
2023-12-25 22:00:00,15.74144,7.2878113,284.22388,100463.42,52.0,4.25
2023-12-25 23:00:00,15.098511,5.7340546,283.99414,100471.84,52.0,4.25
2023-12-26 00:00:00,14.446365,4.963394,283.95312,100477.1,52.0,4.25
2023-12-26 01:00:00,14.28421,3.1967316,283.93103,100520.36,52.0,4.25
2023-12-26 02:00:00,14.3918,0.17108154,283.78357,100584.66,52.0,4.25
2023-12-26 03:00:00,13.51004,-0.95895386,283.53415,100674.64,52.0,4.25
2023-12-26 04:00:00,13.050507,-0.4527588,283.04187,100755.89,52.0,4.25
2023-12-26 05:00:00,13.0711975,0.32035828,282.62726,100848.14,52.0,4.25
2023-12-26 06:00:00,12.995132,1.0263672,282.4881,100935.3,52.0,4.25
2023-12-26 07:00:00,12.956818,1.854599,282.3515,101012.29,52.0,4.25
2023-12-26 08:00:00,13.236847,2.4188995,282.1949,101132.914,52.0,4.25
2023-12-26 09:00:00,13.364517,2.6396484,282.27667,101222.42,52.0,4.25
2023-12-26 10:00:00,12.582306,1.1373596,282.5125,101353.82,52.0,4.25
2023-12-26 11:00:00,12.604965,0.969635,282.71527,101432.33,52.0,4.25
2023-12-26 12:00:00,13.360275,-0.1729126,282.53143,101515.58,52.0,4.25
2023-12-26 13:00:00,11.8013,-1.725769,282.22308,101579.06,52.0,4.25
2023-12-26 14:00:00,9.654541,-2.9658356,282.03424,101640.984,52.0,4.25
2023-12-26 15:00:00,7.9863586,-3.461441,281.64,101730.59,52.0,4.25
2023-12-26 16:00:00,6.5891266,-3.4019012,281.26343,101813.8,52.0,4.25
2023-12-26 17:00:00,5.198044,-2.9620209,280.62494,101866.41,52.0,4.25
2023-12-26 18:00:00,4.201721,-2.4354248,279.06128,101940.78,52.0,4.25
2023-12-26 19:00:00,3.3852081,-1.3771973,278.14893,101987.91,52.0,4.25
2023-12-26 20:00:00,2.4447937,-0.53123474,277.5415,102051.92,52.0,4.25
2023-12-26 21:00:00,1.1829224,0.71673584,277.39972,102046.01,52.0,4.25
2023-12-26 22:00:00,-0.067352295,2.1558228,277.39288,102075.805,52.0,4.25
2023-12-26 23:00:00,-0.6341553,3.0422974,277.34186,102099.484,52.0,4.25
2023-12-27 00:00:00,-1.495575,3.5121765,277.20062,102085.984,52.0,4.25
2023-12-27 01:00:00,-3.1215668,4.5485077,276.9555,102005.79,52.0,4.25
2023-12-27 02:00:00,-3.531784,5.084244,277.18033,102004.56,52.0,4.25
2023-12-27 03:00:00,-4.2332,4.968582,277.8537,101936.69,52.0,4.25
2023-12-27 04:00:00,-5.2599487,5.057953,278.37448,101824.87,52.0,4.25
2023-12-27 05:00:00,-6.222595,5.0935364,278.8242,101726.7,52.0,4.25
2023-12-27 06:00:00,-6.7792664,5.507309,279.22076,101653.44,52.0,4.25
2023-12-27 07:00:00,-6.3771973,6.9137115,279.61688,101563.33,52.0,4.25
2023-12-27 08:00:00,-4.0480804,8.288101,280.16742,101487.234,52.0,4.25
2023-12-27 09:00:00,-0.53152466,9.298294,281.19653,101444.03,52.0,4.25
2023-12-27 10:00:00,1.3245087,9.629364,282.0069,101373.26,52.0,4.25
2023-12-27 11:00:00,1.389679,10.179062,282.33203,101283.29,52.0,4.25
2023-12-27 12:00:00,1.8324585,10.826904,282.48944,101185.64,52.0,4.25
2023-12-27 13:00:00,2.135315,11.651581,282.6372,101046.58,52.0,4.25
2023-12-27 14:00:00,2.1563263,12.282074,282.7873,100922.33,52.0,4.25
2023-12-27 15:00:00,2.5814667,12.722519,282.78967,100804.81,52.0,4.25
2023-12-27 16:00:00,2.942276,13.14827,282.524,100688.984,52.0,4.25
2023-12-27 17:00:00,3.035797,13.742264,282.2926,100607.75,52.0,4.25
2023-12-27 18:00:00,4.212082,14.291183,282.422,100516.016,52.0,4.25
2023-12-27 19:00:00,6.255493,14.669922,282.4981,100518.766,52.0,4.25
2023-12-27 20:00:00,7.644043,14.447067,282.66498,100474.63,52.0,4.25
2023-12-27 21:00:00,9.636475,13.383408,283.40775,100534.96,52.0,4.25
2023-12-27 22:00:00,11.922256,10.591446,283.7284,100588.41,52.0,4.25
2023-12-27 23:00:00,11.763702,9.5251465,283.76953,100648.984,52.0,4.25
2023-12-28 00:00:00,11.247116,10.621948,283.6786,100685.72,52.0,4.25
2023-12-28 01:00:00,11.090958,11.827667,283.64456,100717.92,52.0,4.25
2023-12-28 02:00:00,10.933517,13.315353,283.5241,100692.734,52.0,4.25
2023-12-28 03:00:00,11.575699,13.711792,283.53745,100703.59,52.0,4.25
2023-12-28 04:00:00,12.489807,13.33049,283.60437,100688.11,52.0,4.25
2023-12-28 05:00:00,12.729233,13.117523,283.77283,100691.04,52.0,4.25
2023-12-28 06:00:00,12.193619,13.184448,283.80878,100709.55,52.0,4.25
2023-12-28 07:00:00,12.130142,13.322876,283.70587,100753.69,52.0,4.25
2023-12-28 08:00:00,12.28949,12.98793,283.7256,100806.46,52.0,4.25
2023-12-28 09:00:00,12.180283,12.825058,283.6844,100853.7,52.0,4.25
2023-12-28 10:00:00,11.826004,11.845734,284.03766,100916.91,52.0,4.25
2023-12-28 11:00:00,11.599442,11.647034,284.11493,100927.36,52.0,4.25
2023-12-28 12:00:00,10.752975,11.710236,284.30865,100883.86,52.0,4.25
2023-12-28 13:00:00,10.482208,11.924606,284.3189,100836.52,52.0,4.25
2023-12-28 14:00:00,10.802292,12.230408,284.13293,100810.11,52.0,4.25
2023-12-28 15:00:00,11.067444,12.372192,283.8811,100792.64,52.0,4.25
2023-12-28 16:00:00,10.904648,12.52478,283.99783,100747.45,52.0,4.25
2023-12-28 17:00:00,11.241058,12.705338,284.04306,100730.79,52.0,4.25
2023-12-28 18:00:00,11.213806,13.06987,284.0766,100695.875,52.0,4.25
2023-12-28 19:00:00,11.202896,13.1957245,284.07056,100685.11,52.0,4.25
2023-12-28 20:00:00,11.457031,13.2969055,284.15057,100643.47,52.0,4.25
2023-12-28 21:00:00,11.91983,13.277054,283.88217,100601.234,52.0,4.25
2023-12-28 22:00:00,13.988235,11.884079,283.4966,100621.72,52.0,4.25
2023-12-28 23:00:00,13.788605,11.09935,283.41705,100628.33,52.0,4.25
2023-12-29 00:00:00,13.081192,10.7404785,283.36816,100587.61,52.0,4.25
2023-12-29 01:00:00,13.758835,10.263412,283.4185,100555.09,52.0,4.25
2023-12-29 02:00:00,14.367889,8.707962,283.537,100543.39,52.0,4.25
2023-12-29 03:00:00,13.895782,8.60849,283.45654,100554.05,52.0,4.25
2023-12-29 04:00:00,13.964432,8.796387,283.3786,100534.11,52.0,4.25
2023-12-29 05:00:00,13.217773,8.982391,283.4689,100517.08,52.0,4.25
2023-12-29 06:00:00,13.258728,9.349869,283.37112,100518.55,52.0,4.25
2023-12-29 07:00:00,13.847366,8.913513,283.01114,100507.0,52.0,4.25
2023-12-29 08:00:00,13.7211,8.241608,283.09747,100514.94,52.0,4.25
2023-12-29 09:00:00,13.566406,7.5844574,283.18607,100550.25,52.0,4.25
2023-12-29 10:00:00,12.492111,7.281845,283.8609,100606.64,52.0,4.25
2023-12-29 11:00:00,12.65889,6.727524,284.06082,100645.22,52.0,4.25
2023-12-29 12:00:00,12.201691,6.316025,283.97632,100650.266,52.0,4.25
2023-12-29 13:00:00,10.576813,6.408066,283.73657,100639.016,52.0,4.25
2023-12-29 14:00:00,11.005814,6.5301056,283.2931,100567.734,52.0,4.25
2023-12-29 15:00:00,11.396622,5.989792,282.89026,100576.4,52.0,4.25
2023-12-29 16:00:00,11.828735,4.5535583,282.64908,100519.5,52.0,4.25
2023-12-29 17:00:00,12.834244,3.4844513,282.17764,100530.28,52.0,4.25
2023-12-29 18:00:00,13.186432,2.624649,282.12817,100579.69,52.0,4.25
2023-12-29 19:00:00,13.353165,2.5280914,281.94287,100638.86,52.0,4.25
2023-12-29 20:00:00,13.905121,2.4390411,281.66852,100694.3,52.0,4.25
2023-12-29 21:00:00,13.408615,2.7136536,281.39435,100726.8,52.0,4.25
2023-12-29 22:00:00,14.075638,1.3981018,281.8739,100765.53,52.0,4.25
2023-12-29 23:00:00,14.132156,0.97613525,281.84332,100851.234,52.0,4.25
2023-12-30 00:00:00,13.719498,0.86756897,281.79736,100893.914,52.0,4.25
2023-12-30 01:00:00,12.8983,2.178711,281.55197,100918.15,52.0,4.25
2023-12-30 02:00:00,12.387405,2.370224,281.4682,100976.86,52.0,4.25
2023-12-30 03:00:00,12.026871,2.1667328,281.30768,101023.61,52.0,4.25
2023-12-30 04:00:00,11.781174,1.9983215,281.33194,101047.63,52.0,4.25
2023-12-30 05:00:00,11.007614,2.164154,281.07617,101055.07,52.0,4.25
2023-12-30 06:00:00,10.792419,2.5544434,280.89557,101103.234,52.0,4.25
2023-12-30 07:00:00,10.122635,3.1770935,280.8175,101113.47,52.0,4.25
2023-12-30 08:00:00,8.954178,3.7408752,280.617,101161.766,52.0,4.25
2023-12-30 09:00:00,7.486252,4.3115845,280.97302,101190.08,52.0,4.25
2023-12-30 10:00:00,5.6255493,5.717407,281.399,101225.91,52.0,4.25
2023-12-30 11:00:00,4.2382355,6.9505157,281.84418,101191.08,52.0,4.25
2023-12-30 12:00:00,3.3236694,8.117645,282.3365,101108.83,52.0,4.25
2023-12-30 13:00:00,3.8227997,10.157242,282.63583,101013.22,52.0,4.25
2023-12-30 14:00:00,3.3228302,10.304901,282.51404,100953.18,52.0,4.25
2023-12-30 15:00:00,2.9638977,10.696365,282.45563,100889.49,52.0,4.25
2023-12-30 16:00:00,2.3305054,11.049805,282.41125,100868.734,52.0,4.25
2023-12-30 17:00:00,1.930603,11.309433,282.46216,100804.56,52.0,4.25
2023-12-30 18:00:00,1.3686829,11.558014,282.49658,100734.54,52.0,4.25
2023-12-30 19:00:00,0.82440186,11.764221,282.4909,100650.64,52.0,4.25
2023-12-30 20:00:00,0.89489746,12.290024,282.6671,100564.47,52.0,4.25
2023-12-30 21:00:00,0.8269043,12.74971,282.85397,100464.766,52.0,4.25
2023-12-30 22:00:00,0.6552582,13.462219,282.67963,100355.31,52.0,4.25
2023-12-30 23:00:00,0.99406433,13.729599,282.68927,100305.03,52.0,4.25
2023-12-31 00:00:00,0.46466064,13.631912,282.70828,100198.19,52.0,4.25
2023-12-31 01:00:00,-1.0344849,13.463181,282.6847,100036.51,52.0,4.25
2023-12-31 02:00:00,-1.865097,13.601944,282.64273,99914.9,52.0,4.25
2023-12-31 03:00:00,-2.3691711,13.798599,282.51944,99776.3,52.0,4.25
2023-12-31 04:00:00,-2.1412354,13.708282,282.472,99645.75,52.0,4.25
2023-12-31 05:00:00,-2.0245972,13.536667,282.43915,99492.734,52.0,4.25
2023-12-31 06:00:00,-1.728653,14.264008,282.44913,99363.82,52.0,4.25
2023-12-31 07:00:00,0.8192444,14.334412,282.66003,99289.11,52.0,4.25
2023-12-31 08:00:00,2.8295898,13.608185,282.3701,99267.94,52.0,4.25
2023-12-31 09:00:00,4.5538483,14.372513,282.08167,99260.63,52.0,4.25
2023-12-31 10:00:00,6.2999573,12.135727,281.91595,99292.734,52.0,4.25
2023-12-31 11:00:00,7.0308075,11.498825,281.8868,99321.08,52.0,4.25
2023-12-31 12:00:00,8.205627,12.120895,281.62057,99340.336,52.0,4.25
2023-12-31 13:00:00,7.196396,13.059311,281.84253,99313.016,52.0,4.25
2023-12-31 14:00:00,6.4770966,14.232483,281.95892,99288.016,52.0,4.25
2023-12-31 15:00:00,7.0130463,14.2330475,282.03122,99275.51,52.0,4.25
2023-12-31 16:00:00,7.548538,13.911835,281.8887,99273.62,52.0,4.25
2023-12-31 17:00:00,7.455948,13.747772,281.8487,99275.5,52.0,4.25
2023-12-31 18:00:00,7.8324738,13.750732,281.90515,99285.875,52.0,4.25
2023-12-31 19:00:00,8.443878,13.147003,281.74158,99338.74,52.0,4.25
2023-12-31 20:00:00,9.048111,12.167847,281.68317,99384.7,52.0,4.25
2023-12-31 21:00:00,10.009811,12.155731,281.51346,99427.38,52.0,4.25
2023-12-31 22:00:00,10.084885,12.672974,281.30392,99459.85,52.0,4.25
2023-12-31 23:00:00,11.914337,11.652771,281.07004,99531.266,52.0,4.25
2024-01-01 00:00:00,11.422028,11.046936,280.80615,99551.625,52.0,4.25
2024-01-01 01:00:00,11.09613,11.252899,280.61734,99561.79,52.0,4.25
2024-01-01 02:00:00,12.239395,10.528473,280.69598,99617.87,52.0,4.25
2024-01-01 03:00:00,12.636536,9.141098,280.75922,99647.625,52.0,4.25
2024-01-01 04:00:00,12.386993,7.8322906,280.77252,99673.53,52.0,4.25
2024-01-01 05:00:00,12.880997,6.4304504,280.99042,99732.97,52.0,4.25
2024-01-01 06:00:00,13.32785,5.0440826,280.89734,99805.766,52.0,4.25
2024-01-01 07:00:00,12.982819,5.189514,280.9702,99908.37,52.0,4.25
2024-01-01 08:00:00,13.2017975,4.839813,281.14307,100030.94,52.0,4.25
2024-01-01 09:00:00,13.401337,3.8868866,281.22763,100121.375,52.0,4.25
2024-01-01 10:00:00,13.248611,3.4387512,281.61157,100203.06,52.0,4.25
2024-01-01 11:00:00,13.341644,3.5859375,281.82767,100269.86,52.0,4.25
2024-01-01 12:00:00,13.045883,3.0059357,281.8944,100324.84,52.0,4.25
2024-01-01 13:00:00,12.336853,2.9254303,281.8577,100350.83,52.0,4.25
2024-01-01 14:00:00,12.316208,3.1851044,281.82016,100406.69,52.0,4.25
2024-01-01 15:00:00,11.039139,3.8227234,281.40747,100447.27,52.0,4.25
2024-01-01 16:00:00,9.719574,4.6348877,281.08823,100473.42,52.0,4.25
2024-01-01 17:00:00,8.276077,5.972519,280.842,100496.54,52.0,4.25
2024-01-01 18:00:00,7.0799713,7.2166595,280.53482,100476.375,52.0,4.25
2024-01-01 19:00:00,5.448822,8.2309265,280.5058,100429.84,52.0,4.25
2024-01-01 20:00:00,4.000931,9.026398,280.55518,100373.195,52.0,4.25
2024-01-01 21:00:00,1.6741791,9.886765,280.5262,100255.7,52.0,4.25
2024-01-01 22:00:00,-1.3131866,10.610489,280.57867,100111.234,52.0,4.25
2024-01-01 23:00:00,-1.2271423,12.26976,280.67712,99945.54,52.0,4.25
