valid_time,u100,v100,t2m,sp,latitude,longitude
2024-12-31 00:00:00,4.6576843,6.566025,277.61896,102750.73,51.75,5.25
2024-12-31 01:00:00,4.8262177,6.931076,277.29285,102707.17,51.75,5.25
2024-12-31 02:00:00,4.689438,7.139908,276.936,102701.83,51.75,5.25
2024-12-31 03:00:00,4.2023163,7.2143097,276.50012,102689.67,51.75,5.25
2024-12-31 04:00:00,4.0504303,7.3329773,276.14374,102629.05,51.75,5.25
2024-12-31 05:00:00,3.917389,7.356888,275.71686,102606.84,51.75,5.25
2024-12-31 06:00:00,3.7189636,7.4320526,275.48383,102608.91,51.75,5.25
2024-12-31 07:00:00,3.5803223,7.8914795,275.38672,102596.664,51.75,5.25
2024-12-31 08:00:00,3.555832,8.091003,275.21234,102578.56,51.75,5.25
2024-12-31 09:00:00,3.5897217,8.260422,275.16772,102576.66,51.75,5.25
2024-12-31 10:00:00,2.8141632,7.7448273,275.26343,102577.625,51.75,5.25
2024-12-31 11:00:00,3.123886,8.205246,275.57162,102484.11,51.75,5.25
2024-12-31 12:00:00,4.6868744,8.8471985,276.0795,102435.52,51.75,5.25
2024-12-31 13:00:00,4.30986,8.441223,276.55408,102344.64,51.75,5.25
2024-12-31 14:00:00,3.5230408,9.285767,276.85464,102247.484,51.75,5.25
2024-12-31 15:00:00,4.559265,11.179428,277.12665,102178.67,51.75,5.25
2024-12-31 16:00:00,5.4011383,10.525726,277.28052,102125.91,51.75,5.25
2024-12-31 17:00:00,6.7575684,10.308121,277.3127,102105.19,51.75,5.25
2024-12-31 18:00:00,7.4290466,10.302994,277.5285,102038.05,51.75,5.25
2024-12-31 19:00:00,7.677536,10.399948,277.99884,102010.39,51.75,5.25
2024-12-31 20:00:00,7.9023895,10.913284,278.53262,101942.336,51.75,5.25
2024-12-31 21:00:00,8.437836,11.1137085,278.99316,101852.04,51.75,5.25
2024-12-31 22:00:00,7.6824493,10.723114,279.325,101841.04,51.75,5.25
2024-12-31 23:00:00,8.623093,11.391846,279.97122,101782.72,51.75,5.25
2025-01-01 00:00:00,9.302185,11.296188,280.55078,101720.95,51.75,5.25
2025-01-01 01:00:00,9.39743,11.240265,280.90704,101649.0,51.75,5.25
2025-01-01 02:00:00,9.493362,11.226791,281.08987,101621.94,51.75,5.25
2025-01-01 03:00:00,9.500473,11.66069,281.09152,101548.266,51.75,5.25
2025-01-01 04:00:00,10.046463,11.560806,280.8814,101470.25,51.75,5.25
2025-01-01 05:00:00,9.952759,11.470627,280.8283,101405.16,51.75,5.25
2025-01-01 06:00:00,9.656052,11.687866,280.9478,101304.41,51.75,5.25
2025-01-01 07:00:00,9.459518,11.842606,280.89844,101251.766,51.75,5.25
2025-01-01 08:00:00,8.997101,12.83107,280.919,101170.08,51.75,5.25
2025-01-01 09:00:00,8.967789,13.508881,281.0241,101138.9,51.75,5.25
2025-01-01 10:00:00,8.392349,12.070908,281.05536,101084.81,51.75,5.25
2025-01-01 11:00:00,8.320908,13.07225,281.3412,101004.55,51.75,5.25
2025-01-01 12:00:00,9.190826,13.528183,281.92697,100881.36,51.75,5.25
2025-01-01 13:00:00,9.421005,14.10762,282.27582,100776.945,51.75,5.25
2025-01-01 14:00:00,10.324066,15.0121,282.2602,100663.3,51.75,5.25
2025-01-01 15:00:00,11.905869,13.713852,282.0841,100550.89,51.75,5.25
2025-01-01 16:00:00,12.034241,12.640213,281.93347,100466.5,51.75,5.25
2025-01-01 17:00:00,12.155869,9.812881,281.7525,100484.95,51.75,5.25
2025-01-01 18:00:00,10.919678,3.728836,281.4004,100523.41,51.75,5.25
2025-01-01 19:00:00,9.681091,-0.6657562,279.94354,100652.9,51.75,5.25
2025-01-01 20:00:00,8.633438,-0.29969788,278.27002,100701.695,51.75,5.25
2025-01-01 21:00:00,8.479019,1.6282501,277.65784,100749.555,51.75,5.25
2025-01-01 22:00:00,9.012741,2.6976929,277.31628,100774.46,51.75,5.25
2025-01-01 23:00:00,9.775574,1.9859314,277.74603,100806.016,51.75,5.25
2025-01-02 00:00:00,8.7087555,1.4831238,278.22208,100806.11,51.75,5.25
2025-01-02 01:00:00,7.5751953,1.0307312,278.64886,100845.61,51.75,5.25
2025-01-02 02:00:00,6.3903656,-0.16897583,278.75552,100905.81,51.75,5.25
2025-01-02 03:00:00,5.423523,-1.1264343,278.0623,100946.945,51.75,5.25
2025-01-02 04:00:00,4.7449646,-1.7212524,277.60513,101007.62,51.75,5.25
2025-01-02 05:00:00,3.6363983,-2.3238373,276.85095,101045.36,51.75,5.25
2025-01-02 06:00:00,3.2851257,-2.4454346,276.42413,101088.14,51.75,5.25
2025-01-02 07:00:00,3.5180817,-2.366806,275.63055,101152.92,51.75,5.25
2025-01-02 08:00:00,4.2398834,-2.6658325,275.5354,101221.53,51.75,5.25
2025-01-02 09:00:00,4.448593,-2.9496918,275.88556,101283.39,51.75,5.25
2025-01-02 10:00:00,3.1955872,-1.8157043,277.18365,101351.09,51.75,5.25
2025-01-02 11:00:00,3.4301758,-1.3808136,278.33856,101379.06,51.75,5.25
2025-01-02 12:00:00,3.7700653,-1.2306061,278.778,101399.08,51.75,5.25
2025-01-02 13:00:00,4.2909393,-1.8096466,278.8385,101378.28,51.75,5.25
2025-01-02 14:00:00,4.638153,-2.9103088,277.93292,101372.69,51.75,5.25
2025-01-02 15:00:00,5.067383,-3.2026367,277.2484,101460.85,51.75,5.25
2025-01-02 16:00:00,5.0484314,-2.8375092,276.0297,101481.484,51.75,5.25
2025-01-02 17:00:00,5.6949615,-2.4704132,275.49576,101536.11,51.75,5.25
2025-01-02 18:00:00,6.303314,-2.3339844,275.13712,101575.734,51.75,5.25
2025-01-02 19:00:00,6.900406,-1.8780518,275.07272,101637.47,51.75,5.25
2025-01-02 20:00:00,7.3782806,-1.5368347,275.01575,101675.0,51.75,5.25
2025-01-02 21:00:00,7.513031,-1.5592957,274.97784,101713.78,51.75,5.25
2025-01-02 22:00:00,7.081253,-2.0287018,274.7158,101749.36,51.75,5.25
2025-01-02 23:00:00,6.857132,-1.6732178,274.7093,101801.64,51.75,5.25
2025-01-03 00:00:00,6.815445,-0.9828949,274.61108,101811.83,51.75,5.25
2025-01-03 01:00:00,7.1412506,-0.58428955,274.95782,101800.82,51.75,5.25
2025-01-03 02:00:00,7.2534943,-0.35177612,274.59924,101813.21,51.75,5.25
2025-01-03 03:00:00,7.439789,-0.2011261,274.68225,101811.81,51.75,5.25
2025-01-03 04:00:00,7.783661,-0.04472351,274.75668,101780.44,51.75,5.25
2025-01-03 05:00:00,8.340485,-0.059768677,274.9751,101782.89,51.75,5.25
2025-01-03 06:00:00,8.706467,-0.25619507,274.84784,101765.11,51.75,5.25
2025-01-03 07:00:00,9.144608,-0.10441589,274.90024,101772.375,51.75,5.25
2025-01-03 08:00:00,9.525299,0.22122192,274.78735,101780.805,51.75,5.25
2025-01-03 09:00:00,9.573212,0.5763855,274.97302,101832.92,51.75,5.25
2025-01-03 10:00:00,9.148041,0.9826355,275.5376,101850.44,51.75,5.25
2025-01-03 11:00:00,9.269333,1.8820801,276.37408,101809.11,51.75,5.25
2025-01-03 12:00:00,9.101273,1.8203583,277.02704,101772.22,51.75,5.25
2025-01-03 13:00:00,9.156342,0.1010437,277.1454,101754.58,51.75,5.25
2025-01-03 14:00:00,8.522446,-1.3863525,277.1114,101723.586,51.75,5.25
2025-01-03 15:00:00,7.7824707,-2.1554565,276.39044,101777.414,51.75,5.25
2025-01-03 16:00:00,7.1329346,-2.1497803,275.7669,101820.97,51.75,5.25
2025-01-03 17:00:00,6.638611,-2.348404,275.37006,101878.85,51.75,5.25
2025-01-03 18:00:00,6.192627,-2.181076,274.9119,101937.83,51.75,5.25
2025-01-03 19:00:00,6.0086975,-1.7988129,275.10703,101987.99,51.75,5.25
2025-01-03 20:00:00,5.707733,-1.5457306,274.9339,102031.67,51.75,5.25
2025-01-03 21:00:00,5.4146576,-1.2452545,274.47668,102062.32,51.75,5.25
2025-01-03 22:00:00,4.639862,-0.036697388,274.4626,102081.73,51.75,5.25
2025-01-03 23:00:00,5.131256,0.8565979,274.38074,102104.15,51.75,5.25
2025-01-04 00:00:00,5.4542847,0.89656067,274.27844,102119.43,51.75,5.25
2025-01-04 01:00:00,5.4756927,0.8896942,274.2612,102094.16,51.75,5.25
2025-01-04 02:00:00,5.1938324,1.0258026,274.15768,102094.68,51.75,5.25
2025-01-04 03:00:00,5.027664,1.470993,273.9481,102069.14,51.75,5.25
2025-01-04 04:00:00,5.0704956,2.0370483,273.82956,102057.734,51.75,5.25
2025-01-04 05:00:00,4.8046265,2.6086578,274.13525,102025.81,51.75,5.25
2025-01-04 06:00:00,4.518326,3.3352814,274.16583,102001.36,51.75,5.25
2025-01-04 07:00:00,4.406723,3.9220276,274.08743,101977.83,51.75,5.25
2025-01-04 08:00:00,4.2281494,4.456421,274.10153,101954.266,51.75,5.25
2025-01-04 09:00:00,4.114792,4.75972,274.49182,101937.7,51.75,5.25
2025-01-04 10:00:00,4.502136,4.7265167,274.88342,101908.016,51.75,5.25
2025-01-04 11:00:00,4.029358,4.3943787,275.3252,101857.125,51.75,5.25
2025-01-04 12:00:00,4.0579224,4.1071777,275.8098,101809.39,51.75,5.25
2025-01-04 13:00:00,3.6772614,3.9784546,275.9715,101719.97,51.75,5.25
2025-01-04 14:00:00,2.6751404,3.9740448,276.09937,101652.88,51.75,5.25
2025-01-04 15:00:00,2.313263,4.2493896,275.55902,101620.97,51.75,5.25
2025-01-04 16:00:00,1.6252747,4.3664703,275.0697,101562.0,51.75,5.25
2025-01-04 17:00:00,0.97569275,4.831085,274.69073,101509.66,51.75,5.25
2025-01-04 18:00:00,-0.15882874,4.9714966,274.47278,101437.97,51.75,5.25
2025-01-04 19:00:00,-1.2835693,5.0869446,274.22144,101367.72,51.75,5.25
2025-01-04 20:00:00,-2.0118256,5.311081,274.22076,101306.0,51.75,5.25
2025-01-04 21:00:00,-3.002182,4.776123,274.11926,101205.125,51.75,5.25
2025-01-04 22:00:00,-4.934265,3.9147034,274.21112,101072.19,51.75,5.25
2025-01-04 23:00:00,-5.449753,4.3994446,274.28174,100973.5,51.75,5.25
2025-01-05 00:00:00,-6.263962,4.014679,274.2491,100797.83,51.75,5.25
2025-01-05 01:00:00,-5.5329285,4.325485,274.15466,100685.42,51.75,5.25
2025-01-05 02:00:00,-5.884796,4.514389,273.9936,100566.055,51.75,5.25
2025-01-05 03:00:00,-6.778763,4.513092,273.87997,100365.59,51.75,5.25
2025-01-05 04:00:00,-7.2490387,4.120636,273.60333,100215.3,51.75,5.25
2025-01-05 05:00:00,-7.85408,3.5977936,273.32355,100109.14,51.75,5.25
2025-01-05 06:00:00,-8.63266,4.1859436,273.17084,99945.07,51.75,5.25
2025-01-05 07:00:00,-8.56662,4.938965,273.0347,99786.45,51.75,5.25
2025-01-05 08:00:00,-7.9992065,5.475357,272.9195,99666.44,51.75,5.25
2025-01-05 09:00:00,-6.7839355,5.9550934,272.91095,99518.86,51.75,5.25
2025-01-05 10:00:00,-5.0384064,6.290924,273.473,99403.03,51.75,5.25
2025-01-05 11:00:00,0.86320496,8.103058,275.59692,99262.73,51.75,5.25
2025-01-05 12:00:00,6.198471,9.240677,279.5943,99142.414,51.75,5.25
2025-01-05 13:00:00,9.430069,9.5074005,281.61304,99046.61,51.75,5.25
2025-01-05 14:00:00,9.826874,9.139648,282.64877,98987.67,51.75,5.25
2025-01-05 15:00:00,9.093445,8.941849,283.8598,98965.69,51.75,5.25
2025-01-05 16:00:00,8.77536,8.682877,284.40076,98956.55,51.75,5.25
2025-01-05 17:00:00,8.099731,9.068008,284.72437,98936.08,51.75,5.25
2025-01-05 18:00:00,7.8303986,10.108322,284.72296,98900.914,51.75,5.25
2025-01-05 19:00:00,7.911026,10.566315,284.5982,98903.17,51.75,5.25
2025-01-05 20:00:00,7.3990784,10.825851,284.51477,98890.44,51.75,5.25
2025-01-05 21:00:00,6.984253,10.648926,284.46585,98844.95,51.75,5.25
2025-01-05 22:00:00,5.775223,11.238174,284.24963,98813.3,51.75,5.25
2025-01-05 23:00:00,6.377716,11.524811,284.14618,98762.516,51.75,5.25
2025-01-06 00:00:00,6.3024445,11.464783,284.03406,98709.77,51.75,5.25
2025-01-06 01:00:00,6.2733765,11.53894,283.93597,98657.984,51.75,5.25
2025-01-06 02:00:00,5.6885223,11.80574,283.95477,98600.72,51.75,5.25
2025-01-06 03:00:00,5.327606,12.285873,284.04443,98528.06,51.75,5.25
2025-01-06 04:00:00,5.1160736,12.789017,284.20874,98428.05,51.75,5.25
2025-01-06 05:00:00,5.0893097,13.39772,284.33072,98362.95,51.75,5.25
2025-01-06 06:00:00,4.8126373,13.925659,284.27155,98278.516,51.75,5.25
2025-01-06 07:00:00,4.4661865,14.236389,284.46448,98213.6,51.75,5.25
2025-01-06 08:00:00,4.3017426,14.951431,284.50464,98156.89,51.75,5.25
2025-01-06 09:00:00,4.2400208,15.674301,284.52966,98113.91,51.75,5.25
2025-01-06 10:00:00,4.175949,14.554565,284.56964,98074.414,51.75,5.25
2025-01-06 11:00:00,3.101532,15.045715,285.25497,97933.875,51.75,5.25
2025-01-06 12:00:00,3.4895782,16.045517,285.05237,97802.33,51.75,5.25
2025-01-06 13:00:00,8.792816,15.243301,284.46997,97750.695,51.75,5.25
2025-01-06 14:00:00,14.882309,11.839493,281.93,97964.16,51.75,5.25
2025-01-06 15:00:00,15.895462,8.569183,280.17084,98332.61,51.75,5.25
2025-01-06 16:00:00,14.602097,7.236313,279.44626,98569.61,51.75,5.25
2025-01-06 17:00:00,12.899445,7.35614,279.26355,98769.9,51.75,5.25
2025-01-06 18:00:00,11.876282,7.12236,278.87784,98909.914,51.75,5.25
2025-01-06 19:00:00,11.085419,6.8755035,278.821,99057.25,51.75,5.25
2025-01-06 20:00:00,10.13298,7.270859,278.5997,99135.79,51.75,5.25
2025-01-06 21:00:00,9.383926,7.7706757,278.4276,99224.2,51.75,5.25
2025-01-06 22:00:00,8.532761,7.5131073,278.24573,99267.39,51.75,5.25
2025-01-06 23:00:00,7.866211,6.8094788,277.92685,99321.234,51.75,5.25
2025-01-07 00:00:00,7.073395,6.7877655,277.50983,99333.79,51.75,5.25
2025-01-07 01:00:00,6.956558,7.01651,277.5528,99359.69,51.75,5.25
2025-01-07 02:00:00,7.5262604,6.175705,277.26813,99395.484,51.75,5.25
2025-01-07 03:00:00,7.7841187,5.4430847,277.1491,99439.3,51.75,5.25
2025-01-07 04:00:00,7.384659,5.2705994,276.8909,99458.08,51.75,5.25
2025-01-07 05:00:00,7.007553,5.9203033,276.72382,99516.52,51.75,5.25
2025-01-07 06:00:00,7.2938538,6.105591,276.38586,99545.45,51.75,5.25
2025-01-07 07:00:00,7.160904,5.462097,276.3033,99603.67,51.75,5.25
2025-01-07 08:00:00,7.2661896,4.9851685,276.32904,99661.625,51.75,5.25
2025-01-07 09:00:00,7.842499,4.687546,276.4826,99721.93,51.75,5.25
2025-01-07 10:00:00,6.8188934,4.846512,276.6399,99796.82,51.75,5.25
2025-01-07 11:00:00,6.216324,5.9529877,277.1206,99824.5,51.75,5.25
2025-01-07 12:00:00,7.1938477,6.579666,277.3432,99811.28,51.75,5.25
2025-01-07 13:00:00,7.604019,7.0464783,277.4613,99826.125,51.75,5.25
2025-01-07 14:00:00,6.707062,7.036667,277.02014,99815.62,51.75,5.25
2025-01-07 15:00:00,7.3294373,6.230606,277.0188,99828.22,51.75,5.25
2025-01-07 16:00:00,6.716568,5.225891,276.43896,99815.58,51.75,5.25
2025-01-07 17:00:00,7.2314453,4.7035522,276.56805,99863.34,51.75,5.25
2025-01-07 18:00:00,8.191574,3.8949127,276.60626,99891.45,51.75,5.25
2025-01-07 19:00:00,8.40802,3.6723328,276.66458,99913.375,51.75,5.25
2025-01-07 20:00:00,8.45192,4.5489807,276.38113,99955.42,51.75,5.25
2025-01-07 21:00:00,8.483414,5.0771484,276.62808,99985.64,51.75,5.25
2025-01-07 22:00:00,8.41217,3.3304138,276.72522,100006.67,51.75,5.25
2025-01-07 23:00:00,8.835129,4.2513733,276.27393,100051.06,51.75,5.25
2025-01-08 00:00:00,8.328232,4.0021515,276.1874,100051.35,51.75,5.25
2025-01-08 01:00:00,8.013275,3.7831726,275.91342,100053.3,51.75,5.25
2025-01-08 02:00:00,7.9067993,4.028549,275.69293,100090.47,51.75,5.25
2025-01-08 03:00:00,8.052521,3.925827,275.48077,100131.03,51.75,5.25
2025-01-08 04:00:00,7.8792114,3.7067719,275.23703,100113.83,51.75,5.25
2025-01-08 05:00:00,8.346039,2.8459473,275.0615,100202.555,51.75,5.25
2025-01-08 06:00:00,7.6370544,3.271408,274.80383,100210.41,51.75,5.25
2025-01-08 07:00:00,7.2861786,3.8768768,275.0777,100274.39,51.75,5.25
2025-01-08 08:00:00,6.8743896,3.5900116,274.77756,100342.93,51.75,5.25
2025-01-08 09:00:00,6.0285645,4.516327,275.33566,100367.67,51.75,5.25
2025-01-08 10:00:00,5.1932983,4.083008,275.7327,100372.2,51.75,5.25
2025-01-08 11:00:00,4.6177216,4.0930786,276.38004,100359.13,51.75,5.25
2025-01-08 12:00:00,4.972763,2.8012085,277.08237,100341.78,51.75,5.25
2025-01-08 13:00:00,4.5109253,1.8533783,277.45477,100285.83,51.75,5.25
2025-01-08 14:00:00,2.0412598,2.7264862,277.30896,100207.42,51.75,5.25
2025-01-08 15:00:00,0.63053894,3.0689392,276.8427,100196.6,51.75,5.25
2025-01-08 16:00:00,-1.090683,4.630615,276.30884,100145.77,51.75,5.25
2025-01-08 17:00:00,-1.828125,4.9900513,276.19513,100132.09,51.75,5.25
2025-01-08 18:00:00,-2.8688965,3.8492584,275.75677,100029.125,51.75,5.25
2025-01-08 19:00:00,-3.3525696,3.0250854,275.49863,99981.42,51.75,5.25
2025-01-08 20:00:00,-4.4721985,2.7732697,275.04715,99906.78,51.75,5.25
2025-01-08 21:00:00,-4.703888,0.89024353,274.6819,99862.94,51.75,5.25
2025-01-08 22:00:00,-5.1262207,-1.0140839,274.1294,99826.96,51.75,5.25
2025-01-08 23:00:00,-4.771057,-1.615509,274.05627,99785.83,51.75,5.25
2025-01-09 00:00:00,-3.0627594,-2.47818,274.0418,99813.6,51.75,5.25
2025-01-09 01:00:00,-1.8943329,-3.8252258,274.08704,99852.72,51.75,5.25
2025-01-09 02:00:00,-2.2493286,-4.3667603,273.97876,99817.35,51.75,5.25
2025-01-09 03:00:00,-2.926468,-3.891159,273.84125,99784.42,51.75,5.25
2025-01-09 04:00:00,-2.6931763,-4.0084686,273.60236,99803.445,51.75,5.25
2025-01-09 05:00:00,-1.997406,-5.168625,273.6749,99832.03,51.75,5.25
2025-01-09 06:00:00,-1.6022949,-5.6318207,273.56976,99861.22,51.75,5.25
2025-01-09 07:00:00,-0.82533264,-5.618988,273.43652,99915.37,51.75,5.25
2025-01-09 08:00:00,-0.06816101,-6.026535,273.52972,99962.14,51.75,5.25
2025-01-09 09:00:00,0.5277252,-5.718506,273.54617,100015.73,51.75,5.25
2025-01-09 10:00:00,1.2324524,-5.2647247,273.779,100077.16,51.75,5.25
2025-01-09 11:00:00,1.9669952,-4.406372,275.00555,100124.13,51.75,5.25
2025-01-09 12:00:00,3.1578064,-4.664917,276.24207,100199.5,51.75,5.25
2025-01-09 13:00:00,4.4104156,-4.549469,276.86133,100277.24,51.75,5.25
2025-01-09 14:00:00,5.6339874,-3.976654,276.94482,100371.836,51.75,5.25
2025-01-09 15:00:00,7.118683,-3.6611938,276.5708,100475.24,51.75,5.25
2025-01-09 16:00:00,8.177994,-2.9728851,276.14258,100600.56,51.75,5.25
2025-01-09 17:00:00,8.783142,-2.4211884,275.6353,100718.36,51.75,5.25
2025-01-09 18:00:00,8.690247,-1.9386902,275.19,100839.234,51.75,5.25
2025-01-09 19:00:00,8.607605,-1.0194702,274.94702,100943.94,51.75,5.25
2025-01-09 20:00:00,8.65448,0.10128784,274.76385,101026.46,51.75,5.25
2025-01-09 21:00:00,8.975876,1.5213013,274.75906,101124.94,51.75,5.25
2025-01-09 22:00:00,8.316681,2.5759125,274.95743,101213.734,51.75,5.25
2025-01-09 23:00:00,8.983917,3.0889282,275.2018,101262.09,51.75,5.25
2025-01-10 00:00:00,9.164169,2.3113403,275.45773,101283.53,51.75,5.25
2025-01-10 01:00:00,8.445282,1.0563812,275.4702,101338.0,51.75,5.25
2025-01-10 02:00:00,7.7505646,0.37942505,275.78867,101380.09,51.75,5.25
2025-01-10 03:00:00,7.867935,-0.2402649,275.72922,101418.94,51.75,5.25
2025-01-10 04:00:00,8.207336,-1.2396393,275.5608,101481.0,51.75,5.25
2025-01-10 05:00:00,7.99086,-1.4481659,275.3526,101520.91,51.75,5.25
2025-01-10 06:00:00,7.8256073,-0.27871704,274.8875,101557.95,51.75,5.25
2025-01-10 07:00:00,7.7297516,0.94651794,274.5409,101598.3,51.75,5.25
2025-01-10 08:00:00,7.746277,1.6764679,274.34808,101681.54,51.75,5.25
2025-01-10 09:00:00,7.3769073,1.9134979,274.79993,101728.67,51.75,5.25
2025-01-10 10:00:00,6.731308,2.0655365,275.42618,101771.266,51.75,5.25
2025-01-10 11:00:00,6.114609,2.0939178,276.5084,101794.19,51.75,5.25
2025-01-10 12:00:00,5.36763,1.7840729,277.13287,101776.19,51.75,5.25
2025-01-10 13:00:00,5.3299255,1.1697845,277.48767,101770.5,51.75,5.25
2025-01-10 14:00:00,5.768036,0.87965393,277.58316,101799.64,51.75,5.25
2025-01-10 15:00:00,6.4405212,0.9164429,277.21442,101822.78,51.75,5.25
2025-01-10 16:00:00,6.705551,0.8147583,276.59863,101846.22,51.75,5.25
2025-01-10 17:00:00,6.8596344,0.18984985,275.83368,101888.64,51.75,5.25
2025-01-10 18:00:00,6.4943237,-0.32191467,275.00177,101918.805,51.75,5.25
2025-01-10 19:00:00,5.731552,-0.8308258,274.729,101956.7,51.75,5.25
2025-01-10 20:00:00,5.20932,-1.3135681,274.25708,101996.78,51.75,5.25
2025-01-10 21:00:00,4.888077,-1.5608368,273.9963,102029.23,51.75,5.25
2025-01-10 22:00:00,3.8654785,-2.4062958,273.20624,102078.47,51.75,5.25
2025-01-10 23:00:00,3.431244,-2.3760223,272.4712,102089.87,51.75,5.25
2025-01-11 00:00:00,3.283844,-2.333603,271.92258,102140.78,51.75,5.25
2025-01-11 01:00:00,2.791031,-3.0662384,271.5216,102181.25,51.75,5.25
2025-01-11 02:00:00,1.6909485,-3.7371368,271.26767,102226.016,51.75,5.25
2025-01-11 03:00:00,0.77124023,-3.88826,270.99908,102272.97,51.75,5.25
2025-01-11 04:00:00,0.32710266,-3.5003357,270.49664,102318.266,51.75,5.25
2025-01-11 05:00:00,0.22323608,-3.2033234,270.51343,102364.37,51.75,5.25
2025-01-11 06:00:00,0.21534729,-2.8128052,270.8213,102415.375,51.75,5.25
2025-01-11 07:00:00,0.46020508,-2.5060577,271.0476,102470.234,51.75,5.25
2025-01-11 08:00:00,0.7701874,-2.3882904,271.14606,102540.984,51.75,5.25
2025-01-11 09:00:00,1.4401855,-1.9763641,272.06653,102613.69,51.75,5.25
2025-01-11 10:00:00,2.7350311,-0.78334045,272.31396,102690.06,51.75,5.25
2025-01-11 11:00:00,3.4776917,0.08241272,273.64935,102733.195,51.75,5.25
2025-01-11 12:00:00,3.610138,0.09140015,274.22745,102720.67,51.75,5.25
2025-01-11 13:00:00,4.2348785,-0.11982727,274.60562,102720.56,51.75,5.25
2025-01-11 14:00:00,4.788727,-0.52326965,274.74466,102763.61,51.75,5.25
2025-01-11 15:00:00,5.1486664,-1.0494537,274.97632,102807.89,51.75,5.25
2025-01-11 16:00:00,5.2709045,-2.0919037,274.36795,102850.766,51.75,5.25
2025-01-11 17:00:00,4.709656,-3.4598846,273.71625,102910.07,51.75,5.25
2025-01-11 18:00:00,3.9282837,-4.7979126,273.84113,102965.766,51.75,5.25
2025-01-11 19:00:00,3.175644,-5.463806,273.5996,103033.09,51.75,5.25
2025-01-11 20:00:00,2.5607605,-5.4049377,273.63556,103098.39,51.75,5.25
2025-01-11 21:00:00,2.28331,-5.229843,273.61862,103170.41,51.75,5.25
2025-01-11 22:00:00,2.0005646,-5.5049896,273.8333,103254.86,51.75,5.25
2025-01-11 23:00:00,1.981781,-5.175247,274.0829,103303.375,51.75,5.25
2025-01-12 00:00:00,1.7338715,-4.8801575,273.412,103318.89,51.75,5.25
2025-01-12 01:00:00,1.4135132,-4.550003,273.73517,103352.86,51.75,5.25
2025-01-12 02:00:00,1.403595,-4.622711,273.2323,103403.016,51.75,5.25
2025-01-12 03:00:00,1.7706451,-4.932419,273.53156,103500.59,51.75,5.25
2025-01-12 04:00:00,0.63993835,-4.308197,273.4815,103533.984,51.75,5.25
2025-01-12 05:00:00,0.20692444,-3.5192108,273.54248,103570.625,51.75,5.25
2025-01-12 06:00:00,0.6803436,-2.7496185,273.5346,103641.734,51.75,5.25
2025-01-12 07:00:00,1.4957123,-1.9840393,272.92767,103700.25,51.75,5.25
2025-01-12 08:00:00,2.4891663,-1.3532104,273.3633,103775.805,51.75,5.25
2025-01-12 09:00:00,3.3296204,-1.3665009,274.02332,103831.03,51.75,5.25
2025-01-12 10:00:00,3.0606537,-2.6940613,275.3097,103883.82,51.75,5.25
2025-01-12 11:00:00,2.9469757,-2.6787567,276.18283,103911.11,51.75,5.25
2025-01-12 12:00:00,2.537201,-2.8594513,277.05438,103934.125,51.75,5.25
2025-01-12 13:00:00,2.2754517,-2.4287872,277.56055,103894.73,51.75,5.25
2025-01-12 14:00:00,2.1251678,-2.4049988,277.9311,103892.45,51.75,5.25
2025-01-12 15:00:00,2.3611908,-3.541397,277.69006,103968.766,51.75,5.25
2025-01-12 16:00:00,1.9824829,-3.597351,276.5689,103958.67,51.75,5.25
2025-01-12 17:00:00,2.046997,-3.327896,275.98804,103984.91,51.75,5.25
2025-01-12 18:00:00,2.7494965,-5.0829163,276.05432,104100.31,51.75,5.25
2025-01-12 19:00:00,1.1641846,-4.1997986,275.5837,104135.44,51.75,5.25
2025-01-12 20:00:00,0.36520386,-3.8457947,275.32013,104168.16,51.75,5.25
2025-01-12 21:00:00,-0.2730255,-3.1583252,274.5824,104205.55,51.75,5.25
2025-01-12 22:00:00,-1.5077667,-2.1403503,274.2539,104241.46,51.75,5.25
2025-01-12 23:00:00,-1.3684387,-1.0319824,274.79242,104253.89,51.75,5.25
2025-01-13 00:00:00,-1.1919861,0.16851807,274.58405,104201.92,51.75,5.25
2025-01-13 01:00:00,-1.001236,1.3471832,273.95636,104161.72,51.75,5.25
2025-01-13 02:00:00,-0.4219513,2.176361,273.72168,104147.93,51.75,5.25
2025-01-13 03:00:00,0.06890869,2.5624084,273.0574,104175.34,51.75,5.25
2025-01-13 04:00:00,0.405365,2.6848602,272.49976,104185.875,51.75,5.25
2025-01-13 05:00:00,0.7058563,3.1443634,272.06976,104187.02,51.75,5.25
2025-01-13 06:00:00,0.928772,3.5861359,271.84155,104148.22,51.75,5.25
2025-01-13 07:00:00,0.98838806,3.745575,271.70926,104169.375,51.75,5.25
2025-01-13 08:00:00,1.2575989,3.849472,271.7883,104196.06,51.75,5.25
2025-01-13 09:00:00,1.1450958,3.8827972,273.07098,104237.555,51.75,5.25
2025-01-13 10:00:00,0.6635895,3.0027924,275.206,104265.42,51.75,5.25
2025-01-13 11:00:00,0.46946716,3.06781,276.4361,104240.586,51.75,5.25
2025-01-13 12:00:00,-0.17785645,2.9607544,277.23395,104152.14,51.75,5.25
2025-01-13 13:00:00,0.28242493,3.1541748,277.36133,104083.63,51.75,5.25
2025-01-13 14:00:00,0.15362549,3.335434,277.09448,104045.58,51.75,5.25
2025-01-13 15:00:00,-0.021347046,3.6254578,275.86694,104030.734,51.75,5.25
2025-01-13 16:00:00,0.46347046,3.7370453,273.5029,104013.766,51.75,5.25
2025-01-13 17:00:00,0.44265747,4.4031982,273.15796,103987.875,51.75,5.25
2025-01-13 18:00:00,0.075927734,5.336334,272.86902,103929.86,51.75,5.25
2025-01-13 19:00:00,0.07836914,5.9085236,272.26202,103867.57,51.75,5.25
2025-01-13 20:00:00,0.28204346,6.0181427,271.6786,103818.82,51.75,5.25
2025-01-13 21:00:00,1.1804657,5.424225,271.43658,103837.234,51.75,5.25
2025-01-13 22:00:00,2.6179504,4.8161163,271.5305,103826.0,51.75,5.25
2025-01-13 23:00:00,3.0847626,5.250519,271.62958,103780.9,51.75,5.25
2025-01-14 00:00:00,3.0174408,5.922226,271.67554,103714.21,51.75,5.25
2025-01-14 01:00:00,3.3714142,6.2699127,271.73306,103680.95,51.75,5.25
2025-01-14 02:00:00,4.2556305,5.1216125,271.80957,103668.19,51.75,5.25
2025-01-14 03:00:00,4.9239807,3.725647,271.6543,103661.25,51.75,5.25
2025-01-14 04:00:00,4.7913055,3.342575,271.3809,103613.33,51.75,5.25
2025-01-14 05:00:00,4.4954987,4.5052795,271.6209,103530.484,51.75,5.25
2025-01-14 06:00:00,4.2374268,5.167221,271.90564,103506.8,51.75,5.25
2025-01-14 07:00:00,4.327347,5.6610413,271.98114,103484.53,51.75,5.25
2025-01-14 08:00:00,4.5174255,5.926651,272.24448,103468.2,51.75,5.25
2025-01-14 09:00:00,5.0398407,4.758072,273.1636,103506.75,51.75,5.25
2025-01-14 10:00:00,5.2813263,3.6353912,273.53973,103525.05,51.75,5.25
2025-01-14 11:00:00,5.6060944,4.5290985,274.34714,103462.58,51.75,5.25
2025-01-14 12:00:00,5.369995,4.254608,275.28885,103392.17,51.75,5.25
2025-01-14 13:00:00,5.0404663,3.8283997,276.08997,103306.375,51.75,5.25
2025-01-14 14:00:00,5.5219574,3.2478638,276.8635,103286.58,51.75,5.25
2025-01-14 15:00:00,6.356201,2.6044464,277.00604,103268.375,51.75,5.25
2025-01-14 16:00:00,6.6608734,1.923172,277.05396,103284.9,51.75,5.25
2025-01-14 17:00:00,6.4452057,2.1535034,277.35962,103288.89,51.75,5.25
2025-01-14 18:00:00,6.048477,1.8918457,277.5612,103282.39,51.75,5.25
2025-01-14 19:00:00,6.059082,1.3529816,277.55246,103290.29,51.75,5.25
2025-01-14 20:00:00,6.095886,0.7305908,277.51068,103259.39,51.75,5.25
2025-01-14 21:00:00,6.2470245,-0.0776062,277.487,103245.516,51.75,5.25
2025-01-14 22:00:00,5.410263,-0.2582245,277.61908,103235.34,51.75,5.25
2025-01-14 23:00:00,4.8004913,-0.5904236,277.6624,103259.53,51.75,5.25
2025-01-15 00:00:00,4.4925385,-0.6497345,277.75098,103250.7,51.75,5.25
2025-01-15 01:00:00,4.345764,-0.78344727,277.62018,103247.41,51.75,5.25
2025-01-15 02:00:00,4.30365,-1.4830475,277.69208,103223.45,51.75,5.25
2025-01-15 03:00:00,3.9403229,-2.010086,277.65472,103222.3,51.75,5.25
2025-01-15 04:00:00,3.7990417,-2.0561066,277.6338,103192.734,51.75,5.25
2025-01-15 05:00:00,3.54599,-2.7395935,277.7153,103211.92,51.75,5.25
2025-01-15 06:00:00,3.0319214,-2.7856903,277.7636,103232.39,51.75,5.25
2025-01-15 07:00:00,3.2356262,-2.5142975,277.61877,103254.53,51.75,5.25
2025-01-15 08:00:00,3.3533478,-2.3684998,277.83765,103261.73,51.75,5.25
2025-01-15 09:00:00,2.9869232,-1.9614105,278.1335,103321.45,51.75,5.25
2025-01-15 10:00:00,1.5880737,-1.6188812,278.95795,103395.375,51.75,5.25
2025-01-15 11:00:00,1.5806885,-1.1611786,279.33862,103408.7,51.75,5.25
2025-01-15 12:00:00,1.557663,-1.0717773,279.59625,103366.875,51.75,5.25
2025-01-15 13:00:00,1.5117798,-1.8054962,279.59924,103331.96,51.75,5.25
2025-01-15 14:00:00,1.3844604,-1.8518219,279.52435,103336.22,51.75,5.25
2025-01-15 15:00:00,1.6270142,-1.7500305,279.49905,103356.73,51.75,5.25
2025-01-15 16:00:00,1.7371979,-1.7766876,279.46347,103348.05,51.75,5.25
2025-01-15 17:00:00,1.1678619,-1.343399,279.08386,103394.73,51.75,5.25
2025-01-15 18:00:00,0.8294525,-0.8170929,279.09973,103409.08,51.75,5.25
2025-01-15 19:00:00,1.1087189,-0.9493408,279.1411,103461.83,51.75,5.25
2025-01-15 20:00:00,1.1843872,-1.4479675,279.07974,103478.34,51.75,5.25
2025-01-15 21:00:00,0.84806824,-1.6116486,279.2851,103513.11,51.75,5.25
2025-01-15 22:00:00,0.2835846,-1.7960968,278.75394,103508.75,51.75,5.25
2025-01-15 23:00:00,0.035964966,-0.9942932,278.75323,103495.99,51.75,5.25
2025-01-16 00:00:00,-0.031539917,-0.048614502,278.67902,103481.234,51.75,5.25
2025-01-16 01:00:00,-0.14363098,0.11152649,278.45337,103473.99,51.75,5.25
2025-01-16 02:00:00,-1.1548309,0.84069824,278.13562,103485.25,51.75,5.25
2025-01-16 03:00:00,-1.9364471,1.9808197,277.81412,103501.86,51.75,5.25
2025-01-16 04:00:00,-1.710083,2.6963348,277.68195,103522.11,51.75,5.25
2025-01-16 05:00:00,-1.412674,3.2784424,277.60864,103541.59,51.75,5.25
2025-01-16 06:00:00,-1.5202026,3.5882263,277.44885,103568.33,51.75,5.25
2025-01-16 07:00:00,-1.3333588,3.5779877,277.364,103579.8,51.75,5.25
2025-01-16 08:00:00,-1.2534637,3.8853455,277.2727,103614.58,51.75,5.25
2025-01-16 09:00:00,-1.2196198,4.1204376,277.19177,103663.72,51.75,5.25
2025-01-16 10:00:00,-1.2097168,3.3164368,276.7194,103705.96,51.75,5.25
2025-01-16 11:00:00,-0.8596344,3.1846619,276.4377,103684.58,51.75,5.25
2025-01-16 12:00:00,-0.98583984,3.2836914,276.20776,103642.51,51.75,5.25
2025-01-16 13:00:00,-1.4019165,3.459793,276.04315,103604.875,51.75,5.25
2025-01-16 14:00:00,-1.4112701,3.3354797,275.86646,103591.484,51.75,5.25
2025-01-16 15:00:00,-1.2332916,3.3192291,275.79443,103599.89,51.75,5.25
2025-01-16 16:00:00,-0.98657227,3.1833038,276.1475,103620.555,51.75,5.25
2025-01-16 17:00:00,-1.1427612,2.983368,275.98413,103647.83,51.75,5.25
2025-01-16 18:00:00,-1.1249084,2.7181091,275.9276,103677.34,51.75,5.25
2025-01-16 19:00:00,-0.95622253,2.5996857,275.71124,103698.53,51.75,5.25
2025-01-16 20:00:00,-0.847702,2.0695648,275.66312,103748.61,51.75,5.25
2025-01-16 21:00:00,-0.98243713,2.0342102,275.50284,103744.766,51.75,5.25
2025-01-16 22:00:00,-1.5246887,1.706253,274.52145,103733.67,51.75,5.25
2025-01-16 23:00:00,-1.1499329,2.8395538,274.62677,103732.875,51.75,5.25
2025-01-17 00:00:00,-0.15693665,3.339447,274.26807,103739.06,51.75,5.25
2025-01-17 01:00:00,0.97406006,3.2605133,274.05084,103714.53,51.75,5.25
2025-01-17 02:00:00,1.6004791,2.817688,274.3426,103668.53,51.75,5.25
2025-01-17 03:00:00,1.7001343,2.2862854,273.6427,103655.82,51.75,5.25
2025-01-17 04:00:00,1.5594788,1.852356,273.5381,103670.92,51.75,5.25
2025-01-17 05:00:00,1.0612335,1.5592804,273.62842,103675.55,51.75,5.25
2025-01-17 06:00:00,0.5651703,1.8531494,273.00098,103697.766,51.75,5.25
2025-01-17 07:00:00,0.6832123,1.7486115,272.76505,103728.16,51.75,5.25
2025-01-17 08:00:00,1.1957703,0.8964691,272.95166,103788.76,51.75,5.25
2025-01-17 09:00:00,0.8694153,0.1749115,272.52966,103815.22,51.75,5.25
2025-01-17 10:00:00,0.0917511,0.25,273.10266,103849.85,51.75,5.25
2025-01-17 11:00:00,0.5467529,0.8993988,272.86942,103822.22,51.75,5.25
2025-01-17 12:00:00,0.32611084,1.0727539,272.7783,103738.41,51.75,5.25
2025-01-17 13:00:00,-0.010620117,0.8768463,272.7578,103699.56,51.75,5.25
2025-01-17 14:00:00,-0.41885376,0.9203644,272.97925,103669.16,51.75,5.25
2025-01-17 15:00:00,-0.91693115,1.2897644,273.18118,103632.11,51.75,5.25
2025-01-17 16:00:00,-1.2240448,1.3894043,273.43445,103621.32,51.75,5.25
2025-01-17 17:00:00,-1.1345062,1.3784485,273.33145,103635.13,51.75,5.25
2025-01-17 18:00:00,-0.7600403,1.0256042,273.68958,103647.89,51.75,5.25
2025-01-17 19:00:00,-0.57444763,0.4495697,273.7088,103662.66,51.75,5.25
2025-01-17 20:00:00,-0.9082947,-0.07635498,273.75922,103662.74,51.75,5.25
2025-01-17 21:00:00,-1.4181519,0.0005645752,273.66766,103625.01,51.75,5.25
2025-01-17 22:00:00,-2.3533325,-0.26727295,273.1939,103602.76,51.75,5.25
2025-01-17 23:00:00,-2.5509949,-0.032821655,273.20325,103593.445,51.75,5.25
2025-01-18 00:00:00,-2.5115967,0.6719971,273.20963,103529.02,51.75,5.25
2025-01-18 01:00:00,-2.393341,1.4186707,273.08392,103472.85,51.75,5.25
2025-01-18 02:00:00,-2.330368,1.6615143,272.93216,103421.125,51.75,5.25
2025-01-18 03:00:00,-2.2239075,1.5365906,272.97424,103353.87,51.75,5.25
2025-01-18 04:00:00,-2.4402313,0.9595337,272.87372,103331.43,51.75,5.25
2025-01-18 05:00:00,-2.8930511,-0.4161377,272.55743,103322.34,51.75,5.25
2025-01-18 06:00:00,-3.7537231,-1.023529,272.4079,103282.16,51.75,5.25
2025-01-18 07:00:00,-4.4732056,-0.32299805,272.2363,103282.93,51.75,5.25
2025-01-18 08:00:00,-4.732361,0.1043396,272.2627,103276.28,51.75,5.25
2025-01-18 09:00:00,-4.672287,0.39820862,272.38394,103260.98,51.75,5.25
2025-01-18 10:00:00,-3.8507843,0.5707092,272.5191,103201.39,51.75,5.25
2025-01-18 11:00:00,-3.0876312,0.888443,272.9414,103135.75,51.75,5.25
2025-01-18 12:00:00,-3.0631866,1.1285553,273.33768,103065.95,51.75,5.25
2025-01-18 13:00:00,-2.9166412,1.2549591,273.55295,103026.7,51.75,5.25
2025-01-18 14:00:00,-2.8829346,1.1990662,273.69434,102982.02,51.75,5.25
2025-01-18 15:00:00,-3.2576141,0.8443451,273.6834,102951.78,51.75,5.25
2025-01-18 16:00:00,-4.0642242,0.5593262,273.52008,102921.375,51.75,5.25
2025-01-18 17:00:00,-4.7711334,0.6128998,273.40442,102902.9,51.75,5.25
2025-01-18 18:00:00,-5.132599,1.2161865,273.02994,102872.664,51.75,5.25
2025-01-18 19:00:00,-5.083542,1.7359161,272.9683,102843.99,51.75,5.25
2025-01-18 20:00:00,-4.6469727,2.2874908,272.91064,102792.26,51.75,5.25
2025-01-18 21:00:00,-3.8149567,2.8703156,272.68903,102751.59,51.75,5.25
2025-01-18 22:00:00,-2.3335724,2.3164215,271.76282,102722.76,51.75,5.25
2025-01-18 23:00:00,-1.0402985,2.2781525,271.85272,102702.16,51.75,5.25
2025-01-19 00:00:00,-0.5875397,1.9557648,271.77182,102668.305,51.75,5.25
2025-01-19 01:00:00,-0.10235596,1.7458496,271.80957,102610.984,51.75,5.25
2025-01-19 02:00:00,0.35299683,1.0540161,271.9624,102570.89,51.75,5.25
2025-01-19 03:00:00,0.45640564,0.79670715,271.93503,102526.78,51.75,5.25
2025-01-19 04:00:00,-0.049987793,0.92362976,271.92834,102479.68,51.75,5.25
2025-01-19 05:00:00,-0.085739136,0.91467285,271.76404,102433.81,51.75,5.25
2025-01-19 06:00:00,0.033111572,1.1249847,271.5605,102403.305,51.75,5.25
2025-01-19 07:00:00,0.29994202,1.1190491,271.7727,102384.766,51.75,5.25
2025-01-19 08:00:00,0.65834045,0.67645264,272.1134,102381.44,51.75,5.25
2025-01-19 09:00:00,0.64834595,0.1984253,271.39,102371.484,51.75,5.25
2025-01-19 10:00:00,0.8229523,-0.058547974,271.22568,102377.21,51.75,5.25
2025-01-19 11:00:00,0.9049225,-0.31466675,270.86868,102323.56,51.75,5.25
2025-01-19 12:00:00,0.5015869,-0.23587036,270.70453,102257.08,51.75,5.25
2025-01-19 13:00:00,0.65901184,-0.02243042,270.7461,102217.2,51.75,5.25
2025-01-19 14:00:00,1.1469421,-0.05809021,270.8069,102181.58,51.75,5.25
2025-01-19 15:00:00,1.1549988,-0.5359802,271.21198,102139.08,51.75,5.25
2025-01-19 16:00:00,0.14355469,-0.62153625,271.52075,102105.81,51.75,5.25
2025-01-19 17:00:00,-0.15777588,0.18392944,271.79132,102119.26,51.75,5.25
2025-01-19 18:00:00,0.57984924,0.4586029,271.84344,102133.805,51.75,5.25
2025-01-19 19:00:00,1.4519501,0.22998047,272.09546,102157.984,51.75,5.25
2025-01-19 20:00:00,1.729538,-0.19680786,272.10663,102157.5,51.75,5.25
2025-01-19 21:00:00,1.6222839,-0.6121063,272.28815,102132.55,51.75,5.25
2025-01-19 22:00:00,1.0554352,-0.58306885,271.15656,102128.36,51.75,5.25
2025-01-19 23:00:00,1.0306549,0.062820435,270.99466,102118.28,51.75,5.25
2025-01-20 00:00:00,1.0441742,0.04714966,270.9372,102083.66,51.75,5.25
2025-01-20 01:00:00,0.9674988,0.33042908,271.1411,102040.85,51.75,5.25
2025-01-20 02:00:00,1.2835236,-0.13616943,271.18445,102027.625,51.75,5.25
2025-01-20 03:00:00,1.4501495,-0.119659424,271.2805,102016.68,51.75,5.25
2025-01-20 04:00:00,0.8865204,0.57577515,271.32626,101996.5,51.75,5.25
2025-01-20 05:00:00,0.8891144,1.2271423,271.55347,101991.234,51.75,5.25
2025-01-20 06:00:00,1.386383,1.3165283,271.8236,101985.2,51.75,5.25
2025-01-20 07:00:00,1.4185486,1.4213715,271.82965,101963.72,51.75,5.25
2025-01-20 08:00:00,1.330246,1.5561676,271.9348,101972.64,51.75,5.25
2025-01-20 09:00:00,1.0757141,1.868927,272.14136,102002.086,51.75,5.25
2025-01-20 10:00:00,0.06790161,2.307434,272.3471,102004.234,51.75,5.25
2025-01-20 11:00:00,0.59191895,2.6073914,272.43298,102026.87,51.75,5.25
2025-01-20 12:00:00,0.66352844,2.6710358,272.53015,101985.33,51.75,5.25
2025-01-20 13:00:00,0.35604858,2.6378632,272.60806,101930.91,51.75,5.25
2025-01-20 14:00:00,0.33337402,2.584961,272.7951,101897.11,51.75,5.25
2025-01-20 15:00:00,0.716629,2.8215485,272.93295,101870.35,51.75,5.25
2025-01-20 16:00:00,0.61073303,3.2019196,273.14227,101875.47,51.75,5.25
2025-01-20 17:00:00,0.18215942,3.5041046,273.3,101848.984,51.75,5.25
2025-01-20 18:00:00,0.06260681,4.3349304,273.35852,101858.34,51.75,5.25
2025-01-20 19:00:00,0.7161865,4.749695,273.45935,101875.14,51.75,5.25
2025-01-20 20:00:00,1.2641907,4.6816406,273.52792,101872.03,51.75,5.25
2025-01-20 21:00:00,1.3507843,4.305664,273.5135,101864.36,51.75,5.25
2025-01-20 22:00:00,0.5459137,3.320053,273.1913,101854.266,51.75,5.25
2025-01-20 23:00:00,0.39045715,3.774887,273.2875,101818.8,51.75,5.25
2025-01-21 00:00:00,0.61242676,4.4576874,273.02023,101821.6,51.75,5.25
2025-01-21 01:00:00,0.955719,4.693634,273.19385,101792.05,51.75,5.25
2025-01-21 02:00:00,1.3427429,4.6820526,272.8062,101767.625,51.75,5.25
2025-01-21 03:00:00,1.552887,4.5102844,272.62555,101736.23,51.75,5.25
2025-01-21 04:00:00,1.4996185,4.300537,272.2317,101698.39,51.75,5.25
2025-01-21 05:00:00,1.1394043,4.609787,272.0816,101677.58,51.75,5.25
2025-01-21 06:00:00,1.4328003,4.701523,272.07263,101675.08,51.75,5.25
2025-01-21 07:00:00,2.3235474,4.071991,271.9057,101712.1,51.75,5.25
2025-01-21 08:00:00,2.752304,3.7893982,271.61743,101727.36,51.75,5.25
2025-01-21 09:00:00,2.3435059,3.518631,271.53986,101724.14,51.75,5.25
2025-01-21 10:00:00,2.0628815,2.7303772,271.3605,101745.78,51.75,5.25
2025-01-21 11:00:00,1.9425659,2.418213,271.59924,101731.7,51.75,5.25
2025-01-21 12:00:00,1.3612213,2.465332,271.93744,101699.484,51.75,5.25
2025-01-21 13:00:00,0.60549927,2.4646454,272.34833,101629.16,51.75,5.25
2025-01-21 14:00:00,-0.4378662,2.400055,272.80353,101543.28,51.75,5.25
2025-01-21 15:00:00,-1.3072205,2.4429474,273.39346,101500.586,51.75,5.25
2025-01-21 16:00:00,-2.2986145,3.0745087,273.65063,101492.7,51.75,5.25
2025-01-21 17:00:00,-3.0286255,3.8181458,273.2478,101470.23,51.75,5.25
2025-01-21 18:00:00,-3.5168762,4.2782288,273.1435,101402.53,51.75,5.25
2025-01-21 19:00:00,-3.5265503,4.470566,272.49908,101387.516,51.75,5.25
2025-01-21 20:00:00,-3.334961,4.6105804,272.41806,101344.89,51.75,5.25
2025-01-21 21:00:00,-3.2903748,4.968506,272.36746,101268.945,51.75,5.25
2025-01-21 22:00:00,-3.4233856,4.268585,272.36713,101212.266,51.75,5.25
2025-01-21 23:00:00,-3.31044,4.9245605,272.36856,101142.6,51.75,5.25
2025-01-22 00:00:00,-2.854187,5.633026,272.5159,101098.2,51.75,5.25
2025-01-22 01:00:00,-2.2584686,5.935913,272.5098,101021.73,51.75,5.25
2025-01-22 02:00:00,-2.513504,5.7513733,272.62695,100947.97,51.75,5.25
2025-01-22 03:00:00,-2.805313,5.87204,272.75467,100855.66,51.75,5.25
2025-01-22 04:00:00,-2.5156555,5.8158417,272.64334,100811.47,51.75,5.25
2025-01-22 05:00:00,-2.2095032,5.5887756,272.9299,100735.19,51.75,5.25
2025-01-22 06:00:00,-1.8295898,5.814682,273.13983,100685.88,51.75,5.25
2025-01-22 07:00:00,-1.232132,6.49321,273.22864,100658.0,51.75,5.25
2025-01-22 08:00:00,-1.3146973,6.3893433,273.49573,100594.33,51.75,5.25
2025-01-22 09:00:00,-1.6707764,6.0940094,274.28973,100567.47,51.75,5.25
2025-01-22 10:00:00,-1.625534,5.0004272,275.3733,100523.64,51.75,5.25
2025-01-22 11:00:00,-1.3643341,5.3597717,276.46967,100444.484,51.75,5.25
2025-01-22 12:00:00,-0.8278351,6.2297974,276.555,100364.36,51.75,5.25
2025-01-22 13:00:00,0.38008118,6.296814,276.85037,100256.68,51.75,5.25
2025-01-22 14:00:00,0.9930725,6.3459015,277.05908,100178.47,51.75,5.25
2025-01-22 15:00:00,1.9217224,6.3829346,277.32956,100132.11,51.75,5.25
2025-01-22 16:00:00,2.8747406,5.5516357,277.34174,100108.84,51.75,5.25
2025-01-22 17:00:00,3.2404022,4.6527405,277.38892,100094.266,51.75,5.25
2025-01-22 18:00:00,3.6790314,3.6840363,277.29855,100048.28,51.75,5.25
2025-01-22 19:00:00,4.2125854,2.3730774,277.08847,100053.08,51.75,5.25
2025-01-22 20:00:00,4.0756836,0.6575012,276.8805,99990.97,51.75,5.25
2025-01-22 21:00:00,3.480667,-0.24316406,276.7998,99952.89,51.75,5.25
2025-01-22 22:00:00,3.8639984,-1.208374,276.62833,99904.1,51.75,5.25
2025-01-22 23:00:00,4.4967194,-0.96925354,276.55078,99897.484,51.75,5.25
2025-01-23 00:00:00,5.01503,-1.5353699,276.66232,99879.89,51.75,5.25
2025-01-23 01:00:00,5.3654785,-2.2591858,277.09174,99886.92,51.75,5.25
2025-01-23 02:00:00,5.732254,-2.934143,277.473,99892.43,51.75,5.25
2025-01-23 03:00:00,6.204529,-2.9310455,277.76782,99954.234,51.75,5.25
2025-01-23 04:00:00,6.847809,-2.1829834,277.67755,100025.16,51.75,5.25
2025-01-23 05:00:00,8.056564,-0.96395874,277.36407,100128.59,51.75,5.25
2025-01-23 06:00:00,8.697006,-0.32469177,277.32343,100216.516,51.75,5.25
2025-01-23 07:00:00,9.148621,0.43667603,277.4555,100332.74,51.75,5.25
2025-01-23 08:00:00,9.292969,1.4266357,277.61325,100427.09,51.75,5.25
2025-01-23 09:00:00,8.78183,2.6842651,277.70593,100521.88,51.75,5.25
2025-01-23 10:00:00,6.681961,4.578644,278.28445,100576.875,51.75,5.25
2025-01-23 11:00:00,6.029236,6.2330627,278.63367,100611.625,51.75,5.25
2025-01-23 12:00:00,5.3754883,6.9371796,278.83582,100629.09,51.75,5.25
2025-01-23 13:00:00,4.447174,7.5573273,279.0616,100583.086,51.75,5.25
2025-01-23 14:00:00,5.2897034,8.9232025,279.48798,100595.016,51.75,5.25
2025-01-23 15:00:00,4.0944977,9.456223,279.48175,100533.97,51.75,5.25
2025-01-23 16:00:00,3.7858582,10.195114,279.45447,100475.64,51.75,5.25
2025-01-23 17:00:00,3.1385498,11.460693,279.1659,100402.53,51.75,5.25
2025-01-23 18:00:00,3.4644318,11.804749,278.8658,100346.336,51.75,5.25
2025-01-23 19:00:00,4.3752747,11.919128,278.5005,100312.03,51.75,5.25
2025-01-23 20:00:00,7.7600555,10.474579,278.92065,100285.28,51.75,5.25
2025-01-23 21:00:00,9.05278,7.6323395,279.35455,100304.56,51.75,5.25
2025-01-23 22:00:00,8.228317,6.1183014,279.49292,100335.05,51.75,5.25
2025-01-23 23:00:00,8.1901245,6.2775116,279.20862,100393.41,51.75,5.25
2025-01-24 00:00:00,8.190582,6.216507,279.09738,100467.875,51.75,5.25
2025-01-24 01:00:00,8.069977,6.299103,278.99774,100500.445,51.75,5.25
2025-01-24 02:00:00,6.649353,6.689636,278.77808,100532.06,51.75,5.25
2025-01-24 03:00:00,4.124878,8.186523,278.96954,100484.83,51.75,5.25
2025-01-24 04:00:00,2.634262,9.841568,279.41974,100391.06,51.75,5.25
2025-01-24 05:00:00,2.1724243,10.829056,279.92877,100311.13,51.75,5.25
2025-01-24 06:00:00,2.524887,11.900162,280.63116,100179.516,51.75,5.25
2025-01-24 07:00:00,3.1878815,12.524277,281.17484,100082.06,51.75,5.25
2025-01-24 08:00:00,4.166153,13.2973175,281.2146,100032.97,51.75,5.25
2025-01-24 09:00:00,4.6424713,14.056946,280.85956,99989.766,51.75,5.25
2025-01-24 10:00:00,4.6008606,13.531174,280.59576,99926.92,51.75,5.25
2025-01-24 11:00:00,6.1568146,13.382126,280.7776,99887.44,51.75,5.25
2025-01-24 12:00:00,7.7353973,12.193283,280.90057,99900.734,51.75,5.25
2025-01-24 13:00:00,7.779068,11.989151,281.2514,99840.89,51.75,5.25
2025-01-24 14:00:00,8.390686,10.744705,281.75125,99884.56,51.75,5.25
2025-01-24 15:00:00,8.08728,9.165787,282.06265,99944.94,51.75,5.25
2025-01-24 16:00:00,7.3318176,8.52681,282.31253,99987.27,51.75,5.25
2025-01-24 17:00:00,7.256653,7.5628967,282.26123,100067.11,51.75,5.25
2025-01-24 18:00:00,7.1015015,6.8041687,281.99664,100153.88,51.75,5.25
2025-01-24 19:00:00,6.388565,6.2123566,281.72427,100207.2,51.75,5.25
2025-01-24 20:00:00,5.54805,5.8921204,281.36108,100225.44,51.75,5.25
2025-01-24 21:00:00,4.661255,5.9571533,281.0641,100239.39,51.75,5.25
2025-01-24 22:00:00,3.0200043,5.627304,280.55286,100215.97,51.75,5.25
2025-01-24 23:00:00,2.319748,4.7384644,280.27582,100212.34,51.75,5.25
2025-01-25 00:00:00,1.225708,4.294388,279.73367,100184.125,51.75,5.25
2025-01-25 01:00:00,0.10484314,4.385269,279.26514,100136.03,51.75,5.25
2025-01-25 02:00:00,-0.14317322,3.3979645,279.0446,100085.17,51.75,5.25
2025-01-25 03:00:00,0.35655212,2.3180847,279.20474,100018.58,51.75,5.25
2025-01-25 04:00:00,1.3794403,0.9288788,279.5827,99975.67,51.75,5.25
2025-01-25 05:00:00,2.4306335,-0.39216614,279.93066,99950.91,51.75,5.25
2025-01-25 06:00:00,2.5941925,-1.3981171,279.48578,99981.05,51.75,5.25
2025-01-25 07:00:00,1.9514313,-1.915741,279.08655,99990.85,51.75,5.25
2025-01-25 08:00:00,3.0151367,-1.9030762,278.66785,100079.42,51.75,5.25
2025-01-25 09:00:00,3.51297,-1.3134308,278.8721,100196.79,51.75,5.25
2025-01-25 10:00:00,3.8572388,0.6317749,279.02435,100311.97,51.75,5.25
2025-01-25 11:00:00,4.9409027,2.4999542,280.22815,100427.95,51.75,5.25
2025-01-25 12:00:00,6.4066467,2.2841797,280.89514,100492.42,51.75,5.25
2025-01-25 13:00:00,6.356552,0.7085571,280.95526,100523.94,51.75,5.25
2025-01-25 14:00:00,5.203125,-0.3496704,280.9123,100585.78,51.75,5.25
2025-01-25 15:00:00,4.125122,-1.1739502,280.2555,100666.33,51.75,5.25
2025-01-25 16:00:00,2.8424377,-2.197815,279.37198,100681.81,51.75,5.25
2025-01-25 17:00:00,1.6960602,-3.010086,278.2869,100683.03,51.75,5.25
2025-01-25 18:00:00,1.0117493,-2.0626984,277.5052,100779.91,51.75,5.25
2025-01-25 19:00:00,-0.63160706,-3.25914,276.67767,100738.09,51.75,5.25
2025-01-25 20:00:00,-2.0294037,-3.8696747,275.881,100732.58,51.75,5.25
2025-01-25 21:00:00,-2.5806427,-4.1720734,276.1449,100691.44,51.75,5.25
2025-01-25 22:00:00,-1.4819336,-3.922577,276.32465,100710.41,51.75,5.25
2025-01-25 23:00:00,-1.9266968,-3.993042,276.31348,100727.3,51.75,5.25
2025-01-26 00:00:00,-3.151703,-4.562622,276.45886,100653.21,51.75,5.25
2025-01-26 01:00:00,-2.3884277,-3.2895203,276.05878,100724.34,51.75,5.25
2025-01-26 02:00:00,-1.7359619,-5.0158386,275.9319,100626.59,51.75,5.25
2025-01-26 03:00:00,-0.00793457,-4.5540924,275.95044,100695.516,51.75,5.25
2025-01-26 04:00:00,0.17158508,-4.353195,275.9738,100723.83,51.75,5.25
2025-01-26 05:00:00,1.3109589,-3.467453,275.90073,100766.42,51.75,5.25
2025-01-26 06:00:00,1.2026825,-2.2478027,276.1801,100778.0,51.75,5.25
2025-01-26 07:00:00,1.221405,-0.083343506,275.74,100757.41,51.75,5.25
2025-01-26 08:00:00,2.4522552,1.8327789,275.0931,100741.914,51.75,5.25
2025-01-26 09:00:00,3.9500427,4.015793,275.634,100725.734,51.75,5.25
2025-01-26 10:00:00,3.1997528,3.86615,276.47156,100808.45,51.75,5.25
2025-01-26 11:00:00,1.3731842,4.409668,277.1492,100747.51,51.75,5.25
2025-01-26 12:00:00,-1.225647,5.381546,277.41833,100587.805,51.75,5.25
2025-01-26 13:00:00,-2.1884155,6.410385,277.3806,100513.61,51.75,5.25
2025-01-26 14:00:00,0.19212341,8.609848,277.3702,100534.484,51.75,5.25
2025-01-26 15:00:00,-1.8669586,8.117081,277.40552,100390.88,51.75,5.25
2025-01-26 16:00:00,-4.5790253,8.277603,277.1885,100221.3,51.75,5.25
2025-01-26 17:00:00,-5.9741364,9.10379,277.05646,100073.42,51.75,5.25
2025-01-26 18:00:00,-7.142914,9.597092,277.24664,99832.05,51.75,5.25
2025-01-26 19:00:00,-6.44928,10.627655,277.44788,99650.375,51.75,5.25
2025-01-26 20:00:00,-4.598938,11.167618,277.55786,99490.85,51.75,5.25
2025-01-26 21:00:00,-2.3472137,11.879608,278.7826,99301.44,51.75,5.25
2025-01-26 22:00:00,1.118454,11.271286,280.00842,99273.56,51.75,5.25
2025-01-26 23:00:00,2.0000458,10.896271,280.56543,99226.86,51.75,5.25
2025-01-27 00:00:00,0.25364685,11.04007,281.0814,99103.69,51.75,5.25
2025-01-27 01:00:00,-1.6687622,11.368835,281.10352,98956.97,51.75,5.25
2025-01-27 02:00:00,-3.2143402,11.573425,281.28268,98748.25,51.75,5.25
2025-01-27 03:00:00,-2.3136444,13.121277,281.36908,98535.07,51.75,5.25
2025-01-27 04:00:00,2.5856018,14.694794,282.0044,98398.625,51.75,5.25
2025-01-27 05:00:00,7.8883667,14.693115,283.17624,98343.8,51.75,5.25
2025-01-27 06:00:00,11.323929,11.278,283.48444,98561.38,51.75,5.25
2025-01-27 07:00:00,10.110321,9.257126,282.89874,98695.83,51.75,5.25
2025-01-27 08:00:00,7.836258,9.286148,282.47992,98825.21,51.75,5.25
2025-01-27 09:00:00,6.1858673,9.491989,282.831,98880.266,51.75,5.25
2025-01-27 10:00:00,5.293045,8.871582,283.50226,98955.016,51.75,5.25
2025-01-27 11:00:00,4.9550323,8.845123,284.15485,98887.3,51.75,5.25
2025-01-27 12:00:00,5.393051,10.226334,284.5133,98969.9,51.75,5.25
2025-01-27 13:00:00,4.9717712,9.953308,284.6922,98966.73,51.75,5.25
2025-01-27 14:00:00,5.411209,8.861938,284.66022,98811.414,51.75,5.25
2025-01-27 15:00:00,6.2583466,8.915695,284.17438,98894.67,51.75,5.25
2025-01-27 16:00:00,5.2424774,9.7217865,283.40625,98946.375,51.75,5.25
2025-01-27 17:00:00,3.9437103,10.113342,282.30356,98992.27,51.75,5.25
2025-01-27 18:00:00,3.3534546,10.342758,281.97803,99003.65,51.75,5.25
2025-01-27 19:00:00,3.4302216,10.65242,282.08142,99049.94,51.75,5.25
2025-01-27 20:00:00,3.9683228,10.903366,281.58997,99100.81,51.75,5.25
2025-01-27 21:00:00,3.834793,10.661774,281.05908,99052.84,51.75,5.25
2025-01-27 22:00:00,3.2614746,10.13472,280.83685,99109.7,51.75,5.25
2025-01-27 23:00:00,2.4004211,10.74054,280.71,99140.22,51.75,5.25
2025-01-28 00:00:00,1.6558228,11.003098,280.82294,99130.71,51.75,5.25
2025-01-28 01:00:00,2.0322876,10.640625,280.46454,99085.84,51.75,5.25
2025-01-28 02:00:00,1.9142609,10.050293,280.33008,98991.06,51.75,5.25
2025-01-28 03:00:00,0.84677124,11.191391,280.30737,98982.875,51.75,5.25
2025-01-28 04:00:00,0.81225586,12.066788,280.17792,98996.36,51.75,5.25
2025-01-28 05:00:00,1.4698029,11.259918,280.34253,98952.14,51.75,5.25
2025-01-28 06:00:00,0.9511719,11.804626,280.2973,98989.45,51.75,5.25
2025-01-28 07:00:00,1.3471527,11.82402,280.4054,99019.75,51.75,5.25
2025-01-28 08:00:00,1.7408295,11.359146,280.895,99027.89,51.75,5.25
2025-01-28 09:00:00,1.36203,11.33255,281.55652,99029.7,51.75,5.25
2025-01-28 10:00:00,0.4898529,10.030701,281.99582,99031.45,51.75,5.25
2025-01-28 11:00:00,0.73236084,10.446472,282.28815,99029.19,51.75,5.25
2025-01-28 12:00:00,2.8170013,10.792603,282.09683,98941.4,51.75,5.25
2025-01-28 13:00:00,3.023529,9.710205,282.15775,98945.56,51.75,5.25
2025-01-28 14:00:00,3.6581268,10.553543,282.1383,98952.31,51.75,5.25
2025-01-28 15:00:00,1.0535736,10.337875,282.30157,98941.125,51.75,5.25
2025-01-28 16:00:00,-0.35972595,10.67807,281.9867,98934.766,51.75,5.25
2025-01-28 17:00:00,-0.55537415,10.886307,281.5927,98933.42,51.75,5.25
2025-01-28 18:00:00,1.3960724,10.362564,281.5343,98949.03,51.75,5.25
2025-01-28 19:00:00,2.9922028,9.983368,281.08997,98974.016,51.75,5.25
2025-01-28 20:00:00,3.6328888,9.938843,281.45282,99004.28,51.75,5.25
2025-01-28 21:00:00,3.6744385,10.048325,281.42902,99026.266,51.75,5.25
2025-01-28 22:00:00,3.5421448,9.769348,281.338,99030.125,51.75,5.25
2025-01-28 23:00:00,5.775009,8.998901,281.23383,99077.21,51.75,5.25
2025-01-29 00:00:00,8.181946,6.904068,281.1665,99104.2,51.75,5.25
2025-01-29 01:00:00,10.198471,4.077362,280.99396,99195.48,51.75,5.25
2025-01-29 02:00:00,11.532166,2.3347015,280.85413,99301.555,51.75,5.25
2025-01-29 03:00:00,12.083221,1.4341736,280.61343,99447.96,51.75,5.25
2025-01-29 04:00:00,12.072113,0.89289856,280.29578,99572.7,51.75,5.25
2025-01-29 05:00:00,11.083878,1.2466736,280.28497,99702.17,51.75,5.25
2025-01-29 06:00:00,11.022705,2.3257446,280.03497,99833.66,51.75,5.25
2025-01-29 07:00:00,10.525864,2.80867,279.8553,99952.664,51.75,5.25
2025-01-29 08:00:00,9.140152,3.4769745,279.79645,100069.44,51.75,5.25
2025-01-29 09:00:00,7.963623,4.1957397,279.9127,100134.59,51.75,5.25
2025-01-29 10:00:00,8.193588,4.2270203,280.42273,100230.43,51.75,5.25
2025-01-29 11:00:00,8.8020935,4.895035,281.1297,100300.36,51.75,5.25
2025-01-29 12:00:00,9.176453,4.4194183,281.10706,100356.7,51.75,5.25
2025-01-29 13:00:00,8.679993,3.8718262,281.5971,100372.375,51.75,5.25
2025-01-29 14:00:00,8.000061,4.0989075,281.97064,100411.58,51.75,5.25
2025-01-29 15:00:00,6.519409,3.76857,281.71997,100448.11,51.75,5.25
2025-01-29 16:00:00,5.5263367,3.9789429,281.21097,100482.84,51.75,5.25
2025-01-29 17:00:00,4.8528748,4.483551,280.64246,100555.37,51.75,5.25
2025-01-29 18:00:00,4.31427,4.701172,280.16772,100623.73,51.75,5.25
2025-01-29 19:00:00,3.9442291,4.753372,279.5705,100685.266,51.75,5.25
2025-01-29 20:00:00,3.2203217,4.8740387,279.42773,100710.484,51.75,5.25
2025-01-29 21:00:00,2.5942078,4.739807,279.39703,100741.58,51.75,5.25
2025-01-29 22:00:00,2.2503662,3.4769745,279.2594,100783.44,51.75,5.25
2025-01-29 23:00:00,1.4465637,3.1656342,279.04034,100814.484,51.75,5.25
2025-01-30 00:00:00,1.4355774,2.6435394,278.94965,100859.08,51.75,5.25
2025-01-30 01:00:00,1.3901978,1.4763489,279.11475,100890.42,51.75,5.25
2025-01-30 02:00:00,0.76312256,0.10809326,279.22583,100897.125,51.75,5.25
2025-01-30 03:00:00,0.51438904,-1.1763306,278.88873,100967.41,51.75,5.25
2025-01-30 04:00:00,0.38035583,-3.5579681,278.75555,101005.43,51.75,5.25
2025-01-30 05:00:00,-0.24308777,-4.87352,278.87738,101070.22,51.75,5.25
2025-01-30 06:00:00,-0.8921509,-4.7102966,278.7229,101125.84,51.75,5.25
2025-01-30 07:00:00,-1.1414185,-4.591751,278.63702,101190.72,51.75,5.25
2025-01-30 08:00:00,-0.8724823,-4.1802826,278.63397,101284.04,51.75,5.25
2025-01-30 09:00:00,-0.16259766,-4.1261597,278.9328,101374.25,51.75,5.25
2025-01-30 10:00:00,0.5600891,-5.0868225,279.2539,101442.69,51.75,5.25
2025-01-30 11:00:00,1.1698151,-5.6681213,279.47296,101519.66,51.75,5.25
2025-01-30 12:00:00,1.2604675,-6.202194,279.6007,101564.72,51.75,5.25
2025-01-30 13:00:00,1.5356293,-5.695633,279.6231,101628.97,51.75,5.25
2025-01-30 14:00:00,1.9193573,-5.013199,279.78223,101679.05,51.75,5.25
2025-01-30 15:00:00,2.7147064,-4.4801636,279.7318,101750.445,51.75,5.25
2025-01-30 16:00:00,3.6355286,-4.14003,279.19617,101844.516,51.75,5.25
2025-01-30 17:00:00,4.629013,-4.025345,277.61243,101940.62,51.75,5.25
2025-01-30 18:00:00,5.6067963,-3.9473877,277.2026,102053.984,51.75,5.25
2025-01-30 19:00:00,5.987198,-3.574829,276.62628,102134.98,51.75,5.25
2025-01-30 20:00:00,6.136383,-3.0127563,276.24384,102190.56,51.75,5.25
2025-01-30 21:00:00,6.129425,-2.3075256,275.9262,102234.625,51.75,5.25
2025-01-30 22:00:00,6.3879547,-1.3795624,275.45483,102276.2,51.75,5.25
2025-01-30 23:00:00,6.1443634,-0.6213074,275.27966,102301.59,51.75,5.25
2025-01-31 00:00:00,5.9801636,-0.20666504,275.00507,102339.84,51.75,5.25
2025-01-31 01:00:00,5.8811035,0.20721436,274.57834,102393.78,51.75,5.25
2025-01-31 02:00:00,5.7099,0.92536926,274.03882,102436.7,51.75,5.25
2025-01-31 03:00:00,5.344528,1.8136292,273.5892,102439.45,51.75,5.25
2025-01-31 04:00:00,5.1102905,2.8939362,273.34363,102473.78,51.75,5.25
2025-01-31 05:00:00,4.9625854,3.723236,273.4368,102506.84,51.75,5.25
2025-01-31 06:00:00,4.597687,4.378357,273.43,102522.12,51.75,5.25
2025-01-31 07:00:00,4.1749573,4.7231903,273.69263,102582.92,51.75,5.25
2025-01-31 08:00:00,3.7882385,4.915207,274.2173,102636.55,51.75,5.25
2025-01-31 09:00:00,2.9897614,5.0464325,274.8013,102676.18,51.75,5.25
2025-01-31 10:00:00,2.4211578,3.879959,276.12305,102699.516,51.75,5.25
2025-01-31 11:00:00,1.9148407,3.5559845,277.47864,102742.16,51.75,5.25
2025-01-31 12:00:00,1.7218323,3.6840363,278.51215,102739.734,51.75,5.25
2025-01-31 13:00:00,1.6614532,3.646515,279.07245,102749.7,51.75,5.25
2025-01-31 14:00:00,1.5420074,3.5375366,279.4845,102769.45,51.75,5.25
2025-01-31 15:00:00,0.9816437,3.2445068,279.28217,102783.28,51.75,5.25
2025-01-31 16:00:00,0.5468445,3.8406677,277.5623,102796.06,51.75,5.25
2025-01-31 17:00:00,0.66871643,4.114502,276.0268,102839.39,51.75,5.25
2025-01-31 18:00:00,0.9208069,3.8652496,275.12793,102934.805,51.75,5.25
2025-01-31 19:00:00,0.7658081,3.2756958,274.55103,103006.56,51.75,5.25
2025-01-31 20:00:00,0.17469788,3.1429443,273.7379,103046.734,51.75,5.25
2025-01-31 21:00:00,-0.30271912,2.7547302,273.80493,103095.484,51.75,5.25
2025-01-31 22:00:00,-1.4410858,2.8581085,272.5431,103125.11,51.75,5.25
2025-01-31 23:00:00,-1.8850555,3.759842,272.09637,103154.92,51.75,5.25
2025-02-01 00:00:00,-1.6491241,4.643402,271.83856,103183.016,51.75,5.25
2025-02-01 01:00:00,-0.98509216,4.9229126,271.89612,103169.33,51.75,5.25
2025-02-01 02:00:00,-0.4737854,4.1564636,271.35425,103174.92,51.75,5.25
2025-02-01 03:00:00,-0.22825623,3.7122192,271.5746,103165.31,51.75,5.25
2025-02-01 04:00:00,0.047790527,3.3300629,271.26093,103150.14,51.75,5.25
2025-02-01 05:00:00,-0.2489624,1.5484772,271.13455,103175.91,51.75,5.25
2025-02-01 06:00:00,-1.0655365,0.40618896,270.69122,103230.14,51.75,5.25
2025-02-01 07:00:00,-2.4765625,0.49331665,270.8405,103261.625,51.75,5.25
2025-02-01 08:00:00,-3.5462494,1.3434601,271.2301,103281.06,51.75,5.25
2025-02-01 09:00:00,-3.4786224,1.6373596,272.9085,103279.95,51.75,5.25
2025-02-01 10:00:00,-2.7823334,1.8703461,275.1402,103267.125,51.75,5.25
2025-02-01 11:00:00,-1.901062,1.5444794,277.2096,103226.64,51.75,5.25
2025-02-01 12:00:00,-1.6895447,1.0037842,278.5652,103180.41,51.75,5.25
2025-02-01 13:00:00,-2.0950317,0.9342346,279.23883,103128.61,51.75,5.25
2025-02-01 14:00:00,-2.439911,0.8777771,279.34686,103084.81,51.75,5.25
2025-02-01 15:00:00,-2.7802887,0.3477173,279.0279,103056.25,51.75,5.25
2025-02-01 16:00:00,-3.335617,-0.5196533,277.67145,103034.06,51.75,5.25
2025-02-01 17:00:00,-4.515213,-0.7826996,275.51678,103014.95,51.75,5.25
2025-02-01 18:00:00,-6.189789,0.022247314,274.17432,103010.88,51.75,5.25
2025-02-01 19:00:00,-6.588196,1.1585236,273.68323,102973.516,51.75,5.25
2025-02-01 20:00:00,-6.1808014,1.724884,273.26514,102959.84,51.75,5.25
2025-02-01 21:00:00,-5.8906403,2.1202545,272.88306,102926.27,51.75,5.25
2025-02-01 22:00:00,-5.8753815,2.4835358,272.6217,102868.97,51.75,5.25
2025-02-01 23:00:00,-5.380005,2.66391,272.35074,102794.2,51.75,5.25
2025-02-02 00:00:00,-5.1688843,3.152237,272.1389,102739.016,51.75,5.25
2025-02-02 01:00:00,-4.6552887,3.6529999,271.91467,102677.2,51.75,5.25
2025-02-02 02:00:00,-4.0208435,3.5187836,271.39172,102625.86,51.75,5.25
2025-02-02 03:00:00,-3.8665314,3.110077,271.04062,102603.53,51.75,5.25
2025-02-02 04:00:00,-3.7478333,2.9308777,270.643,102572.49,51.75,5.25
2025-02-02 05:00:00,-3.8225403,3.0375977,270.08728,102525.6,51.75,5.25
2025-02-02 06:00:00,-3.644638,3.5266266,269.9391,102510.8,51.75,5.25
2025-02-02 07:00:00,-3.0267792,3.6980743,269.90833,102492.42,51.75,5.25
2025-02-02 08:00:00,-2.6793823,3.4714355,270.4018,102488.03,51.75,5.25
2025-02-02 09:00:00,-2.6993103,2.9263306,272.4703,102486.68,51.75,5.25
2025-02-02 10:00:00,-1.4528046,1.681778,274.04428,102467.89,51.75,5.25
2025-02-02 11:00:00,-0.9526367,1.4838104,275.52353,102472.195,51.75,5.25
2025-02-02 12:00:00,-0.8744507,1.6319885,276.59323,102439.97,51.75,5.25
2025-02-02 13:00:00,-1.0029602,1.7967072,277.46063,102414.03,51.75,5.25
2025-02-02 14:00:00,-0.8770294,1.6440277,277.80432,102396.62,51.75,5.25
2025-02-02 15:00:00,-0.64541626,1.3038025,277.8236,102404.52,51.75,5.25
2025-02-02 16:00:00,-0.8318634,1.0918732,277.5633,102430.74,51.75,5.25
2025-02-02 17:00:00,-1.3223572,1.6126556,274.09042,102466.33,51.75,5.25
2025-02-02 18:00:00,-1.411026,2.569107,272.74435,102476.7,51.75,5.25
2025-02-02 19:00:00,-0.90049744,3.0853271,272.6515,102544.016,51.75,5.25
2025-02-02 20:00:00,0.021087646,2.6431274,272.96683,102565.15,51.75,5.25
2025-02-02 21:00:00,0.88124084,2.0297089,272.327,102633.49,51.75,5.25
2025-02-02 22:00:00,0.7945862,2.5687714,272.02844,102623.516,51.75,5.25
2025-02-02 23:00:00,1.4881592,2.7724304,270.66736,102608.52,51.75,5.25
2025-02-03 00:00:00,2.500473,2.7900696,270.27563,102626.36,51.75,5.25
2025-02-03 01:00:00,2.6603546,2.7156372,270.0883,102609.19,51.75,5.25
2025-02-03 02:00:00,2.4805908,3.05542,269.93515,102594.72,51.75,5.25
2025-02-03 03:00:00,2.940796,3.8532867,270.22177,102586.08,51.75,5.25
2025-02-03 04:00:00,3.315567,4.577591,270.40894,102593.734,51.75,5.25
2025-02-03 05:00:00,3.651474,3.8173065,270.6128,102626.72,51.75,5.25
2025-02-03 06:00:00,3.4417114,2.189621,269.4685,102685.22,51.75,5.25
2025-02-03 07:00:00,2.8048248,2.341507,268.97852,102700.27,51.75,5.25
2025-02-03 08:00:00,2.6127625,3.9611359,270.69513,102710.83,51.75,5.25
2025-02-03 09:00:00,2.399475,4.2841187,272.79703,102714.49,51.75,5.25
2025-02-03 10:00:00,2.0656433,2.9328003,274.7768,102741.75,51.75,5.25
2025-02-03 11:00:00,1.333313,3.0183563,276.46112,102736.97,51.75,5.25
2025-02-03 12:00:00,1.059555,3.5711365,277.83215,102699.44,51.75,5.25
2025-02-03 13:00:00,0.96318054,3.5683136,278.9307,102644.05,51.75,5.25
2025-02-03 14:00:00,1.0562286,3.1952667,279.42352,102636.625,51.75,5.25
2025-02-03 15:00:00,1.1679535,2.8777466,279.1703,102631.81,51.75,5.25
2025-02-03 16:00:00,1.3443909,3.198944,277.13403,102651.805,51.75,5.25
2025-02-03 17:00:00,1.5313263,4.0588226,275.52863,102631.83,51.75,5.25
2025-02-03 18:00:00,2.1063385,4.9412537,274.67883,102632.9,51.75,5.25
2025-02-03 19:00:00,3.417572,4.8147736,275.23492,102664.875,51.75,5.25
2025-02-03 20:00:00,4.388397,4.0607452,275.37302,102651.84,51.75,5.25
2025-02-03 21:00:00,4.7323,3.6050415,275.08887,102671.2,51.75,5.25
2025-02-03 22:00:00,3.9548187,3.366745,273.81705,102672.33,51.75,5.25
2025-02-03 23:00:00,3.845642,3.909851,273.86377,102641.36,51.75,5.25
2025-02-04 00:00:00,3.71344,4.6533813,274.0984,102658.91,51.75,5.25
2025-02-04 01:00:00,3.2094116,5.22966,274.02148,102663.54,51.75,5.25
2025-02-04 02:00:00,2.5354614,5.7996674,273.97272,102648.26,51.75,5.25
2025-02-04 03:00:00,2.4322815,6.0933685,273.97403,102616.95,51.75,5.25
2025-02-04 04:00:00,3.007553,5.853592,274.1889,102635.164,51.75,5.25
2025-02-04 05:00:00,2.9661407,6.0001526,274.26248,102630.69,51.75,5.25
2025-02-04 06:00:00,2.7387085,5.975174,274.44577,102622.086,51.75,5.25
2025-02-04 07:00:00,2.4900055,6.0843353,274.69775,102664.56,51.75,5.25
2025-02-04 08:00:00,2.155136,6.625168,274.82422,102702.32,51.75,5.25
2025-02-04 09:00:00,2.2986755,7.0928345,275.19843,102693.234,51.75,5.25
2025-02-04 10:00:00,2.2697449,5.706833,276.00006,102721.14,51.75,5.25
2025-02-04 11:00:00,2.185318,5.508606,276.5683,102727.08,51.75,5.25
2025-02-04 12:00:00,1.6865692,5.852951,277.5299,102684.74,51.75,5.25
2025-02-04 13:00:00,1.2239227,6.441742,277.7263,102636.31,51.75,5.25
2025-02-04 14:00:00,1.0667114,6.6342773,277.57718,102620.34,51.75,5.25
2025-02-04 15:00:00,0.98487854,6.5954895,277.41476,102610.39,51.75,5.25
2025-02-04 16:00:00,1.3409271,7.3165283,277.00952,102609.9,51.75,5.25
2025-02-04 17:00:00,2.3495026,7.8582306,275.94827,102646.28,51.75,5.25
2025-02-04 18:00:00,4.0624695,7.5918274,275.08618,102681.53,51.75,5.25
2025-02-04 19:00:00,5.167038,7.435074,274.7248,102710.516,51.75,5.25
2025-02-04 20:00:00,5.3647766,7.447586,274.45084,102755.61,51.75,5.25
2025-02-04 21:00:00,5.193329,7.459244,274.54092,102796.91,51.75,5.25
2025-02-04 22:00:00,5.968811,6.756119,275.0124,102821.86,51.75,5.25
2025-02-04 23:00:00,6.1735992,5.9829865,275.4293,102896.516,51.75,5.25
2025-02-05 00:00:00,6.1486816,5.8572083,275.69244,102959.58,51.75,5.25
2025-02-05 01:00:00,6.2944794,5.645996,275.97174,103011.92,51.75,5.25
2025-02-05 02:00:00,6.5406647,5.0348663,276.294,103058.27,51.75,5.25
2025-02-05 03:00:00,6.329529,4.3934174,276.20447,103127.91,51.75,5.25
2025-02-05 04:00:00,6.3888245,3.8593445,275.94012,103178.8,51.75,5.25
2025-02-05 05:00:00,6.1940765,3.6139069,275.98798,103277.61,51.75,5.25
2025-02-05 06:00:00,6.2455444,3.2693787,275.92596,103342.805,51.75,5.25
2025-02-05 07:00:00,6.1174164,2.8050232,275.95544,103428.7,51.75,5.25
2025-02-05 08:00:00,5.921921,2.4506226,276.02167,103518.59,51.75,5.25
2025-02-05 09:00:00,5.109848,2.1437378,276.85156,103591.125,51.75,5.25
2025-02-05 10:00:00,3.0554352,1.5677032,278.2168,103666.7,51.75,5.25
2025-02-05 11:00:00,3.187683,1.2307892,279.2168,103734.53,51.75,5.25
2025-02-05 12:00:00,3.2097778,1.0289154,279.83057,103720.86,51.75,5.25
2025-02-05 13:00:00,3.4345398,0.61798096,280.2807,103777.234,51.75,5.25
2025-02-05 14:00:00,3.3986664,0.384552,280.3775,103810.164,51.75,5.25
2025-02-05 15:00:00,2.7846985,0.94418335,280.31387,103858.516,51.75,5.25
2025-02-05 16:00:00,2.9751434,1.508667,279.16837,103891.69,51.75,5.25
2025-02-05 17:00:00,3.4696045,1.7784576,277.85022,103973.94,51.75,5.25
2025-02-05 18:00:00,4.076721,1.3717651,276.70514,104054.23,51.75,5.25
2025-02-05 19:00:00,3.9468231,0.5290222,275.85278,104080.09,51.75,5.25
2025-02-05 20:00:00,3.6266785,-0.79641724,275.185,104111.234,51.75,5.25
2025-02-05 21:00:00,2.9589386,-1.9641724,274.73853,104136.55,51.75,5.25
2025-02-05 22:00:00,0.9096832,-1.8264618,275.0786,104154.35,51.75,5.25
2025-02-05 23:00:00,0.7427368,-1.1917572,275.91815,104171.81,51.75,5.25
2025-02-06 00:00:00,0.6987915,-1.0634613,275.80872,104183.72,51.75,5.25
2025-02-06 01:00:00,0.3795166,-1.2246094,275.83273,104183.67,51.75,5.25
2025-02-06 02:00:00,0.22998047,-1.5829315,275.9049,104199.516,51.75,5.25
2025-02-06 03:00:00,-0.11302185,-1.967041,275.96057,104172.75,51.75,5.25
2025-02-06 04:00:00,-0.53286743,-2.4881287,276.01013,104166.45,51.75,5.25
2025-02-06 05:00:00,-0.84150696,-3.565216,276.32416,104178.9,51.75,5.25
2025-02-06 06:00:00,-1.5008545,-3.8297272,276.28668,104181.7,51.75,5.25
2025-02-06 07:00:00,-2.3239136,-4.166855,276.38858,104217.65,51.75,5.25
2025-02-06 08:00:00,-2.4428406,-4.1181335,276.52716,104248.01,51.75,5.25
2025-02-06 09:00:00,-3.6300964,-4.7062225,277.1224,104283.41,51.75,5.25
2025-02-06 10:00:00,-3.8094482,-3.8418121,277.63562,104297.55,51.75,5.25
2025-02-06 11:00:00,-5.55719,-3.962616,278.30997,104254.48,51.75,5.25
2025-02-06 12:00:00,-5.637665,-4.0612335,278.73688,104180.68,51.75,5.25
2025-02-06 13:00:00,-6.1405945,-4.0602264,279.096,104125.5,51.75,5.25
2025-02-06 14:00:00,-6.659363,-4.0963745,279.3398,104069.78,51.75,5.25
2025-02-06 15:00:00,-6.5510864,-3.8220978,279.39398,104030.36,51.75,5.25
2025-02-06 16:00:00,-6.172104,-3.2493896,279.09534,103989.125,51.75,5.25
2025-02-06 17:00:00,-5.8910675,-3.6207275,278.48212,103960.56,51.75,5.25
2025-02-06 18:00:00,-5.809265,-4.3506775,278.18924,103958.22,51.75,5.25
2025-02-06 19:00:00,-6.082306,-4.974243,277.9938,103923.07,51.75,5.25
2025-02-06 20:00:00,-6.903427,-4.9447327,277.72696,103882.47,51.75,5.25
2025-02-06 21:00:00,-7.832596,-4.280884,277.51337,103826.984,51.75,5.25
2025-02-06 22:00:00,-8.033905,-3.8812866,276.7361,103740.91,51.75,5.25
2025-02-06 23:00:00,-8.07016,-3.6083984,276.52344,103658.914,51.75,5.25
2025-02-07 00:00:00,-8.268829,-3.5586395,276.34912,103585.04,51.75,5.25
2025-02-07 01:00:00,-8.753067,-3.581894,276.3996,103521.45,51.75,5.25
2025-02-07 02:00:00,-9.054321,-3.827423,276.39355,103429.266,51.75,5.25
2025-02-07 03:00:00,-9.503052,-3.5561066,276.268,103368.25,51.75,5.25
2025-02-07 04:00:00,-9.834991,-3.4458618,276.28125,103294.53,51.75,5.25
2025-02-07 05:00:00,-10.058197,-3.4023743,276.33325,103208.62,51.75,5.25
2025-02-07 06:00:00,-10.452621,-3.3490448,276.35858,103127.56,51.75,5.25
2025-02-07 07:00:00,-11.089752,-2.7912445,276.46625,103063.555,51.75,5.25
2025-02-07 08:00:00,-11.635635,-2.1875916,276.5983,103026.69,51.75,5.25
2025-02-07 09:00:00,-10.310837,-2.4210815,276.74225,102972.55,51.75,5.25
2025-02-07 10:00:00,-10.030228,-3.8737946,277.045,102871.11,51.75,5.25
2025-02-07 11:00:00,-12.965179,-2.0604706,277.33807,102793.766,51.75,5.25
2025-02-07 12:00:00,-13.066071,-1.0324402,277.6792,102704.25,51.75,5.25
2025-02-07 13:00:00,-12.698822,-0.5084686,277.5261,102587.8,51.75,5.25
2025-02-07 14:00:00,-11.878662,-0.93582153,277.378,102479.695,51.75,5.25
2025-02-07 15:00:00,-11.556488,-1.18367,277.30917,102402.234,51.75,5.25
2025-02-07 16:00:00,-11.949768,-1.2368317,277.23456,102356.53,51.75,5.25
2025-02-07 17:00:00,-12.229431,-0.733078,277.11426,102322.95,51.75,5.25
2025-02-07 18:00:00,-11.507706,-0.26257324,276.9768,102310.94,51.75,5.25
2025-02-07 19:00:00,-10.8125305,0.2250061,276.71674,102291.72,51.75,5.25
2025-02-07 20:00:00,-10.617798,0.23297119,276.35718,102234.89,51.75,5.25
2025-02-07 21:00:00,-10.126007,0.73443604,276.19363,102186.68,51.75,5.25
2025-02-07 22:00:00,-9.642975,0.8623352,275.8939,102135.76,51.75,5.25
2025-02-07 23:00:00,-9.055649,0.9601288,275.82996,102102.625,51.75,5.25
2025-02-08 00:00:00,-8.741379,1.4502106,275.83185,102088.44,51.75,5.25
2025-02-08 01:00:00,-8.72403,1.4966583,275.81915,102045.28,51.75,5.25
2025-02-08 02:00:00,-8.567017,1.5141449,275.85297,102012.305,51.75,5.25
2025-02-08 03:00:00,-8.494827,1.8789062,275.88715,101978.86,51.75,5.25
2025-02-08 04:00:00,-8.338577,2.4316711,275.83368,101936.29,51.75,5.25
2025-02-08 05:00:00,-8.323425,2.6875458,275.8213,101911.58,51.75,5.25
2025-02-08 06:00:00,-8.145065,2.895935,276.06567,101909.734,51.75,5.25
2025-02-08 07:00:00,-7.7148438,3.2381897,276.21497,101923.11,51.75,5.25
2025-02-08 08:00:00,-6.7668,3.9521027,276.6065,101957.53,51.75,5.25
2025-02-08 09:00:00,-5.5679016,4.5285187,276.93335,102000.84,51.75,5.25
2025-02-08 10:00:00,-5.361023,4.1689606,277.1718,102013.53,51.75,5.25
2025-02-08 11:00:00,-4.468582,3.314087,278.41125,102038.58,51.75,5.25
2025-02-08 12:00:00,-3.696167,3.293167,279.75467,102047.984,51.75,5.25
2025-02-08 13:00:00,-3.5006866,3.2515564,280.28217,102064.84,51.75,5.25
2025-02-08 14:00:00,-3.811554,2.5764618,280.98364,102082.84,51.75,5.25
2025-02-08 15:00:00,-4.2406006,2.4720154,280.99365,102109.72,51.75,5.25
2025-02-08 16:00:00,-4.9700775,2.174759,280.26987,102161.84,51.75,5.25
2025-02-08 17:00:00,-5.4027405,1.9607239,279.0902,102188.61,51.75,5.25
2025-02-08 18:00:00,-5.3971863,1.7744598,279.0144,102238.67,51.75,5.25
2025-02-08 19:00:00,-5.288315,1.8938904,278.5735,102273.14,51.75,5.25
2025-02-08 20:00:00,-5.4770203,1.9050903,277.94214,102346.555,51.75,5.25
2025-02-08 21:00:00,-6.007492,1.5919647,277.38226,102358.66,51.75,5.25
2025-02-08 22:00:00,-5.5783997,1.3621826,277.00824,102391.484,51.75,5.25
2025-02-08 23:00:00,-4.261963,1.920105,276.6917,102415.18,51.75,5.25
2025-02-09 00:00:00,-2.8226013,2.1848755,276.26746,102460.28,51.75,5.25
2025-02-09 01:00:00,-1.7242737,1.0680847,275.87524,102476.06,51.75,5.25
2025-02-09 02:00:00,-1.2488098,-0.13955688,275.74878,102497.92,51.75,5.25
2025-02-09 03:00:00,-1.1133118,-0.06713867,275.5492,102509.76,51.75,5.25
2025-02-09 04:00:00,-1.4880371,0.23905945,275.40924,102548.0,51.75,5.25
2025-02-09 05:00:00,-1.4779205,0.38690186,275.0805,102565.984,51.75,5.25
2025-02-09 06:00:00,-1.607544,0.24725342,274.71735,102615.74,51.75,5.25
2025-02-09 07:00:00,-2.2312927,-0.1709137,274.69666,102673.83,51.75,5.25
2025-02-09 08:00:00,-3.0719604,-0.640152,274.44034,102717.74,51.75,5.25
2025-02-09 09:00:00,-3.084488,-0.5381012,275.42865,102777.13,51.75,5.25
2025-02-09 10:00:00,-2.2515259,-0.40582275,276.6715,102826.234,51.75,5.25
2025-02-09 11:00:00,-1.4128418,-0.37843323,277.3208,102858.86,51.75,5.25
2025-02-09 12:00:00,-1.2819519,-1.4203491,277.77136,102842.96,51.75,5.25
2025-02-09 13:00:00,-2.1438293,-2.1753693,278.2381,102830.47,51.75,5.25
2025-02-09 14:00:00,-2.7533264,-2.0496674,278.38312,102827.516,51.75,5.25
2025-02-09 15:00:00,-3.294464,-1.9012146,278.44385,102842.875,51.75,5.25
2025-02-09 16:00:00,-4.2167664,-2.2917938,278.08673,102852.375,51.75,5.25
2025-02-09 17:00:00,-5.226074,-2.4322662,277.35468,102857.91,51.75,5.25
2025-02-09 18:00:00,-6.0154266,-1.8712158,276.8954,102900.984,51.75,5.25
2025-02-09 19:00:00,-6.126465,-2.206421,276.6363,102887.89,51.75,5.25
2025-02-09 20:00:00,-6.7168884,-2.1075287,276.70474,102913.3,51.75,5.25
2025-02-09 21:00:00,-6.996582,-2.3037567,276.60022,102892.375,51.75,5.25
2025-02-09 22:00:00,-6.8349,-3.01828,275.8996,102877.234,51.75,5.25
2025-02-09 23:00:00,-6.806427,-3.1692505,275.50372,102874.086,51.75,5.25
2025-02-10 00:00:00,-7.0022583,-3.31604,275.1552,102861.31,51.75,5.25
2025-02-10 01:00:00,-7.1907806,-3.0808258,275.15594,102834.24,51.75,5.25
2025-02-10 02:00:00,-7.313629,-3.1263885,274.90564,102813.44,51.75,5.25
2025-02-10 03:00:00,-7.4144135,-3.4405518,274.54172,102783.65,51.75,5.25
2025-02-10 04:00:00,-7.5973053,-3.4679413,274.30618,102743.6,51.75,5.25
2025-02-10 05:00:00,-7.87619,-3.2233124,274.26666,102703.91,51.75,5.25
2025-02-10 06:00:00,-8.198746,-2.8158264,274.05536,102654.2,51.75,5.25
2025-02-10 07:00:00,-8.252075,-2.3436737,274.11383,102644.85,51.75,5.25
2025-02-10 08:00:00,-8.895157,-2.3818512,274.33215,102616.11,51.75,5.25
2025-02-10 09:00:00,-8.392166,-1.7680054,274.62396,102600.53,51.75,5.25
2025-02-10 10:00:00,-7.993622,-1.401001,275.17383,102545.52,51.75,5.25
2025-02-10 11:00:00,-7.427902,-2.1472168,275.5999,102495.08,51.75,5.25
2025-02-10 12:00:00,-8.213303,-2.40625,275.8934,102393.836,51.75,5.25
2025-02-10 13:00:00,-9.7332,-2.3246613,275.9571,102294.31,51.75,5.25
2025-02-10 14:00:00,-8.579498,-2.1731873,276.0077,102229.19,51.75,5.25
2025-02-10 15:00:00,-9.352341,-2.2477417,275.8227,102158.49,51.75,5.25
2025-02-10 16:00:00,-9.987869,-1.752945,275.41602,102099.59,51.75,5.25
2025-02-10 17:00:00,-10.663925,-1.4348297,275.3773,102074.93,51.75,5.25
2025-02-10 18:00:00,-10.991806,-0.8210144,274.89893,102005.81,51.75,5.25
2025-02-10 19:00:00,-11.002945,-0.05783081,275.2896,101963.72,51.75,5.25
2025-02-10 20:00:00,-10.573181,0.2132721,275.80362,101895.73,51.75,5.25
2025-02-10 21:00:00,-10.134628,0.27363586,276.1059,101860.41,51.75,5.25
2025-02-10 22:00:00,-9.687653,-1.8757019,275.76157,101751.61,51.75,5.25
2025-02-10 23:00:00,-9.9453125,-1.9969025,275.2561,101707.54,51.75,5.25
2025-02-11 00:00:00,-9.6935425,-1.0296631,274.63263,101675.85,51.75,5.25
2025-02-11 01:00:00,-9.607788,-0.56030273,274.3993,101598.53,51.75,5.25
2025-02-11 02:00:00,-9.597427,0.25775146,274.58057,101515.914,51.75,5.25
2025-02-11 03:00:00,-8.850769,1.1768799,275.2892,101486.39,51.75,5.25
2025-02-11 04:00:00,-7.886795,2.04422,276.19177,101426.36,51.75,5.25
2025-02-11 05:00:00,-6.4350586,3.3715057,276.7218,101411.69,51.75,5.25
2025-02-11 06:00:00,-4.0658875,5.0949554,276.6848,101431.51,51.75,5.25
2025-02-11 07:00:00,-1.6906586,6.7643433,276.41278,101501.12,51.75,5.25
2025-02-11 08:00:00,-0.5,7.548462,275.9228,101598.69,51.75,5.25
2025-02-11 09:00:00,-0.1761322,8.516556,275.54596,101666.42,51.75,5.25
2025-02-11 10:00:00,0.0879364,7.951111,275.778,101729.234,51.75,5.25
2025-02-11 11:00:00,0.30673218,8.261475,275.99756,101770.5,51.75,5.25
2025-02-11 12:00:00,0.59562683,8.740463,276.39685,101764.79,51.75,5.25
2025-02-11 13:00:00,0.7615051,7.9765778,276.84708,101771.88,51.75,5.25
2025-02-11 14:00:00,0.55049133,6.3718414,276.9579,101768.51,51.75,5.25
2025-02-11 15:00:00,0.5893707,6.21109,276.96777,101771.71,51.75,5.25
2025-02-11 16:00:00,0.22866821,5.8315887,277.08795,101777.984,51.75,5.25
2025-02-11 17:00:00,-0.10067749,5.635956,277.31012,101796.3,51.75,5.25
2025-02-11 18:00:00,-0.43266296,5.4397736,277.32617,101805.734,51.75,5.25
2025-02-11 19:00:00,-0.7448425,5.2971954,277.21393,101835.2,51.75,5.25
2025-02-11 20:00:00,-0.867218,5.299835,277.29138,101832.62,51.75,5.25
2025-02-11 21:00:00,-0.5860596,5.283371,277.23523,101840.16,51.75,5.25
2025-02-11 22:00:00,0.0020751953,5.216675,277.19946,101826.42,51.75,5.25
2025-02-11 23:00:00,0.43478394,4.668579,277.08487,101819.25,51.75,5.25
2025-02-12 00:00:00,0.66744995,4.219742,277.1023,101822.39,51.75,5.25
2025-02-12 01:00:00,1.0037842,3.8564453,276.9593,101788.32,51.75,5.25
2025-02-12 02:00:00,1.4731445,3.3957672,276.71368,101768.945,51.75,5.25
2025-02-12 03:00:00,1.5769958,2.8592834,276.75757,101771.625,51.75,5.25
2025-02-12 04:00:00,1.2621918,2.6296082,276.458,101737.44,51.75,5.25
2025-02-12 05:00:00,0.92770386,2.9248047,276.1612,101720.39,51.75,5.25
2025-02-12 06:00:00,1.0836487,3.0874176,276.08386,101710.64,51.75,5.25
2025-02-12 07:00:00,1.4447784,2.8928986,276.0376,101717.94,51.75,5.25
2025-02-12 08:00:00,1.6179657,2.663269,276.1411,101726.48,51.75,5.25
2025-02-12 09:00:00,1.0424194,1.7714691,276.7048,101742.5,51.75,5.25
2025-02-12 10:00:00,1.1194763,2.0140228,277.05005,101757.28,51.75,5.25
2025-02-12 11:00:00,1.3580322,1.6356506,277.54822,101780.16,51.75,5.25
2025-02-12 12:00:00,1.5300446,1.1656036,277.9748,101761.67,51.75,5.25
2025-02-12 13:00:00,1.3091736,0.6497803,278.36237,101720.2,51.75,5.25
2025-02-12 14:00:00,1.2365417,0.573822,278.3172,101701.13,51.75,5.25
2025-02-12 15:00:00,1.6556549,0.89590454,278.2945,101698.53,51.75,5.25
2025-02-12 16:00:00,2.2722015,0.9029999,278.18695,101666.16,51.75,5.25
2025-02-12 17:00:00,2.6649628,0.1771698,276.65594,101711.03,51.75,5.25
2025-02-12 18:00:00,2.3512115,-1.3938904,276.55957,101741.73,51.75,5.25
2025-02-12 19:00:00,1.3235626,-2.4785767,276.2258,101759.38,51.75,5.25
2025-02-12 20:00:00,0.62994385,-2.724472,276.35297,101763.23,51.75,5.25
2025-02-12 21:00:00,0.25737,-2.6098175,276.1584,101780.09,51.75,5.25
2025-02-12 22:00:00,-0.3204956,-2.7124786,275.86325,101781.09,51.75,5.25
2025-02-12 23:00:00,-0.17314148,-2.7111511,276.18622,101797.06,51.75,5.25
2025-02-13 00:00:00,-0.49691772,-2.9053345,275.9152,101806.14,51.75,5.25
2025-02-13 01:00:00,-1.3054657,-3.7644348,275.65033,101804.14,51.75,5.25
2025-02-13 02:00:00,-2.0889435,-3.8039856,275.48224,101791.82,51.75,5.25
2025-02-13 03:00:00,-2.4477386,-4.344681,275.5051,101821.35,51.75,5.25
2025-02-13 04:00:00,-2.6477814,-4.7552185,275.27304,101845.95,51.75,5.25
2025-02-13 05:00:00,-2.765442,-4.991623,275.0198,101866.5,51.75,5.25
2025-02-13 06:00:00,-2.9466553,-4.965332,274.57373,101915.766,51.75,5.25
2025-02-13 07:00:00,-2.8761292,-4.9280396,273.95367,101951.16,51.75,5.25
2025-02-13 08:00:00,-2.3552704,-4.840988,273.38898,102049.45,51.75,5.25
2025-02-13 09:00:00,-1.6893616,-4.799942,273.0027,102091.33,51.75,5.25
2025-02-13 10:00:00,-0.9493103,-5.6276093,272.75732,102145.055,51.75,5.25
2025-02-13 11:00:00,-1.0422974,-5.6643066,272.66248,102188.984,51.75,5.25
2025-02-13 12:00:00,-0.9880066,-5.33313,272.9081,102165.2,51.75,5.25
2025-02-13 13:00:00,-1.7443085,-5.4676514,273.10196,102169.01,51.75,5.25
2025-02-13 14:00:00,-2.4304047,-5.587906,273.3051,102165.47,51.75,5.25
2025-02-13 15:00:00,-2.4348145,-5.314987,273.6974,102170.305,51.75,5.25
2025-02-13 16:00:00,-2.1920319,-4.805496,273.9272,102198.43,51.75,5.25
2025-02-13 17:00:00,-2.0700073,-4.1642,273.65085,102255.59,51.75,5.25
2025-02-13 18:00:00,-1.77742,-3.6888428,273.66217,102292.61,51.75,5.25
2025-02-13 19:00:00,-1.5355072,-3.8144379,273.23285,102363.55,51.75,5.25
2025-02-13 20:00:00,-1.5723267,-4.171234,273.1897,102399.45,51.75,5.25
2025-02-13 21:00:00,-1.6782074,-3.9404602,273.02588,102431.36,51.75,5.25
2025-02-13 22:00:00,-1.7054291,-2.5667267,272.1294,102459.984,51.75,5.25
2025-02-13 23:00:00,-1.1144562,-2.5486603,271.7281,102460.56,51.75,5.25
2025-02-14 00:00:00,-0.833374,-3.0447845,271.46988,102504.92,51.75,5.25
2025-02-14 01:00:00,-1.1405945,-3.4858093,270.7741,102549.01,51.75,5.25
2025-02-14 02:00:00,-1.0615997,-3.3422852,270.79996,102553.164,51.75,5.25
2025-02-14 03:00:00,-0.6051636,-3.1543121,270.36957,102560.484,51.75,5.25
2025-02-14 04:00:00,-0.49803162,-3.3615723,270.51764,102567.42,51.75,5.25
2025-02-14 05:00:00,-0.9626312,-3.484665,270.74805,102631.86,51.75,5.25
2025-02-14 06:00:00,-1.7754517,-3.3695984,270.93262,102655.945,51.75,5.25
2025-02-14 07:00:00,-2.4570312,-2.7996674,271.28247,102688.516,51.75,5.25
2025-02-14 08:00:00,-2.811737,-2.139801,271.53864,102726.164,51.75,5.25
2025-02-14 09:00:00,-2.4318695,-1.3549957,272.8,102748.92,51.75,5.25
2025-02-14 10:00:00,-1.5922852,-1.2037659,274.0169,102797.53,51.75,5.25
2025-02-14 11:00:00,-1.5133209,-0.73391724,274.94073,102829.984,51.75,5.25
2025-02-14 12:00:00,-1.7254791,-0.59291077,275.36908,102835.33,51.75,5.25
2025-02-14 13:00:00,-1.6443024,-0.49510193,275.85312,102811.42,51.75,5.25
2025-02-14 14:00:00,-1.8082123,-0.35964966,275.76898,102791.47,51.75,5.25
2025-02-14 15:00:00,-1.8898926,0.07585144,275.6337,102762.94,51.75,5.25
2025-02-14 16:00:00,-2.036438,0.5286102,275.2297,102754.47,51.75,5.25
2025-02-14 17:00:00,-2.584549,1.2240295,274.74506,102757.56,51.75,5.25
2025-02-14 18:00:00,-3.0808716,1.9894562,274.1886,102767.516,51.75,5.25
2025-02-14 19:00:00,-2.7850494,2.3446655,273.57242,102823.16,51.75,5.25
2025-02-14 20:00:00,-2.2540283,2.5799103,273.72357,102825.48,51.75,5.25
2025-02-14 21:00:00,-2.272644,2.5124817,273.71106,102831.87,51.75,5.25
2025-02-14 22:00:00,-1.3473053,0.92836,273.981,102800.375,51.75,5.25
2025-02-14 23:00:00,-1.4944916,0.90509033,273.24216,102795.92,51.75,5.25
2025-02-15 00:00:00,-2.1567993,1.5023956,273.1921,102748.53,51.75,5.25
2025-02-15 01:00:00,-2.4170532,2.2245178,272.89154,102681.65,51.75,5.25
2025-02-15 02:00:00,-1.8866882,2.2812805,273.11395,102642.14,51.75,5.25
2025-02-15 03:00:00,-2.3245697,2.153946,272.62988,102588.92,51.75,5.25
2025-02-15 04:00:00,-2.7348022,2.132187,273.2063,102528.92,51.75,5.25
2025-02-15 05:00:00,-2.5198975,1.7914429,273.2155,102534.94,51.75,5.25
2025-02-15 06:00:00,-2.650772,1.3649902,273.40158,102524.91,51.75,5.25
2025-02-15 07:00:00,-3.3115234,1.3515472,273.81192,102519.01,51.75,5.25
2025-02-15 08:00:00,-3.7724,1.510788,273.82385,102515.17,51.75,5.25
2025-02-15 09:00:00,-3.1471405,1.0863495,274.43127,102496.64,51.75,5.25
2025-02-15 10:00:00,-1.9733124,0.89616394,275.27307,102461.984,51.75,5.25
2025-02-15 11:00:00,-2.357193,1.3004761,275.7223,102385.58,51.75,5.25
2025-02-15 12:00:00,-2.6692352,1.3952179,275.873,102349.63,51.75,5.25
2025-02-15 13:00:00,-2.934311,1.2491913,275.96408,102260.625,51.75,5.25
2025-02-15 14:00:00,-3.307602,1.2042084,275.8812,102234.09,51.75,5.25
2025-02-15 15:00:00,-3.8386536,0.7785492,275.80566,102179.27,51.75,5.25
2025-02-15 16:00:00,-3.9924927,0.55070496,275.4757,102170.64,51.75,5.25
2025-02-15 17:00:00,-4.133545,0.7101898,275.11487,102175.92,51.75,5.25
2025-02-15 18:00:00,-4.3351135,0.9372406,274.82336,102180.72,51.75,5.25
2025-02-15 19:00:00,-4.4127197,0.68811035,274.68695,102208.305,51.75,5.25
2025-02-15 20:00:00,-4.7383423,0.1959076,274.35767,102181.6,51.75,5.25
2025-02-15 21:00:00,-5.000168,-0.4309845,274.0097,102169.06,51.75,5.25
2025-02-15 22:00:00,-4.6544037,-0.44213867,273.7743,102131.625,51.75,5.25
2025-02-15 23:00:00,-5.0158997,-1.1388245,273.42938,102135.14,51.75,5.25
2025-02-16 00:00:00,-5.150116,-1.1508331,272.83752,102135.53,51.75,5.25
2025-02-16 01:00:00,-5.3580017,-1.1711884,272.65536,102114.625,51.75,5.25
2025-02-16 02:00:00,-5.6587677,-1.3465729,272.24332,102107.55,51.75,5.25
2025-02-16 03:00:00,-6.0333557,-1.6091614,272.08295,102080.67,51.75,5.25
2025-02-16 04:00:00,-6.5893097,-2.0529633,271.90524,102097.47,51.75,5.25
2025-02-16 05:00:00,-7.192398,-1.5995941,271.83856,102105.945,51.75,5.25
2025-02-16 06:00:00,-7.13237,-1.4311523,271.7126,102104.88,51.75,5.25
2025-02-16 07:00:00,-7.157196,-1.6716309,271.60535,102160.336,51.75,5.25
2025-02-16 08:00:00,-7.636688,-1.6846313,272.1786,102202.57,51.75,5.25
2025-02-16 09:00:00,-7.4462585,-1.4280701,273.22797,102198.89,51.75,5.25
2025-02-16 10:00:00,-7.0984955,-0.8049774,274.32736,102232.08,51.75,5.25
2025-02-16 11:00:00,-7.5035553,-0.46166992,275.23767,102248.64,51.75,5.25
2025-02-16 12:00:00,-8.22406,-0.1532135,275.96674,102210.37,51.75,5.25
2025-02-16 13:00:00,-8.037384,-0.8569946,276.62378,102172.57,51.75,5.25
2025-02-16 14:00:00,-8.287384,-1.2052765,276.87946,102177.19,51.75,5.25
2025-02-16 15:00:00,-8.32225,-1.3474731,276.74634,102197.28,51.75,5.25
2025-02-16 16:00:00,-7.6385345,-1.5958099,276.10773,102222.234,51.75,5.25
2025-02-16 17:00:00,-7.4020844,-1.7243958,274.8423,102267.08,51.75,5.25
2025-02-16 18:00:00,-7.164215,-1.4786682,274.13132,102323.266,51.75,5.25
2025-02-16 19:00:00,-7.1936035,-1.328064,273.63922,102344.516,51.75,5.25
2025-02-16 20:00:00,-7.223633,-1.1829529,273.06366,102360.625,51.75,5.25
2025-02-16 21:00:00,-6.9149933,-1.0860443,272.37195,102389.09,51.75,5.25
2025-02-16 22:00:00,-6.7201996,-1.3535004,272.01456,102401.086,51.75,5.25
2025-02-16 23:00:00,-6.2555084,-1.6541595,271.26132,102400.19,51.75,5.25
2025-02-17 00:00:00,-6.024658,-1.6426239,270.93387,102424.375,51.75,5.25
2025-02-17 01:00:00,-5.8654785,-1.3976593,270.60745,102408.94,51.75,5.25
2025-02-17 02:00:00,-5.665695,-1.3110962,270.01575,102415.89,51.75,5.25
2025-02-17 03:00:00,-5.559311,-1.2662048,269.86566,102422.016,51.75,5.25
2025-02-17 04:00:00,-5.7026978,-1.3954468,269.45383,102419.42,51.75,5.25
2025-02-17 05:00:00,-5.6162415,-1.5009308,269.33554,102431.83,51.75,5.25
2025-02-17 06:00:00,-5.6696625,-1.2538605,269.26068,102417.125,51.75,5.25
2025-02-17 07:00:00,-5.676697,-0.6077118,269.04895,102422.72,51.75,5.25
2025-02-17 08:00:00,-5.3546753,0.05871582,270.172,102452.77,51.75,5.25
2025-02-17 09:00:00,-4.1372833,0.317276,271.69397,102467.33,51.75,5.25
2025-02-17 10:00:00,-2.6149292,-0.3188324,272.94153,102461.81,51.75,5.25
2025-02-17 11:00:00,-2.5207367,-0.9921112,274.2307,102489.5,51.75,5.25
2025-02-17 12:00:00,-3.4214935,-0.42904663,275.29803,102444.06,51.75,5.25
2025-02-17 13:00:00,-3.9197998,0.18833923,276.0083,102398.89,51.75,5.25
2025-02-17 14:00:00,-4.1752777,-0.31399536,276.2087,102346.1,51.75,5.25
2025-02-17 15:00:00,-4.5221863,-0.64649963,276.12555,102311.92,51.75,5.25
2025-02-17 16:00:00,-5.0867615,-1.0485535,275.3648,102299.69,51.75,5.25
2025-02-17 17:00:00,-5.898117,-1.6572723,273.7049,102356.734,51.75,5.25
2025-02-17 18:00:00,-6.2833405,-2.0636902,272.7719,102403.75,51.75,5.25
2025-02-17 19:00:00,-6.489731,-1.9783936,272.26645,102424.234,51.75,5.25
2025-02-17 20:00:00,-6.490692,-1.5158386,271.8408,102481.66,51.75,5.25
2025-02-17 21:00:00,-6.5476685,-1.2434692,271.26605,102502.03,51.75,5.25
2025-02-17 22:00:00,-6.654785,-1.3418884,270.76514,102497.81,51.75,5.25
2025-02-17 23:00:00,-6.7782745,-1.0155487,270.39343,102454.57,51.75,5.25
2025-02-18 00:00:00,-6.648239,-0.7194824,270.14557,102470.266,51.75,5.25
2025-02-18 01:00:00,-6.2131805,-0.53123474,269.75348,102484.36,51.75,5.25
2025-02-18 02:00:00,-6.0777283,-0.17877197,269.3603,102502.18,51.75,5.25
2025-02-18 03:00:00,-6.5460052,0.1986084,269.1189,102475.53,51.75,5.25
2025-02-18 04:00:00,-7.2925262,0.15238953,269.15906,102462.19,51.75,5.25
2025-02-18 05:00:00,-7.486923,0.6702423,268.96436,102477.695,51.75,5.25
2025-02-18 06:00:00,-7.082077,1.5839996,268.7686,102499.25,51.75,5.25
2025-02-18 07:00:00,-6.7753906,2.0307922,268.71326,102537.34,51.75,5.25
2025-02-18 08:00:00,-6.6325684,1.9354706,270.0592,102591.14,51.75,5.25
2025-02-18 09:00:00,-5.92836,1.2431946,271.4876,102608.34,51.75,5.25
2025-02-18 10:00:00,-5.857849,1.3056183,272.9348,102611.06,51.75,5.25
2025-02-18 11:00:00,-6.3240814,1.1868744,274.2525,102606.08,51.75,5.25
2025-02-18 12:00:00,-6.856262,1.3908234,275.10617,102560.14,51.75,5.25
2025-02-18 13:00:00,-6.860733,1.6517029,275.56244,102499.94,51.75,5.25
2025-02-18 14:00:00,-7.2368927,1.6450043,275.8212,102453.25,51.75,5.25
2025-02-18 15:00:00,-7.504669,1.6565552,275.80588,102419.625,51.75,5.25
2025-02-18 16:00:00,-7.8758545,1.1306,275.35895,102422.19,51.75,5.25
2025-02-18 17:00:00,-9.034546,1.2074432,274.60654,102408.84,51.75,5.25
2025-02-18 18:00:00,-9.625076,1.964035,273.92535,102394.125,51.75,5.25
2025-02-18 19:00:00,-8.934372,3.446457,273.69263,102393.016,51.75,5.25
2025-02-18 20:00:00,-8.221558,4.1428986,273.34174,102418.6,51.75,5.25
2025-02-18 21:00:00,-8.056656,4.2010193,273.11523,102425.02,51.75,5.25
2025-02-18 22:00:00,-8.394379,3.7649078,272.89728,102381.44,51.75,5.25
2025-02-18 23:00:00,-8.621109,3.856598,272.73492,102348.3,51.75,5.25
2025-02-19 00:00:00,-8.60054,4.017624,272.67148,102339.05,51.75,5.25
2025-02-19 01:00:00,-8.4953,3.8107605,272.5127,102324.15,51.75,5.25
2025-02-19 02:00:00,-8.744904,3.776291,272.30176,102296.77,51.75,5.25
2025-02-19 03:00:00,-8.8910675,4.107361,271.96088,102270.88,51.75,5.25
2025-02-19 04:00:00,-8.825745,4.3438263,271.79114,102235.74,51.75,5.25
2025-02-19 05:00:00,-8.668793,4.5381317,271.547,102205.14,51.75,5.25
2025-02-19 06:00:00,-8.322678,4.907791,271.52884,102200.875,51.75,5.25
2025-02-19 07:00:00,-8.022079,5.1244965,271.52258,102205.64,51.75,5.25
2025-02-19 08:00:00,-7.9154663,4.910263,272.1228,102194.14,51.75,5.25
2025-02-19 09:00:00,-7.559189,4.308441,273.11395,102187.3,51.75,5.25
2025-02-19 10:00:00,-6.1273193,3.732895,274.3719,102162.08,51.75,5.25
2025-02-19 11:00:00,-5.7035217,3.945633,275.2713,102152.37,51.75,5.25
2025-02-19 12:00:00,-5.6155396,3.8861084,276.2066,102112.05,51.75,5.25
2025-02-19 13:00:00,-5.6746826,3.7762756,276.9267,102076.03,51.75,5.25
2025-02-19 14:00:00,-5.6216736,3.817688,277.5267,102033.445,51.75,5.25
2025-02-19 15:00:00,-5.6123505,3.8781128,277.6662,102022.45,51.75,5.25
2025-02-19 16:00:00,-6.6555176,4.4038544,277.19775,102015.28,51.75,5.25
2025-02-19 17:00:00,-7.01828,5.3444977,276.4344,101992.89,51.75,5.25
2025-02-19 18:00:00,-6.1716766,6.16922,276.12888,102012.98,51.75,5.25
2025-02-19 19:00:00,-4.961319,6.663681,275.92554,102034.305,51.75,5.25
2025-02-19 20:00:00,-3.6454468,6.9628754,275.7536,102052.72,51.75,5.25
2025-02-19 21:00:00,-2.9486084,7.356537,275.4547,102060.336,51.75,5.25
2025-02-19 22:00:00,-3.0800476,6.8576813,275.25998,102028.69,51.75,5.25
2025-02-19 23:00:00,-2.0829315,6.849045,274.6228,102018.4,51.75,5.25
2025-02-20 00:00:00,-1.631897,6.6496124,274.3669,102036.38,51.75,5.25
2025-02-20 01:00:00,-1.6965027,6.537689,274.14862,102031.92,51.75,5.25
2025-02-20 02:00:00,-1.3653717,7.044815,274.1775,102006.984,51.75,5.25
2025-02-20 03:00:00,-0.83610535,7.373886,274.58072,101963.08,51.75,5.25
2025-02-20 04:00:00,-0.15522766,7.6084595,275.0913,101936.625,51.75,5.25
2025-02-20 05:00:00,0.4138031,7.870346,275.737,101917.64,51.75,5.25
2025-02-20 06:00:00,1.1844177,7.6821747,276.52927,101935.41,51.75,5.25
2025-02-20 07:00:00,1.8143005,7.6676025,277.27298,101958.766,51.75,5.25
2025-02-20 08:00:00,1.8919525,8.152405,278.37402,101979.45,51.75,5.25
2025-02-20 09:00:00,1.3202362,8.353546,279.5987,101945.98,51.75,5.25
2025-02-20 10:00:00,1.9707794,7.149643,281.0263,101961.86,51.75,5.25
2025-02-20 11:00:00,1.678833,7.129242,282.6579,101952.016,51.75,5.25
2025-02-20 12:00:00,2.3396301,7.43808,283.32916,101927.94,51.75,5.25
2025-02-20 13:00:00,2.511734,7.072815,284.0097,101923.625,51.75,5.25
2025-02-20 14:00:00,3.1100311,7.550644,284.0856,101938.8,51.75,5.25
2025-02-20 15:00:00,3.6283264,7.8348846,284.2173,101926.92,51.75,5.25
2025-02-20 16:00:00,3.797821,7.610962,284.08264,101939.59,51.75,5.25
2025-02-20 17:00:00,3.4298859,8.034012,283.66956,101944.58,51.75,5.25
2025-02-20 18:00:00,2.9982452,8.719528,283.59622,101944.2,51.75,5.25
2025-02-20 19:00:00,2.537033,9.160156,283.67737,101906.17,51.75,5.25
2025-02-20 20:00:00,3.9405212,8.070709,283.8713,101966.625,51.75,5.25
2025-02-20 21:00:00,4.326706,7.9431915,284.05228,102001.484,51.75,5.25
2025-02-20 22:00:00,4.6486664,8.053268,284.09064,102046.09,51.75,5.25
2025-02-20 23:00:00,4.954254,7.4876404,284.3128,102065.14,51.75,5.25
2025-02-21 00:00:00,4.607254,7.53096,284.40454,102069.57,51.75,5.25
2025-02-21 01:00:00,3.7553406,7.9325256,284.35535,102047.44,51.75,5.25
2025-02-21 02:00:00,2.7557068,8.312119,283.8509,101995.86,51.75,5.25
2025-02-21 03:00:00,2.6002502,8.449463,283.68073,101944.81,51.75,5.25
2025-02-21 04:00:00,1.9704437,8.328537,283.27234,101912.31,51.75,5.25
2025-02-21 05:00:00,1.1102905,8.829315,283.02692,101869.09,51.75,5.25
2025-02-21 06:00:00,1.2543793,8.947983,282.979,101877.92,51.75,5.25
2025-02-21 07:00:00,1.3799286,9.182297,282.97897,101885.23,51.75,5.25
2025-02-21 08:00:00,1.2308807,9.3190155,283.7568,101864.766,51.75,5.25
2025-02-21 09:00:00,0.78060913,9.214798,285.12756,101812.35,51.75,5.25
2025-02-21 10:00:00,0.322464,8.627884,287.03772,101817.0,51.75,5.25
2025-02-21 11:00:00,-0.5035095,8.397888,288.6792,101753.86,51.75,5.25
2025-02-21 12:00:00,-0.88523865,7.933197,290.016,101646.234,51.75,5.25
2025-02-21 13:00:00,-1.4927979,7.5743866,290.9091,101567.734,51.75,5.25
2025-02-21 14:00:00,-1.7835388,8.257294,290.922,101482.46,51.75,5.25
2025-02-21 15:00:00,-1.6628265,9.051041,290.62408,101418.61,51.75,5.25
2025-02-21 16:00:00,-1.798233,9.154007,289.804,101357.625,51.75,5.25
2025-02-21 17:00:00,-2.0700073,9.167267,288.7842,101316.15,51.75,5.25
2025-02-21 18:00:00,-1.876709,9.241821,287.9276,101352.625,51.75,5.25
2025-02-21 19:00:00,-1.2563477,9.189697,287.76437,101378.68,51.75,5.25
2025-02-21 20:00:00,-0.42713928,9.000275,287.55072,101378.2,51.75,5.25
2025-02-21 21:00:00,-0.7193146,8.693451,286.92935,101374.68,51.75,5.25
2025-02-21 22:00:00,-1.2937927,8.314911,286.08954,101319.23,51.75,5.25
2025-02-21 23:00:00,-0.49902344,8.115631,285.8158,101282.305,51.75,5.25
2025-02-22 00:00:00,-0.028717041,7.8740997,285.35138,101280.64,51.75,5.25
2025-02-22 01:00:00,-0.4139862,7.9344482,284.66443,101223.81,51.75,5.25
2025-02-22 02:00:00,-0.84724426,8.603912,284.32944,101189.78,51.75,5.25
2025-02-22 03:00:00,-0.7559204,8.51622,284.2517,101144.33,51.75,5.25
2025-02-22 04:00:00,-0.55926514,8.141205,284.37622,101114.09,51.75,5.25
2025-02-22 05:00:00,-0.17631531,8.785919,284.28946,101141.77,51.75,5.25
2025-02-22 06:00:00,0.27928162,9.177139,283.91388,101169.516,51.75,5.25
2025-02-22 07:00:00,0.4499359,9.247208,283.54398,101203.58,51.75,5.25
2025-02-22 08:00:00,1.0560608,9.046127,283.2634,101240.09,51.75,5.25
2025-02-22 09:00:00,1.8679047,8.545959,283.34296,101279.42,51.75,5.25
2025-02-22 10:00:00,1.8481445,7.785736,283.51526,101304.78,51.75,5.25
2025-02-22 11:00:00,1.7445526,7.306244,283.95697,101304.61,51.75,5.25
2025-02-22 12:00:00,0.97154236,7.151352,284.3774,101281.17,51.75,5.25
2025-02-22 13:00:00,2.3828888,8.869461,285.07983,101307.85,51.75,5.25
2025-02-22 14:00:00,3.8867493,8.268188,285.40204,101337.24,51.75,5.25
2025-02-22 15:00:00,5.8301544,6.390167,285.0124,101379.75,51.75,5.25
2025-02-22 16:00:00,6.5457153,3.6006775,284.46417,101461.945,51.75,5.25
2025-02-22 17:00:00,6.5350494,1.7964172,283.67404,101585.266,51.75,5.25
2025-02-22 18:00:00,6.617279,1.440155,283.16913,101721.195,51.75,5.25
2025-02-22 19:00:00,6.8549194,1.4937134,283.02573,101837.41,51.75,5.25
2025-02-22 20:00:00,7.018326,1.5695343,283.06476,101972.71,51.75,5.25
2025-02-22 21:00:00,6.7331085,1.7897034,282.79535,102080.42,51.75,5.25
2025-02-22 22:00:00,6.4852448,1.7450714,282.60284,102186.37,51.75,5.25
2025-02-22 23:00:00,6.2196198,2.649002,282.07507,102261.78,51.75,5.25
2025-02-23 00:00:00,5.900711,3.792328,282.14117,102336.36,51.75,5.25
2025-02-23 01:00:00,5.7229004,4.0449677,281.95502,102392.98,51.75,5.25
2025-02-23 02:00:00,5.7781525,4.048233,281.6311,102466.31,51.75,5.25
2025-02-23 03:00:00,5.5937805,4.00029,281.06165,102512.91,51.75,5.25
2025-02-23 04:00:00,4.763153,4.35672,280.78668,102540.16,51.75,5.25
2025-02-23 05:00:00,4.410309,4.7499237,280.32797,102586.9,51.75,5.25
2025-02-23 06:00:00,4.136261,4.8276367,280.12952,102601.8,51.75,5.25
2025-02-23 07:00:00,3.599823,5.024536,279.85614,102644.125,51.75,5.25
2025-02-23 08:00:00,4.424347,5.815216,280.493,102702.62,51.75,5.25
2025-02-23 09:00:00,4.375,5.8780365,281.52563,102732.56,51.75,5.25
2025-02-23 10:00:00,1.9844971,4.859741,282.2697,102758.08,51.75,5.25
2025-02-23 11:00:00,3.347046,5.6786194,283.97803,102745.11,51.75,5.25
2025-02-23 12:00:00,3.7778015,6.3769073,285.8296,102676.33,51.75,5.25
2025-02-23 13:00:00,4.013687,7.1454926,287.27747,102559.41,51.75,5.25
2025-02-23 14:00:00,3.2301483,7.5574646,287.87695,102495.875,51.75,5.25
2025-02-23 15:00:00,1.9177094,7.7507477,287.69928,102449.78,51.75,5.25
2025-02-23 16:00:00,1.2496948,8.125412,287.06628,102360.125,51.75,5.25
2025-02-23 17:00:00,1.5305786,8.539764,285.7325,102435.7,51.75,5.25
2025-02-23 18:00:00,1.435257,9.186066,284.8155,102389.83,51.75,5.25
2025-02-23 19:00:00,1.4364319,10.035339,284.54684,102346.96,51.75,5.25
2025-02-23 20:00:00,2.0854187,10.359238,284.68243,102339.43,51.75,5.25
2025-02-23 21:00:00,2.688919,10.621368,284.79266,102278.44,51.75,5.25
2025-02-23 22:00:00,3.3831024,10.500595,284.97784,102229.64,51.75,5.25
2025-02-23 23:00:00,4.210251,10.3675995,285.0944,102163.97,51.75,5.25
2025-02-24 00:00:00,4.69664,10.119888,285.06396,102108.75,51.75,5.25
2025-02-24 01:00:00,4.7617645,10.023468,285.07986,102066.375,51.75,5.25
2025-02-24 02:00:00,3.7835236,10.503098,285.12433,101967.34,51.75,5.25
2025-02-24 03:00:00,3.1739807,10.858536,285.11084,101859.04,51.75,5.25
2025-02-24 04:00:00,4.337448,10.322357,285.0741,101806.45,51.75,5.25
2025-02-24 05:00:00,4.207199,10.32991,285.00092,101745.88,51.75,5.25
2025-02-24 06:00:00,3.1927948,10.60054,284.60052,101663.55,51.75,5.25
2025-02-24 07:00:00,3.0568695,10.853256,284.1915,101648.77,51.75,5.25
2025-02-24 08:00:00,3.3836517,10.893005,283.95386,101626.43,51.75,5.25
2025-02-24 09:00:00,3.260666,10.979523,284.0013,101539.23,51.75,5.25
2025-02-24 10:00:00,3.8361206,10.630951,284.37238,101474.5,51.75,5.25
2025-02-24 11:00:00,4.440201,10.2892,284.8598,101453.92,51.75,5.25
2025-02-24 12:00:00,3.970398,9.935089,285.4753,101414.125,51.75,5.25
2025-02-24 13:00:00,5.5569305,9.864212,285.53064,101324.516,51.75,5.25
2025-02-24 14:00:00,6.2425995,9.333649,284.76117,101338.234,51.75,5.25
2025-02-24 15:00:00,6.2765656,8.725525,284.08978,101308.09,51.75,5.25
2025-02-24 16:00:00,6.9156647,7.4934998,283.78845,101312.62,51.75,5.25
2025-02-24 17:00:00,7.4410553,5.8545227,283.78577,101378.23,51.75,5.25
2025-02-24 18:00:00,7.2789764,4.83815,283.52975,101404.734,51.75,5.25
2025-02-24 19:00:00,7.125183,4.9834137,283.34503,101430.48,51.75,5.25
2025-02-24 20:00:00,6.7347717,5.184952,282.97595,101474.44,51.75,5.25
2025-02-24 21:00:00,6.410614,5.0471954,282.6695,101437.09,51.75,5.25
2025-02-24 22:00:00,6.2040405,5.270294,282.073,101468.984,51.75,5.25
2025-02-24 23:00:00,5.7333984,4.8530884,281.6594,101447.11,51.75,5.25
2025-02-25 00:00:00,5.350113,5.0471497,281.21228,101440.38,51.75,5.25
2025-02-25 01:00:00,5.3351593,5.275177,281.09644,101453.664,51.75,5.25
2025-02-25 02:00:00,5.4228973,4.846527,280.65753,101449.7,51.75,5.25
2025-02-25 03:00:00,5.0434113,4.8737946,280.34827,101443.06,51.75,5.25
2025-02-25 04:00:00,3.5121613,4.9782104,279.9352,101392.97,51.75,5.25
2025-02-25 05:00:00,1.6504822,5.1519623,279.457,101307.336,51.75,5.25
2025-02-25 06:00:00,2.1020966,7.3052216,279.31177,101332.984,51.75,5.25
2025-02-25 07:00:00,2.6510773,6.764801,279.6444,101388.51,51.75,5.25
2025-02-25 08:00:00,1.3996124,5.86499,280.4012,101363.086,51.75,5.25
2025-02-25 09:00:00,0.8069153,5.6482544,281.44904,101311.47,51.75,5.25
2025-02-25 10:00:00,1.6948547,3.593628,282.7254,101290.46,51.75,5.25
2025-02-25 11:00:00,1.4151764,3.0184631,283.61453,101310.41,51.75,5.25
2025-02-25 12:00:00,0.7797699,2.1786041,284.22144,101257.305,51.75,5.25
2025-02-25 13:00:00,0.14216614,1.3069,284.70416,101199.22,51.75,5.25
2025-02-25 14:00:00,-0.098220825,0.313797,284.71063,101172.09,51.75,5.25
2025-02-25 15:00:00,0.0015106201,-0.832901,284.59625,101147.85,51.75,5.25
2025-02-25 16:00:00,-0.027282715,-2.834671,284.05713,101141.73,51.75,5.25
2025-02-25 17:00:00,-0.7608795,-4.340271,283.29578,101172.625,51.75,5.25
2025-02-25 18:00:00,-0.98150635,-4.4670105,282.6806,101205.83,51.75,5.25
2025-02-25 19:00:00,-0.6126251,-4.616791,282.3522,101250.336,51.75,5.25
2025-02-25 20:00:00,-0.112594604,-4.9898376,281.85938,101274.7,51.75,5.25
2025-02-25 21:00:00,0.67863464,-5.4543457,281.4673,101328.91,51.75,5.25
2025-02-25 22:00:00,3.1786804,-5.9162903,281.18005,101335.695,51.75,5.25
2025-02-25 23:00:00,3.6900177,-6.314911,280.6806,101375.12,51.75,5.25
2025-02-26 00:00:00,3.746109,-5.694763,280.3633,101426.33,51.75,5.25
2025-02-26 01:00:00,3.9784546,-4.8074646,279.88953,101463.92,51.75,5.25
2025-02-26 02:00:00,4.457062,-4.103897,279.34613,101487.945,51.75,5.25
2025-02-26 03:00:00,4.453125,-3.2418518,279.11777,101491.766,51.75,5.25
2025-02-26 04:00:00,4.5806427,-2.3795776,278.38678,101507.15,51.75,5.25
2025-02-26 05:00:00,4.888565,-1.4686127,277.78973,101551.195,51.75,5.25
2025-02-26 06:00:00,5.256378,-0.7115326,277.3291,101577.766,51.75,5.25
2025-02-26 07:00:00,5.3344116,-0.07234192,276.9477,101624.484,51.75,5.25
2025-02-26 08:00:00,5.0883636,0.9201813,277.9377,101658.78,51.75,5.25
2025-02-26 09:00:00,3.9244995,1.6272888,279.7167,101688.03,51.75,5.25
2025-02-26 10:00:00,3.3851318,2.2138367,281.40512,101687.67,51.75,5.25
2025-02-26 11:00:00,3.4787598,3.2493744,282.61377,101670.72,51.75,5.25
2025-02-26 12:00:00,3.5346832,3.9680176,283.23724,101622.8,51.75,5.25
2025-02-26 13:00:00,3.544403,4.5023346,283.48267,101551.16,51.75,5.25
2025-02-26 14:00:00,4.0177765,5.6410675,283.37,101503.25,51.75,5.25
2025-02-26 15:00:00,4.401993,6.473007,283.04144,101465.03,51.75,5.25
2025-02-26 16:00:00,2.3896027,6.7074127,282.57654,101403.64,51.75,5.25
2025-02-26 17:00:00,1.688385,7.8113403,282.11508,101359.92,51.75,5.25
2025-02-26 18:00:00,0.8826752,9.078964,281.53424,101301.85,51.75,5.25
2025-02-26 19:00:00,0.6747589,10.038162,280.89496,101249.91,51.75,5.25
2025-02-26 20:00:00,0.16752625,10.75499,280.2434,101188.5,51.75,5.25
2025-02-26 21:00:00,0.62794495,11.527679,279.9989,101111.516,51.75,5.25
2025-02-26 22:00:00,2.7975311,8.530167,279.99524,101051.19,51.75,5.25
2025-02-26 23:00:00,7.5194244,4.382492,280.0838,101043.625,51.75,5.25
2025-02-27 00:00:00,8.034531,1.5086212,279.6715,101113.05,51.75,5.25
2025-02-27 01:00:00,7.7139587,2.4292145,279.1973,101159.03,51.75,5.25
2025-02-27 02:00:00,7.6131287,2.9852753,278.77692,101166.75,51.75,5.25
2025-02-27 03:00:00,6.694748,3.0347595,278.1115,101169.89,51.75,5.25
2025-02-27 04:00:00,5.7221527,3.9294891,277.85892,101203.03,51.75,5.25
2025-02-27 05:00:00,5.7728424,4.4489136,277.97406,101250.44,51.75,5.25
2025-02-27 06:00:00,6.2381287,4.221115,278.07806,101272.234,51.75,5.25
2025-02-27 07:00:00,6.217087,3.7811737,278.07245,101332.734,51.75,5.25
2025-02-27 08:00:00,6.1655884,3.6136017,278.49353,101381.63,51.75,5.25
2025-02-27 09:00:00,6.356491,3.3018646,279.33228,101428.81,51.75,5.25
2025-02-27 10:00:00,5.8935394,3.5219421,280.1346,101473.34,51.75,5.25
2025-02-27 11:00:00,5.217346,3.285736,280.6907,101498.1,51.75,5.25
2025-02-27 12:00:00,5.2938385,2.7396393,280.56573,101495.45,51.75,5.25
2025-02-27 13:00:00,5.4387665,2.2743378,280.30267,101513.055,51.75,5.25
2025-02-27 14:00:00,5.791519,2.572876,279.9864,101480.83,51.75,5.25
2025-02-27 15:00:00,6.915039,1.9665527,279.96167,101499.78,51.75,5.25
2025-02-27 16:00:00,6.598709,1.5808105,279.5583,101514.81,51.75,5.25
2025-02-27 17:00:00,6.3414917,0.76356506,278.98672,101540.14,51.75,5.25
2025-02-27 18:00:00,5.560623,-0.26182556,278.88977,101586.64,51.75,5.25
2025-02-27 19:00:00,4.9130554,-2.1248322,279.02765,101665.22,51.75,5.25
2025-02-27 20:00:00,4.383713,-3.8399963,278.62738,101730.695,51.75,5.25
2025-02-27 21:00:00,3.7671509,-4.7164154,278.43646,101798.34,51.75,5.25
2025-02-27 22:00:00,1.8109436,-6.852936,277.8371,101865.89,51.75,5.25
2025-02-27 23:00:00,2.363678,-6.023239,277.63715,101939.74,51.75,5.25
2025-02-28 00:00:00,2.9283295,-5.7233734,277.3549,102009.58,51.75,5.25
2025-02-28 01:00:00,3.0246582,-5.5695953,277.40488,102079.695,51.75,5.25
2025-02-28 02:00:00,3.2688599,-5.809082,277.23032,102123.44,51.75,5.25
2025-02-28 03:00:00,2.995697,-5.9869537,277.34293,102165.08,51.75,5.25
2025-02-28 04:00:00,2.3872528,-6.339096,277.67337,102213.78,51.75,5.25
2025-02-28 05:00:00,1.5202179,-6.383026,277.95264,102281.88,51.75,5.25
2025-02-28 06:00:00,1.0669861,-6.260437,278.10162,102326.67,51.75,5.25
2025-02-28 07:00:00,0.95558167,-6.25914,278.01233,102391.81,51.75,5.25
2025-02-28 08:00:00,0.22575378,-6.366791,278.32266,102478.086,51.75,5.25
2025-02-28 09:00:00,-1.5791779,-6.7424316,278.79645,102533.09,51.75,5.25
2025-02-28 10:00:00,-1.0680695,-6.1979065,279.33258,102595.38,51.75,5.25
2025-02-28 11:00:00,-0.730011,-6.197815,279.83337,102640.95,51.75,5.25
2025-02-28 12:00:00,-0.048034668,-5.3296967,280.51407,102637.2,51.75,5.25
2025-02-28 13:00:00,0.20732117,-5.098465,280.90137,102633.35,51.75,5.25
2025-02-28 14:00:00,-0.11402893,-5.146942,281.04956,102626.09,51.75,5.25
2025-02-28 15:00:00,-0.8593445,-6.0243835,280.7334,102634.46,51.75,5.25
2025-02-28 16:00:00,-1.1334686,-5.7714844,280.13248,102662.836,51.75,5.25
2025-02-28 17:00:00,-1.0474854,-5.630127,279.16315,102729.72,51.75,5.25
2025-02-28 18:00:00,-1.0683594,-5.8558197,277.95746,102767.58,51.75,5.25
2025-02-28 19:00:00,-1.2796173,-5.8451996,277.10736,102828.42,51.75,5.25
2025-02-28 20:00:00,-1.2070923,-5.6203156,276.32092,102851.734,51.75,5.25
2025-02-28 21:00:00,-1.4132233,-5.501175,275.60992,102878.22,51.75,5.25
2025-02-28 22:00:00,-1.4556885,-5.5294952,274.88626,102928.7,51.75,5.25
2025-02-28 23:00:00,-1.3385162,-5.386032,274.34375,102935.22,51.75,5.25
2025-03-01 00:00:00,-1.2862091,-5.0189056,274.18573,102957.39,51.75,5.25
2025-03-01 01:00:00,-1.2071533,-4.8703156,274.0218,102977.375,51.75,5.25
2025-03-01 02:00:00,-0.85028076,-4.8428955,274.2383,102980.41,51.75,5.25
2025-03-01 03:00:00,-0.535553,-4.7527466,274.53162,103018.766,51.75,5.25
2025-03-01 04:00:00,-0.9430084,-4.5791473,274.7509,103032.83,51.75,5.25
2025-03-01 05:00:00,-1.7264404,-3.9753113,275.16193,103067.45,51.75,5.25
2025-03-01 06:00:00,-2.0455933,-3.1583862,275.69507,103091.22,51.75,5.25
2025-03-01 07:00:00,-1.6865082,-2.9353638,275.75806,103157.64,51.75,5.25
2025-03-01 08:00:00,-1.7248383,-3.1994781,276.22095,103262.39,51.75,5.25
2025-03-01 09:00:00,-1.7080231,-3.464264,276.61475,103331.28,51.75,5.25
2025-03-01 10:00:00,-1.8824158,-3.323059,277.1358,103387.25,51.75,5.25
2025-03-01 11:00:00,-1.8681183,-3.0439606,277.72565,103414.516,51.75,5.25
2025-03-01 12:00:00,-2.0187073,-2.7948914,278.20496,103424.93,51.75,5.25
2025-03-01 13:00:00,-2.0572815,-2.7872314,278.48138,103400.516,51.75,5.25
2025-03-01 14:00:00,-2.2162476,-2.9779053,278.83374,103401.31,51.75,5.25
2025-03-01 15:00:00,-2.588379,-2.6660156,278.94238,103385.664,51.75,5.25
2025-03-01 16:00:00,-2.898941,-1.6061859,278.89282,103388.875,51.75,5.25
2025-03-01 17:00:00,-3.0689392,-0.54286194,278.24445,103428.375,51.75,5.25
2025-03-01 18:00:00,-3.0573578,0.17030334,276.58838,103470.83,51.75,5.25
2025-03-01 19:00:00,-2.998993,0.5713806,276.16928,103515.61,51.75,5.25
2025-03-01 20:00:00,-2.8396606,0.98239136,275.62234,103512.56,51.75,5.25
2025-03-01 21:00:00,-2.2587738,0.59217834,274.75763,103540.375,51.75,5.25
2025-03-01 22:00:00,-0.5883026,0.1721344,274.28906,103583.055,51.75,5.25
2025-03-01 23:00:00,0.198349,-1.0203857,273.75882,103590.3,51.75,5.25
2025-03-02 00:00:00,0.20698547,-1.4765015,273.43872,103630.625,51.75,5.25
2025-03-02 01:00:00,0.07019043,-0.66767883,273.01025,103590.87,51.75,5.25
2025-03-02 02:00:00,0.004470825,0.3092041,272.758,103561.42,51.75,5.25
2025-03-02 03:00:00,-0.055664062,-0.5312958,272.4549,103549.32,51.75,5.25
2025-03-02 04:00:00,-0.33215332,-2.0618286,271.4776,103584.3,51.75,5.25
2025-03-02 05:00:00,-0.53234863,-1.7732391,271.92218,103563.984,51.75,5.25
2025-03-02 06:00:00,-0.5386963,-2.0315552,271.71335,103566.875,51.75,5.25
2025-03-02 07:00:00,-0.67019653,-2.1174927,271.5718,103600.76,51.75,5.25
2025-03-02 08:00:00,-0.7630005,-1.2361908,272.75714,103620.98,51.75,5.25
2025-03-02 09:00:00,-0.6703949,-0.29907227,275.43744,103612.55,51.75,5.25
2025-03-02 10:00:00,-0.9154053,-0.24772644,276.54382,103582.8,51.75,5.25
2025-03-02 11:00:00,-0.6682434,-0.0398407,278.61496,103538.41,51.75,5.25
2025-03-02 12:00:00,-1.0038147,0.18278503,280.24173,103483.3,51.75,5.25
2025-03-02 13:00:00,-1.2007599,0.025848389,281.03638,103414.67,51.75,5.25
2025-03-02 14:00:00,-1.27771,-0.6489868,281.56393,103369.984,51.75,5.25
2025-03-02 15:00:00,-1.4098511,-1.1819305,281.74207,103308.28,51.75,5.25
2025-03-02 16:00:00,-1.7012329,-1.3590393,281.3851,103255.92,51.75,5.25
2025-03-02 17:00:00,-2.6007385,-1.6156769,279.45532,103240.82,51.75,5.25
2025-03-02 18:00:00,-3.2168884,-1.0903015,276.80844,103233.3,51.75,5.25
2025-03-02 19:00:00,-3.3679352,-0.34909058,275.27777,103223.67,51.75,5.25
2025-03-02 20:00:00,-3.9337463,-0.16117859,274.36075,103227.72,51.75,5.25
2025-03-02 21:00:00,-4.444031,0.4471588,273.43628,103210.09,51.75,5.25
2025-03-02 22:00:00,-3.6406555,1.1944885,273.107,103167.336,51.75,5.25
2025-03-02 23:00:00,-2.6270752,1.7728424,272.98132,103117.266,51.75,5.25
2025-03-03 00:00:00,-1.4182892,1.6912079,272.8276,103065.0,51.75,5.25
2025-03-03 01:00:00,-0.56388855,0.83836365,272.3359,103048.53,51.75,5.25
2025-03-03 02:00:00,-0.4657898,0.0019226074,271.51428,103034.86,51.75,5.25
2025-03-03 03:00:00,-0.64945984,-0.18235779,270.7187,103020.164,51.75,5.25
2025-03-03 04:00:00,-1.2206116,0.6250763,269.9958,102991.55,51.75,5.25
2025-03-03 05:00:00,-1.5371246,2.3392792,270.28882,102964.69,51.75,5.25
2025-03-03 06:00:00,-0.8497925,2.6051636,270.6132,102977.39,51.75,5.25
2025-03-03 07:00:00,-0.05593872,1.7840729,271.12872,102998.734,51.75,5.25
2025-03-03 08:00:00,0.16915894,1.0938263,273.0658,103045.28,51.75,5.25
2025-03-03 09:00:00,0.21775818,0.46865845,276.04095,103059.86,51.75,5.25
2025-03-03 10:00:00,-0.29109192,0.5702362,278.05835,103038.31,51.75,5.25
2025-03-03 11:00:00,0.10424805,0.35691833,280.19806,103042.61,51.75,5.25
2025-03-03 12:00:00,0.14431763,0.05670166,281.6128,103000.53,51.75,5.25
2025-03-03 13:00:00,0.11282349,-0.18881226,282.5686,102924.56,51.75,5.25
2025-03-03 14:00:00,0.25683594,-0.43762207,283.17395,102880.69,51.75,5.25
2025-03-03 15:00:00,0.29714966,-0.5660553,283.36102,102824.2,51.75,5.25
2025-03-03 16:00:00,0.08947754,-1.0492249,283.15457,102786.49,51.75,5.25
2025-03-03 17:00:00,-0.43721008,-1.7114258,280.49335,102796.09,51.75,5.25
2025-03-03 18:00:00,-0.86616516,-1.4008789,279.12164,102812.14,51.75,5.25
2025-03-03 19:00:00,-0.9390869,-1.3149414,277.54688,102827.04,51.75,5.25
2025-03-03 20:00:00,-0.7446594,-1.7186737,276.78833,102844.05,51.75,5.25
2025-03-03 21:00:00,-0.7587738,-2.2698822,273.63406,102843.56,51.75,5.25
2025-03-03 22:00:00,-0.74557495,-1.7181854,272.6131,102793.016,51.75,5.25
2025-03-03 23:00:00,-0.7413788,-2.0012817,272.66522,102788.09,51.75,5.25
2025-03-04 00:00:00,-0.56185913,-1.7002411,272.3656,102790.34,51.75,5.25
2025-03-04 01:00:00,-0.3375244,-1.1620636,271.6853,102751.484,51.75,5.25
2025-03-04 02:00:00,-0.27659607,-1.0098572,271.78928,102738.97,51.75,5.25
2025-03-04 03:00:00,-0.181427,-0.57940674,271.45938,102716.41,51.75,5.25
2025-03-04 04:00:00,0.01461792,-0.07572937,270.70337,102730.26,51.75,5.25
2025-03-04 05:00:00,0.13581848,0.21177673,270.14954,102729.75,51.75,5.25
2025-03-04 06:00:00,0.062042236,0.3095703,270.20132,102730.54,51.75,5.25
2025-03-04 07:00:00,-0.22024536,1.1044922,270.23523,102722.83,51.75,5.25
2025-03-04 08:00:00,-0.35217285,2.0910797,272.00708,102719.46,51.75,5.25
2025-03-04 09:00:00,-0.32206726,2.0701141,275.56485,102705.61,51.75,5.25
2025-03-04 10:00:00,-0.33424377,0.9231415,278.13757,102697.16,51.75,5.25
2025-03-04 11:00:00,0.26805115,-0.3662262,280.37042,102735.85,51.75,5.25
2025-03-04 12:00:00,0.45950317,-0.36694336,282.1779,102716.375,51.75,5.25
2025-03-04 13:00:00,0.73765564,0.050491333,283.44104,102667.94,51.75,5.25
2025-03-04 14:00:00,0.695343,0.31245422,284.25122,102616.2,51.75,5.25
2025-03-04 15:00:00,0.3329773,0.28982544,284.6959,102557.586,51.75,5.25
2025-03-04 16:00:00,-0.53816223,0.32511902,284.3335,102535.05,51.75,5.25
2025-03-04 17:00:00,-1.5525513,2.234314,282.30612,102463.22,51.75,5.25
2025-03-04 18:00:00,-1.5921783,4.3542633,278.6673,102429.5,51.75,5.25
2025-03-04 19:00:00,-0.7740021,5.4956512,279.13373,102440.16,51.75,5.25
2025-03-04 20:00:00,0.2619171,6.7875366,276.30258,102413.54,51.75,5.25
2025-03-04 21:00:00,1.697113,6.041565,273.86774,102401.47,51.75,5.25
2025-03-04 22:00:00,3.4284363,2.855072,274.38388,102465.266,51.75,5.25
2025-03-04 23:00:00,4.7257843,0.15536499,273.32715,102491.97,51.75,5.25
2025-03-05 00:00:00,4.6057434,-0.33868408,273.56848,102516.47,51.75,5.25
2025-03-05 01:00:00,4.0527954,0.20109558,272.63177,102488.484,51.75,5.25
2025-03-05 02:00:00,3.5112915,1.8401337,272.3954,102411.664,51.75,5.25
2025-03-05 03:00:00,3.1863708,3.5978851,272.61102,102351.19,51.75,5.25
2025-03-05 04:00:00,3.3084412,4.069992,272.76434,102382.86,51.75,5.25
2025-03-05 05:00:00,3.669403,4.6305847,272.57434,102365.36,51.75,5.25
2025-03-05 06:00:00,3.633545,5.781372,273.24683,102381.625,51.75,5.25
2025-03-05 07:00:00,3.7181854,6.3163757,273.94592,102380.66,51.75,5.25
2025-03-05 08:00:00,3.4327393,5.66391,277.13092,102409.5,51.75,5.25
2025-03-05 09:00:00,2.8504639,4.8477173,280.50177,102410.92,51.75,5.25
2025-03-05 10:00:00,1.384964,3.238144,283.3249,102429.55,51.75,5.25
2025-03-05 11:00:00,1.4482117,3.0886993,285.60736,102398.555,51.75,5.25
2025-03-05 12:00:00,1.7989197,3.2632446,287.00143,102363.09,51.75,5.25
2025-03-05 13:00:00,2.1244354,3.2172852,287.71255,102276.66,51.75,5.25
2025-03-05 14:00:00,2.0084534,3.1105194,288.29858,102229.52,51.75,5.25
2025-03-05 15:00:00,1.7192993,3.1766052,288.33252,102173.67,51.75,5.25
2025-03-05 16:00:00,1.2901764,3.4998016,287.8117,102154.125,51.75,5.25
2025-03-05 17:00:00,1.087616,4.2727966,285.01196,102139.59,51.75,5.25
2025-03-05 18:00:00,1.2139282,4.7274475,281.43134,102119.8,51.75,5.25
2025-03-05 19:00:00,1.781311,4.565796,279.15045,102122.36,51.75,5.25
2025-03-05 20:00:00,2.3600922,4.1231537,277.4245,102116.92,51.75,5.25
2025-03-05 21:00:00,2.5683289,3.9803772,276.39304,102107.414,51.75,5.25
2025-03-05 22:00:00,2.1081696,3.362091,275.94122,102092.26,51.75,5.25
2025-03-05 23:00:00,2.3059082,3.6124878,275.6742,102056.2,51.75,5.25
2025-03-06 00:00:00,2.3408966,4.4608154,275.81555,102028.05,51.75,5.25
2025-03-06 01:00:00,2.4008179,5.4695587,275.83066,101997.06,51.75,5.25
2025-03-06 02:00:00,2.7059937,5.906357,275.86163,101948.37,51.75,5.25
2025-03-06 03:00:00,2.9111176,6.0264435,275.75586,101898.53,51.75,5.25
2025-03-06 04:00:00,2.7261658,6.2045593,275.4994,101872.16,51.75,5.25
2025-03-06 05:00:00,2.1733398,6.6018524,275.49512,101854.72,51.75,5.25
2025-03-06 06:00:00,1.8775635,6.9406586,275.52753,101803.7,51.75,5.25
2025-03-06 07:00:00,1.8177338,7.0368958,276.53296,101810.48,51.75,5.25
2025-03-06 08:00:00,1.7905121,6.697998,279.6518,101815.55,51.75,5.25
2025-03-06 09:00:00,1.9224548,5.905899,282.61206,101827.31,51.75,5.25
2025-03-06 10:00:00,1.1136627,4.347107,285.09848,101806.66,51.75,5.25
2025-03-06 11:00:00,1.1072998,4.348419,287.18323,101767.76,51.75,5.25
2025-03-06 12:00:00,1.1038513,4.6083374,288.4832,101734.75,51.75,5.25
2025-03-06 13:00:00,1.0897217,4.829651,289.54846,101680.984,51.75,5.25
2025-03-06 14:00:00,0.7668457,4.9250336,290.0218,101635.44,51.75,5.25
2025-03-06 15:00:00,0.07795715,5.1213837,290.29886,101592.555,51.75,5.25
2025-03-06 16:00:00,-0.20861816,5.701477,289.8759,101569.266,51.75,5.25
2025-03-06 17:00:00,-0.24134827,6.627777,288.03427,101564.51,51.75,5.25
2025-03-06 18:00:00,-0.21875,7.412094,284.83615,101569.05,51.75,5.25
2025-03-06 19:00:00,-0.21466064,7.881668,282.745,101580.66,51.75,5.25
2025-03-06 20:00:00,0.11260986,8.197205,281.79944,101604.53,51.75,5.25
2025-03-06 21:00:00,0.5553131,8.429337,281.01453,101606.2,51.75,5.25
2025-03-06 22:00:00,1.1725922,7.869705,280.74506,101600.33,51.75,5.25
2025-03-06 23:00:00,2.2950745,7.618103,280.6581,101593.67,51.75,5.25
2025-03-07 00:00:00,2.8710632,7.2527313,280.49194,101616.19,51.75,5.25
2025-03-07 01:00:00,2.7831116,7.073654,280.16135,101608.95,51.75,5.25
2025-03-07 02:00:00,2.5901184,6.802292,279.76807,101591.16,51.75,5.25
2025-03-07 03:00:00,2.1525574,6.8367157,279.46765,101575.41,51.75,5.25
2025-03-07 04:00:00,1.694519,7.106949,279.13177,101580.445,51.75,5.25
2025-03-07 05:00:00,1.427002,7.1175385,279.03882,101617.31,51.75,5.25
2025-03-07 06:00:00,1.269928,6.9207306,278.67783,101615.54,51.75,5.25
2025-03-07 07:00:00,0.83029175,6.565628,279.47314,101659.375,51.75,5.25
2025-03-07 08:00:00,0.17098999,6.2197113,282.14667,101679.61,51.75,5.25
2025-03-07 09:00:00,-0.31895447,5.2009583,284.42023,101695.92,51.75,5.25
2025-03-07 10:00:00,-0.7352295,4.094925,286.49396,101701.95,51.75,5.25
2025-03-07 11:00:00,-0.6167908,4.3318024,287.95972,101683.79,51.75,5.25
2025-03-07 12:00:00,-0.35960388,4.389145,289.39218,101633.67,51.75,5.25
2025-03-07 13:00:00,-0.07728577,4.188385,290.26013,101576.28,51.75,5.25
2025-03-07 14:00:00,-0.07676697,3.9416046,290.79352,101547.88,51.75,5.25
2025-03-07 15:00:00,-0.34194946,3.658432,290.8827,101508.58,51.75,5.25
2025-03-07 16:00:00,-0.9660187,3.301468,290.47003,101485.4,51.75,5.25
2025-03-07 17:00:00,-1.8440552,3.4519196,288.5368,101498.03,51.75,5.25
2025-03-07 18:00:00,-2.6472778,4.096054,285.10925,101514.51,51.75,5.25
2025-03-07 19:00:00,-3.1435852,4.8599396,283.13025,101520.875,51.75,5.25
2025-03-07 20:00:00,-3.234787,5.4310303,281.80154,101534.55,51.75,5.25
2025-03-07 21:00:00,-2.9958801,5.8170013,280.73532,101547.95,51.75,5.25
2025-03-07 22:00:00,-3.1165924,5.2192383,279.776,101543.67,51.75,5.25
2025-03-07 23:00:00,-3.0211334,5.081604,279.2202,101530.37,51.75,5.25
2025-03-08 00:00:00,-2.8677826,5.1355286,278.2622,101509.31,51.75,5.25
2025-03-08 01:00:00,-2.4716034,4.794342,277.82297,101508.984,51.75,5.25
2025-03-08 02:00:00,-2.706833,4.091522,277.4267,101474.57,51.75,5.25
2025-03-08 03:00:00,-3.7803497,3.8595734,277.13754,101458.55,51.75,5.25
2025-03-08 04:00:00,-4.8311157,3.8731232,276.85675,101438.67,51.75,5.25
2025-03-08 05:00:00,-5.426758,3.9062653,277.08624,101417.98,51.75,5.25
2025-03-08 06:00:00,-5.498398,3.8771667,277.05316,101385.43,51.75,5.25
2025-03-08 07:00:00,-5.4002686,4.04541,277.85034,101387.625,51.75,5.25
2025-03-08 08:00:00,-4.843872,3.8507996,281.33282,101408.914,51.75,5.25
2025-03-08 09:00:00,-4.01445,3.0519562,284.289,101400.77,51.75,5.25
2025-03-08 10:00:00,-3.6548615,1.4482727,286.64655,101374.75,51.75,5.25
2025-03-08 11:00:00,-3.5592499,0.842041,288.71988,101332.31,51.75,5.25
2025-03-08 12:00:00,-3.8160553,0.48320007,290.13495,101245.21,51.75,5.25
2025-03-08 13:00:00,-4.227478,0.113082886,291.12988,101154.734,51.75,5.25
2025-03-08 14:00:00,-4.911789,-0.12281799,291.57156,101069.97,51.75,5.25
2025-03-08 15:00:00,-5.3703156,-0.0335083,291.39648,100994.875,51.75,5.25
2025-03-08 16:00:00,-6.011154,0.31983948,290.72516,100962.17,51.75,5.25
2025-03-08 17:00:00,-6.9683533,0.7460022,288.94742,100960.8,51.75,5.25
2025-03-08 18:00:00,-7.587982,1.0111389,286.1753,100930.125,51.75,5.25
2025-03-08 19:00:00,-7.550598,1.394516,284.47955,100922.0,51.75,5.25
2025-03-08 20:00:00,-7.0451965,1.9419861,283.56207,100939.61,51.75,5.25
2025-03-08 21:00:00,-6.7976685,2.145401,282.61795,100937.984,51.75,5.25
2025-03-08 22:00:00,-6.326874,2.3287048,281.63953,100895.69,51.75,5.25
2025-03-08 23:00:00,-6.1988373,2.4536743,280.86682,100875.14,51.75,5.25
2025-03-09 00:00:00,-6.17688,2.5035858,280.16144,100851.39,51.75,5.25
2025-03-09 01:00:00,-5.9100647,2.7806854,279.61432,100821.17,51.75,5.25
2025-03-09 02:00:00,-5.8392334,2.9672241,278.84076,100785.31,51.75,5.25
2025-03-09 03:00:00,-5.910492,2.8069305,278.42932,100763.28,51.75,5.25
2025-03-09 04:00:00,-6.0218506,2.4147186,277.929,100698.4,51.75,5.25
2025-03-09 05:00:00,-6.2568207,2.114685,277.51868,100679.17,51.75,5.25
2025-03-09 06:00:00,-6.0707703,2.3356628,277.01965,100661.15,51.75,5.25
2025-03-09 07:00:00,-5.9833527,2.2296143,277.7205,100681.41,51.75,5.25
2025-03-09 08:00:00,-5.7905273,1.491333,281.19965,100671.55,51.75,5.25
2025-03-09 09:00:00,-4.461609,0.92318726,283.75385,100661.375,51.75,5.25
2025-03-09 10:00:00,-3.5565643,0.35136414,286.11768,100644.42,51.75,5.25
2025-03-09 11:00:00,-3.2848816,-0.044799805,288.09418,100586.55,51.75,5.25
2025-03-09 12:00:00,-3.1974182,-0.24597168,289.6055,100525.25,51.75,5.25
2025-03-09 13:00:00,-3.3718567,-0.37408447,290.46988,100462.445,51.75,5.25
2025-03-09 14:00:00,-3.847351,-0.6508026,290.96338,100389.66,51.75,5.25
2025-03-09 15:00:00,-4.061493,-0.8231659,290.90106,100337.734,51.75,5.25
2025-03-09 16:00:00,-4.4817963,-0.9520874,290.13446,100310.08,51.75,5.25
2025-03-09 17:00:00,-5.5760803,-1.3569336,288.3628,100305.83,51.75,5.25
2025-03-09 18:00:00,-6.5676575,-1.4631958,285.5395,100265.81,51.75,5.25
2025-03-09 19:00:00,-6.8325195,-1.1882782,283.66705,100254.484,51.75,5.25
2025-03-09 20:00:00,-6.656967,-1.0039368,282.60974,100252.22,51.75,5.25
2025-03-09 21:00:00,-6.1710205,-0.81559753,281.41495,100265.75,51.75,5.25
2025-03-09 22:00:00,-5.481827,-0.9739227,280.49722,100272.836,51.75,5.25
2025-03-09 23:00:00,-5.6179657,-1.410675,279.35425,100237.33,51.75,5.25
2025-03-10 00:00:00,-5.6835785,-1.9166107,279.0263,100184.69,51.75,5.25
2025-03-10 01:00:00,-5.196335,-1.2503357,278.70444,100177.14,51.75,5.25
2025-03-10 02:00:00,-4.695648,-0.6643219,278.0898,100152.43,51.75,5.25
2025-03-10 03:00:00,-4.357544,-0.998703,277.32904,100102.055,51.75,5.25
2025-03-10 04:00:00,-4.2298737,-1.4358673,276.8876,100061.89,51.75,5.25
2025-03-10 05:00:00,-4.7078094,-2.2981873,276.2964,100060.375,51.75,5.25
2025-03-10 06:00:00,-5.0173187,-3.1128998,276.0771,100052.516,51.75,5.25
2025-03-10 07:00:00,-4.709854,-2.869461,276.58362,100118.33,51.75,5.25
2025-03-10 08:00:00,-3.9231567,-2.558319,280.22684,100157.16,51.75,5.25
2025-03-10 09:00:00,-2.905655,-2.276245,283.17264,100169.97,51.75,5.25
2025-03-10 10:00:00,-2.6027374,-2.2184906,285.26642,100174.945,51.75,5.25
2025-03-10 11:00:00,-2.6756287,-1.9227448,287.3307,100174.66,51.75,5.25
2025-03-10 12:00:00,-2.7930756,-1.815628,288.727,100170.21,51.75,5.25
2025-03-10 13:00:00,-2.4932556,-2.189911,289.5646,100127.34,51.75,5.25
2025-03-10 14:00:00,-2.1233063,-2.7211456,289.77502,100110.72,51.75,5.25
2025-03-10 15:00:00,-1.8458252,-2.833023,289.61642,100134.55,51.75,5.25
2025-03-10 16:00:00,-1.6792297,-3.3173676,288.7519,100136.38,51.75,5.25
2025-03-10 17:00:00,-1.8699493,-4.6299744,286.9171,100160.484,51.75,5.25
2025-03-10 18:00:00,-2.0736084,-6.034683,283.9344,100219.87,51.75,5.25
2025-03-10 19:00:00,-2.1517792,-6.6024933,282.33347,100286.05,51.75,5.25
2025-03-10 20:00:00,-2.4907837,-6.573242,281.2743,100302.14,51.75,5.25
2025-03-10 21:00:00,-2.7049408,-6.2070007,280.38547,100308.44,51.75,5.25
2025-03-10 22:00:00,-2.764557,-5.9967957,279.23798,100326.53,51.75,5.25
2025-03-10 23:00:00,-2.008438,-5.1631165,277.85345,100340.25,51.75,5.25
2025-03-11 00:00:00,-1.6299591,-4.211731,276.7563,100359.66,51.75,5.25
2025-03-11 01:00:00,-1.1589813,-4.484726,276.48593,100368.516,51.75,5.25
2025-03-11 02:00:00,-0.6486206,-5.7463684,276.85687,100336.34,51.75,5.25
2025-03-11 03:00:00,-0.606308,-6.277191,276.80066,100299.016,51.75,5.25
2025-03-11 04:00:00,-0.32278442,-5.9945526,276.9803,100287.734,51.75,5.25
2025-03-11 05:00:00,0.10935974,-6.229889,277.34485,100310.734,51.75,5.25
2025-03-11 06:00:00,0.55506897,-6.670105,277.49274,100321.95,51.75,5.25
2025-03-11 07:00:00,0.27182007,-6.8535767,278.11548,100347.375,51.75,5.25
2025-03-11 08:00:00,0.010253906,-6.290024,278.7635,100369.555,51.75,5.25
2025-03-11 09:00:00,0.17993164,-5.984436,279.1119,100381.19,51.75,5.25
2025-03-11 10:00:00,1.291275,-4.864319,279.83505,100405.27,51.75,5.25
2025-03-11 11:00:00,2.3008423,-4.801178,280.24487,100394.03,51.75,5.25
2025-03-11 12:00:00,3.1559906,-4.959076,280.5415,100383.5,51.75,5.25
2025-03-11 13:00:00,3.3828583,-4.908066,280.6276,100349.3,51.75,5.25
2025-03-11 14:00:00,3.156189,-4.5346985,280.5454,100317.05,51.75,5.25
2025-03-11 15:00:00,3.123352,-4.2592316,280.58167,100292.914,51.75,5.25
2025-03-11 16:00:00,3.2932281,-4.5603943,280.421,100269.48,51.75,5.25
2025-03-11 17:00:00,3.5613556,-4.873703,279.46448,100300.34,51.75,5.25
2025-03-11 18:00:00,3.5697327,-4.9134827,278.48047,100304.58,51.75,5.25
2025-03-11 19:00:00,3.4893494,-4.654709,277.27374,100312.35,51.75,5.25
2025-03-11 20:00:00,3.6192322,-3.6815796,276.3349,100302.11,51.75,5.25
2025-03-11 21:00:00,4.1335754,-2.8386688,275.68262,100304.92,51.75,5.25
2025-03-11 22:00:00,4.497864,-3.2102814,275.11957,100283.29,51.75,5.25
2025-03-11 23:00:00,4.4240875,-2.858902,274.90332,100251.08,51.75,5.25
2025-03-12 00:00:00,4.5280457,-2.1913605,274.4901,100243.44,51.75,5.25
2025-03-12 01:00:00,4.7136383,-1.9166718,274.6515,100192.61,51.75,5.25
2025-03-12 02:00:00,4.886612,-1.8674469,274.42194,100138.98,51.75,5.25
2025-03-12 03:00:00,4.852249,-1.5360413,274.41064,100111.36,51.75,5.25
2025-03-12 04:00:00,4.807068,-1.1847382,274.75418,100095.984,51.75,5.25
2025-03-12 05:00:00,4.902481,-0.83428955,274.927,100085.64,51.75,5.25
2025-03-12 06:00:00,5.045212,-0.58036804,274.92844,100083.734,51.75,5.25
2025-03-12 07:00:00,4.8495636,-0.14950562,275.49002,100094.29,51.75,5.25
2025-03-12 08:00:00,3.867096,0.4822235,277.37863,100090.58,51.75,5.25
2025-03-12 09:00:00,4.244934,-0.33088684,278.6839,100051.94,51.75,5.25
2025-03-12 10:00:00,4.6496124,-0.6109009,279.64066,100052.83,51.75,5.25
2025-03-12 11:00:00,4.5762787,-0.9178467,280.54092,100038.734,51.75,5.25
2025-03-12 12:00:00,4.1460724,-0.98080444,280.84253,100023.41,51.75,5.25
2025-03-12 13:00:00,3.9714966,-1.2867279,280.56183,99982.7,51.75,5.25
2025-03-12 14:00:00,3.8694305,-1.7481079,280.59863,99973.0,51.75,5.25
2025-03-12 15:00:00,3.9628296,-3.1074524,279.71466,99942.22,51.75,5.25
2025-03-12 16:00:00,3.2720337,-3.0728302,279.79346,99971.89,51.75,5.25
2025-03-12 17:00:00,2.7958221,-3.2740784,279.18097,99982.99,51.75,5.25
2025-03-12 18:00:00,2.451294,-3.2865143,277.44946,99994.0,51.75,5.25
2025-03-12 19:00:00,2.3698883,-3.1154327,276.26895,100017.41,51.75,5.25
2025-03-12 20:00:00,2.401764,-2.6097717,275.16302,99993.516,51.75,5.25
2025-03-12 21:00:00,2.5556335,-2.6105957,274.53613,99996.375,51.75,5.25
2025-03-12 22:00:00,3.111679,-2.4974823,273.95508,99975.945,51.75,5.25
2025-03-12 23:00:00,3.0682526,-2.024231,273.53577,99976.234,51.75,5.25
2025-03-13 00:00:00,2.9357452,-1.9793854,273.17917,99942.766,51.75,5.25
2025-03-13 01:00:00,2.6998444,-2.2750397,273.22534,99931.375,51.75,5.25
2025-03-13 02:00:00,2.4215088,-2.7450562,273.46042,99877.22,51.75,5.25
2025-03-13 03:00:00,2.1020203,-3.5350647,273.03186,99864.34,51.75,5.25
2025-03-13 04:00:00,1.4592133,-3.9893494,272.46088,99831.734,51.75,5.25
2025-03-13 05:00:00,0.7548981,-3.7717438,272.12698,99852.664,51.75,5.25
2025-03-13 06:00:00,0.25169373,-3.0832672,272.53345,99862.1,51.75,5.25
2025-03-13 07:00:00,0.19361877,-2.841507,273.41608,99897.17,51.75,5.25
2025-03-13 08:00:00,0.5429535,-2.5772552,276.01132,99918.0,51.75,5.25
2025-03-13 09:00:00,0.26016235,-2.7658386,277.834,99934.03,51.75,5.25
2025-03-13 10:00:00,0.48719788,-2.0943909,278.74176,99954.55,51.75,5.25
2025-03-13 11:00:00,0.65148926,-2.4261627,279.29843,99960.8,51.75,5.25
2025-03-13 12:00:00,1.054657,-2.4404907,279.63715,99972.41,51.75,5.25
2025-03-13 13:00:00,1.304657,-3.1000519,279.8432,99961.836,51.75,5.25
2025-03-13 14:00:00,1.2029114,-4.1050415,279.9582,99959.234,51.75,5.25
2025-03-13 15:00:00,0.56411743,-5.5356293,279.89557,100002.17,51.75,5.25
2025-03-13 16:00:00,-0.033737183,-6.2042847,279.26654,100052.734,51.75,5.25
2025-03-13 17:00:00,-0.3855896,-6.004242,278.719,100097.234,51.75,5.25
2025-03-13 18:00:00,-0.5592041,-6.2085266,278.01178,100160.4,51.75,5.25
2025-03-13 19:00:00,-0.5661011,-6.465515,277.15582,100238.625,51.75,5.25
2025-03-13 20:00:00,-0.4941864,-6.347641,276.05054,100300.805,51.75,5.25
2025-03-13 21:00:00,-0.457901,-5.885559,275.3629,100350.164,51.75,5.25
2025-03-13 22:00:00,0.24584961,-5.722702,274.70197,100367.125,51.75,5.25
2025-03-13 23:00:00,0.43702698,-5.3953247,274.25818,100387.305,51.75,5.25
2025-03-14 00:00:00,0.46305847,-5.1143646,273.6476,100427.17,51.75,5.25
2025-03-14 01:00:00,0.30059814,-4.9678497,273.38153,100442.32,51.75,5.25
2025-03-14 02:00:00,0.013259888,-5.0579834,273.0475,100453.28,51.75,5.25
2025-03-14 03:00:00,-0.097839355,-4.893463,272.40967,100468.76,51.75,5.25
2025-03-14 04:00:00,-0.27243042,-4.6240234,271.8827,100496.33,51.75,5.25
2025-03-14 05:00:00,-0.54067993,-4.383072,271.58093,100570.81,51.75,5.25
2025-03-14 06:00:00,-0.914978,-4.1998444,271.14294,100619.15,51.75,5.25
2025-03-14 07:00:00,-1.2140503,-4.046509,272.7309,100706.61,51.75,5.25
2025-03-14 08:00:00,-1.0337982,-3.1201172,275.21674,100743.67,51.75,5.25
2025-03-14 09:00:00,-1.6290894,-3.0472412,276.96112,100796.41,51.75,5.25
2025-03-14 10:00:00,-1.2641602,-1.7879181,278.2104,100856.47,51.75,5.25
2025-03-14 11:00:00,-1.0800629,-2.015686,278.6078,100888.69,51.75,5.25
2025-03-14 12:00:00,-0.93408203,-2.764206,279.05957,100942.72,51.75,5.25
2025-03-14 13:00:00,-0.8361969,-3.5149689,279.25906,100986.89,51.75,5.25
2025-03-14 14:00:00,-1.1095734,-4.3064575,279.38226,101017.516,51.75,5.25
2025-03-14 15:00:00,-1.364502,-5.256378,279.33252,101057.21,51.75,5.25
2025-03-14 16:00:00,-1.5608368,-5.785614,278.98303,101107.22,51.75,5.25
2025-03-14 17:00:00,-1.712326,-5.9783936,278.33643,101190.95,51.75,5.25
2025-03-14 18:00:00,-1.9607239,-6.4161224,277.25507,101250.766,51.75,5.25
2025-03-14 19:00:00,-2.5357819,-6.594391,276.58423,101341.33,51.75,5.25
2025-03-14 20:00:00,-3.156952,-6.541687,275.87988,101410.2,51.75,5.25
2025-03-14 21:00:00,-3.6831055,-6.649353,275.0506,101468.47,51.75,5.25
2025-03-14 22:00:00,-3.9259796,-5.9149933,274.45715,101528.67,51.75,5.25
2025-03-14 23:00:00,-3.6355743,-5.8524933,274.1072,101575.484,51.75,5.25
2025-03-15 00:00:00,-3.1682434,-5.885742,273.60382,101627.36,51.75,5.25
2025-03-15 01:00:00,-3.2346497,-6.1339874,273.13745,101640.805,51.75,5.25
2025-03-15 02:00:00,-3.6779022,-6.083557,272.9914,101649.14,51.75,5.25
2025-03-15 03:00:00,-4.215378,-5.7471466,272.89087,101662.3,51.75,5.25
2025-03-15 04:00:00,-4.5099792,-5.6114044,273.0724,101705.38,51.75,5.25
2025-03-15 05:00:00,-4.7769775,-5.6368103,273.45496,101765.09,51.75,5.25
2025-03-15 06:00:00,-4.819763,-5.6825714,273.63538,101833.84,51.75,5.25
2025-03-15 07:00:00,-4.9563293,-5.8088837,274.17996,101910.375,51.75,5.25
2025-03-15 08:00:00,-4.371063,-5.162079,275.1864,101960.95,51.75,5.25
2025-03-15 09:00:00,-4.6466675,-4.915985,276.5236,101999.27,51.75,5.25
2025-03-15 10:00:00,-5.614807,-4.0047607,277.36743,102022.75,51.75,5.25
2025-03-15 11:00:00,-5.0538177,-4.1700745,278.39874,102000.664,51.75,5.25
2025-03-15 12:00:00,-4.8823853,-4.4081726,279.22906,101991.4,51.75,5.25
2025-03-15 13:00:00,-5.053192,-4.6450043,279.8683,101948.09,51.75,5.25
2025-03-15 14:00:00,-5.371399,-4.717682,280.36737,101932.66,51.75,5.25
2025-03-15 15:00:00,-5.819748,-4.719284,280.19977,101920.78,51.75,5.25
2025-03-15 16:00:00,-5.479828,-4.924057,280.13815,101913.03,51.75,5.25
2025-03-15 17:00:00,-4.847809,-5.382599,279.34995,101958.59,51.75,5.25
2025-03-15 18:00:00,-4.7022095,-5.91098,278.38297,101987.22,51.75,5.25
2025-03-15 19:00:00,-4.974762,-5.894272,277.2448,102027.16,51.75,5.25
2025-03-15 20:00:00,-5.0083923,-5.6987915,276.43042,102075.805,51.75,5.25
2025-03-15 21:00:00,-4.639984,-6.053543,275.6894,102086.07,51.75,5.25
2025-03-15 22:00:00,-5.1549225,-6.0944977,275.48505,102118.0,51.75,5.25
2025-03-15 23:00:00,-5.0491333,-5.994232,274.9478,102094.94,51.75,5.25
2025-03-16 00:00:00,-4.912674,-5.875534,274.24252,102106.91,51.75,5.25
2025-03-16 01:00:00,-4.7500916,-5.6225586,274.12048,102116.125,51.75,5.25
2025-03-16 02:00:00,-4.286148,-5.7506866,273.62622,102089.56,51.75,5.25
2025-03-16 03:00:00,-3.8539581,-6.463623,272.95508,102087.8,51.75,5.25
2025-03-16 04:00:00,-3.8689117,-6.8154144,272.6201,102094.48,51.75,5.25
2025-03-16 05:00:00,-4.3193817,-6.518982,272.43225,102148.7,51.75,5.25
2025-03-16 06:00:00,-4.682663,-5.8302917,272.49872,102188.11,51.75,5.25
2025-03-16 07:00:00,-4.5723267,-5.2443085,273.41296,102221.37,51.75,5.25
2025-03-16 08:00:00,-3.905487,-4.499481,275.4992,102291.98,51.75,5.25
2025-03-16 09:00:00,-3.8417664,-3.917694,277.56305,102313.78,51.75,5.25
2025-03-16 10:00:00,-3.5301971,-3.2564545,279.45978,102305.94,51.75,5.25
2025-03-16 11:00:00,-2.8923187,-3.4889832,280.7212,102283.31,51.75,5.25
2025-03-16 12:00:00,-2.0560455,-4.1174164,281.4298,102283.086,51.75,5.25
2025-03-16 13:00:00,-1.6203461,-4.6957245,281.89417,102232.15,51.75,5.25
2025-03-16 14:00:00,-1.4581451,-5.2807007,282.0512,102222.2,51.75,5.25
2025-03-16 15:00:00,-1.5023804,-5.345047,281.8814,102198.414,51.75,5.25
2025-03-16 16:00:00,-1.4754944,-5.435379,281.49115,102182.2,51.75,5.25
2025-03-16 17:00:00,-1.3408661,-5.6957703,280.44012,102239.15,51.75,5.25
2025-03-16 18:00:00,-1.3046265,-6.1953583,278.85156,102308.67,51.75,5.25
2025-03-16 19:00:00,-1.3724976,-6.0068207,278.7096,102394.14,51.75,5.25
2025-03-16 20:00:00,-1.2697601,-5.0947876,278.45514,102431.56,51.75,5.25
2025-03-16 21:00:00,-0.9207916,-4.4243164,278.3957,102456.0,51.75,5.25
2025-03-16 22:00:00,-0.5603485,-4.5986633,278.3437,102464.85,51.75,5.25
2025-03-16 23:00:00,-0.6382141,-5.374695,278.36914,102505.7,51.75,5.25
2025-03-17 00:00:00,-1.010437,-5.7890472,278.59998,102529.16,51.75,5.25
2025-03-17 01:00:00,-1.8172913,-5.8081055,278.4801,102577.5,51.75,5.25
2025-03-17 02:00:00,-2.0134277,-5.477951,278.42096,102575.58,51.75,5.25
2025-03-17 03:00:00,-2.1060638,-5.4544067,278.13342,102576.09,51.75,5.25
2025-03-17 04:00:00,-2.8195343,-5.2707977,277.78693,102596.47,51.75,5.25
2025-03-17 05:00:00,-3.6510162,-4.455826,277.3302,102637.69,51.75,5.25
2025-03-17 06:00:00,-4.511154,-3.7407684,277.1316,102677.31,51.75,5.25
2025-03-17 07:00:00,-5.2309265,-3.0602722,277.69345,102756.33,51.75,5.25
2025-03-17 08:00:00,-4.995285,-2.2768555,278.35193,102811.734,51.75,5.25
2025-03-17 09:00:00,-5.6404266,-1.7194519,279.2091,102862.97,51.75,5.25
2025-03-17 10:00:00,-5.4599915,-1.2515564,280.21558,102878.81,51.75,5.25
2025-03-17 11:00:00,-6.353195,-0.95706177,281.4972,102890.87,51.75,5.25
2025-03-17 12:00:00,-6.8326416,-0.44192505,281.84937,102894.09,51.75,5.25
2025-03-17 13:00:00,-6.7178802,-0.2747345,282.49304,102869.64,51.75,5.25
2025-03-17 14:00:00,-6.593796,-0.4485016,282.9807,102839.08,51.75,5.25
2025-03-17 15:00:00,-6.6414185,-0.7394867,282.90027,102824.1,51.75,5.25
2025-03-17 16:00:00,-6.5240936,-1.0479584,282.52234,102806.88,51.75,5.25
2025-03-17 17:00:00,-6.496063,-1.8937073,281.43698,102823.22,51.75,5.25
2025-03-17 18:00:00,-7.370117,-2.4094238,279.50256,102873.7,51.75,5.25
2025-03-17 19:00:00,-8.100616,-2.247223,278.1953,102928.66,51.75,5.25
2025-03-17 20:00:00,-8.42865,-1.6472168,277.51636,102956.06,51.75,5.25
2025-03-17 21:00:00,-8.429062,-0.99842834,276.76312,102975.234,51.75,5.25
2025-03-17 22:00:00,-8.53598,-0.3517151,276.02875,102964.375,51.75,5.25
2025-03-17 23:00:00,-8.2951355,0.73069763,275.505,102967.445,51.75,5.25
2025-03-18 00:00:00,-7.664795,1.7887268,274.823,102955.45,51.75,5.25
2025-03-18 01:00:00,-7.0328827,2.484665,274.2308,102954.86,51.75,5.25
2025-03-18 02:00:00,-6.8860474,2.4616394,273.452,102952.734,51.75,5.25
2025-03-18 03:00:00,-6.953354,1.9339142,272.89606,102949.34,51.75,5.25
2025-03-18 04:00:00,-7.2403717,1.3446808,272.47125,102908.45,51.75,5.25
2025-03-18 05:00:00,-7.563263,1.4269104,272.22522,102906.984,51.75,5.25
2025-03-18 06:00:00,-7.600937,1.7420807,272.33105,102926.93,51.75,5.25
2025-03-18 07:00:00,-7.031082,1.9186554,274.3135,102956.695,51.75,5.25
2025-03-18 08:00:00,-5.928253,1.5923615,276.55737,102971.19,51.75,5.25
2025-03-18 09:00:00,-5.881256,1.7105408,278.25223,102986.34,51.75,5.25
2025-03-18 10:00:00,-5.9490204,0.8865967,279.8725,102900.42,51.75,5.25
2025-03-18 11:00:00,-6.510437,0.6877289,281.11374,102823.66,51.75,5.25
2025-03-18 12:00:00,-7.1124115,0.84020996,282.26086,102767.3,51.75,5.25
2025-03-18 13:00:00,-7.5025635,1.2664642,283.13147,102687.49,51.75,5.25
2025-03-18 14:00:00,-7.568634,1.5159912,283.7906,102602.39,51.75,5.25
2025-03-18 15:00:00,-7.6509705,1.475647,284.1629,102559.25,51.75,5.25
2025-03-18 16:00:00,-7.5603027,1.0695038,284.0951,102487.516,51.75,5.25
2025-03-18 17:00:00,-8.284424,0.7741089,283.37915,102450.56,51.75,5.25
2025-03-18 18:00:00,-8.806671,1.3802643,281.64917,102438.945,51.75,5.25
2025-03-18 19:00:00,-8.66774,2.3987274,280.224,102473.84,51.75,5.25
2025-03-18 20:00:00,-7.7864532,3.569107,279.27386,102494.17,51.75,5.25
2025-03-18 21:00:00,-6.8527374,4.429016,278.41467,102521.43,51.75,5.25
2025-03-18 22:00:00,-6.5676727,4.921219,277.5075,102467.22,51.75,5.25
2025-03-18 23:00:00,-5.618225,5.29776,276.6924,102450.34,51.75,5.25
2025-03-19 00:00:00,-4.801605,5.476349,275.86157,102472.03,51.75,5.25
2025-03-19 01:00:00,-4.181198,5.3571014,274.9635,102460.36,51.75,5.25
2025-03-19 02:00:00,-3.9034882,5.1006317,274.40332,102446.19,51.75,5.25
2025-03-19 03:00:00,-3.818222,4.7851257,273.6443,102429.91,51.75,5.25
2025-03-19 04:00:00,-3.8834686,4.6831207,273.5567,102406.69,51.75,5.25
2025-03-19 05:00:00,-3.7701874,4.7931824,273.35504,102418.984,51.75,5.25
2025-03-19 06:00:00,-3.4331818,5.0507507,273.26166,102417.03,51.75,5.25
2025-03-19 07:00:00,-3.031952,5.0260315,275.6747,102468.766,51.75,5.25
2025-03-19 08:00:00,-2.6702576,4.341797,278.55914,102460.09,51.75,5.25
2025-03-19 09:00:00,-1.9452362,3.4216614,281.29898,102502.31,51.75,5.25
2025-03-19 10:00:00,-2.1291351,2.2911224,283.9191,102456.664,51.75,5.25
2025-03-19 11:00:00,-1.8167725,2.6389923,285.82135,102435.84,51.75,5.25
2025-03-19 12:00:00,-1.4919281,3.0944366,287.4978,102398.42,51.75,5.25
2025-03-19 13:00:00,-1.0982361,3.3773956,288.94568,102324.266,51.75,5.25
2025-03-19 14:00:00,-0.73854065,3.5394287,289.77332,102280.02,51.75,5.25
2025-03-19 15:00:00,-0.6211548,3.5845337,290.58243,102249.56,51.75,5.25
2025-03-19 16:00:00,-1.1006317,3.5155182,290.43225,102194.31,51.75,5.25
2025-03-19 17:00:00,-1.697937,3.887268,289.16455,102180.05,51.75,5.25
2025-03-19 18:00:00,-1.9633179,4.671356,285.85187,102189.09,51.75,5.25
2025-03-19 19:00:00,-2.0413208,5.35997,283.36877,102220.56,51.75,5.25
2025-03-19 20:00:00,-1.8265228,5.776062,281.79416,102243.33,51.75,5.25
2025-03-19 21:00:00,-1.5658264,6.1698303,280.76242,102248.016,51.75,5.25
2025-03-19 22:00:00,-2.7850494,5.8530884,280.16275,102212.94,51.75,5.25
2025-03-19 23:00:00,-1.5158691,6.7482147,279.93396,102216.91,51.75,5.25
2025-03-20 00:00:00,0.19120789,7.091278,279.82208,102216.69,51.75,5.25
2025-03-20 01:00:00,1.3360443,6.632004,279.03894,102211.89,51.75,5.25
2025-03-20 02:00:00,1.5475159,6.0748444,278.28937,102175.08,51.75,5.25
2025-03-20 03:00:00,1.3864288,5.824951,277.98917,102183.55,51.75,5.25
2025-03-20 04:00:00,1.5538635,5.841385,277.5997,102167.51,51.75,5.25
2025-03-20 05:00:00,1.7219391,5.633713,277.22998,102181.97,51.75,5.25
2025-03-20 06:00:00,1.9463654,5.466095,276.59253,102204.336,51.75,5.25
2025-03-20 07:00:00,1.3956146,4.9746246,279.21967,102209.06,51.75,5.25
2025-03-20 08:00:00,1.204483,4.350052,282.57538,102215.086,51.75,5.25
2025-03-20 09:00:00,0.9259796,2.9295044,285.2473,102228.33,51.75,5.25
2025-03-20 10:00:00,-0.36766052,1.5353851,287.26346,102208.22,51.75,5.25
2025-03-20 11:00:00,-0.104019165,1.3288116,289.02777,102156.08,51.75,5.25
2025-03-20 12:00:00,0.67601013,0.95991516,289.97617,102129.914,51.75,5.25
2025-03-20 13:00:00,0.78500366,0.9566803,290.85168,102067.055,51.75,5.25
2025-03-20 14:00:00,0.8510437,0.5332184,291.1941,102026.484,51.75,5.25
2025-03-20 15:00:00,0.5200653,0.114974976,291.27606,102014.05,51.75,5.25
2025-03-20 16:00:00,-0.20059204,0.012863159,291.17645,101985.54,51.75,5.25
2025-03-20 17:00:00,-1.1980438,-0.60121155,289.45953,101965.625,51.75,5.25
2025-03-20 18:00:00,-2.788559,-1.7642212,285.52118,101965.81,51.75,5.25
2025-03-20 19:00:00,-4.9029846,-2.7637177,283.56186,101977.766,51.75,5.25
2025-03-20 20:00:00,-6.109848,-2.405716,282.3629,101991.38,51.75,5.25
2025-03-20 21:00:00,-6.7195435,-1.5126343,281.93896,102007.94,51.75,5.25
2025-03-20 22:00:00,-7.124237,-1.7696533,281.90375,101945.984,51.75,5.25
2025-03-20 23:00:00,-7.4188995,-0.5678253,281.48004,101914.09,51.75,5.25
2025-03-21 00:00:00,-7.1073303,1.1559906,281.03082,101897.09,51.75,5.25
2025-03-21 01:00:00,-7.2316284,1.5041962,280.86115,101836.58,51.75,5.25
2025-03-21 02:00:00,-7.404373,1.3447266,280.79843,101752.41,51.75,5.25
2025-03-21 03:00:00,-7.110733,1.7684631,280.16748,101689.9,51.75,5.25
2025-03-21 04:00:00,-6.633377,2.7342377,280.03668,101683.28,51.75,5.25
2025-03-21 05:00:00,-6.146225,3.244522,279.7015,101656.3,51.75,5.25
2025-03-21 06:00:00,-7.046646,2.9585571,279.7396,101577.484,51.75,5.25
2025-03-21 07:00:00,-6.6174316,4.0211945,281.77777,101595.4,51.75,5.25
2025-03-21 08:00:00,-6.3263855,4.2967377,284.4163,101548.375,51.75,5.25
2025-03-21 09:00:00,-6.305191,2.8348846,287.188,101486.78,51.75,5.25
2025-03-21 10:00:00,-6.428192,1.9607086,289.73517,101383.61,51.75,5.25
2025-03-21 11:00:00,-7.3793793,2.0044708,291.51266,101299.58,51.75,5.25
2025-03-21 12:00:00,-7.9634705,2.5453186,293.09332,101211.76,51.75,5.25
2025-03-21 13:00:00,-8.214157,3.5667725,294.12006,101080.05,51.75,5.25
2025-03-21 14:00:00,-8.513809,4.234497,294.56042,100974.32,51.75,5.25
2025-03-21 15:00:00,-8.36972,4.5101624,294.51874,100903.945,51.75,5.25
2025-03-21 16:00:00,-8.123428,5.2841187,293.92523,100850.53,51.75,5.25
2025-03-21 17:00:00,-8.311295,5.6129456,292.94266,100822.61,51.75,5.25
2025-03-21 18:00:00,-8.870956,5.4711456,291.69708,100816.8,51.75,5.25
2025-03-21 19:00:00,-9.16095,5.525757,290.71063,100811.72,51.75,5.25
2025-03-21 20:00:00,-8.635849,5.8883514,290.09662,100797.086,51.75,5.25
2025-03-21 21:00:00,-8.270523,5.8603516,289.68597,100783.34,51.75,5.25
2025-03-21 22:00:00,-7.8588257,5.899109,289.59525,100712.234,51.75,5.25
2025-03-21 23:00:00,-7.707962,4.9922028,289.21356,100642.266,51.75,5.25
2025-03-22 00:00:00,-7.508789,4.889084,288.71176,100617.32,51.75,5.25
2025-03-22 01:00:00,-7.313217,4.78981,288.23236,100610.62,51.75,5.25
2025-03-22 02:00:00,-7.630615,4.285797,287.78387,100584.805,51.75,5.25
2025-03-22 03:00:00,-7.9404297,3.7067719,287.40668,100566.7,51.75,5.25
2025-03-22 04:00:00,-7.782501,3.3418884,286.71802,100573.875,51.75,5.25
2025-03-22 05:00:00,-7.449112,3.0855713,285.66132,100530.28,51.75,5.25
2025-03-22 06:00:00,-8.006912,2.73526,284.99377,100500.24,51.75,5.25
2025-03-22 07:00:00,-7.904999,2.4976654,285.4886,100490.88,51.75,5.25
2025-03-22 08:00:00,-7.997986,2.0817719,286.41583,100450.84,51.75,5.25
2025-03-22 09:00:00,-6.9572906,2.2288818,287.8212,100447.45,51.75,5.25
2025-03-22 10:00:00,-5.467743,1.703125,288.90585,100388.2,51.75,5.25
2025-03-22 11:00:00,-4.505142,1.9715424,289.96106,100328.555,51.75,5.25
2025-03-22 12:00:00,-3.662857,3.1312866,290.74768,100289.336,51.75,5.25
2025-03-22 13:00:00,-3.1974182,3.7751923,291.10382,100245.72,51.75,5.25
2025-03-22 14:00:00,-2.8953857,4.0118256,291.37122,100191.78,51.75,5.25
2025-03-22 15:00:00,-3.0791016,3.7343903,291.19257,100153.99,51.75,5.25
2025-03-22 16:00:00,-3.58107,2.9086456,289.84286,100108.734,51.75,5.25
2025-03-22 17:00:00,-4.895508,3.3201904,289.33112,100119.03,51.75,5.25
2025-03-22 18:00:00,-4.9020844,3.4891205,288.0109,100158.86,51.75,5.25
2025-03-22 19:00:00,-6.0666046,2.7681427,286.8672,100149.34,51.75,5.25
2025-03-22 20:00:00,-6.6787415,2.9027557,286.10178,100149.875,51.75,5.25
2025-03-22 21:00:00,-6.3883514,3.1100616,285.5052,100117.49,51.75,5.25
2025-03-22 22:00:00,-6.29274,3.4784088,285.5039,100079.39,51.75,5.25
2025-03-22 23:00:00,-5.3250732,4.902069,285.08398,100082.336,51.75,5.25
2025-03-23 00:00:00,-4.3960876,4.7778473,285.08908,100039.766,51.75,5.25
2025-03-23 01:00:00,-4.0579224,5.2687073,284.9054,100018.945,51.75,5.25
2025-03-23 02:00:00,-3.168396,6.0432587,284.4948,100014.52,51.75,5.25
2025-03-23 03:00:00,-3.036789,5.765747,284.33978,100006.81,51.75,5.25
2025-03-23 04:00:00,-2.8074188,5.6570435,284.3902,100030.734,51.75,5.25
2025-03-23 05:00:00,-2.6307678,5.5161285,284.59625,100068.0,51.75,5.25
2025-03-23 06:00:00,-2.664856,5.2910767,284.47607,100113.95,51.75,5.25
2025-03-23 07:00:00,-2.4946442,5.131897,284.43414,100163.73,51.75,5.25
2025-03-23 08:00:00,-1.6427002,4.8744354,284.7028,100224.94,51.75,5.25
2025-03-23 09:00:00,0.2203064,5.14592,285.66156,100290.19,51.75,5.25
2025-03-23 10:00:00,0.41654968,3.6980743,287.2958,100346.65,51.75,5.25
2025-03-23 11:00:00,0.15429688,3.7108765,287.8672,100372.19,51.75,5.25
2025-03-23 12:00:00,0.22767639,3.7602081,288.71255,100374.695,51.75,5.25
2025-03-23 13:00:00,0.43925476,3.6046295,289.28156,100381.33,51.75,5.25
2025-03-23 14:00:00,0.20896912,3.4577332,289.33273,100412.695,51.75,5.25
2025-03-23 15:00:00,0.39985657,3.4845886,289.1899,100460.97,51.75,5.25
2025-03-23 16:00:00,0.5187073,2.8917084,288.7802,100486.55,51.75,5.25
2025-03-23 17:00:00,0.9994049,2.589981,288.29507,100527.414,51.75,5.25
2025-03-23 18:00:00,1.4031677,1.9374084,287.02914,100602.47,51.75,5.25
2025-03-23 19:00:00,1.2948456,1.1343231,286.60773,100700.984,51.75,5.25
2025-03-23 20:00:00,1.7281799,0.44921875,286.0882,100768.04,51.75,5.25
2025-03-23 21:00:00,2.10849,-0.12069702,285.38763,100815.81,51.75,5.25
2025-03-23 22:00:00,4.6524506,0.039916992,283.2822,100897.95,51.75,5.25
2025-03-23 23:00:00,4.7225037,-1.0176849,282.62564,100920.125,51.75,5.25
2025-03-24 00:00:00,4.355316,-2.283432,281.76974,100960.51,51.75,5.25
2025-03-24 01:00:00,3.3514862,-3.4702911,281.35114,100985.31,51.75,5.25
2025-03-24 02:00:00,2.346054,-3.8119354,281.01263,101000.85,51.75,5.25
2025-03-24 03:00:00,1.8198853,-3.6031952,280.79388,101016.59,51.75,5.25
2025-03-24 04:00:00,1.6638184,-3.47789,280.59912,101042.24,51.75,5.25
2025-03-24 05:00:00,1.939743,-3.57164,281.63538,101089.445,51.75,5.25
2025-03-24 06:00:00,2.3581238,-3.467331,282.0052,101167.04,51.75,5.25
2025-03-24 07:00:00,2.4113007,-3.3282166,283.5975,101238.86,51.75,5.25
2025-03-24 08:00:00,1.8960876,-3.0393372,284.51855,101299.31,51.75,5.25
2025-03-24 09:00:00,1.9488068,-2.98674,285.52496,101355.18,51.75,5.25
2025-03-24 10:00:00,2.0394592,-2.9988556,286.43503,101405.65,51.75,5.25
2025-03-24 11:00:00,2.8424988,-2.738861,287.3856,101437.27,51.75,5.25
2025-03-24 12:00:00,3.600769,-3.2258148,287.82092,101490.7,51.75,5.25
2025-03-24 13:00:00,4.581833,-4.1370087,287.86957,101519.16,51.75,5.25
2025-03-24 14:00:00,4.095566,-4.3678894,287.89966,101538.88,51.75,5.25
2025-03-24 15:00:00,3.923935,-4.538681,287.37704,101557.64,51.75,5.25
2025-03-24 16:00:00,3.5918884,-4.623047,286.19824,101601.516,51.75,5.25
2025-03-24 17:00:00,3.5271301,-4.6934814,284.87875,101640.79,51.75,5.25
2025-03-24 18:00:00,3.473709,-5.139862,282.85962,101704.43,51.75,5.25
2025-03-24 19:00:00,3.1656036,-5.544098,281.4405,101796.89,51.75,5.25
2025-03-24 20:00:00,2.5153656,-5.325485,280.34454,101864.25,51.75,5.25
2025-03-24 21:00:00,1.9903107,-4.6749725,279.72308,101917.96,51.75,5.25
2025-03-24 22:00:00,2.98674,-3.502243,279.5526,101976.72,51.75,5.25
2025-03-24 23:00:00,2.8077545,-2.968216,279.30698,101994.625,51.75,5.25
2025-03-25 00:00:00,2.9888458,-2.0432281,279.1148,101988.516,51.75,5.25
2025-03-25 01:00:00,3.363144,-1.9547882,279.08105,102007.59,51.75,5.25
2025-03-25 02:00:00,3.628708,-2.263031,278.841,101992.195,51.75,5.25
2025-03-25 03:00:00,3.5334015,-1.859314,278.5991,101995.32,51.75,5.25
2025-03-25 04:00:00,3.219757,-1.0691833,278.69617,101994.03,51.75,5.25
2025-03-25 05:00:00,3.078598,-0.285614,279.0196,102007.06,51.75,5.25
2025-03-25 06:00:00,3.4554138,0.228302,279.04138,102022.45,51.75,5.25
2025-03-25 07:00:00,3.3386536,0.9296875,279.24335,102021.766,51.75,5.25
2025-03-25 08:00:00,3.194046,1.9316101,279.97104,102049.3,51.75,5.25
2025-03-25 09:00:00,3.254486,2.6840057,280.93787,102054.42,51.75,5.25
2025-03-25 10:00:00,3.25766,2.6782684,281.99997,102052.22,51.75,5.25
2025-03-25 11:00:00,4.2899933,2.0307312,283.41327,102045.56,51.75,5.25
2025-03-25 12:00:00,5.1152496,1.3462677,284.9771,102023.92,51.75,5.25
2025-03-25 13:00:00,5.9189606,0.0690155,286.09247,101983.734,51.75,5.25
2025-03-25 14:00:00,5.6004944,-0.8565979,286.49042,101947.24,51.75,5.25
2025-03-25 15:00:00,5.481186,-1.5185547,286.30914,101946.734,51.75,5.25
2025-03-25 16:00:00,5.3493805,-2.0184937,285.42432,101961.07,51.75,5.25
2025-03-25 17:00:00,5.1314545,-2.3306427,284.5241,101979.48,51.75,5.25
2025-03-25 18:00:00,5.1154785,-2.7067108,283.67517,102020.3,51.75,5.25
2025-03-25 19:00:00,4.681488,-3.4573364,282.9228,102097.39,51.75,5.25
2025-03-25 20:00:00,4.126648,-3.7704926,282.2125,102116.02,51.75,5.25
2025-03-25 21:00:00,3.2718506,-4.1001587,281.75012,102143.516,51.75,5.25
2025-03-25 22:00:00,2.3287811,-3.6071625,281.75494,102167.27,51.75,5.25
2025-03-25 23:00:00,1.9232941,-4.3054047,281.63904,102186.77,51.75,5.25
2025-03-26 00:00:00,1.392334,-5.2884216,281.34616,102196.89,51.75,5.25
2025-03-26 01:00:00,0.8967438,-5.7001343,280.91583,102227.7,51.75,5.25
2025-03-26 02:00:00,0.5366821,-5.3623047,280.36996,102230.13,51.75,5.25
2025-03-26 03:00:00,0.75593567,-5.2934723,279.69086,102249.61,51.75,5.25
2025-03-26 04:00:00,1.17453,-5.0677185,279.2398,102275.06,51.75,5.25
2025-03-26 05:00:00,1.2581482,-4.681961,279.3861,102307.41,51.75,5.25
2025-03-26 06:00:00,0.93769836,-4.577774,279.85034,102363.5,51.75,5.25
2025-03-26 07:00:00,0.15371704,-4.838272,280.32074,102407.61,51.75,5.25
2025-03-26 08:00:00,-0.147995,-4.987671,281.1626,102445.05,51.75,5.25
2025-03-26 09:00:00,-0.56292725,-4.644165,281.57697,102482.05,51.75,5.25
2025-03-26 10:00:00,-0.3244171,-3.6912537,282.15768,102479.96,51.75,5.25
2025-03-26 11:00:00,0.0060424805,-3.9328613,282.86465,102484.22,51.75,5.25
2025-03-26 12:00:00,0.17384338,-3.8957062,283.4336,102453.59,51.75,5.25
2025-03-26 13:00:00,0.20845032,-3.8959503,283.82184,102445.234,51.75,5.25
2025-03-26 14:00:00,0.24377441,-4.0273895,284.2972,102414.95,51.75,5.25
2025-03-26 15:00:00,-0.024978638,-4.471588,284.5064,102392.414,51.75,5.25
2025-03-26 16:00:00,-0.46498108,-4.484329,284.34555,102387.84,51.75,5.25
2025-03-26 17:00:00,-0.97979736,-3.9130707,283.9872,102393.16,51.75,5.25
2025-03-26 18:00:00,-1.3422394,-3.6793976,283.14102,102398.46,51.75,5.25
2025-03-26 19:00:00,-1.8531036,-3.9399567,282.03625,102456.19,51.75,5.25
2025-03-26 20:00:00,-2.1697083,-3.679596,279.80933,102438.625,51.75,5.25
2025-03-26 21:00:00,-2.4465332,-3.1948242,278.58545,102442.625,51.75,5.25
2025-03-26 22:00:00,-2.401123,-2.1274872,276.63922,102427.1,51.75,5.25
2025-03-26 23:00:00,-2.9247894,-1.1246948,276.61823,102435.555,51.75,5.25
2025-03-27 00:00:00,-2.5027466,0.1926117,276.55365,102416.38,51.75,5.25
2025-03-27 01:00:00,-1.4557648,1.1579437,276.14484,102385.67,51.75,5.25
2025-03-27 02:00:00,-0.5845947,1.7272186,275.08762,102377.25,51.75,5.25
2025-03-27 03:00:00,0.057235718,1.8631439,274.30695,102344.625,51.75,5.25
2025-03-27 04:00:00,0.56404114,1.7622375,273.94696,102338.47,51.75,5.25
2025-03-27 05:00:00,1.0896454,1.7481079,273.362,102307.58,51.75,5.25
2025-03-27 06:00:00,1.4147491,2.000885,273.61896,102307.625,51.75,5.25
2025-03-27 07:00:00,1.1166229,2.073578,276.2038,102300.89,51.75,5.25
2025-03-27 08:00:00,0.9463043,1.7458649,280.55194,102279.03,51.75,5.25
2025-03-27 09:00:00,1.0134735,1.6543121,283.04437,102270.195,51.75,5.25
2025-03-27 10:00:00,1.269165,1.3627625,284.4673,102217.08,51.75,5.25
2025-03-27 11:00:00,1.2965698,1.3675995,285.44525,102177.61,51.75,5.25
2025-03-27 12:00:00,1.1682587,1.3872986,286.589,102105.56,51.75,5.25
2025-03-27 13:00:00,1.1295929,1.1784515,287.33252,102028.9,51.75,5.25
2025-03-27 14:00:00,1.3068848,0.78297424,288.1375,101950.47,51.75,5.25
2025-03-27 15:00:00,1.1462555,0.6759491,288.55948,101882.01,51.75,5.25
2025-03-27 16:00:00,1.0230408,0.5367279,288.72046,101830.414,51.75,5.25
2025-03-27 17:00:00,0.8619995,0.48164368,288.03485,101792.61,51.75,5.25
2025-03-27 18:00:00,0.5653534,0.79660034,287.10828,101780.94,51.75,5.25
2025-03-27 19:00:00,0.33779907,1.2490082,283.6609,101790.71,51.75,5.25
2025-03-27 20:00:00,0.15098572,2.0436401,281.09518,101762.91,51.75,5.25
2025-03-27 21:00:00,0.13897705,3.001175,279.14636,101728.59,51.75,5.25
2025-03-27 22:00:00,0.40568542,3.7013092,277.99982,101666.81,51.75,5.25
2025-03-27 23:00:00,1.0247345,4.561096,277.6767,101623.94,51.75,5.25
2025-03-28 00:00:00,1.4224701,5.499832,277.30936,101551.91,51.75,5.25
2025-03-28 01:00:00,1.8501282,6.1467133,277.00702,101492.3,51.75,5.25
2025-03-28 02:00:00,2.3490295,6.03804,276.28473,101424.86,51.75,5.25
2025-03-28 03:00:00,3.0583649,5.4938507,275.84503,101381.695,51.75,5.25
2025-03-28 04:00:00,4.1620636,4.1525116,275.9511,101328.625,51.75,5.25
2025-03-28 05:00:00,4.989807,3.145111,276.0824,101309.78,51.75,5.25
2025-03-28 06:00:00,5.0225525,2.9425812,276.65253,101301.02,51.75,5.25
2025-03-28 07:00:00,4.499832,2.904663,279.12833,101287.664,51.75,5.25
2025-03-28 08:00:00,3.946106,2.2153473,280.932,101277.07,51.75,5.25
2025-03-28 09:00:00,4.322235,1.7350159,282.22177,101270.66,51.75,5.25
2025-03-28 10:00:00,4.376816,1.535553,283.36322,101246.586,51.75,5.25
2025-03-28 11:00:00,4.606964,2.0253296,283.8945,101224.266,51.75,5.25
2025-03-28 12:00:00,4.4671783,2.208496,284.31787,101184.69,51.75,5.25
2025-03-28 13:00:00,4.6774597,2.2914124,284.73706,101110.32,51.75,5.25
2025-03-28 14:00:00,5.368683,1.5324249,285.073,101065.17,51.75,5.25
2025-03-28 15:00:00,5.8804474,0.39775085,285.1391,101024.65,51.75,5.25
2025-03-28 16:00:00,6.059021,-0.49531555,284.6006,100995.484,51.75,5.25
2025-03-28 17:00:00,4.8840637,-0.7803345,283.99832,101030.945,51.75,5.25
2025-03-28 18:00:00,4.0732727,-1.2777252,283.3559,101045.92,51.75,5.25
2025-03-28 19:00:00,3.3927917,-2.864151,282.72485,101097.36,51.75,5.25
2025-03-28 20:00:00,2.6701355,-4.9196777,282.00854,101162.234,51.75,5.25
2025-03-28 21:00:00,1.901413,-6.0649414,281.5142,101200.875,51.75,5.25
2025-03-28 22:00:00,1.6563568,-5.6202087,280.80786,101278.31,51.75,5.25
2025-03-28 23:00:00,2.3516083,-5.4989624,280.34512,101317.84,51.75,5.25
2025-03-29 00:00:00,2.491043,-5.4902344,279.9671,101361.95,51.75,5.25
2025-03-29 01:00:00,2.5519867,-5.053055,279.31274,101407.0,51.75,5.25
2025-03-29 02:00:00,3.3688202,-4.9460907,278.83005,101447.25,51.75,5.25
2025-03-29 03:00:00,4.158539,-5.0528107,278.72406,101500.22,51.75,5.25
2025-03-29 04:00:00,4.397995,-5.1640167,278.56146,101566.11,51.75,5.25
2025-03-29 05:00:00,4.134903,-5.0777435,278.15833,101640.91,51.75,5.25
2025-03-29 06:00:00,3.8328705,-4.9557495,278.0144,101766.47,51.75,5.25
2025-03-29 07:00:00,3.6480865,-4.6291046,279.6779,101839.01,51.75,5.25
2025-03-29 08:00:00,3.1654205,-4.0448,281.59998,101909.99,51.75,5.25
2025-03-29 09:00:00,3.2720795,-4.317459,282.84808,101974.31,51.75,5.25
2025-03-29 10:00:00,2.9355774,-3.5600586,283.74896,102019.6,51.75,5.25
2025-03-29 11:00:00,3.4223785,-3.3918457,284.25146,102043.47,51.75,5.25
2025-03-29 12:00:00,3.680191,-3.1399536,284.67944,102068.89,51.75,5.25
2025-03-29 13:00:00,4.295685,-3.1112213,285.00812,102060.91,51.75,5.25
2025-03-29 14:00:00,4.8075104,-3.349533,284.95865,102080.63,51.75,5.25
2025-03-29 15:00:00,4.341675,-2.5530548,284.80957,102074.97,51.75,5.25
2025-03-29 16:00:00,4.3245697,-1.4366302,284.67108,102052.375,51.75,5.25
2025-03-29 17:00:00,5.0227814,-0.89411926,283.8826,102064.8,51.75,5.25
2025-03-29 18:00:00,5.3143463,-0.4684906,282.19934,102051.42,51.75,5.25
2025-03-29 19:00:00,5.679199,0.48960876,279.96472,102064.04,51.75,5.25
2025-03-29 20:00:00,5.58197,2.5536346,279.00256,102032.86,51.75,5.25
2025-03-29 21:00:00,5.1522064,4.822693,278.96713,101947.03,51.75,5.25
2025-03-29 22:00:00,6.413025,5.9692383,279.2408,101882.3,51.75,5.25
2025-03-29 23:00:00,7.33786,6.129837,279.83453,101816.375,51.75,5.25
2025-03-30 00:00:00,8.25737,6.323166,280.16766,101755.61,51.75,5.25
2025-03-30 01:00:00,8.465256,6.975189,280.20984,101663.89,51.75,5.25
2025-03-30 02:00:00,9.585266,6.132065,280.56262,101598.14,51.75,5.25
2025-03-30 03:00:00,9.840424,5.837158,281.03717,101510.89,51.75,5.25
2025-03-30 04:00:00,10.436905,4.6443787,281.23346,101429.31,51.75,5.25
2025-03-30 05:00:00,10.466858,3.2495575,281.5995,101383.836,51.75,5.25
2025-03-30 06:00:00,10.153458,1.5527802,282.01163,101418.15,51.75,5.25
2025-03-30 07:00:00,9.822571,0.584198,282.60663,101425.5,51.75,5.25
2025-03-30 08:00:00,10.549759,0.52944946,283.45288,101443.45,51.75,5.25
2025-03-30 09:00:00,11.8654175,-2.8707123,284.56522,101449.79,51.75,5.25
2025-03-30 10:00:00,9.6453705,-4.6621094,285.0526,101511.83,51.75,5.25
2025-03-30 11:00:00,9.914276,-5.787842,285.52374,101563.586,51.75,5.25
2025-03-30 12:00:00,9.501205,-5.4846497,285.46658,101631.75,51.75,5.25
2025-03-30 13:00:00,9.408447,-6.407181,285.66644,101644.086,51.75,5.25
2025-03-30 14:00:00,9.335785,-6.575592,285.60284,101688.57,51.75,5.25
2025-03-30 15:00:00,9.066925,-7.0351715,285.25555,101718.28,51.75,5.25
2025-03-30 16:00:00,8.384537,-7.8508453,284.59137,101802.92,51.75,5.25
2025-03-30 17:00:00,7.539139,-6.6747284,283.93015,101856.195,51.75,5.25
2025-03-30 18:00:00,7.2341766,-6.2590027,283.4795,101934.25,51.75,5.25
2025-03-30 19:00:00,7.081894,-6.067581,282.92032,102017.3,51.75,5.25
2025-03-30 20:00:00,6.9039307,-6.4455414,282.59842,102027.83,51.75,5.25
2025-03-30 21:00:00,5.9322205,-7.2998047,282.24542,102057.33,51.75,5.25
2025-03-30 22:00:00,3.6420593,-7.5703125,281.7495,102113.45,51.75,5.25
2025-03-30 23:00:00,3.2093048,-7.0839844,281.3299,102190.61,51.75,5.25
2025-03-31 00:00:00,3.173935,-6.430496,280.66888,102242.555,51.75,5.25
2025-03-31 01:00:00,3.599289,-6.1701813,280.25262,102274.375,51.75,5.25
2025-03-31 02:00:00,3.5262299,-6.179764,279.785,102318.586,51.75,5.25
2025-03-31 03:00:00,3.207901,-5.8844604,279.91534,102367.09,51.75,5.25
2025-03-31 04:00:00,3.4420624,-5.594925,279.94333,102392.95,51.75,5.25
2025-03-31 05:00:00,3.4822998,-5.6943817,279.89258,102449.836,51.75,5.25
2025-03-31 06:00:00,2.8451843,-5.8334045,280.0927,102539.03,51.75,5.25
2025-03-31 07:00:00,2.134781,-5.550583,280.78433,102589.67,51.75,5.25
2025-03-31 08:00:00,0.977829,-6.2748566,281.73892,102667.61,51.75,5.25
2025-03-31 09:00:00,0.6019287,-5.666275,282.6341,102707.8,51.75,5.25
2025-03-31 10:00:00,1.0862122,-4.4375,283.59265,102755.02,51.75,5.25
2025-03-31 11:00:00,1.1493073,-4.393738,284.36963,102752.234,51.75,5.25
2025-03-31 12:00:00,1.1596832,-4.643219,284.9419,102750.016,51.75,5.25
2025-03-31 13:00:00,0.9975891,-4.7723846,285.23068,102781.78,51.75,5.25
2025-03-31 14:00:00,1.0430756,-4.791168,285.5907,102730.89,51.75,5.25
2025-03-31 15:00:00,0.7055359,-5.068939,285.56415,102716.06,51.75,5.25
2025-03-31 16:00:00,0.2140503,-5.5519104,285.25842,102746.87,51.75,5.25
2025-03-31 17:00:00,-0.2993164,-5.7061462,284.41672,102772.625,51.75,5.25
2025-03-31 18:00:00,-0.851593,-6.2765656,282.69373,102805.34,51.75,5.25
2025-03-31 19:00:00,-1.3621063,-6.6098633,280.77368,102883.28,51.75,5.25
2025-03-31 20:00:00,-2.1396484,-6.4978943,279.78592,102910.64,51.75,5.25
2025-03-31 21:00:00,-3.2928772,-5.941635,278.83612,102921.33,51.75,5.25
2025-03-31 22:00:00,-4.281662,-5.54628,278.08148,102912.984,51.75,5.25
2025-03-31 23:00:00,-4.874588,-4.6677094,277.63306,102886.39,51.75,5.25
2025-04-01 00:00:00,-4.930252,-3.7961426,276.93375,102889.484,51.75,5.25
2025-04-01 01:00:00,-4.8679657,-3.1802368,276.4441,102852.2,51.75,5.25
2025-04-01 02:00:00,-5.211838,-3.2717438,276.06067,102822.0,51.75,5.25
2025-04-01 03:00:00,-5.5769653,-3.039795,275.75522,102816.75,51.75,5.25
2025-04-01 04:00:00,-5.653885,-2.716339,275.6695,102810.53,51.75,5.25
2025-04-01 05:00:00,-5.6504517,-2.7365875,275.51434,102816.234,51.75,5.25
2025-04-01 06:00:00,-5.7980347,-2.7919922,275.89124,102826.625,51.75,5.25
2025-04-01 07:00:00,-5.283615,-2.407257,277.57733,102859.055,51.75,5.25
2025-04-01 08:00:00,-4.4620667,-2.1081238,279.65503,102882.36,51.75,5.25
2025-04-01 09:00:00,-4.472168,-2.2014923,282.04834,102873.17,51.75,5.25
2025-04-01 10:00:00,-4.5494995,-1.9656525,283.76227,102855.84,51.75,5.25
2025-04-01 11:00:00,-5.6514587,-2.3670654,285.11392,102806.5,51.75,5.25
2025-04-01 12:00:00,-6.844406,-2.713791,286.0979,102722.05,51.75,5.25
2025-04-01 13:00:00,-7.962372,-1.9056091,286.59253,102665.0,51.75,5.25
2025-04-01 14:00:00,-9.245605,-0.99331665,287.14954,102586.875,51.75,5.25
2025-04-01 15:00:00,-9.202225,-0.338089,287.22784,102554.47,51.75,5.25
2025-04-01 16:00:00,-8.619415,-0.17785645,286.95367,102513.31,51.75,5.25
2025-04-01 17:00:00,-8.085861,-0.4076233,286.50934,102501.375,51.75,5.25
2025-04-01 18:00:00,-8.119843,-0.7954712,285.24966,102520.56,51.75,5.25
2025-04-01 19:00:00,-8.451935,-1.435669,283.45663,102542.766,51.75,5.25
2025-04-01 20:00:00,-8.9171295,-1.7751312,282.51025,102557.42,51.75,5.25
2025-04-01 21:00:00,-9.404434,-1.4060364,282.16525,102563.51,51.75,5.25
2025-04-01 22:00:00,-9.4891205,-1.6493225,281.81433,102586.375,51.75,5.25
2025-04-01 23:00:00,-8.649673,-1.2897491,280.99628,102593.195,51.75,5.25
2025-04-02 00:00:00,-8.231369,-2.5424957,280.3487,102542.766,51.75,5.25
2025-04-02 01:00:00,-8.6436,-3.628891,280.00745,102526.28,51.75,5.25
2025-04-02 02:00:00,-9.168915,-2.6726532,279.8108,102479.695,51.75,5.25
2025-04-02 03:00:00,-8.843613,-2.3721466,279.7539,102463.08,51.75,5.25
2025-04-02 04:00:00,-8.713516,-2.5266113,279.54285,102476.15,51.75,5.25
2025-04-02 05:00:00,-8.56102,-2.5765076,279.13336,102485.484,51.75,5.25
2025-04-02 06:00:00,-8.483978,-2.7469025,279.52316,102519.75,51.75,5.25
2025-04-02 07:00:00,-8.504395,-2.7697601,281.15814,102509.97,51.75,5.25
2025-04-02 08:00:00,-7.694214,-2.434372,282.87033,102496.95,51.75,5.25
2025-04-02 09:00:00,-7.5331116,-2.303955,284.48138,102479.766,51.75,5.25
2025-04-02 10:00:00,-7.8219604,-2.1648407,286.65482,102432.516,51.75,5.25
2025-04-02 11:00:00,-8.211304,-2.2223358,288.03912,102347.14,51.75,5.25
2025-04-02 12:00:00,-9.053635,-2.2776184,289.17453,102258.266,51.75,5.25
2025-04-02 13:00:00,-10.448044,-1.5515594,289.9167,102214.3,51.75,5.25
2025-04-02 14:00:00,-11.20108,-0.19534302,290.23718,102123.836,51.75,5.25
2025-04-02 15:00:00,-10.755096,-0.49597168,290.23773,102063.44,51.75,5.25
2025-04-02 16:00:00,-10.265366,-0.31896973,290.1112,102034.78,51.75,5.25
2025-04-02 17:00:00,-9.942062,-0.7619934,289.60422,102018.08,51.75,5.25
2025-04-02 18:00:00,-10.218704,-1.1668549,288.49997,102041.5,51.75,5.25
2025-04-02 19:00:00,-10.586029,-1.4744873,287.383,102066.75,51.75,5.25
2025-04-02 20:00:00,-10.761902,-1.2034302,286.5999,102110.81,51.75,5.25
2025-04-02 21:00:00,-10.442215,-0.60809326,285.89398,102175.016,51.75,5.25
2025-04-02 22:00:00,-10.571564,0.07963562,285.33893,102177.78,51.75,5.25
2025-04-02 23:00:00,-9.772522,0.8546753,284.79102,102204.39,51.75,5.25
2025-04-03 00:00:00,-9.365356,0.5751343,284.1497,102220.56,51.75,5.25
2025-04-03 01:00:00,-9.485474,0.108947754,283.56207,102225.12,51.75,5.25
2025-04-03 02:00:00,-9.652908,-0.19630432,283.01965,102228.484,51.75,5.25
2025-04-03 03:00:00,-9.761398,-0.094451904,282.68958,102223.12,51.75,5.25
2025-04-03 04:00:00,-9.853867,0.4061737,282.2616,102242.61,51.75,5.25
2025-04-03 05:00:00,-9.71756,0.79345703,281.93054,102253.586,51.75,5.25
2025-04-03 06:00:00,-9.28038,1.0443573,282.3333,102269.7,51.75,5.25
2025-04-03 07:00:00,-8.648376,1.2869415,283.7988,102288.734,51.75,5.25
2025-04-03 08:00:00,-7.3189545,1.2159729,285.71786,102320.164,51.75,5.25
2025-04-03 09:00:00,-7.281708,1.7761841,287.40503,102335.34,51.75,5.25
2025-04-03 10:00:00,-7.1809845,2.1262054,289.00867,102281.2,51.75,5.25
2025-04-03 11:00:00,-7.256378,2.2752838,290.17596,102230.3,51.75,5.25
2025-04-03 12:00:00,-7.076462,2.7257385,291.37405,102196.63,51.75,5.25
2025-04-03 13:00:00,-6.7087708,3.0692291,292.26346,102182.19,51.75,5.25
2025-04-03 14:00:00,-6.447769,2.8273468,292.94708,102124.5,51.75,5.25
2025-04-03 15:00:00,-6.3803253,2.5005188,293.31998,102105.18,51.75,5.25
2025-04-03 16:00:00,-5.6370544,2.0299377,293.25104,102093.96,51.75,5.25
2025-04-03 17:00:00,-5.343384,1.5027161,292.5235,102107.625,51.75,5.25
2025-04-03 18:00:00,-5.9974365,1.2602692,290.39752,102115.766,51.75,5.25
2025-04-03 19:00:00,-6.839218,1.3236694,288.29572,102155.86,51.75,5.25
2025-04-03 20:00:00,-7.1456146,1.3285065,286.76636,102183.09,51.75,5.25
2025-04-03 21:00:00,-7.533325,1.3196411,285.97876,102171.55,51.75,5.25
2025-04-03 22:00:00,-7.372223,1.0294952,285.117,102161.83,51.75,5.25
2025-04-03 23:00:00,-7.0760956,1.6486664,284.4065,102142.375,51.75,5.25
2025-04-04 00:00:00,-6.386139,2.4903412,283.39767,102141.05,51.75,5.25
2025-04-04 01:00:00,-5.410675,3.2072296,281.82404,102142.055,51.75,5.25
2025-04-04 02:00:00,-4.8643494,3.0128326,281.10968,102130.05,51.75,5.25
2025-04-04 03:00:00,-4.656769,2.3875427,280.08398,102110.88,51.75,5.25
2025-04-04 04:00:00,-4.708893,1.9593353,279.4244,102098.75,51.75,5.25
2025-04-04 05:00:00,-4.5789337,1.8519287,279.17615,102108.6,51.75,5.25
2025-04-04 06:00:00,-4.7467346,1.3699799,279.8286,102130.625,51.75,5.25
2025-04-04 07:00:00,-5.0389557,0.5459442,283.95728,102129.77,51.75,5.25
2025-04-04 08:00:00,-3.964981,-0.35011292,286.98834,102124.84,51.75,5.25
2025-04-04 09:00:00,-3.6482086,-1.059555,289.47522,102123.69,51.75,5.25
2025-04-04 10:00:00,-3.8689575,-1.2892761,291.35956,102068.805,51.75,5.25
2025-04-04 11:00:00,-4.464203,-1.492279,292.76898,102045.25,51.75,5.25
2025-04-04 12:00:00,-4.9466095,-1.1116028,293.72784,101944.36,51.75,5.25
2025-04-04 13:00:00,-4.4246063,-1.2086182,294.49445,101934.86,51.75,5.25
2025-04-04 14:00:00,-4.1341095,-1.573349,294.8161,101809.59,51.75,5.25
2025-04-04 15:00:00,-3.9150696,-2.1316223,294.94513,101787.57,51.75,5.25
2025-04-04 16:00:00,-3.804123,-2.8517456,294.56863,101710.06,51.75,5.25
2025-04-04 17:00:00,-3.8542175,-3.821518,293.54767,101707.53,51.75,5.25
2025-04-04 18:00:00,-4.324829,-4.8760834,291.03717,101675.66,51.75,5.25
2025-04-04 19:00:00,-5.0271606,-5.969879,288.8106,101736.16,51.75,5.25
2025-04-04 20:00:00,-5.4762573,-6.723633,287.73013,101724.695,51.75,5.25
2025-04-04 21:00:00,-5.88826,-6.9703217,286.54852,101759.3,51.75,5.25
2025-04-04 22:00:00,-6.275589,-7.4204865,285.23724,101764.56,51.75,5.25
2025-04-04 23:00:00,-6.727188,-6.2203674,284.51648,101794.8,51.75,5.25
2025-04-05 00:00:00,-6.3807373,-4.810608,283.49097,101789.766,51.75,5.25
2025-04-05 01:00:00,-5.7553253,-4.870636,282.02814,101785.3,51.75,5.25
2025-04-05 02:00:00,-5.127075,-4.9089966,280.99353,101765.67,51.75,5.25
2025-04-05 03:00:00,-4.9897156,-5.2530518,280.30106,101755.87,51.75,5.25
2025-04-05 04:00:00,-5.2782745,-5.740448,279.55988,101762.08,51.75,5.25
2025-04-05 05:00:00,-5.6850586,-5.3799744,279.11206,101781.266,51.75,5.25
2025-04-05 06:00:00,-6.158844,-4.887207,279.5808,101845.58,51.75,5.25
2025-04-05 07:00:00,-5.5442657,-4.046631,281.455,101880.07,51.75,5.25
2025-04-05 08:00:00,-5.4188843,-4.108032,283.1903,101922.25,51.75,5.25
2025-04-05 09:00:00,-5.0218506,-3.8457336,285.09265,101918.266,51.75,5.25
2025-04-05 10:00:00,-4.6880035,-3.7318726,286.65726,101929.69,51.75,5.25
2025-04-05 11:00:00,-4.797348,-4.5816345,287.84888,101917.85,51.75,5.25
2025-04-05 12:00:00,-4.9211426,-4.5897217,288.81708,101907.06,51.75,5.25
2025-04-05 13:00:00,-4.8788147,-4.413437,289.56647,101866.55,51.75,5.25
2025-04-05 14:00:00,-5.038086,-5.019638,289.79803,101831.06,51.75,5.25
2025-04-05 15:00:00,-5.5305176,-5.4703827,289.72028,101809.75,51.75,5.25
2025-04-05 16:00:00,-5.960266,-5.729843,289.302,101811.24,51.75,5.25
2025-04-05 17:00:00,-6.1294403,-5.897339,288.19574,101815.98,51.75,5.25
2025-04-05 18:00:00,-6.851593,-6.1619873,286.52118,101857.67,51.75,5.25
2025-04-05 19:00:00,-7.5151978,-5.902603,284.89917,101932.66,51.75,5.25
2025-04-05 20:00:00,-7.7989807,-5.1708984,283.8647,101991.42,51.75,5.25
2025-04-05 21:00:00,-8.056366,-4.6654205,282.98535,102051.69,51.75,5.25
2025-04-05 22:00:00,-8.209198,-4.37323,282.09357,102100.38,51.75,5.25
2025-04-05 23:00:00,-8.639084,-3.604782,281.37592,102145.0,51.75,5.25
2025-04-06 00:00:00,-8.750931,-2.948349,280.68295,102188.94,51.75,5.25
2025-04-06 01:00:00,-8.741898,-2.5547485,279.83432,102217.05,51.75,5.25
2025-04-06 02:00:00,-8.661789,-2.352478,279.02393,102257.78,51.75,5.25
2025-04-06 03:00:00,-8.723587,-2.1813354,278.43073,102302.3,51.75,5.25
2025-04-06 04:00:00,-8.85585,-1.6708832,277.89127,102340.59,51.75,5.25
2025-04-06 05:00:00,-9.006775,-1.121872,277.4042,102391.81,51.75,5.25
2025-04-06 06:00:00,-9.040817,-0.37243652,277.82263,102464.4,51.75,5.25
2025-04-06 07:00:00,-8.729218,0.17530823,279.1736,102514.89,51.75,5.25
2025-04-06 08:00:00,-8.6167755,1.3748474,280.36572,102546.23,51.75,5.25
2025-04-06 09:00:00,-7.9156647,1.4691925,281.50427,102581.3,51.75,5.25
2025-04-06 10:00:00,-6.619644,0.87675476,282.57153,102574.734,51.75,5.25
2025-04-06 11:00:00,-6.5498047,0.266037,283.5217,102547.516,51.75,5.25
2025-04-06 12:00:00,-6.416153,-0.37852478,284.21582,102536.81,51.75,5.25
2025-04-06 13:00:00,-6.4861298,-1.0861664,284.90906,102494.2,51.75,5.25
2025-04-06 14:00:00,-6.3964996,-1.3451996,285.3299,102454.11,51.75,5.25
2025-04-06 15:00:00,-6.3002014,-1.4221039,285.46375,102396.75,51.75,5.25
2025-04-06 16:00:00,-6.303482,-1.5263672,285.19073,102355.26,51.75,5.25
2025-04-06 17:00:00,-6.075119,-1.6440582,284.51904,102342.016,51.75,5.25
2025-04-06 18:00:00,-6.034897,-1.842865,283.01578,102339.7,51.75,5.25
2025-04-06 19:00:00,-6.4953613,-1.9589996,281.17242,102399.58,51.75,5.25
2025-04-06 20:00:00,-6.6685333,-1.7092285,280.1076,102439.31,51.75,5.25
2025-04-06 21:00:00,-6.640152,-1.6907501,279.268,102468.22,51.75,5.25
2025-04-06 22:00:00,-6.458084,-2.2918243,278.4478,102507.2,51.75,5.25
2025-04-06 23:00:00,-6.3391724,-2.0419006,277.55804,102518.07,51.75,5.25
2025-04-07 00:00:00,-6.0271454,-2.0966187,277.0418,102534.03,51.75,5.25
2025-04-07 01:00:00,-6.0373077,-1.9740295,276.35458,102511.37,51.75,5.25
2025-04-07 02:00:00,-6.2033386,-1.39505,275.7188,102511.875,51.75,5.25
2025-04-07 03:00:00,-5.7495575,-0.7019348,275.06165,102481.09,51.75,5.25
2025-04-07 04:00:00,-5.3185577,-0.45077515,274.7693,102505.47,51.75,5.25
2025-04-07 05:00:00,-5.2602997,-0.37443542,274.51056,102541.484,51.75,5.25
2025-04-07 06:00:00,-5.3142548,-0.25437927,275.4475,102594.33,51.75,5.25
2025-04-07 07:00:00,-4.2393036,-0.13032532,278.68588,102627.05,51.75,5.25
2025-04-07 08:00:00,-3.352707,0.02482605,280.96545,102649.05,51.75,5.25
2025-04-07 09:00:00,-3.3821564,-0.023956299,282.62503,102683.66,51.75,5.25
2025-04-07 10:00:00,-3.4136963,0.2820282,283.63315,102678.72,51.75,5.25
2025-04-07 11:00:00,-3.4360962,0.0953064,284.25055,102649.875,51.75,5.25
2025-04-07 12:00:00,-3.0438995,-0.49899292,285.0821,102620.734,51.75,5.25
2025-04-07 13:00:00,-2.924942,-1.0497131,285.54733,102594.16,51.75,5.25
2025-04-07 14:00:00,-2.8888397,-1.4196472,286.10843,102550.87,51.75,5.25
2025-04-07 15:00:00,-3.0600433,-1.6092072,286.45862,102526.68,51.75,5.25
2025-04-07 16:00:00,-3.1315765,-1.8246765,286.36377,102503.64,51.75,5.25
2025-04-07 17:00:00,-3.0195007,-1.9223022,285.81403,102505.21,51.75,5.25
2025-04-07 18:00:00,-2.933548,-2.270874,283.77988,102533.29,51.75,5.25
2025-04-07 19:00:00,-3.2220612,-2.8470154,281.20718,102592.984,51.75,5.25
2025-04-07 20:00:00,-3.8540497,-3.4116516,279.79956,102624.984,51.75,5.25
2025-04-07 21:00:00,-4.8858337,-3.76445,279.57346,102643.95,51.75,5.25
2025-04-07 22:00:00,-5.187439,-4.3593903,279.33386,102668.26,51.75,5.25
2025-04-07 23:00:00,-6.0814514,-4.2431183,278.92087,102673.06,51.75,5.25
2025-04-08 00:00:00,-6.2763214,-3.6700897,278.4038,102683.81,51.75,5.25
2025-04-08 01:00:00,-6.1054993,-3.1424255,277.75427,102703.664,51.75,5.25
2025-04-08 02:00:00,-6.045578,-2.7420654,277.0794,102706.445,51.75,5.25
2025-04-08 03:00:00,-5.8496246,-2.339569,276.47406,102697.22,51.75,5.25
2025-04-08 04:00:00,-5.7190094,-2.1868286,276.07,102711.2,51.75,5.25
2025-04-08 05:00:00,-5.8565674,-1.95784,275.68695,102715.484,51.75,5.25
2025-04-08 06:00:00,-5.646652,-1.6579437,276.49445,102743.22,51.75,5.25
2025-04-08 07:00:00,-4.1345673,-1.1092224,279.41626,102776.09,51.75,5.25
2025-04-08 08:00:00,-3.2487488,-0.6819,281.66068,102783.375,51.75,5.25
2025-04-08 09:00:00,-2.982605,-0.52690125,283.8837,102784.164,51.75,5.25
2025-04-08 10:00:00,-2.4448547,-0.8127899,285.86322,102788.83,51.75,5.25
2025-04-08 11:00:00,-2.1808777,-1.2268066,287.23837,102754.27,51.75,5.25
2025-04-08 12:00:00,-1.923645,-1.199295,288.0316,102707.89,51.75,5.25
2025-04-08 13:00:00,-1.7492371,-1.2044067,288.54224,102650.03,51.75,5.25
2025-04-08 14:00:00,-1.7584534,-1.4054108,288.88177,102574.19,51.75,5.25
2025-04-08 15:00:00,-1.7359467,-1.7152405,288.97687,102491.39,51.75,5.25
2025-04-08 16:00:00,-1.4858398,-2.4387817,288.81207,102466.8,51.75,5.25
2025-04-08 17:00:00,-1.0358124,-4.1625214,287.93262,102458.95,51.75,5.25
2025-04-08 18:00:00,-0.90760803,-6.30159,285.99622,102459.69,51.75,5.25
2025-04-08 19:00:00,-1.404419,-7.521332,284.11407,102489.79,51.75,5.25
2025-04-08 20:00:00,-1.9401245,-7.455353,282.95023,102508.06,51.75,5.25
2025-04-08 21:00:00,-2.357727,-7.1558228,281.4704,102503.61,51.75,5.25
2025-04-08 22:00:00,-2.6341705,-7.0923157,280.02625,102529.08,51.75,5.25
2025-04-08 23:00:00,-2.67807,-6.5902863,279.22668,102538.66,51.75,5.25
2025-04-09 00:00:00,-3.0386505,-5.9479218,278.3681,102516.86,51.75,5.25
2025-04-09 01:00:00,-3.1754456,-5.2669983,277.85876,102497.695,51.75,5.25
2025-04-09 02:00:00,-3.084488,-5.059952,277.4312,102467.03,51.75,5.25
2025-04-09 03:00:00,-2.649002,-4.856613,277.0595,102423.5,51.75,5.25
2025-04-09 04:00:00,-2.100113,-4.992462,277.1307,102438.33,51.75,5.25
2025-04-09 05:00:00,-1.8399811,-5.379547,277.25372,102448.81,51.75,5.25
2025-04-09 06:00:00,-2.018692,-5.589691,277.71304,102507.16,51.75,5.25
2025-04-09 07:00:00,-1.7288208,-4.6144104,278.71356,102554.31,51.75,5.25
2025-04-09 08:00:00,-1.8497162,-4.716522,280.1037,102600.266,51.75,5.25
2025-04-09 09:00:00,-1.7484894,-4.3907013,281.38055,102625.46,51.75,5.25
2025-04-09 10:00:00,-1.5323486,-3.4934387,283.00226,102675.07,51.75,5.25
2025-04-09 11:00:00,-0.69618225,-3.7746735,284.6304,102656.7,51.75,5.25
2025-04-09 12:00:00,-0.48083496,-4.1711273,285.7862,102635.25,51.75,5.25
2025-04-09 13:00:00,-0.6076355,-5.146286,286.5451,102635.3,51.75,5.25
2025-04-09 14:00:00,-0.29942322,-5.307556,286.84985,102585.625,51.75,5.25
2025-04-09 15:00:00,0.008850098,-6.2556,286.50244,102584.8,51.75,5.25
2025-04-09 16:00:00,0.3647461,-6.325424,285.73987,102601.47,51.75,5.25
2025-04-09 17:00:00,1.055191,-6.617157,284.28162,102621.4,51.75,5.25
2025-04-09 18:00:00,1.016449,-8.016113,282.48395,102696.8,51.75,5.25
2025-04-09 19:00:00,0.18571472,-7.5979004,281.0402,102791.734,51.75,5.25
2025-04-09 20:00:00,0.6751404,-6.214096,280.41174,102794.484,51.75,5.25
2025-04-09 21:00:00,0.8480377,-5.9423523,279.96124,102845.6,51.75,5.25
2025-04-09 22:00:00,0.85224915,-5.4852448,279.73367,102879.016,51.75,5.25
2025-04-09 23:00:00,1.2996826,-5.311966,280.03833,102897.97,51.75,5.25
2025-04-10 00:00:00,2.0421295,-4.2914886,280.36816,102891.766,51.75,5.25
2025-04-10 01:00:00,2.819687,-3.7214508,280.87488,102861.23,51.75,5.25
2025-04-10 02:00:00,3.0084686,-3.7817688,280.99536,102832.39,51.75,5.25
2025-04-10 03:00:00,3.1831055,-4.0008545,281.00986,102802.58,51.75,5.25
2025-04-10 04:00:00,3.1217346,-4.5449677,280.83264,102809.125,51.75,5.25
2025-04-10 05:00:00,3.1493835,-4.494293,280.60583,102843.055,51.75,5.25
2025-04-10 06:00:00,3.0964355,-4.4111176,280.91922,102872.44,51.75,5.25
2025-04-10 07:00:00,2.2953339,-5.5414886,281.26196,102911.72,51.75,5.25
2025-04-10 08:00:00,1.8231964,-5.5722504,281.93018,102920.41,51.75,5.25
2025-04-10 09:00:00,1.8235016,-4.8304443,282.5814,102929.08,51.75,5.25
2025-04-10 10:00:00,1.2597046,-3.7516022,283.12247,102925.29,51.75,5.25
2025-04-10 11:00:00,1.378891,-3.0988617,283.73853,102909.664,51.75,5.25
2025-04-10 12:00:00,1.6884155,-2.743805,284.94873,102865.734,51.75,5.25
2025-04-10 13:00:00,2.0782928,-3.0688477,285.65607,102834.19,51.75,5.25
2025-04-10 14:00:00,2.2850494,-3.49263,286.34317,102771.64,51.75,5.25
2025-04-10 15:00:00,2.451767,-4.1855316,286.51257,102710.484,51.75,5.25
2025-04-10 16:00:00,2.3937988,-4.547333,286.25024,102662.484,51.75,5.25
2025-04-10 17:00:00,2.4859009,-4.554062,285.41217,102632.945,51.75,5.25
2025-04-10 18:00:00,2.9389343,-4.707077,284.04767,102625.734,51.75,5.25
2025-04-10 19:00:00,3.0654297,-4.9791107,281.99323,102654.08,51.75,5.25
2025-04-10 20:00:00,2.8974152,-4.6436157,280.59302,102644.0,51.75,5.25
2025-04-10 21:00:00,2.9380646,-4.182251,279.7396,102626.11,51.75,5.25
2025-04-10 22:00:00,3.4361267,-4.030838,278.68408,102603.94,51.75,5.25
2025-04-10 23:00:00,3.06221,-3.5592346,277.97122,102581.47,51.75,5.25
2025-04-11 00:00:00,2.9882965,-2.7470398,277.37726,102525.83,51.75,5.25
2025-04-11 01:00:00,3.1798859,-2.0278473,276.6827,102474.44,51.75,5.25
2025-04-11 02:00:00,3.4094543,-1.4894409,276.80927,102428.69,51.75,5.25
2025-04-11 03:00:00,3.8045654,-0.92855835,276.1563,102393.58,51.75,5.25
2025-04-11 04:00:00,4.149002,-0.28767395,276.1762,102359.12,51.75,5.25
2025-04-11 05:00:00,4.422867,0.3773651,276.5941,102327.16,51.75,5.25
2025-04-11 06:00:00,4.690338,1.2983704,277.39972,102336.266,51.75,5.25
2025-04-11 07:00:00,3.9907837,1.979065,279.51843,102319.66,51.75,5.25
2025-04-11 08:00:00,3.7545319,1.7240295,281.92267,102299.016,51.75,5.25
2025-04-11 09:00:00,4.1323395,1.276947,284.4668,102285.75,51.75,5.25
2025-04-11 10:00:00,3.965393,1.1769714,286.86884,102232.664,51.75,5.25
2025-04-11 11:00:00,4.3019104,0.55810547,288.705,102209.57,51.75,5.25
2025-04-11 12:00:00,4.4905396,-0.13446045,290.0235,102139.95,51.75,5.25
2025-04-11 13:00:00,4.480728,-0.8821411,291.0912,102086.5,51.75,5.25
2025-04-11 14:00:00,4.089615,-1.7597809,291.5149,102039.2,51.75,5.25
2025-04-11 15:00:00,3.5736847,-2.4746094,291.4918,101984.734,51.75,5.25
2025-04-11 16:00:00,3.17865,-3.0410461,291.0265,101948.22,51.75,5.25
2025-04-11 17:00:00,2.6847382,-3.6743622,290.06848,101909.91,51.75,5.25
2025-04-11 18:00:00,2.0562744,-4.1990967,288.64908,101898.266,51.75,5.25
2025-04-11 19:00:00,0.94763184,-4.4982147,285.78223,101888.61,51.75,5.25
2025-04-11 20:00:00,-0.69792175,-4.3490753,283.6407,101876.3,51.75,5.25
2025-04-11 21:00:00,-2.2206879,-3.7129517,281.67224,101842.61,51.75,5.25
2025-04-11 22:00:00,-3.5797272,-2.9434052,281.35602,101806.57,51.75,5.25
2025-04-11 23:00:00,-4.7200775,-2.0368958,280.74323,101744.97,51.75,5.25
2025-04-12 00:00:00,-5.2099,-0.9559021,280.41516,101698.58,51.75,5.25
2025-04-12 01:00:00,-5.3437347,0.10580444,279.87976,101620.805,51.75,5.25
2025-04-12 02:00:00,-5.2148895,1.3459473,279.3664,101572.914,51.75,5.25
2025-04-12 03:00:00,-4.638916,2.3003235,278.86713,101540.016,51.75,5.25
2025-04-12 04:00:00,-4.5762177,2.8034363,279.0869,101501.17,51.75,5.25
2025-04-12 05:00:00,-4.712372,3.111969,279.08197,101466.7,51.75,5.25
2025-04-12 06:00:00,-4.9786224,3.0682068,280.82516,101444.086,51.75,5.25
2025-04-12 07:00:00,-5.474762,2.0663757,284.43158,101384.47,51.75,5.25
2025-04-12 08:00:00,-5.018051,1.5677032,287.41425,101294.01,51.75,5.25
2025-04-12 09:00:00,-5.301285,2.2999573,289.90466,101243.664,51.75,5.25
2025-04-12 10:00:00,-5.2970886,3.155838,291.5724,101174.92,51.75,5.25
2025-04-12 11:00:00,-5.331955,3.77948,292.96796,101070.234,51.75,5.25
2025-04-12 12:00:00,-5.9283752,3.9965668,294.2746,100938.984,51.75,5.25
2025-04-12 13:00:00,-6.0235596,4.4572754,295.21637,100810.9,51.75,5.25
2025-04-12 14:00:00,-5.7271423,4.8165283,295.96753,100679.53,51.75,5.25
2025-04-12 15:00:00,-5.7402954,5.032837,296.2166,100561.7,51.75,5.25
2025-04-12 16:00:00,-5.7609406,4.9050903,296.24677,100431.445,51.75,5.25
2025-04-12 17:00:00,-6.076996,4.811493,295.56604,100356.61,51.75,5.25
2025-04-12 18:00:00,-6.717575,4.965744,293.94733,100279.03,51.75,5.25
2025-04-12 19:00:00,-7.307251,5.6759033,292.2306,100256.41,51.75,5.25
2025-04-12 20:00:00,-6.7084656,7.1043243,291.3916,100224.33,51.75,5.25
2025-04-12 21:00:00,-3.0974731,9.0997925,291.10272,100192.734,51.75,5.25
2025-04-12 22:00:00,2.7343292,8.036346,290.45886,100176.36,51.75,5.25
2025-04-12 23:00:00,3.3443909,6.832535,289.7329,100153.2,51.75,5.25
2025-04-13 00:00:00,2.3121033,7.1308594,288.31213,100125.09,51.75,5.25
2025-04-13 01:00:00,1.3297119,7.2774353,287.45178,100071.97,51.75,5.25
2025-04-13 02:00:00,0.7013855,7.1969604,286.7091,100015.125,51.75,5.25
2025-04-13 03:00:00,1.8184814,7.4672394,286.2835,99983.875,51.75,5.25
2025-04-13 04:00:00,3.9035187,6.9340057,286.3215,99952.57,51.75,5.25
2025-04-13 05:00:00,5.867584,6.2388763,286.35733,99987.734,51.75,5.25
2025-04-13 06:00:00,6.1750946,5.9925995,286.4157,100030.766,51.75,5.25
2025-04-13 07:00:00,7.339386,6.971466,287.11237,100106.25,51.75,5.25
2025-04-13 08:00:00,8.715546,6.429245,287.7074,100189.36,51.75,5.25
2025-04-13 09:00:00,7.682373,5.8298645,288.0729,100265.24,51.75,5.25
2025-04-13 10:00:00,7.6853485,4.192444,288.14615,100348.734,51.75,5.25
2025-04-13 11:00:00,6.5590057,3.0151367,288.69788,100387.72,51.75,5.25
2025-04-13 12:00:00,6.322281,2.153305,289.56583,100404.84,51.75,5.25
2025-04-13 13:00:00,6.418442,1.7886963,289.77832,100472.91,51.75,5.25
2025-04-13 14:00:00,6.17334,1.8700714,289.6444,100485.42,51.75,5.25
2025-04-13 15:00:00,5.8846283,2.3094788,289.1191,100527.53,51.75,5.25
2025-04-13 16:00:00,6.1857147,2.767212,288.7011,100512.14,51.75,5.25
2025-04-13 17:00:00,5.8389435,2.8585205,287.9643,100583.78,51.75,5.25
2025-04-13 18:00:00,6.172699,2.8489838,286.985,100589.68,51.75,5.25
2025-04-13 19:00:00,5.3728027,2.496521,285.8291,100662.0,51.75,5.25
2025-04-13 20:00:00,4.512207,3.035202,284.43698,100702.69,51.75,5.25
2025-04-13 21:00:00,4.151169,4.2699585,283.20053,100698.94,51.75,5.25
2025-04-13 22:00:00,3.8517456,5.420288,283.79547,100740.69,51.75,5.25
2025-04-13 23:00:00,4.048706,5.7760925,283.3174,100757.42,51.75,5.25
2025-04-14 00:00:00,4.581238,5.022812,282.98108,100769.91,51.75,5.25
2025-04-14 01:00:00,5.1295013,3.7405396,283.0205,100781.29,51.75,5.25
2025-04-14 02:00:00,5.489319,3.2323303,282.77814,100783.74,51.75,5.25
2025-04-14 03:00:00,5.735367,3.0339203,282.57242,100807.19,51.75,5.25
2025-04-14 04:00:00,4.7530975,2.6293945,281.87823,100825.984,51.75,5.25
2025-04-14 05:00:00,3.8931274,2.7862396,281.51593,100857.95,51.75,5.25
2025-04-14 06:00:00,3.690689,2.761444,282.10638,100894.2,51.75,5.25
2025-04-14 07:00:00,3.3174438,2.3640137,282.9562,100936.45,51.75,5.25
2025-04-14 08:00:00,2.7342834,2.3912659,284.09125,100960.69,51.75,5.25
2025-04-14 09:00:00,1.9140472,2.7927246,285.69116,100950.78,51.75,5.25
2025-04-14 10:00:00,1.9016113,3.9832458,287.18594,100926.89,51.75,5.25
2025-04-14 11:00:00,2.0758667,3.784195,288.29932,100900.36,51.75,5.25
2025-04-14 12:00:00,1.4813995,3.5140991,289.09332,100856.84,51.75,5.25
2025-04-14 13:00:00,0.6587677,3.5348816,290.1726,100812.625,51.75,5.25
2025-04-14 14:00:00,-0.11343384,3.5335236,290.99768,100722.766,51.75,5.25
2025-04-14 15:00:00,-1.0254974,2.9730377,291.11688,100649.99,51.75,5.25
2025-04-14 16:00:00,-2.2790375,2.349823,290.98175,100581.734,51.75,5.25
2025-04-14 17:00:00,-3.825714,1.7884369,290.62845,100518.85,51.75,5.25
2025-04-14 18:00:00,-5.3749695,1.1399689,289.58243,100455.77,51.75,5.25
2025-04-14 19:00:00,-6.9675903,0.6532593,287.7251,100447.984,51.75,5.25
2025-04-14 20:00:00,-8.084213,0.42459106,286.36273,100417.125,51.75,5.25
2025-04-14 21:00:00,-8.774368,0.5449219,285.93713,100381.2,51.75,5.25
2025-04-14 22:00:00,-7.8576508,0.7810364,285.30823,100307.41,51.75,5.25
2025-04-14 23:00:00,-7.9463654,1.6994934,284.94415,100248.0,51.75,5.25
2025-04-15 00:00:00,-7.7574005,2.8435516,284.57367,100184.8,51.75,5.25
2025-04-15 01:00:00,-7.7831573,3.180664,284.37006,100080.81,51.75,5.25
2025-04-15 02:00:00,-7.4835663,3.8020172,283.7878,100022.69,51.75,5.25
2025-04-15 03:00:00,-7.453415,3.8609772,283.4223,99963.625,51.75,5.25
2025-04-15 04:00:00,-7.3497467,3.5314178,283.06372,99891.2,51.75,5.25
2025-04-15 05:00:00,-7.2037354,3.0377808,282.9866,99842.19,51.75,5.25
2025-04-15 06:00:00,-6.6998444,2.7547455,284.4889,99792.04,51.75,5.25
2025-04-15 07:00:00,-5.346344,3.5894623,286.59705,99791.53,51.75,5.25
2025-04-15 08:00:00,-5.1335144,3.2614899,288.95615,99743.91,51.75,5.25
2025-04-15 09:00:00,-3.885315,4.2141113,291.22375,99719.22,51.75,5.25
2025-04-15 10:00:00,-2.2142334,4.5056915,291.92053,99676.79,51.75,5.25
2025-04-15 11:00:00,-0.9954376,5.3930817,292.10565,99668.97,51.75,5.25
2025-04-15 12:00:00,-1.0127106,5.8952484,292.69965,99633.97,51.75,5.25
2025-04-15 13:00:00,-0.53482056,7.424774,292.7396,99632.484,51.75,5.25
2025-04-15 14:00:00,2.8313446,7.682556,291.94202,99672.97,51.75,5.25
2025-04-15 15:00:00,3.8032837,4.6544647,290.15228,99727.625,51.75,5.25
2025-04-15 16:00:00,3.8070526,2.9513092,288.9651,99747.1,51.75,5.25
2025-04-15 17:00:00,2.9385223,2.0323486,288.78064,99801.375,51.75,5.25
2025-04-15 18:00:00,1.7995605,1.8283234,288.21353,99868.125,51.75,5.25
2025-04-15 19:00:00,0.848114,2.5003662,286.8876,99937.2,51.75,5.25
2025-04-15 20:00:00,-0.1264801,3.632019,286.32617,99994.53,51.75,5.25
2025-04-15 21:00:00,0.09446716,5.1342773,285.98895,100007.85,51.75,5.25
2025-04-15 22:00:00,1.7787018,6.0653687,285.45654,100074.56,51.75,5.25
2025-04-15 23:00:00,3.1271515,6.1932373,285.29657,100137.266,51.75,5.25
2025-04-16 00:00:00,3.928131,6.7313843,285.07385,100207.11,51.75,5.25
2025-04-16 01:00:00,4.8312073,5.6330566,284.95554,100223.01,51.75,5.25
2025-04-16 02:00:00,4.8152924,5.0309143,284.4483,100282.4,51.75,5.25
2025-04-16 03:00:00,4.529236,4.3484955,284.40747,100321.58,51.75,5.25
2025-04-16 04:00:00,4.8241577,3.7300415,284.3169,100358.484,51.75,5.25
2025-04-16 05:00:00,4.4974976,3.4306183,284.02032,100428.36,51.75,5.25
2025-04-16 06:00:00,3.9917755,3.5641174,284.0863,100535.79,51.75,5.25
2025-04-16 07:00:00,2.870514,2.706665,283.98013,100589.25,51.75,5.25
2025-04-16 08:00:00,2.5379944,2.8516235,284.10422,100694.19,51.75,5.25
2025-04-16 09:00:00,2.2962036,3.1615295,284.274,100780.2,51.75,5.25
2025-04-16 10:00:00,2.7281036,3.2198334,284.062,100868.336,51.75,5.25
2025-04-16 11:00:00,2.4399414,3.2570343,284.34366,100876.84,51.75,5.25
2025-04-16 12:00:00,2.4211426,3.2557526,284.55872,100930.95,51.75,5.25
2025-04-16 13:00:00,2.707718,3.2208405,284.77185,100969.27,51.75,5.25
2025-04-16 14:00:00,3.7771912,2.8313904,285.09467,100973.5,51.75,5.25
2025-04-16 15:00:00,3.0846405,1.9362335,285.11633,100993.31,51.75,5.25
2025-04-16 16:00:00,2.6754608,1.9494171,284.98856,101076.56,51.75,5.25
2025-04-16 17:00:00,0.67385864,0.74598694,284.7237,101048.85,51.75,5.25
2025-04-16 18:00:00,0.50349426,0.35890198,284.06436,101085.0,51.75,5.25
2025-04-16 19:00:00,0.29684448,0.8090973,282.8518,101135.914,51.75,5.25
2025-04-16 20:00:00,0.1650238,1.0680084,282.62616,101180.35,51.75,5.25
2025-04-16 21:00:00,-0.0035095215,1.0663147,282.3495,101208.66,51.75,5.25
2025-04-16 22:00:00,-0.19927979,-0.21160889,282.46088,101220.58,51.75,5.25
2025-04-16 23:00:00,-0.6977844,-0.6721649,282.268,101193.055,51.75,5.25
2025-04-17 00:00:00,-1.2419281,-0.54867554,282.1118,101203.75,51.75,5.25
2025-04-17 01:00:00,-1.0930939,-0.8071747,282.12607,101128.44,51.75,5.25
2025-04-17 02:00:00,-0.2775116,0.50323486,281.76404,101174.09,51.75,5.25
2025-04-17 03:00:00,0.21298218,0.8056793,281.4854,101188.75,51.75,5.25
2025-04-17 04:00:00,0.643692,0.6638336,281.13202,101188.57,51.75,5.25
2025-04-17 05:00:00,1.3548279,0.5774536,281.2309,101194.266,51.75,5.25
2025-04-17 06:00:00,2.7009888,0.25952148,281.49817,101220.21,51.75,5.25
2025-04-17 07:00:00,3.06427,-0.9760132,282.36615,101204.555,51.75,5.25
2025-04-17 08:00:00,2.3675232,-2.2574768,282.74942,101180.45,51.75,5.25
2025-04-17 09:00:00,2.4023285,-2.3144073,283.4702,101207.695,51.75,5.25
2025-04-17 10:00:00,2.1634827,-2.1590118,284.09207,101257.99,51.75,5.25
2025-04-17 11:00:00,1.6706085,-3.4854584,284.54987,101210.51,51.75,5.25
2025-04-17 12:00:00,0.6663666,-4.0354767,284.9057,101202.625,51.75,5.25
2025-04-17 13:00:00,0.35150146,-2.247696,284.6825,101239.71,51.75,5.25
2025-04-17 14:00:00,0.9147644,-1.507782,284.20944,101243.31,51.75,5.25
2025-04-17 15:00:00,1.7042542,-2.0862732,283.9823,101273.09,51.75,5.25
2025-04-17 16:00:00,2.0093994,-2.4621887,283.63098,101290.78,51.75,5.25
2025-04-17 17:00:00,1.1595001,-2.6895752,283.51416,101326.984,51.75,5.25
2025-04-17 18:00:00,0.75097656,-2.912094,282.93445,101367.016,51.75,5.25
2025-04-17 19:00:00,0.9510498,-3.687317,282.4345,101395.14,51.75,5.25
2025-04-17 20:00:00,0.78071594,-4.119873,282.03732,101397.234,51.75,5.25
2025-04-17 21:00:00,0.5576477,-3.2254791,281.55328,101394.1,51.75,5.25
2025-04-17 22:00:00,0.4010315,-2.565506,280.8384,101411.97,51.75,5.25
2025-04-17 23:00:00,1.5278473,-2.0105133,281.03345,101415.05,51.75,5.25
2025-04-18 00:00:00,2.4255066,-1.7029266,280.97296,101447.914,51.75,5.25
2025-04-18 01:00:00,3.3661804,-1.6401215,280.9311,101454.16,51.75,5.25
2025-04-18 02:00:00,3.4396362,-1.8735199,280.8847,101437.12,51.75,5.25
2025-04-18 03:00:00,3.0103912,-1.3755646,280.8775,101466.42,51.75,5.25
2025-04-18 04:00:00,2.2272491,-1.7260437,280.77063,101493.67,51.75,5.25
2025-04-18 05:00:00,1.8882599,-2.5267792,280.50092,101489.91,51.75,5.25
2025-04-18 06:00:00,0.14906311,-2.3625183,280.59628,101503.71,51.75,5.25
2025-04-18 07:00:00,-0.8012543,-1.1898804,281.3884,101528.664,51.75,5.25
2025-04-18 08:00:00,-0.3330078,0.032684326,282.55353,101561.625,51.75,5.25
2025-04-18 09:00:00,-0.14076233,0.7142334,283.62164,101562.05,51.75,5.25
2025-04-18 10:00:00,-0.06889343,2.4284515,284.02838,101563.64,51.75,5.25
2025-04-18 11:00:00,0.94322205,2.2887268,285.1713,101493.81,51.75,5.25
2025-04-18 12:00:00,1.273941,1.7160187,286.367,101455.984,51.75,5.25
2025-04-18 13:00:00,0.86795044,0.8045044,287.09424,101394.234,51.75,5.25
2025-04-18 14:00:00,0.41630554,-0.15132141,287.74384,101342.6,51.75,5.25
2025-04-18 15:00:00,-0.35305786,-1.0150757,287.93198,101330.42,51.75,5.25
2025-04-18 16:00:00,-1.8796692,-1.4547119,287.73615,101276.266,51.75,5.25
2025-04-18 17:00:00,-2.6380615,-1.1513824,287.22287,101270.67,51.75,5.25
2025-04-18 18:00:00,-4.0514374,-0.78022766,285.7201,101270.195,51.75,5.25
2025-04-18 19:00:00,-5.407776,-0.16847229,283.4087,101283.38,51.75,5.25
2025-04-18 20:00:00,-5.1762543,0.5885773,282.38495,101273.61,51.75,5.25
2025-04-18 21:00:00,-4.6402435,0.74838257,281.82227,101268.03,51.75,5.25
2025-04-18 22:00:00,-3.9320068,0.44857788,280.24884,101253.25,51.75,5.25
2025-04-18 23:00:00,-4.2139435,-0.105667114,279.96924,101237.66,51.75,5.25
2025-04-19 00:00:00,-4.501129,-0.31762695,279.3304,101215.92,51.75,5.25
2025-04-19 01:00:00,-4.538376,-0.45780945,278.83344,101171.1,51.75,5.25
2025-04-19 02:00:00,-5.000641,-0.71658325,278.58618,101132.09,51.75,5.25
2025-04-19 03:00:00,-5.0940247,-0.56282043,278.43237,101094.21,51.75,5.25
2025-04-19 04:00:00,-5.2356415,-0.51123047,278.1624,101113.24,51.75,5.25
2025-04-19 05:00:00,-5.077072,-0.56832886,278.04965,101117.08,51.75,5.25
2025-04-19 06:00:00,-4.7759247,-0.8247986,279.7652,101080.26,51.75,5.25
2025-04-19 07:00:00,-3.5108185,-0.7230072,282.02148,101085.766,51.75,5.25
2025-04-19 08:00:00,-2.8565826,-0.335083,283.69244,101069.83,51.75,5.25
2025-04-19 09:00:00,-2.8468628,-0.75161743,285.20084,101051.11,51.75,5.25
2025-04-19 10:00:00,-2.4524536,-1.5342407,286.37744,101012.19,51.75,5.25
2025-04-19 11:00:00,-3.0670776,-1.9093475,287.14136,100977.766,51.75,5.25
2025-04-19 12:00:00,-2.981247,-2.3680725,287.79767,100929.734,51.75,5.25
2025-04-19 13:00:00,-3.5078735,-2.7400818,288.27435,100878.78,51.75,5.25
2025-04-19 14:00:00,-3.8841858,-2.8615417,288.5252,100829.06,51.75,5.25
2025-04-19 15:00:00,-4.098984,-2.5721283,288.60077,100783.86,51.75,5.25
2025-04-19 16:00:00,-3.9592743,-2.7528992,288.45813,100756.8,51.75,5.25
2025-04-19 17:00:00,-3.5942688,-3.1633148,288.04974,100715.516,51.75,5.25
2025-04-19 18:00:00,-3.2245026,-4.496582,286.65295,100707.34,51.75,5.25
2025-04-19 19:00:00,-3.343216,-5.971817,284.67004,100724.875,51.75,5.25
2025-04-19 20:00:00,-3.7006683,-6.8178864,283.1266,100760.07,51.75,5.25
2025-04-19 21:00:00,-4.216034,-7.0198975,282.0161,100755.78,51.75,5.25
2025-04-19 22:00:00,-4.8750153,-5.891876,280.64954,100746.78,51.75,5.25
2025-04-19 23:00:00,-4.837906,-5.221985,279.87662,100716.44,51.75,5.25
2025-04-20 00:00:00,-4.70932,-4.449524,279.56296,100695.95,51.75,5.25
2025-04-20 01:00:00,-4.4430695,-4.4407806,278.72308,100663.234,51.75,5.25
2025-04-20 02:00:00,-4.420059,-4.7341156,278.54987,100644.8,51.75,5.25
2025-04-20 03:00:00,-4.4576263,-4.728607,278.55804,100639.41,51.75,5.25
2025-04-20 04:00:00,-4.5195923,-4.475601,278.44952,100630.94,51.75,5.25
2025-04-20 05:00:00,-4.3947144,-4.0414124,278.53687,100656.695,51.75,5.25
2025-04-20 06:00:00,-3.9079895,-3.341858,279.2633,100668.98,51.75,5.25
2025-04-20 07:00:00,-2.905182,-2.734848,280.7907,100672.34,51.75,5.25
2025-04-20 08:00:00,-2.3206787,-2.623352,282.31244,100661.33,51.75,5.25
2025-04-20 09:00:00,-2.3321075,-2.861557,284.4178,100653.97,51.75,5.25
2025-04-20 10:00:00,-1.451294,-3.1037598,286.51843,100644.92,51.75,5.25
2025-04-20 11:00:00,-1.2375946,-2.4721527,287.7594,100639.36,51.75,5.25
2025-04-20 12:00:00,-0.6920166,-1.9049377,288.7082,100642.66,51.75,5.25
2025-04-20 13:00:00,-0.09365845,-2.1042328,289.26788,100622.31,51.75,5.25
2025-04-20 14:00:00,-0.34526062,-1.89357,289.1568,100607.47,51.75,5.25
2025-04-20 15:00:00,0.27098083,-1.5848236,289.10004,100612.97,51.75,5.25
2025-04-20 16:00:00,0.16850281,-2.0297241,288.6686,100589.125,51.75,5.25
2025-04-20 17:00:00,-0.8944092,-2.6535034,288.15942,100601.95,51.75,5.25
2025-04-20 18:00:00,-2.0133514,-2.9368134,286.95264,100624.95,51.75,5.25
2025-04-20 19:00:00,-1.8972931,-2.110489,285.86526,100689.91,51.75,5.25
2025-04-20 20:00:00,-1.9659119,-1.3113251,285.12482,100757.7,51.75,5.25
2025-04-20 21:00:00,-2.3943024,-0.80656433,284.57806,100761.664,51.75,5.25
2025-04-20 22:00:00,-1.24469,0.8903656,284.35428,100799.34,51.75,5.25
2025-04-20 23:00:00,-0.7914429,0.056732178,283.99335,100749.06,51.75,5.25
2025-04-21 00:00:00,0.106781006,-0.45639038,283.79956,100748.27,51.75,5.25
2025-04-21 01:00:00,-0.17253113,-0.11520386,283.41248,100749.16,51.75,5.25
2025-04-21 02:00:00,-0.7595978,0.8132782,283.06842,100752.11,51.75,5.25
2025-04-21 03:00:00,-0.59994507,2.0753632,282.6092,100754.67,51.75,5.25
2025-04-21 04:00:00,-0.5158539,2.492691,281.60522,100764.97,51.75,5.25
2025-04-21 05:00:00,-0.47943115,2.10495,281.7121,100774.74,51.75,5.25
2025-04-21 06:00:00,-0.15585327,1.8127899,282.67545,100789.484,51.75,5.25
2025-04-21 07:00:00,0.012863159,2.2514954,283.87427,100848.69,51.75,5.25
2025-04-21 08:00:00,0.6134949,2.7814026,284.92105,100855.98,51.75,5.25
2025-04-21 09:00:00,1.1341095,2.25589,286.25067,100915.76,51.75,5.25
2025-04-21 10:00:00,1.7329559,2.0731049,287.35577,100905.57,51.75,5.25
2025-04-21 11:00:00,1.897934,2.4543152,287.9157,100921.17,51.75,5.25
2025-04-21 12:00:00,1.5135956,2.434372,287.81104,100938.44,51.75,5.25
2025-04-21 13:00:00,1.1638489,2.1839142,287.9652,100941.17,51.75,5.25
2025-04-21 14:00:00,0.8299866,2.1718903,288.15985,100967.52,51.75,5.25
2025-04-21 15:00:00,1.9034424,2.216858,288.3982,100990.875,51.75,5.25
2025-04-21 16:00:00,2.7706604,2.022049,288.26862,100995.984,51.75,5.25
2025-04-21 17:00:00,3.4196777,1.2107391,287.7455,101043.51,51.75,5.25
2025-04-21 18:00:00,3.6607666,0.77233887,287.16296,101090.555,51.75,5.25
2025-04-21 19:00:00,3.8762054,0.072906494,286.2352,101141.11,51.75,5.25
2025-04-21 20:00:00,3.8588562,-0.84646606,284.93835,101216.72,51.75,5.25
2025-04-21 21:00:00,3.4489136,-0.89790344,284.29602,101258.14,51.75,5.25
2025-04-21 22:00:00,4.517029,-0.51127625,283.17548,101297.06,51.75,5.25
2025-04-21 23:00:00,4.51474,-0.15383911,283.09943,101350.25,51.75,5.25
2025-04-22 00:00:00,4.3998566,0.43818665,283.65356,101379.49,51.75,5.25
2025-04-22 01:00:00,4.4782257,1.1896667,283.67328,101399.22,51.75,5.25
2025-04-22 02:00:00,4.500351,2.1369324,283.78156,101419.64,51.75,5.25
2025-04-22 03:00:00,4.4040375,2.7949677,283.72778,101428.484,51.75,5.25
2025-04-22 04:00:00,4.319046,2.908783,283.38416,101433.07,51.75,5.25
2025-04-22 05:00:00,4.15184,3.0151062,283.59906,101486.914,51.75,5.25
2025-04-22 06:00:00,5.5387573,2.907257,283.77844,101532.55,51.75,5.25
2025-04-22 07:00:00,5.67778,1.8965607,283.98172,101595.92,51.75,5.25
2025-04-22 08:00:00,5.248169,1.5540619,284.64117,101641.19,51.75,5.25
2025-04-22 09:00:00,4.653122,1.6996002,285.7943,101691.95,51.75,5.25
2025-04-22 10:00:00,3.4295807,1.6163025,287.4637,101703.95,51.75,5.25
2025-04-22 11:00:00,4.145859,1.5658875,288.3756,101696.27,51.75,5.25
2025-04-22 12:00:00,4.621887,1.1537933,289.0661,101708.08,51.75,5.25
2025-04-22 13:00:00,4.800461,0.58413696,289.42133,101712.59,51.75,5.25
2025-04-22 14:00:00,4.652359,-0.3319397,289.36877,101719.56,51.75,5.25
2025-04-22 15:00:00,4.3482513,-0.89842224,289.1206,101706.44,51.75,5.25
2025-04-22 16:00:00,3.9717865,-1.363327,288.88214,101711.555,51.75,5.25
2025-04-22 17:00:00,3.1384277,-2.03154,288.354,101722.58,51.75,5.25
2025-04-22 18:00:00,2.2481537,-2.5388794,286.96503,101723.54,51.75,5.25
2025-04-22 19:00:00,1.247055,-2.513153,285.32446,101769.22,51.75,5.25
2025-04-22 20:00:00,0.08123779,-2.1952667,284.6116,101777.26,51.75,5.25
2025-04-22 21:00:00,-0.95458984,-1.7404633,283.66946,101778.375,51.75,5.25
2025-04-22 22:00:00,-0.68518066,-1.5885925,282.8448,101787.56,51.75,5.25
2025-04-22 23:00:00,-0.6210327,-0.78056335,282.90863,101780.22,51.75,5.25
2025-04-23 00:00:00,-0.8585663,-0.36999512,282.66718,101746.06,51.75,5.25
2025-04-23 01:00:00,-1.681961,0.21733093,282.15186,101679.83,51.75,5.25
2025-04-23 02:00:00,-2.4868927,1.329773,282.09067,101638.16,51.75,5.25
2025-04-23 03:00:00,-2.4579163,3.039505,282.08643,101580.31,51.75,5.25
2025-04-23 04:00:00,-2.1169739,4.134247,282.1112,101522.25,51.75,5.25
2025-04-23 05:00:00,-1.7673492,4.2279816,282.70612,101498.66,51.75,5.25
2025-04-23 06:00:00,-1.7887268,3.8596191,283.79547,101454.305,51.75,5.25
2025-04-23 07:00:00,-1.9556885,2.7582855,285.46832,101444.234,51.75,5.25
2025-04-23 08:00:00,-2.2244263,1.9870453,285.9792,101412.08,51.75,5.25
2025-04-23 09:00:00,-2.196518,2.1559906,286.29034,101395.48,51.75,5.25
2025-04-23 10:00:00,-2.3080444,3.7431183,286.80444,101400.86,51.75,5.25
2025-04-23 11:00:00,-1.6106415,2.2487183,287.0069,101350.375,51.75,5.25
2025-04-23 12:00:00,-1.2144012,1.5868835,287.1847,101318.53,51.75,5.25
2025-04-23 13:00:00,-1.266983,0.21981812,287.44586,101317.305,51.75,5.25
2025-04-23 14:00:00,-0.59407043,-0.65301514,286.40524,101309.69,51.75,5.25
2025-04-23 15:00:00,0.7568207,-0.6354065,286.2248,101296.484,51.75,5.25
2025-04-23 16:00:00,1.3680878,-1.6385345,285.82483,101290.61,51.75,5.25
2025-04-23 17:00:00,0.26872253,-3.2949982,285.97174,101293.83,51.75,5.25
2025-04-23 18:00:00,-0.94792175,-4.669098,285.49524,101292.93,51.75,5.25
2025-04-23 19:00:00,-1.6116333,-3.8157806,284.83267,101325.78,51.75,5.25
2025-04-23 20:00:00,-2.2833405,-3.0200958,284.5814,101407.234,51.75,5.25
2025-04-23 21:00:00,-2.177719,-3.0499268,284.3026,101418.0,51.75,5.25
2025-04-23 22:00:00,-1.1351318,-2.9630737,284.60583,101452.47,51.75,5.25
2025-04-23 23:00:00,-0.45448303,-2.7213287,284.52325,101494.95,51.75,5.25
2025-04-24 00:00:00,0.21385193,-2.6941833,284.35233,101496.44,51.75,5.25
2025-04-24 01:00:00,0.5738678,-3.8832092,284.40332,101474.086,51.75,5.25
2025-04-24 02:00:00,0.29873657,-4.500305,284.39972,101492.88,51.75,5.25
2025-04-24 03:00:00,-0.33625793,-5.027237,284.2753,101481.75,51.75,5.25
2025-04-24 04:00:00,-0.9559479,-5.2220154,284.4642,101477.53,51.75,5.25
2025-04-24 05:00:00,-0.78434753,-5.251007,284.39252,101502.53,51.75,5.25
2025-04-24 06:00:00,-0.72654724,-5.8483887,284.50604,101543.84,51.75,5.25
2025-04-24 07:00:00,-0.8527832,-6.0650787,284.58063,101580.76,51.75,5.25
2025-04-24 08:00:00,-1.2653046,-5.509094,284.86905,101614.45,51.75,5.25
2025-04-24 09:00:00,-1.4292755,-5.3250275,285.109,101652.36,51.75,5.25
2025-04-24 10:00:00,-0.997345,-4.897156,285.1958,101664.86,51.75,5.25
2025-04-24 11:00:00,-0.23577881,-5.2607117,284.96243,101686.83,51.75,5.25
2025-04-24 12:00:00,-1.0808716,-6.8293915,284.6565,101701.28,51.75,5.25
2025-04-24 13:00:00,-2.5732422,-7.3629913,284.69543,101707.3,51.75,5.25
2025-04-24 14:00:00,-3.3481293,-7.038101,284.58496,101718.984,51.75,5.25
2025-04-24 15:00:00,-3.3161316,-6.60585,284.65088,101734.64,51.75,5.25
2025-04-24 16:00:00,-3.8427887,-6.789978,284.73755,101758.15,51.75,5.25
2025-04-24 17:00:00,-3.27565,-6.620514,284.45758,101786.81,51.75,5.25
2025-04-24 18:00:00,-2.5815125,-6.87088,284.16147,101833.58,51.75,5.25
2025-04-24 19:00:00,-2.617859,-7.093872,283.8739,101896.13,51.75,5.25
2025-04-24 20:00:00,-2.6858673,-6.998352,283.58603,101965.45,51.75,5.25
2025-04-24 21:00:00,-2.6421204,-7.013382,283.37784,102014.89,51.75,5.25
2025-04-24 22:00:00,-2.4970856,-5.78743,283.10864,102049.89,51.75,5.25
2025-04-24 23:00:00,-2.6052704,-5.741928,282.86252,102062.516,51.75,5.25
2025-04-25 00:00:00,-2.6459808,-5.4544067,282.69754,102069.734,51.75,5.25
2025-04-25 01:00:00,-2.2857056,-5.4600067,282.31848,102067.11,51.75,5.25
2025-04-25 02:00:00,-1.934021,-5.6618805,281.96863,102073.234,51.75,5.25
2025-04-25 03:00:00,-1.6318207,-5.8065186,281.6182,102078.42,51.75,5.25
2025-04-25 04:00:00,-1.4658661,-5.923279,281.5899,102089.64,51.75,5.25
2025-04-25 05:00:00,-1.7478485,-5.9282837,281.35196,102128.06,51.75,5.25
2025-04-25 06:00:00,-2.0431213,-5.6353607,281.58136,102187.95,51.75,5.25
2025-04-25 07:00:00,-1.9181366,-4.9305267,281.89056,102224.84,51.75,5.25
2025-04-25 08:00:00,-1.8285522,-4.2376404,282.3081,102269.78,51.75,5.25
2025-04-25 09:00:00,-1.9844513,-3.949417,282.807,102287.61,51.75,5.25
2025-04-25 10:00:00,-1.831665,-3.3250732,283.12238,102300.83,51.75,5.25
2025-04-25 11:00:00,-1.3601532,-2.8692627,283.79593,102270.58,51.75,5.25
2025-04-25 12:00:00,-1.1329651,-2.9496307,284.81976,102240.61,51.75,5.25
2025-04-25 13:00:00,-1.4767914,-3.170868,285.19482,102245.06,51.75,5.25
2025-04-25 14:00:00,-1.8262329,-3.0743408,285.54962,102228.2,51.75,5.25
2025-04-25 15:00:00,-2.132492,-2.9929352,285.89755,102214.56,51.75,5.25
2025-04-25 16:00:00,-2.6615143,-2.6652222,285.9897,102188.94,51.75,5.25
2025-04-25 17:00:00,-3.1667175,-2.3550415,285.82257,102166.55,51.75,5.25
2025-04-25 18:00:00,-3.8128967,-2.02359,284.97906,102187.4,51.75,5.25
2025-04-25 19:00:00,-4.4026947,-1.7046204,282.55432,102209.47,51.75,5.25
2025-04-25 20:00:00,-4.4606476,-1.4676361,281.66757,102264.07,51.75,5.25
2025-04-25 21:00:00,-4.0316315,-1.6381683,280.7566,102263.53,51.75,5.25
2025-04-25 22:00:00,-3.752365,-2.7664795,279.77628,102273.016,51.75,5.25
2025-04-25 23:00:00,-3.4727936,-2.8930817,279.94254,102267.28,51.75,5.25
2025-04-26 00:00:00,-3.6334076,-3.0388947,280.0821,102272.15,51.75,5.25
2025-04-26 01:00:00,-3.9376984,-2.9821014,279.9115,102246.46,51.75,5.25
2025-04-26 02:00:00,-4.478256,-2.7189026,279.57166,102211.67,51.75,5.25
2025-04-26 03:00:00,-4.734436,-2.3644104,279.21704,102183.64,51.75,5.25
2025-04-26 04:00:00,-4.759552,-2.138382,278.87668,102188.14,51.75,5.25
2025-04-26 05:00:00,-4.954254,-1.7516937,279.1823,102221.03,51.75,5.25
2025-04-26 06:00:00,-5.439087,-1.4780579,280.36176,102233.09,51.75,5.25
2025-04-26 07:00:00,-4.842346,-1.475647,281.66333,102259.37,51.75,5.25
2025-04-26 08:00:00,-4.377426,-1.4958191,282.94006,102269.6,51.75,5.25
2025-04-26 09:00:00,-4.2684174,-1.3981781,284.95633,102286.59,51.75,5.25
2025-04-26 10:00:00,-3.6556396,-1.5904388,286.4774,102256.45,51.75,5.25
2025-04-26 11:00:00,-4.062805,-0.831604,288.238,102223.66,51.75,5.25
2025-04-26 12:00:00,-4.555435,-0.17564392,289.1537,102181.74,51.75,5.25
2025-04-26 13:00:00,-4.367218,-0.5744171,289.994,102181.125,51.75,5.25
2025-04-26 14:00:00,-4.088684,-0.8442993,290.58588,102159.81,51.75,5.25
2025-04-26 15:00:00,-4.147537,-0.7775574,290.73575,102136.5,51.75,5.25
2025-04-26 16:00:00,-3.5725403,-1.158432,290.84546,102126.61,51.75,5.25
2025-04-26 17:00:00,-2.989441,-1.9335327,290.4105,102125.45,51.75,5.25
2025-04-26 18:00:00,-2.5758972,-3.2349548,289.7671,102154.39,51.75,5.25
2025-04-26 19:00:00,-2.8243103,-4.574814,286.97626,102165.734,51.75,5.25
2025-04-26 20:00:00,-3.6291656,-5.010559,285.14392,102228.53,51.75,5.25
2025-04-26 21:00:00,-4.3602905,-4.468857,284.41724,102233.4,51.75,5.25
2025-04-26 22:00:00,-4.365341,-4.411865,284.03683,102241.72,51.75,5.25
2025-04-26 23:00:00,-5.0716705,-2.705185,283.08014,102246.72,51.75,5.25
2025-04-27 00:00:00,-4.9967804,-1.2059479,282.8291,102244.89,51.75,5.25
2025-04-27 01:00:00,-4.854477,-0.1952362,282.17734,102279.7,51.75,5.25
2025-04-27 02:00:00,-5.193039,0.49865723,281.5089,102276.984,51.75,5.25
2025-04-27 03:00:00,-5.1538696,0.77445984,281.37164,102287.625,51.75,5.25
2025-04-27 04:00:00,-4.8896484,0.8922577,280.4465,102324.5,51.75,5.25
2025-04-27 05:00:00,-5.032547,0.7650757,280.53882,102325.64,51.75,5.25
2025-04-27 06:00:00,-4.708725,0.42121887,283.2683,102374.97,51.75,5.25
2025-04-27 07:00:00,-2.968048,-0.07836914,285.38904,102409.94,51.75,5.25
2025-04-27 08:00:00,-2.1357422,-0.28042603,287.362,102457.98,51.75,5.25
2025-04-27 09:00:00,-1.9838104,-0.4582672,289.08008,102475.19,51.75,5.25
2025-04-27 10:00:00,-1.9620667,-1.7415619,290.38315,102484.0,51.75,5.25
2025-04-27 11:00:00,-1.9677887,-2.0960846,291.45422,102462.14,51.75,5.25
2025-04-27 12:00:00,-1.5171204,-2.4042053,292.18182,102459.734,51.75,5.25
2025-04-27 13:00:00,-1.1352692,-2.6361694,292.67175,102461.56,51.75,5.25
2025-04-27 14:00:00,-1.0227051,-2.800476,293.018,102455.95,51.75,5.25
2025-04-27 15:00:00,-0.8109741,-3.020218,293.15024,102433.99,51.75,5.25
2025-04-27 16:00:00,-0.6505432,-3.2549744,292.90533,102435.16,51.75,5.25
2025-04-27 17:00:00,-0.608551,-3.6465454,292.3449,102443.766,51.75,5.25
2025-04-27 18:00:00,-0.7691345,-4.459305,291.07678,102460.19,51.75,5.25
2025-04-27 19:00:00,-0.9508362,-5.681671,288.0829,102515.45,51.75,5.25
2025-04-27 20:00:00,-1.4757996,-6.312195,286.61737,102584.69,51.75,5.25
2025-04-27 21:00:00,-2.5462189,-5.72258,285.22302,102611.88,51.75,5.25
2025-04-27 22:00:00,-3.381012,-5.047119,283.9703,102625.85,51.75,5.25
2025-04-27 23:00:00,-3.7769928,-4.3140564,282.7948,102619.53,51.75,5.25
2025-04-28 00:00:00,-3.9938812,-3.5630646,281.71448,102605.6,51.75,5.25
2025-04-28 01:00:00,-3.659851,-2.5927277,280.45883,102622.97,51.75,5.25
2025-04-28 02:00:00,-3.0272064,-1.7800903,280.02368,102605.31,51.75,5.25
2025-04-28 03:00:00,-2.437378,-1.4723511,279.60553,102592.74,51.75,5.25
2025-04-28 04:00:00,-1.7272034,-1.1750336,278.6657,102610.63,51.75,5.25
2025-04-28 05:00:00,-0.7688904,-1.3729553,278.68408,102632.72,51.75,5.25
2025-04-28 06:00:00,-0.3030243,-2.2723541,282.54248,102684.375,51.75,5.25
2025-04-28 07:00:00,-0.48364258,-2.3674774,286.1999,102715.09,51.75,5.25
2025-04-28 08:00:00,-0.24058533,-1.6527863,289.19583,102715.95,51.75,5.25
2025-04-28 09:00:00,-0.293396,-2.1712646,290.91635,102718.516,51.75,5.25
2025-04-28 10:00:00,-0.9874573,-2.4374847,291.78735,102727.66,51.75,5.25
2025-04-28 11:00:00,-0.9797363,-2.4013214,292.4557,102699.484,51.75,5.25
2025-04-28 12:00:00,-0.7359619,-2.658615,293.09357,102653.11,51.75,5.25
2025-04-28 13:00:00,-0.6791992,-2.944809,293.5677,102644.484,51.75,5.25
2025-04-28 14:00:00,-0.792923,-3.1757812,293.8276,102612.766,51.75,5.25
2025-04-28 15:00:00,-1.0052795,-3.487259,294.0227,102605.95,51.75,5.25
2025-04-28 16:00:00,-1.2510223,-3.9971466,293.76947,102590.56,51.75,5.25
2025-04-28 17:00:00,-1.4141693,-4.751877,293.0313,102589.41,51.75,5.25
2025-04-28 18:00:00,-1.6029968,-5.4879456,291.72955,102581.23,51.75,5.25
2025-04-28 19:00:00,-1.953476,-6.050583,289.511,102609.43,51.75,5.25
2025-04-28 20:00:00,-2.5044403,-6.195801,287.5703,102663.586,51.75,5.25
2025-04-28 21:00:00,-3.0711212,-5.8064117,286.16876,102681.48,51.75,5.25
2025-04-28 22:00:00,-3.569809,-4.7692566,284.7055,102664.49,51.75,5.25
2025-04-28 23:00:00,-3.6889954,-4.055908,283.6744,102688.266,51.75,5.25
2025-04-29 00:00:00,-3.8710175,-3.5682678,282.61542,102704.11,51.75,5.25
2025-04-29 01:00:00,-3.9383392,-2.9429932,281.60846,102676.31,51.75,5.25
2025-04-29 02:00:00,-4.0596924,-2.5849152,280.82428,102657.0,51.75,5.25
2025-04-29 03:00:00,-4.3617706,-2.7206726,280.5316,102664.984,51.75,5.25
2025-04-29 04:00:00,-4.6683655,-2.625595,279.9981,102677.875,51.75,5.25
2025-04-29 05:00:00,-4.668762,-1.9940948,280.8432,102682.03,51.75,5.25
2025-04-29 06:00:00,-4.299469,-1.2179871,283.82,102727.78,51.75,5.25
2025-04-29 07:00:00,-2.6935425,-0.719223,287.17462,102738.44,51.75,5.25
2025-04-29 08:00:00,-1.9755249,-0.8386078,289.65665,102733.75,51.75,5.25
2025-04-29 09:00:00,-2.070633,-1.2228851,291.2063,102735.97,51.75,5.25
2025-04-29 10:00:00,-2.817215,-1.0170746,292.44727,102706.66,51.75,5.25
2025-04-29 11:00:00,-2.73555,-0.87013245,293.37573,102666.11,51.75,5.25
2025-04-29 12:00:00,-2.730011,-1.0715332,294.1742,102613.93,51.75,5.25
2025-04-29 13:00:00,-2.7459106,-1.4732971,294.83075,102577.51,51.75,5.25
2025-04-29 14:00:00,-2.736786,-1.88591,295.34326,102522.164,51.75,5.25
2025-04-29 15:00:00,-2.7991638,-2.2705536,295.78986,102478.64,51.75,5.25
2025-04-29 16:00:00,-2.9020386,-2.6934814,295.51584,102436.36,51.75,5.25
2025-04-29 17:00:00,-2.9828186,-3.4454956,294.997,102389.08,51.75,5.25
2025-04-29 18:00:00,-3.332901,-4.6184845,293.68872,102371.25,51.75,5.25
2025-04-29 19:00:00,-4.10054,-5.486969,291.6549,102399.266,51.75,5.25
2025-04-29 20:00:00,-4.994995,-5.269577,289.78748,102449.31,51.75,5.25
2025-04-29 21:00:00,-5.7658997,-4.385025,288.5348,102466.59,51.75,5.25
2025-04-29 22:00:00,-6.159683,-3.8724518,287.42096,102442.27,51.75,5.25
2025-04-29 23:00:00,-6.1597595,-3.0546112,286.646,102464.77,51.75,5.25
2025-04-30 00:00:00,-6.2320404,-2.2072601,285.90128,102453.86,51.75,5.25
2025-04-30 01:00:00,-6.2852325,-1.4345093,285.19458,102420.55,51.75,5.25
2025-04-30 02:00:00,-6.3728333,-0.7334137,284.68137,102408.14,51.75,5.25
2025-04-30 03:00:00,-6.1679077,-0.22027588,284.1668,102386.41,51.75,5.25
2025-04-30 04:00:00,-5.716614,0.019577026,283.34875,102367.25,51.75,5.25
2025-04-30 05:00:00,-5.385086,0.19929504,283.7392,102373.44,51.75,5.25
2025-04-30 06:00:00,-4.7465973,-0.021514893,286.08307,102375.67,51.75,5.25
2025-04-30 07:00:00,-3.177414,-0.22381592,288.73224,102384.62,51.75,5.25
2025-04-30 08:00:00,-2.6239166,-0.2663269,290.70837,102368.67,51.75,5.25
2025-04-30 09:00:00,-2.5534515,-0.36183167,292.59186,102371.2,51.75,5.25
2025-04-30 10:00:00,-2.677124,-0.5233307,294.28986,102348.72,51.75,5.25
2025-04-30 11:00:00,-2.6701508,-0.56004333,295.51953,102312.08,51.75,5.25
2025-04-30 12:00:00,-2.2703247,-0.41055298,296.63806,102275.195,51.75,5.25
2025-04-30 13:00:00,-1.6670837,-0.40751648,297.07175,102237.45,51.75,5.25
2025-04-30 14:00:00,-1.300003,-0.7283783,297.501,102175.39,51.75,5.25
2025-04-30 15:00:00,-1.2348175,-1.2611389,297.721,102114.63,51.75,5.25
2025-04-30 16:00:00,-1.5099487,-1.7917938,297.43234,102068.97,51.75,5.25
2025-04-30 17:00:00,-1.9496918,-2.5259094,296.8493,102041.6,51.75,5.25
2025-04-30 18:00:00,-2.4898376,-3.3984528,295.29614,102014.0,51.75,5.25
2025-04-30 19:00:00,-3.339203,-4.1450195,292.4518,102036.42,51.75,5.25
2025-04-30 20:00:00,-4.2132416,-4.159073,290.33163,102054.555,51.75,5.25
2025-04-30 21:00:00,-4.793915,-3.4621735,288.06873,102049.336,51.75,5.25
2025-04-30 22:00:00,-5.2362976,-2.483261,287.2201,102030.62,51.75,5.25
2025-04-30 23:00:00,-4.9829407,-0.82862854,286.28046,102036.55,51.75,5.25
2025-05-01 00:00:00,-4.3379364,0.77397156,285.35962,102027.7,51.75,5.25
2025-05-01 01:00:00,-3.4963837,1.5780334,284.1101,102019.19,51.75,5.25
2025-05-01 02:00:00,-3.0995483,1.8314056,283.6216,101991.03,51.75,5.25
2025-05-01 03:00:00,-2.9626007,1.9995422,283.35278,101963.414,51.75,5.25
2025-05-01 04:00:00,-3.010376,2.0293427,283.5069,101951.81,51.75,5.25
2025-05-01 05:00:00,-3.1111755,2.2545624,283.7135,101955.914,51.75,5.25
2025-05-01 06:00:00,-3.2451172,2.4680023,287.60477,101951.14,51.75,5.25
2025-05-01 07:00:00,-2.5732574,2.089035,291.3174,101943.34,51.75,5.25
2025-05-01 08:00:00,-1.8237762,1.5265808,293.82587,101914.89,51.75,5.25
2025-05-01 09:00:00,-1.903656,1.4677887,296.46158,101901.59,51.75,5.25
2025-05-01 10:00:00,-1.9999695,1.1818085,298.15936,101863.375,51.75,5.25
2025-05-01 11:00:00,-0.5361786,2.1905518,299.29672,101797.52,51.75,5.25
2025-05-01 12:00:00,1.0999451,2.8665924,299.77893,101742.01,51.75,5.25
2025-05-01 13:00:00,2.206131,2.9779358,300.72296,101707.94,51.75,5.25
2025-05-01 14:00:00,2.668167,2.661438,300.69095,101620.1,51.75,5.25
2025-05-01 15:00:00,2.7422028,2.1694489,301.0524,101556.75,51.75,5.25
2025-05-01 16:00:00,3.1536407,1.5528107,300.67584,101528.47,51.75,5.25
2025-05-01 17:00:00,3.6083221,0.47538757,299.7134,101500.28,51.75,5.25
2025-05-01 18:00:00,3.0388794,-1.2668915,297.6795,101462.67,51.75,5.25
2025-05-01 19:00:00,1.4104767,-2.7018585,294.95422,101460.94,51.75,5.25
2025-05-01 20:00:00,-0.065093994,-2.9317017,291.33185,101491.19,51.75,5.25
2025-05-01 21:00:00,-0.84542847,-2.2806854,289.9875,101479.44,51.75,5.25
2025-05-01 22:00:00,0.69888306,-1.4763336,289.666,101491.61,51.75,5.25
2025-05-01 23:00:00,0.5604248,-0.85398865,289.724,101481.7,51.75,5.25
2025-05-02 00:00:00,1.037857,0.03668213,287.67404,101476.42,51.75,5.25
2025-05-02 01:00:00,1.3478241,0.94599915,286.6006,101431.55,51.75,5.25
2025-05-02 02:00:00,1.4875641,1.8243561,285.77612,101408.3,51.75,5.25
2025-05-02 03:00:00,1.4784088,2.684494,285.10767,101378.5,51.75,5.25
2025-05-02 04:00:00,1.2867126,3.6273804,285.1754,101347.305,51.75,5.25
2025-05-02 05:00:00,1.6334076,4.30365,286.48282,101346.984,51.75,5.25
2025-05-02 06:00:00,2.9002686,3.7383423,289.6938,101381.03,51.75,5.25
2025-05-02 07:00:00,3.2585907,2.6959534,292.12018,101386.32,51.75,5.25
2025-05-02 08:00:00,2.2823029,1.415802,294.1094,101363.266,51.75,5.25
2025-05-02 09:00:00,1.7569885,1.3870697,296.39453,101354.31,51.75,5.25
2025-05-02 10:00:00,3.0177155,2.5302582,297.88763,101325.58,51.75,5.25
2025-05-02 11:00:00,5.4364014,2.7681122,298.7756,101363.33,51.75,5.25
2025-05-02 12:00:00,6.6699066,-0.4850464,298.45715,101342.88,51.75,5.25
2025-05-02 13:00:00,5.719452,-2.7538452,298.2387,101357.984,51.75,5.25
2025-05-02 14:00:00,4.682495,-3.6089325,297.9289,101295.016,51.75,5.25
2025-05-02 15:00:00,4.069412,-4.081772,297.95544,101283.96,51.75,5.25
2025-05-02 16:00:00,3.5436554,-4.0242615,296.78882,101336.81,51.75,5.25
2025-05-02 17:00:00,2.8386383,-4.013962,295.6305,101335.33,51.75,5.25
2025-05-02 18:00:00,2.16008,-4.6565704,294.10373,101345.22,51.75,5.25
2025-05-02 19:00:00,1.2302704,-5.955139,291.67767,101347.234,51.75,5.25
2025-05-02 20:00:00,-0.53862,-6.835602,290.05066,101390.0,51.75,5.25
2025-05-02 21:00:00,-1.8682251,-6.568054,288.94574,101417.03,51.75,5.25
2025-05-02 22:00:00,-2.744522,-5.6446075,287.15778,101391.39,51.75,5.25
2025-05-02 23:00:00,-2.7191772,-5.17894,286.07812,101434.05,51.75,5.25
2025-05-03 00:00:00,-2.8106537,-4.9253387,285.46582,101451.734,51.75,5.25
2025-05-03 01:00:00,-3.3973846,-4.7812653,284.7292,101428.91,51.75,5.25
2025-05-03 02:00:00,-3.9346924,-4.155365,283.9793,101386.91,51.75,5.25
2025-05-03 03:00:00,-4.3767395,-3.6759644,283.42725,101327.05,51.75,5.25
2025-05-03 04:00:00,-4.361389,-3.1362152,282.76495,101289.516,51.75,5.25
2025-05-03 05:00:00,-4.2142334,-2.902298,282.81772,101253.59,51.75,5.25
2025-05-03 06:00:00,-3.6940765,-2.1324005,284.1207,101238.47,51.75,5.25
2025-05-03 07:00:00,-3.223175,-2.1465912,285.36243,101192.65,51.75,5.25
2025-05-03 08:00:00,-2.8278809,-2.4014893,286.79645,101149.22,51.75,5.25
2025-05-03 09:00:00,-2.1409454,-1.7616272,288.7281,101084.86,51.75,5.25
2025-05-03 10:00:00,-0.94485474,-2.2284393,290.18884,101056.36,51.75,5.25
2025-05-03 11:00:00,0.66885376,-3.2514648,290.855,100980.234,51.75,5.25
2025-05-03 12:00:00,1.8586884,-3.7082367,291.62183,100965.17,51.75,5.25
2025-05-03 13:00:00,2.6812897,-4.339676,291.37738,100957.66,51.75,5.25
2025-05-03 14:00:00,3.7108154,-4.4855194,290.5597,100937.94,51.75,5.25
2025-05-03 15:00:00,4.2768097,-5.3807373,290.03128,100939.734,51.75,5.25
2025-05-03 16:00:00,4.473709,-6.3812256,289.26263,100921.81,51.75,5.25
2025-05-03 17:00:00,4.813446,-7.2361755,287.89786,100952.72,51.75,5.25
2025-05-03 18:00:00,4.2484436,-7.545639,286.233,100999.0,51.75,5.25
2025-05-03 19:00:00,3.637024,-6.843704,284.864,101052.625,51.75,5.25
2025-05-03 20:00:00,3.7275543,-7.313858,284.05505,101141.836,51.75,5.25
2025-05-03 21:00:00,3.9046326,-7.2617035,283.44922,101202.625,51.75,5.25
2025-05-03 22:00:00,3.0487823,-5.795105,282.0822,101272.41,51.75,5.25
2025-05-03 23:00:00,3.7695007,-4.2861786,281.81995,101302.55,51.75,5.25
2025-05-04 00:00:00,4.297409,-3.0722961,281.48975,101303.39,51.75,5.25
2025-05-04 01:00:00,4.7488403,-2.6662445,281.1344,101308.66,51.75,5.25
2025-05-04 02:00:00,4.7759094,-2.9881744,281.25665,101307.83,51.75,5.25
2025-05-04 03:00:00,4.6497803,-3.3763428,281.19388,101300.766,51.75,5.25
2025-05-04 04:00:00,4.162842,-4.396881,281.77493,101295.65,51.75,5.25
2025-05-04 05:00:00,3.285263,-4.956299,281.93988,101300.086,51.75,5.25
2025-05-04 06:00:00,2.3801575,-5.066162,282.69214,101349.09,51.75,5.25
2025-05-04 07:00:00,1.6589661,-5.629257,283.34485,101358.44,51.75,5.25
2025-05-04 08:00:00,1.4345093,-5.5782776,283.94785,101391.94,51.75,5.25
2025-05-04 09:00:00,1.6818542,-5.6325073,284.3177,101392.375,51.75,5.25
2025-05-04 10:00:00,1.5963745,-5.207138,284.89807,101421.94,51.75,5.25
2025-05-04 11:00:00,2.1974335,-5.729889,285.6628,101421.75,51.75,5.25
2025-05-04 12:00:00,2.1463623,-5.9786224,285.6164,101428.08,51.75,5.25
2025-05-04 13:00:00,2.1414642,-6.3772125,285.9015,101437.86,51.75,5.25
2025-05-04 14:00:00,2.0373383,-6.558563,286.07022,101445.66,51.75,5.25
2025-05-04 15:00:00,1.8601532,-6.879898,285.5501,101431.22,51.75,5.25
2025-05-04 16:00:00,1.7446442,-7.539139,285.29486,101446.61,51.75,5.25
2025-05-04 17:00:00,1.3025818,-7.709305,284.60132,101467.27,51.75,5.25
2025-05-04 18:00:00,0.7494049,-7.5232697,283.6115,101474.34,51.75,5.25
2025-05-04 19:00:00,0.20510864,-7.2979736,282.4444,101511.56,51.75,5.25
2025-05-04 20:00:00,-0.04084778,-6.6498413,281.1515,101530.08,51.75,5.25
2025-05-04 21:00:00,-0.09199524,-6.1078644,280.32074,101565.164,51.75,5.25
2025-05-04 22:00:00,-0.08189392,-5.704468,278.8158,101602.125,51.75,5.25
2025-05-04 23:00:00,-4.5776367e-05,-4.97229,277.86063,101622.74,51.75,5.25
2025-05-05 00:00:00,0.025558472,-4.2716064,277.031,101636.95,51.75,5.25
2025-05-05 01:00:00,-0.0033874512,-3.9842072,276.11743,101626.08,51.75,5.25
2025-05-05 02:00:00,-0.19085693,-3.5236206,275.6575,101600.22,51.75,5.25
2025-05-05 03:00:00,-0.69218445,-3.5310364,275.52618,101634.305,51.75,5.25
2025-05-05 04:00:00,-1.5896454,-3.2508392,274.68332,101631.2,51.75,5.25
2025-05-05 05:00:00,-2.4394531,-2.9414978,276.6421,101658.305,51.75,5.25
2025-05-05 06:00:00,-2.261032,-2.6729584,280.0078,101696.266,51.75,5.25
2025-05-05 07:00:00,-2.5994263,-2.7987823,282.02185,101736.34,51.75,5.25
2025-05-05 08:00:00,-4.0646057,-3.379364,283.21664,101778.66,51.75,5.25
2025-05-05 09:00:00,-5.2131805,-3.5480347,284.0746,101788.39,51.75,5.25
2025-05-05 10:00:00,-5.085083,-3.1963806,284.76062,101830.29,51.75,5.25
2025-05-05 11:00:00,-5.020294,-3.9458923,285.51688,101821.2,51.75,5.25
2025-05-05 12:00:00,-4.6379547,-4.6681824,285.98102,101830.72,51.75,5.25
2025-05-05 13:00:00,-4.45459,-5.149521,287.1186,101817.69,51.75,5.25
2025-05-05 14:00:00,-4.106735,-5.238785,287.3647,101786.11,51.75,5.25
2025-05-05 15:00:00,-3.8351898,-5.36911,287.8558,101764.99,51.75,5.25
2025-05-05 16:00:00,-3.9167023,-5.7179565,287.741,101760.28,51.75,5.25
2025-05-05 17:00:00,-3.4377594,-6.2266846,287.19327,101782.86,51.75,5.25
2025-05-05 18:00:00,-2.6938782,-7.244278,285.99097,101825.09,51.75,5.25
2025-05-05 19:00:00,-2.7641144,-8.349106,284.47992,101874.25,51.75,5.25
2025-05-05 20:00:00,-3.3167877,-8.681564,282.74933,101957.11,51.75,5.25
2025-05-05 21:00:00,-3.676712,-8.410477,281.8004,102017.64,51.75,5.25
2025-05-05 22:00:00,-4.392975,-8.164246,280.72076,102071.39,51.75,5.25
2025-05-05 23:00:00,-3.9411774,-7.2416687,279.96594,102058.57,51.75,5.25
2025-05-06 00:00:00,-3.176056,-7.0780487,279.3346,102072.07,51.75,5.25
2025-05-06 01:00:00,-2.9515839,-7.0401154,278.5246,102073.61,51.75,5.25
2025-05-06 02:00:00,-3.1378021,-7.0509033,278.26416,102083.97,51.75,5.25
2025-05-06 03:00:00,-3.232895,-6.6862183,277.97864,102102.016,51.75,5.25
2025-05-06 04:00:00,-3.4483795,-6.3009644,277.5095,102113.516,51.75,5.25
2025-05-06 05:00:00,-3.343979,-6.0979767,278.38144,102145.84,51.75,5.25
2025-05-06 06:00:00,-2.8544312,-5.22493,280.26935,102189.28,51.75,5.25
2025-05-06 07:00:00,-2.966751,-4.7958527,282.38898,102211.47,51.75,5.25
2025-05-06 08:00:00,-2.8381805,-5.3799133,283.64954,102215.8,51.75,5.25
2025-05-06 09:00:00,-2.2273865,-5.390045,284.7305,102218.88,51.75,5.25
2025-05-06 10:00:00,-2.217575,-4.7911224,285.52197,102222.67,51.75,5.25
2025-05-06 11:00:00,-1.6786957,-5.0147552,285.96167,102185.5,51.75,5.25
2025-05-06 12:00:00,-1.6046295,-5.252777,286.84216,102154.24,51.75,5.25
2025-05-06 13:00:00,-1.2332306,-5.501877,287.41998,102132.48,51.75,5.25
2025-05-06 14:00:00,-0.84521484,-6.079056,286.8675,102074.71,51.75,5.25
2025-05-06 15:00:00,-0.56159973,-6.8984528,286.4416,102074.54,51.75,5.25
2025-05-06 16:00:00,-0.63101196,-7.550659,285.8263,102084.66,51.75,5.25
2025-05-06 17:00:00,-0.6644745,-7.3123627,285.3037,102105.9,51.75,5.25
2025-05-06 18:00:00,-0.6504364,-7.005951,284.88867,102120.375,51.75,5.25
2025-05-06 19:00:00,-0.5305023,-6.889984,284.53583,102130.33,51.75,5.25
2025-05-06 20:00:00,-0.5356903,-7.0057983,283.7622,102174.32,51.75,5.25
2025-05-06 21:00:00,-0.8580322,-6.8923492,282.83752,102183.34,51.75,5.25
2025-05-06 22:00:00,-1.1822357,-5.3888855,282.23584,102206.2,51.75,5.25
2025-05-06 23:00:00,-1.4980011,-5.257675,281.4065,102199.48,51.75,5.25
2025-05-07 00:00:00,-1.2059631,-4.912857,281.17212,102188.2,51.75,5.25
2025-05-07 01:00:00,-0.87802124,-4.4071198,280.7647,102185.93,51.75,5.25
2025-05-07 02:00:00,-0.9035187,-4.2265472,280.6063,102151.91,51.75,5.25
2025-05-07 03:00:00,-1.1225433,-4.2743073,280.53207,102120.24,51.75,5.25
2025-05-07 04:00:00,-1.6086273,-4.222687,280.39667,102125.625,51.75,5.25
2025-05-07 05:00:00,-2.3830109,-4.2580566,280.8686,102134.45,51.75,5.25
2025-05-07 06:00:00,-2.9660797,-4.3415527,281.7575,102160.625,51.75,5.25
2025-05-07 07:00:00,-3.1561432,-3.7937927,282.80457,102140.7,51.75,5.25
2025-05-07 08:00:00,-3.7154846,-3.3610687,283.5083,102162.53,51.75,5.25
2025-05-07 09:00:00,-4.1258087,-2.7326508,284.45612,102145.8,51.75,5.25
2025-05-07 10:00:00,-3.9985657,-1.7199249,285.22583,102135.25,51.75,5.25
2025-05-07 11:00:00,-3.4687042,-1.7014465,286.79703,102105.46,51.75,5.25
2025-05-07 12:00:00,-3.6007385,-1.8826447,287.64642,102030.69,51.75,5.25
2025-05-07 13:00:00,-3.0343323,-2.1067047,289.2181,102003.23,51.75,5.25
2025-05-07 14:00:00,-2.239685,-2.8710632,288.88788,101937.33,51.75,5.25
2025-05-07 15:00:00,-1.6172485,-4.438217,289.0318,101906.22,51.75,5.25
2025-05-07 16:00:00,-1.2132874,-6.0224915,288.05408,101881.266,51.75,5.25
2025-05-07 17:00:00,-0.35369873,-7.3957367,287.03363,101868.81,51.75,5.25
2025-05-07 18:00:00,-0.05053711,-7.966919,286.35593,101874.125,51.75,5.25
2025-05-07 19:00:00,-0.3980255,-8.20755,285.4765,101883.0,51.75,5.25
2025-05-07 20:00:00,-1.0753632,-8.094208,284.27963,101907.19,51.75,5.25
2025-05-07 21:00:00,-1.8044434,-8.043106,283.79822,101893.875,51.75,5.25
2025-05-07 22:00:00,-2.7063904,-7.639206,283.38226,101924.625,51.75,5.25
2025-05-07 23:00:00,-3.464798,-7.0648956,283.00897,101903.05,51.75,5.25
2025-05-08 00:00:00,-3.5897827,-6.443573,282.18234,101904.4,51.75,5.25
2025-05-08 01:00:00,-3.6627502,-5.995163,281.46906,101842.42,51.75,5.25
2025-05-08 02:00:00,-3.9257507,-5.439316,281.08057,101825.14,51.75,5.25
2025-05-08 03:00:00,-3.8229065,-4.7451935,280.89557,101814.734,51.75,5.25
2025-05-08 04:00:00,-3.6169586,-4.34198,280.41406,101801.28,51.75,5.25
2025-05-08 05:00:00,-3.3917847,-3.9318085,280.6094,101806.66,51.75,5.25
2025-05-08 06:00:00,-3.206421,-3.1793365,282.08252,101844.5,51.75,5.25
2025-05-08 07:00:00,-2.6508026,-2.1491547,284.62756,101852.48,51.75,5.25
2025-05-08 08:00:00,-2.6412048,-1.2966919,286.7168,101855.49,51.75,5.25
2025-05-08 09:00:00,-3.1270752,-1.0253906,288.24838,101851.36,51.75,5.25
2025-05-08 10:00:00,-4.170471,-1.0722046,289.55676,101831.47,51.75,5.25
2025-05-08 11:00:00,-4.382904,-2.1983643,290.0032,101797.984,51.75,5.25
2025-05-08 12:00:00,-4.311157,-2.8885803,290.33673,101789.33,51.75,5.25
2025-05-08 13:00:00,-4.2708435,-3.2707367,290.68475,101761.41,51.75,5.25
2025-05-08 14:00:00,-4.2069855,-3.4626617,291.14288,101738.98,51.75,5.25
2025-05-08 15:00:00,-3.8130798,-4.0476074,291.1724,101706.83,51.75,5.25
2025-05-08 16:00:00,-3.8508453,-4.279114,291.1433,101706.2,51.75,5.25
2025-05-08 17:00:00,-3.6680756,-4.2780914,290.70465,101688.414,51.75,5.25
2025-05-08 18:00:00,-4.6996613,-3.6160889,289.14526,101701.69,51.75,5.25
2025-05-08 19:00:00,-6.242462,-2.1743927,287.71832,101746.67,51.75,5.25
2025-05-08 20:00:00,-7.2874146,-0.62008667,285.90555,101836.234,51.75,5.25
2025-05-08 21:00:00,-7.102768,0.2684021,284.5717,101894.19,51.75,5.25
2025-05-08 22:00:00,-7.1553345,-0.3830719,283.72562,101905.19,51.75,5.25
2025-05-08 23:00:00,-6.8277893,-0.20535278,282.4458,101923.87,51.75,5.25
2025-05-09 00:00:00,-6.595291,-0.6974182,281.76776,101954.03,51.75,5.25
2025-05-09 01:00:00,-6.472412,-1.8033142,280.71313,101938.43,51.75,5.25
2025-05-09 02:00:00,-6.4350433,-2.142746,279.3465,101956.83,51.75,5.25
2025-05-09 03:00:00,-6.3036957,-1.9855957,278.94272,101979.27,51.75,5.25
2025-05-09 04:00:00,-6.2687225,-1.8578339,278.7399,102006.7,51.75,5.25
2025-05-09 05:00:00,-6.19014,-1.739212,279.93842,102036.45,51.75,5.25
2025-05-09 06:00:00,-5.550934,-1.2852783,283.26703,102074.734,51.75,5.25
2025-05-09 07:00:00,-4.319748,-0.82206726,286.29163,102121.195,51.75,5.25
2025-05-09 08:00:00,-4.665848,-0.7544098,288.21252,102132.95,51.75,5.25
2025-05-09 09:00:00,-5.840088,-0.32221985,289.4707,102141.05,51.75,5.25
2025-05-09 10:00:00,-6.585861,1.1085205,290.20032,102122.625,51.75,5.25
2025-05-09 11:00:00,-6.3268127,0.6052551,291.0597,102093.07,51.75,5.25
2025-05-09 12:00:00,-6.018631,0.20578003,291.8404,102065.22,51.75,5.25
2025-05-09 13:00:00,-5.6399384,-0.34864807,291.72223,102055.81,51.75,5.25
2025-05-09 14:00:00,-5.427353,-0.87306213,292.35797,102022.266,51.75,5.25
2025-05-09 15:00:00,-5.092804,-1.164154,292.72852,101985.0,51.75,5.25
2025-05-09 16:00:00,-4.789673,-1.089035,292.78998,101957.06,51.75,5.25
2025-05-09 17:00:00,-4.314453,-1.3986969,292.41382,101944.81,51.75,5.25
2025-05-09 18:00:00,-3.9346924,-1.9289093,291.3771,101937.64,51.75,5.25
2025-05-09 19:00:00,-3.933014,-2.0514069,288.93,101959.3,51.75,5.25
2025-05-09 20:00:00,-4.173996,-2.109024,286.42944,102027.484,51.75,5.25
2025-05-09 21:00:00,-4.4119415,-2.5008392,285.41223,102066.42,51.75,5.25
2025-05-09 22:00:00,-4.8625336,-2.1226196,284.06702,102089.29,51.75,5.25
2025-05-09 23:00:00,-5.4257355,-2.5289917,283.53064,102086.4,51.75,5.25
2025-05-10 00:00:00,-5.8482056,-2.264389,282.97388,102105.28,51.75,5.25
2025-05-10 01:00:00,-5.9378204,-1.5353088,282.16284,102106.09,51.75,5.25
2025-05-10 02:00:00,-6.0597534,-0.91555786,280.8619,102092.15,51.75,5.25
2025-05-10 03:00:00,-5.984421,-0.3014984,280.115,102084.766,51.75,5.25
2025-05-10 04:00:00,-5.8720093,0.3965149,279.6421,102108.336,51.75,5.25
2025-05-10 05:00:00,-5.793762,0.76626587,281.00067,102105.484,51.75,5.25
2025-05-10 06:00:00,-4.9912567,1.0572662,284.12543,102139.234,51.75,5.25
2025-05-10 07:00:00,-3.6429749,0.90156555,287.1281,102129.516,51.75,5.25
2025-05-10 08:00:00,-3.3911285,0.6082001,289.5528,102103.61,51.75,5.25
2025-05-10 09:00:00,-3.7344208,0.20596313,291.6128,102104.125,51.75,5.25
2025-05-10 10:00:00,-4.524338,0.58836365,293.04584,102056.625,51.75,5.25
2025-05-10 11:00:00,-5.323349,1.2425232,293.33154,101998.11,51.75,5.25
2025-05-10 12:00:00,-5.565399,1.1187286,294.19763,101928.55,51.75,5.25
2025-05-10 13:00:00,-5.743988,0.88246155,294.42413,101862.03,51.75,5.25
2025-05-10 14:00:00,-5.8495026,0.74238586,295.205,101799.33,51.75,5.25
2025-05-10 15:00:00,-5.941437,0.6209717,295.3561,101738.19,51.75,5.25
2025-05-10 16:00:00,-5.95076,0.72843933,295.2298,101691.38,51.75,5.25
2025-05-10 17:00:00,-5.644745,0.9893799,294.53183,101652.08,51.75,5.25
2025-05-10 18:00:00,-5.347275,1.4624329,293.43338,101633.445,51.75,5.25
2025-05-10 19:00:00,-5.828659,1.4001465,291.15015,101649.54,51.75,5.25
2025-05-10 20:00:00,-6.5610504,0.93536377,289.18292,101660.484,51.75,5.25
2025-05-10 21:00:00,-7.072113,0.17514038,288.057,101685.445,51.75,5.25
2025-05-10 22:00:00,-7.7712708,0.103500366,287.11584,101666.17,51.75,5.25
2025-05-10 23:00:00,-7.669113,0.657959,286.6592,101659.44,51.75,5.25
2025-05-11 00:00:00,-6.9974213,1.6173401,285.32465,101669.05,51.75,5.25
2025-05-11 01:00:00,-6.5709076,1.9784088,284.20135,101653.91,51.75,5.25
2025-05-11 02:00:00,-6.6657104,1.7427216,283.69092,101615.06,51.75,5.25
2025-05-11 03:00:00,-6.6536255,1.917633,282.68793,101586.53,51.75,5.25
2025-05-11 04:00:00,-6.7594757,1.8570404,282.43323,101538.06,51.75,5.25
2025-05-11 05:00:00,-6.666382,2.0092316,283.76593,101527.64,51.75,5.25
2025-05-11 06:00:00,-6.0102997,2.3821716,286.46262,101515.266,51.75,5.25
2025-05-11 07:00:00,-4.9052734,2.2220764,289.01184,101487.08,51.75,5.25
2025-05-11 08:00:00,-4.748474,2.388855,291.15637,101469.19,51.75,5.25
2025-05-11 09:00:00,-4.998871,2.5414886,293.20422,101445.61,51.75,5.25
2025-05-11 10:00:00,-5.1654053,2.3817291,294.7583,101391.234,51.75,5.25
2025-05-11 11:00:00,-5.075287,3.5044403,295.90222,101350.19,51.75,5.25
2025-05-11 12:00:00,-4.896866,3.7897186,296.68414,101298.44,51.75,5.25
2025-05-11 13:00:00,-4.937317,3.459793,297.24808,101240.08,51.75,5.25
2025-05-11 14:00:00,-5.0248413,3.1776733,297.6852,101194.41,51.75,5.25
2025-05-11 15:00:00,-5.308563,2.948761,297.7319,101154.64,51.75,5.25
2025-05-11 16:00:00,-5.7612915,2.4302368,297.45447,101108.516,51.75,5.25
2025-05-11 17:00:00,-5.973877,1.9304504,297.13495,101072.516,51.75,5.25
2025-05-11 18:00:00,-6.1983337,1.8166351,295.73126,101064.516,51.75,5.25
2025-05-11 19:00:00,-6.497925,1.9241638,293.76575,101076.016,51.75,5.25
2025-05-11 20:00:00,-6.3986664,2.4501495,290.68604,101110.53,51.75,5.25
2025-05-11 21:00:00,-6.3364716,2.849472,289.82538,101139.3,51.75,5.25
2025-05-11 22:00:00,-7.2648163,2.185257,289.0229,101129.79,51.75,5.25
2025-05-11 23:00:00,-6.9176025,2.4505463,288.6795,101131.984,51.75,5.25
2025-05-12 00:00:00,-6.91066,3.0284119,287.91907,101134.16,51.75,5.25
2025-05-12 01:00:00,-6.736664,3.6033783,287.1965,101141.59,51.75,5.25
2025-05-12 02:00:00,-6.7319183,3.5083008,286.23627,101156.28,51.75,5.25
2025-05-12 03:00:00,-6.7747955,3.6187286,286.00415,101165.734,51.75,5.25
2025-05-12 04:00:00,-6.672348,3.6219635,285.52594,101165.695,51.75,5.25
2025-05-12 05:00:00,-6.784851,3.0122528,286.16687,101196.766,51.75,5.25
2025-05-12 06:00:00,-6.4401855,2.401947,288.08713,101220.45,51.75,5.25
2025-05-12 07:00:00,-5.6540833,1.9186707,289.9539,101251.89,51.75,5.25
2025-05-12 08:00:00,-5.768051,1.407074,291.76837,101265.33,51.75,5.25
2025-05-12 09:00:00,-6.184143,0.90763855,293.39722,101290.16,51.75,5.25
2025-05-12 10:00:00,-5.9312897,0.2919159,294.89514,101268.78,51.75,5.25
2025-05-12 11:00:00,-6.1525116,0.697464,296.02185,101261.69,51.75,5.25
2025-05-12 12:00:00,-5.8941956,0.6022644,296.83646,101233.98,51.75,5.25
2025-05-12 13:00:00,-5.7563934,0.15196228,297.04266,101242.61,51.75,5.25
2025-05-12 14:00:00,-5.8097687,-0.05836487,297.35373,101231.45,51.75,5.25
2025-05-12 15:00:00,-5.8856506,-0.18063354,297.28857,101218.78,51.75,5.25
2025-05-12 16:00:00,-5.955658,-0.48976135,296.52704,101212.375,51.75,5.25
2025-05-12 17:00:00,-6.035843,-1.0412292,295.94836,101212.59,51.75,5.25
2025-05-12 18:00:00,-6.747925,-1.4252167,294.47827,101250.6,51.75,5.25
2025-05-12 19:00:00,-7.798294,-1.174408,292.5702,101293.58,51.75,5.25
2025-05-12 20:00:00,-8.180084,-0.4344635,290.71686,101386.66,51.75,5.25
2025-05-12 21:00:00,-8.122559,0.11242676,289.3369,101435.2,51.75,5.25
2025-05-12 22:00:00,-8.322739,-0.62493896,288.21896,101481.71,51.75,5.25
2025-05-12 23:00:00,-7.848709,-0.0897522,287.3327,101511.266,51.75,5.25
2025-05-13 00:00:00,-7.508774,0.33122253,286.39365,101550.64,51.75,5.25
2025-05-13 01:00:00,-7.772156,0.031280518,285.46066,101577.484,51.75,5.25
2025-05-13 02:00:00,-7.987564,-0.19169617,285.0536,101601.516,51.75,5.25
2025-05-13 03:00:00,-7.953705,-0.24334717,284.3253,101652.16,51.75,5.25
2025-05-13 04:00:00,-8.097366,-0.2884674,283.59308,101676.414,51.75,5.25
2025-05-13 05:00:00,-8.031128,-0.42855835,284.39795,101709.945,51.75,5.25
2025-05-13 06:00:00,-7.0834656,-0.6378479,286.2928,101767.55,51.75,5.25
2025-05-13 07:00:00,-6.251526,-0.36631775,288.32812,101783.81,51.75,5.25
2025-05-13 08:00:00,-5.6385956,-0.47920227,289.77942,101805.125,51.75,5.25
2025-05-13 09:00:00,-5.580612,-0.85621643,291.72806,101810.66,51.75,5.25
2025-05-13 10:00:00,-5.261902,-0.88983154,292.45047,101824.766,51.75,5.25
2025-05-13 11:00:00,-4.7459106,-1.0511627,294.03067,101804.53,51.75,5.25
2025-05-13 12:00:00,-4.6072693,-1.2126312,294.80634,101790.414,51.75,5.25
2025-05-13 13:00:00,-4.727539,-1.277771,295.5237,101766.6,51.75,5.25
2025-05-13 14:00:00,-4.5689697,-1.1200562,295.84308,101718.22,51.75,5.25
2025-05-13 15:00:00,-4.338608,-0.9878845,296.03625,101686.34,51.75,5.25
2025-05-13 16:00:00,-4.336975,-1.2069397,296.01013,101657.88,51.75,5.25
2025-05-13 17:00:00,-4.052353,-1.4552765,295.49036,101640.39,51.75,5.25
2025-05-13 18:00:00,-3.833496,-1.7209778,294.0633,101632.555,51.75,5.25
2025-05-13 19:00:00,-3.9606323,-2.3543396,291.22388,101661.33,51.75,5.25
2025-05-13 20:00:00,-4.8147736,-2.909378,288.25116,101687.09,51.75,5.25
2025-05-13 21:00:00,-5.602646,-3.154663,287.10687,101725.68,51.75,5.25
2025-05-13 22:00:00,-5.294586,-3.808838,286.67322,101781.46,51.75,5.25
2025-05-13 23:00:00,-5.218521,-3.7407532,285.5642,101811.44,51.75,5.25
2025-05-14 00:00:00,-5.3239136,-3.8829346,285.04883,101809.984,51.75,5.25
2025-05-14 01:00:00,-5.560837,-3.6146393,283.80664,101801.56,51.75,5.25
2025-05-14 02:00:00,-5.4956207,-3.1839752,283.3103,101805.49,51.75,5.25
2025-05-14 03:00:00,-5.2524567,-3.540512,282.88953,101819.31,51.75,5.25
2025-05-14 04:00:00,-5.1961517,-3.8924713,282.3975,101821.5,51.75,5.25
2025-05-14 05:00:00,-4.822357,-3.4987793,283.16107,101822.65,51.75,5.25
2025-05-14 06:00:00,-3.586914,-2.6758423,285.42706,101865.44,51.75,5.25
2025-05-14 07:00:00,-2.6830292,-2.4258423,287.4121,101865.55,51.75,5.25
2025-05-14 08:00:00,-2.1713562,-2.715744,289.2849,101868.36,51.75,5.25
2025-05-14 09:00:00,-1.8154602,-3.1452637,291.08185,101884.6,51.75,5.25
2025-05-14 10:00:00,-0.8766022,-4.413574,292.6768,101898.41,51.75,5.25
2025-05-14 11:00:00,-0.24874878,-5.1457214,293.30176,101882.39,51.75,5.25
2025-05-14 12:00:00,0.23908997,-5.3670807,293.713,101859.8,51.75,5.25
2025-05-14 13:00:00,0.89949036,-5.4199524,293.80957,101829.11,51.75,5.25
2025-05-14 14:00:00,1.6124878,-5.818115,293.72485,101825.664,51.75,5.25
2025-05-14 15:00:00,2.2558594,-6.4937286,293.4584,101798.0,51.75,5.25
2025-05-14 16:00:00,2.3337097,-7.6356506,291.7805,101802.81,51.75,5.25
2025-05-14 17:00:00,2.122757,-7.747238,290.4096,101813.484,51.75,5.25
2025-05-14 18:00:00,2.4052734,-7.3940887,288.72693,101817.5,51.75,5.25
2025-05-14 19:00:00,2.4479065,-7.3997498,286.6658,101839.31,51.75,5.25
2025-05-14 20:00:00,2.2948608,-7.164444,284.8551,101860.28,51.75,5.25
2025-05-14 21:00:00,2.2925262,-6.581787,283.9436,101869.664,51.75,5.25
2025-05-14 22:00:00,2.4094086,-5.661545,283.4235,101889.92,51.75,5.25
2025-05-14 23:00:00,2.5233154,-5.623871,283.2871,101884.36,51.75,5.25
2025-05-15 00:00:00,2.5388336,-5.4727325,283.206,101867.78,51.75,5.25
2025-05-15 01:00:00,2.8300323,-5.2276917,283.42676,101827.0,51.75,5.25
2025-05-15 02:00:00,2.719818,-5.924652,283.76465,101810.664,51.75,5.25
2025-05-15 03:00:00,1.9291077,-6.4995728,284.16766,101784.69,51.75,5.25
2025-05-15 04:00:00,1.2041473,-6.797714,284.45032,101790.1,51.75,5.25
2025-05-15 05:00:00,0.77420044,-6.8879395,284.894,101806.195,51.75,5.25
2025-05-15 06:00:00,-0.3043518,-7.3931885,285.21097,101846.45,51.75,5.25
2025-05-15 07:00:00,-1.3201294,-6.430069,286.138,101910.38,51.75,5.25
2025-05-15 08:00:00,-1.4785614,-4.8055573,287.1711,101914.06,51.75,5.25
2025-05-15 09:00:00,-1.3858643,-3.907364,288.81952,101943.35,51.75,5.25
2025-05-15 10:00:00,-1.4559937,-4.0704803,289.56732,101966.984,51.75,5.25
2025-05-15 11:00:00,-1.2307739,-4.0395355,290.706,101973.31,51.75,5.25
2025-05-15 12:00:00,-1.550415,-4.6891937,291.74524,101957.17,51.75,5.25
2025-05-15 13:00:00,-1.7315216,-5.619919,292.41855,101958.85,51.75,5.25
2025-05-15 14:00:00,-2.2523346,-6.451309,292.54736,101939.28,51.75,5.25
2025-05-15 15:00:00,-2.4990845,-6.8113556,292.5733,101964.2,51.75,5.25
2025-05-15 16:00:00,-2.4268036,-7.1454315,291.5492,101979.95,51.75,5.25
2025-05-15 17:00:00,-2.1100922,-7.435959,290.88702,102001.45,51.75,5.25
2025-05-15 18:00:00,-1.3626404,-7.965439,289.73834,102047.99,51.75,5.25
2025-05-15 19:00:00,-1.2770844,-8.886658,288.05463,102092.33,51.75,5.25
2025-05-15 20:00:00,-2.1938934,-9.136642,286.2526,102186.86,51.75,5.25
2025-05-15 21:00:00,-3.0212402,-8.432358,284.96124,102240.875,51.75,5.25
2025-05-15 22:00:00,-3.2306519,-7.592163,283.52148,102300.09,51.75,5.25
2025-05-15 23:00:00,-3.1502838,-6.6524353,282.63065,102314.875,51.75,5.25
2025-05-16 00:00:00,-2.5484009,-5.871933,281.55392,102292.83,51.75,5.25
2025-05-16 01:00:00,-1.6376648,-5.5958557,280.3664,102298.05,51.75,5.25
2025-05-16 02:00:00,-1.109787,-5.7434235,279.7466,102288.06,51.75,5.25
2025-05-16 03:00:00,-0.88912964,-5.532608,279.2099,102280.67,51.75,5.25
2025-05-16 04:00:00,-0.40179443,-5.2695312,278.79276,102255.36,51.75,5.25
2025-05-16 05:00:00,0.22024536,-5.0615234,280.45453,102249.97,51.75,5.25
2025-05-16 06:00:00,0.9495697,-3.949585,283.34518,102239.516,51.75,5.25
2025-05-16 07:00:00,1.2674713,-4.5696716,285.69156,102218.82,51.75,5.25
2025-05-16 08:00:00,1.884613,-4.3253326,286.6189,102207.77,51.75,5.25
2025-05-16 09:00:00,2.6537018,-4.0444946,287.7616,102194.11,51.75,5.25
2025-05-16 10:00:00,2.4239655,-3.0538483,289.2577,102198.47,51.75,5.25
2025-05-16 11:00:00,3.0544128,-3.455902,289.83838,102163.25,51.75,5.25
2025-05-16 12:00:00,3.5771637,-4.017868,289.8836,102130.2,51.75,5.25
2025-05-16 13:00:00,4.0042267,-4.5625153,290.11194,102068.52,51.75,5.25
2025-05-16 14:00:00,4.267044,-5.425461,290.43018,102035.81,51.75,5.25
2025-05-16 15:00:00,4.2677765,-6.155609,289.74,102003.94,51.75,5.25
2025-05-16 16:00:00,4.2512207,-6.454239,288.25473,101980.21,51.75,5.25
2025-05-16 17:00:00,4.1675262,-6.7653656,287.26483,101968.34,51.75,5.25
2025-05-16 18:00:00,3.7585297,-7.019882,285.71747,101964.84,51.75,5.25
2025-05-16 19:00:00,2.7867737,-7.050522,284.89517,101965.445,51.75,5.25
2025-05-16 20:00:00,1.423233,-6.8266296,284.93472,101977.47,51.75,5.25
2025-05-16 21:00:00,-0.032302856,-6.3829803,285.1446,101967.414,51.75,5.25
2025-05-16 22:00:00,-0.11332703,-5.621002,284.6572,101976.1,51.75,5.25
2025-05-16 23:00:00,-0.8848114,-5.643524,284.52753,101970.42,51.75,5.25
2025-05-17 00:00:00,-0.4825287,-4.9578857,284.08783,101944.49,51.75,5.25
2025-05-17 01:00:00,-0.21556091,-4.93396,283.32434,101933.45,51.75,5.25
2025-05-17 02:00:00,-0.19747925,-4.7546844,282.6073,101921.53,51.75,5.25
2025-05-17 03:00:00,-0.046691895,-4.7964478,282.1923,101902.79,51.75,5.25
2025-05-17 04:00:00,0.07298279,-4.978943,282.17746,101902.28,51.75,5.25
2025-05-17 05:00:00,-0.041259766,-5.2371674,283.0786,101924.5,51.75,5.25
2025-05-17 06:00:00,-0.3894043,-4.736725,284.556,101943.89,51.75,5.25
2025-05-17 07:00:00,-0.28250122,-3.968048,286.24023,101956.945,51.75,5.25
2025-05-17 08:00:00,-0.008117676,-3.6247559,287.73572,101955.17,51.75,5.25
2025-05-17 09:00:00,-0.49349976,-4.712036,289.32172,101934.44,51.75,5.25
2025-05-17 10:00:00,0.33813477,-5.2993774,290.28607,101929.42,51.75,5.25
2025-05-17 11:00:00,0.8608093,-5.540695,291.37396,101893.35,51.75,5.25
2025-05-17 12:00:00,1.6918793,-5.599991,291.30298,101872.25,51.75,5.25
2025-05-17 13:00:00,2.17807,-5.859558,291.05334,101844.63,51.75,5.25
2025-05-17 14:00:00,3.4610748,-5.971237,290.93344,101816.49,51.75,5.25
2025-05-17 15:00:00,4.2919617,-5.929123,290.52386,101792.04,51.75,5.25
2025-05-17 16:00:00,4.643097,-5.908386,290.0302,101801.695,51.75,5.25
2025-05-17 17:00:00,4.718704,-5.998535,288.95142,101775.09,51.75,5.25
2025-05-17 18:00:00,4.615814,-5.7973633,287.42627,101779.37,51.75,5.25
2025-05-17 19:00:00,4.530594,-5.2224426,285.73956,101780.734,51.75,5.25
2025-05-17 20:00:00,4.579315,-4.5623474,284.5252,101790.78,51.75,5.25
2025-05-17 21:00:00,4.709091,-3.6110535,284.12845,101783.805,51.75,5.25
2025-05-17 22:00:00,4.5409546,-3.037613,284.1269,101787.32,51.75,5.25
2025-05-17 23:00:00,4.602188,-2.9391785,284.3155,101770.84,51.75,5.25
2025-05-18 00:00:00,4.416748,-3.111679,284.70544,101750.055,51.75,5.25
2025-05-18 01:00:00,4.0115814,-3.945938,284.83652,101722.78,51.75,5.25
2025-05-18 02:00:00,3.6163788,-3.7814636,284.8636,101704.45,51.75,5.25
2025-05-18 03:00:00,3.436737,-3.1947021,284.64584,101672.266,51.75,5.25
2025-05-18 04:00:00,3.447052,-2.8684082,284.70575,101662.12,51.75,5.25
2025-05-18 05:00:00,3.3429565,-2.658142,284.61737,101672.27,51.75,5.25
2025-05-18 06:00:00,2.5981598,-3.0624542,284.8543,101706.625,51.75,5.25
2025-05-18 07:00:00,1.2149353,-3.8187256,285.54886,101720.86,51.75,5.25
2025-05-18 08:00:00,0.61831665,-2.9765472,286.26785,101744.59,51.75,5.25
2025-05-18 09:00:00,0.10421753,-2.321869,287.49063,101732.64,51.75,5.25
2025-05-18 10:00:00,1.1047058,-1.4430695,287.8609,101754.19,51.75,5.25
2025-05-18 11:00:00,1.0776825,-1.2744446,288.56073,101748.45,51.75,5.25
2025-05-18 12:00:00,1.0594177,-1.5248108,289.3275,101727.06,51.75,5.25
2025-05-18 13:00:00,1.1831207,-1.9878845,291.07343,101704.516,51.75,5.25
2025-05-18 14:00:00,1.461029,-2.331604,290.85052,101705.234,51.75,5.25
2025-05-18 15:00:00,0.9902649,-3.0196228,290.8874,101682.44,51.75,5.25
2025-05-18 16:00:00,0.8457947,-3.2158813,290.74695,101678.91,51.75,5.25
2025-05-18 17:00:00,0.66770935,-3.6117706,290.48108,101673.8,51.75,5.25
2025-05-18 18:00:00,0.82598877,-4.2266083,290.0193,101690.3,51.75,5.25
2025-05-18 19:00:00,0.9830017,-4.9084167,288.36584,101733.97,51.75,5.25
2025-05-18 20:00:00,0.9186249,-5.83432,287.17535,101803.14,51.75,5.25
2025-05-18 21:00:00,0.0035858154,-6.243469,285.85083,101831.77,51.75,5.25
2025-05-18 22:00:00,-0.6820526,-6.2100067,284.5116,101851.86,51.75,5.25
2025-05-18 23:00:00,-1.9058228,-5.9646454,283.70535,101858.836,51.75,5.25
2025-05-19 00:00:00,-2.893402,-5.108597,283.1007,101881.52,51.75,5.25
2025-05-19 01:00:00,-3.4190063,-4.4452057,282.39532,101884.33,51.75,5.25
2025-05-19 02:00:00,-4.105728,-4.1246643,281.82996,101913.47,51.75,5.25
2025-05-19 03:00:00,-4.2283783,-3.6786194,281.19397,101921.32,51.75,5.25
2025-05-19 04:00:00,-4.111328,-3.4216309,281.20447,101936.58,51.75,5.25
2025-05-19 05:00:00,-3.9766693,-3.2261047,282.15497,101976.484,51.75,5.25
2025-05-19 06:00:00,-2.9919434,-2.3483887,284.37164,101989.91,51.75,5.25
2025-05-19 07:00:00,-2.4927368,-1.6401672,286.90204,102009.5,51.75,5.25
2025-05-19 08:00:00,-2.2207336,-1.3625183,288.8747,102031.87,51.75,5.25
2025-05-19 09:00:00,-2.1319885,-1.3684845,290.84064,102052.98,51.75,5.25
2025-05-19 10:00:00,-1.7710114,-1.1039124,291.65723,102039.77,51.75,5.25
2025-05-19 11:00:00,-1.9193115,-1.4453583,292.76404,102013.766,51.75,5.25
2025-05-19 12:00:00,-2.5876007,-1.3457794,293.02057,101964.44,51.75,5.25
2025-05-19 13:00:00,-3.1319275,-0.9636383,293.87332,101891.52,51.75,5.25
2025-05-19 14:00:00,-3.0860596,-0.83657837,294.2558,101880.836,51.75,5.25
2025-05-19 15:00:00,-2.9709778,-1.4718475,294.71146,101829.875,51.75,5.25
2025-05-19 16:00:00,-3.1056519,-2.303421,294.7708,101790.41,51.75,5.25
2025-05-19 17:00:00,-2.4984589,-3.4315948,294.29,101779.02,51.75,5.25
2025-05-19 18:00:00,-2.45784,-4.7174377,293.25577,101776.49,51.75,5.25
2025-05-19 19:00:00,-2.6747437,-5.904129,292.0302,101788.14,51.75,5.25
2025-05-19 20:00:00,-3.081131,-6.4660797,289.78174,101825.86,51.75,5.25
2025-05-19 21:00:00,-3.5462646,-6.3908844,288.5013,101858.06,51.75,5.25
2025-05-19 22:00:00,-3.309433,-6.480438,287.38257,101889.44,51.75,5.25
2025-05-19 23:00:00,-3.8875427,-6.3984528,286.70172,101860.55,51.75,5.25
2025-05-20 00:00:00,-4.3793488,-5.6868896,286.0863,101876.84,51.75,5.25
2025-05-20 01:00:00,-4.5671234,-5.2520294,285.3155,101883.44,51.75,5.25
2025-05-20 02:00:00,-4.4106445,-4.894928,284.56006,101835.09,51.75,5.25
2025-05-20 03:00:00,-4.1893005,-3.9562988,283.82596,101811.95,51.75,5.25
2025-05-20 04:00:00,-3.8612823,-3.530426,283.39465,101824.234,51.75,5.25
2025-05-20 05:00:00,-3.246338,-3.300171,284.62384,101828.42,51.75,5.25
2025-05-20 06:00:00,-2.055359,-2.4259186,286.72595,101841.05,51.75,5.25
2025-05-20 07:00:00,-1.1437378,-1.7214355,288.44482,101856.3,51.75,5.25
2025-05-20 08:00:00,-0.44488525,-1.9789429,290.5244,101868.57,51.75,5.25
2025-05-20 09:00:00,-0.108810425,-2.7730865,291.7304,101866.91,51.75,5.25
2025-05-20 10:00:00,0.5480499,-3.7353058,293.29236,101846.32,51.75,5.25
2025-05-20 11:00:00,1.3213959,-3.4453888,294.03015,101799.34,51.75,5.25
2025-05-20 12:00:00,2.0489044,-3.2254639,294.32108,101780.61,51.75,5.25
2025-05-20 13:00:00,2.5547028,-3.911209,294.46857,101738.22,51.75,5.25
2025-05-20 14:00:00,2.8842163,-4.7534485,294.0771,101724.54,51.75,5.25
2025-05-20 15:00:00,2.98732,-5.558304,293.7729,101712.09,51.75,5.25
2025-05-20 16:00:00,3.0925903,-5.901764,293.25677,101708.36,51.75,5.25
2025-05-20 17:00:00,3.0448914,-6.030121,292.27307,101691.34,51.75,5.25
2025-05-20 18:00:00,2.8457031,-5.8371277,290.96066,101684.09,51.75,5.25
2025-05-20 19:00:00,2.6654358,-6.1237335,289.0725,101700.67,51.75,5.25
2025-05-20 20:00:00,2.3437042,-5.8867035,286.77304,101717.41,51.75,5.25
2025-05-20 21:00:00,1.8079834,-5.385666,285.00635,101739.22,51.75,5.25
2025-05-20 22:00:00,1.5242004,-5.4366913,283.68323,101755.125,51.75,5.25
2025-05-20 23:00:00,1.3661957,-4.7993774,282.54382,101678.55,51.75,5.25
2025-05-21 00:00:00,1.9770966,-3.7655487,282.1455,101671.91,51.75,5.25
2025-05-21 01:00:00,2.6838531,-2.829239,280.91403,101657.234,51.75,5.25
2025-05-21 02:00:00,2.9642944,-2.0756378,280.74792,101608.766,51.75,5.25
2025-05-21 03:00:00,3.5280457,-1.5377655,280.70306,101573.734,51.75,5.25
2025-05-21 04:00:00,4.105423,-0.91389465,281.25604,101573.17,51.75,5.25
2025-05-21 05:00:00,4.2413635,-0.76138306,282.5907,101525.52,51.75,5.25
2025-05-21 06:00:00,3.5610657,-0.8323364,284.38852,101544.08,51.75,5.25
2025-05-21 07:00:00,3.1287231,-0.7975769,286.3437,101532.89,51.75,5.25
2025-05-21 08:00:00,3.403534,-0.6936188,289.01105,101522.86,51.75,5.25
2025-05-21 09:00:00,4.2136536,-0.865036,289.8393,101472.34,51.75,5.25
2025-05-21 10:00:00,4.659134,-0.48059082,291.08466,101481.03,51.75,5.25
2025-05-21 11:00:00,5.5403595,-0.67619324,291.47723,101446.484,51.75,5.25
2025-05-21 12:00:00,5.730316,-0.8909149,291.53256,101402.55,51.75,5.25
2025-05-21 13:00:00,6.074539,-2.0468292,291.27008,101377.79,51.75,5.25
2025-05-21 14:00:00,5.8403015,-3.2881622,290.61884,101342.39,51.75,5.25
2025-05-21 15:00:00,5.4666595,-4.4330444,289.8087,101319.88,51.75,5.25
2025-05-21 16:00:00,4.5737457,-5.5808563,288.7443,101303.625,51.75,5.25
2025-05-21 17:00:00,3.5657196,-6.43808,287.86963,101295.66,51.75,5.25
2025-05-21 18:00:00,2.7307434,-6.4227295,286.5644,101325.2,51.75,5.25
2025-05-21 19:00:00,2.2272034,-5.9636536,285.3464,101347.516,51.75,5.25
2025-05-21 20:00:00,1.9387207,-5.5394745,284.34894,101389.555,51.75,5.25
2025-05-21 21:00:00,2.1110992,-5.010742,283.83093,101385.85,51.75,5.25
2025-05-21 22:00:00,2.345932,-5.419876,282.3139,101387.76,51.75,5.25
2025-05-21 23:00:00,2.3585968,-5.3279114,281.70755,101395.88,51.75,5.25
2025-05-22 00:00:00,2.634903,-5.276596,281.90814,101402.984,51.75,5.25
2025-05-22 01:00:00,2.8692322,-5.227188,282.06433,101401.39,51.75,5.25
2025-05-22 02:00:00,3.0936584,-5.1440887,281.58527,101406.08,51.75,5.25
2025-05-22 03:00:00,3.3063202,-4.469681,281.4699,101385.875,51.75,5.25
2025-05-22 04:00:00,3.775299,-4.216507,281.56952,101368.95,51.75,5.25
2025-05-22 05:00:00,4.1208496,-4.371338,282.68332,101402.74,51.75,5.25
2025-05-22 06:00:00,3.6039276,-5.4975433,283.6856,101444.266,51.75,5.25
2025-05-22 07:00:00,3.2777252,-6.1995544,284.55792,101481.39,51.75,5.25
2025-05-22 08:00:00,3.58992,-5.635208,284.91943,101515.59,51.75,5.25
2025-05-22 09:00:00,4.2057037,-5.412689,285.58298,101514.81,51.75,5.25
2025-05-22 10:00:00,4.276169,-5.1317444,286.3666,101566.03,51.75,5.25
2025-05-22 11:00:00,4.8465424,-5.526169,287.27197,101562.12,51.75,5.25
2025-05-22 12:00:00,5.240204,-5.9204254,287.40585,101569.85,51.75,5.25
2025-05-22 13:00:00,5.5824127,-5.9246674,287.8954,101585.34,51.75,5.25
2025-05-22 14:00:00,5.6449738,-6.330261,287.61914,101584.78,51.75,5.25
2025-05-22 15:00:00,5.583435,-6.834305,287.21503,101610.55,51.75,5.25
2025-05-22 16:00:00,5.494629,-6.9796753,286.84357,101641.55,51.75,5.25
2025-05-22 17:00:00,5.3420563,-6.993042,286.2339,101644.266,51.75,5.25
2025-05-22 18:00:00,5.05542,-6.891403,285.31744,101679.484,51.75,5.25
2025-05-22 19:00:00,4.5906982,-6.1204224,284.07495,101720.07,51.75,5.25
2025-05-22 20:00:00,4.3955994,-5.25412,282.49716,101765.66,51.75,5.25
2025-05-22 21:00:00,4.4887695,-4.211975,281.40747,101760.91,51.75,5.25
2025-05-22 22:00:00,5.07872,-2.0169373,280.3028,101747.67,51.75,5.25
2025-05-22 23:00:00,5.7639923,-1.7897491,279.65472,101739.516,51.75,5.25
2025-05-23 00:00:00,5.99263,-1.8644714,279.5031,101734.72,51.75,5.25
2025-05-23 01:00:00,6.2101593,-1.9672089,279.65094,101694.16,51.75,5.25
2025-05-23 02:00:00,6.121521,-2.2179108,279.51566,101665.805,51.75,5.25
2025-05-23 03:00:00,5.9384766,-2.4550476,279.52747,101659.61,51.75,5.25
2025-05-23 04:00:00,5.8980865,-2.368805,279.57227,101650.05,51.75,5.25
2025-05-23 05:00:00,5.9003906,-2.284729,280.66507,101654.81,51.75,5.25
2025-05-23 06:00:00,5.7074585,-2.697281,282.35815,101681.19,51.75,5.25
2025-05-23 07:00:00,5.91687,-5.010498,283.52643,101698.58,51.75,5.25
2025-05-23 08:00:00,5.975464,-5.002136,284.2295,101701.164,51.75,5.25
2025-05-23 09:00:00,6.1521606,-4.7408905,284.33746,101714.555,51.75,5.25
2025-05-23 10:00:00,5.7947845,-3.0414124,285.33325,101735.59,51.75,5.25
2025-05-23 11:00:00,6.553253,-2.6899261,285.53717,101726.33,51.75,5.25
2025-05-23 12:00:00,7.4852448,-3.0249176,286.06467,101716.58,51.75,5.25
2025-05-23 13:00:00,8.086014,-4.0433655,286.14148,101726.97,51.75,5.25
2025-05-23 14:00:00,8.738586,-4.517914,286.7337,101740.13,51.75,5.25
2025-05-23 15:00:00,8.496048,-4.95195,286.93738,101745.4,51.75,5.25
2025-05-23 16:00:00,7.907318,-4.782486,286.94583,101756.195,51.75,5.25
2025-05-23 17:00:00,7.082718,-4.1733704,286.31195,101773.875,51.75,5.25
2025-05-23 18:00:00,5.9211426,-3.451706,285.5121,101777.375,51.75,5.25
2025-05-23 19:00:00,4.813507,-2.2438354,284.27045,101809.39,51.75,5.25
2025-05-23 20:00:00,4.9024353,-1.2101898,282.33447,101839.78,51.75,5.25
2025-05-23 21:00:00,5.1492004,0.063308716,280.59955,101837.125,51.75,5.25
2025-05-23 22:00:00,4.453766,1.4290314,278.7013,101808.65,51.75,5.25
2025-05-23 23:00:00,3.7041016,3.5884247,278.4577,101756.31,51.75,5.25
2025-05-24 00:00:00,4.1913147,5.5730286,279.3838,101702.45,51.75,5.25
2025-05-24 01:00:00,4.891861,6.5348663,280.5243,101649.234,51.75,5.25
2025-05-24 02:00:00,5.010666,7.090988,281.1855,101574.16,51.75,5.25
2025-05-24 03:00:00,4.923828,7.312668,281.3513,101499.2,51.75,5.25
2025-05-24 04:00:00,5.289612,7.277405,282.15344,101461.984,51.75,5.25
2025-05-24 05:00:00,5.624359,7.068619,282.99323,101417.516,51.75,5.25
2025-05-24 06:00:00,5.935318,7.1636963,284.19727,101397.09,51.75,5.25
2025-05-24 07:00:00,5.6275787,6.6859436,285.35236,101368.34,51.75,5.25
2025-05-24 08:00:00,5.823105,6.6382294,286.0299,101358.375,51.75,5.25
2025-05-24 09:00:00,4.9609375,6.901642,286.9843,101348.58,51.75,5.25
2025-05-24 10:00:00,3.5330048,5.671982,287.70856,101334.336,51.75,5.25
2025-05-24 11:00:00,3.0779572,6.8984985,287.4511,101317.12,51.75,5.25
2025-05-24 12:00:00,2.521881,8.076584,286.69995,101247.94,51.75,5.25
2025-05-24 13:00:00,3.082901,8.82782,285.71216,101236.984,51.75,5.25
2025-05-24 14:00:00,3.8372192,8.795822,285.74738,101200.61,51.75,5.25
2025-05-24 15:00:00,4.025711,7.957077,285.32028,101144.25,51.75,5.25
2025-05-24 16:00:00,4.4511414,6.4921875,285.9035,101134.36,51.75,5.25
2025-05-24 17:00:00,5.185196,5.509018,286.57727,101089.305,51.75,5.25
2025-05-24 18:00:00,5.9321594,5.163452,287.42993,101066.875,51.75,5.25
2025-05-24 19:00:00,6.1819153,5.207199,287.68643,101073.05,51.75,5.25
2025-05-24 20:00:00,6.33165,5.360443,287.6039,101093.78,51.75,5.25
2025-05-24 21:00:00,6.522751,5.4418335,287.56024,101083.41,51.75,5.25
2025-05-24 22:00:00,5.6884766,5.257782,287.68915,101072.41,51.75,5.25
2025-05-24 23:00:00,6.5680084,5.3703613,287.6992,101038.85,51.75,5.25
2025-05-25 00:00:00,7.0638885,5.6206207,287.76343,101014.83,51.75,5.25
2025-05-25 01:00:00,7.1054077,5.826126,287.72583,100971.99,51.75,5.25
2025-05-25 02:00:00,7.083954,6.066269,287.8061,100934.34,51.75,5.25
2025-05-25 03:00:00,6.8847504,6.4473114,287.86707,100873.766,51.75,5.25
2025-05-25 04:00:00,7.497238,6.62442,287.70007,100849.42,51.75,5.25
2025-05-25 05:00:00,8.15007,5.8118744,287.62738,100822.1,51.75,5.25
2025-05-25 06:00:00,7.5563507,6.1479034,287.7666,100822.61,51.75,5.25
2025-05-25 07:00:00,8.135147,7.230118,287.8871,100789.945,51.75,5.25
2025-05-25 08:00:00,9.738266,7.3667603,288.4449,100782.61,51.75,5.25
2025-05-25 09:00:00,10.008957,6.3856964,288.568,100769.34,51.75,5.25
2025-05-25 10:00:00,7.8792725,4.155792,290.4256,100763.234,51.75,5.25
2025-05-25 11:00:00,8.072296,3.6965332,291.4128,100770.78,51.75,5.25
2025-05-25 12:00:00,9.395828,3.2482758,291.92093,100770.66,51.75,5.25
2025-05-25 13:00:00,9.347733,2.1975708,291.1731,100808.22,51.75,5.25
2025-05-25 14:00:00,9.3828125,1.1484375,291.93494,100834.016,51.75,5.25
2025-05-25 15:00:00,9.216034,0.55740356,292.30267,100876.09,51.75,5.25
2025-05-25 16:00:00,8.980133,-1.588028,291.125,100947.266,51.75,5.25
2025-05-25 17:00:00,7.0387573,-2.6740417,290.53113,100983.13,51.75,5.25
2025-05-25 18:00:00,5.5929413,-2.5884247,289.7749,101059.86,51.75,5.25
2025-05-25 19:00:00,4.106125,-1.8197784,288.60526,101115.0,51.75,5.25
2025-05-25 20:00:00,3.4017334,-0.15794373,286.83087,101166.766,51.75,5.25
2025-05-25 21:00:00,3.458603,1.9712524,286.1947,101207.77,51.75,5.25
2025-05-25 22:00:00,4.947296,3.8592072,286.44824,101248.54,51.75,5.25
2025-05-25 23:00:00,5.949478,3.414215,286.2528,101259.41,51.75,5.25
2025-05-26 00:00:00,6.263275,3.4032745,286.13788,101264.41,51.75,5.25
2025-05-26 01:00:00,6.6826935,3.5578156,285.8722,101276.97,51.75,5.25
2025-05-26 02:00:00,6.863098,3.6123352,285.8707,101319.125,51.75,5.25
2025-05-26 03:00:00,7.2755737,3.0930328,285.8165,101338.69,51.75,5.25
2025-05-26 04:00:00,7.307953,2.67128,285.62506,101377.94,51.75,5.25
2025-05-26 05:00:00,6.982422,2.803955,285.5835,101434.59,51.75,5.25
2025-05-26 06:00:00,6.4032745,2.986206,286.38086,101496.625,51.75,5.25
2025-05-26 07:00:00,7.9553223,1.9969025,287.29248,101533.8,51.75,5.25
2025-05-26 08:00:00,7.8313293,1.9388733,287.91315,101580.09,51.75,5.25
2025-05-26 09:00:00,7.7047424,1.9400177,288.4995,101610.78,51.75,5.25
2025-05-26 10:00:00,5.3222046,2.149643,289.4984,101664.23,51.75,5.25
2025-05-26 11:00:00,5.862915,2.428238,289.95264,101654.555,51.75,5.25
2025-05-26 12:00:00,6.5650177,2.4723816,290.2713,101649.28,51.75,5.25
2025-05-26 13:00:00,7.398346,2.3792114,291.34955,101671.22,51.75,5.25
2025-05-26 14:00:00,7.8891754,2.066162,291.29523,101656.19,51.75,5.25
2025-05-26 15:00:00,7.873352,1.8666687,291.22705,101659.46,51.75,5.25
2025-05-26 16:00:00,7.951782,2.3105774,290.8152,101661.49,51.75,5.25
2025-05-26 17:00:00,7.5060883,2.7194824,290.60693,101633.75,51.75,5.25
2025-05-26 18:00:00,7.00296,2.921173,290.0785,101640.8,51.75,5.25
2025-05-26 19:00:00,6.733551,3.370285,289.35297,101645.3,51.75,5.25
2025-05-26 20:00:00,6.701126,4.3625946,288.6501,101647.99,51.75,5.25
2025-05-26 21:00:00,6.7360077,5.337631,288.1136,101645.39,51.75,5.25
2025-05-26 22:00:00,7.075943,6.168503,287.7056,101622.47,51.75,5.25
2025-05-26 23:00:00,7.6284027,6.476593,287.3499,101605.47,51.75,5.25
2025-05-27 00:00:00,7.2392273,6.8094025,286.87384,101567.86,51.75,5.25
2025-05-27 01:00:00,6.5016327,7.797287,286.2536,101528.516,51.75,5.25
2025-05-27 02:00:00,5.38739,8.966034,285.56158,101486.26,51.75,5.25
2025-05-27 03:00:00,5.605194,9.472321,285.5149,101430.33,51.75,5.25
2025-05-27 04:00:00,5.968155,9.547897,285.53986,101377.38,51.75,5.25
2025-05-27 05:00:00,6.6305084,9.033859,285.82486,101378.87,51.75,5.25
2025-05-27 06:00:00,6.91951,8.852844,286.04907,101372.29,51.75,5.25
2025-05-27 07:00:00,7.057068,8.677277,286.46866,101396.266,51.75,5.25
2025-05-27 08:00:00,7.172287,8.373169,286.6115,101420.0,51.75,5.25
2025-05-27 09:00:00,7.609314,8.309677,287.35464,101439.42,51.75,5.25
2025-05-27 10:00:00,6.5017853,7.06044,288.28278,101471.22,51.75,5.25
2025-05-27 11:00:00,8.86734,6.758011,289.57623,101450.94,51.75,5.25
2025-05-27 12:00:00,9.383408,6.0699615,290.71106,101416.45,51.75,5.25
2025-05-27 13:00:00,9.524155,6.077057,291.00006,101417.56,51.75,5.25
2025-05-27 14:00:00,8.77832,6.1742706,290.43896,101414.64,51.75,5.25
2025-05-27 15:00:00,4.7177124,6.4151764,288.07794,101362.34,51.75,5.25
2025-05-27 16:00:00,3.5254517,8.876251,287.19763,101255.06,51.75,5.25
2025-05-27 17:00:00,6.8097687,10.889938,287.8462,101175.05,51.75,5.25
2025-05-27 18:00:00,10.954742,8.471649,288.28656,101156.875,51.75,5.25
2025-05-27 19:00:00,10.334442,7.144409,288.34863,101168.766,51.75,5.25
2025-05-27 20:00:00,9.727341,7.4246216,288.42114,101150.28,51.75,5.25
2025-05-27 21:00:00,10.247406,7.4030914,288.3589,101148.15,51.75,5.25
2025-05-27 22:00:00,10.71933,5.523407,288.20856,101129.58,51.75,5.25
2025-05-27 23:00:00,9.627563,5.9072266,287.92508,101120.586,51.75,5.25
2025-05-28 00:00:00,9.488571,6.3829956,287.63794,101105.09,51.75,5.25
2025-05-28 01:00:00,9.733444,6.090927,287.49957,101072.14,51.75,5.25
2025-05-28 02:00:00,10.0256195,5.3841248,287.61298,101068.95,51.75,5.25
2025-05-28 03:00:00,9.646545,4.5322266,287.7796,101046.125,51.75,5.25
2025-05-28 04:00:00,9.367432,4.0252686,287.91864,101049.25,51.75,5.25
2025-05-28 05:00:00,9.475159,3.1462402,287.9494,101092.734,51.75,5.25
2025-05-28 06:00:00,9.845688,2.9416656,288.09735,101124.125,51.75,5.25
2025-05-28 07:00:00,8.374054,2.6302032,288.3714,101178.86,51.75,5.25
2025-05-28 08:00:00,9.280334,3.1370697,289.04398,101217.34,51.75,5.25
2025-05-28 09:00:00,8.328781,3.266098,289.5192,101243.25,51.75,5.25
2025-05-28 10:00:00,8.560013,2.6871338,291.3938,101232.27,51.75,5.25
2025-05-28 11:00:00,10.067566,-0.6314087,291.12424,101268.51,51.75,5.25
2025-05-28 12:00:00,9.894775,-2.0102844,290.21625,101319.81,51.75,5.25
2025-05-28 13:00:00,9.460129,-2.9375763,290.54028,101377.664,51.75,5.25
2025-05-28 14:00:00,9.074722,-3.2390442,290.75482,101453.02,51.75,5.25
2025-05-28 15:00:00,7.693939,-4.8459015,289.4508,101554.625,51.75,5.25
2025-05-28 16:00:00,6.1529083,-5.647415,290.09955,101623.484,51.75,5.25
2025-05-28 17:00:00,5.0816956,-5.7184296,289.0245,101721.11,51.75,5.25
2025-05-28 18:00:00,3.5208588,-5.5075836,288.77533,101790.79,51.75,5.25
2025-05-28 19:00:00,3.1102295,-4.597946,287.8817,101898.92,51.75,5.25
2025-05-28 20:00:00,2.971161,-3.8318176,286.24808,101995.86,51.75,5.25
2025-05-28 21:00:00,2.9076996,-2.926834,284.78506,102043.75,51.75,5.25
2025-05-28 22:00:00,2.172577,-2.1967316,282.6103,102085.22,51.75,5.25
2025-05-28 23:00:00,2.7207031,-1.3840027,282.2605,102103.57,51.75,5.25
2025-05-29 00:00:00,2.4039917,-0.5128021,282.03687,102093.09,51.75,5.25
2025-05-29 01:00:00,2.75029,0.08602905,281.80463,102131.53,51.75,5.25
2025-05-29 02:00:00,2.3238068,1.6208649,281.95218,102098.78,51.75,5.25
2025-05-29 03:00:00,2.7838593,2.4485168,282.08478,102138.78,51.75,5.25
2025-05-29 04:00:00,2.0332031,3.909256,282.68814,102120.79,51.75,5.25
2025-05-29 05:00:00,1.379303,4.124542,284.09644,102115.36,51.75,5.25
2025-05-29 06:00:00,0.6893158,4.4542847,285.3958,102118.5,51.75,5.25
2025-05-29 07:00:00,1.1654816,5.102463,286.4673,102117.03,51.75,5.25
2025-05-29 08:00:00,2.2549133,5.6911316,287.046,102109.36,51.75,5.25
2025-05-29 09:00:00,3.6453247,5.8194733,288.2444,102097.734,51.75,5.25
2025-05-29 10:00:00,2.6442108,5.768509,288.52933,102072.55,51.75,5.25
2025-05-29 11:00:00,3.1438599,7.1651764,288.88336,102045.97,51.75,5.25
2025-05-29 12:00:00,4.3296356,8.063812,289.52805,101993.164,51.75,5.25
2025-05-29 13:00:00,8.111816,8.710892,290.2282,101959.875,51.75,5.25
2025-05-29 14:00:00,9.168213,7.1973267,291.50195,101921.86,51.75,5.25
2025-05-29 15:00:00,8.328201,5.742264,292.0888,101901.875,51.75,5.25
2025-05-29 16:00:00,7.8295593,5.042557,291.9619,101890.125,51.75,5.25
2025-05-29 17:00:00,7.9437256,5.0423737,291.8553,101851.39,51.75,5.25
2025-05-29 18:00:00,7.9629974,5.023575,291.81976,101861.29,51.75,5.25
2025-05-29 19:00:00,7.4438477,5.2947845,291.37527,101860.0,51.75,5.25
2025-05-29 20:00:00,7.3605957,5.297287,290.42838,101895.414,51.75,5.25
2025-05-29 21:00:00,7.6244965,4.834671,289.51486,101919.42,51.75,5.25
2025-05-29 22:00:00,8.140732,4.6876373,289.1742,101934.28,51.75,5.25
2025-05-29 23:00:00,8.110458,4.3640594,288.9449,101940.24,51.75,5.25
2025-05-30 00:00:00,7.936432,4.3196716,288.43222,101947.51,51.75,5.25
2025-05-30 01:00:00,7.6908875,3.9633331,287.87964,101932.766,51.75,5.25
2025-05-30 02:00:00,7.069046,3.7825317,287.56604,101924.19,51.75,5.25
2025-05-30 03:00:00,6.400833,4.1152954,287.161,101911.7,51.75,5.25
2025-05-30 04:00:00,6.1454163,4.1740265,287.13724,101936.67,51.75,5.25
2025-05-30 05:00:00,5.9991455,3.875763,287.69836,101950.516,51.75,5.25
2025-05-30 06:00:00,6.352707,3.902481,288.65552,101956.375,51.75,5.25
2025-05-30 07:00:00,6.3847656,3.4459686,289.6244,101972.58,51.75,5.25
2025-05-30 08:00:00,6.4984436,3.103531,290.83975,102000.09,51.75,5.25
2025-05-30 09:00:00,6.966156,2.9289856,291.9104,101983.234,51.75,5.25
2025-05-30 10:00:00,6.845993,2.7200623,292.8745,101983.3,51.75,5.25
2025-05-30 11:00:00,6.987152,2.7515411,293.8744,101973.72,51.75,5.25
2025-05-30 12:00:00,6.5743866,3.1485443,294.9768,101949.39,51.75,5.25
2025-05-30 13:00:00,6.159836,3.2783813,295.24728,101935.87,51.75,5.25
2025-05-30 14:00:00,5.855072,3.48703,295.5257,101903.14,51.75,5.25
2025-05-30 15:00:00,5.751419,2.5980682,295.60934,101870.16,51.75,5.25
2025-05-30 16:00:00,5.5156403,0.45176697,295.22296,101869.91,51.75,5.25
2025-05-30 17:00:00,4.6730957,-1.736618,294.8982,101875.83,51.75,5.25
2025-05-30 18:00:00,3.6719818,-2.6134033,293.97583,101875.61,51.75,5.25
2025-05-30 19:00:00,2.8249054,-2.3339539,292.36993,101869.88,51.75,5.25
2025-05-30 20:00:00,2.0237732,-1.962265,289.58807,101890.71,51.75,5.25
2025-05-30 21:00:00,1.3387909,-1.2534027,289.92383,101871.69,51.75,5.25
2025-05-30 22:00:00,1.4000549,-1.0721893,288.8679,101865.17,51.75,5.25
2025-05-30 23:00:00,1.21875,-0.70376587,287.34253,101874.31,51.75,5.25
2025-05-31 00:00:00,1.318985,-0.2471466,286.43994,101841.66,51.75,5.25
2025-05-31 01:00:00,1.7647858,-0.056610107,285.47766,101836.43,51.75,5.25
2025-05-31 02:00:00,2.2702637,-0.05130005,285.05627,101821.49,51.75,5.25
2025-05-31 03:00:00,2.419342,-0.18109131,284.69623,101799.59,51.75,5.25
2025-05-31 04:00:00,2.0717163,-0.048049927,285.04614,101812.34,51.75,5.25
2025-05-31 05:00:00,1.572998,0.54196167,286.47717,101795.62,51.75,5.25
2025-05-31 06:00:00,1.0463257,1.1879578,288.89758,101797.53,51.75,5.25
2025-05-31 07:00:00,0.22467041,1.3371124,291.27533,101803.09,51.75,5.25
2025-05-31 08:00:00,0.19422913,1.6599579,292.89166,101796.125,51.75,5.25
2025-05-31 09:00:00,0.4961548,1.8743896,294.30307,101781.66,51.75,5.25
2025-05-31 10:00:00,-0.76968384,1.0339203,295.4508,101769.08,51.75,5.25
2025-05-31 11:00:00,-0.0901947,1.4527435,297.07004,101708.016,51.75,5.25
2025-05-31 12:00:00,1.145752,1.7336731,297.6919,101677.78,51.75,5.25
2025-05-31 13:00:00,1.7094879,1.8612518,298.83,101635.59,51.75,5.25
2025-05-31 14:00:00,1.8312988,1.933075,299.67764,101592.45,51.75,5.25
2025-05-31 15:00:00,1.958847,2.087082,299.74866,101527.93,51.75,5.25
2025-05-31 16:00:00,2.0334625,1.9382172,299.32172,101481.94,51.75,5.25
2025-05-31 17:00:00,1.6917572,2.117569,298.34583,101441.06,51.75,5.25
2025-05-31 18:00:00,1.4768219,1.8019867,297.23633,101401.33,51.75,5.25
2025-05-31 19:00:00,1.6879272,0.48895264,295.5611,101375.78,51.75,5.25
2025-05-31 20:00:00,1.346283,-0.18862915,294.21005,101379.836,51.75,5.25
2025-05-31 21:00:00,1.282959,0.72901917,293.19635,101409.63,51.75,5.25
2025-05-31 22:00:00,2.5132751,-2.3936768,291.45795,101384.695,51.75,5.25
2025-05-31 23:00:00,1.0359192,-0.8995819,291.35944,101355.7,51.75,5.25
2025-06-01 00:00:00,0.6510315,0.43792725,291.2294,101323.32,51.75,5.25
2025-06-01 01:00:00,1.1057587,1.9144745,290.5755,101318.81,51.75,5.25
2025-06-01 02:00:00,2.3746948,3.9073029,289.849,101305.75,51.75,5.25
2025-06-01 03:00:00,5.363983,4.0452576,289.06024,101299.28,51.75,5.25
2025-06-01 04:00:00,6.1772614,3.5512085,288.5859,101311.47,51.75,5.25
2025-06-01 05:00:00,6.300003,3.8614807,288.5325,101318.67,51.75,5.25
2025-06-01 06:00:00,6.894989,3.008377,289.03076,101318.75,51.75,5.25
2025-06-01 07:00:00,7.3774414,1.5605011,289.91052,101331.28,51.75,5.25
2025-06-01 08:00:00,7.285904,1.8683777,290.61807,101351.266,51.75,5.25
2025-06-01 09:00:00,6.5525665,2.00885,291.00372,101367.44,51.75,5.25
2025-06-01 10:00:00,6.8198853,0.89004517,291.30643,101383.49,51.75,5.25
2025-06-01 11:00:00,6.911743,0.7636719,291.49603,101360.73,51.75,5.25
2025-06-01 12:00:00,6.8865814,0.97724915,292.435,101363.055,51.75,5.25
2025-06-01 13:00:00,6.8732605,1.9427948,292.86325,101374.96,51.75,5.25
2025-06-01 14:00:00,7.5846405,2.2531433,293.0075,101374.055,51.75,5.25
2025-06-01 15:00:00,8.134445,1.374527,293.3756,101336.555,51.75,5.25
2025-06-01 16:00:00,7.897156,0.79252625,293.14236,101329.21,51.75,5.25
2025-06-01 17:00:00,7.268997,0.7301483,292.3025,101336.125,51.75,5.25
2025-06-01 18:00:00,6.303116,0.83236694,291.48056,101329.68,51.75,5.25
2025-06-01 19:00:00,5.569992,1.0510712,290.37338,101355.97,51.75,5.25
2025-06-01 20:00:00,5.4816895,1.828659,288.94217,101375.875,51.75,5.25
2025-06-01 21:00:00,5.790634,2.4846497,288.05157,101419.22,51.75,5.25
2025-06-01 22:00:00,6.891983,2.9845734,286.6591,101425.83,51.75,5.25
2025-06-01 23:00:00,6.616379,3.1746979,285.79623,101430.0,51.75,5.25
2025-06-02 00:00:00,6.3681335,3.4156952,285.2301,101420.75,51.75,5.25
2025-06-02 01:00:00,6.250656,3.673935,284.497,101407.016,51.75,5.25
2025-06-02 02:00:00,6.3660126,3.6367798,283.89087,101397.055,51.75,5.25
2025-06-02 03:00:00,6.1509857,3.4809723,283.82358,101409.61,51.75,5.25
2025-06-02 04:00:00,5.501648,3.3565369,284.18085,101427.2,51.75,5.25
2025-06-02 05:00:00,5.1273193,3.582672,285.1651,101456.15,51.75,5.25
2025-06-02 06:00:00,4.566574,3.5911255,286.38654,101483.484,51.75,5.25
2025-06-02 07:00:00,4.930374,2.9683228,287.7381,101519.695,51.75,5.25
2025-06-02 08:00:00,4.895874,2.6221619,289.24243,101542.58,51.75,5.25
2025-06-02 09:00:00,5.4769745,1.0687714,289.9845,101580.8,51.75,5.25
2025-06-02 10:00:00,5.2367096,0.4433899,289.7126,101588.06,51.75,5.25
2025-06-02 11:00:00,5.081024,-0.27815247,290.75034,101634.07,51.75,5.25
2025-06-02 12:00:00,5.091629,-1.4749908,290.6172,101609.63,51.75,5.25
2025-06-02 13:00:00,5.5349426,-2.4325867,290.68033,101618.984,51.75,5.25
2025-06-02 14:00:00,5.7351685,-2.842453,291.22067,101614.49,51.75,5.25
2025-06-02 15:00:00,5.228409,-3.0713196,291.5418,101608.56,51.75,5.25
2025-06-02 16:00:00,4.539963,-2.9855804,291.31256,101609.766,51.75,5.25
2025-06-02 17:00:00,3.7915192,-2.675293,291.02756,101596.39,51.75,5.25
2025-06-02 18:00:00,2.9748535,-2.2486115,290.27475,101603.62,51.75,5.25
2025-06-02 19:00:00,2.4599762,-1.8497467,288.8819,101621.83,51.75,5.25
2025-06-02 20:00:00,1.8399658,-1.4251251,286.26416,101647.9,51.75,5.25
2025-06-02 21:00:00,1.0328674,-0.55184937,286.2185,101643.37,51.75,5.25
2025-06-02 22:00:00,-1.4969482,0.33694458,283.90088,101618.49,51.75,5.25
2025-06-02 23:00:00,-2.21904,2.9463959,281.351,101551.5,51.75,5.25
2025-06-03 00:00:00,-2.5209808,4.9624786,281.49066,101494.83,51.75,5.25
2025-06-03 01:00:00,-2.5089722,6.36969,282.496,101450.0,51.75,5.25
2025-06-03 02:00:00,-1.7696228,7.373657,282.92944,101380.16,51.75,5.25
2025-06-03 03:00:00,-0.6499634,7.917938,282.8921,101330.09,51.75,5.25
2025-06-03 04:00:00,0.12080383,8.001587,282.96375,101294.87,51.75,5.25
2025-06-03 05:00:00,0.17410278,7.5750427,284.48218,101246.08,51.75,5.25
2025-06-03 06:00:00,0.11167908,7.3257294,286.77673,101209.39,51.75,5.25
2025-06-03 07:00:00,-0.0927124,6.33255,289.2118,101173.69,51.75,5.25
2025-06-03 08:00:00,-0.29328918,6.75119,291.684,101111.66,51.75,5.25
2025-06-03 09:00:00,0.39517212,7.864502,293.33023,101048.195,51.75,5.25
2025-06-03 10:00:00,5.117157,8.3337555,294.2583,101020.56,51.75,5.25
2025-06-03 11:00:00,5.7618713,8.144516,294.50732,100981.2,51.75,5.25
2025-06-03 12:00:00,5.6168213,7.724289,295.58667,100934.33,51.75,5.25
2025-06-03 13:00:00,5.715912,7.1082764,296.16464,100896.09,51.75,5.25
2025-06-03 14:00:00,6.11232,7.9783173,295.90375,100835.94,51.75,5.25
2025-06-03 15:00:00,5.942459,7.6584473,295.55707,100797.56,51.75,5.25
2025-06-03 16:00:00,6.2128906,7.083267,295.4605,100746.086,51.75,5.25
2025-06-03 17:00:00,5.9272614,5.0167084,294.68335,100715.6,51.75,5.25
2025-06-03 18:00:00,6.484253,2.8989105,293.37897,100709.2,51.75,5.25
2025-06-03 19:00:00,6.981888,1.2110901,291.7978,100710.94,51.75,5.25
2025-06-03 20:00:00,7.404129,0.702652,290.26865,100798.59,51.75,5.25
2025-06-03 21:00:00,6.256958,1.8796082,289.33228,100805.31,51.75,5.25
2025-06-03 22:00:00,4.811798,3.062317,289.66473,100784.36,51.75,5.25
2025-06-03 23:00:00,3.7870789,4.1046143,289.2718,100755.52,51.75,5.25
2025-06-04 00:00:00,3.3293915,4.381363,289.01956,100687.63,51.75,5.25
2025-06-04 01:00:00,2.3108215,5.7358704,289.09494,100672.34,51.75,5.25
2025-06-04 02:00:00,1.917099,6.284149,289.21542,100623.22,51.75,5.25
2025-06-04 03:00:00,2.6654053,6.3541107,288.9496,100604.7,51.75,5.25
2025-06-04 04:00:00,3.8122559,5.937851,288.40442,100604.45,51.75,5.25
2025-06-04 05:00:00,4.4988403,5.274582,288.37354,100602.21,51.75,5.25
2025-06-04 06:00:00,4.7895966,5.0938263,288.33002,100626.77,51.75,5.25
2025-06-04 07:00:00,5.647995,5.1592407,288.52585,100647.7,51.75,5.25
2025-06-04 08:00:00,5.5390778,4.752838,288.2812,100671.445,51.75,5.25
2025-06-04 09:00:00,5.379776,4.424652,288.7603,100703.14,51.75,5.25
2025-06-04 10:00:00,5.630249,3.1322784,287.8194,100734.695,51.75,5.25
2025-06-04 11:00:00,5.245041,3.3852997,288.542,100734.93,51.75,5.25
2025-06-04 12:00:00,6.230728,4.0383453,289.55746,100702.1,51.75,5.25
2025-06-04 13:00:00,6.8661346,4.107086,290.81525,100685.0,51.75,5.25
2025-06-04 14:00:00,6.745117,3.8963928,291.52747,100693.8,51.75,5.25
2025-06-04 15:00:00,6.918106,3.6537476,291.50092,100694.805,51.75,5.25
2025-06-04 16:00:00,6.603058,2.502945,291.54462,100690.734,51.75,5.25
2025-06-04 17:00:00,5.887558,1.4071655,291.35767,100707.95,51.75,5.25
2025-06-04 18:00:00,4.6124725,0.37069702,290.809,100727.22,51.75,5.25
2025-06-04 19:00:00,3.9800262,-0.15434265,289.62427,100759.94,51.75,5.25
2025-06-04 20:00:00,3.3469696,0.10731506,287.729,100816.45,51.75,5.25
2025-06-04 21:00:00,2.6422577,1.3014832,285.8012,100839.06,51.75,5.25
2025-06-04 22:00:00,3.5485687,3.010147,284.84644,100869.85,51.75,5.25
2025-06-04 23:00:00,4.279709,4.4085846,284.22388,100839.016,51.75,5.25
2025-06-05 00:00:00,4.5382385,5.2635803,284.17148,100837.31,51.75,5.25
2025-06-05 01:00:00,4.6627045,5.502777,284.16504,100848.39,51.75,5.25
2025-06-05 02:00:00,4.076889,5.6523743,284.20728,100830.78,51.75,5.25
2025-06-05 03:00:00,3.3479156,6.30571,284.51733,100826.36,51.75,5.25
2025-06-05 04:00:00,2.7593994,6.401413,285.22742,100835.53,51.75,5.25
2025-06-05 05:00:00,1.8403168,6.309662,285.89218,100825.195,51.75,5.25
2025-06-05 06:00:00,1.5085602,6.8969574,286.61044,100810.86,51.75,5.25
2025-06-05 07:00:00,2.0759277,7.431595,287.62042,100791.33,51.75,5.25
2025-06-05 08:00:00,3.33638,7.5605316,289.02142,100765.75,51.75,5.25
2025-06-05 09:00:00,3.4746552,6.9594574,289.62894,100752.41,51.75,5.25
2025-06-05 10:00:00,3.3182068,7.559082,290.3144,100721.37,51.75,5.25
2025-06-05 11:00:00,4.922058,8.7712555,290.1449,100722.59,51.75,5.25
2025-06-05 12:00:00,4.895935,7.080185,289.08987,100729.71,51.75,5.25
2025-06-05 13:00:00,4.895996,6.0038147,290.17712,100697.86,51.75,5.25
2025-06-05 14:00:00,4.957657,6.050583,291.20392,100674.836,51.75,5.25
2025-06-05 15:00:00,4.5124664,7.12854,291.02432,100626.23,51.75,5.25
2025-06-05 16:00:00,3.8292694,7.6808014,290.65363,100604.98,51.75,5.25
2025-06-05 17:00:00,3.35701,7.423218,290.41925,100561.625,51.75,5.25
2025-06-05 18:00:00,2.473114,7.384903,289.1922,100536.48,51.75,5.25
2025-06-05 19:00:00,1.7336731,8.298584,288.6433,100479.11,51.75,5.25
2025-06-05 20:00:00,1.1888428,9.36969,288.51804,100408.7,51.75,5.25
2025-06-05 21:00:00,1.7746124,10.049881,288.07593,100338.516,51.75,5.25
2025-06-05 22:00:00,3.7157135,10.654587,287.8919,100291.39,51.75,5.25
2025-06-05 23:00:00,4.3342896,8.568237,287.81696,100237.17,51.75,5.25
2025-06-06 00:00:00,5.622696,7.3621826,287.75433,100167.42,51.75,5.25
2025-06-06 01:00:00,8.514084,5.7716064,287.83295,100193.81,51.75,5.25
2025-06-06 02:00:00,9.474808,4.4738464,287.40683,100249.69,51.75,5.25
2025-06-06 03:00:00,9.079376,4.675354,286.93127,100308.445,51.75,5.25
2025-06-06 04:00:00,9.07077,5.0312347,286.72046,100394.67,51.75,5.25
2025-06-06 05:00:00,9.125702,5.3637238,286.74292,100462.59,51.75,5.25
2025-06-06 06:00:00,8.032227,5.5282593,287.23773,100547.36,51.75,5.25
2025-06-06 07:00:00,9.24939,5.6069946,287.96234,100631.75,51.75,5.25
2025-06-06 08:00:00,10.075058,5.389511,288.86194,100693.62,51.75,5.25
2025-06-06 09:00:00,10.232925,5.1150055,289.95322,100773.56,51.75,5.25
2025-06-06 10:00:00,8.581741,4.139694,290.30988,100836.234,51.75,5.25
2025-06-06 11:00:00,7.8567657,4.891449,291.11603,100835.12,51.75,5.25
2025-06-06 12:00:00,7.394287,5.5287323,292.31097,100834.7,51.75,5.25
2025-06-06 13:00:00,6.289459,5.432251,293.21704,100822.0,51.75,5.25
2025-06-06 14:00:00,8.529221,6.088333,292.84097,100886.8,51.75,5.25
2025-06-06 15:00:00,8.044052,4.4353943,291.43887,100886.72,51.75,5.25
2025-06-06 16:00:00,7.176117,4.0261536,290.55182,100887.63,51.75,5.25
2025-06-06 17:00:00,7.5578613,3.9428558,289.8997,100878.33,51.75,5.25
2025-06-06 18:00:00,6.082962,3.278946,289.76776,100895.05,51.75,5.25
2025-06-06 19:00:00,5.2794495,3.5685577,289.19208,100897.234,51.75,5.25
2025-06-06 20:00:00,4.8837433,3.7674408,288.2657,100901.734,51.75,5.25
2025-06-06 21:00:00,5.1405487,3.7946472,287.45294,100929.86,51.75,5.25
2025-06-06 22:00:00,5.4235535,4.6268616,287.5511,100961.33,51.75,5.25
2025-06-06 23:00:00,5.628952,4.3019257,287.23602,100929.42,51.75,5.25
2025-06-07 00:00:00,5.1999817,5.000824,286.84418,100909.45,51.75,5.25
2025-06-07 01:00:00,4.9763947,4.741287,286.12564,100876.65,51.75,5.25
2025-06-07 02:00:00,4.840851,5.212143,285.61603,100845.93,51.75,5.25
2025-06-07 03:00:00,4.1654816,5.676346,285.6075,100834.5,51.75,5.25
2025-06-07 04:00:00,2.9705658,5.382782,285.2103,100796.18,51.75,5.25
2025-06-07 05:00:00,2.2085876,5.445877,285.05084,100748.75,51.75,5.25
2025-06-07 06:00:00,3.0539703,5.466919,285.21716,100731.19,51.75,5.25
2025-06-07 07:00:00,3.9473267,5.2016907,285.62103,100736.45,51.75,5.25
2025-06-07 08:00:00,5.2638855,4.826233,285.88983,100727.19,51.75,5.25
2025-06-07 09:00:00,4.376297,5.065613,286.60706,100725.47,51.75,5.25
2025-06-07 10:00:00,4.72583,3.694992,288.4687,100718.47,51.75,5.25
2025-06-07 11:00:00,6.485916,4.927704,289.2094,100704.75,51.75,5.25
2025-06-07 12:00:00,6.2830353,3.740097,287.42932,100687.86,51.75,5.25
2025-06-07 13:00:00,6.537613,3.9153442,287.82416,100697.266,51.75,5.25
2025-06-07 14:00:00,6.792053,4.6219482,289.1339,100680.19,51.75,5.25
2025-06-07 15:00:00,7.823105,4.629013,290.74292,100686.67,51.75,5.25
2025-06-07 16:00:00,8.023087,3.3313293,289.14078,100714.17,51.75,5.25
2025-06-07 17:00:00,6.6972656,2.1367493,288.81976,100673.555,51.75,5.25
2025-06-07 18:00:00,5.9500275,2.737793,288.4773,100708.61,51.75,5.25
2025-06-07 19:00:00,3.7693634,3.8452148,287.5814,100707.08,51.75,5.25
2025-06-07 20:00:00,3.2339935,5.1990204,286.67236,100650.516,51.75,5.25
2025-06-07 21:00:00,3.298935,6.011795,286.62793,100634.305,51.75,5.25
2025-06-07 22:00:00,1.6581421,7.693695,286.7503,100528.516,51.75,5.25
2025-06-07 23:00:00,2.8207092,8.030411,286.63602,100443.34,51.75,5.25
2025-06-08 00:00:00,5.4656982,7.5149994,286.63464,100385.24,51.75,5.25
2025-06-08 01:00:00,8.387665,5.8650665,286.19104,100359.73,51.75,5.25
2025-06-08 02:00:00,10.2960205,2.8871307,285.8164,100387.48,51.75,5.25
2025-06-08 03:00:00,10.541214,0.24412537,285.433,100497.875,51.75,5.25
2025-06-08 04:00:00,10.011459,-0.76342773,285.24927,100612.4,51.75,5.25
2025-06-08 05:00:00,8.894623,-0.17887878,285.31165,100718.3,51.75,5.25
2025-06-08 06:00:00,8.318893,0.355896,285.65393,100831.38,51.75,5.25
2025-06-08 07:00:00,8.253052,0.5528412,285.89496,100931.16,51.75,5.25
2025-06-08 08:00:00,8.257706,0.90541077,286.10614,101030.63,51.75,5.25
2025-06-08 09:00:00,8.954803,0.31263733,286.26935,101112.7,51.75,5.25
2025-06-08 10:00:00,10.446487,-0.18183899,286.89978,101232.91,51.75,5.25
2025-06-08 11:00:00,10.220474,-1.1319275,287.17154,101361.92,51.75,5.25
2025-06-08 12:00:00,10.642426,-1.0282593,287.1839,101429.234,51.75,5.25
2025-06-08 13:00:00,11.623886,-1.3581848,287.95578,101534.42,51.75,5.25
2025-06-08 14:00:00,11.558273,-2.2013245,287.71472,101619.555,51.75,5.25
2025-06-08 15:00:00,10.878052,-3.1086884,287.91623,101700.95,51.75,5.25
2025-06-08 16:00:00,10.947845,-3.2996216,287.97357,101761.2,51.75,5.25
2025-06-08 17:00:00,9.745407,-3.2174683,287.58136,101832.31,51.75,5.25
2025-06-08 18:00:00,7.7607574,-1.7849121,287.4414,101864.164,51.75,5.25
2025-06-08 19:00:00,6.625122,-0.55574036,286.56744,101951.69,51.75,5.25
2025-06-08 20:00:00,5.5906067,0.8975525,284.7616,101986.234,51.75,5.25
2025-06-08 21:00:00,4.9484406,3.1398163,283.64218,102035.2,51.75,5.25
2025-06-08 22:00:00,5.5049744,3.8179016,283.7146,102012.68,51.75,5.25
2025-06-08 23:00:00,6.4443054,4.119522,283.98267,102031.0,51.75,5.25
2025-06-09 00:00:00,7.027481,3.3400574,284.01538,102034.63,51.75,5.25
2025-06-09 01:00:00,6.91745,3.1316376,283.95435,102042.66,51.75,5.25
2025-06-09 02:00:00,6.915985,3.055008,283.66107,102046.81,51.75,5.25
2025-06-09 03:00:00,6.426132,3.0411987,283.40576,102069.45,51.75,5.25
2025-06-09 04:00:00,5.696472,3.3117828,283.28796,102093.06,51.75,5.25
2025-06-09 05:00:00,5.244217,3.726181,283.92883,102107.17,51.75,5.25
2025-06-09 06:00:00,4.660431,3.7974854,285.23605,102146.29,51.75,5.25
2025-06-09 07:00:00,5.5051575,3.0871277,286.71863,102173.8,51.75,5.25
2025-06-09 08:00:00,4.9244537,3.1082458,287.98425,102215.64,51.75,5.25
2025-06-09 09:00:00,4.4930573,2.9281769,289.26068,102218.41,51.75,5.25
2025-06-09 10:00:00,4.2994385,3.6357422,289.93115,102226.914,51.75,5.25
2025-06-09 11:00:00,4.789856,3.3319855,290.55447,102222.78,51.75,5.25
2025-06-09 12:00:00,5.231659,2.7227478,290.76312,102206.33,51.75,5.25
2025-06-09 13:00:00,5.6723633,2.2616577,291.74634,102199.66,51.75,5.25
2025-06-09 14:00:00,5.773712,1.6847229,291.83582,102183.71,51.75,5.25
2025-06-09 15:00:00,5.6870728,1.6047363,291.6872,102165.3,51.75,5.25
2025-06-09 16:00:00,5.0658417,1.2013245,291.72003,102150.17,51.75,5.25
2025-06-09 17:00:00,4.6335144,1.3422546,291.64,102112.42,51.75,5.25
2025-06-09 18:00:00,3.573883,1.175827,290.95874,102082.5,51.75,5.25
2025-06-09 19:00:00,3.1451263,1.7406158,289.90097,102062.41,51.75,5.25
2025-06-09 20:00:00,2.7583466,3.0360413,288.30264,102019.64,51.75,5.25
2025-06-09 21:00:00,2.7655182,4.181381,287.2768,101993.36,51.75,5.25
2025-06-09 22:00:00,3.1212158,4.2407074,286.80344,101927.44,51.75,5.25
2025-06-09 23:00:00,3.7943573,4.373047,287.00607,101886.21,51.75,5.25
2025-06-10 00:00:00,4.358658,4.577667,286.76862,101816.91,51.75,5.25
2025-06-10 01:00:00,4.6139374,5.1726685,286.6037,101746.22,51.75,5.25
2025-06-10 02:00:00,5.131607,5.8934784,286.49927,101668.266,51.75,5.25
2025-06-10 03:00:00,5.9831085,6.149658,286.5037,101614.67,51.75,5.25
2025-06-10 04:00:00,6.7016296,5.9073944,286.4667,101572.46,51.75,5.25
2025-06-10 05:00:00,6.7073975,6.195801,286.7009,101519.51,51.75,5.25
2025-06-10 06:00:00,6.3045197,6.089096,287.1999,101496.234,51.75,5.25
2025-06-10 07:00:00,7.414566,6.0381317,287.58398,101479.61,51.75,5.25
2025-06-10 08:00:00,9.867203,5.5133514,288.3929,101450.25,51.75,5.25
2025-06-10 09:00:00,10.710251,4.4918976,288.41644,101442.95,51.75,5.25
2025-06-10 10:00:00,9.237854,3.7092743,288.9214,101468.52,51.75,5.25
2025-06-10 11:00:00,9.436523,3.8762207,288.5052,101480.734,51.75,5.25
2025-06-10 12:00:00,10.847794,3.6074219,288.92917,101468.41,51.75,5.25
2025-06-10 13:00:00,10.444397,2.7883453,290.0202,101480.36,51.75,5.25
2025-06-10 14:00:00,10.143158,0.77801514,290.09644,101493.58,51.75,5.25
2025-06-10 15:00:00,9.929611,-2.0777283,290.31543,101530.305,51.75,5.25
2025-06-10 16:00:00,8.294037,-4.0233917,290.16595,101589.5,51.75,5.25
2025-06-10 17:00:00,6.7541656,-4.8568115,290.09274,101643.45,51.75,5.25
2025-06-10 18:00:00,5.53331,-4.8329773,289.6123,101740.8,51.75,5.25
2025-06-10 19:00:00,4.811493,-4.680771,288.3638,101788.71,51.75,5.25
2025-06-10 20:00:00,4.2509766,-4.2165375,286.41278,101891.19,51.75,5.25
2025-06-10 21:00:00,4.056656,-3.5539398,284.68445,101957.8,51.75,5.25
2025-06-10 22:00:00,3.4972687,-3.4561615,283.63397,102006.56,51.75,5.25
2025-06-10 23:00:00,3.6440582,-3.1192017,282.83273,102051.8,51.75,5.25
2025-06-11 00:00:00,3.4050903,-3.247589,281.99762,102080.68,51.75,5.25
2025-06-11 01:00:00,2.701706,-3.2382812,280.8083,102093.734,51.75,5.25
2025-06-11 02:00:00,2.336563,-2.8649597,280.5334,102127.06,51.75,5.25
2025-06-11 03:00:00,1.901413,-2.9382782,279.719,102145.266,51.75,5.25
2025-06-11 04:00:00,1.0757141,-3.1439972,280.64313,102154.55,51.75,5.25
2025-06-11 05:00:00,0.14703369,-2.6930237,282.51453,102194.39,51.75,5.25
2025-06-11 06:00:00,-0.34124756,-1.2825012,285.4771,102237.74,51.75,5.25
2025-06-11 07:00:00,-1.4751282,-1.0203094,287.14886,102266.65,51.75,5.25
2025-06-11 08:00:00,-1.3383331,-0.30029297,288.3702,102304.125,51.75,5.25
2025-06-11 09:00:00,-1.2789459,0.06036377,289.15686,102308.516,51.75,5.25
2025-06-11 10:00:00,-1.6198273,0.018127441,289.7522,102294.5,51.75,5.25
2025-06-11 11:00:00,-2.2772675,-0.14331055,290.5163,102261.78,51.75,5.25
2025-06-11 12:00:00,-2.1277924,-0.34436035,291.49866,102239.17,51.75,5.25
2025-06-11 13:00:00,-2.66716,-0.5204773,292.5404,102196.305,51.75,5.25
2025-06-11 14:00:00,-3.2583923,-0.567276,292.8799,102153.41,51.75,5.25
2025-06-11 15:00:00,-3.4795837,-0.8642731,293.56512,102103.44,51.75,5.25
2025-06-11 16:00:00,-3.9586945,-1.1269531,293.44196,102061.69,51.75,5.25
2025-06-11 17:00:00,-4.7695007,-1.3968658,293.32785,102046.516,51.75,5.25
2025-06-11 18:00:00,-5.6065063,-1.6609802,292.76642,101995.016,51.75,5.25
2025-06-11 19:00:00,-6.343628,-1.6891785,291.50922,102000.96,51.75,5.25
2025-06-11 20:00:00,-7.015579,-1.5512848,289.6057,102016.28,51.75,5.25
2025-06-11 21:00:00,-7.7734222,-1.2843475,288.35745,102022.125,51.75,5.25
2025-06-11 22:00:00,-7.793045,-1.6100616,287.7517,102024.61,51.75,5.25
2025-06-11 23:00:00,-8.25798,-1.5098114,286.94742,101994.09,51.75,5.25
2025-06-12 00:00:00,-8.489471,-0.68777466,286.69693,101980.016,51.75,5.25
2025-06-12 01:00:00,-8.705582,-0.28511047,285.9923,101931.59,51.75,5.25
2025-06-12 02:00:00,-9.055679,0.051651,285.55957,101879.47,51.75,5.25
2025-06-12 03:00:00,-8.583801,0.7126007,285.1831,101850.125,51.75,5.25
2025-06-12 04:00:00,-7.999466,1.0186005,285.21936,101867.06,51.75,5.25
2025-06-12 05:00:00,-8.105164,0.7849426,286.33258,101848.94,51.75,5.25
2025-06-12 06:00:00,-7.7905273,0.8438873,288.1551,101831.164,51.75,5.25
2025-06-12 07:00:00,-7.587906,1.1575317,290.18176,101811.39,51.75,5.25
2025-06-12 08:00:00,-8.052536,1.3298798,292.01544,101751.05,51.75,5.25
2025-06-12 09:00:00,-8.28833,1.7166901,294.03442,101704.125,51.75,5.25
2025-06-12 10:00:00,-7.7014008,1.6364136,295.80408,101650.234,51.75,5.25
2025-06-12 11:00:00,-8.677353,2.0213013,296.9685,101564.56,51.75,5.25
2025-06-12 12:00:00,-8.914612,3.0404816,298.5457,101523.25,51.75,5.25
2025-06-12 13:00:00,-8.258743,3.8535156,299.51816,101512.58,51.75,5.25
2025-06-12 14:00:00,-7.8157654,4.2045593,300.3556,101482.29,51.75,5.25
2025-06-12 15:00:00,-7.612335,4.285034,300.42627,101461.59,51.75,5.25
2025-06-12 16:00:00,-7.6314087,3.9131165,300.7851,101421.56,51.75,5.25
2025-06-12 17:00:00,-7.4303894,3.8697357,300.1656,101410.516,51.75,5.25
2025-06-12 18:00:00,-7.79747,3.8968658,299.42468,101432.05,51.75,5.25
2025-06-12 19:00:00,-7.789444,4.394165,298.33194,101463.95,51.75,5.25
2025-06-12 20:00:00,-7.41362,5.0562897,296.46942,101544.44,51.75,5.25
2025-06-12 21:00:00,-6.773651,5.690918,295.5589,101599.62,51.75,5.25
2025-06-12 22:00:00,-7.1522827,4.8952637,294.2268,101596.16,51.75,5.25
2025-06-12 23:00:00,-6.0938416,5.3193665,293.61145,101634.234,51.75,5.25
2025-06-13 00:00:00,-3.546112,6.098053,292.81805,101661.28,51.75,5.25
2025-06-13 01:00:00,-1.4090881,5.800766,291.88025,101668.21,51.75,5.25
2025-06-13 02:00:00,-1.0705261,4.3005676,291.20764,101678.445,51.75,5.25
2025-06-13 03:00:00,-1.5109863,3.2985992,290.75162,101724.766,51.75,5.25
2025-06-13 04:00:00,-2.1187744,3.0316772,290.59918,101767.016,51.75,5.25
2025-06-13 05:00:00,-2.7337036,3.3247528,292.1754,101793.375,51.75,5.25
2025-06-13 06:00:00,-2.1928253,3.3397827,294.53632,101846.14,51.75,5.25
2025-06-13 07:00:00,-1.4091339,1.9850769,296.44916,101885.87,51.75,5.25
2025-06-13 08:00:00,-1.4979248,0.6354065,298.16565,101911.08,51.75,5.25
2025-06-13 09:00:00,-1.7429962,0.10159302,299.75958,101917.81,51.75,5.25
2025-06-13 10:00:00,-2.469162,0.043945312,301.25653,101918.33,51.75,5.25
2025-06-13 11:00:00,-2.5154266,0.59228516,302.57675,101906.484,51.75,5.25
2025-06-13 12:00:00,-2.5842896,0.6855774,303.56714,101858.11,51.75,5.25
2025-06-13 13:00:00,-2.9064636,0.68481445,303.8141,101840.2,51.75,5.25
2025-06-13 14:00:00,-3.7290192,0.78819275,304.24103,101822.7,51.75,5.25
2025-06-13 15:00:00,-4.2893677,0.5630188,304.14685,101790.195,51.75,5.25
2025-06-13 16:00:00,-5.098282,-0.05329895,303.70197,101730.03,51.75,5.25
2025-06-13 17:00:00,-6.0787964,-0.039764404,303.42426,101704.78,51.75,5.25
2025-06-13 18:00:00,-6.955246,0.3422699,302.44043,101662.39,51.75,5.25
2025-06-13 19:00:00,-7.6165466,0.47317505,300.7821,101628.97,51.75,5.25
2025-06-13 20:00:00,-8.039124,0.72862244,299.01733,101638.86,51.75,5.25
2025-06-13 21:00:00,-8.310333,1.2170715,298.01398,101628.2,51.75,5.25
2025-06-13 22:00:00,-8.434372,2.6747437,297.45782,101604.68,51.75,5.25
2025-06-13 23:00:00,-7.790497,4.1394196,296.93213,101505.86,51.75,5.25
2025-06-14 00:00:00,-7.412552,4.995865,296.42624,101449.46,51.75,5.25
2025-06-14 01:00:00,-2.4701538,7.033737,295.3142,101521.95,51.75,5.25
2025-06-14 02:00:00,4.7436066,4.701584,294.3575,101647.44,51.75,5.25
2025-06-14 03:00:00,2.6101837,0.76316833,293.53198,101545.58,51.75,5.25
2025-06-14 04:00:00,-2.3791504,0.23376465,292.8025,101454.91,51.75,5.25
2025-06-14 05:00:00,-4.3835144,2.9536133,293.46805,101433.69,51.75,5.25
2025-06-14 06:00:00,-4.0503693,4.6935425,294.94617,101465.45,51.75,5.25
2025-06-14 07:00:00,-2.8189087,4.3755493,296.8711,101496.49,51.75,5.25
2025-06-14 08:00:00,-1.4320984,4.1852264,299.3315,101512.92,51.75,5.25
2025-06-14 09:00:00,0.75367737,4.351883,300.6645,101530.98,51.75,5.25
2025-06-14 10:00:00,1.6110687,3.5268097,300.82812,101576.7,51.75,5.25
2025-06-14 11:00:00,4.2809143,3.8760529,301.708,101616.38,51.75,5.25
2025-06-14 12:00:00,6.202881,2.6591034,300.92984,101626.55,51.75,5.25
2025-06-14 13:00:00,5.858902,1.4516449,299.94037,101665.56,51.75,5.25
2025-06-14 14:00:00,4.666214,1.0350189,298.66693,101696.69,51.75,5.25
2025-06-14 15:00:00,4.1333466,-0.041519165,298.30566,101697.94,51.75,5.25
2025-06-14 16:00:00,4.011154,-0.99920654,297.3626,101689.484,51.75,5.25
2025-06-14 17:00:00,4.2255707,-0.9477234,296.83002,101709.47,51.75,5.25
2025-06-14 18:00:00,4.323395,-1.7120972,296.44135,101741.09,51.75,5.25
2025-06-14 19:00:00,5.230789,-2.2889404,295.32822,101812.03,51.75,5.25
2025-06-14 20:00:00,5.982712,-2.6640778,293.7244,101896.875,51.75,5.25
2025-06-14 21:00:00,6.3205566,-1.9972229,292.8612,101977.58,51.75,5.25
2025-06-14 22:00:00,4.835373,-0.033111572,292.0527,101951.33,51.75,5.25
2025-06-14 23:00:00,5.642868,0.94096375,291.5435,101923.69,51.75,5.25
2025-06-15 00:00:00,5.9705963,1.2219543,290.9715,101892.195,51.75,5.25
2025-06-15 01:00:00,4.5297394,1.373169,290.57336,101891.266,51.75,5.25
2025-06-15 02:00:00,4.991516,1.3197021,290.0921,101912.516,51.75,5.25
2025-06-15 03:00:00,4.8397217,1.287796,288.96143,101908.97,51.75,5.25
2025-06-15 04:00:00,4.9495697,2.0485992,288.4972,101952.36,51.75,5.25
2025-06-15 05:00:00,4.742447,3.1681366,288.6977,102031.086,51.75,5.25
2025-06-15 06:00:00,4.183029,2.3996887,289.36896,102006.78,51.75,5.25
2025-06-15 07:00:00,4.666626,1.6739349,290.4356,102021.13,51.75,5.25
2025-06-15 08:00:00,4.4677734,1.2840729,291.51938,102029.18,51.75,5.25
2025-06-15 09:00:00,4.971924,1.0497131,292.75082,102073.36,51.75,5.25
2025-06-15 10:00:00,5.70224,-0.6488037,293.68225,102067.73,51.75,5.25
2025-06-15 11:00:00,5.749237,-0.8819885,294.3341,102076.86,51.75,5.25
2025-06-15 12:00:00,5.802246,-1.2375183,295.03998,102100.55,51.75,5.25
2025-06-15 13:00:00,6.4108124,-1.6685944,295.06067,102094.78,51.75,5.25
2025-06-15 14:00:00,6.3671875,-2.030716,294.1539,102116.336,51.75,5.25
2025-06-15 15:00:00,5.9457855,-2.2444153,294.02756,102117.68,51.75,5.25
2025-06-15 16:00:00,5.8777313,-2.7288208,293.7689,102119.09,51.75,5.25
2025-06-15 17:00:00,5.6917267,-3.1574097,293.50684,102165.25,51.75,5.25
2025-06-15 18:00:00,4.855667,-3.3160095,292.7483,102210.94,51.75,5.25
2025-06-15 19:00:00,3.915863,-2.9931183,291.73996,102295.72,51.75,5.25
2025-06-15 20:00:00,3.677765,-2.718872,289.95325,102363.586,51.75,5.25
2025-06-15 21:00:00,3.8397064,-2.3886719,288.62164,102443.42,51.75,5.25
2025-06-15 22:00:00,3.2561493,-1.7923889,287.4991,102478.84,51.75,5.25
2025-06-15 23:00:00,3.744629,-0.32273865,286.94537,102486.56,51.75,5.25
2025-06-16 00:00:00,4.018921,1.018219,286.71866,102503.32,51.75,5.25
2025-06-16 01:00:00,4.532791,1.71315,286.3446,102493.42,51.75,5.25
2025-06-16 02:00:00,4.803543,1.8171539,286.03812,102486.016,51.75,5.25
2025-06-16 03:00:00,4.645233,2.0445862,286.08868,102504.78,51.75,5.25
2025-06-16 04:00:00,4.65361,2.1080017,286.08295,102526.53,51.75,5.25
2025-06-16 05:00:00,4.4548492,1.7359772,287.64667,102556.33,51.75,5.25
2025-06-16 06:00:00,3.3752594,1.0764008,289.48846,102581.08,51.75,5.25
2025-06-16 07:00:00,2.624817,0.57302856,291.28644,102632.78,51.75,5.25
2025-06-16 08:00:00,2.387268,0.24629211,292.90234,102660.414,51.75,5.25
2025-06-16 09:00:00,3.4111023,-0.5993805,294.23578,102666.3,51.75,5.25
2025-06-16 10:00:00,4.0627136,-0.2038269,295.17258,102677.0,51.75,5.25
2025-06-16 11:00:00,4.8936615,-1.2198639,295.4572,102677.79,51.75,5.25
2025-06-16 12:00:00,5.1061707,-2.1049347,295.98148,102672.516,51.75,5.25
2025-06-16 13:00:00,5.00235,-2.8178406,296.0207,102673.61,51.75,5.25
2025-06-16 14:00:00,4.6789703,-3.2094269,296.54282,102676.0,51.75,5.25
2025-06-16 15:00:00,4.486191,-3.4145813,295.89618,102656.36,51.75,5.25
2025-06-16 16:00:00,4.305313,-4.0726624,295.54526,102663.016,51.75,5.25
2025-06-16 17:00:00,3.577301,-4.12323,294.77444,102675.53,51.75,5.25
2025-06-16 18:00:00,2.6945648,-3.730362,293.8186,102686.01,51.75,5.25
2025-06-16 19:00:00,2.1135101,-3.4144287,292.69513,102694.195,51.75,5.25
2025-06-16 20:00:00,1.5403595,-3.026596,289.87695,102697.86,51.75,5.25
2025-06-16 21:00:00,0.8564911,-2.8820496,288.38287,102732.08,51.75,5.25
2025-06-16 22:00:00,1.0097351,-3.3247986,286.8678,102740.12,51.75,5.25
2025-06-16 23:00:00,0.34370422,-3.415924,286.3348,102736.19,51.75,5.25
2025-06-17 00:00:00,-0.36512756,-2.8358612,286.11243,102714.0,51.75,5.25
2025-06-17 01:00:00,-0.93925476,-1.377945,285.8734,102695.1,51.75,5.25
2025-06-17 02:00:00,-1.3735657,0.2503662,285.2795,102645.2,51.75,5.25
2025-06-17 03:00:00,-1.0237579,1.3690948,284.62714,102611.61,51.75,5.25
2025-06-17 04:00:00,-0.29478455,2.300583,284.34863,102619.91,51.75,5.25
2025-06-17 05:00:00,0.6101074,2.9722595,286.4709,102624.95,51.75,5.25
2025-06-17 06:00:00,1.1763306,2.9418335,289.539,102632.58,51.75,5.25
2025-06-17 07:00:00,1.5070343,2.3810272,291.93463,102640.86,51.75,5.25
2025-06-17 08:00:00,2.3498993,1.9884338,293.7405,102624.85,51.75,5.25
2025-06-17 09:00:00,2.7835999,1.5482941,295.52753,102610.24,51.75,5.25
2025-06-17 10:00:00,3.1389465,0.5002594,296.5152,102597.06,51.75,5.25
2025-06-17 11:00:00,3.4768066,0.26737976,297.52368,102556.03,51.75,5.25
2025-06-17 12:00:00,3.623993,0.12425232,298.35193,102506.47,51.75,5.25
2025-06-17 13:00:00,3.7377777,0.36549377,298.97656,102457.055,51.75,5.25
2025-06-17 14:00:00,4.1091614,0.4440155,299.02905,102434.12,51.75,5.25
2025-06-17 15:00:00,4.2253723,-0.80288696,299.11694,102393.03,51.75,5.25
2025-06-17 16:00:00,3.719452,-2.6651611,298.41928,102349.2,51.75,5.25
2025-06-17 17:00:00,2.7512207,-4.046417,297.21362,102332.94,51.75,5.25
2025-06-17 18:00:00,1.9074249,-4.2328796,295.82263,102329.59,51.75,5.25
2025-06-17 19:00:00,1.2509308,-3.5582123,294.54767,102325.64,51.75,5.25
2025-06-17 20:00:00,1.2572174,-2.8253784,292.48328,102356.36,51.75,5.25
2025-06-17 21:00:00,1.2911377,-1.8127594,290.5287,102383.234,51.75,5.25
2025-06-17 22:00:00,1.5788727,-1.3292542,289.72165,102357.23,51.75,5.25
2025-06-17 23:00:00,2.2417908,-0.615036,288.93314,102364.484,51.75,5.25
2025-06-18 00:00:00,3.0231018,-0.103271484,287.24847,102337.41,51.75,5.25
2025-06-18 01:00:00,3.4037018,0.38757324,285.964,102307.23,51.75,5.25
2025-06-18 02:00:00,3.6160736,0.958786,285.7155,102277.2,51.75,5.25
2025-06-18 03:00:00,3.8918762,1.2671967,285.35663,102279.93,51.75,5.25
2025-06-18 04:00:00,4.0811005,1.7098846,286.19757,102291.78,51.75,5.25
2025-06-18 05:00:00,4.0343933,2.4450378,288.22934,102294.1,51.75,5.25
2025-06-18 06:00:00,3.1889648,2.5750885,290.745,102304.016,51.75,5.25
2025-06-18 07:00:00,2.8300018,2.141922,292.8191,102318.32,51.75,5.25
2025-06-18 08:00:00,2.901886,1.800766,294.62982,102312.72,51.75,5.25
2025-06-18 09:00:00,3.225006,1.565033,296.26,102324.6,51.75,5.25
2025-06-18 10:00:00,3.4937134,1.2390747,297.47913,102327.02,51.75,5.25
2025-06-18 11:00:00,4.2144165,0.2516632,298.65567,102306.836,51.75,5.25
2025-06-18 12:00:00,4.7545013,-0.9785919,298.7948,102312.484,51.75,5.25
2025-06-18 13:00:00,4.8630676,-2.0905304,298.78876,102304.3,51.75,5.25
2025-06-18 14:00:00,4.753296,-3.4307861,298.2414,102304.38,51.75,5.25
2025-06-18 15:00:00,4.017212,-4.9674377,297.85678,102298.1,51.75,5.25
2025-06-18 16:00:00,3.4981995,-5.6531525,297.47333,102290.25,51.75,5.25
2025-06-18 17:00:00,3.2397766,-5.9480133,296.56622,102317.98,51.75,5.25
2025-06-18 18:00:00,2.6270447,-5.8437653,295.60504,102335.21,51.75,5.25
2025-06-18 19:00:00,1.8863373,-5.657959,294.22705,102378.664,51.75,5.25
2025-06-18 20:00:00,1.0238647,-5.533844,292.1183,102405.62,51.75,5.25
2025-06-18 21:00:00,-0.14660645,-4.97908,290.2968,102445.61,51.75,5.25
2025-06-18 22:00:00,-0.67729187,-5.1870117,289.37762,102478.91,51.75,5.25
2025-06-18 23:00:00,-1.3134155,-4.8124847,288.41284,102499.88,51.75,5.25
2025-06-19 00:00:00,-1.5310516,-4.099716,287.48672,102504.43,51.75,5.25
2025-06-19 01:00:00,-1.7577972,-3.2644958,286.58667,102538.16,51.75,5.25
2025-06-19 02:00:00,-1.8717957,-2.5194092,285.99503,102536.4,51.75,5.25
2025-06-19 03:00:00,-1.8855133,-2.4133759,285.44147,102536.266,51.75,5.25
2025-06-19 04:00:00,-1.8418579,-2.7120972,285.88214,102561.7,51.75,5.25
2025-06-19 05:00:00,-1.808075,-2.8670044,287.9842,102581.52,51.75,5.25
2025-06-19 06:00:00,-1.4065399,-2.1315918,290.45135,102618.47,51.75,5.25
2025-06-19 07:00:00,-1.649826,-1.8803864,292.13007,102648.43,51.75,5.25
2025-06-19 08:00:00,-1.7221375,-1.6531525,293.1647,102655.61,51.75,5.25
2025-06-19 09:00:00,-1.721283,-1.6172485,294.04932,102665.125,51.75,5.25
2025-06-19 10:00:00,-2.2187195,-2.0549774,294.9278,102658.55,51.75,5.25
2025-06-19 11:00:00,-2.0472412,-3.1165771,295.6944,102632.766,51.75,5.25
2025-06-19 12:00:00,-1.8975525,-3.4676056,296.56128,102624.55,51.75,5.25
2025-06-19 13:00:00,-1.7971802,-3.2765503,297.26474,102634.95,51.75,5.25
2025-06-19 14:00:00,-1.4270477,-2.9588776,297.10175,102600.53,51.75,5.25
2025-06-19 15:00:00,-1.3001251,-3.3311157,296.70975,102601.05,51.75,5.25
2025-06-19 16:00:00,-1.2948914,-3.7474213,296.69635,102580.36,51.75,5.25
2025-06-19 17:00:00,-1.651001,-3.9371033,296.48212,102555.03,51.75,5.25
2025-06-19 18:00:00,-2.0642242,-4.140671,295.72565,102549.17,51.75,5.25
2025-06-19 19:00:00,-2.3742523,-4.5147552,294.49426,102546.94,51.75,5.25
2025-06-19 20:00:00,-3.0770416,-4.9777374,292.5005,102545.44,51.75,5.25
2025-06-19 21:00:00,-4.1361084,-4.7182007,290.94727,102592.69,51.75,5.25
2025-06-19 22:00:00,-5.301361,-3.6539917,289.9403,102595.72,51.75,5.25
2025-06-19 23:00:00,-6.1880646,-2.5595703,289.20523,102628.05,51.75,5.25
2025-06-20 00:00:00,-6.6166534,-1.6162415,288.53003,102637.03,51.75,5.25
2025-06-20 01:00:00,-6.6779175,-0.7449646,287.69525,102638.92,51.75,5.25
2025-06-20 02:00:00,-6.54776,-0.04623413,287.0124,102639.68,51.75,5.25
2025-06-20 03:00:00,-6.4429016,0.20861816,286.42163,102624.16,51.75,5.25
2025-06-20 04:00:00,-6.5118256,0.18659973,286.25632,102635.31,51.75,5.25
2025-06-20 05:00:00,-6.3004913,0.53053284,287.82294,102638.14,51.75,5.25
2025-06-20 06:00:00,-5.1291046,0.90686035,289.60284,102656.7,51.75,5.25
2025-06-20 07:00:00,-4.3966827,1.117218,291.29114,102678.05,51.75,5.25
2025-06-20 08:00:00,-4.0874176,0.92889404,293.03412,102659.36,51.75,5.25
2025-06-20 09:00:00,-4.0197144,0.6720581,294.63538,102642.77,51.75,5.25
2025-06-20 10:00:00,-3.7734528,-0.08796692,295.15076,102627.82,51.75,5.25
2025-06-20 11:00:00,-3.5975037,-0.56700134,295.99628,102597.875,51.75,5.25
2025-06-20 12:00:00,-3.668457,-0.8551941,296.76212,102563.47,51.75,5.25
2025-06-20 13:00:00,-3.7606812,-1.0670929,297.77298,102529.19,51.75,5.25
2025-06-20 14:00:00,-3.9074707,-1.2179718,298.05762,102479.2,51.75,5.25
2025-06-20 15:00:00,-4.4631042,-1.523529,298.32288,102432.47,51.75,5.25
2025-06-20 16:00:00,-4.9356537,-1.6199036,298.23053,102384.22,51.75,5.25
2025-06-20 17:00:00,-5.0464478,-1.3602448,297.753,102341.125,51.75,5.25
2025-06-20 18:00:00,-4.848633,-0.9369812,296.77893,102304.28,51.75,5.25
2025-06-20 19:00:00,-5.125763,-0.7344055,295.1062,102296.2,51.75,5.25
2025-06-20 20:00:00,-5.814636,-0.5833893,293.00543,102297.57,51.75,5.25
2025-06-20 21:00:00,-6.0973816,-0.22503662,291.4536,102334.53,51.75,5.25
2025-06-20 22:00:00,-5.9333954,0.10015869,290.35785,102348.016,51.75,5.25
2025-06-20 23:00:00,-5.9606476,0.5158386,289.6944,102328.55,51.75,5.25
2025-06-21 00:00:00,-6.0987854,1.0608368,288.89932,102291.39,51.75,5.25
2025-06-21 01:00:00,-6.25914,1.2290802,287.96124,102250.27,51.75,5.25
2025-06-21 02:00:00,-6.0609894,1.2631226,287.4339,102199.12,51.75,5.25
2025-06-21 03:00:00,-5.7257996,1.4024963,286.7586,102174.99,51.75,5.25
2025-06-21 04:00:00,-5.559677,1.7460327,286.34717,102155.5,51.75,5.25
2025-06-21 05:00:00,-5.3405304,2.395691,288.69925,102162.21,51.75,5.25
2025-06-21 06:00:00,-4.5041046,2.356369,291.1333,102165.67,51.75,5.25
2025-06-21 07:00:00,-3.5479279,1.984909,293.81934,102165.67,51.75,5.25
2025-06-21 08:00:00,-3.264862,1.7942352,295.89005,102154.65,51.75,5.25
2025-06-21 09:00:00,-3.2255096,1.8731079,297.96222,102129.984,51.75,5.25
2025-06-21 10:00:00,-3.204239,1.9613953,300.04294,102102.39,51.75,5.25
2025-06-21 11:00:00,-3.0694885,2.4212341,300.76624,102048.16,51.75,5.25
2025-06-21 12:00:00,-3.0540924,2.4579926,301.76746,101992.86,51.75,5.25
2025-06-21 13:00:00,-3.3505402,2.4992676,302.61633,101915.35,51.75,5.25
2025-06-21 14:00:00,-3.2047424,2.7215729,303.26086,101861.33,51.75,5.25
2025-06-21 15:00:00,-2.8186188,2.7379913,303.65482,101813.16,51.75,5.25
2025-06-21 16:00:00,-2.173996,2.519333,303.77777,101767.86,51.75,5.25
2025-06-21 17:00:00,-1.9565582,1.7897491,303.3462,101748.56,51.75,5.25
2025-06-21 18:00:00,-2.703949,1.4858551,302.14948,101725.3,51.75,5.25
2025-06-21 19:00:00,-3.973816,1.9601746,300.26324,101719.24,51.75,5.25
2025-06-21 20:00:00,-4.7203674,3.0922241,297.5077,101720.31,51.75,5.25
2025-06-21 21:00:00,-5.3761444,4.5990753,295.16272,101711.46,51.75,5.25
2025-06-21 22:00:00,-6.55632,4.523102,293.63934,101667.01,51.75,5.25
2025-06-21 23:00:00,-4.7137146,5.9008026,293.40182,101643.16,51.75,5.25
2025-06-22 00:00:00,-2.419571,7.1555786,292.8733,101617.7,51.75,5.25
2025-06-22 01:00:00,-0.03694153,7.727295,291.94055,101595.93,51.75,5.25
2025-06-22 02:00:00,1.0675659,7.8134766,291.78903,101536.484,51.75,5.25
2025-06-22 03:00:00,1.0097809,7.8984528,291.64722,101473.766,51.75,5.25
2025-06-22 04:00:00,0.44476318,7.8506775,291.84903,101446.82,51.75,5.25
2025-06-22 05:00:00,-0.09124756,7.562851,293.5083,101381.99,51.75,5.25
2025-06-22 06:00:00,-0.04611206,7.0983276,295.5346,101373.664,51.75,5.25
2025-06-22 07:00:00,0.37001038,6.231491,297.90814,101350.17,51.75,5.25
2025-06-22 08:00:00,1.8640442,5.563858,300.09888,101338.14,51.75,5.25
2025-06-22 09:00:00,4.3353424,4.165756,300.8833,101333.69,51.75,5.25
2025-06-22 10:00:00,4.7765503,0.06980896,301.04144,101366.39,51.75,5.25
2025-06-22 11:00:00,3.3050842,-0.026000977,300.2945,101338.85,51.75,5.25
2025-06-22 12:00:00,3.4452972,0.2861328,299.3796,101315.88,51.75,5.25
2025-06-22 13:00:00,4.722168,-0.15768433,298.63568,101331.25,51.75,5.25
2025-06-22 14:00:00,7.01532,-0.88905334,299.10342,101323.234,51.75,5.25
2025-06-22 15:00:00,6.788681,-0.8456116,299.39465,101283.37,51.75,5.25
2025-06-22 16:00:00,5.3003693,-0.8075409,299.20367,101217.47,51.75,5.25
2025-06-22 17:00:00,4.8160095,0.42803955,298.4737,101164.47,51.75,5.25
2025-06-22 18:00:00,6.343872,1.4221039,296.97278,101155.53,51.75,5.25
2025-06-22 19:00:00,8.229919,1.6166992,295.25348,101192.625,51.75,5.25
2025-06-22 20:00:00,8.660278,2.5564117,293.96838,101223.83,51.75,5.25
2025-06-22 21:00:00,8.247452,3.7946777,293.03113,101247.58,51.75,5.25
2025-06-22 22:00:00,7.346863,4.883774,292.7218,101200.28,51.75,5.25
2025-06-22 23:00:00,7.868698,5.0451202,292.63422,101190.86,51.75,5.25
2025-06-23 00:00:00,8.233414,5.1624603,292.32037,101139.28,51.75,5.25
2025-06-23 01:00:00,8.064117,5.3182526,291.8922,101084.83,51.75,5.25
2025-06-23 02:00:00,7.737625,5.53508,291.68286,101006.64,51.75,5.25
2025-06-23 03:00:00,8.265244,5.3226776,291.3386,100992.41,51.75,5.25
2025-06-23 04:00:00,7.965576,5.4184723,291.39517,100944.56,51.75,5.25
2025-06-23 05:00:00,6.737808,5.9546814,291.2,100904.266,51.75,5.25
2025-06-23 06:00:00,9.548187,6.4526978,291.2226,100899.27,51.75,5.25
2025-06-23 07:00:00,9.936722,5.9645996,291.24564,100921.09,51.75,5.25
2025-06-23 08:00:00,9.91507,4.855179,291.02368,100923.64,51.75,5.25
2025-06-23 09:00:00,10.654449,3.013031,291.91827,100948.86,51.75,5.25
2025-06-23 10:00:00,10.229828,0.43107605,292.60776,101017.36,51.75,5.25
2025-06-23 11:00:00,10.827591,-2.7617035,292.39484,101090.17,51.75,5.25
2025-06-23 12:00:00,10.372986,-2.893219,293.25165,101184.96,51.75,5.25
2025-06-23 13:00:00,10.156799,-2.8806,293.1801,101227.64,51.75,5.25
2025-06-23 14:00:00,10.208862,-2.646347,293.24872,101262.664,51.75,5.25
2025-06-23 15:00:00,9.839432,-2.5881195,293.24893,101314.88,51.75,5.25
2025-06-23 16:00:00,8.944992,-1.9719238,293.14352,101345.41,51.75,5.25
2025-06-23 17:00:00,8.150024,-0.9046173,292.71518,101371.86,51.75,5.25
2025-06-23 18:00:00,7.397171,-0.043502808,292.22028,101385.75,51.75,5.25
2025-06-23 19:00:00,6.3136444,0.82987976,291.30634,101395.8,51.75,5.25
2025-06-23 20:00:00,6.256241,1.8484192,290.62286,101402.34,51.75,5.25
2025-06-23 21:00:00,6.6369476,2.717743,289.70502,101409.0,51.75,5.25
2025-06-23 22:00:00,7.3512115,4.0170746,289.27292,101400.13,51.75,5.25
2025-06-23 23:00:00,7.6614227,4.415558,288.90833,101386.34,51.75,5.25
2025-06-24 00:00:00,7.346924,4.6155243,288.35492,101378.65,51.75,5.25
2025-06-24 01:00:00,7.1141357,4.481247,287.2434,101324.984,51.75,5.25
2025-06-24 02:00:00,7.1756134,4.2701416,286.93182,101316.516,51.75,5.25
2025-06-24 03:00:00,6.931778,4.6723175,286.81165,101275.67,51.75,5.25
2025-06-24 04:00:00,6.7270355,4.6108246,286.66547,101255.875,51.75,5.25
2025-06-24 05:00:00,6.3555145,4.2568207,287.4357,101260.58,51.75,5.25
2025-06-24 06:00:00,8.009018,3.6001434,288.82086,101263.53,51.75,5.25
2025-06-24 07:00:00,7.3349304,3.0836487,290.0753,101284.67,51.75,5.25
2025-06-24 08:00:00,7.0274963,3.514923,291.0084,101280.45,51.75,5.25
2025-06-24 09:00:00,7.422287,4.3060455,291.8742,101295.375,51.75,5.25
2025-06-24 10:00:00,6.2617035,4.4652405,292.21515,101302.65,51.75,5.25
2025-06-24 11:00:00,6.837448,4.9056396,292.07965,101298.34,51.75,5.25
2025-06-24 12:00:00,9.8581085,5.496689,291.89288,101283.34,51.75,5.25
2025-06-24 13:00:00,10.563843,5.5947723,291.7595,101243.266,51.75,5.25
2025-06-24 14:00:00,10.426086,5.4273987,292.3675,101201.47,51.75,5.25
2025-06-24 15:00:00,10.823029,4.128998,292.89624,101183.97,51.75,5.25
2025-06-24 16:00:00,10.726242,2.5026703,294.15155,101160.19,51.75,5.25
2025-06-24 17:00:00,9.467682,2.3484344,294.98987,101139.39,51.75,5.25
2025-06-24 18:00:00,7.3466187,3.5825348,295.05444,101099.65,51.75,5.25
2025-06-24 19:00:00,6.767517,4.5210114,294.71625,101091.516,51.75,5.25
2025-06-24 20:00:00,7.5007935,4.4514465,293.92596,101082.53,51.75,5.25
2025-06-24 21:00:00,8.531662,4.0207214,293.1689,101117.89,51.75,5.25
2025-06-24 22:00:00,8.686569,4.562866,292.3413,101120.86,51.75,5.25
2025-06-24 23:00:00,8.280533,4.15419,291.65106,101097.05,51.75,5.25
2025-06-25 00:00:00,7.9122925,3.6724548,290.72327,101083.766,51.75,5.25
2025-06-25 01:00:00,7.891556,3.6202545,290.12027,101108.164,51.75,5.25
2025-06-25 02:00:00,8.023514,3.3956451,290.00818,101124.25,51.75,5.25
2025-06-25 03:00:00,7.8272705,2.859253,289.75415,101124.09,51.75,5.25
2025-06-25 04:00:00,6.943863,2.3097534,289.63364,101119.555,51.75,5.25
2025-06-25 05:00:00,6.5503693,2.4463806,290.35632,101156.375,51.75,5.25
2025-06-25 06:00:00,6.9711,1.3598022,291.75262,101181.86,51.75,5.25
2025-06-25 07:00:00,5.9359283,0.67889404,292.74615,101218.86,51.75,5.25
2025-06-25 08:00:00,5.5491486,1.4916992,293.60693,101250.56,51.75,5.25
2025-06-25 09:00:00,6.2428894,2.2687836,294.64874,101282.31,51.75,5.25
2025-06-25 10:00:00,5.605606,1.2611237,296.0907,101307.59,51.75,5.25
2025-06-25 11:00:00,5.8504944,1.488205,297.16144,101315.34,51.75,5.25
2025-06-25 12:00:00,5.7242737,1.4691467,298.72488,101301.13,51.75,5.25
2025-06-25 13:00:00,5.1512756,0.8329468,299.4242,101246.5,51.75,5.25
2025-06-25 14:00:00,5.478241,1.3654022,299.84644,101236.06,51.75,5.25
2025-06-25 15:00:00,5.0892334,1.1137848,300.084,101194.95,51.75,5.25
2025-06-25 16:00:00,3.1883698,-0.76083374,299.94598,101156.56,51.75,5.25
2025-06-25 17:00:00,2.9911957,-1.2922668,298.898,101158.14,51.75,5.25
2025-06-25 18:00:00,1.9347382,-2.5750427,297.9981,101129.14,51.75,5.25
2025-06-25 19:00:00,-0.27319336,-4.105072,296.5077,101116.47,51.75,5.25
2025-06-25 20:00:00,-2.1229095,-5.078766,294.06915,101098.8,51.75,5.25
2025-06-25 21:00:00,-3.6235046,-4.817444,293.1203,101105.3,51.75,5.25
2025-06-25 22:00:00,-4.9914703,-3.828308,292.4627,101062.88,51.75,5.25
2025-06-25 23:00:00,-6.675995,-2.5501556,292.51654,101001.164,51.75,5.25
2025-06-26 00:00:00,-4.760193,0.5268402,292.45895,101054.91,51.75,5.25
2025-06-26 01:00:00,-2.3896027,1.0768738,292.5111,101031.67,51.75,5.25
2025-06-26 02:00:00,-2.2482758,2.0240936,292.18555,100942.266,51.75,5.25
2025-06-26 03:00:00,-3.083725,3.9089355,291.95227,100889.69,51.75,5.25
2025-06-26 04:00:00,-1.9506531,4.9327545,291.71954,100857.65,51.75,5.25
2025-06-26 05:00:00,1.730072,6.343216,291.8393,100858.87,51.75,5.25
2025-06-26 06:00:00,4.5959167,6.258423,292.08887,100892.84,51.75,5.25
2025-06-26 07:00:00,5.976074,5.7103424,293.20312,100962.47,51.75,5.25
2025-06-26 08:00:00,5.974106,4.083725,294.1012,100986.78,51.75,5.25
2025-06-26 09:00:00,4.9053955,4.235733,293.3766,101001.266,51.75,5.25
2025-06-26 10:00:00,5.80278,3.3758392,294.66696,100998.09,51.75,5.25
2025-06-26 11:00:00,8.184799,2.7389069,295.04742,101063.05,51.75,5.25
2025-06-26 12:00:00,8.867767,2.7911682,294.82538,101125.07,51.75,5.25
2025-06-26 13:00:00,10.012787,3.318512,294.6862,101212.4,51.75,5.25
2025-06-26 14:00:00,10.244522,3.4380798,294.7801,101237.83,51.75,5.25
2025-06-26 15:00:00,10.454132,4.060562,295.17615,101305.375,51.75,5.25
2025-06-26 16:00:00,10.635513,4.462143,295.1515,101322.43,51.75,5.25
2025-06-26 17:00:00,9.977844,4.054962,294.39886,101367.42,51.75,5.25
2025-06-26 18:00:00,9.573456,4.5308228,294.33704,101392.24,51.75,5.25
2025-06-26 19:00:00,8.333328,4.8457336,293.97626,101429.625,51.75,5.25
2025-06-26 20:00:00,8.834778,4.6191864,293.31158,101502.45,51.75,5.25
2025-06-26 21:00:00,8.898056,4.6880035,292.6618,101576.97,51.75,5.25
2025-06-26 22:00:00,8.360153,3.6473694,292.02118,101667.31,51.75,5.25
2025-06-26 23:00:00,8.301727,2.0973816,291.11365,101710.14,51.75,5.25
2025-06-27 00:00:00,6.8749695,1.2605438,290.32367,101718.5,51.75,5.25
2025-06-27 01:00:00,6.0508423,1.3172455,289.47452,101759.81,51.75,5.25
2025-06-27 02:00:00,5.5240326,1.4720154,289.25732,101805.7,51.75,5.25
2025-06-27 03:00:00,4.937729,1.2912445,288.91595,101837.35,51.75,5.25
2025-06-27 04:00:00,5.202484,0.7442932,288.99518,101903.516,51.75,5.25
2025-06-27 05:00:00,4.3667145,0.5704498,288.80463,101980.05,51.75,5.25
2025-06-27 06:00:00,2.9968567,1.4161072,288.4008,101989.95,51.75,5.25
2025-06-27 07:00:00,3.609024,1.7688751,288.98615,102036.08,51.75,5.25
2025-06-27 08:00:00,5.7611694,1.3909607,289.9761,102099.55,51.75,5.25
2025-06-27 09:00:00,6.27153,0.97055054,291.2848,102126.516,51.75,5.25
2025-06-27 10:00:00,6.4019775,0.7614136,292.2096,102170.72,51.75,5.25
2025-06-27 11:00:00,6.2017975,1.0057831,292.46722,102175.94,51.75,5.25
2025-06-27 12:00:00,6.223068,1.3682251,292.9953,102173.89,51.75,5.25
2025-06-27 13:00:00,5.699417,1.5650024,294.00745,102193.27,51.75,5.25
2025-06-27 14:00:00,5.8436584,2.1245728,295.0876,102178.69,51.75,5.25
2025-06-27 15:00:00,5.973419,2.5914917,295.8364,102168.484,51.75,5.25
2025-06-27 16:00:00,5.989502,2.9966888,296.2694,102148.8,51.75,5.25
2025-06-27 17:00:00,4.9280853,3.092331,296.00067,102123.29,51.75,5.25
2025-06-27 18:00:00,4.3889008,3.2546387,295.65277,102126.09,51.75,5.25
2025-06-27 19:00:00,4.2767487,2.9643707,295.12415,102138.41,51.75,5.25
2025-06-27 20:00:00,4.2980804,3.2467651,293.6516,102175.05,51.75,5.25
2025-06-27 21:00:00,4.9435425,4.0384216,292.5349,102183.22,51.75,5.25
2025-06-27 22:00:00,6.8643036,5.2682953,292.6338,102181.52,51.75,5.25
2025-06-27 23:00:00,7.3769226,5.286728,292.23682,102190.08,51.75,5.25
2025-06-28 00:00:00,7.734741,5.194748,291.9073,102170.72,51.75,5.25
2025-06-28 01:00:00,7.894272,4.4387054,291.55188,102181.65,51.75,5.25
2025-06-28 02:00:00,7.6443787,3.7426147,291.25558,102195.59,51.75,5.25
2025-06-28 03:00:00,7.265976,3.5738525,290.97748,102206.01,51.75,5.25
2025-06-28 04:00:00,6.9436035,3.7740784,290.84985,102213.22,51.75,5.25
2025-06-28 05:00:00,6.662018,3.895813,291.54822,102258.945,51.75,5.25
2025-06-28 06:00:00,7.7891693,3.6522217,292.5113,102280.305,51.75,5.25
2025-06-28 07:00:00,7.209366,3.0524902,293.5692,102342.89,51.75,5.25
2025-06-28 08:00:00,6.876465,2.8591156,294.75238,102351.79,51.75,5.25
2025-06-28 09:00:00,6.83934,2.6696625,295.63904,102390.94,51.75,5.25
2025-06-28 10:00:00,5.7052307,2.331131,296.80478,102397.34,51.75,5.25
2025-06-28 11:00:00,6.202759,2.5282745,297.09738,102392.76,51.75,5.25
2025-06-28 12:00:00,6.5865173,2.7099915,297.8049,102386.625,51.75,5.25
2025-06-28 13:00:00,6.7482605,2.66922,297.8794,102380.14,51.75,5.25
2025-06-28 14:00:00,6.7865295,2.6408997,297.86932,102362.2,51.75,5.25
2025-06-28 15:00:00,6.3255157,1.992157,298.23077,102364.59,51.75,5.25
2025-06-28 16:00:00,6.493408,1.6657104,298.3094,102333.87,51.75,5.25
2025-06-28 17:00:00,6.366104,1.1403809,297.92844,102336.3,51.75,5.25
2025-06-28 18:00:00,5.839981,0.85565186,297.6406,102327.875,51.75,5.25
2025-06-28 19:00:00,5.559784,1.0399933,296.7129,102327.414,51.75,5.25
2025-06-28 20:00:00,5.575409,1.377121,295.39273,102364.47,51.75,5.25
2025-06-28 21:00:00,5.993347,1.8357544,294.38553,102379.69,51.75,5.25
2025-06-28 22:00:00,6.2885895,2.9891052,293.66724,102377.81,51.75,5.25
2025-06-28 23:00:00,6.55217,3.3869324,293.02634,102376.875,51.75,5.25
2025-06-29 00:00:00,6.91922,3.3006897,292.47607,102379.17,51.75,5.25
2025-06-29 01:00:00,6.69928,3.0431824,291.96475,102346.78,51.75,5.25
2025-06-29 02:00:00,6.2528076,2.8641205,291.45795,102329.86,51.75,5.25
2025-06-29 03:00:00,6.2684784,2.239975,290.9478,102305.08,51.75,5.25
2025-06-29 04:00:00,6.197403,1.4726105,290.87708,102320.39,51.75,5.25
2025-06-29 05:00:00,5.858902,0.5869293,291.85327,102338.56,51.75,5.25
2025-06-29 06:00:00,4.355133,-0.33737183,293.31488,102379.14,51.75,5.25
2025-06-29 07:00:00,3.3471832,-1.1378632,294.84753,102402.97,51.75,5.25
2025-06-29 08:00:00,2.5483246,-1.4384613,296.31464,102407.31,51.75,5.25
2025-06-29 09:00:00,2.6152954,-1.9166565,297.61298,102415.2,51.75,5.25
2025-06-29 10:00:00,2.3042297,-1.6107788,298.3383,102421.25,51.75,5.25
2025-06-29 11:00:00,3.0122375,-1.4209747,298.8521,102418.37,51.75,5.25
2025-06-29 12:00:00,3.4159546,-1.6553802,299.39648,102405.35,51.75,5.25
2025-06-29 13:00:00,3.3930511,-1.9888153,299.67615,102398.17,51.75,5.25
2025-06-29 14:00:00,3.2688293,-2.3411865,300.14764,102365.445,51.75,5.25
2025-06-29 15:00:00,3.1172333,-3.1224976,300.0859,102343.55,51.75,5.25
2025-06-29 16:00:00,2.948227,-3.9573364,299.6469,102329.77,51.75,5.25
2025-06-29 17:00:00,2.3396606,-5.298416,298.6021,102314.42,51.75,5.25
2025-06-29 18:00:00,1.2373047,-6.384964,297.69385,102318.58,51.75,5.25
2025-06-29 19:00:00,0.043380737,-6.4954224,296.3614,102311.97,51.75,5.25
2025-06-29 20:00:00,-1.2085876,-6.164505,294.55847,102331.17,51.75,5.25
2025-06-29 21:00:00,-2.4548187,-5.66127,292.9826,102354.22,51.75,5.25
2025-06-29 22:00:00,-3.602356,-5.2009277,291.78558,102345.03,51.75,5.25
2025-06-29 23:00:00,-4.5795746,-4.307846,290.9527,102332.28,51.75,5.25
2025-06-30 00:00:00,-5.140045,-2.9840698,290.2791,102308.09,51.75,5.25
2025-06-30 01:00:00,-5.381012,-1.9044037,289.45352,102286.484,51.75,5.25
2025-06-30 02:00:00,-5.4965363,-1.2385559,289.08203,102243.66,51.75,5.25
2025-06-30 03:00:00,-5.503433,-0.9697418,288.74225,102211.484,51.75,5.25
2025-06-30 04:00:00,-5.66008,-0.9156494,288.9297,102204.2,51.75,5.25
2025-06-30 05:00:00,-5.6497498,-0.71591187,290.10968,102185.625,51.75,5.25
2025-06-30 06:00:00,-4.5873413,-0.55355835,292.01868,102169.98,51.75,5.25
2025-06-30 07:00:00,-4.1324005,-0.43441772,293.99603,102166.71,51.75,5.25
2025-06-30 08:00:00,-3.8894958,-0.4250183,295.7416,102134.08,51.75,5.25
2025-06-30 09:00:00,-4.0119476,-0.120147705,297.6076,102096.875,51.75,5.25
2025-06-30 10:00:00,-4.1428833,0.067230225,298.90747,102070.0,51.75,5.25
2025-06-30 11:00:00,-3.8898926,0.59687805,300.1945,102001.94,51.75,5.25
2025-06-30 12:00:00,-3.6024323,0.7900696,301.25574,101950.31,51.75,5.25
2025-06-30 13:00:00,-3.3028564,0.73161316,302.17084,101893.7,51.75,5.25
2025-06-30 14:00:00,-3.20549,0.45314026,302.76813,101814.8,51.75,5.25
2025-06-30 15:00:00,-3.2675323,0.23652649,303.64944,101745.27,51.75,5.25
2025-06-30 16:00:00,-3.384735,-0.076690674,303.32507,101705.14,51.75,5.25
2025-06-30 17:00:00,-3.8147888,-0.5248718,302.99652,101630.97,51.75,5.25
2025-06-30 18:00:00,-4.6695557,-1.1470184,302.20038,101593.33,51.75,5.25
2025-06-30 19:00:00,-5.7826233,-1.2453003,300.7649,101579.42,51.75,5.25
2025-06-30 20:00:00,-6.8251495,-0.77563477,298.59705,101604.78,51.75,5.25
2025-06-30 21:00:00,-7.2328644,-0.054595947,296.84302,101613.55,51.75,5.25
2025-06-30 22:00:00,-7.4659424,0.40930176,295.57947,101606.09,51.75,5.25
2025-06-30 23:00:00,-7.1138,1.3225708,294.89603,101602.39,51.75,5.25
2025-07-01 00:00:00,-6.5069733,1.9512177,293.89948,101580.53,51.75,5.25
2025-07-01 01:00:00,-5.9598694,2.5572052,292.58838,101564.78,51.75,5.25
2025-07-01 02:00:00,-5.387512,3.0147858,292.27643,101551.03,51.75,5.25
2025-07-01 03:00:00,-4.8135986,3.1168518,291.6983,101538.61,51.75,5.25
2025-07-01 04:00:00,-4.347458,3.3204803,291.89215,101515.25,51.75,5.25
2025-07-01 05:00:00,-3.5245056,3.4049072,294.31372,101516.2,51.75,5.25
2025-07-01 06:00:00,-2.5176086,2.9810486,296.57687,101516.97,51.75,5.25
2025-07-01 07:00:00,-1.786377,2.0419006,298.75977,101522.086,51.75,5.25
2025-07-01 08:00:00,-1.6308136,1.7839508,301.00635,101514.17,51.75,5.25
2025-07-01 09:00:00,-1.7199554,1.7815247,303.05054,101498.68,51.75,5.25
2025-07-01 10:00:00,-2.9751434,1.616394,304.92346,101505.586,51.75,5.25
2025-07-01 11:00:00,-1.998703,2.745407,306.1723,101448.96,51.75,5.25
2025-07-01 12:00:00,-0.37843323,2.8097076,307.1295,101421.766,51.75,5.25
2025-07-01 13:00:00,0.33616638,2.2241364,307.7397,101393.36,51.75,5.25
2025-07-01 14:00:00,0.30897522,1.8827057,308.19348,101367.36,51.75,5.25
2025-07-01 15:00:00,0.2730255,1.7703247,308.6597,101317.94,51.75,5.25
2025-07-01 16:00:00,0.7258148,1.5962067,308.63898,101306.09,51.75,5.25
2025-07-01 17:00:00,1.3686981,1.8134155,308.14862,101283.44,51.75,5.25
2025-07-01 18:00:00,1.8221893,2.0312042,306.25195,101270.29,51.75,5.25
2025-07-01 19:00:00,1.5921783,1.8986511,303.47028,101270.7,51.75,5.25
2025-07-01 20:00:00,1.7549591,1.9867096,300.872,101273.86,51.75,5.25
2025-07-01 21:00:00,3.2922668,1.3673401,299.45422,101323.34,51.75,5.25
2025-07-01 22:00:00,5.732483,-2.1295319,297.38098,101370.39,51.75,5.25
2025-07-01 23:00:00,3.9778748,-2.7997437,295.50745,101368.97,51.75,5.25
2025-07-02 00:00:00,3.5782776,-1.9324799,295.06342,101350.39,51.75,5.25
2025-07-02 01:00:00,4.0335236,-0.87260437,294.36377,101337.53,51.75,5.25
2025-07-02 02:00:00,3.2154694,-0.3390808,293.0586,101314.92,51.75,5.25
2025-07-02 03:00:00,3.7184143,0.18647766,292.15408,101327.36,51.75,5.25
2025-07-02 04:00:00,5.231247,-0.84298706,292.60547,101372.38,51.75,5.25
2025-07-02 05:00:00,3.7125854,-1.7676849,293.91275,101369.4,51.75,5.25
2025-07-02 06:00:00,0.54460144,-0.6315155,295.97144,101353.81,51.75,5.25
2025-07-02 07:00:00,-0.016418457,0.36590576,298.4555,101359.16,51.75,5.25
2025-07-02 08:00:00,0.17744446,0.4715271,300.5628,101356.94,51.75,5.25
2025-07-02 09:00:00,-0.0909729,0.65586853,302.13626,101326.73,51.75,5.25
2025-07-02 10:00:00,-1.9866028,-0.7388153,302.48203,101307.89,51.75,5.25
2025-07-02 11:00:00,-1.2906647,-0.6358795,304.1695,101272.5,51.75,5.25
2025-07-02 12:00:00,0.48721313,-0.10733032,305.21844,101254.2,51.75,5.25
2025-07-02 13:00:00,6.056885,-2.4174347,305.20337,101290.695,51.75,5.25
2025-07-02 14:00:00,5.783676,-5.832733,304.12067,101392.9,51.75,5.25
2025-07-02 15:00:00,4.9891205,-5.675476,301.25323,101388.14,51.75,5.25
2025-07-02 16:00:00,7.6533203,-5.0171356,296.93445,101473.26,51.75,5.25
2025-07-02 17:00:00,7.3759155,-3.925827,294.4336,101555.53,51.75,5.25
2025-07-02 18:00:00,5.0001373,-3.1673737,292.26862,101563.39,51.75,5.25
2025-07-02 19:00:00,6.309967,-3.1654053,291.78506,101671.3,51.75,5.25
2025-07-02 20:00:00,6.288727,-3.4450684,291.27124,101780.39,51.75,5.25
2025-07-02 21:00:00,6.5363464,-4.24527,290.61914,101857.06,51.75,5.25
2025-07-02 22:00:00,6.3458405,-3.999771,290.51392,101942.81,51.75,5.25
2025-07-02 23:00:00,6.2969513,-4.884842,289.73428,101986.484,51.75,5.25
2025-07-03 00:00:00,6.2152557,-5.2088623,289.08527,102057.06,51.75,5.25
2025-07-03 01:00:00,5.893692,-4.686203,288.30582,102117.61,51.75,5.25
2025-07-03 02:00:00,5.8635254,-3.8035126,287.90283,102164.66,51.75,5.25
2025-07-03 03:00:00,5.850479,-3.3956604,287.30505,102216.87,51.75,5.25
2025-07-03 04:00:00,5.5186005,-3.1759949,287.25433,102268.03,51.75,5.25
2025-07-03 05:00:00,5.0262756,-3.6098785,288.29156,102329.8,51.75,5.25
2025-07-03 06:00:00,4.3530273,-4.292877,289.35,102399.125,51.75,5.25
2025-07-03 07:00:00,4.10112,-3.9351044,290.36725,102497.4,51.75,5.25
2025-07-03 08:00:00,4.109955,-3.944275,291.32587,102552.25,51.75,5.25
2025-07-03 09:00:00,4.0186768,-4.0544434,292.79608,102608.22,51.75,5.25
2025-07-03 10:00:00,3.3565369,-3.7299347,292.7395,102662.5,51.75,5.25
2025-07-03 11:00:00,3.1397858,-3.5615387,293.69223,102675.516,51.75,5.25
2025-07-03 12:00:00,2.9523163,-3.5305328,293.9429,102680.58,51.75,5.25
2025-07-03 13:00:00,2.981308,-3.6723328,294.56097,102687.17,51.75,5.25
2025-07-03 14:00:00,2.8167267,-4.0375977,294.51324,102694.89,51.75,5.25
2025-07-03 15:00:00,2.9082184,-4.4525604,294.62006,102678.82,51.75,5.25
2025-07-03 16:00:00,2.745285,-4.9328613,294.13504,102670.34,51.75,5.25
2025-07-03 17:00:00,2.4946136,-5.239105,293.5864,102675.17,51.75,5.25
2025-07-03 18:00:00,2.1847534,-5.6733704,292.73816,102687.67,51.75,5.25
2025-07-03 19:00:00,1.7104187,-5.5412292,291.40973,102700.95,51.75,5.25
2025-07-03 20:00:00,1.1895142,-5.2148438,289.2958,102723.86,51.75,5.25
2025-07-03 21:00:00,0.594223,-4.329788,287.41995,102775.17,51.75,5.25
2025-07-03 22:00:00,0.58973694,-3.824585,286.02747,102797.66,51.75,5.25
2025-07-03 23:00:00,0.6535797,-3.3939362,285.4903,102788.695,51.75,5.25
2025-07-04 00:00:00,0.89533997,-2.9773102,285.32758,102796.41,51.75,5.25
2025-07-04 01:00:00,0.7369232,-2.7944336,284.42236,102793.06,51.75,5.25
2025-07-04 02:00:00,1.0256958,-3.0058746,283.44293,102785.14,51.75,5.25
2025-07-04 03:00:00,1.3803253,-2.5546112,282.67413,102774.82,51.75,5.25
2025-07-04 04:00:00,1.0861206,-1.1867523,282.57208,102759.43,51.75,5.25
2025-07-04 05:00:00,0.6363678,0.92152405,285.3927,102773.66,51.75,5.25
2025-07-04 06:00:00,0.67082214,2.2189026,288.62958,102801.81,51.75,5.25
2025-07-04 07:00:00,0.8852539,2.6969604,290.9909,102809.28,51.75,5.25
2025-07-04 08:00:00,1.4184265,3.1301422,292.9503,102803.266,51.75,5.25
2025-07-04 09:00:00,2.5088806,3.3591003,294.44843,102772.81,51.75,5.25
2025-07-04 10:00:00,3.7017212,2.5036163,295.6682,102746.7,51.75,5.25
2025-07-04 11:00:00,4.205002,2.060913,296.4701,102688.67,51.75,5.25
2025-07-04 12:00:00,4.920807,1.2203217,297.2989,102608.414,51.75,5.25
2025-07-04 13:00:00,5.529709,0.70054626,297.58136,102564.7,51.75,5.25
2025-07-04 14:00:00,5.6888885,0.53323364,297.29852,102514.25,51.75,5.25
2025-07-04 15:00:00,5.470398,0.5748596,297.7077,102443.36,51.75,5.25
2025-07-04 16:00:00,5.464432,0.05192566,297.937,102365.83,51.75,5.25
2025-07-04 17:00:00,4.9842377,-0.8279877,297.20398,102306.86,51.75,5.25
2025-07-04 18:00:00,4.2156067,-0.92059326,296.44833,102251.8,51.75,5.25
2025-07-04 19:00:00,3.8793945,-0.7880707,294.85632,102224.06,51.75,5.25
2025-07-04 20:00:00,3.7990112,-0.23809814,291.49554,102192.49,51.75,5.25
2025-07-04 21:00:00,3.6467896,1.0387421,289.7802,102143.16,51.75,5.25
2025-07-04 22:00:00,5.9079742,3.417099,288.7127,102109.1,51.75,5.25
2025-07-04 23:00:00,6.434555,3.7093658,288.77423,102061.875,51.75,5.25
2025-07-05 00:00:00,6.29126,4.5367126,288.9522,101990.9,51.75,5.25
2025-07-05 01:00:00,6.165436,4.8573914,288.67993,101938.25,51.75,5.25
2025-07-05 02:00:00,6.066971,4.971939,288.71973,101870.16,51.75,5.25
2025-07-05 03:00:00,5.9934845,5.042801,288.49658,101809.19,51.75,5.25
2025-07-05 04:00:00,5.7257385,5.3111267,288.29367,101755.86,51.75,5.25
2025-07-05 05:00:00,5.8611603,5.0107727,288.9466,101716.31,51.75,5.25
2025-07-05 06:00:00,5.6768036,5.251251,289.91907,101698.38,51.75,5.25
2025-07-05 07:00:00,5.4869537,5.2099,290.77225,101659.58,51.75,5.25
2025-07-05 08:00:00,6.2262573,4.5493164,291.96753,101629.84,51.75,5.25
2025-07-05 09:00:00,6.9151917,3.7344055,293.61395,101579.67,51.75,5.25
2025-07-05 10:00:00,5.6650696,3.3276215,295.27957,101539.06,51.75,5.25
2025-07-05 11:00:00,5.8065796,3.1059875,295.4405,101528.28,51.75,5.25
2025-07-05 12:00:00,6.0650635,2.4374237,295.26678,101512.79,51.75,5.25
2025-07-05 13:00:00,6.4431458,1.3507996,294.96045,101512.234,51.75,5.25
2025-07-05 14:00:00,6.099533,1.268753,294.72272,101468.08,51.75,5.25
2025-07-05 15:00:00,6.5007477,2.4823456,295.4474,101393.03,51.75,5.25
2025-07-05 16:00:00,7.154846,3.8378296,294.88434,101333.86,51.75,5.25
2025-07-05 17:00:00,7.091629,3.7444458,293.79218,101306.39,51.75,5.25
2025-07-05 18:00:00,5.6567993,4.180084,292.85577,101270.66,51.75,5.25
2025-07-05 19:00:00,6.2201385,4.5854645,292.13666,101267.53,51.75,5.25
2025-07-05 20:00:00,6.78096,5.108078,291.31537,101221.375,51.75,5.25
2025-07-05 21:00:00,6.9525146,5.362381,291.0874,101193.0,51.75,5.25
2025-07-05 22:00:00,6.398514,5.49292,291.24512,101148.56,51.75,5.25
2025-07-05 23:00:00,6.0050354,5.834549,291.1634,101086.31,51.75,5.25
2025-07-06 00:00:00,5.572708,5.9261017,291.21848,101028.66,51.75,5.25
2025-07-06 01:00:00,5.8588104,5.8984222,291.13446,100979.14,51.75,5.25
2025-07-06 02:00:00,5.6560516,5.811905,291.18848,100937.14,51.75,5.25
2025-07-06 03:00:00,4.9542236,5.8557587,291.01062,100886.89,51.75,5.25
2025-07-06 04:00:00,4.4543915,6.013443,290.8487,100832.24,51.75,5.25
2025-07-06 05:00:00,4.992874,6.6654663,291.00552,100788.34,51.75,5.25
2025-07-06 06:00:00,5.7516785,6.973053,291.09946,100760.9,51.75,5.25
2025-07-06 07:00:00,5.4914703,6.466278,291.45648,100711.97,51.75,5.25
2025-07-06 08:00:00,4.412613,6.1194916,291.3685,100687.61,51.75,5.25
2025-07-06 09:00:00,2.8964844,6.123825,290.92676,100644.734,51.75,5.25
2025-07-06 10:00:00,2.7619324,6.6463013,289.6858,100651.19,51.75,5.25
2025-07-06 11:00:00,3.6331482,6.4180145,289.17902,100624.08,51.75,5.25
2025-07-06 12:00:00,3.3959808,6.3939667,289.11786,100560.945,51.75,5.25
2025-07-06 13:00:00,3.8562927,6.1557007,289.11002,100544.984,51.75,5.25
2025-07-06 14:00:00,4.9414215,5.0084686,289.59995,100524.5,51.75,5.25
2025-07-06 15:00:00,4.195053,3.740036,290.25317,100501.39,51.75,5.25
2025-07-06 16:00:00,2.6239471,2.8899078,290.43335,100454.59,51.75,5.25
2025-07-06 17:00:00,2.1868439,2.4984741,290.22894,100427.734,51.75,5.25
2025-07-06 18:00:00,2.3881226,1.7666473,290.47223,100410.31,51.75,5.25
2025-07-06 19:00:00,3.3501587,0.013458252,290.31775,100395.0,51.75,5.25
2025-07-06 20:00:00,2.7095032,-0.4973755,289.73163,100428.59,51.75,5.25
2025-07-06 21:00:00,2.1199646,-0.90179443,289.3642,100430.45,51.75,5.25
2025-07-06 22:00:00,4.296234,2.6421204,288.75403,100430.09,51.75,5.25
2025-07-06 23:00:00,4.174881,0.88523865,288.83273,100351.72,51.75,5.25
2025-07-07 00:00:00,5.093384,0.3522644,288.7834,100338.35,51.75,5.25
2025-07-07 01:00:00,5.112335,-0.5084839,288.64725,100345.89,51.75,5.25
2025-07-07 02:00:00,5.0792084,-0.50346375,288.53912,100320.266,51.75,5.25
2025-07-07 03:00:00,4.931259,-0.6879425,288.01544,100298.766,51.75,5.25
2025-07-07 04:00:00,4.778763,-0.97595215,288.11926,100288.734,51.75,5.25
2025-07-07 05:00:00,4.7924347,-1.5096588,288.51746,100307.836,51.75,5.25
2025-07-07 06:00:00,4.3949127,-2.339386,289.17,100311.69,51.75,5.25
2025-07-07 07:00:00,3.9980621,-3.5510254,289.80524,100350.766,51.75,5.25
2025-07-07 08:00:00,3.7267761,-4.9114227,290.50043,100382.84,51.75,5.25
2025-07-07 09:00:00,4.0590515,-6.216156,291.35742,100415.28,51.75,5.25
2025-07-07 10:00:00,2.6810608,-7.328369,291.37817,100457.76,51.75,5.25
2025-07-07 11:00:00,3.4936981,-7.2781067,291.69257,100557.91,51.75,5.25
2025-07-07 12:00:00,3.6220856,-8.2816925,291.7047,100583.06,51.75,5.25
2025-07-07 13:00:00,3.7033234,-8.519943,291.98196,100628.91,51.75,5.25
2025-07-07 14:00:00,4.0102844,-8.399658,292.0165,100671.68,51.75,5.25
2025-07-07 15:00:00,4.6141815,-8.450531,291.67792,100736.234,51.75,5.25
2025-07-07 16:00:00,5.064682,-8.499039,291.17224,100798.22,51.75,5.25
2025-07-07 17:00:00,5.36911,-7.996216,290.94577,100859.016,51.75,5.25
2025-07-07 18:00:00,5.776108,-7.3846283,290.02338,100923.22,51.75,5.25
2025-07-07 19:00:00,5.994812,-6.634369,289.08362,100978.44,51.75,5.25
2025-07-07 20:00:00,5.5321045,-5.0569916,288.16003,101026.72,51.75,5.25
2025-07-07 21:00:00,5.2865906,-3.6812592,287.0327,101046.984,51.75,5.25
2025-07-07 22:00:00,5.4278107,-2.4325104,286.06152,101049.37,51.75,5.25
2025-07-07 23:00:00,5.5207825,-1.1264191,285.3479,101037.55,51.75,5.25
2025-07-08 00:00:00,5.84906,-0.30558777,285.15564,101026.63,51.75,5.25
2025-07-08 01:00:00,5.362488,-0.34298706,285.39285,101030.67,51.75,5.25
2025-07-08 02:00:00,5.0483246,0.08052063,285.5199,101041.17,51.75,5.25
2025-07-08 03:00:00,4.772888,-0.35003662,285.19272,101056.9,51.75,5.25
2025-07-08 04:00:00,4.11203,-1.0895844,284.83853,101079.42,51.75,5.25
2025-07-08 05:00:00,3.5027008,-1.6941986,285.16147,101113.86,51.75,5.25
2025-07-08 06:00:00,3.0124207,-1.6588593,285.91608,101150.78,51.75,5.25
2025-07-08 07:00:00,3.3447876,-2.8972778,287.16064,101199.51,51.75,5.25
2025-07-08 08:00:00,3.742447,-2.9580078,288.23355,101215.8,51.75,5.25
2025-07-08 09:00:00,4.3023987,-3.499054,289.07263,101255.02,51.75,5.25
2025-07-08 10:00:00,5.0167694,-3.3010712,290.24957,101321.6,51.75,5.25
2025-07-08 11:00:00,5.5008087,-3.4276123,290.62427,101381.125,51.75,5.25
2025-07-08 12:00:00,5.8619385,-3.37648,291.4409,101410.06,51.75,5.25
2025-07-08 13:00:00,6.624542,-3.7737732,291.2682,101483.695,51.75,5.25
2025-07-08 14:00:00,7.093628,-4.5002594,291.71722,101531.695,51.75,5.25
2025-07-08 15:00:00,7.2049255,-4.775894,291.62112,101567.266,51.75,5.25
2025-07-08 16:00:00,7.1949005,-4.7489166,290.6274,101601.26,51.75,5.25
2025-07-08 17:00:00,7.1470337,-4.847946,290.2088,101615.39,51.75,5.25
2025-07-08 18:00:00,6.384613,-4.165558,289.67322,101673.016,51.75,5.25
2025-07-08 19:00:00,5.848999,-3.5075989,289.3329,101703.375,51.75,5.25
2025-07-08 20:00:00,5.389496,-3.0638885,288.67273,101738.08,51.75,5.25
2025-07-08 21:00:00,5.095337,-2.4105835,287.92358,101789.47,51.75,5.25
2025-07-08 22:00:00,5.0533905,-1.2657471,287.2102,101832.35,51.75,5.25
2025-07-08 23:00:00,6.077118,-0.40509033,287.04697,101873.984,51.75,5.25
2025-07-09 00:00:00,6.09552,-0.11016846,287.25323,101878.33,51.75,5.25
2025-07-09 01:00:00,5.68396,-0.20484924,287.19257,101924.86,51.75,5.25
2025-07-09 02:00:00,5.245636,-0.12893677,287.086,101913.41,51.75,5.25
2025-07-09 03:00:00,4.8968506,-0.2205658,287.2057,101922.53,51.75,5.25
2025-07-09 04:00:00,4.621002,-0.21220398,287.10507,101930.5,51.75,5.25
2025-07-09 05:00:00,4.1892548,-0.04800415,287.45953,101943.67,51.75,5.25
2025-07-09 06:00:00,3.1397095,0.075790405,288.44543,101983.0,51.75,5.25
2025-07-09 07:00:00,3.1019897,-1.2245789,289.78003,102028.28,51.75,5.25
2025-07-09 08:00:00,3.1736603,-1.4904175,291.07062,102045.47,51.75,5.25
2025-07-09 09:00:00,3.1916046,-1.717392,292.0375,102057.84,51.75,5.25
2025-07-09 10:00:00,3.2025604,-1.3481903,292.9048,102073.53,51.75,5.25
2025-07-09 11:00:00,3.364746,-1.8646088,293.80405,102077.9,51.75,5.25
2025-07-09 12:00:00,3.2802887,-2.3054962,294.7671,102072.7,51.75,5.25
2025-07-09 13:00:00,3.2812805,-2.7362366,295.59567,102099.766,51.75,5.25
2025-07-09 14:00:00,3.1927948,-3.1087646,296.0406,102094.13,51.75,5.25
2025-07-09 15:00:00,3.0740356,-3.3580933,296.0144,102087.33,51.75,5.25
2025-07-09 16:00:00,2.953354,-3.6855316,296.03525,102110.39,51.75,5.25
2025-07-09 17:00:00,2.679779,-3.8190765,295.76257,102105.36,51.75,5.25
2025-07-09 18:00:00,2.0208893,-3.745224,295.09628,102119.38,51.75,5.25
2025-07-09 19:00:00,1.329895,-3.832199,293.38403,102138.94,51.75,5.25
2025-07-09 20:00:00,0.4887085,-3.8825684,290.25192,102166.4,51.75,5.25
2025-07-09 21:00:00,-0.517334,-3.3932343,288.7942,102182.36,51.75,5.25
2025-07-09 22:00:00,-1.1930695,-3.511139,287.2064,102198.69,51.75,5.25
2025-07-09 23:00:00,-1.7086487,-2.3629608,287.26898,102208.92,51.75,5.25
2025-07-10 00:00:00,-1.5706329,-1.0120239,287.25687,102193.55,51.75,5.25
2025-07-10 01:00:00,-0.72969055,-0.6721649,286.33032,102206.21,51.75,5.25
2025-07-10 02:00:00,-0.07577515,-0.472229,285.55823,102187.28,51.75,5.25
2025-07-10 03:00:00,0.37164307,-0.11734009,284.9427,102183.0,51.75,5.25
2025-07-10 04:00:00,0.77674866,0.48205566,284.68713,102197.69,51.75,5.25
2025-07-10 05:00:00,1.1165924,0.7987671,286.2303,102198.28,51.75,5.25
2025-07-10 06:00:00,1.2937622,0.5143585,289.21255,102205.11,51.75,5.25
2025-07-10 07:00:00,0.80215454,-0.108566284,291.5632,102234.31,51.75,5.25
2025-07-10 08:00:00,1.0261078,-0.5781708,293.1029,102247.38,51.75,5.25
2025-07-10 09:00:00,1.1578522,-0.9820099,294.34113,102247.59,51.75,5.25
2025-07-10 10:00:00,0.9226837,-1.6053925,295.1795,102232.3,51.75,5.25
2025-07-10 11:00:00,1.8469238,-2.4662018,295.7832,102217.58,51.75,5.25
2025-07-10 12:00:00,2.7419128,-3.7941132,296.68222,102195.22,51.75,5.25
2025-07-10 13:00:00,2.2032776,-4.6295776,296.74084,102179.53,51.75,5.25
2025-07-10 14:00:00,1.6463776,-4.582596,297.17578,102171.69,51.75,5.25
2025-07-10 15:00:00,1.5508118,-4.7936707,297.24152,102122.93,51.75,5.25
2025-07-10 16:00:00,1.2704468,-5.1499023,297.41748,102108.68,51.75,5.25
2025-07-10 17:00:00,0.8848419,-5.6026764,296.72415,102111.16,51.75,5.25
2025-07-10 18:00:00,0.2937622,-5.685669,295.94714,102096.3,51.75,5.25
2025-07-10 19:00:00,-0.30465698,-5.9188232,294.62503,102138.984,51.75,5.25
2025-07-10 20:00:00,-0.7200012,-6.100952,292.78604,102143.95,51.75,5.25
2025-07-10 21:00:00,-1.0026398,-6.2280426,291.339,102167.19,51.75,5.25
2025-07-10 22:00:00,-1.3654785,-6.200424,290.28552,102167.05,51.75,5.25
2025-07-10 23:00:00,-1.1233673,-5.583557,289.50726,102120.84,51.75,5.25
2025-07-11 00:00:00,-1.158844,-5.1216736,288.91803,102132.43,51.75,5.25
2025-07-11 01:00:00,-1.460144,-4.69252,288.37698,102127.72,51.75,5.25
2025-07-11 02:00:00,-1.8679047,-4.148285,287.48087,102114.3,51.75,5.25
2025-07-11 03:00:00,-1.8693695,-3.4750214,287.04877,102097.234,51.75,5.25
2025-07-11 04:00:00,-1.0362701,-2.9047241,286.9309,102071.234,51.75,5.25
2025-07-11 05:00:00,-0.16384888,-3.6330414,288.62677,102075.92,51.75,5.25
2025-07-11 06:00:00,-0.0849762,-3.875412,290.4074,102099.336,51.75,5.25
2025-07-11 07:00:00,-0.5401001,-4.7804565,291.76553,102103.89,51.75,5.25
2025-07-11 08:00:00,-0.27598572,-4.77124,293.16724,102097.42,51.75,5.25
2025-07-11 09:00:00,0.07922363,-5.0813904,294.03564,102068.99,51.75,5.25
2025-07-11 10:00:00,-0.5627289,-3.9527283,295.072,102058.33,51.75,5.25
2025-07-11 11:00:00,-0.59147644,-4.6902466,295.4083,102042.55,51.75,5.25
2025-07-11 12:00:00,-0.11009216,-4.524765,296.4792,102006.64,51.75,5.25
2025-07-11 13:00:00,0.46546936,-4.5283356,296.9306,101963.0,51.75,5.25
2025-07-11 14:00:00,0.4528656,-4.511429,296.91196,101940.2,51.75,5.25
2025-07-11 15:00:00,0.12164307,-4.763626,297.48572,101900.984,51.75,5.25
2025-07-11 16:00:00,0.025299072,-4.8872375,297.05872,101875.42,51.75,5.25
2025-07-11 17:00:00,0.3297882,-5.1013184,296.6684,101828.11,51.75,5.25
2025-07-11 18:00:00,0.41667175,-5.224716,295.90552,101793.22,51.75,5.25
2025-07-11 19:00:00,0.6958008,-5.5737305,294.4558,101782.55,51.75,5.25
2025-07-11 20:00:00,0.39245605,-5.9645844,292.61154,101772.95,51.75,5.25
2025-07-11 21:00:00,-0.14053345,-5.938675,291.06012,101793.33,51.75,5.25
2025-07-11 22:00:00,-0.3917389,-6.0017395,289.9566,101779.766,51.75,5.25
2025-07-11 23:00:00,0.10050964,-5.938507,289.27106,101747.86,51.75,5.25
2025-07-12 00:00:00,-0.05267334,-5.534012,288.94104,101715.64,51.75,5.25
2025-07-12 01:00:00,-0.960022,-5.478195,288.536,101706.53,51.75,5.25
2025-07-12 02:00:00,-1.7110748,-4.7621307,288.5522,101714.08,51.75,5.25
2025-07-12 03:00:00,-1.4984589,-3.9971924,288.8294,101684.86,51.75,5.25
2025-07-12 04:00:00,-0.98457336,-3.4747467,289.02036,101671.125,51.75,5.25
2025-07-12 05:00:00,-0.0748291,-3.0144806,289.32352,101644.484,51.75,5.25
2025-07-12 06:00:00,0.64086914,-3.0015106,289.65982,101627.62,51.75,5.25
2025-07-12 07:00:00,0.7251892,-3.7844849,290.3933,101636.97,51.75,5.25
2025-07-12 08:00:00,0.52197266,-4.3914185,291.89746,101614.84,51.75,5.25
2025-07-12 09:00:00,0.54881287,-3.8482056,292.77072,101569.016,51.75,5.25
2025-07-12 10:00:00,0.88345337,-2.6088104,294.78137,101544.41,51.75,5.25
2025-07-12 11:00:00,1.612381,-2.8841248,295.87573,101489.34,51.75,5.25
2025-07-12 12:00:00,1.970108,-3.6529999,297.65454,101476.734,51.75,5.25
2025-07-12 13:00:00,2.032425,-4.6198425,298.53983,101422.0,51.75,5.25
2025-07-12 14:00:00,1.9263763,-5.4705505,298.99484,101360.47,51.75,5.25
2025-07-12 15:00:00,1.9268494,-6.209915,298.85046,101319.67,51.75,5.25
2025-07-12 16:00:00,2.753479,-6.598648,298.41,101310.5,51.75,5.25
2025-07-12 17:00:00,3.426239,-6.549103,297.4931,101267.18,51.75,5.25
2025-07-12 18:00:00,3.5424042,-6.04303,296.27264,101241.92,51.75,5.25
2025-07-12 19:00:00,3.233139,-6.021942,294.96613,101235.72,51.75,5.25
2025-07-12 20:00:00,3.5233612,-5.2599945,293.07846,101246.28,51.75,5.25
2025-07-12 21:00:00,3.485489,-4.666855,291.91415,101232.016,51.75,5.25
2025-07-12 22:00:00,2.9695435,-5.113037,291.0274,101238.195,51.75,5.25
2025-07-12 23:00:00,2.2141418,-5.450775,290.48196,101214.516,51.75,5.25
2025-07-13 00:00:00,2.2558289,-4.6690826,290.28305,101199.42,51.75,5.25
2025-07-13 01:00:00,1.1994476,-4.393997,289.95798,101188.41,51.75,5.25
2025-07-13 02:00:00,0.81147766,-3.3747253,289.99554,101147.875,51.75,5.25
2025-07-13 03:00:00,1.043869,-3.1879272,289.67352,101102.66,51.75,5.25
2025-07-13 04:00:00,0.37763977,-3.7913666,289.48563,101113.22,51.75,5.25
2025-07-13 05:00:00,-0.6208191,-3.4656525,290.0633,101106.266,51.75,5.25
2025-07-13 06:00:00,-1.4522095,-2.5081177,290.95325,101114.375,51.75,5.25
2025-07-13 07:00:00,-1.247757,-1.5072174,292.03513,101125.2,51.75,5.25
2025-07-13 08:00:00,-0.8788605,-1.0021973,293.00433,101117.79,51.75,5.25
2025-07-13 09:00:00,-0.25700378,-0.23014832,293.5907,101104.08,51.75,5.25
2025-07-13 10:00:00,-0.34054565,1.2366791,294.31665,101118.7,51.75,5.25
2025-07-13 11:00:00,0.63560486,1.0802612,294.7198,101127.89,51.75,5.25
2025-07-13 12:00:00,1.4693604,0.95458984,295.0381,101104.57,51.75,5.25
2025-07-13 13:00:00,2.2680206,0.5389404,295.91046,101067.01,51.75,5.25
2025-07-13 14:00:00,2.7603912,-0.72494507,297.2834,101059.266,51.75,5.25
2025-07-13 15:00:00,2.9282227,-1.7180481,297.03754,101057.125,51.75,5.25
2025-07-13 16:00:00,2.8783875,-2.702057,296.68073,101050.49,51.75,5.25
2025-07-13 17:00:00,2.482666,-3.0754242,296.00867,101026.86,51.75,5.25
2025-07-13 18:00:00,1.7403259,-2.989563,295.61703,101034.14,51.75,5.25
2025-07-13 19:00:00,1.0345917,-3.0978699,294.88123,101051.766,51.75,5.25
2025-07-13 20:00:00,0.4919281,-3.0172424,293.5103,101105.74,51.75,5.25
2025-07-13 21:00:00,-0.1443634,-2.6312714,292.0418,101107.0,51.75,5.25
2025-07-13 22:00:00,-0.31288147,-2.2720184,290.78534,101079.734,51.75,5.25
2025-07-13 23:00:00,-0.990036,-1.5343475,290.50146,101109.98,51.75,5.25
2025-07-14 00:00:00,-1.1512756,-0.69984436,289.75946,101106.805,51.75,5.25
2025-07-14 01:00:00,-0.63327026,0.19151306,289.46362,101121.78,51.75,5.25
2025-07-14 02:00:00,0.41622925,0.6991272,288.90637,101125.19,51.75,5.25
2025-07-14 03:00:00,1.5867462,0.78201294,288.49512,101116.45,51.75,5.25
2025-07-14 04:00:00,2.3411255,0.397583,288.85382,101135.55,51.75,5.25
2025-07-14 05:00:00,2.708191,-0.016479492,289.31754,101164.12,51.75,5.25
2025-07-14 06:00:00,2.8713684,-0.36657715,291.10577,101210.03,51.75,5.25
2025-07-14 07:00:00,2.5025482,0.24389648,293.30884,101254.89,51.75,5.25
2025-07-14 08:00:00,3.296463,0.5094452,294.9614,101289.55,51.75,5.25
2025-07-14 09:00:00,3.8039398,0.7501068,295.68085,101318.64,51.75,5.25
2025-07-14 10:00:00,3.449585,0.83425903,296.05225,101362.234,51.75,5.25
2025-07-14 11:00:00,4.686264,1.8453827,296.78067,101395.234,51.75,5.25
2025-07-14 12:00:00,5.98555,2.1002655,297.51123,101416.09,51.75,5.25
2025-07-14 13:00:00,7.246689,1.756012,296.48022,101446.05,51.75,5.25
2025-07-14 14:00:00,7.305481,0.8426361,295.6201,101479.45,51.75,5.25
2025-07-14 15:00:00,6.8814087,0.5673523,297.3844,101456.11,51.75,5.25
2025-07-14 16:00:00,6.7203217,1.0453491,297.67505,101434.47,51.75,5.25
2025-07-14 17:00:00,6.6600494,1.0499725,297.87872,101422.39,51.75,5.25
2025-07-14 18:00:00,6.5193634,0.6385956,296.55725,101451.01,51.75,5.25
2025-07-14 19:00:00,6.74205,0.41853333,294.89008,101504.04,51.75,5.25
2025-07-14 20:00:00,6.615753,0.9436188,293.37372,101550.234,51.75,5.25
2025-07-14 21:00:00,6.1739044,1.9423218,292.44244,101591.45,51.75,5.25
2025-07-14 22:00:00,6.335678,2.405487,291.41278,101606.36,51.75,5.25
2025-07-14 23:00:00,7.272583,2.6525574,292.00897,101612.65,51.75,5.25
2025-07-15 00:00:00,7.5408325,3.1656036,291.4342,101639.25,51.75,5.25
2025-07-15 01:00:00,6.4717255,3.6997528,290.30655,101637.53,51.75,5.25
2025-07-15 02:00:00,5.8485565,4.392578,289.90216,101638.53,51.75,5.25
2025-07-15 03:00:00,6.057495,4.7433014,289.17218,101629.66,51.75,5.25
2025-07-15 04:00:00,6.1002655,4.7830353,288.91785,101652.97,51.75,5.25
2025-07-15 05:00:00,6.5345154,4.207901,289.10376,101674.97,51.75,5.25
2025-07-15 06:00:00,6.859909,3.6781769,290.10327,101714.945,51.75,5.25
2025-07-15 07:00:00,6.106079,2.4323425,291.3535,101719.984,51.75,5.25
2025-07-15 08:00:00,5.7044373,1.8245392,292.35596,101736.734,51.75,5.25
2025-07-15 09:00:00,5.4911194,1.6573486,293.33804,101751.55,51.75,5.25
2025-07-15 10:00:00,7.076721,2.1792145,293.98853,101721.375,51.75,5.25
2025-07-15 11:00:00,7.402588,2.1784515,294.64362,101726.41,51.75,5.25
2025-07-15 12:00:00,7.053833,2.2516022,294.8474,101729.4,51.75,5.25
2025-07-15 13:00:00,6.940048,2.3239899,296.14954,101696.21,51.75,5.25
2025-07-15 14:00:00,6.8679657,2.7483978,295.08798,101694.77,51.75,5.25
2025-07-15 15:00:00,7.1412354,3.0487823,295.1399,101654.19,51.75,5.25
2025-07-15 16:00:00,7.4297943,2.8454437,294.5093,101632.41,51.75,5.25
2025-07-15 17:00:00,7.11998,2.6364288,294.1629,101601.11,51.75,5.25
2025-07-15 18:00:00,6.34848,2.4459076,293.68805,101581.45,51.75,5.25
2025-07-15 19:00:00,5.2485504,2.701828,292.97433,101590.1,51.75,5.25
2025-07-15 20:00:00,4.844452,3.6615906,291.83594,101585.68,51.75,5.25
2025-07-15 21:00:00,4.647888,4.691498,290.6714,101578.02,51.75,5.25
2025-07-15 22:00:00,6.4132233,5.909088,290.4181,101539.37,51.75,5.25
2025-07-15 23:00:00,5.741455,6.2413025,290.13806,101472.72,51.75,5.25
2025-07-16 00:00:00,5.0858,6.854767,289.83707,101397.09,51.75,5.25
2025-07-16 01:00:00,5.728668,6.633606,289.14658,101338.59,51.75,5.25
2025-07-16 02:00:00,6.25264,6.2940216,288.53104,101293.04,51.75,5.25
2025-07-16 03:00:00,6.577347,5.228653,288.1577,101254.38,51.75,5.25
2025-07-16 04:00:00,7.7324677,3.7772217,287.8493,101236.41,51.75,5.25
2025-07-16 05:00:00,7.5718384,2.3493042,287.96384,101219.8,51.75,5.25
2025-07-16 06:00:00,7.0388794,2.638443,288.83173,101211.72,51.75,5.25
2025-07-16 07:00:00,6.1849976,2.6499023,290.09186,101238.54,51.75,5.25
2025-07-16 08:00:00,5.707596,2.375702,290.70416,101248.03,51.75,5.25
2025-07-16 09:00:00,7.268936,1.7861481,291.6185,101260.08,51.75,5.25
2025-07-16 10:00:00,6.9974823,0.7581787,290.74908,101282.5,51.75,5.25
2025-07-16 11:00:00,7.5726624,0.2936859,291.69803,101264.305,51.75,5.25
2025-07-16 12:00:00,8.354294,-1.216095,291.9737,101274.41,51.75,5.25
2025-07-16 13:00:00,7.990448,-2.268921,291.66467,101330.734,51.75,5.25
2025-07-16 14:00:00,6.961075,-2.5065613,290.7623,101347.65,51.75,5.25
2025-07-16 15:00:00,6.9625397,-2.6045227,291.44647,101347.69,51.75,5.25
2025-07-16 16:00:00,6.818054,-3.068573,291.81396,101374.14,51.75,5.25
2025-07-16 17:00:00,6.37175,-4.083679,292.27582,101392.28,51.75,5.25
2025-07-16 18:00:00,5.2037354,-4.569412,291.75604,101428.56,51.75,5.25
2025-07-16 19:00:00,4.5928955,-4.482071,290.90826,101480.67,51.75,5.25
2025-07-16 20:00:00,4.730179,-3.894928,289.61063,101546.39,51.75,5.25
2025-07-16 21:00:00,4.7318115,-3.846161,288.58127,101613.7,51.75,5.25
2025-07-16 22:00:00,4.6404724,-3.4904175,288.124,101648.92,51.75,5.25
2025-07-16 23:00:00,4.8667297,-3.3058014,287.45135,101647.03,51.75,5.25
2025-07-17 00:00:00,4.285431,-3.0276031,286.97403,101708.766,51.75,5.25
2025-07-17 01:00:00,3.7042542,-2.822342,286.47922,101698.695,51.75,5.25
2025-07-17 02:00:00,3.5584106,-2.327057,285.628,101731.64,51.75,5.25
2025-07-17 03:00:00,4.449478,-1.8757324,285.36145,101696.125,51.75,5.25
2025-07-17 04:00:00,4.474228,-1.7398529,285.2035,101720.19,51.75,5.25
2025-07-17 05:00:00,3.8574524,-1.7495422,286.38904,101765.51,51.75,5.25
2025-07-17 06:00:00,3.3536987,-1.198822,288.78815,101749.89,51.75,5.25
2025-07-17 07:00:00,3.4076538,-1.887146,290.7378,101816.58,51.75,5.25
2025-07-17 08:00:00,3.3804474,-1.7987823,292.14514,101803.016,51.75,5.25
2025-07-17 09:00:00,3.5966492,-1.3511047,293.70065,101784.22,51.75,5.25
2025-07-17 10:00:00,2.750946,-0.6668396,294.01324,101794.26,51.75,5.25
2025-07-17 11:00:00,2.9503937,-0.6090088,294.89655,101765.516,51.75,5.25
2025-07-17 12:00:00,3.6194458,-1.1872406,295.91068,101728.12,51.75,5.25
2025-07-17 13:00:00,3.8876648,-1.9276276,295.93066,101707.86,51.75,5.25
2025-07-17 14:00:00,3.5412292,-2.5099945,296.4949,101689.91,51.75,5.25
2025-07-17 15:00:00,3.14682,-3.1399536,296.53204,101673.11,51.75,5.25
2025-07-17 16:00:00,2.5664673,-3.413269,296.3398,101648.81,51.75,5.25
2025-07-17 17:00:00,2.0428925,-3.6643066,296.17767,101623.79,51.75,5.25
2025-07-17 18:00:00,1.8288422,-3.8786163,295.29828,101621.92,51.75,5.25
2025-07-17 19:00:00,1.1515656,-4.383713,293.65253,101620.375,51.75,5.25
2025-07-17 20:00:00,-0.12835693,-4.6584473,290.75806,101632.34,51.75,5.25
2025-07-17 21:00:00,-1.963913,-4.392456,289.06775,101636.3,51.75,5.25
2025-07-17 22:00:00,-2.976593,-3.6369324,288.23895,101614.266,51.75,5.25
2025-07-17 23:00:00,-3.5673828,-2.478775,287.32275,101606.61,51.75,5.25
2025-07-18 00:00:00,-3.2922516,-1.160614,287.2628,101583.15,51.75,5.25
2025-07-18 01:00:00,-2.8192139,-0.11903381,287.1187,101564.625,51.75,5.25
2025-07-18 02:00:00,-2.8521118,0.6405029,286.68423,101536.22,51.75,5.25
2025-07-18 03:00:00,-2.9137573,1.3529968,285.92377,101500.625,51.75,5.25
2025-07-18 04:00:00,-2.4161835,2.1133575,285.46423,101524.54,51.75,5.25
2025-07-18 05:00:00,-2.1807098,2.3274689,287.25775,101495.055,51.75,5.25
2025-07-18 06:00:00,-2.0815582,2.221054,289.86053,101506.26,51.75,5.25
2025-07-18 07:00:00,-0.99864197,1.5651245,292.11438,101520.875,51.75,5.25
2025-07-18 08:00:00,-0.18725586,1.4658661,294.13965,101503.97,51.75,5.25
2025-07-18 09:00:00,-0.06706238,0.74380493,295.6242,101482.55,51.75,5.25
2025-07-18 10:00:00,-0.3159027,0.12461853,296.90295,101456.89,51.75,5.25
2025-07-18 11:00:00,-0.6398926,-0.1512146,297.84955,101421.66,51.75,5.25
2025-07-18 12:00:00,-0.44049072,-0.17524719,298.2361,101390.0,51.75,5.25
2025-07-18 13:00:00,0.002670288,-0.38937378,298.37677,101370.94,51.75,5.25
2025-07-18 14:00:00,-0.02557373,-0.9272156,299.12183,101340.49,51.75,5.25
2025-07-18 15:00:00,-0.2503357,-1.5632935,299.573,101304.586,51.75,5.25
2025-07-18 16:00:00,-0.8948059,-2.0229797,299.52795,101269.234,51.75,5.25
2025-07-18 17:00:00,-1.487503,-2.2955475,299.37207,101234.164,51.75,5.25
2025-07-18 18:00:00,-2.4296417,-2.51857,298.50684,101226.37,51.75,5.25
2025-07-18 19:00:00,-3.9705505,-2.2956238,297.07092,101215.695,51.75,5.25
2025-07-18 20:00:00,-6.071762,-1.7686768,294.60712,101236.4,51.75,5.25
2025-07-18 21:00:00,-7.3702393,-0.42564392,293.25827,101234.94,51.75,5.25
2025-07-18 22:00:00,-7.482773,1.4875336,292.61035,101193.766,51.75,5.25
2025-07-18 23:00:00,-6.9336243,2.3214722,292.27252,101153.09,51.75,5.25
2025-07-19 00:00:00,-6.269211,2.6735992,291.84256,101108.2,51.75,5.25
2025-07-19 01:00:00,-5.6985016,2.5747375,290.96698,101072.375,51.75,5.25
2025-07-19 02:00:00,-5.467148,2.5267487,290.44543,101043.664,51.75,5.25
2025-07-19 03:00:00,-5.682144,2.2969666,290.08838,101020.96,51.75,5.25
2025-07-19 04:00:00,-6.4568634,1.463562,290.146,100957.42,51.75,5.25
2025-07-19 05:00:00,-6.3927765,1.148941,291.23587,100901.875,51.75,5.25
2025-07-19 06:00:00,-5.990219,1.1588745,292.64807,100896.56,51.75,5.25
2025-07-19 07:00:00,-5.2598724,0.9029083,294.89667,100849.75,51.75,5.25
2025-07-19 08:00:00,-5.2404327,1.2861328,296.573,100809.516,51.75,5.25
2025-07-19 09:00:00,-5.383789,1.5827484,297.79608,100745.35,51.75,5.25
2025-07-19 10:00:00,-4.542877,0.8404846,298.885,100670.72,51.75,5.25
2025-07-19 11:00:00,-5.3900757,1.0062561,300.2002,100602.7,51.75,5.25
2025-07-19 12:00:00,-6.66481,2.1657867,301.2228,100540.484,51.75,5.25
2025-07-19 13:00:00,-7.5114136,2.6439667,302.4455,100427.45,51.75,5.25
2025-07-19 14:00:00,-6.0238953,4.3924255,303.78564,100422.06,51.75,5.25
2025-07-19 15:00:00,-3.62854,5.8229675,302.4483,100408.375,51.75,5.25
2025-07-19 16:00:00,1.5597687,6.140274,300.46353,100458.75,51.75,5.25
2025-07-19 17:00:00,1.6993866,6.1906586,297.93292,100439.89,51.75,5.25
2025-07-19 18:00:00,0.9326782,6.372757,295.91577,100430.52,51.75,5.25
2025-07-19 19:00:00,1.4268341,6.8820496,295.31982,100477.3,51.75,5.25
2025-07-19 20:00:00,3.3974152,7.7354736,294.65747,100550.28,51.75,5.25
2025-07-19 21:00:00,2.4948883,6.9310913,294.02,100556.93,51.75,5.25
2025-07-19 22:00:00,2.1785889,5.728348,294.09903,100542.89,51.75,5.25
2025-07-19 23:00:00,3.2625885,4.841034,293.35718,100555.12,51.75,5.25
2025-07-20 00:00:00,2.285797,4.1698456,292.79077,100536.56,51.75,5.25
2025-07-20 01:00:00,1.6105957,4.4292603,292.2088,100492.89,51.75,5.25
2025-07-20 02:00:00,0.95532227,4.360428,291.8697,100478.05,51.75,5.25
2025-07-20 03:00:00,-0.3548584,4.060608,291.55963,100458.42,51.75,5.25
2025-07-20 04:00:00,-1.1811981,3.6690063,291.36157,100449.875,51.75,5.25
2025-07-20 05:00:00,-1.5637665,3.7354584,291.84607,100437.0,51.75,5.25
2025-07-20 06:00:00,-1.2733917,4.4470673,292.46606,100445.88,51.75,5.25
2025-07-20 07:00:00,-1.8831177,3.8997803,293.2897,100413.11,51.75,5.25
2025-07-20 08:00:00,-1.4705963,4.393463,294.96204,100398.28,51.75,5.25
2025-07-20 09:00:00,-1.1418304,4.520645,295.98047,100371.625,51.75,5.25
2025-07-20 10:00:00,-0.73526,5.183777,298.46228,100326.766,51.75,5.25
2025-07-20 11:00:00,0.45509338,5.7876587,298.81705,100295.97,51.75,5.25
2025-07-20 12:00:00,1.4086914,5.9691467,299.1563,100256.414,51.75,5.25
2025-07-20 13:00:00,2.1220245,5.7905884,296.6507,100259.69,51.75,5.25
2025-07-20 14:00:00,3.7996063,4.297348,295.1621,100268.64,51.75,5.25
2025-07-20 15:00:00,4.1592712,2.179535,294.7246,100268.66,51.75,5.25
2025-07-20 16:00:00,4.164505,0.64115906,293.70425,100257.72,51.75,5.25
2025-07-20 17:00:00,3.6658783,1.0419464,293.68243,100300.25,51.75,5.25
2025-07-20 18:00:00,1.9157867,0.29537964,293.67407,100229.6,51.75,5.25
2025-07-20 19:00:00,1.8014526,2.923874,292.60406,100285.44,51.75,5.25
2025-07-20 20:00:00,1.200058,5.515991,291.49753,100344.39,51.75,5.25
2025-07-20 21:00:00,0.11869812,6.376999,291.20215,100339.734,51.75,5.25
2025-07-20 22:00:00,1.0675201,6.836426,291.1291,100342.766,51.75,5.25
2025-07-20 23:00:00,2.0079498,5.868622,290.58063,100315.81,51.75,5.25
2025-07-21 00:00:00,2.563919,6.335602,290.0329,100275.65,51.75,5.25
2025-07-21 01:00:00,1.9914398,7.319336,289.80316,100298.125,51.75,5.25
2025-07-21 02:00:00,1.8279419,7.7465973,289.50928,100311.25,51.75,5.25
2025-07-21 03:00:00,3.1521301,6.9803314,289.12628,100264.05,51.75,5.25
2025-07-21 04:00:00,2.1532898,7.2278137,288.76855,100283.125,51.75,5.25
2025-07-21 05:00:00,1.633606,6.5525513,289.36658,100272.34,51.75,5.25
2025-07-21 06:00:00,0.10635376,6.645767,290.6017,100249.98,51.75,5.25
2025-07-21 07:00:00,-0.9843292,6.0458984,292.31598,100266.73,51.75,5.25
2025-07-21 08:00:00,-0.5436859,7.013382,293.9945,100263.49,51.75,5.25
2025-07-21 09:00:00,-0.02999878,7.2646027,294.70468,100240.6,51.75,5.25
2025-07-21 10:00:00,0.13644409,7.1935883,296.49185,100237.41,51.75,5.25
2025-07-21 11:00:00,-1.0437775,6.519455,296.6371,100170.38,51.75,5.25
2025-07-21 12:00:00,0.09062195,7.5734406,295.22986,100150.555,51.75,5.25
2025-07-21 13:00:00,1.543869,6.364746,294.87244,100184.66,51.75,5.25
2025-07-21 14:00:00,0.1399231,5.2120667,295.0274,100186.516,51.75,5.25
2025-07-21 15:00:00,-0.023040771,5.438751,295.2701,100139.08,51.75,5.25
2025-07-21 16:00:00,1.881958,6.013214,294.28668,100189.45,51.75,5.25
2025-07-21 17:00:00,2.7448273,4.2236176,292.5428,100182.305,51.75,5.25
2025-07-21 18:00:00,2.9033508,3.6518555,292.28656,100168.53,51.75,5.25
2025-07-21 19:00:00,3.0875244,3.363678,291.58408,100224.06,51.75,5.25
2025-07-21 20:00:00,4.029587,3.669098,290.78952,100310.19,51.75,5.25
2025-07-21 21:00:00,5.2182007,4.2762756,290.08365,100356.125,51.75,5.25
2025-07-21 22:00:00,6.255356,3.0327911,289.53424,100415.04,51.75,5.25
2025-07-21 23:00:00,5.766693,3.4960632,289.0473,100438.91,51.75,5.25
2025-07-22 00:00:00,6.2120667,4.2488403,288.96002,100471.805,51.75,5.25
2025-07-22 01:00:00,6.618088,2.7949677,288.93,100498.76,51.75,5.25
2025-07-22 02:00:00,5.939377,3.8175507,288.96045,100517.44,51.75,5.25
2025-07-22 03:00:00,6.2846375,4.399719,288.83554,100553.05,51.75,5.25
2025-07-22 04:00:00,6.4548492,4.1526337,288.8639,100588.44,51.75,5.25
2025-07-22 05:00:00,5.9942017,4.136017,289.09094,100640.83,51.75,5.25
2025-07-22 06:00:00,6.7279205,4.7986603,289.50653,100669.85,51.75,5.25
2025-07-22 07:00:00,6.7133636,4.249756,290.08658,100729.99,51.75,5.25
2025-07-22 08:00:00,6.113632,3.8141327,291.37476,100775.04,51.75,5.25
2025-07-22 09:00:00,5.498764,3.990448,292.74445,100819.39,51.75,5.25
2025-07-22 10:00:00,5.4815216,4.6423492,294.2619,100840.71,51.75,5.25
2025-07-22 11:00:00,6.261902,3.5711975,294.94345,100843.59,51.75,5.25
2025-07-22 12:00:00,6.8787537,2.2859192,295.10724,100848.91,51.75,5.25
2025-07-22 13:00:00,7.8806915,0.6783905,295.2396,100859.04,51.75,5.25
2025-07-22 14:00:00,8.360077,-0.4000702,295.08752,100868.24,51.75,5.25
2025-07-22 15:00:00,7.8780975,-1.3039551,295.87653,100911.016,51.75,5.25
2025-07-22 16:00:00,7.5387115,-1.5222626,295.97458,100940.7,51.75,5.25
2025-07-22 17:00:00,7.1566315,-1.3516083,295.15167,100974.91,51.75,5.25
2025-07-22 18:00:00,6.303604,-1.2554321,294.51767,101000.234,51.75,5.25
2025-07-22 19:00:00,5.998337,-0.9017639,293.4203,101044.64,51.75,5.25
2025-07-22 20:00:00,6.4081573,-0.084365845,292.39777,101096.34,51.75,5.25
2025-07-22 21:00:00,6.8930817,0.9368744,291.4773,101110.85,51.75,5.25
2025-07-22 22:00:00,6.299347,0.97050476,291.1081,101123.56,51.75,5.25
2025-07-22 23:00:00,6.3765564,2.7421722,290.8485,101131.66,51.75,5.25
2025-07-23 00:00:00,6.319763,3.1568604,290.70007,101125.83,51.75,5.25
2025-07-23 01:00:00,6.1786804,2.773697,290.64648,101122.67,51.75,5.25
2025-07-23 02:00:00,6.212387,2.804779,290.665,101094.375,51.75,5.25
2025-07-23 03:00:00,6.068924,2.9786224,290.4109,101077.0,51.75,5.25
2025-07-23 04:00:00,5.559143,2.7477112,290.34903,101091.89,51.75,5.25
2025-07-23 05:00:00,5.4334564,3.0324097,290.20825,101094.445,51.75,5.25
2025-07-23 06:00:00,4.5477448,3.3788605,290.3128,101098.086,51.75,5.25
2025-07-23 07:00:00,4.582138,3.2988281,290.65027,101115.97,51.75,5.25
2025-07-23 08:00:00,4.825165,3.0801392,291.1965,101144.484,51.75,5.25
2025-07-23 09:00:00,4.78331,2.760437,292.0373,101177.75,51.75,5.25
2025-07-23 10:00:00,4.9977875,2.2907104,292.34506,101161.56,51.75,5.25
2025-07-23 11:00:00,5.0058136,1.3172607,293.15204,101143.555,51.75,5.25
2025-07-23 12:00:00,4.874176,-0.13520813,293.32635,101165.55,51.75,5.25
2025-07-23 13:00:00,4.016037,-0.455307,293.8414,101183.45,51.75,5.25
2025-07-23 14:00:00,3.3726807,-1.030899,294.4625,101139.71,51.75,5.25
2025-07-23 15:00:00,3.5134735,-1.3546143,294.1849,101161.66,51.75,5.25
2025-07-23 16:00:00,3.6354828,-2.7928772,293.84116,101174.555,51.75,5.25
2025-07-23 17:00:00,3.191269,-3.485489,293.05392,101168.875,51.75,5.25
2025-07-23 18:00:00,2.8996582,-2.9548645,292.6693,101178.96,51.75,5.25
2025-07-23 19:00:00,2.5627441,-2.8099213,292.25864,101185.0,51.75,5.25
2025-07-23 20:00:00,2.2964783,-3.5021362,291.41937,101214.766,51.75,5.25
2025-07-23 21:00:00,2.2042847,-3.5834808,290.6265,101231.06,51.75,5.25
2025-07-23 22:00:00,2.0722504,-3.5679321,289.17642,101231.22,51.75,5.25
2025-07-23 23:00:00,1.7848358,-2.3295135,288.67603,101251.484,51.75,5.25
2025-07-24 00:00:00,2.356598,-3.2160797,288.29333,101262.23,51.75,5.25
2025-07-24 01:00:00,2.2616882,-3.7660217,288.09558,101249.69,51.75,5.25
2025-07-24 02:00:00,2.406067,-3.3979187,287.8476,101272.44,51.75,5.25
2025-07-24 03:00:00,2.8530426,-3.234497,287.84985,101272.42,51.75,5.25
2025-07-24 04:00:00,2.937378,-3.614151,287.94232,101253.46,51.75,5.25
2025-07-24 05:00:00,2.4970245,-3.1149445,288.15625,101279.63,51.75,5.25
2025-07-24 06:00:00,1.8891296,-2.4802399,289.5205,101309.92,51.75,5.25
2025-07-24 07:00:00,1.649704,-2.155136,290.90176,101330.375,51.75,5.25
2025-07-24 08:00:00,1.595459,-1.3622742,292.06714,101354.734,51.75,5.25
2025-07-24 09:00:00,1.7150116,-0.09043884,293.0741,101368.24,51.75,5.25
2025-07-24 10:00:00,1.3114471,0.3618927,294.66486,101376.16,51.75,5.25
2025-07-24 11:00:00,1.6085052,0.3776703,295.24103,101378.58,51.75,5.25
2025-07-24 12:00:00,2.0781708,-0.2387085,296.3604,101374.805,51.75,5.25
2025-07-24 13:00:00,2.4921417,-1.3619537,296.4622,101365.58,51.75,5.25
2025-07-24 14:00:00,2.3876038,-1.7632904,296.48065,101378.42,51.75,5.25
2025-07-24 15:00:00,2.4709625,-2.0332031,296.28052,101374.87,51.75,5.25
2025-07-24 16:00:00,2.3585815,-2.3736725,296.40973,101382.85,51.75,5.25
2025-07-24 17:00:00,2.401123,-3.2563477,295.71472,101381.84,51.75,5.25
2025-07-24 18:00:00,2.3181915,-3.8720856,294.75714,101410.81,51.75,5.25
2025-07-24 19:00:00,1.8283691,-4.172806,293.4175,101447.875,51.75,5.25
2025-07-24 20:00:00,1.9086914,-4.4032593,291.83087,101488.22,51.75,5.25
2025-07-24 21:00:00,1.969162,-4.6060486,290.51498,101540.95,51.75,5.25
2025-07-24 22:00:00,1.7581177,-3.9830017,290.2155,101598.48,51.75,5.25
2025-07-24 23:00:00,1.4736786,-3.4366913,289.47827,101612.05,51.75,5.25
2025-07-25 00:00:00,1.1620331,-3.0973663,289.33728,101623.03,51.75,5.25
2025-07-25 01:00:00,1.2505798,-3.3719025,288.86084,101601.95,51.75,5.25
2025-07-25 02:00:00,1.296524,-3.5475922,288.79523,101580.91,51.75,5.25
2025-07-25 03:00:00,1.8479004,-3.848297,288.95935,101588.055,51.75,5.25
2025-07-25 04:00:00,1.9446869,-4.1255646,289.26245,101612.37,51.75,5.25
2025-07-25 05:00:00,1.759964,-4.0985565,289.46292,101632.67,51.75,5.25
2025-07-25 06:00:00,1.394043,-3.5451965,290.70618,101645.195,51.75,5.25
2025-07-25 07:00:00,1.2116852,-2.731598,291.66846,101679.16,51.75,5.25
2025-07-25 08:00:00,1.6968994,-2.4270782,292.10757,101711.03,51.75,5.25
2025-07-25 09:00:00,2.1753082,-2.7424164,293.2311,101725.336,51.75,5.25
2025-07-25 10:00:00,1.6059418,-2.8288727,292.8161,101730.914,51.75,5.25
2025-07-25 11:00:00,2.1741333,-2.9588165,293.76215,101757.42,51.75,5.25
2025-07-25 12:00:00,2.643982,-3.3425293,293.7745,101750.734,51.75,5.25
2025-07-25 13:00:00,2.7875366,-3.8052826,294.162,101750.84,51.75,5.25
2025-07-25 14:00:00,2.7261353,-4.419525,294.42758,101728.66,51.75,5.25
2025-07-25 15:00:00,2.561798,-4.7257996,294.75922,101714.73,51.75,5.25
2025-07-25 16:00:00,2.2501068,-4.8339996,295.0802,101702.38,51.75,5.25
2025-07-25 17:00:00,1.7620239,-4.6212006,294.82248,101680.8,51.75,5.25
2025-07-25 18:00:00,1.3782806,-4.0607605,294.29034,101700.83,51.75,5.25
2025-07-25 19:00:00,1.2684326,-3.6504822,293.30377,101729.086,51.75,5.25
2025-07-25 20:00:00,0.91430664,-3.4780579,290.87543,101781.41,51.75,5.25
2025-07-25 21:00:00,0.59210205,-3.101883,289.43115,101792.17,51.75,5.25
2025-07-25 22:00:00,1.6858978,-2.078186,288.8379,101793.984,51.75,5.25
2025-07-25 23:00:00,1.7807007,-1.9558563,288.47333,101785.71,51.75,5.25
2025-07-26 00:00:00,1.6429749,-1.3652496,287.69244,101766.86,51.75,5.25
2025-07-26 01:00:00,1.6517792,-0.7420807,287.17914,101710.375,51.75,5.25
2025-07-26 02:00:00,1.6749115,-0.025543213,286.73346,101697.81,51.75,5.25
2025-07-26 03:00:00,1.9946289,0.6149292,286.44852,101685.51,51.75,5.25
2025-07-26 04:00:00,2.0657043,1.726944,286.31744,101670.39,51.75,5.25
2025-07-26 05:00:00,1.8762054,3.0491028,287.839,101661.8,51.75,5.25
2025-07-26 06:00:00,1.7458649,3.718048,289.95898,101627.3,51.75,5.25
2025-07-26 07:00:00,1.7774048,3.4943695,292.1684,101625.266,51.75,5.25
2025-07-26 08:00:00,2.7166748,3.5342712,294.3615,101598.43,51.75,5.25
2025-07-26 09:00:00,3.5240936,3.1324463,295.98846,101577.69,51.75,5.25
2025-07-26 10:00:00,3.7335205,3.0466309,297.16516,101535.625,51.75,5.25
2025-07-26 11:00:00,4.46492,2.7127838,298.1233,101544.44,51.75,5.25
2025-07-26 12:00:00,5.256195,2.0894623,297.7898,101512.63,51.75,5.25
2025-07-26 13:00:00,5.912613,1.3059998,297.4476,101517.25,51.75,5.25
2025-07-26 14:00:00,5.646866,0.22825623,296.81152,101475.53,51.75,5.25
2025-07-26 15:00:00,5.422104,-0.6451721,296.4627,101444.42,51.75,5.25
2025-07-26 16:00:00,5.5219574,-1.2120514,295.7981,101430.33,51.75,5.25
2025-07-26 17:00:00,5.7177277,-1.622879,295.40027,101425.31,51.75,5.25
2025-07-26 18:00:00,5.273239,-1.8618469,294.80173,101412.17,51.75,5.25
2025-07-26 19:00:00,4.5491943,-1.766098,293.7507,101435.93,51.75,5.25
2025-07-26 20:00:00,4.1931763,-1.7605133,292.82788,101487.42,51.75,5.25
2025-07-26 21:00:00,3.9143982,-1.2618561,291.8928,101491.06,51.75,5.25
2025-07-26 22:00:00,5.008713,-1.7807312,290.98956,101525.11,51.75,5.25
2025-07-26 23:00:00,4.551697,-2.502884,290.55646,101481.86,51.75,5.25
2025-07-27 00:00:00,3.952362,-3.03096,290.17792,101459.99,51.75,5.25
2025-07-27 01:00:00,2.8396912,-3.8247986,289.98654,101450.016,51.75,5.25
2025-07-27 02:00:00,2.1486053,-3.8954926,289.73926,101408.36,51.75,5.25
2025-07-27 03:00:00,2.327652,-4.057312,289.6109,101402.14,51.75,5.25
2025-07-27 04:00:00,2.0693512,-4.769989,289.40387,101397.67,51.75,5.25
2025-07-27 05:00:00,0.846817,-4.9194183,289.26172,101389.5,51.75,5.25
2025-07-27 06:00:00,0.035339355,-3.9072418,289.883,101388.61,51.75,5.25
2025-07-27 07:00:00,-0.7391968,-3.8749237,290.7926,101403.83,51.75,5.25
2025-07-27 08:00:00,-1.1148376,-3.4027557,291.9937,101427.89,51.75,5.25
2025-07-27 09:00:00,-0.7116089,-3.2949066,292.66022,101406.164,51.75,5.25
2025-07-27 10:00:00,0.0115356445,-2.3135376,292.98093,101418.65,51.75,5.25
2025-07-27 11:00:00,0.93470764,-2.2616425,293.15186,101388.37,51.75,5.25
2025-07-27 12:00:00,2.7245483,-3.6644592,292.57422,101387.17,51.75,5.25
2025-07-27 13:00:00,2.8887024,-4.5720367,292.19574,101408.16,51.75,5.25
2025-07-27 14:00:00,2.4887543,-4.04039,292.54535,101368.5,51.75,5.25
2025-07-27 15:00:00,2.813568,-4.0121307,292.8905,101354.86,51.75,5.25
2025-07-27 16:00:00,3.153305,-4.5500183,292.95593,101357.16,51.75,5.25
2025-07-27 17:00:00,3.3399506,-4.9663086,292.01477,101366.8,51.75,5.25
2025-07-27 18:00:00,3.1727905,-5.2031403,291.27768,101359.98,51.75,5.25
2025-07-27 19:00:00,3.1908264,-5.4078217,290.51987,101392.766,51.75,5.25
2025-07-27 20:00:00,3.211975,-5.7067413,289.6698,101456.28,51.75,5.25
2025-07-27 21:00:00,2.8863525,-5.6114655,289.2553,101471.33,51.75,5.25
2025-07-27 22:00:00,2.8403625,-4.348007,288.80322,101502.766,51.75,5.25
2025-07-27 23:00:00,3.8667603,-4.2040253,288.6515,101501.88,51.75,5.25
2025-07-28 00:00:00,4.468689,-4.366577,287.7348,101515.83,51.75,5.25
2025-07-28 01:00:00,4.5296326,-4.3227234,287.88196,101493.44,51.75,5.25
2025-07-28 02:00:00,4.3965607,-4.0353546,287.6562,101502.79,51.75,5.25
2025-07-28 03:00:00,4.165222,-4.112564,287.55112,101520.34,51.75,5.25
2025-07-28 04:00:00,3.8304596,-4.339157,287.53638,101521.53,51.75,5.25
2025-07-28 05:00:00,3.911621,-4.296875,287.99915,101562.734,51.75,5.25
2025-07-28 06:00:00,3.5627594,-3.3743896,289.19366,101589.95,51.75,5.25
2025-07-28 07:00:00,3.4871826,-3.1529083,290.30283,101623.28,51.75,5.25
2025-07-28 08:00:00,3.974945,-3.408966,291.11865,101647.914,51.75,5.25
2025-07-28 09:00:00,4.5721893,-3.0529633,291.79364,101676.44,51.75,5.25
2025-07-28 10:00:00,4.860855,-3.5663452,292.07437,101689.17,51.75,5.25
2025-07-28 11:00:00,5.1482544,-3.292099,292.03418,101720.05,51.75,5.25
2025-07-28 12:00:00,5.5457764,-3.1855316,292.88373,101723.0,51.75,5.25
2025-07-28 13:00:00,5.897217,-3.6185455,292.6311,101727.81,51.75,5.25
2025-07-28 14:00:00,5.967804,-4.343399,293.34207,101730.984,51.75,5.25
2025-07-28 15:00:00,5.708023,-5.127136,293.37476,101743.04,51.75,5.25
2025-07-28 16:00:00,5.248184,-4.9321747,292.9137,101761.36,51.75,5.25
2025-07-28 17:00:00,5.087616,-5.1694183,292.52478,101764.516,51.75,5.25
2025-07-28 18:00:00,4.7171936,-4.7665405,291.9378,101782.5,51.75,5.25
2025-07-28 19:00:00,4.562439,-4.238739,290.90216,101807.61,51.75,5.25
2025-07-28 20:00:00,4.7897034,-3.670517,289.18378,101861.83,51.75,5.25
2025-07-28 21:00:00,4.70813,-2.8987885,287.91553,101874.03,51.75,5.25
2025-07-28 22:00:00,5.025406,-1.0348358,287.56454,101876.46,51.75,5.25
2025-07-28 23:00:00,5.4747467,-0.6382141,287.56143,101841.47,51.75,5.25
2025-07-29 00:00:00,5.481888,-0.6863556,287.7262,101866.59,51.75,5.25
2025-07-29 01:00:00,5.1979218,-0.89823914,287.6042,101863.27,51.75,5.25
2025-07-29 02:00:00,4.849945,-0.93704224,287.5409,101818.85,51.75,5.25
2025-07-29 03:00:00,4.4694366,-0.69322205,287.18527,101786.56,51.75,5.25
2025-07-29 04:00:00,4.03566,-0.18251038,286.94775,101751.91,51.75,5.25
2025-07-29 05:00:00,3.724289,0.29208374,287.6653,101742.95,51.75,5.25
2025-07-29 06:00:00,3.6639252,0.71499634,289.06305,101758.125,51.75,5.25
2025-07-29 07:00:00,3.2262573,0.7611847,290.10983,101752.09,51.75,5.25
2025-07-29 08:00:00,2.8615112,0.2895813,291.3596,101756.66,51.75,5.25
2025-07-29 09:00:00,2.5472565,0.0982666,292.5788,101723.45,51.75,5.25
2025-07-29 10:00:00,1.9123383,-1.1996918,293.5694,101679.31,51.75,5.25
2025-07-29 11:00:00,2.5688782,-1.8160248,294.3669,101643.06,51.75,5.25
2025-07-29 12:00:00,2.9411316,-2.2503967,294.6609,101630.164,51.75,5.25
2025-07-29 13:00:00,3.0106049,-2.4822388,294.59235,101609.59,51.75,5.25
2025-07-29 14:00:00,2.9896545,-3.2572174,294.4661,101593.25,51.75,5.25
2025-07-29 15:00:00,2.7042084,-3.7878265,294.26248,101578.195,51.75,5.25
2025-07-29 16:00:00,2.5884094,-4.017227,293.73486,101579.97,51.75,5.25
2025-07-29 17:00:00,2.2256775,-3.6675873,293.05408,101571.41,51.75,5.25
2025-07-29 18:00:00,2.1856232,-4.030411,292.11542,101579.08,51.75,5.25
2025-07-29 19:00:00,2.1891785,-4.4756317,291.21802,101598.484,51.75,5.25
2025-07-29 20:00:00,2.1173859,-4.8009033,289.99445,101647.91,51.75,5.25
2025-07-29 21:00:00,1.9430695,-4.543442,288.29944,101648.94,51.75,5.25
2025-07-29 22:00:00,1.1640778,-3.543747,288.04962,101632.79,51.75,5.25
2025-07-29 23:00:00,2.3111572,-2.0141754,287.40912,101628.25,51.75,5.25
2025-07-30 00:00:00,3.4776,-1.2536316,286.6956,101613.61,51.75,5.25
2025-07-30 01:00:00,4.114441,-1.4247284,286.85004,101615.54,51.75,5.25
2025-07-30 02:00:00,4.2100525,-0.9216461,286.53204,101570.11,51.75,5.25
2025-07-30 03:00:00,4.300232,-0.99798584,286.53342,101548.28,51.75,5.25
2025-07-30 04:00:00,4.2855225,-1.4467773,286.19556,101559.2,51.75,5.25
2025-07-30 05:00:00,4.1900787,-1.7316284,286.7022,101570.58,51.75,5.25
2025-07-30 06:00:00,3.716217,-1.2031555,288.72754,101585.85,51.75,5.25
2025-07-30 07:00:00,3.6659393,-1.8730469,290.3415,101591.04,51.75,5.25
2025-07-30 08:00:00,4.101654,-2.0494843,291.26178,101603.3,51.75,5.25
2025-07-30 09:00:00,5.0826416,-2.1626587,292.30774,101593.08,51.75,5.25
2025-07-30 10:00:00,4.8086395,-1.4099579,293.6361,101594.0,51.75,5.25
2025-07-30 11:00:00,5.596863,-1.6315002,293.7162,101588.375,51.75,5.25
2025-07-30 12:00:00,6.173752,-2.5570526,294.5807,101577.31,51.75,5.25
2025-07-30 13:00:00,6.3284454,-3.187088,295.00568,101603.11,51.75,5.25
2025-07-30 14:00:00,6.4081573,-3.8921967,294.563,101607.16,51.75,5.25
2025-07-30 15:00:00,6.256729,-4.5180054,294.60205,101606.06,51.75,5.25
2025-07-30 16:00:00,6.094589,-4.7825775,293.9939,101617.875,51.75,5.25
2025-07-30 17:00:00,5.9284363,-4.3704376,293.55334,101601.12,51.75,5.25
2025-07-30 18:00:00,5.41893,-3.248581,292.63083,101615.17,51.75,5.25
2025-07-30 19:00:00,5.2405853,-1.8691559,291.48462,101611.64,51.75,5.25
2025-07-30 20:00:00,5.822708,-0.81318665,290.09952,101653.42,51.75,5.25
2025-07-30 21:00:00,6.6143646,0.065597534,289.6081,101648.36,51.75,5.25
2025-07-30 22:00:00,5.5004883,1.8862762,289.2221,101620.59,51.75,5.25
2025-07-30 23:00:00,6.0387726,2.7029724,289.7959,101600.66,51.75,5.25
2025-07-31 00:00:00,7.175308,2.9347076,290.14804,101551.89,51.75,5.25
2025-07-31 01:00:00,7.402252,3.1875458,290.27313,101502.47,51.75,5.25
2025-07-31 02:00:00,7.391037,2.8364868,289.91418,101464.17,51.75,5.25
2025-07-31 03:00:00,7.036194,1.594223,289.746,101432.016,51.75,5.25
2025-07-31 04:00:00,6.129837,0.84407043,289.35602,101419.516,51.75,5.25
2025-07-31 05:00:00,5.5415497,0.5723572,289.33636,101397.34,51.75,5.25
2025-07-31 06:00:00,5.1701355,0.58114624,290.38647,101402.75,51.75,5.25
2025-07-31 07:00:00,4.4322205,0.13035583,291.18942,101414.71,51.75,5.25
2025-07-31 08:00:00,4.390732,-0.25616455,292.4459,101438.27,51.75,5.25
2025-07-31 09:00:00,4.534775,0.015090942,293.49078,101420.66,51.75,5.25
2025-07-31 10:00:00,4.6066895,1.421814,294.91174,101426.48,51.75,5.25
2025-07-31 11:00:00,5.881958,1.3421631,295.4779,101408.64,51.75,5.25
2025-07-31 12:00:00,6.6184235,0.34773254,295.42426,101387.19,51.75,5.25
2025-07-31 13:00:00,6.976883,0.16378784,294.93216,101382.28,51.75,5.25
2025-07-31 14:00:00,7.18367,0.32563782,294.75903,101367.57,51.75,5.25
2025-07-31 15:00:00,6.314682,-0.6929016,293.5179,101344.266,51.75,5.25
2025-07-31 16:00:00,5.9358215,-0.054031372,293.01147,101311.72,51.75,5.25
2025-07-31 17:00:00,6.236725,-0.87246704,292.26385,101284.61,51.75,5.25
2025-07-31 18:00:00,5.559204,-1.7324524,291.97092,101270.89,51.75,5.25
2025-07-31 19:00:00,5.012802,-2.3036194,291.40256,101274.59,51.75,5.25
2025-07-31 20:00:00,4.5537415,-2.3258972,290.81848,101302.84,51.75,5.25
2025-07-31 21:00:00,4.6545258,-1.6942291,290.1432,101281.97,51.75,5.25
2025-07-31 22:00:00,4.3913727,-2.1453552,288.87216,101273.28,51.75,5.25
2025-07-31 23:00:00,4.9214478,-1.4414978,288.39557,101221.375,51.75,5.25
2025-08-01 00:00:00,4.987091,-0.2893982,288.24347,101213.66,51.75,5.25
2025-08-01 01:00:00,5.548935,1.144577,288.08435,101226.73,51.75,5.25
2025-08-01 02:00:00,6.130554,0.4216156,288.13748,101172.19,51.75,5.25
2025-08-01 03:00:00,5.9326935,-0.5875244,288.22125,101165.3,51.75,5.25
2025-08-01 04:00:00,5.488678,-0.62135315,288.04578,101152.03,51.75,5.25
2025-08-01 05:00:00,5.410431,-1.1429901,288.47122,101131.89,51.75,5.25
2025-08-01 06:00:00,5.342087,-1.0068207,289.33795,101118.89,51.75,5.25
2025-08-01 07:00:00,6.0454407,-1.4186554,290.31586,101115.56,51.75,5.25
2025-08-01 08:00:00,6.4965515,-1.5891571,291.55887,101111.8,51.75,5.25
2025-08-01 09:00:00,6.4543457,-1.1322784,292.206,101098.766,51.75,5.25
2025-08-01 10:00:00,6.1692505,-2.1303406,291.5103,101121.266,51.75,5.25
2025-08-01 11:00:00,6.6894073,-4.4029083,290.39777,101151.16,51.75,5.25
2025-08-01 12:00:00,5.5014343,-3.4414062,291.08508,101140.78,51.75,5.25
2025-08-01 13:00:00,5.353195,-3.6073608,292.6933,101149.68,51.75,5.25
2025-08-01 14:00:00,5.390442,-4.254822,292.9943,101150.48,51.75,5.25
2025-08-01 15:00:00,5.5036774,-4.45195,291.30167,101174.8,51.75,5.25
2025-08-01 16:00:00,5.83165,-5.2585297,291.71362,101157.45,51.75,5.25
2025-08-01 17:00:00,6.1437836,-5.6580963,291.8544,101143.375,51.75,5.25
2025-08-01 18:00:00,5.834778,-5.4648438,291.14273,101167.42,51.75,5.25
2025-08-01 19:00:00,5.513809,-5.3038635,289.88214,101192.78,51.75,5.25
2025-08-01 20:00:00,5.209976,-4.3318176,289.02597,101248.664,51.75,5.25
2025-08-01 21:00:00,5.440567,-3.3380127,288.34998,101254.67,51.75,5.25
2025-08-01 22:00:00,6.295807,-1.6667328,288.0907,101234.7,51.75,5.25
2025-08-01 23:00:00,6.7560425,-0.86447144,287.74164,101249.266,51.75,5.25
2025-08-02 00:00:00,7.146515,-0.017456055,287.67493,101182.734,51.75,5.25
2025-08-02 01:00:00,7.372162,0.98309326,287.67386,101137.51,51.75,5.25
2025-08-02 02:00:00,7.2757874,1.329361,287.70807,101126.66,51.75,5.25
2025-08-02 03:00:00,6.7223663,0.40646362,287.75586,101097.516,51.75,5.25
2025-08-02 04:00:00,5.94458,-0.9050751,288.06207,101071.08,51.75,5.25
2025-08-02 05:00:00,5.422409,-2.8367615,288.0832,101055.38,51.75,5.25
2025-08-02 06:00:00,4.71994,-4.0789337,288.75812,101088.734,51.75,5.25
2025-08-02 07:00:00,4.487259,-4.373184,289.62616,101128.14,51.75,5.25
2025-08-02 08:00:00,4.1404114,-4.488678,290.37967,101196.2,51.75,5.25
2025-08-02 09:00:00,4.252472,-5.5391693,291.12122,101225.94,51.75,5.25
2025-08-02 10:00:00,2.411255,-6.527313,290.66583,101268.09,51.75,5.25
2025-08-02 11:00:00,3.1589203,-6.357025,291.63757,101338.0,51.75,5.25
2025-08-02 12:00:00,3.894989,-5.034775,292.1925,101384.45,51.75,5.25
2025-08-02 13:00:00,5.0300446,-4.927063,291.9414,101436.19,51.75,5.25
2025-08-02 14:00:00,5.868347,-5.372864,291.76508,101459.125,51.75,5.25
2025-08-02 15:00:00,6.203842,-5.4039,291.8205,101486.26,51.75,5.25
2025-08-02 16:00:00,6.0761566,-5.6118774,291.63525,101530.945,51.75,5.25
2025-08-02 17:00:00,5.600342,-5.2521057,290.7207,101571.6,51.75,5.25
2025-08-02 18:00:00,5.3493805,-4.749954,289.75763,101573.76,51.75,5.25
2025-08-02 19:00:00,5.1580353,-4.9723663,289.21725,101625.37,51.75,5.25
2025-08-02 20:00:00,4.602951,-3.5210571,288.746,101675.2,51.75,5.25
2025-08-02 21:00:00,4.923584,-1.7702332,288.60895,101656.64,51.75,5.25
2025-08-02 22:00:00,6.081375,-0.27023315,288.28314,101704.03,51.75,5.25
2025-08-02 23:00:00,6.4117737,-0.10101318,287.97333,101718.76,51.75,5.25
2025-08-03 00:00:00,6.5311737,0.33172607,287.78748,101724.81,51.75,5.25
2025-08-03 01:00:00,6.938629,0.77793884,287.81354,101727.91,51.75,5.25
2025-08-03 02:00:00,6.973999,1.0828857,287.7409,101702.36,51.75,5.25
2025-08-03 03:00:00,6.7928925,1.581192,287.81354,101706.72,51.75,5.25
2025-08-03 04:00:00,6.9304047,2.3928375,287.6351,101671.195,51.75,5.25
2025-08-03 05:00:00,7.109253,2.9830322,287.8363,101658.734,51.75,5.25
2025-08-03 06:00:00,6.785553,3.3108215,289.01715,101656.98,51.75,5.25
2025-08-03 07:00:00,5.8897247,2.8737793,290.64212,101663.055,51.75,5.25
2025-08-03 08:00:00,6.9040833,2.1134033,292.41943,101673.55,51.75,5.25
2025-08-03 09:00:00,7.810974,1.4917297,293.87277,101667.89,51.75,5.25
2025-08-03 10:00:00,8.008606,0.98428345,294.01318,101663.36,51.75,5.25
2025-08-03 11:00:00,8.521683,0.8535156,294.60315,101655.016,51.75,5.25
2025-08-03 12:00:00,8.887222,1.219284,294.8416,101665.44,51.75,5.25
2025-08-03 13:00:00,8.746628,1.8933563,294.8836,101655.69,51.75,5.25
2025-08-03 14:00:00,8.756195,1.8743286,295.2005,101657.766,51.75,5.25
2025-08-03 15:00:00,8.259552,1.6526947,294.94498,101642.734,51.75,5.25
2025-08-03 16:00:00,7.965317,2.0481567,294.54813,101618.46,51.75,5.25
2025-08-03 17:00:00,8.529312,1.6547546,294.1394,101625.95,51.75,5.25
2025-08-03 18:00:00,7.936203,1.3212128,292.67786,101640.305,51.75,5.25
2025-08-03 19:00:00,6.9259186,2.5369415,291.83502,101640.94,51.75,5.25
2025-08-03 20:00:00,7.0741425,4.1643524,291.28235,101634.59,51.75,5.25
2025-08-03 21:00:00,7.5963135,4.02623,290.80624,101634.164,51.75,5.25
2025-08-03 22:00:00,5.9610443,3.693222,290.50537,101646.83,51.75,5.25
2025-08-03 23:00:00,6.144272,3.557953,290.37802,101635.65,51.75,5.25
2025-08-04 00:00:00,6.161026,2.552002,290.41858,101636.08,51.75,5.25
2025-08-04 01:00:00,5.9635315,1.6671753,290.30487,101630.125,51.75,5.25
2025-08-04 02:00:00,5.445694,0.96250916,290.30676,101617.22,51.75,5.25
2025-08-04 03:00:00,4.8277435,1.5342712,290.29086,101596.125,51.75,5.25
2025-08-04 04:00:00,5.0173645,1.7147827,290.08438,101629.25,51.75,5.25
2025-08-04 05:00:00,5.4055176,2.2383423,290.47852,101650.09,51.75,5.25
2025-08-04 06:00:00,4.8901825,2.1196594,291.2647,101664.78,51.75,5.25
2025-08-04 07:00:00,5.1424866,2.455841,292.3296,101649.07,51.75,5.25
2025-08-04 08:00:00,4.8223114,2.6535034,293.33282,101660.26,51.75,5.25
2025-08-04 09:00:00,4.6876984,3.3865967,293.79675,101643.72,51.75,5.25
2025-08-04 10:00:00,5.22612,3.5398865,294.7776,101648.89,51.75,5.25
2025-08-04 11:00:00,6.8119507,4.50473,296.14594,101595.19,51.75,5.25
2025-08-04 12:00:00,7.8154755,5.668457,297.1998,101530.72,51.75,5.25
2025-08-04 13:00:00,7.0169067,6.3485565,297.2614,101460.55,51.75,5.25
2025-08-04 14:00:00,7.233734,6.4989624,296.76117,101434.55,51.75,5.25
2025-08-04 15:00:00,8.159592,6.5277405,296.8354,101407.67,51.75,5.25
2025-08-04 16:00:00,8.285324,6.192917,296.58185,101340.61,51.75,5.25
2025-08-04 17:00:00,9.367233,5.014038,296.2484,101335.53,51.75,5.25
2025-08-04 18:00:00,9.736313,5.117386,295.35773,101284.61,51.75,5.25
2025-08-04 19:00:00,10.152878,5.3579254,294.7232,101328.336,51.75,5.25
2025-08-04 20:00:00,10.19957,5.099121,293.85486,101351.41,51.75,5.25
2025-08-04 21:00:00,9.935852,4.7547913,293.037,101359.72,51.75,5.25
2025-08-04 22:00:00,9.591858,2.3812408,291.98706,101397.45,51.75,5.25
2025-08-04 23:00:00,7.998535,0.12800598,291.12158,101413.17,51.75,5.25
2025-08-05 00:00:00,5.8152313,-1.7727051,290.65656,101434.99,51.75,5.25
2025-08-05 01:00:00,4.3312073,-2.3112946,289.55835,101448.92,51.75,5.25
2025-08-05 02:00:00,3.9384613,-2.5177765,288.82214,101457.81,51.75,5.25
2025-08-05 03:00:00,4.331711,-2.649887,288.2443,101481.11,51.75,5.25
2025-08-05 04:00:00,4.834152,-2.811386,288.12903,101527.57,51.75,5.25
2025-08-05 05:00:00,5.110092,-2.4733124,287.96072,101559.14,51.75,5.25
2025-08-05 06:00:00,5.3361664,-1.7541962,288.78986,101625.1,51.75,5.25
2025-08-05 07:00:00,5.1177826,-0.5027771,290.46228,101679.92,51.75,5.25
2025-08-05 08:00:00,7.018585,-0.9158478,291.541,101715.7,51.75,5.25
2025-08-05 09:00:00,8.1237335,-0.2655487,292.43982,101763.69,51.75,5.25
2025-08-05 10:00:00,8.809708,-0.79870605,292.87286,101814.19,51.75,5.25
2025-08-05 11:00:00,9.121323,-1.0135193,292.8817,101850.39,51.75,5.25
2025-08-05 12:00:00,9.21846,-1.1916504,292.86215,101879.375,51.75,5.25
2025-08-05 13:00:00,9.654556,-1.6505127,292.73944,101956.41,51.75,5.25
2025-08-05 14:00:00,9.571442,-2.2558289,292.32037,102023.33,51.75,5.25
2025-08-05 15:00:00,9.583267,-1.986618,292.33075,102075.34,51.75,5.25
2025-08-05 16:00:00,8.780685,-1.7886047,291.904,102110.84,51.75,5.25
2025-08-05 17:00:00,8.234039,-1.4320984,291.71307,102122.41,51.75,5.25
2025-08-05 18:00:00,7.65448,-0.6698303,291.1303,102155.195,51.75,5.25
2025-08-05 19:00:00,6.9800262,-0.81622314,289.5885,102185.66,51.75,5.25
2025-08-05 20:00:00,6.353134,-0.4433136,288.18524,102252.766,51.75,5.25
2025-08-05 21:00:00,6.2647552,0.14758301,287.58392,102295.375,51.75,5.25
2025-08-05 22:00:00,6.971298,0.77319336,287.4698,102320.95,51.75,5.25
2025-08-05 23:00:00,6.1121826,-0.74679565,287.21826,102350.81,51.75,5.25
2025-08-06 00:00:00,5.258148,-0.70288086,286.8232,102376.78,51.75,5.25
2025-08-06 01:00:00,5.0289764,0.010437012,286.12152,102367.086,51.75,5.25
2025-08-06 02:00:00,5.282135,0.16738892,286.03415,102393.16,51.75,5.25
2025-08-06 03:00:00,5.1290283,0.7628784,285.3719,102374.5,51.75,5.25
2025-08-06 04:00:00,4.9458923,1.5893555,285.12,102386.09,51.75,5.25
2025-08-06 05:00:00,4.7993774,2.0594177,285.51135,102391.84,51.75,5.25
2025-08-06 06:00:00,4.5928345,2.5342712,287.28293,102410.61,51.75,5.25
2025-08-06 07:00:00,3.6976624,2.1542664,289.3484,102451.42,51.75,5.25
2025-08-06 08:00:00,4.6157227,1.530014,291.07547,102440.695,51.75,5.25
2025-08-06 09:00:00,5.2882843,1.595993,292.1895,102425.16,51.75,5.25
2025-08-06 10:00:00,6.4305573,1.1575012,292.49716,102418.11,51.75,5.25
2025-08-06 11:00:00,6.548889,0.26182556,293.57837,102412.625,51.75,5.25
2025-08-06 12:00:00,5.991516,-0.07218933,293.80127,102380.17,51.75,5.25
2025-08-06 13:00:00,5.1927795,-0.28694153,294.1994,102347.305,51.75,5.25
2025-08-06 14:00:00,4.4977875,-0.7123718,294.2637,102309.97,51.75,5.25
2025-08-06 15:00:00,4.063019,-1.7750244,294.06314,102277.336,51.75,5.25
2025-08-06 16:00:00,2.571579,-2.1738281,293.95764,102221.95,51.75,5.25
2025-08-06 17:00:00,1.7289124,-2.2350464,293.61133,102176.36,51.75,5.25
2025-08-06 18:00:00,0.81547546,-2.388733,292.23215,102154.086,51.75,5.25
2025-08-06 19:00:00,-0.6122284,-2.3575592,290.10406,102129.3,51.75,5.25
2025-08-06 20:00:00,-1.9909515,-1.5869446,288.4052,102106.625,51.75,5.25
2025-08-06 21:00:00,-2.8061981,-0.1959076,287.3133,102093.95,51.75,5.25
2025-08-06 22:00:00,-3.718048,1.1295929,287.11493,102054.04,51.75,5.25
2025-08-06 23:00:00,-4.195816,3.2256317,287.6521,101993.17,51.75,5.25
2025-08-07 00:00:00,-3.6611023,5.472122,287.82703,101937.89,51.75,5.25
2025-08-07 01:00:00,-2.9760895,6.440506,288.02518,101866.16,51.75,5.25
2025-08-07 02:00:00,-2.0743408,6.9166565,287.8186,101837.42,51.75,5.25
2025-08-07 03:00:00,-1.6061554,7.017563,287.8282,101773.51,51.75,5.25
2025-08-07 04:00:00,-0.70925903,6.789612,287.52496,101741.94,51.75,5.25
2025-08-07 05:00:00,0.22135925,6.6700134,287.66003,101732.89,51.75,5.25
2025-08-07 06:00:00,0.92526245,6.252304,289.08868,101717.36,51.75,5.25
2025-08-07 07:00:00,1.1863251,5.135315,290.81433,101710.95,51.75,5.25
2025-08-07 08:00:00,1.365982,4.653839,292.9721,101657.28,51.75,5.25
2025-08-07 09:00:00,2.939087,4.707611,294.75354,101646.82,51.75,5.25
2025-08-07 10:00:00,3.610199,4.421234,296.32477,101620.11,51.75,5.25
2025-08-07 11:00:00,4.6894684,3.3506165,297.0592,101621.305,51.75,5.25
2025-08-07 12:00:00,6.061142,3.6681976,297.17175,101579.016,51.75,5.25
2025-08-07 13:00:00,6.4826355,3.6226501,297.2755,101559.41,51.75,5.25
2025-08-07 14:00:00,6.289322,3.435608,297.46844,101548.91,51.75,5.25
2025-08-07 15:00:00,5.0939636,2.7691193,296.70862,101516.81,51.75,5.25
2025-08-07 16:00:00,4.6280518,2.6058044,296.30304,101523.39,51.75,5.25
2025-08-07 17:00:00,3.7941437,2.3903809,295.93774,101507.09,51.75,5.25
2025-08-07 18:00:00,3.4239807,3.0966492,295.32812,101471.81,51.75,5.25
2025-08-07 19:00:00,3.846466,3.2296906,294.86877,101502.984,51.75,5.25
2025-08-07 20:00:00,3.5750275,3.3571472,294.43045,101504.95,51.75,5.25
2025-08-07 21:00:00,4.0055695,3.7698364,293.1208,101492.49,51.75,5.25
2025-08-07 22:00:00,3.8708801,4.8840485,292.37527,101445.71,51.75,5.25
2025-08-07 23:00:00,5.028717,4.366638,291.83127,101456.14,51.75,5.25
2025-08-08 00:00:00,5.68602,3.8610535,291.38245,101457.98,51.75,5.25
2025-08-08 01:00:00,6.0100403,3.1094055,291.62878,101454.01,51.75,5.25
2025-08-08 02:00:00,5.984543,2.9875946,291.36166,101479.016,51.75,5.25
2025-08-08 03:00:00,6.0536194,2.9081573,291.2961,101482.22,51.75,5.25
2025-08-08 04:00:00,5.977463,2.8100739,290.93576,101523.125,51.75,5.25
2025-08-08 05:00:00,5.7353973,2.8405304,291.07587,101555.43,51.75,5.25
2025-08-08 06:00:00,5.229019,2.832199,291.4781,101586.79,51.75,5.25
2025-08-08 07:00:00,4.6744995,2.516922,292.2735,101648.18,51.75,5.25
2025-08-08 08:00:00,5.294647,1.9881287,293.01685,101664.75,51.75,5.25
2025-08-08 09:00:00,5.129135,1.9203644,293.73303,101716.06,51.75,5.25
2025-08-08 10:00:00,5.2993164,0.7728119,294.9088,101783.78,51.75,5.25
2025-08-08 11:00:00,5.233795,0.9060364,295.8767,101815.29,51.75,5.25
2025-08-08 12:00:00,5.511841,1.0204468,295.84055,101832.25,51.75,5.25
2025-08-08 13:00:00,5.7194824,1.0399323,296.31848,101854.414,51.75,5.25
2025-08-08 14:00:00,5.6791534,0.83981323,296.27344,101868.516,51.75,5.25
2025-08-08 15:00:00,5.315674,-0.006225586,295.91156,101865.97,51.75,5.25
2025-08-08 16:00:00,4.87973,-0.7331238,295.8025,101898.58,51.75,5.25
2025-08-08 17:00:00,4.2783356,-1.1622772,295.318,101904.03,51.75,5.25
2025-08-08 18:00:00,3.8569489,-1.5463867,294.24908,101929.3,51.75,5.25
2025-08-08 19:00:00,3.3824768,-2.2261658,292.37833,101987.484,51.75,5.25
2025-08-08 20:00:00,2.6297913,-2.939499,290.12888,102008.91,51.75,5.25
2025-08-08 21:00:00,1.4328156,-3.4435577,289.05646,102035.375,51.75,5.25
2025-08-08 22:00:00,1.1608276,-2.1774292,286.52667,102027.58,51.75,5.25
2025-08-08 23:00:00,0.41903687,-1.8642426,286.854,102010.805,51.75,5.25
2025-08-09 00:00:00,-0.18930054,-1.1924438,287.0671,101994.516,51.75,5.25
2025-08-09 01:00:00,-0.401474,-0.3712921,286.8638,101962.57,51.75,5.25
2025-08-09 02:00:00,-0.18711853,0.19882202,286.13638,101940.9,51.75,5.25
2025-08-09 03:00:00,0.26106262,0.45584106,285.77078,101926.31,51.75,5.25
2025-08-09 04:00:00,0.83506775,0.6960144,285.1415,101922.34,51.75,5.25
2025-08-09 05:00:00,1.2651672,0.7571106,285.03195,101925.55,51.75,5.25
2025-08-09 06:00:00,1.4821625,0.59690857,286.76947,101934.695,51.75,5.25
2025-08-09 07:00:00,1.7396393,0.4855194,288.9159,101944.47,51.75,5.25
2025-08-09 08:00:00,1.4273834,0.71617126,292.05496,101952.2,51.75,5.25
2025-08-09 09:00:00,2.1928864,1.5686951,294.18036,101936.47,51.75,5.25
2025-08-09 10:00:00,3.1737976,2.4037476,295.57822,101930.33,51.75,5.25
2025-08-09 11:00:00,4.216934,2.0632172,296.71466,101909.14,51.75,5.25
2025-08-09 12:00:00,5.02507,1.3487396,297.35266,101890.875,51.75,5.25
2025-08-09 13:00:00,5.642334,0.44700623,297.73242,101927.67,51.75,5.25
2025-08-09 14:00:00,5.711609,-0.36473083,297.31097,101940.81,51.75,5.25
2025-08-09 15:00:00,6.1360626,-1.4996033,297.1078,101969.01,51.75,5.25
2025-08-09 16:00:00,6.114273,-2.3727722,296.2041,102025.65,51.75,5.25
2025-08-09 17:00:00,5.6265106,-2.8148956,295.16156,102071.516,51.75,5.25
2025-08-09 18:00:00,4.803711,-3.054016,293.7635,102140.58,51.75,5.25
2025-08-09 19:00:00,4.1463623,-3.0293884,291.60828,102208.83,51.75,5.25
2025-08-09 20:00:00,3.3525696,-2.353775,289.42062,102286.016,51.75,5.25
2025-08-09 21:00:00,3.0728607,-1.1657562,287.86646,102322.47,51.75,5.25
2025-08-09 22:00:00,3.0513,-0.7464752,286.49658,102376.09,51.75,5.25
2025-08-09 23:00:00,3.6004639,0.52075195,285.9508,102407.37,51.75,5.25
2025-08-10 00:00:00,4.399475,1.6119385,285.8929,102437.22,51.75,5.25
2025-08-10 01:00:00,4.9709473,2.0483856,285.5774,102442.49,51.75,5.25
2025-08-10 02:00:00,5.2002106,2.225891,285.37228,102453.59,51.75,5.25
2025-08-10 03:00:00,5.1352234,2.214386,285.18384,102473.484,51.75,5.25
2025-08-10 04:00:00,4.7707825,2.0364532,284.84628,102497.766,51.75,5.25
2025-08-10 05:00:00,4.4087524,1.5417786,285.19183,102544.34,51.75,5.25
2025-08-10 06:00:00,3.4963837,0.9105835,287.36346,102621.66,51.75,5.25
2025-08-10 07:00:00,2.0922241,0.5170746,290.42273,102695.78,51.75,5.25
2025-08-10 08:00:00,1.4991302,0.10647583,292.82816,102722.65,51.75,5.25
2025-08-10 09:00:00,1.2330322,-0.051239014,294.09097,102747.38,51.75,5.25
2025-08-10 10:00:00,1.5871887,-0.60040283,296.01837,102781.33,51.75,5.25
2025-08-10 11:00:00,2.281662,-0.8653412,296.80255,102785.66,51.75,5.25
2025-08-10 12:00:00,2.232132,-1.5799103,297.5681,102769.04,51.75,5.25
2025-08-10 13:00:00,1.9291534,-2.1349945,297.39575,102760.3,51.75,5.25
2025-08-10 14:00:00,1.6532135,-2.4719696,297.98938,102744.984,51.75,5.25
2025-08-10 15:00:00,1.3025665,-3.120697,297.61523,102717.92,51.75,5.25
2025-08-10 16:00:00,0.6809845,-3.9798584,296.94696,102685.53,51.75,5.25
2025-08-10 17:00:00,-0.008972168,-5.5168,296.35986,102658.445,51.75,5.25
2025-08-10 18:00:00,-0.86276245,-6.084839,295.12402,102649.04,51.75,5.25
2025-08-10 19:00:00,-1.9111633,-6.2866364,293.0905,102662.42,51.75,5.25
2025-08-10 20:00:00,-3.1870575,-5.687912,291.02737,102691.93,51.75,5.25
2025-08-10 21:00:00,-4.3471527,-4.443619,289.77414,102713.94,51.75,5.25
2025-08-10 22:00:00,-4.8775787,-3.8225098,289.1084,102711.64,51.75,5.25
2025-08-10 23:00:00,-5.542755,-2.4453888,288.24426,102697.7,51.75,5.25
2025-08-11 00:00:00,-5.778961,-1.2726593,287.9261,102672.81,51.75,5.25
2025-08-11 01:00:00,-5.5998535,-0.26811218,286.94568,102637.22,51.75,5.25
2025-08-11 02:00:00,-5.242279,0.91212463,286.42386,102604.44,51.75,5.25
2025-08-11 03:00:00,-4.832184,1.8299866,286.15625,102567.81,51.75,5.25
2025-08-11 04:00:00,-4.3605957,2.6439514,285.6565,102534.31,51.75,5.25
2025-08-11 05:00:00,-3.8946533,3.1967316,285.96518,102498.016,51.75,5.25
2025-08-11 06:00:00,-3.3944397,3.3274384,288.70288,102485.445,51.75,5.25
2025-08-11 07:00:00,-2.45401,2.500122,291.75134,102472.44,51.75,5.25
2025-08-11 08:00:00,-1.8242493,1.478714,294.48862,102470.734,51.75,5.25
2025-08-11 09:00:00,-1.8599701,0.98347473,296.48038,102440.73,51.75,5.25
2025-08-11 10:00:00,-1.9157257,0.1578064,298.2398,102405.0,51.75,5.25
2025-08-11 11:00:00,-2.3514557,-0.08073425,299.23926,102364.766,51.75,5.25
2025-08-11 12:00:00,-2.8120728,-0.17028809,299.79974,102298.13,51.75,5.25
2025-08-11 13:00:00,-3.0938263,-0.13163757,300.40198,102239.46,51.75,5.25
2025-08-11 14:00:00,-3.2849426,-0.4576416,301.10248,102156.07,51.75,5.25
2025-08-11 15:00:00,-3.3971558,-1.1417847,301.18008,102119.31,51.75,5.25
2025-08-11 16:00:00,-3.5328674,-1.4977722,300.72516,102070.61,51.75,5.25
2025-08-11 17:00:00,-3.767212,-2.221344,300.20386,102021.67,51.75,5.25
2025-08-11 18:00:00,-4.5332336,-3.3088074,298.94196,102008.734,51.75,5.25
2025-08-11 19:00:00,-5.7006836,-3.5719757,295.97495,101980.92,51.75,5.25
2025-08-11 20:00:00,-6.4724274,-3.6009064,294.37543,101987.0,51.75,5.25
2025-08-11 21:00:00,-7.1559143,-3.4075165,293.33646,101974.83,51.75,5.25
2025-08-11 22:00:00,-7.31958,-2.914978,291.95172,101961.22,51.75,5.25
2025-08-11 23:00:00,-7.3670197,-2.3071442,291.7155,101943.414,51.75,5.25
2025-08-12 00:00:00,-7.5991974,-1.524704,290.89832,101890.016,51.75,5.25
2025-08-12 01:00:00,-6.7822266,-0.56655884,289.63794,101871.0,51.75,5.25
2025-08-12 02:00:00,-6.652298,0.49320984,289.53622,101833.71,51.75,5.25
2025-08-12 03:00:00,-6.4203186,1.3552551,288.62607,101794.58,51.75,5.25
2025-08-12 04:00:00,-6.2659607,1.4864502,288.36884,101749.12,51.75,5.25
2025-08-12 05:00:00,-5.8947906,1.5699463,288.51965,101733.29,51.75,5.25
2025-08-12 06:00:00,-5.328827,1.0826111,290.19812,101720.83,51.75,5.25
2025-08-12 07:00:00,-5.8728027,0.90689087,292.36713,101675.69,51.75,5.25
2025-08-12 08:00:00,-4.8133087,1.026062,294.48352,101655.445,51.75,5.25
2025-08-12 09:00:00,-4.1527557,0.97335815,296.26773,101626.08,51.75,5.25
2025-08-12 10:00:00,-2.994156,0.2950592,297.89612,101631.11,51.75,5.25
2025-08-12 11:00:00,-3.7158356,-0.041870117,299.96747,101552.32,51.75,5.25
2025-08-12 12:00:00,-4.1289825,0.9537506,301.41882,101484.125,51.75,5.25
2025-08-12 13:00:00,-3.98349,1.7783203,302.80966,101411.91,51.75,5.25
2025-08-12 14:00:00,-3.6257477,1.9030151,303.36078,101326.78,51.75,5.25
2025-08-12 15:00:00,-2.8826447,1.8583527,304.30057,101278.055,51.75,5.25
2025-08-12 16:00:00,-1.9446564,1.2824402,304.30957,101256.57,51.75,5.25
2025-08-12 17:00:00,-2.0275269,0.09806824,303.58234,101226.61,51.75,5.25
2025-08-12 18:00:00,-3.0304108,-1.1664581,301.85913,101215.984,51.75,5.25
2025-08-12 19:00:00,-4.5714874,-1.7166595,298.80707,101207.53,51.75,5.25
2025-08-12 20:00:00,-5.5804443,-1.150238,297.3448,101243.98,51.75,5.25
2025-08-12 21:00:00,-5.7104034,0.1905365,295.8206,101267.33,51.75,5.25
2025-08-12 22:00:00,-5.6118164,1.4003448,294.32785,101267.2,51.75,5.25
2025-08-12 23:00:00,-4.4184265,2.9700775,293.58533,101255.26,51.75,5.25
2025-08-13 00:00:00,-2.3540497,3.4972076,292.43634,101254.7,51.75,5.25
2025-08-13 01:00:00,0.03567505,3.0509186,292.0164,101268.89,51.75,5.25
2025-08-13 02:00:00,2.5790405,1.9084167,292.0926,101283.64,51.75,5.25
2025-08-13 03:00:00,3.688614,0.061706543,292.18506,101271.46,51.75,5.25
2025-08-13 04:00:00,2.8983002,-1.1708984,291.00336,101278.05,51.75,5.25
2025-08-13 05:00:00,2.495453,-0.48988342,291.10004,101331.14,51.75,5.25
2025-08-13 06:00:00,3.3715973,1.2709503,293.21738,101402.734,51.75,5.25
2025-08-13 07:00:00,2.8801117,1.6444702,295.62732,101447.25,51.75,5.25
2025-08-13 08:00:00,2.0503998,1.242691,297.7281,101459.914,51.75,5.25
2025-08-13 09:00:00,1.9214478,1.1548309,299.61945,101476.89,51.75,5.25
2025-08-13 10:00:00,2.063446,1.6493835,300.9088,101522.43,51.75,5.25
2025-08-13 11:00:00,1.3090515,1.2507935,302.22302,101494.05,51.75,5.25
2025-08-13 12:00:00,0.03074646,1.599472,303.4544,101450.72,51.75,5.25
2025-08-13 13:00:00,1.5417786,2.6144562,304.63684,101453.016,51.75,5.25
2025-08-13 14:00:00,2.2565308,1.9178925,304.79657,101441.36,51.75,5.25
2025-08-13 15:00:00,1.5719757,1.6491241,304.83032,101412.5,51.75,5.25
2025-08-13 16:00:00,2.525467,1.068222,303.75174,101427.16,51.75,5.25
2025-08-13 17:00:00,3.9656067,-0.3511963,302.17474,101437.92,51.75,5.25
2025-08-13 18:00:00,5.1509705,-2.73703,300.00024,101482.7,51.75,5.25
2025-08-13 19:00:00,3.7924805,-4.7459717,298.10535,101540.97,51.75,5.25
2025-08-13 20:00:00,1.6771088,-5.047531,296.83154,101605.45,51.75,5.25
2025-08-13 21:00:00,0.5432129,-4.7182465,294.85605,101637.79,51.75,5.25
2025-08-13 22:00:00,-0.480484,-1.2389221,293.86005,101613.16,51.75,5.25
2025-08-13 23:00:00,2.232193,-0.91052246,293.58374,101632.81,51.75,5.25
2025-08-14 00:00:00,4.2751923,-0.8647766,294.0161,101675.9,51.75,5.25
2025-08-14 01:00:00,4.0195312,-1.5712433,294.60196,101666.8,51.75,5.25
2025-08-14 02:00:00,2.329193,-2.993164,294.57123,101621.234,51.75,5.25
2025-08-14 03:00:00,-0.4507904,-3.356186,293.776,101616.95,51.75,5.25
2025-08-14 04:00:00,-2.9108582,-1.6994781,293.51923,101654.83,51.75,5.25
2025-08-14 05:00:00,-3.7506104,0.31802368,293.4994,101682.97,51.75,5.25
2025-08-14 06:00:00,-3.7421722,1.4313812,294.20898,101707.22,51.75,5.25
2025-08-14 07:00:00,-3.8320007,1.9943085,295.9954,101728.734,51.75,5.25
2025-08-14 08:00:00,-3.5527344,2.345398,297.82605,101709.94,51.75,5.25
2025-08-14 09:00:00,-2.1829681,3.002655,299.6081,101719.94,51.75,5.25
2025-08-14 10:00:00,-1.4693604,2.631195,301.614,101770.984,51.75,5.25
2025-08-14 11:00:00,-0.5181122,3.2442474,302.47852,101741.25,51.75,5.25
2025-08-14 12:00:00,1.0977478,3.7271118,303.99036,101714.39,51.75,5.25
2025-08-14 13:00:00,2.9805298,3.0597992,304.11386,101699.08,51.75,5.25
2025-08-14 14:00:00,5.0331573,1.6086121,303.26505,101724.11,51.75,5.25
2025-08-14 15:00:00,5.0232544,-0.98703,300.7685,101747.89,51.75,5.25
2025-08-14 16:00:00,4.882202,-3.0094604,300.0327,101761.66,51.75,5.25
2025-08-14 17:00:00,5.064392,-4.24086,298.68594,101807.24,51.75,5.25
2025-08-14 18:00:00,4.6561127,-4.552109,297.07745,101870.984,51.75,5.25
2025-08-14 19:00:00,4.157135,-4.6520386,295.11447,101957.82,51.75,5.25
2025-08-14 20:00:00,3.529358,-4.319229,293.9461,102035.19,51.75,5.25
2025-08-14 21:00:00,2.9455872,-3.9502563,292.83755,102074.195,51.75,5.25
2025-08-14 22:00:00,2.1726074,-3.9877014,292.04895,102118.91,51.75,5.25
2025-08-14 23:00:00,2.2127838,-3.3577118,291.1604,102131.836,51.75,5.25
2025-08-15 00:00:00,3.1428833,-2.6601257,290.42462,102141.5,51.75,5.25
2025-08-15 01:00:00,3.6239014,-2.334198,289.55573,102176.055,51.75,5.25
2025-08-15 02:00:00,3.3067932,-2.0670776,288.96268,102183.55,51.75,5.25
2025-08-15 03:00:00,2.9544373,-1.9635315,288.40793,102199.92,51.75,5.25
2025-08-15 04:00:00,2.8394623,-2.162323,287.94955,102210.72,51.75,5.25
2025-08-15 05:00:00,2.9409485,-2.0922546,287.95526,102224.086,51.75,5.25
2025-08-15 06:00:00,2.693924,-1.8900604,289.91473,102281.15,51.75,5.25
2025-08-15 07:00:00,1.7427979,-1.1150513,292.6259,102303.72,51.75,5.25
2025-08-15 08:00:00,1.5264587,-0.76426697,295.5503,102331.41,51.75,5.25
2025-08-15 09:00:00,1.5646973,-0.78759766,297.82513,102329.016,51.75,5.25
2025-08-15 10:00:00,1.7275696,-1.2523499,299.1884,102361.79,51.75,5.25
2025-08-15 11:00:00,2.099884,-2.3256836,300.0938,102350.375,51.75,5.25
2025-08-15 12:00:00,2.4850159,-3.54039,300.4026,102312.03,51.75,5.25
2025-08-15 13:00:00,2.4912415,-4.0924835,301.2516,102281.59,51.75,5.25
2025-08-15 14:00:00,2.4410858,-4.938263,300.8352,102261.69,51.75,5.25
2025-08-15 15:00:00,2.3383331,-5.6904144,300.00653,102257.83,51.75,5.25
2025-08-15 16:00:00,2.059967,-6.3504486,299.66876,102252.375,51.75,5.25
2025-08-15 17:00:00,1.6533356,-6.776245,298.45264,102277.125,51.75,5.25
2025-08-15 18:00:00,1.0484161,-6.6164856,296.9404,102286.05,51.75,5.25
2025-08-15 19:00:00,0.60728455,-6.255066,295.0965,102323.17,51.75,5.25
2025-08-15 20:00:00,0.60310364,-5.7801514,293.53308,102367.67,51.75,5.25
2025-08-15 21:00:00,0.8014221,-5.6864624,292.50714,102371.95,51.75,5.25
2025-08-15 22:00:00,1.1426239,-6.057831,291.80316,102382.94,51.75,5.25
2025-08-15 23:00:00,0.80540466,-6.2164764,291.29688,102394.65,51.75,5.25
2025-08-16 00:00:00,0.2877655,-5.7151794,291.2663,102439.914,51.75,5.25
2025-08-16 01:00:00,0.39479065,-5.641083,291.42935,102410.45,51.75,5.25
2025-08-16 02:00:00,0.06137085,-5.4381104,291.7057,102425.34,51.75,5.25
2025-08-16 03:00:00,-1.0634003,-4.531418,291.83795,102443.62,51.75,5.25
2025-08-16 04:00:00,-1.5561829,-3.9790192,291.76483,102453.23,51.75,5.25
2025-08-16 05:00:00,-1.4570312,-3.9771423,291.66785,102433.98,51.75,5.25
2025-08-16 06:00:00,-1.4477844,-4.115509,291.62256,102459.69,51.75,5.25
2025-08-16 07:00:00,-1.7507477,-4.7361603,291.75146,102485.44,51.75,5.25
2025-08-16 08:00:00,-1.7982483,-4.928177,291.8764,102517.48,51.75,5.25
2025-08-16 09:00:00,-2.0115814,-5.068863,292.31897,102541.78,51.75,5.25
2025-08-16 10:00:00,-1.2424622,-4.8199005,292.42444,102558.8,51.75,5.25
2025-08-16 11:00:00,-0.9782257,-4.9420624,293.01862,102552.36,51.75,5.25
2025-08-16 12:00:00,-0.44908142,-5.088867,293.33228,102554.84,51.75,5.25
2025-08-16 13:00:00,-0.021652222,-5.3273315,292.9056,102543.06,51.75,5.25
2025-08-16 14:00:00,0.12953186,-5.5335083,293.13586,102490.28,51.75,5.25
2025-08-16 15:00:00,0.057937622,-5.6560516,293.34607,102463.11,51.75,5.25
2025-08-16 16:00:00,-0.10714722,-5.780304,293.10004,102453.91,51.75,5.25
2025-08-16 17:00:00,0.057861328,-6.1587524,292.51727,102413.164,51.75,5.25
2025-08-16 18:00:00,-0.23057556,-6.484131,291.74426,102412.22,51.75,5.25
2025-08-16 19:00:00,-0.45645142,-6.4935913,290.42365,102423.25,51.75,5.25
2025-08-16 20:00:00,-0.6839142,-6.2393494,289.4718,102455.3,51.75,5.25
2025-08-16 21:00:00,-0.8840332,-5.797928,288.25607,102441.484,51.75,5.25
2025-08-16 22:00:00,-0.6448059,-5.490982,287.195,102448.234,51.75,5.25
2025-08-16 23:00:00,-1.2197418,-4.850189,285.91272,102473.6,51.75,5.25
2025-08-17 00:00:00,-1.2693481,-4.3411713,285.1637,102453.22,51.75,5.25
2025-08-17 01:00:00,-0.944397,-4.133545,284.36917,102440.7,51.75,5.25
2025-08-17 02:00:00,-0.71325684,-3.7127228,284.14343,102411.55,51.75,5.25
2025-08-17 03:00:00,-0.42585754,-3.4925385,283.3281,102381.89,51.75,5.25
2025-08-17 04:00:00,-0.1005249,-2.864441,283.4436,102342.17,51.75,5.25
2025-08-17 05:00:00,0.32562256,-2.2602997,283.92148,102333.08,51.75,5.25
2025-08-17 06:00:00,0.85040283,-1.9385071,285.97168,102347.586,51.75,5.25
2025-08-17 07:00:00,0.8990936,-2.0462189,288.81927,102338.62,51.75,5.25
2025-08-17 08:00:00,-0.08766174,-3.8603058,290.53073,102342.95,51.75,5.25
2025-08-17 09:00:00,-0.19815063,-3.957367,290.76196,102332.12,51.75,5.25
2025-08-17 10:00:00,-0.20028687,-2.8650208,291.82483,102332.7,51.75,5.25
2025-08-17 11:00:00,0.5987549,-2.8635101,291.92343,102321.08,51.75,5.25
2025-08-17 12:00:00,1.0576782,-3.0934296,292.5628,102278.19,51.75,5.25
2025-08-17 13:00:00,1.2011108,-3.2977295,292.96466,102259.44,51.75,5.25
2025-08-17 14:00:00,0.8423004,-3.4721985,293.37408,102234.16,51.75,5.25
2025-08-17 15:00:00,0.6260376,-3.6336823,293.08844,102192.88,51.75,5.25
2025-08-17 16:00:00,0.4772339,-3.8193207,292.4514,102176.47,51.75,5.25
2025-08-17 17:00:00,0.09840393,-4.0113983,292.06696,102163.375,51.75,5.25
2025-08-17 18:00:00,-0.46772766,-4.1104584,291.59912,102132.44,51.75,5.25
2025-08-17 19:00:00,-0.68392944,-3.9191895,291.01,102145.84,51.75,5.25
2025-08-17 20:00:00,-0.8215332,-3.7688293,290.5774,102148.55,51.75,5.25
2025-08-17 21:00:00,-1.1351471,-3.9595032,290.37903,102145.95,51.75,5.25
2025-08-17 22:00:00,-0.87164307,-3.625946,290.2757,102162.22,51.75,5.25
2025-08-17 23:00:00,-1.1202698,-3.4199524,290.15814,102161.016,51.75,5.25
2025-08-18 00:00:00,-1.4830322,-3.27742,290.0774,102148.08,51.75,5.25
2025-08-18 01:00:00,-2.0546722,-3.3531342,289.93213,102112.73,51.75,5.25
2025-08-18 02:00:00,-2.6189728,-3.0896454,289.8115,102115.54,51.75,5.25
2025-08-18 03:00:00,-3.0949402,-3.1099243,289.58014,102115.875,51.75,5.25
2025-08-18 04:00:00,-3.3871002,-2.842682,289.2888,102104.055,51.75,5.25
2025-08-18 05:00:00,-3.646286,-2.6232605,289.18533,102089.766,51.75,5.25
2025-08-18 06:00:00,-3.6434479,-2.2787476,289.69843,102097.85,51.75,5.25
2025-08-18 07:00:00,-3.4928741,-1.7573242,290.81384,102120.05,51.75,5.25
2025-08-18 08:00:00,-3.7138672,-1.2671509,291.90192,102109.09,51.75,5.25
2025-08-18 09:00:00,-3.8666992,-0.9834137,292.89008,102116.3,51.75,5.25
2025-08-18 10:00:00,-3.7205963,-1.0746002,294.233,102087.45,51.75,5.25
2025-08-18 11:00:00,-3.8056793,-1.0497589,295.13007,102059.83,51.75,5.25
2025-08-18 12:00:00,-3.857956,-1.401474,296.22827,102019.56,51.75,5.25
2025-08-18 13:00:00,-3.9067383,-1.6489258,296.7658,101966.625,51.75,5.25
2025-08-18 14:00:00,-3.9927368,-1.894989,297.37927,101907.66,51.75,5.25
2025-08-18 15:00:00,-4.06192,-1.9214325,298.10773,101850.64,51.75,5.25
2025-08-18 16:00:00,-3.7874603,-1.953537,297.96304,101815.36,51.75,5.25
2025-08-18 17:00:00,-3.351715,-2.2598114,297.46375,101775.17,51.75,5.25
2025-08-18 18:00:00,-3.044098,-3.1748962,296.2072,101737.93,51.75,5.25
2025-08-18 19:00:00,-3.3109283,-4.67717,293.72064,101748.66,51.75,5.25
2025-08-18 20:00:00,-4.149933,-5.6225433,292.44446,101754.766,51.75,5.25
2025-08-18 21:00:00,-5.4444275,-5.8529663,291.60513,101735.66,51.75,5.25
2025-08-18 22:00:00,-6.106308,-4.9005585,290.96698,101740.58,51.75,5.25
2025-08-18 23:00:00,-6.651184,-3.7051697,290.11676,101721.69,51.75,5.25
2025-08-19 00:00:00,-6.749588,-2.848053,289.39844,101688.64,51.75,5.25
2025-08-19 01:00:00,-6.499756,-2.3423157,288.70105,101656.33,51.75,5.25
2025-08-19 02:00:00,-6.1540375,-1.9296722,288.07233,101660.516,51.75,5.25
2025-08-19 03:00:00,-5.970413,-2.0580292,287.3545,101624.625,51.75,5.25
2025-08-19 04:00:00,-5.9741974,-2.316101,287.19073,101570.99,51.75,5.25
2025-08-19 05:00:00,-5.4502106,-2.4378967,286.76965,101574.87,51.75,5.25
2025-08-19 06:00:00,-5.239044,-2.8463135,288.7149,101561.17,51.75,5.25
2025-08-19 07:00:00,-4.0528107,-2.586609,290.97986,101546.18,51.75,5.25
2025-08-19 08:00:00,-3.5498047,-2.3359985,293.21808,101527.22,51.75,5.25
2025-08-19 09:00:00,-3.8000336,-2.5547638,295.58215,101510.2,51.75,5.25
2025-08-19 10:00:00,-3.0904388,-2.243393,297.33734,101480.04,51.75,5.25
2025-08-19 11:00:00,-3.3131866,-2.3634033,298.5414,101432.805,51.75,5.25
2025-08-19 12:00:00,-2.8943634,-2.0131836,299.5821,101373.81,51.75,5.25
2025-08-19 13:00:00,-2.4956665,-2.589096,300.16644,101310.92,51.75,5.25
2025-08-19 14:00:00,-2.3309631,-2.949707,300.19263,101263.78,51.75,5.25
2025-08-19 15:00:00,-1.7196503,-3.3283997,300.58905,101257.07,51.75,5.25
2025-08-19 16:00:00,-1.3004456,-5.6295776,299.98453,101216.92,51.75,5.25
2025-08-19 17:00:00,-0.919754,-7.631653,298.47186,101226.984,51.75,5.25
2025-08-19 18:00:00,-0.881073,-8.814926,296.26752,101242.34,51.75,5.25
2025-08-19 19:00:00,-1.7627106,-8.957001,293.92865,101297.77,51.75,5.25
2025-08-19 20:00:00,-2.4500732,-8.167389,292.11893,101325.984,51.75,5.25
2025-08-19 21:00:00,-2.6760712,-7.4468384,290.88092,101336.016,51.75,5.25
2025-08-19 22:00:00,-3.4225159,-6.7520447,289.88885,101341.89,51.75,5.25
2025-08-19 23:00:00,-3.4228058,-5.997299,289.2772,101358.41,51.75,5.25
2025-08-20 00:00:00,-3.3282166,-5.247589,288.60565,101377.79,51.75,5.25
2025-08-20 01:00:00,-3.3019257,-5.3655853,288.01868,101380.85,51.75,5.25
2025-08-20 02:00:00,-3.2294006,-5.110733,287.8872,101359.516,51.75,5.25
2025-08-20 03:00:00,-2.6789856,-4.8638916,287.49713,101331.45,51.75,5.25
2025-08-20 04:00:00,-2.166275,-4.9375305,287.46362,101312.875,51.75,5.25
2025-08-20 05:00:00,-1.8671722,-5.378845,287.80585,101318.22,51.75,5.25
2025-08-20 06:00:00,-2.3074646,-5.374222,288.3777,101315.95,51.75,5.25
2025-08-20 07:00:00,-2.3375092,-4.7128143,289.39642,101328.484,51.75,5.25
2025-08-20 08:00:00,-2.1536255,-4.67276,290.48325,101335.31,51.75,5.25
2025-08-20 09:00:00,-2.0731049,-4.478058,291.3078,101328.01,51.75,5.25
2025-08-20 10:00:00,-1.8349304,-3.9677734,292.9076,101345.59,51.75,5.25
2025-08-20 11:00:00,-1.8788452,-4.1766205,293.60165,101299.836,51.75,5.25
2025-08-20 12:00:00,-2.419281,-4.072418,295.18237,101246.984,51.75,5.25
2025-08-20 13:00:00,-2.4885864,-3.7072754,296.11035,101212.94,51.75,5.25
2025-08-20 14:00:00,-2.3460388,-3.729248,296.86304,101182.94,51.75,5.25
2025-08-20 15:00:00,-2.6091309,-3.8793793,296.61188,101151.2,51.75,5.25
2025-08-20 16:00:00,-2.282196,-4.0513153,296.65375,101121.25,51.75,5.25
2025-08-20 17:00:00,-2.2009583,-4.796997,295.88217,101114.94,51.75,5.25
2025-08-20 18:00:00,-2.0292816,-5.524948,294.47366,101104.82,51.75,5.25
2025-08-20 19:00:00,-2.4583282,-6.5727386,292.55994,101148.836,51.75,5.25
2025-08-20 20:00:00,-2.8696136,-7.278061,291.02246,101172.375,51.75,5.25
2025-08-20 21:00:00,-3.2237244,-7.2855835,290.33026,101211.18,51.75,5.25
2025-08-20 22:00:00,-3.841217,-7.039795,289.1975,101232.2,51.75,5.25
2025-08-20 23:00:00,-3.4989471,-6.398056,288.5808,101243.66,51.75,5.25
2025-08-21 00:00:00,-2.7235413,-6.1628723,287.90634,101205.38,51.75,5.25
2025-08-21 01:00:00,-1.9616241,-5.8527527,287.27905,101196.72,51.75,5.25
2025-08-21 02:00:00,-1.3424683,-6.370804,286.5235,101186.086,51.75,5.25
2025-08-21 03:00:00,-1.0257874,-6.673523,285.9221,101150.33,51.75,5.25
2025-08-21 04:00:00,-1.1247559,-6.7037506,285.9156,101148.34,51.75,5.25
2025-08-21 05:00:00,-1.4503021,-6.6505127,285.65216,101162.56,51.75,5.25
2025-08-21 06:00:00,-1.6521759,-6.1938324,287.05542,101196.664,51.75,5.25
2025-08-21 07:00:00,-1.4703369,-5.2668304,289.32245,101209.016,51.75,5.25
2025-08-21 08:00:00,-1.7686005,-5.577484,291.18625,101227.92,51.75,5.25
2025-08-21 09:00:00,-2.1617584,-6.1891174,293.21133,101268.46,51.75,5.25
2025-08-21 10:00:00,-1.5630951,-6.201996,293.88464,101299.09,51.75,5.25
2025-08-21 11:00:00,-0.9736328,-6.3450775,294.6131,101295.125,51.75,5.25
2025-08-21 12:00:00,-0.52586365,-6.9052734,294.6515,101320.484,51.75,5.25
2025-08-21 13:00:00,-0.42640686,-7.822235,294.82214,101364.03,51.75,5.25
2025-08-21 14:00:00,0.49079895,-8.15181,294.03934,101380.1,51.75,5.25
2025-08-21 15:00:00,1.2903442,-8.475067,293.3755,101407.35,51.75,5.25
2025-08-21 16:00:00,1.2991486,-8.497391,292.64417,101445.945,51.75,5.25
2025-08-21 17:00:00,0.8326111,-8.152176,291.6264,101494.31,51.75,5.25
2025-08-21 18:00:00,0.5474243,-7.890213,290.461,101527.6,51.75,5.25
2025-08-21 19:00:00,0.07511902,-7.802826,289.1366,101624.63,51.75,5.25
2025-08-21 20:00:00,-0.11834717,-6.861252,287.97577,101681.15,51.75,5.25
2025-08-21 21:00:00,0.05104065,-5.9786835,287.00397,101735.38,51.75,5.25
2025-08-21 22:00:00,1.1886749,-5.2714386,286.67853,101787.33,51.75,5.25
2025-08-21 23:00:00,1.1472168,-4.9533844,285.90283,101824.336,51.75,5.25
2025-08-22 00:00:00,1.3601379,-4.63443,285.33765,101826.41,51.75,5.25
2025-08-22 01:00:00,1.3582153,-4.145752,285.75345,101852.91,51.75,5.25
2025-08-22 02:00:00,1.4495392,-3.7501526,285.81235,101843.62,51.75,5.25
2025-08-22 03:00:00,1.8199768,-3.454483,286.40497,101827.11,51.75,5.25
2025-08-22 04:00:00,2.2425995,-3.1515503,286.46683,101818.72,51.75,5.25
2025-08-22 05:00:00,2.66362,-2.7672882,286.6183,101831.22,51.75,5.25
2025-08-22 06:00:00,2.9620361,-2.3944855,287.18756,101875.69,51.75,5.25
2025-08-22 07:00:00,2.6309052,-2.2186584,288.00708,101907.44,51.75,5.25
2025-08-22 08:00:00,2.6898956,-2.9504242,288.82562,101928.3,51.75,5.25
2025-08-22 09:00:00,3.0901794,-2.9650574,289.52826,101933.28,51.75,5.25
2025-08-22 10:00:00,3.041809,-1.7385559,290.08228,101960.19,51.75,5.25
2025-08-22 11:00:00,3.8750763,-1.9048615,290.65518,101959.56,51.75,5.25
2025-08-22 12:00:00,4.3182526,-2.4512634,291.28778,101946.5,51.75,5.25
2025-08-22 13:00:00,4.2882996,-2.982483,291.41492,101945.266,51.75,5.25
2025-08-22 14:00:00,4.1911163,-3.517044,291.38934,101916.14,51.75,5.25
2025-08-22 15:00:00,3.9630127,-4.1411743,290.9367,101896.516,51.75,5.25
2025-08-22 16:00:00,3.626007,-4.4407043,290.50916,101898.98,51.75,5.25
2025-08-22 17:00:00,3.4731903,-4.177429,290.1698,101907.336,51.75,5.25
2025-08-22 18:00:00,3.5118866,-3.6267548,289.4693,101889.414,51.75,5.25
2025-08-22 19:00:00,3.9436035,-2.78331,288.15503,101916.47,51.75,5.25
2025-08-22 20:00:00,4.128006,-2.5030365,287.75513,101918.58,51.75,5.25
2025-08-22 21:00:00,4.0359344,-1.7232513,287.57367,101929.56,51.75,5.25
2025-08-22 22:00:00,4.8153687,0.1278534,287.35852,101901.875,51.75,5.25
2025-08-22 23:00:00,4.782181,0.6650543,287.34332,101884.82,51.75,5.25
2025-08-23 00:00:00,4.860672,0.91467285,286.83972,101865.08,51.75,5.25
2025-08-23 01:00:00,5.0075073,0.72177124,287.26224,101821.44,51.75,5.25
2025-08-23 02:00:00,4.9593964,0.084350586,287.3321,101798.13,51.75,5.25
2025-08-23 03:00:00,4.548111,-0.94758606,287.19562,101762.83,51.75,5.25
2025-08-23 04:00:00,3.615036,-2.021515,287.0868,101754.3,51.75,5.25
2025-08-23 05:00:00,2.4908295,-2.920456,286.9091,101760.39,51.75,5.25
2025-08-23 06:00:00,1.8371887,-3.4702759,286.81238,101804.26,51.75,5.25
2025-08-23 07:00:00,1.3417053,-3.5814972,287.48532,101843.99,51.75,5.25
2025-08-23 08:00:00,1.1543884,-4.2292786,288.3464,101881.58,51.75,5.25
2025-08-23 09:00:00,1.1085205,-4.550415,289.94498,101921.836,51.75,5.25
2025-08-23 10:00:00,0.99398804,-4.113373,291.06085,101959.5,51.75,5.25
2025-08-23 11:00:00,1.7635651,-4.2033234,291.5924,101953.125,51.75,5.25
2025-08-23 12:00:00,2.0065613,-4.1674805,292.15118,101951.96,51.75,5.25
2025-08-23 13:00:00,2.109787,-4.3028107,292.383,101954.75,51.75,5.25
2025-08-23 14:00:00,2.2175293,-4.6297913,292.3949,101968.5,51.75,5.25
2025-08-23 15:00:00,2.2303467,-4.962616,291.89352,101965.016,51.75,5.25
2025-08-23 16:00:00,2.1418915,-5.086258,291.58804,101979.414,51.75,5.25
2025-08-23 17:00:00,1.5765991,-5.421585,290.95477,101994.17,51.75,5.25
2025-08-23 18:00:00,1.0496979,-5.186783,289.80664,102012.2,51.75,5.25
2025-08-23 19:00:00,0.8357086,-5.0385895,287.76328,102043.36,51.75,5.25
2025-08-23 20:00:00,0.6703186,-4.6658936,285.6494,102065.64,51.75,5.25
2025-08-23 21:00:00,0.24830627,-4.334732,283.87238,102087.9,51.75,5.25
2025-08-23 22:00:00,-0.70892334,-3.9622955,283.0536,102115.55,51.75,5.25
2025-08-23 23:00:00,-0.97499084,-2.9657745,282.01996,102119.93,51.75,5.25
2025-08-24 00:00:00,-0.7837372,-2.435028,281.16812,102129.15,51.75,5.25
2025-08-24 01:00:00,-0.49694824,-1.9363861,281.17755,102126.64,51.75,5.25
2025-08-24 02:00:00,-0.5454407,-1.154007,281.19495,102126.78,51.75,5.25
2025-08-24 03:00:00,-0.4875641,-0.4983673,281.14246,102105.445,51.75,5.25
2025-08-24 04:00:00,0.01171875,-0.20335388,280.82416,102086.555,51.75,5.25
2025-08-24 05:00:00,0.65278625,-0.17993164,280.5155,102097.44,51.75,5.25
2025-08-24 06:00:00,1.2197266,-0.3035736,282.40265,102137.8,51.75,5.25
2025-08-24 07:00:00,1.1972809,-0.1430664,286.40564,102168.64,51.75,5.25
2025-08-24 08:00:00,1.3111725,-0.24594116,289.27893,102177.375,51.75,5.25
2025-08-24 09:00:00,0.82302856,-1.269104,290.2955,102184.78,51.75,5.25
2025-08-24 10:00:00,0.6707916,-1.7279053,290.832,102189.86,51.75,5.25
2025-08-24 11:00:00,0.63597107,-2.348816,292.1662,102160.87,51.75,5.25
2025-08-24 12:00:00,0.3776245,-2.8322144,292.9846,102121.56,51.75,5.25
2025-08-24 13:00:00,-0.052719116,-3.2189178,293.38602,102102.26,51.75,5.25
2025-08-24 14:00:00,-0.15527344,-3.3503265,293.64832,102059.08,51.75,5.25
2025-08-24 15:00:00,-0.031036377,-3.526245,294.1911,102031.36,51.75,5.25
2025-08-24 16:00:00,-0.20451355,-3.5113678,293.37756,102022.08,51.75,5.25
2025-08-24 17:00:00,-0.003829956,-3.444458,293.06128,101990.195,51.75,5.25
2025-08-24 18:00:00,0.06613159,-4.056259,291.80258,101978.81,51.75,5.25
2025-08-24 19:00:00,-0.40405273,-4.9590607,288.2099,102012.02,51.75,5.25
2025-08-24 20:00:00,-0.94073486,-4.9678802,286.2753,102038.234,51.75,5.25
2025-08-24 21:00:00,-1.559372,-4.3491516,284.48352,102042.59,51.75,5.25
2025-08-24 22:00:00,-2.436966,-3.3613129,283.6541,102041.75,51.75,5.25
2025-08-24 23:00:00,-3.1438446,-2.3010254,282.9698,102044.09,51.75,5.25
2025-08-25 00:00:00,-3.3743439,-1.0215149,282.49353,102036.164,51.75,5.25
2025-08-25 01:00:00,-3.296585,0.06591797,281.78378,102019.71,51.75,5.25
2025-08-25 02:00:00,-3.3370056,1.1838837,281.1814,102008.96,51.75,5.25
2025-08-25 03:00:00,-3.0893402,2.4823456,281.0414,101989.89,51.75,5.25
2025-08-25 04:00:00,-2.4483948,3.1927948,281.20685,101963.766,51.75,5.25
2025-08-25 05:00:00,-1.526413,3.4154816,281.2973,101965.92,51.75,5.25
2025-08-25 06:00:00,-0.6064606,3.3256989,283.45703,101992.016,51.75,5.25
2025-08-25 07:00:00,0.0061035156,2.7632751,287.1571,101990.64,51.75,5.25
2025-08-25 08:00:00,0.10379028,1.894043,290.31342,101986.0,51.75,5.25
2025-08-25 09:00:00,0.100738525,1.8105011,292.41553,101975.164,51.75,5.25
2025-08-25 10:00:00,-0.8645935,1.5362396,293.78778,101939.45,51.75,5.25
2025-08-25 11:00:00,-1.5354156,1.0478516,294.59,101908.32,51.75,5.25
2025-08-25 12:00:00,-2.0231323,0.53852844,295.31348,101832.02,51.75,5.25
2025-08-25 13:00:00,-2.2962341,0.02293396,295.90756,101794.81,51.75,5.25
2025-08-25 14:00:00,-2.2802582,0.19668579,296.00027,101721.47,51.75,5.25
2025-08-25 15:00:00,-2.0068512,0.29959106,296.47244,101665.24,51.75,5.25
2025-08-25 16:00:00,-2.069931,0.26219177,296.1652,101596.46,51.75,5.25
2025-08-25 17:00:00,-2.2154236,0.3899994,295.8004,101550.75,51.75,5.25
2025-08-25 18:00:00,-2.7859344,0.41911316,294.22906,101519.65,51.75,5.25
2025-08-25 19:00:00,-4.112335,0.8891754,291.206,101523.42,51.75,5.25
2025-08-25 20:00:00,-4.868973,1.9692688,289.66486,101512.25,51.75,5.25
2025-08-25 21:00:00,-4.929245,2.8817902,288.5948,101502.3,51.75,5.25
2025-08-25 22:00:00,-5.6945496,2.7879028,287.18402,101479.92,51.75,5.25
2025-08-25 23:00:00,-5.632782,3.5725555,286.79285,101459.44,51.75,5.25
2025-08-26 00:00:00,-5.251465,4.3100586,286.46777,101405.44,51.75,5.25
2025-08-26 01:00:00,-4.6016846,4.7912903,285.76764,101362.56,51.75,5.25
2025-08-26 02:00:00,-4.4506683,5.0740814,285.58423,101311.33,51.75,5.25
2025-08-26 03:00:00,-4.114624,5.293274,285.13895,101242.914,51.75,5.25
2025-08-26 04:00:00,-3.5062103,5.4477386,284.92328,101195.11,51.75,5.25
2025-08-26 05:00:00,-3.0617523,5.412857,284.536,101143.695,51.75,5.25
2025-08-26 06:00:00,-2.7677002,5.2908936,286.2076,101125.33,51.75,5.25
2025-08-26 07:00:00,-2.3794708,4.759491,288.77356,101081.56,51.75,5.25
2025-08-26 08:00:00,-1.7372437,3.9689178,291.29474,101050.164,51.75,5.25
2025-08-26 09:00:00,-1.4516907,3.8161469,294.62296,101015.3,51.75,5.25
2025-08-26 10:00:00,-1.3225403,4.104889,297.39166,100978.91,51.75,5.25
2025-08-26 11:00:00,-1.051117,4.774246,299.15872,100894.42,51.75,5.25
2025-08-26 12:00:00,-0.39239502,5.255356,300.0677,100839.43,51.75,5.25
2025-08-26 13:00:00,0.21998596,4.994049,301.07266,100775.42,51.75,5.25
2025-08-26 14:00:00,0.7131958,4.5864105,301.44385,100726.76,51.75,5.25
2025-08-26 15:00:00,1.2020721,4.615738,301.2543,100672.016,51.75,5.25
2025-08-26 16:00:00,2.0132294,4.770218,300.56622,100642.97,51.75,5.25
2025-08-26 17:00:00,3.5404205,4.09346,300.16083,100630.42,51.75,5.25
2025-08-26 18:00:00,5.5426025,1.8999634,298.27637,100638.08,51.75,5.25
2025-08-26 19:00:00,7.7990875,-0.90423584,295.54813,100706.625,51.75,5.25
2025-08-26 20:00:00,7.82782,-1.8692017,293.3875,100747.36,51.75,5.25
2025-08-26 21:00:00,6.2311707,-0.5573578,292.08054,100787.86,51.75,5.25
2025-08-26 22:00:00,5.754425,0.6367035,291.45465,100771.73,51.75,5.25
2025-08-26 23:00:00,5.809616,1.474823,290.98022,100823.47,51.75,5.25
2025-08-27 00:00:00,5.7071686,2.321106,290.04755,100819.11,51.75,5.25
2025-08-27 01:00:00,5.531311,3.9594116,289.1013,100813.36,51.75,5.25
2025-08-27 02:00:00,4.987808,4.6089478,288.3513,100809.17,51.75,5.25
2025-08-27 03:00:00,4.5348816,4.5812073,288.2707,100828.84,51.75,5.25
2025-08-27 04:00:00,3.9059143,4.7374573,288.63196,100826.81,51.75,5.25
2025-08-27 05:00:00,3.1420746,4.904068,288.51324,100829.805,51.75,5.25
2025-08-27 06:00:00,2.687317,5.1210938,289.24158,100842.586,51.75,5.25
2025-08-27 07:00:00,2.4344788,5.4010925,290.47702,100881.37,51.75,5.25
2025-08-27 08:00:00,2.015686,5.353714,291.8562,100891.0,51.75,5.25
2025-08-27 09:00:00,1.5427246,5.193039,293.22437,100888.164,51.75,5.25
2025-08-27 10:00:00,1.5853271,3.7034607,294.4929,100829.17,51.75,5.25
2025-08-27 11:00:00,1.2832184,3.0508728,296.11627,100800.125,51.75,5.25
2025-08-27 12:00:00,0.69770813,2.6987,296.99292,100733.96,51.75,5.25
2025-08-27 13:00:00,0.51657104,4.0040894,297.7577,100705.5,51.75,5.25
2025-08-27 14:00:00,1.5917816,3.661789,297.99274,100657.31,51.75,5.25
2025-08-27 15:00:00,2.6551971,3.1919708,297.92236,100599.0,51.75,5.25
2025-08-27 16:00:00,3.3080597,2.2902374,298.00998,100615.32,51.75,5.25
2025-08-27 17:00:00,4.075119,0.7717743,297.08252,100596.25,51.75,5.25
2025-08-27 18:00:00,3.5694427,-1.243576,295.77615,100572.56,51.75,5.25
2025-08-27 19:00:00,2.3392487,-2.807785,293.74033,100620.06,51.75,5.25
2025-08-27 20:00:00,1.2527466,-3.4088287,292.41382,100604.85,51.75,5.25
2025-08-27 21:00:00,-0.076049805,-3.2330627,291.46622,100622.625,51.75,5.25
2025-08-27 22:00:00,-2.2358093,-2.1393127,290.32153,100606.2,51.75,5.25
2025-08-27 23:00:00,-3.3431091,-0.90830994,289.70007,100537.82,51.75,5.25
2025-08-28 00:00:00,-3.866867,1.0844421,289.49146,100500.81,51.75,5.25
2025-08-28 01:00:00,-4.0854187,2.3130035,289.2229,100453.47,51.75,5.25
2025-08-28 02:00:00,-1.8397064,4.979141,289.0872,100466.234,51.75,5.25
2025-08-28 03:00:00,0.6574707,5.1612396,289.16797,100422.31,51.75,5.25
2025-08-28 04:00:00,1.5031433,4.9868774,289.30585,100399.55,51.75,5.25
2025-08-28 05:00:00,0.9985199,4.488632,289.45465,100346.77,51.75,5.25
2025-08-28 06:00:00,0.9467926,4.949646,289.93597,100354.29,51.75,5.25
2025-08-28 07:00:00,1.8424225,4.7993164,291.4007,100353.0,51.75,5.25
2025-08-28 08:00:00,1.8759003,3.7785797,292.77008,100350.234,51.75,5.25
2025-08-28 09:00:00,2.7078552,3.259201,293.7567,100335.89,51.75,5.25
2025-08-28 10:00:00,2.6909332,3.1433868,295.64722,100266.55,51.75,5.25
2025-08-28 11:00:00,3.3120728,3.101303,296.19708,100254.68,51.75,5.25
2025-08-28 12:00:00,4.2328033,4.07576,296.1181,100254.41,51.75,5.25
2025-08-28 13:00:00,4.459488,4.5102844,295.8969,100233.97,51.75,5.25
2025-08-28 14:00:00,7.0677032,2.2835693,296.38513,100280.164,51.75,5.25
2025-08-28 15:00:00,6.3789673,0.78437805,295.1927,100268.695,51.75,5.25
2025-08-28 16:00:00,5.9081726,0.23509216,294.20215,100264.64,51.75,5.25
2025-08-28 17:00:00,4.9867706,0.2814026,293.92053,100275.39,51.75,5.25
2025-08-28 18:00:00,4.233368,0.248703,292.62134,100270.266,51.75,5.25
2025-08-28 19:00:00,3.7381134,0.75382996,290.48737,100326.016,51.75,5.25
2025-08-28 20:00:00,3.2282562,1.4031067,288.5415,100326.305,51.75,5.25
2025-08-28 21:00:00,2.6005402,2.4718933,287.6756,100318.17,51.75,5.25
2025-08-28 22:00:00,4.2897034,2.5001068,286.37048,100304.17,51.75,5.25
2025-08-28 23:00:00,3.886032,3.4218597,286.04163,100252.84,51.75,5.25
2025-08-29 00:00:00,1.9924164,5.1177063,286.50177,100233.625,51.75,5.25
2025-08-29 01:00:00,0.72416687,6.247696,286.8429,100257.516,51.75,5.25
2025-08-29 02:00:00,0.8861084,6.230896,286.6324,100193.266,51.75,5.25
2025-08-29 03:00:00,0.9108124,7.07489,286.47607,100147.77,51.75,5.25
2025-08-29 04:00:00,0.8295288,7.4737244,286.29443,100139.01,51.75,5.25
2025-08-29 05:00:00,1.3242798,7.058716,286.50888,100081.24,51.75,5.25
2025-08-29 06:00:00,0.25003052,7.2083282,287.3426,100075.805,51.75,5.25
2025-08-29 07:00:00,-0.7758789,6.8042145,289.50543,100069.42,51.75,5.25
2025-08-29 08:00:00,-0.5540924,6.838455,291.55725,100011.85,51.75,5.25
2025-08-29 09:00:00,-0.45559692,7.233322,293.27795,99983.89,51.75,5.25
2025-08-29 10:00:00,0.5143585,8.10524,294.48877,99959.6,51.75,5.25
2025-08-29 11:00:00,0.88609314,8.574509,294.69226,99899.8,51.75,5.25
2025-08-29 12:00:00,0.7802887,8.790695,295.1374,99880.484,51.75,5.25
2025-08-29 13:00:00,1.15242,9.095032,294.79724,99841.92,51.75,5.25
2025-08-29 14:00:00,2.8401642,8.912552,294.16302,99863.19,51.75,5.25
2025-08-29 15:00:00,1.2144928,7.2308807,292.77728,99842.92,51.75,5.25
2025-08-29 16:00:00,1.0018921,8.178452,291.57867,99853.05,51.75,5.25
2025-08-29 17:00:00,1.6646881,7.6349335,291.14685,99852.06,51.75,5.25
2025-08-29 18:00:00,1.560379,7.201721,290.71283,99879.08,51.75,5.25
2025-08-29 19:00:00,1.4647217,7.3560944,289.77863,99936.24,51.75,5.25
2025-08-29 20:00:00,2.27005,7.4126587,289.3213,99966.38,51.75,5.25
2025-08-29 21:00:00,3.2200165,6.8150787,288.95056,100022.22,51.75,5.25
2025-08-29 22:00:00,4.7192535,7.1619415,288.6287,100045.84,51.75,5.25
2025-08-29 23:00:00,5.4214935,5.999344,288.29486,100100.63,51.75,5.25
2025-08-30 00:00:00,4.84198,5.903839,288.22125,100162.805,51.75,5.25
2025-08-30 01:00:00,4.944565,5.694046,287.8725,100178.375,51.75,5.25
2025-08-30 02:00:00,5.889862,5.2243805,287.70923,100203.3,51.75,5.25
2025-08-30 03:00:00,5.356552,5.2929688,287.57568,100244.53,51.75,5.25
2025-08-30 04:00:00,4.10701,5.6202393,287.49356,100325.234,51.75,5.25
2025-08-30 05:00:00,3.9666595,5.8283234,287.4632,100353.41,51.75,5.25
2025-08-30 06:00:00,4.756775,6.027893,288.06647,100395.63,51.75,5.25
2025-08-30 07:00:00,4.900833,5.598007,289.1795,100464.5,51.75,5.25
2025-08-30 08:00:00,5.7804565,5.0079803,290.35474,100533.016,51.75,5.25
2025-08-30 09:00:00,5.547592,4.2534027,291.69617,100592.39,51.75,5.25
2025-08-30 10:00:00,4.9835052,4.7148895,292.5807,100672.016,51.75,5.25
2025-08-30 11:00:00,4.857086,4.402298,293.82904,100694.59,51.75,5.25
2025-08-30 12:00:00,4.7369843,4.3200684,294.0745,100696.5,51.75,5.25
2025-08-30 13:00:00,4.6498566,4.716629,294.88965,100699.09,51.75,5.25
2025-08-30 14:00:00,4.798111,5.574005,295.2672,100709.02,51.75,5.25
2025-08-30 15:00:00,5.009735,5.997574,295.5868,100717.266,51.75,5.25
2025-08-30 16:00:00,4.6107025,6.1338806,295.10593,100724.414,51.75,5.25
2025-08-30 17:00:00,3.6567993,6.0336,294.6189,100707.62,51.75,5.25
2025-08-30 18:00:00,2.5884094,6.0963593,293.51868,100711.13,51.75,5.25
2025-08-30 19:00:00,1.1794434,6.780731,292.17343,100740.06,51.75,5.25
2025-08-30 20:00:00,0.7008667,7.658081,291.83133,100742.31,51.75,5.25
2025-08-30 21:00:00,0.6847992,8.409225,291.99615,100710.984,51.75,5.25
2025-08-30 22:00:00,1.2862396,9.506622,291.94504,100666.7,51.75,5.25
2025-08-30 23:00:00,1.0411377,8.742432,291.98065,100654.0,51.75,5.25
2025-08-31 00:00:00,1.5721588,8.473099,291.84454,100639.47,51.75,5.25
2025-08-31 01:00:00,1.4804688,8.206757,291.19434,100616.8,51.75,5.25
2025-08-31 02:00:00,1.644043,7.906784,291.0777,100618.17,51.75,5.25
2025-08-31 03:00:00,1.3543091,7.875534,291.03467,100602.89,51.75,5.25
2025-08-31 04:00:00,1.1803741,7.6840973,291.00385,100599.69,51.75,5.25
2025-08-31 05:00:00,1.504715,7.4205933,290.9037,100605.65,51.75,5.25
2025-08-31 06:00:00,1.9931641,6.987549,290.47034,100636.016,51.75,5.25
2025-08-31 07:00:00,2.3998566,6.5721436,290.72546,100678.07,51.75,5.25
2025-08-31 08:00:00,2.5145416,6.0150604,291.84216,100731.49,51.75,5.25
2025-08-31 09:00:00,1.9334259,5.4224243,292.69104,100754.33,51.75,5.25
2025-08-31 10:00:00,0.7765808,4.1048737,294.0952,100776.86,51.75,5.25
2025-08-31 11:00:00,-0.103759766,4.3897247,295.54974,100769.75,51.75,5.25
2025-08-31 12:00:00,-0.2127533,5.2796783,296.30963,100725.45,51.75,5.25
2025-08-31 13:00:00,-0.862381,5.7535553,296.53333,100693.734,51.75,5.25
2025-08-31 14:00:00,-0.5608673,6.2359467,296.27325,100664.78,51.75,5.25
2025-08-31 15:00:00,-0.021530151,6.663147,295.653,100644.766,51.75,5.25
2025-08-31 16:00:00,1.3028107,6.584427,294.8783,100654.164,51.75,5.25
2025-08-31 17:00:00,2.187683,5.046051,293.4756,100622.2,51.75,5.25
2025-08-31 18:00:00,1.074646,4.684799,293.05255,100630.84,51.75,5.25
2025-08-31 19:00:00,0.5753784,4.382675,291.99658,100658.375,51.75,5.25
2025-08-31 20:00:00,0.029327393,3.8645935,291.35632,100628.37,51.75,5.25
2025-08-31 21:00:00,0.51542664,4.3463135,291.01846,100650.734,51.75,5.25
2025-08-31 22:00:00,0.6695862,3.7572021,290.8234,100642.03,51.75,5.25
2025-08-31 23:00:00,1.6005707,3.3587494,290.5107,100690.945,51.75,5.25
2025-09-01 00:00:00,1.1628876,3.070343,290.45892,100624.28,51.75,5.25
2025-09-01 01:00:00,2.2689667,3.3159943,290.51318,100582.516,51.75,5.25
2025-09-01 02:00:00,1.591629,3.8782196,290.48065,100586.22,51.75,5.25
2025-09-01 03:00:00,1.4172668,4.802643,290.2531,100589.3,51.75,5.25
2025-09-01 04:00:00,2.2174988,4.8251038,289.8506,100556.17,51.75,5.25
2025-09-01 05:00:00,3.1369476,5.1172333,289.50015,100553.5,51.75,5.25
2025-09-01 06:00:00,3.459793,4.42717,289.33856,100562.38,51.75,5.25
2025-09-01 07:00:00,3.4322205,4.903061,289.4901,100604.945,51.75,5.25
2025-09-01 08:00:00,4.6362,4.7854767,289.81702,100634.375,51.75,5.25
2025-09-01 09:00:00,4.066345,4.299515,290.77863,100665.06,51.75,5.25
2025-09-01 10:00:00,2.4956512,3.7013702,292.01154,100681.625,51.75,5.25
2025-09-01 11:00:00,1.4192352,4.769287,293.55307,100653.92,51.75,5.25
2025-09-01 12:00:00,2.043167,6.128891,294.92715,100675.31,51.75,5.25
2025-09-01 13:00:00,2.7175293,6.113739,295.1324,100679.25,51.75,5.25
2025-09-01 14:00:00,3.149292,5.5133667,295.6433,100639.25,51.75,5.25
2025-09-01 15:00:00,2.7346497,5.709381,295.901,100612.01,51.75,5.25
2025-09-01 16:00:00,2.2318573,5.8471375,295.74313,100605.2,51.75,5.25
2025-09-01 17:00:00,2.005951,5.6070557,295.33148,100578.61,51.75,5.25
2025-09-01 18:00:00,1.5851746,5.907593,293.56693,100593.73,51.75,5.25
2025-09-01 19:00:00,1.4556274,6.5189514,291.97418,100661.89,51.75,5.25
2025-09-01 20:00:00,2.5894775,7.22171,291.10278,100717.195,51.75,5.25
2025-09-01 21:00:00,2.45932,7.1392517,290.42163,100759.57,51.75,5.25
2025-09-01 22:00:00,3.3672028,5.8228607,289.65063,100748.22,51.75,5.25
2025-09-01 23:00:00,4.3429565,5.7415466,288.8661,100709.53,51.75,5.25
2025-09-02 00:00:00,3.9079895,5.5560913,288.50336,100673.375,51.75,5.25
2025-09-02 01:00:00,4.0504303,5.5647736,288.1604,100717.15,51.75,5.25
2025-09-02 02:00:00,3.968048,5.243881,287.9938,100717.67,51.75,5.25
2025-09-02 03:00:00,3.797058,5.447769,287.80807,100730.86,51.75,5.25
2025-09-02 04:00:00,3.534729,5.7951965,287.3791,100736.58,51.75,5.25
2025-09-02 05:00:00,3.3529663,6.037628,287.17667,100748.13,51.75,5.25
2025-09-02 06:00:00,3.135559,6.2262726,287.4345,100775.6,51.75,5.25
2025-09-02 07:00:00,2.570053,6.1457977,288.44766,100796.91,51.75,5.25
2025-09-02 08:00:00,2.8195496,6.16835,290.0397,100814.09,51.75,5.25
2025-09-02 09:00:00,2.6681213,6.0314026,291.35843,100828.45,51.75,5.25
2025-09-02 10:00:00,2.9633484,5.5569,292.5008,100820.08,51.75,5.25
2025-09-02 11:00:00,3.8780823,6.7925873,293.94214,100787.59,51.75,5.25
2025-09-02 12:00:00,4.0065155,6.9494324,294.30792,100752.65,51.75,5.25
2025-09-02 13:00:00,3.4878235,6.3606415,294.5711,100706.484,51.75,5.25
2025-09-02 14:00:00,2.5986938,6.2742615,294.87085,100677.19,51.75,5.25
2025-09-02 15:00:00,2.677002,7.2151947,294.30396,100665.88,51.75,5.25
2025-09-02 16:00:00,2.7278442,7.935379,293.77606,100668.69,51.75,5.25
2025-09-02 17:00:00,1.6455688,7.9881287,292.45377,100670.734,51.75,5.25
2025-09-02 18:00:00,0.32714844,7.7467194,290.75662,100641.875,51.75,5.25
2025-09-02 19:00:00,-0.80825806,7.925644,289.8612,100641.17,51.75,5.25
2025-09-02 20:00:00,-0.9886322,8.505676,289.54315,100637.5,51.75,5.25
2025-09-02 21:00:00,-1.3242035,9.200714,289.8166,100603.91,51.75,5.25
2025-09-02 22:00:00,0.3180542,9.204742,290.04553,100582.16,51.75,5.25
2025-09-02 23:00:00,0.38841248,9.081985,290.15143,100534.516,51.75,5.25
2025-09-03 00:00:00,0.20471191,8.90419,290.0523,100516.31,51.75,5.25
2025-09-03 01:00:00,0.5450287,8.917618,290.0314,100484.734,51.75,5.25
2025-09-03 02:00:00,1.3760681,8.955826,290.09064,100483.88,51.75,5.25
2025-09-03 03:00:00,1.6952362,8.910156,290.15106,100469.38,51.75,5.25
2025-09-03 04:00:00,1.4800415,8.830719,290.0207,100423.8,51.75,5.25
2025-09-03 05:00:00,1.4114838,8.943756,289.99313,100414.2,51.75,5.25
2025-09-03 06:00:00,1.5988617,9.182175,290.44672,100426.13,51.75,5.25
2025-09-03 07:00:00,0.7161865,9.711594,290.80862,100425.08,51.75,5.25
2025-09-03 08:00:00,1.1221313,11.227722,290.86768,100393.44,51.75,5.25
2025-09-03 09:00:00,2.165451,11.909805,291.49695,100410.11,51.75,5.25
2025-09-03 10:00:00,1.8360748,11.679993,292.68323,100406.08,51.75,5.25
2025-09-03 11:00:00,1.7124786,12.16066,294.55817,100362.37,51.75,5.25
2025-09-03 12:00:00,2.4100342,12.203354,295.50702,100312.33,51.75,5.25
2025-09-03 13:00:00,2.905838,12.070816,295.14874,100325.67,51.75,5.25
2025-09-03 14:00:00,2.0642242,11.606644,295.4654,100282.414,51.75,5.25
2025-09-03 15:00:00,3.011383,12.244675,295.92072,100283.83,51.75,5.25
2025-09-03 16:00:00,1.9166107,12.494614,296.42722,100234.234,51.75,5.25
2025-09-03 17:00:00,1.8638153,12.612839,295.35052,100189.39,51.75,5.25
2025-09-03 18:00:00,3.5664673,12.066071,293.37622,100208.69,51.75,5.25
2025-09-03 19:00:00,5.3794403,10.894882,292.7504,100309.31,51.75,5.25
2025-09-03 20:00:00,6.2711334,9.889786,292.25638,100359.8,51.75,5.25
2025-09-03 21:00:00,6.4762573,8.587845,291.5687,100409.96,51.75,5.25
2025-09-03 22:00:00,6.8144836,7.454178,290.93256,100460.31,51.75,5.25
2025-09-03 23:00:00,6.4937286,7.05072,291.05875,100518.77,51.75,5.25
2025-09-04 00:00:00,6.590805,6.6597443,290.65564,100589.7,51.75,5.25
2025-09-04 01:00:00,6.512619,6.1974487,290.43127,100665.03,51.75,5.25
2025-09-04 02:00:00,5.711502,6.320694,289.7555,100714.14,51.75,5.25
2025-09-04 03:00:00,5.3160095,6.8561707,289.36957,100756.7,51.75,5.25
2025-09-04 04:00:00,5.1630554,7.1776733,288.90997,100795.95,51.75,5.25
2025-09-04 05:00:00,4.772476,7.4176483,288.53906,100838.805,51.75,5.25
2025-09-04 06:00:00,4.0742493,7.379059,288.96448,100889.195,51.75,5.25
2025-09-04 07:00:00,2.959961,6.9825134,289.82773,100922.836,51.75,5.25
2025-09-04 08:00:00,3.0708466,7.6181793,290.96008,100945.69,51.75,5.25
2025-09-04 09:00:00,3.549591,8.65126,292.48413,100999.67,51.75,5.25
2025-09-04 10:00:00,2.4384308,8.382675,293.3078,101021.125,51.75,5.25
2025-09-04 11:00:00,3.1145782,8.182587,294.44064,100994.12,51.75,5.25
2025-09-04 12:00:00,3.1974182,8.259918,294.8681,100974.09,51.75,5.25
2025-09-04 13:00:00,2.0052338,7.78273,295.08704,100956.58,51.75,5.25
2025-09-04 14:00:00,0.59098816,8.209702,294.836,100920.29,51.75,5.25
2025-09-04 15:00:00,1.3417206,8.1115265,294.97653,100882.234,51.75,5.25
2025-09-04 16:00:00,2.8471527,7.2203674,294.47968,100898.41,51.75,5.25
2025-09-04 17:00:00,3.0133972,6.6402435,292.7588,100950.47,51.75,5.25
2025-09-04 18:00:00,3.2143097,5.914871,291.4209,100995.016,51.75,5.25
2025-09-04 19:00:00,3.3903809,5.091675,290.51453,101068.01,51.75,5.25
2025-09-04 20:00:00,3.7207031,4.991684,289.62402,101096.53,51.75,5.25
2025-09-04 21:00:00,4.5119324,4.7129517,289.17743,101189.625,51.75,5.25
2025-09-04 22:00:00,5.911331,3.8913727,288.89056,101217.95,51.75,5.25
2025-09-04 23:00:00,6.594406,3.1846313,288.4265,101284.29,51.75,5.25
2025-09-05 00:00:00,6.3494873,2.994873,287.8219,101316.305,51.75,5.25
2025-09-05 01:00:00,5.88031,3.1368103,287.0099,101336.72,51.75,5.25
2025-09-05 02:00:00,5.365326,3.4789429,286.48828,101381.19,51.75,5.25
2025-09-05 03:00:00,5.6338654,3.8159943,286.333,101451.09,51.75,5.25
2025-09-05 04:00:00,5.7410126,3.7268677,285.89673,101502.64,51.75,5.25
2025-09-05 05:00:00,5.8306427,3.465622,285.6741,101571.016,51.75,5.25
2025-09-05 06:00:00,5.4808044,3.5883331,286.51468,101654.03,51.75,5.25
2025-09-05 07:00:00,4.689911,3.4769135,288.3963,101732.45,51.75,5.25
2025-09-05 08:00:00,4.292221,3.1417847,290.12128,101801.766,51.75,5.25
2025-09-05 09:00:00,4.8638763,2.5988007,291.99265,101862.33,51.75,5.25
2025-09-05 10:00:00,5.150345,2.5506897,292.59784,101877.1,51.75,5.25
2025-09-05 11:00:00,5.9681854,1.3577881,292.88556,101942.47,51.75,5.25
2025-09-05 12:00:00,6.1067505,0.4104309,293.13525,101980.734,51.75,5.25
2025-09-05 13:00:00,5.609482,-0.25942993,293.32123,102013.0,51.75,5.25
2025-09-05 14:00:00,5.7474823,-0.8644867,293.32623,102052.07,51.75,5.25
2025-09-05 15:00:00,5.4337006,-1.2172699,292.92957,102075.375,51.75,5.25
2025-09-05 16:00:00,5.012207,-1.6635895,292.5875,102119.96,51.75,5.25
2025-09-05 17:00:00,4.3650055,-2.156433,291.90283,102155.47,51.75,5.25
2025-09-05 18:00:00,3.738327,-2.4771729,290.4798,102182.31,51.75,5.25
2025-09-05 19:00:00,3.054428,-2.4691315,288.51932,102271.89,51.75,5.25
2025-09-05 20:00:00,2.2975311,-2.059967,286.43225,102316.086,51.75,5.25
2025-09-05 21:00:00,1.4627991,-1.6185455,285.62134,102334.32,51.75,5.25
2025-09-05 22:00:00,1.5745697,-1.3506012,286.21033,102357.03,51.75,5.25
2025-09-05 23:00:00,0.5226288,-0.7076111,286.1195,102368.25,51.75,5.25
2025-09-06 00:00:00,-0.41490173,0.00491333,285.5135,102372.945,51.75,5.25
2025-09-06 01:00:00,-0.9784851,0.5482483,284.43954,102365.97,51.75,5.25
2025-09-06 02:00:00,-1.4494019,1.0112457,283.35217,102356.77,51.75,5.25
2025-09-06 03:00:00,-1.900177,1.5920105,282.30768,102347.19,51.75,5.25
2025-09-06 04:00:00,-2.7977905,2.2906494,281.90854,102376.89,51.75,5.25
2025-09-06 05:00:00,-3.4015808,2.7716522,282.0511,102381.47,51.75,5.25
2025-09-06 06:00:00,-3.4426117,2.687439,284.01776,102390.9,51.75,5.25
2025-09-06 07:00:00,-3.0941467,2.4039001,287.33154,102388.0,51.75,5.25
2025-09-06 08:00:00,-2.862564,1.8090515,290.12247,102372.82,51.75,5.25
2025-09-06 09:00:00,-3.0592957,2.1289673,292.375,102349.33,51.75,5.25
2025-09-06 10:00:00,-2.783661,1.4953156,293.98828,102308.08,51.75,5.25
2025-09-06 11:00:00,-2.745285,1.7857513,294.68,102287.766,51.75,5.25
2025-09-06 12:00:00,-3.079773,2.3674011,295.23633,102228.55,51.75,5.25
2025-09-06 13:00:00,-3.6973267,2.1565704,296.21167,102169.11,51.75,5.25
2025-09-06 14:00:00,-4.3443756,1.9588318,295.98157,102109.945,51.75,5.25
2025-09-06 15:00:00,-4.881302,2.2134552,296.09094,102069.97,51.75,5.25
2025-09-06 16:00:00,-5.6499634,1.7201538,295.64337,102041.81,51.75,5.25
2025-09-06 17:00:00,-6.643036,1.1483765,294.65094,101973.57,51.75,5.25
2025-09-06 18:00:00,-7.495575,1.293869,293.12265,101934.75,51.75,5.25
2025-09-06 19:00:00,-8.051636,1.786789,291.6469,101936.625,51.75,5.25
2025-09-06 20:00:00,-8.107071,2.9026184,290.83856,101887.84,51.75,5.25
2025-09-06 21:00:00,-7.649399,3.8362274,290.25436,101881.75,51.75,5.25
2025-09-06 22:00:00,-7.1199493,4.4095154,289.482,101858.984,51.75,5.25
2025-09-06 23:00:00,-6.5358734,4.370926,288.85077,101814.766,51.75,5.25
2025-09-07 00:00:00,-6.4359283,4.4236145,288.18253,101791.86,51.75,5.25
2025-09-07 01:00:00,-6.569107,4.5657043,287.4039,101787.65,51.75,5.25
2025-09-07 02:00:00,-6.730652,4.6254883,287.24176,101754.35,51.75,5.25
2025-09-07 03:00:00,-7.365677,4.454468,287.0249,101674.67,51.75,5.25
2025-09-07 04:00:00,-7.6311035,4.3759155,286.88727,101655.69,51.75,5.25
2025-09-07 05:00:00,-7.678131,4.471176,286.45966,101606.266,51.75,5.25
2025-09-07 06:00:00,-7.8240204,4.609726,287.66412,101584.64,51.75,5.25
2025-09-07 07:00:00,-7.7370605,4.809021,289.72473,101590.42,51.75,5.25
2025-09-07 08:00:00,-7.077423,4.3176117,291.94308,101562.61,51.75,5.25
2025-09-07 09:00:00,-7.3035736,4.4369354,293.63864,101474.4,51.75,5.25
2025-09-07 10:00:00,-6.4460297,3.1322174,295.3623,101405.7,51.75,5.25
2025-09-07 11:00:00,-6.6252594,3.7552185,297.21283,101364.8,51.75,5.25
2025-09-07 12:00:00,-6.943619,4.3891907,298.53186,101311.7,51.75,5.25
2025-09-07 13:00:00,-6.9839783,4.9831696,299.3399,101248.37,51.75,5.25
2025-09-07 14:00:00,-6.8125916,5.114868,300.43695,101192.445,51.75,5.25
2025-09-07 15:00:00,-6.572693,4.828598,300.58685,101137.64,51.75,5.25
2025-09-07 16:00:00,-6.5324554,4.369995,300.36835,101125.75,51.75,5.25
2025-09-07 17:00:00,-7.0006866,4.3076324,299.3847,101119.266,51.75,5.25
2025-09-07 18:00:00,-7.4440613,4.9049225,297.11322,101150.1,51.75,5.25
2025-09-07 19:00:00,-7.3198395,6.079834,295.85696,101208.52,51.75,5.25
2025-09-07 20:00:00,-6.478302,7.1269073,295.09195,101210.36,51.75,5.25
2025-09-07 21:00:00,-5.6144104,7.597763,294.42218,101199.22,51.75,5.25
2025-09-07 22:00:00,-4.226059,7.924988,293.2583,101173.28,51.75,5.25
2025-09-07 23:00:00,-1.3080597,7.782913,292.84137,101177.04,51.75,5.25
2025-09-08 00:00:00,2.7086487,4.4019012,292.5964,101221.125,51.75,5.25
2025-09-08 01:00:00,4.2154694,0.500824,292.01587,101251.7,51.75,5.25
2025-09-08 02:00:00,5.144638,-1.2419891,292.4361,101286.66,51.75,5.25
2025-09-08 03:00:00,6.386032,-1.4418793,292.30188,101332.09,51.75,5.25
2025-09-08 04:00:00,5.424347,-1.4596405,291.89203,101362.53,51.75,5.25
2025-09-08 05:00:00,4.443222,-1.1334991,291.54944,101359.516,51.75,5.25
2025-09-08 06:00:00,5.4344025,-0.053970337,291.47208,101400.67,51.75,5.25
2025-09-08 07:00:00,5.8075104,0.2948761,291.91718,101458.58,51.75,5.25
2025-09-08 08:00:00,5.78183,0.1605835,292.4482,101507.61,51.75,5.25
2025-09-08 09:00:00,5.596649,-0.2802887,293.11243,101545.0,51.75,5.25
2025-09-08 10:00:00,3.8545685,-0.79597473,294.97504,101580.59,51.75,5.25
2025-09-08 11:00:00,4.2894135,-1.0744171,295.87976,101620.58,51.75,5.25
2025-09-08 12:00:00,4.540756,-1.6708527,296.48267,101585.33,51.75,5.25
2025-09-08 13:00:00,4.253113,-2.3388977,296.68243,101663.836,51.75,5.25
2025-09-08 14:00:00,4.012909,-2.4680786,295.98926,101625.97,51.75,5.25
2025-09-08 15:00:00,3.655182,-2.3679504,295.72266,101688.84,51.75,5.25
2025-09-08 16:00:00,3.0759125,-3.141983,295.1056,101674.7,51.75,5.25
2025-09-08 17:00:00,2.939331,-4.2286987,293.98248,101703.08,51.75,5.25
2025-09-08 18:00:00,2.9313202,-5.0644836,292.8634,101734.34,51.75,5.25
2025-09-08 19:00:00,2.3105621,-5.175049,291.78345,101752.81,51.75,5.25
2025-09-08 20:00:00,1.54599,-4.8010254,290.44482,101818.3,51.75,5.25
2025-09-08 21:00:00,0.2995453,-4.4134216,289.36407,101809.63,51.75,5.25
2025-09-08 22:00:00,0.2629242,-4.6661224,288.92847,101751.64,51.75,5.25
2025-09-08 23:00:00,-1.1086273,-3.2998047,288.2239,101729.375,51.75,5.25
2025-09-09 00:00:00,-1.2863312,-2.1930084,287.55444,101711.96,51.75,5.25
2025-09-09 01:00:00,-2.1440582,-1.765976,287.78198,101719.84,51.75,5.25
2025-09-09 02:00:00,-1.1864624,-1.058548,287.98163,101695.61,51.75,5.25
2025-09-09 03:00:00,-0.7574158,-0.94369507,287.55936,101650.77,51.75,5.25
2025-09-09 04:00:00,-1.4305725,-1.6306,287.50644,101632.625,51.75,5.25
2025-09-09 05:00:00,-1.7403564,-0.7406311,287.53406,101618.516,51.75,5.25
2025-09-09 06:00:00,-1.0080872,1.033081,287.33487,101647.0,51.75,5.25
2025-09-09 07:00:00,0.84588623,1.6278687,286.84402,101700.7,51.75,5.25
2025-09-09 08:00:00,2.2448883,0.08866882,286.74146,101691.625,51.75,5.25
2025-09-09 09:00:00,3.5545654,-1.1704254,286.70306,101693.05,51.75,5.25
2025-09-09 10:00:00,-0.07473755,-1.3362122,287.18353,101656.914,51.75,5.25
2025-09-09 11:00:00,-0.28814697,-3.2637634,287.24976,101623.08,51.75,5.25
2025-09-09 12:00:00,-0.34899902,-3.5263824,287.49402,101611.98,51.75,5.25
2025-09-09 13:00:00,-0.6720123,-3.7899323,288.5987,101564.86,51.75,5.25
2025-09-09 14:00:00,-0.9884491,-3.908371,289.22424,101567.49,51.75,5.25
2025-09-09 15:00:00,-0.84085083,-3.4909668,289.21622,101530.75,51.75,5.25
2025-09-09 16:00:00,-1.0857697,-3.0485077,288.81757,101543.414,51.75,5.25
2025-09-09 17:00:00,-1.9022675,-2.565567,288.25183,101496.83,51.75,5.25
2025-09-09 18:00:00,-3.3860168,-2.2091827,286.75708,101504.984,51.75,5.25
2025-09-09 19:00:00,-3.90065,-0.9214325,284.65753,101533.32,51.75,5.25
2025-09-09 20:00:00,-3.4181213,0.046447754,283.37897,101516.3,51.75,5.25
2025-09-09 21:00:00,-2.589325,0.76478577,282.62695,101468.664,51.75,5.25
2025-09-09 22:00:00,-1.683136,1.0896149,283.42822,101421.78,51.75,5.25
2025-09-09 23:00:00,-1.3591156,1.8677368,282.83298,101353.91,51.75,5.25
2025-09-10 00:00:00,-1.4758148,3.0124512,282.4741,101302.8,51.75,5.25
2025-09-10 01:00:00,-1.6925507,3.961319,282.5185,101258.01,51.75,5.25
2025-09-10 02:00:00,-2.267624,4.0395966,283.06543,101216.65,51.75,5.25
2025-09-10 03:00:00,-2.7805634,4.2285767,282.98584,101201.375,51.75,5.25
2025-09-10 04:00:00,-2.949356,3.905487,283.33096,101154.87,51.75,5.25
2025-09-10 05:00:00,-3.454239,3.5242004,283.26404,101080.22,51.75,5.25
2025-09-10 06:00:00,-3.7167664,3.6087036,283.77344,101052.95,51.75,5.25
2025-09-10 07:00:00,-3.3843994,3.3861847,284.9812,101027.55,51.75,5.25
2025-09-10 08:00:00,-3.335846,3.4614563,286.5293,101011.914,51.75,5.25
2025-09-10 09:00:00,-3.738922,3.402008,287.95624,100962.91,51.75,5.25
2025-09-10 10:00:00,-2.9801025,3.0635223,289.5877,100900.766,51.75,5.25
2025-09-10 11:00:00,-3.8238525,3.940506,291.5597,100794.81,51.75,5.25
2025-09-10 12:00:00,-3.4435425,4.996048,292.76678,100702.44,51.75,5.25
2025-09-10 13:00:00,-3.9922333,5.095688,293.45505,100625.2,51.75,5.25
2025-09-10 14:00:00,-4.2979736,5.074997,293.87213,100561.84,51.75,5.25
2025-09-10 15:00:00,-3.7295532,5.4252777,293.8291,100483.46,51.75,5.25
2025-09-10 16:00:00,-3.8036804,5.2045593,293.524,100466.164,51.75,5.25
2025-09-10 17:00:00,-4.0362854,5.135254,292.7384,100395.55,51.75,5.25
2025-09-10 18:00:00,-4.1114197,5.7430725,291.77112,100343.59,51.75,5.25
2025-09-10 19:00:00,-3.11615,6.8529053,290.52524,100351.39,51.75,5.25
2025-09-10 20:00:00,-1.7921295,7.4505157,290.09714,100331.7,51.75,5.25
2025-09-10 21:00:00,-0.64878845,7.592224,289.9096,100287.766,51.75,5.25
2025-09-10 22:00:00,3.2956085,7.2706757,289.599,100223.61,51.75,5.25
2025-09-10 23:00:00,1.3075562,7.634247,289.46112,100170.45,51.75,5.25
2025-09-11 00:00:00,0.91311646,8.427994,288.8894,100175.0,51.75,5.25
2025-09-11 01:00:00,2.1397247,8.722931,288.8675,100136.625,51.75,5.25
2025-09-11 02:00:00,3.4693604,8.629425,288.90228,100093.14,51.75,5.25
2025-09-11 03:00:00,4.6422577,8.233749,289.0854,100090.47,51.75,5.25
2025-09-11 04:00:00,7.1505585,7.1931458,288.98007,100114.72,51.75,5.25
2025-09-11 05:00:00,8.582535,4.490692,288.42007,100176.11,51.75,5.25
2025-09-11 06:00:00,7.803299,3.512497,288.17783,100253.09,51.75,5.25
2025-09-11 07:00:00,7.4280396,4.390106,288.5389,100332.375,51.75,5.25
2025-09-11 08:00:00,8.278366,5.0737762,289.3956,100414.305,51.75,5.25
2025-09-11 09:00:00,7.3678284,5.3130493,290.23386,100468.766,51.75,5.25
2025-09-11 10:00:00,6.461975,5.741989,291.36316,100497.92,51.75,5.25
2025-09-11 11:00:00,5.7893677,6.072876,291.27606,100500.84,51.75,5.25
2025-09-11 12:00:00,6.345642,6.3451843,291.11176,100527.88,51.75,5.25
2025-09-11 13:00:00,5.054474,5.711334,291.34033,100478.5,51.75,5.25
2025-09-11 14:00:00,5.4656525,6.569565,290.58472,100575.3,51.75,5.25
2025-09-11 15:00:00,6.4937134,6.1525726,288.46155,100564.28,51.75,5.25
2025-09-11 16:00:00,6.4201965,6.2953796,288.20367,100586.875,51.75,5.25
2025-09-11 17:00:00,6.350937,6.0398407,288.33023,100575.89,51.75,5.25
2025-09-11 18:00:00,6.4066772,6.274399,287.86444,100606.234,51.75,5.25
2025-09-11 19:00:00,5.8887177,6.8021545,287.21436,100664.66,51.75,5.25
2025-09-11 20:00:00,6.1489563,7.151001,286.77734,100689.31,51.75,5.25
2025-09-11 21:00:00,6.5973816,7.3228607,286.78952,100720.266,51.75,5.25
2025-09-11 22:00:00,7.132431,7.8085938,286.3693,100750.34,51.75,5.25
2025-09-11 23:00:00,6.9881287,6.949112,286.1181,100758.22,51.75,5.25
2025-09-12 00:00:00,6.3029327,6.8236237,285.7755,100750.28,51.75,5.25
2025-09-12 01:00:00,5.7867584,7.497757,285.7736,100782.94,51.75,5.25
2025-09-12 02:00:00,5.9184113,7.4270782,285.84558,100844.484,51.75,5.25
2025-09-12 03:00:00,5.781891,7.3203278,285.78772,100869.78,51.75,5.25
2025-09-12 04:00:00,5.478821,7.588333,285.71167,100877.56,51.75,5.25
2025-09-12 05:00:00,5.707016,7.902237,285.49335,100916.0,51.75,5.25
2025-09-12 06:00:00,6.3165283,7.9001007,285.55878,100992.72,51.75,5.25
2025-09-12 07:00:00,7.8445435,7.835037,286.70154,101060.625,51.75,5.25
2025-09-12 08:00:00,8.741699,7.689743,287.92932,101116.91,51.75,5.25
2025-09-12 09:00:00,9.323547,7.3777313,288.84827,101199.41,51.75,5.25
2025-09-12 10:00:00,7.521057,6.6488037,289.93796,101270.22,51.75,5.25
2025-09-12 11:00:00,7.2643127,6.620224,290.54755,101284.26,51.75,5.25
2025-09-12 12:00:00,7.364624,6.4815063,291.13803,101334.06,51.75,5.25
2025-09-12 13:00:00,7.0186005,6.3665466,291.51294,101375.09,51.75,5.25
2025-09-12 14:00:00,6.6256256,6.45903,291.43274,101393.27,51.75,5.25
2025-09-12 15:00:00,6.4965363,6.6376495,291.42825,101391.95,51.75,5.25
2025-09-12 16:00:00,5.5202026,6.090515,290.9572,101431.586,51.75,5.25
2025-09-12 17:00:00,4.7928314,6.166565,290.10822,101427.53,51.75,5.25
2025-09-12 18:00:00,3.9446259,6.579941,288.40546,101440.36,51.75,5.25
2025-09-12 19:00:00,3.2798462,6.9694824,287.1875,101478.03,51.75,5.25
2025-09-12 20:00:00,2.763504,7.3648834,286.15112,101475.5,51.75,5.25
2025-09-12 21:00:00,2.1031952,7.7677307,285.74075,101471.63,51.75,5.25
2025-09-12 22:00:00,1.7284546,7.865555,285.9121,101470.61,51.75,5.25
2025-09-12 23:00:00,2.4337616,7.8968506,285.967,101417.09,51.75,5.25
2025-09-13 00:00:00,2.8444061,8.244919,286.04544,101398.05,51.75,5.25
2025-09-13 01:00:00,2.5348969,8.260773,286.09103,101377.17,51.75,5.25
2025-09-13 02:00:00,2.0317078,8.060715,285.75586,101333.19,51.75,5.25
2025-09-13 03:00:00,2.4582672,7.883728,285.73145,101310.06,51.75,5.25
2025-09-13 04:00:00,2.9623566,7.6396637,285.74603,101318.41,51.75,5.25
2025-09-13 05:00:00,2.951065,7.8296204,285.79367,101275.38,51.75,5.25
2025-09-13 06:00:00,2.5544434,7.8802185,285.752,101284.234,51.75,5.25
2025-09-13 07:00:00,2.6350098,8.172897,286.62567,101298.74,51.75,5.25
2025-09-13 08:00:00,1.9164276,7.774246,287.8816,101273.625,51.75,5.25
2025-09-13 09:00:00,1.9716644,7.7036896,288.88486,101257.734,51.75,5.25
2025-09-13 10:00:00,3.0538177,7.6593475,290.0218,101226.67,51.75,5.25
2025-09-13 11:00:00,2.982666,8.520416,290.94424,101156.7,51.75,5.25
2025-09-13 12:00:00,4.3007507,8.131805,291.21707,101129.38,51.75,5.25
2025-09-13 13:00:00,3.186264,7.677719,291.95245,101082.63,51.75,5.25
2025-09-13 14:00:00,3.7747803,8.011871,291.77167,101065.04,51.75,5.25
2025-09-13 15:00:00,4.750656,6.8155212,288.9265,101073.11,51.75,5.25
2025-09-13 16:00:00,3.8096924,6.2594604,288.0696,101040.2,51.75,5.25
2025-09-13 17:00:00,3.0990906,6.4816284,287.20972,101012.36,51.75,5.25
2025-09-13 18:00:00,2.519806,7.0093536,286.44696,101013.055,51.75,5.25
2025-09-13 19:00:00,2.882248,7.360443,286.0832,101043.64,51.75,5.25
2025-09-13 20:00:00,3.3639526,7.277588,285.95886,101044.95,51.75,5.25
2025-09-13 21:00:00,4.439438,6.681839,285.6279,101079.23,51.75,5.25
2025-09-13 22:00:00,5.3941803,6.36174,285.06537,101066.7,51.75,5.25
2025-09-13 23:00:00,5.6336975,5.9738464,284.96814,101091.9,51.75,5.25
2025-09-14 00:00:00,5.755661,5.3610992,284.76874,101062.77,51.75,5.25
2025-09-14 01:00:00,5.776718,5.5282593,284.6758,101108.38,51.75,5.25
2025-09-14 02:00:00,6.193268,4.531143,284.32602,101158.875,51.75,5.25
2025-09-14 03:00:00,6.218704,3.6116028,284.06595,101169.09,51.75,5.25
2025-09-14 04:00:00,5.7700195,3.7198944,283.75638,101199.31,51.75,5.25
2025-09-14 05:00:00,5.532028,3.980362,283.61774,101216.45,51.75,5.25
2025-09-14 06:00:00,5.6328735,4.077469,283.74475,101295.54,51.75,5.25
2025-09-14 07:00:00,5.046814,4.100708,285.17285,101336.734,51.75,5.25
2025-09-14 08:00:00,4.005951,4.0407257,286.91864,101373.69,51.75,5.25
2025-09-14 09:00:00,4.861801,4.1952667,288.94128,101381.63,51.75,5.25
2025-09-14 10:00:00,4.203476,3.7086334,290.47763,101396.75,51.75,5.25
2025-09-14 11:00:00,4.2583923,3.947464,291.05963,101385.664,51.75,5.25
2025-09-14 12:00:00,4.467621,4.4023438,291.6942,101400.45,51.75,5.25
2025-09-14 13:00:00,3.5798798,4.7593994,292.20813,101349.14,51.75,5.25
2025-09-14 14:00:00,2.5068054,4.9518127,291.90442,101298.98,51.75,5.25
2025-09-14 15:00:00,1.164505,5.311264,291.71387,101209.06,51.75,5.25
2025-09-14 16:00:00,0.21380615,5.755539,291.0893,101174.484,51.75,5.25
2025-09-14 17:00:00,-0.4369049,6.2407227,290.3369,101096.64,51.75,5.25
2025-09-14 18:00:00,-1.4839783,6.3738403,289.43732,101043.836,51.75,5.25
2025-09-14 19:00:00,-3.6763458,7.3263397,288.56662,100917.234,51.75,5.25
2025-09-14 20:00:00,-3.163147,9.305069,288.38007,100768.59,51.75,5.25
2025-09-14 21:00:00,-0.15324402,11.18689,288.72058,100631.19,51.75,5.25
2025-09-14 22:00:00,3.2287292,10.342056,289.4892,100506.42,51.75,5.25
2025-09-14 23:00:00,5.252762,9.647873,290.16772,100442.83,51.75,5.25
2025-09-15 00:00:00,7.256653,8.564941,291.04944,100399.875,51.75,5.25
2025-09-15 01:00:00,8.626434,8.587219,291.6059,100339.45,51.75,5.25
2025-09-15 02:00:00,10.447952,7.5316772,291.19687,100350.22,51.75,5.25
2025-09-15 03:00:00,10.938599,6.434952,290.4378,100342.93,51.75,5.25
2025-09-15 04:00:00,11.611694,6.1839905,289.61142,100372.75,51.75,5.25
2025-09-15 05:00:00,10.772263,7.1870728,288.96194,100373.63,51.75,5.25
2025-09-15 06:00:00,10.375687,7.8270264,288.56378,100420.27,51.75,5.25
2025-09-15 07:00:00,10.44809,8.157303,289.13834,100467.93,51.75,5.25
2025-09-15 08:00:00,9.721832,8.396088,289.90192,100509.234,51.75,5.25
2025-09-15 09:00:00,11.405731,9.082428,290.61505,100557.69,51.75,5.25
2025-09-15 10:00:00,10.808792,8.692337,291.0896,100561.125,51.75,5.25
2025-09-15 11:00:00,10.695847,8.246796,291.15424,100647.91,51.75,5.25
2025-09-15 12:00:00,10.694061,8.598511,291.6881,100681.34,51.75,5.25
2025-09-15 13:00:00,10.918411,9.03447,292.08768,100669.34,51.75,5.25
2025-09-15 14:00:00,10.592636,8.695099,292.0063,100673.69,51.75,5.25
2025-09-15 15:00:00,11.629425,9.053238,291.3048,100667.25,51.75,5.25
2025-09-15 16:00:00,11.540955,8.888382,290.52603,100678.19,51.75,5.25
2025-09-15 17:00:00,11.142273,8.92099,289.8748,100682.77,51.75,5.25
2025-09-15 18:00:00,12.018463,8.750534,289.1449,100707.37,51.75,5.25
2025-09-15 19:00:00,11.929626,8.740997,288.86758,100778.5,51.75,5.25
2025-09-15 20:00:00,11.826477,8.769363,288.67786,100779.484,51.75,5.25
2025-09-15 21:00:00,11.94989,8.538422,288.50256,100822.03,51.75,5.25
2025-09-15 22:00:00,11.222397,7.4045563,288.07324,100787.016,51.75,5.25
2025-09-15 23:00:00,12.238983,7.0678864,288.1715,100879.47,51.75,5.25
2025-09-16 00:00:00,12.314468,6.845459,288.29745,100920.305,51.75,5.25
2025-09-16 01:00:00,12.170502,6.221527,288.1233,100968.97,51.75,5.25
2025-09-16 02:00:00,11.64296,5.789566,287.84918,100983.92,51.75,5.25
2025-09-16 03:00:00,11.554657,6.062866,287.6421,101035.89,51.75,5.25
2025-09-16 04:00:00,11.271347,5.726227,287.29877,101088.31,51.75,5.25
2025-09-16 05:00:00,11.370178,5.5345917,287.15076,101118.414,51.75,5.25
2025-09-16 06:00:00,11.354385,5.230316,287.06244,101201.08,51.75,5.25
2025-09-16 07:00:00,11.083023,5.174515,287.4877,101243.3,51.75,5.25
2025-09-16 08:00:00,9.877777,5.470398,288.14075,101291.14,51.75,5.25
2025-09-16 09:00:00,11.919571,5.074585,288.93747,101338.72,51.75,5.25
2025-09-16 10:00:00,9.892181,4.6271973,289.43176,101375.56,51.75,5.25
2025-09-16 11:00:00,10.828918,4.3022156,289.91156,101421.25,51.75,5.25
2025-09-16 12:00:00,11.390686,3.0579681,289.9564,101458.266,51.75,5.25
2025-09-16 13:00:00,11.699493,1.7471008,289.50378,101567.55,51.75,5.25
2025-09-16 14:00:00,11.484634,0.73350525,289.5871,101564.81,51.75,5.25
2025-09-16 15:00:00,11.412369,0.02734375,289.91754,101582.14,51.75,5.25
2025-09-16 16:00:00,10.489319,0.21057129,289.7556,101659.234,51.75,5.25
2025-09-16 17:00:00,9.5203705,0.53689575,289.01752,101705.67,51.75,5.25
2025-09-16 18:00:00,8.926361,1.1059265,288.4756,101737.72,51.75,5.25
2025-09-16 19:00:00,7.8723907,1.5298309,288.13647,101777.73,51.75,5.25
2025-09-16 20:00:00,7.370941,2.7793884,287.3492,101804.16,51.75,5.25
2025-09-16 21:00:00,7.108444,4.0172424,286.68472,101816.28,51.75,5.25
2025-09-16 22:00:00,8.084366,5.493744,287.0692,101835.42,51.75,5.25
2025-09-16 23:00:00,8.233658,4.749832,286.85492,101853.44,51.75,5.25
2025-09-17 00:00:00,7.9778137,4.012741,286.3194,101845.44,51.75,5.25
2025-09-17 01:00:00,7.605301,4.0435944,285.93152,101861.81,51.75,5.25
2025-09-17 02:00:00,7.375702,4.029007,285.63925,101862.19,51.75,5.25
2025-09-17 03:00:00,6.9010315,4.1822968,285.30945,101874.1,51.75,5.25
2025-09-17 04:00:00,6.1475067,4.4335938,285.18088,101868.59,51.75,5.25
2025-09-17 05:00:00,5.931198,4.799576,284.96658,101857.89,51.75,5.25
2025-09-17 06:00:00,5.754364,4.4864807,285.31827,101939.17,51.75,5.25
2025-09-17 07:00:00,5.753891,4.5462646,286.0532,102006.85,51.75,5.25
2025-09-17 08:00:00,5.605652,5.5532074,286.65945,102029.69,51.75,5.25
2025-09-17 09:00:00,5.1098785,5.8302307,287.50525,102006.94,51.75,5.25
2025-09-17 10:00:00,3.5363617,5.5282135,288.40088,101985.56,51.75,5.25
2025-09-17 11:00:00,3.126114,6.551346,288.74634,101976.83,51.75,5.25
2025-09-17 12:00:00,2.6042328,6.775116,289.08395,101908.914,51.75,5.25
2025-09-17 13:00:00,3.9281158,7.7498627,289.7341,101842.79,51.75,5.25
2025-09-17 14:00:00,5.2408447,8.228928,290.0863,101820.516,51.75,5.25
2025-09-17 15:00:00,5.9262085,7.915344,289.9084,101796.17,51.75,5.25
2025-09-17 16:00:00,6.180069,7.8611298,290.0475,101764.72,51.75,5.25
2025-09-17 17:00:00,6.5704956,7.5159607,290.25452,101761.53,51.75,5.25
2025-09-17 18:00:00,7.222702,7.1081543,290.20923,101740.51,51.75,5.25
2025-09-17 19:00:00,7.924469,6.9833527,290.15063,101769.766,51.75,5.25
2025-09-17 20:00:00,8.277679,6.8429565,290.14636,101768.25,51.75,5.25
2025-09-17 21:00:00,8.724045,6.626007,290.36084,101783.195,51.75,5.25
2025-09-17 22:00:00,9.447922,6.0808563,290.9502,101758.72,51.75,5.25
2025-09-17 23:00:00,9.540024,5.544739,290.9582,101782.67,51.75,5.25
2025-09-18 00:00:00,8.952576,5.4533844,291.09137,101791.75,51.75,5.25
2025-09-18 01:00:00,8.5576935,5.7299347,290.95056,101802.164,51.75,5.25
2025-09-18 02:00:00,8.305191,5.748413,291.01434,101808.64,51.75,5.25
2025-09-18 03:00:00,8.155869,5.6740265,290.87732,101802.78,51.75,5.25
2025-09-18 04:00:00,7.943268,5.469696,290.72128,101818.11,51.75,5.25
2025-09-18 05:00:00,7.5401306,5.4416504,290.66376,101822.5,51.75,5.25
2025-09-18 06:00:00,7.094513,5.6592255,290.72787,101867.484,51.75,5.25
2025-09-18 07:00:00,6.6367645,5.9893036,290.94525,101902.42,51.75,5.25
2025-09-18 08:00:00,6.4019165,6.2766266,291.26462,101946.04,51.75,5.25
2025-09-18 09:00:00,7.126114,6.4340973,291.3867,101989.49,51.75,5.25
2025-09-18 10:00:00,7.4656067,6.053543,291.66336,102021.25,51.75,5.25
2025-09-18 11:00:00,7.145035,6.339035,291.98123,102049.4,51.75,5.25
2025-09-18 12:00:00,8.04689,6.0434875,292.27582,102047.29,51.75,5.25
2025-09-18 13:00:00,7.8101654,5.619034,292.95844,102078.38,51.75,5.25
2025-09-18 14:00:00,7.258499,5.519699,293.407,102075.86,51.75,5.25
2025-09-18 15:00:00,7.102478,4.866028,293.41266,102069.164,51.75,5.25
2025-09-18 16:00:00,7.052887,4.197052,293.42923,102084.09,51.75,5.25
2025-09-18 17:00:00,6.861618,3.764862,292.702,102117.8,51.75,5.25
2025-09-18 18:00:00,6.663101,3.7469482,291.91858,102153.125,51.75,5.25
2025-09-18 19:00:00,6.64003,3.942276,291.53577,102220.78,51.75,5.25
2025-09-18 20:00:00,6.620178,4.1917877,291.17596,102214.7,51.75,5.25
2025-09-18 21:00:00,6.4616547,4.2849884,290.8048,102251.47,51.75,5.25
2025-09-18 22:00:00,5.8274384,4.4159393,290.15097,102233.44,51.75,5.25
2025-09-18 23:00:00,5.6763763,4.8497925,289.85596,102264.84,51.75,5.25
2025-09-19 00:00:00,5.659378,5.194931,289.0625,102250.62,51.75,5.25
2025-09-19 01:00:00,5.8097534,4.963867,288.43372,102242.03,51.75,5.25
2025-09-19 02:00:00,5.4747925,4.0350647,287.876,102253.45,51.75,5.25
2025-09-19 03:00:00,4.3406982,3.85083,287.28784,102222.67,51.75,5.25
2025-09-19 04:00:00,3.3296204,4.298813,286.7586,102224.195,51.75,5.25
2025-09-19 05:00:00,2.5323334,4.791626,286.05,102223.984,51.75,5.25
2025-09-19 06:00:00,1.7621765,4.806549,286.2796,102249.66,51.75,5.25
2025-09-19 07:00:00,0.5524292,4.833893,288.4751,102262.11,51.75,5.25
2025-09-19 08:00:00,-0.5738983,4.27742,290.44293,102245.766,51.75,5.25
2025-09-19 09:00:00,-0.9174957,4.3244476,292.9137,102230.875,51.75,5.25
2025-09-19 10:00:00,-1.4692993,4.3559723,294.6949,102201.61,51.75,5.25
2025-09-19 11:00:00,-1.4151001,4.814682,296.51175,102128.47,51.75,5.25
2025-09-19 12:00:00,-1.460968,5.2610626,297.4077,102039.44,51.75,5.25
2025-09-19 13:00:00,-1.5831299,6.057434,298.4073,101968.81,51.75,5.25
2025-09-19 14:00:00,-1.9978943,6.0554657,299.28387,101895.26,51.75,5.25
2025-09-19 15:00:00,-1.8947754,5.5533295,299.6721,101802.59,51.75,5.25
2025-09-19 16:00:00,-1.2706299,5.4562225,299.26065,101794.81,51.75,5.25
2025-09-19 17:00:00,-1.050766,6.03656,297.35077,101748.42,51.75,5.25
2025-09-19 18:00:00,-0.85121155,7.4607697,293.78064,101733.65,51.75,5.25
2025-09-19 19:00:00,0.0045776367,8.519241,292.86786,101724.555,51.75,5.25
2025-09-19 20:00:00,1.0655212,8.837997,292.15933,101717.55,51.75,5.25
2025-09-19 21:00:00,1.7419891,8.722702,291.51086,101674.445,51.75,5.25
2025-09-19 22:00:00,2.3323822,8.93634,291.51495,101633.625,51.75,5.25
2025-09-19 23:00:00,3.1839294,8.053619,291.2865,101597.03,51.75,5.25
2025-09-20 00:00:00,3.6218262,7.650055,290.74426,101579.83,51.75,5.25
2025-09-20 01:00:00,3.6188202,7.4244843,290.74435,101525.7,51.75,5.25
2025-09-20 02:00:00,3.5156097,7.1447906,290.54755,101464.39,51.75,5.25
2025-09-20 03:00:00,4.105728,6.913574,290.89435,101434.39,51.75,5.25
2025-09-20 04:00:00,2.746704,6.4832764,290.72354,101382.05,51.75,5.25
2025-09-20 05:00:00,1.9472809,6.5643463,290.956,101300.22,51.75,5.25
2025-09-20 06:00:00,1.7604218,7.2396393,291.38507,101295.62,51.75,5.25
2025-09-20 07:00:00,3.0877838,5.7785797,292.2647,101317.01,51.75,5.25
2025-09-20 08:00:00,2.1788788,5.058975,294.11,101297.73,51.75,5.25
2025-09-20 09:00:00,1.6620483,5.258316,295.83652,101241.97,51.75,5.25
2025-09-20 10:00:00,4.4021454,5.6228485,297.13788,101203.19,51.75,5.25
2025-09-20 11:00:00,6.823532,4.245102,296.58978,101265.11,51.75,5.25
2025-09-20 12:00:00,5.9122925,3.782486,295.38818,101287.41,51.75,5.25
2025-09-20 13:00:00,2.602005,4.8380127,294.55957,101217.84,51.75,5.25
2025-09-20 14:00:00,1.3861389,6.4066772,294.21893,101174.95,51.75,5.25
2025-09-20 15:00:00,2.276764,7.4193573,293.88153,101137.42,51.75,5.25
2025-09-20 16:00:00,1.9332275,7.523819,294.08374,101065.95,51.75,5.25
2025-09-20 17:00:00,2.2427673,8.498245,294.26935,101035.45,51.75,5.25
2025-09-20 18:00:00,3.7328033,8.546494,294.36478,101017.266,51.75,5.25
2025-09-20 19:00:00,2.3425293,9.100357,294.42047,100949.45,51.75,5.25
2025-09-20 20:00:00,3.2388916,9.847824,294.26456,100945.016,51.75,5.25
2025-09-20 21:00:00,4.287979,9.14711,294.02393,100914.66,51.75,5.25
2025-09-20 22:00:00,5.4755096,8.888947,293.60175,100904.03,51.75,5.25
2025-09-20 23:00:00,6.718979,7.241867,293.27655,100877.89,51.75,5.25
2025-09-21 00:00:00,7.0587616,6.096405,292.43185,100875.47,51.75,5.25
2025-09-21 01:00:00,7.677475,6.639572,291.30734,100897.53,51.75,5.25
2025-09-21 02:00:00,8.316147,7.291733,290.0606,100891.53,51.75,5.25
2025-09-21 03:00:00,8.815186,6.984619,288.8419,100889.01,51.75,5.25
2025-09-21 04:00:00,8.918777,6.4125214,288.10187,100904.96,51.75,5.25
2025-09-21 05:00:00,9.428604,5.8885803,287.33286,100922.34,51.75,5.25
2025-09-21 06:00:00,9.797562,5.455673,287.23065,101006.234,51.75,5.25
2025-09-21 07:00:00,9.462372,5.1885376,287.31448,101077.69,51.75,5.25
2025-09-21 08:00:00,9.196625,4.9391174,287.6799,101177.74,51.75,5.25
2025-09-21 09:00:00,9.926712,1.0831451,288.46783,101254.17,51.75,5.25
2025-09-21 10:00:00,6.35495,-2.2148285,288.46893,101382.71,51.75,5.25
2025-09-21 11:00:00,4.9441833,-4.1259766,288.21103,101432.766,51.75,5.25
2025-09-21 12:00:00,4.219055,-4.228958,288.06732,101541.97,51.75,5.25
2025-09-21 13:00:00,4.115143,-4.485199,287.86945,101619.11,51.75,5.25
2025-09-21 14:00:00,3.4447021,-5.423004,287.86377,101610.14,51.75,5.25
2025-09-21 15:00:00,2.9401855,-5.411865,287.94183,101624.4,51.75,5.25
2025-09-21 16:00:00,2.759552,-5.192581,287.8803,101698.11,51.75,5.25
2025-09-21 17:00:00,2.228302,-4.862808,287.3113,101746.3,51.75,5.25
2025-09-21 18:00:00,1.8138733,-4.776062,285.78717,101819.01,51.75,5.25
2025-09-21 19:00:00,1.6421356,-5.190338,284.2569,101888.03,51.75,5.25
2025-09-21 20:00:00,1.249527,-5.138443,283.21878,101926.86,51.75,5.25
2025-09-21 21:00:00,0.9530029,-5.16687,282.38065,101981.53,51.75,5.25
2025-09-21 22:00:00,0.29722595,-5.18779,281.81674,101980.695,51.75,5.25
2025-09-21 23:00:00,0.6293335,-5.6054535,281.72485,102011.62,51.75,5.25
2025-09-22 00:00:00,-0.057647705,-6.005707,281.21805,101988.06,51.75,5.25
2025-09-22 01:00:00,0.0032348633,-5.607727,281.0866,102052.03,51.75,5.25
2025-09-22 02:00:00,-0.2687378,-6.591812,281.31747,102018.06,51.75,5.25
2025-09-22 03:00:00,-0.9933319,-6.856247,281.37158,101998.41,51.75,5.25
2025-09-22 04:00:00,-1.5097046,-5.9647064,281.87122,102082.914,51.75,5.25
2025-09-22 05:00:00,-1.5598907,-5.8612976,281.78778,102091.58,51.75,5.25
2025-09-22 06:00:00,-1.6724396,-6.2529755,281.52844,102171.484,51.75,5.25
2025-09-22 07:00:00,-2.128357,-6.337143,283.41525,102196.01,51.75,5.25
2025-09-22 08:00:00,-2.2719727,-5.3187714,285.5846,102251.28,51.75,5.25
2025-09-22 09:00:00,-3.8226624,-6.2602234,287.37604,102300.96,51.75,5.25
2025-09-22 10:00:00,-2.9829102,-6.212982,288.2827,102303.39,51.75,5.25
2025-09-22 11:00:00,-3.0262299,-6.5245667,288.38525,102278.516,51.75,5.25
2025-09-22 12:00:00,-2.7005005,-6.5648956,289.1375,102265.45,51.75,5.25
2025-09-22 13:00:00,-2.229538,-6.801346,289.05396,102271.69,51.75,5.25
2025-09-22 14:00:00,-2.123886,-7.2769012,289.03632,102292.375,51.75,5.25
2025-09-22 15:00:00,-1.8175964,-7.7014313,288.41757,102254.22,51.75,5.25
2025-09-22 16:00:00,-1.167038,-7.423935,287.8887,102305.05,51.75,5.25
2025-09-22 17:00:00,-1.1089172,-7.5326843,286.8069,102324.86,51.75,5.25
2025-09-22 18:00:00,-1.5842285,-7.67305,285.39197,102352.52,51.75,5.25
2025-09-22 19:00:00,-1.9880371,-7.4757996,284.38245,102400.57,51.75,5.25
2025-09-22 20:00:00,-2.3193207,-6.832443,283.7506,102433.43,51.75,5.25
2025-09-22 21:00:00,-2.343338,-6.2062836,283.15613,102475.32,51.75,5.25
2025-09-22 22:00:00,-2.5410156,-5.523773,282.66516,102469.83,51.75,5.25
2025-09-22 23:00:00,-1.7986755,-5.522751,282.02798,102462.56,51.75,5.25
2025-09-23 00:00:00,-1.6614532,-5.165909,281.34537,102459.54,51.75,5.25
2025-09-23 01:00:00,-1.56781,-4.6822357,280.68494,102470.62,51.75,5.25
2025-09-23 02:00:00,-1.811615,-4.3068542,281.12555,102480.28,51.75,5.25
2025-09-23 03:00:00,-1.8790894,-4.329239,280.66876,102477.09,51.75,5.25
2025-09-23 04:00:00,-1.8244629,-4.1663055,280.42102,102469.375,51.75,5.25
2025-09-23 05:00:00,-1.8286896,-3.5944824,280.44196,102481.75,51.75,5.25
2025-09-23 06:00:00,-1.9185486,-3.3492584,280.44556,102513.086,51.75,5.25
2025-09-23 07:00:00,-1.8696136,-3.279007,283.3487,102511.42,51.75,5.25
2025-09-23 08:00:00,-1.444107,-2.7437744,286.18802,102546.766,51.75,5.25
2025-09-23 09:00:00,-1.9781189,-3.2534637,288.05402,102571.766,51.75,5.25
2025-09-23 10:00:00,-3.8435516,-4.1228943,288.8957,102530.75,51.75,5.25
2025-09-23 11:00:00,-4.358383,-3.953888,289.71204,102541.58,51.75,5.25
2025-09-23 12:00:00,-3.987503,-4.0136414,289.46783,102488.58,51.75,5.25
2025-09-23 13:00:00,-4.093582,-4.627701,289.55936,102443.086,51.75,5.25
2025-09-23 14:00:00,-4.017563,-5.4252167,289.84055,102410.33,51.75,5.25
2025-09-23 15:00:00,-3.998703,-6.0034637,289.56525,102362.86,51.75,5.25
2025-09-23 16:00:00,-3.7900238,-6.080475,289.17276,102368.09,51.75,5.25
2025-09-23 17:00:00,-3.9197998,-6.3666534,288.1871,102395.58,51.75,5.25
2025-09-23 18:00:00,-4.479645,-7.0203857,286.63715,102426.625,51.75,5.25
2025-09-23 19:00:00,-5.0818024,-7.3544617,285.7541,102467.65,51.75,5.25
2025-09-23 20:00:00,-5.389862,-7.208786,285.10776,102516.016,51.75,5.25
2025-09-23 21:00:00,-5.6344147,-6.8171844,284.4712,102552.16,51.75,5.25
2025-09-23 22:00:00,-6.1315613,-6.207443,283.9154,102554.08,51.75,5.25
2025-09-23 23:00:00,-6.538269,-5.3961334,283.42578,102566.055,51.75,5.25
2025-09-24 00:00:00,-6.562454,-4.9091187,282.83252,102543.54,51.75,5.25
2025-09-24 01:00:00,-6.6290894,-5.136734,282.56372,102549.74,51.75,5.25
2025-09-24 02:00:00,-6.9312897,-4.9965057,282.3722,102526.94,51.75,5.25
2025-09-24 03:00:00,-7.3050537,-4.7076874,281.9427,102519.98,51.75,5.25
2025-09-24 04:00:00,-7.3816376,-4.7775116,281.47357,102513.5,51.75,5.25
2025-09-24 05:00:00,-7.389862,-5.079376,281.11197,102495.055,51.75,5.25
2025-09-24 06:00:00,-7.528656,-5.276718,280.96344,102511.38,51.75,5.25
2025-09-24 07:00:00,-7.501404,-5.2381897,282.24814,102537.625,51.75,5.25
2025-09-24 08:00:00,-6.500519,-4.907715,283.89972,102579.586,51.75,5.25
2025-09-24 09:00:00,-7.1491547,-5.1800385,285.66592,102580.45,51.75,5.25
2025-09-24 10:00:00,-7.267456,-4.783325,286.35535,102557.805,51.75,5.25
2025-09-24 11:00:00,-7.4527435,-5.306259,287.34464,102509.03,51.75,5.25
2025-09-24 12:00:00,-8.445602,-4.652588,288.17316,102478.33,51.75,5.25
2025-09-24 13:00:00,-8.867691,-4.0096893,288.46677,102406.586,51.75,5.25
2025-09-24 14:00:00,-8.831757,-3.8363953,288.48956,102380.72,51.75,5.25
2025-09-24 15:00:00,-8.583496,-3.834961,288.32935,102347.45,51.75,5.25
2025-09-24 16:00:00,-6.789154,-4.393341,287.8377,102338.06,51.75,5.25
2025-09-24 17:00:00,-6.0182953,-5.1821594,286.87448,102338.2,51.75,5.25
2025-09-24 18:00:00,-6.0832367,-5.476944,285.71777,102365.58,51.75,5.25
2025-09-24 19:00:00,-6.4950104,-5.3579254,284.9508,102415.0,51.75,5.25
2025-09-24 20:00:00,-7.0339813,-5.272003,284.69843,102397.61,51.75,5.25
2025-09-24 21:00:00,-7.462616,-5.2038574,284.66245,102415.56,51.75,5.25
2025-09-24 22:00:00,-8.248901,-4.6118317,284.28998,102372.95,51.75,5.25
2025-09-24 23:00:00,-8.083221,-4.362732,284.33252,102352.66,51.75,5.25
2025-09-25 00:00:00,-7.9852448,-4.3247833,284.33618,102317.45,51.75,5.25
2025-09-25 01:00:00,-7.9808655,-4.511383,284.14948,102299.08,51.75,5.25
2025-09-25 02:00:00,-7.7927704,-5.109909,283.62384,102274.58,51.75,5.25
2025-09-25 03:00:00,-7.9688873,-5.18779,283.0423,102259.36,51.75,5.25
2025-09-25 04:00:00,-8.030853,-4.9332275,282.508,102247.09,51.75,5.25
2025-09-25 05:00:00,-8.032379,-5.032608,282.28424,102279.25,51.75,5.25
2025-09-25 06:00:00,-7.8683014,-4.900757,282.21024,102294.42,51.75,5.25
2025-09-25 07:00:00,-7.778244,-4.8023987,282.90338,102318.016,51.75,5.25
2025-09-25 08:00:00,-7.5057983,-4.9050293,283.63885,102341.69,51.75,5.25
2025-09-25 09:00:00,-8.465088,-4.376114,284.83334,102335.54,51.75,5.25
2025-09-25 10:00:00,-8.454468,-4.3955383,285.72137,102274.17,51.75,5.25
2025-09-25 11:00:00,-9.642593,-3.7842407,287.03003,102209.836,51.75,5.25
2025-09-25 12:00:00,-9.608582,-4.1803894,287.3192,102201.92,51.75,5.25
2025-09-25 13:00:00,-9.958023,-3.3298645,287.383,102190.08,51.75,5.25
2025-09-25 14:00:00,-8.54483,-1.859726,287.05768,102192.59,51.75,5.25
2025-09-25 15:00:00,-7.919922,-0.9969635,286.42255,102200.82,51.75,5.25
2025-09-25 16:00:00,-8.048492,-0.54833984,285.67322,102230.97,51.75,5.25
2025-09-25 17:00:00,-8.174805,-0.24179077,285.20148,102254.99,51.75,5.25
2025-09-25 18:00:00,-8.441574,-1.0320587,284.8756,102283.78,51.75,5.25
2025-09-25 19:00:00,-8.371826,-2.0463257,284.70386,102278.21,51.75,5.25
2025-09-25 20:00:00,-8.230148,-1.9792023,284.49152,102262.41,51.75,5.25
2025-09-25 21:00:00,-7.7620087,-1.5983582,284.42548,102280.19,51.75,5.25
2025-09-25 22:00:00,-7.788864,-0.6815033,284.8302,102286.26,51.75,5.25
2025-09-25 23:00:00,-6.729645,-0.24456787,284.64948,102260.05,51.75,5.25
2025-09-26 00:00:00,-6.213913,-0.29414368,284.44424,102246.34,51.75,5.25
2025-09-26 01:00:00,-5.8316803,-1.1970825,284.16888,102222.05,51.75,5.25
2025-09-26 02:00:00,-6.2182465,-1.204956,283.94888,102195.555,51.75,5.25
2025-09-26 03:00:00,-6.351761,-0.5923462,283.89594,102166.234,51.75,5.25
2025-09-26 04:00:00,-6.262146,-0.30967712,283.8185,102148.8,51.75,5.25
2025-09-26 05:00:00,-6.287094,-0.58384705,283.75836,102169.97,51.75,5.25
2025-09-26 06:00:00,-6.0609283,-0.4258728,283.80267,102181.86,51.75,5.25
2025-09-26 07:00:00,-5.7307587,-0.52731323,284.14816,102232.88,51.75,5.25
2025-09-26 08:00:00,-5.48909,-0.061431885,284.79956,102238.97,51.75,5.25
2025-09-26 09:00:00,-5.406906,1.1133118,285.24203,102264.984,51.75,5.25
2025-09-26 10:00:00,-4.849228,2.154892,286.2549,102255.09,51.75,5.25
2025-09-26 11:00:00,-4.755066,1.8599701,286.56924,102253.57,51.75,5.25
2025-09-26 12:00:00,-4.611145,1.9312744,287.3356,102235.16,51.75,5.25
2025-09-26 13:00:00,-3.8467255,1.513031,287.47668,102178.18,51.75,5.25
2025-09-26 14:00:00,-3.453064,1.1007233,288.19873,102155.266,51.75,5.25
2025-09-26 15:00:00,-3.616394,0.7714081,287.9701,102159.44,51.75,5.25
2025-09-26 16:00:00,-3.4365082,-0.1124115,287.85562,102178.195,51.75,5.25
2025-09-26 17:00:00,-3.3467102,-1.305954,286.78577,102172.31,51.75,5.25
2025-09-26 18:00:00,-3.7598114,-2.2740936,285.4541,102171.67,51.75,5.25
2025-09-26 19:00:00,-3.913208,-2.5125732,284.6551,102176.97,51.75,5.25
2025-09-26 20:00:00,-4.0016937,-1.9129944,283.86725,102187.67,51.75,5.25
2025-09-26 21:00:00,-3.5742798,-1.7886047,283.29315,102189.39,51.75,5.25
2025-09-26 22:00:00,-4.7445526,-1.7983246,283.58032,102169.04,51.75,5.25
2025-09-26 23:00:00,-4.4281616,-1.5611115,283.55426,102123.2,51.75,5.25
2025-09-27 00:00:00,-4.1094055,-1.1368256,283.34747,102074.73,51.75,5.25
2025-09-27 01:00:00,-4.2326202,-1.2615662,283.45715,102054.516,51.75,5.25
2025-09-27 02:00:00,-3.6603699,-1.1239319,283.6958,102033.7,51.75,5.25
2025-09-27 03:00:00,-3.834549,-0.9953766,283.70026,102022.66,51.75,5.25
2025-09-27 04:00:00,-4.2972565,-0.52211,283.61633,102061.69,51.75,5.25
2025-09-27 05:00:00,-3.3480225,-0.29148865,283.66626,102036.945,51.75,5.25
2025-09-27 06:00:00,-3.0765686,-0.03845215,283.56232,102068.734,51.75,5.25
2025-09-27 07:00:00,-1.8259583,0.5661621,283.95013,102096.48,51.75,5.25
2025-09-27 08:00:00,-1.0787811,0.9002991,284.737,102106.11,51.75,5.25
2025-09-27 09:00:00,-1.3124237,1.1282654,285.71118,102125.086,51.75,5.25
2025-09-27 10:00:00,-1.8300018,1.7950287,286.67133,102130.5,51.75,5.25
2025-09-27 11:00:00,-1.8875732,2.3049774,288.1374,102136.31,51.75,5.25
2025-09-27 12:00:00,-1.775238,2.3146362,288.86115,102128.055,51.75,5.25
2025-09-27 13:00:00,-1.8542328,2.1859741,289.0432,102097.984,51.75,5.25
2025-09-27 14:00:00,-1.9545135,2.1286774,289.5099,102107.516,51.75,5.25
2025-09-27 15:00:00,-2.0331879,1.6627502,289.22528,102100.0,51.75,5.25
2025-09-27 16:00:00,-2.2518616,1.1940002,288.7943,102126.06,51.75,5.25
2025-09-27 17:00:00,-2.7505188,1.2397919,287.6923,102143.33,51.75,5.25
2025-09-27 18:00:00,-3.6698456,1.7837372,286.69464,102149.19,51.75,5.25
2025-09-27 19:00:00,-3.8320618,1.9289703,284.95563,102184.836,51.75,5.25
2025-09-27 20:00:00,-3.243454,1.8026581,283.6496,102198.89,51.75,5.25
2025-09-27 21:00:00,-3.5978088,1.69281,282.5227,102202.7,51.75,5.25
2025-09-27 22:00:00,-3.9763336,2.7653809,283.8711,102208.93,51.75,5.25
2025-09-27 23:00:00,-3.160904,2.9761658,283.30798,102200.766,51.75,5.25
2025-09-28 00:00:00,-2.1502075,3.3072052,282.81042,102208.86,51.75,5.25
2025-09-28 01:00:00,-1.8043365,3.1587524,281.27844,102201.22,51.75,5.25
2025-09-28 02:00:00,-1.1370087,2.7874146,280.8219,102196.805,51.75,5.25
2025-09-28 03:00:00,-0.50164795,2.771576,280.52496,102190.78,51.75,5.25
2025-09-28 04:00:00,-0.35858154,2.7935944,280.3427,102213.09,51.75,5.25
2025-09-28 05:00:00,-0.48620605,2.7617493,279.8735,102195.01,51.75,5.25
2025-09-28 06:00:00,-0.7913513,2.6744232,279.83472,102189.34,51.75,5.25
2025-09-28 07:00:00,-0.66700745,2.663437,282.12115,102216.36,51.75,5.25
2025-09-28 08:00:00,-0.15960693,1.9953766,285.31445,102219.02,51.75,5.25
2025-09-28 09:00:00,-0.15988159,1.1505737,288.0672,102230.55,51.75,5.25
2025-09-28 10:00:00,-0.21084595,1.3060913,290.17172,102232.16,51.75,5.25
2025-09-28 11:00:00,-1.0637512,2.0823822,290.89307,102230.984,51.75,5.25
2025-09-28 12:00:00,-1.136322,2.5051117,291.53235,102183.89,51.75,5.25
2025-09-28 13:00:00,-0.45739746,2.3667908,292.09467,102140.484,51.75,5.25
2025-09-28 14:00:00,-0.03288269,1.6788788,292.22745,102113.3,51.75,5.25
2025-09-28 15:00:00,-0.020858765,0.734848,292.41486,102091.83,51.75,5.25
2025-09-28 16:00:00,-0.5222626,-0.42492676,291.72266,102088.375,51.75,5.25
2025-09-28 17:00:00,-1.4029083,-1.0772858,290.13574,102123.56,51.75,5.25
2025-09-28 18:00:00,-2.1103973,-1.2332306,287.1251,102149.22,51.75,5.25
2025-09-28 19:00:00,-2.3813171,-1.1591187,284.71188,102185.67,51.75,5.25
2025-09-28 20:00:00,-2.2906647,-0.983078,283.60767,102204.625,51.75,5.25
2025-09-28 21:00:00,-1.9013672,-1.1443634,283.5537,102217.52,51.75,5.25
2025-09-28 22:00:00,-0.887619,-2.5978394,283.84772,102226.625,51.75,5.25
2025-09-28 23:00:00,-1.0088043,-3.2102814,282.8803,102239.555,51.75,5.25
2025-09-29 00:00:00,-1.5291443,-3.4212189,282.55664,102240.36,51.75,5.25
2025-09-29 01:00:00,-1.7062225,-3.4346313,281.79083,102250.88,51.75,5.25
2025-09-29 02:00:00,-1.5459137,-3.207306,281.8092,102233.72,51.75,5.25
2025-09-29 03:00:00,-1.1885376,-2.872528,281.4354,102219.9,51.75,5.25
2025-09-29 04:00:00,-0.40168762,-2.93161,281.87354,102223.695,51.75,5.25
2025-09-29 05:00:00,0.48526,-3.294403,281.6126,102223.03,51.75,5.25
2025-09-29 06:00:00,0.6880188,-3.6536255,281.68817,102238.42,51.75,5.25
2025-09-29 07:00:00,0.6574707,-3.5964508,283.14148,102270.19,51.75,5.25
2025-09-29 08:00:00,0.98420715,-2.7091522,286.1182,102277.445,51.75,5.25
2025-09-29 09:00:00,1.1700897,-2.082611,288.77576,102304.0,51.75,5.25
2025-09-29 10:00:00,1.3350525,-2.3788147,290.14667,102298.95,51.75,5.25
2025-09-29 11:00:00,2.029129,-2.2830505,291.18802,102298.766,51.75,5.25
2025-09-29 12:00:00,2.8113098,-2.5019684,291.3899,102269.28,51.75,5.25
2025-09-29 13:00:00,3.0732117,-2.579422,291.6001,102223.984,51.75,5.25
2025-09-29 14:00:00,2.9577637,-2.6147919,291.58795,102202.58,51.75,5.25
2025-09-29 15:00:00,3.3038483,-3.1134338,291.35547,102197.64,51.75,5.25
2025-09-29 16:00:00,3.5530396,-4.0795135,290.5437,102225.625,51.75,5.25
2025-09-29 17:00:00,3.3870087,-4.8067474,289.02597,102257.266,51.75,5.25
2025-09-29 18:00:00,2.9027863,-5.004013,287.4029,102282.8,51.75,5.25
2025-09-29 19:00:00,2.6288452,-4.7976227,286.11224,102302.555,51.75,5.25
2025-09-29 20:00:00,2.7721252,-4.5650024,285.2251,102298.555,51.75,5.25
2025-09-29 21:00:00,2.8418884,-4.238678,284.44257,102314.125,51.75,5.25
2025-09-29 22:00:00,2.4534912,-3.1893158,283.52203,102328.22,51.75,5.25
2025-09-29 23:00:00,2.6649628,-2.6203918,283.02704,102292.84,51.75,5.25
2025-09-30 00:00:00,2.9430084,-2.5891418,283.10565,102298.53,51.75,5.25
2025-09-30 01:00:00,2.9274292,-2.446289,282.99622,102289.72,51.75,5.25
2025-09-30 02:00:00,2.936493,-2.451889,283.07495,102273.484,51.75,5.25
2025-09-30 03:00:00,2.6600494,-2.864853,283.294,102270.984,51.75,5.25
2025-09-30 04:00:00,2.144165,-3.3947296,283.27698,102288.99,51.75,5.25
2025-09-30 05:00:00,1.4555054,-3.7153015,283.09448,102316.875,51.75,5.25
2025-09-30 06:00:00,0.8135071,-3.622589,283.1,102338.39,51.75,5.25
2025-09-30 07:00:00,0.40223694,-2.9443817,283.99524,102399.195,51.75,5.25
2025-09-30 08:00:00,-0.019378662,-2.2617798,285.75812,102440.43,51.75,5.25
2025-09-30 09:00:00,-0.38224792,-2.4268188,287.28635,102463.016,51.75,5.25
2025-09-30 10:00:00,-0.44836426,-2.2684631,287.73846,102464.26,51.75,5.25
2025-09-30 11:00:00,-0.46185303,-2.287384,288.80884,102493.7,51.75,5.25
2025-09-30 12:00:00,-0.08010864,-2.2926483,289.65912,102476.734,51.75,5.25
2025-09-30 13:00:00,0.13899231,-2.5631866,290.3825,102477.125,51.75,5.25
2025-09-30 14:00:00,0.09036255,-3.052414,290.61755,102492.39,51.75,5.25
2025-09-30 15:00:00,-0.64616394,-3.421463,290.67145,102497.3,51.75,5.25
2025-09-30 16:00:00,-1.2934418,-3.4042053,289.61377,102516.53,51.75,5.25
2025-09-30 17:00:00,-1.6795654,-3.464447,287.79474,102555.31,51.75,5.25
2025-09-30 18:00:00,-2.5051575,-3.311493,286.03766,102589.86,51.75,5.25
2025-09-30 19:00:00,-3.5496826,-2.5726929,284.40527,102647.08,51.75,5.25
2025-09-30 20:00:00,-4.10376,-1.4382782,283.19977,102678.805,51.75,5.25
2025-09-30 21:00:00,-3.974762,-0.36979675,282.1075,102696.56,51.75,5.25
2025-09-30 22:00:00,-4.01355,0.57025146,281.70764,102704.2,51.75,5.25
2025-09-30 23:00:00,-3.7018127,0.7642822,280.74054,102714.266,51.75,5.25
2025-10-01 00:00:00,-3.458023,0.6271057,279.9231,102707.89,51.75,5.25
2025-10-01 01:00:00,-3.4910736,0.46913147,279.4534,102715.2,51.75,5.25
2025-10-01 02:00:00,-3.8368225,0.61512756,279.65845,102724.54,51.75,5.25
2025-10-01 03:00:00,-4.095932,0.95884705,279.5319,102738.97,51.75,5.25
2025-10-01 04:00:00,-4.6767426,1.4842224,279.8844,102762.06,51.75,5.25
2025-10-01 05:00:00,-4.6963806,2.0260315,279.58154,102760.72,51.75,5.25
2025-10-01 06:00:00,-4.2559967,2.3626404,279.29077,102827.03,51.75,5.25
2025-10-01 07:00:00,-4.073166,2.335846,281.51318,102865.0,51.75,5.25
2025-10-01 08:00:00,-3.1581116,1.4537201,283.34546,102897.3,51.75,5.25
2025-10-01 09:00:00,-3.179657,1.1366425,284.76123,102911.56,51.75,5.25
2025-10-01 10:00:00,-3.3164978,1.6276855,286.97095,102923.36,51.75,5.25
2025-10-01 11:00:00,-3.4637756,1.6371765,288.0547,102918.766,51.75,5.25
2025-10-01 12:00:00,-3.200119,1.5671844,289.0224,102883.61,51.75,5.25
2025-10-01 13:00:00,-3.0367126,1.2687378,289.66104,102891.61,51.75,5.25
2025-10-01 14:00:00,-2.9867249,0.92596436,289.86288,102858.586,51.75,5.25
2025-10-01 15:00:00,-3.181015,0.7024994,289.60223,102834.734,51.75,5.25
2025-10-01 16:00:00,-3.7016296,0.23532104,288.6373,102836.55,51.75,5.25
2025-10-01 17:00:00,-4.7530823,0.18508911,286.54877,102843.2,51.75,5.25
2025-10-01 18:00:00,-5.707138,0.56526184,284.95685,102878.05,51.75,5.25
2025-10-01 19:00:00,-5.9743958,1.2274475,284.05185,102867.875,51.75,5.25
2025-10-01 20:00:00,-5.7856445,1.8458862,283.55902,102870.61,51.75,5.25
2025-10-01 21:00:00,-5.2841644,2.3955536,282.78906,102861.56,51.75,5.25
2025-10-01 22:00:00,-5.2282257,2.2411041,281.79398,102851.67,51.75,5.25
2025-10-01 23:00:00,-4.498947,2.9156036,281.3968,102834.86,51.75,5.25
2025-10-02 00:00:00,-3.7624054,3.692154,281.1814,102797.0,51.75,5.25
2025-10-02 01:00:00,-2.7752686,4.3639374,280.643,102790.86,51.75,5.25
2025-10-02 02:00:00,-2.0093231,4.707611,281.02713,102750.86,51.75,5.25
2025-10-02 03:00:00,-1.7075348,4.9993134,280.77393,102722.734,51.75,5.25
2025-10-02 04:00:00,-1.490448,5.402176,281.00925,102725.234,51.75,5.25
2025-10-02 05:00:00,-1.1846924,5.529541,280.93213,102727.05,51.75,5.25
2025-10-02 06:00:00,-1.3093109,5.8004303,280.69202,102753.44,51.75,5.25
2025-10-02 07:00:00,-1.4437561,5.989456,282.31772,102772.69,51.75,5.25
2025-10-02 08:00:00,-1.3951721,5.6171417,283.92935,102771.03,51.75,5.25
2025-10-02 09:00:00,-0.7323303,5.3707123,285.86542,102772.91,51.75,5.25
2025-10-02 10:00:00,-0.48007202,4.328598,287.86987,102763.375,51.75,5.25
2025-10-02 11:00:00,-0.763855,4.84523,289.28983,102684.86,51.75,5.25
2025-10-02 12:00:00,-0.98187256,5.002243,289.7937,102640.19,51.75,5.25
2025-10-02 13:00:00,-1.0917206,4.838608,290.49084,102590.06,51.75,5.25
2025-10-02 14:00:00,-1.0486908,4.699402,290.7535,102538.56,51.75,5.25
2025-10-02 15:00:00,-1.1550903,4.51532,290.55273,102510.125,51.75,5.25
2025-10-02 16:00:00,-2.1893158,4.3574677,289.64575,102463.08,51.75,5.25
2025-10-02 17:00:00,-3.3105774,4.920944,287.69644,102419.625,51.75,5.25
2025-10-02 18:00:00,-3.603836,5.5649567,285.9473,102446.016,51.75,5.25
2025-10-02 19:00:00,-3.4679565,6.4023285,285.07898,102429.54,51.75,5.25
2025-10-02 20:00:00,-3.2037964,6.994568,284.85046,102401.82,51.75,5.25
2025-10-02 21:00:00,-2.4960785,7.379425,284.53174,102362.85,51.75,5.25
2025-10-02 22:00:00,-1.9457703,8.0868225,284.71448,102276.59,51.75,5.25
2025-10-02 23:00:00,-1.8622131,8.1232605,284.52832,102204.875,51.75,5.25
2025-10-03 00:00:00,-1.7129517,8.098114,284.57233,102147.445,51.75,5.25
2025-10-03 01:00:00,-0.9567108,7.660492,284.30106,102138.94,51.75,5.25
2025-10-03 02:00:00,-0.15107727,6.9582825,283.836,102150.31,51.75,5.25
2025-10-03 03:00:00,-1.1968994,6.96344,283.66168,102083.12,51.75,5.25
2025-10-03 04:00:00,-1.8110199,7.159622,283.43848,102028.305,51.75,5.25
2025-10-03 05:00:00,-2.6495361,7.179535,283.32843,101936.555,51.75,5.25
2025-10-03 06:00:00,-2.5960999,7.505539,283.3335,101902.28,51.75,5.25
2025-10-03 07:00:00,-2.1262817,7.602112,283.61066,101871.5,51.75,5.25
2025-10-03 08:00:00,-1.8126221,7.7675476,284.4743,101850.266,51.75,5.25
2025-10-03 09:00:00,-1.4230957,8.096207,285.25043,101787.75,51.75,5.25
2025-10-03 10:00:00,-1.8245544,7.0821075,285.9988,101746.33,51.75,5.25
2025-10-03 11:00:00,-2.1137543,7.272751,286.85577,101657.66,51.75,5.25
2025-10-03 12:00:00,-1.7355804,7.2967987,286.86884,101597.84,51.75,5.25
2025-10-03 13:00:00,-3.4018707,7.4911804,286.77557,101534.31,51.75,5.25
2025-10-03 14:00:00,-3.348587,8.606781,286.90723,101448.3,51.75,5.25
2025-10-03 15:00:00,-2.2362823,9.5677185,286.86932,101336.664,51.75,5.25
2025-10-03 16:00:00,-1.0639343,10.148529,286.90222,101255.734,51.75,5.25
2025-10-03 17:00:00,0.04118347,10.418182,286.13995,101202.87,51.75,5.25
2025-10-03 18:00:00,-0.7950287,11.116425,284.5452,101109.72,51.75,5.25
2025-10-03 19:00:00,-0.4433899,12.12146,283.85403,101010.836,51.75,5.25
2025-10-03 20:00:00,0.34231567,12.567566,284.17102,100902.05,51.75,5.25
2025-10-03 21:00:00,0.86039734,12.828323,284.61356,100738.31,51.75,5.25
2025-10-03 22:00:00,0.28590393,12.974808,285.17468,100518.59,51.75,5.25
2025-10-03 23:00:00,1.5811157,13.577209,285.7392,100361.75,51.75,5.25
2025-10-04 00:00:00,3.1703339,13.687744,286.5352,100192.87,51.75,5.25
2025-10-04 01:00:00,4.385315,13.751038,287.4016,100045.91,51.75,5.25
2025-10-04 02:00:00,5.09729,13.938309,288.221,99832.734,51.75,5.25
2025-10-04 03:00:00,6.6397247,13.73877,289.20746,99665.805,51.75,5.25
2025-10-04 04:00:00,8.296143,12.787399,289.26288,99512.55,51.75,5.25
2025-10-04 05:00:00,11.23735,9.069763,288.7296,99451.32,51.75,5.25
2025-10-04 06:00:00,13.3841095,1.822937,287.7461,99524.54,51.75,5.25
2025-10-04 07:00:00,11.6147,1.8066101,285.80807,99568.18,51.75,5.25
2025-10-04 08:00:00,10.720963,4.2042084,285.2638,99585.484,51.75,5.25
2025-10-04 09:00:00,10.838898,5.1809235,285.68475,99601.1,51.75,5.25
2025-10-04 10:00:00,10.8424225,3.4211426,286.60913,99644.03,51.75,5.25
2025-10-04 11:00:00,10.481232,3.8736572,287.70343,99654.09,51.75,5.25
2025-10-04 12:00:00,13.301315,3.4599304,288.08337,99705.61,51.75,5.25
2025-10-04 13:00:00,12.236664,1.8221283,287.30606,99778.664,51.75,5.25
2025-10-04 14:00:00,12.339157,3.3001862,286.92813,99770.42,51.75,5.25
2025-10-04 15:00:00,13.596237,4.4113007,286.50122,99788.766,51.75,5.25
2025-10-04 16:00:00,13.583237,3.533722,285.95224,99866.42,51.75,5.25
2025-10-04 17:00:00,12.450195,4.4589844,283.9143,99913.39,51.75,5.25
2025-10-04 18:00:00,12.546341,4.056366,283.78687,99970.71,51.75,5.25
2025-10-04 19:00:00,12.588882,2.6877441,284.40405,100078.016,51.75,5.25
2025-10-04 20:00:00,12.464478,2.4780273,284.97122,100159.14,51.75,5.25
2025-10-04 21:00:00,12.3355255,2.4134064,285.01776,100235.31,51.75,5.25
2025-10-04 22:00:00,12.35144,3.1520386,284.81674,100301.22,51.75,5.25
2025-10-04 23:00:00,12.067459,2.7731323,284.7027,100391.125,51.75,5.25
2025-10-05 00:00:00,11.513138,3.7567291,284.59003,100402.484,51.75,5.25
2025-10-05 01:00:00,11.666901,3.7285156,284.22385,100432.53,51.75,5.25
2025-10-05 02:00:00,11.56134,3.173996,284.1615,100478.125,51.75,5.25
2025-10-05 03:00:00,11.229065,3.1929932,283.85352,100474.39,51.75,5.25
2025-10-05 04:00:00,11.389648,2.6757507,284.1212,100506.83,51.75,5.25
2025-10-05 05:00:00,11.619888,1.6218414,283.6926,100534.86,51.75,5.25
2025-10-05 06:00:00,11.521103,1.4269562,283.58255,100580.44,51.75,5.25
2025-10-05 07:00:00,11.764374,0.94958496,283.82605,100685.58,51.75,5.25
2025-10-05 08:00:00,11.668152,0.33999634,284.58533,100764.77,51.75,5.25
2025-10-05 09:00:00,10.272125,0.19960022,285.54288,100844.12,51.75,5.25
2025-10-05 10:00:00,10.035095,-0.24916077,286.1447,100923.2,51.75,5.25
2025-10-05 11:00:00,10.494614,-1.489502,286.40845,101003.97,51.75,5.25
2025-10-05 12:00:00,10.639633,-1.7397461,286.34918,101082.03,51.75,5.25
2025-10-05 13:00:00,10.500595,-2.1919403,286.46826,101139.586,51.75,5.25
2025-10-05 14:00:00,9.606644,-2.1743622,286.83627,101209.31,51.75,5.25
2025-10-05 15:00:00,9.712112,-2.7264404,286.85968,101263.68,51.75,5.25
2025-10-05 16:00:00,9.360825,-3.2944336,286.64804,101360.875,51.75,5.25
2025-10-05 17:00:00,8.909409,-3.2888947,286.04102,101452.47,51.75,5.25
2025-10-05 18:00:00,8.118439,-3.0363312,285.45062,101544.78,51.75,5.25
2025-10-05 19:00:00,7.407257,-2.4177246,284.81253,101628.12,51.75,5.25
2025-10-05 20:00:00,6.9065704,-1.644577,284.08942,101685.875,51.75,5.25
2025-10-05 21:00:00,6.6837006,-1.1289062,283.52094,101725.91,51.75,5.25
2025-10-05 22:00:00,6.462082,-1.1719208,284.2691,101778.734,51.75,5.25
2025-10-05 23:00:00,6.8836823,-0.7841644,283.87735,101841.69,51.75,5.25
2025-10-06 00:00:00,7.247589,-0.20339966,283.80334,101869.08,51.75,5.25
2025-10-06 01:00:00,7.307953,0.034942627,283.8153,101881.66,51.75,5.25
2025-10-06 02:00:00,7.3274994,-0.08456421,284.25592,101925.766,51.75,5.25
2025-10-06 03:00:00,7.33226,-0.45506287,284.87238,101961.33,51.75,5.25
2025-10-06 04:00:00,7.1890106,-0.28111267,285.06775,101989.73,51.75,5.25
2025-10-06 05:00:00,7.2049713,-0.039596558,285.32416,102006.86,51.75,5.25
2025-10-06 06:00:00,7.384384,0.28274536,285.42157,102044.73,51.75,5.25
2025-10-06 07:00:00,7.611328,0.5621033,285.65295,102105.3,51.75,5.25
2025-10-06 08:00:00,7.4313507,0.6329651,285.96735,102153.86,51.75,5.25
2025-10-06 09:00:00,7.0628815,0.9990845,286.6359,102196.75,51.75,5.25
2025-10-06 10:00:00,6.297058,1.5979004,287.31964,102227.86,51.75,5.25
2025-10-06 11:00:00,6.502075,1.1256866,287.63925,102270.2,51.75,5.25
2025-10-06 12:00:00,7.303726,0.6151886,287.80573,102263.875,51.75,5.25
2025-10-06 13:00:00,6.8576355,1.2633972,288.06567,102251.88,51.75,5.25
2025-10-06 14:00:00,6.6197205,1.6920013,288.05878,102256.53,51.75,5.25
2025-10-06 15:00:00,6.5886536,1.5779572,287.8836,102257.58,51.75,5.25
2025-10-06 16:00:00,6.379944,0.5841675,287.52502,102294.92,51.75,5.25
2025-10-06 17:00:00,6.0342407,0.19194031,287.0645,102299.875,51.75,5.25
2025-10-06 18:00:00,5.909256,0.3665161,286.91077,102319.86,51.75,5.25
2025-10-06 19:00:00,5.850769,0.53411865,286.96033,102364.11,51.75,5.25
2025-10-06 20:00:00,5.644043,0.5957031,287.12915,102392.09,51.75,5.25
2025-10-06 21:00:00,5.4417114,0.75871277,287.13892,102407.56,51.75,5.25
2025-10-06 22:00:00,5.101639,0.96131897,287.05167,102397.266,51.75,5.25
2025-10-06 23:00:00,5.1111755,1.4190979,286.84772,102393.95,51.75,5.25
2025-10-07 00:00:00,4.6554565,1.9642792,286.7115,102397.3,51.75,5.25
2025-10-07 01:00:00,4.260147,2.7478485,286.50705,102386.766,51.75,5.25
2025-10-07 02:00:00,4.306946,3.3041077,286.44507,102367.16,51.75,5.25
2025-10-07 03:00:00,4.644821,3.345581,286.29626,102381.0,51.75,5.25
2025-10-07 04:00:00,4.670059,3.1414642,286.2863,102410.95,51.75,5.25
2025-10-07 05:00:00,4.8594666,3.433731,286.34912,102396.125,51.75,5.25
2025-10-07 06:00:00,5.1848297,3.6419373,286.26956,102424.375,51.75,5.25
2025-10-07 07:00:00,5.219513,3.5471954,286.52374,102469.37,51.75,5.25
2025-10-07 08:00:00,4.7310333,3.150406,287.15558,102497.55,51.75,5.25
2025-10-07 09:00:00,4.8262787,3.3436127,287.951,102509.44,51.75,5.25
2025-10-07 10:00:00,5.055069,3.4671173,288.15137,102484.04,51.75,5.25
2025-10-07 11:00:00,5.784958,3.0050812,289.0785,102473.19,51.75,5.25
2025-10-07 12:00:00,6.247177,2.276596,289.69354,102435.91,51.75,5.25
2025-10-07 13:00:00,5.639389,1.9623413,289.8526,102436.55,51.75,5.25
2025-10-07 14:00:00,4.817978,1.7532654,289.59204,102402.59,51.75,5.25
2025-10-07 15:00:00,4.3668213,2.040863,289.1482,102366.086,51.75,5.25
2025-10-07 16:00:00,4.132187,2.5065002,288.77548,102374.055,51.75,5.25
2025-10-07 17:00:00,3.7243347,2.9190826,288.41058,102362.83,51.75,5.25
2025-10-07 18:00:00,3.4474182,3.2471924,287.9931,102378.16,51.75,5.25
2025-10-07 19:00:00,3.5411682,3.296997,287.7745,102370.984,51.75,5.25
2025-10-07 20:00:00,3.5976105,3.1592255,287.47308,102382.734,51.75,5.25
2025-10-07 21:00:00,3.4808502,3.3858337,287.2912,102356.61,51.75,5.25
2025-10-07 22:00:00,3.9844208,3.7586365,287.097,102358.41,51.75,5.25
2025-10-07 23:00:00,3.9817657,3.46315,286.93805,102326.7,51.75,5.25
2025-10-08 00:00:00,3.9942932,3.3692474,286.80597,102280.164,51.75,5.25
2025-10-08 01:00:00,4.087021,3.209488,286.61963,102233.516,51.75,5.25
2025-10-08 02:00:00,4.4072113,2.6016998,286.54678,102216.52,51.75,5.25
2025-10-08 03:00:00,4.6444855,1.8877106,286.4879,102181.8,51.75,5.25
2025-10-08 04:00:00,4.437332,1.4623871,286.45154,102160.69,51.75,5.25
2025-10-08 05:00:00,4.1067505,1.5537415,286.22443,102150.5,51.75,5.25
2025-10-08 06:00:00,4.0798492,1.7288818,285.96277,102148.875,51.75,5.25
2025-10-08 07:00:00,4.1331177,1.8715973,286.35315,102179.84,51.75,5.25
2025-10-08 08:00:00,3.738205,1.8439484,287.12064,102187.58,51.75,5.25
2025-10-08 09:00:00,3.585968,1.5727997,287.74762,102218.27,51.75,5.25
2025-10-08 10:00:00,3.2580414,0.5485382,288.44077,102201.64,51.75,5.25
2025-10-08 11:00:00,3.6370087,0.9041443,289.06967,102178.484,51.75,5.25
2025-10-08 12:00:00,4.0444183,0.47955322,289.265,102154.69,51.75,5.25
2025-10-08 13:00:00,4.2568817,-0.5837097,289.43744,102162.55,51.75,5.25
2025-10-08 14:00:00,4.2405243,-1.456131,289.37766,102149.555,51.75,5.25
2025-10-08 15:00:00,3.7157745,-1.4741669,289.17987,102139.56,51.75,5.25
2025-10-08 16:00:00,3.8937225,-1.276535,288.76984,102151.91,51.75,5.25
2025-10-08 17:00:00,4.0021667,-1.3122406,288.28455,102194.625,51.75,5.25
2025-10-08 18:00:00,4.0195312,-1.2734222,287.93988,102208.89,51.75,5.25
2025-10-08 19:00:00,3.9330292,-1.5856018,287.61353,102242.53,51.75,5.25
2025-10-08 20:00:00,3.640976,-2.6348572,287.3767,102283.78,51.75,5.25
2025-10-08 21:00:00,3.0964966,-3.69664,287.01328,102306.81,51.75,5.25
2025-10-08 22:00:00,2.7036285,-3.9762115,286.70276,102336.53,51.75,5.25
2025-10-08 23:00:00,2.6454926,-4.4147186,286.2948,102357.79,51.75,5.25
2025-10-09 00:00:00,2.4563599,-4.431732,285.91003,102369.32,51.75,5.25
2025-10-09 01:00:00,2.1248627,-3.64357,285.175,102356.41,51.75,5.25
2025-10-09 02:00:00,2.4394379,-3.1585999,284.35962,102353.06,51.75,5.25
2025-10-09 03:00:00,2.628296,-2.696045,283.6571,102369.38,51.75,5.25
2025-10-09 04:00:00,2.964035,-2.270691,283.02356,102386.234,51.75,5.25
2025-10-09 05:00:00,3.294632,-1.584732,283.1398,102402.445,51.75,5.25
2025-10-09 06:00:00,3.5331573,-1.0070038,282.85938,102445.61,51.75,5.25
2025-10-09 07:00:00,3.5662994,-0.45672607,283.89374,102506.03,51.75,5.25
2025-10-09 08:00:00,3.265625,0.24047852,285.71753,102529.95,51.75,5.25
2025-10-09 09:00:00,2.8466644,0.5155182,287.23267,102554.51,51.75,5.25
2025-10-09 10:00:00,3.3109589,-0.8581848,287.9497,102584.625,51.75,5.25
2025-10-09 11:00:00,3.7953186,-0.6348114,288.271,102552.84,51.75,5.25
2025-10-09 12:00:00,3.9674988,-0.67111206,288.60156,102543.94,51.75,5.25
2025-10-09 13:00:00,4.220993,-1.1822052,288.63132,102556.016,51.75,5.25
2025-10-09 14:00:00,4.2642365,-1.537735,288.4816,102576.516,51.75,5.25
2025-10-09 15:00:00,4.096451,-0.8186798,288.36945,102587.375,51.75,5.25
2025-10-09 16:00:00,4.279663,-0.30819702,287.90854,102605.67,51.75,5.25
2025-10-09 17:00:00,4.934799,-0.96165466,287.0537,102679.48,51.75,5.25
2025-10-09 18:00:00,5.026657,-1.1361237,286.30756,102731.41,51.75,5.25
2025-10-09 19:00:00,5.1080627,-0.6466217,285.94772,102781.195,51.75,5.25
2025-10-09 20:00:00,5.0178375,0.0317688,285.8783,102818.67,51.75,5.25
2025-10-09 21:00:00,5.143112,0.8076935,285.97263,102855.46,51.75,5.25
2025-10-09 22:00:00,4.961334,1.6701813,286.4404,102869.56,51.75,5.25
2025-10-09 23:00:00,5.2462616,1.2091675,286.36896,102893.66,51.75,5.25
2025-10-10 00:00:00,5.330139,0.7332916,286.45837,102918.18,51.75,5.25
2025-10-10 01:00:00,5.2240906,0.40415955,286.48376,102932.664,51.75,5.25
2025-10-10 02:00:00,4.950119,-0.009887695,286.28812,102966.22,51.75,5.25
2025-10-10 03:00:00,4.817154,0.082229614,286.00085,102965.41,51.75,5.25
2025-10-10 04:00:00,4.9138947,0.44108582,285.54437,102999.125,51.75,5.25
2025-10-10 05:00:00,5.0319977,0.35403442,285.22626,103020.22,51.75,5.25
2025-10-10 06:00:00,5.1019897,0.034072876,285.05774,103050.44,51.75,5.25
2025-10-10 07:00:00,4.922333,-0.15086365,285.7548,103131.73,51.75,5.25
2025-10-10 08:00:00,4.3831177,0.15078735,287.16895,103173.57,51.75,5.25
2025-10-10 09:00:00,3.9046783,-0.47073364,288.66583,103213.41,51.75,5.25
2025-10-10 10:00:00,3.990448,-1.3892975,289.80743,103238.55,51.75,5.25
2025-10-10 11:00:00,3.7056732,-1.605423,290.23935,103264.95,51.75,5.25
2025-10-10 12:00:00,3.3308868,-1.0743713,290.5816,103253.81,51.75,5.25
2025-10-10 13:00:00,3.4987183,-0.91148376,290.56705,103243.86,51.75,5.25
2025-10-10 14:00:00,3.495407,-1.1422577,290.46735,103256.08,51.75,5.25
2025-10-10 15:00:00,3.2663116,-1.3612976,290.07507,103256.68,51.75,5.25
2025-10-10 16:00:00,3.3042603,-1.4225616,289.45917,103273.64,51.75,5.25
2025-10-10 17:00:00,3.596878,-1.4094696,288.86334,103288.62,51.75,5.25
2025-10-10 18:00:00,4.058609,-1.338501,288.4859,103320.5,51.75,5.25
2025-10-10 19:00:00,4.1968994,-1.3141785,288.13208,103344.29,51.75,5.25
2025-10-10 20:00:00,4.100067,-1.5985718,288.0202,103359.06,51.75,5.25
2025-10-10 21:00:00,3.873764,-1.7700195,287.9436,103350.48,51.75,5.25
2025-10-10 22:00:00,3.4584808,-1.6125336,287.99792,103341.05,51.75,5.25
2025-10-10 23:00:00,3.3805695,-1.009018,287.82233,103357.67,51.75,5.25
2025-10-11 00:00:00,3.3921204,-0.5483246,287.6178,103378.05,51.75,5.25
2025-10-11 01:00:00,3.5331116,-0.0745697,287.40247,103372.34,51.75,5.25
2025-10-11 02:00:00,3.785324,0.657547,287.25623,103358.734,51.75,5.25
2025-10-11 03:00:00,4.031067,1.1940308,287.0829,103347.7,51.75,5.25
2025-10-11 04:00:00,4.3191223,0.9951019,286.767,103349.31,51.75,5.25
2025-10-11 05:00:00,4.5339203,0.7988434,286.9614,103338.21,51.75,5.25
2025-10-11 06:00:00,4.3918915,0.97610474,286.7918,103337.695,51.75,5.25
2025-10-11 07:00:00,4.223938,0.98587036,286.6792,103376.95,51.75,5.25
2025-10-11 08:00:00,3.7868958,0.8807373,287.03952,103396.7,51.75,5.25
2025-10-11 09:00:00,3.1549225,0.68052673,287.63535,103408.41,51.75,5.25
2025-10-11 10:00:00,2.2790833,0.103759766,287.8844,103414.91,51.75,5.25
2025-10-11 11:00:00,1.9880066,-0.65937805,288.4122,103409.8,51.75,5.25
2025-10-11 12:00:00,1.6037598,-1.3224487,288.65503,103379.29,51.75,5.25
2025-10-11 13:00:00,1.297699,-1.2217865,288.85452,103331.34,51.75,5.25
2025-10-11 14:00:00,1.2737732,-1.2620544,289.1436,103328.08,51.75,5.25
2025-10-11 15:00:00,1.2185059,-1.2545319,288.9635,103285.67,51.75,5.25
2025-10-11 16:00:00,0.8907776,-1.0181732,288.43713,103285.31,51.75,5.25
2025-10-11 17:00:00,0.9335785,-1.5610352,287.6857,103272.95,51.75,5.25
2025-10-11 18:00:00,0.8899994,-2.3445892,287.39603,103279.59,51.75,5.25
2025-10-11 19:00:00,0.65078735,-2.8338318,287.076,103296.664,51.75,5.25
2025-10-11 20:00:00,0.5941467,-3.1880188,286.9709,103280.44,51.75,5.25
2025-10-11 21:00:00,0.46543884,-3.3027344,286.5954,103287.836,51.75,5.25
2025-10-11 22:00:00,-0.1020813,-2.0233765,286.19107,103286.93,51.75,5.25
2025-10-11 23:00:00,0.046203613,-2.1671143,286.08932,103271.58,51.75,5.25
2025-10-12 00:00:00,0.5166931,-1.9248505,285.66345,103252.44,51.75,5.25
2025-10-12 01:00:00,1.0348511,-1.4953003,285.66382,103220.33,51.75,5.25
2025-10-12 02:00:00,1.6134796,-1.575882,285.25653,103183.48,51.75,5.25
2025-10-12 03:00:00,1.9512787,-2.0792542,285.84256,103143.16,51.75,5.25
2025-10-12 04:00:00,1.9923553,-2.334961,285.92908,103117.36,51.75,5.25
2025-10-12 05:00:00,2.0063019,-2.632431,285.9579,103091.97,51.75,5.25
2025-10-12 06:00:00,1.906311,-2.9712982,285.77582,103097.47,51.75,5.25
2025-10-12 07:00:00,1.7519989,-2.8339996,285.98895,103118.266,51.75,5.25
2025-10-12 08:00:00,1.6559601,-2.3952026,286.79483,103107.31,51.75,5.25
2025-10-12 09:00:00,1.2654419,-3.2493134,287.55243,103127.82,51.75,5.25
2025-10-12 10:00:00,0.64515686,-3.1029968,288.0349,103094.516,51.75,5.25
2025-10-12 11:00:00,0.50631714,-3.380951,288.5316,103084.34,51.75,5.25
2025-10-12 12:00:00,0.7344208,-3.7988129,288.95215,103051.16,51.75,5.25
2025-10-12 13:00:00,0.7292175,-4.5319214,288.99908,103012.16,51.75,5.25
2025-10-12 14:00:00,0.83436584,-4.5456085,289.2426,102972.66,51.75,5.25
2025-10-12 15:00:00,1.3031311,-4.696228,288.97668,102936.19,51.75,5.25
2025-10-12 16:00:00,0.99845886,-4.61763,288.6306,102930.195,51.75,5.25
2025-10-12 17:00:00,0.63601685,-4.6581726,288.26184,102926.31,51.75,5.25
2025-10-12 18:00:00,0.4477234,-4.6045227,287.92456,102942.516,51.75,5.25
2025-10-12 19:00:00,0.34368896,-4.7975616,287.71204,102938.19,51.75,5.25
2025-10-12 20:00:00,0.203125,-5.0021057,287.5078,102944.195,51.75,5.25
2025-10-12 21:00:00,0.08799744,-4.840927,287.34366,102932.68,51.75,5.25
2025-10-12 22:00:00,-0.4118805,-4.197769,287.17822,102916.04,51.75,5.25
2025-10-12 23:00:00,0.06401062,-3.8543396,287.07068,102887.34,51.75,5.25
2025-10-13 00:00:00,0.3158722,-3.9956512,286.8874,102873.55,51.75,5.25
2025-10-13 01:00:00,0.46055603,-4.2868195,286.76385,102840.53,51.75,5.25
2025-10-13 02:00:00,0.25790405,-4.235306,286.595,102811.63,51.75,5.25
2025-10-13 03:00:00,0.013717651,-3.965561,286.53116,102786.17,51.75,5.25
2025-10-13 04:00:00,-0.35664368,-3.9315338,286.4862,102787.625,51.75,5.25
2025-10-13 05:00:00,-0.9129181,-3.924942,286.43286,102766.36,51.75,5.25
2025-10-13 06:00:00,-1.4737244,-3.812622,286.35428,102766.14,51.75,5.25
2025-10-13 07:00:00,-2.1533966,-3.8260803,286.42816,102783.555,51.75,5.25
2025-10-13 08:00:00,-3.2515717,-3.6927185,286.81158,102797.875,51.75,5.25
2025-10-13 09:00:00,-3.3590088,-3.3226624,287.3913,102829.96,51.75,5.25
2025-10-13 10:00:00,-3.5305634,-2.365158,287.61453,102857.36,51.75,5.25
2025-10-13 11:00:00,-2.7398224,-2.4124603,287.9361,102848.03,51.75,5.25
2025-10-13 12:00:00,-2.1292877,-2.5789337,288.23996,102825.39,51.75,5.25
2025-10-13 13:00:00,-1.9118958,-2.9825134,288.30273,102788.336,51.75,5.25
2025-10-13 14:00:00,-1.7271576,-3.170517,288.40118,102784.2,51.75,5.25
2025-10-13 15:00:00,-1.5804901,-3.0621338,288.1484,102763.12,51.75,5.25
2025-10-13 16:00:00,-1.6001282,-3.1813507,287.75806,102754.81,51.75,5.25
2025-10-13 17:00:00,-1.490448,-3.58432,286.80273,102761.734,51.75,5.25
2025-10-13 18:00:00,-1.3153534,-3.8390198,286.19406,102768.664,51.75,5.25
2025-10-13 19:00:00,-1.0374756,-4.0693207,285.43854,102774.72,51.75,5.25
2025-10-13 20:00:00,-0.76763916,-4.4700775,285.00082,102768.46,51.75,5.25
2025-10-13 21:00:00,-0.81629944,-4.779312,284.56274,102787.03,51.75,5.25
2025-10-13 22:00:00,-1.0147705,-4.750931,284.17957,102790.02,51.75,5.25
2025-10-13 23:00:00,-1.1840363,-4.6254883,283.9079,102769.16,51.75,5.25
2025-10-14 00:00:00,-1.0109253,-4.2008514,283.74738,102758.58,51.75,5.25
2025-10-14 01:00:00,-0.6872406,-3.868637,284.0821,102753.31,51.75,5.25
2025-10-14 02:00:00,-0.3688507,-3.8898773,284.07422,102724.74,51.75,5.25
2025-10-14 03:00:00,-0.30252075,-3.8362427,283.90222,102710.17,51.75,5.25
2025-10-14 04:00:00,-0.24307251,-3.5185242,284.3393,102710.64,51.75,5.25
2025-10-14 05:00:00,0.099975586,-3.3278046,284.35022,102704.69,51.75,5.25
2025-10-14 06:00:00,0.495636,-3.1508484,284.54266,102702.47,51.75,5.25
2025-10-14 07:00:00,0.9761505,-2.9545135,284.85242,102713.58,51.75,5.25
2025-10-14 08:00:00,1.3820648,-2.5881805,285.56128,102740.625,51.75,5.25
2025-10-14 09:00:00,1.4585266,-2.0841675,286.31116,102733.984,51.75,5.25
2025-10-14 10:00:00,1.1158752,-2.913086,286.36743,102743.39,51.75,5.25
2025-10-14 11:00:00,1.1235962,-2.7837524,287.1333,102724.55,51.75,5.25
2025-10-14 12:00:00,1.4557037,-2.801712,287.64697,102701.59,51.75,5.25
2025-10-14 13:00:00,1.4734955,-2.6338806,288.36945,102662.3,51.75,5.25
2025-10-14 14:00:00,1.5785675,-2.6802673,288.61847,102629.83,51.75,5.25
2025-10-14 15:00:00,1.6069946,-2.8766174,288.38486,102614.53,51.75,5.25
2025-10-14 16:00:00,1.5556183,-3.1839142,287.8971,102608.05,51.75,5.25
2025-10-14 17:00:00,1.6209717,-3.822174,286.9798,102613.72,51.75,5.25
2025-10-14 18:00:00,1.3762665,-4.433426,286.26978,102626.86,51.75,5.25
2025-10-14 19:00:00,0.9359741,-4.7922974,285.66544,102634.72,51.75,5.25
2025-10-14 20:00:00,0.50120544,-4.735489,285.19904,102673.11,51.75,5.25
2025-10-14 21:00:00,0.27037048,-4.502365,284.65558,102693.945,51.75,5.25
2025-10-14 22:00:00,0.33325195,-3.9808197,285.11713,102728.94,51.75,5.25
2025-10-14 23:00:00,0.6574402,-3.4604187,284.92386,102715.16,51.75,5.25
2025-10-15 00:00:00,1.2483368,-3.1439972,284.8489,102714.234,51.75,5.25
2025-10-15 01:00:00,1.6876526,-2.9888,284.50824,102711.516,51.75,5.25
2025-10-15 02:00:00,1.8532715,-2.7779999,284.38846,102679.414,51.75,5.25
2025-10-15 03:00:00,1.8217926,-2.6290283,284.3698,102667.805,51.75,5.25
2025-10-15 04:00:00,1.6854706,-2.357315,284.46872,102666.19,51.75,5.25
2025-10-15 05:00:00,1.5025635,-2.4025726,284.65564,102658.19,51.75,5.25
2025-10-15 06:00:00,1.1045074,-2.5728912,284.75708,102673.06,51.75,5.25
2025-10-15 07:00:00,0.45335388,-2.6470032,285.05606,102699.25,51.75,5.25
2025-10-15 08:00:00,-0.258667,-2.1401978,285.59323,102720.46,51.75,5.25
2025-10-15 09:00:00,-0.7351074,-2.182907,286.1797,102718.86,51.75,5.25
2025-10-15 10:00:00,-1.10849,-1.7694855,286.58704,102744.79,51.75,5.25
2025-10-15 11:00:00,-0.7280121,-1.3275757,286.9358,102732.36,51.75,5.25
2025-10-15 12:00:00,-0.5600128,-1.5878143,287.18832,102711.98,51.75,5.25
2025-10-15 13:00:00,0.042617798,-1.7162933,287.2992,102700.55,51.75,5.25
2025-10-15 14:00:00,0.39886475,-1.9482574,287.16748,102665.23,51.75,5.25
2025-10-15 15:00:00,0.5883179,-2.5711823,286.79987,102646.234,51.75,5.25
2025-10-15 16:00:00,0.6138153,-2.988037,286.4817,102629.42,51.75,5.25
2025-10-15 17:00:00,0.42871094,-3.7369843,286.07474,102627.78,51.75,5.25
2025-10-15 18:00:00,0.06864929,-4.215622,285.78845,102645.984,51.75,5.25
2025-10-15 19:00:00,-0.1721344,-4.477005,285.40326,102657.8,51.75,5.25
2025-10-15 20:00:00,-0.29840088,-4.525772,285.20416,102663.95,51.75,5.25
2025-10-15 21:00:00,-0.24900818,-4.517105,284.88324,102683.484,51.75,5.25
2025-10-15 22:00:00,-0.43891907,-4.1252594,284.37415,102672.14,51.75,5.25
2025-10-15 23:00:00,-0.19192505,-3.5227203,283.7852,102645.766,51.75,5.25
2025-10-16 00:00:00,0.12976074,-3.375595,283.0509,102647.7,51.75,5.25
2025-10-16 01:00:00,0.64064026,-3.463623,282.0028,102610.03,51.75,5.25
2025-10-16 02:00:00,1.272522,-3.1044922,281.6076,102583.61,51.75,5.25
2025-10-16 03:00:00,1.8968201,-2.897293,282.04657,102534.984,51.75,5.25
2025-10-16 04:00:00,2.3542786,-2.529129,282.4159,102538.664,51.75,5.25
2025-10-16 05:00:00,2.61969,-2.799118,283.12393,102508.86,51.75,5.25
2025-10-16 06:00:00,2.5289917,-3.0849915,283.26044,102499.94,51.75,5.25
2025-10-16 07:00:00,2.1965027,-3.276947,283.55368,102551.92,51.75,5.25
2025-10-16 08:00:00,1.6705627,-3.1633759,284.5902,102547.18,51.75,5.25
2025-10-16 09:00:00,1.300003,-2.7826843,285.55194,102559.3,51.75,5.25
2025-10-16 10:00:00,0.008010864,-3.2285156,286.56262,102558.01,51.75,5.25
2025-10-16 11:00:00,-0.15440369,-3.3377686,287.29108,102563.766,51.75,5.25
2025-10-16 12:00:00,-0.3234253,-3.7444763,287.89642,102507.19,51.75,5.25
2025-10-16 13:00:00,-0.3265381,-4.1423492,288.07776,102493.47,51.75,5.25
2025-10-16 14:00:00,-0.18574524,-4.260132,287.77148,102468.06,51.75,5.25
2025-10-16 15:00:00,0.17926025,-4.255783,287.68762,102454.555,51.75,5.25
2025-10-16 16:00:00,0.4413452,-4.6907654,287.17218,102448.7,51.75,5.25
2025-10-16 17:00:00,0.4847412,-5.0519104,286.31323,102468.37,51.75,5.25
2025-10-16 18:00:00,0.36065674,-5.412979,285.6015,102487.33,51.75,5.25
2025-10-16 19:00:00,0.059906006,-5.412918,285.40955,102520.65,51.75,5.25
2025-10-16 20:00:00,-0.16741943,-5.176605,284.81952,102532.11,51.75,5.25
2025-10-16 21:00:00,-0.2522583,-4.9348297,284.3994,102547.3,51.75,5.25
2025-10-16 22:00:00,-0.2868805,-4.8770905,284.38095,102534.64,51.75,5.25
2025-10-16 23:00:00,-0.04548645,-4.642105,284.16168,102498.46,51.75,5.25
2025-10-17 00:00:00,0.33033752,-4.6280365,283.89322,102484.2,51.75,5.25
2025-10-17 01:00:00,0.46446228,-4.669037,283.89877,102492.22,51.75,5.25
2025-10-17 02:00:00,0.43841553,-4.42395,283.8188,102471.53,51.75,5.25
2025-10-17 03:00:00,0.58862305,-3.9866486,283.7292,102453.086,51.75,5.25
2025-10-17 04:00:00,0.8570404,-3.590271,283.6004,102448.09,51.75,5.25
2025-10-17 05:00:00,1.2116394,-3.2074432,283.2906,102418.516,51.75,5.25
2025-10-17 06:00:00,1.4198303,-3.1036377,282.73102,102431.914,51.75,5.25
2025-10-17 07:00:00,1.6802673,-2.7985382,283.97858,102466.7,51.75,5.25
2025-10-17 08:00:00,1.8849335,-2.2662506,284.7119,102491.97,51.75,5.25
2025-10-17 09:00:00,1.7914276,-1.1714478,285.4702,102502.43,51.75,5.25
2025-10-17 10:00:00,0.90737915,-2.8179169,286.35327,102526.23,51.75,5.25
2025-10-17 11:00:00,1.9078369,-2.6544495,286.79272,102509.56,51.75,5.25
2025-10-17 12:00:00,2.606308,-2.463379,286.80127,102453.516,51.75,5.25
2025-10-17 13:00:00,3.2874908,-2.9279938,287.06583,102437.28,51.75,5.25
2025-10-17 14:00:00,3.1344757,-3.2625427,286.85205,102423.61,51.75,5.25
2025-10-17 15:00:00,2.7887878,-3.7358246,286.71347,102409.484,51.75,5.25
2025-10-17 16:00:00,2.4595795,-3.444336,286.31772,102409.02,51.75,5.25
2025-10-17 17:00:00,2.4305878,-3.3733978,285.69403,102427.65,51.75,5.25
2025-10-17 18:00:00,2.2409973,-3.4355164,285.04773,102449.414,51.75,5.25
2025-10-17 19:00:00,2.0292206,-3.307602,284.7569,102481.17,51.75,5.25
2025-10-17 20:00:00,1.7300568,-3.3890228,284.732,102512.14,51.75,5.25
2025-10-17 21:00:00,0.988739,-3.4611511,284.044,102516.24,51.75,5.25
2025-10-17 22:00:00,0.419693,-3.7135162,283.66333,102551.15,51.75,5.25
2025-10-17 23:00:00,-0.31202698,-3.6690826,283.27893,102560.91,51.75,5.25
2025-10-18 00:00:00,-1.4709015,-3.5569763,282.68698,102580.29,51.75,5.25
2025-10-18 01:00:00,-2.655304,-3.3067474,282.68167,102570.55,51.75,5.25
2025-10-18 02:00:00,-3.4756775,-2.7430573,282.77606,102599.3,51.75,5.25
2025-10-18 03:00:00,-4.1118164,-2.0852814,282.94147,102601.34,51.75,5.25
2025-10-18 04:00:00,-4.5187073,-1.3313751,283.0758,102617.59,51.75,5.25
2025-10-18 05:00:00,-4.404602,-0.69737244,283.36984,102645.56,51.75,5.25
2025-10-18 06:00:00,-4.5704956,-0.2188263,283.5394,102654.47,51.75,5.25
2025-10-18 07:00:00,-5.0016327,0.14266968,283.715,102697.91,51.75,5.25
2025-10-18 08:00:00,-4.418564,0.6244507,284.30048,102731.09,51.75,5.25
2025-10-18 09:00:00,-4.1744537,1.1706238,284.896,102714.45,51.75,5.25
2025-10-18 10:00:00,-3.8074188,1.052948,285.61945,102701.15,51.75,5.25
2025-10-18 11:00:00,-3.8812256,1.1074982,285.94757,102682.375,51.75,5.25
2025-10-18 12:00:00,-3.616684,0.94551086,286.1091,102633.75,51.75,5.25
2025-10-18 13:00:00,-3.4158325,1.015564,286.15982,102575.3,51.75,5.25
2025-10-18 14:00:00,-3.7774048,1.0135803,285.7241,102533.35,51.75,5.25
2025-10-18 15:00:00,-4.566818,1.1107635,285.29053,102448.7,51.75,5.25
2025-10-18 16:00:00,-4.914673,1.1838074,284.2663,102399.16,51.75,5.25
2025-10-18 17:00:00,-5.4529266,1.2772675,283.20987,102385.47,51.75,5.25
2025-10-18 18:00:00,-5.841629,1.256073,282.4178,102349.61,51.75,5.25
2025-10-18 19:00:00,-6.193863,1.6437073,282.31952,102309.67,51.75,5.25
2025-10-18 20:00:00,-6.5182037,2.1760254,282.0263,102254.82,51.75,5.25
2025-10-18 21:00:00,-6.380066,3.168457,281.7604,102198.52,51.75,5.25
2025-10-18 22:00:00,-6.2295227,4.9793396,281.52902,102148.86,51.75,5.25
2025-10-18 23:00:00,-5.4776917,5.4553223,281.61603,102055.91,51.75,5.25
2025-10-19 00:00:00,-5.185089,5.3236694,281.39764,101999.086,51.75,5.25
2025-10-19 01:00:00,-5.1208954,5.0780487,281.332,101935.19,51.75,5.25
2025-10-19 02:00:00,-5.1409454,4.762268,281.14075,101856.45,51.75,5.25
2025-10-19 03:00:00,-5.460663,4.2651825,281.01385,101768.234,51.75,5.25
2025-10-19 04:00:00,-5.6827393,4.254959,280.7556,101682.11,51.75,5.25
2025-10-19 05:00:00,-5.68277,4.757965,280.69183,101579.67,51.75,5.25
2025-10-19 06:00:00,-5.5415344,5.055481,280.4901,101497.016,51.75,5.25
2025-10-19 07:00:00,-5.2917175,5.1026,280.65723,101446.34,51.75,5.25
2025-10-19 08:00:00,-4.911499,5.36528,281.36777,101404.1,51.75,5.25
2025-10-19 09:00:00,-4.0023804,4.841034,282.50613,101326.68,51.75,5.25
2025-10-19 10:00:00,-3.0174103,4.9726715,283.85242,101234.984,51.75,5.25
2025-10-19 11:00:00,-2.2634277,5.3555145,285.10577,101145.17,51.75,5.25
2025-10-19 12:00:00,-2.0659485,5.3388367,286.5303,101034.89,51.75,5.25
2025-10-19 13:00:00,-2.219452,5.6726685,287.47675,100923.44,51.75,5.25
2025-10-19 14:00:00,-2.1619873,6.11969,288.0755,100852.484,51.75,5.25
2025-10-19 15:00:00,-1.9648743,6.188278,287.89368,100752.28,51.75,5.25
2025-10-19 16:00:00,-2.038025,7.0248413,286.7595,100690.2,51.75,5.25
2025-10-19 17:00:00,-1.40979,7.8556366,285.6105,100656.9,51.75,5.25
2025-10-19 18:00:00,-0.74383545,8.237976,285.99533,100621.92,51.75,5.25
2025-10-19 19:00:00,-1.2089081,8.106644,286.01376,100553.05,51.75,5.25
2025-10-19 20:00:00,-2.2416382,8.00946,286.04663,100482.71,51.75,5.25
2025-10-19 21:00:00,-3.1590118,8.2388,285.85654,100418.47,51.75,5.25
2025-10-19 22:00:00,-3.196106,9.059311,285.59833,100362.125,51.75,5.25
2025-10-19 23:00:00,-1.9326172,9.516174,285.82516,100252.766,51.75,5.25
2025-10-20 00:00:00,-2.3164673,9.3358,285.8593,100145.19,51.75,5.25
2025-10-20 01:00:00,-2.4368591,9.473206,285.93866,100059.79,51.75,5.25
2025-10-20 02:00:00,-1.637619,9.352554,286.4461,99982.3,51.75,5.25
2025-10-20 03:00:00,-0.8500824,9.067398,286.85352,99883.25,51.75,5.25
2025-10-20 04:00:00,-0.0874176,9.16478,286.86792,99828.25,51.75,5.25
2025-10-20 05:00:00,0.24880981,8.8346405,286.90747,99769.9,51.75,5.25
2025-10-20 06:00:00,0.94192505,8.500992,286.82352,99726.85,51.75,5.25
2025-10-20 07:00:00,1.6939087,8.163345,286.89703,99747.3,51.75,5.25
2025-10-20 08:00:00,1.999527,7.7071075,287.1593,99737.69,51.75,5.25
2025-10-20 09:00:00,2.0635529,7.7846985,287.8561,99724.17,51.75,5.25
2025-10-20 10:00:00,1.3831635,6.5804596,288.94406,99698.69,51.75,5.25
2025-10-20 11:00:00,1.1890259,7.276016,289.3502,99666.734,51.75,5.25
2025-10-20 12:00:00,1.0673065,7.3078156,289.85236,99591.31,51.75,5.25
2025-10-20 13:00:00,1.8583832,7.664551,290.30505,99551.984,51.75,5.25
2025-10-20 14:00:00,-0.721405,7.1664886,289.95563,99462.35,51.75,5.25
2025-10-20 15:00:00,-1.3511963,8.432144,289.5691,99378.39,51.75,5.25
2025-10-20 16:00:00,-0.39897156,9.3172455,289.22958,99387.55,51.75,5.25
2025-10-20 17:00:00,-1.2080688,9.723633,288.64447,99324.22,51.75,5.25
2025-10-20 18:00:00,-0.59498596,10.37616,288.3532,99271.73,51.75,5.25
2025-10-20 19:00:00,-0.28956604,10.729218,287.94147,99232.14,51.75,5.25
2025-10-20 20:00:00,0.24963379,10.797989,287.69,99176.42,51.75,5.25
2025-10-20 21:00:00,0.982666,10.34021,287.19965,99164.39,51.75,5.25
2025-10-20 22:00:00,0.010421753,10.298569,287.36066,99076.7,51.75,5.25
2025-10-20 23:00:00,1.2816315,10.420715,287.05414,99045.734,51.75,5.25
2025-10-21 00:00:00,1.4118042,10.869995,286.8395,98992.78,51.75,5.25
2025-10-21 01:00:00,1.7762909,11.670258,286.5303,98906.27,51.75,5.25
2025-10-21 02:00:00,2.963974,12.318436,286.385,98844.55,51.75,5.25
2025-10-21 03:00:00,6.0544586,11.640579,286.42322,98811.266,51.75,5.25
2025-10-21 04:00:00,9.567368,9.646454,286.43976,98870.484,51.75,5.25
2025-10-21 05:00:00,10.069107,8.243698,286.3782,98943.12,51.75,5.25
2025-10-21 06:00:00,9.2842865,7.356064,286.19162,99023.78,51.75,5.25
2025-10-21 07:00:00,9.367889,7.0389557,286.11554,99124.09,51.75,5.25
2025-10-21 08:00:00,9.156738,6.8311615,286.59036,99203.19,51.75,5.25
2025-10-21 09:00:00,8.004623,6.4721985,286.98026,99280.1,51.75,5.25
2025-10-21 10:00:00,8.078552,6.23909,287.31406,99321.055,51.75,5.25
2025-10-21 11:00:00,6.803131,6.7512207,287.6054,99388.0,51.75,5.25
2025-10-21 12:00:00,6.0160217,7.4717712,287.82495,99414.445,51.75,5.25
2025-10-21 13:00:00,6.3051453,7.490631,287.89288,99385.695,51.75,5.25
2025-10-21 14:00:00,6.125946,7.4635468,287.52454,99454.84,51.75,5.25
2025-10-21 15:00:00,5.988083,7.5731964,287.4013,99482.56,51.75,5.25
2025-10-21 16:00:00,4.945175,7.61644,287.1106,99479.016,51.75,5.25
2025-10-21 17:00:00,4.1918335,7.618988,286.82288,99491.75,51.75,5.25
2025-10-21 18:00:00,3.6746674,7.6868896,286.5826,99484.08,51.75,5.25
2025-10-21 19:00:00,3.371109,7.642685,286.30536,99483.016,51.75,5.25
2025-10-21 20:00:00,3.6134033,7.7312317,286.50418,99476.41,51.75,5.25
2025-10-21 21:00:00,3.8770294,7.910675,286.46503,99478.83,51.75,5.25
2025-10-21 22:00:00,5.1566467,6.877716,285.77844,99456.24,51.75,5.25
2025-10-21 23:00:00,5.6928406,5.854645,285.641,99473.78,51.75,5.25
2025-10-22 00:00:00,5.4430847,5.287277,285.49997,99508.81,51.75,5.25
2025-10-22 01:00:00,5.5269012,5.2648926,285.68134,99521.7,51.75,5.25
2025-10-22 02:00:00,5.9118958,5.1889954,285.6697,99522.25,51.75,5.25
2025-10-22 03:00:00,6.0701294,4.694824,285.62756,99539.984,51.75,5.25
2025-10-22 04:00:00,5.9263,4.436508,285.43066,99586.15,51.75,5.25
2025-10-22 05:00:00,5.767502,4.136444,285.4395,99608.29,51.75,5.25
2025-10-22 06:00:00,5.730835,3.6188202,285.0642,99638.51,51.75,5.25
2025-10-22 07:00:00,5.41098,3.5166016,285.05814,99716.164,51.75,5.25
2025-10-22 08:00:00,4.888748,3.6259613,285.66016,99782.36,51.75,5.25
2025-10-22 09:00:00,4.41803,3.3983002,286.43762,99825.47,51.75,5.25
2025-10-22 10:00:00,3.602005,2.815445,286.8599,99881.76,51.75,5.25
2025-10-22 11:00:00,3.4468079,2.7256165,287.41888,99901.36,51.75,5.25
2025-10-22 12:00:00,3.3213654,2.7866058,287.82257,99870.7,51.75,5.25
2025-10-22 13:00:00,3.096695,2.7165527,287.77997,99863.484,51.75,5.25
2025-10-22 14:00:00,2.8213806,2.7256165,287.53098,99825.0,51.75,5.25
2025-10-22 15:00:00,2.1393585,2.6723022,287.44907,99807.41,51.75,5.25
2025-10-22 16:00:00,1.3825226,2.9001007,286.60126,99776.64,51.75,5.25
2025-10-22 17:00:00,0.38194275,3.0559082,285.04688,99752.266,51.75,5.25
2025-10-22 18:00:00,-1.2874451,3.5074615,285.00885,99691.05,51.75,5.25
2025-10-22 19:00:00,-2.9029846,4.4166107,284.60242,99618.95,51.75,5.25
2025-10-22 20:00:00,-3.9157562,5.064865,284.17218,99542.39,51.75,5.25
2025-10-22 21:00:00,-4.9459076,5.0977936,284.51093,99425.984,51.75,5.25
2025-10-22 22:00:00,-4.764572,5.7525177,284.768,99282.78,51.75,5.25
2025-10-22 23:00:00,-7.1652985,5.3198853,284.7255,99016.84,51.75,5.25
2025-10-23 00:00:00,-8.667969,5.034027,284.5642,98791.66,51.75,5.25
2025-10-23 01:00:00,-10.137238,5.9820557,284.75446,98517.39,51.75,5.25
2025-10-23 02:00:00,-9.388214,8.592789,285.1232,98203.75,51.75,5.25
2025-10-23 03:00:00,-3.7559814,11.778992,286.0533,97982.25,51.75,5.25
2025-10-23 04:00:00,2.1571808,11.797592,287.49338,97891.805,51.75,5.25
2025-10-23 05:00:00,4.8372955,10.658264,288.36096,97789.516,51.75,5.25
2025-10-23 06:00:00,6.0710297,10.454712,287.60156,97768.2,51.75,5.25
2025-10-23 07:00:00,5.7891083,10.711914,286.8916,97781.42,51.75,5.25
2025-10-23 08:00:00,5.1865997,11.2565155,286.97733,97820.234,51.75,5.25
2025-10-23 09:00:00,4.541641,12.299561,286.77698,97792.93,51.75,5.25
2025-10-23 10:00:00,1.7142639,10.6375885,286.0882,97768.34,51.75,5.25
2025-10-23 11:00:00,-0.43244934,11.522263,285.17245,97676.84,51.75,5.25
2025-10-23 12:00:00,0.24580383,12.832397,283.9057,97578.305,51.75,5.25
2025-10-23 13:00:00,1.6698151,10.031448,283.0918,97503.41,51.75,5.25
2025-10-23 14:00:00,7.3094025,3.9080505,283.67212,97557.05,51.75,5.25
2025-10-23 15:00:00,10.305008,-0.4915924,284.70038,97697.055,51.75,5.25
2025-10-23 16:00:00,13.405334,-0.9837799,285.18137,97892.5,51.75,5.25
2025-10-23 17:00:00,16.74237,-2.3557434,284.67596,98176.875,51.75,5.25
2025-10-23 18:00:00,15.958817,-0.5635834,284.2696,98445.62,51.75,5.25
2025-10-23 19:00:00,14.587677,1.4361877,283.96783,98638.25,51.75,5.25
2025-10-23 20:00:00,13.736435,2.155075,283.873,98759.836,51.75,5.25
2025-10-23 21:00:00,13.072754,2.134674,283.91672,98860.234,51.75,5.25
2025-10-23 22:00:00,12.439209,2.7524414,283.10886,98920.25,51.75,5.25
2025-10-23 23:00:00,12.988495,2.4616852,283.3208,99040.37,51.75,5.25
2025-10-24 00:00:00,11.920227,2.0726013,282.81467,99125.88,51.75,5.25
2025-10-24 01:00:00,12.334106,1.8331757,282.83716,99196.42,51.75,5.25
2025-10-24 02:00:00,12.903152,2.071457,282.54688,99264.93,51.75,5.25
2025-10-24 03:00:00,12.903244,2.6453705,282.3401,99360.73,51.75,5.25
2025-10-24 04:00:00,12.336777,3.263092,282.17212,99455.56,51.75,5.25
2025-10-24 05:00:00,12.046219,3.812851,282.31482,99526.19,51.75,5.25
2025-10-24 06:00:00,11.737457,4.6548615,282.15335,99599.41,51.75,5.25
2025-10-24 07:00:00,11.602463,5.242813,281.9584,99679.08,51.75,5.25
2025-10-24 08:00:00,11.329208,5.7126617,282.1712,99759.125,51.75,5.25
2025-10-24 09:00:00,9.45549,6.5740356,282.68695,99813.055,51.75,5.25
2025-10-24 10:00:00,11.59845,6.354294,283.40005,99881.28,51.75,5.25
2025-10-24 11:00:00,10.335388,5.974167,284.05737,99956.68,51.75,5.25
2025-10-24 12:00:00,9.72731,6.3215485,284.5017,99958.3,51.75,5.25
2025-10-24 13:00:00,9.415848,6.759903,284.44397,99966.28,51.75,5.25
2025-10-24 14:00:00,9.3988495,7.512619,284.08423,99930.984,51.75,5.25
2025-10-24 15:00:00,8.059021,7.957672,283.73114,99945.54,51.75,5.25
2025-10-24 16:00:00,7.645981,7.941437,283.20184,99914.266,51.75,5.25
2025-10-24 17:00:00,7.805542,8.069382,282.69788,99918.484,51.75,5.25
2025-10-24 18:00:00,8.372513,8.251129,282.4792,99896.625,51.75,5.25
2025-10-24 19:00:00,8.726883,8.562637,282.3847,99868.47,51.75,5.25
2025-10-24 20:00:00,8.673325,8.644669,282.12683,99857.84,51.75,5.25
2025-10-24 21:00:00,8.537643,8.690414,282.0098,99853.36,51.75,5.25
2025-10-24 22:00:00,8.565506,9.011505,281.83038,99777.97,51.75,5.25
2025-10-24 23:00:00,8.3125305,8.833618,281.75104,99732.22,51.75,5.25
2025-10-25 00:00:00,8.034195,8.793686,281.70398,99726.02,51.75,5.25
2025-10-25 01:00:00,8.060547,9.223465,281.61215,99630.16,51.75,5.25
2025-10-25 02:00:00,8.087372,9.364899,281.79047,99572.75,51.75,5.25
2025-10-25 03:00:00,8.114838,9.994736,282.02704,99500.8,51.75,5.25
2025-10-25 04:00:00,8.329834,9.771439,282.14853,99452.94,51.75,5.25
2025-10-25 05:00:00,7.8538055,9.535019,282.39954,99404.375,51.75,5.25
2025-10-25 06:00:00,7.991028,8.078964,282.3031,99372.766,51.75,5.25
2025-10-25 07:00:00,8.356918,6.5446167,282.35596,99359.61,51.75,5.25
2025-10-25 08:00:00,8.93309,5.8562317,282.71313,99390.34,51.75,5.25
2025-10-25 09:00:00,9.003143,5.991104,283.96417,99420.08,51.75,5.25
2025-10-25 10:00:00,7.836899,3.4901886,284.00208,99482.78,51.75,5.25
2025-10-25 11:00:00,9.025864,-2.835373,284.47693,99587.04,51.75,5.25
2025-10-25 12:00:00,9.684113,-4.968521,284.472,99688.516,51.75,5.25
2025-10-25 13:00:00,11.255508,-3.6110382,284.3086,99810.19,51.75,5.25
2025-10-25 14:00:00,11.270203,-3.0657806,283.98605,99903.516,51.75,5.25
2025-10-25 15:00:00,11.260498,-3.5394135,283.63538,99957.875,51.75,5.25
2025-10-25 16:00:00,10.282471,-3.0181274,282.91675,100001.35,51.75,5.25
2025-10-25 17:00:00,8.983322,-1.7366638,282.05914,100059.19,51.75,5.25
2025-10-25 18:00:00,8.479019,-0.75639343,281.60144,100101.766,51.75,5.25
2025-10-25 19:00:00,7.8153076,-0.40081787,281.417,100128.81,51.75,5.25
2025-10-25 20:00:00,7.3429565,0.054382324,280.74222,100120.39,51.75,5.25
2025-10-25 21:00:00,7.1137695,0.67466736,280.49347,100148.445,51.75,5.25
2025-10-25 22:00:00,7.1779785,0.806015,280.1755,100136.266,51.75,5.25
2025-10-25 23:00:00,7.5407104,1.5123138,279.68628,100155.445,51.75,5.25
2025-10-26 00:00:00,7.9445343,2.5389404,279.83643,100145.94,51.75,5.25
2025-10-26 01:00:00,9.068146,2.839737,279.61127,100131.44,51.75,5.25
2025-10-26 02:00:00,9.870911,2.2158966,279.37048,100124.12,51.75,5.25
2025-10-26 03:00:00,10.403397,2.8759918,279.7642,100077.805,51.75,5.25
2025-10-26 04:00:00,11.603317,2.9375153,280.00824,100061.56,51.75,5.25
2025-10-26 05:00:00,12.755371,1.6458282,279.97446,100081.13,51.75,5.25
2025-10-26 06:00:00,13.064209,0.9480133,280.13757,100099.97,51.75,5.25
2025-10-26 07:00:00,12.652817,-0.24139404,280.69803,100178.805,51.75,5.25
2025-10-26 08:00:00,12.347626,-1.1308441,281.38458,100268.13,51.75,5.25
2025-10-26 09:00:00,11.841415,-1.9699707,282.09567,100336.83,51.75,5.25
2025-10-26 10:00:00,11.254135,-0.64575195,282.12726,100397.0,51.75,5.25
2025-10-26 11:00:00,11.555344,-0.005645752,282.91745,100448.95,51.75,5.25
2025-10-26 12:00:00,12.106796,0.23295593,282.99646,100464.22,51.75,5.25
2025-10-26 13:00:00,13.09729,0.05987549,283.12036,100502.5,51.75,5.25
2025-10-26 14:00:00,12.537674,-0.11355591,282.80582,100536.484,51.75,5.25
2025-10-26 15:00:00,11.162231,0.5810852,282.66162,100534.83,51.75,5.25
2025-10-26 16:00:00,9.892303,1.2754211,281.96436,100526.266,51.75,5.25
2025-10-26 17:00:00,9.061203,2.392807,281.9297,100484.33,51.75,5.25
2025-10-26 18:00:00,8.896072,3.4176636,281.4171,100463.61,51.75,5.25
2025-10-26 19:00:00,8.672852,4.3981476,280.68408,100408.02,51.75,5.25
2025-10-26 20:00:00,9.356628,5.2723083,280.6745,100328.06,51.75,5.25
2025-10-26 21:00:00,9.673752,6.2185364,280.9147,100203.484,51.75,5.25
2025-10-26 22:00:00,9.000534,7.4898834,280.81567,100109.11,51.75,5.25
2025-10-26 23:00:00,8.7986145,7.6720276,280.95612,99950.95,51.75,5.25
2025-10-27 00:00:00,9.249634,7.3695374,281.30066,99802.31,51.75,5.25
2025-10-27 01:00:00,10.260559,5.504471,282.10815,99689.37,51.75,5.25
2025-10-27 02:00:00,11.647751,2.7211456,283.22235,99604.805,51.75,5.25
2025-10-27 03:00:00,12.288467,0.99028015,283.38904,99565.86,51.75,5.25
2025-10-27 04:00:00,12.710861,-0.31547546,282.97015,99555.38,51.75,5.25
2025-10-27 05:00:00,12.441605,-1.3824921,282.84204,99573.59,51.75,5.25
2025-10-27 06:00:00,11.825439,-0.8765869,282.62177,99593.08,51.75,5.25
2025-10-27 07:00:00,11.913895,-0.18766785,282.63892,99627.25,51.75,5.25
2025-10-27 08:00:00,12.559509,-0.6346588,282.78238,99661.875,51.75,5.25
2025-10-27 09:00:00,12.474045,-0.63497925,282.9281,99675.375,51.75,5.25
2025-10-27 10:00:00,10.995651,-2.1573486,282.33466,99755.3,51.75,5.25
2025-10-27 11:00:00,10.295273,-2.2273712,282.14163,99800.31,51.75,5.25
2025-10-27 12:00:00,9.701004,-3.1382446,282.81006,99895.43,51.75,5.25
2025-10-27 13:00:00,9.053177,-4.532379,283.3457,100008.97,51.75,5.25
2025-10-27 14:00:00,8.915268,-5.406616,283.6869,100141.86,51.75,5.25
2025-10-27 15:00:00,8.715332,-5.4453278,283.04626,100228.66,51.75,5.25
2025-10-27 16:00:00,9.021698,-4.053467,282.7881,100382.76,51.75,5.25
2025-10-27 17:00:00,9.151978,-3.449524,281.9708,100486.31,51.75,5.25
2025-10-27 18:00:00,9.06456,-2.8625183,282.123,100615.33,51.75,5.25
2025-10-27 19:00:00,8.775223,-2.2579346,281.5899,100695.555,51.75,5.25
2025-10-27 20:00:00,8.155411,-1.4867096,281.55658,100740.66,51.75,5.25
2025-10-27 21:00:00,7.4946747,-0.16786194,281.25458,100791.05,51.75,5.25
2025-10-27 22:00:00,6.9026947,1.7387848,280.75446,100807.4,51.75,5.25
2025-10-27 23:00:00,6.404602,2.9170837,280.21802,100794.07,51.75,5.25
2025-10-28 00:00:00,6.1199036,4.6598663,280.57114,100746.25,51.75,5.25
2025-10-28 01:00:00,6.4838257,5.4136505,281.14734,100719.67,51.75,5.25
2025-10-28 02:00:00,6.3279114,6.0023193,281.7658,100639.94,51.75,5.25
2025-10-28 03:00:00,6.073593,6.739731,282.06305,100544.17,51.75,5.25
2025-10-28 04:00:00,6.3752747,7.8792725,282.20038,100469.8,51.75,5.25
2025-10-28 05:00:00,9.529175,7.4487457,282.9679,100372.05,51.75,5.25
2025-10-28 06:00:00,12.049469,5.73822,284.1848,100318.84,51.75,5.25
2025-10-28 07:00:00,12.414444,5.049225,284.6352,100328.47,51.75,5.25
2025-10-28 08:00:00,12.762405,3.67247,284.8274,100346.445,51.75,5.25
2025-10-28 09:00:00,12.672424,2.6592712,285.10876,100380.234,51.75,5.25
2025-10-28 10:00:00,11.827103,2.0866394,285.6422,100409.68,51.75,5.25
2025-10-28 11:00:00,11.999878,1.8103638,285.97778,100404.12,51.75,5.25
2025-10-28 12:00:00,12.167267,1.4570618,286.30997,100416.83,51.75,5.25
2025-10-28 13:00:00,11.227844,0.9201355,286.55612,100408.05,51.75,5.25
2025-10-28 14:00:00,10.84613,0.36154175,286.3861,100473.375,51.75,5.25
2025-10-28 15:00:00,10.178467,0.89656067,285.97296,100512.73,51.75,5.25
2025-10-28 16:00:00,9.580826,1.8234406,285.15894,100559.96,51.75,5.25
2025-10-28 17:00:00,9.287308,2.1710815,284.5699,100608.8,51.75,5.25
2025-10-28 18:00:00,8.99411,2.5497437,283.88513,100660.72,51.75,5.25
2025-10-28 19:00:00,8.508453,3.1243896,283.77368,100697.39,51.75,5.25
2025-10-28 20:00:00,7.971817,3.9350739,283.36603,100702.4,51.75,5.25
2025-10-28 21:00:00,7.521347,5.0186768,282.85468,100733.875,51.75,5.25
2025-10-28 22:00:00,7.476074,5.8267517,283.33966,100720.23,51.75,5.25
2025-10-28 23:00:00,7.264847,5.541397,283.03693,100706.08,51.75,5.25
2025-10-29 00:00:00,6.6198273,5.617157,282.4173,100711.16,51.75,5.25
2025-10-29 01:00:00,5.941818,5.9091797,282.3988,100694.805,51.75,5.25
2025-10-29 02:00:00,5.3066254,6.4049835,282.76733,100659.695,51.75,5.25
2025-10-29 03:00:00,5.1660767,7.026428,283.05646,100612.375,51.75,5.25
2025-10-29 04:00:00,5.550308,7.214813,283.449,100598.25,51.75,5.25
2025-10-29 05:00:00,5.360199,7.2384644,283.83066,100568.69,51.75,5.25
2025-10-29 06:00:00,4.94664,7.498001,284.06262,100516.39,51.75,5.25
2025-10-29 07:00:00,4.3873596,7.7079773,284.0134,100497.67,51.75,5.25
2025-10-29 08:00:00,3.867813,7.9804993,284.37054,100500.53,51.75,5.25
2025-10-29 09:00:00,3.4486847,8.005386,285.13055,100467.94,51.75,5.25
2025-10-29 10:00:00,2.9076233,7.5429688,285.67535,100403.31,51.75,5.25
2025-10-29 11:00:00,3.1198883,7.33461,286.148,100355.89,51.75,5.25
2025-10-29 12:00:00,3.4146729,7.1639557,286.4179,100269.75,51.75,5.25
2025-10-29 13:00:00,2.8618317,6.2632904,286.52814,100215.28,51.75,5.25
2025-10-29 14:00:00,0.70809937,4.9881287,286.57098,100121.08,51.75,5.25
2025-10-29 15:00:00,-0.72213745,5.122986,286.16058,99985.67,51.75,5.25
2025-10-29 16:00:00,-1.2232971,5.9734955,285.54266,99917.31,51.75,5.25
2025-10-29 17:00:00,-0.8121643,5.92395,285.08618,99900.14,51.75,5.25
2025-10-29 18:00:00,-0.6846771,5.1290283,284.9026,99807.94,51.75,5.25
2025-10-29 19:00:00,-0.19967651,5.437027,284.91464,99727.41,51.75,5.25
2025-10-29 20:00:00,1.5074768,6.177887,285.0301,99682.92,51.75,5.25
2025-10-29 21:00:00,2.0610504,6.542053,284.69656,99576.81,51.75,5.25
2025-10-29 22:00:00,4.23851,4.9627686,284.3689,99555.22,51.75,5.25
2025-10-29 23:00:00,7.406769,3.686432,284.1885,99542.664,51.75,5.25
2025-10-30 00:00:00,9.127029,1.8021698,284.09363,99587.56,51.75,5.25
2025-10-30 01:00:00,9.9431305,-0.6896515,283.8246,99690.36,51.75,5.25
2025-10-30 02:00:00,10.644409,-2.0920563,283.1261,99845.27,51.75,5.25
2025-10-30 03:00:00,10.01062,-1.1161194,282.60968,99980.55,51.75,5.25
2025-10-30 04:00:00,9.789307,0.39207458,282.1011,100126.83,51.75,5.25
2025-10-30 05:00:00,9.249481,1.7341614,281.6093,100254.516,51.75,5.25
2025-10-30 06:00:00,8.599747,3.1473236,281.42313,100382.625,51.75,5.25
2025-10-30 07:00:00,8.212921,4.027008,281.42172,100503.28,51.75,5.25
2025-10-30 08:00:00,8.072052,3.9963074,282.3388,100647.02,51.75,5.25
2025-10-30 09:00:00,7.0914154,4.073532,283.60657,100749.75,51.75,5.25
2025-10-30 10:00:00,8.986389,2.448944,284.72754,100887.16,51.75,5.25
2025-10-30 11:00:00,9.096069,1.4933319,285.36185,100953.14,51.75,5.25
2025-10-30 12:00:00,8.1409,1.3765717,285.75702,100999.09,51.75,5.25
2025-10-30 13:00:00,7.7418213,2.1462402,285.90295,101026.664,51.75,5.25
2025-10-30 14:00:00,6.9073944,2.816513,285.87256,101077.5,51.75,5.25
2025-10-30 15:00:00,5.5460205,3.0631409,285.3985,101122.61,51.75,5.25
2025-10-30 16:00:00,4.0464478,3.6801605,283.18433,101144.05,51.75,5.25
2025-10-30 17:00:00,2.438568,4.6495514,281.52313,101179.94,51.75,5.25
2025-10-30 18:00:00,1.2210388,5.629196,281.39398,101209.58,51.75,5.25
2025-10-30 19:00:00,0.39312744,6.268051,281.7905,101218.75,51.75,5.25
2025-10-30 20:00:00,0.2239685,6.6911774,281.732,101220.59,51.75,5.25
2025-10-30 21:00:00,-0.3887024,7.0571594,281.4524,101186.84,51.75,5.25
2025-10-30 22:00:00,-0.7374573,8.223572,281.2923,101181.58,51.75,5.25
2025-10-30 23:00:00,-0.3610077,8.290237,281.1004,101177.12,51.75,5.25
2025-10-31 00:00:00,-0.888504,8.526169,281.09656,101150.02,51.75,5.25
2025-10-31 01:00:00,-0.88165283,8.527191,280.65918,101151.2,51.75,5.25
2025-10-31 02:00:00,-1.0510559,8.313553,280.5769,101121.12,51.75,5.25
2025-10-31 03:00:00,-1.4561768,8.472275,280.72375,101074.0,51.75,5.25
2025-10-31 04:00:00,-1.5812988,8.412582,280.7198,101045.39,51.75,5.25
2025-10-31 05:00:00,-1.2339325,8.430115,280.79895,101030.31,51.75,5.25
2025-10-31 06:00:00,-1.2974854,8.482788,280.88492,101002.82,51.75,5.25
2025-10-31 07:00:00,-1.1895599,8.52327,280.86237,100979.266,51.75,5.25
2025-10-31 08:00:00,-0.36846924,8.09993,281.51724,101007.84,51.75,5.25
2025-10-31 09:00:00,-0.18673706,7.723999,282.49963,100979.14,51.75,5.25
2025-10-31 10:00:00,-0.34596252,5.715149,283.97925,100982.64,51.75,5.25
2025-10-31 11:00:00,-0.22544861,6.147232,284.90054,100976.555,51.75,5.25
2025-10-31 12:00:00,-0.5537262,6.437866,285.49,100919.23,51.75,5.25
2025-10-31 13:00:00,-1.0643463,6.570755,285.51666,100879.29,51.75,5.25
2025-10-31 14:00:00,-1.5397949,6.553772,286.00583,100833.39,51.75,5.25
2025-10-31 15:00:00,-1.565918,7.6415863,285.80426,100820.91,51.75,5.25
2025-10-31 16:00:00,-1.3474121,8.161133,285.8086,100813.83,51.75,5.25
2025-10-31 17:00:00,-0.6287384,8.347015,285.53024,100818.45,51.75,5.25
2025-10-31 18:00:00,0.17330933,8.703339,285.68207,100854.42,51.75,5.25
2025-10-31 19:00:00,0.83058167,8.989655,285.65222,100841.05,51.75,5.25
2025-10-31 20:00:00,1.4663391,9.409775,285.5591,100835.89,51.75,5.25
2025-10-31 21:00:00,1.7133179,9.9783325,285.29218,100814.59,51.75,5.25
2025-10-31 22:00:00,2.0719452,9.171875,285.26785,100838.86,51.75,5.25
2025-10-31 23:00:00,1.697113,9.447647,285.31616,100824.945,51.75,5.25
2025-11-01 00:00:00,1.565567,9.89473,285.11542,100786.81,51.75,5.25
2025-11-01 01:00:00,0.9112549,9.944031,285.42722,100775.016,51.75,5.25
2025-11-01 02:00:00,-0.19668579,9.9531555,285.38452,100658.78,51.75,5.25
2025-11-01 03:00:00,-0.38049316,10.099991,285.43768,100631.195,51.75,5.25
2025-11-01 04:00:00,-1.0019073,10.374161,285.47638,100561.14,51.75,5.25
2025-11-01 05:00:00,-1.0447998,10.346985,286.02863,100486.734,51.75,5.25
2025-11-01 06:00:00,-0.893631,10.41243,286.49,100438.89,51.75,5.25
2025-11-01 07:00:00,-0.16055298,10.715607,286.49994,100408.18,51.75,5.25
2025-11-01 08:00:00,0.5205536,10.990128,286.57074,100415.02,51.75,5.25
2025-11-01 09:00:00,2.431961,10.887634,286.84073,100374.64,51.75,5.25
2025-11-01 10:00:00,4.980713,7.4154816,287.16684,100442.45,51.75,5.25
2025-11-01 11:00:00,5.5866394,7.417038,287.14618,100449.91,51.75,5.25
2025-11-01 12:00:00,6.898163,6.53006,286.27747,100532.64,51.75,5.25
2025-11-01 13:00:00,5.4681244,5.9558716,285.35834,100564.41,51.75,5.25
2025-11-01 14:00:00,5.4877777,7.022537,285.3667,100604.484,51.75,5.25
2025-11-01 15:00:00,5.24588,7.329056,285.6489,100649.58,51.75,5.25
2025-11-01 16:00:00,5.011139,7.4905853,285.19357,100687.29,51.75,5.25
2025-11-01 17:00:00,5.436035,7.5813293,284.43466,100761.74,51.75,5.25
2025-11-01 18:00:00,5.3681183,7.7522736,284.0049,100853.93,51.75,5.25
2025-11-01 19:00:00,4.741623,7.8295135,284.062,100883.14,51.75,5.25
2025-11-01 20:00:00,4.287781,7.8086395,283.84045,100885.16,51.75,5.25
2025-11-01 21:00:00,3.9903717,8.022186,283.57013,100908.47,51.75,5.25
2025-11-01 22:00:00,4.1886597,8.861557,283.3585,100918.016,51.75,5.25
2025-11-01 23:00:00,4.4894867,8.82106,283.4157,100876.93,51.75,5.25
2025-11-02 00:00:00,4.901764,8.4839325,283.7135,100848.59,51.75,5.25
2025-11-02 01:00:00,4.83374,8.099564,284.02454,100865.516,51.75,5.25
2025-11-02 02:00:00,5.265396,7.722168,283.91437,100843.95,51.75,5.25
2025-11-02 03:00:00,5.670822,6.6869965,283.72906,100845.0,51.75,5.25
2025-11-02 04:00:00,5.4579926,6.0112,283.4198,100849.22,51.75,5.25
2025-11-02 05:00:00,4.780258,5.949234,283.0926,100858.766,51.75,5.25
2025-11-02 06:00:00,3.9978333,6.185898,282.6012,100872.84,51.75,5.25
2025-11-02 07:00:00,3.2623596,6.426117,282.3872,100893.41,51.75,5.25
2025-11-02 08:00:00,3.2417145,6.624634,283.07007,100925.61,51.75,5.25
2025-11-02 09:00:00,3.3922577,6.985855,283.88287,100893.16,51.75,5.25
2025-11-02 10:00:00,1.8399658,4.6381226,284.9745,100875.72,51.75,5.25
2025-11-02 11:00:00,2.3906555,5.416382,285.94003,100833.26,51.75,5.25
2025-11-02 12:00:00,2.821579,6.320099,286.38028,100811.26,51.75,5.25
2025-11-02 13:00:00,2.98909,6.303055,286.62555,100752.56,51.75,5.25
2025-11-02 14:00:00,4.111801,6.8793945,286.05835,100784.625,51.75,5.25
2025-11-02 15:00:00,4.1405334,6.8645325,284.73492,100783.06,51.75,5.25
2025-11-02 16:00:00,4.8930664,6.6364746,284.01422,100822.125,51.75,5.25
2025-11-02 17:00:00,6.853424,4.453598,283.54276,100872.71,51.75,5.25
2025-11-02 18:00:00,7.8947144,2.450348,283.61127,100969.734,51.75,5.25
2025-11-02 19:00:00,8.200272,1.2781677,283.20087,101060.0,51.75,5.25
2025-11-02 20:00:00,7.665497,1.6333923,282.67532,101152.42,51.75,5.25
2025-11-02 21:00:00,6.9627533,2.827652,281.9416,101232.125,51.75,5.25
2025-11-02 22:00:00,6.3010864,3.7070618,281.00177,101300.06,51.75,5.25
2025-11-02 23:00:00,6.298218,4.4618683,280.73843,101354.484,51.75,5.25
2025-11-03 00:00:00,5.978058,4.9007416,280.40167,101406.8,51.75,5.25
2025-11-03 01:00:00,5.535446,5.4764404,280.1004,101459.2,51.75,5.25
2025-11-03 02:00:00,5.3034973,6.2474976,279.89874,101451.8,51.75,5.25
2025-11-03 03:00:00,5.695648,6.0398865,279.5454,101491.81,51.75,5.25
2025-11-03 04:00:00,5.642502,5.9792175,279.5603,101537.66,51.75,5.25
2025-11-03 05:00:00,5.2539062,6.79953,279.48956,101550.66,51.75,5.25
2025-11-03 06:00:00,5.3248596,7.212448,279.65405,101585.78,51.75,5.25
2025-11-03 07:00:00,5.241516,8.03273,279.9447,101602.625,51.75,5.25
2025-11-03 08:00:00,5.0699615,8.217239,281.17108,101646.625,51.75,5.25
2025-11-03 09:00:00,4.4833984,9.103241,282.44128,101637.72,51.75,5.25
2025-11-03 10:00:00,3.058258,8.129044,283.5648,101644.34,51.75,5.25
2025-11-03 11:00:00,3.6322021,9.217087,284.63065,101616.06,51.75,5.25
2025-11-03 12:00:00,4.797043,9.07103,284.9787,101618.05,51.75,5.25
2025-11-03 13:00:00,5.487503,8.823166,285.3591,101612.516,51.75,5.25
2025-11-03 14:00:00,5.251526,8.950027,285.7866,101612.16,51.75,5.25
2025-11-03 15:00:00,5.2478027,9.284363,285.4553,101622.22,51.75,5.25
2025-11-03 16:00:00,5.2567596,9.624695,285.0834,101653.75,51.75,5.25
2025-11-03 17:00:00,5.2078857,9.581665,284.97247,101659.81,51.75,5.25
2025-11-03 18:00:00,5.5670776,9.021988,285.226,101684.71,51.75,5.25
2025-11-03 19:00:00,5.9747925,8.460144,285.6219,101723.83,51.75,5.25
2025-11-03 20:00:00,5.865265,8.464279,285.96765,101723.75,51.75,5.25
2025-11-03 21:00:00,5.4137115,8.906509,286.0416,101732.875,51.75,5.25
2025-11-03 22:00:00,5.4111176,9.04007,285.8815,101724.16,51.75,5.25
2025-11-03 23:00:00,5.5184174,8.771713,286.02625,101732.766,51.75,5.25
2025-11-04 00:00:00,5.5676117,8.593857,286.06976,101743.94,51.75,5.25
2025-11-04 01:00:00,5.4123993,8.360657,286.04025,101757.72,51.75,5.25
2025-11-04 02:00:00,5.186737,8.342865,285.8285,101742.36,51.75,5.25
2025-11-04 03:00:00,4.9474945,8.05571,285.64685,101747.72,51.75,5.25
2025-11-04 04:00:00,4.59906,7.804718,285.74338,101747.06,51.75,5.25
2025-11-04 05:00:00,4.127823,7.88501,285.77753,101757.875,51.75,5.25
2025-11-04 06:00:00,3.5283203,8.294189,285.8514,101771.5,51.75,5.25
2025-11-04 07:00:00,3.2768097,8.508606,285.80115,101792.83,51.75,5.25
2025-11-04 08:00:00,3.0561829,8.625214,285.8982,101829.766,51.75,5.25
2025-11-04 09:00:00,2.7005157,9.385971,286.4457,101826.8,51.75,5.25
2025-11-04 10:00:00,1.821228,7.938446,287.53848,101834.586,51.75,5.25
2025-11-04 11:00:00,0.8695984,7.7199707,288.68506,101778.82,51.75,5.25
2025-11-04 12:00:00,0.20396423,8.317383,289.04108,101714.81,51.75,5.25
2025-11-04 13:00:00,-0.8461151,8.738586,289.31158,101650.79,51.75,5.25
2025-11-04 14:00:00,-1.2742004,8.862762,289.03445,101578.22,51.75,5.25
2025-11-04 15:00:00,-1.3746033,9.22673,288.54602,101583.18,51.75,5.25
2025-11-04 16:00:00,-1.5297699,9.686188,287.73602,101523.25,51.75,5.25
2025-11-04 17:00:00,-0.7027588,9.788055,287.54944,101499.8,51.75,5.25
2025-11-04 18:00:00,-0.33380127,9.773865,286.66306,101472.53,51.75,5.25
2025-11-04 19:00:00,0.25976562,9.824295,286.63287,101451.54,51.75,5.25
2025-11-04 20:00:00,1.2618561,9.861313,285.96594,101450.734,51.75,5.25
2025-11-04 21:00:00,2.4737244,9.709381,285.6739,101486.31,51.75,5.25
2025-11-04 22:00:00,3.2578583,9.008881,285.83972,101510.37,51.75,5.25
2025-11-04 23:00:00,2.1708221,9.143875,285.53918,101466.81,51.75,5.25
2025-11-05 00:00:00,2.8819275,8.654739,285.54187,101463.914,51.75,5.25
2025-11-05 01:00:00,2.7984314,8.070023,285.18134,101445.25,51.75,5.25
2025-11-05 02:00:00,2.5803986,7.9194183,285.15332,101452.64,51.75,5.25
2025-11-05 03:00:00,2.6715546,7.991379,284.78528,101437.08,51.75,5.25
2025-11-05 04:00:00,1.4112244,8.254211,284.83707,101423.05,51.75,5.25
2025-11-05 05:00:00,0.46800232,8.614517,284.71082,101461.34,51.75,5.25
2025-11-05 06:00:00,0.24183655,9.01265,284.8541,101461.88,51.75,5.25
2025-11-05 07:00:00,0.22731018,8.854691,285.02985,101481.89,51.75,5.25
2025-11-05 08:00:00,0.68211365,8.385864,285.29678,101519.36,51.75,5.25
2025-11-05 09:00:00,0.7251129,8.028824,286.09784,101519.92,51.75,5.25
2025-11-05 10:00:00,-0.46496582,6.638138,287.15704,101484.94,51.75,5.25
2025-11-05 11:00:00,-0.49468994,6.579529,288.2765,101471.79,51.75,5.25
2025-11-05 12:00:00,-1.4403076,5.9019775,289.47244,101396.55,51.75,5.25
2025-11-05 13:00:00,-2.5413513,6.0677032,290.19208,101353.836,51.75,5.25
2025-11-05 14:00:00,-3.5928955,6.4361725,290.30737,101315.5,51.75,5.25
2025-11-05 15:00:00,-3.822281,6.84256,289.4517,101281.86,51.75,5.25
2025-11-05 16:00:00,-3.991333,7.254944,287.80862,101266.13,51.75,5.25
2025-11-05 17:00:00,-3.6288605,7.687256,287.07172,101255.0,51.75,5.25
2025-11-05 18:00:00,-3.2998657,7.987915,286.2782,101231.805,51.75,5.25
2025-11-05 19:00:00,-2.9950104,7.9149475,286.08722,101195.65,51.75,5.25
2025-11-05 20:00:00,-1.9014893,7.8629303,285.25757,101191.64,51.75,5.25
2025-11-05 21:00:00,-2.120575,7.610672,284.78888,101191.16,51.75,5.25
2025-11-05 22:00:00,-2.15065,7.7206116,284.0229,101146.375,51.75,5.25
2025-11-05 23:00:00,-2.4689484,7.2788696,283.46326,101091.08,51.75,5.25
2025-11-06 00:00:00,-1.2678375,7.129669,283.44342,101095.92,51.75,5.25
2025-11-06 01:00:00,-1.8952942,6.5107727,282.80518,101084.33,51.75,5.25
2025-11-06 02:00:00,-3.138031,6.631912,282.49506,101011.56,51.75,5.25
2025-11-06 03:00:00,-3.9781647,6.823227,282.0182,100966.2,51.75,5.25
2025-11-06 04:00:00,-4.2761993,6.7356567,281.7558,100935.484,51.75,5.25
2025-11-06 05:00:00,-4.0904083,6.519745,281.8069,100910.36,51.75,5.25
2025-11-06 06:00:00,-2.776825,6.219803,281.4038,100904.09,51.75,5.25
2025-11-06 07:00:00,-2.7485962,6.01416,281.1114,100907.14,51.75,5.25
2025-11-06 08:00:00,-2.820221,6.2521667,282.11636,100909.19,51.75,5.25
2025-11-06 09:00:00,-2.1893768,6.244461,283.59192,100903.59,51.75,5.25
2025-11-06 10:00:00,-2.0658417,4.3716583,285.13153,100843.19,51.75,5.25
2025-11-06 11:00:00,-1.4945068,4.5974884,286.14056,100824.53,51.75,5.25
2025-11-06 12:00:00,-1.1578522,4.450241,286.83163,100780.47,51.75,5.25
2025-11-06 13:00:00,-1.555069,4.109192,287.21014,100770.72,51.75,5.25
2025-11-06 14:00:00,-1.6549835,4.450302,287.09393,100742.77,51.75,5.25
2025-11-06 15:00:00,-1.3646698,4.6750793,286.466,100716.414,51.75,5.25
2025-11-06 16:00:00,-1.178894,5.3676147,285.15417,100718.39,51.75,5.25
2025-11-06 17:00:00,-0.42552185,6.1136627,284.17795,100744.805,51.75,5.25
2025-11-06 18:00:00,0.5743408,6.2128143,283.50372,100773.41,51.75,5.25
2025-11-06 19:00:00,1.4981537,6.1806946,283.40875,100791.09,51.75,5.25
2025-11-06 20:00:00,2.0545197,6.032196,283.21423,100813.72,51.75,5.25
2025-11-06 21:00:00,2.3156128,6.0164337,283.12335,100851.31,51.75,5.25
2025-11-06 22:00:00,3.6361237,5.7338715,283.1044,100848.15,51.75,5.25
2025-11-06 23:00:00,3.6502228,5.1035156,282.93427,100859.0,51.75,5.25
2025-11-07 00:00:00,3.7858276,4.811493,282.66473,100869.266,51.75,5.25
2025-11-07 01:00:00,3.3907623,4.3547516,282.17157,100878.984,51.75,5.25
2025-11-07 02:00:00,2.6347198,4.266632,281.77612,100870.164,51.75,5.25
2025-11-07 03:00:00,1.83844,4.627899,281.36993,100848.25,51.75,5.25
2025-11-07 04:00:00,1.0236969,4.676697,281.18158,100854.92,51.75,5.25
2025-11-07 05:00:00,0.28507996,4.778305,280.9006,100845.734,51.75,5.25
2025-11-07 06:00:00,0.17858887,5.0936584,280.61267,100863.12,51.75,5.25
2025-11-07 07:00:00,0.24349976,4.9904785,280.41827,100900.05,51.75,5.25
2025-11-07 08:00:00,-0.005783081,4.68602,281.549,100922.34,51.75,5.25
2025-11-07 09:00:00,0.08610535,4.2628174,283.68433,100942.72,51.75,5.25
2025-11-07 10:00:00,0.5536499,3.19841,285.83917,100976.625,51.75,5.25
2025-11-07 11:00:00,0.20584106,2.392624,287.46912,100938.7,51.75,5.25
2025-11-07 12:00:00,-0.78845215,1.8549347,288.5526,100892.664,51.75,5.25
2025-11-07 13:00:00,-1.8738861,1.7404633,289.14133,100880.08,51.75,5.25
2025-11-07 14:00:00,-2.8688202,2.1142273,289.2873,100841.625,51.75,5.25
2025-11-07 15:00:00,-3.5716705,3.6679688,288.52197,100877.516,51.75,5.25
2025-11-07 16:00:00,-3.7055511,4.683655,286.4522,100897.85,51.75,5.25
2025-11-07 17:00:00,-3.2897797,5.4447327,284.61346,100938.99,51.75,5.25
2025-11-07 18:00:00,-1.9996338,5.975586,283.772,100969.05,51.75,5.25
2025-11-07 19:00:00,0.055908203,5.7436676,282.678,100994.375,51.75,5.25
2025-11-07 20:00:00,1.8349915,4.9972687,282.28964,101033.984,51.75,5.25
2025-11-07 21:00:00,2.5102844,4.1365967,281.7593,101051.23,51.75,5.25
2025-11-07 22:00:00,2.1456146,3.4460144,279.9519,101078.516,51.75,5.25
2025-11-07 23:00:00,1.8563385,3.583435,280.369,101073.73,51.75,5.25
2025-11-08 00:00:00,2.0172882,3.563263,280.4727,101109.445,51.75,5.25
2025-11-08 01:00:00,1.5910187,3.43042,280.1864,101118.14,51.75,5.25
2025-11-08 02:00:00,1.0400085,3.4869385,280.32574,101124.97,51.75,5.25
2025-11-08 03:00:00,0.17227173,3.4066467,280.19232,101106.15,51.75,5.25
2025-11-08 04:00:00,-0.25268555,3.8082275,280.2812,101124.016,51.75,5.25
2025-11-08 05:00:00,0.25987244,4.205948,280.33676,101155.93,51.75,5.25
2025-11-08 06:00:00,0.6980896,4.0909576,280.6176,101181.46,51.75,5.25
2025-11-08 07:00:00,0.8187866,3.876648,280.503,101205.86,51.75,5.25
2025-11-08 08:00:00,0.92637634,3.6984253,281.43726,101290.234,51.75,5.25
2025-11-08 09:00:00,1.0414886,2.9541626,283.06378,101308.17,51.75,5.25
2025-11-08 10:00:00,0.41026306,1.6645813,284.1056,101329.7,51.75,5.25
2025-11-08 11:00:00,0.7520294,1.402832,285.4458,101333.34,51.75,5.25
2025-11-08 12:00:00,1.0535431,1.2128754,286.28247,101318.016,51.75,5.25
2025-11-08 13:00:00,0.9608307,1.1395111,286.70166,101307.7,51.75,5.25
2025-11-08 14:00:00,1.1800842,1.317749,286.80432,101309.14,51.75,5.25
2025-11-08 15:00:00,1.7316284,1.3488312,286.20032,101328.58,51.75,5.25
2025-11-08 16:00:00,2.5323486,1.1930847,285.29825,101346.305,51.75,5.25
2025-11-08 17:00:00,3.591507,0.59054565,284.8988,101383.69,51.75,5.25
2025-11-08 18:00:00,4.0626373,-0.15797424,284.98285,101439.84,51.75,5.25
2025-11-08 19:00:00,3.7991638,-0.54086304,285.08044,101461.33,51.75,5.25
2025-11-08 20:00:00,3.7260742,-0.44226074,284.49512,101497.0,51.75,5.25
2025-11-08 21:00:00,3.6716309,-0.13386536,284.1104,101499.04,51.75,5.25
2025-11-08 22:00:00,3.2474365,0.49128723,284.18268,101516.78,51.75,5.25
2025-11-08 23:00:00,4.260956,0.6248932,284.09924,101517.92,51.75,5.25
2025-11-09 00:00:00,4.8999023,-0.17053223,284.2757,101522.35,51.75,5.25
2025-11-09 01:00:00,5.0586395,-0.7784271,284.45355,101540.46,51.75,5.25
2025-11-09 02:00:00,5.2369995,-0.9820862,284.22598,101529.06,51.75,5.25
2025-11-09 03:00:00,5.4037323,-1.2167511,284.02478,101531.6,51.75,5.25
2025-11-09 04:00:00,5.3744507,-0.9874573,283.9215,101550.664,51.75,5.25
2025-11-09 05:00:00,5.5262756,-0.4157257,284.04156,101552.19,51.75,5.25
2025-11-09 06:00:00,5.7211914,-0.13537598,283.83887,101574.125,51.75,5.25
2025-11-09 07:00:00,5.77005,-0.20588684,283.6471,101632.516,51.75,5.25
2025-11-09 08:00:00,5.599594,-0.33145142,283.7728,101674.24,51.75,5.25
2025-11-09 09:00:00,5.113739,-0.2797699,284.79565,101706.66,51.75,5.25
2025-11-09 10:00:00,3.3440704,0.4305725,285.65637,101732.83,51.75,5.25
2025-11-09 11:00:00,3.7831268,0.31472778,286.52155,101728.875,51.75,5.25
2025-11-09 12:00:00,3.928238,-0.10902405,286.84674,101681.47,51.75,5.25
2025-11-09 13:00:00,3.8472443,0.053619385,287.14703,101669.266,51.75,5.25
2025-11-09 14:00:00,3.6450195,0.5552826,287.09003,101650.31,51.75,5.25
2025-11-09 15:00:00,3.6313171,1.1127167,286.1765,101654.3,51.75,5.25
2025-11-09 16:00:00,4.30365,1.8982544,283.82947,101654.83,51.75,5.25
2025-11-09 17:00:00,4.6502075,2.4107819,282.2693,101691.92,51.75,5.25
2025-11-09 18:00:00,3.9643555,3.081314,281.18552,101712.23,51.75,5.25
2025-11-09 19:00:00,2.909668,3.9273071,280.0402,101696.7,51.75,5.25
2025-11-09 20:00:00,1.7976532,4.8256226,280.2396,101700.58,51.75,5.25
2025-11-09 21:00:00,1.5375977,5.7259827,280.04825,101666.76,51.75,5.25
2025-11-09 22:00:00,3.3739166,5.224823,279.57645,101649.0,51.75,5.25
2025-11-09 23:00:00,3.3553162,5.023163,279.47864,101622.664,51.75,5.25
2025-11-10 00:00:00,2.803238,5.4607086,279.5678,101587.055,51.75,5.25
2025-11-10 01:00:00,2.2528229,5.607376,280.0802,101541.125,51.75,5.25
2025-11-10 02:00:00,2.1990051,5.4625854,280.18567,101529.35,51.75,5.25
2025-11-10 03:00:00,1.2379456,5.4889374,280.34222,101497.125,51.75,5.25
2025-11-10 04:00:00,0.34251404,5.9251404,280.60345,101439.36,51.75,5.25
2025-11-10 05:00:00,0.28102112,6.2905884,280.44983,101399.516,51.75,5.25
2025-11-10 06:00:00,0.39315796,6.3719482,280.5808,101373.516,51.75,5.25
2025-11-10 07:00:00,0.6407013,6.5007324,280.74286,101366.73,51.75,5.25
2025-11-10 08:00:00,-0.37550354,6.74205,280.96204,101351.91,51.75,5.25
2025-11-10 09:00:00,-0.447464,7.5839386,281.40356,101313.234,51.75,5.25
2025-11-10 10:00:00,-1.1023102,6.0867615,281.8587,101272.47,51.75,5.25
2025-11-10 11:00:00,-0.80229187,7.3379364,282.56885,101189.47,51.75,5.25
2025-11-10 12:00:00,0.30403137,8.278244,283.3805,101149.336,51.75,5.25
2025-11-10 13:00:00,-0.37072754,7.7488403,283.77594,101087.2,51.75,5.25
2025-11-10 14:00:00,-1.5826416,7.4076843,284.02643,100992.97,51.75,5.25
2025-11-10 15:00:00,-2.2666168,7.592224,283.9388,100939.0,51.75,5.25
2025-11-10 16:00:00,-2.0348969,8.07225,283.73218,100910.58,51.75,5.25
2025-11-10 17:00:00,-1.7256165,8.425598,283.872,100901.445,51.75,5.25
2025-11-10 18:00:00,-1.7048798,9.070984,283.36877,100879.41,51.75,5.25
2025-11-10 19:00:00,-0.82873535,9.281067,283.0575,100835.07,51.75,5.25
2025-11-10 20:00:00,0.6607971,9.132553,282.74445,100833.55,51.75,5.25
2025-11-10 21:00:00,2.0797424,8.802277,283.13922,100806.72,51.75,5.25
2025-11-10 22:00:00,1.7667847,8.582108,283.02136,100825.195,51.75,5.25
2025-11-10 23:00:00,3.5751953,8.218979,283.0063,100845.15,51.75,5.25
2025-11-11 00:00:00,5.3121643,7.4874725,282.9389,100859.58,51.75,5.25
2025-11-11 01:00:00,6.2704926,6.625763,282.924,100882.08,51.75,5.25
2025-11-11 02:00:00,6.6049957,6.196396,282.7885,100915.234,51.75,5.25
2025-11-11 03:00:00,6.319336,6.340683,282.5799,100931.78,51.75,5.25
2025-11-11 04:00:00,6.0392914,6.315506,282.24805,100964.49,51.75,5.25
2025-11-11 05:00:00,5.5243683,6.2491913,282.16455,101007.16,51.75,5.25
2025-11-11 06:00:00,5.008545,6.241379,282.11737,101040.83,51.75,5.25
2025-11-11 07:00:00,4.697464,6.6591034,281.78528,101114.85,51.75,5.25
2025-11-11 08:00:00,4.069931,6.7506104,282.10492,101176.75,51.75,5.25
2025-11-11 09:00:00,3.8651733,6.948059,283.06842,101230.28,51.75,5.25
2025-11-11 10:00:00,3.6226807,6.340683,283.95367,101256.28,51.75,5.25
2025-11-11 11:00:00,3.241455,7.042557,284.56946,101227.46,51.75,5.25
2025-11-11 12:00:00,2.5275116,7.7766724,285.20798,101193.47,51.75,5.25
2025-11-11 13:00:00,3.037857,8.326462,285.4377,101202.016,51.75,5.25
2025-11-11 14:00:00,3.4648895,7.7604523,285.62115,101226.22,51.75,5.25
2025-11-11 15:00:00,3.0749207,7.199066,285.41882,101258.66,51.75,5.25
2025-11-11 16:00:00,1.3591919,7.429764,284.77094,101224.375,51.75,5.25
2025-11-11 17:00:00,-0.1465149,8.383057,283.64343,101164.55,51.75,5.25
2025-11-11 18:00:00,-0.93351746,8.556488,283.62463,101108.0,51.75,5.25
2025-11-11 19:00:00,-0.13989258,8.50383,283.81116,101164.19,51.75,5.25
2025-11-11 20:00:00,-0.4197693,8.629959,283.43866,101166.93,51.75,5.25
2025-11-11 21:00:00,-0.78215027,9.141464,283.3374,101111.33,51.75,5.25
2025-11-11 22:00:00,0.12023926,9.998505,283.28088,101121.5,51.75,5.25
2025-11-11 23:00:00,0.7595978,9.661392,283.89413,101057.27,51.75,5.25
2025-11-12 00:00:00,0.5154877,9.798904,284.26886,101034.484,51.75,5.25
2025-11-12 01:00:00,0.018966675,9.45369,284.28772,101020.555,51.75,5.25
2025-11-12 02:00:00,0.40982056,9.991928,284.20233,100975.195,51.75,5.25
2025-11-12 03:00:00,1.0272217,10.244843,284.1513,100992.36,51.75,5.25
2025-11-12 04:00:00,0.73349,10.415085,283.91675,100984.625,51.75,5.25
2025-11-12 05:00:00,0.605011,10.390198,283.8438,100910.58,51.75,5.25
2025-11-12 06:00:00,0.3490448,9.868149,283.87872,100921.734,51.75,5.25
2025-11-12 07:00:00,1.3136292,9.598145,283.6047,100927.11,51.75,5.25
2025-11-12 08:00:00,1.959259,9.186218,283.7683,100962.94,51.75,5.25
2025-11-12 09:00:00,1.8130798,8.830734,284.82373,100954.586,51.75,5.25
2025-11-12 10:00:00,1.2478638,7.7759705,286.28003,100965.805,51.75,5.25
2025-11-12 11:00:00,1.486084,8.259933,287.33783,100946.555,51.75,5.25
2025-11-12 12:00:00,0.8600769,7.838135,288.00977,100884.4,51.75,5.25
2025-11-12 13:00:00,0.6446228,8.543961,288.18756,100822.17,51.75,5.25
2025-11-12 14:00:00,1.5392761,9.420013,287.95358,100787.04,51.75,5.25
2025-11-12 15:00:00,1.6272888,9.558411,287.38513,100783.56,51.75,5.25
2025-11-12 16:00:00,1.5768433,9.482025,286.1353,100769.516,51.75,5.25
2025-11-12 17:00:00,1.2790222,9.596741,285.53973,100782.54,51.75,5.25
2025-11-12 18:00:00,1.2899017,9.532455,284.6458,100794.39,51.75,5.25
2025-11-12 19:00:00,1.6989899,9.544418,284.31064,100775.53,51.75,5.25
2025-11-12 20:00:00,2.2348175,9.3476715,284.2638,100783.29,51.75,5.25
2025-11-12 21:00:00,2.136261,9.050766,284.17993,100734.16,51.75,5.25
2025-11-12 22:00:00,1.7437592,9.670059,284.52783,100697.58,51.75,5.25
2025-11-12 23:00:00,2.8358612,9.434647,284.65656,100685.484,51.75,5.25
2025-11-13 00:00:00,3.6462402,9.128021,284.79166,100635.78,51.75,5.25
2025-11-13 01:00:00,4.4229736,9.205154,285.41046,100650.98,51.75,5.25
2025-11-13 02:00:00,4.35791,9.52597,285.7751,100605.25,51.75,5.25
2025-11-13 03:00:00,4.990555,10.002182,286.134,100583.43,51.75,5.25
2025-11-13 04:00:00,5.77536,9.729279,286.3261,100604.67,51.75,5.25
2025-11-13 05:00:00,5.9545135,9.258255,286.86755,100648.3,51.75,5.25
2025-11-13 06:00:00,5.082062,9.258331,287.0386,100647.45,51.75,5.25
2025-11-13 07:00:00,5.473419,9.056503,286.83807,100707.63,51.75,5.25
2025-11-13 08:00:00,6.0219116,8.586838,287.09985,100815.766,51.75,5.25
2025-11-13 09:00:00,6.146179,7.8204346,287.56488,100886.72,51.75,5.25
2025-11-13 10:00:00,4.7711334,5.8088684,287.97556,100952.47,51.75,5.25
2025-11-13 11:00:00,4.8240204,5.5513916,288.30032,100958.28,51.75,5.25
2025-11-13 12:00:00,5.0637817,5.124634,288.49118,100961.47,51.75,5.25
2025-11-13 13:00:00,4.922882,4.881897,288.2537,100986.36,51.75,5.25
2025-11-13 14:00:00,4.6911316,4.3807373,287.78827,100971.95,51.75,5.25
2025-11-13 15:00:00,4.2094116,4.4475555,287.18878,101010.87,51.75,5.25
2025-11-13 16:00:00,3.9216156,4.8118134,286.64404,101031.6,51.75,5.25
2025-11-13 17:00:00,3.0515594,5.062134,286.1189,101043.2,51.75,5.25
2025-11-13 18:00:00,2.537735,4.4680176,285.52533,101074.25,51.75,5.25
2025-11-13 19:00:00,1.3336182,3.8246155,285.1616,101029.555,51.75,5.25
2025-11-13 20:00:00,-0.32974243,3.8153534,285.27612,100998.23,51.75,5.25
2025-11-13 21:00:00,-1.1992035,3.4319153,284.8905,100957.836,51.75,5.25
2025-11-13 22:00:00,-0.7028656,4.2246094,285.2373,100983.64,51.75,5.25
2025-11-13 23:00:00,-1.9676056,2.6541748,285.31342,100882.17,51.75,5.25
2025-11-14 00:00:00,-4.104599,2.2057495,285.41547,100831.336,51.75,5.25
2025-11-14 01:00:00,-4.245102,2.5667725,285.49854,100792.625,51.75,5.25
2025-11-14 02:00:00,-5.0857544,2.5930634,285.20813,100724.11,51.75,5.25
2025-11-14 03:00:00,-5.0261536,3.965088,284.9472,100662.06,51.75,5.25
2025-11-14 04:00:00,-5.2010803,4.789215,285.031,100567.14,51.75,5.25
2025-11-14 05:00:00,-4.318527,5.2385254,285.10638,100503.8,51.75,5.25
2025-11-14 06:00:00,-2.783371,5.556427,285.1687,100476.58,51.75,5.25
2025-11-14 07:00:00,-0.8666382,5.1544495,284.98865,100495.03,51.75,5.25
2025-11-14 08:00:00,-0.1712799,3.8230438,285.23273,100490.78,51.75,5.25
2025-11-14 09:00:00,-0.24789429,3.2188416,285.79608,100462.45,51.75,5.25
2025-11-14 10:00:00,0.9888458,3.4782867,286.5656,100539.7,51.75,5.25
2025-11-14 11:00:00,1.0228424,2.63414,286.49792,100497.875,51.75,5.25
2025-11-14 12:00:00,0.26533508,1.6963959,286.2298,100455.06,51.75,5.25
2025-11-14 13:00:00,-0.68099976,2.5617828,286.15363,100516.18,51.75,5.25
2025-11-14 14:00:00,-1.5599976,3.060196,286.224,100472.5,51.75,5.25
2025-11-14 15:00:00,-2.2350922,3.1747284,286.06598,100484.39,51.75,5.25
2025-11-14 16:00:00,-3.0268402,3.0525818,285.84656,100446.766,51.75,5.25
2025-11-14 17:00:00,-3.6844788,3.0775757,285.76105,100481.86,51.75,5.25
2025-11-14 18:00:00,-4.783203,2.3894806,285.58234,100519.0,51.75,5.25
2025-11-14 19:00:00,-5.4638214,1.5202179,285.50223,100489.41,51.75,5.25
2025-11-14 20:00:00,-4.8627014,1.0307922,285.52194,100550.22,51.75,5.25
2025-11-14 21:00:00,-5.388626,0.36857605,285.28418,100576.76,51.75,5.25
2025-11-14 22:00:00,-5.5740814,-0.632782,284.88364,100594.3,51.75,5.25
2025-11-14 23:00:00,-5.4971924,-0.08654785,284.57214,100629.17,51.75,5.25
2025-11-15 00:00:00,-5.278549,0.5652771,284.18118,100664.97,51.75,5.25
2025-11-15 01:00:00,-5.2239075,0.37327576,283.85016,100698.11,51.75,5.25
2025-11-15 02:00:00,-5.632187,-0.204422,283.4533,100677.84,51.75,5.25
2025-11-15 03:00:00,-5.711441,0.024765015,283.25873,100695.22,51.75,5.25
2025-11-15 04:00:00,-5.393921,0.13311768,282.98538,100723.65,51.75,5.25
2025-11-15 05:00:00,-5.2175293,-0.16259766,282.79208,100750.67,51.75,5.25
2025-11-15 06:00:00,-5.1177216,-0.39793396,282.65515,100765.625,51.75,5.25
2025-11-15 07:00:00,-5.4240723,-0.7435303,282.57825,100815.7,51.75,5.25
2025-11-15 08:00:00,-6.118454,-1.1279144,282.49615,100839.22,51.75,5.25
2025-11-15 09:00:00,-6.0415497,-1.0700073,282.52087,100833.79,51.75,5.25
2025-11-15 10:00:00,-4.8898773,-1.8333282,282.83344,100913.25,51.75,5.25
2025-11-15 11:00:00,-4.7189484,-2.1527557,282.56537,100895.64,51.75,5.25
2025-11-15 12:00:00,-5.056061,-1.8717651,282.59064,100868.39,51.75,5.25
2025-11-15 13:00:00,-5.0570984,-1.2729034,282.64374,100833.984,51.75,5.25
2025-11-15 14:00:00,-4.758972,-0.9410553,282.7188,100828.56,51.75,5.25
2025-11-15 15:00:00,-4.2614746,-1.5091553,282.5985,100811.78,51.75,5.25
2025-11-15 16:00:00,-3.495041,-2.7133026,282.6595,100775.45,51.75,5.25
2025-11-15 17:00:00,-2.970337,-2.7109222,282.5367,100798.0,51.75,5.25
2025-11-15 18:00:00,-2.8811035,-2.4626007,282.33575,100851.97,51.75,5.25
2025-11-15 19:00:00,-2.9422607,-2.8625183,282.22217,100837.66,51.75,5.25
2025-11-15 20:00:00,-2.7901611,-3.1129303,282.12604,100827.266,51.75,5.25
2025-11-15 21:00:00,-2.4282684,-3.3565521,281.86444,100803.94,51.75,5.25
2025-11-15 22:00:00,-2.807724,-2.5442505,281.65845,100765.555,51.75,5.25
2025-11-15 23:00:00,-1.8130493,-2.699051,281.4652,100756.48,51.75,5.25
2025-11-16 00:00:00,-0.9350128,-3.0783844,281.29602,100762.26,51.75,5.25
2025-11-16 01:00:00,-1.2220001,-3.1830444,281.15045,100742.79,51.75,5.25
2025-11-16 02:00:00,-1.5044556,-3.3441467,281.02246,100721.516,51.75,5.25
2025-11-16 03:00:00,-1.5088654,-3.5621033,280.83612,100707.016,51.75,5.25
2025-11-16 04:00:00,-1.0906372,-3.6672668,280.68057,100718.984,51.75,5.25
2025-11-16 05:00:00,-0.7046356,-3.6187897,280.4641,100713.64,51.75,5.25
2025-11-16 06:00:00,-0.782074,-4.1325684,280.20343,100746.44,51.75,5.25
2025-11-16 07:00:00,-1.1581726,-4.4140015,280.02493,100755.016,51.75,5.25
2025-11-16 08:00:00,-1.4542084,-4.6130066,280.02026,100801.34,51.75,5.25
2025-11-16 09:00:00,-1.6243591,-4.9219513,280.1917,100806.25,51.75,5.25
2025-11-16 10:00:00,-1.7652435,-4.599518,279.9461,100849.63,51.75,5.25
2025-11-16 11:00:00,-1.7342987,-4.45224,280.25146,100812.84,51.75,5.25
2025-11-16 12:00:00,-1.5170135,-5.3157196,280.38452,100817.76,51.75,5.25
2025-11-16 13:00:00,-1.7791595,-5.9763947,280.5155,100827.27,51.75,5.25
2025-11-16 14:00:00,-2.0735168,-6.082489,280.6646,100832.28,51.75,5.25
2025-11-16 15:00:00,-1.7313995,-5.9573364,280.5644,100874.03,51.75,5.25
2025-11-16 16:00:00,-1.2302246,-6.013611,279.9843,100930.734,51.75,5.25
2025-11-16 17:00:00,-1.2369537,-6.363327,279.4615,100984.32,51.75,5.25
2025-11-16 18:00:00,-1.3241882,-6.3543854,278.77588,101021.664,51.75,5.25
2025-11-16 19:00:00,-0.9679718,-5.8911896,277.77533,101047.05,51.75,5.25
2025-11-16 20:00:00,-0.23176575,-5.3631744,276.99286,101095.586,51.75,5.25
2025-11-16 21:00:00,0.67559814,-4.3262024,275.50012,101095.664,51.75,5.25
2025-11-16 22:00:00,1.5342865,-3.452118,274.03864,101066.414,51.75,5.25
2025-11-16 23:00:00,2.8545074,-1.5958557,274.41962,101024.32,51.75,5.25
2025-11-17 00:00:00,4.75766,-0.5924225,275.17572,101028.305,51.75,5.25
2025-11-17 01:00:00,6.138611,-0.43159485,276.21173,101013.22,51.75,5.25
2025-11-17 02:00:00,6.377365,-1.7458649,277.49094,100985.58,51.75,5.25
2025-11-17 03:00:00,5.127487,-3.8437195,278.19437,100968.695,51.75,5.25
2025-11-17 04:00:00,3.8973389,-5.104828,278.6701,100971.97,51.75,5.25
2025-11-17 05:00:00,3.7300873,-5.894394,278.46637,100979.59,51.75,5.25
2025-11-17 06:00:00,3.8372498,-6.7808075,278.46057,101008.24,51.75,5.25
2025-11-17 07:00:00,3.8327332,-7.868866,278.3042,101079.95,51.75,5.25
2025-11-17 08:00:00,3.3931732,-8.229706,278.27832,101168.625,51.75,5.25
2025-11-17 09:00:00,3.3476257,-7.6992645,278.92487,101234.375,51.75,5.25
2025-11-17 10:00:00,2.6436157,-7.4088287,279.2979,101331.64,51.75,5.25
2025-11-17 11:00:00,2.831787,-6.2611237,279.9464,101394.9,51.75,5.25
2025-11-17 12:00:00,3.4132538,-7.029602,280.31702,101441.61,51.75,5.25
2025-11-17 13:00:00,3.0774384,-7.931015,280.23007,101538.09,51.75,5.25
2025-11-17 14:00:00,1.7603455,-8.293854,279.85754,101638.58,51.75,5.25
2025-11-17 15:00:00,1.402771,-7.19458,279.25024,101738.56,51.75,5.25
2025-11-17 16:00:00,2.35849,-6.1345825,277.62842,101831.06,51.75,5.25
2025-11-17 17:00:00,3.676422,-5.181839,276.43524,101932.555,51.75,5.25
2025-11-17 18:00:00,4.4265747,-4.4703064,275.9466,102008.55,51.75,5.25
2025-11-17 19:00:00,4.759735,-4.1216583,275.6269,102076.46,51.75,5.25
2025-11-17 20:00:00,4.4338684,-4.195053,275.1801,102117.01,51.75,5.25
2025-11-17 21:00:00,4.2330627,-3.9731598,274.77698,102106.58,51.75,5.25
2025-11-17 22:00:00,3.977539,-2.6806335,274.92377,102152.805,51.75,5.25
2025-11-17 23:00:00,4.9246063,-1.460495,275.10822,102152.9,51.75,5.25
2025-11-18 00:00:00,5.545639,-0.046813965,275.59125,102142.84,51.75,5.25
2025-11-18 01:00:00,6.2926483,1.15625,275.73462,102120.69,51.75,5.25
2025-11-18 02:00:00,6.679367,2.0845184,276.0891,102089.95,51.75,5.25
2025-11-18 03:00:00,7.0307007,1.945404,276.23956,102058.08,51.75,5.25
2025-11-18 04:00:00,6.84375,1.5879669,276.41223,102017.36,51.75,5.25
2025-11-18 05:00:00,6.5259247,1.6943359,276.6197,101952.42,51.75,5.25
2025-11-18 06:00:00,6.3039246,2.3989105,276.71832,101924.08,51.75,5.25
2025-11-18 07:00:00,6.148102,2.8626404,277.05017,101896.375,51.75,5.25
2025-11-18 08:00:00,6.002594,3.2426453,277.48126,101887.34,51.75,5.25
2025-11-18 09:00:00,5.753067,3.9564667,277.95166,101835.55,51.75,5.25
2025-11-18 10:00:00,5.5884247,4.166519,278.73547,101793.53,51.75,5.25
2025-11-18 11:00:00,5.9253235,4.219879,278.7558,101723.17,51.75,5.25
2025-11-18 12:00:00,5.7893066,3.8179016,279.41437,101623.266,51.75,5.25
2025-11-18 13:00:00,5.975601,3.7817078,279.1657,101548.75,51.75,5.25
2025-11-18 14:00:00,6.4672546,3.5150604,278.9843,101441.484,51.75,5.25
2025-11-18 15:00:00,6.782379,3.6628265,278.04767,101399.05,51.75,5.25
2025-11-18 16:00:00,6.5356445,4.1483,277.71576,101320.625,51.75,5.25
2025-11-18 17:00:00,6.2746887,5.0277557,277.39783,101275.68,51.75,5.25
2025-11-18 18:00:00,5.8033905,5.8913727,277.11346,101198.83,51.75,5.25
2025-11-18 19:00:00,5.3026886,6.512314,277.07855,101158.16,51.75,5.25
2025-11-18 20:00:00,4.8041687,7.108444,277.04355,101090.45,51.75,5.25
2025-11-18 21:00:00,4.4231415,7.815628,277.18298,101015.91,51.75,5.25
2025-11-18 22:00:00,4.047455,7.8760986,277.43085,100905.86,51.75,5.25
2025-11-18 23:00:00,4.515045,8.350571,277.56787,100816.664,51.75,5.25
2025-11-19 00:00:00,4.782425,8.299149,277.73657,100770.64,51.75,5.25
2025-11-19 01:00:00,4.3287354,8.123749,277.75348,100656.89,51.75,5.25
2025-11-19 02:00:00,3.921936,8.36174,278.04663,100581.99,51.75,5.25
2025-11-19 03:00:00,4.061554,8.501953,278.3075,100480.41,51.75,5.25
2025-11-19 04:00:00,4.214966,8.199982,278.3602,100388.11,51.75,5.25
2025-11-19 05:00:00,4.3585205,7.8235474,278.5432,100331.79,51.75,5.25
2025-11-19 06:00:00,4.4759827,7.279373,278.54428,100271.61,51.75,5.25
2025-11-19 07:00:00,4.569626,6.7401123,278.497,100232.8,51.75,5.25
2025-11-19 08:00:00,4.586609,6.902878,278.58466,100207.28,51.75,5.25
2025-11-19 09:00:00,5.2872467,7.471817,278.5857,100168.26,51.75,5.25
2025-11-19 10:00:00,4.155716,5.4532623,278.86725,100154.41,51.75,5.25
2025-11-19 11:00:00,3.7749176,5.140747,279.0564,100129.09,51.75,5.25
2025-11-19 12:00:00,3.2887878,4.518265,279.20486,100052.86,51.75,5.25
2025-11-19 13:00:00,4.0545197,2.5755615,279.16406,100030.94,51.75,5.25
2025-11-19 14:00:00,3.0148926,-1.6040802,278.64297,99987.68,51.75,5.25
2025-11-19 15:00:00,1.1765137,-4.7835846,277.86118,100008.055,51.75,5.25
2025-11-19 16:00:00,-0.30740356,-6.307907,277.52496,100024.78,51.75,5.25
2025-11-19 17:00:00,-0.64871216,-7.201355,277.4745,100065.83,51.75,5.25
2025-11-19 18:00:00,-0.16363525,-7.676285,277.44424,100120.19,51.75,5.25
2025-11-19 19:00:00,0.18611145,-7.8219604,277.23425,100174.66,51.75,5.25
2025-11-19 20:00:00,0.35290527,-7.8527374,277.06873,100202.59,51.75,5.25
2025-11-19 21:00:00,0.72491455,-7.7803497,276.7437,100248.78,51.75,5.25
2025-11-19 22:00:00,1.091217,-8.013977,276.55325,100302.08,51.75,5.25
2025-11-19 23:00:00,0.9288025,-6.856827,276.1412,100346.2,51.75,5.25
2025-11-20 00:00:00,1.7345428,-6.051529,275.23242,100391.28,51.75,5.25
2025-11-20 01:00:00,2.6502228,-4.920349,274.63568,100444.95,51.75,5.25
2025-11-20 02:00:00,3.914322,-3.8879242,274.4184,100506.55,51.75,5.25
2025-11-20 03:00:00,4.3706512,-3.0818481,274.25037,100558.7,51.75,5.25
2025-11-20 04:00:00,4.853363,-1.8970947,273.99146,100567.65,51.75,5.25
2025-11-20 05:00:00,5.6312866,-1.0643616,273.92322,100623.836,51.75,5.25
2025-11-20 06:00:00,5.2880554,-1.029419,273.63147,100676.41,51.75,5.25
2025-11-20 07:00:00,4.8488617,-0.50068665,273.07678,100733.45,51.75,5.25
2025-11-20 08:00:00,4.373474,0.0925293,273.6513,100806.78,51.75,5.25
2025-11-20 09:00:00,3.2836914,0.4066162,274.67026,100839.7,51.75,5.25
2025-11-20 10:00:00,2.3282623,0.54522705,275.92395,100925.01,51.75,5.25
2025-11-20 11:00:00,1.9979401,1.7035217,276.4872,100930.766,51.75,5.25
2025-11-20 12:00:00,1.9747772,2.917984,276.6956,100937.89,51.75,5.25
2025-11-20 13:00:00,1.7691345,3.589981,276.7553,100946.64,51.75,5.25
2025-11-20 14:00:00,2.0266113,3.3536072,277.0103,100971.484,51.75,5.25
2025-11-20 15:00:00,2.2555695,3.347412,276.9071,101034.164,51.75,5.25
2025-11-20 16:00:00,1.8480377,3.5089111,276.25555,101063.39,51.75,5.25
2025-11-20 17:00:00,1.7024841,3.712616,275.86188,101103.56,51.75,5.25
2025-11-20 18:00:00,1.9276581,3.96904,275.0638,101149.25,51.75,5.25
2025-11-20 19:00:00,1.6915588,3.798233,274.34668,101203.07,51.75,5.25
2025-11-20 20:00:00,0.77342224,3.5967712,274.1588,101255.52,51.75,5.25
2025-11-20 21:00:00,-0.2871704,3.5631714,273.91748,101291.69,51.75,5.25
2025-11-20 22:00:00,-0.29962158,3.415451,274.43958,101354.08,51.75,5.25
2025-11-20 23:00:00,-0.6570282,3.0498352,274.43494,101405.5,51.75,5.25
2025-11-21 00:00:00,-1.4860382,1.510315,274.16907,101527.67,51.75,5.25
2025-11-21 01:00:00,-2.739441,0.269104,274.69928,101481.125,51.75,5.25
2025-11-21 02:00:00,-3.9309845,-0.39016724,275.16644,101633.45,51.75,5.25
2025-11-21 03:00:00,-4.550171,-1.5030975,275.22144,101650.1,51.75,5.25
2025-11-21 04:00:00,-5.034851,-2.1306,274.96075,101772.61,51.75,5.25
2025-11-21 05:00:00,-5.16658,-1.3971405,274.8061,101881.914,51.75,5.25
2025-11-21 06:00:00,-4.6766357,-0.46081543,274.47827,101957.23,51.75,5.25
2025-11-21 07:00:00,-3.788803,-0.58651733,274.1311,102093.055,51.75,5.25
2025-11-21 08:00:00,-3.0352173,-2.2513123,274.1491,102190.24,51.75,5.25
2025-11-21 09:00:00,-1.9019012,-2.7373657,275.33136,102310.41,51.75,5.25
2025-11-21 10:00:00,-1.3148041,-2.3491516,275.91174,102382.125,51.75,5.25
2025-11-21 11:00:00,-0.41967773,-1.8981018,277.11676,102427.805,51.75,5.25
2025-11-21 12:00:00,0.09277344,-1.7899933,277.85095,102451.09,51.75,5.25
2025-11-21 13:00:00,0.45635986,-1.7244873,278.48724,102462.11,51.75,5.25
2025-11-21 14:00:00,0.9851227,-1.6511536,278.42743,102479.97,51.75,5.25
2025-11-21 15:00:00,1.8960876,-1.6157227,276.8142,102518.44,51.75,5.25
2025-11-21 16:00:00,2.7099762,-1.8109589,274.75714,102577.2,51.75,5.25
2025-11-21 17:00:00,3.2674866,-1.5397034,272.7472,102628.46,51.75,5.25
2025-11-21 18:00:00,3.7984924,-0.8138428,271.7057,102663.41,51.75,5.25
2025-11-21 19:00:00,4.1653595,0.2700653,271.5796,102705.09,51.75,5.25
2025-11-21 20:00:00,4.5561066,1.3229065,271.95892,102733.39,51.75,5.25
2025-11-21 21:00:00,4.8465576,2.4121246,273.0442,102757.03,51.75,5.25
2025-11-21 22:00:00,4.8880615,3.7732544,273.39844,102755.836,51.75,5.25
2025-11-21 23:00:00,5.1820526,3.9569244,273.375,102754.484,51.75,5.25
2025-11-22 00:00:00,5.355835,4.1739807,273.59113,102722.305,51.75,5.25
2025-11-22 01:00:00,5.2279816,4.282776,273.6264,102710.23,51.75,5.25
2025-11-22 02:00:00,5.21019,4.351944,273.43854,102699.99,51.75,5.25
2025-11-22 03:00:00,5.288269,4.5689087,273.14642,102672.53,51.75,5.25
2025-11-22 04:00:00,5.02829,4.9284515,272.82822,102648.14,51.75,5.25
2025-11-22 05:00:00,4.7596283,5.404114,272.67688,102622.26,51.75,5.25
2025-11-22 06:00:00,4.613037,5.901718,272.59296,102631.914,51.75,5.25
2025-11-22 07:00:00,4.1144257,6.5640564,272.35434,102620.44,51.75,5.25
2025-11-22 08:00:00,3.2197723,7.2325134,272.66284,102625.6,51.75,5.25
2025-11-22 09:00:00,2.6170197,7.8460846,273.42645,102566.26,51.75,5.25
2025-11-22 10:00:00,2.728485,7.2464905,274.3501,102538.18,51.75,5.25
2025-11-22 11:00:00,2.726822,7.274719,275.0008,102484.8,51.75,5.25
2025-11-22 12:00:00,2.2691345,7.5644073,275.93524,102386.625,51.75,5.25
2025-11-22 13:00:00,1.8979645,7.663162,276.60086,102310.66,51.75,5.25
2025-11-22 14:00:00,1.5305176,8.12709,276.58765,102230.98,51.75,5.25
2025-11-22 15:00:00,1.8591309,9.054962,276.03818,102159.08,51.75,5.25
2025-11-22 16:00:00,1.7884979,9.600906,275.46423,102090.12,51.75,5.25
2025-11-22 17:00:00,2.1065826,9.812363,274.66864,102036.22,51.75,5.25
2025-11-22 18:00:00,2.3022614,9.873428,274.26324,101992.21,51.75,5.25
2025-11-22 19:00:00,2.106247,10.046188,273.9502,101943.97,51.75,5.25
2025-11-22 20:00:00,1.8896484,10.269211,273.55927,101891.83,51.75,5.25
2025-11-22 21:00:00,2.0188599,10.244476,273.44986,101832.414,51.75,5.25
2025-11-22 22:00:00,2.382721,10.6918335,273.4792,101722.79,51.75,5.25
2025-11-22 23:00:00,2.71109,10.179749,273.8054,101651.66,51.75,5.25
2025-11-23 00:00:00,2.3585358,10.1171875,273.6941,101591.95,51.75,5.25
2025-11-23 01:00:00,1.6881866,10.073746,273.53973,101519.97,51.75,5.25
2025-11-23 02:00:00,1.3828125,10.306625,273.24756,101434.13,51.75,5.25
2025-11-23 03:00:00,1.4707947,10.421143,273.31335,101340.625,51.75,5.25
2025-11-23 04:00:00,1.8493042,10.740036,273.2743,101277.67,51.75,5.25
2025-11-23 05:00:00,1.1208496,11.171646,273.47003,101175.42,51.75,5.25
2025-11-23 06:00:00,0.5440521,11.71315,273.58798,101058.92,51.75,5.25
2025-11-23 07:00:00,0.33683777,11.6236725,274.03934,100964.2,51.75,5.25
2025-11-23 08:00:00,0.52352905,11.219406,274.47803,100900.58,51.75,5.25
2025-11-23 09:00:00,0.6583252,11.226059,275.13547,100796.69,51.75,5.25
2025-11-23 10:00:00,-0.8121033,9.753296,276.00867,100644.31,51.75,5.25
2025-11-23 11:00:00,-0.88157654,10.074371,276.7838,100535.92,51.75,5.25
2025-11-23 12:00:00,-0.97058105,10.820709,276.61713,100322.695,51.75,5.25
2025-11-23 13:00:00,-1.5809326,10.230072,275.9693,100144.41,51.75,5.25
2025-11-23 14:00:00,-0.25422668,10.975754,275.5991,99978.89,51.75,5.25
2025-11-23 15:00:00,2.5918427,11.333542,275.90155,99907.37,51.75,5.25
2025-11-23 16:00:00,4.173889,10.581009,276.30667,99796.56,51.75,5.25
2025-11-23 17:00:00,5.779068,9.487259,276.62152,99747.05,51.75,5.25
2025-11-23 18:00:00,6.4110413,8.63446,277.37018,99726.78,51.75,5.25
2025-11-23 19:00:00,6.168091,8.041962,277.60095,99706.516,51.75,5.25
2025-11-23 20:00:00,6.224167,7.4807434,277.47614,99695.25,51.75,5.25
2025-11-23 21:00:00,6.4275513,6.9932556,277.72986,99662.3,51.75,5.25
2025-11-23 22:00:00,4.7820587,6.2917786,278.06036,99612.9,51.75,5.25
2025-11-23 23:00:00,4.940445,6.438904,277.71228,99591.516,51.75,5.25
2025-11-24 00:00:00,5.0326233,6.3056183,277.513,99586.85,51.75,5.25
2025-11-24 01:00:00,5.0208893,6.620682,277.52457,99581.09,51.75,5.25
2025-11-24 02:00:00,4.896469,7.0985565,277.5655,99523.195,51.75,5.25
2025-11-24 03:00:00,4.9385223,7.2442474,277.41895,99503.28,51.75,5.25
2025-11-24 04:00:00,4.6742096,7.482788,277.17865,99450.67,51.75,5.25
2025-11-24 05:00:00,4.3334656,7.1794586,276.81116,99427.42,51.75,5.25
2025-11-24 06:00:00,3.8575287,7.0043945,276.88647,99390.016,51.75,5.25
2025-11-24 07:00:00,3.5628357,7.161484,277.0677,99370.8,51.75,5.25
2025-11-24 08:00:00,3.3399048,7.107559,277.49316,99376.52,51.75,5.25
2025-11-24 09:00:00,3.2440643,6.595749,278.74335,99349.984,51.75,5.25
2025-11-24 10:00:00,3.3739777,5.229721,279.33826,99342.45,51.75,5.25
2025-11-24 11:00:00,3.0277557,5.073227,279.9303,99295.91,51.75,5.25
2025-11-24 12:00:00,3.1656952,4.772995,280.6048,99254.33,51.75,5.25
2025-11-24 13:00:00,3.3284607,4.651596,280.53244,99261.49,51.75,5.25
2025-11-24 14:00:00,2.9638062,3.682434,280.50513,99267.02,51.75,5.25
2025-11-24 15:00:00,2.476593,2.7407532,279.94922,99265.68,51.75,5.25
2025-11-24 16:00:00,1.387207,2.0312347,278.7602,99298.58,51.75,5.25
2025-11-24 17:00:00,0.12008667,2.3508759,277.90057,99321.83,51.75,5.25
2025-11-24 18:00:00,-0.48591614,3.0034637,277.92896,99389.84,51.75,5.25
2025-11-24 19:00:00,-0.80815125,2.6018066,277.78186,99415.836,51.75,5.25
2025-11-24 20:00:00,-1.1753845,2.5854797,277.8805,99465.14,51.75,5.25
2025-11-24 21:00:00,-1.345871,1.9979553,277.82336,99483.36,51.75,5.25
2025-11-24 22:00:00,-1.9125061,-0.52864075,277.52997,99542.05,51.75,5.25
2025-11-24 23:00:00,-1.9527588,-1.9974518,277.18988,99609.05,51.75,5.25
2025-11-25 00:00:00,-1.566391,-2.7812958,277.00537,99647.62,51.75,5.25
2025-11-25 01:00:00,-1.2263184,-3.5606842,276.55652,99681.58,51.75,5.25
2025-11-25 02:00:00,-1.4091187,-3.444168,275.75647,99732.516,51.75,5.25
2025-11-25 03:00:00,-1.2227631,-2.9341125,275.26312,99807.766,51.75,5.25
2025-11-25 04:00:00,-0.31744385,-3.1195526,274.84784,99877.26,51.75,5.25
2025-11-25 05:00:00,-0.030960083,-3.953476,274.72754,99942.45,51.75,5.25
2025-11-25 06:00:00,-0.21792603,-4.261841,274.6305,100029.8,51.75,5.25
2025-11-25 07:00:00,-0.39260864,-4.410324,275.02423,100132.54,51.75,5.25
2025-11-25 08:00:00,-0.21662903,-4.7042084,275.14276,100255.19,51.75,5.25
2025-11-25 09:00:00,-0.097732544,-4.8966064,276.0218,100356.11,51.75,5.25
2025-11-25 10:00:00,0.53518677,-5.3892975,276.37927,100509.34,51.75,5.25
2025-11-25 11:00:00,0.3764801,-6.222107,277.59137,100550.05,51.75,5.25
2025-11-25 12:00:00,0.58555603,-6.3630524,278.84338,100597.234,51.75,5.25
2025-11-25 13:00:00,0.80688477,-7.1236877,279.56744,100666.734,51.75,5.25
2025-11-25 14:00:00,1.1798553,-6.5384064,279.72208,100727.75,51.75,5.25
2025-11-25 15:00:00,1.3447418,-6.5383606,279.4488,100807.01,51.75,5.25
2025-11-25 16:00:00,1.8136444,-6.585785,278.28937,100883.81,51.75,5.25
2025-11-25 17:00:00,2.1602325,-6.601227,277.9026,100967.84,51.75,5.25
2025-11-25 18:00:00,2.3842316,-6.2239075,277.3493,101059.484,51.75,5.25
2025-11-25 19:00:00,2.5836792,-5.9969788,277.37836,101139.81,51.75,5.25
2025-11-25 20:00:00,2.653244,-5.9289246,277.2891,101217.484,51.75,5.25
2025-11-25 21:00:00,2.3794556,-5.7881165,277.0164,101241.86,51.75,5.25
2025-11-25 22:00:00,1.9415588,-6.3029785,276.96118,101288.55,51.75,5.25
2025-11-25 23:00:00,0.79603577,-6.1072083,277.1462,101346.66,51.75,5.25
2025-11-26 00:00:00,-0.545105,-5.733124,277.41577,101409.22,51.75,5.25
2025-11-26 01:00:00,-1.579834,-5.288162,277.78467,101475.78,51.75,5.25
2025-11-26 02:00:00,-2.2241058,-4.761261,277.7497,101544.12,51.75,5.25
2025-11-26 03:00:00,-2.2537842,-4.278946,277.7118,101600.734,51.75,5.25
2025-11-26 04:00:00,-1.7725525,-3.9333954,277.7656,101684.234,51.75,5.25
2025-11-26 05:00:00,-1.2834015,-3.621109,277.53253,101760.82,51.75,5.25
2025-11-26 06:00:00,-1.197998,-3.4385986,277.2537,101831.27,51.75,5.25
2025-11-26 07:00:00,-1.358963,-2.89357,276.6946,101885.36,51.75,5.25
2025-11-26 08:00:00,-1.1333923,-2.091278,276.50882,101985.16,51.75,5.25
2025-11-26 09:00:00,-0.3896942,-1.4360046,276.44336,102055.25,51.75,5.25
2025-11-26 10:00:00,-0.17687988,-1.2978058,276.6612,102116.05,51.75,5.25
2025-11-26 11:00:00,0.5380707,-1.2402954,276.979,102135.914,51.75,5.25
2025-11-26 12:00:00,0.8218231,-0.8737793,277.31976,102112.06,51.75,5.25
2025-11-26 13:00:00,1.0948792,-0.55885315,277.46194,102103.16,51.75,5.25
2025-11-26 14:00:00,1.5735016,-0.3398285,277.30258,102100.28,51.75,5.25
2025-11-26 15:00:00,2.0547638,0.20779419,277.05377,102112.45,51.75,5.25
2025-11-26 16:00:00,2.6505585,1.0099792,276.21127,102123.19,51.75,5.25
2025-11-26 17:00:00,3.0981445,1.6287689,275.5547,102170.21,51.75,5.25
2025-11-26 18:00:00,3.0245209,2.217682,274.9032,102216.09,51.75,5.25
2025-11-26 19:00:00,2.9458923,3.0408325,274.70316,102217.42,51.75,5.25
2025-11-26 20:00:00,2.0978851,4.419876,274.75995,102202.39,51.75,5.25
2025-11-26 21:00:00,1.7343903,5.488861,274.63434,102207.984,51.75,5.25
2025-11-26 22:00:00,2.272293,5.7700806,274.50693,102212.0,51.75,5.25
2025-11-26 23:00:00,2.7188568,6.8232574,274.70013,102143.61,51.75,5.25
2025-11-27 00:00:00,2.9171295,7.5858917,274.51227,102119.875,51.75,5.25
2025-11-27 01:00:00,3.5154266,7.879547,274.58508,102016.445,51.75,5.25
2025-11-27 02:00:00,3.9518738,7.625641,274.87082,101979.67,51.75,5.25
2025-11-27 03:00:00,3.4332123,8.154465,275.51132,101952.61,51.75,5.25
2025-11-27 04:00:00,3.396103,8.915298,276.02014,101888.11,51.75,5.25
2025-11-27 05:00:00,4.047806,9.210022,276.74817,101837.984,51.75,5.25
2025-11-27 06:00:00,4.455887,9.811661,277.09558,101785.31,51.75,5.25
2025-11-27 07:00:00,4.521393,10.003403,277.43365,101728.734,51.75,5.25
2025-11-27 08:00:00,4.72171,10.011139,277.53992,101721.53,51.75,5.25
2025-11-27 09:00:00,5.2299347,9.849869,277.9781,101710.01,51.75,5.25
2025-11-27 10:00:00,5.0594635,8.83638,278.3532,101708.484,51.75,5.25
2025-11-27 11:00:00,5.575226,8.860489,278.64145,101662.03,51.75,5.25
2025-11-27 12:00:00,5.897873,8.613403,278.8982,101625.93,51.75,5.25
2025-11-27 13:00:00,5.755707,8.317642,279.1076,101615.03,51.75,5.25
2025-11-27 14:00:00,5.748184,8.299362,279.34985,101593.44,51.75,5.25
2025-11-27 15:00:00,5.7038727,8.144897,279.58362,101582.266,51.75,5.25
2025-11-27 16:00:00,5.668976,8.428497,279.84564,101591.75,51.75,5.25
2025-11-27 17:00:00,5.677704,8.642929,280.08026,101588.05,51.75,5.25
2025-11-27 18:00:00,5.6427,8.817093,280.22223,101623.65,51.75,5.25
2025-11-27 19:00:00,5.506378,8.921249,280.2995,101624.13,51.75,5.25
2025-11-27 20:00:00,5.4435425,9.054031,280.6029,101624.64,51.75,5.25
2025-11-27 21:00:00,5.353256,8.994446,280.77637,101620.98,51.75,5.25
2025-11-27 22:00:00,5.002899,8.536697,280.83072,101613.53,51.75,5.25
2025-11-27 23:00:00,4.945755,8.605469,281.02515,101597.84,51.75,5.25
2025-11-28 00:00:00,4.854828,8.518127,281.1307,101568.93,51.75,5.25
2025-11-28 01:00:00,4.769226,8.468063,281.2033,101540.09,51.75,5.25
2025-11-28 02:00:00,4.8227234,8.358322,281.193,101509.195,51.75,5.25
2025-11-28 03:00:00,4.946121,8.169342,281.31378,101497.05,51.75,5.25
2025-11-28 04:00:00,4.9887085,8.06282,281.30536,101447.06,51.75,5.25
2025-11-28 05:00:00,5.014038,7.8503265,281.37097,101430.69,51.75,5.25
2025-11-28 06:00:00,4.9361267,7.6768646,281.4286,101418.375,51.75,5.25
2025-11-28 07:00:00,4.8158417,7.4641266,281.5298,101396.97,51.75,5.25
2025-11-28 08:00:00,4.5558777,7.328964,281.71228,101411.2,51.75,5.25
2025-11-28 09:00:00,4.151932,7.2436523,281.8278,101393.34,51.75,5.25
2025-11-28 10:00:00,3.4603271,6.100357,282.20276,101403.45,51.75,5.25
2025-11-28 11:00:00,3.8652496,6.464691,282.44583,101366.516,51.75,5.25
2025-11-28 12:00:00,3.4488983,6.5521393,282.78607,101301.29,51.75,5.25
2025-11-28 13:00:00,3.237732,7.1739197,283.00424,101224.55,51.75,5.25
2025-11-28 14:00:00,3.4174805,7.102768,282.73077,101173.02,51.75,5.25
2025-11-28 15:00:00,3.6390076,7.2229156,282.47656,101171.0,51.75,5.25
2025-11-28 16:00:00,4.2536774,7.0184784,282.4152,101155.28,51.75,5.25
2025-11-28 17:00:00,4.852722,6.7006226,282.50653,101166.22,51.75,5.25
2025-11-28 18:00:00,5.3013153,6.5394745,282.64108,101187.0,51.75,5.25
2025-11-28 19:00:00,5.754486,6.3591614,282.7365,101197.49,51.75,5.25
2025-11-28 20:00:00,6.1383514,6.235672,282.39124,101180.91,51.75,5.25
2025-11-28 21:00:00,6.479431,6.039139,281.956,101170.2,51.75,5.25
2025-11-28 22:00:00,6.5835266,5.924515,281.7943,101144.94,51.75,5.25
2025-11-28 23:00:00,6.4622955,5.7512054,281.54474,101165.53,51.75,5.25
2025-11-29 00:00:00,6.037781,5.5314026,281.25427,101111.56,51.75,5.25
2025-11-29 01:00:00,5.6358643,5.586685,281.00922,101107.97,51.75,5.25
2025-11-29 02:00:00,4.8731537,5.8558197,280.75345,101103.56,51.75,5.25
2025-11-29 03:00:00,3.2122803,6.5017853,280.98804,101059.36,51.75,5.25
2025-11-29 04:00:00,2.6186676,7.1392517,281.33258,101046.11,51.75,5.25
2025-11-29 05:00:00,2.4617462,7.6442413,281.51062,101025.28,51.75,5.25
2025-11-29 06:00:00,1.4065704,8.049774,281.64655,100984.336,51.75,5.25
2025-11-29 07:00:00,1.1414948,8.353546,281.66254,100947.766,51.75,5.25
2025-11-29 08:00:00,0.68089294,8.409027,281.5901,100928.91,51.75,5.25
2025-11-29 09:00:00,0.5391693,8.330139,281.87915,100891.92,51.75,5.25
2025-11-29 10:00:00,-0.52301025,7.570511,282.10013,100842.33,51.75,5.25
2025-11-29 11:00:00,-0.6325531,8.222305,282.40387,100738.875,51.75,5.25
2025-11-29 12:00:00,0.30599976,9.668503,282.69012,100655.66,51.75,5.25
2025-11-29 13:00:00,1.102951,8.666672,283.01965,100581.31,51.75,5.25
2025-11-29 14:00:00,0.92456055,8.248276,283.3505,100488.234,51.75,5.25
2025-11-29 15:00:00,0.23704529,8.743668,283.3206,100436.516,51.75,5.25
2025-11-29 16:00:00,0.04307556,9.529495,283.3661,100386.6,51.75,5.25
2025-11-29 17:00:00,1.2066956,9.618774,283.27856,100361.2,51.75,5.25
2025-11-29 18:00:00,1.6637268,9.680191,283.28638,100344.33,51.75,5.25
2025-11-29 19:00:00,1.2873688,10.151871,283.3451,100291.41,51.75,5.25
2025-11-29 20:00:00,2.025772,10.4318695,283.43158,100282.97,51.75,5.25
2025-11-29 21:00:00,4.2610474,8.779846,283.37503,100272.64,51.75,5.25
2025-11-29 22:00:00,6.1184235,5.710083,283.0913,100293.3,51.75,5.25
2025-11-29 23:00:00,7.2276154,3.5311432,282.44913,100384.2,51.75,5.25
2025-11-30 00:00:00,6.953491,3.9275818,281.19293,100432.37,51.75,5.25
2025-11-30 01:00:00,6.624115,4.965271,280.6984,100507.92,51.75,5.25
2025-11-30 02:00:00,5.8279266,5.820709,280.10345,100526.71,51.75,5.25
2025-11-30 03:00:00,5.78006,6.3666687,279.83838,100564.516,51.75,5.25
2025-11-30 04:00:00,5.8696747,6.565216,279.88495,100595.93,51.75,5.25
2025-11-30 05:00:00,6.233307,5.966522,279.92725,100652.695,51.75,5.25
2025-11-30 06:00:00,6.2160034,5.12912,279.76718,100688.81,51.75,5.25
2025-11-30 07:00:00,6.4245453,4.7089996,279.83453,100771.29,51.75,5.25
2025-11-30 08:00:00,6.754486,3.8257904,279.92264,100857.484,51.75,5.25
2025-11-30 09:00:00,6.7166595,2.9974976,279.81787,100944.234,51.75,5.25
2025-11-30 10:00:00,5.678314,2.4253998,280.29004,100972.09,51.75,5.25
2025-11-30 11:00:00,6.3842926,2.6444092,280.50323,101015.7,51.75,5.25
2025-11-30 12:00:00,7.3604584,2.5111542,280.3463,101050.36,51.75,5.25
2025-11-30 13:00:00,7.717102,1.9437103,280.12106,101106.75,51.75,5.25
2025-11-30 14:00:00,7.4935303,1.4793701,279.9364,101162.766,51.75,5.25
2025-11-30 15:00:00,7.0106506,1.6282196,279.7357,101240.484,51.75,5.25
2025-11-30 16:00:00,6.4275665,2.415924,279.75186,101298.49,51.75,5.25
2025-11-30 17:00:00,6.0568237,3.3009644,279.63165,101335.21,51.75,5.25
2025-11-30 18:00:00,6.237961,3.750229,279.55713,101405.375,51.75,5.25
2025-11-30 19:00:00,6.3425446,3.94104,279.45,101459.91,51.75,5.25
2025-11-30 20:00:00,6.2445984,4.1083374,279.29608,101510.84,51.75,5.25
2025-11-30 21:00:00,6.5655823,4.053665,279.04175,101548.3,51.75,5.25
2025-11-30 22:00:00,6.4418793,3.6992645,277.98657,101621.016,51.75,5.25
2025-11-30 23:00:00,5.5646667,4.756653,277.4002,101595.586,51.75,5.25
2025-12-01 00:00:00,5.6313477,5.5385895,276.61417,101609.79,51.75,5.25
2025-12-01 01:00:00,4.777649,6.595993,276.45416,101612.484,51.75,5.25
2025-12-01 02:00:00,3.7742767,7.388855,276.12207,101572.305,51.75,5.25
2025-12-01 03:00:00,3.345169,8.059402,275.7663,101559.55,51.75,5.25
2025-12-01 04:00:00,3.2071686,8.62825,275.54224,101511.66,51.75,5.25
2025-12-01 05:00:00,3.362381,8.712006,275.64816,101511.016,51.75,5.25
2025-12-01 06:00:00,2.8839417,9.3137665,276.0069,101467.84,51.75,5.25
2025-12-01 07:00:00,2.2550812,10.072601,276.3506,101433.75,51.75,5.25
2025-12-01 08:00:00,2.2003174,10.529678,277.16632,101410.7,51.75,5.25
2025-12-01 09:00:00,2.037384,11.069672,278.07,101379.17,51.75,5.25
2025-12-01 10:00:00,0.6016693,10.284454,278.87195,101323.695,51.75,5.25
2025-12-01 11:00:00,0.8891144,11.022003,279.45804,101251.61,51.75,5.25
2025-12-01 12:00:00,0.26097107,11.404663,280.17938,101170.45,51.75,5.25
2025-12-01 13:00:00,-0.34283447,11.075241,280.30945,101078.53,51.75,5.25
2025-12-01 14:00:00,1.3373871,12.075699,280.24707,101017.16,51.75,5.25
2025-12-01 15:00:00,1.3873901,12.270477,280.09778,100971.734,51.75,5.25
2025-12-01 16:00:00,1.3667297,12.429733,280.24985,100925.48,51.75,5.25
2025-12-01 17:00:00,1.421524,12.502335,280.55066,100889.34,51.75,5.25
2025-12-01 18:00:00,1.2462921,12.614792,280.65704,100835.25,51.75,5.25
2025-12-01 19:00:00,1.3334198,12.455231,280.4523,100787.08,51.75,5.25
2025-12-01 20:00:00,1.5384827,12.282028,280.53223,100756.31,51.75,5.25
2025-12-01 21:00:00,1.6884155,12.203964,280.44775,100730.61,51.75,5.25
2025-12-01 22:00:00,1.2039795,12.07135,280.15225,100685.984,51.75,5.25
2025-12-01 23:00:00,0.8701935,12.28714,280.39233,100639.46,51.75,5.25
2025-12-02 00:00:00,0.10015869,12.137833,280.59998,100553.39,51.75,5.25
2025-12-02 01:00:00,0.2622223,12.106186,280.71292,100539.45,51.75,5.25
2025-12-02 02:00:00,0.93989563,11.796066,280.58496,100505.25,51.75,5.25
2025-12-02 03:00:00,1.7395172,11.57843,280.67224,100503.3,51.75,5.25
2025-12-02 04:00:00,2.0713806,11.028473,280.6192,100501.91,51.75,5.25
2025-12-02 05:00:00,2.1704712,10.642044,280.03412,100499.016,51.75,5.25
2025-12-02 06:00:00,2.444931,10.207367,279.70346,100544.125,51.75,5.25
2025-12-02 07:00:00,2.5807343,9.748337,279.1887,100559.555,51.75,5.25
2025-12-02 08:00:00,2.611023,9.428329,279.2998,100626.93,51.75,5.25
2025-12-02 09:00:00,3.0787811,9.090225,279.75012,100667.15,51.75,5.25
2025-12-02 10:00:00,1.535202,6.4796295,280.80453,100711.016,51.75,5.25
2025-12-02 11:00:00,2.07016,7.079834,281.29028,100708.29,51.75,5.25
2025-12-02 12:00:00,2.5569458,7.037613,281.71112,100732.68,51.75,5.25
2025-12-02 13:00:00,2.2633972,6.821457,281.92233,100738.91,51.75,5.25
2025-12-02 14:00:00,2.0729675,6.7075653,281.86288,100762.33,51.75,5.25
2025-12-02 15:00:00,1.6705475,6.7302094,281.57538,100807.125,51.75,5.25
2025-12-02 16:00:00,1.7907104,6.740082,281.06873,100852.58,51.75,5.25
2025-12-02 17:00:00,1.7367554,6.38916,280.92883,100893.34,51.75,5.25
2025-12-02 18:00:00,1.1278229,6.157074,280.82846,100940.91,51.75,5.25
2025-12-02 19:00:00,0.7210846,5.9598694,280.8008,100968.055,51.75,5.25
2025-12-02 20:00:00,0.6330719,5.94722,280.22107,100970.11,51.75,5.25
2025-12-02 21:00:00,0.33184814,5.880539,280.03192,100993.14,51.75,5.25
2025-12-02 22:00:00,0.10169983,5.378937,279.3883,100997.91,51.75,5.25
2025-12-02 23:00:00,-0.17185974,5.1058044,279.49164,101015.47,51.75,5.25
2025-12-03 00:00:00,-0.68891907,5.63768,279.74463,101021.39,51.75,5.25
2025-12-03 01:00:00,-0.66607666,5.7269897,279.91034,101054.66,51.75,5.25
2025-12-03 02:00:00,-0.15187073,5.462097,280.05743,101018.28,51.75,5.25
2025-12-03 03:00:00,0.061065674,5.2133484,280.0244,101011.06,51.75,5.25
2025-12-03 04:00:00,0.094940186,4.9918213,280.05286,101000.52,51.75,5.25
2025-12-03 05:00:00,0.11091614,5.0195923,280.15552,100992.17,51.75,5.25
2025-12-03 06:00:00,0.4544983,5.050644,279.9704,101041.875,51.75,5.25
2025-12-03 07:00:00,1.1971283,4.8116913,280.1171,101054.06,51.75,5.25
2025-12-03 08:00:00,1.7674103,4.285965,280.5523,101090.08,51.75,5.25
2025-12-03 09:00:00,2.1770477,3.5802765,280.87067,101112.83,51.75,5.25
2025-12-03 10:00:00,2.0231476,2.6829376,281.4213,101124.4,51.75,5.25
2025-12-03 11:00:00,3.121521,3.0433502,281.71088,101123.85,51.75,5.25
2025-12-03 12:00:00,3.2114716,3.06044,281.8915,101092.81,51.75,5.25
2025-12-03 13:00:00,2.8047333,3.110733,281.85764,101104.92,51.75,5.25
2025-12-03 14:00:00,1.959732,2.8908691,281.85785,101076.82,51.75,5.25
2025-12-03 15:00:00,1.5140228,3.0757446,281.46265,101072.09,51.75,5.25
2025-12-03 16:00:00,1.6092682,3.4403381,281.24756,101086.75,51.75,5.25
2025-12-03 17:00:00,1.7421265,3.7684784,280.8855,101102.53,51.75,5.25
2025-12-03 18:00:00,1.4667053,4.0802155,280.16064,101090.66,51.75,5.25
2025-12-03 19:00:00,1.283844,4.7266235,280.02142,101087.86,51.75,5.25
2025-12-03 20:00:00,1.2532806,5.2229156,279.9229,101098.7,51.75,5.25
2025-12-03 21:00:00,1.232727,5.335037,279.7522,101076.195,51.75,5.25
2025-12-03 22:00:00,1.4606018,4.9787445,278.9842,101048.0,51.75,5.25
2025-12-03 23:00:00,0.94132996,5.197708,278.9729,101015.44,51.75,5.25
2025-12-04 00:00:00,0.014175415,5.4557495,278.55692,100965.125,51.75,5.25
2025-12-04 01:00:00,-0.41389465,5.8060303,278.45642,100922.46,51.75,5.25
2025-12-04 02:00:00,-0.80900574,6.0804443,278.78537,100869.92,51.75,5.25
2025-12-04 03:00:00,-1.278244,6.225479,278.8111,100825.33,51.75,5.25
2025-12-04 04:00:00,-1.8329773,6.525696,279.11575,100754.51,51.75,5.25
2025-12-04 05:00:00,-1.9229736,6.899063,279.19513,100704.31,51.75,5.25
2025-12-04 06:00:00,-1.6843109,7.0859375,278.95517,100653.39,51.75,5.25
2025-12-04 07:00:00,-1.8039551,7.2471924,278.89627,100638.53,51.75,5.25
2025-12-04 08:00:00,-2.6865997,7.112732,279.2612,100604.45,51.75,5.25
2025-12-04 09:00:00,-3.5668488,6.757736,279.7135,100578.516,51.75,5.25
2025-12-04 10:00:00,-3.384079,6.191208,280.281,100565.69,51.75,5.25
2025-12-04 11:00:00,-4.4246216,5.4915314,280.95856,100490.05,51.75,5.25
2025-12-04 12:00:00,-5.437607,5.757965,281.43652,100400.26,51.75,5.25
2025-12-04 13:00:00,-6.0934906,5.8354645,281.43982,100321.08,51.75,5.25
2025-12-04 14:00:00,-6.3425903,6.8087463,281.06873,100257.22,51.75,5.25
2025-12-04 15:00:00,-5.9511566,7.379181,280.3139,100247.93,51.75,5.25
2025-12-04 16:00:00,-5.223053,7.8060913,279.7143,100269.19,51.75,5.25
2025-12-04 17:00:00,-4.3059998,7.968292,279.8958,100279.516,51.75,5.25
2025-12-04 18:00:00,-3.461502,7.9319,279.8759,100298.984,51.75,5.25
2025-12-04 19:00:00,-2.7021942,7.657242,279.80487,100307.45,51.75,5.25
2025-12-04 20:00:00,-1.929184,7.2347565,279.78613,100348.61,51.75,5.25
2025-12-04 21:00:00,-0.82728577,6.444107,279.88715,100384.5,51.75,5.25
2025-12-04 22:00:00,-0.85391235,5.8170624,279.3151,100443.8,51.75,5.25
2025-12-04 23:00:00,0.49510193,5.472992,278.83725,100505.58,51.75,5.25
2025-12-05 00:00:00,1.5339355,4.8651886,277.8886,100521.66,51.75,5.25
2025-12-05 01:00:00,1.6287231,4.376526,277.39062,100573.65,51.75,5.25
2025-12-05 02:00:00,1.3076477,4.0795593,276.63324,100622.0,51.75,5.25
2025-12-05 03:00:00,1.4313049,4.223694,276.28967,100667.8,51.75,5.25
2025-12-05 04:00:00,2.2622223,4.455948,276.26318,100724.52,51.75,5.25
2025-12-05 05:00:00,3.4293213,4.038254,276.03943,100773.19,51.75,5.25
2025-12-05 06:00:00,3.665268,3.4542847,275.47504,100829.625,51.75,5.25
2025-12-05 07:00:00,3.0919952,3.407608,275.63385,100893.22,51.75,5.25
2025-12-05 08:00:00,2.8091888,3.8082123,276.1701,100947.38,51.75,5.25
2025-12-05 09:00:00,2.5588684,4.1714935,276.52942,100989.29,51.75,5.25
2025-12-05 10:00:00,1.1523743,3.37677,277.27927,101057.2,51.75,5.25
2025-12-05 11:00:00,0.8888397,3.8764648,277.91193,101056.05,51.75,5.25
2025-12-05 12:00:00,1.0766296,4.6673737,278.45084,101046.15,51.75,5.25
2025-12-05 13:00:00,0.97621155,5.2088013,278.60205,101053.45,51.75,5.25
2025-12-05 14:00:00,0.9213867,6.1035614,278.6942,101035.89,51.75,5.25
2025-12-05 15:00:00,0.97221375,6.4333496,278.55646,101045.41,51.75,5.25
2025-12-05 16:00:00,0.11135864,6.5173492,278.04565,101032.19,51.75,5.25
2025-12-05 17:00:00,-0.72058105,7.1134033,277.65662,100980.12,51.75,5.25
2025-12-05 18:00:00,-0.6248169,7.7564697,277.63287,100963.97,51.75,5.25
2025-12-05 19:00:00,-0.9562378,8.427444,277.45496,100878.984,51.75,5.25
2025-12-05 20:00:00,-1.1611633,9.021301,277.7066,100830.69,51.75,5.25
2025-12-05 21:00:00,-1.4934235,9.673004,277.9262,100752.7,51.75,5.25
2025-12-05 22:00:00,-1.7250214,9.523865,278.24005,100657.97,51.75,5.25
2025-12-05 23:00:00,-2.0831757,10.148987,278.62054,100535.23,51.75,5.25
2025-12-06 00:00:00,-1.2579803,10.570587,278.74463,100478.55,51.75,5.25
2025-12-06 01:00:00,-3.0107422,10.553757,278.50092,100339.234,51.75,5.25
2025-12-06 02:00:00,-3.8955688,11.070343,278.40564,100208.34,51.75,5.25
2025-12-06 03:00:00,-2.220047,11.143631,278.4957,100176.88,51.75,5.25
2025-12-06 04:00:00,-0.8855438,11.04892,278.67133,100115.1,51.75,5.25
2025-12-06 05:00:00,-0.43312073,10.564407,278.82275,100044.6,51.75,5.25
2025-12-06 06:00:00,-0.2869568,10.003738,279.1438,100009.53,51.75,5.25
2025-12-06 07:00:00,0.7953949,9.754608,279.53998,99991.83,51.75,5.25
2025-12-06 08:00:00,1.8821716,9.812576,279.99475,99979.484,51.75,5.25
2025-12-06 09:00:00,2.852066,9.328827,280.60907,99984.33,51.75,5.25
2025-12-06 10:00:00,2.730362,9.646133,281.451,100018.03,51.75,5.25
2025-12-06 11:00:00,3.4509583,9.142563,282.35223,100004.53,51.75,5.25
2025-12-06 12:00:00,4.066437,8.784531,282.914,99977.445,51.75,5.25
2025-12-06 13:00:00,4.781311,8.636902,283.08826,99970.375,51.75,5.25
2025-12-06 14:00:00,5.5155334,8.4296875,282.97095,100009.625,51.75,5.25
2025-12-06 15:00:00,6.0095825,7.923828,282.95044,100029.22,51.75,5.25
2025-12-06 16:00:00,6.181793,7.868988,282.84937,100053.48,51.75,5.25
2025-12-06 17:00:00,6.3728333,8.231277,282.86212,100112.11,51.75,5.25
2025-12-06 18:00:00,6.376877,8.354843,283.06848,100129.28,51.75,5.25
2025-12-06 19:00:00,7.1246796,8.318802,282.97208,100171.02,51.75,5.25
2025-12-06 20:00:00,7.821167,8.099182,282.97662,100214.06,51.75,5.25
2025-12-06 21:00:00,8.060715,7.7946625,283.03732,100246.0,51.75,5.25
2025-12-06 22:00:00,8.855484,7.1113434,283.29532,100280.875,51.75,5.25
2025-12-06 23:00:00,8.388916,6.6303253,283.07617,100344.875,51.75,5.25
2025-12-07 00:00:00,8.494339,6.5861816,283.0786,100368.836,51.75,5.25
2025-12-07 01:00:00,8.448746,5.8882294,282.7965,100430.48,51.75,5.25
2025-12-07 02:00:00,8.21666,5.4394073,282.1747,100473.39,51.75,5.25
2025-12-07 03:00:00,7.2478027,5.6095886,282.3282,100512.1,51.75,5.25
2025-12-07 04:00:00,6.678787,6.091858,281.97565,100526.64,51.75,5.25
2025-12-07 05:00:00,6.2809296,5.9765167,281.9155,100564.88,51.75,5.25
2025-12-07 06:00:00,5.3076935,6.1874084,282.02338,100579.68,51.75,5.25
2025-12-07 07:00:00,4.302246,6.458542,282.05823,100590.1,51.75,5.25
2025-12-07 08:00:00,4.2507477,6.156555,282.29114,100645.44,51.75,5.25
2025-12-07 09:00:00,3.1133118,6.104721,282.7243,100668.28,51.75,5.25
2025-12-07 10:00:00,1.3808899,6.089752,283.28973,100697.33,51.75,5.25
2025-12-07 11:00:00,0.18650818,6.105774,283.64276,100647.07,51.75,5.25
2025-12-07 12:00:00,-0.45137024,7.0371704,284.10086,100563.43,51.75,5.25
2025-12-07 13:00:00,-0.5579529,7.0998993,284.22235,100485.31,51.75,5.25
2025-12-07 14:00:00,-0.85028076,7.5332947,284.1521,100423.016,51.75,5.25
2025-12-07 15:00:00,-1.5241547,8.105286,284.06,100330.37,51.75,5.25
2025-12-07 16:00:00,-0.8797455,8.7827,284.07855,100256.0,51.75,5.25
2025-12-07 17:00:00,1.4893036,9.023087,284.28473,100175.63,51.75,5.25
2025-12-07 18:00:00,4.0226135,9.259628,284.76947,100134.83,51.75,5.25
2025-12-07 19:00:00,5.5317383,9.29863,285.8506,100108.93,51.75,5.25
2025-12-07 20:00:00,11.430893,7.2951813,286.86395,100164.766,51.75,5.25
2025-12-07 21:00:00,12.876953,6.322418,287.2467,100231.92,51.75,5.25
2025-12-07 22:00:00,12.101547,5.458206,286.653,100289.45,51.75,5.25
2025-12-07 23:00:00,11.332794,5.3065643,285.94696,100457.71,51.75,5.25
2025-12-08 00:00:00,10.481918,5.061432,285.64172,100555.625,51.75,5.25
2025-12-08 01:00:00,9.802231,4.416748,284.9764,100666.36,51.75,5.25
2025-12-08 02:00:00,8.897263,4.5107727,284.39685,100785.72,51.75,5.25
2025-12-08 03:00:00,8.043243,5.3376007,283.8561,100862.625,51.75,5.25
2025-12-08 04:00:00,6.8860474,6.2352905,283.21136,100875.18,51.75,5.25
2025-12-08 05:00:00,6.7960815,6.213089,283.22833,100900.78,51.75,5.25
2025-12-08 06:00:00,6.550934,5.9956512,283.65027,100957.734,51.75,5.25
2025-12-08 07:00:00,5.5228577,6.325821,283.98395,100992.5,51.75,5.25
2025-12-08 08:00:00,4.742813,7.1928253,284.57263,101018.164,51.75,5.25
2025-12-08 09:00:00,5.3385315,7.369873,285.19757,101054.33,51.75,5.25
2025-12-08 10:00:00,6.3673096,6.27919,286.08057,101076.13,51.75,5.25
2025-12-08 11:00:00,6.26091,6.334381,286.2931,101067.94,51.75,5.25
2025-12-08 12:00:00,7.011551,6.373642,286.93066,101044.51,51.75,5.25
2025-12-08 13:00:00,7.8904114,6.532959,287.37384,101075.414,51.75,5.25
2025-12-08 14:00:00,8.238235,5.819687,287.0522,101107.61,51.75,5.25
2025-12-08 15:00:00,7.648514,5.834198,286.92572,101153.28,51.75,5.25
2025-12-08 16:00:00,6.4575806,6.0856323,286.71405,101148.3,51.75,5.25
2025-12-08 17:00:00,6.458847,6.205948,286.60516,101191.484,51.75,5.25
2025-12-08 18:00:00,6.26091,6.4715576,286.4665,101223.81,51.75,5.25
2025-12-08 19:00:00,7.017288,6.570221,286.1336,101252.0,51.75,5.25
2025-12-08 20:00:00,7.8884583,6.4570923,286.057,101274.69,51.75,5.25
2025-12-08 21:00:00,7.824051,6.4869843,285.78445,101322.72,51.75,5.25
2025-12-08 22:00:00,6.2763977,5.59111,286.00122,101342.2,51.75,5.25
2025-12-08 23:00:00,5.1393127,5.928879,285.87933,101357.0,51.75,5.25
2025-12-09 00:00:00,4.666916,5.8710327,285.8236,101311.0,51.75,5.25
2025-12-09 01:00:00,4.5348053,6.156891,285.847,101306.43,51.75,5.25
2025-12-09 02:00:00,4.5953827,6.538925,285.86444,101298.2,51.75,5.25
2025-12-09 03:00:00,4.3619537,6.83313,285.65332,101280.336,51.75,5.25
2025-12-09 04:00:00,3.3290558,7.0234528,285.1376,101255.28,51.75,5.25
2025-12-09 05:00:00,2.1321259,7.367813,284.8118,101172.86,51.75,5.25
2025-12-09 06:00:00,1.5481567,8.2322235,284.5522,101144.914,51.75,5.25
2025-12-09 07:00:00,1.2528687,8.741211,284.55518,101114.2,51.75,5.25
2025-12-09 08:00:00,0.8811188,9.071976,284.69476,101095.79,51.75,5.25
2025-12-09 09:00:00,1.4233398,8.775894,284.85858,101092.69,51.75,5.25
2025-12-09 10:00:00,1.941925,7.7352753,285.5959,101101.21,51.75,5.25
2025-12-09 11:00:00,2.379181,8.140579,286.1695,101044.13,51.75,5.25
2025-12-09 12:00:00,2.2600555,8.464691,286.4803,100976.266,51.75,5.25
2025-12-09 13:00:00,1.7795868,8.892441,286.54077,100927.26,51.75,5.25
2025-12-09 14:00:00,2.0842438,9.54892,286.6594,100896.04,51.75,5.25
2025-12-09 15:00:00,2.1090393,9.999695,286.44046,100874.94,51.75,5.25
2025-12-09 16:00:00,2.8953857,10.070953,286.1646,100877.0,51.75,5.25
2025-12-09 17:00:00,3.8268738,9.887253,286.1256,100888.984,51.75,5.25
2025-12-09 18:00:00,3.8074646,9.673889,286.09692,100843.94,51.75,5.25
2025-12-09 19:00:00,4.114517,9.886002,285.99854,100851.61,51.75,5.25
2025-12-09 20:00:00,4.396057,9.78743,285.8645,100856.555,51.75,5.25
2025-12-09 21:00:00,5.1600647,9.451736,286.0757,100885.94,51.75,5.25
2025-12-09 22:00:00,6.588043,8.340683,286.34503,100917.05,51.75,5.25
2025-12-09 23:00:00,6.845413,7.571945,286.6902,100980.664,51.75,5.25
2025-12-10 00:00:00,6.7489014,7.536484,286.61627,101014.96,51.75,5.25
2025-12-10 01:00:00,7.4936676,6.9468994,286.33838,101106.375,51.75,5.25
2025-12-10 02:00:00,7.6891937,5.9493713,286.44373,101184.85,51.75,5.25
2025-12-10 03:00:00,7.129135,5.7059784,286.17072,101217.234,51.75,5.25
2025-12-10 04:00:00,6.892853,5.3298645,285.7896,101290.11,51.75,5.25
2025-12-10 05:00:00,6.547333,5.431793,285.6016,101331.69,51.75,5.25
2025-12-10 06:00:00,6.438202,5.5882874,285.13776,101360.32,51.75,5.25
2025-12-10 07:00:00,6.265991,5.781845,284.96515,101445.086,51.75,5.25
2025-12-10 08:00:00,5.9856567,5.9047394,285.0759,101503.66,51.75,5.25
2025-12-10 09:00:00,5.9035034,5.7947083,285.3222,101576.445,51.75,5.25
2025-12-10 10:00:00,5.537628,4.3863373,285.5099,101633.07,51.75,5.25
2025-12-10 11:00:00,4.876297,5.2074738,285.99792,101631.06,51.75,5.25
2025-12-10 12:00:00,6.5703735,5.413101,286.23856,101668.03,51.75,5.25
2025-12-10 13:00:00,6.7631836,5.0985565,286.1903,101668.33,51.75,5.25
2025-12-10 14:00:00,7.16539,5.3336945,286.09354,101715.88,51.75,5.25
2025-12-10 15:00:00,7.0500946,5.377228,285.5577,101775.98,51.75,5.25
2025-12-10 16:00:00,6.6639557,5.858902,285.3249,101829.1,51.75,5.25
2025-12-10 17:00:00,7.0197144,5.9061584,284.89658,101907.305,51.75,5.25
2025-12-10 18:00:00,7.9964905,4.985199,284.79077,102002.64,51.75,5.25
2025-12-10 19:00:00,8.111664,4.3492584,284.49347,102084.46,51.75,5.25
2025-12-10 20:00:00,7.3984985,4.684845,283.77267,102111.3,51.75,5.25
2025-12-10 21:00:00,7.058197,4.980606,282.9179,102124.16,51.75,5.25
2025-12-10 22:00:00,7.7985077,4.5250244,282.4746,102178.95,51.75,5.25
2025-12-10 23:00:00,7.434372,4.3814545,281.92078,102203.27,51.75,5.25
2025-12-11 00:00:00,7.2390594,3.920807,281.72293,102227.47,51.75,5.25
2025-12-11 01:00:00,7.141617,4.230133,281.35507,102241.07,51.75,5.25
2025-12-11 02:00:00,6.825714,4.392395,281.10754,102241.836,51.75,5.25
2025-12-11 03:00:00,6.0813446,4.760849,280.84332,102250.44,51.75,5.25
2025-12-11 04:00:00,5.6445465,5.6089935,281.0731,102218.36,51.75,5.25
2025-12-11 05:00:00,5.506119,5.877136,281.1432,102209.96,51.75,5.25
2025-12-11 06:00:00,5.250366,5.781189,281.2102,102224.14,51.75,5.25
2025-12-11 07:00:00,4.9756165,5.7792206,281.42474,102274.07,51.75,5.25
2025-12-11 08:00:00,4.9252625,5.3476105,281.49973,102323.84,51.75,5.25
2025-12-11 09:00:00,4.8549957,5.018112,281.54617,102347.08,51.75,5.25
2025-12-11 10:00:00,2.558609,4.036133,281.5901,102365.89,51.75,5.25
2025-12-11 11:00:00,2.1573792,4.81221,281.73114,102312.086,51.75,5.25
2025-12-11 12:00:00,2.0667114,5.413925,281.94632,102222.92,51.75,5.25
2025-12-11 13:00:00,1.6815796,5.44223,282.08698,102175.36,51.75,5.25
2025-12-11 14:00:00,1.2215424,5.606735,282.15475,102150.99,51.75,5.25
2025-12-11 15:00:00,0.7679291,5.7690125,281.58054,102138.21,51.75,5.25
2025-12-11 16:00:00,0.6295166,6.247757,280.8324,102107.664,51.75,5.25
2025-12-11 17:00:00,0.45344543,6.29097,280.4853,102090.71,51.75,5.25
2025-12-11 18:00:00,0.9803314,6.37204,279.92685,102073.7,51.75,5.25
2025-12-11 19:00:00,1.7780304,6.191559,280.061,102103.02,51.75,5.25
2025-12-11 20:00:00,1.8706207,5.962631,279.73376,102083.375,51.75,5.25
2025-12-11 21:00:00,1.9665985,5.7778473,279.6029,102084.83,51.75,5.25
2025-12-11 22:00:00,1.0823364,4.7343903,278.93115,102079.78,51.75,5.25
2025-12-11 23:00:00,-0.052108765,4.7680054,278.91376,102078.69,51.75,5.25
2025-12-12 00:00:00,-1.8509674,4.431076,278.4651,102036.766,51.75,5.25
2025-12-12 01:00:00,-2.8754425,4.017166,278.46402,102023.61,51.75,5.25
2025-12-12 02:00:00,-4.3911285,3.308319,278.60962,101983.984,51.75,5.25
2025-12-12 03:00:00,-5.598007,3.253601,278.69684,101931.375,51.75,5.25
2025-12-12 04:00:00,-5.496475,4.259186,278.59814,101895.66,51.75,5.25
2025-12-12 05:00:00,-4.890152,4.8915253,278.87915,101898.19,51.75,5.25
2025-12-12 06:00:00,-4.148178,5.3806763,279.27362,101864.055,51.75,5.25
2025-12-12 07:00:00,-2.8879395,5.7541504,279.72748,101877.81,51.75,5.25
2025-12-12 08:00:00,-1.4559937,6.1788025,280.36304,101887.63,51.75,5.25
2025-12-12 09:00:00,-0.25793457,6.2881927,281.0125,101944.5,51.75,5.25
2025-12-12 10:00:00,0.447937,6.191086,281.7363,101993.35,51.75,5.25
2025-12-12 11:00:00,1.0607605,6.1318665,282.40875,102000.64,51.75,5.25
2025-12-12 12:00:00,1.772522,5.694809,283.12286,101991.42,51.75,5.25
2025-12-12 13:00:00,2.2147522,5.3141785,283.3568,101994.484,51.75,5.25
2025-12-12 14:00:00,2.0977173,5.266037,283.57843,102003.03,51.75,5.25
2025-12-12 15:00:00,1.8502197,5.5062866,283.73877,102039.47,51.75,5.25
2025-12-12 16:00:00,1.5632477,5.4928894,283.562,102041.516,51.75,5.25
2025-12-12 17:00:00,1.8687134,5.5402527,283.43784,102099.69,51.75,5.25
2025-12-12 18:00:00,2.3063812,5.536194,283.0728,102144.41,51.75,5.25
2025-12-12 19:00:00,2.6071167,5.605606,283.06253,102195.25,51.75,5.25
2025-12-12 20:00:00,2.8462067,5.773346,282.71985,102237.51,51.75,5.25
2025-12-12 21:00:00,3.288681,5.8337555,282.28543,102290.77,51.75,5.25
2025-12-12 22:00:00,3.4646606,5.649185,281.90613,102307.06,51.75,5.25
2025-12-12 23:00:00,3.89711,5.6226807,282.0414,102363.76,51.75,5.25
2025-12-13 00:00:00,4.442505,5.3848267,282.20453,102391.266,51.75,5.25
2025-12-13 01:00:00,4.828537,5.0951843,282.37305,102413.2,51.75,5.25
2025-12-13 02:00:00,4.9513855,4.652054,282.28906,102427.805,51.75,5.25
2025-12-13 03:00:00,5.209854,3.9590912,282.36368,102446.7,51.75,5.25
2025-12-13 04:00:00,5.2349396,3.1583862,282.31732,102474.84,51.75,5.25
2025-12-13 05:00:00,4.9832916,2.3990936,282.24454,102515.61,51.75,5.25
2025-12-13 06:00:00,4.9188843,1.5285492,281.9265,102542.336,51.75,5.25
2025-12-13 07:00:00,4.6313934,0.90885925,281.79977,102610.36,51.75,5.25
2025-12-13 08:00:00,4.2370605,1.0788879,281.66986,102658.695,51.75,5.25
2025-12-13 09:00:00,4.3023376,1.0552216,281.5269,102741.5,51.75,5.25
2025-12-13 10:00:00,4.215042,0.18571472,282.03888,102783.06,51.75,5.25
2025-12-13 11:00:00,3.6276703,-0.088897705,282.378,102799.234,51.75,5.25
2025-12-13 12:00:00,2.9881744,0.18066406,282.7118,102758.94,51.75,5.25
2025-12-13 13:00:00,2.729248,0.58192444,283.18622,102726.78,51.75,5.25
2025-12-13 14:00:00,2.3936157,0.92785645,283.04398,102713.56,51.75,5.25
2025-12-13 15:00:00,2.8969727,1.5112457,281.32153,102734.5,51.75,5.25
2025-12-13 16:00:00,3.1302032,2.1566162,278.8672,102747.92,51.75,5.25
2025-12-13 17:00:00,3.2416534,2.7714539,277.40344,102752.766,51.75,5.25
2025-12-13 18:00:00,3.9234467,2.5319977,276.62866,102774.4,51.75,5.25
2025-12-13 19:00:00,3.7653656,3.0541077,275.90997,102787.83,51.75,5.25
2025-12-13 20:00:00,3.7052917,3.8252563,275.6742,102773.44,51.75,5.25
2025-12-13 21:00:00,3.3558502,4.6817017,275.7658,102755.28,51.75,5.25
2025-12-13 22:00:00,3.1322937,4.86969,276.04077,102729.18,51.75,5.25
2025-12-13 23:00:00,2.7504883,5.6456146,276.38507,102693.96,51.75,5.25
2025-12-14 00:00:00,2.937912,5.6371307,276.68658,102659.37,51.75,5.25
2025-12-14 01:00:00,3.6285706,5.233536,276.66193,102644.375,51.75,5.25
2025-12-14 02:00:00,3.8517761,5.498535,276.863,102608.84,51.75,5.25
2025-12-14 03:00:00,3.883072,5.724655,277.23077,102575.44,51.75,5.25
2025-12-14 04:00:00,3.547165,6.2228546,277.68924,102528.64,51.75,5.25
2025-12-14 05:00:00,3.2189636,6.4765167,278.1474,102490.31,51.75,5.25
2025-12-14 06:00:00,2.7907867,6.7989807,278.56934,102458.625,51.75,5.25
2025-12-14 07:00:00,2.5385742,7.1244965,278.7807,102414.84,51.75,5.25
2025-12-14 08:00:00,2.8661804,7.0493164,279.14493,102446.77,51.75,5.25
2025-12-14 09:00:00,2.9201965,7.0181427,279.5827,102444.69,51.75,5.25
2025-12-14 10:00:00,2.4236603,5.9697876,279.98248,102434.2,51.75,5.25
2025-12-14 11:00:00,2.6681519,5.8796234,280.6306,102381.91,51.75,5.25
2025-12-14 12:00:00,2.7034607,6.1688843,280.85803,102300.75,51.75,5.25
2025-12-14 13:00:00,2.0535583,6.3271637,281.1452,102220.23,51.75,5.25
2025-12-14 14:00:00,0.8293152,6.824707,281.20435,102150.87,51.75,5.25
2025-12-14 15:00:00,0.9545593,7.448288,281.22086,102077.24,51.75,5.25
2025-12-14 16:00:00,1.2353973,7.487259,281.175,102033.516,51.75,5.25
2025-12-14 17:00:00,1.6608276,7.4937744,281.08313,101997.68,51.75,5.25
2025-12-14 18:00:00,2.0880432,7.6191254,280.99054,101938.516,51.75,5.25
2025-12-14 19:00:00,2.472168,7.8678894,280.7806,101923.95,51.75,5.25
2025-12-14 20:00:00,2.6981812,7.963913,280.73544,101905.63,51.75,5.25
2025-12-14 21:00:00,2.5846863,8.138321,280.42053,101872.305,51.75,5.25
2025-12-14 22:00:00,1.4364471,7.2812347,280.26974,101824.05,51.75,5.25
2025-12-14 23:00:00,1.2122498,7.9334564,280.08026,101768.34,51.75,5.25
2025-12-15 00:00:00,0.94776917,8.301605,279.65527,101721.95,51.75,5.25
2025-12-15 01:00:00,0.7247162,8.312714,279.1645,101660.67,51.75,5.25
2025-12-15 02:00:00,0.57551575,8.227325,278.68042,101598.93,51.75,5.25
2025-12-15 03:00:00,0.7392578,8.134399,278.5606,101547.516,51.75,5.25
2025-12-15 04:00:00,0.90093994,8.280457,278.1228,101472.06,51.75,5.25
2025-12-15 05:00:00,1.2498627,8.478302,277.87097,101430.84,51.75,5.25
2025-12-15 06:00:00,1.782608,8.476227,277.6778,101400.516,51.75,5.25
2025-12-15 07:00:00,1.9732666,8.332077,277.69464,101388.34,51.75,5.25
2025-12-15 08:00:00,2.0637207,8.385498,277.66022,101380.14,51.75,5.25
2025-12-15 09:00:00,2.061142,8.33876,278.23193,101385.66,51.75,5.25
2025-12-15 10:00:00,0.35676575,6.1388245,279.0309,101395.93,51.75,5.25
2025-12-15 11:00:00,0.0738678,6.441437,280.02057,101357.76,51.75,5.25
2025-12-15 12:00:00,-0.03767395,6.950363,280.86224,101283.64,51.75,5.25
2025-12-15 13:00:00,-0.5849762,6.7842255,281.44522,101192.19,51.75,5.25
2025-12-15 14:00:00,-1.1362305,7.6801605,281.87943,101130.195,51.75,5.25
2025-12-15 15:00:00,-1.6790771,8.299088,281.47565,101089.11,51.75,5.25
2025-12-15 16:00:00,-1.6389008,8.628525,280.88242,101062.914,51.75,5.25
2025-12-15 17:00:00,-1.0056458,9.042725,280.61307,101081.56,51.75,5.25
2025-12-15 18:00:00,-0.06285095,9.061295,280.5954,101084.875,51.75,5.25
2025-12-15 19:00:00,0.5548096,8.672791,281.00015,101093.06,51.75,5.25
2025-12-15 20:00:00,0.83132935,8.3246,281.03848,101079.27,51.75,5.25
2025-12-15 21:00:00,0.926239,8.044037,280.88434,101102.41,51.75,5.25
2025-12-15 22:00:00,1.3961029,8.2339325,280.93835,101070.46,51.75,5.25
2025-12-15 23:00:00,1.09552,7.703232,280.5777,101093.61,51.75,5.25
2025-12-16 00:00:00,-0.064086914,7.630951,280.5125,101069.64,51.75,5.25
2025-12-16 01:00:00,-1.0192566,7.875595,280.78235,101062.24,51.75,5.25
2025-12-16 02:00:00,-2.200348,7.6524506,281.15582,101018.48,51.75,5.25
2025-12-16 03:00:00,-2.8882904,7.3924255,281.16766,100985.75,51.75,5.25
2025-12-16 04:00:00,-2.7085114,7.450165,280.7766,100946.66,51.75,5.25
2025-12-16 05:00:00,-2.1184845,7.728668,280.62033,100989.71,51.75,5.25
2025-12-16 06:00:00,-2.000824,7.449814,280.46353,101006.86,51.75,5.25
2025-12-16 07:00:00,-1.6528168,7.473648,280.48865,101050.06,51.75,5.25
2025-12-16 08:00:00,-1.2158661,7.6989746,280.59753,101113.41,51.75,5.25
2025-12-16 09:00:00,-0.8122711,7.6602173,281.47604,101184.05,51.75,5.25
2025-12-16 10:00:00,0.49757385,5.887253,282.47125,101193.95,51.75,5.25
2025-12-16 11:00:00,0.8887634,5.3885803,283.26514,101199.625,51.75,5.25
2025-12-16 12:00:00,0.4469452,5.1155853,284.15155,101186.88,51.75,5.25
2025-12-16 13:00:00,-0.11935425,4.8254547,284.70963,101155.695,51.75,5.25
2025-12-16 14:00:00,-0.6513672,4.7062836,284.52985,101145.766,51.75,5.25
2025-12-16 15:00:00,-1.4503326,5.737213,283.4972,101182.984,51.75,5.25
2025-12-16 16:00:00,-1.3444214,6.2858276,282.54785,101241.11,51.75,5.25
2025-12-16 17:00:00,-0.7922363,5.572418,282.0525,101239.24,51.75,5.25
2025-12-16 18:00:00,-0.97662354,5.480728,281.59335,101262.06,51.75,5.25
2025-12-16 19:00:00,-0.55659485,5.813553,281.4968,101274.766,51.75,5.25
2025-12-16 20:00:00,1.3118744,5.651947,281.3319,101327.09,51.75,5.25
2025-12-16 21:00:00,2.9029999,4.9568787,280.60904,101349.67,51.75,5.25
2025-12-16 22:00:00,3.5888672,4.3441925,280.62888,101349.89,51.75,5.25
2025-12-16 23:00:00,4.491455,4.2982483,280.56934,101373.53,51.75,5.25
2025-12-17 00:00:00,4.69339,4.399826,279.8716,101356.77,51.75,5.25
2025-12-17 01:00:00,4.260849,4.4424744,279.8245,101364.42,51.75,5.25
2025-12-17 02:00:00,4.465317,3.8959503,279.3391,101408.34,51.75,5.25
2025-12-17 03:00:00,4.090271,3.552536,279.20398,101401.11,51.75,5.25
2025-12-17 04:00:00,4.161377,3.7065735,279.71503,101429.15,51.75,5.25
2025-12-17 05:00:00,4.349991,4.213516,279.97208,101459.76,51.75,5.25
2025-12-17 06:00:00,4.7624207,4.1269684,280.6125,101528.19,51.75,5.25
2025-12-17 07:00:00,4.8736725,3.7478943,280.81744,101590.67,51.75,5.25
2025-12-17 08:00:00,4.901428,3.6310577,281.0468,101651.81,51.75,5.25
2025-12-17 09:00:00,4.2772217,4.1170044,281.62518,101709.92,51.75,5.25
2025-12-17 10:00:00,3.9698334,4.145096,282.12372,101762.234,51.75,5.25
2025-12-17 11:00:00,4.2879486,3.742691,282.52673,101751.06,51.75,5.25
2025-12-17 12:00:00,5.5077667,3.993042,282.51834,101741.66,51.75,5.25
2025-12-17 13:00:00,4.617401,3.3953247,282.60095,101729.57,51.75,5.25
2025-12-17 14:00:00,4.1489563,3.377243,282.71466,101701.445,51.75,5.25
2025-12-17 15:00:00,4.0594635,3.5874176,282.56366,101726.22,51.75,5.25
2025-12-17 16:00:00,3.29776,4.4407043,282.1664,101717.77,51.75,5.25
2025-12-17 17:00:00,2.5508575,5.69339,281.58734,101734.17,51.75,5.25
2025-12-17 18:00:00,2.2896729,6.57283,281.10883,101738.0,51.75,5.25
2025-12-17 19:00:00,2.563797,7.110611,281.13727,101740.05,51.75,5.25
2025-12-17 20:00:00,2.8919373,7.5811768,281.11554,101729.34,51.75,5.25
2025-12-17 21:00:00,2.9713745,8.120316,280.95236,101742.516,51.75,5.25
2025-12-17 22:00:00,3.2413788,9.172699,280.42712,101720.64,51.75,5.25
2025-12-17 23:00:00,3.3553314,9.484299,280.27777,101708.09,51.75,5.25
2025-12-18 00:00:00,3.2994995,9.6813965,280.31937,101678.91,51.75,5.25
2025-12-18 01:00:00,2.9383545,9.909058,280.1767,101645.22,51.75,5.25
2025-12-18 02:00:00,2.7287445,10.340546,279.94757,101605.92,51.75,5.25
2025-12-18 03:00:00,2.3828888,10.764481,280.0893,101525.375,51.75,5.25
2025-12-18 04:00:00,3.0418854,10.957291,280.0719,101519.28,51.75,5.25
2025-12-18 05:00:00,3.2136688,10.642853,280.69092,101465.85,51.75,5.25
2025-12-18 06:00:00,3.313202,10.216339,281.12015,101456.25,51.75,5.25
2025-12-18 07:00:00,3.959381,9.742645,281.57874,101487.45,51.75,5.25
2025-12-18 08:00:00,3.822937,9.637833,281.99164,101506.625,51.75,5.25
2025-12-18 09:00:00,3.1226501,9.853485,282.36737,101487.96,51.75,5.25
2025-12-18 10:00:00,2.201828,8.487946,283.15637,101446.19,51.75,5.25
2025-12-18 11:00:00,1.2618561,8.5772705,283.78073,101398.55,51.75,5.25
2025-12-18 12:00:00,0.013336182,8.999329,284.51703,101290.79,51.75,5.25
2025-12-18 13:00:00,-1.0069733,9.668686,285.01178,101189.95,51.75,5.25
2025-12-18 14:00:00,-0.60832214,10.725037,285.26593,101135.414,51.75,5.25
2025-12-18 15:00:00,-0.564209,11.368851,285.1046,101097.84,51.75,5.25
2025-12-18 16:00:00,-0.4983673,12.200516,284.9436,101012.79,51.75,5.25
2025-12-18 17:00:00,0.42878723,12.683945,284.8135,100970.28,51.75,5.25
2025-12-18 18:00:00,1.4474792,12.899231,285.21097,100924.94,51.75,5.25
2025-12-18 19:00:00,1.7362518,12.993103,285.67935,100905.82,51.75,5.25
2025-12-18 20:00:00,2.76651,13.002548,285.86243,100903.414,51.75,5.25
2025-12-18 21:00:00,4.1721954,12.737503,286.03906,100938.95,51.75,5.25
2025-12-18 22:00:00,3.7276611,12.601395,286.3037,100920.91,51.75,5.25
2025-12-18 23:00:00,5.1713867,11.427139,286.54428,100977.984,51.75,5.25
2025-12-19 00:00:00,5.511215,9.9888,286.34705,101016.17,51.75,5.25
2025-12-19 01:00:00,4.4961243,9.301041,285.75342,101085.68,51.75,5.25
2025-12-19 02:00:00,3.4323425,9.219131,285.31213,101108.74,51.75,5.25
2025-12-19 03:00:00,3.3460083,9.253296,284.98367,101117.72,51.75,5.25
2025-12-19 04:00:00,4.050659,8.75946,284.808,101114.31,51.75,5.25
2025-12-19 05:00:00,4.683014,8.092834,284.43427,101143.56,51.75,5.25
2025-12-19 06:00:00,4.978073,7.451706,284.3009,101213.22,51.75,5.25
2025-12-19 07:00:00,5.2009583,6.6657257,284.0548,101256.67,51.75,5.25
2025-12-19 08:00:00,6.1673737,4.9701996,283.80328,101374.16,51.75,5.25
2025-12-19 09:00:00,6.4296875,2.7041779,283.66956,101460.0,51.75,5.25
2025-12-19 10:00:00,5.85347,1.5678864,283.9099,101579.34,51.75,5.25
2025-12-19 11:00:00,5.463379,1.6625214,284.16718,101627.22,51.75,5.25
2025-12-19 12:00:00,5.947815,1.8875885,284.25824,101667.46,51.75,5.25
2025-12-19 13:00:00,5.8037415,2.2565918,283.83987,101721.55,51.75,5.25
2025-12-19 14:00:00,5.9015656,2.6234283,283.3587,101774.3,51.75,5.25
2025-12-19 15:00:00,5.684845,3.2007294,282.37042,101812.45,51.75,5.25
2025-12-19 16:00:00,5.4604187,3.7937622,281.31842,101855.52,51.75,5.25
2025-12-19 17:00:00,5.210678,4.4795227,280.40582,101903.58,51.75,5.25
2025-12-19 18:00:00,5.137924,4.919113,279.56818,101921.81,51.75,5.25
2025-12-19 19:00:00,5.243332,4.8674927,279.414,101951.17,51.75,5.25
2025-12-19 20:00:00,5.410263,4.566864,279.17526,101956.31,51.75,5.25
2025-12-19 21:00:00,5.2115936,4.2279663,278.49796,101976.58,51.75,5.25
2025-12-19 22:00:00,5.180374,4.0799713,278.01892,101973.19,51.75,5.25
2025-12-19 23:00:00,4.7680664,3.8429718,277.57892,101976.24,51.75,5.25
2025-12-20 00:00:00,4.2048187,4.06427,277.35184,101959.65,51.75,5.25
2025-12-20 01:00:00,3.7663574,4.1813354,277.1159,101960.66,51.75,5.25
2025-12-20 02:00:00,3.288086,3.9104767,276.7478,101964.17,51.75,5.25
2025-12-20 03:00:00,2.9298859,3.6335907,276.49768,101909.375,51.75,5.25
2025-12-20 04:00:00,2.3542633,3.4216309,275.94705,101857.7,51.75,5.25
2025-12-20 05:00:00,1.7312622,3.4781494,275.61444,101835.26,51.75,5.25
2025-12-20 06:00:00,1.0185242,3.355301,275.27734,101803.195,51.75,5.25
2025-12-20 07:00:00,-0.14575195,2.8697815,275.01727,101781.805,51.75,5.25
2025-12-20 08:00:00,-1.5309906,2.9828339,274.73047,101775.06,51.75,5.25
2025-12-20 09:00:00,-2.8127747,3.1769104,275.04675,101783.31,51.75,5.25
2025-12-20 10:00:00,-3.1861267,2.3470001,276.67474,101726.64,51.75,5.25
2025-12-20 11:00:00,-2.8719482,1.4430542,277.7152,101726.19,51.75,5.25
2025-12-20 12:00:00,-3.2012482,0.23448181,278.5398,101583.28,51.75,5.25
2025-12-20 13:00:00,-4.0393066,-0.8269348,279.1905,101572.28,51.75,5.25
2025-12-20 14:00:00,-5.037323,-0.32624817,279.45935,101440.95,51.75,5.25
2025-12-20 15:00:00,-5.8107147,-0.3846588,279.2796,101464.47,51.75,5.25
2025-12-20 16:00:00,-6.613785,-0.06561279,279.047,101338.95,51.75,5.25
2025-12-20 17:00:00,-6.6650696,0.5485687,279.14597,101342.65,51.75,5.25
2025-12-20 18:00:00,-6.7069244,0.8517761,279.2796,101316.25,51.75,5.25
2025-12-20 19:00:00,-6.7675934,0.92951965,279.47916,101233.79,51.75,5.25
2025-12-20 20:00:00,-6.746002,1.0733032,279.71704,101203.45,51.75,5.25
2025-12-20 21:00:00,-6.370407,1.8545837,279.8579,101210.95,51.75,5.25
2025-12-20 22:00:00,-4.438156,3.6964111,279.54254,101202.59,51.75,5.25
2025-12-20 23:00:00,-3.9898071,3.5793304,279.83133,101174.06,51.75,5.25
2025-12-21 00:00:00,-4.079117,3.673996,280.204,101127.81,51.75,5.25
2025-12-21 01:00:00,-3.9872437,3.7274933,280.42413,101145.69,51.75,5.25
2025-12-21 02:00:00,-3.9916382,3.6139984,280.50598,101150.47,51.75,5.25
2025-12-21 03:00:00,-4.009033,3.5399933,280.34387,101151.62,51.75,5.25
2025-12-21 04:00:00,-3.9892426,3.4669952,280.60196,101149.2,51.75,5.25
2025-12-21 05:00:00,-4.3134766,2.9774323,281.00705,101149.4,51.75,5.25
2025-12-21 06:00:00,-4.9394226,2.687622,281.28662,101133.08,51.75,5.25
2025-12-21 07:00:00,-5.2109528,2.7765198,281.29535,101140.414,51.75,5.25
2025-12-21 08:00:00,-5.131729,3.1124878,281.23657,101154.97,51.75,5.25
2025-12-21 09:00:00,-5.011307,3.2157745,281.542,101174.3,51.75,5.25
2025-12-21 10:00:00,-4.291321,2.5627594,281.9586,101180.89,51.75,5.25
2025-12-21 11:00:00,-4.5677643,1.7693481,282.83844,101148.516,51.75,5.25
2025-12-21 12:00:00,-4.338257,1.0072327,283.6162,101099.8,51.75,5.25
2025-12-21 13:00:00,-4.4903107,0.2554474,283.9848,101061.484,51.75,5.25
2025-12-21 14:00:00,-5.3801117,-0.5220947,284.04776,101049.125,51.75,5.25
2025-12-21 15:00:00,-7.4469757,0.09806824,283.19308,101016.41,51.75,5.25
2025-12-21 16:00:00,-8.183472,0.3343811,282.2425,100996.82,51.75,5.25
2025-12-21 17:00:00,-8.122498,-0.14335632,281.56314,100948.68,51.75,5.25
2025-12-21 18:00:00,-8.757507,0.17282104,281.18445,100912.94,51.75,5.25
2025-12-21 19:00:00,-9.389755,0.40182495,280.88782,100903.61,51.75,5.25
2025-12-21 20:00:00,-9.649857,0.68699646,280.7433,100847.86,51.75,5.25
2025-12-21 21:00:00,-9.108231,1.7183075,280.16034,100904.74,51.75,5.25
2025-12-21 22:00:00,-9.383713,0.23468018,280.01886,100817.29,51.75,5.25
2025-12-21 23:00:00,-9.044235,0.5075073,279.61682,100835.734,51.75,5.25
2025-12-22 00:00:00,-8.900101,1.8197021,279.06335,100845.8,51.75,5.25
2025-12-22 01:00:00,-8.957687,2.222229,278.8122,100858.61,51.75,5.25
2025-12-22 02:00:00,-8.908554,2.590332,278.42407,100861.09,51.75,5.25
2025-12-22 03:00:00,-8.703125,3.102188,277.81787,100872.766,51.75,5.25
2025-12-22 04:00:00,-8.000549,3.9488678,277.76178,100880.36,51.75,5.25
2025-12-22 05:00:00,-7.350937,4.0592804,277.5618,100902.336,51.75,5.25
2025-12-22 06:00:00,-7.4972687,3.232895,277.29553,100912.03,51.75,5.25
2025-12-22 07:00:00,-7.6740875,2.533783,277.07892,100942.17,51.75,5.25
2025-12-22 08:00:00,-7.66098,2.3368835,277.14038,100984.25,51.75,5.25
2025-12-22 09:00:00,-7.364868,2.124527,277.4557,101028.73,51.75,5.25
2025-12-22 10:00:00,-7.505234,1.5889435,278.38528,101070.16,51.75,5.25
2025-12-22 11:00:00,-6.837372,0.81651306,278.82074,101091.58,51.75,5.25
2025-12-22 12:00:00,-6.6648865,0.5180664,279.15372,101071.72,51.75,5.25
2025-12-22 13:00:00,-6.370117,0.5092926,279.07214,101075.875,51.75,5.25
2025-12-22 14:00:00,-6.4605713,0.88243103,279.1087,101075.484,51.75,5.25
2025-12-22 15:00:00,-6.730774,0.6866913,278.6994,101107.97,51.75,5.25
2025-12-22 16:00:00,-7.2818146,0.15812683,278.1095,101128.92,51.75,5.25
2025-12-22 17:00:00,-7.755966,-0.12791443,277.75714,101141.734,51.75,5.25
2025-12-22 18:00:00,-7.7677155,-0.044509888,277.536,101193.69,51.75,5.25
2025-12-22 19:00:00,-7.4097595,0.43167114,277.14615,101254.42,51.75,5.25
2025-12-22 20:00:00,-7.2983093,0.35668945,276.71838,101276.0,51.75,5.25
2025-12-22 21:00:00,-7.779007,-0.37928772,276.89258,101312.766,51.75,5.25
2025-12-22 22:00:00,-7.922226,-0.40716553,276.88574,101314.72,51.75,5.25
2025-12-22 23:00:00,-7.6646423,-0.897995,276.99878,101347.74,51.75,5.25
2025-12-23 00:00:00,-7.565796,-1.0839844,277.29358,101355.31,51.75,5.25
2025-12-23 01:00:00,-7.5782776,-0.6663208,277.38623,101375.79,51.75,5.25
2025-12-23 02:00:00,-7.8916626,-0.7342987,277.60602,101414.11,51.75,5.25
2025-12-23 03:00:00,-8.427414,-1.0650482,277.77155,101422.89,51.75,5.25
2025-12-23 04:00:00,-8.820236,-0.9470062,278.03406,101420.75,51.75,5.25
2025-12-23 05:00:00,-8.961884,-0.56591797,278.10236,101450.82,51.75,5.25
2025-12-23 06:00:00,-8.934448,-0.14559937,278.14722,101494.22,51.75,5.25
2025-12-23 07:00:00,-8.765106,-0.27583313,278.33105,101558.766,51.75,5.25
2025-12-23 08:00:00,-8.593475,-0.786438,278.2554,101631.125,51.75,5.25
2025-12-23 09:00:00,-8.411652,-1.2978973,278.3799,101718.33,51.75,5.25
2025-12-23 10:00:00,-8.406265,-1.9380188,278.465,101726.695,51.75,5.25
2025-12-23 11:00:00,-9.388794,-1.8235016,278.45337,101772.59,51.75,5.25
2025-12-23 12:00:00,-9.625671,-1.694107,278.4508,101809.47,51.75,5.25
2025-12-23 13:00:00,-9.844849,-1.7396545,278.1715,101825.97,51.75,5.25
2025-12-23 14:00:00,-9.562546,-2.1814117,278.03995,101897.8,51.75,5.25
2025-12-23 15:00:00,-9.657547,-2.415619,277.90082,101940.31,51.75,5.25
2025-12-23 16:00:00,-9.999329,-2.895935,277.75143,102033.29,51.75,5.25
2025-12-23 17:00:00,-10.458603,-2.9206848,277.5839,102132.125,51.75,5.25
2025-12-23 18:00:00,-10.485199,-2.4911346,277.47302,102215.65,51.75,5.25
2025-12-23 19:00:00,-10.4440155,-2.239685,277.40207,102321.29,51.75,5.25
2025-12-23 20:00:00,-10.2144165,-2.056427,277.41455,102370.805,51.75,5.25
2025-12-23 21:00:00,-9.869049,-2.412201,277.22504,102459.63,51.75,5.25
2025-12-23 22:00:00,-9.432678,-2.8622894,276.88113,102513.27,51.75,5.25
2025-12-23 23:00:00,-9.179504,-3.925293,276.62946,102577.2,51.75,5.25
2025-12-24 00:00:00,-9.4388275,-4.2086945,276.17175,102657.48,51.75,5.25
2025-12-24 01:00:00,-10.073227,-3.9572906,275.58566,102735.61,51.75,5.25
2025-12-24 02:00:00,-10.541992,-3.4311523,274.81287,102808.11,51.75,5.25
2025-12-24 03:00:00,-10.817734,-2.9365845,274.32153,102862.72,51.75,5.25
2025-12-24 04:00:00,-10.796555,-2.716339,273.95456,102887.14,51.75,5.25
2025-12-24 05:00:00,-10.500198,-3.1465454,273.70145,102945.9,51.75,5.25
2025-12-24 06:00:00,-10.645615,-3.8512878,273.60895,102996.55,51.75,5.25
2025-12-24 07:00:00,-10.459152,-4.3789062,273.65277,103080.984,51.75,5.25
2025-12-24 08:00:00,-10.1462555,-4.8138123,273.7032,103184.77,51.75,5.25
2025-12-24 09:00:00,-9.145966,-4.921524,273.89807,103272.37,51.75,5.25
2025-12-24 10:00:00,-7.174225,-4.8936157,274.2945,103279.58,51.75,5.25
2025-12-24 11:00:00,-7.7013245,-5.5438232,274.82648,103267.0,51.75,5.25
2025-12-24 12:00:00,-7.7207794,-5.7872467,275.15967,103209.3,51.75,5.25
2025-12-24 13:00:00,-8.011093,-6.2550354,275.23602,103171.61,51.75,5.25
2025-12-24 14:00:00,-7.8761597,-6.525345,275.01486,103160.76,51.75,5.25
2025-12-24 15:00:00,-8.44455,-6.572769,274.5832,103154.625,51.75,5.25
2025-12-24 16:00:00,-9.020233,-6.277542,273.9494,103172.016,51.75,5.25
2025-12-24 17:00:00,-9.370682,-6.06781,273.7849,103199.81,51.75,5.25
2025-12-24 18:00:00,-9.749954,-6.086334,273.479,103182.92,51.75,5.25
2025-12-24 19:00:00,-10.123932,-6.009781,273.24188,103190.62,51.75,5.25
2025-12-24 20:00:00,-10.390533,-5.856659,272.7976,103165.664,51.75,5.25
2025-12-24 21:00:00,-10.422577,-5.8015594,272.39917,103162.84,51.75,5.25
2025-12-24 22:00:00,-10.871887,-5.7244263,271.8123,103100.04,51.75,5.25
2025-12-24 23:00:00,-11.191681,-5.3305054,271.53064,103082.79,51.75,5.25
2025-12-25 00:00:00,-11.407349,-5.0685883,271.07953,103097.59,51.75,5.25
2025-12-25 01:00:00,-11.474152,-4.9689636,270.71466,103075.17,51.75,5.25
2025-12-25 02:00:00,-11.420914,-4.6563873,270.4361,103060.25,51.75,5.25
2025-12-25 03:00:00,-11.414413,-4.28598,270.00323,103054.03,51.75,5.25
2025-12-25 04:00:00,-11.191696,-4.1185913,269.77383,103067.04,51.75,5.25
2025-12-25 05:00:00,-10.889313,-4.0951843,269.3322,103086.72,51.75,5.25
2025-12-25 06:00:00,-10.616013,-4.0584564,269.176,103085.46,51.75,5.25
2025-12-25 07:00:00,-10.601486,-3.721817,268.9734,103125.01,51.75,5.25
2025-12-25 08:00:00,-10.697098,-3.3047333,268.762,103137.84,51.75,5.25
2025-12-25 09:00:00,-10.674286,-3.2151947,269.2896,103157.78,51.75,5.25
2025-12-25 10:00:00,-8.383514,-3.939804,270.2055,103072.31,51.75,5.25
2025-12-25 11:00:00,-8.796158,-3.5078278,270.9641,102995.03,51.75,5.25
2025-12-25 12:00:00,-8.797485,-3.0686493,271.76733,102915.47,51.75,5.25
2025-12-25 13:00:00,-8.252487,-3.514389,272.3468,102878.31,51.75,5.25
2025-12-25 14:00:00,-9.268723,-3.7261047,272.4353,102868.695,51.75,5.25
2025-12-25 15:00:00,-9.889221,-3.01326,272.07288,102859.99,51.75,5.25
2025-12-25 16:00:00,-10.088364,-2.6855774,271.538,102894.98,51.75,5.25
2025-12-25 17:00:00,-10.060394,-2.2669678,271.23364,102905.67,51.75,5.25
2025-12-25 18:00:00,-9.857681,-1.9450531,270.96844,102893.39,51.75,5.25
2025-12-25 19:00:00,-9.632248,-1.8647614,270.7205,102927.016,51.75,5.25
2025-12-25 20:00:00,-9.25856,-1.7837219,270.41125,102937.47,51.75,5.25
2025-12-25 21:00:00,-8.617935,-1.9463043,270.16772,102993.164,51.75,5.25
2025-12-25 22:00:00,-7.986038,-2.8150635,269.75714,102955.28,51.75,5.25
2025-12-25 23:00:00,-8.081848,-2.395172,269.54248,102957.09,51.75,5.25
2025-12-26 00:00:00,-8.047974,-1.947937,269.29584,102961.33,51.75,5.25
2025-12-26 01:00:00,-7.9223022,-2.4537506,269.04163,102948.04,51.75,5.25
2025-12-26 02:00:00,-8.377975,-2.2388458,268.76648,102940.47,51.75,5.25
2025-12-26 03:00:00,-8.402115,-1.6103516,268.59595,102929.61,51.75,5.25
2025-12-26 04:00:00,-8.02272,-1.3876343,268.60162,102894.94,51.75,5.25
2025-12-26 05:00:00,-8.007782,-1.7193146,268.43146,102879.984,51.75,5.25
2025-12-26 06:00:00,-8.092651,-1.6281891,268.33722,102914.19,51.75,5.25
2025-12-26 07:00:00,-7.8949585,-1.2491608,268.33102,102975.02,51.75,5.25
2025-12-26 08:00:00,-7.743042,-1.2058258,268.38934,103005.44,51.75,5.25
2025-12-26 09:00:00,-7.715637,-1.6074982,269.54797,103054.35,51.75,5.25
2025-12-26 10:00:00,-7.907013,-1.6658478,270.86237,103039.33,51.75,5.25
2025-12-26 11:00:00,-6.9921722,-1.9606628,272.5067,103044.984,51.75,5.25
2025-12-26 12:00:00,-6.7680664,-1.4308167,273.98755,102985.17,51.75,5.25
2025-12-26 13:00:00,-6.980896,-1.2017517,274.95508,103022.64,51.75,5.25
2025-12-26 14:00:00,-7.259964,-1.327774,275.29254,103028.74,51.75,5.25
2025-12-26 15:00:00,-7.8759003,-1.4673309,274.72705,103060.64,51.75,5.25
2025-12-26 16:00:00,-8.454132,-1.7822723,273.76797,103088.99,51.75,5.25
2025-12-26 17:00:00,-8.543137,-1.5822449,273.2151,103154.12,51.75,5.25
2025-12-26 18:00:00,-8.287964,-1.230957,272.8499,103189.51,51.75,5.25
2025-12-26 19:00:00,-7.96344,-1.3414001,272.44727,103244.086,51.75,5.25
2025-12-26 20:00:00,-7.881241,-1.7729492,272.14734,103250.67,51.75,5.25
2025-12-26 21:00:00,-7.880234,-1.8789978,271.98535,103309.82,51.75,5.25
2025-12-26 22:00:00,-8.053192,-2.1971283,271.84836,103290.97,51.75,5.25
2025-12-26 23:00:00,-7.870041,-1.8991547,271.706,103288.91,51.75,5.25
2025-12-27 00:00:00,-7.7123566,-1.9725342,271.52386,103290.93,51.75,5.25
2025-12-27 01:00:00,-7.714157,-2.7023468,271.29678,103308.516,51.75,5.25
2025-12-27 02:00:00,-7.590271,-3.0884705,270.9301,103320.62,51.75,5.25
2025-12-27 03:00:00,-7.1717224,-2.782837,271.06323,103317.22,51.75,5.25
2025-12-27 04:00:00,-6.6908875,-2.9842377,270.88058,103288.95,51.75,5.25
2025-12-27 05:00:00,-6.406128,-3.4456482,270.82715,103291.375,51.75,5.25
2025-12-27 06:00:00,-6.110092,-4.164383,270.7191,103306.67,51.75,5.25
2025-12-27 07:00:00,-5.6693573,-5.0794525,270.73807,103338.61,51.75,5.25
2025-12-27 08:00:00,-5.665634,-6.1774597,271.00452,103414.234,51.75,5.25
2025-12-27 09:00:00,-5.826935,-5.361969,272.01355,103459.45,51.75,5.25
2025-12-27 10:00:00,-6.0253754,-4.724716,273.1681,103453.33,51.75,5.25
2025-12-27 11:00:00,-4.3679504,-3.9613953,274.49915,103456.22,51.75,5.25
2025-12-27 12:00:00,-3.4463196,-3.3399658,275.48132,103359.08,51.75,5.25
2025-12-27 13:00:00,-2.8360748,-2.7628021,275.9054,103333.03,51.75,5.25
2025-12-27 14:00:00,-2.5473328,-3.5506592,276.37976,103325.83,51.75,5.25
2025-12-27 15:00:00,-2.8316803,-4.2582703,276.12775,103333.92,51.75,5.25
2025-12-27 16:00:00,-2.7302551,-3.866043,276.1017,103290.01,51.75,5.25
2025-12-27 17:00:00,-2.5622406,-4.172821,276.33386,103325.766,51.75,5.25
2025-12-27 18:00:00,-2.221634,-4.468689,276.40906,103317.46,51.75,5.25
2025-12-27 19:00:00,-1.5414886,-4.4852295,276.44485,103309.0,51.75,5.25
2025-12-27 20:00:00,-1.4739075,-5.1749725,276.73004,103319.46,51.75,5.25
2025-12-27 21:00:00,-1.4851074,-5.49852,277.05893,103325.86,51.75,5.25
2025-12-27 22:00:00,-1.2942657,-5.581558,276.81476,103312.45,51.75,5.25
2025-12-27 23:00:00,-0.81427,-5.362213,276.73096,103270.06,51.75,5.25
2025-12-28 00:00:00,-0.8700409,-5.4198303,276.73184,103242.15,51.75,5.25
2025-12-28 01:00:00,-1.6560364,-5.705597,276.76196,103235.875,51.75,5.25
2025-12-28 02:00:00,-2.3723602,-4.9052277,277.13538,103258.35,51.75,5.25
2025-12-28 03:00:00,-2.683258,-4.218689,277.30716,103253.84,51.75,5.25
2025-12-28 04:00:00,-2.6733856,-3.1864166,276.3235,103222.05,51.75,5.25
2025-12-28 05:00:00,-3.1210938,-2.4962463,276.2397,103198.52,51.75,5.25
2025-12-28 06:00:00,-4.2393494,-1.9286499,275.16367,103216.33,51.75,5.25
2025-12-28 07:00:00,-4.1474,-0.49194336,274.95575,103229.25,51.75,5.25
2025-12-28 08:00:00,-3.6701813,0.078308105,274.16635,103244.17,51.75,5.25
2025-12-28 09:00:00,-3.3559723,-0.33628845,274.70984,103274.06,51.75,5.25
2025-12-28 10:00:00,-3.2386475,-1.0122375,276.7793,103271.73,51.75,5.25
2025-12-28 11:00:00,-2.89151,-0.90660095,277.70074,103269.266,51.75,5.25
2025-12-28 12:00:00,-2.8474426,-1.0935364,277.96722,103216.8,51.75,5.25
2025-12-28 13:00:00,-2.74794,-1.6816864,278.14124,103169.53,51.75,5.25
2025-12-28 14:00:00,-3.3349762,-2.2129822,277.68845,103132.03,51.75,5.25
2025-12-28 15:00:00,-4.118515,-2.320633,276.6129,103107.234,51.75,5.25
2025-12-28 16:00:00,-4.6368256,-2.2979584,274.90637,103076.41,51.75,5.25
2025-12-28 17:00:00,-4.863144,-1.5783691,273.31128,103056.555,51.75,5.25
2025-12-28 18:00:00,-4.6784973,-0.5385132,272.82434,103001.17,51.75,5.25
2025-12-28 19:00:00,-3.8641968,-0.2495575,271.95578,102988.69,51.75,5.25
2025-12-28 20:00:00,-2.6154785,-1.0168304,271.23386,102961.234,51.75,5.25
2025-12-28 21:00:00,-1.6690674,-1.6708984,270.85455,102946.586,51.75,5.25
2025-12-28 22:00:00,-1.2694702,-3.5923157,270.74948,102887.19,51.75,5.25
2025-12-28 23:00:00,-1.2157593,-3.5636902,270.52792,102865.33,51.75,5.25
2025-12-29 00:00:00,-1.3968506,-2.901184,270.38647,102829.016,51.75,5.25
2025-12-29 01:00:00,-1.4042053,-2.6088715,270.71167,102818.95,51.75,5.25
2025-12-29 02:00:00,-1.5218811,-2.659439,270.949,102800.83,51.75,5.25
2025-12-29 03:00:00,-1.4837189,-2.7008057,271.20465,102771.03,51.75,5.25
2025-12-29 04:00:00,-1.2399445,-2.5888214,271.85965,102707.55,51.75,5.25
2025-12-29 05:00:00,-0.9517975,-2.8131256,272.3218,102683.22,51.75,5.25
2025-12-29 06:00:00,-0.38259888,-2.392517,272.99344,102686.52,51.75,5.25
2025-12-29 07:00:00,0.4344635,-1.8520355,273.51624,102692.86,51.75,5.25
2025-12-29 08:00:00,1.3188629,-1.7414703,273.80737,102697.3,51.75,5.25
2025-12-29 09:00:00,2.2771912,-1.5829926,274.65894,102700.734,51.75,5.25
2025-12-29 10:00:00,2.4283752,-2.5655365,275.39026,102696.86,51.75,5.25
2025-12-29 11:00:00,2.7539673,-2.4043884,276.2315,102673.66,51.75,5.25
2025-12-29 12:00:00,3.0420074,-2.2774506,277.0487,102580.55,51.75,5.25
2025-12-29 13:00:00,3.2627106,-2.5508728,277.6944,102540.03,51.75,5.25
2025-12-29 14:00:00,3.3269958,-3.316452,278.0614,102508.84,51.75,5.25
2025-12-29 15:00:00,3.4469147,-3.6499176,278.24597,102482.34,51.75,5.25
2025-12-29 16:00:00,3.7502747,-3.8450623,278.21,102463.47,51.75,5.25
2025-12-29 17:00:00,3.6287384,-4.453583,277.88068,102460.92,51.75,5.25
2025-12-29 18:00:00,2.772583,-5.7457123,278.0127,102476.92,51.75,5.25
2025-12-29 19:00:00,1.5355682,-6.302948,277.59436,102521.21,51.75,5.25
2025-12-29 20:00:00,0.6090393,-6.8141937,277.63977,102554.41,51.75,5.25
2025-12-29 21:00:00,0.0021362305,-7.145508,276.9488,102592.49,51.75,5.25
2025-12-29 22:00:00,-0.21351624,-7.558197,276.2792,102636.41,51.75,5.25
2025-12-29 23:00:00,-0.27236938,-7.4464417,276.14905,102685.734,51.75,5.25
2025-12-30 00:00:00,-0.071746826,-7.0402985,276.12726,102690.484,51.75,5.25
2025-12-30 01:00:00,-0.24897766,-6.953766,275.45306,102735.36,51.75,5.25
2025-12-30 02:00:00,-0.49998474,-7.137207,275.1266,102758.41,51.75,5.25
2025-12-30 03:00:00,-0.3973236,-6.9169617,274.78418,102801.67,51.75,5.25
2025-12-30 04:00:00,0.4473877,-6.7779846,274.1435,102822.33,51.75,5.25
2025-12-30 05:00:00,1.1641998,-6.952057,273.92136,102811.27,51.75,5.25
2025-12-30 06:00:00,1.1171417,-7.275894,273.24274,102851.36,51.75,5.25
2025-12-30 07:00:00,1.0263367,-7.045471,272.9677,102894.81,51.75,5.25
2025-12-30 08:00:00,1.1083679,-6.777664,272.55908,102945.414,51.75,5.25
2025-12-30 09:00:00,1.188797,-6.316559,273.55035,103006.32,51.75,5.25
2025-12-30 10:00:00,1.3995667,-5.881836,275.3883,103036.21,51.75,5.25
2025-12-30 11:00:00,1.4940643,-5.4405975,276.98694,103028.02,51.75,5.25
2025-12-30 12:00:00,1.8682556,-5.162018,278.2562,102992.34,51.75,5.25
2025-12-30 13:00:00,1.9078369,-5.231781,278.7467,102994.45,51.75,5.25
2025-12-30 14:00:00,1.5180664,-5.9258423,278.72485,102974.83,51.75,5.25
2025-12-30 15:00:00,1.8353882,-5.7985077,277.75485,102996.45,51.75,5.25
2025-12-30 16:00:00,2.2528381,-6.103607,275.9262,103008.02,51.75,5.25
2025-12-30 17:00:00,2.4076538,-6.2361298,274.66125,103026.34,51.75,5.25
2025-12-30 18:00:00,2.444458,-6.3192596,274.42725,103010.3,51.75,5.25
2025-12-30 19:00:00,2.3349152,-6.326065,273.69608,103010.89,51.75,5.25
2025-12-30 20:00:00,2.2909546,-6.0100555,272.87576,103017.69,51.75,5.25
2025-12-30 21:00:00,2.6039734,-5.4152527,272.2997,102998.28,51.75,5.25
2025-12-30 22:00:00,2.7408295,-5.216446,271.91653,103000.56,51.75,5.25
2025-12-30 23:00:00,3.4446564,-4.3606873,271.68146,102973.734,51.75,5.25
2025-12-31 00:00:00,4.3958893,-3.6427155,271.70322,102913.305,51.75,5.25
2025-12-31 01:00:00,4.917694,-3.4375153,271.44934,102900.016,51.75,5.25
2025-12-31 02:00:00,5.09877,-3.2900848,271.83875,102846.53,51.75,5.25
2025-12-31 03:00:00,5.3247375,-3.1674957,271.79498,102806.84,51.75,5.25
2025-12-31 04:00:00,5.396942,-3.063797,271.97177,102735.234,51.75,5.25
2025-12-31 05:00:00,4.9352875,-2.9278717,271.96387,102700.58,51.75,5.25
2025-12-31 06:00:00,5.0624084,-2.3643188,271.9799,102673.734,51.75,5.25
2025-12-31 07:00:00,5.540573,-1.8380585,272.3734,102639.64,51.75,5.25
2025-12-31 08:00:00,5.977051,-1.2875214,272.64594,102640.375,51.75,5.25
2025-12-31 09:00:00,6.256653,-0.8209686,274.21277,102590.18,51.75,5.25
2025-12-31 10:00:00,6.0207367,-0.8452759,275.28976,102558.23,51.75,5.25
2025-12-31 11:00:00,6.4267273,-0.20620728,276.50165,102512.875,51.75,5.25
2025-12-31 12:00:00,6.974594,-0.04978943,277.75934,102405.19,51.75,5.25
2025-12-31 13:00:00,7.3253174,-0.6481018,278.20605,102349.336,51.75,5.25
2025-12-31 14:00:00,7.5623627,-1.1485138,278.114,102276.586,51.75,5.25
2025-12-31 15:00:00,7.702133,-1.2193909,277.46603,102244.016,51.75,5.25
2025-12-31 16:00:00,7.7432556,-0.90882874,276.7771,102175.414,51.75,5.25
2025-12-31 17:00:00,7.7829285,0.11805725,276.49466,102146.96,51.75,5.25
2025-12-31 18:00:00,7.926056,0.87228394,276.1452,102092.805,51.75,5.25
2025-12-31 19:00:00,7.751648,1.8530884,275.70355,102048.05,51.75,5.25
2025-12-31 20:00:00,7.5990906,3.2053833,275.11243,101968.516,51.75,5.25
2025-12-31 21:00:00,7.4601135,4.0851746,275.09982,101886.29,51.75,5.25
2025-12-31 22:00:00,7.5111237,3.9520416,275.92834,101772.75,51.75,5.25
2025-12-31 23:00:00,7.8888702,4.353943,276.1799,101666.055,51.75,5.25
2026-01-01 00:00:00,8.327042,4.5586853,276.64603,101542.875,51.75,5.25
2026-01-01 01:00:00,9.007248,4.4476624,277.03156,101429.58,51.75,5.25
2026-01-01 02:00:00,9.689728,4.0839996,277.15308,101360.89,51.75,5.25
2026-01-01 03:00:00,9.621399,4.6833344,276.91724,101207.44,51.75,5.25
2026-01-01 04:00:00,9.719009,5.5224457,276.56235,101080.16,51.75,5.25
2026-01-01 05:00:00,10.284073,5.756027,276.46872,100945.766,51.75,5.25
2026-01-01 06:00:00,10.680191,5.7610626,276.57495,100815.266,51.75,5.25
2026-01-01 07:00:00,11.1501465,5.659012,276.51227,100710.9,51.75,5.25
2026-01-01 08:00:00,11.626541,5.752182,276.6582,100628.305,51.75,5.25
2026-01-01 09:00:00,11.979126,6.106369,276.77066,100541.35,51.75,5.25
2026-01-01 10:00:00,10.442566,5.0240173,276.95056,100473.3,51.75,5.25
2026-01-01 11:00:00,11.505417,4.072281,276.8462,100405.55,51.75,5.25
2026-01-01 12:00:00,10.581451,3.7684631,276.92398,100320.8,51.75,5.25
2026-01-01 13:00:00,10.670517,3.1999207,277.4555,100208.79,51.75,5.25
2026-01-01 14:00:00,11.058487,1.8743896,277.46802,100124.734,51.75,5.25
2026-01-01 15:00:00,11.730759,0.51049805,277.71906,100077.25,51.75,5.25
2026-01-01 16:00:00,11.392807,0.37156677,277.2912,100030.06,51.75,5.25
2026-01-01 17:00:00,11.193222,0.50224304,277.33353,100002.32,51.75,5.25
2026-01-01 18:00:00,10.975647,0.44577026,277.1859,99978.8,51.75,5.25
2026-01-01 19:00:00,10.958252,0.094940186,277.14404,99950.4,51.75,5.25
2026-01-01 20:00:00,10.9691925,-0.7660675,276.85886,99908.94,51.75,5.25
2026-01-01 21:00:00,10.618423,-0.9675751,276.51578,99898.125,51.75,5.25
2026-01-01 22:00:00,10.582275,-1.9904785,276.2217,99834.01,51.75,5.25
2026-01-01 23:00:00,10.5612335,-1.9886627,275.99814,99826.06,51.75,5.25
